1520616724.357818365 0.0 0.0 0.0 0.0 0.0 0.0 1.0
1520616724.407773018 0.000000 0.000000 0.000000 0.000000 0.000000 0.000000 1.000000
1520616724.457774878 0.000000 0.000000 0.000000 0.000000 0.000000 0.000000 1.000000
1520616724.507776022 0.000000 0.000000 0.000000 0.000000 0.000000 0.000000 1.000000
1520616724.557777882 0.000000 0.000000 0.000000 0.000000 0.000000 0.000000 1.000000
1520616724.607778788 0.000000 0.000000 0.000000 0.000000 0.000000 0.000000 1.000000
1520616724.657780886 0.000000 0.000000 0.000000 0.000000 0.000000 0.000000 1.000000
1520616724.707781792 0.000000 0.000000 0.000000 0.000000 0.000000 0.000000 1.000000
1520616724.757783890 0.000000 0.000000 0.000000 0.000000 0.000000 0.000000 1.000000
1520616724.807788849 0.000000 0.000000 0.000000 0.000000 0.000000 0.000000 1.000000
1520616724.857789755 0.000000 0.000000 0.000000 0.000000 0.000000 0.000000 1.000000
1520616724.907791853 0.000000 0.000000 0.000000 0.000000 0.000000 0.000000 1.000000
1520616724.957894802 0.000000 0.000000 0.000000 0.000000 0.000000 0.000000 1.000000
1520616725.007794619 0.000000 0.000000 0.000000 0.000000 0.000000 0.000000 1.000000
1520616725.057795763 0.000000 0.000000 0.000000 0.000000 0.000000 0.000000 1.000000
1520616725.107797861 0.000000 0.000000 0.000000 0.000000 0.000000 0.000000 1.000000
1520616725.157799006 0.000000 0.000000 0.000000 0.000000 0.000000 0.000000 1.000000
1520616725.207800865 0.000000 0.000000 0.000000 0.000000 0.000000 0.000000 1.000000
1520616725.257856369 0.000000 0.000000 0.000000 0.000000 0.000000 0.000000 1.000000
1520616725.307858467 0.000000 0.000000 0.000000 0.000000 0.000000 0.000000 1.000000
1520616725.357859373 0.000000 0.000000 0.000000 0.000000 0.000000 0.000000 1.000000
1520616725.407861233 0.000000 0.000000 0.000000 0.000000 0.000000 0.000000 1.000000
1520616725.457863331 0.000000 0.000000 0.000000 0.000000 0.000000 0.000000 1.000000
1520616725.507864237 0.000000 0.000000 0.000000 0.000000 0.000000 0.000000 1.000000
1520616725.557866335 0.000000 0.000000 0.000000 0.000000 0.000000 0.000000 1.000000
1520616725.607868433 0.000000 0.000000 0.000000 0.000000 0.000000 0.000000 1.000000
1520616725.657862425 0.000000 0.000000 0.000000 0.000000 0.000000 0.000000 1.000000
1520616725.707863331 0.000000 0.000000 0.000000 0.000000 0.000000 0.000000 1.000000
1520616725.757865429 0.000000 0.000000 0.000000 0.000000 0.000000 0.000000 1.000000
1520616725.807866335 0.000000 0.000000 0.000000 0.000000 0.000000 0.000000 1.000000
1520616725.857868195 0.000000 0.000000 0.000000 0.000000 0.000000 0.000000 1.000000
1520616725.907871485 0.000000 0.000000 0.000000 0.000000 0.000000 0.000000 1.000000
1520616725.957871437 0.000000 0.000000 0.000000 0.000000 0.000000 0.000000 1.000000
1520616726.007873297 0.000000 0.000000 0.000000 0.000000 0.000000 0.000000 1.000000
1520616726.057950258 0.000000 0.000000 0.000000 0.000000 0.000000 0.000000 1.000000
1520616726.107951164 0.000000 0.000000 0.000000 0.000000 0.000000 0.000000 1.000000
1520616726.157953262 0.000000 0.000000 0.000000 0.000000 0.000000 0.000000 1.000000
1520616726.207954168 0.000000 0.000000 0.000000 0.000000 0.000000 0.000000 1.000000
1520616726.257956028 0.000000 0.000000 0.000000 0.000000 0.000000 0.000000 1.000000
1520616726.307958364 0.000000 0.000000 0.000000 0.000000 0.000000 0.000000 1.000000
1520616726.357959270 0.000000 0.000000 0.000000 0.000000 0.000000 0.000000 1.000000
1520616726.407961130 0.000000 0.000000 0.000000 0.000000 0.000000 0.000000 1.000000
1520616726.457912922 0.000000 0.000000 0.000000 0.000000 0.000000 0.000000 1.000000
1520616726.507915020 0.000000 0.000000 0.000000 0.000000 0.000000 0.000000 1.000000
1520616726.557915926 0.000000 0.000000 0.000000 0.000000 0.000000 0.000000 1.000000
1520616726.607916832 0.000000 0.000000 0.000000 0.000000 0.000000 0.000000 1.000000
1520616726.657918930 0.000000 0.000000 0.000000 0.000000 0.000000 0.000000 1.000000
1520616726.707920790 0.000000 0.000000 0.000000 0.000000 0.000000 0.000000 1.000000
1520616726.757921934 0.000000 0.000000 0.000000 0.000000 0.000000 0.000000 1.000000
1520616726.807924032 0.000000 0.000000 0.000000 0.000000 0.000000 0.000000 1.000000
1520616726.857948065 0.000000 0.000000 0.000000 0.000000 0.000000 0.000000 1.000000
1520616726.907950163 0.000000 0.000000 0.000000 0.000000 0.000000 0.000000 1.000000
1520616726.957951307 0.000000 0.000000 0.000000 0.000000 0.000000 0.000000 1.000000
1520616727.007953167 0.000000 0.000000 0.000000 0.000000 0.000000 0.000000 1.000000
1520616727.057955027 0.000000 0.000000 0.000000 0.000000 0.000000 0.000000 1.000000
1520616727.107956171 0.000000 0.000000 0.000000 0.000000 0.000000 0.000000 1.000000
1520616727.157958031 0.000000 0.000000 0.000000 0.000000 0.000000 0.000000 1.000000
1520616727.207958937 0.000000 0.000000 0.000000 0.000000 0.000000 0.000000 1.000000
1520616727.257899046 0.000000 0.000000 0.000000 0.000000 0.000000 0.000000 1.000000
1520616727.307899952 0.000000 0.000000 0.000000 0.000000 0.000000 0.000000 1.000000
1520616727.357901812 0.000000 0.000000 0.000000 0.000000 0.000000 0.000000 1.000000
1520616727.407903910 0.000000 0.000000 0.000000 0.000000 0.000000 0.000000 1.000000
1520616727.457904816 0.000000 0.000000 0.000000 0.000000 0.000000 0.000000 1.000000
1520616727.507906914 0.000000 0.000000 0.000000 0.000000 0.000000 0.000000 1.000000
1520616727.557909012 0.000000 0.000000 0.000000 0.000000 0.000000 0.000000 1.000000
1520616727.607909918 0.000000 0.000000 0.000000 0.000000 0.000000 0.000000 1.000000
1520616727.657911777 0.000000 0.000000 0.000000 0.000000 0.000000 0.000000 1.000000
1520616727.707913160 0.000000 0.000000 0.000000 0.000000 0.000000 0.000000 1.000000
1520616727.757913351 0.000000 0.000000 0.000000 0.000000 0.000000 0.000000 1.000000
1520616727.807916403 0.000000 0.000000 0.000000 0.000000 0.000000 0.000000 1.000000
1520616727.857917070 0.000000 0.000000 0.000000 0.000000 0.000000 0.000000 1.000000
1520616727.907918453 0.000000 0.000000 0.000000 0.000000 0.000000 0.000000 1.000000
1520616727.957920313 0.000000 0.000000 0.000000 0.000000 0.000000 0.000000 1.000000
1520616728.007921219 0.000000 0.000000 0.000000 0.000000 0.000000 0.000000 1.000000
1520616728.057923317 0.000000 0.000000 0.000000 0.000000 0.000000 0.000000 1.000000
1520616728.107905865 0.000000 0.000000 0.000000 0.000000 0.000000 0.000000 1.000000
1520616728.157907724 0.000000 0.000000 0.000000 0.000000 0.000000 0.000000 1.000000
1520616728.207920551 0.000000 0.000000 0.000000 0.000000 0.000000 0.000000 1.000000
1520616728.257910728 0.000000 0.000000 0.000000 0.000000 0.000000 0.000000 1.000000
1520616728.307912588 0.000000 0.000000 0.000000 0.000000 0.000000 0.000000 1.000000
1520616728.357913494 0.000000 0.000000 0.000000 0.000000 0.000000 0.000000 1.000000
1520616728.407915831 0.000000 0.000000 0.000000 0.000000 0.000000 0.000000 1.000000
1520616728.457916737 0.000000 0.000000 0.000000 0.000000 0.000000 0.000000 1.000000
1520616728.507941723 0.000000 0.000000 0.000000 0.000000 0.000000 0.000000 1.000000
1520616728.557942867 0.000000 0.000000 0.000000 0.000000 0.000000 0.000000 1.000000
1520616728.607944727 0.000000 0.000000 0.000000 0.000000 0.000000 0.000000 1.000000
1520616728.657946587 0.000000 0.000000 0.000000 0.000000 0.000000 0.000000 1.000000
1520616728.707947731 0.000000 0.000000 0.000000 0.000000 0.000000 0.000000 1.000000
1520616728.757949591 0.000000 0.000000 0.000000 0.000000 0.000000 0.000000 1.000000
1520616728.807950497 0.000000 0.000000 0.000000 0.000000 0.000000 0.000000 1.000000
1520616728.857952833 0.000000 0.000000 0.000000 0.000000 0.000000 0.000000 1.000000
1520616728.907965422 0.000000 0.000000 0.000000 0.000000 0.000000 0.000000 1.000000
1520616728.957967281 0.000000 0.000000 0.000000 0.000000 0.000000 0.000000 1.000000
1520616729.007968426 0.000000 0.000000 0.000000 0.000000 0.000000 0.000000 1.000000
1520616729.057970524 0.000000 0.000000 0.000000 0.000000 0.000000 0.000000 1.000000
1520616729.107972622 0.000000 0.000000 0.000000 0.000000 0.000000 0.000000 1.000000
1520616729.157973528 0.000000 0.000000 0.000000 0.000000 0.000000 0.000000 1.000000
1520616729.207975388 0.000000 0.000000 0.000000 0.000000 0.000000 0.000000 1.000000
1520616729.257977486 0.000000 0.000000 0.000000 0.000000 0.000000 0.000000 1.000000
1520616729.307996511 0.000000 0.000000 0.000000 0.000000 0.000000 0.000000 1.000000
1520616729.357998610 0.000000 0.000000 0.000000 0.000000 0.000000 0.000000 1.000000
1520616729.408000469 0.000000 0.000000 0.000000 0.000000 0.000000 0.000000 1.000000
1520616729.458001375 0.000000 0.000000 0.000000 0.000000 0.000000 0.000000 1.000000
1520616729.508002520 0.000000 0.000000 0.000000 0.000000 0.000000 0.000000 1.000000
1520616729.558004379 0.000000 0.000000 0.000000 0.000000 0.000000 0.000000 1.000000
1520616729.608006477 0.000000 0.000000 0.000000 0.000000 0.000000 0.000000 1.000000
1520616729.658007622 0.000000 0.000000 0.000000 0.000000 0.000000 0.000000 1.000000
1520616729.708018541 0.000000 0.000000 0.000000 0.000000 0.000000 0.000000 1.000000
1520616729.758019209 0.000000 0.000000 0.000000 0.000000 0.000000 0.000000 1.000000
1520616729.808020592 0.000000 0.000000 0.000000 0.000000 0.000000 0.000000 1.000000
1520616729.858068466 0.000000 0.000000 0.000000 0.000000 0.000000 0.000000 1.000000
1520616729.908024311 0.000000 0.000000 0.000000 0.000000 0.000000 0.000000 1.000000
1520616729.958025455 0.000000 0.000000 0.000000 0.000000 0.000000 0.000000 1.000000
1520616730.008027315 0.000000 0.000000 0.000000 0.000000 0.000000 0.000000 1.000000
1520616730.058028221 0.000000 0.000000 0.000000 0.000000 0.000000 0.000000 1.000000
1520616730.108030558 0.000000 0.000000 0.000000 0.000000 0.000000 0.000000 1.000000
1520616730.158037663 0.000000 0.000000 0.000000 0.000000 0.000000 0.000000 1.000000
1520616730.208039761 0.000000 0.000000 0.000000 0.000000 0.000000 0.000000 1.000000
1520616730.258041859 0.000000 0.000000 0.000000 0.000000 0.000000 0.000000 1.000000
1520616730.308042765 0.000000 0.000000 0.000000 0.000000 0.000000 0.000000 1.000000
1520616730.358044624 0.000000 0.000000 0.000000 0.000000 0.000000 0.000000 1.000000
1520616730.408045769 0.000000 0.000000 0.000000 0.000000 0.000000 0.000000 1.000000
1520616730.458047628 0.000000 0.000000 0.000000 0.000000 0.000000 0.000000 1.000000
1520616730.508049726 0.000000 0.000000 0.000000 0.000000 0.000000 0.000000 1.000000
1520616730.558050871 0.000000 0.000000 0.000000 0.000000 0.000000 0.000000 1.000000
1520616730.608051777 0.000000 0.000000 0.000000 0.000000 0.000000 0.000000 1.000000
1520616730.658053637 0.000000 0.000000 0.000000 0.000000 0.000000 0.000000 1.000000
1520616730.708055735 0.000000 0.000000 0.000000 0.000000 0.000000 0.000000 1.000000
1520616730.758056641 0.000000 0.000000 0.000000 0.000000 0.000000 0.000000 1.000000
1520616730.808058739 0.000000 0.000000 0.000000 0.000000 0.000000 0.000000 1.000000
1520616730.858060837 0.000000 0.000000 0.000000 0.000000 0.000000 0.000000 1.000000
1520616730.908062696 0.000000 0.000000 0.000000 0.000000 0.000000 0.000000 1.000000
1520616730.958051682 0.000000 0.000000 0.000000 0.000000 0.000000 0.000000 1.000000
1520616731.008053780 0.000000 0.000000 0.000000 0.000000 0.000000 0.000000 1.000000
1520616731.058054686 0.000000 0.000000 0.000000 0.000000 0.000000 0.000000 1.000000
1520616731.108055592 0.000000 0.000000 0.000000 0.000000 0.000000 0.000000 1.000000
1520616731.158057690 0.000000 0.000000 0.000000 0.000000 0.000000 0.000000 1.000000
1520616731.208058596 0.000000 0.000000 0.000000 0.000000 0.000000 0.000000 1.000000
1520616731.258060694 0.000000 0.000000 0.000000 0.000000 0.000000 0.000000 1.000000
1520616731.308061600 0.000000 0.000000 0.000000 0.000000 0.000000 0.000000 1.000000
1520616731.358057022 0.000000 0.000000 0.000000 0.000000 0.000000 0.000000 1.000000
1520616731.408058882 0.648316 0.717278 -0.255340 -0.014144 0.015961 -0.004337 0.999763
1520616731.458060026 0.785151 0.813856 -0.307378 -0.020441 0.017491 -0.006550 0.999617
1520616731.508141756 0.941971 0.897956 -0.368125 -0.030242 0.020581 -0.011306 0.999267
1520616731.558062792 1.111783 0.956771 -0.433485 -0.042107 0.026473 -0.019503 0.998572
1520616731.608065128 1.277376 0.964190 -0.497957 -0.053870 0.035220 -0.029669 0.997486
1520616731.658066034 1.441786 0.949863 -0.549483 -0.059409 0.045547 -0.039255 0.996421
1520616731.708067894 1.595834 0.896632 -0.574162 -0.057553 0.054905 -0.046473 0.995748
1520616731.757885695 1.729671 0.808361 -0.567668 -0.048774 0.063915 -0.051639 0.995424
1520616731.807887793 1.843172 0.721838 -0.544370 -0.034892 0.072130 -0.053478 0.995349
1520616731.857889891 1.927770 0.610958 -0.531199 -0.021869 0.081355 -0.054579 0.994949
1520616731.907890797 2.000080 0.495966 -0.522149 -0.010842 0.090855 -0.055576 0.994253
1520616731.957892895 2.040018 0.380577 -0.527830 -0.003301 0.101766 -0.056655 0.993188
1520616732.007893801 2.070349 0.253058 -0.540116 0.000668 0.112060 -0.056923 0.992070
1520616732.057895660 2.061685 0.170282 -0.541856 0.004588 0.120312 -0.052929 0.991313
1520616732.107896805 2.032135 0.072393 -0.529260 0.009399 0.124856 -0.047332 0.991001
1520616732.157942772 1.986172 -0.018823 -0.504803 0.019116 0.126495 -0.042700 0.990863
1520616732.207943678 1.930127 -0.106981 -0.466403 0.031833 0.126529 -0.039279 0.990674
1520616732.257945538 1.841103 -0.172343 -0.432657 0.043826 0.126245 -0.035873 0.990381
1520616732.307947874 1.737442 -0.232614 -0.396148 0.052254 0.125195 -0.031894 0.990242
1520616732.357948780 1.594691 -0.289018 -0.351579 0.057297 0.123720 -0.027945 0.990267
1520616732.407950640 1.440394 -0.354668 -0.306985 0.060315 0.120380 -0.026126 0.990549
1520616732.457952738 1.264921 -0.403295 -0.256068 0.063928 0.116895 -0.027172 0.990712
1520616732.507953644 1.063734 -0.450456 -0.206004 0.066852 0.112039 -0.028585 0.991040
1520616732.557955742 0.836770 -0.469278 -0.152048 0.068368 0.108398 -0.028747 0.991337
1520616732.608239174 0.645105 -0.542272 -0.108144 0.064262 0.104377 -0.028178 0.992059
1520616732.658241034 0.406634 -0.517082 -0.035586 0.063326 0.101474 -0.024544 0.992517
1520616732.708242178 0.140176 -0.512817 0.025374 0.060844 0.099541 -0.019874 0.992973
1520616732.758244038 -0.134999 -0.520141 0.089319 0.058170 0.096084 -0.014949 0.993560
1520616732.808248043 -0.417399 -0.522847 0.151348 0.056518 0.092361 -0.011683 0.994052
1520616732.858247280 -0.703820 -0.529507 0.215752 0.056341 0.088926 -0.009412 0.994399
1520616732.908249140 -0.988710 -0.535452 0.280122 0.058509 0.085058 -0.006087 0.994638
1520616732.958250046 -1.270227 -0.562847 0.342375 0.063640 0.081724 -0.001618 0.994620
1520616733.008350372 -1.551872 -0.598176 0.394740 0.071456 0.076530 0.003201 0.994498
1520616733.058351278 -1.825186 -0.632902 0.448398 0.079215 0.069248 0.005713 0.994433
1520616733.108353376 -2.098042 -0.657826 0.494449 0.084246 0.060436 0.007006 0.994586
1520616733.158354521 -2.359192 -0.662555 0.546180 0.086085 0.052179 0.004620 0.994910
1520616733.208356380 -2.629609 -0.618751 0.593463 0.084147 0.042485 -0.002234 0.995545
1520616733.258357286 -2.910218 -0.577626 0.629695 0.078948 0.031141 -0.006910 0.996368
1520616733.308359385 -3.189589 -0.563288 0.661265 0.072474 0.020070 -0.007695 0.997139
1520616733.358360291 -3.466921 -0.574853 0.700191 0.067067 0.010810 -0.004256 0.997681
1520616733.408395529 -3.744788 -0.614157 0.750055 0.063440 0.003317 0.001126 0.997979
1520616733.458397388 -4.018182 -0.689292 0.807756 0.063149 -0.002294 0.008296 0.997967
1520616733.508398533 -4.292346 -0.772522 0.849718 0.066953 -0.008993 0.014118 0.997616
1520616733.558400631 -4.569729 -0.853572 0.870505 0.074252 -0.016066 0.017593 0.996955
1520616733.608401775 -4.840487 -0.907589 0.858400 0.084391 -0.024550 0.019043 0.995948
1520616733.658403635 -5.109647 -0.930359 0.798234 0.093581 -0.035976 0.019591 0.994769
1520616733.708404541 -5.362774 -0.903619 0.694300 0.099494 -0.049356 0.019541 0.993621
1520616733.758406639 -5.604469 -0.859557 0.564051 0.101577 -0.062779 0.018824 0.992666
1520616733.808284521 -5.829012 -0.853377 0.420820 0.099540 -0.073803 0.018277 0.992124
1520616733.858286381 -5.995872 -0.822026 0.276184 0.099362 -0.083781 0.020824 0.991299
1520616733.908288240 -6.161568 -0.807576 0.156984 0.099571 -0.091274 0.024084 0.990543
1520616733.958289385 -6.271364 -0.805012 0.009486 0.098712 -0.099330 0.028055 0.989749
1520616734.008291245 -6.367055 -0.768314 -0.111270 0.098551 -0.104848 0.032648 0.989054
1520616734.058292389 -6.426683 -0.731530 -0.202530 0.093808 -0.108173 0.037804 0.988974
1520616734.108294487 -6.453794 -0.672264 -0.243555 0.083853 -0.107498 0.044215 0.989676
1520616734.158296347 -6.458458 -0.591992 -0.249651 0.068341 -0.103679 0.050632 0.990967
1520616734.208430290 -6.421885 -0.445693 -0.240263 0.051465 -0.097352 0.054833 0.992405
1520616734.258431435 -6.378406 -0.305255 -0.177919 0.032206 -0.088075 0.054343 0.994109
1520616734.308432341 -6.281258 -0.123073 -0.182108 0.017212 -0.083928 0.053591 0.994881
1520616734.358434677 -6.193973 0.061673 -0.177796 0.006073 -0.079347 0.052046 0.995469
1520616734.408436537 -6.047973 0.196718 -0.177219 -0.002141 -0.075504 0.052945 0.995737
1520616734.458437443 -5.890145 0.317280 -0.159449 -0.008395 -0.070721 0.053723 0.996013
1520616734.508438587 -5.710120 0.464295 -0.121810 -0.014019 -0.064740 0.051177 0.996490
1520616734.558440447 -5.529422 0.637701 -0.083856 -0.017921 -0.060087 0.046770 0.996936
1520616734.608036041 -5.237804 0.849378 -0.082858 -0.019928 -0.059913 0.041005 0.997162
1520616734.658036947 -4.985778 0.977058 -0.039284 -0.024324 -0.054789 0.029138 0.997776
1520616734.708039284 -4.722099 1.053594 0.012792 -0.024536 -0.049705 0.020205 0.998258
1520616734.758039951 -4.450012 1.084711 0.128665 -0.023428 -0.040326 0.012912 0.998828
1520616734.808042049 -4.160482 1.110546 0.252211 -0.021100 -0.028502 0.006796 0.999348
1520616734.858043194 -3.848214 1.124566 0.374482 -0.018351 -0.015957 -0.001373 0.999703
1520616734.908045053 -3.526703 1.098362 0.485466 -0.014857 -0.003956 -0.007949 0.999850
1520616734.958045959 -3.231045 1.003231 0.579286 -0.008491 0.005277 -0.009615 0.999904
1520616735.008048058 -2.947291 0.864026 0.676686 0.004762 0.014295 -0.007951 0.999855
1520616735.057911396 -2.679997 0.684588 0.790533 0.022188 0.024635 -0.002135 0.999448
1520616735.107912540 -2.423775 0.483708 0.864312 0.040512 0.034743 0.006530 0.998553
1520616735.157914400 -2.158581 0.305054 0.917747 0.057875 0.044125 0.013669 0.997255
1520616735.207915306 -1.892870 0.120300 0.947146 0.073169 0.055695 0.017194 0.995615
1520616735.257917404 -1.622935 -0.072186 0.970673 0.084964 0.068889 0.020248 0.993793
1520616735.307918310 -1.335281 -0.253966 0.963002 0.092286 0.080011 0.026022 0.992172
1520616735.357920170 -1.011489 -0.442500 0.958007 0.096847 0.094154 0.033268 0.990277
1520616735.407921314 -0.684004 -0.550394 0.950245 0.105738 0.112147 0.036553 0.987373
1520616735.458164930 -0.275270 -0.645211 0.996865 0.117871 0.126851 0.041278 0.984028
1520616735.508167028 0.088147 -0.742356 1.005148 0.132311 0.144191 0.048195 0.979479
1520616735.558168173 0.444190 -0.764335 0.985218 0.151185 0.159501 0.052734 0.974126
1520616735.608170033 0.790895 -0.777818 0.948992 0.166279 0.174897 0.057563 0.968736
1520616735.658170938 1.125201 -0.748609 0.885416 0.173334 0.192366 0.060156 0.964019
1520616735.708173037 1.462527 -0.675899 0.810171 0.174152 0.209993 0.056768 0.960391
1520616735.758174896 1.787835 -0.587860 0.715466 0.171644 0.227121 0.048865 0.957375
1520616735.808175802 2.102376 -0.461956 0.596323 0.166736 0.245117 0.040976 0.954169
1520616735.858806133 2.446545 -0.329742 0.452280 0.157617 0.262290 0.034728 0.951396
1520616735.908808231 2.770160 -0.178360 0.303756 0.144773 0.277461 0.030624 0.949273
1520616735.958809137 3.059258 -0.001146 0.159591 0.129879 0.287821 0.025914 0.948482
1520616736.008810997 3.328812 0.159596 0.025041 0.112842 0.293370 0.015989 0.949181
1520616736.058812141 3.590475 0.342564 -0.126623 0.093035 0.298853 0.004445 0.949743
1520616736.108814001 3.815757 0.541779 -0.320273 0.069900 0.307604 -0.005935 0.948925
1520616736.158814907 4.036846 0.743265 -0.529931 0.050295 0.316601 -0.015190 0.947103
1520616736.208817244 4.220207 0.925894 -0.729754 0.038132 0.324816 -0.022432 0.944742
1520616736.258398294 4.357123 1.091642 -0.935229 0.033823 0.335767 -0.029006 0.940891
1520616736.308400154 4.460145 1.199807 -1.177200 0.029887 0.350477 -0.035426 0.935424
1520616736.358401060 4.526856 1.312864 -1.434565 0.024339 0.367003 -0.041704 0.928966
1520616736.408424139 4.549592 1.403425 -1.728645 0.015088 0.386033 -0.049145 0.921051
1520616736.458404064 4.523630 1.446969 -2.041976 0.003683 0.406592 -0.058926 0.911700
1520616736.508405924 4.485075 1.435342 -2.356102 -0.008080 0.427179 -0.070553 0.901374
1520616736.558407068 4.399691 1.419788 -2.634615 -0.017156 0.446667 -0.080790 0.890880
1520616736.608409166 4.320802 1.397368 -2.852169 -0.021225 0.462112 -0.087586 0.882230
1520616736.658056974 4.294492 1.367918 -2.959086 -0.020481 0.465382 -0.092509 0.880024
1520616736.708058119 4.274156 1.444442 -2.916114 -0.014362 0.456756 -0.095435 0.884341
1520616736.758059978 4.344985 1.426275 -2.727699 -0.018443 0.427995 -0.096503 0.898425
1520616736.808060884 4.439504 1.447115 -2.424125 -0.028266 0.384638 -0.095279 0.917702
1520616736.858063221 4.529149 1.525384 -2.025502 -0.039164 0.331551 -0.089714 0.938345
1520616736.908063889 4.549784 1.663945 -1.545439 -0.046997 0.274197 -0.077757 0.957372
1520616736.958065987 4.611683 1.795784 -1.026556 -0.047186 0.214259 -0.062426 0.973637
1520616737.008067131 4.629204 1.911951 -0.517481 -0.035287 0.161028 -0.051874 0.984954
1520616737.058068991 4.643005 1.915658 -0.027590 -0.018702 0.112919 -0.051158 0.992110
1520616737.107939482 4.630406 1.884064 0.412858 -0.001835 0.071204 -0.052683 0.996068
1520616737.157940388 4.590951 1.836690 0.826655 0.013502 0.031744 -0.054811 0.997901
1520616737.207942724 4.520495 1.782439 1.232491 0.028372 -0.007585 -0.056596 0.997965
1520616737.257943630 4.410237 1.743620 1.615950 0.044874 -0.044460 -0.055266 0.996471
1520616737.307945490 4.267800 1.742823 1.966461 0.062682 -0.077014 -0.048058 0.993897
1520616737.357947588 4.157403 1.761599 2.186609 0.082057 -0.093235 -0.037523 0.991547
1520616737.407948494 4.093566 1.805612 2.275576 0.102923 -0.092616 -0.023334 0.990093
1520616737.457950354 4.086827 1.854334 2.252828 0.124833 -0.077245 -0.009173 0.989124
1520616737.508017063 4.142227 1.828316 2.183270 0.147508 -0.056411 -0.004235 0.987442
1520616737.558018208 4.210284 1.781430 2.098420 0.172754 -0.032974 -0.001500 0.984412
1520616737.608020306 4.301747 1.712620 1.969739 0.197055 -0.006666 -0.003446 0.980364
1520616737.658022165 4.434662 1.604226 1.768940 0.213099 0.022518 -0.014718 0.976660
1520616737.708023310 4.567537 1.531201 1.480618 0.219907 0.056275 -0.027649 0.973504
1520616737.758024216 4.685026 1.469443 1.152275 0.217039 0.089392 -0.042845 0.971117
1520616737.808026075 4.775753 1.418332 0.813214 0.209189 0.121146 -0.057808 0.968619
1520616737.858027220 4.818413 1.418254 0.541238 0.201343 0.147083 -0.065325 0.966209
1520616737.908360243 4.858858 1.356942 0.304757 0.189852 0.166108 -0.077565 0.964545
1520616737.958361149 4.864019 1.367665 0.182106 0.187117 0.179098 -0.078878 0.962647
1520616738.008363247 4.863888 1.380927 0.217632 0.193937 0.179389 -0.075877 0.961484
1520616738.058416128 4.871532 1.329353 0.402613 0.206224 0.164994 -0.075216 0.961557
1520616738.108366013 4.848983 1.266486 0.765369 0.221390 0.133216 -0.070842 0.963443
1520616738.158367157 4.740481 1.250331 1.306930 0.232451 0.082445 -0.057559 0.967397
1520616738.208369255 4.539460 1.272707 1.888598 0.235865 0.023729 -0.040486 0.970652
1520616738.258371115 4.278567 1.303711 2.416645 0.230406 -0.035545 -0.026232 0.972091
1520616738.308404922 3.945427 1.384303 2.901130 0.218430 -0.095756 -0.010132 0.971090
1520616738.358407021 3.574093 1.463919 3.324588 0.207666 -0.152543 0.005152 0.966219
1520616738.408407927 3.178893 1.527998 3.689201 0.199868 -0.205497 0.019681 0.957829
1520616738.458410025 2.748969 1.562552 4.016243 0.197745 -0.255642 0.034677 0.945696
1520616738.508410931 2.313082 1.575119 4.289278 0.201740 -0.299724 0.051195 0.931045
1520616738.558412790 1.917733 1.585602 4.486596 0.208261 -0.334155 0.069286 0.916606
1520616738.608413935 1.678241 1.569313 4.597774 0.215998 -0.352551 0.081214 0.906894
1520616738.658415794 1.627498 1.540538 4.630015 0.223102 -0.354193 0.085601 0.904127
1520616738.708337307 1.724044 1.510467 4.609137 0.224429 -0.346672 0.080748 0.907155
1520616738.758338451 1.963746 1.438273 4.543403 0.231538 -0.325302 0.070161 0.914137
1520616738.808340549 2.288977 1.325316 4.433396 0.243502 -0.293673 0.055880 0.922681
1520616738.858341455 2.620223 1.152218 4.306126 0.260030 -0.261464 0.037732 0.928761
1520616738.908343554 2.907045 0.952688 4.178374 0.279031 -0.232654 0.019457 0.931469
1520616738.958344460 3.107792 0.764030 4.082561 0.295170 -0.213040 0.003162 0.931385
1520616739.008346319 3.244159 0.614155 4.011102 0.308175 -0.199142 -0.008933 0.930210
1520616739.058348656 3.316286 0.499547 3.978055 0.317667 -0.192141 -0.017381 0.928368
1520616739.108448744 3.392667 0.438093 3.925508 0.314203 -0.187394 -0.028452 0.930242
1520616739.158450603 3.425139 0.421950 3.907719 0.311136 -0.185472 -0.033179 0.931501
1520616739.208452940 3.386987 0.481194 3.943921 0.308767 -0.188219 -0.026825 0.931942
1520616739.258454800 3.242658 0.576472 4.059298 0.309559 -0.199585 -0.010403 0.929640
1520616739.308455706 2.941867 0.686308 4.272349 0.315224 -0.223617 0.017783 0.922124
1520616739.358456850 2.529897 0.737944 4.526159 0.324225 -0.257228 0.047630 0.909089
1520616739.408457756 2.093391 0.686135 4.756144 0.332822 -0.295859 0.066946 0.892869
1520616739.458460569 1.699904 0.637804 4.917613 0.336083 -0.330968 0.080221 0.878108
1520616739.508461714 1.344697 0.635399 5.025712 0.335346 -0.360461 0.093938 0.865324
1520616739.558614731 0.990279 0.702113 5.096300 0.332585 -0.384876 0.115248 0.853214
1520616739.608616590 0.673202 0.814701 5.127381 0.327687 -0.403018 0.140236 0.842930
1520616739.658618927 0.402805 0.943315 5.130002 0.321616 -0.416142 0.164764 0.834411
1520616739.708699703 0.285597 1.086041 5.106235 0.310543 -0.421434 0.176692 0.833508
1520616739.758620739 0.331079 1.234442 5.066462 0.296015 -0.418829 0.175704 0.840289
1520616739.808622837 0.532628 1.370703 5.011834 0.280146 -0.407731 0.163336 0.853578
1520616739.858624697 0.832819 1.465991 4.939819 0.266592 -0.389887 0.144715 0.869468
1520616739.908625603 1.189308 1.488440 4.857247 0.256861 -0.368724 0.120073 0.885239
1520616739.958545208 1.526914 1.443871 4.774448 0.252891 -0.347860 0.095185 0.897764
1520616740.008546352 1.794470 1.391475 4.694935 0.250606 -0.330590 0.075092 0.906790
1520616740.058548212 2.030051 1.357779 4.607011 0.246603 -0.314580 0.057835 0.914812
1520616740.108549118 2.276550 1.342306 4.492755 0.239962 -0.296602 0.040884 0.923457
1520616740.158551216 2.462598 1.348596 4.390747 0.232055 -0.282900 0.028029 0.930233
1520616740.208552122 2.476006 1.408986 4.360056 0.223263 -0.283166 0.026698 0.932340
1520616740.258554459 2.291116 1.542839 4.409839 0.215279 -0.298185 0.040437 0.929035
1520616740.308556318 1.940344 1.744818 4.493337 0.202927 -0.326229 0.064675 0.920985
1520616740.358345270 1.531618 1.942328 4.560602 0.188732 -0.359132 0.089397 0.909622
1520616740.408347130 1.165647 2.089745 4.594847 0.175417 -0.389937 0.107750 0.897534
1520616740.458348989 0.834657 2.201078 4.605912 0.165046 -0.416975 0.123421 0.885245
1520616740.508350134 0.541252 2.264699 4.611117 0.160069 -0.439673 0.137053 0.873088
1520616740.558351040 0.299191 2.298939 4.609116 0.159662 -0.456140 0.150261 0.862477
1520616740.608353138 0.132030 2.328480 4.593918 0.161943 -0.463828 0.164395 0.855343
1520616740.658355236 0.107295 2.351094 4.574788 0.167229 -0.458053 0.176104 0.855108
1520616740.708357096 0.186982 2.395031 4.541462 0.175325 -0.438996 0.190468 0.860387
1520616740.758201122 0.287494 2.484691 4.480966 0.184513 -0.410864 0.212610 0.867146
1520616740.808202982 0.309729 2.606361 4.402096 0.195800 -0.379868 0.245887 0.870001
1520616740.858203888 0.278094 2.729675 4.321024 0.209308 -0.346702 0.284911 0.868800
1520616740.908205986 0.238432 2.858372 4.231664 0.222032 -0.310621 0.324206 0.865510
1520616740.958208084 0.208687 3.016634 4.113645 0.229159 -0.272536 0.360388 0.862166
1520616741.008208990 0.244246 3.157029 3.999610 0.236068 -0.233035 0.387109 0.860298
1520616741.058211088 0.408916 3.258326 3.897547 0.245860 -0.191725 0.398520 0.862540
1520616741.108211994 0.688861 3.276190 3.836564 0.259282 -0.158614 0.391062 0.868726
1520616741.158144951 1.088058 3.208981 3.795581 0.272889 -0.135943 0.363719 0.880204
1520616741.208147049 1.587170 3.073821 3.727778 0.283674 -0.118659 0.320048 0.896113
1520616741.258147955 2.091115 2.909786 3.609922 0.283994 -0.108080 0.267868 0.914283
1520616741.308150053 2.542382 2.751408 3.439455 0.271964 -0.101633 0.214586 0.932555
1520616741.358150959 2.948672 2.583273 3.237028 0.252551 -0.096207 0.161935 0.949073
1520616741.408152819 3.300201 2.348840 3.068901 0.233870 -0.095180 0.109254 0.961410
1520616741.458154917 3.557687 2.027302 3.005439 0.223939 -0.102539 0.059066 0.967392
1520616741.508155823 3.678512 1.679020 3.068426 0.218815 -0.122750 0.015278 0.967894
1520616741.558157921 3.706727 1.334428 3.195847 0.212128 -0.151156 -0.025829 0.965135
1520616741.608344793 3.628780 1.028558 3.390450 0.200614 -0.189346 -0.063201 0.959118
1520616741.658346653 3.446702 0.831552 3.618517 0.188420 -0.231081 -0.088508 0.950403
1520616741.708347797 3.169969 0.789955 3.864508 0.175275 -0.275503 -0.096877 0.940208
1520616741.758349895 2.808642 0.894873 4.106533 0.164703 -0.320419 -0.086905 0.928791
1520616741.808350801 2.438093 1.098696 4.283487 0.155303 -0.358819 -0.064333 0.918145
1520616741.858352900 2.086621 1.355383 4.388490 0.146658 -0.389172 -0.033613 0.908794
1520616741.908354759 1.813821 1.588395 4.429796 0.141365 -0.407654 -0.002693 0.902124
1520616741.958355665 1.589961 1.803158 4.433102 0.141591 -0.416414 0.031369 0.897534
1520616742.008559942 1.388996 1.998573 4.416829 0.146796 -0.418176 0.068363 0.893816
1520616742.058561087 1.163854 2.191206 4.391544 0.154212 -0.417224 0.109738 0.888876
1520616742.108562946 0.989879 2.374362 4.341596 0.162143 -0.408335 0.151012 0.885532
1520616742.158563852 0.958638 2.535187 4.260624 0.171525 -0.384988 0.186123 0.887537
1520616742.208565950 1.180393 2.682445 4.119242 0.179662 -0.341507 0.205719 0.899319
1520616742.258568048 1.530740 2.836461 3.903488 0.182319 -0.289024 0.213664 0.915190
1520616742.308569908 1.945068 2.975224 3.616521 0.181070 -0.232410 0.211532 0.931909
1520616742.358571053 2.415228 3.092087 3.224640 0.170762 -0.173543 0.197468 0.949595
1520616742.408459663 2.874828 3.109024 2.818717 0.157917 -0.122831 0.171499 0.964657
1520616742.458460569 3.272712 3.032510 2.461703 0.141846 -0.086976 0.138672 0.976261
1520616742.508462667 3.646534 2.862104 2.129854 0.124882 -0.058532 0.099499 0.985433
1520616742.558463812 4.024594 2.551368 1.839345 0.110774 -0.035963 0.049562 0.991957
1520616742.608464718 4.360033 2.137162 1.610199 0.099180 -0.020430 -0.005689 0.994844
1520616742.658466816 4.603313 1.680789 1.501388 0.092623 -0.016117 -0.058984 0.993822
1520616742.708468676 4.738349 1.262437 1.515405 0.085159 -0.024521 -0.104891 0.990527
1520616742.758469582 4.757038 0.940892 1.699054 0.077982 -0.049612 -0.138922 0.985981
1520616742.808308840 4.666021 0.742907 2.037420 0.073538 -0.089364 -0.159510 0.980389
1520616742.858310699 4.484547 0.641112 2.450157 0.069205 -0.137555 -0.170830 0.973194
1520616742.908311605 4.219180 0.604459 2.902282 0.063214 -0.192251 -0.177181 0.963146
1520616742.958312750 3.887776 0.602251 3.345935 0.056915 -0.249104 -0.181440 0.949625
1520616743.008314610 3.467118 0.719969 3.768867 0.051435 -0.308059 -0.173727 0.933956
1520616743.058316469 2.978884 0.967242 4.124358 0.047275 -0.365126 -0.151223 0.917377
1520616743.108317614 2.450649 1.279376 4.388991 0.046646 -0.416608 -0.117289 0.900281
1520616743.158319712 1.920151 1.594330 4.556700 0.051099 -0.458928 -0.075328 0.883799
1520616743.208206177 1.413909 1.889238 4.636950 0.062266 -0.489340 -0.024723 0.869516
1520616743.258208036 0.977255 2.100303 4.668057 0.080113 -0.506598 0.026582 0.858041
1520616743.308209181 0.691634 2.257722 4.656717 0.094407 -0.510918 0.069307 0.851614
1520616743.358211040 0.629149 2.526364 4.538947 0.085212 -0.502122 0.101572 0.854573
1520616743.408211946 0.769750 2.895079 4.307804 0.053747 -0.482581 0.122241 0.865612
1520616743.458214045 0.995649 3.255213 4.012462 0.013713 -0.459739 0.134305 0.877732
1520616743.508216143 1.249858 3.569771 3.677617 -0.030386 -0.436952 0.140462 0.887930
1520616743.558217049 1.437141 3.793534 3.397001 -0.064059 -0.419367 0.145574 0.893776
1520616743.608169317 1.600268 3.972162 3.131257 -0.095280 -0.404230 0.149289 0.897348
1520616743.658170462 1.717756 4.116082 2.901179 -0.119591 -0.391045 0.154621 0.899374
1520616743.708172321 1.794213 4.228334 2.713700 -0.138667 -0.380928 0.160036 0.900030
1520616743.758173227 1.870581 4.265000 2.631977 -0.148610 -0.375114 0.158925 0.901081
1520616743.808175325 1.972942 4.177512 2.723287 -0.141325 -0.372438 0.147186 0.905347
1520616743.858177185 2.050769 3.991401 2.959129 -0.118418 -0.374103 0.130311 0.910518
1520616743.908178091 2.134758 3.751750 3.220414 -0.087925 -0.372912 0.112778 0.916781
1520616743.958180428 2.259359 3.490565 3.442944 -0.056269 -0.365797 0.095038 0.924118
1520616744.008182287 2.386024 3.230145 3.623955 -0.024248 -0.355778 0.080386 0.930791
1520616744.058113337 2.513378 2.937075 3.801176 0.013000 -0.344095 0.066683 0.936474
1520616744.108115435 2.623307 2.579503 3.999632 0.059122 -0.333303 0.052522 0.939497
1520616744.158116341 2.722322 2.137143 4.209844 0.112851 -0.324395 0.035442 0.938497
1520616744.208118200 2.830731 1.735405 4.336097 0.159865 -0.312438 0.021574 0.936141
1520616744.258119345 2.912771 1.376971 4.425779 0.200165 -0.304055 0.009816 0.931337
1520616744.308121443 2.990983 1.090563 4.466706 0.232042 -0.295363 0.001006 0.926777
1520616744.358123302 3.055179 0.783374 4.503676 0.263595 -0.289351 -0.009784 0.920162
1520616744.408124447 3.158851 0.425429 4.491878 0.297919 -0.279227 -0.024627 0.912507
1520616744.458283663 3.295269 0.047632 4.427368 0.331010 -0.266242 -0.042574 0.904287
1520616744.508284569 3.413681 -0.344220 4.341829 0.369386 -0.253493 -0.058460 0.892120
1520616744.558285713 3.536114 -0.646705 4.221150 0.400084 -0.238957 -0.071136 0.881914
1520616744.608300686 3.625581 -0.881104 4.115024 0.423966 -0.228135 -0.080909 0.872732
1520616744.658289671 3.698821 -1.071642 4.016709 0.444198 -0.218912 -0.088320 0.864272
1520616744.708290815 3.761013 -1.264452 3.915897 0.466800 -0.210231 -0.093996 0.853853
1520616744.758292675 3.826970 -1.443016 3.801730 0.487825 -0.200956 -0.099899 0.843602
1520616744.808293581 3.862978 -1.568037 3.727144 0.503355 -0.195579 -0.102617 0.835376
1520616744.859205723 3.897217 -1.517488 3.710889 0.503801 -0.190400 -0.098954 0.836744
1520616744.909206867 3.867248 -1.283172 3.829394 0.477820 -0.197094 -0.090804 0.851232
1520616744.959208727 3.826430 -0.937244 3.967748 0.436548 -0.206400 -0.081862 0.871851
1520616745.009209633 3.818776 -0.604966 4.040072 0.395737 -0.211896 -0.075846 0.890359
1520616745.059211731 3.841137 -0.327168 4.055172 0.356904 -0.214697 -0.074935 0.906041
1520616745.109213591 3.888961 -0.050771 4.019674 0.318966 -0.213439 -0.073819 0.920465
1520616745.159214497 3.913504 0.228105 3.989918 0.285277 -0.213350 -0.068371 0.931893
1520616745.209216833 3.909941 0.530800 3.963935 0.251855 -0.215434 -0.058986 0.941636
1520616745.259242058 3.917979 0.880272 3.892217 0.210303 -0.216448 -0.049224 0.952103
1520616745.309243917 3.912160 1.268541 3.789640 0.162392 -0.219165 -0.037840 0.961334
1520616745.359245062 3.897567 1.675695 3.643134 0.108715 -0.223157 -0.026002 0.968352
1520616745.409246922 3.861863 2.071788 3.473390 0.054698 -0.229518 -0.013116 0.971678
1520616745.459249258 3.818944 2.447516 3.268805 0.002819 -0.235010 0.001180 0.971988
1520616745.509250164 3.771409 2.780568 3.048706 -0.042755 -0.238785 0.016409 0.969992
1520616745.559252024 3.741463 3.023402 2.845374 -0.076645 -0.239035 0.028989 0.967547
1520616745.609254122 3.727620 3.136983 2.740621 -0.092149 -0.238292 0.035618 0.966156
1520616745.658396721 3.718247 3.207852 2.670695 -0.107628 -0.237480 0.042237 0.964487
1520616745.708398581 3.718247 3.207852 2.670695 -0.107628 -0.237480 0.042237 0.964487
1520616745.758399725 3.720122 3.193678 2.684680 -0.107628 -0.237480 0.042237 0.964487
1520616745.808401585 3.721622 3.182339 2.695868 -0.107628 -0.237480 0.042237 0.964487
1520616745.858402491 3.721622 3.182339 2.695868 -0.107628 -0.237480 0.042237 0.964487
1520616745.908404827 -0.973756 -0.018061 0.226877 0.060266 0.008645 -0.001377 0.998144
1520616745.958405733 -1.453397 -0.076655 0.226929 0.117602 0.006435 0.000995 0.993039
1520616746.008407593 -1.838427 -0.275325 0.183064 0.164431 0.000936 0.002730 0.986384
1520616746.058375597 -2.380588 -0.450483 0.110556 0.198323 -0.003891 0.003571 0.980123
1520616746.108376503 -2.882281 -0.621147 0.051923 0.221097 -0.006740 0.005198 0.975215
1520616746.158377647 -3.417166 -0.706247 -0.040435 0.239908 -0.010288 0.004106 0.970732
1520616746.208379745 -4.031051 -0.693311 -0.155374 0.262172 -0.018873 0.003834 0.964829
1520616746.258422613 -4.715399 -0.723625 -0.339195 0.288555 -0.035533 0.007943 0.956771
1520616746.308382750 -5.445587 -0.729173 -0.638102 0.312964 -0.061592 0.016039 0.947630
1520616746.358384609 -6.169827 -0.457284 -1.007131 0.332952 -0.091447 0.023546 0.938204
1520616746.408385515 -6.983404 -0.219860 -1.497267 0.343059 -0.122397 0.031747 0.930764
1520616746.458387613 -7.745850 0.040481 -2.186734 0.345204 -0.157839 0.045551 0.924038
1520616746.508872509 -7.812603 0.065376 -2.256907 0.346832 -0.193045 0.059288 0.915929
1520616746.558874369 -7.812603 0.065376 -2.256907 0.346832 -0.193045 0.059288 0.915929
1520616746.608875275 -7.799253 0.060397 -2.242872 0.346832 -0.193045 0.059288 0.915929
1520616746.658877373 -0.833925 -0.094623 -0.543706 -0.049418 -0.047204 -0.011185 0.997599
1520616746.708879471 -1.148567 -0.153121 -0.798308 -0.086587 -0.063196 -0.011625 0.994170
1520616746.758880138 -1.414154 -0.241597 -1.011841 -0.128741 -0.074546 -0.010802 0.988813
1520616746.808882475 -1.589565 -0.276431 -1.180731 -0.169960 -0.082410 -0.009325 0.981955
1520616746.858883381 -1.692469 -0.322223 -1.333435 -0.207386 -0.087079 -0.005574 0.974360
1520616746.909000874 -1.793976 -0.295489 -1.452554 -0.233568 -0.085248 -0.003234 0.968591
1520616746.959001780 -1.926536 -0.276635 -1.515651 -0.253858 -0.072552 -0.005484 0.964501
1520616747.009004116 -2.019007 -0.261264 -1.537276 -0.273859 -0.051651 -0.009830 0.960332
1520616747.059005976 -2.060140 -0.228860 -1.538781 -0.295336 -0.026259 -0.014314 0.954925
1520616747.109007120 -2.089419 -0.239767 -1.548332 -0.317453 -0.001873 -0.019371 0.948074
1520616747.159008980 -2.137090 -0.245606 -1.587935 -0.334049 0.016560 -0.022739 0.942136
1520616747.209010839 -2.116634 -0.234962 -1.642784 -0.340223 0.028318 -0.028086 0.939499
1520616747.259011984 -2.130105 -0.181770 -1.716139 -0.337203 0.040816 -0.032966 0.939969
1520616747.308444977 -2.118092 -0.118146 -1.758702 -0.330115 0.049578 -0.035738 0.941960
1520616747.358445883 -2.072348 -0.048300 -1.788046 -0.322926 0.058096 -0.038460 0.943856
1520616747.408447981 -2.073664 -0.037210 -1.825700 -0.321010 0.064974 -0.038746 0.944050
1520616747.458448887 -2.055257 -0.051122 -1.860264 -0.321687 0.069555 -0.040268 0.943429
1520616747.508450747 -2.014924 -0.058864 -1.876023 -0.321180 0.075003 -0.039432 0.943220
1520616747.558451891 -2.016398 -0.090138 -1.886286 -0.317676 0.083806 -0.039053 0.943681
1520616747.608453989 -2.025136 -0.068933 -1.876103 -0.305090 0.096320 -0.037614 0.946693
1520616747.658455849 -2.042130 -0.018748 -1.868966 -0.285746 0.109946 -0.037859 0.951224
1520616747.708350182 -2.090829 0.023815 -1.850205 -0.265120 0.125232 -0.037704 0.955305
1520616747.758352041 -2.152381 0.074717 -1.821658 -0.244691 0.141505 -0.037366 0.958492
1520616747.808353186 -2.209335 0.102424 -1.797985 -0.228794 0.155046 -0.034000 0.960447
1520616747.858355284 -2.283264 0.091908 -1.768053 -0.217091 0.167972 -0.025502 0.961253
1520616747.908423185 -2.356023 0.093671 -1.736133 -0.204747 0.179581 -0.016160 0.962064
1520616747.958358288 -2.438252 0.092905 -1.708687 -0.194309 0.189290 -0.008523 0.962466
1520616748.008359194 -2.524052 0.086004 -1.700263 -0.187484 0.196728 -0.003620 0.962359
1520616748.058361053 -2.595893 0.081355 -1.683666 -0.184542 0.201331 -0.002563 0.961979
1520616748.108475208 -2.682567 0.130059 -1.629730 -0.179617 0.197754 -0.006305 0.963635
1520616748.158477306 -2.742660 0.168291 -1.656036 -0.180274 0.189708 -0.017174 0.964996
1520616748.208478212 -2.798216 0.192730 -1.706289 -0.186347 0.177345 -0.026845 0.965972
1520616748.258480072 -2.838737 0.224369 -1.766739 -0.193210 0.161588 -0.031398 0.967250
1520616748.308482409 -2.867916 0.201693 -1.870724 -0.201014 0.139251 -0.028985 0.969207
1520616748.358483315 -2.829273 0.143372 -2.050081 -0.206927 0.108923 -0.023646 0.971986
1520616748.408485174 -2.716998 0.069482 -2.314900 -0.208836 0.070102 -0.019080 0.975248
1520616748.458486319 -2.546610 0.002022 -2.607697 -0.210423 0.026079 -0.020070 0.977057
1520616748.508488178 -2.344520 -0.088350 -2.903802 -0.214949 -0.020154 -0.024624 0.976107
1520616748.558605909 -2.033476 -0.145832 -3.194419 -0.219204 -0.071051 -0.030611 0.972607
1520616748.608607769 -1.700887 -0.228546 -3.438978 -0.227444 -0.120550 -0.036805 0.965599
1520616748.658609867 -1.362426 -0.287730 -3.638157 -0.232760 -0.167456 -0.042307 0.957075
1520616748.708610773 -1.023127 -0.291947 -3.796412 -0.231866 -0.210681 -0.051578 0.948257
1520616748.758613110 -0.722848 -0.269864 -3.911307 -0.228312 -0.246162 -0.062461 0.939881
1520616748.808613777 -0.494603 -0.246798 -3.990421 -0.224267 -0.271551 -0.071342 0.933207
1520616748.858615875 -0.327628 -0.209618 -4.050190 -0.220304 -0.288828 -0.080905 0.928170
1520616748.908617020 -0.218938 -0.237102 -4.096316 -0.223867 -0.299402 -0.089989 0.923117
1520616748.958832502 -0.136832 -0.273763 -4.136657 -0.232083 -0.306168 -0.103676 0.917415
1520616749.008834362 -0.054177 -0.393303 -4.169953 -0.248144 -0.314797 -0.112411 0.909226
1520616749.058835506 0.062357 -0.581363 -4.189990 -0.268441 -0.329208 -0.112873 0.898232
1520616749.108837366 0.200424 -0.754646 -4.200857 -0.284776 -0.347031 -0.107135 0.887127
1520616749.158838272 0.371663 -0.843893 -4.215346 -0.288197 -0.366838 -0.098498 0.879017
1520616749.208840370 0.505752 -0.783511 -4.253603 -0.276786 -0.380969 -0.095495 0.877002
1520616749.258842468 0.560059 -0.669905 -4.304498 -0.263808 -0.384974 -0.102474 0.878464
1520616749.308843374 0.524578 -0.582500 -4.356604 -0.257022 -0.379068 -0.111913 0.881886
1520616749.358798265 0.464113 -0.561795 -4.402222 -0.257372 -0.371424 -0.116912 0.884384
1520616749.408799171 0.434236 -0.557264 -4.441745 -0.257898 -0.367508 -0.117318 0.885812
1520616749.458801270 0.395699 -0.579531 -4.479992 -0.260265 -0.363299 -0.115559 0.887086
1520616749.508802414 0.400813 -0.608861 -4.513837 -0.261818 -0.363638 -0.111072 0.887064
1520616749.558894396 0.422353 -0.619627 -4.549556 -0.260101 -0.366159 -0.103843 0.887407
1520616749.608805418 0.442026 -0.589269 -4.590386 -0.255475 -0.367455 -0.102326 0.888391
1520616749.658807278 0.496867 -0.510156 -4.632964 -0.245542 -0.371603 -0.102074 0.889495
1520616749.708808184 0.596691 -0.394880 -4.671932 -0.230171 -0.380783 -0.099333 0.890033
1520616749.759188414 0.536619 -0.293892 -4.719919 -0.217631 -0.376137 -0.093388 0.895788
1520616749.809189558 0.393851 -0.164648 -4.772501 -0.206461 -0.362084 -0.095052 0.904010
1520616749.859191656 0.296593 -0.065943 -4.811917 -0.197517 -0.352758 -0.095526 0.909628
1520616749.909193516 0.245386 -0.017666 -4.844577 -0.191561 -0.349258 -0.091169 0.912695
1520616749.959194660 0.200751 0.016719 -4.875786 -0.190219 -0.344405 -0.095627 0.914362
1520616750.009196520 0.169106 0.016369 -4.905802 -0.193205 -0.339999 -0.103355 0.914544
1520616750.059197664 0.135054 0.050988 -4.932706 -0.193909 -0.334741 -0.112055 0.915309
1520616750.109199524 0.033971 0.070187 -4.962010 -0.196089 -0.323868 -0.118343 0.917962
1520616750.160123825 -0.060725 0.089799 -4.987466 -0.198235 -0.312939 -0.124610 0.920459
1520616750.210124731 -0.060725 0.089799 -4.987466 -0.198235 -0.312939 -0.124610 0.920459
1520616750.260126829 -0.041786 0.085877 -4.982375 -0.198235 -0.312939 -0.124610 0.920459
1520616750.310127974 -0.026635 0.082739 -4.978302 -0.198235 -0.312939 -0.124610 0.920459
1520616750.360129833 -0.014513 0.080228 -4.975043 -0.198235 -0.312939 -0.124610 0.920459
1520616750.410130978 -0.014513 0.080228 -4.975043 -0.198235 -0.312939 -0.124610 0.920459
1520616750.460132837 -0.004817 0.078220 -4.972437 -0.198235 -0.312939 -0.124610 0.920459
1520616750.510133743 0.002941 0.076613 -4.970351 -0.198235 -0.312939 -0.124610 0.920459
1520616750.560396433 0.123609 -0.099117 -0.987369 -0.004143 0.048808 0.000602 0.998799
1520616750.610397577 0.126684 -0.204212 -1.324761 -0.008364 0.064177 0.005695 0.997887
1520616750.660399675 0.111217 -0.263623 -1.672638 -0.010209 0.080824 0.008802 0.996637
1520616750.710400581 0.091198 -0.329724 -2.005066 -0.012188 0.098131 0.011050 0.995038
1520616750.760402679 0.081007 -0.326342 -2.335941 -0.012308 0.113467 0.013902 0.993368
1520616750.810403585 0.050950 -0.326772 -2.675020 -0.012353 0.128646 0.016361 0.991479
1520616750.860408545 0.030182 -0.302918 -3.001753 -0.012135 0.143886 0.017458 0.989366
1520616750.910406590 -0.021303 -0.277715 -3.308540 -0.013552 0.163630 0.019826 0.986229
1520616750.960407495 -0.065819 -0.274288 -3.609329 -0.017709 0.181499 0.025915 0.982890
1520616751.010886908 -0.128762 -0.246097 -3.901122 -0.020281 0.200553 0.029440 0.979030
1520616751.060889006 -0.208964 -0.205246 -4.153860 -0.019746 0.223572 0.029174 0.974051
1520616751.110889912 -0.367106 -0.212810 -4.425992 -0.019160 0.250261 0.025916 0.967642
1520616751.160892010 -0.549202 -0.252297 -4.694734 -0.019590 0.278251 0.024069 0.960007
1520616751.210893154 -0.744018 -0.301432 -4.941319 -0.020223 0.306727 0.024936 0.951256
1520616751.260895014 -1.022011 -0.374352 -5.176260 -0.020821 0.338890 0.024981 0.940264
1520616751.310896158 -1.332239 -0.437766 -5.376604 -0.021978 0.372386 0.024515 0.927494
1520616751.360898018 -1.644514 -0.512222 -5.545004 -0.024637 0.404416 0.027713 0.913823
1520616751.413728952 -1.733524 -0.533594 -5.585259 -0.027266 0.435948 0.030876 0.899028
1520616751.463731050 -1.733524 -0.533594 -5.585259 -0.027266 0.435948 0.030876 0.899028
1520616751.513732910 -1.715722 -0.529320 -5.577208 -0.027266 0.435948 0.030876 0.899028
1520616751.563734055 -0.476239 -0.052292 -0.877759 0.016268 0.093317 -0.005493 0.995488
1520616751.613735914 -0.749541 -0.178898 -1.232673 0.020250 0.134131 -0.003696 0.990750
1520616751.663736820 -0.803479 -0.382145 -1.701739 0.019056 0.169026 -0.000971 0.985427
1520616751.713738918 -0.916079 -0.559067 -2.150959 0.013911 0.201105 0.002901 0.979467
1520616751.763739824 -1.060042 -0.798670 -2.586587 0.006685 0.229942 0.002934 0.973177
1520616751.816833973 -1.465541 -0.718911 -3.047536 0.007171 0.264289 -0.002209 0.964414
1520616751.866836071 -1.671956 -0.859900 -3.381257 0.003089 0.283555 -0.005667 0.958934
1520616751.916836977 -1.791623 -0.878360 -3.707057 0.001126 0.293715 -0.006226 0.955872
1520616751.966839075 -1.901688 -0.822237 -4.023204 -0.000176 0.302299 -0.008339 0.953177
1520616752.016839981 -2.002510 -0.757488 -4.330491 -0.004766 0.310535 -0.011103 0.950485
1520616752.066841841 -2.127332 -0.728589 -4.626994 -0.013307 0.318518 -0.015273 0.947700
1520616752.116842985 -2.246050 -0.730692 -4.910801 -0.020938 0.327388 -0.023879 0.944356
1520616752.166844845 -2.373894 -0.707151 -5.198361 -0.024837 0.337519 -0.033946 0.940378
1520616752.217440605 -2.585271 -0.787097 -5.489820 -0.029553 0.349108 -0.039517 0.935782
1520616752.267441511 -2.753513 -0.821015 -5.814912 -0.031184 0.357149 -0.037988 0.932753
1520616752.317443371 -2.909455 -0.864952 -6.145143 -0.030637 0.364540 -0.035985 0.929988
1520616752.367445469 -3.088877 -0.816661 -6.491601 -0.026586 0.371628 -0.035717 0.927314
1520616752.417446375 -3.226529 -0.787301 -6.842612 -0.023360 0.375999 -0.034907 0.925668
1520616752.467448473 -3.406750 -0.665939 -7.196122 -0.018188 0.381411 -0.034035 0.923600
1520616752.517449379 -3.581601 -0.540559 -7.501136 -0.014485 0.390847 -0.033397 0.919735
1520616752.567450285 -3.873445 -0.461908 -7.737999 -0.011513 0.404989 -0.038249 0.913449
1520616752.617172480 -4.133259 -0.301838 -7.965477 -0.006825 0.418428 -0.040984 0.907299
1520616752.667174578 -4.348434 -0.216511 -8.243119 -0.004719 0.427978 -0.036720 0.903030
1520616752.717175484 -4.488199 -0.219035 -8.572941 -0.005650 0.433099 -0.029929 0.900831
1520616752.767177582 -4.630495 -0.341975 -8.925091 -0.009186 0.436517 -0.028037 0.899212
1520616752.817178726 -4.690446 -0.436643 -9.326236 -0.012037 0.437462 -0.031738 0.898596
1520616752.867180586 -4.718367 -0.535329 -9.736846 -0.014993 0.437015 -0.036795 0.898576
1520616752.917181730 -4.685837 -0.619707 -10.172298 -0.019040 0.433802 -0.038736 0.899974
1520616752.967183590 -4.607714 -0.607271 -10.614403 -0.019388 0.429749 -0.043155 0.901708
1520616753.017464638 -4.660914 -0.509453 -10.976856 -0.016895 0.430803 -0.046356 0.901096
1520616753.067466497 -4.601410 -0.375936 -11.383919 -0.015868 0.430010 -0.044817 0.901572
1520616753.117468357 -4.593908 -0.371776 -11.782718 -0.018726 0.428788 -0.039671 0.902339
1520616753.167469501 -4.500783 -0.218791 -12.158319 -0.017994 0.427487 -0.040839 0.902919
1520616753.217471600 -4.466263 -0.167202 -12.549283 -0.017563 0.426948 -0.043137 0.903076
1520616753.267472267 -4.459255 -0.164742 -12.933884 -0.017188 0.427260 -0.047572 0.902713
1520616753.317474604 -4.550485 -0.219481 -13.327760 -0.017775 0.428560 -0.051355 0.901878
1520616753.367475510 -4.600890 -0.382006 -13.716856 -0.021053 0.429802 -0.050896 0.901242
1520616753.417477369 -4.698681 -0.476249 -14.113216 -0.022694 0.432000 -0.050727 0.900160
1520616753.467479467 -4.745517 -0.479658 -14.467531 -0.023082 0.434008 -0.051759 0.899125
1520616753.517480373 -4.835613 -0.404428 -14.846887 -0.020406 0.436630 -0.055816 0.897676
1520616753.567482471 -4.991699 -0.248467 -15.159285 -0.015341 0.442300 -0.061540 0.894622
1520616753.617483616 -5.187078 -0.026736 -15.469451 -0.009300 0.449698 -0.066342 0.890665
1520616753.667485476 -5.440365 0.166829 -15.772622 -0.004780 0.456719 -0.067796 0.887011
1520616753.717486382 -5.501716 0.284498 -16.121903 -0.002629 0.458555 -0.067479 0.886096
1520616753.767488480 -5.330616 0.202318 -16.574251 -0.005790 0.454147 -0.065137 0.888523
1520616753.817489386 -5.150521 -0.103298 -17.034343 -0.013133 0.447706 -0.066007 0.891644
1520616753.867492437 -4.905100 -0.348024 -17.516833 -0.016319 0.439950 -0.076303 0.894626
1520616753.917493582 -4.440712 -0.620217 -18.057920 -0.017845 0.425884 -0.090890 0.900024
1520616753.967494488 -3.569412 -0.934114 -18.651317 -0.020339 0.401103 -0.103824 0.909903
1520616754.017496586 -2.367194 -1.269366 -19.222637 -0.021284 0.368740 -0.119883 0.921524
1520616754.067498446 -0.887867 -1.592765 -19.673085 -0.020353 0.330325 -0.138094 0.933489
1520616754.117499352 0.851747 -1.931141 -19.959511 -0.018001 0.284971 -0.155564 0.945657
1520616754.167500496 2.742667 -2.298826 -20.042346 -0.015613 0.235636 -0.168709 0.956958
1520616754.217502356 4.594986 -2.624731 -19.927649 -0.010840 0.186630 -0.182385 0.965291
1520616754.266214132 6.168690 -3.107955 -19.597035 -0.009315 0.140041 -0.197860 0.970131
1520616754.316215038 7.752404 -4.016316 -19.045598 -0.016518 0.091082 -0.210628 0.973174
1520616754.366216898 9.115499 -4.909097 -18.417401 -0.026974 0.046850 -0.220013 0.973998
1520616754.416219234 10.447688 -5.756163 -17.652221 -0.040262 0.003858 -0.221818 0.974249
1520616754.466228008 11.691913 -6.494138 -16.806826 -0.052388 -0.037282 -0.221100 0.973129
1520616754.516221285 12.939137 -6.980820 -15.897079 -0.057907 -0.078084 -0.221233 0.970364
1520616754.566223145 14.035895 -7.285041 -14.963267 -0.057265 -0.116164 -0.225007 0.965711
1520616754.616225004 15.077633 -7.291387 -14.035831 -0.052781 -0.151239 -0.223380 0.961479
1520616754.665354967 15.915051 -7.310087 -13.153006 -0.050020 -0.181872 -0.221562 0.956729
1520616754.715356827 16.691716 -7.268883 -12.249289 -0.048357 -0.211294 -0.217037 0.951794
1520616754.765357733 17.412217 -7.364247 -11.247471 -0.049128 -0.241764 -0.214013 0.945164
1520616754.815360069 18.125677 -7.493638 -10.086569 -0.052061 -0.274597 -0.210024 0.936897
1520616754.865360975 18.776425 -7.582188 -8.887944 -0.055467 -0.307019 -0.204918 0.927724
1520616754.915362835 19.288829 -7.649520 -7.772073 -0.059031 -0.336040 -0.200322 0.918403
1520616754.965363979 19.750790 -7.705806 -6.631190 -0.063546 -0.364426 -0.194799 0.908410
1520616755.015365839 20.114007 -7.775141 -5.505042 -0.066563 -0.391934 -0.191913 0.897289
1520616755.062586308 20.338951 -7.866917 -4.620660 -0.069063 -0.413306 -0.190262 0.887811
1520616755.112587452 20.581231 -7.857257 -3.618594 -0.065481 -0.437374 -0.191623 0.876183
1520616755.162589550 20.822148 -7.719992 -2.424253 -0.059799 -0.465138 -0.190152 0.862504
1520616755.212590218 20.980731 -7.642183 -1.098017 -0.057083 -0.494478 -0.188086 0.846674
1520616755.262592554 20.897331 -7.916429 0.081670 -0.061483 -0.519565 -0.191449 0.830433
1520616755.312594414 20.745653 -8.190804 1.286424 -0.065854 -0.544704 -0.195480 0.812864
1520616755.362595320 20.530881 -8.443371 2.469140 -0.073261 -0.568638 -0.197071 0.795265
1520616755.412597418 20.246726 -8.718935 3.518972 -0.081911 -0.589696 -0.198917 0.778448
1520616755.460411787 20.216409 -8.740953 3.611688 -0.090494 -0.610279 -0.200604 0.761005
1520616755.510414124 20.216409 -8.740953 3.611688 -0.090494 -0.610279 -0.200604 0.761005
1520616755.560415983 20.222472 -8.736549 3.593145 -0.090494 -0.610279 -0.200604 0.761005
1520616755.610416889 20.227323 -8.733026 3.578310 -0.090494 -0.610279 -0.200604 0.761005
1520616755.660418987 0.092512 -0.028949 -0.995291 -0.021149 -0.055712 -0.002915 0.998219
1520616755.710419893 0.150558 -0.021445 -1.308368 -0.032156 -0.075597 0.000202 0.996620
1520616755.760420799 0.195528 0.015497 -1.604817 -0.041661 -0.094510 0.000872 0.994651
1520616755.810423136 0.260950 0.024658 -1.908059 -0.049759 -0.117531 0.001490 0.991821
1520616755.860424995 0.364316 0.004638 -2.210047 -0.057879 -0.143851 0.003456 0.987899
1520616755.909451723 0.889854 0.001708 -2.198746 -0.059195 -0.176587 -0.008405 0.982467
1520616755.959454060 0.961845 -0.016980 -2.487186 -0.065082 -0.199653 -0.005793 0.977686
1520616756.009454966 1.103942 -0.073834 -2.766007 -0.070685 -0.222353 -0.004245 0.972391
1520616756.059456825 1.244641 -0.102414 -3.028830 -0.075956 -0.245178 0.001103 0.966497
1520616756.109493732 1.414562 -0.125856 -3.273938 -0.082494 -0.267517 0.006449 0.959994
1520616756.159459829 1.542818 -0.096430 -3.506016 -0.086631 -0.292662 0.015539 0.952157
1520616756.209461689 1.767942 -0.071398 -3.706887 -0.091959 -0.325040 0.025255 0.940880
1520616756.259462833 1.983816 -0.024488 -3.888330 -0.097068 -0.357469 0.030415 0.928369
1520616756.309029341 2.225161 0.016488 -4.030601 -0.101093 -0.386330 0.025011 0.916463
1520616756.359030485 2.506595 0.029106 -4.184536 -0.104998 -0.411133 0.015507 0.905376
1520616756.409032345 2.754509 0.000873 -4.336701 -0.111545 -0.434860 0.004739 0.893550
1520616756.459033251 3.007551 -0.076582 -4.492440 -0.121991 -0.457753 -0.003508 0.880663
1520616756.509035587 3.241779 -0.174597 -4.651227 -0.134263 -0.477918 -0.009860 0.868027
1520616756.559036493 3.439803 -0.367938 -4.832596 -0.147381 -0.495002 -0.012968 0.856203
1520616756.609038353 3.642067 -0.473152 -5.006924 -0.156368 -0.509465 -0.017625 0.845981
1520616756.659040451 3.811709 -0.534754 -5.179325 -0.160310 -0.523742 -0.021720 0.836375
1520616756.709247589 4.031616 -0.475852 -5.320074 -0.157636 -0.541550 -0.023374 0.825426
1520616756.759249687 4.227137 -0.415241 -5.441709 -0.157463 -0.558816 -0.025129 0.813817
1520616756.809250593 4.402828 -0.444448 -5.567454 -0.163106 -0.574133 -0.023790 0.801998
1520616756.859252453 4.567262 -0.522203 -5.690905 -0.171050 -0.588796 -0.020744 0.789703
1520616756.909253597 4.761398 -0.600915 -5.787254 -0.177116 -0.605482 -0.017550 0.775702
1520616756.959255457 5.076285 -0.728667 -5.829187 -0.185600 -0.626498 -0.016710 0.756818
1520616757.009257555 5.341446 -0.864212 -5.865951 -0.193110 -0.648652 -0.015576 0.736014
1520616757.059258699 5.676686 -1.006641 -5.838630 -0.200169 -0.671832 -0.018373 0.712908
1520616757.111738443 5.767569 -1.045918 -5.824571 0.207002 0.694253 0.021149 -0.688996
1520616757.161740303 5.767569 -1.045918 -5.824571 0.207002 0.694253 0.021149 -0.688996
1520616757.211741209 5.749392 -1.038063 -5.827383 0.207002 0.694253 0.021149 -0.688996
1520616757.261743307 5.749392 -1.038063 -5.827383 0.207002 0.694253 0.021149 -0.688996
1520616757.311744213 5.734851 -1.031778 -5.829632 0.207002 0.694253 0.021149 -0.688996
1520616757.361746073 5.734851 -1.031778 -5.829632 0.207002 0.694253 0.021149 -0.688996
1520616757.411747217 5.723218 -1.026751 -5.831432 0.207002 0.694253 0.021149 -0.688996
1520616757.461749315 5.723218 -1.026751 -5.831432 0.207002 0.694253 0.021149 -0.688996
1520616757.517490864 5.713912 -1.022729 -5.832871 0.207002 0.694253 0.021149 -0.688996
1520616757.567494869 5.713912 -1.022729 -5.832871 0.207002 0.694253 0.021149 -0.688996
1520616757.617495060 5.706467 -1.019511 -5.834023 0.207002 0.694253 0.021149 -0.688996
1520616757.667496920 0.011748 0.003513 -0.999925 -0.018773 -0.046761 -0.007711 0.998700
1520616757.717497826 0.073404 0.019139 -1.492539 -0.026580 -0.069417 -0.013208 0.997146
1520616757.767557859 0.128205 0.086529 -1.980471 -0.032908 -0.092207 -0.017488 0.995042
1520616757.817500830 0.172376 0.097712 -2.444670 -0.041151 -0.117311 -0.015826 0.992116
1520616757.867501736 0.177038 0.142799 -2.916118 -0.049302 -0.140289 -0.016328 0.988747
1520616757.917504072 0.315761 0.236162 -3.363801 -0.056949 -0.165114 -0.021240 0.984400
1520616757.967064142 0.459425 0.295186 -3.795829 -0.066800 -0.193031 -0.025542 0.978583
1520616758.017066002 0.767551 0.285243 -4.231933 -0.081496 -0.228240 -0.031467 0.969678
1520616758.067067146 0.985045 0.249760 -4.681521 -0.094690 -0.263706 -0.032341 0.959399
1520616758.117069006 1.381898 0.087127 -5.088732 -0.106253 -0.301561 -0.036603 0.946801
1520616758.167070150 1.773177 -0.128315 -5.454443 -0.116255 -0.341491 -0.036849 0.931939
1520616758.217072010 2.275937 -0.115725 -5.754120 -0.123253 -0.387071 -0.035817 0.913073
1520616758.267074108 2.685742 -0.284543 -5.985137 -0.139192 -0.429488 -0.031933 0.891710
1520616758.317075253 3.095245 -0.409469 -6.152612 -0.156400 -0.470303 -0.026346 0.868136
1520616758.367632389 3.990456 -0.506041 -6.073442 -0.170353 -0.524232 -0.017677 0.834175
1520616758.417634487 4.771945 -0.388436 -5.876616 -0.173051 -0.573419 -0.021768 0.800481
1520616758.467635393 5.371999 -0.120221 -5.653073 -0.166135 -0.613565 -0.033398 0.771247
1520616758.517637491 5.945766 0.119468 -5.402088 -0.159221 -0.646196 -0.052758 0.744510
1520616758.567638636 6.335893 0.047300 -5.204795 -0.160052 -0.672339 -0.058206 0.720386
1520616758.617639542 6.621733 0.009581 -5.047844 -0.161927 -0.694494 -0.058221 0.698619
1520616758.667641401 6.844445 -0.077317 -4.964220 0.166704 0.710430 0.059742 -0.681124
1520616758.717643499 7.014266 -0.201291 -4.925637 0.172591 0.722502 0.064651 -0.666351
1520616758.767645359 7.177301 -0.280951 -4.900433 0.176473 0.732737 0.072184 -0.653256
1520616758.817646265 7.312811 -0.421804 -4.907306 0.181908 0.740838 0.081284 -0.641452
1520616758.867648602 7.404212 -0.464242 -4.956427 0.184790 0.746683 0.088156 -0.632887
1520616758.917649508 7.569447 -0.404977 -4.908501 0.184769 0.757990 0.087033 -0.619465
1520616758.967651367 7.718507 -0.399467 -4.829268 0.188791 0.770154 0.079592 -0.604058
1520616759.017653465 7.890160 -0.483443 -4.714936 0.196407 0.783376 0.069959 -0.585536
1520616759.067654371 8.052182 -0.624545 -4.573465 0.205815 0.795560 0.065416 -0.566079
1520616759.117655516 8.208918 -0.745149 -4.432052 0.212825 0.807518 0.063093 -0.546479
1520616759.167657375 8.375317 -0.841542 -4.266453 0.216403 0.820141 0.061828 -0.526039
1520616759.217659473 8.540317 -0.905662 -4.083890 0.218347 0.832358 0.064573 -0.505308
1520616759.267660618 8.727631 -0.946601 -3.835904 0.217987 0.846276 0.066355 -0.481556
1520616759.317661524 8.897021 -0.941662 -3.527467 0.216185 0.861630 0.064923 -0.454579
1520616759.367663383 9.088558 -0.989451 -3.151304 0.217633 0.876674 0.062562 -0.424459
1520616759.417750597 9.250850 -1.037857 -2.758700 0.221637 0.890131 0.061701 -0.393365
1520616759.467666388 9.383609 -1.054214 -2.308581 0.223706 0.904123 0.058739 -0.359260
1520616759.517668247 9.510676 -1.015142 -1.814099 0.224492 0.917179 0.057975 -0.324076
1520616759.565589428 9.241435 -1.123389 -1.538663 0.231555 0.924760 0.056857 -0.296594
1520616759.615591526 9.174878 -1.303691 -1.191936 0.243706 0.931046 0.059114 -0.265077
1520616759.665592670 9.129388 -1.431753 -0.872900 0.254547 0.936542 0.059824 -0.233486
1520616759.715594530 9.156967 -1.568264 -0.509570 0.262716 0.942079 0.058106 -0.200226
1520616759.765595675 9.102637 -1.706978 -0.274003 0.269953 0.945424 0.057407 -0.173213
1520616759.815597534 9.066552 -1.805439 -0.097498 0.274975 0.947927 0.057448 -0.150078
1520616759.865599394 9.045982 -1.790385 0.096836 0.274399 0.951614 0.056161 -0.126423
1520616759.915600538 8.996326 -1.676902 0.323471 0.268827 0.956154 0.057120 -0.101192
1520616759.963820457 8.952644 -1.518073 0.586471 0.261975 0.960300 0.059992 -0.074796
1520616760.013821363 8.878182 -1.424882 0.938095 0.259016 0.962946 0.061657 -0.042941
1520616760.063823700 8.772778 -1.310985 1.315863 0.255519 0.964731 0.062536 -0.009693
1520616760.113824606 8.635723 -1.202644 1.706669 0.251719 0.965346 0.064264 0.024790
1520616760.163826466 8.455961 -1.140562 2.126910 0.250043 0.964088 0.064446 0.062128
1520616760.213827610 8.231787 -1.100309 2.566362 0.249796 0.960945 0.060161 0.102798
1520616760.263829470 7.988067 -1.154017 2.969765 0.256359 0.954579 0.052762 0.142391
1520616760.313831568 7.699617 -1.283723 3.353633 0.266336 0.945477 0.045271 0.181905
1520616760.363833666 7.349549 -1.359447 3.778764 0.273031 0.934576 0.040193 0.224513
1520616760.412088394 7.002824 -1.384013 4.174392 0.277212 0.922555 0.036088 0.265977
1520616760.462090254 6.586029 -1.304469 4.525666 0.278781 0.909784 0.026872 0.306352
1520616760.512091398 6.128300 -1.104738 4.915619 0.273350 0.895088 0.019455 0.351736
1520616760.562093258 5.617962 -0.920184 5.269171 0.266491 0.878433 0.018917 0.396208
1520616760.612094164 5.120184 -0.840501 5.517538 0.265791 0.860722 0.024095 0.433511
1520616760.662096500 4.629524 -0.810332 5.694150 0.267446 0.842200 0.030002 0.467196
1520616760.712097168 4.109007 -0.704387 5.844083 0.263926 0.822170 0.031020 0.503406
1520616760.762099266 3.605496 -0.564144 5.927531 0.257586 0.801915 0.025528 0.538452
1520616760.809893608 3.509698 -0.536504 5.935197 0.250806 0.780289 0.019992 0.572578
1520616760.859894753 3.509698 -0.536504 5.935197 0.250806 0.780289 0.019992 0.572578
1520616760.909896612 3.528858 -0.542032 5.933663 0.250806 0.780289 0.019992 0.572578
1520616760.959897757 -0.209506 0.153779 -0.965639 -0.009310 -0.052222 -0.010852 0.998533
1520616761.009899855 -0.254826 0.282956 -1.408108 -0.014474 -0.073400 -0.013361 0.997108
1520616761.059900761 -0.287789 0.453052 -1.844608 -0.021505 -0.092631 -0.009487 0.995423
1520616761.109902859 -0.322639 0.600767 -2.305828 -0.028257 -0.110146 -0.006064 0.993495
1520616761.159903765 -0.338091 0.752115 -2.760491 -0.029329 -0.127772 -0.002127 0.991367
1520616761.209287643 -0.250219 1.122121 -3.125697 -0.019786 -0.147722 -0.005107 0.988818
1520616761.259288549 -0.000130 1.261106 -3.662328 -0.016272 -0.177664 -0.004380 0.983947
1520616761.309290648 0.336483 1.364243 -4.211762 -0.018620 -0.209923 -0.005529 0.977525
1520616761.359291553 0.682216 1.397588 -4.766381 -0.027001 -0.241417 -0.008634 0.970007
1520616761.409293652 1.142041 1.387703 -5.302725 -0.038533 -0.275149 -0.011406 0.960561
1520616761.459295750 1.456095 1.232322 -5.845163 -0.052076 -0.307820 -0.009175 0.949974
1520616761.509296656 1.774401 1.163777 -6.314566 -0.060682 -0.339103 -0.007145 0.938763
1520616761.559298515 2.123990 1.206851 -6.748811 -0.065589 -0.370136 -0.004386 0.926649
1520616761.609656572 2.476586 1.237942 -7.140470 -0.073343 -0.400680 -0.001040 0.913277
1520616761.659658432 2.930953 1.235471 -7.493747 -0.082787 -0.436511 -0.000062 0.895882
1520616761.709659576 3.469644 1.172754 -7.805181 -0.096907 -0.470512 -0.011087 0.876986
1520616761.759661674 4.011922 1.107403 -8.042028 -0.114174 -0.501482 -0.025717 0.857216
1520616761.809662819 4.562788 0.689172 -8.089228 -0.135753 -0.531829 -0.031003 0.835325
1520616761.859664679 5.069381 0.288279 -8.198882 -0.156486 -0.560380 -0.030709 0.812738
1520616761.909666538 5.492795 -0.189448 -8.280447 -0.174079 -0.584827 -0.026962 0.791800
1520616761.959667683 6.227707 -0.527255 -8.191591 -0.186921 -0.610845 -0.028602 0.768837
1520616762.014317036 6.316626 -0.569244 -8.173417 -0.199506 -0.636025 -0.030202 0.744820
1520616762.064318895 6.316626 -0.569244 -8.173417 -0.199506 -0.636025 -0.030202 0.744820
1520616762.114320040 6.298842 -0.560847 -8.177052 -0.199506 -0.636025 -0.030202 0.744820
1520616762.164322138 6.298842 -0.560847 -8.177052 -0.199506 -0.636025 -0.030202 0.744820
1520616762.214323997 6.284615 -0.554128 -8.179960 -0.199506 -0.636025 -0.030202 0.744820
1520616762.264325142 6.273233 -0.548754 -8.182286 -0.199506 -0.636025 -0.030202 0.744820
1520616762.314326048 6.264128 -0.544454 -8.184147 -0.199506 -0.636025 -0.030202 0.744820
1520616762.364327908 6.256844 -0.541014 -8.185636 -0.199506 -0.636025 -0.030202 0.744820
1520616762.416154385 6.256844 -0.541014 -8.185636 -0.199506 -0.636025 -0.030202 0.744820
1520616762.466155291 6.251016 -0.538263 -8.186827 -0.199506 -0.636025 -0.030202 0.744820
1520616762.516157150 6.246354 -0.536061 -8.187780 -0.199506 -0.636025 -0.030202 0.744820
1520616762.566158295 6.242625 -0.534300 -8.188542 -0.199506 -0.636025 -0.030202 0.744820
1520616762.616159201 0.164478 0.189353 -0.968035 0.016705 0.062560 0.052929 0.996497
1520616762.666161060 0.152871 0.254931 -1.198911 0.022307 0.089794 0.058069 0.994016
1520616762.716163397 0.122685 0.304301 -1.434470 0.026828 0.120129 0.062232 0.990443
1520616762.766164303 0.074921 0.313781 -1.661331 0.028667 0.153785 0.068346 0.985321
1520616762.816166162 -0.016284 0.311295 -1.890871 0.030494 0.192108 0.072495 0.978217
1520616762.864167929 -0.137851 0.313317 -2.107260 0.033971 0.230948 0.075792 0.969415
1520616762.914169788 -0.323989 0.302454 -2.265908 0.042516 0.273109 0.075134 0.958102
1520616762.964170933 -0.474074 0.299609 -2.404215 0.052179 0.309914 0.073690 0.946467
1520616763.014173031 -0.609774 0.312519 -2.537330 0.061434 0.339843 0.069221 0.935917
1520616763.064174891 -0.740246 0.344736 -2.668425 0.067765 0.363547 0.069214 0.926526
1520616763.114176035 -0.888447 0.347433 -2.785699 0.067949 0.388127 0.072783 0.916211
1520616763.164177895 -1.066455 0.359892 -2.878019 0.066489 0.414869 0.076474 0.904220
1520616763.214178801 -1.249515 0.388539 -2.952825 0.067392 0.441102 0.079141 0.891417
1520616763.262399197 -1.471986 0.443321 -3.011745 0.072888 0.468716 0.078247 0.876853
1520616763.312401295 -1.657514 0.503034 -3.098228 0.077556 0.489758 0.075562 0.865108
1520616763.362402201 -1.765235 0.477986 -3.234939 0.075950 0.501442 0.074659 0.858612
1520616763.412403345 -1.852805 0.457811 -3.392734 0.075297 0.508418 0.070191 0.854936
1520616763.462405443 -1.913315 0.459360 -3.571791 0.075957 0.511478 0.063376 0.853583
1520616763.512407303 -1.932851 0.465689 -3.785638 0.074275 0.508548 0.059467 0.855761
1520616763.562408447 -1.897121 0.475163 -4.031415 0.071928 0.499348 0.060720 0.861273
1520616763.612410307 -1.842390 0.604433 -4.260452 0.078491 0.488763 0.062008 0.866663
1520616763.661420345 -1.794482 0.706456 -4.495307 0.085036 0.484862 0.060697 0.868328
1520616763.711421490 -1.767102 0.741973 -4.580829 0.084942 0.481128 0.056576 0.870689
1520616763.761423349 -1.717628 0.688826 -4.692974 0.078168 0.476798 0.048188 0.874203
1520616763.811425209 -1.677297 0.631426 -4.797633 0.071720 0.473880 0.036926 0.876887
1520616763.861426353 -1.664846 0.600430 -4.887159 0.069082 0.473113 0.024875 0.877937
1520616763.911427259 -1.664057 0.551488 -4.976006 0.065942 0.473071 0.017274 0.878383
1520616763.961429358 -1.679403 0.551524 -5.053635 0.066807 0.474520 0.013613 0.877600
1520616764.011431456 -1.733594 0.579670 -5.113725 0.070226 0.479253 0.012998 0.874766
1520616764.060730219 -1.800286 0.629082 -5.171494 0.075002 0.485214 0.012661 0.871081
1520616764.110732079 -1.895931 0.695364 -5.206094 0.081229 0.494237 0.008558 0.865482
1520616764.160734177 -2.003323 0.741694 -5.235358 0.083966 0.504279 0.009385 0.859398
1520616764.210734129 -2.143612 0.782782 -5.245190 0.085356 0.516828 0.010945 0.851753
1520616764.260735989 -2.271353 0.822703 -5.255964 0.086696 0.528374 0.012025 0.844488
1520616764.310744047 -2.376134 0.830732 -5.282108 0.084839 0.537780 0.015134 0.838669
1520616764.360738993 -2.484081 0.786318 -5.311846 0.080108 0.546794 0.016043 0.833272
1520616764.410741091 -2.569070 0.695027 -5.358259 0.071817 0.553599 0.016712 0.829513
1520616764.461071968 -2.638294 0.597152 -5.410909 0.064091 0.559461 0.013613 0.826263
1520616764.511073828 -2.692874 0.506295 -5.468780 0.057346 0.563678 0.010947 0.823929
1520616764.561074972 -2.681886 0.456304 -5.554688 0.053120 0.562633 0.012433 0.824905
1520616764.611076832 -2.631940 0.491747 -5.653320 0.055840 0.558527 0.012803 0.827506
1520616764.661078691 -2.569412 0.638478 -5.741183 0.066975 0.553775 0.011910 0.829883
1520616764.711079836 -2.428021 0.744851 -5.863677 0.073972 0.543554 0.012631 0.836013
1520616764.761081934 -2.221885 0.793734 -6.010270 0.076092 0.528657 0.014528 0.845293
1520616764.811082840 -2.038225 0.815904 -6.145585 0.076564 0.515483 0.015266 0.853336
1520616764.861084938 -1.923865 0.853869 -6.250348 0.079830 0.507605 0.010472 0.857820
1520616764.912136555 -1.864170 0.826944 -6.371168 0.080139 0.503263 0.002143 0.860407
1520616764.962138414 -1.826657 0.776152 -6.431193 0.078079 0.500449 -0.002556 0.862234
1520616765.012140274 -1.842476 0.767353 -6.471931 0.078249 0.500991 -0.004051 0.861898
1520616765.062141418 -1.912435 0.799239 -6.491029 0.081142 0.505265 -0.004046 0.859132
1520616765.112143278 -2.016154 0.830462 -6.504232 0.083382 0.512432 -0.004162 0.854660
1520616765.162144184 -2.139431 0.850721 -6.512243 0.083208 0.520355 0.000650 0.849886
1520616765.212146521 -2.254390 0.898112 -6.514198 0.083776 0.527676 0.010677 0.845237
1520616765.262148380 -2.405432 1.010169 -6.488965 0.089188 0.537256 0.019368 0.838466
1520616765.312943459 -2.545736 1.113955 -6.464736 0.094464 0.546071 0.025798 0.831996
1520616765.362945557 -2.671714 1.132735 -6.453663 0.094598 0.553841 0.029160 0.826717
1520616765.412946463 -2.798828 1.098845 -6.449358 0.091314 0.561686 0.031639 0.821687
1520616765.462948561 -2.933639 1.030731 -6.451432 0.085788 0.569738 0.034689 0.816600
1520616765.512949467 -3.061644 0.989322 -6.443926 0.083284 0.577502 0.034426 0.811400
1520616765.562951326 -3.146004 0.968925 -6.455521 0.082195 0.582538 0.032482 0.807984
1520616765.612954378 -3.090194 0.919520 -6.541364 0.078102 0.578499 0.034905 0.811185
1520616765.662954569 -2.919999 0.926296 -6.668989 0.077015 0.567315 0.040013 0.818914
1520616765.712478876 -2.733150 1.074135 -6.773853 0.085976 0.555250 0.041818 0.826170
1520616765.762481213 -2.543446 1.179205 -6.877821 0.091587 0.543099 0.044274 0.833484
1520616765.812484026 -2.338728 1.232889 -6.990337 0.093255 0.530254 0.047027 0.841381
1520616765.862483263 -2.189372 1.266491 -7.079954 0.094869 0.520936 0.045722 0.847075
1520616765.912485123 -2.084185 1.309079 -7.149776 0.098600 0.514852 0.039021 0.850696
1520616765.962517023 -2.003121 1.270561 -7.229094 0.097193 0.510096 0.031918 0.854012
1520616766.012488127 -1.906015 1.150660 -7.325834 0.090260 0.504410 0.026753 0.858317
1520616766.062489033 -1.845809 1.054634 -7.403651 0.084881 0.500926 0.022823 0.861016
1520616766.111555099 -1.862686 0.974533 -7.455540 0.080667 0.501868 0.019367 0.860957
1520616766.161556244 -1.909579 0.940938 -7.489450 0.079161 0.504961 0.015642 0.859362
1520616766.211558104 -2.003251 0.896092 -7.513032 0.074144 0.509871 0.022215 0.856762
1520616766.261559963 -2.060769 0.938936 -7.530962 0.074124 0.513166 0.030590 0.854535
1520616766.311561108 -2.200399 0.981360 -7.524366 0.074709 0.520965 0.036443 0.849521
1520616766.361563206 -2.372358 0.995944 -7.508652 0.074510 0.530634 0.038837 0.843426
1520616766.411564112 -2.548236 0.944051 -7.498001 0.070348 0.540435 0.040683 0.837452
1520616766.461566210 -2.714658 0.842555 -7.491790 0.063039 0.549684 0.043438 0.831857
1520616766.510795593 -2.869546 0.741077 -7.485080 0.056913 0.558631 0.042789 0.826354
1520616766.560797453 -3.041674 0.656348 -7.462541 0.051097 0.567839 0.045511 0.820291
1520616766.610798359 -3.167320 0.580314 -7.454766 0.046615 0.574881 0.046144 0.815604
1520616766.660800457 -3.233982 0.512537 -7.469547 0.042371 0.578543 0.046959 0.813196
1520616766.710802317 -3.239634 0.519455 -7.503877 0.042104 0.578807 0.048945 0.812905
1520616766.760803223 -3.265264 0.634469 -7.520411 0.048606 0.579872 0.050783 0.811669
1520616766.810805559 -3.257128 0.734659 -7.550776 0.054133 0.579271 0.051790 0.811685
1520616766.860806465 -3.195736 0.775449 -7.610229 0.055662 0.575731 0.053028 0.814017
1520616766.910776615 -3.153033 0.781841 -7.665071 0.056027 0.573464 0.050487 0.815752
1520616766.960778475 -3.186917 0.787678 -7.686307 0.058091 0.575573 0.041798 0.814613
1520616767.010780334 -3.277209 0.722786 -7.690423 0.055857 0.580798 0.033343 0.811445
1520616767.060781479 -3.421072 0.572216 -7.676927 0.048301 0.588704 0.026819 0.806459
1520616767.110782385 -3.612606 0.445675 -7.635579 0.041713 0.598880 0.022674 0.799430
1520616767.160784483 -3.880436 0.388175 -7.544057 0.039163 0.613016 0.019194 0.788866
1520616767.210786581 -4.205333 0.352671 -7.407019 0.037486 0.630057 0.017632 0.775443
1520616767.260787487 -4.511859 0.293061 -7.265462 0.033720 0.646032 0.020385 0.762292
1520616767.310789347 -4.822914 0.264113 -7.098844 0.031224 0.662385 0.027090 0.748022
1520616767.361924648 -5.210767 0.358441 -6.845388 0.036592 0.682753 0.030963 0.729075
1520616767.411925554 -5.557211 0.472419 -6.593232 0.043101 0.701169 0.035765 0.710792
1520616767.461927652 -5.892006 0.526631 -6.327566 0.046408 0.719080 0.040146 0.692213
1520616767.511929512 -6.193292 0.460705 -6.075519 0.043175 0.735555 0.042866 0.674727
1520616767.561930418 -6.458913 0.290810 -5.844375 0.034100 0.750373 0.043907 0.658673
1520616767.611988544 -6.725467 0.091045 -5.584341 0.023731 0.765687 0.044154 0.641258
1520616767.661933661 -6.970832 -0.089410 -5.317331 0.014480 0.780049 0.046737 0.623802
1520616767.711935520 -7.175900 -0.240214 -5.073026 0.007035 0.792372 0.050958 0.607866
1520616767.762353420 -7.362403 -0.322355 -4.830098 0.003636 0.803947 0.052672 0.592353
1520616767.812355280 -7.554782 -0.375023 -4.557821 0.001772 0.815981 0.053965 0.575551
1520616767.862357616 -7.736688 -0.442164 -4.274671 -0.001327 0.827796 0.052564 0.558560
1520616767.912358284 -7.897435 -0.516919 -3.998817 -0.005458 0.838769 0.047324 0.542400
1520616767.962360620 -8.092186 -0.611043 -3.611190 -0.010619 0.852718 0.042938 0.520496
1520616768.012361526 -8.311012 -0.653404 -3.096475 -0.012604 0.869526 0.038521 0.492221
1520616768.062363386 -8.525831 -0.616646 -2.493802 -0.010010 0.887461 0.034459 0.459483
1520616768.112364531 -8.684582 -0.579462 -1.924690 -0.007061 0.902977 0.032470 0.428402
1520616768.160436153 -8.797402 -0.469880 -1.416973 0.001138 0.915333 0.037814 0.400916
1520616768.210437059 -8.812599 -0.450598 -1.320034 0.009335 0.926770 0.043120 0.373028
1520616768.260439396 -8.812599 -0.450598 -1.320034 0.009335 0.926770 0.043120 0.373028
1520616768.310441256 -8.809559 -0.454454 -1.339422 0.009335 0.926770 0.043120 0.373028
1520616768.360442162 -0.208429 -0.096092 -0.973305 -0.004958 0.064634 -0.009482 0.997852
1520616768.410444260 -0.299341 0.013769 -1.410308 -0.007231 0.103639 -0.013895 0.994492
1520616768.460445166 -0.435831 0.090182 -1.815457 -0.005913 0.141058 -0.017067 0.989837
1520616768.510447025 -0.559508 0.162505 -2.215005 -0.002331 0.173198 -0.014684 0.984775
1520616768.559714317 -0.670512 0.214744 -2.639214 -0.000484 0.198265 -0.009055 0.980106
1520616768.609716177 -0.866327 0.236740 -3.060818 -0.001168 0.223547 -0.005233 0.974679
1520616768.659717321 -1.073074 0.171286 -3.491189 -0.003039 0.244061 -0.003702 0.969748
1520616768.709719181 -1.296170 0.098382 -3.914386 -0.004621 0.261139 -0.003760 0.965283
1520616768.759721279 -1.491697 0.055176 -4.330366 -0.006056 0.274379 -0.005316 0.961588
1520616768.809722424 -1.638532 0.070678 -4.751022 -0.007646 0.282973 -0.005320 0.959083
1520616768.859723330 -1.698996 0.083466 -5.207623 -0.009072 0.286866 -0.007179 0.957901
1520616768.909724236 -1.812600 0.086394 -5.663641 -0.012575 0.290334 -0.011647 0.956772
1520616768.959624052 -1.894083 0.047186 -6.122225 -0.019805 0.289493 -0.015029 0.956857
1520616769.009624720 -2.020672 -0.007308 -6.565643 -0.029715 0.293060 -0.017378 0.955474
1520616769.059627056 -2.350158 -0.118138 -6.923267 -0.041015 0.310910 -0.019654 0.949350
1520616769.109628916 -2.808705 -0.181202 -7.217694 -0.050504 0.336640 -0.017613 0.940113
1520616769.159633875 -3.291597 -0.288586 -7.445895 -0.058902 0.365872 -0.012551 0.928715
1520616769.209631920 -3.741903 -0.465237 -7.665752 -0.065085 0.393163 -0.006525 0.917139
1520616769.259711981 -4.210676 -0.631311 -7.858930 -0.067585 0.419936 -0.001033 0.905033
1520616769.309634924 -4.663347 -0.728659 -7.976962 -0.067700 0.447977 0.003692 0.891471
1520616769.359636068 -5.214428 -0.766204 -8.049358 -0.066932 0.478337 0.009188 0.875574
1520616769.409698486 -5.836719 -0.784715 -8.034364 -0.066210 0.511084 0.013944 0.856864
1520616769.459700584 -6.552514 -0.718735 -7.803240 -0.064007 0.551345 0.014275 0.831696
1520616769.509701729 -7.200851 -0.688293 -7.507705 -0.061965 0.589840 0.013997 0.805017
1520616769.559703588 -7.757743 -0.622370 -7.217086 -0.058233 0.623582 0.018132 0.779375
1520616769.609704494 -8.201240 -0.508058 -6.976964 -0.051926 0.652415 0.022927 0.755734
1520616769.659706593 -8.532772 -0.519529 -6.816505 -0.048859 0.676330 0.026656 0.734493
1520616769.709707499 -8.854934 -0.575625 -6.675850 -0.048474 0.698203 0.028391 0.713693
1520616769.759709597 -9.201318 -0.712205 -6.540000 -0.049941 0.718810 0.027541 0.692863
1520616769.810701132 -9.286557 -0.746428 -6.500464 -0.051365 0.738798 0.026666 0.671437
1520616769.860703230 -9.286557 -0.746428 -6.500464 -0.051365 0.738798 0.026666 0.671437
1520616769.910705090 -9.269509 -0.739583 -6.508372 -0.051365 0.738798 0.026666 0.671437
1520616769.960705996 -9.255871 -0.734108 -6.514697 -0.051365 0.738798 0.026666 0.671437
1520616770.010708332 -9.244960 -0.729727 -6.519758 -0.051365 0.738798 0.026666 0.671437
1520616770.060710192 0.056950 0.040346 -0.997561 -0.003567 0.055405 -0.025793 0.998124
1520616770.110711336 0.039666 0.070188 -1.240037 -0.010826 0.068082 -0.031885 0.997111
1520616770.160712242 0.032716 0.068690 -1.489694 -0.014314 0.080601 -0.035736 0.996003
1520616770.211903811 0.027403 0.067451 -1.589545 -0.017800 0.093105 -0.039580 0.994710
1520616770.261905670 0.027403 0.067451 -1.589545 -0.017800 0.093105 -0.039580 0.994710
1520616770.311907768 0.028466 0.067699 -1.569575 -0.017800 0.093105 -0.039580 0.994710
1520616770.361908674 0.029316 0.067897 -1.553599 -0.017800 0.093105 -0.039580 0.994710
1520616770.411910772 0.029996 0.068056 -1.540818 -0.017800 0.093105 -0.039580 0.994710
1520616770.461911917 0.030540 0.068183 -1.530593 -0.017800 0.093105 -0.039580 0.994710
1520616770.511913776 -0.120915 -0.253208 -0.959826 -0.020329 -0.007349 -0.013445 0.999676
1520616770.561914682 -0.123290 -0.270278 -1.152577 -0.028818 -0.019050 -0.009068 0.999362
1520616770.612808228 -0.136339 -0.356881 -1.308419 -0.045711 -0.028105 -0.007141 0.998534
1520616770.662810326 -0.153689 -0.427243 -1.476593 -0.059988 -0.039506 -0.006168 0.997398
1520616770.712812185 -0.123071 -0.511380 -1.655176 -0.072858 -0.059053 -0.004175 0.995584
1520616770.762813091 -0.085564 -0.604684 -1.835797 -0.083675 -0.081659 -0.002060 0.993139
1520616770.812815428 -0.017077 -0.691596 -2.024706 -0.091365 -0.108134 -0.000161 0.989929
1520616770.862817287 0.095840 -0.773286 -2.216496 -0.097101 -0.140168 -0.001437 0.985354
1520616770.912921429 0.243080 -0.845184 -2.408020 -0.100797 -0.178446 -0.005090 0.978760
1520616770.962820292 0.419826 -0.917119 -2.577426 -0.106868 -0.220862 -0.011154 0.969368
1520616771.012594700 0.560388 -0.968978 -2.739270 -0.114080 -0.259628 -0.017864 0.958780
1520616771.062596798 0.755491 -0.962800 -2.882127 -0.119842 -0.303089 -0.027250 0.945004
1520616771.112597704 1.014921 -0.934983 -3.005025 -0.122514 -0.353317 -0.028264 0.927016
1520616771.162599564 1.290175 -0.916309 -3.103056 -0.123572 -0.403605 -0.030159 0.906048
1520616771.212600946 1.593178 -0.844788 -3.172441 -0.119899 -0.452082 -0.037555 0.883083
1520616771.262602806 1.895526 -0.786890 -3.194007 -0.116832 -0.499018 -0.048750 0.857295
1520616771.312603712 2.210067 -0.808251 -3.183820 -0.117941 -0.545262 -0.059779 0.827772
1520616771.362605810 2.498919 -0.866611 -3.139769 -0.125400 -0.586833 -0.070123 0.796859
1520616771.411128283 2.703301 -1.020994 -3.110361 -0.141282 -0.622949 -0.077750 0.765460
1520616771.461130142 2.911302 -1.165670 -2.999015 -0.156909 -0.658326 -0.075433 0.732323
1520616771.511132240 3.160071 -1.252120 -2.845847 0.169084 0.695120 0.071456 -0.695063
1520616771.561133385 3.389789 -1.314258 -2.647490 0.175432 0.731177 0.068571 -0.655669
1520616771.611135244 3.633153 -1.308521 -2.424725 0.173536 0.766217 0.074196 -0.614240
1520616771.661136150 3.821356 -1.305122 -2.195004 0.166993 0.798901 0.082048 -0.571961
1520616771.711138248 3.969102 -1.308066 -1.955348 0.160001 0.828692 0.087106 -0.529227
1520616771.761139154 4.117168 -1.306308 -1.654484 0.154423 0.858329 0.089315 -0.481090
1520616771.811141014 4.230576 -1.313566 -1.309603 0.150425 0.886423 0.088683 -0.428676
1520616771.860009193 4.250454 -1.313608 -1.211598 0.145893 0.911367 0.087735 -0.374738
1520616771.910011292 4.250454 -1.313608 -1.211598 0.145893 0.911367 0.087735 -0.374738
1520616771.960012197 -0.425087 -0.071483 -0.902325 -0.004892 -0.055120 -0.001462 0.998467
1520616772.010014296 -0.741322 -0.078951 -1.792052 -0.006169 -0.107598 -0.003024 0.994171
1520616772.060015440 -1.019448 -0.209999 -2.722134 -0.006428 -0.157587 -0.005242 0.987470
1520616772.110017300 -1.208602 -0.339837 -3.647791 -0.007579 -0.203560 -0.007573 0.979004
1520616772.160018444 -1.265120 -0.257893 -4.481431 -0.006759 -0.248126 -0.006671 0.968681
1520616772.210020304 -1.206589 -0.102404 -5.320171 -0.005218 -0.289515 -0.004272 0.957150
1520616772.259750128 -1.115188 -0.311907 -6.295622 -0.008653 -0.324652 -0.007443 0.945765
1520616772.309751987 -0.830405 -0.506161 -7.239378 -0.013906 -0.359250 -0.010670 0.933077
1520616772.359752893 -0.424189 -0.711122 -8.163924 -0.018234 -0.392187 -0.011293 0.919635
1520616772.409755230 -0.083010 -0.872014 -9.033879 -0.020196 -0.420261 -0.009433 0.907129
1520616772.459757090 0.135852 -1.049650 -9.862720 -0.020813 -0.442013 -0.003742 0.896759
1520616772.509758949 0.227347 -1.189531 -10.686351 -0.020826 -0.456581 0.005149 0.889423
1520616772.559759140 0.262552 -1.239428 -11.477973 -0.017565 -0.466147 0.017463 0.884360
1520616772.609761000 0.277754 -1.291526 -12.278353 -0.014295 -0.475149 0.027316 0.879365
1520616772.659722090 0.210113 -1.164341 -13.059963 -0.010406 -0.483713 0.031322 0.874604
1520616772.709722996 0.415509 -1.142471 -13.865271 -0.007594 -0.496688 0.034758 0.867200
1520616772.759724855 0.765074 -1.040970 -14.669055 -0.006090 -0.512689 0.033173 0.857912
1520616772.809726000 1.219408 -1.014550 -15.473663 -0.006925 -0.529903 0.029622 0.847512
1520616772.859727859 1.834425 -1.055980 -16.293854 -0.009206 -0.549874 0.026231 0.834785
1520616772.909729004 2.742045 -1.056358 -17.080280 -0.010277 -0.572407 0.023028 0.819582
1520616772.959730864 3.475895 -1.122610 -17.878221 -0.011049 -0.592414 0.019464 0.805323
1520616773.009731770 4.443576 -1.156933 -18.601541 -0.013206 -0.613781 0.014203 0.789238
1520616773.060005426 5.456921 -1.345267 -19.292671 -0.019063 -0.635008 0.010864 0.772194
1520616773.110007286 6.396010 -1.601845 -19.925467 -0.027661 -0.654058 0.009123 0.755883
1520616773.160008430 7.408071 -1.657655 -20.465570 -0.033028 -0.673682 0.009481 0.738222
1520616773.210010290 8.500184 -1.648727 -20.925648 -0.035664 -0.693323 0.010732 0.719664
1520616773.260011196 9.516984 -1.408726 -21.372710 0.035747 0.711094 -0.007167 -0.702151
1520616773.310013533 10.499413 -1.089114 -21.775556 0.035273 0.727596 0.000284 -0.685098
1520616773.360015392 11.654085 -1.026692 -22.135755 0.038820 0.744611 0.008894 -0.666310
1520616773.410016298 12.823805 -1.115360 -22.461606 0.043186 0.760090 0.014429 -0.648221
1520616773.461805344 12.920951 -1.123880 -22.483745 0.047526 0.775100 0.019954 -0.629733
1520616773.511806250 12.920951 -1.123880 -22.483745 0.047526 0.775100 0.019954 -0.629733
1520616773.561808348 12.901522 -1.122176 -22.479317 0.047526 0.775100 0.019954 -0.629733
1520616773.611810207 12.885978 -1.120813 -22.475775 0.047526 0.775100 0.019954 -0.629733
1520616773.661811113 12.873544 -1.119722 -22.472941 0.047526 0.775100 0.019954 -0.629733
1520616773.711813450 12.863596 -1.118850 -22.470674 0.047526 0.775100 0.019954 -0.629733
1520616773.761815310 12.855638 -1.118152 -22.468860 0.047526 0.775100 0.019954 -0.629733
1520616773.811816216 12.849271 -1.117593 -22.467409 0.047526 0.775100 0.019954 -0.629733
1520616773.863090992 12.844178 -1.117146 -22.466248 0.047526 0.775100 0.019954 -0.629733
1520616773.913092852 12.844178 -1.117146 -22.466248 0.047526 0.775100 0.019954 -0.629733
1520616773.963093758 12.840104 -1.116789 -22.465320 0.047526 0.775100 0.019954 -0.629733
1520616774.013095856 12.836844 -1.116503 -22.464577 0.047526 0.775100 0.019954 -0.629733
1520616774.063096762 12.834236 -1.116274 -22.463983 0.047526 0.775100 0.019954 -0.629733
1520616774.113098860 12.832150 -1.116091 -22.463507 0.047526 0.775100 0.019954 -0.629733
1520616774.163100958 12.830481 -1.115945 -22.463127 0.047526 0.775100 0.019954 -0.629733
1520616774.213101864 12.829146 -1.115828 -22.462823 0.047526 0.775100 0.019954 -0.629733
1520616774.263103724 12.828078 -1.115734 -22.462579 0.047526 0.775100 0.019954 -0.629733
1520616774.312895060 12.827223 -1.115659 -22.462385 0.047526 0.775100 0.019954 -0.629733
1520616774.362896919 12.826540 -1.115599 -22.462229 0.047526 0.775100 0.019954 -0.629733
1520616774.412898064 0.195529 0.117845 -0.973592 -0.002211 -0.002898 0.045594 0.998953
1520616774.462899923 0.192659 0.133990 -1.071926 -0.002826 0.006189 0.041804 0.999103
1520616774.512900829 0.181227 0.136607 -1.176991 -0.007082 0.017901 0.042828 0.998897
1520616774.562902927 0.158328 0.128952 -1.281686 -0.012578 0.033733 0.045499 0.998315
1520616774.612903833 0.127696 0.122099 -1.381970 -0.016237 0.052012 0.049790 0.997272
1520616774.662905931 0.078094 0.120909 -1.488250 -0.019102 0.074875 0.051220 0.995693
1520616774.713839531 0.020255 0.102686 -1.582868 -0.023154 0.100922 0.054938 0.993106
1520616774.763840675 -0.065791 0.111003 -1.683310 -0.023499 0.129064 0.060621 0.989503
1520616774.813842773 -0.149359 0.132554 -1.764775 -0.019083 0.156953 0.064095 0.985339
1520616774.863843679 -0.235961 0.151323 -1.844974 -0.014711 0.186681 0.065171 0.980146
1520616774.913845778 -0.331984 0.186897 -1.923726 -0.010282 0.217215 0.061772 0.974113
1520616774.963847637 -0.422351 0.216463 -2.002957 -0.008755 0.246935 0.054123 0.967480
1520616775.013848543 -0.512956 0.227608 -2.088582 -0.012939 0.275117 0.044624 0.960287
1520616775.063850641 -0.599892 0.195936 -2.173376 -0.022422 0.298762 0.034018 0.953457
1520616775.116383314 -0.622127 0.179099 -2.282544 -0.029439 0.316915 0.022735 0.947724
1520616775.166384220 -0.655696 0.185509 -2.394980 -0.027645 0.331445 0.012497 0.942987
1520616775.216386080 -0.699106 0.223063 -2.519529 -0.022568 0.339683 0.007843 0.940237
1520616775.266387224 -0.689698 0.241700 -2.611234 -0.015830 0.340078 0.001774 0.940262
1520616775.316389084 -0.662171 0.298396 -2.721598 -0.005678 0.338925 -0.008608 0.940757
1520616775.366390944 -0.641929 0.373034 -2.805908 0.003267 0.338422 -0.017633 0.940824
1520616775.416392088 -0.598472 0.407081 -2.911495 0.006874 0.333038 -0.025980 0.942530
1520616775.466395140 -0.524573 0.413701 -3.022641 0.006941 0.323743 -0.034298 0.945498
1520616775.518124104 -0.466441 0.441841 -3.146770 0.008685 0.315602 -0.047744 0.947650
1520616775.568128109 -0.397088 0.426886 -3.264274 0.008656 0.307607 -0.062611 0.949412
1520616775.618127108 -0.328386 0.406972 -3.381464 0.007059 0.298351 -0.075628 0.951429
1520616775.668128014 -0.262095 0.352661 -3.497300 0.002775 0.288290 -0.086021 0.953667
1520616775.718130112 -0.178760 0.320062 -3.608605 -0.001021 0.276672 -0.092676 0.956485
1520616775.768131018 -0.108957 0.272108 -3.714587 -0.005224 0.266601 -0.097768 0.958821
1520616775.818147182 -0.014407 0.267421 -3.824342 -0.006154 0.255475 -0.103213 0.961271
1520616775.868135214 0.062805 0.236586 -3.925767 -0.010063 0.243276 -0.103555 0.964361
1520616775.918136120 0.165136 0.202472 -4.021385 -0.015871 0.230085 -0.101200 0.967764
1520616775.968137980 0.276158 0.186486 -4.116614 -0.021152 0.215957 -0.096867 0.971356
1520616776.018139124 0.384991 0.161461 -4.208914 -0.026012 0.200639 -0.093659 0.974831
1520616776.068140984 0.529545 0.133719 -4.290223 -0.029084 0.182864 -0.095229 0.978083
1520616776.118142128 0.692990 0.064464 -4.371255 -0.034693 0.162983 -0.096753 0.981260
1520616776.168144226 0.866823 -0.025700 -4.452734 -0.041905 0.141000 -0.095774 0.984475
1520616776.218145132 1.041055 -0.096328 -4.524561 -0.047703 0.119563 -0.094916 0.987127
1520616776.268147230 1.237137 -0.129331 -4.580600 -0.050814 0.096405 -0.090288 0.989935
1520616776.318193436 1.442602 -0.122716 -4.624088 -0.050129 0.073425 -0.084621 0.992439
1520616776.368176222 1.596251 -0.071206 -4.673326 -0.044945 0.056584 -0.080604 0.994123
1520616776.418178082 1.743620 0.031908 -4.721004 -0.036021 0.042086 -0.073841 0.995730
1520616776.468179226 1.865950 0.123189 -4.768723 -0.029577 0.028606 -0.063909 0.997107
1520616776.518181086 1.954011 0.190946 -4.826768 -0.026651 0.019028 -0.055762 0.997907
1520616776.568181992 2.002055 0.221086 -4.900171 -0.026539 0.014141 -0.050885 0.998252
1520616776.618184090 2.015401 0.226968 -4.997831 -0.027991 0.013613 -0.046829 0.998418
1520616776.668186188 1.968714 0.213947 -5.119093 -0.030409 0.019124 -0.044206 0.998376
1520616776.718187094 1.870193 0.210886 -5.263113 -0.033023 0.029776 -0.038225 0.998279
1520616776.767155170 1.696161 0.203584 -5.431770 -0.036203 0.046785 -0.031825 0.997741
1520616776.817157030 1.388739 0.194760 -5.637143 -0.038826 0.074719 -0.026163 0.996105
1520616776.867158175 1.060871 0.228502 -5.812387 -0.038522 0.103632 -0.019136 0.993685
1520616776.917160273 0.716215 0.307013 -5.958810 -0.035251 0.132639 -0.009661 0.990490
1520616776.967161417 0.329515 0.344812 -6.085841 -0.033603 0.164795 -0.006635 0.985733
1520616777.017162323 -0.042362 0.351450 -6.185062 -0.034892 0.195836 -0.006155 0.979996
1520616777.067164183 -0.431180 0.321615 -6.260966 -0.038592 0.227774 -0.007860 0.972917
1520616777.117166281 -0.814905 0.257680 -6.315460 -0.043959 0.258112 -0.010642 0.965056
1520616777.166659117 -1.147261 0.188238 -6.365362 -0.048969 0.284132 -0.015287 0.957412
1520616777.216660976 -1.406763 0.131097 -6.418032 -0.052239 0.304434 -0.022904 0.950824
1520616777.266661882 -1.597134 0.117658 -6.475982 -0.052247 0.319057 -0.034114 0.945679
1520616777.316663980 -1.665025 0.102988 -6.564575 -0.051549 0.324065 -0.048105 0.943404
1520616777.366666079 -1.618831 0.099157 -6.682847 -0.050230 0.320935 -0.060894 0.943806
1520616777.416666985 -1.546352 0.121623 -6.803728 -0.046494 0.314920 -0.075454 0.944971
1520616777.466703892 -1.435325 0.227751 -6.928215 -0.037721 0.307972 -0.089656 0.946410
1520616777.516669989 -1.236809 0.333310 -7.064767 -0.028531 0.295496 -0.100810 0.949582
1520616777.566918135 -1.005977 0.423571 -7.202330 -0.020236 0.280649 -0.109812 0.953293
1520616777.616919041 -0.814326 0.524386 -7.323177 -0.011045 0.269001 -0.121831 0.955339
1520616777.666921139 -0.647674 0.582499 -7.441637 -0.004200 0.259407 -0.134348 0.956369
1520616777.716922045 -0.479936 0.580735 -7.563069 -0.001206 0.249206 -0.145525 0.957454
1520616777.766924143 -0.294625 0.516449 -7.691094 -0.001760 0.237182 -0.155895 0.958873
1520616777.816925287 -0.126540 0.404805 -7.817165 -0.005503 0.225196 -0.165608 0.960120
1520616777.866927147 0.080011 0.221339 -7.937202 -0.013409 0.210589 -0.175239 0.961646
1520616777.916929007 0.371324 -0.026542 -8.047644 -0.023866 0.189464 -0.186513 0.963715
1520616777.965325832 0.710901 -0.272742 -8.144584 -0.033421 0.165203 -0.195260 0.966160
1520616778.015327692 1.091591 -0.463280 -8.200291 -0.038949 0.139410 -0.203396 0.968338
1520616778.065328598 1.548893 -0.599456 -8.221767 -0.040757 0.109804 -0.208619 0.970958
1520616778.115330935 2.021107 -0.682460 -8.210487 -0.038686 0.079759 -0.214153 0.972769
1520616778.165331602 2.539606 -0.756961 -8.155960 -0.035147 0.047373 -0.219588 0.973808
1520616778.215333700 3.099137 -0.890741 -8.047511 -0.034781 0.010930 -0.221344 0.974514
1520616778.265335798 3.692199 -1.034904 -7.880732 -0.036313 -0.028041 -0.219818 0.974461
1520616778.315336704 4.197374 -1.257499 -7.687473 -0.042517 -0.064294 -0.219815 0.972492
1520616778.362357855 4.661632 -1.447442 -7.471599 -0.049506 -0.098764 -0.216222 0.970074
1520616778.412359715 5.217604 -1.620523 -7.155348 -0.056098 -0.139642 -0.210539 0.965933
1520616778.462360859 5.699227 -1.739631 -6.844064 -0.061609 -0.175357 -0.203745 0.961219
1520616778.512361765 6.189603 -1.681346 -6.510703 -0.062318 -0.210406 -0.188201 0.957301
1520616778.562363625 6.672871 -1.596542 -6.128294 -0.061751 -0.246619 -0.173277 0.951494
1520616778.612364769 7.075290 -1.525021 -5.763634 -0.063179 -0.278947 -0.158637 0.945003
1520616778.662366629 7.422235 -1.424270 -5.423386 -0.064854 -0.307583 -0.142874 0.938495
1520616778.712368727 7.742225 -1.269669 -5.085057 -0.063874 -0.334807 -0.127754 0.931399
1520616778.762369871 8.003816 -1.119136 -4.796169 -0.062838 -0.358459 -0.112949 0.924554
1520616778.810536385 8.214814 -1.008367 -4.571993 -0.063370 -0.377242 -0.099986 0.918518
1520616778.860534430 8.362623 -0.888917 -4.421060 -0.064586 -0.390843 -0.087810 0.913980
1520616778.910535574 8.469211 -0.767736 -4.346439 -0.069583 -0.400376 -0.071161 0.910930
1520616778.960536480 8.521334 -0.669416 -4.376238 -0.076139 -0.404202 -0.054217 0.909881
1520616779.010538578 8.517617 -0.552706 -4.513912 -0.079363 -0.402106 -0.040658 0.911241
1520616779.060540676 8.490542 -0.378982 -4.691504 -0.078942 -0.397736 -0.026085 0.913725
1520616779.110597610 8.407548 -0.217982 -4.945550 -0.076358 -0.388831 -0.015337 0.918011
1520616779.160543442 8.320005 -0.106952 -5.198101 -0.074464 -0.379648 -0.005914 0.922111
1520616779.209789038 8.231942 0.057366 -5.435343 -0.067228 -0.370604 -0.000740 0.926354
1520616779.259790897 8.140411 0.185557 -5.663089 -0.059754 -0.361970 0.001374 0.930272
1520616779.309792042 8.062110 0.256233 -5.870058 -0.055044 -0.354401 0.002802 0.933468
1520616779.359793901 7.972982 0.263637 -6.090084 -0.053662 -0.346072 0.003893 0.936664
1520616779.409794807 7.844905 0.286499 -6.351493 -0.053469 -0.335312 0.007987 0.940555
1520616779.459796906 7.684799 0.309458 -6.639838 -0.054980 -0.323063 0.015704 0.944649
1520616779.509799004 7.524143 0.374588 -6.913622 -0.055277 -0.311564 0.024726 0.948294
1520616779.559799910 7.387566 0.413348 -7.156339 -0.054663 -0.301479 0.029495 0.951447
1520616779.609575510 7.270561 0.472542 -7.377625 -0.050760 -0.291969 0.029707 0.954618
1520616779.659576416 7.039325 0.572202 -7.690662 -0.046331 -0.275990 0.032027 0.959509
1520616779.709578276 6.815507 0.621315 -7.975414 -0.045531 -0.261571 0.036865 0.963405
1520616779.759579420 6.646463 0.707240 -8.200350 -0.043646 -0.250952 0.043218 0.966049
1520616779.809581280 6.453365 0.761649 -8.435261 -0.040636 -0.238780 0.043609 0.969243
1520616779.859583139 6.245929 0.793733 -8.673983 -0.039191 -0.225944 0.045458 0.972290
1520616779.909584284 5.947947 0.693568 -8.977490 -0.040959 -0.207382 0.040059 0.976581
1520616779.959586382 5.554202 0.585288 -9.324783 -0.042495 -0.183755 0.033543 0.981480
1520616780.010064602 5.046261 0.431536 -9.706126 -0.046682 -0.154932 0.028795 0.986401
1520616780.060065508 4.479394 0.218815 -10.083179 -0.054134 -0.124198 0.026454 0.990426
1520616780.110067606 3.822079 -0.011272 -10.444497 -0.063140 -0.089739 0.026287 0.993614
1520616780.160068512 3.116222 -0.268161 -10.759286 -0.073165 -0.054113 0.024732 0.995544
1520616780.210070610 2.328540 -0.529143 -11.027328 -0.082507 -0.015909 0.019851 0.996266
1520616780.260071754 1.420377 -0.694631 -11.238535 -0.088268 0.026905 0.013852 0.995637
1520616780.310073614 0.389951 -0.845828 -11.374510 -0.094315 0.073791 0.014830 0.992693
1520616780.360074520 -0.668172 -0.967704 -11.411572 -0.098796 0.121304 0.015280 0.987568
1520616780.411785364 -0.767411 -0.978404 -11.405481 -0.103050 0.168538 0.015694 0.980168
1520616780.461786270 -0.767411 -0.978404 -11.405481 -0.103050 0.168538 0.015694 0.980168
1520616780.511788607 0.491568 -0.118385 -0.862755 -0.008927 0.046359 0.004342 0.998875
1520616780.561790466 0.763744 -0.234516 -1.697730 -0.020323 0.096916 0.003680 0.995078
1520616780.611791372 0.961583 -0.383531 -2.513030 -0.033154 0.148776 0.002733 0.988311
1520616780.661796331 1.027415 -0.553760 -3.313329 -0.046555 0.201971 -0.000094 0.978284
1520616780.711794376 1.065885 -0.688306 -4.088297 -0.059361 0.260360 -0.006336 0.963664
1520616780.761875391 1.088097 -1.024037 -4.841607 -0.077575 0.319325 -0.012307 0.944385
1520616780.810660362 1.079250 -1.068297 -4.930841 -0.095462 0.376944 -0.018227 0.921123
1520616780.860662460 1.079250 -1.068297 -4.930841 -0.095462 0.376944 -0.018227 0.921123
1520616780.910663366 0.713363 -0.093004 -0.694595 -0.012549 0.067521 -0.002922 0.997635
1520616780.960665226 1.283398 -0.310788 -1.479791 -0.023316 0.138767 -0.011089 0.989988
1520616781.010666609 1.560795 -0.553497 -2.375732 -0.029698 0.213640 -0.021847 0.976217
1520616781.060668468 1.543641 -0.815726 -3.358761 -0.034883 0.287534 -0.033996 0.956531
1520616781.110670567 1.283740 -1.192956 -4.253128 -0.046391 0.360606 -0.042923 0.930574
1520616781.160671473 0.903023 -1.689437 -5.019006 -0.061119 0.430275 -0.052140 0.899116
1520616781.210673332 0.269514 -2.083566 -5.544700 -0.072054 0.499001 -0.064755 0.861170
1520616781.261108637 -1.193717 -2.607274 -5.912930 -0.079709 0.570672 -0.086149 0.812747
1520616781.311110735 -2.791115 -2.972529 -6.042979 -0.090577 0.636153 -0.098111 0.759920
1520616781.361111879 -3.282007 -2.805697 -5.876046 -0.095527 0.676552 -0.100139 0.723273
1520616781.411113739 -3.923095 -2.707710 -5.672272 -0.095485 0.714344 -0.107073 0.684931
1520616781.461115837 -4.387241 -2.613008 -5.464113 -0.093518 0.746379 -0.115055 0.648795
1520616781.511116743 -4.668466 -2.500355 -5.270765 -0.090709 0.772301 -0.122014 0.616794
1520616781.561118603 -4.937764 -2.329087 -5.119526 -0.083881 0.795171 -0.127077 0.586957
1520616781.611119986 -5.133096 -2.218511 -5.025694 -0.075925 0.813374 -0.130006 0.561923
1520616781.664535999 -5.209797 -2.171265 -4.982280 -0.067891 0.830739 -0.132801 0.536310
1520616781.714537144 -5.209797 -2.171265 -4.982280 -0.067891 0.830739 -0.132801 0.536310
1520616781.764540195 -5.194457 -2.180714 -4.990962 -0.067891 0.830739 -0.132801 0.536310
1520616781.814541101 -5.182185 -2.188274 -4.997909 -0.067891 0.830739 -0.132801 0.536310
1520616781.864543200 -5.172367 -2.194321 -5.003466 -0.067891 0.830739 -0.132801 0.536310
1520616781.914544106 0.513654 -0.082726 -0.854000 -0.003825 0.005838 -0.057859 0.998300
1520616781.964545250 0.591675 -0.121961 -1.072227 -0.002993 0.005985 -0.068637 0.997619
1520616782.014547110 0.646239 -0.152491 -1.293047 0.000156 0.004525 -0.075269 0.997153
1520616782.066580296 0.728112 -0.181912 -1.556798 0.006239 -0.001615 -0.082576 0.996564
1520616782.116582394 0.774573 -0.218209 -1.790428 0.014171 -0.012100 -0.089642 0.995800
1520616782.166584253 0.854847 -0.234565 -2.022084 0.022854 -0.028621 -0.096120 0.994696
1520616782.216585159 0.950364 -0.256589 -2.256286 0.028371 -0.049926 -0.101530 0.993174
1520616782.266587496 1.070197 -0.278666 -2.491531 0.028541 -0.075380 -0.109259 0.990740
1520616782.316588402 1.219305 -0.293305 -2.718252 0.026091 -0.105259 -0.113923 0.987553
1520616782.366590261 1.392078 -0.354514 -2.925499 0.021216 -0.139803 -0.107353 0.984114
1520616782.416692257 1.583751 -0.399736 -3.097031 0.014171 -0.174392 -0.099601 0.979523
1520616782.467311859 1.775551 -0.381905 -3.254331 0.008441 -0.208877 -0.089322 0.973818
1520616782.517313004 2.007319 -0.359680 -3.374749 0.003109 -0.242167 -0.080541 0.966881
1520616782.567314863 2.221458 -0.374098 -3.498691 -0.002890 -0.272716 -0.073639 0.959268
1520616782.617315769 2.460321 -0.411458 -3.620471 -0.008505 -0.302149 -0.064419 0.951044
1520616782.667318106 2.678788 -0.480975 -3.747910 -0.014742 -0.329674 -0.058426 0.942170
1520616782.717319965 2.916024 -0.512410 -3.865571 -0.017083 -0.355501 -0.052585 0.933039
1520616782.767320871 3.131432 -0.531584 -3.985313 -0.017877 -0.378375 -0.046013 0.924335
1520616782.817322969 3.396256 -0.586448 -4.082994 -0.021120 -0.401979 -0.038970 0.914575
1520616782.868397474 3.632665 -0.623240 -4.180876 -0.026302 -0.422415 -0.032771 0.905428
1520616782.918399572 3.755297 -0.681680 -4.321742 -0.033207 -0.434620 -0.022046 0.899731
1520616782.968400478 3.860455 -0.715396 -4.469195 -0.038994 -0.444621 -0.010583 0.894807
1520616783.018402576 3.964480 -0.725774 -4.631430 -0.042941 -0.451855 0.004327 0.891047
1520616783.068404436 4.071810 -0.685583 -4.807459 -0.043533 -0.457589 0.018332 0.887908
1520616783.118405342 4.094451 -0.651457 -5.038696 -0.042309 -0.457074 0.031489 0.887864
1520616783.168407440 4.050258 -0.579348 -5.324643 -0.038675 -0.451063 0.048996 0.890307
1520616783.218408346 3.965052 -0.618988 -5.648850 -0.038888 -0.439480 0.066580 0.894937
1520616783.268410444 3.760238 -0.640193 -6.040040 -0.038292 -0.419450 0.085536 0.902928
1520616783.318411589 3.437268 -0.747153 -6.472859 -0.041178 -0.390280 0.103223 0.913965
1520616783.368413448 2.991708 -0.889536 -6.922487 -0.045785 -0.353279 0.121314 0.926489
1520616783.418414354 2.348968 -1.187362 -7.338706 -0.057818 -0.305053 0.141759 0.939949
1520616783.468417645 1.592449 -1.493286 -7.674114 -0.071784 -0.250730 0.164797 0.951222
1520616783.518418550 0.721372 -1.934283 -7.878620 -0.089797 -0.189100 0.185386 0.960109
1520616783.568419218 -0.183847 -2.357912 -7.932582 -0.106047 -0.124286 0.197300 0.966633
1520616783.618421555 -1.078524 -2.700921 -7.898508 -0.116865 -0.061391 0.204538 0.969917
1520616783.668423414 -2.014107 -2.975178 -7.778204 -0.123719 0.000847 0.203275 0.971274
1520616783.718424559 -2.695720 -3.143505 -7.576041 -0.128470 0.049497 0.198013 0.970483
1520616783.768426418 -3.318869 -3.235861 -7.361955 -0.129740 0.092402 0.193268 0.968131
1520616783.818427324 -3.903167 -3.293204 -7.121178 -0.129807 0.131976 0.186486 0.964860
1520616783.868429661 -4.371434 -3.362250 -6.889112 -0.131608 0.165604 0.180605 0.960540
1520616783.918430567 -4.745341 -3.398408 -6.694655 -0.133420 0.192286 0.172426 0.956815
1520616783.968432426 -5.094408 -3.348559 -6.531613 -0.133708 0.215376 0.158457 0.954268
1520616784.018434525 -5.430824 -3.219041 -6.396736 -0.131641 0.236077 0.140982 0.952398
1520616784.068435431 -5.845573 -3.042133 -6.178617 -0.126584 0.262693 0.123653 0.948514
1520616784.118436337 -6.253764 -2.848658 -5.919637 -0.120674 0.290455 0.108223 0.943060
1520616784.168438435 -6.613865 -2.644099 -5.662994 -0.113489 0.316467 0.095386 0.936948
1520616784.218439341 -7.014094 -2.372392 -5.339459 -0.103680 0.345916 0.079881 0.929092
1520616784.268441439 -7.421926 -1.994744 -4.968214 -0.089956 0.377563 0.061474 0.919552
1520616784.318443537 -7.747432 -1.641852 -4.658015 -0.077190 0.403386 0.042908 0.910758
1520616784.368444443 -7.982298 -1.196796 -4.456006 -0.062371 0.422037 0.019776 0.904214
1520616784.418446302 -8.167473 -0.700646 -4.299001 -0.046946 0.437456 -0.006897 0.897987
1520616784.468447447 -8.267817 -0.259153 -4.265569 -0.035793 0.445135 -0.034160 0.894095
1520616784.518264294 -8.250428 0.028524 -4.398781 -0.031370 0.442742 -0.059279 0.894137
1520616784.568265200 -8.183795 0.322352 -4.655055 -0.027007 0.434211 -0.083844 0.896494
1520616784.618267298 -8.017148 0.644680 -5.043080 -0.019240 0.418636 -0.106400 0.901694
1520616784.668269396 -7.816542 0.902462 -5.460188 -0.012578 0.400992 -0.125158 0.907404
1520616784.718270302 -7.531216 1.029796 -5.963534 -0.008856 0.377356 -0.138678 0.915583
1520616784.768272400 -7.162708 1.076781 -6.532359 -0.007281 0.348413 -0.149259 0.925353
1520616784.818273306 -6.680046 1.086357 -7.131009 -0.006378 0.314480 -0.160586 0.935561
1520616784.868275166 -6.179084 1.048672 -7.687443 -0.005120 0.280720 -0.168076 0.944945
1520616784.918461323 -5.688356 1.006805 -8.178498 -0.002835 0.249516 -0.173843 0.952635
1520616784.968463421 -5.183942 0.958778 -8.623869 0.001027 0.218837 -0.176484 0.959668
1520616785.018465519 -4.660893 0.902142 -9.034749 0.004269 0.188756 -0.179174 0.965531
1520616785.068466425 -4.168803 0.809018 -9.383416 0.005913 0.160441 -0.179909 0.970493
1520616785.118468285 -3.569882 0.667391 -9.742765 0.005549 0.128221 -0.180785 0.975113
1520616785.168469429 -2.978679 0.467517 -10.052166 0.002078 0.096761 -0.180345 0.978830
1520616785.218471527 -2.356906 0.163037 -10.323930 -0.004906 0.063761 -0.175925 0.982324
1520616785.268473387 -1.661598 -0.057743 -10.559799 -0.008641 0.029459 -0.170435 0.984891
1520616785.318474531 -1.118245 -0.185419 -10.719001 -0.010057 0.002623 -0.167386 0.985837
1520616785.368476391 -0.641111 -0.259106 -10.843228 -0.009572 -0.020627 -0.166332 0.985808
1520616785.418477535 -0.205519 -0.397920 -10.944223 -0.011404 -0.042090 -0.165028 0.985324
1520616785.468479395 0.193281 -0.538258 -11.028144 -0.013837 -0.061864 -0.166888 0.983936
1520616785.518480301 0.559379 -0.662804 -11.098029 -0.016226 -0.080029 -0.168915 0.982242
1520616785.568482637 0.895182 -0.857296 -11.154377 -0.021437 -0.097011 -0.172480 0.979990
1520616785.618483543 1.226919 -1.034690 -11.197533 -0.026575 -0.113701 -0.180033 0.976706
1520616785.668485403 1.596291 -1.245436 -11.220016 -0.032615 -0.132059 -0.182197 0.973807
1520616785.718486547 2.075034 -1.378457 -11.210529 -0.035275 -0.153818 -0.174924 0.971852
1520616785.768488407 2.498173 -1.507272 -11.189923 -0.037826 -0.173564 -0.174777 0.968451
1520616785.818489313 2.897363 -1.633814 -11.152997 -0.040014 -0.192757 -0.178962 0.963959
1520616785.868491411 3.308753 -1.750769 -11.095481 -0.041691 -0.212306 -0.179290 0.959710
1520616785.918493509 3.834106 -1.839185 -10.990739 -0.041897 -0.236236 -0.174517 0.954977
1520616785.968494415 4.443190 -2.018265 -10.813156 -0.045478 -0.264519 -0.169322 0.948310
1520616786.018496513 5.038037 -2.289525 -10.579184 -0.052595 -0.293554 -0.167148 0.939745
1520616786.068497419 5.629476 -2.592511 -10.287372 -0.061264 -0.323175 -0.164106 0.929986
1520616786.118499279 6.251402 -2.934006 -9.910630 -0.071477 -0.355110 -0.160601 0.918148
1520616786.168500423 6.895302 -3.247129 -9.444437 -0.081108 -0.388804 -0.155584 0.904459
1520616786.218502283 7.505844 -3.557730 -8.926150 -0.091233 -0.421984 -0.150529 0.889352
1520616786.268504620 8.118815 -3.722981 -8.373391 -0.097040 -0.454531 -0.141494 0.874050
1520616786.318505526 8.785197 -3.695424 -7.741579 -0.095686 -0.489760 -0.131908 0.856492
1520616786.368507385 9.387551 -3.704948 -7.046634 -0.094942 -0.524370 -0.124380 0.836990
1520616786.418508530 9.887092 -3.663139 -6.401795 -0.092051 -0.554813 -0.119865 0.818133
1520616786.468510389 10.303049 -3.637385 -5.765351 -0.089720 -0.582685 -0.116844 0.799234
1520616786.518511295 10.655973 -3.643680 -5.131410 -0.090575 -0.608396 -0.110305 0.780694
1520616786.568513632 10.941161 -3.658988 -4.545202 -0.092555 -0.630993 -0.103618 0.763246
1520616786.618514538 11.128951 -3.716101 -4.069781 -0.095773 -0.648721 -0.099928 0.748333
1520616786.668516397 11.277006 -3.767693 -3.656872 -0.098701 -0.663756 -0.096329 0.735123
1520616786.718518496 11.350665 -3.870011 -3.353056 -0.103539 -0.674706 -0.095300 0.724548
1520616786.768520355 11.498603 -3.709272 -3.058192 -0.099921 -0.686467 -0.087475 0.714931
1520616786.818521261 11.663234 -3.440068 -2.787486 -0.091561 -0.697663 -0.079519 0.706088
1520616786.868523598 11.765920 -3.284520 -2.577014 0.086377 0.706436 0.076054 -0.698357
1520616786.918525457 11.880810 -3.030037 -2.391841 0.079052 0.714503 0.068345 -0.691784
1520616786.967437506 11.982295 -2.754100 -2.223349 0.071100 0.721088 0.060859 -0.686493
1520616787.017439842 12.082930 -2.470109 -2.022697 0.066079 0.728547 0.047391 -0.680152
1520616787.067444801 12.180239 -2.130696 -1.824985 0.060916 0.735734 0.030086 -0.673854
1520616787.117441893 12.239829 -1.944281 -1.645527 0.060246 0.741831 0.017182 -0.667654
1520616787.167443752 12.266962 -1.910239 -1.467477 0.062521 0.747711 0.011834 -0.660969
1520616787.217445612 12.314908 -1.839993 -1.135766 0.064042 0.757703 0.005104 -0.649429
1520616787.267446756 12.376235 -1.637515 -0.657906 0.061177 0.771542 -0.003844 -0.633218
1520616787.317462683 12.412929 -1.430224 -0.202738 0.055382 0.784810 -0.008462 -0.617198
1520616787.365852118 12.428848 -1.252068 0.208928 0.049120 0.796706 -0.010422 -0.602278
1520616787.415853024 12.422469 -1.137760 0.724963 0.046176 0.810341 -0.012149 -0.584011
1520616787.465855122 12.382399 -0.945465 1.233421 0.042739 0.823415 -0.018131 -0.565537
1520616787.515857220 12.318749 -0.836143 1.699680 0.045076 0.834754 -0.025804 -0.548168
1520616787.565858126 12.257833 -0.695340 2.061518 0.047969 0.843400 -0.036062 -0.533924
1520616787.615860224 12.205479 -0.500708 2.322888 0.047794 0.849913 -0.046314 -0.522704
1520616787.665861130 12.164969 -0.331561 2.468608 0.045679 0.854085 -0.053708 -0.515333
1520616787.715862989 12.138106 -0.230267 2.534169 0.042187 0.856798 -0.055773 -0.510888
1520616787.764108181 12.133777 -0.251576 2.599594 0.040274 0.859281 -0.052122 -0.507245
1520616787.814110279 12.139686 -0.235996 2.503676 0.033915 0.858988 -0.045651 -0.508828
1520616787.864112139 12.151932 -0.034452 2.390678 0.021230 0.858439 -0.043771 -0.510603
1520616787.914113283 12.165206 0.010048 2.259221 0.015357 0.857021 -0.039574 -0.513530
1520616787.964115143 12.189059 0.020466 2.069295 0.014145 0.854123 -0.038644 -0.518440
1520616788.014116049 12.217706 0.037525 1.838378 0.016760 0.850048 -0.042703 -0.524704
1520616788.064118385 12.246081 0.197730 1.579297 0.017091 0.845242 -0.053482 -0.531426
1520616788.114120245 12.259865 0.436401 1.340613 0.016103 0.840746 -0.068158 -0.536881
1520616788.164121151 12.263520 0.625416 1.144363 0.015774 0.837159 -0.080796 -0.540729
1520616788.212737322 12.265351 0.686510 1.032240 0.017889 0.835544 -0.088026 -0.542031
1520616788.262739182 12.252981 0.786977 1.008278 0.017587 0.836049 -0.094865 -0.540106
1520616788.312742472 12.234584 0.840296 1.104523 0.015722 0.839557 -0.095360 -0.534605
1520616788.362743378 12.230539 0.771494 1.141760 0.014679 0.841928 -0.089276 -0.531951
1520616788.412744284 12.222420 0.823468 1.109498 0.008204 0.842884 -0.084255 -0.531394
1520616788.462746382 12.198894 0.948812 1.115146 0.001631 0.844452 -0.084023 -0.528997
1520616788.512747288 12.187328 1.016666 1.155327 -0.001360 0.846612 -0.083674 -0.525591
1520616788.562749147 12.188035 1.031728 1.114222 -0.000353 0.846752 -0.086129 -0.524969
1520616788.611556292 12.202367 0.962506 1.065055 0.002418 0.846559 -0.085377 -0.525397
1520616788.661558390 12.212173 0.926521 0.955320 0.004162 0.845270 -0.085965 -0.527363
1520616788.711559057 12.217302 0.944034 0.794021 0.002519 0.842994 -0.086002 -0.530998
1520616788.761561394 12.224426 0.985590 0.586950 -0.000412 0.839733 -0.086364 -0.536088
1520616788.811563253 12.225974 1.056748 0.365950 -0.004721 0.836162 -0.086500 -0.541598
1520616788.861564159 12.224277 1.113701 0.133796 -0.008258 0.832297 -0.086441 -0.547487
1520616788.911565304 12.208557 1.249593 -0.205307 -0.015017 0.825892 -0.087559 -0.556786
1520616788.961603403 12.186966 1.379783 -0.626061 -0.021966 0.817360 -0.087893 -0.568960
1520616789.010904312 12.140249 1.528222 -1.104098 -0.029282 0.807219 -0.088890 -0.582784
1520616789.060905218 12.072711 1.755701 -1.523849 -0.038709 0.798027 -0.092446 -0.594229
1520616789.110907316 12.002087 1.884070 -1.938918 -0.044187 0.788783 -0.095358 -0.605620
1520616789.160908222 11.929340 2.025360 -2.266503 -0.049046 0.781490 -0.100452 -0.613822
1520616789.210910320 11.852526 2.162513 -2.560896 -0.052863 0.774923 -0.107709 -0.620563
1520616789.260911465 11.784640 2.234710 -2.838462 -0.054897 0.768856 -0.112516 -0.627047
1520616789.310913324 11.735275 2.310126 -3.013911 -0.057750 0.765399 -0.115342 -0.630496
1520616789.360914230 11.711903 2.372151 -3.084635 -0.060576 0.764752 -0.116033 -0.630890
1520616789.411003113 11.707706 2.357271 -3.143962 -0.061810 0.764634 -0.112144 -0.631616
1520616789.461004972 11.702237 2.364952 -3.213186 -0.064277 0.764247 -0.107616 -0.632624
1520616789.511006117 11.702815 2.363810 -3.246887 -0.066108 0.764673 -0.102876 -0.632710
1520616789.561008215 11.708382 2.396482 -3.245781 -0.068354 0.765888 -0.100522 -0.631378
1520616789.611009121 11.691141 2.387545 -3.349349 -0.068055 0.764431 -0.100287 -0.633211
1520616789.661011219 11.627031 2.398334 -3.577283 -0.066743 0.759481 -0.106299 -0.638306
1520616789.711012125 11.543885 2.454589 -3.854936 -0.066302 0.753078 -0.114603 -0.644471
1520616789.761013985 11.409572 2.504340 -4.258959 -0.066249 0.742990 -0.123766 -0.654415
1520616789.812219620 11.173862 2.641120 -4.800016 -0.070494 0.728249 -0.133557 -0.668466
1520616789.862221479 10.916519 2.642732 -5.410685 -0.070528 0.711004 -0.142434 -0.684991
1520616789.912223577 10.613450 2.603574 -6.042107 0.070163 -0.692238 0.149294 0.702564
1520616789.962224722 10.317227 2.616092 -6.574110 0.072498 -0.675755 0.153613 0.717288
1520616790.012227535 10.008134 2.653250 -7.064239 0.076966 -0.659794 0.153797 0.731501
1520616790.062228441 9.641814 2.674300 -7.594639 0.082305 -0.641494 0.148804 0.748044
1520616790.112229586 9.216606 2.756971 -8.121291 0.089893 -0.621786 0.145281 0.764326
1520616790.162231445 8.774024 2.881279 -8.601492 0.098321 -0.602434 0.144184 0.778857
1520616790.212306976 8.328485 2.903455 -9.069689 0.102257 -0.582909 0.145835 0.792776
1520616790.262307882 7.886367 2.859330 -9.513380 0.103346 -0.563676 0.150318 0.805601
1520616790.312308788 7.391264 2.807404 -9.959944 0.104739 -0.542778 0.153865 0.818992
1520616790.362310886 6.893462 2.822710 -10.347492 0.108801 -0.522885 0.159545 0.830241
1520616790.412312746 6.385687 2.802341 -10.714878 0.111841 -0.502687 0.163964 0.841376
1520616790.462313652 5.858805 2.750057 -11.068395 0.113781 -0.481753 0.167146 0.852661
1520616790.512315989 5.290000 2.681508 -11.410289 0.115354 -0.459432 0.167601 0.864596
1520616790.562316895 4.656739 2.579387 -11.746991 0.115892 -0.434755 0.166891 0.877328
1520616790.612377882 4.043639 2.403337 -12.047376 0.113219 -0.410655 0.163944 0.889756
1520616790.660989523 3.414308 2.282712 -12.299088 0.112281 -0.386741 0.158666 0.901471
1520616790.710991621 2.771754 2.101563 -12.536530 0.109733 -0.361937 0.158007 0.912137
1520616790.760992527 2.058779 1.897503 -12.748424 0.106734 -0.334798 0.156290 0.923088
1520616790.810994387 1.307165 1.812951 -12.897850 0.107761 -0.307155 0.151211 0.933369
1520616790.860995531 0.555479 1.809542 -12.990746 0.111319 -0.279893 0.144349 0.942566
1520616790.910997391 -0.136318 1.778473 -13.043266 0.113532 -0.254647 0.139189 0.950206
1520616790.960998297 -0.760321 1.656454 -13.075718 0.111495 -0.231202 0.134202 0.957133
1520616791.011000633 -1.266554 1.486814 -13.094247 0.105243 -0.211688 0.125190 0.963556
1520616791.060411215 -1.704933 1.318893 -13.094962 0.097149 -0.194348 0.113148 0.969530
1520616791.110412121 -2.200205 1.164437 -13.071396 0.090248 -0.175212 0.103941 0.974860
1520616791.160413980 -2.668499 1.047068 -13.030191 0.085103 -0.157165 0.096813 0.979124
1520616791.210415125 -3.161684 0.920012 -12.965135 0.079842 -0.138086 0.090754 0.983016
1520616791.260416985 -3.644807 0.687244 -12.888329 0.072049 -0.119021 0.089386 0.986232
1520616791.310417891 -4.093012 0.400783 -12.802657 0.063858 -0.100775 0.092156 0.988572
1520616791.360419989 -4.573579 0.173678 -12.681567 0.060016 -0.081214 0.098641 0.989986
1520616791.410422087 -5.137540 0.041981 -12.503683 0.060529 -0.058517 0.104514 0.990953
1520616791.460058212 -5.664310 -0.091369 -12.311823 0.061639 -0.036665 0.111208 0.991206
1520616791.510060310 -6.186977 -0.249735 -12.091108 0.062236 -0.014432 0.118680 0.990875
1520616791.560062170 -6.678528 -0.403353 -11.859587 0.063810 0.006901 0.127293 0.989786
1520616791.610063314 -7.289703 -0.409216 -11.527422 0.068928 0.032888 0.129296 0.988661
1520616791.660065174 -7.926705 -0.425378 -11.130903 0.072588 0.060869 0.128752 0.987142
1520616791.710066080 -8.475136 -0.536878 -10.745497 0.072310 0.086370 0.129108 0.985212
1520616791.760068417 -9.024564 -0.653242 -10.313614 0.070239 0.112929 0.126864 0.982964
1520616791.810069323 -9.629825 -0.781891 -9.773259 0.065918 0.143398 0.121563 0.979956
1520616791.860033035 -10.230820 -0.982795 -9.157776 0.058931 0.175847 0.117212 0.975636
1520616791.910034895 -10.816776 -1.136663 -8.468863 0.053238 0.209412 0.112261 0.969902
1520616791.960036039 -11.410577 -1.183054 -7.678032 0.051859 0.245183 0.106358 0.962229
1520616792.010037899 -11.926488 -1.244019 -6.870088 0.052717 0.279741 0.104296 0.952937
1520616792.060043097 -12.390609 -1.288951 -6.017130 0.053407 0.314252 0.101388 0.942398
1520616792.110039949 -12.788476 -1.255970 -5.160073 0.055405 0.347207 0.096397 0.931174
1520616792.160047054 -13.140881 -1.133033 -4.241425 0.060423 0.380746 0.089868 0.918317
1520616792.210043907 -13.453147 -1.006721 -3.172683 0.065669 0.417998 0.083017 0.902260
1520616792.260229826 -13.664341 -0.928258 -2.123211 0.070830 0.453288 0.078698 0.885053
1520616792.310152054 -13.787669 -0.830657 -1.123128 0.074984 0.485939 0.072760 0.867725
1520616792.360153198 -13.835853 -0.747975 -0.254681 0.077088 0.513741 0.066657 0.851871
1520616792.410155058 -13.830793 -0.698934 0.512206 0.078128 0.538004 0.061885 0.837030
1520616792.460155964 -13.793614 -0.585252 1.150788 0.080346 0.557851 0.055537 0.824174
1520616792.510158062 -13.742994 -0.508892 1.636158 0.084279 0.572940 0.052397 0.813567
1520616792.560158968 -13.703611 -0.464287 1.927111 0.089029 0.582175 0.051795 0.806513
1520616792.610160828 -13.698603 -0.358492 1.976807 0.095245 0.584018 0.050535 0.804548
1520616792.660163164 -13.700620 -0.077478 2.001472 0.104218 0.584431 0.043978 0.803520
1520616792.710271120 -13.699356 0.214041 1.948118 0.111684 0.582592 0.036793 0.804214
1520616792.760273218 -13.703551 0.558734 1.845327 0.113021 0.579396 0.024131 0.806811
1520616792.810274363 -13.712592 0.903378 1.603781 0.113683 0.572217 0.011829 0.812099
1520616792.860276222 -13.706105 1.281346 1.347104 0.113349 0.564619 -0.002652 0.817527
1520616792.910277367 -13.678482 1.670981 1.172363 0.112527 0.559521 -0.018723 0.820929
1520616792.960279226 -13.644266 2.030965 0.980737 0.113049 0.553856 -0.032803 0.824249
1520616793.010280132 -13.612834 2.317759 0.723943 0.111599 0.546573 -0.045152 0.828713
1520616793.060282469 -13.561048 2.671739 0.471362 0.112553 0.539027 -0.059054 0.832643
1520616793.110411406 -13.509857 2.956661 0.104498 0.122488 0.527052 -0.063449 0.838563
1520616793.160412312 -13.428795 3.284939 -0.362434 0.129354 0.512025 -0.071684 0.846144
1520616793.210414648 -13.316600 3.654327 -0.799771 0.137753 0.497227 -0.080890 0.852787
1520616793.260416508 -13.218701 3.879040 -1.262497 0.143355 0.482074 -0.085420 0.860092
1520616793.310418367 -13.132097 4.002083 -1.722918 0.146305 0.467402 -0.087263 0.867476
1520616793.360419512 -13.050966 4.057145 -2.165289 0.149184 0.453233 -0.085986 0.874603
1520616793.410421610 -12.957321 4.082810 -2.658672 0.151215 0.437397 -0.083912 0.882483
1520616793.460422516 -12.833319 4.079816 -3.235418 0.152314 0.418777 -0.080976 0.891554
1520616793.510510445 -12.672245 4.047344 -3.862985 0.151142 0.398482 -0.078557 0.901220
1520616793.560512304 -12.433087 4.147384 -4.501908 0.150714 0.376649 -0.081970 0.910331
1520616793.610514402 -12.130357 4.205131 -5.247965 0.148026 0.350991 -0.085645 0.920629
1520616793.660515308 -11.761199 4.206393 -6.061712 0.143619 0.322219 -0.088433 0.931519
1520616793.710516453 -11.307285 4.197823 -6.913067 0.138876 0.290761 -0.091717 0.942210
1520616793.760518312 -10.815430 4.154084 -7.713737 0.135804 0.259377 -0.091802 0.951763
1520616793.810520411 -10.268591 4.006930 -8.527115 0.131759 0.225861 -0.087362 0.961246
1520616793.860521555 -9.546318 3.911154 -9.396017 0.129502 0.186490 -0.083697 0.970281
1520616793.910856009 -8.754273 3.811627 -10.204512 0.127804 0.146582 -0.079144 0.977710
1520616793.960752964 -7.942429 3.677912 -10.920092 0.124625 0.108307 -0.075042 0.983416
1520616794.010754824 -7.099487 3.527277 -11.557489 0.118623 0.071339 -0.075087 0.987523
1520616794.060755968 -6.233151 3.247209 -12.150374 0.108450 0.034564 -0.073948 0.990745
1520616794.110757828 -5.344630 2.920729 -12.671420 0.096166 -0.001501 -0.074748 0.992554
1520616794.160758972 -4.522156 2.555914 -13.088214 0.082043 -0.033766 -0.077845 0.993010
1520616794.210761070 -3.751977 2.157805 -13.422228 0.067655 -0.063467 -0.079668 0.992496
1520616794.260762930 -2.893125 1.781352 -13.710394 0.055181 -0.095718 -0.080313 0.990628
1520616794.310711861 -1.959607 1.466255 -13.933218 0.046219 -0.129961 -0.078215 0.987348
1520616794.360713959 -1.002701 1.121447 -14.089552 0.035582 -0.164299 -0.079450 0.982562
1520616794.410714865 -0.104785 0.695127 -14.175660 0.022460 -0.196458 -0.079289 0.977043
1520616794.460716724 0.854879 0.210919 -14.188084 0.008937 -0.230733 -0.072282 0.970287
1520616794.510717869 1.974980 -0.217378 -14.097934 -0.002049 -0.269993 -0.061683 0.960882
1520616794.560719967 3.149411 -0.610378 -13.891807 -0.012462 -0.310821 -0.052068 0.948960
1520616794.610720873 4.361339 -1.035857 -13.555872 -0.024687 -0.353078 -0.045637 0.934154
1520616794.660722971 5.562616 -1.501506 -13.083569 -0.038876 -0.395610 -0.041634 0.916651
1520616794.710424423 6.782205 -2.058463 -12.438339 -0.056508 -0.439980 -0.038551 0.895398
1520616794.760425568 7.964014 -2.615397 -11.625521 -0.074736 -0.484583 -0.035706 0.870815
1520616794.810427427 9.024485 -3.194416 -10.685230 -0.094395 -0.526930 -0.034041 0.843964
1520616794.860428333 10.043502 -3.644645 -9.592533 -0.111253 -0.569276 -0.026736 0.814145
1520616794.910430431 10.992265 -3.967815 -8.358799 -0.124920 -0.611605 -0.020115 0.780980
1520616794.960432291 11.832079 -4.150921 -7.027747 -0.135006 -0.652649 -0.013084 0.745421
1520616795.010434389 12.540005 -4.211679 -5.634404 -0.141721 -0.691836 -0.006869 0.707977
1520616795.060435534 13.049932 -4.308618 -4.229183 0.149873 0.727168 0.003702 -0.669889
1520616795.110436440 13.356829 -4.491787 -2.852276 0.162293 0.757553 0.000823 -0.632277
1520616795.160324574 13.498293 -4.683669 -1.559350 0.176846 0.782848 -0.003446 -0.596543
1520616795.210326433 13.525403 -4.847962 -0.249919 0.192491 0.806084 -0.008867 -0.559551
1520616795.260327578 13.483713 -4.838928 1.068484 0.203552 0.828769 -0.015784 -0.521018
1520616795.310329676 13.346899 -4.768665 2.311330 0.213258 0.848756 -0.022806 -0.483336
1520616795.360330582 13.153691 -4.613503 3.410668 0.221106 0.865249 -0.031470 -0.448849
1520616795.410332680 12.944735 -4.193289 4.529269 0.220637 0.883110 -0.043017 -0.411808
1520616795.460333586 12.646700 -3.832597 5.544372 0.219571 0.898669 -0.050275 -0.376370
1520616795.510339499 12.223880 -3.590972 6.541260 0.220925 0.912606 -0.052984 -0.339904
1520616795.560231924 11.728359 -3.290920 7.497763 0.220171 0.925616 -0.055965 -0.302700
1520616795.610233784 11.189226 -2.820313 8.422424 0.214627 0.938225 -0.062356 -0.264159
1520616795.660234690 10.631452 -2.258559 9.243266 0.207698 0.948678 -0.072466 -0.227199
1520616795.710237026 10.071166 -1.819213 9.912773 0.203801 0.956083 -0.080318 -0.194729
1520616795.760237932 9.508098 -1.373872 10.495588 0.199565 0.961988 -0.088497 -0.164075
1520616795.810239792 8.956892 -0.806007 11.001849 0.192553 0.966842 -0.100390 -0.134396
1520616795.860241890 8.447089 -0.124295 11.402043 0.180207 0.971048 -0.114507 -0.107145
1520616795.910242796 8.050457 0.509015 11.652356 0.167441 0.973669 -0.128273 -0.086479
1520616795.960320950 7.799585 1.053905 11.763050 0.154819 0.975160 -0.140376 -0.073402
1520616796.010322094 7.706356 1.590177 11.742653 0.140785 0.975754 -0.153371 -0.067529
1520616796.060324192 7.841809 2.048396 11.556267 0.125669 0.975561 -0.165135 -0.072237
1520616796.110325336 8.039184 2.311241 11.351102 0.108657 0.976351 -0.168389 -0.081106
1520616796.160327196 8.342229 2.570885 11.051536 0.085474 0.977246 -0.168794 -0.095881
1520616796.210329056 8.812249 2.790279 10.603403 0.062948 0.976422 -0.168783 -0.118956
1520616796.260330200 9.366760 3.007443 10.034921 0.041354 0.973647 -0.169160 -0.147264
1520616796.310332060 10.036232 3.307871 9.242204 0.018814 0.967566 -0.172627 -0.183474
1520616796.360354662 10.651219 3.651875 8.359945 -0.006843 0.959428 -0.174626 -0.221262
1520616796.410356760 11.199037 3.932369 7.449885 -0.030390 0.949661 -0.173813 -0.258862
1520616796.460357666 11.675668 4.252850 6.465430 -0.053803 0.937403 -0.173547 -0.297088
1520616796.510359526 12.091911 4.505163 5.436376 -0.070866 0.923232 -0.174587 -0.334873
1520616796.560361624 12.442170 4.712379 4.357202 -0.084679 0.907199 -0.175547 -0.372830
1520616796.610362530 12.728498 4.780597 3.329314 -0.089679 0.891248 -0.178266 -0.407254
1520616796.660364628 12.982523 4.658613 2.383984 -0.087619 0.876337 -0.178413 -0.438776
1520616796.710366726 13.186837 4.457591 1.461948 -0.084433 0.861280 -0.175234 -0.469426
1520616796.760537863 13.360153 4.127438 0.668166 -0.074751 0.848042 -0.173047 -0.495269
1520616796.810539007 13.495285 3.728156 -0.065936 -0.064731 0.835466 -0.166788 -0.519604
1520616796.860540867 13.593694 3.304397 -0.639735 -0.054314 0.825496 -0.158331 -0.539016
1520616796.910541773 13.688286 2.795875 -1.040992 -0.039416 0.818564 -0.150221 -0.553022
1520616796.960544109 13.766552 2.281103 -1.297769 -0.022004 0.813971 -0.144961 -0.562098
1520616797.010545969 13.844821 1.679723 -1.413245 -0.000134 0.811648 -0.140380 -0.567028
1520616797.060546875 13.917286 0.918926 -1.429161 0.028735 0.810187 -0.136146 -0.569417
1520616797.110548973 13.954018 0.150033 -1.382603 0.058061 0.808856 -0.131950 -0.570061
1520616797.160543203 13.961418 -0.565109 -1.208296 0.084615 0.809655 -0.125422 -0.567070
1520616797.210545063 13.935453 -1.233485 -0.978544 0.108927 0.811212 -0.117681 -0.562335
1520616797.260545969 13.887959 -1.831374 -0.654366 0.130723 0.814557 -0.109264 -0.554499
1520616797.310548306 13.818857 -2.358760 -0.251406 0.150914 0.819163 -0.101839 -0.543899
1520616797.360549212 13.740524 -2.758594 0.271213 0.168524 0.826008 -0.096962 -0.529065
1520616797.410551071 13.631849 -3.095063 0.971994 0.185453 0.835835 -0.092550 -0.508351
1520616797.460553169 13.486895 -3.346150 1.747165 0.199588 0.847126 -0.087689 -0.484616
1520616797.510554075 13.312152 -3.426298 2.633108 0.209508 0.860642 -0.085454 -0.456179
1520616797.560555935 13.058293 -3.547563 3.537576 0.221175 0.873240 -0.082054 -0.426382
1520616797.610662460 12.773418 -3.557422 4.416366 0.229713 0.885326 -0.080715 -0.396125
1520616797.660664558 12.403339 -3.556757 5.332255 0.238407 0.897219 -0.078687 -0.363273
1520616797.710665464 11.947616 -3.459398 6.306052 0.245091 0.909563 -0.077789 -0.326459
1520616797.760667324 11.382194 -3.269744 7.340135 0.249859 0.922101 -0.077857 -0.285024
1520616797.810668468 10.742177 -3.060346 8.302627 0.253784 0.932833 -0.077723 -0.243673
1520616797.860670567 10.084725 -2.726683 9.169345 0.253239 0.942439 -0.079860 -0.203226
1520616797.910672426 9.289521 -2.264519 10.065746 0.248130 0.952278 -0.082784 -0.157305
1520616797.960673571 8.431632 -1.867403 10.848017 0.243683 0.959631 -0.083570 -0.112880
1520616798.012466431 8.355902 -1.835214 10.904839 0.238737 0.965020 -0.084186 -0.068224
1520616798.062467575 8.355902 -1.835214 10.904839 0.238737 0.965020 -0.084186 -0.068224
1520616798.112469435 8.371048 -1.841652 10.893475 0.238737 0.965020 -0.084186 -0.068224
1520616798.162471533 8.383165 -1.846802 10.884383 0.238737 0.965020 -0.084186 -0.068224
1520616798.212473392 8.383165 -1.846802 10.884383 0.238737 0.965020 -0.084186 -0.068224
1520616798.262474537 8.392858 -1.850922 10.877110 0.238737 0.965020 -0.084186 -0.068224
1520616798.312475443 8.400613 -1.854218 10.871291 0.238737 0.965020 -0.084186 -0.068224
1520616798.362477541 8.406817 -1.856855 10.866637 0.238737 0.965020 -0.084186 -0.068224
1520616798.412919998 0.336850 -0.170915 -0.925916 -0.027670 -0.017490 0.061333 0.997580
1520616798.462923050 0.422909 -0.205075 -1.168870 -0.033697 -0.002189 0.078794 0.996319
1520616798.512923241 0.495648 -0.221523 -1.421719 -0.040266 0.018771 0.096532 0.994338
1520616798.562928200 0.554605 -0.239983 -1.678127 -0.046035 0.041667 0.115516 0.991363
1520616798.612926006 0.567319 -0.230825 -1.935025 -0.048279 0.068707 0.132353 0.987639
1520616798.662927151 0.586312 -0.223997 -2.190921 -0.050421 0.098460 0.142984 0.983524
1520616798.712929010 0.522252 -0.209539 -2.475120 -0.051254 0.134424 0.152565 0.977766
1520616798.762929916 0.413295 -0.206926 -2.756525 -0.050880 0.173371 0.163558 0.969847
1520616798.812694788 0.283798 -0.279498 -3.039884 -0.050326 0.211632 0.171676 0.960836
1520616798.862678766 0.124712 -0.297878 -3.315901 -0.044924 0.248958 0.176525 0.951231
1520616798.912680626 -0.065437 -0.342536 -3.577199 -0.038881 0.285828 0.177233 0.940946
1520616798.962681532 -0.308264 -0.410255 -3.819664 -0.034868 0.323348 0.173421 0.929600
1520616799.012683868 -0.555270 -0.497314 -4.039035 -0.035612 0.360349 0.161028 0.918123
1520616799.062685728 -0.792831 -0.594537 -4.233950 -0.036832 0.393997 0.140784 0.907519
1520616799.112686634 -1.042690 -0.680585 -4.416285 -0.039693 0.423056 0.120371 0.897195
1520616799.162688732 -1.263025 -0.787079 -4.583693 -0.041364 0.448277 0.096694 0.887686
1520616799.213303566 -1.513872 -0.832312 -4.726731 -0.035667 0.473976 0.070649 0.876974
1520616799.263305664 -1.742839 -0.811655 -4.874448 -0.025210 0.495160 0.044442 0.867298
1520616799.313306570 -1.948180 -0.752975 -5.039843 -0.012066 0.510275 0.018228 0.859734
1520616799.363308430 -2.064492 -0.736694 -5.243581 -0.001453 0.516344 -0.010352 0.856318
1520616799.413309813 -2.112425 -0.762665 -5.482926 0.006494 0.515912 -0.037265 0.855806
1520616799.463311672 -2.158361 -0.805708 -5.730102 0.012149 0.512689 -0.063701 0.856122
1520616799.513313532 -2.165792 -0.842996 -5.988327 0.015589 0.507656 -0.088047 0.856907
1520616799.563314676 -2.134638 -0.914898 -6.253387 0.017644 0.499665 -0.111117 0.858881
1520616799.613316536 -2.076440 -0.955211 -6.534004 0.019714 0.490105 -0.131954 0.861392
1520616799.661990404 -1.946964 -1.071390 -6.783161 0.019093 0.478359 -0.149393 0.865153
1520616799.711991549 -1.831209 -1.085815 -7.076538 0.022388 0.465495 -0.166369 0.868985
1520616799.761993408 -1.644356 -1.116350 -7.380568 0.026471 0.448608 -0.182416 0.874514
1520616799.811994314 -1.375640 -1.216513 -7.684031 0.026760 0.427986 -0.190614 0.883051
1520616799.861996651 -1.060398 -1.315972 -7.977225 0.026638 0.405991 -0.195882 0.892240
1520616799.911998510 -0.715766 -1.461138 -8.254198 0.025055 0.382397 -0.198844 0.902001
1520616799.961999416 -0.315931 -1.651087 -8.515331 0.022927 0.356525 -0.201544 0.912000
1520616800.012001514 0.125380 -1.842071 -8.761554 0.021065 0.328943 -0.204576 0.921684
1520616800.061088324 0.460322 -2.168510 -8.919550 0.014779 0.303091 -0.205715 0.930376
1520616800.111089230 1.023938 -2.393619 -9.128286 0.009354 0.273095 -0.201921 0.940510
1520616800.161091328 1.562433 -2.558306 -9.298787 0.006935 0.244369 -0.200019 0.948804
1520616800.211093187 2.160637 -2.689828 -9.426639 0.006477 0.212884 -0.196776 0.957036
1520616800.261095285 2.838523 -2.762336 -9.501164 0.008172 0.179168 -0.190877 0.965090
1520616800.311096430 3.504312 -2.765588 -9.536432 0.011607 0.147080 -0.181295 0.972299
1520616800.361097097 4.101561 -2.719442 -9.557319 0.016084 0.118255 -0.171352 0.977955
1520616800.411099195 4.616212 -2.705314 -9.573543 0.019353 0.093310 -0.163332 0.981958
1520616800.460901976 5.050422 -2.701892 -9.600148 0.021102 0.072027 -0.154105 0.985200
1520616800.510863781 5.497402 -2.690151 -9.612676 0.019745 0.052652 -0.140462 0.988488
1520616800.560864925 5.863243 -2.634153 -9.656063 0.014630 0.038493 -0.120821 0.991820
1520616800.610867023 6.144042 -2.635511 -9.732380 0.004589 0.029873 -0.099907 0.994538
1520616800.660868883 6.369183 -2.616045 -9.832641 -0.007257 0.023622 -0.077667 0.996673
1520616800.710870028 6.523110 -2.449720 -10.002067 -0.016747 0.022471 -0.050373 0.998337
1520616800.760871887 6.651197 -2.148837 -10.228392 -0.022071 0.024578 -0.018376 0.999285
1520616800.810873032 6.635378 -1.781373 -10.498861 -0.022969 0.030528 0.010329 0.999217
1520616800.860626221 6.603637 -1.424039 -10.804935 -0.022820 0.037487 0.036893 0.998355
1520616800.910627365 6.537268 -1.042066 -11.100499 -0.022249 0.043728 0.063940 0.996747
1520616800.960629225 6.548806 -0.697700 -11.371888 -0.024104 0.047296 0.092474 0.994299
1520616801.010630131 6.430305 -0.468359 -11.675517 -0.026387 0.054237 0.114484 0.991592
1520616801.060632229 6.241779 -0.322906 -12.023658 -0.028815 0.064356 0.132300 0.988698
1520616801.110634327 5.979053 -0.235883 -12.399726 -0.032840 0.076940 0.149120 0.985274
1520616801.160635233 5.695548 -0.215807 -12.784083 -0.037833 0.090518 0.163365 0.981676
1520616801.210637331 5.370530 -0.236632 -13.179997 -0.044396 0.105919 0.177028 0.977482
1520616801.260342836 4.880985 -0.422062 -13.616345 -0.052528 0.127576 0.185485 0.972913
1520616801.310343981 4.290740 -0.666644 -14.056448 -0.060031 0.152721 0.190745 0.967827
1520616801.360344887 3.660630 -0.902321 -14.465640 -0.065406 0.178507 0.192586 0.962688
1520616801.410346746 2.914464 -1.098079 -14.852495 -0.067486 0.206700 0.192451 0.956913
1520616801.460348845 2.093207 -1.224209 -15.196645 -0.066343 0.236205 0.191473 0.950339
1520616801.510349751 1.162375 -1.344700 -15.506317 -0.061926 0.268524 0.186691 0.942977
1520616801.560352802 0.129330 -1.407972 -15.765793 -0.053694 0.302283 0.179166 0.934688
1520616801.610353947 -0.929134 -1.440166 -15.953100 -0.043825 0.335298 0.168200 0.925939
1520616801.660317421 -2.031665 -1.523295 -16.058301 -0.033843 0.368818 0.151877 0.916385
1520616801.710319281 -3.072473 -1.510571 -16.117526 -0.022883 0.399801 0.133887 0.906482
1520616801.760321379 -4.057328 -1.598629 -16.105478 -0.016104 0.428390 0.115272 0.896066
1520616801.810322523 -5.001612 -1.764928 -16.023560 -0.013055 0.455719 0.096174 0.884817
1520616801.860323429 -5.945085 -1.752949 -15.888092 -0.007830 0.482226 0.077648 0.872564
1520616801.910325527 -6.848723 -1.592085 -15.715373 0.000651 0.507274 0.060296 0.859673
1520616801.960326433 -7.696801 -1.278540 -15.519637 0.012529 0.530693 0.048201 0.846100
1520616802.010328293 -8.469284 -0.892494 -15.315336 0.025595 0.551575 0.041456 0.832701
1520616802.060329437 -9.026680 -0.534789 -15.174657 0.037145 0.567067 0.034793 0.822098
1520616802.110533476 -9.354914 -0.288923 -15.158722 0.044925 0.576264 0.027850 0.815552
1520616802.160471201 -9.408878 -0.254852 -15.293470 0.046989 0.578365 0.014327 0.814298
1520616802.210473299 -9.505254 -0.392419 -15.417293 0.044759 0.580363 -0.005779 0.813106
1520616802.260475159 -9.443873 -0.699166 -15.635693 0.038208 0.577890 -0.024734 0.814844
1520616802.310476303 -9.115988 -0.878851 -16.020271 0.034377 0.568825 -0.039794 0.820775
1520616802.360478163 -8.826867 -0.972516 -16.370157 0.033718 0.560610 -0.052535 0.825724
1520616802.410479307 -8.551416 -0.689345 -16.716143 0.042887 0.553221 -0.063061 0.829537
1520616802.460481167 -8.235862 -0.182945 -17.071978 0.058078 0.545324 -0.069952 0.833280
1520616802.510607958 -7.652633 0.380027 -17.520109 0.074854 0.531353 -0.075044 0.840494
1520616802.560610056 -6.866806 0.805085 -18.018346 0.088747 0.512607 -0.082328 0.850047
1520616802.610610962 -6.111969 1.037168 -18.472537 0.098830 0.494369 -0.094617 0.858417
1520616802.660612822 -5.381332 1.040194 -18.897679 0.104165 0.476072 -0.109638 0.866305
1520616802.710615158 -4.652312 0.854737 -19.298965 0.105943 0.457415 -0.126960 0.873744
1520616802.760615826 -3.921830 0.516042 -19.676084 0.105121 0.437865 -0.145703 0.880906
1520616802.810617924 -3.179195 0.106206 -20.016437 0.103498 0.417474 -0.164585 0.887646
1520616802.860619068 -2.356791 -0.297682 -20.327351 0.101869 0.395620 -0.178808 0.895062
1520616802.911119223 -1.583658 -0.904479 -20.590954 0.097182 0.373402 -0.193823 0.901975
1520616802.961119890 -1.508265 -0.966717 -20.611987 0.092417 0.350890 -0.208684 0.908177
1520616803.011122227 -1.508265 -0.966717 -20.611987 0.092417 0.350890 -0.208684 0.908177
1520616803.061124086 -1.523344 -0.954269 -20.607780 0.092417 0.350890 -0.208684 0.908177
1520616803.111125946 0.111838 0.108193 -0.987819 -0.020923 -0.054933 -0.015134 0.998156
1520616803.161127090 0.176691 0.136102 -1.466080 -0.035389 -0.085097 -0.019062 0.995562
1520616803.211127996 0.242201 0.100574 -1.969855 -0.051998 -0.117320 -0.022160 0.991484
1520616803.261130333 0.362112 0.060350 -2.467666 -0.067851 -0.148948 -0.022999 0.986246
1520616803.311525345 0.483687 -0.103940 -2.957254 -0.085856 -0.176073 -0.022478 0.980368
1520616803.361527205 0.603105 -0.250509 -3.354655 -0.104816 -0.200371 -0.022017 0.973848
1520616803.411528111 0.773276 -0.432353 -3.718325 -0.126758 -0.228510 -0.017121 0.965102
1520616803.461529255 0.985302 -0.604926 -4.055858 -0.148269 -0.256019 -0.013055 0.955144
1520616803.511531353 1.233940 -0.775597 -4.381883 -0.167089 -0.281888 -0.011520 0.944716
1520616803.561533213 1.515227 -0.900257 -4.662333 -0.182741 -0.310225 -0.011593 0.932862
1520616803.611534357 1.840137 -1.046908 -4.915315 -0.196763 -0.342222 -0.011822 0.918710
1520616803.661536217 2.224315 -1.184114 -5.139325 -0.210043 -0.374776 -0.016349 0.902861
1520616803.710872173 2.481712 -1.405095 -5.335145 -0.225370 -0.403670 -0.019431 0.886500
1520616803.760961056 2.725180 -1.579456 -5.495578 -0.240259 -0.430108 -0.027261 0.869793
1520616803.810874939 2.990615 -1.767229 -5.623487 -0.256173 -0.454738 -0.034040 0.852309
1520616803.860877037 3.286784 -1.979767 -5.712268 -0.272507 -0.480221 -0.037942 0.832879
1520616803.910877943 3.590475 -2.199255 -5.756506 -0.288884 -0.504807 -0.039927 0.812479
1520616803.960879803 3.913936 -2.430009 -5.768520 -0.304139 -0.529836 -0.041325 0.790611
1520616804.010880947 4.332002 -2.627653 -5.670575 -0.317031 -0.561191 -0.043466 0.763326
1520616804.060883045 4.722720 -2.811451 -5.504829 -0.329231 -0.590854 -0.048160 0.734969
1520616804.110660791 5.098114 -3.013369 -5.269198 -0.343092 -0.619793 -0.055012 0.703646
1520616804.160663128 5.490009 -3.201421 -4.924921 -0.356834 -0.650950 -0.061634 0.667184
1520616804.210664034 5.833466 -3.424053 -4.471442 0.373053 0.681585 0.066473 -0.625983
1520616804.260665894 6.182636 -3.620208 -3.884367 0.388552 0.713726 0.069348 -0.578631
1520616804.310667992 6.429738 -3.846869 -3.232000 0.406076 0.742199 0.068159 -0.528769
1520616804.360668898 6.617902 -4.011567 -2.508109 0.422623 0.768536 0.065081 -0.475928
1520616804.410670757 6.769744 -4.104057 -1.723706 0.436363 0.793461 0.061253 -0.419827
1520616804.460673094 6.763764 -4.210022 -0.957411 0.450040 0.813860 0.058407 -0.362884
1520616804.510674000 6.660996 -4.290707 -0.180386 0.463881 0.829689 0.058042 -0.305061
1520616804.560965300 6.507702 -4.283066 0.597535 0.472870 0.844888 0.059628 -0.242904
1520616804.610967398 6.241138 -4.269401 1.257608 0.480179 0.855197 0.065845 -0.183661
1520616804.660969496 5.897559 -4.303835 1.844668 0.488195 0.860145 0.073614 -0.128053
1520616804.710970402 5.501987 -4.214022 2.404320 0.489946 0.864610 0.082246 -0.075087
1520616804.760972261 5.163165 -4.066524 2.905854 0.485664 0.869378 0.088155 -0.023254
1520616804.810974360 4.861705 -3.882932 3.295615 0.478061 0.873320 0.090982 0.022191
1520616804.860975266 4.596817 -3.635746 3.602890 0.466650 0.877338 0.092817 0.062460
1520616804.910977364 4.332200 -3.374951 3.837560 0.452512 0.881400 0.092690 0.098872
1520616804.961272717 4.097396 -3.331461 4.169686 0.437200 0.884292 0.088591 0.137971
1520616805.011274099 3.879133 -3.018568 4.339292 0.416823 0.888764 0.091283 0.167406
1520616805.061274767 3.709739 -2.769597 4.422423 0.397702 0.892380 0.090469 0.193149
1520616805.111277103 3.567439 -2.468025 4.474560 0.375666 0.896769 0.089054 0.216217
1520616805.161278963 3.487124 -2.151467 4.485142 0.352043 0.902117 0.086020 0.234205
1520616805.211279869 3.446061 -1.827455 4.447628 0.325352 0.908948 0.082366 0.247335
1520616805.261281013 3.449653 -1.517633 4.368537 0.300336 0.915819 0.075782 0.255600
1520616805.311282873 3.508116 -1.230764 4.226476 0.278088 0.923279 0.066815 0.256434
1520616805.361480713 3.585423 -0.960757 4.052503 0.255206 0.930983 0.058701 0.254353
1520616805.411481619 3.723763 -0.670582 3.848627 0.232044 0.939084 0.052684 0.247994
1520616805.461483717 3.841232 -0.383228 3.586469 0.208998 0.947870 0.047098 0.235889
1520616805.511484623 4.012434 -0.115194 3.275243 0.185753 0.956781 0.038404 0.220435
1520616805.561486483 4.203082 0.179737 2.880958 0.162125 0.966520 0.026585 0.197097
1520616805.611487627 4.408809 0.430182 2.431812 0.140801 0.975436 0.012269 0.168966
1520616805.661489725 4.594963 0.646542 1.911300 0.119875 0.983497 -0.003457 0.135467
1520616805.711490631 4.742641 0.835542 1.357861 0.102268 0.989473 -0.021068 0.100201
1520616805.761115789 4.868672 0.956166 0.817844 0.096479 0.992587 -0.036851 0.064063
1520616805.811116695 4.978369 0.969517 0.237226 0.098989 0.993413 -0.052117 0.024825
1520616805.861118793 5.062020 0.825377 -0.391580 0.112347 0.991195 -0.067365 -0.019323
1520616805.911120892 5.101108 0.575125 -1.037534 0.132953 0.985592 -0.080734 -0.066431
1520616805.961121798 5.073316 0.272602 -1.654493 0.156805 0.977025 -0.090982 -0.112055
1520616806.011123657 4.963009 -0.139551 -2.257896 0.186666 0.964647 -0.099885 -0.156954
1520616806.061124802 4.768563 -0.503337 -2.800822 0.214659 0.950542 -0.105980 -0.197890
1520616806.111126900 4.546024 -0.835736 -3.262260 0.240428 0.936261 -0.109852 -0.231392
1520616806.160843372 4.297547 -1.119565 -3.650388 0.267697 0.921202 -0.109343 -0.260324
1520616806.210845232 4.047686 -1.430439 -3.973348 0.296687 0.905357 -0.108123 -0.283929
1520616806.260847330 3.788893 -1.674613 -4.277669 0.322324 0.889231 -0.105873 -0.306865
1520616806.310848236 3.543531 -1.876357 -4.531496 0.345014 0.874841 -0.103384 -0.323929
1520616806.360850096 3.386542 -2.048856 -4.706767 0.366310 0.864356 -0.098557 -0.330141
1520616806.410852432 3.272837 -2.238198 -4.837532 0.390660 0.854430 -0.090589 -0.330346
1520616806.460854292 3.257649 -2.435752 -4.900272 0.415755 0.847243 -0.078714 -0.321139
1520616806.510855198 3.260077 -2.637151 -4.942604 0.440275 0.840578 -0.066598 -0.308465
1520616806.560826778 3.348084 -2.837473 -4.928533 0.459908 0.838208 -0.056138 -0.287647
1520616806.610829115 3.499931 -2.998506 -4.870414 0.475812 0.838539 -0.045124 -0.261570
1520616806.660830021 3.711079 -3.167986 -4.740344 0.488267 0.841418 -0.036053 -0.228716
1520616806.710831881 3.928994 -3.342290 -4.570331 0.502582 0.842366 -0.024529 -0.192948
1520616806.760833025 4.116944 -3.516232 -4.391315 0.515888 0.841772 -0.014258 -0.158354
1520616806.810834885 4.302603 -3.672650 -4.182675 0.528671 0.839957 -0.002045 -0.122376
1520616806.860835791 4.528267 -3.812473 -3.921695 0.537951 0.838853 0.011181 -0.082520
1520616806.910838127 4.736322 -3.954049 -3.613711 0.542944 0.838538 0.020583 -0.040530
1520616806.960838795 4.950574 -4.072554 -3.282949 0.544560 0.838296 0.026682 0.001349
1520616807.011441469 5.123412 -4.199212 -2.959381 0.544478 0.837245 0.029244 0.041332
1520616807.061438560 5.161880 -4.228628 -2.871888 0.543522 0.834850 0.031758 0.081248
1520616807.111439466 5.161880 -4.228628 -2.871888 0.543522 0.834850 0.031758 0.081248
1520616807.161441326 5.154186 -4.222745 -2.889387 0.543522 0.834850 0.031758 0.081248
1520616807.211442471 5.148031 -4.218038 -2.903386 0.543522 0.834850 0.031758 0.081248
1520616807.261444330 5.148031 -4.218038 -2.903386 0.543522 0.834850 0.031758 0.081248
1520616807.311445475 5.143107 -4.214273 -2.914585 0.543522 0.834850 0.031758 0.081248
1520616807.361447334 5.139168 -4.211261 -2.923544 0.543522 0.834850 0.031758 0.081248
1520616807.413039207 5.139168 -4.211261 -2.923544 0.543522 0.834850 0.031758 0.081248
1520616807.463041067 5.136017 -4.208851 -2.930711 0.543522 0.834850 0.031758 0.081248
1520616807.513043165 5.133496 -4.206923 -2.936445 0.543522 0.834850 0.031758 0.081248
1520616807.563044071 0.203358 -0.062280 -0.977122 -0.041628 -0.067193 0.031429 0.996376
1520616807.613045931 0.310444 -0.093993 -1.287983 -0.050262 -0.092621 0.030842 0.993954
1520616807.663047075 0.411823 -0.169321 -1.580510 -0.061894 -0.119432 0.025303 0.990588
1520616807.713049173 0.572497 -0.207409 -1.855610 -0.075480 -0.150166 0.017484 0.985620
1520616807.763050318 0.717171 -0.286006 -2.120362 -0.090462 -0.181776 0.017421 0.979015
1520616807.811882734 0.768965 -0.313638 -2.201317 -0.105329 -0.213155 0.017335 0.971169
1520616807.861884832 0.768965 -0.313638 -2.201317 -0.105329 -0.213155 0.017335 0.971169
1520616807.911885738 0.758607 -0.308111 -2.185126 -0.105329 -0.213155 0.017335 0.971169
1520616807.961887836 0.121587 -0.079656 -0.989379 -0.012757 -0.063042 0.004905 0.997917
1520616808.011888981 0.185615 -0.149995 -1.478043 -0.022114 -0.093838 0.001782 0.995340
1520616808.061890841 0.275537 -0.241603 -1.968561 -0.036817 -0.123355 -0.002783 0.991675
1520616808.111892700 0.364887 -0.330422 -2.433182 -0.054305 -0.149141 -0.010578 0.987267
1520616808.161894798 0.481532 -0.446372 -2.855939 -0.070342 -0.171976 -0.018213 0.982418
1520616808.211580515 0.616056 -0.464495 -3.280688 -0.080832 -0.194857 -0.026048 0.977148
1520616808.261582375 0.835755 -0.567407 -3.710247 -0.090328 -0.217340 -0.037577 0.971181
1520616808.311583281 1.060870 -0.627770 -4.110046 -0.093614 -0.243416 -0.039438 0.964588
1520616808.361584425 1.265133 -0.698256 -4.491137 -0.096227 -0.265508 -0.042247 0.958364
1520616808.411588430 1.451591 -0.718850 -4.863363 -0.100219 -0.283238 -0.049513 0.952513
1520616808.461588144 1.702796 -0.727865 -5.256403 -0.106174 -0.302619 -0.055125 0.945574
1520616808.511589289 1.948688 -0.799079 -5.636588 -0.115194 -0.325420 -0.056715 0.936811
1520616808.561590195 2.222447 -0.971143 -6.043354 -0.127310 -0.350123 -0.055201 0.926369
1520616808.612308502 2.496617 -1.178824 -6.374131 -0.140766 -0.372417 -0.058781 0.915443
1520616808.662310600 2.864249 -1.285414 -6.528567 -0.146852 -0.397195 -0.060002 0.903919
1520616808.712311506 3.260891 -1.391738 -6.640280 -0.153452 -0.424028 -0.058530 0.890633
1520616808.762313366 3.591452 -1.504931 -6.734606 -0.161126 -0.448698 -0.050305 0.877598
1520616808.812314510 3.918094 -1.618836 -6.851099 -0.168858 -0.470521 -0.036456 0.865314
1520616808.862316608 4.306339 -1.646090 -6.935954 -0.171207 -0.494853 -0.018025 0.851754
1520616808.912317514 4.758456 -1.593747 -6.956163 -0.169563 -0.523156 -0.003541 0.835191
1520616808.962319613 5.158212 -1.502249 -6.969682 -0.166983 -0.549269 0.006892 0.818763
1520616809.012320518 5.536109 -1.516391 -6.978200 -0.169054 -0.572585 0.007282 0.802194
1520616809.065271139 5.636003 -1.519487 -6.974797 -0.170986 -0.595429 0.007666 0.784965
1520616809.115273237 5.636003 -1.519487 -6.974797 -0.170986 -0.595429 0.007666 0.784965
1520616809.165274143 5.616024 -1.518868 -6.975478 -0.170986 -0.595429 0.007666 0.784965
1520616809.215276003 5.600041 -1.518373 -6.976022 -0.170986 -0.595429 0.007666 0.784965
1520616809.265277147 0.087370 -0.138949 -0.986438 -0.037571 -0.042409 0.006999 0.998369
1520616809.315279007 0.126765 -0.171399 -1.310625 -0.039508 -0.050872 0.011148 0.997861
1520616809.365281105 0.171825 -0.156574 -1.622145 -0.032644 -0.057984 0.018737 0.997608
1520616809.415282249 0.219996 -0.113010 -1.927400 -0.023111 -0.062771 0.024503 0.997459
1520616809.468603611 0.218472 -0.076273 -2.247947 -0.018020 -0.063102 0.031738 0.997340
1520616809.518604755 0.195143 -0.068993 -2.134478 -0.018194 -0.060705 0.032427 0.997463
1520616809.568606615 0.196676 -0.109387 -2.272492 -0.026227 -0.058507 0.043230 0.997006
1520616809.618608713 0.195768 -0.169789 -2.412850 -0.037924 -0.056554 0.050970 0.996376
1520616809.668609858 0.205725 -0.229554 -2.553922 -0.047467 -0.056273 0.058679 0.995559
1520616809.718611717 0.225040 -0.267999 -2.696739 -0.052870 -0.058476 0.064343 0.994809
1520616809.768612623 0.279667 -0.307862 -2.837822 -0.057127 -0.066287 0.071497 0.993595
1520616809.818614721 0.325883 -0.322123 -2.983984 -0.058437 -0.074703 0.079704 0.992296
1520616809.869241238 0.364683 -0.293756 -3.140467 -0.055136 -0.080249 0.087456 0.991399
1520616809.919243574 0.424433 -0.253031 -3.255758 -0.050545 -0.086682 0.092153 0.990676
1520616809.969247580 0.479684 -0.215449 -3.371415 -0.047626 -0.094062 0.097214 0.989663
1520616810.019246340 0.549691 -0.188742 -3.490390 -0.046992 -0.100437 0.097578 0.989031
1520616810.069248438 0.592290 -0.198381 -3.611086 -0.049075 -0.104260 0.096780 0.988613
1520616810.119249344 0.628432 -0.227955 -3.726095 -0.053689 -0.106843 0.096532 0.988121
1520616810.169250488 0.659883 -0.283068 -3.847546 -0.058073 -0.107612 0.092342 0.988190
1520616810.219252586 0.670663 -0.322386 -3.969966 -0.060461 -0.106905 0.088678 0.988459
1520616810.269254446 0.652949 -0.357398 -4.099762 -0.062352 -0.102295 0.083870 0.989249
1520616810.319278240 0.622842 -0.400292 -4.229642 -0.064961 -0.096160 0.078571 0.990131
1520616810.369257450 0.601319 -0.412999 -4.358322 -0.065420 -0.091160 0.075167 0.990838
1520616810.419258356 0.598432 -0.402178 -4.475657 -0.063541 -0.088930 0.076300 0.991076
1520616810.469260454 0.584327 -0.333500 -4.607367 -0.057410 -0.085504 0.078454 0.991584
1520616810.519261360 0.558022 -0.271434 -4.728801 -0.050788 -0.080346 0.078722 0.992355
1520616810.569263458 0.518056 -0.219141 -4.847424 -0.045009 -0.074814 0.078301 0.993099
1520616810.619264603 0.472965 -0.210256 -4.970072 -0.042187 -0.068576 0.077422 0.993742
1520616810.669266462 0.452185 -0.204539 -5.095091 -0.040526 -0.064193 0.078777 0.993998
1520616810.719268322 0.448481 -0.223758 -5.217748 -0.040805 -0.062347 0.080205 0.993989
1520616810.769269466 0.476550 -0.286053 -5.336442 -0.044539 -0.063093 0.079745 0.993819
1520616810.819271326 0.543818 -0.316511 -5.448580 -0.047527 -0.067815 0.081606 0.993218
1520616810.869272470 0.630717 -0.332256 -5.552465 -0.049053 -0.073395 0.082274 0.992692
1520616810.919274569 0.653455 -0.271558 -5.669506 -0.044786 -0.074230 0.086340 0.992487
1520616810.969275475 0.693564 -0.184699 -5.770847 -0.038056 -0.077138 0.092170 0.992021
1520616811.019277573 0.756211 -0.076322 -5.873941 -0.030265 -0.082767 0.100294 0.991047
1520616811.069279432 0.777563 0.008048 -5.979020 -0.024088 -0.084443 0.106599 0.990417
1520616811.119280338 0.767066 0.004729 -6.087281 -0.023917 -0.082572 0.115026 0.989636
1520616811.169282675 0.732911 -0.070005 -6.206307 -0.029092 -0.077965 0.123394 0.988863
1520616811.219283342 0.663172 -0.221187 -6.324487 -0.039611 -0.070079 0.131255 0.988075
1520616811.269285440 0.554556 -0.370581 -6.445810 -0.050020 -0.058959 0.142389 0.986786
1520616811.319287539 0.417058 -0.529274 -6.562754 -0.059844 -0.045319 0.151963 0.985531
1520616811.369288445 0.269299 -0.666446 -6.677558 -0.067785 -0.031391 0.161180 0.984094
1520616811.419290304 0.118711 -0.746612 -6.793307 -0.070861 -0.018173 0.175107 0.981828
1520616811.469291449 -0.048251 -0.763318 -6.901585 -0.069160 -0.004561 0.189023 0.979524
1520616811.519293547 -0.255548 -0.766619 -7.004787 -0.066399 0.011203 0.201513 0.977168
1520616811.569294453 -0.468178 -0.823069 -7.098471 -0.067233 0.028498 0.212528 0.974423
1520616811.619296551 -0.693918 -0.923738 -7.178170 -0.070320 0.047472 0.226880 0.970220
1520616811.669297457 -0.935516 -1.074455 -7.242792 -0.074900 0.067275 0.239014 0.965783
1520616811.719299316 -1.151907 -1.210623 -7.302687 -0.078418 0.085395 0.250506 0.961148
1520616811.769301414 -1.365223 -1.372411 -7.354418 -0.082963 0.102949 0.261406 0.956130
1520616811.819302320 -1.540978 -1.545063 -7.404272 -0.088681 0.118580 0.271558 0.950963
1520616811.869304657 -1.700619 -1.726694 -7.444879 -0.095440 0.133443 0.281298 0.945492
1520616811.918231726 -1.878094 -1.918627 -7.467841 -0.102671 0.149085 0.288329 0.940265
1520616811.968276024 -2.110910 -2.059097 -7.477456 -0.106678 0.167693 0.292008 0.935537
1520616812.018234968 -2.348207 -2.211213 -7.465656 -0.110480 0.187185 0.299625 0.928968
1520616812.068236828 -2.570017 -2.368342 -7.446861 -0.114099 0.205599 0.308073 0.921847
1520616812.118237972 -2.799190 -2.517851 -7.413853 -0.117011 0.224222 0.315314 0.914664
1520616812.168239832 -3.074333 -2.668777 -7.347837 -0.118660 0.245758 0.320863 0.906956
1520616812.218240976 -3.394275 -2.817212 -7.247136 -0.119525 0.269968 0.323333 0.899048
1520616812.268242836 -3.729445 -2.981169 -7.117737 -0.120783 0.295492 0.324435 0.890414
1520616812.317203283 -4.039237 -3.179489 -6.965648 -0.124416 0.319778 0.323156 0.881948
1520616812.367204189 -4.354660 -3.302593 -6.800836 -0.125944 0.343345 0.318293 0.874610
1520616812.417206287 -4.648725 -3.457103 -6.612835 -0.129704 0.365949 0.312717 0.866871
1520616812.467207193 -4.919137 -3.605631 -6.418240 -0.134342 0.387483 0.306588 0.858961
1520616812.517209053 -5.216730 -3.712788 -6.195929 -0.135980 0.410046 0.300069 0.850488
1520616812.567210197 -5.547502 -3.734109 -5.966271 -0.131374 0.433719 0.294442 0.841387
1520616812.617212057 -5.885057 -3.697263 -5.737600 -0.121299 0.457069 0.294168 0.830566
1520616812.667214155 -6.169821 -3.674708 -5.524892 -0.110491 0.477980 0.298944 0.818511
1520616812.715496540 -6.428442 -3.670540 -5.316577 -0.100914 0.497489 0.304069 0.806141
1520616812.765498400 -6.639744 -3.755906 -5.080504 -0.096428 0.517017 0.308058 0.792777
1520616812.815499544 -6.870846 -3.796871 -4.819719 -0.091450 0.537063 0.307479 0.780165
1520616812.865501404 -7.094706 -3.843150 -4.523243 -0.088032 0.557846 0.304399 0.767072
1520616812.915502548 -7.296116 -3.876184 -4.242410 -0.085483 0.576930 0.299304 0.755157
1520616812.965504408 -7.542821 -3.791225 -3.949630 -0.077622 0.596456 0.290806 0.744075
1520616813.015506506 -7.814311 -3.588589 -3.661179 -0.064349 0.615569 0.277912 0.734642
1520616813.065507650 -8.082074 -3.325077 -3.355497 -0.049207 0.634564 0.263224 0.724997
1520616813.112667084 -8.327554 -3.021544 -3.058126 -0.034432 0.651644 0.246957 0.716371
1520616813.162668943 -8.524883 -2.645237 -2.822488 -0.018842 0.666698 0.223250 0.710857
1520616813.212670326 -8.722746 -2.270539 -2.564415 -0.002890 0.682049 0.202065 0.702830
1520616813.262672186 -8.893543 -1.848057 -2.332714 0.015452 0.695483 0.180622 0.695299
1520616813.312673092 -9.025525 -1.411989 -2.125121 0.034752 0.707210 0.160860 0.687583
1520616813.362675190 -9.114201 -1.042868 -1.961152 0.051864 0.716682 0.144816 0.680224
1520616813.412676096 -9.181903 -0.632342 -1.840012 0.072099 0.723355 0.131457 0.674001
1520616813.462677956 -9.214121 -0.141456 -1.765723 0.096547 0.727061 0.118228 0.669390
1520616813.511425018 -9.235869 0.392928 -1.671512 0.123780 0.729711 0.106042 0.664045
1520616813.561426878 -9.229401 0.901845 -1.600473 0.151811 0.730452 0.100990 0.658176
1520616813.611492872 -9.188498 1.266548 -1.546216 0.172970 0.730874 0.097909 0.652931
1520616813.661430120 -9.141252 1.586894 -1.470909 0.190804 0.732271 0.093941 0.646953
1520616813.711431026 -9.093539 1.858717 -1.418958 0.205359 0.733162 0.091315 0.641843
1520616813.761432886 -9.035875 2.084657 -1.422870 0.217084 0.732636 0.088828 0.638927
1520616813.811434031 -8.967130 2.296346 -1.478071 0.226485 0.730852 0.085833 0.638116
1520616813.861435890 -8.903820 2.502380 -1.542571 0.233008 0.730040 0.078067 0.637694
1520616813.911437750 -8.841424 2.652954 -1.618586 0.234191 0.730879 0.067171 0.637541
1520616813.961328983 -8.812118 2.744726 -1.657662 0.231065 0.734819 0.053707 0.635425
1520616814.011330843 -8.791593 2.797355 -1.696070 0.224824 0.739750 0.039465 0.632982
1520616814.061331987 -8.794009 2.800501 -1.747036 0.214190 0.745631 0.023337 0.630565
1520616814.111333847 -8.780933 2.820753 -1.861910 0.202342 0.749436 0.004106 0.630386
1520616814.161334753 -8.771618 2.809519 -2.018818 0.188761 0.751624 -0.013812 0.631854
1520616814.211336851 -8.774291 2.784628 -2.134388 0.176524 0.754443 -0.029561 0.631491
1520616814.261338949 -8.782849 2.775356 -2.240373 0.168388 0.756246 -0.038499 0.631075
1520616814.311339855 -8.786397 2.911748 -2.263230 0.169424 0.758743 -0.047805 0.627151
1520616814.361090660 -8.791099 3.071341 -2.254779 0.173760 0.761366 -0.053271 0.622327
1520616814.411091566 -8.819714 3.197849 -2.223475 0.177577 0.764859 -0.056297 0.616675
1520616814.461093426 -8.897592 3.237600 -2.129533 0.176873 0.771451 -0.059928 0.608266
1520616814.511094570 -9.032758 3.138003 -1.988581 0.169311 0.780848 -0.061767 0.598159
1520616814.561096430 -9.201993 2.975731 -1.815914 0.158503 0.791396 -0.061990 0.587134
1520616814.611098289 -9.394830 2.708364 -1.691864 0.143092 0.800796 -0.062606 0.578213
1520616814.661100626 -9.573160 2.423169 -1.640068 0.128465 0.807261 -0.060602 0.572847
1520616814.711101532 -9.730851 2.124355 -1.638860 0.115230 0.811749 -0.054474 0.569928
1520616814.760954142 -9.873194 1.864358 -1.630597 0.105752 0.815614 -0.046314 0.566962
1520616814.810956240 -10.015458 1.663933 -1.557923 0.100092 0.820603 -0.038502 0.561346
1520616814.860958099 -10.136422 1.441119 -1.483645 0.095142 0.825157 -0.028199 0.556119
1520616814.910959005 -10.216098 1.102056 -1.537653 0.086988 0.826417 -0.011635 0.556177
1520616814.960960150 -10.304781 0.710900 -1.638170 0.076660 0.826723 0.005808 0.557331
1520616815.010962248 -10.362148 0.382723 -1.771013 0.068230 0.825855 0.020021 0.559381
1520616815.060964108 -10.397883 0.170681 -1.871120 0.064055 0.825355 0.029786 0.560177
1520616815.110965252 -10.444414 0.085420 -1.922544 0.064731 0.826011 0.036067 0.558762
1520616815.160938740 -10.453952 -0.109866 -2.114424 0.060678 0.823225 0.045322 0.562641
1520616815.210939646 -10.453554 -0.272882 -2.307443 0.058434 0.820465 0.053764 0.566155
1520616815.261025906 -10.459243 -0.220995 -2.419157 0.066350 0.818976 0.062000 0.566596
1520616815.310942650 -10.493334 -0.054865 -2.367459 0.081023 0.821018 0.070723 0.560681
1520616815.360944748 -10.524739 0.054518 -2.272423 0.093870 0.824049 0.081341 0.552735
1520616815.410945892 -10.551577 0.116513 -2.165119 0.103733 0.827590 0.090259 0.544231
1520616815.460947752 -10.578738 0.089270 -1.991090 0.109719 0.833174 0.098953 0.532908
1520616815.510949612 -10.613524 0.033060 -1.715045 0.115710 0.841148 0.109421 0.516825
1520616815.560867310 -10.651645 0.035620 -1.275201 0.124440 0.852203 0.116031 0.494774
1520616815.610869408 -10.661017 -0.008848 -0.853073 0.131025 0.862687 0.123192 0.472681
1520616815.660870314 -10.653889 -0.038638 -0.356008 0.136853 0.874517 0.126263 0.447827
1520616815.710872412 -10.611020 -0.098310 0.161118 0.138644 0.887046 0.124586 0.422380
1520616815.760873556 -10.534189 -0.124124 0.700724 0.140316 0.899483 0.119407 0.396212
1520616815.810875416 -10.406791 -0.041529 1.358259 0.145482 0.912734 0.109556 0.365717
1520616815.860877275 -10.225756 0.017572 2.073169 0.148986 0.926200 0.099989 0.331601
1520616815.910878420 -9.978939 0.178243 2.779960 0.156348 0.937839 0.087897 0.297132
1520616815.960880280 -9.692237 0.327099 3.482915 0.162756 0.948341 0.076082 0.261479
1520616816.011795282 -9.648036 0.346762 3.570434 0.168909 0.957362 0.064147 0.225417
1520616816.061797142 -9.648036 0.346762 3.570434 0.168909 0.957362 0.064147 0.225417
1520616816.111799240 -9.656876 0.342830 3.552930 0.168909 0.957362 0.064147 0.225417
1520616816.161800146 -9.663948 0.339684 3.538927 0.168909 0.957362 0.064147 0.225417
1520616816.211802006 -9.663948 0.339684 3.538927 0.168909 0.957362 0.064147 0.225417
1520616816.261803150 0.082872 0.605209 -0.791741 -0.012568 0.030306 0.010781 0.999404
1520616816.311805248 -0.005266 1.150793 -1.652773 -0.030188 0.062222 0.017332 0.997455
1520616816.361807108 -0.058273 1.572362 -2.394580 -0.051494 0.089075 0.025965 0.994354
1520616816.412320852 0.474620 0.702566 -3.200634 -0.088696 0.097199 0.031234 0.990813
1520616816.462322712 0.177232 0.566376 -3.739400 -0.107400 0.122648 0.037617 0.985904
1520616816.512323856 -0.054581 0.550735 -4.181736 -0.117346 0.146380 0.046003 0.981166
1520616816.562324762 -0.390318 0.303170 -4.519172 -0.124630 0.168139 0.055525 0.976275
1520616816.612326622 -0.585168 0.091695 -4.745936 -0.128035 0.186327 0.068654 0.971687
1520616816.662328720 -0.722041 -0.035263 -4.954313 -0.127116 0.200836 0.082629 0.967822
1520616816.712329626 -0.831113 -0.154744 -5.143339 -0.124935 0.211826 0.096608 0.964463
1520616816.762331724 -0.895312 -0.307452 -5.334760 -0.124282 0.228063 0.111234 0.959254
1520616816.812090158 -0.947492 -0.448360 -5.510283 -0.122508 0.245331 0.122418 0.953844
1520616816.862092018 -0.972346 -0.516228 -5.773378 -0.119662 0.262519 0.130391 0.948558
1520616816.912197113 -0.925687 -0.622330 -6.029077 -0.117981 0.280276 0.133455 0.943247
1520616816.962095022 -0.915586 -0.740147 -6.327543 -0.114881 0.301808 0.136962 0.936459
1520616817.012095928 -0.961623 -0.802601 -6.680230 -0.106617 0.326339 0.141988 0.928426
1520616817.062098265 -1.035745 -0.845459 -7.084509 -0.093660 0.354150 0.147851 0.918665
1520616817.112100124 -1.010547 -1.024198 -7.487184 -0.082737 0.380035 0.150993 0.908807
1520616817.162101030 -1.052002 -1.129018 -7.969690 -0.066786 0.408029 0.149010 0.898247
1520616817.212283134 -1.148446 -1.290845 -8.589679 -0.052860 0.435483 0.149447 0.886130
1520616817.262284040 -1.177922 -1.296946 -9.150035 -0.040085 0.462362 0.155688 0.871995
1520616817.312285900 -1.292530 -1.315087 -9.855439 -0.025475 0.491507 0.155219 0.856551
1520616817.362287045 -1.337057 -1.418876 -10.479162 -0.016075 0.520011 0.149823 0.840764
1520616817.412289143 -1.614950 -1.500742 -11.098079 -0.007079 0.552706 0.139564 0.821576
1520616817.462291002 -1.735163 -1.343712 -11.611274 0.001071 0.584991 0.131304 0.800340
1520616817.512292147 -2.035098 -1.228709 -12.119375 0.008140 0.619739 0.122550 0.775138
1520616817.562294006 -2.388923 -0.977876 -12.618469 0.017364 0.653570 0.112412 0.748270
1520616817.613727570 -2.960651 -0.690346 -13.116253 0.025757 0.687077 0.104719 0.718537
1520616817.663729429 -3.482745 -0.446816 -13.439411 0.038981 0.716734 0.095921 0.689617
1520616817.713730574 -3.948590 -0.041843 -13.761378 0.052536 0.743363 0.088615 0.660908
1520616817.763732433 -4.450287 0.501318 -14.110699 0.068646 0.768231 0.085680 0.630689
1520616817.813733339 -5.046910 1.131301 -14.339875 0.080440 0.792487 0.089809 0.597853
1520616817.863735437 -5.929882 1.682010 -14.479148 0.087993 0.817341 0.091520 0.561991
1520616817.913737535 -6.790646 1.807449 -14.678933 0.087146 0.839983 0.085715 0.528665
1520616817.963739395 -7.615363 1.778193 -14.882760 0.084122 0.859956 0.072095 0.498198
1520616818.014805079 -8.856773 1.683018 -14.975710 0.078753 0.881182 0.053371 0.463107
1520616818.064806938 -9.897650 1.641267 -15.018070 0.073666 0.897785 0.035367 0.432788
1520616818.114807844 -10.943766 1.674150 -14.981044 0.073497 0.912216 0.018661 0.402631
1520616818.164808989 -11.856329 1.771430 -15.024021 0.074353 0.922399 0.007283 0.378943
1520616818.214810848 -12.590988 2.027773 -15.196822 0.078074 0.928825 0.002546 0.362192
1520616818.264812708 -12.951490 2.071546 -15.476932 0.073296 0.932784 0.006974 0.352836
1520616818.314813852 -13.570580 1.901281 -15.910530 0.067546 0.935459 0.012890 0.346680
1520616818.364815950 -13.828649 1.697978 -16.626751 0.056623 0.935353 0.022512 0.348429
1520616818.414816856 -14.191855 1.252020 -17.324446 0.051282 0.935322 0.024268 0.349219
1520616818.462631464 -14.231320 1.202214 -17.401659 0.045940 0.935261 0.026023 0.349999
1520616818.512632370 -14.231320 1.202214 -17.401659 0.045940 0.935261 0.026023 0.349999
1520616818.562634230 -14.223427 1.212175 -17.386216 0.045940 0.935261 0.026023 0.349999
1520616818.612636328 -14.217112 1.220144 -17.373862 0.045940 0.935261 0.026023 0.349999
1520616818.662637234 -0.305730 -0.413961 -0.857418 0.019656 -0.018414 -0.012909 0.999554
1520616818.712639570 -0.350895 -0.546603 -1.161068 0.034855 -0.026097 -0.012499 0.998973
1520616818.762640476 -0.332580 -0.706051 -1.461628 0.048441 -0.034877 -0.010984 0.998156
1520616818.812642336 -0.290021 -0.860716 -1.767936 0.058387 -0.042634 -0.013521 0.997292
1520616818.865568161 -0.276558 -0.903738 -1.857198 0.068324 -0.050384 -0.016055 0.996261
1520616818.915570259 -0.276558 -0.903738 -1.857198 0.068324 -0.050384 -0.016055 0.996261
1520616818.965571404 -0.279251 -0.895134 -1.839346 0.068324 -0.050384 -0.016055 0.996261
1520616819.015573263 -0.281405 -0.888250 -1.825064 0.068324 -0.050384 -0.016055 0.996261
1520616819.065575123 -0.283128 -0.882743 -1.813638 0.068324 -0.050384 -0.016055 0.996261
1520616819.115576267 0.328469 -0.259005 -0.908309 0.018813 0.024018 -0.037693 0.998824
1520616819.165578127 0.401155 -0.232983 -1.147041 0.027420 0.035670 -0.044898 0.997978
1520616819.215580225 0.464605 -0.164555 -1.381811 0.035235 0.047978 -0.049796 0.996984
1520616819.267743349 0.498710 -0.000666 -1.641835 0.045698 0.062422 -0.053538 0.995565
1520616819.317744493 0.510988 -0.027469 -1.892045 0.046307 0.074960 -0.046535 0.995023
1520616819.367746353 0.457120 -0.040246 -2.162542 0.043140 0.086281 -0.041829 0.994457
1520616819.417747259 0.404982 0.008093 -2.441854 0.036333 0.093646 -0.035728 0.994301
1520616819.467749357 0.322452 0.056772 -2.744060 0.023501 0.099205 -0.036052 0.994136
1520616819.517751217 0.219285 0.027684 -3.042509 0.003735 0.101834 -0.036615 0.994120
1520616819.567753315 0.072756 -0.024700 -3.340467 -0.019867 0.103029 -0.038403 0.993738
1520616819.617754459 -0.122542 -0.073187 -3.626501 -0.042387 0.104383 -0.044328 0.992644
1520616819.668343306 -0.340368 -0.081166 -3.930458 -0.058347 0.100453 -0.044896 0.992214
1520616819.718344212 -0.467141 -0.047793 -4.289982 -0.067683 0.091224 -0.041486 0.992661
1520616819.768346071 -0.601290 0.029388 -4.633045 -0.071825 0.082075 -0.037862 0.993313
1520616819.818347216 -0.770238 0.093374 -4.942313 -0.073061 0.073822 -0.032125 0.994073
1520616819.868349075 -0.904074 0.155268 -5.259448 -0.072628 0.064524 -0.029021 0.994846
1520616819.918349981 -1.063832 0.182000 -5.555839 -0.071904 0.056620 -0.026868 0.995441
1520616819.968352318 -1.168289 0.116843 -5.839516 -0.074818 0.048822 -0.025126 0.995684
1520616820.018354177 -1.358799 0.018433 -6.097383 -0.079633 0.045876 -0.025418 0.995444
1520616820.069560528 -1.578379 0.051308 -6.357110 -0.082309 0.050769 -0.035873 0.994666
1520616820.119561434 -1.745958 0.015819 -6.618091 -0.084176 0.054772 -0.041673 0.994071
1520616820.169563293 -1.968576 0.006549 -6.877532 -0.083712 0.055896 -0.047557 0.993784
1520616820.219565630 -2.027993 -0.056032 -7.133238 -0.079724 0.048663 -0.053324 0.994199
1520616820.269566536 -1.847697 0.005986 -7.514163 -0.068314 0.025128 -0.057891 0.995666
1520616820.319568396 -1.444331 0.052782 -7.915234 -0.058331 -0.011215 -0.067219 0.995969
1520616820.369569540 -0.864476 0.128266 -8.320592 -0.046813 -0.056699 -0.071070 0.994758
1520616820.419571400 -0.103785 0.137106 -8.674958 -0.035994 -0.109971 -0.070521 0.990776
1520616820.469572306 0.757512 0.246882 -8.948717 -0.022318 -0.162215 -0.071851 0.983883
1520616820.517346621 1.665150 0.659705 -9.155414 -0.001588 -0.212886 -0.074117 0.974261
1520616820.567347765 2.507762 0.894652 -9.263644 0.014765 -0.258025 -0.069821 0.963499
1520616820.617349625 3.262010 1.065451 -9.325389 0.028179 -0.296693 -0.058685 0.952751
1520616820.667351484 3.895603 1.287505 -9.373165 0.040781 -0.327951 -0.036586 0.943105
1520616820.717352629 4.280018 1.543288 -9.466117 0.051956 -0.347591 -0.000878 0.936205
1520616820.767354727 4.521945 1.890124 -9.607437 0.062964 -0.355147 0.026439 0.932313
1520616820.817355633 4.534289 2.252923 -9.845533 0.073775 -0.351027 0.054588 0.931857
1520616820.867357731 4.171716 2.593070 -10.236527 0.082724 -0.330780 0.081261 0.936556
1520616820.919586658 3.283919 2.769344 -10.808845 0.086326 -0.291386 0.120357 0.945069
1520616820.969588518 2.004763 2.576163 -11.406053 0.080019 -0.238514 0.161921 0.954196
1520616821.019590378 0.672166 2.004921 -11.911291 0.063672 -0.178548 0.194509 0.962410
1520616821.069591522 -0.842125 1.198093 -12.242109 0.042436 -0.109912 0.218057 0.968798
1520616821.119593382 -2.613832 0.169097 -12.275717 0.017362 -0.029690 0.230736 0.972408
1520616821.169595480 -4.417640 -1.048499 -11.904760 -0.011982 0.054514 0.240132 0.969134
1520616821.219596624 -6.139602 -2.184770 -11.132759 -0.039692 0.138462 0.244397 0.958918
1520616821.269598484 -7.751771 -3.138984 -9.975457 -0.063341 0.221886 0.242360 0.942346
1520616821.317485094 -8.658808 -3.548546 -8.868994 -0.075640 0.279100 0.236993 0.927478
1520616821.367486238 -9.967036 -3.719469 -7.333045 -0.079755 0.355285 0.218174 0.905434
1520616821.417488098 -11.164314 -3.266850 -5.664519 -0.068063 0.428657 0.187685 0.881133
1520616821.467489243 -11.991708 -2.588796 -4.099389 -0.052030 0.490368 0.155432 0.855963
1520616821.517490149 -12.542886 -1.546179 -2.709492 -0.026704 0.541209 0.117136 0.832261
1520616821.567492008 -12.837933 -0.312654 -1.424835 0.002548 0.584487 0.074833 0.807941
1520616821.617493153 -12.884484 0.835979 -0.449502 0.028210 0.615366 0.035484 0.786937
1520616821.667495251 -12.784416 1.840763 0.166048 0.050167 0.633916 0.001310 0.771772
1520616821.713176489 -12.766645 1.925104 0.216750 0.072013 0.651056 -0.032868 0.754891
1520616821.763178587 -12.766645 1.925104 0.216750 0.072013 0.651056 -0.032868 0.754891
1520616821.813185453 -12.770199 1.908236 0.206609 0.072013 0.651056 -0.032868 0.754891
1520616821.863181591 -12.773043 1.894741 0.198497 0.072013 0.651056 -0.032868 0.754891
1520616821.913183451 -12.775317 1.883945 0.192007 0.072013 0.651056 -0.032868 0.754891
1520616821.963184595 -0.061659 -0.282902 -0.957165 -0.044447 -0.024404 -0.071856 0.996125
1520616822.013186455 -0.030997 -0.323754 -1.174262 -0.044360 -0.044250 -0.065248 0.995900
1520616822.063187361 -0.003563 -0.354366 -1.389110 -0.036874 -0.060826 -0.043838 0.996503
1520616822.111990929 0.090113 -0.403931 -1.597779 -0.025352 -0.070817 -0.013512 0.997076
1520616822.161991835 0.132990 -0.420870 -1.686518 -0.013801 -0.080727 0.016828 0.996499
1520616822.211994171 0.132990 -0.420870 -1.686518 -0.013801 -0.080727 0.016828 0.996499
1520616822.261996031 0.124415 -0.417482 -1.668770 -0.013801 -0.080727 0.016828 0.996499
1520616822.311996937 0.113480 -0.189479 -0.975305 -0.007235 0.044946 0.091310 0.994781
1520616822.361999035 0.156211 -0.253740 -1.483357 -0.018561 0.077631 0.132869 0.987914
1520616822.411999941 0.177497 -0.315175 -1.987436 -0.032332 0.120129 0.167113 0.978058
1520616822.462002039 0.189817 -0.316359 -2.470741 -0.045732 0.168037 0.193871 0.965446
1520616822.511841774 0.152717 -0.388011 -2.929186 -0.060337 0.223315 0.212162 0.949461
1520616822.561843872 0.066411 -0.471287 -3.397332 -0.075094 0.282151 0.224614 0.929677
1520616822.611844778 -0.079631 -0.492438 -3.777761 -0.081677 0.342036 0.222571 0.909287
1520616822.661846876 -0.356146 -0.490338 -4.179135 -0.080567 0.402017 0.210205 0.887527
1520616822.711848974 -0.653761 -0.497577 -4.527160 -0.075810 0.455039 0.191525 0.866320
1520616822.761849880 -0.975345 -0.521525 -4.826133 -0.071021 0.501517 0.169972 0.845309
1520616822.811851740 -1.270432 -0.553476 -5.125779 -0.064253 0.541894 0.142998 0.825696
1520616822.861853838 -1.566633 -0.701380 -5.432678 -0.055454 0.576521 0.108525 0.807942
1520616822.911854744 -1.873366 -0.770962 -5.768416 -0.042106 0.604346 0.072050 0.792339
1520616822.961549520 -2.154495 -0.678020 -6.094745 -0.026247 0.624434 0.041138 0.779551
1520616823.011550665 -2.382072 -0.490476 -6.446352 -0.005663 0.639780 0.009507 0.768478
1520616823.061552525 -2.605363 -0.377240 -6.786710 0.013057 0.652399 -0.020428 0.757488
1520616823.111553431 -2.771903 -0.284215 -7.163135 0.027059 0.659912 -0.048513 0.749287
1520616823.161555767 -2.903353 -0.284578 -7.510693 0.036016 0.664427 -0.078682 0.742326
1520616823.211557627 -3.014033 -0.277338 -7.871781 0.044461 0.666356 -0.108650 0.736334
1520616823.261558533 -3.075828 -0.238330 -8.242702 0.054758 0.666918 -0.139772 0.729853
1520616823.311560631 -3.152204 -0.254095 -8.624272 0.065186 0.666360 -0.170807 0.722869
1520616823.361238003 -3.288251 -0.310698 -8.979800 0.071523 0.667746 -0.196397 0.714443
1520616823.411239862 -3.402003 -0.411489 -9.353637 0.074581 0.668751 -0.214492 0.707957
1520616823.461263180 -3.524264 -0.505079 -9.716972 0.074747 0.670775 -0.224742 0.702826
1520616823.511243105 -3.670919 -0.541806 -10.094163 0.076941 0.674114 -0.232010 0.697009
1520616823.561244011 -3.798777 -0.338058 -10.485081 0.086283 0.677581 -0.235921 0.691217
1520616823.611246109 -3.787268 -0.011507 -10.934315 0.101159 0.678056 -0.238552 0.687823
1520616823.661247015 -3.795022 0.294864 -11.346487 0.115908 0.679196 -0.241568 0.683303
1520616823.711248875 -3.765312 0.544013 -11.771110 0.129321 0.677701 -0.245925 0.680822
1520616823.761011600 -3.596538 0.789667 -12.233312 0.140925 0.673578 -0.247441 0.682060
1520616823.811013699 -3.484807 0.945052 -12.709539 0.150507 0.668420 -0.251012 0.683780
1520616823.861015558 -3.277505 0.997458 -13.225562 0.158416 0.660308 -0.257543 0.687437
1520616823.911016703 -3.057574 0.961818 -13.736033 0.166200 0.649967 -0.266764 0.691923
1520616823.961018562 -2.739123 0.854665 -14.308541 0.172930 0.637362 -0.272562 0.699696
1520616824.011019707 -2.308346 0.747237 -14.925117 0.177482 0.622838 -0.272777 0.711453
1520616824.061021805 -1.784332 0.437695 -15.587911 0.174186 0.606507 -0.267342 0.728242
1520616824.111022711 -1.277794 0.130342 -16.217625 0.164757 0.591605 -0.255803 0.746608
1520616824.161719322 -0.655226 -0.168147 -16.678392 0.151540 0.576512 -0.240158 0.766155
1520616824.211720228 0.059980 -0.624608 -17.268527 0.133729 0.559097 -0.219876 0.788151
1520616824.261722326 0.909787 -0.935422 -17.808662 0.117993 0.538043 -0.200589 0.810155
1520616824.311724186 1.924334 -1.236163 -18.264648 0.103016 0.514187 -0.182148 0.831758
1520616824.361725092 2.838116 -1.522312 -18.665193 0.087258 0.492695 -0.164618 0.850023
1520616824.411727428 3.730904 -1.877464 -19.022497 0.066206 0.471575 -0.143514 0.867547
1520616824.461729288 4.485711 -2.215221 -19.377185 0.045099 0.453101 -0.122722 0.881819
1520616824.511730194 5.201793 -2.299340 -19.714109 0.027797 0.437651 -0.100064 0.893127
1520616824.561630011 5.788536 -2.188875 -20.088037 0.012173 0.425454 -0.073389 0.901917
1520616824.611630917 6.214359 -2.100011 -20.466420 -0.003372 0.417513 -0.050196 0.907277
1520616824.661632776 6.373122 -2.194719 -20.883352 -0.020844 0.415036 -0.034176 0.908924
1520616824.711633921 6.387943 -2.406741 -21.319577 -0.042863 0.415296 -0.018351 0.908491
1520616824.761635780 6.312417 -2.682205 -21.752788 -0.066636 0.418554 -0.002791 0.905740
1520616824.811636925 6.117334 -2.910361 -22.209372 -0.090678 0.424200 0.015035 0.900892
1520616824.861639023 5.876763 -3.034701 -22.680385 -0.111096 0.430447 0.033610 0.895122
1520616824.911640882 5.512749 -3.117621 -23.195533 -0.124032 0.438853 0.047490 0.888689
1520616824.961117744 5.131612 -2.972009 -23.776643 -0.129748 0.448664 0.059889 0.882202
1520616825.011119604 4.528293 -2.908372 -24.394872 -0.132328 0.461771 0.069983 0.874277
1520616825.061120749 3.791729 -2.879520 -25.014027 -0.133722 0.477053 0.078492 0.865088
1520616825.111160755 3.069013 -2.946591 -25.601473 -0.133894 0.492583 0.081813 0.856003
1520616825.161123753 2.248478 -3.184668 -26.154073 -0.133046 0.509900 0.079121 0.846192
1520616825.211125851 1.214863 -3.334298 -26.697602 -0.127579 0.529835 0.071759 0.835374
1520616825.261126757 0.131904 -3.422497 -27.192161 -0.119040 0.550791 0.063472 0.823669
1520616825.311128855 -1.095286 -3.177104 -27.690186 -0.103998 0.572322 0.055009 0.811546
1520616825.361129761 -2.266073 -2.966443 -28.095691 -0.087707 0.592052 0.043291 0.799942
1520616825.410990953 -3.203696 -2.968354 -28.435574 -0.074747 0.607837 0.028936 0.790006
1520616825.460992813 -3.974520 -2.852753 -28.822202 -0.059685 0.620257 0.011866 0.782034
1520616825.510993719 -4.780391 -2.759490 -29.152241 -0.044544 0.632638 -0.007280 0.773131
1520616825.560995817 -5.560808 -2.659556 -29.449753 -0.029001 0.643815 -0.028172 0.764112
1520616825.610996723 -6.359040 -2.494479 -29.697121 -0.014022 0.653706 -0.048187 0.755082
1520616825.660998583 -7.009377 -2.434388 -29.980189 -0.001080 0.661503 -0.067531 0.746895
1520616825.710999727 -7.661399 -2.375882 -30.274077 0.011082 0.668600 -0.086169 0.738530
1520616825.761001825 -8.194600 -2.212241 -30.596323 0.022693 0.674264 -0.101845 0.731082
1520616825.811155796 -9.037935 -2.345312 -30.742053 0.029236 0.681850 -0.118129 0.721299
1520616825.861157656 -9.468216 -2.259888 -30.938478 0.036271 0.685027 -0.130962 0.715731
1520616825.911159515 -9.672692 -2.358332 -31.222634 0.042050 0.684521 -0.145515 0.713084
1520616825.961160660 -9.600274 -2.438364 -31.542587 0.047022 0.680884 -0.158617 0.713461
1520616826.011162519 -8.823589 -2.959988 -32.066045 0.045626 0.669263 -0.167712 0.722411
1520616826.061164618 -7.633599 -3.431297 -32.676126 0.044706 0.653007 -0.175276 0.735433
1520616826.111165762 -6.362334 -4.284301 -33.198594 0.042377 0.634194 -0.188969 0.748527
1520616826.161167622 -5.010671 -5.345066 -33.627462 0.037486 0.613904 -0.202098 0.762150
1520616826.211901665 -3.106043 -6.837180 -33.978761 0.026992 0.587155 -0.212642 0.780580
1520616826.261902809 -0.822622 -8.293883 -34.158193 0.018408 0.555768 -0.223837 0.800425
1520616826.311903715 1.484330 -9.729515 -34.114656 0.010396 0.522187 -0.235269 0.819672
1520616826.361905575 4.081207 -11.263688 -33.779933 0.001806 0.483849 -0.246512 0.839714
1520616826.411907911 6.676704 -12.796845 -33.134468 -0.005806 0.443178 -0.259099 0.858153
1520616826.461908817 9.312704 -14.213327 -32.195982 -0.013926 0.400755 -0.268974 0.875702
1520616826.511909723 12.112240 -15.477739 -30.931013 -0.021195 0.354749 -0.276269 0.892961
1520616826.561912775 15.057573 -16.567104 -29.310652 -0.029372 0.305883 -0.279053 0.909781
1520616826.612506151 17.636015 -17.595185 -27.431079 -0.038005 0.258551 -0.282369 0.923025
1520616826.662507057 19.955612 -18.369120 -25.439262 -0.047307 0.213977 -0.282496 0.933902
1520616826.712509155 21.788163 -19.134789 -23.401963 -0.059538 0.174131 -0.282940 0.941318
1520616826.762565136 23.288354 -19.894622 -21.353080 -0.072732 0.137272 -0.284238 0.946084
1520616826.812511921 24.634632 -20.594631 -19.123179 -0.086671 0.099781 -0.285310 0.949279
1520616826.862513065 26.156262 -20.981905 -16.569940 -0.098976 0.057614 -0.282635 0.952366
1520616826.912515163 27.368468 -21.151110 -14.130835 -0.107998 0.018333 -0.280319 0.953636
1520616826.962517023 28.496400 -21.053886 -11.656290 -0.113730 -0.021533 -0.276067 0.954143
1520616827.011626482 29.593115 -20.640331 -8.940028 -0.111936 -0.065697 -0.272683 0.953309
1520616827.061628342 30.406260 -20.267973 -6.000289 -0.110552 -0.112011 -0.269126 0.950160
1520616827.111629486 31.022100 -19.747702 -2.799934 -0.109979 -0.160778 -0.263409 0.944813
1520616827.161631584 31.390225 -18.965511 0.620257 -0.110365 -0.211539 -0.254434 0.937195
1520616827.211632490 31.483914 -17.931021 4.255207 -0.112956 -0.264233 -0.241972 0.926753
1520616827.261634588 31.197287 -16.625855 7.892574 -0.117692 -0.316279 -0.226374 0.913713
1520616827.311635494 30.531412 -14.890454 11.783759 -0.116710 -0.373652 -0.207446 0.896509
1520616827.361637354 29.311430 -13.401530 15.264212 -0.116676 -0.425780 -0.192113 0.876465
1520616827.411665440 27.958409 -12.148569 17.928666 -0.116340 -0.467457 -0.179697 0.857705
1520616827.461434364 26.636328 -10.798344 20.118190 -0.114316 -0.503818 -0.165236 0.840117
1520616827.511436224 25.248149 -9.223026 22.069088 -0.109975 -0.538821 -0.146389 0.822282
1520616827.561437368 23.483436 -7.814162 23.961268 -0.107565 -0.573505 -0.130942 0.801484
1520616827.611439466 21.739186 -6.688985 25.414785 -0.106527 -0.602734 -0.118972 0.781799
1520616827.661440611 20.202430 -5.601509 26.485369 -0.105149 -0.626863 -0.106661 0.764598
1520616827.711442471 18.772882 -4.311968 27.309965 -0.101799 -0.648410 -0.089571 0.749119
1520616827.761444330 17.354620 -3.050874 27.978526 -0.092886 -0.668942 -0.070530 0.734108
1520616827.811445475 16.038618 -2.132594 28.442996 -0.080299 -0.686252 -0.054490 0.720861
1520616827.861900806 15.022515 -1.628401 28.636604 -0.065432 -0.698230 -0.042333 0.711619
1520616827.911902666 14.150540 -1.419955 28.711803 0.047519 0.707607 0.033545 -0.704208
1520616827.961904526 13.227873 -1.243375 28.786828 0.031863 0.716996 0.025731 -0.695873
1520616828.011905909 12.298243 -0.855479 28.836983 0.020791 0.726134 0.015484 -0.687064
1520616828.061906576 11.335889 -0.295366 28.863520 0.012465 0.735241 0.002786 -0.677685
1520616828.111908674 10.356584 0.233114 28.857123 0.006019 0.744290 -0.009213 -0.667766
1520616828.161909819 9.448107 0.530947 28.867506 0.000857 0.753315 -0.017677 -0.657422
1520616828.211911678 8.527021 0.545443 28.865896 -0.004966 0.762545 -0.021743 -0.646551
1520616828.261740446 7.565353 0.465598 28.832920 -0.012944 0.772078 -0.025829 -0.634871
1520616828.311742544 6.625246 0.252960 28.747752 -0.021825 0.781345 -0.028260 -0.623078
1520616828.361743689 6.067483 -0.014724 28.560297 -0.029083 0.786360 -0.029014 -0.616401
1520616828.411818504 5.578170 0.040130 28.326495 -0.035335 0.790258 -0.034886 -0.610759
1520616828.461746454 5.036020 0.461126 28.105572 -0.038113 0.794484 -0.045922 -0.604345
1520616828.511748552 4.475236 0.968740 27.840241 -0.038025 0.798438 -0.057382 -0.598129
1520616828.561749458 3.784625 1.213293 27.628530 -0.045022 0.803885 -0.067575 -0.589216
1520616828.611751318 3.066785 1.119246 27.420808 -0.057775 0.809488 -0.074621 -0.579502
1520616828.661351204 2.570910 0.794918 27.208997 -0.070038 0.813454 -0.077381 -0.572188
1520616828.711352348 2.414609 0.394717 26.942792 -0.080050 0.814460 -0.075599 -0.569677
1520616828.761354208 2.412603 0.176717 26.655976 -0.086239 0.813501 -0.075572 -0.570148
1520616828.811355352 2.553961 0.236723 26.352855 -0.089904 0.811080 -0.079987 -0.572424
1520616828.861357212 2.776278 0.586523 26.018772 -0.091960 0.806552 -0.089354 -0.577090
1520616828.911358118 3.142705 1.191785 25.652693 -0.091879 0.799839 -0.103204 -0.584093
1520616828.961360455 3.824292 1.812207 25.225701 -0.091433 0.789235 -0.115020 -0.596254
1520616829.011361361 4.781673 2.440256 24.748863 -0.090641 0.774990 -0.126743 -0.612464
1520616829.061174631 5.910127 3.024130 24.184102 -0.089942 0.758201 -0.136542 -0.631188
1520616829.111176491 7.338449 3.442804 23.464867 -0.091400 0.736712 -0.142786 -0.654610
1520616829.161177635 8.804669 3.693776 22.655515 -0.095396 0.714016 -0.145901 -0.678081
1520616829.211179495 10.232990 3.623953 21.830611 0.097874 -0.692771 0.141927 0.700247
1520616829.261180401 11.597148 3.390597 20.963237 0.105332 -0.671648 0.135955 0.720632
1520616829.311182499 12.803364 3.219110 20.046983 0.112550 -0.651124 0.131381 0.738992
1520616829.361184597 13.875999 3.257210 19.068535 0.115736 -0.630519 0.130698 0.756286
1520616829.411185503 14.868224 3.486519 18.034908 0.113340 -0.609629 0.134230 0.772974
1520616829.461228371 15.991811 3.611559 16.807730 0.108650 -0.585490 0.133999 0.792112
1520616829.511229277 17.067344 3.659055 15.485136 0.103916 -0.560182 0.133059 0.810983
1520616829.561231136 18.057458 3.609818 14.122429 0.099125 -0.535113 0.129738 0.828852
1520616829.611233234 18.999646 3.237687 12.709704 0.089422 -0.510333 0.119282 0.846957
1520616829.661234140 19.844100 2.818328 11.285591 0.077783 -0.485885 0.108393 0.863780
1520616829.711235285 20.597465 2.313014 9.773526 0.064313 -0.459812 0.096666 0.880394
1520616829.761237144 21.191320 1.759658 8.365410 0.049438 -0.436012 0.084752 0.894576
1520616829.811238050 21.675072 0.975764 6.986205 0.033042 -0.412498 0.070270 0.907643
1520616829.861240387 22.059365 -0.021749 5.516208 0.018754 -0.386830 0.051953 0.920495
1520616829.912132502 22.073414 -0.078663 5.435193 0.004441 -0.360634 0.033566 0.932092
1520616829.962133408 22.073414 -0.078663 5.435193 0.004441 -0.360634 0.033566 0.932092
1520616830.012135506 22.070604 -0.067281 5.451396 0.004441 -0.360634 0.033566 0.932092
1520616830.062225342 -0.074986 -0.294356 -0.952749 -0.006074 0.042734 -0.059707 0.997282
1520616830.112138510 -0.173972 -0.397250 -1.415449 -0.006873 0.064424 -0.081957 0.994528
1520616830.162139654 -0.312191 -0.528491 -1.855416 -0.006494 0.085126 -0.103396 0.990970
1520616830.212141514 -0.448166 -0.549995 -2.296853 -0.001866 0.103572 -0.131505 0.985888
1520616830.262143373 -0.521390 -0.489297 -2.709296 0.007139 0.119294 -0.162398 0.979462
1520616830.313514233 -0.756746 -0.477214 -3.034665 0.014584 0.137698 -0.186536 0.972641
1520616830.363516092 -0.817913 -0.469960 -3.113443 0.022015 0.155962 -0.210482 0.964826
1520616830.413516998 -0.817913 -0.469960 -3.113443 0.022015 0.155962 -0.210482 0.964826
1520616830.463519335 -0.805680 -0.471411 -3.097687 0.022015 0.155962 -0.210482 0.964826
1520616830.513520241 -0.795893 -0.472572 -3.085083 0.022015 0.155962 -0.210482 0.964826
1520616830.563522100 -0.788064 -0.473500 -3.074999 0.022015 0.155962 -0.210482 0.964826
1520616830.613523245 -0.781800 -0.474243 -3.066932 0.022015 0.155962 -0.210482 0.964826
1520616830.663525105 -0.017601 -0.091359 -0.995662 -0.033402 -0.063303 0.023897 0.997149
1520616830.714658022 0.024945 -0.126276 -1.198649 -0.045454 -0.085147 0.050744 0.994037
1520616830.764658928 0.086451 -0.171287 -1.389777 -0.053958 -0.110152 0.082585 0.989007
1520616830.814660788 0.171908 -0.190175 -1.570317 -0.057793 -0.132818 0.114185 0.982843
1520616830.864661932 0.254827 -0.204367 -1.738824 -0.060518 -0.150030 0.145725 0.976009
1520616830.914664030 0.348069 -0.207141 -1.901228 -0.063143 -0.161920 0.174055 0.969278
1520616830.964664936 0.378574 -0.218671 -2.064274 -0.066308 -0.159033 0.202711 0.963961
1520616831.014667988 0.383723 -0.242220 -2.232226 -0.071830 -0.146349 0.233860 0.958505
1520616831.064668894 0.368596 -0.305330 -2.401118 -0.079813 -0.123975 0.262467 0.953609
1520616831.116019964 0.317975 -0.370421 -2.567210 -0.085995 -0.094539 0.291031 0.948139
1520616831.166021824 0.221548 -0.446968 -2.735602 -0.090240 -0.060381 0.316736 0.942279
1520616831.216024160 0.077941 -0.546588 -2.892950 -0.093525 -0.020172 0.337479 0.936458
1520616831.266025066 -0.064101 -0.658584 -3.029917 -0.097642 0.020871 0.357146 0.928696
1520616831.316025972 -0.238441 -0.788804 -3.142734 -0.102252 0.066630 0.369992 0.920984
1520616831.366029024 -0.391531 -0.902955 -3.236139 -0.106567 0.109934 0.378685 0.912774
1520616831.416029930 -0.600205 -1.023711 -3.299114 -0.109592 0.158655 0.381130 0.904189
1520616831.466031075 -0.894491 -1.121771 -3.309893 -0.107701 0.215105 0.372931 0.896132
1520616831.515218973 -1.193155 -1.176578 -3.281044 -0.101737 0.269933 0.362091 0.886383
1520616831.565220118 -1.472497 -1.138095 -3.180820 -0.087258 0.324070 0.348979 0.874973
1520616831.615221977 -1.753098 -1.149063 -3.098665 -0.075765 0.375999 0.339675 0.858781
1520616831.665222883 -2.023232 -1.205475 -3.004749 -0.067937 0.424758 0.331182 0.839812
1520616831.715224981 -2.272222 -1.282834 -2.889236 -0.063665 0.469033 0.317275 0.821761
1520616831.765225887 -2.481825 -1.373491 -2.743810 -0.063535 0.508543 0.303702 0.803189
1520616831.815227985 -2.681373 -1.452198 -2.574237 -0.063551 0.547684 0.289674 0.782363
1520616831.865230083 -2.894895 -1.518244 -2.371358 -0.062045 0.586731 0.274321 0.759371
1520616831.912727594 -3.068714 -1.561408 -2.240067 -0.054860 0.622981 0.254652 0.737589
1520616831.962729454 -3.263730 -1.568001 -2.000616 -0.049004 0.659403 0.241788 0.710159
1520616832.012730598 -3.461558 -1.557122 -1.685937 -0.041000 0.698375 0.227399 0.677407
1520616832.062732458 -3.643384 -1.521799 -1.290267 -0.030782 0.740194 0.208829 0.638401
1520616832.112733364 -3.784939 -1.444023 -0.856618 -0.018987 0.780466 0.185858 0.596632
1520616832.162735701 -3.880851 -1.332373 -0.391065 -0.006114 0.818654 0.159359 0.551699
1520616832.212736607 -3.923858 -1.185205 0.063595 0.009122 0.852165 0.133892 0.505771
1520616832.262738466 -3.901917 -1.032817 0.493059 0.025673 0.881008 0.110573 0.459282
1520616832.312740564 -3.832608 -0.891593 0.898121 0.042016 0.905476 0.091643 0.412248
1520616832.361881971 -3.713781 -0.761396 1.300670 0.059098 0.927005 0.076859 0.362300
1520616832.411883831 -3.536147 -0.636871 1.687080 0.075986 0.945647 0.059783 0.310491
1520616832.461884737 -3.314967 -0.488089 2.059452 0.096077 0.960898 0.042263 0.256239
1520616832.511886835 -3.034456 -0.340396 2.417305 0.116309 0.972677 0.024531 0.199425
1520616832.561888695 -2.710719 -0.200782 2.732622 0.135542 0.980377 0.007214 0.142959
1520616832.611889601 -2.377342 -0.044875 2.984335 0.158941 0.983140 -0.010481 0.089797
1520616832.661891937 -2.041255 0.087160 3.176248 0.180812 0.982334 -0.026173 0.040528
1520616832.711893797 -1.693924 0.230343 3.320334 0.205629 0.977625 -0.043625 -0.007893
1520616832.761738777 -1.325737 0.371464 3.426495 0.235781 0.968259 -0.061066 -0.056151
1520616832.811740875 -0.958951 0.483990 3.487843 0.263968 0.955954 -0.077458 -0.102342
1520616832.861741781 -0.651067 0.565544 3.515090 0.283058 0.944335 -0.090966 -0.140835
1520616832.911743641 -0.392128 0.630631 3.510654 0.301946 0.931872 -0.103045 -0.172701
1520616832.961744785 -0.179150 0.677904 3.486190 0.321228 0.919183 -0.112225 -0.198295
1520616833.011745691 0.006714 0.708283 3.452038 0.342736 0.905612 -0.117708 -0.220325
1520616833.061748743 0.173721 0.724180 3.410291 0.364986 0.891374 -0.121606 -0.239686
1520616833.111749887 0.284059 0.715857 3.371016 0.378672 0.882005 -0.121918 -0.252609
1520616833.161661148 0.333953 0.744620 3.327070 0.396299 0.874422 -0.124547 -0.250642
1520616833.211663008 0.417236 0.791170 3.274774 0.409181 0.866096 -0.132408 -0.254789
1520616833.261665106 0.467501 0.835891 3.223831 0.420822 0.859470 -0.138888 -0.254815
1520616833.311668873 0.502329 0.828409 3.188240 0.430217 0.854137 -0.138830 -0.257077
1520616833.361667156 0.508343 0.765083 3.175665 0.437623 0.851080 -0.128911 -0.259868
1520616833.411669016 0.522050 0.694605 3.161650 0.445227 0.846546 -0.120813 -0.265588
1520616833.461671114 0.540972 0.621712 3.148024 0.453281 0.841595 -0.110432 -0.272137
1520616833.511672020 0.532721 0.584531 3.128158 0.459644 0.838841 -0.104103 -0.272461
1520616833.561607838 0.518912 0.593226 3.098265 0.468505 0.835154 -0.103270 -0.268991
1520616833.611608982 0.493378 0.635189 3.065253 0.479315 0.831052 -0.105568 -0.261658
1520616833.661611080 0.422861 0.690223 3.036515 0.487747 0.830238 -0.106632 -0.247863
1520616833.711611986 0.315536 0.750774 3.003960 0.493213 0.832456 -0.106785 -0.228811
1520616833.761614084 0.182819 0.811265 2.970577 0.495035 0.837296 -0.105327 -0.206838
1520616833.811614990 0.021525 0.859410 2.934894 0.489980 0.846174 -0.102489 -0.182772
1520616833.861616850 -0.152893 0.900177 2.888478 0.481416 0.856604 -0.099664 -0.156638
1520616833.911619186 -0.326359 0.931386 2.834551 0.468163 0.868245 -0.098176 -0.131663
1520616833.961606026 -0.510215 0.959501 2.767435 0.451264 0.880711 -0.098794 -0.104638
1520616834.011608124 -0.696427 0.982141 2.689032 0.430508 0.893631 -0.101033 -0.076672
1520616834.061609268 -0.880350 0.998454 2.600632 0.405823 0.906493 -0.105961 -0.048482
1520616834.111611128 -1.051688 0.996340 2.508962 0.375718 0.919512 -0.113343 -0.022080
1520616834.161612272 -1.183249 0.969953 2.438231 0.339720 0.932387 -0.123415 -0.003601
1520616834.211614132 -1.290689 0.933302 2.372951 0.298771 0.944413 -0.136718 0.011322
1520616834.261616230 -1.386180 0.880224 2.314784 0.252108 0.955361 -0.152058 0.024609
1520616834.311617374 -1.436359 0.832612 2.279665 0.208482 0.962944 -0.168357 0.030491
1520616834.361657619 -1.449896 0.788934 2.267391 0.165045 0.968062 -0.186444 0.029221
1520616834.411658525 -1.434203 0.749466 2.271827 0.123449 0.970976 -0.203538 0.023195
1520616834.461659431 -1.392795 0.726209 2.286945 0.083192 0.971407 -0.222006 0.012694
1520616834.511660576 -1.314992 0.737130 2.313540 0.046940 0.968760 -0.243478 -0.004380
1520616834.561663389 -1.190603 0.791909 2.352137 0.015204 0.962715 -0.268319 -0.030888
1520616834.611664295 -1.044696 0.866382 2.385880 -0.013013 0.954643 -0.291348 -0.060032
1520616834.661666632 -0.872648 0.985647 2.396830 -0.039184 0.941773 -0.320250 -0.094697
1520616834.711667538 -0.693449 1.124225 2.383959 -0.066706 0.924679 -0.351440 -0.130422
1520616834.761668682 -0.482634 1.282287 2.340817 -0.092346 0.903122 -0.381488 -0.174095
1520616834.811499596 -0.407537 1.342056 2.312746 -0.117623 0.878014 -0.410037 -0.217083
1520616834.861500502 -0.407537 1.342056 2.312746 -0.117623 0.878014 -0.410037 -0.217083
1520616834.911502361 -0.422556 1.330102 2.318360 -0.117623 0.878014 -0.410037 -0.217083
1520616834.961504459 -0.422556 1.330102 2.318360 -0.117623 0.878014 -0.410037 -0.217083
1520616835.011505365 -0.434572 1.320539 2.322852 -0.117623 0.878014 -0.410037 -0.217083
1520616835.061507225 -0.434572 1.320539 2.322852 -0.117623 0.878014 -0.410037 -0.217083
1520616835.111508369 -0.444184 1.312889 2.326445 -0.117623 0.878014 -0.410037 -0.217083
1520616835.161510468 -0.444184 1.312889 2.326445 -0.117623 0.878014 -0.410037 -0.217083
1520616835.212774992 -0.451874 1.306768 2.329319 -0.117623 0.878014 -0.410037 -0.217083
1520616835.262776852 -0.451874 1.306768 2.329319 -0.117623 0.878014 -0.410037 -0.217083
1520616835.312777996 -0.458026 1.301872 2.331619 -0.117623 0.878014 -0.410037 -0.217083
1520616835.362779856 -0.462948 1.297955 2.333459 -0.117623 0.878014 -0.410037 -0.217083
1520616835.412780762 -0.462948 1.297955 2.333459 -0.117623 0.878014 -0.410037 -0.217083
1520616835.462782860 -0.466885 1.294821 2.334930 -0.117623 0.878014 -0.410037 -0.217083
1520616835.512784958 -0.470035 1.292315 2.336108 -0.117623 0.878014 -0.410037 -0.217083
1520616835.562786102 -0.470035 1.292315 2.336108 -0.117623 0.878014 -0.410037 -0.217083
1520616835.613473654 -0.472555 1.290309 2.337050 -0.117623 0.878014 -0.410037 -0.217083
1520616835.663474321 -0.472555 1.290309 2.337050 -0.117623 0.878014 -0.410037 -0.217083
1520616835.713476419 -0.474571 1.288705 2.337803 -0.117623 0.878014 -0.410037 -0.217083
1520616835.763478518 0.251536 -0.161205 -0.954328 -0.036952 0.041993 -0.053744 0.996987
1520616835.813479424 0.314521 -0.271035 -1.428019 -0.055585 0.061993 -0.079286 0.993368
1520616835.863481283 0.330040 -0.411848 -1.901230 -0.074163 0.085204 -0.108685 0.987637
1520616835.913483620 0.308973 -0.613519 -2.334480 -0.092059 0.113644 -0.140173 0.979266
1520616835.963484526 0.249762 -0.800452 -2.770187 -0.109723 0.142886 -0.165417 0.969630
1520616836.012619972 0.115662 -0.932850 -3.210085 -0.126347 0.172398 -0.187379 0.958751
1520616836.062621117 -0.130574 -1.079974 -3.623725 -0.140148 0.207279 -0.208978 0.945369
1520616836.112623215 -0.431667 -1.185451 -3.998995 -0.149840 0.245670 -0.231098 0.929402
1520616836.162625074 -0.729703 -1.268916 -4.383233 -0.157021 0.281631 -0.245792 0.914120
1520616836.212626219 -0.996606 -1.282989 -4.738046 -0.159690 0.313953 -0.261139 0.898743
1520616836.262627125 -1.247398 -1.367320 -5.054033 -0.159333 0.342908 -0.280687 0.882180
1520616836.312628984 -1.491195 -1.348413 -5.369760 -0.156363 0.367539 -0.294159 0.868295
1520616836.362630129 -1.747580 -1.306943 -5.670702 -0.153313 0.390814 -0.302419 0.855747
1520616836.412460089 -1.947669 -1.187754 -5.984926 -0.146756 0.410204 -0.304830 0.846920
1520616836.462462187 -2.110255 -0.971455 -6.302000 -0.136330 0.427604 -0.309920 0.838164
1520616836.512463093 -2.314438 -0.690040 -6.596379 -0.124251 0.445606 -0.316446 0.828166
1520616836.562464952 -2.504517 -0.391153 -6.859220 -0.113708 0.462307 -0.322513 0.818125
1520616836.612475157 -2.734022 -0.176878 -7.081247 -0.108013 0.479028 -0.330830 0.805864
1520616836.662468195 -2.982171 0.021370 -7.279350 -0.105179 0.496047 -0.340768 0.791677
1520616836.712469101 -3.270613 0.277705 -7.453060 -0.103260 0.513796 -0.348249 0.777222
1520616836.762471199 -3.604846 0.486149 -7.603916 -0.105389 0.531384 -0.351095 0.763712
1520616836.812472105 -4.008503 0.638655 -7.720280 -0.112495 0.549307 -0.349843 0.750478
1520616836.863658190 -4.345194 0.448832 -7.320605 -0.125511 0.563479 -0.347765 0.738781
1520616836.913659334 -4.947568 0.467107 -7.407279 -0.143029 0.579255 -0.343569 0.725235
1520616836.963661194 -5.368395 0.667046 -7.496655 -0.153451 0.592745 -0.346661 0.710586
1520616837.013662100 -5.810938 0.869295 -7.575329 -0.162617 0.605706 -0.349460 0.696099
1520616837.063664436 -6.245172 1.018280 -7.668777 -0.173313 0.615572 -0.350173 0.684407
1520616837.113666296 -6.627588 1.053208 -7.816316 -0.185607 0.620979 -0.349188 0.676759
1520616837.163667202 -6.954635 1.077867 -8.028091 -0.195193 0.623965 -0.349714 0.671019
1520616837.213669300 -7.169086 0.956658 -8.171891 -0.205340 0.624971 -0.350044 0.666871
1520616837.264724493 -7.374864 0.888109 -8.377767 -0.213007 0.624151 -0.348452 0.666067
1520616837.314726353 -7.475038 0.788053 -8.703583 -0.219033 0.620518 -0.348120 0.667678
1520616837.364727259 -7.661948 0.560148 -8.985506 -0.227338 0.616211 -0.345407 0.670295
1520616837.414729357 -7.802012 0.301861 -9.330823 -0.235461 0.608563 -0.338579 0.677919
1520616837.464731455 -7.794277 -0.022969 -9.768455 -0.243168 0.597273 -0.331161 0.688816
1520616837.514732361 -7.781906 -0.354856 -10.202047 -0.250463 0.585600 -0.324664 0.699238
1520616837.564734459 -7.768574 -0.688777 -10.626280 -0.257330 0.574180 -0.317496 0.709432
1520616837.614735365 -7.726203 -0.952056 -11.031461 -0.262762 0.563844 -0.310090 0.718944
1520616837.665124178 -7.651119 -1.207140 -11.437557 -0.267082 0.554117 -0.305091 0.727009
1520616837.715126038 -7.625876 -1.406523 -11.796716 -0.270515 0.547343 -0.300580 0.732727
1520616837.765127897 -7.574661 -1.712440 -12.127964 -0.277850 0.540176 -0.291256 0.739039
1520616837.815128088 -7.535156 -2.036123 -12.424564 -0.285345 0.533386 -0.279606 0.745586
1520616837.865129948 -7.535157 -2.204404 -12.731075 -0.287167 0.530486 -0.270063 0.750457
1520616837.915131807 -7.639667 -2.182680 -12.997408 -0.284423 0.531766 -0.258399 0.754691
1520616837.965132952 -7.695459 -2.095567 -13.316905 -0.278899 0.532432 -0.247736 0.759840
1520616838.015135050 -7.778821 -2.011363 -13.616743 -0.274514 0.533563 -0.237323 0.763957
1520616838.065293789 -7.782102 -2.001198 -13.963661 -0.272179 0.532245 -0.229580 0.768067
1520616838.115294933 -7.804524 -2.079347 -14.266673 -0.274778 0.529427 -0.220944 0.771614
1520616838.165296793 -7.893652 -2.285602 -14.545457 -0.282450 0.527155 -0.213402 0.772521
1520616838.215297699 -8.154670 -2.567415 -14.679613 -0.292913 0.529114 -0.208253 0.768681
1520616838.265329838 -8.432571 -2.816004 -14.784377 -0.302549 0.532953 -0.205516 0.763012
1520616838.315300941 -8.712268 -3.015951 -14.885229 -0.310376 0.537462 -0.205016 0.756815
1520616838.365302801 -8.924681 -3.194326 -15.035625 -0.317757 0.540630 -0.203415 0.751912
1520616838.415303946 -9.047076 -3.415581 -15.218689 -0.324983 0.542088 -0.203540 0.747728
1520616838.464853287 -9.142214 -3.655071 -15.400220 -0.333574 0.542934 -0.201099 0.743983
1520616838.514854431 -9.271360 -3.866367 -15.583371 -0.340694 0.545486 -0.200420 0.739056
1520616838.564856291 -9.439666 -4.026897 -15.765009 -0.346353 0.549339 -0.201954 0.733131
1520616838.614857197 -9.581692 -4.202298 -15.947300 -0.351879 0.552819 -0.204690 0.727100
1520616838.664859295 -9.632856 -4.404952 -16.158300 -0.358052 0.555536 -0.206477 0.721488
1520616838.714861393 -9.918244 -4.548014 -16.260044 -0.363323 0.562113 -0.208331 0.713178
1520616838.764862299 -10.161655 -4.522418 -16.421954 -0.363300 0.570143 -0.215384 0.704670
1520616838.814864397 -10.499479 -4.236360 -16.574285 -0.357637 0.581950 -0.221704 0.695901
1520616838.864038229 -10.916311 -3.888261 -16.638855 -0.349357 0.595250 -0.226746 0.687178
1520616838.914040089 -11.242554 -3.351381 -16.780581 -0.337354 0.608293 -0.230374 0.680515
1520616838.964040995 -11.583531 -2.820586 -16.887534 -0.323202 0.622464 -0.238183 0.671825
1520616839.014043093 -11.947490 -2.141209 -16.978676 -0.306090 0.638352 -0.246425 0.661884
1520616839.064044952 -12.293284 -1.338830 -17.055761 -0.285618 0.655174 -0.257719 0.650193
1520616839.114045858 -12.608574 -0.591592 -17.117678 -0.266567 0.670579 -0.266939 0.638757
1520616839.164048195 -12.952372 0.075980 -17.122368 -0.251354 0.685119 -0.269938 0.628145
1520616839.214049101 -13.403935 0.623955 -16.995417 -0.240005 0.699986 -0.270788 0.615703
1520616839.264050961 -13.861815 1.230545 -16.822787 -0.228461 0.715212 -0.273438 0.601256
1520616839.313209295 -14.231455 1.864944 -16.682993 -0.217383 0.727942 -0.274659 0.589412
1520616839.363210201 -14.497970 2.536812 -16.568440 -0.205390 0.739551 -0.279173 0.577011
1520616839.413212061 -14.727727 3.002497 -16.508911 -0.197888 0.748000 -0.282393 0.567089
1520616839.463213205 -14.887898 3.281714 -16.540736 -0.194169 0.753043 -0.284105 0.560811
1520616839.513216257 -15.001488 3.459434 -16.643676 -0.191831 0.756365 -0.290189 0.553988
1520616839.563216448 -15.128455 3.455104 -16.793744 -0.192129 0.757763 -0.300813 0.546254
1520616839.613218307 -15.233809 3.350962 -17.016024 -0.193467 0.757520 -0.315844 0.537565
1520616839.663219213 -15.248489 3.168821 -17.346894 -0.194452 0.754500 -0.334816 0.529922
1520616839.712883234 -15.114014 2.931770 -17.826897 -0.193983 0.748293 -0.355806 0.525196
1520616839.762885094 -14.829497 2.746286 -18.433018 -0.190754 0.740013 -0.376377 0.523768
1520616839.812886238 -14.466785 2.501626 -19.101504 -0.187894 0.730084 -0.393247 0.526337
1520616839.862888098 -13.922162 2.175372 -19.863035 -0.185213 0.717071 -0.405925 0.535472
1520616839.912935257 -13.113026 1.883994 -20.768427 -0.180588 0.700951 -0.413589 0.552268
1520616839.962891340 -12.098505 1.553126 -21.721802 -0.174544 0.681982 -0.419873 0.572836
1520616840.012892246 -11.124647 1.236561 -22.570803 -0.170502 0.663826 -0.422029 0.593428
1520616840.062894344 -10.321117 0.648836 -23.284424 -0.172491 0.645584 -0.423613 0.611572
1520616840.112398863 -9.493185 -0.046785 -23.962045 -0.178554 0.626494 -0.422347 0.630276
1520616840.162400723 -8.707644 -0.879062 -24.548603 -0.188417 0.606785 -0.417794 0.649430
1520616840.212401867 -8.011212 -1.440252 -25.045731 -0.195834 0.590824 -0.408141 0.667829
1520616840.262403727 -7.570906 -1.506271 -25.456584 -0.198034 0.582365 -0.394513 0.682637
1520616840.312405825 -7.382316 -1.360420 -25.784629 -0.198603 0.578694 -0.379803 0.693844
1520616840.362406969 -7.375997 -1.318547 -26.056011 -0.203429 0.576327 -0.363924 0.702868
1520616840.412408829 -7.451120 -1.753408 -26.269292 -0.217794 0.571238 -0.347126 0.711166
1520616840.462409973 -7.607610 -2.462529 -26.419707 -0.237452 0.565614 -0.331008 0.717030
1520616840.512948751 -7.948642 -3.326722 -26.467838 -0.259861 0.561719 -0.316900 0.718692
1520616840.562949896 -8.134173 -4.321494 -26.511232 -0.283380 0.556075 -0.304033 0.719750
1520616840.612951756 -8.401856 -5.157132 -26.511847 -0.304588 0.552536 -0.290183 0.719530
1520616840.662953615 -8.630812 -5.862915 -26.524520 -0.323797 0.549350 -0.274146 0.719871
1520616840.712954998 -8.911469 -6.631611 -26.481408 -0.343703 0.547074 -0.257823 0.718405
1520616840.762956858 -9.386778 -7.703044 -26.260322 -0.368704 0.546364 -0.241431 0.712218
1520616840.812958002 -9.894700 -9.009060 -25.855384 -0.397438 0.545718 -0.226453 0.702107
1520616840.862959862 -10.527111 -10.673239 -25.162666 -0.430643 0.545896 -0.215035 0.685787
1520616840.913885593 -11.472756 -12.431181 -24.139195 -0.465126 0.550625 -0.204597 0.662277
1520616840.963887930 -12.399601 -14.068472 -22.921907 -0.497410 0.556808 -0.194835 0.636072
1520616841.013888836 -13.398164 -15.684636 -21.430046 -0.529479 0.564348 -0.184376 0.605945
1520616841.063889742 -14.455054 -17.114400 -19.733810 -0.558057 0.574004 -0.176297 0.572723
1520616841.113891840 -15.533757 -18.269970 -17.951274 -0.582194 0.585760 -0.166581 0.538689
1520616841.163893700 -16.629395 -19.191500 -16.060901 0.602871 -0.599785 0.152666 -0.503485
1520616841.213894606 -17.972709 -19.693471 -14.029804 -0.616373 0.619410 -0.140294 0.465546
1520616841.263895750 -19.323859 -19.876429 -12.000832 -0.624069 0.640546 -0.130715 0.427962
1520616841.313215733 -20.651855 -19.728389 -9.956612 -0.627278 0.662223 -0.120534 0.391733
1520616841.363217592 -21.707278 -19.583934 -7.879558 -0.630192 0.681020 -0.114237 0.354992
1520616841.413218498 -22.672880 -19.267593 -5.842771 -0.630597 0.698814 -0.110026 0.319220
1520616841.463220835 -23.573318 -18.751776 -3.770008 -0.628540 0.716051 -0.111189 0.282568
1520616841.513221741 -24.399431 -18.011353 -1.647519 -0.624091 0.733359 -0.112896 0.244846
1520616841.563284636 -25.182929 -17.002682 0.525409 -0.615913 0.752021 -0.112490 0.206062
1520616841.613224745 -25.743939 -15.935029 2.669265 -0.606550 0.769763 -0.106028 0.168284
1520616841.663226604 -26.203091 -14.706250 4.561927 -0.593592 0.787174 -0.100098 0.134113
1520616841.713227749 -26.632752 -13.287779 6.071647 -0.576329 0.804784 -0.094945 0.105609
1520616841.762059927 -26.933696 -11.982312 7.333673 -0.559265 0.820271 -0.087371 0.082126
1520616841.812060833 -27.089641 -10.753948 8.467418 -0.542661 0.833972 -0.079291 0.061017
1520616841.862063169 -27.228335 -9.139627 9.757038 -0.519826 0.850534 -0.070736 0.036993
1520616841.912065029 -27.183654 -7.816213 10.891912 -0.501820 0.862373 -0.065146 0.015660
1520616841.962065935 -27.132343 -6.519168 11.768834 -0.483956 0.872860 -0.062430 -0.002033
1520616842.012068033 -27.115482 -5.132661 12.434151 -0.464163 0.883434 -0.061787 -0.016729
1520616842.062068939 -27.047805 -3.592539 13.063793 -0.440606 0.895268 -0.058581 -0.030497
1520616842.112070799 -26.834247 -2.222817 13.750716 -0.417711 0.906112 -0.050622 -0.043772
1520616842.161650658 -26.520856 -1.424415 14.395553 -0.401672 0.913378 -0.038257 -0.054184
1520616842.211652517 -26.168416 -0.842631 15.028502 -0.387333 0.919501 -0.022988 -0.062950
1520616842.261654854 -25.721722 0.165483 15.767690 -0.364015 0.928506 -0.005093 -0.073102
1520616842.311655760 -25.121934 1.432228 16.618733 -0.335772 0.937953 0.012027 -0.085777
1520616842.361657619 -24.383059 2.808937 17.474420 -0.305472 0.946600 0.026837 -0.099577
1520616842.411658764 -23.495257 4.088081 18.372309 -0.277042 0.953072 0.039186 -0.115607
1520616842.461660624 -22.587268 5.010531 19.223253 -0.254852 0.956672 0.050064 -0.131614
1520616842.511662483 -21.615583 5.565808 20.122041 -0.237657 0.957889 0.062628 -0.148480
1520616842.561522484 -20.549132 5.846242 21.088115 -0.223924 0.957131 0.076773 -0.166926
1520616842.611523628 -19.397618 5.920941 22.092599 -0.212254 0.954787 0.092667 -0.186394
1520616842.661525488 -18.430541 5.738100 22.918814 -0.204809 0.951561 0.108580 -0.201978
1520616842.711527348 -17.407338 5.604981 23.706166 -0.196785 0.947887 0.123001 -0.218302
1520616842.761529446 -16.418638 5.564158 24.378986 -0.188790 0.944215 0.134214 -0.234101
1520616842.811530590 -15.501998 5.444867 24.965810 -0.183693 0.939964 0.143531 -0.249247
1520616842.861531496 -14.567620 5.025807 25.580420 -0.184181 0.933665 0.153836 -0.265859
1520616842.911533594 -13.827960 4.322391 26.082559 -0.192367 0.926160 0.162604 -0.280684
1520616842.961702824 -13.250713 3.585354 26.455873 -0.204641 0.918525 0.167938 -0.293650
1520616843.011703968 -12.534023 2.870121 26.859792 -0.219908 0.909042 0.170280 -0.310302
1520616843.061706066 -11.741331 2.324685 27.236055 -0.236762 0.898540 0.167623 -0.329352
1520616843.111707926 -11.097912 1.893268 27.504912 -0.256327 0.887946 0.160173 -0.346688
1520616843.161709070 -10.425894 1.692861 27.749615 -0.274590 0.877018 0.149201 -0.364935
1520616843.211785078 -9.620856 1.611062 28.011322 -0.291369 0.864849 0.137738 -0.384927
1520616843.261711836 -8.907511 1.512652 28.216743 -0.311864 0.851162 0.123487 -0.403752
1520616843.311712980 -8.206342 1.398213 28.400291 -0.336371 0.834779 0.106366 -0.422711
1520616843.361652851 -7.242337 1.391826 28.624763 -0.354636 0.817801 0.094222 -0.443347
1520616843.411653996 -5.876810 1.278421 28.905608 -0.368071 0.799118 0.091268 -0.466480
1520616843.461655855 -4.763332 0.991275 29.081326 -0.384528 0.780926 0.088584 -0.484196
1520616843.511657715 -3.839799 0.700681 29.182505 -0.399462 0.764812 0.086680 -0.497974
1520616843.561658859 -3.049282 0.487115 29.235745 -0.409784 0.752018 0.086676 -0.508952
1520616843.611660719 -2.242658 0.298591 29.265074 -0.416178 0.741129 0.089690 -0.519114
1520616843.661661625 -1.359054 0.311456 29.273210 -0.417484 0.731552 0.093360 -0.530869
1520616843.711663961 -0.489824 0.529108 29.251467 -0.415825 0.722901 0.095373 -0.543514
1520616843.761664867 0.566233 0.890360 29.196521 -0.407694 0.715368 0.100489 -0.558512
1520616843.811615705 1.724737 1.160602 29.097051 -0.394811 0.709524 0.111085 -0.573027
1520616843.861617565 2.765186 1.611820 28.949945 -0.377351 0.706275 0.119804 -0.586881
1520616843.911618710 3.607750 1.858196 28.799292 -0.356503 0.707278 0.132759 -0.595851
1520616843.961620808 4.190463 2.078377 28.662227 -0.334429 0.711370 0.144817 -0.600948
1520616844.011621952 4.434960 2.217807 28.572262 -0.313566 0.718540 0.155485 -0.601000
1520616844.061623812 4.516328 2.074290 28.527543 -0.296948 0.725726 0.167977 -0.597434
1520616844.111624718 4.372154 1.641052 28.533050 -0.284460 0.733642 0.182590 -0.589503
1520616844.161626816 4.069661 0.987763 28.561525 -0.275628 0.741442 0.198770 -0.578605
1520616844.211800814 3.693900 0.127569 28.585594 -0.268756 0.748567 0.217790 -0.565672
1520616844.261802673 3.058390 -0.566732 28.609241 -0.264482 0.756880 0.231810 -0.550859
1520616844.311803579 1.940170 -0.883424 28.651377 -0.260356 0.770047 0.237975 -0.531610
1520616844.361805916 0.333910 -0.808356 28.667985 -0.255016 0.788446 0.236968 -0.507115
1520616844.411806822 -1.375666 -0.430486 28.597093 -0.246847 0.808241 0.232231 -0.481542
1520616844.461808681 -3.441643 -0.012982 28.380557 -0.240657 0.829857 0.225367 -0.450146
1520616844.511809826 -6.059090 0.388666 27.889275 -0.237395 0.854169 0.216377 -0.408926
1520616844.561810732 -8.487041 0.776258 27.192637 -0.232670 0.875565 0.209508 -0.367908
1520616844.612122536 -10.839726 1.175953 26.272636 -0.228209 0.894814 0.202687 -0.325801
1520616844.662124634 -12.909818 1.374005 25.264071 -0.226326 0.909593 0.198753 -0.286207
1520616844.712125540 -14.820992 1.674450 24.124545 -0.225073 0.922384 0.191969 -0.248391
1520616844.762127638 -16.639330 2.124916 22.817429 -0.222587 0.934234 0.182809 -0.210340
1520616844.812128544 -18.181906 2.606888 21.503437 -0.219660 0.943822 0.173392 -0.175742
1520616844.862220526 -19.572474 3.145266 20.114887 -0.217577 0.951954 0.161173 -0.143061
1520616844.912131548 -20.743242 3.772098 18.733924 -0.215640 0.958776 0.145506 -0.114347
1520616844.962133408 -21.982595 4.329128 17.075595 -0.215683 0.964584 0.127982 -0.081724
1520616845.012325048 -23.020465 5.137917 15.341913 -0.209912 0.970277 0.109949 -0.049093
1520616845.062327385 -23.848353 5.941888 13.640096 -0.203630 0.974565 0.091618 -0.019102
1520616845.112329245 -24.750865 6.438688 11.608731 -0.204425 0.976336 0.069133 0.014083
1520616845.162330151 -25.424440 6.892659 9.686488 -0.205853 0.976688 0.044053 0.042007
1520616845.212332249 -25.953016 7.169907 7.862532 -0.210575 0.975323 0.015262 0.064578
1520616845.262333155 -26.414711 7.152875 6.089195 -0.219705 0.971817 -0.015626 0.084004
1520616845.312335014 -26.772434 6.958595 4.499891 -0.229935 0.967010 -0.045059 0.099956
1520616845.362336159 -27.033836 6.656140 3.140534 -0.239843 0.961602 -0.070962 0.112967
1520616845.412337303 -27.262439 6.130202 1.963906 -0.251746 0.955258 -0.092387 0.124784
1520616845.462339640 -27.469911 5.396356 0.799576 -0.265330 0.947813 -0.109407 0.138852
1520616845.512340546 -27.606223 4.670811 -0.274972 -0.277759 0.940294 -0.124625 0.152204
1520616845.562342405 -27.678961 4.012403 -1.247257 -0.288337 0.933166 -0.137564 0.164739
1520616845.612343550 -27.720295 3.081799 -2.383310 -0.302354 0.923710 -0.150191 0.181063
1520616845.662345409 -27.717832 1.862374 -3.445625 -0.320433 0.912598 -0.158532 0.198379
1520616845.712346554 -27.643493 0.810227 -4.355960 -0.335348 0.902796 -0.162687 0.214555
1520616845.762348652 -27.528043 -0.202650 -5.092564 -0.349637 0.893788 -0.162441 0.229149
1520616845.812120676 -27.356780 -0.913095 -5.890398 -0.358565 0.886345 -0.160788 0.244889
1520616845.862122536 -27.155598 -1.372653 -6.701930 -0.363465 0.880031 -0.161267 0.259677
1520616845.912123680 -26.908479 -1.770197 -7.578513 -0.367216 0.873327 -0.164507 0.274573
1520616845.962124586 -26.677808 -2.019064 -8.320057 -0.368902 0.867969 -0.168952 0.286350
1520616846.012126446 -26.420286 -2.056663 -9.117951 -0.366907 0.863683 -0.173204 0.299050
1520616846.062128544 -26.161680 -2.295430 -9.803860 -0.368482 0.858308 -0.177074 0.310117
1520616846.112129450 -26.020195 -2.693124 -10.076481 -0.374057 0.853918 -0.179295 0.314260
1520616846.162130356 -25.832814 -3.029963 -10.452647 -0.378248 0.849181 -0.183371 0.319679
1520616846.212132692 -25.693354 -3.146557 -10.748584 -0.379112 0.846481 -0.187876 0.323181
1520616846.261890650 -25.641041 -3.286631 -10.825126 -0.381049 0.844906 -0.191443 0.322932
1520616846.311891556 -25.542282 -3.420275 -11.009507 -0.382584 0.842797 -0.194244 0.324950
1520616846.361893415 -25.465636 -3.517022 -11.145441 -0.383686 0.841258 -0.196830 0.326080
1520616846.411895514 -25.365435 -3.660002 -11.316784 -0.385172 0.839047 -0.201307 0.327289
1520616846.461896420 -25.262245 -3.947845 -11.444345 -0.389076 0.835854 -0.206067 0.327878
1520616846.512002468 -25.091549 -4.315198 -11.684885 -0.393384 0.831007 -0.214713 0.329508
1520616846.561899424 -24.860445 -4.707780 -12.019942 -0.397543 0.825159 -0.224238 0.332850
1520616846.611900330 -24.594820 -5.013589 -12.428210 -0.400058 0.819533 -0.232669 0.337911
1520616846.661718130 -24.388887 -5.309801 -12.707206 -0.402790 0.814817 -0.240068 0.340882
1520616846.711720228 -24.034092 -5.514158 -13.283217 -0.403340 0.809272 -0.243758 0.350681
1520616846.761721134 -23.682991 -5.602806 -13.866093 -0.402653 0.804876 -0.243129 0.361847
1520616846.811722994 -23.202796 -5.673298 -14.627564 -0.400926 0.799054 -0.243013 0.376452
1520616846.861724138 -22.529142 -5.844274 -15.590387 -0.399995 0.790206 -0.243223 0.395501
1520616846.911725998 -21.823306 -5.859742 -16.568599 -0.396339 0.781896 -0.244456 0.414483
1520616846.961727142 -21.057650 -5.773976 -17.568217 -0.390729 0.773466 -0.246870 0.433747
1520616847.011729240 -20.275619 -5.684317 -18.501554 -0.384587 0.764853 -0.251771 0.451336
1520616847.061585426 -19.645050 -5.600876 -19.207814 -0.378333 0.758080 -0.259865 0.463302
1520616847.111586332 -19.083043 -5.630810 -19.762012 -0.374654 0.751503 -0.266955 0.472877
1520616847.161588192 -18.515386 -5.741262 -20.270111 -0.372318 0.744396 -0.273803 0.481961
1520616847.211589336 -17.884969 -5.779422 -20.821392 -0.368779 0.737062 -0.279648 0.492482
1520616847.261591196 -17.002199 -5.736491 -21.567628 -0.362845 0.727285 -0.285412 0.507878
1520616847.311593294 -16.138236 -5.510690 -22.284239 -0.353950 0.718973 -0.290737 0.522752
1520616847.361594439 -15.524926 -5.354949 -22.756914 -0.348010 0.713170 -0.293779 0.532890
1520616847.411595345 -14.888940 -5.379831 -23.176718 -0.346134 0.705829 -0.294351 0.543465
1520616847.461848021 -14.118491 -5.492474 -23.636299 -0.345978 0.696105 -0.293791 0.556259
1520616847.511848927 -13.233918 -5.836813 -24.072729 -0.348698 0.683491 -0.295488 0.569155
1520616847.561851025 -12.524020 -6.351325 -24.333424 -0.353701 0.671912 -0.300357 0.577249
1520616847.611853123 -11.787669 -7.181561 -24.486689 -0.362270 0.657995 -0.309804 0.582944
1520616847.661854029 -10.799631 -8.465362 -24.549875 -0.374471 0.637948 -0.327314 0.587928
1520616847.711855173 -9.819709 -10.014975 -24.394757 -0.389683 0.615633 -0.348372 0.589728
1520616847.761857033 -9.102884 -11.525956 -24.017596 -0.405786 0.595980 -0.367781 0.587267
1520616847.811857939 -8.301970 -12.843977 -23.655830 -0.418011 0.576119 -0.386673 0.586377
1520616847.862051487 -7.659028 -13.586907 -23.476701 -0.423236 0.562259 -0.399056 0.587785
1520616847.912052631 -6.999456 -13.941112 -23.491906 -0.424235 0.551317 -0.405572 0.592947
1520616847.962054729 -6.430397 -14.095002 -23.577154 -0.424124 0.543166 -0.407985 0.598864
1520616848.012055874 -5.837404 -14.329647 -23.606848 -0.423982 0.533894 -0.412831 0.603960
1520616848.062057734 -5.226873 -14.782344 -23.486868 -0.423403 0.522125 -0.425017 0.606198
1520616848.112060785 -4.753057 -15.367537 -23.228287 -0.421763 0.510205 -0.442974 0.604633
1520616848.162060738 -4.476830 -15.848668 -22.971763 -0.415300 0.500802 -0.465170 0.600284
1520616848.212061644 -4.176889 -16.283974 -22.736344 -0.405736 0.490707 -0.489150 0.596084
1520616848.262063503 -3.608170 -16.415147 -22.752627 -0.390448 0.480143 -0.509769 0.597619
1520616848.311651230 -2.315746 -16.309092 -23.005788 -0.372524 0.463683 -0.522028 0.611319
1520616848.361652136 -2.216907 -16.301504 -23.018951 -0.354252 0.446791 -0.533802 0.624450
1520616848.411654472 -2.216907 -16.301504 -23.018951 -0.354252 0.446791 -0.533802 0.624450
1520616848.461655378 -2.236674 -16.303022 -23.016319 -0.354252 0.446791 -0.533802 0.624450
1520616848.511657238 -2.236674 -16.303022 -23.016319 -0.354252 0.446791 -0.533802 0.624450
1520616848.561658382 -2.252489 -16.304236 -23.014213 -0.354252 0.446791 -0.533802 0.624450
1520616848.611660242 -2.265140 -16.305207 -23.012528 -0.354252 0.446791 -0.533802 0.624450
1520616848.661662102 -2.265140 -16.305207 -23.012528 -0.354252 0.446791 -0.533802 0.624450
1520616848.711436749 -2.275261 -16.305984 -23.011180 -0.354252 0.446791 -0.533802 0.624450
1520616848.761439085 -2.275261 -16.305984 -23.011180 -0.354252 0.446791 -0.533802 0.624450
1520616848.811439991 -0.879536 -0.015817 -0.475570 -0.010430 -0.046930 0.007264 0.998817
1520616848.861441851 -1.363653 0.243027 -1.037872 -0.014593 -0.093245 0.016324 0.995402
1520616848.911442995 -1.774839 0.492594 -1.697059 -0.018370 -0.137475 0.027814 0.989944
1520616848.961444855 -2.248295 0.700705 -2.478838 -0.022869 -0.182519 0.045039 0.981904
1520616849.011445761 -3.008904 0.528101 -3.489774 -0.032511 -0.223505 0.066060 0.971918
1520616849.061447859 -3.604184 0.171101 -4.514898 -0.045609 -0.263851 0.092285 0.959055
1520616849.111587048 -4.189353 -0.141217 -5.672048 -0.058351 -0.299948 0.118425 0.944776
1520616849.161587954 -4.631589 -0.665156 -6.841804 -0.069549 -0.332413 0.146413 0.929101
1520616849.211589813 -4.893680 -1.265486 -8.034575 -0.077057 -0.361830 0.174975 0.912428
1520616849.261592150 -5.080232 -1.912853 -9.120487 -0.076778 -0.385531 0.202732 0.896867
1520616849.311594009 -5.161730 -2.539995 -10.197640 -0.071888 -0.407293 0.227901 0.881479
1520616849.361594915 -5.060945 -3.206278 -11.269399 -0.063986 -0.428288 0.255837 0.864305
1520616849.411596060 -4.828906 -3.850408 -12.301592 -0.054562 -0.446972 0.284927 0.846201
1520616849.461597919 -4.610706 -4.503645 -13.233222 -0.045679 -0.459555 0.313808 0.829607
1520616849.512424469 -4.585857 -4.558984 -13.312721 -0.036734 -0.471518 0.342266 0.811896
1520616849.562426329 -4.585857 -4.558984 -13.312721 -0.036734 -0.471518 0.342266 0.811896
1520616849.612427473 -4.590827 -4.547916 -13.296821 -0.036734 -0.471518 0.342266 0.811896
1520616849.662429333 -0.132297 -0.246244 -0.960136 -0.028643 -0.001926 0.063446 0.997572
1520616849.712430239 -0.145266 -0.373906 -1.434624 -0.043527 0.002960 0.090002 0.994986
1520616849.762432575 -0.134764 -0.478801 -1.909878 -0.058361 0.008895 0.116219 0.991468
1520616849.812433481 -0.113388 -0.575458 -2.385126 -0.074275 0.019274 0.144113 0.986582
1520616849.862435341 -0.072687 -0.677366 -2.853869 -0.092404 0.032892 0.173341 0.979966
1520616849.912245035 -0.016856 -0.776915 -3.335189 -0.108085 0.049101 0.196234 0.973344
1520616849.962246180 0.036326 -0.803124 -3.780524 -0.120117 0.068511 0.210948 0.967667
1520616850.012248039 0.030180 -0.818826 -4.212766 -0.129514 0.093162 0.215896 0.963294
1520616850.062249184 0.007047 -0.843026 -4.649684 -0.140218 0.118396 0.217820 0.958580
1520616850.112251043 0.000496 -0.951723 -5.094915 -0.153375 0.144296 0.215376 0.953555
1520616850.162251949 -0.076792 -1.027473 -5.526059 -0.165187 0.174412 0.208815 0.947993
1520616850.212254286 -0.182523 -1.150795 -5.937157 -0.175626 0.207397 0.195540 0.942288
1520616850.262256145 -0.323992 -1.330603 -6.321341 -0.183883 0.241573 0.177141 0.936189
1520616850.311941862 -0.473848 -1.510261 -6.741370 -0.190327 0.274405 0.155393 0.929694
1520616850.361943960 -0.679982 -1.794881 -7.087935 -0.194839 0.306183 0.128038 0.922982
1520616850.411944866 -0.961857 -2.046937 -7.400947 -0.195696 0.338029 0.100596 0.915052
1520616850.461947203 -1.339720 -2.223836 -7.699400 -0.191449 0.369703 0.072590 0.906310
1520616850.511948109 -1.868683 -2.312862 -7.940915 -0.181984 0.404618 0.042505 0.895187
1520616850.561949968 -2.399503 -2.294346 -8.159116 -0.169464 0.435256 0.013719 0.884108
1520616850.611952066 -2.925794 -2.196868 -8.366046 -0.154761 0.462589 -0.014764 0.872836
1520616850.661952972 -3.283287 -1.988192 -8.575652 -0.139325 0.484614 -0.042894 0.862495
1520616850.711954832 -3.604658 -1.826010 -8.728804 -0.127011 0.502451 -0.067966 0.852521
1520616850.761771679 -4.151055 -1.660478 -8.860774 -0.116152 0.522210 -0.090209 0.840040
1520616850.811773777 -4.430849 -1.491300 -9.044785 -0.105218 0.535529 -0.110954 0.830558
1520616850.861775637 -4.856151 -1.257249 -9.248054 -0.094132 0.547448 -0.130818 0.821174
1520616850.911776781 -5.272332 -1.101052 -9.404768 -0.085258 0.558220 -0.150699 0.811425
1520616850.961778641 -5.732209 -0.977826 -9.568338 -0.077758 0.567968 -0.164148 0.802758
1520616851.011780500 -6.179553 -0.960064 -9.716659 -0.074567 0.575262 -0.171147 0.796380
1520616851.061781645 -6.565446 -1.034104 -9.886835 -0.076583 0.580948 -0.174659 0.791283
1520616851.111782551 -6.315958 -1.062042 -10.083642 -0.081614 0.578272 -0.173079 0.793085
1520616851.161723852 -6.159460 -1.232505 -10.180512 -0.091935 0.572758 -0.166788 0.797294
1520616851.211726189 -6.005097 -1.620452 -10.253517 -0.104757 0.566085 -0.158959 0.802064
1520616851.261727095 -5.774354 -1.885390 -10.280186 -0.115799 0.556897 -0.150077 0.808662
1520616851.311729193 -5.663082 -2.021767 -10.284405 -0.122654 0.553003 -0.140398 0.812054
1520616851.361730099 -5.591665 -2.091574 -10.276241 -0.127100 0.550380 -0.126570 0.815419
1520616851.411731958 -5.562615 -2.025873 -10.288284 -0.126155 0.550343 -0.111591 0.817774
1520616851.461733103 -5.563703 -1.962033 -10.284603 -0.125358 0.551266 -0.096193 0.819230
1520616851.511734962 -5.522714 -1.788363 -10.318159 -0.119502 0.550649 -0.080564 0.822201
1520616851.561553717 -5.552092 -1.629635 -10.357586 -0.114438 0.553460 -0.061050 0.822714
1520616851.611555576 -5.572540 -1.145685 -10.331203 -0.094736 0.555331 -0.053122 0.824506
1520616851.661556721 -5.801553 -0.861410 -10.190062 -0.083081 0.563814 -0.045781 0.820436
1520616851.711558580 -5.900538 -0.752025 -10.087392 -0.078768 0.567629 -0.040280 0.818517
1520616851.761559486 -5.936513 -0.722026 -10.013140 -0.077992 0.569055 -0.032867 0.817932
1520616851.811561823 -6.053828 -0.538072 -9.900358 -0.070096 0.574045 -0.023586 0.815477
1520616851.861563683 -6.072700 -0.110239 -9.858354 -0.052319 0.575235 -0.005642 0.816294
1520616851.911564589 -6.114983 0.490197 -9.810884 -0.027508 0.576536 0.017446 0.816422
1520616851.961753368 -6.250374 1.211397 -9.720665 0.003663 0.581907 0.031033 0.812655
1520616852.011754513 -6.299761 1.905293 -9.621577 0.033551 0.584538 0.034055 0.809957
1520616852.061756372 -6.249580 2.314051 -9.601764 0.051258 0.584198 0.031887 0.809363
1520616852.111757278 -6.183999 2.538856 -9.638992 0.061035 0.583422 0.026731 0.809431
1520616852.161759377 -6.133250 2.691602 -9.676583 0.067350 0.582634 0.024525 0.809568
1520616852.211760283 -6.159668 2.916787 -9.626241 0.077304 0.585725 0.018719 0.806598
1520616852.261762381 -6.214525 3.244067 -9.534960 0.091376 0.590512 0.011986 0.801750
1520616852.311764479 -6.295295 3.512721 -9.422757 0.102895 0.595708 0.009910 0.796522
1520616852.362338543 -6.320042 3.601405 -9.383735 0.114394 0.600790 0.007832 0.791141
1520616852.412341833 -6.320042 3.601405 -9.383735 0.114394 0.600790 0.007832 0.791141
1520616852.462342739 -6.315093 3.583668 -9.391539 0.114394 0.600790 0.007832 0.791141
1520616852.512343645 0.453024 0.368999 -0.811547 0.008252 0.038632 -0.033847 0.998646
1520616852.562344790 0.654961 0.626608 -1.259912 0.005592 0.065332 -0.038324 0.997112
1520616852.612347603 0.793970 0.837532 -1.766154 -0.003705 0.088166 -0.037029 0.995410
1520616852.662348509 0.842519 1.077043 -2.338078 -0.013828 0.105326 -0.036575 0.993669
1520616852.712349653 0.889782 1.245133 -2.974883 -0.023814 0.119510 -0.043447 0.991596
1520616852.762365103 0.872836 1.362957 -3.640802 -0.032687 0.133113 -0.057271 0.988905
1520616852.812367201 0.834291 1.509545 -4.311474 -0.041131 0.146649 -0.074443 0.985526
1520616852.862368345 0.730738 1.588877 -5.021742 -0.052907 0.156152 -0.088283 0.982356
1520616852.912370205 0.609371 1.608781 -5.686259 -0.067659 0.159891 -0.096598 0.980064
1520616852.962371111 0.453880 1.676104 -6.347331 -0.079777 0.161422 -0.102393 0.978312
1520616853.012373209 0.295149 1.771796 -7.016746 -0.085783 0.156722 -0.103906 0.978408
1520616853.062377214 0.114083 1.633632 -7.648284 -0.093238 0.143497 -0.094491 0.980707
1520616853.112375975 0.041353 1.609364 -8.309768 -0.099365 0.126535 -0.080940 0.983648
1520616853.162377119 0.057333 1.528955 -8.974133 -0.104709 0.104422 -0.069248 0.986578
1520616853.211991310 0.109265 1.546715 -9.661420 -0.104032 0.082726 -0.063170 0.989112
1520616853.261992455 -0.084335 1.400034 -10.303783 -0.102864 0.067478 -0.060367 0.990566
1520616853.311994314 -0.132143 1.177316 -10.970147 -0.101328 0.049774 -0.055075 0.992080
1520616853.361995220 -0.291996 0.901352 -11.645072 -0.099862 0.038498 -0.044601 0.993255
1520616853.411997557 -0.609044 0.598232 -12.333444 -0.101212 0.035577 -0.025813 0.993893
1520616853.461999416 -0.929206 0.225198 -12.918672 -0.106486 0.037937 0.000782 0.993590
1520616853.512000322 -1.409330 -0.243015 -13.437138 -0.116501 0.048203 0.033555 0.991452
1520616853.562002420 -1.986294 -0.719018 -13.914900 -0.127502 0.065113 0.067478 0.987396
1520616853.612024307 -2.609738 -1.004914 -14.303631 -0.135610 0.081635 0.108169 0.981451
1520616853.662026167 -3.274641 -1.508722 -14.656629 -0.145397 0.100885 0.143940 0.973634
1520616853.712027073 -3.949178 -1.817954 -14.941027 -0.149145 0.124191 0.169210 0.966282
1520616853.762029409 -4.782830 -2.095847 -15.121629 -0.150184 0.153261 0.186796 0.958678
1520616853.812030315 -5.816324 -2.209356 -15.168052 -0.146507 0.188940 0.194527 0.951313
1520616853.862032175 -6.981746 -2.354656 -15.078892 -0.141424 0.229517 0.197211 0.942565
1520616853.912034273 -8.098761 -2.583481 -14.957423 -0.137486 0.267990 0.201353 0.932060
1520616853.962035179 -9.229165 -2.807377 -14.697359 -0.133156 0.307874 0.202935 0.919946
1520616854.012084723 -10.386258 -3.122582 -14.269026 -0.131008 0.349459 0.200520 0.905819
1520616854.062086821 -11.542837 -3.443786 -13.706327 -0.130593 0.391900 0.197985 0.888911
1520616854.112087727 -12.771354 -3.628729 -12.973133 -0.128694 0.435846 0.189827 0.870311
1520616854.162089825 -14.039798 -3.596189 -12.043864 -0.123213 0.481533 0.177320 0.849413
1520616854.212091923 -15.185900 -3.466464 -10.915941 -0.116970 0.527344 0.162945 0.825636
1520616854.262092829 -16.185931 -3.088346 -9.671359 -0.107110 0.570919 0.149127 0.800213
1520616854.312094688 -17.172084 -2.658635 -8.336350 -0.095142 0.613920 0.133640 0.772134
1520616854.362095833 -17.969425 -2.106401 -6.994342 -0.082093 0.652837 0.115464 0.744132
1520616854.412400961 -18.558786 -1.580316 -5.645285 -0.071003 0.688065 0.095416 0.715836
1520616854.462402105 -18.909841 -1.021163 -4.519769 -0.061544 0.718037 0.075919 0.689109
1520616854.512403011 -19.170439 -0.417867 -3.498576 -0.052485 0.745191 0.054152 0.662573
1520616854.562404871 -19.373623 0.304981 -2.563283 -0.042236 0.769013 0.032123 0.637026
1520616854.612406969 -19.473159 1.033867 -1.717789 -0.032139 0.790517 0.009148 0.611528
1520616854.662407875 -19.537835 1.873855 -1.023932 -0.020564 0.808409 -0.013939 0.588096
1520616854.712421894 -19.510884 2.744651 -0.555009 -0.006962 0.821789 -0.033319 0.568775
1520616854.762411118 -19.441696 3.700061 -0.241284 0.011092 0.831665 -0.048934 0.553007
1520616854.812415838 -19.313724 4.546574 -0.265467 0.030036 0.836056 -0.060501 0.544470
1520616854.862416744 -19.218489 5.299552 -0.453828 0.049570 0.837573 -0.066858 0.539949
1520616854.912418604 -19.124057 6.087438 -0.659195 0.070780 0.837734 -0.069869 0.536945
1520616854.962419748 -18.953493 6.863180 -1.065014 0.091352 0.835232 -0.076176 0.536880
1520616855.012421608 -18.873621 7.526793 -1.635528 0.107983 0.830762 -0.082594 0.539770
1520616855.062423468 -18.878462 7.839066 -2.428355 0.116051 0.824335 -0.086451 0.547293
1520616855.112424612 -18.954462 7.778464 -3.422112 0.115941 0.816620 -0.087010 0.558677
1520616855.162426710 -19.241929 7.264010 -4.540802 0.105354 0.808466 -0.082067 0.573192
1520616855.212262869 -19.554094 6.470579 -5.791543 0.089587 0.798948 -0.069778 0.590582
1520616855.262264729 -19.785447 5.602008 -6.856002 0.072981 0.791843 -0.056362 0.603723
1520616855.312265873 -20.052551 4.644584 -7.647059 0.053565 0.788317 -0.043597 0.611381
1520616855.362267971 -20.335909 3.340603 -8.225847 0.026375 0.787862 -0.027884 0.614655
1520616855.412268877 -20.751878 1.910925 -8.221891 -0.004299 0.795054 -0.014002 0.606362
1520616855.462270975 -21.183982 0.383092 -7.786160 -0.036911 0.807088 -0.002627 0.589270
1520616855.512272835 -21.477457 -0.960458 -7.195447 -0.065511 0.819471 0.005783 0.569335
1520616855.562273741 -21.753862 -1.969166 -6.360894 -0.086278 0.833996 0.010152 0.544889
1520616855.612276077 -21.967735 -2.818621 -5.455813 -0.103292 0.848403 0.013544 0.518999
1520616855.662197828 -22.200220 -3.354242 -4.382541 -0.114240 0.864057 0.014891 0.490034
1520616855.712200880 -22.424717 -3.440140 -3.083123 -0.116864 0.881880 0.013184 0.456570
1520616855.762201786 -22.618904 -3.216369 -1.676149 -0.113672 0.899928 0.008093 0.420883
1520616855.812203884 -22.732632 -2.434587 -0.282687 -0.100696 0.917556 -0.004992 0.384612
1520616855.862205029 -22.752840 -1.023927 1.046004 -0.075642 0.933992 -0.023131 0.348429
1520616855.912206888 -22.586867 0.567437 2.239868 -0.046188 0.947479 -0.040486 0.313865
1520616855.962207794 -22.367300 2.169294 3.192834 -0.016267 0.957142 -0.056469 0.283594
1520616856.012212038 -22.098797 3.657079 3.544543 0.012770 0.961508 -0.070420 0.265291
1520616856.062116861 -21.868597 5.031084 3.582234 0.041543 0.963072 -0.080289 0.253614
1520616856.112118959 -21.628194 6.367279 3.104608 0.071481 0.960586 -0.090583 0.252904
1520616856.162119865 -21.448777 7.525132 2.289212 0.098950 0.955536 -0.099121 0.259488
1520616856.212121964 -21.400757 8.350728 0.866805 0.120728 0.946878 -0.104948 0.278986
1520616856.262123108 -21.412731 8.881389 -0.973740 0.136516 0.935470 -0.110756 0.306582
1520616856.312124968 -21.396023 9.090894 -3.218317 0.145953 0.921080 -0.116310 0.341733
1520616856.362148762 -21.237847 9.199254 -5.551474 0.152557 0.905073 -0.121296 0.377964
1520616856.412127972 -20.950343 9.111649 -7.899468 0.156088 0.887880 -0.128164 0.413376
1520616856.462024689 -20.616650 8.614677 -10.263765 0.150045 0.870189 -0.128146 0.451482
1520616856.512026787 -20.190159 7.808165 -12.711188 0.138335 0.850664 -0.121379 0.492445
1520616856.562027693 -19.574466 6.719050 -15.125656 0.121222 0.829615 -0.112263 0.533330
1520616856.612029791 -18.730759 5.821622 -17.288535 0.106503 0.808426 -0.103636 0.569529
1520616856.662031889 -17.783169 4.799930 -19.295961 0.089073 0.787067 -0.094546 0.603036
1520616856.712032795 -16.907104 3.687293 -20.981450 0.067979 0.768545 -0.082378 0.630818
1520616856.762034893 -16.160505 2.645547 -22.323770 0.047295 0.754183 -0.070555 0.651147
1520616856.812035799 -15.739862 1.554131 -23.295660 0.025131 0.745675 -0.059016 0.663215
1520616856.862337828 -15.518508 0.192353 -24.076834 -0.001557 0.741015 -0.045673 0.669932
1520616856.912338734 -15.412460 -1.013639 -24.634991 -0.026264 0.738557 -0.032993 0.672871
1520616856.962340832 -15.279378 -2.171873 -25.119457 -0.050295 0.736788 -0.019755 0.673961
1520616857.012341738 -15.158026 -3.157417 -25.553125 -0.070002 0.735721 -0.009604 0.673589
1520616857.062343597 -15.087030 -4.045550 -25.914329 -0.086736 0.735826 -0.003732 0.671582
1520616857.112345934 -15.456041 -4.579604 -26.029235 -0.097611 0.741887 0.000255 0.663382
1520616857.162346840 -16.389383 -4.955515 -25.759927 -0.104462 0.755294 0.001459 0.647005
1520616857.212348700 -17.865475 -5.348212 -24.999218 -0.110593 0.775468 -0.000782 0.621626
1520616857.263871670 -17.948890 -5.370622 -24.948822 -0.116604 0.794793 -0.003022 0.595566
1520616857.313873768 -17.948890 -5.370622 -24.948822 -0.116604 0.794793 -0.003022 0.595566
1520616857.363875628 -17.932207 -5.366140 -24.958901 -0.116604 0.794793 -0.003022 0.595566
1520616857.413877726 -17.932207 -5.366140 -24.958901 -0.116604 0.794793 -0.003022 0.595566
1520616857.463878632 0.503408 0.011946 -0.863966 -0.020242 0.063042 -0.008973 0.997765
1520616857.513879538 0.754094 -0.060001 -1.764846 -0.039845 0.130614 -0.022254 0.990382
1520616857.563881636 0.825636 -0.407568 -2.512663 -0.061811 0.202304 -0.039349 0.976578
1520616857.613883734 0.723299 -0.714709 -3.075517 -0.080442 0.273946 -0.053172 0.956899
1520616857.663657665 0.466814 -0.862836 -3.467166 -0.091284 0.343203 -0.063860 0.932631
1520616857.713659763 -0.039859 -0.937947 -3.638161 -0.095373 0.414465 -0.074549 0.901978
1520616857.763660431 -0.701937 -0.874997 -3.591084 -0.095687 0.488068 -0.079230 0.863919
1520616857.813661814 -1.237399 -0.861775 -3.409272 -0.096283 0.553885 -0.076245 0.823485
1520616857.863668680 -1.761850 -0.799779 -3.169338 -0.091805 0.616666 -0.075986 0.778153
1520616857.913665533 -2.250543 -0.674671 -2.842466 -0.080909 0.678067 -0.078648 0.726287
1520616857.963666677 -2.660110 -0.562082 -2.460272 -0.070927 0.734370 -0.082625 0.669958
1520616858.013697624 -2.992019 -0.433853 -1.992711 -0.062376 0.786401 -0.088423 0.608165
1520616858.063669443 -3.230734 -0.312135 -1.484068 -0.056012 0.832508 -0.099192 0.542175
1520616858.112437963 -3.256971 -0.288738 -1.390451 -0.049276 0.873091 -0.109302 0.472586
1520616858.162438869 -3.256971 -0.288738 -1.390451 -0.049276 0.873091 -0.109302 0.472586
1520616858.212440729 0.704299 -0.114440 -0.700619 -0.003380 0.056037 -0.011159 0.998361
1520616858.262443066 1.313047 -0.219927 -1.544476 -0.004294 0.105794 -0.020589 0.994166
1520616858.312443972 1.783211 -0.362232 -2.524450 -0.006300 0.149446 -0.031847 0.988237
1520616858.362445831 2.291417 -0.584446 -3.573518 -0.009548 0.183163 -0.043904 0.982055
1520616858.412446976 2.675738 -0.699413 -4.630191 -0.011230 0.208806 -0.055235 0.976331
1520616858.462448835 2.923766 -0.824561 -5.687258 -0.015274 0.229338 -0.065669 0.971009
1520616858.512493134 3.220143 -0.947713 -6.737309 -0.021351 0.246048 -0.078214 0.965861
1520616858.562494993 3.416773 -1.076943 -7.759655 -0.029788 0.261721 -0.090988 0.960383
1520616858.612495899 3.567062 -1.256702 -8.756911 -0.038865 0.276135 -0.103371 0.954753
1520616858.662497997 3.644711 -1.480518 -9.706889 -0.047676 0.287731 -0.114407 0.949657
1520616858.712499857 3.717686 -1.750709 -10.640668 -0.054743 0.297468 -0.126138 0.944778
1520616858.762500763 3.518755 -1.963305 -11.506017 -0.058688 0.307888 -0.138726 0.939423
1520616858.812503099 3.433429 -2.202948 -12.386162 -0.061110 0.313311 -0.149189 0.935866
1520616858.862504005 3.445969 -2.419733 -13.150014 -0.061252 0.312442 -0.160311 0.934306
1520616858.912207603 3.540993 -2.661974 -13.951998 -0.062491 0.306848 -0.166855 0.934932
1520616858.962209463 3.837022 -2.804522 -14.750520 -0.064508 0.298347 -0.165861 0.937720
1520616859.012211561 4.028932 -2.938106 -15.556005 -0.071384 0.293821 -0.156995 0.940173
1520616859.062212706 4.121956 -2.943500 -16.401476 -0.080588 0.294151 -0.142248 0.941672
1520616859.112214565 3.990893 -2.962268 -17.303832 -0.091492 0.301057 -0.122668 0.941247
1520616859.162215471 3.559647 -2.828477 -18.218315 -0.105205 0.314098 -0.095838 0.938664
1520616859.212217569 2.936347 -2.776869 -19.110933 -0.120237 0.332203 -0.069020 0.932963
1520616859.262218475 2.172341 -2.878648 -19.968808 -0.137035 0.352748 -0.040213 0.924756
1520616859.312074661 1.138574 -3.029096 -20.810904 -0.151210 0.375583 -0.014682 0.914252
1520616859.362076759 0.163499 -3.113625 -21.619875 -0.158363 0.398282 0.004439 0.903478
1520616859.412078619 -0.799122 -3.302348 -22.352185 -0.159785 0.420199 0.013760 0.893147
1520616859.462079763 -1.765469 -3.312261 -23.087880 -0.154173 0.441262 0.016079 0.883889
1520616859.512081623 -2.560048 -3.227866 -23.804200 -0.144844 0.457957 0.014090 0.876982
1520616859.562082529 -3.304032 -3.094351 -24.534371 -0.131108 0.473733 0.002841 0.870850
1520616859.612084627 -4.052228 -2.877557 -25.276118 -0.114473 0.488819 -0.015849 0.864697
1520616859.662123680 -4.558392 -2.738814 -26.049269 -0.097574 0.498840 -0.041235 0.860196
1520616859.712145090 -4.641455 -2.452582 -26.884803 -0.080053 0.499762 -0.067756 0.859790
1520616859.762147427 -4.356402 -2.248418 -27.784395 -0.062947 0.493084 -0.099271 0.862004
1520616859.812148333 -3.761305 -2.312514 -28.701332 -0.050960 0.481339 -0.128887 0.865508
1520616859.862150431 -2.616791 -2.551977 -29.648776 -0.040691 0.460182 -0.157796 0.872741
1520616859.912151337 -1.130897 -2.887702 -30.511646 -0.031377 0.432709 -0.184276 0.881942
1520616859.962153196 0.656919 -3.342758 -31.282010 -0.023359 0.401023 -0.207164 0.892030
1520616860.012154341 2.724453 -3.901161 -31.929645 -0.016380 0.365178 -0.225461 0.903075
1520616860.062156200 4.722954 -4.507018 -32.429419 -0.010896 0.329843 -0.240019 0.912949
1520616860.112157106 6.794096 -5.207072 -32.791015 -0.006570 0.293507 -0.251524 0.922251
1520616860.162389517 8.784919 -5.637024 -33.001182 -0.000875 0.259166 -0.255573 0.931405
1520616860.212391376 10.909578 -5.927080 -33.109454 0.007932 0.224009 -0.259602 0.939342
1520616860.262392282 13.272397 -6.140121 -32.992138 0.016148 0.186746 -0.259969 0.947249
1520616860.312394381 15.460394 -6.291544 -32.734111 0.021936 0.151301 -0.257821 0.954021
1520616860.362395287 17.696078 -6.381260 -32.234049 0.023353 0.114931 -0.251155 0.960816
1520616860.412397385 19.904685 -6.553879 -31.608650 0.019312 0.078464 -0.240865 0.967189
1520616860.462398529 21.812613 -6.617366 -30.918618 0.012617 0.045985 -0.226009 0.972957
1520616860.512400389 23.592612 -6.339331 -30.245479 0.007756 0.016458 -0.209171 0.977710
1520616860.563588381 23.682495 -6.320915 -30.205707 0.002886 -0.013089 -0.192082 0.981287
1520616860.613591671 23.682495 -6.320915 -30.205707 0.002886 -0.013089 -0.192082 0.981287
1520616860.663592339 23.664519 -6.324598 -30.213662 0.002886 -0.013089 -0.192082 0.981287
1520616860.713593245 23.650137 -6.327545 -30.220025 0.002886 -0.013089 -0.192082 0.981287
1520616860.763595581 -0.069420 0.151280 -0.986050 -0.028048 -0.007536 0.094699 0.995082
1520616860.813597441 -0.087616 0.172054 -1.330189 -0.046659 0.002548 0.126071 0.990920
1520616860.863598585 -0.099669 0.192990 -1.675586 -0.067799 0.018033 0.157320 0.985053
1520616860.913600445 -0.149158 0.202165 -2.004100 -0.087948 0.041281 0.187710 0.977408
1520616860.963305712 -0.163900 0.235380 -2.279470 -0.101597 0.066517 0.215891 0.968837
1520616861.013307810 -0.146603 0.210845 -2.538715 -0.110449 0.091598 0.238357 0.960519
1520616861.063308716 -0.143289 0.246820 -2.818121 -0.111924 0.113408 0.256628 0.953286
1520616861.113310814 -0.186653 0.215160 -3.137401 -0.109583 0.134340 0.270928 0.946859
1520616861.163311958 -0.237018 0.184477 -3.422800 -0.103787 0.154087 0.276933 0.942758
1520616861.213313818 -0.295930 0.118962 -3.715704 -0.100225 0.173586 0.283020 0.937935
1520616861.263315678 -0.304847 0.028927 -4.021255 -0.098444 0.194020 0.282930 0.934139
1520616861.313361883 -0.314851 -0.057808 -4.352760 -0.094386 0.214836 0.274414 0.932542
1520616861.363450527 -0.393731 -0.206909 -4.679136 -0.088929 0.237533 0.258744 0.932052
1520616861.413452625 -0.476932 -0.321470 -4.985486 -0.081921 0.260778 0.234247 0.932959
1520616861.463454485 -0.533337 -0.494838 -5.293828 -0.076546 0.278965 0.201538 0.935789
1520616861.513455629 -0.513564 -0.577268 -5.592331 -0.069040 0.289323 0.174874 0.938587
1520616861.563457489 -0.505809 -0.590449 -5.887554 -0.060462 0.297655 0.154728 0.940109
1520616861.613458395 -0.480781 -0.566030 -6.188880 -0.047660 0.306177 0.130444 0.941790
1520616861.663460493 -0.540654 -0.460568 -6.475994 -0.029990 0.318192 0.110925 0.941037
1520616861.713461399 -0.629398 -0.346614 -6.757212 -0.014034 0.329771 0.100584 0.938582
1520616861.763943434 -0.689289 -0.223245 -7.028429 -0.000673 0.340595 0.094057 0.935493
1520616861.813945293 -0.794361 -0.180412 -7.296490 0.007003 0.353284 0.085251 0.931597
1520616861.863946438 -0.923190 -0.267893 -7.569736 0.005047 0.365834 0.078541 0.927347
1520616861.913948298 -1.076957 -0.371473 -7.837235 0.000006 0.378314 0.068725 0.923123
1520616861.963949203 -1.213469 -0.532318 -8.103836 -0.010197 0.387707 0.061859 0.919648
1520616862.013951540 -1.336904 -0.612910 -8.380304 -0.018156 0.394543 0.057171 0.916917
1520616862.063952446 -1.402134 -0.646698 -8.668136 -0.025343 0.397595 0.057654 0.915397
1520616862.113954306 -1.491142 -0.703273 -8.943536 -0.032708 0.399710 0.056352 0.914323
1520616862.164565325 -1.555249 -0.717655 -9.213844 -0.038279 0.399721 0.052428 0.914335
1520616862.214567184 -1.576217 -0.751394 -9.494643 -0.043765 0.396824 0.045076 0.915742
1520616862.264569283 -1.616218 -0.797852 -9.770549 -0.047542 0.394524 0.035103 0.916983
1520616862.314571381 -1.663677 -0.804920 -10.038684 -0.049741 0.391943 0.030069 0.918152
1520616862.364572048 -1.677122 -0.844143 -10.318473 -0.051415 0.386917 0.028646 0.920234
1520616862.414574385 -1.658123 -0.827723 -10.602495 -0.051683 0.380873 0.033057 0.922590
1520616862.464575291 -1.628272 -0.812271 -10.890172 -0.050402 0.374588 0.037566 0.925058
1520616862.514576435 -1.605253 -0.806612 -11.172613 -0.049786 0.368279 0.043903 0.927343
1520616862.564579248 -1.509880 -0.861347 -11.464282 -0.051245 0.359175 0.047889 0.930631
1520616862.613606930 -1.354255 -0.993582 -11.724997 -0.055183 0.348510 0.051367 0.934268
1520616862.663607836 -1.288033 -0.970658 -11.977937 -0.054426 0.341653 0.054953 0.936638
1520616862.713609695 -1.179534 -0.907454 -12.226934 -0.050804 0.335229 0.060042 0.938848
1520616862.763611794 -1.151222 -0.712402 -12.487969 -0.041685 0.330778 0.063779 0.940628
1520616862.813612700 -1.123104 -0.481031 -12.735396 -0.030951 0.327278 0.071308 0.941725
1520616862.863613605 -1.037573 -0.241153 -12.981978 -0.020547 0.322156 0.079332 0.943133
1520616862.913615942 -0.923414 -0.156082 -13.232739 -0.015272 0.316929 0.085522 0.944462
1520616862.963667631 -0.805389 -0.181439 -13.485537 -0.014628 0.312620 0.090034 0.945488
1520616863.012676716 -0.742961 -0.262757 -13.750267 -0.015117 0.311211 0.089228 0.946022
1520616863.062678576 -0.670681 -0.319382 -13.988094 -0.015114 0.309118 0.089155 0.946715
1520616863.112679720 -0.537627 -0.303240 -14.226423 -0.011902 0.305906 0.084437 0.948235
1520616863.162681580 -0.460498 -0.200401 -14.470700 -0.004475 0.305314 0.075217 0.949266
1520616863.212682724 -0.379484 0.014455 -14.701077 0.003933 0.304589 0.070443 0.949867
1520616863.262684584 -0.320620 0.168574 -14.919099 0.009068 0.305173 0.069725 0.949698
1520616863.312685490 -0.390513 0.253760 -15.138589 0.011086 0.309493 0.069958 0.948260
1520616863.362687826 -0.541772 0.223967 -15.351202 0.010102 0.316686 0.067458 0.946075
1520616863.412424564 -0.770168 0.047045 -15.604181 0.006754 0.325197 0.061094 0.943647
1520616863.462426424 -0.925426 -0.156742 -15.845322 0.002295 0.331563 0.053423 0.941916
1520616863.512428284 -1.011365 -0.341481 -16.080163 -0.001978 0.335922 0.044995 0.940812
1520616863.562429428 -1.162286 -0.545680 -16.318334 -0.006287 0.341376 0.035534 0.939234
1520616863.612431288 -1.384633 -0.784696 -16.545232 -0.012235 0.348772 0.029430 0.936666
1520616863.662432432 -1.727181 -1.003079 -16.752218 -0.019298 0.358630 0.026471 0.932905
1520616863.712434530 -1.966898 -1.312825 -16.954902 -0.028893 0.365743 0.024451 0.929946
1520616863.762435436 -2.089666 -1.511245 -17.176049 -0.037094 0.369032 0.027514 0.928268
1520616863.812206030 -2.374119 -1.618785 -17.345925 -0.041219 0.375697 0.027114 0.925428
1520616863.862207890 -2.641125 -1.607731 -17.528341 -0.041606 0.381494 0.025160 0.923092
1520616863.912209988 -2.952348 -1.445080 -17.731405 -0.037072 0.387766 0.023162 0.920721
1520616863.962211132 -3.105957 -1.183591 -17.964549 -0.030030 0.388897 0.026343 0.920415
1520616864.012212992 -3.208103 -0.870737 -18.194354 -0.021713 0.388621 0.031989 0.920586
1520616864.062214136 -3.288389 -0.650395 -18.425514 -0.016012 0.387872 0.039562 0.920724
1520616864.112215996 -3.347857 -0.658787 -18.634179 -0.016806 0.386300 0.048903 0.920923
1520616864.162216902 -3.520464 -0.816293 -18.828049 -0.021887 0.387914 0.057603 0.919633
1520616864.212391853 -3.685367 -1.212427 -19.009252 -0.033655 0.390141 0.071019 0.917395
1520616864.262392998 -3.886920 -1.660275 -19.144421 -0.047723 0.394141 0.087684 0.913612
1520616864.312397003 -4.179321 -2.172531 -19.229611 -0.062942 0.400895 0.103450 0.908086
1520616864.362396002 -4.563977 -2.700376 -19.264012 -0.077846 0.410440 0.117679 0.900905
1520616864.412399054 -4.991927 -3.289189 -19.255276 -0.093807 0.421541 0.133174 0.892058
1520616864.462399006 -5.577962 -4.001410 -19.135544 -0.111588 0.437763 0.151080 0.879253
1520616864.512401104 -6.405747 -4.786733 -18.863276 -0.129391 0.460651 0.172063 0.861077
1520616864.562402964 -7.611557 -5.625966 -18.333390 -0.144561 0.493103 0.189102 0.836775
1520616864.612951756 -9.166872 -6.561831 -17.451553 -0.157496 0.535166 0.200662 0.805312
1520616864.662897825 -10.786018 -7.486927 -16.209517 -0.168803 0.580270 0.210252 0.768496
1520616864.712898731 -12.403346 -8.515778 -14.545975 -0.180594 0.628642 0.215254 0.725163
1520616864.762900829 -14.024823 -9.345179 -12.463252 -0.187743 0.679344 0.210317 0.677503
1520616864.812901974 -15.577492 -9.755891 -10.106593 -0.186462 0.729284 0.200098 0.627167
1520616864.862903833 -16.832480 -9.793727 -7.720496 -0.179384 0.773798 0.186669 0.578111
1520616864.912904739 -17.900530 -9.385233 -5.296895 -0.164188 0.814741 0.170489 0.529313
1520616864.962906837 -18.687324 -8.692794 -2.958835 -0.144848 0.850382 0.152871 0.482183
1520616865.012907743 -19.177135 -7.822792 -0.834271 -0.123892 0.879827 0.134355 0.438752
1520616865.062542915 -19.438187 -6.733168 1.158695 -0.099022 0.905090 0.115832 0.396976
1520616865.112544775 -19.469653 -5.658874 2.918700 -0.076018 0.925372 0.096605 0.358574
1520616865.162545681 -19.358101 -4.549036 4.342478 -0.052541 0.940622 0.078548 0.326036
1520616865.212547779 -19.175914 -3.444935 5.427443 -0.028392 0.951491 0.062938 0.299829
1520616865.262548685 -18.967892 -2.430948 6.217883 -0.005654 0.958839 0.049046 0.279624
1520616865.312550545 -18.773438 -1.472497 6.723987 0.016872 0.963238 0.037556 0.265476
1520616865.362551689 -18.578872 -0.492325 7.088862 0.039938 0.965920 0.026007 0.254416
1520616865.412553787 -18.361287 0.551907 7.348054 0.064498 0.967123 0.013646 0.245616
1520616865.462522507 -18.199608 1.479924 7.351480 0.086001 0.966209 0.002817 0.242975
1520616865.512523413 -18.098886 2.492136 7.093527 0.108945 0.962889 -0.009710 0.246741
1520616865.562525749 -17.992796 3.460529 6.723541 0.132377 0.958109 -0.020251 0.253165
1520616865.612527609 -17.875159 4.257659 6.345569 0.153894 0.952924 -0.025007 0.260051
1520616865.662528515 -17.775812 4.920596 5.925933 0.173031 0.947331 -0.027538 0.268079
1520616865.712529659 -17.710292 5.439210 5.411325 0.188690 0.941393 -0.028266 0.278167
1520616865.762532711 -17.723264 5.775838 4.804636 0.198427 0.935497 -0.029131 0.290901
1520616865.812533617 -17.758449 6.038350 4.171656 0.204424 0.929958 -0.031117 0.304008
1520616865.862553835 -17.805259 6.301818 3.330612 0.208628 0.922799 -0.035525 0.321953
1520616865.912555695 -17.881117 6.491924 2.284077 0.210449 0.913948 -0.039620 0.344733
1520616865.962556601 -17.959732 6.540172 1.157575 0.207983 0.904782 -0.044442 0.368967
1520616866.012558937 -17.984555 6.591028 -0.068234 0.205139 0.894032 -0.050056 0.395119
1520616866.062562704 -17.958817 6.575499 -1.256953 0.201519 0.883049 -0.055432 0.420168
1520616866.112561703 -17.931836 6.394971 -2.430748 0.194777 0.872150 -0.058130 0.445015
1520616866.162563801 -17.806936 6.220236 -3.707787 0.189358 0.858913 -0.057589 0.472329
1520616866.212564707 -17.620756 5.974133 -4.951700 0.183184 0.845318 -0.055890 0.498756
1520616866.262473822 -17.386855 5.788742 -6.067202 0.178877 0.832312 -0.054665 0.521796
1520616866.312415838 -17.081727 5.449492 -7.266914 0.171188 0.817642 -0.051217 0.547296
1520616866.362417698 -16.715853 5.009490 -8.486800 0.160792 0.802149 -0.049873 0.572901
1520616866.412418842 -16.301860 4.536079 -9.619354 0.149377 0.786979 -0.052213 0.596343
1520616866.462420702 -15.780554 3.901877 -10.841790 0.134024 0.769359 -0.053610 0.622295
1520616866.512421846 -15.192876 3.079469 -12.031429 0.114188 0.751016 -0.054973 0.648008
1520616866.562423706 -14.406398 2.096000 -13.303872 0.091165 0.728462 -0.053477 0.676885
1520616866.612424612 -13.406309 1.305704 -14.564313 0.073267 0.702059 -0.053034 0.706351
1520616866.662434816 -12.205468 0.672600 -15.767232 0.059646 0.672628 -0.050447 0.735846
1520616866.712436676 -10.802721 0.162625 -16.911508 0.048759 0.640024 -0.043115 0.765593
1520616866.762437820 -9.404670 -0.236271 -17.857406 0.040070 0.608869 -0.035646 0.791456
1520616866.812439919 -7.982491 -0.647705 -18.660488 0.030869 0.577858 -0.029239 0.815029
1520616866.862440586 -6.671880 -1.105881 -19.275202 0.021173 0.549589 -0.027867 0.834702
1520616866.912442923 -5.548559 -1.497782 -19.736303 0.013267 0.525107 -0.029613 0.850417
1520616866.962443829 -4.591232 -1.875086 -20.068265 0.005790 0.504510 -0.032968 0.862757
1520616867.012445688 -3.845013 -2.345511 -20.301069 -0.004447 0.488664 -0.034297 0.871786
1520616867.062447786 -3.017886 -2.774953 -20.511468 -0.014617 0.471479 -0.032631 0.881152
1520616867.112743139 -1.981705 -3.033438 -20.728647 -0.021348 0.449949 -0.028807 0.892334
1520616867.162745237 -1.017705 -3.123078 -20.906083 -0.022832 0.429772 -0.029024 0.902182
1520616867.212747335 0.023952 -3.300395 -21.024390 -0.029410 0.408483 -0.022579 0.912012
1520616867.262748480 1.165708 -3.487605 -21.084899 -0.038171 0.385336 -0.012864 0.921897
1520616867.312749386 2.296073 -3.637294 -21.088080 -0.045501 0.362090 -0.005473 0.931016
1520616867.362751245 3.473567 -3.844321 -21.016490 -0.054115 0.337444 0.000864 0.939789
1520616867.412753344 4.596893 -4.092970 -20.878024 -0.062853 0.313629 0.004240 0.947454
1520616867.462755442 5.820518 -4.373275 -20.645172 -0.072759 0.287184 0.007349 0.955080
1520616867.512772322 7.178726 -4.655990 -20.287880 -0.082791 0.257099 0.008940 0.962791
1520616867.562773228 8.420571 -4.995616 -19.866023 -0.095404 0.229224 0.011598 0.968617
1520616867.612774134 9.680584 -5.166291 -19.377681 -0.107517 0.200875 0.018563 0.973522
1520616867.662775278 11.015337 -5.166539 -18.791735 -0.116124 0.169670 0.025431 0.978305
1520616867.712778330 12.502493 -5.079640 -18.000857 -0.121658 0.132286 0.029884 0.983263
1520616867.762778044 13.980349 -5.019825 -17.042010 -0.126814 0.092787 0.031784 0.987066
1520616867.812780380 15.472922 -4.881827 -15.892363 -0.132634 0.050627 0.035507 0.989234
1520616867.862782240 16.857058 -4.841921 -14.586032 -0.140659 0.008392 0.037316 0.989319
1520616867.912523746 18.048876 -4.925020 -13.203183 -0.153412 -0.031482 0.039388 0.986875
1520616867.962460756 19.148939 -4.986438 -11.691645 -0.167578 -0.071425 0.041562 0.982389
1520616868.012461662 19.957486 -5.155198 -10.353920 -0.181478 -0.104059 0.040688 0.977027
1520616868.062463760 20.549512 -5.361512 -9.217779 -0.193454 -0.130440 0.038203 0.971649
1520616868.112464666 20.955236 -5.545138 -8.347780 -0.204243 -0.149773 0.036466 0.966707
1520616868.162466526 21.456496 -5.499492 -7.211738 -0.211440 -0.176188 0.035950 0.960707
1520616868.212467670 22.039265 -5.307683 -5.581198 -0.216391 -0.213689 0.034818 0.951998
1520616868.262469530 22.410905 -5.368995 -4.017395 -0.222393 -0.247207 0.028269 0.942672
1520616868.312474966 22.742165 -5.108514 -2.381203 -0.228069 -0.282431 0.028520 0.931345
1520616868.362476110 22.982174 -4.616980 -0.698219 -0.232161 -0.318843 0.032660 0.918354
1520616868.412477970 23.073203 -4.022663 1.330469 -0.232647 -0.362538 0.035498 0.901766
1520616868.462479115 22.929301 -3.500667 3.523309 -0.231941 -0.408624 0.035352 0.882032
1520616868.512480974 22.552266 -3.043021 5.665931 -0.230951 -0.452805 0.033675 0.860521
1520616868.562481880 21.921734 -2.626711 7.850680 -0.232070 -0.496910 0.031190 0.835614
1520616868.612483978 21.007938 -2.182432 10.061071 -0.237934 -0.540609 0.029590 0.806383
1520616868.662486076 19.739710 -1.465520 12.397961 -0.244364 -0.588091 0.031592 0.770349
1520616868.712622643 18.104242 -0.625059 14.665247 -0.249487 -0.636041 0.034672 0.729387
1520616868.762624502 16.444873 -0.096476 16.430231 -0.257488 -0.673931 0.032498 0.691709
1520616868.812625647 14.791182 0.508383 17.850569 0.260550 0.707490 -0.032680 -0.656128
1520616868.862627506 13.151916 1.131466 18.992848 0.259046 0.737759 -0.034732 -0.622416
1520616868.912629604 11.326919 1.685407 20.018391 0.252554 0.768371 -0.036112 -0.586957
1520616868.962631702 9.318902 1.942201 20.936351 0.245494 0.798096 -0.031392 -0.549354
1520616869.012632608 7.335104 2.016737 21.633192 0.241512 0.823500 -0.023370 -0.512810
1520616869.062633514 5.334877 2.199652 22.123323 0.237875 0.846927 -0.018139 -0.475185
1520616869.112386465 3.437558 2.614739 22.371221 0.234402 0.867503 -0.019737 -0.438297
1520616869.162388802 1.677202 3.075605 22.438225 0.230114 0.885304 -0.023866 -0.403379
1520616869.212389708 -0.004120 3.438503 22.376238 0.221197 0.901797 -0.028597 -0.370158
1520616869.262390614 -1.666530 3.638678 22.212842 0.211905 0.916719 -0.030547 -0.337327
1520616869.312392712 -3.101534 3.786296 21.969867 0.204392 0.928516 -0.032295 -0.308283
1520616869.362394571 -4.487874 3.904851 21.644583 0.194453 0.939505 -0.035599 -0.279733
1520616869.412395477 -5.870154 3.960726 21.239133 0.182989 0.949770 -0.038963 -0.250866
1520616869.462397814 -7.024375 4.112485 20.794438 0.175164 0.957377 -0.044407 -0.225332
1520616869.512398481 -7.907962 4.264832 20.381233 0.168020 0.962853 -0.050674 -0.205219
1520616869.562289000 -8.655631 4.401286 19.983524 0.157540 0.967576 -0.059562 -0.188229
1520616869.612219810 -9.289217 4.606206 19.584911 0.144920 0.971375 -0.073197 -0.173409
1520616869.662222147 -9.696611 4.809941 19.276195 0.132093 0.973605 -0.088037 -0.163992
1520616869.712223053 -9.801411 5.082748 19.093194 0.120658 0.973824 -0.104620 -0.161748
1520616869.762224913 -9.606904 5.406263 19.045814 0.111004 0.972187 -0.121338 -0.166753
1520616869.812226057 -9.073561 5.744416 19.149066 0.101693 0.968634 -0.137797 -0.180051
1520616869.862227917 -8.352238 6.080443 19.316189 0.090301 0.963601 -0.155079 -0.198165
1520616869.912229776 -7.414150 6.394335 19.541628 0.078543 0.956850 -0.171034 -0.221398
1520616869.962232351 -6.461042 6.615801 19.752816 0.067590 0.949781 -0.183002 -0.244659
1520616870.012234449 -5.502630 6.661471 19.974281 0.055651 0.942850 -0.190121 -0.267939
1520616870.062235355 -4.311863 6.551662 20.245091 0.048451 0.935128 -0.189493 -0.295432
1520616870.112237215 -2.843233 6.338168 20.511506 0.039014 0.924969 -0.186795 -0.328662
1520616870.162238359 -1.198075 6.118775 20.681510 0.032049 0.912584 -0.182378 -0.364558
1520616870.212240458 0.528266 5.961364 20.694575 0.027511 0.897945 -0.178545 -0.401322
1520616870.262242556 2.182765 5.932475 20.532385 0.024381 0.881925 -0.177667 -0.435945
1520616870.312243462 3.646651 6.070850 20.223538 0.024504 0.865858 -0.180300 -0.466027
1520616870.362413168 5.094636 6.325022 19.773403 0.031851 0.848449 -0.184202 -0.495166
1520616870.412413836 6.653806 6.349973 19.241811 0.042233 0.829562 -0.182006 -0.526230
1520616870.462415934 8.224372 6.279119 18.597565 0.055293 0.809079 -0.178064 -0.557340
1520616870.512418032 9.945951 6.078389 17.759257 0.068935 0.784328 -0.172491 -0.591882
1520616870.562418938 11.756728 5.723580 16.700250 0.083571 0.755277 -0.164930 -0.628785
1520616870.612420797 13.391734 5.267655 15.544790 0.094342 0.725563 -0.156905 -0.663355
1520616870.662423134 14.863917 4.681685 14.310982 -0.102742 -0.695332 0.147176 0.695915
1520616870.712424040 16.033483 4.043911 13.168592 -0.107054 -0.668461 0.136414 0.723250
1520616870.762804031 16.939198 3.548540 12.090563 -0.103963 -0.644556 0.128249 0.746519
1520616870.812805176 16.994424 3.515271 12.014121 -0.100749 -0.619885 0.119931 0.768901
1520616870.862807035 16.994424 3.515271 12.014121 -0.100749 -0.619885 0.119931 0.768901
1520616870.912807941 16.983379 3.521925 12.029410 -0.100749 -0.619885 0.119931 0.768901
1520616870.962810040 16.974543 3.527248 12.041640 -0.100749 -0.619885 0.119931 0.768901
1520616871.012812138 16.967474 3.531506 12.051425 -0.100749 -0.619885 0.119931 0.768901
1520616871.062813044 16.967474 3.531506 12.051425 -0.100749 -0.619885 0.119931 0.768901
1520616871.112814188 16.961819 3.534913 12.059252 -0.100749 -0.619885 0.119931 0.768901
1520616871.162855625 16.957295 3.537638 12.065515 -0.100749 -0.619885 0.119931 0.768901
1520616871.212930918 16.953675 3.539819 12.070524 -0.100749 -0.619885 0.119931 0.768901
1520616871.262858868 0.152094 -0.106805 -0.982578 -0.004511 0.013018 -0.062048 0.997978
1520616871.312859535 0.177693 -0.134482 -1.238673 -0.002220 0.006089 -0.078268 0.996911
1520616871.362861872 0.202690 -0.167123 -1.500410 -0.000648 -0.005534 -0.091796 0.995762
1520616871.412862778 0.220228 -0.197713 -1.764243 -0.001031 -0.017103 -0.104452 0.994382
1520616871.462864637 0.235907 -0.249337 -2.029387 -0.005544 -0.032920 -0.113415 0.992987
1520616871.512866735 0.264086 -0.299107 -2.302050 -0.012871 -0.054030 -0.121453 0.991042
1520616871.562867641 0.339030 -0.349185 -2.579861 -0.021201 -0.084214 -0.128808 0.987860
1520616871.613183022 0.390211 -0.329567 -2.828709 -0.028600 -0.116593 -0.132582 0.983875
1520616871.663184166 0.573509 -0.252584 -3.063755 -0.033605 -0.153675 -0.132467 0.978625
1520616871.713186026 0.742612 -0.244498 -3.302504 -0.041912 -0.190220 -0.125912 0.972731
1520616871.763186932 0.947011 -0.277143 -3.544068 -0.049586 -0.228161 -0.118703 0.965087
1520616871.813189030 1.175356 -0.359244 -3.749516 -0.056522 -0.267984 -0.113160 0.955083
1520616871.863191128 1.433464 -0.522578 -3.847020 -0.067109 -0.303717 -0.108864 0.944140
1520616871.913192034 1.695202 -0.629588 -3.956814 -0.073587 -0.338975 -0.104183 0.932109
1520616871.963194132 1.941294 -0.743666 -4.045173 -0.078717 -0.371784 -0.099481 0.919611
1520616872.014108896 2.196921 -0.801685 -4.144409 -0.081536 -0.406894 -0.094819 0.904875
1520616872.064110994 2.522850 -0.743939 -4.202279 -0.082481 -0.443672 -0.091036 0.887730
1520616872.114113092 2.802660 -0.719680 -4.251310 -0.084542 -0.476707 -0.084989 0.870850
1520616872.164114952 3.121190 -0.692303 -4.269346 -0.081090 -0.511917 -0.071063 0.852242
1520616872.214116096 3.447752 -0.658975 -4.273841 -0.077062 -0.544720 -0.057392 0.833095
1520616872.264117002 3.700163 -0.626739 -4.254221 -0.072883 -0.574572 -0.046838 0.813856
1520616872.314118862 4.071270 -0.543250 -4.175401 -0.065101 -0.607370 -0.039080 0.790782
1520616872.364121199 4.343061 -0.486003 -4.135432 -0.058896 -0.631397 -0.037871 0.772292
1520616872.414278030 4.582935 -0.470431 -4.091259 -0.055090 -0.654291 -0.036282 0.753360
1520616872.464280128 4.766543 -0.538538 -4.079752 -0.057311 -0.672289 -0.031979 0.737373
1520616872.514281034 4.952386 -0.586329 -4.036396 -0.059843 -0.691023 -0.024213 0.719945
1520616872.564283133 5.132597 -0.682966 -3.990382 0.066291 0.707579 0.014767 -0.703363
1520616872.614284039 5.278994 -0.814943 -3.970748 0.077191 0.720001 0.005478 -0.689645
1520616872.664287090 5.412711 -0.883765 -3.930024 0.084438 0.732742 -0.004142 -0.675235
1520616872.714287043 5.573047 -0.871177 -3.861838 0.083626 0.746621 -0.011886 -0.659865
1520616872.764289141 5.739854 -0.776514 -3.797901 0.077139 0.760783 -0.013459 -0.644265
1520616872.814480305 5.901653 -0.692619 -3.711576 0.067031 0.774797 -0.011042 -0.628549
1520616872.864556313 6.020126 -0.596000 -3.673880 0.057898 0.786256 -0.002264 -0.615178
1520616872.914483547 6.145054 -0.511691 -3.600351 0.050956 0.798648 0.003738 -0.599625
1520616872.964485407 6.308470 -0.472711 -3.459227 0.047492 0.813389 0.003308 -0.579769
1520616873.014487267 6.494959 -0.496974 -3.249426 0.048392 0.830749 -0.004896 -0.554518
1520616873.064488411 6.647419 -0.666256 -3.045501 0.058868 0.845398 -0.014382 -0.530689
1520616873.114490271 6.772019 -0.864447 -2.847653 0.070931 0.858388 -0.020202 -0.507672
1520616873.164491177 6.910915 -0.968472 -2.604931 0.078116 0.872611 -0.020186 -0.481707
1520616873.216315508 7.052362 -0.926413 -2.393546 0.080076 0.884964 -0.011621 -0.458575
1520616873.266316652 7.180521 -1.125448 -2.215936 0.084201 0.895622 -0.008004 -0.436701
1520616873.316318512 7.304644 -1.159133 -2.009039 0.085144 0.907116 -0.004702 -0.412152
1520616873.366319418 7.411852 -1.174986 -1.748433 0.083533 0.919644 -0.004002 -0.383745
1520616873.416321516 7.498219 -1.182580 -1.503134 0.082152 0.930701 -0.003321 -0.356421
1520616873.466323376 7.553781 -1.188326 -1.307959 0.080838 0.940074 -0.002018 -0.331244
1520616873.516324520 7.589125 -1.212334 -1.213498 0.079521 0.946627 -0.000381 -0.312367
1520616873.566326618 7.612416 -1.224931 -1.182337 0.077264 0.951571 -0.000552 -0.297561
1520616873.617853880 7.676927 -1.088404 -1.293880 0.072777 0.955267 -0.003236 -0.286631
1520616873.667855978 7.691253 -1.223913 -1.378589 0.077970 0.957173 -0.010668 -0.278616
1520616873.717856884 7.719706 -1.246472 -1.369933 0.080216 0.960848 -0.015145 -0.264776
1520616873.767858982 7.762008 -1.300513 -1.351697 0.083322 0.964465 -0.016021 -0.250215
1520616873.817860842 7.789728 -1.248732 -1.293939 0.079319 0.969190 -0.013980 -0.232775
1520616873.867862701 7.820097 -1.145811 -1.235493 0.071599 0.973734 -0.010995 -0.215860
1520616873.917863846 7.844093 -0.981813 -1.237570 0.060420 0.977484 -0.009804 -0.201934
1520616873.967865944 7.852258 -0.731905 -1.311077 0.043743 0.980403 -0.013785 -0.191590
1520616874.017866850 7.851355 -0.442620 -1.413436 0.023643 0.982565 -0.024271 -0.182805
1520616874.067867994 7.849156 -0.226816 -1.538140 0.007857 0.983708 -0.040260 -0.175030
1520616874.117869854 7.842076 -0.062749 -1.679242 -0.002782 0.984115 -0.058014 -0.167763
1520616874.167871714 7.831059 0.085406 -1.889830 -0.012176 0.983394 -0.075090 -0.164771
1520616874.217872858 7.792546 0.213950 -2.219558 -0.021621 0.981275 -0.089970 -0.168932
1520616874.267874718 7.733575 0.444061 -2.604792 -0.036868 0.978235 -0.102753 -0.176460
1520616874.317879915 7.638156 0.694008 -3.060843 -0.054546 0.973755 -0.115857 -0.188155
1520616874.367877960 7.532598 0.925896 -3.488645 -0.071316 0.968897 -0.130930 -0.197509
1520616874.417882919 7.402512 1.008153 -3.967296 -0.081126 0.963794 -0.141825 -0.210728
1520616874.467142820 7.239613 1.055979 -4.478253 -0.089121 0.958283 -0.145918 -0.229038
1520616874.517223835 7.019795 1.071014 -5.043100 -0.095170 0.952250 -0.145244 -0.251130
1520616874.567145824 6.746731 1.066348 -5.631909 -0.101994 0.944983 -0.143313 -0.275800
1520616874.617146969 6.443379 1.069634 -6.206027 -0.111129 0.936579 -0.143293 -0.299895
1520616874.667148829 6.092086 0.940937 -6.781789 -0.113834 0.926629 -0.144700 -0.327814
1520616874.717150688 5.648081 0.706014 -7.414527 -0.111709 0.913567 -0.147394 -0.362204
1520616874.767151833 5.144641 0.450854 -8.001379 -0.104970 0.899608 -0.149380 -0.396702
1520616874.817153692 4.629091 0.257616 -8.519605 -0.099651 0.885757 -0.149102 -0.428103
1520616874.865250349 4.084917 0.127931 -9.043871 -0.095648 0.870330 -0.141416 -0.461929
1520616874.915252209 3.360637 0.133593 -9.507831 -0.093067 0.852691 -0.126625 -0.498219
1520616874.965253353 2.627233 0.222508 -9.896326 -0.095474 0.833876 -0.113021 -0.531754
1520616875.015255213 1.949727 0.258477 -10.214555 -0.099071 0.814883 -0.104787 -0.561400
1520616875.065257549 1.292091 0.181253 -10.482614 -0.099047 0.795979 -0.100828 -0.588592
1520616875.115258455 0.737061 0.028619 -10.706640 -0.094088 0.779287 -0.098188 -0.611734
1520616875.165260315 0.260307 -0.170034 -10.895503 -0.084606 0.765161 -0.094882 -0.631164
1520616875.215262413 -0.079101 -0.252710 -11.068795 -0.077862 0.755458 -0.089894 -0.644313
1520616875.263584137 -0.206843 -0.247407 -11.298657 -0.071956 0.751439 -0.081200 -0.650821
1520616875.313585043 -0.435906 -0.130789 -11.527328 -0.063357 0.747284 -0.066592 -0.658117
1520616875.363587141 -0.644091 -0.163413 -11.764192 -0.051390 0.741683 -0.055358 -0.666484
1520616875.413588285 -0.857430 -0.142795 -11.974634 -0.043959 0.734803 -0.050271 -0.674985
1520616875.463590145 -1.131503 -0.201112 -12.182564 -0.037806 0.726803 -0.049129 -0.684042
1520616875.513592005 -1.480401 -0.228822 -12.386561 -0.030212 0.716937 -0.044373 -0.695068
1520616875.563593149 -1.783468 -0.260038 -12.581456 -0.022886 0.708064 -0.038882 -0.704706
1520616875.613595247 -2.027739 -0.291583 -12.791145 0.014973 -0.701291 0.032661 0.711969
1520616875.662979841 -2.135274 -0.318493 -13.019905 0.011068 -0.697899 0.029701 0.715495
1520616875.712980747 -2.231621 -0.374264 -13.278772 0.009968 -0.696035 0.030627 0.717285
1520616875.762982607 -2.288599 -0.444002 -13.539289 0.006317 -0.694771 0.029578 0.718595
1520616875.812983751 -2.305597 -0.514360 -13.801472 0.002919 -0.695014 0.028255 0.718435
1520616875.862985611 -2.262897 -0.436572 -14.108050 -0.001391 -0.696709 0.021026 0.717045
1520616875.912986517 -2.150319 -0.293771 -14.398523 -0.001388 -0.699473 0.015764 0.714483
1520616875.962988853 -2.019634 -0.222660 -14.689192 -0.002242 -0.702378 0.012269 0.711695
1520616876.012990713 -1.944366 -0.176211 -14.981320 -0.004694 -0.703919 0.009483 0.710202
1520616876.062645674 -1.792645 -0.271486 -15.249406 0.007739 0.707915 -0.011025 -0.706169
1520616876.112646818 -1.381266 -0.487147 -15.564793 0.015078 0.716989 -0.013349 -0.696794
1520616876.162730694 -0.736238 -0.756196 -15.881814 0.025411 0.730702 -0.015296 -0.682052
1520616876.212649822 0.118899 -1.095693 -16.161371 0.036675 0.748356 -0.018167 -0.662034
1520616876.262651920 1.057534 -1.475719 -16.379029 0.048417 0.767139 -0.021115 -0.639303
1520616876.312653780 2.181984 -1.854812 -16.524045 0.058131 0.787961 -0.025323 -0.612451
1520616876.362654686 3.375696 -2.213420 -16.576167 0.065294 0.808841 -0.030472 -0.583596
1520616876.412656784 4.754292 -2.414624 -16.504397 0.068133 0.831515 -0.033584 -0.550284
1520616876.462657690 6.030963 -2.498063 -16.345266 0.070264 0.852146 -0.032474 -0.517548
1520616876.512599468 7.375609 -2.503225 -16.049794 0.070822 0.872639 -0.029794 -0.482284
1520616876.562600374 8.748307 -2.330590 -15.646724 0.066103 0.892458 -0.025909 -0.445509
1520616876.612602472 10.047759 -2.125946 -15.152346 0.061808 0.910401 -0.019219 -0.408633
1520616876.662604570 11.266734 -1.940540 -14.569868 0.060466 0.926360 -0.008684 -0.371654
1520616876.712605476 12.372120 -1.901704 -13.940229 0.061023 0.939784 -0.001226 -0.336276
1520616876.762607336 13.320424 -1.961476 -13.313599 0.062797 0.950655 0.002529 -0.303818
1520616876.812608480 14.177661 -2.128240 -12.658487 0.063191 0.959960 -0.002040 -0.272908
1520616876.862610340 14.878433 -2.254861 -12.103075 0.061104 0.967039 -0.011703 -0.246913
1520616876.912892342 15.478992 -2.400015 -11.571989 0.057759 0.972677 -0.024447 -0.223531
1520616876.962894440 16.025917 -2.458029 -11.055813 0.054852 0.977498 -0.033502 -0.200914
1520616877.012895346 16.596378 -2.322247 -10.483890 0.047652 0.982144 -0.041721 -0.177149
1520616877.062897444 17.075824 -2.210458 -10.019887 0.041251 0.985430 -0.050490 -0.157088
1520616877.112899303 17.354015 -2.100547 -9.787602 0.034588 0.987051 -0.060274 -0.144569
1520616877.162901163 17.579757 -2.068731 -9.608271 0.030143 0.988052 -0.070521 -0.133687
1520616877.212902308 17.696001 -2.067498 -9.577367 0.026373 0.988130 -0.081409 -0.127577
1520616877.262904406 17.799352 -2.103747 -9.621398 0.022001 0.987584 -0.094686 -0.123405
1520616877.312801123 17.794395 -2.039343 -9.845528 0.013367 0.986264 -0.108520 -0.123809
1520616877.362802982 17.747644 -2.026619 -10.148999 0.005480 0.984397 -0.121706 -0.126964
1520616877.412805080 17.626205 -1.949913 -10.576569 -0.003158 0.982270 -0.131981 -0.133105
1520616877.462805986 17.462602 -1.748000 -11.070982 -0.013959 0.980113 -0.139300 -0.140638
1520616877.512806892 17.234172 -1.650810 -11.635079 -0.021586 0.977757 -0.144268 -0.150703
1520616877.562808990 16.940459 -1.587018 -12.243318 -0.027095 0.975424 -0.146413 -0.162411
1520616877.612811089 16.543988 -1.451175 -12.937493 -0.033483 0.972764 -0.146209 -0.176726
1520616877.662811995 16.108184 -1.351111 -13.628386 -0.038321 0.970019 -0.144613 -0.191526
1520616877.712680101 15.571827 -1.521828 -14.365048 -0.035584 0.966924 -0.141281 -0.209361
1520616877.762681246 14.844697 -1.824974 -15.225548 -0.028645 0.962453 -0.136743 -0.232732
1520616877.812769175 13.977317 -2.321745 -16.120626 -0.018712 0.956137 -0.135366 -0.259091
1520616877.862684250 13.028671 -3.024520 -16.956020 -0.009409 0.947844 -0.141058 -0.285669
1520616877.912686348 12.190334 -3.513813 -17.630154 -0.006826 0.939462 -0.149717 -0.308138
1520616877.962687254 11.262712 -3.950079 -18.295261 -0.006010 0.930145 -0.157736 -0.331531
1520616878.012689114 10.393063 -4.140612 -18.877597 -0.009615 0.921340 -0.162707 -0.352940
1520616878.062690258 9.505796 -4.087629 -19.457750 -0.015330 0.913062 -0.162285 -0.373827
1520616878.112839699 8.592423 -3.971426 -20.002196 -0.020809 0.905026 -0.158858 -0.394030
1520616878.162840843 7.650786 -3.811426 -20.521682 -0.027376 0.896033 -0.155955 -0.414792
1520616878.212842703 6.427751 -3.888424 -21.045713 -0.029032 0.883593 -0.154127 -0.441209
1520616878.262844563 4.984616 -4.140048 -21.516714 -0.028145 0.867914 -0.154312 -0.471297
1520616878.312845707 3.513148 -4.410290 -21.861039 -0.030823 0.850299 -0.158745 -0.500841
1520616878.362847805 1.976501 -4.809407 -22.076342 -0.032249 0.830776 -0.165052 -0.530594
1520616878.412848711 0.326805 -5.167254 -22.175530 -0.037242 0.808707 -0.172212 -0.561203
1520616878.462850809 -1.349285 -5.532494 -22.155669 -0.044990 0.784221 -0.180138 -0.592050
1520616878.512989521 -3.260369 -5.957325 -21.958540 -0.052054 0.755374 -0.186958 -0.625897
1520616878.562991381 -5.213538 -6.395632 -21.554433 -0.059051 0.723397 -0.193819 -0.660034
1520616878.612992525 -7.271926 -6.846401 -20.896496 0.059179 -0.688891 0.197034 0.695057
1520616878.662994385 -9.346697 -7.258312 -19.979243 0.055618 -0.651693 0.198093 0.730042
1520616878.712996244 -11.394666 -7.485159 -18.859660 0.048726 -0.613278 0.194348 0.764032
1520616878.762998581 -13.262723 -7.616431 -17.574327 0.040166 -0.574737 0.189461 0.795090
1520616878.812999487 -15.123356 -7.700625 -15.972355 0.033947 -0.530693 0.184926 0.826447
1520616878.863001347 -16.948310 -7.636326 -14.032787 0.029909 -0.481079 0.178321 0.857829
1520616878.913002491 -18.622866 -7.492535 -11.769615 0.025447 -0.426861 0.170742 0.887687
1520616878.962867737 -20.045101 -7.307573 -9.208882 0.018476 -0.368891 0.163342 0.914821
1520616879.012868881 -21.171685 -6.963042 -6.447377 0.010801 -0.308405 0.154237 0.938606
1520616879.062870741 -21.974430 -6.395545 -3.606779 0.003238 -0.247233 0.141606 0.958547
1520616879.112871885 -22.392259 -5.739682 -0.984502 -0.001250 -0.190815 0.128067 0.973235
1520616879.162873745 -22.540913 -4.892955 1.395903 -0.005220 -0.139263 0.110748 0.984029
1520616879.212875843 -22.461985 -3.929848 3.545500 -0.007456 -0.091894 0.090719 0.991600
1520616879.262876987 -22.175623 -2.919500 5.561537 -0.005918 -0.046295 0.068375 0.996567
1520616879.312878847 -21.707359 -2.007822 7.395399 -0.003666 -0.003896 0.047339 0.998865
1520616879.362925291 -21.108483 -1.224648 9.028862 0.001442 0.035017 0.027528 0.999006
1520616879.412927151 -20.441955 -0.438426 10.450545 0.009264 0.069935 0.005525 0.997493
1520616879.463019371 -19.822963 0.009009 11.534908 0.019673 0.097389 -0.010431 0.994997
1520616879.512930393 -19.390032 0.200339 12.192133 0.030126 0.114618 -0.020764 0.992736
1520616879.562931299 -19.059411 0.389109 12.646026 0.037869 0.126861 -0.029993 0.990743
1520616879.612933397 -18.816553 0.678741 12.940626 0.042728 0.135005 -0.040177 0.989108
1520616879.662934303 -18.652253 1.110803 13.097773 0.044322 0.139544 -0.051930 0.987859
1520616879.712936163 -18.456442 1.697634 13.263304 0.041372 0.144403 -0.065359 0.986491
1520616879.762993097 -18.294501 2.322086 13.350829 0.033694 0.147594 -0.077227 0.985453
1520616879.812995434 -18.250966 2.854434 13.263956 0.024188 0.146568 -0.085465 0.985205
1520616879.862997293 -18.319144 3.218147 13.043341 0.015438 0.142243 -0.089733 0.985635
1520616879.912998199 -18.397456 3.412766 12.843086 0.011186 0.138194 -0.092281 0.986033
1520616879.963000298 -18.343975 3.625684 12.824250 0.013483 0.138394 -0.098834 0.985341
1520616880.013001204 -18.282511 3.809258 12.821954 0.015938 0.139032 -0.104893 0.984588
1520616880.063003063 -18.255948 3.904769 12.799459 0.017869 0.139143 -0.108319 0.984168
1520616880.113005400 -18.229773 4.110963 12.738523 0.016446 0.138648 -0.112911 0.983747
1520616880.162970781 -18.292009 4.218985 12.579472 0.013874 0.135675 -0.114220 0.984050
1520616880.212971687 -18.302972 4.425297 12.461100 0.010901 0.133849 -0.117865 0.983907
1520616880.262974024 -18.304562 4.641060 12.347000 0.009944 0.132023 -0.122734 0.983569
1520616880.312975883 -18.404696 4.631280 12.168497 0.011208 0.128124 -0.122737 0.984070
1520616880.362976789 -18.610461 4.421104 11.901826 0.010444 0.122121 -0.116733 0.985571
1520616880.412978888 -18.825090 4.200711 11.608283 0.011072 0.115304 -0.111054 0.987041
1520616880.462980747 -18.958193 4.151104 11.376307 0.008939 0.110412 -0.108613 0.987893
1520616880.512981653 -19.107907 4.110185 11.101017 0.005346 0.104588 -0.105739 0.988864
1520616880.563005924 -19.204276 4.180623 10.866529 -0.000724 0.100147 -0.104814 0.989436
1520616880.613008022 -19.298308 4.327549 10.598449 -0.007261 0.094969 -0.105643 0.989832
1520616880.663008928 -19.420308 4.463832 10.271830 -0.013302 0.088317 -0.106425 0.990301
1520616880.713009834 -19.546301 4.521044 9.960814 -0.019198 0.082055 -0.105377 0.990855
1520616880.763012171 -19.693051 4.523377 9.625398 -0.024830 0.075197 -0.103310 0.991492
1520616880.813013077 -19.848778 4.418393 9.305939 -0.021756 0.067758 -0.101935 0.992242
1520616880.863015175 -19.993435 4.248272 9.020725 -0.016308 0.061012 -0.099860 0.992995
1520616880.913016081 -20.167572 4.136302 8.636373 -0.010084 0.051775 -0.099293 0.993659
1520616880.963162899 -20.423664 4.033560 8.031792 -0.009559 0.037958 -0.097008 0.994514
1520616881.013163805 -20.683599 4.061716 7.272997 -0.007254 0.020602 -0.097951 0.994952
1520616881.063165903 -20.894299 4.293037 6.442615 -0.008700 0.002162 -0.102665 0.994676
1520616881.113262892 -21.079077 4.503079 5.593959 -0.011694 -0.016341 -0.106499 0.994110
1520616881.163168669 -21.206607 4.768066 4.783554 -0.015284 -0.033701 -0.111690 0.993054
1520616881.213171005 -21.298931 5.014063 4.006332 -0.019159 -0.050081 -0.116510 0.991741
1520616881.263171911 -21.309576 5.389702 3.356376 -0.024941 -0.063108 -0.124081 0.989949
1520616881.313174009 -21.314347 5.685141 2.710854 -0.031759 -0.075847 -0.129673 0.988141
1520616881.363174915 -21.345481 5.865746 1.963790 -0.037736 -0.090786 -0.132974 0.986231
1520616881.413449764 -21.380220 5.976972 1.074841 -0.040705 -0.109277 -0.135220 0.983929
1520616881.463451624 -21.344809 6.197923 0.086645 -0.043865 -0.129880 -0.140503 0.980544
1520616881.513452768 -21.305619 6.258446 -0.962482 -0.048505 -0.151780 -0.141987 0.976959
1520616881.563454628 -21.253785 6.086670 -2.367529 -0.055064 -0.181482 -0.138536 0.972029
1520616881.613455534 -21.118640 5.856165 -3.819729 -0.063237 -0.212154 -0.134303 0.965896
1520616881.663457870 -20.904284 5.486365 -5.330768 -0.069637 -0.244555 -0.127762 0.958655
1520616881.713458776 -20.558105 5.115939 -6.894019 -0.073799 -0.278628 -0.122063 0.949748
1520616881.763460636 -20.028114 4.753020 -8.573913 -0.077856 -0.315857 -0.117294 0.938304
1520616881.813375235 -19.260307 4.400603 -10.387179 -0.084303 -0.356641 -0.113901 0.923432
1520616881.863377094 -18.238607 3.871609 -12.325314 -0.096337 -0.401160 -0.108805 0.904407
1520616881.913378954 -16.923370 3.096504 -14.315704 -0.111094 -0.449248 -0.100594 0.880747
1520616881.963380337 -15.351824 2.280305 -16.173543 -0.125134 -0.497309 -0.093040 0.853445
1520616882.013382196 -13.476825 1.369507 -17.904598 -0.133979 -0.547005 -0.083686 0.822090
1520616882.063384056 -11.220465 0.582434 -19.485242 -0.135097 -0.598792 -0.075664 0.785794
1520616882.113385201 -8.664465 -0.018058 -20.799154 -0.130434 -0.649963 -0.069640 0.745443
1520616882.163387060 -5.968322 -0.502104 -21.760527 -0.123569 -0.697981 -0.064274 0.702440
1520616882.213105679 -3.397803 -0.856639 -22.341103 0.119883 0.739124 0.062455 -0.659866
1520616882.263106823 -0.593700 -1.178417 -22.617183 0.116898 0.779963 0.061929 -0.611684
1520616882.313107729 2.072852 -1.667841 -22.537977 0.118384 0.815762 0.059298 -0.563029
1520616882.363109827 4.465086 -2.324198 -22.165978 0.121628 0.845951 0.052062 -0.516588
1520616882.413110733 6.767102 -3.016772 -21.523715 0.122779 0.873374 0.040666 -0.469563
1520616882.463112593 8.983400 -3.677400 -20.623955 0.123484 0.898016 0.028269 -0.421331
1520616882.513114929 11.082245 -4.343213 -19.470604 0.127594 0.919495 0.018077 -0.371379
1520616882.563115835 12.987471 -5.102145 -18.084334 0.136130 0.937377 0.009078 -0.320485
1520616882.613003016 14.682844 -5.893795 -16.505740 0.146134 0.951877 -0.000261 -0.269397
1520616882.663003922 16.318841 -6.495977 -14.669059 0.150515 0.964682 -0.012137 -0.215841
1520616882.713006020 17.767841 -6.918154 -12.679046 0.151689 0.974705 -0.024384 -0.162316
1520616882.763103008 18.915331 -7.253043 -10.691174 0.154663 0.981143 -0.032005 -0.111417
1520616882.813009262 19.809221 -7.415011 -8.788963 0.156506 0.984988 -0.034631 -0.064079
1520616882.863009930 20.500113 -7.540508 -6.895025 0.157780 0.986570 -0.037888 -0.018714
1520616882.913012028 20.969007 -7.636271 -5.122729 0.158576 0.986167 -0.042760 0.022346
1520616882.963013172 21.329748 -7.719947 -3.069850 0.159035 0.983593 -0.050984 0.068215
1520616883.012995481 21.469949 -7.849828 -0.861815 0.161331 0.978074 -0.062045 0.116166
1520616883.062997580 21.330832 -8.069419 1.528273 0.167018 0.968710 -0.076739 0.166785
1520616883.112998724 21.000455 -7.963527 4.117879 0.167506 0.956095 -0.093779 0.221426
1520616883.163000584 20.397468 -7.891104 6.463730 0.170942 0.940935 -0.108625 0.271332
1520616883.213001490 19.578405 -7.782512 8.652522 0.175191 0.923689 -0.118346 0.319531
1520616883.263003588 18.608414 -7.366370 10.808352 0.173427 0.904517 -0.123132 0.369609
1520616883.313004494 17.427228 -6.865004 12.842986 0.169921 0.883103 -0.122639 0.419781
1520616883.363006353 16.073885 -6.404894 14.653029 0.167394 0.859835 -0.122279 0.466595
1520616883.413008690 14.588792 -5.913937 16.262656 0.164899 0.834783 -0.124707 0.510288
1520616883.463502645 13.075551 -5.299942 17.666209 0.158880 0.809325 -0.124708 0.551542
1520616883.513504505 11.807991 -4.499846 18.713988 0.146847 0.787733 -0.124847 0.585087
1520616883.563505411 10.823745 -3.737674 19.429098 0.133489 0.770916 -0.124328 0.610255
1520616883.613507509 10.216548 -3.209111 19.818325 0.122928 0.760611 -0.122133 0.625654
1520616883.663509607 9.827941 -2.481687 20.089322 0.104955 0.753827 -0.116542 0.638081
1520616883.713511467 9.480565 -1.797916 20.302147 0.088048 0.747700 -0.112215 0.648536
1520616883.763511658 9.248022 -1.094274 20.431906 0.071342 0.743205 -0.110942 0.655933
1520616883.813514471 9.082970 -0.302138 20.505444 0.051131 0.740005 -0.107513 0.661981
1520616883.865299225 9.059139 -0.205244 20.512058 0.030896 0.736460 -0.104033 0.667719
1520616883.915301085 9.059139 -0.205244 20.512058 0.030896 0.736460 -0.104033 0.667719
1520616883.965302229 9.063905 -0.224623 20.510735 0.030896 0.736460 -0.104033 0.667719
1520616884.015304089 9.067718 -0.240126 20.509677 0.030896 0.736460 -0.104033 0.667719
1520616884.065305233 9.070769 -0.252528 20.508830 0.030896 0.736460 -0.104033 0.667719
1520616884.115307331 9.073209 -0.262450 20.508153 0.030896 0.736460 -0.104033 0.667719
1520616884.165308237 -0.184695 -0.121667 -0.975236 0.007577 0.067242 0.087407 0.993872
1520616884.215310335 -0.234117 -0.136080 -1.155884 0.011707 0.081473 0.099150 0.991663
1520616884.266736984 -0.307108 -0.165736 -1.295553 0.013849 0.098177 0.111629 0.988791
1520616884.316738844 -0.382463 -0.198613 -1.453286 0.013655 0.113663 0.125614 0.985452
1520616884.366740942 -0.425304 -0.221768 -1.625967 0.012478 0.126176 0.131365 0.983192
1520616884.416838884 -0.494142 -0.240410 -1.799734 0.013014 0.137907 0.130909 0.981670
1520616884.466742754 -0.571292 -0.260496 -1.963022 0.013297 0.152118 0.132035 0.979413
1520616884.516744852 -0.641747 -0.278715 -2.128782 0.012101 0.167538 0.131404 0.976994
1520616884.566745758 -0.731716 -0.378005 -2.280363 0.004914 0.188120 0.129406 0.973571
1520616884.616748095 -0.821172 -0.464572 -2.429710 -0.003961 0.209963 0.133202 0.968585
1520616884.668346167 -0.869795 -0.511292 -2.503555 -0.012833 0.231681 0.136918 0.963023
1520616884.718347073 -0.869795 -0.511292 -2.503555 -0.012833 0.231681 0.136918 0.963023
1520616884.768349171 -0.860070 -0.501948 -2.488786 -0.012833 0.231681 0.136918 0.963023
1520616884.818350077 0.024340 -0.282121 -0.959070 -0.014121 0.066905 0.015350 0.997541
1520616884.868351936 0.023907 -0.310970 -1.408352 -0.015546 0.102121 0.020592 0.994437
1520616884.918353081 0.076508 -0.350058 -1.850381 -0.018659 0.139818 0.022011 0.989757
1520616884.968355179 0.014864 -0.311607 -2.318897 -0.021622 0.180890 0.023193 0.982992
1520616885.018356323 -0.069578 -0.318104 -2.748546 -0.027360 0.219618 0.026670 0.974837
1520616885.069706202 -0.279374 -0.315022 -3.298724 -0.032068 0.261467 0.026535 0.964314
1520616885.119708061 -0.395522 -0.403956 -3.698055 -0.038366 0.296556 0.023531 0.953954
1520616885.169709206 -0.471931 -0.476500 -4.085690 -0.046725 0.323020 0.020949 0.945006
1520616885.219711304 -0.546955 -0.584265 -4.447041 -0.055587 0.344096 0.016679 0.937139
1520616885.269712210 -0.628305 -0.613298 -4.807977 -0.060253 0.364820 0.006258 0.929105
1520616885.319714308 -0.708963 -0.685258 -5.181786 -0.066093 0.383875 -0.005429 0.921000
1520616885.369716167 -0.821719 -0.754685 -5.562885 -0.074674 0.401667 -0.016178 0.912593
1520616885.419718027 -0.958056 -0.870306 -5.984756 -0.085248 0.417808 -0.033352 0.903912
1520616885.471258402 -1.137810 -1.022415 -6.407383 -0.096078 0.434654 -0.059217 0.893498
1520616885.521259308 -1.301049 -1.278610 -6.749080 -0.108532 0.451522 -0.082882 0.881748
1520616885.571261406 -1.535193 -1.568992 -7.041507 -0.120843 0.470294 -0.106395 0.867699
1520616885.621263266 -1.821689 -1.896728 -7.291567 -0.128648 0.491779 -0.127212 0.851716
1520616885.671264172 -2.154384 -2.117031 -7.561022 -0.128752 0.514104 -0.143954 0.835701
1520616885.721266508 -2.475653 -2.224810 -7.847898 -0.124674 0.535394 -0.159392 0.820002
1520616885.771267414 -2.821131 -2.315407 -8.137656 -0.119740 0.554820 -0.177323 0.803986
1520616885.821269274 -3.172070 -2.275894 -8.413071 -0.109930 0.573557 -0.197034 0.787480
1520616885.871270418 -3.495876 -2.185610 -8.713820 -0.099612 0.590498 -0.213030 0.772015
1520616885.920545101 -3.745273 -2.033390 -9.009162 -0.089102 0.605698 -0.225824 0.757756
1520616885.970546007 -4.037391 -1.824599 -9.296773 -0.076775 0.622727 -0.238799 0.741142
1520616886.020547867 -4.320498 -1.657949 -9.571205 -0.067813 0.638489 -0.246754 0.725841
1520616886.070646763 -4.521800 -1.538190 -9.893381 -0.061456 0.651305 -0.245848 0.715251
1520616886.120550871 -4.779409 -1.433459 -10.199641 -0.053512 0.666057 -0.241937 0.703541
1520616886.170551777 -5.113590 -1.247989 -10.464081 -0.045612 0.681949 -0.235651 0.690893
1520616886.220553875 -5.378753 -1.176281 -10.761985 -0.039894 0.694100 -0.233167 0.679902
1520616886.270555973 -5.599512 -1.198984 -11.100756 -0.039555 0.701269 -0.228995 0.673958
1520616886.318944216 -5.657452 -1.247698 -11.386215 -0.041775 0.703104 -0.224424 0.673449
1520616886.368946075 -5.704687 -1.228776 -11.781380 -0.039214 0.703182 -0.224719 0.673423
1520616886.418946981 -5.708389 -1.229701 -12.176252 -0.039604 0.702152 -0.224394 0.674583
1520616886.468949318 -5.641075 -1.213307 -12.633007 -0.039564 0.698874 -0.224130 0.678067
1520616886.518950224 -5.530507 -1.219862 -13.083117 -0.038018 0.693853 -0.224847 0.683057
1520616886.568952084 -5.328351 -1.183130 -13.592512 -0.035404 0.687693 -0.227114 0.688654
1520616886.618953228 -5.120730 -1.401952 -14.041119 -0.035468 0.680327 -0.235628 0.693092
1520616886.668955088 -5.039350 -1.587600 -14.459511 -0.035821 0.675433 -0.242997 0.695313
1520616886.717357397 -5.058595 -1.811401 -14.833825 -0.038377 0.673515 -0.246537 0.695791
1520616886.767358303 -4.983031 -1.856410 -15.185875 -0.035807 0.672975 -0.247220 0.696207
1520616886.817360163 -5.076817 -1.615757 -15.516212 -0.029038 0.677524 -0.240476 0.694470
1520616886.867361307 -5.250111 -1.266528 -15.901729 -0.021510 0.684727 -0.225682 0.692642
1520616886.917363167 -5.485612 -0.608614 -16.225973 -0.008781 0.694498 -0.207727 0.688800
1520616886.967364073 -5.672579 0.072765 -16.516246 0.005596 0.702756 -0.192865 0.684767
1520616887.017367363 -6.001217 0.687902 -16.717207 0.019024 0.712622 -0.186556 0.676022
1520616887.067368269 -6.419571 1.246465 -16.847910 0.035192 0.723465 -0.192216 0.662128
1520616887.115808010 -6.735314 1.569859 -17.011134 0.044396 0.731242 -0.197028 0.651532
1520616887.165809155 -6.936283 1.734533 -17.298292 0.051984 0.736144 -0.204590 0.643065
1520616887.215811014 -7.090310 1.827650 -17.626318 0.056172 0.739349 -0.208033 0.637911
1520616887.265812874 -7.213060 1.971159 -17.961890 0.061696 0.742685 -0.210795 0.632596
1520616887.315814257 -7.319688 2.040960 -18.317274 0.065523 0.744741 -0.212896 0.629081
1520616887.365816116 -7.173783 1.959306 -18.801013 0.066397 0.741105 -0.215291 0.632459
1520616887.415817261 -6.681707 1.716733 -19.424068 0.066183 0.731514 -0.220551 0.641766
1520616887.465818167 -6.161508 1.598890 -20.015304 0.067349 0.721932 -0.226041 0.650525
1520616887.514790773 -5.873896 1.542131 -20.390227 0.065402 0.716477 -0.226764 0.656476
1520616887.564791918 -5.368098 1.369390 -20.868172 0.061561 0.707903 -0.224395 0.666881
1520616887.614793777 -4.745242 1.351644 -21.355495 0.060066 0.697870 -0.219369 0.679151
1520616887.664794922 -4.159819 1.403022 -21.806746 0.063160 0.688599 -0.217965 0.688719
1520616887.714894772 -3.729344 1.337287 -22.236269 0.067188 0.681054 -0.222932 0.694228
1520616887.764797688 -3.417608 1.179664 -22.646685 0.068681 0.675053 -0.228253 0.698203
1520616887.814799786 -3.263510 1.008726 -23.035140 0.069079 0.671686 -0.232850 0.699890
1520616887.864801884 -3.261291 0.862259 -23.376941 0.068941 0.671724 -0.236729 0.698565
1520616887.914802790 -3.593326 0.695529 -23.666953 0.067277 0.676098 -0.240846 0.693079
1520616887.964260578 -3.972586 0.645762 -23.952083 0.064440 0.681863 -0.241125 0.687582
1520616888.014261723 -4.398096 0.787473 -24.207494 0.061663 0.688996 -0.236450 0.682329
1520616888.064263582 -4.891939 1.117430 -24.410990 0.063610 0.697798 -0.233245 0.674261
1520616888.114264488 -5.441847 1.500371 -24.578627 0.066244 0.707009 -0.230145 0.665419
1520616888.164266825 -5.766145 1.623862 -24.819570 0.064942 0.712361 -0.227588 0.660703
1520616888.214267731 -5.888183 1.653077 -25.120446 0.063454 0.714288 -0.226719 0.659064
1520616888.264269829 -5.592352 1.219793 -25.552891 0.058857 0.709569 -0.229297 0.663680
1520616888.314271688 -5.161921 0.796329 -26.029571 0.055769 0.701431 -0.233693 0.671023
1520616888.364781380 -4.408947 0.306334 -26.526903 0.055245 0.689552 -0.240917 0.680754
1520616888.414783239 -3.406359 -0.128633 -27.014476 0.058565 0.674294 -0.250664 0.692146
1520616888.464784145 -2.185986 -0.673539 -27.479770 0.059907 0.655634 -0.258148 0.707047
1520616888.514786243 -1.015351 -1.088942 -27.867632 0.062961 0.638026 -0.265303 0.720120
1520616888.564788342 0.070105 -1.412925 -28.188299 0.068066 0.621881 -0.272979 0.730831
1520616888.614789009 1.611685 -1.614726 -28.456392 0.077719 0.600076 -0.279962 0.745312
1520616888.664791346 3.410049 -1.751827 -28.613335 0.089491 0.574581 -0.284775 0.762070
1520616888.714793205 5.323977 -1.974252 -28.618156 0.100785 0.546968 -0.289145 0.779143
1520616888.766263723 7.066229 -2.385610 -28.570480 0.109893 0.519426 -0.295886 0.794085
1520616888.816265821 8.737840 -3.087278 -28.352737 0.118341 0.491273 -0.306831 0.806537
1520616888.866266727 10.237285 -4.106711 -28.037852 0.123634 0.462749 -0.321291 0.816915
1520616888.916268826 11.503753 -5.318995 -27.666573 0.126682 0.435435 -0.338157 0.824620
1520616888.966270685 12.358849 -6.615864 -27.340665 0.124940 0.412907 -0.354760 0.829484
1520616889.016271591 12.886642 -7.770287 -27.122624 0.120219 0.396449 -0.368329 0.832292
1520616889.066272736 13.595927 -8.502129 -26.897921 0.118411 0.380541 -0.374901 0.837028
1520616889.116274595 14.570325 -8.789286 -26.613826 0.118872 0.364320 -0.373649 0.844705
1520616889.165064812 15.373607 -9.090346 -26.376965 0.123675 0.349538 -0.376958 0.848781
1520616889.215065718 16.335771 -9.363437 -26.010310 0.128292 0.332227 -0.378375 0.854400
1520616889.265066385 17.426997 -9.613512 -25.518908 0.132532 0.312742 -0.377535 0.861450
1520616889.315068722 18.619910 -9.951266 -24.852895 0.134522 0.290396 -0.375338 0.869883
1520616889.365166664 20.004216 -10.282194 -23.934021 0.135363 0.264022 -0.370644 0.880109
1520616889.415071487 21.254070 -10.817899 -22.903891 0.136177 0.236213 -0.369483 0.888337
1520616889.465073586 22.404462 -11.546849 -21.738231 0.137455 0.206504 -0.371903 0.894511
1520616889.515074492 23.540477 -12.369823 -20.347630 0.136996 0.174071 -0.374488 0.900384
1520616889.563895226 24.511556 -13.190690 -18.934170 0.133180 0.143438 -0.376666 0.905434
1520616889.613896132 25.332454 -13.981959 -17.412608 0.129253 0.113867 -0.379829 0.908877
1520616889.663898468 26.359159 -14.272101 -15.684784 0.125647 0.082575 -0.374665 0.914888
1520616889.713899374 27.398381 -14.528501 -13.647685 0.128085 0.046209 -0.370248 0.918899
1520616889.763901234 28.324926 -14.574489 -11.669186 0.133175 0.011721 -0.363521 0.921943
1520616889.813902378 29.056081 -14.584906 -9.823935 0.140153 -0.020206 -0.357553 0.923095
1520616889.863904238 29.589295 -14.591646 -8.179561 0.144872 -0.048243 -0.351753 0.923556
1520616889.913906097 30.084685 -14.479647 -6.527326 0.145510 -0.075231 -0.343081 0.924912
1520616889.963425398 30.459198 -14.340717 -5.162621 0.143114 -0.097584 -0.334661 0.926282
1520616890.013427496 30.833465 -13.994619 -3.984576 0.142964 -0.116022 -0.325635 0.927395
1520616890.063428402 31.082739 -13.590078 -3.153971 0.141997 -0.129346 -0.316415 0.928972
1520616890.113430262 31.371524 -13.064536 -2.498113 0.142459 -0.140025 -0.305951 0.930856
1520616890.163431406 31.666694 -12.396884 -1.939258 0.144246 -0.148926 -0.294229 0.932976
1520616890.213433266 32.139235 -11.125456 -1.141539 0.145827 -0.159753 -0.272872 0.937419
1520616890.263435364 32.499348 -9.967808 -0.452252 0.142613 -0.169115 -0.253201 0.941781
1520616890.313436508 32.797665 -8.803772 0.122097 0.133083 -0.176823 -0.233117 0.946931
1520616890.363438368 33.077493 -7.467540 0.565172 0.119674 -0.182750 -0.210686 0.952834
1520616890.413210154 33.338182 -5.975121 0.948565 0.104726 -0.188135 -0.185659 0.958733
1520616890.463211060 33.544550 -4.494379 0.989141 0.092553 -0.189356 -0.161526 0.964099
1520616890.513212204 33.653080 -3.561640 0.398690 0.080681 -0.182565 -0.146680 0.968837
1520616890.563214064 33.720616 -2.581793 -0.489187 0.068357 -0.171658 -0.130933 0.974021
1520616890.613214970 33.771201 -1.226060 -1.448765 0.058068 -0.159662 -0.109491 0.979361
1520616890.663217068 33.727574 0.377789 -2.688773 0.050375 -0.143501 -0.084981 0.984707
1520616890.713219166 33.539693 1.742501 -4.353048 0.041774 -0.121385 -0.063529 0.989689
1520616890.763220072 33.166309 3.008422 -6.318808 0.036201 -0.094471 -0.043980 0.993897
1520616890.812941313 32.594496 4.104770 -8.453966 0.033606 -0.064450 -0.027538 0.996975
1520616890.862942219 31.947050 4.841961 -10.509609 0.031533 -0.034867 -0.016219 0.998763
1520616890.912944078 31.255395 5.212971 -12.427661 0.032434 -0.006393 -0.011616 0.999386
1520616890.962945223 30.467858 5.336308 -14.389503 0.034569 0.023595 -0.011439 0.999058
1520616891.013042212 29.504833 5.446815 -16.413928 0.039219 0.055932 -0.013095 0.997578
1520616891.062949181 28.436342 5.400294 -18.362631 0.043483 0.087783 -0.017268 0.995040
1520616891.112950325 27.473462 5.175336 -19.987192 0.044420 0.114347 -0.022881 0.992183
1520616891.162952185 26.506457 4.403605 -21.582519 0.037734 0.139238 -0.033279 0.988980
1520616891.213149786 25.441713 3.317064 -23.172221 0.027251 0.164225 -0.046723 0.984939
1520616891.263151884 24.277159 2.003001 -24.696829 0.014440 0.189007 -0.062420 0.979884
1520616891.313152790 22.919203 0.370421 -26.198092 0.004569 0.215428 -0.086077 0.972708
1520616891.363154650 21.614254 -1.160018 -27.427286 -0.001204 0.238303 -0.111188 0.964804
1520616891.413156748 20.443584 -2.420763 -28.390311 -0.003962 0.256866 -0.133874 0.957122
1520616891.463157654 19.167722 -3.578923 -29.276927 -0.004731 0.275365 -0.156791 0.948456
1520616891.513159752 17.996118 -4.428034 -30.017671 -0.004976 0.291459 -0.174848 0.940455
1520616891.563160896 17.080965 -5.308809 -30.536468 -0.005896 0.302499 -0.192350 0.933521
1520616891.613391161 16.233570 -6.446661 -30.925748 -0.007017 0.310467 -0.214291 0.926089
1520616891.663392305 15.302549 -7.582902 -31.270901 -0.008701 0.318243 -0.236408 0.918018
1520616891.713394165 14.665752 -8.905598 -31.350318 -0.013206 0.319741 -0.258615 0.911433
1520616891.763395071 14.668264 -10.213069 -31.085228 -0.016555 0.311434 -0.279474 0.908091
1520616891.813397169 15.012172 -11.461942 -30.609615 -0.020188 0.297813 -0.297517 0.906854
1520616891.863399267 15.594461 -12.706363 -29.942741 -0.024948 0.280203 -0.313218 0.907061
1520616891.913400173 16.305559 -13.988612 -29.094661 -0.028664 0.259230 -0.329535 0.907405
1520616891.963402271 17.235115 -14.996172 -28.152464 -0.029022 0.235770 -0.342758 0.908893
1520616892.013287067 18.574925 -15.681759 -27.021644 -0.027168 0.207900 -0.349717 0.913092
1520616892.063287973 19.836860 -16.178077 -25.937936 -0.025451 0.182289 -0.353263 0.917240
1520616892.113290310 20.634571 -16.761540 -25.052817 -0.023130 0.161975 -0.360287 0.918380
1520616892.163292170 21.210205 -17.193180 -24.402636 -0.019638 0.146401 -0.366063 0.918792
1520616892.213293076 21.880954 -17.188621 -23.937990 -0.011764 0.133154 -0.367680 0.920295
1520616892.263295174 22.457028 -17.108817 -23.584888 -0.006179 0.122764 -0.366803 0.922142
1520616892.313296080 23.071944 -17.109001 -23.115299 -0.006758 0.112025 -0.363010 0.925002
1520616892.363296986 24.060402 -17.047181 -22.253028 -0.009580 0.094973 -0.355388 0.929832
1520616892.413119316 25.301377 -16.917144 -21.062184 -0.013508 0.072877 -0.344982 0.935678
1520616892.463120461 26.413447 -16.865664 -19.807609 -0.018860 0.050986 -0.336097 0.940257
1520616892.513122320 27.417450 -16.839260 -18.529862 -0.021514 0.028887 -0.329979 0.943301
1520616892.563123226 28.551601 -16.446374 -17.231462 -0.020419 0.006181 -0.320028 0.947168
1520616892.613125324 29.788354 -15.799058 -15.799675 -0.013322 -0.018934 -0.309116 0.950743
1520616892.663224220 30.970249 -15.176935 -14.183801 -0.006089 -0.045875 -0.298385 0.953323
1520616892.713128090 32.110399 -14.539671 -12.300873 -0.000042 -0.075592 -0.286774 0.955011
1520616892.763130426 33.123501 -14.033092 -10.144004 0.003606 -0.107924 -0.276068 0.955053
1520616892.813131332 34.134872 -13.273049 -7.671017 0.006524 -0.143482 -0.261412 0.954481
1520616892.862972736 34.929237 -12.544308 -4.940062 0.009460 -0.181553 -0.247736 0.951618
1520616892.912973642 35.441024 -11.954299 -2.063649 0.009985 -0.220543 -0.235741 0.946408
1520616892.962975502 35.706831 -11.335485 0.975209 0.012301 -0.261138 -0.224411 0.938773
1520616893.012977600 35.708289 -10.611270 4.118810 0.016247 -0.302651 -0.212363 0.929000
1520616893.062978506 35.362802 -9.959121 7.401131 0.022109 -0.345792 -0.201783 0.916091
1520616893.112980366 34.649052 -9.105931 10.937829 0.031812 -0.392200 -0.188643 0.899767
1520616893.162981749 33.451318 -8.019381 14.775448 0.044406 -0.442557 -0.172000 0.878970
1520616893.212983608 31.756496 -7.262504 18.387609 0.050341 -0.490884 -0.159157 0.855083
1520616893.263007402 29.774582 -6.697499 21.559021 0.046971 -0.534867 -0.149366 0.830302
1520616893.313009501 27.506856 -6.062344 24.478311 0.038092 -0.577060 -0.140009 0.803709
1520616893.363010645 24.903602 -5.076676 27.249767 0.028883 -0.619269 -0.126961 0.774307
1520616893.413012505 22.290899 -4.317366 29.475285 0.020747 -0.655881 -0.117914 0.745309
1520616893.463014364 19.777377 -3.847081 31.213665 0.015465 -0.687057 -0.112889 0.717614
1520616893.513015509 17.012457 -3.702753 32.747469 -0.017795 0.717574 0.110683 -0.687402
1520616893.563017368 13.962986 -3.728243 34.084803 -0.023571 0.748004 0.109742 -0.654134
1520616893.613019466 11.013429 -3.578987 35.093068 -0.025086 0.775293 0.107660 -0.621853
1520616893.663285017 7.964231 -2.936363 35.893140 -0.027057 0.802000 0.098163 -0.588581
1520616893.713286877 4.408843 -1.983938 36.487673 -0.032565 0.830865 0.081721 -0.549477
1520616893.763288736 0.692944 -1.366109 36.701454 -0.038860 0.857980 0.069006 -0.507542
1520616893.813289881 -3.113266 -0.754341 36.518886 -0.042518 0.883417 0.056812 -0.463183
1520616893.863291979 -6.800550 -0.108981 35.952223 -0.046910 0.905880 0.042625 -0.418764
1520616893.913293123 -10.417032 0.537191 35.004832 -0.049787 0.925958 0.028373 -0.373254
1520616893.963294029 -13.974532 1.237298 33.660265 -0.052319 0.943795 0.011976 -0.326144
1520616894.013295889 -17.196782 2.026363 32.039805 -0.052130 0.958326 -0.004787 -0.280839
1520616894.063311100 -19.927293 2.984608 30.285444 -0.051185 0.969041 -0.025431 -0.240195
1520616894.113312244 -22.464858 3.613147 28.333351 -0.057362 0.976747 -0.049600 -0.200539
1520616894.163314104 -24.596637 3.847766 26.427026 -0.063581 0.981996 -0.067529 -0.164564
1520616894.213315010 -26.157594 3.835178 24.842676 -0.066607 0.985525 -0.076277 -0.135960
1520616894.263317347 -27.506750 3.580183 23.343712 -0.070436 0.988205 -0.080694 -0.109446
1520616894.313416243 -28.633987 3.255398 21.981526 -0.074361 0.990016 -0.083220 -0.086101
1520616894.363320112 -29.640319 3.008588 20.611801 -0.076673 0.991348 -0.085468 -0.063600
1520616894.413321257 -30.512012 2.853729 19.295823 -0.077532 0.992209 -0.087602 -0.042838
1520616894.463086843 -31.357336 2.606448 17.896716 -0.079878 0.992495 -0.090108 -0.021322
1520616894.513087749 -32.064986 1.821324 16.687476 -0.090167 0.991704 -0.091581 -0.002470
1520616894.563089848 -32.500972 0.618438 15.905744 -0.105911 0.990282 -0.089528 0.010397
1520616894.613090754 -32.512815 -0.751315 15.853667 -0.126100 0.987981 -0.088584 0.012036
1520616894.663092852 -32.138249 -2.450878 16.394817 -0.153399 0.984203 -0.088251 0.005024
1520616894.713094950 -31.612745 -4.221501 17.014242 -0.185375 0.978193 -0.093621 -0.003128
1520616894.763095856 -31.000664 -5.546555 17.710103 -0.213855 0.971202 -0.104260 -0.012755
1520616894.813097715 -30.328584 -6.274641 18.563378 -0.233827 0.965212 -0.114171 -0.025588
1520616894.863098860 -29.561859 -6.481835 19.652602 -0.247399 0.959895 -0.124636 -0.043145
1520616894.913094759 -28.773263 -6.915593 20.600604 -0.263191 0.953831 -0.132464 -0.058219
1520616894.963095903 -27.955806 -7.553418 21.427903 -0.278882 0.948204 -0.134329 -0.071345
1520616895.013097763 -26.993995 -8.330874 22.289125 -0.294324 0.942862 -0.130721 -0.085417
1520616895.063099623 -25.955066 -9.057330 23.154355 -0.306865 0.938414 -0.122797 -0.100665
1520616895.113100767 -24.877787 -9.702222 23.986250 -0.316618 0.934665 -0.112025 -0.116642
1520616895.163102627 -23.818580 -10.227101 24.756308 -0.323987 0.931259 -0.100971 -0.132643
1520616895.213103771 -22.782529 -10.875095 25.366286 -0.330037 0.928519 -0.085629 -0.146951
1520616895.263105869 -21.880542 -11.175446 25.941610 -0.326772 0.928645 -0.066439 -0.162554
1520616895.313102961 -21.106973 -11.368618 26.413522 -0.320189 0.929507 -0.046876 -0.176912
1520616895.363103628 -20.529047 -11.302976 26.817232 -0.307821 0.931825 -0.027385 -0.190257
1520616895.413105965 -20.284458 -10.895132 27.088682 -0.290705 0.935575 -0.012175 -0.200107
1520616895.463106871 -20.214959 -10.158476 27.343110 -0.269373 0.940162 -0.000450 -0.208644
1520616895.513108730 -20.193043 -9.250594 27.599185 -0.245625 0.944807 0.009645 -0.216597
1520616895.563109875 -20.171145 -8.437860 27.789385 -0.222758 0.948778 0.020436 -0.223115
1520616895.613111734 -20.384458 -7.480925 27.826789 -0.198256 0.953435 0.028838 -0.225442
1520616895.663112879 -20.781736 -6.394903 27.723114 -0.175001 0.958223 0.032503 -0.223890
1520616895.713941097 -20.811406 -6.299860 27.713812 -0.151645 0.962456 0.036150 -0.222208
1520616895.763942957 -20.811406 -6.299860 27.713812 -0.151645 0.962456 0.036150 -0.222208
1520616895.813944101 -20.805472 -6.318869 27.715672 -0.151645 0.962456 0.036150 -0.222208
1520616895.863945961 -0.039910 0.308900 -0.950257 -0.021924 -0.010595 -0.048128 0.998544
1520616895.913946867 -0.038261 0.449475 -1.417474 -0.027828 -0.024501 -0.069305 0.996906
1520616895.964045048 -0.009462 0.576811 -1.884904 -0.033282 -0.037555 -0.098507 0.993870
1520616896.013949871 0.056573 0.706336 -2.377021 -0.038304 -0.056262 -0.122455 0.990137
1520616896.063951969 0.180327 0.756108 -2.883158 -0.045744 -0.079933 -0.145571 0.985052
1520616896.114513636 0.208900 0.762652 -2.978765 -0.053131 -0.103510 -0.168516 0.978808
1520616896.164515495 0.208900 0.762652 -2.978765 -0.053131 -0.103510 -0.168516 0.978808
1520616896.214516640 0.203185 0.761343 -2.959644 -0.053131 -0.103510 -0.168516 0.978808
1520616896.264518738 0.198614 0.760296 -2.944346 -0.053131 -0.103510 -0.168516 0.978808
1520616896.314520597 0.198614 0.760296 -2.944346 -0.053131 -0.103510 -0.168516 0.978808
1520616896.364521742 0.194956 0.759459 -2.932109 -0.053131 -0.103510 -0.168516 0.978808
1520616896.414523602 0.192030 0.758789 -2.922318 -0.053131 -0.103510 -0.168516 0.978808
1520616896.464524508 0.192030 0.758789 -2.922318 -0.053131 -0.103510 -0.168516 0.978808
1520616896.515709400 0.189690 0.758253 -2.914486 -0.053131 -0.103510 -0.168516 0.978808
1520616896.565711498 0.189690 0.758253 -2.914486 -0.053131 -0.103510 -0.168516 0.978808
1520616896.615712404 0.187817 0.757824 -2.908221 -0.053131 -0.103510 -0.168516 0.978808
1520616896.665714502 0.186319 0.757481 -2.903208 -0.053131 -0.103510 -0.168516 0.978808
1520616896.715715647 0.185121 0.757206 -2.899198 -0.053131 -0.103510 -0.168516 0.978808
1520616896.765717506 0.184162 0.756987 -2.895990 -0.053131 -0.103510 -0.168516 0.978808
1520616896.815718412 0.184162 0.756987 -2.895990 -0.053131 -0.103510 -0.168516 0.978808
1520616896.865720510 0.183395 0.756811 -2.893423 -0.053131 -0.103510 -0.168516 0.978808
1520616896.916612387 0.182781 0.756670 -2.891370 -0.053131 -0.103510 -0.168516 0.978808
1520616896.966613293 0.182290 0.756558 -2.889728 -0.053131 -0.103510 -0.168516 0.978808
1520616897.016614437 0.182290 0.756558 -2.889728 -0.053131 -0.103510 -0.168516 0.978808
1520616897.066616297 0.181898 0.756468 -2.888414 -0.053131 -0.103510 -0.168516 0.978808
1520616897.116618156 0.545031 0.049702 -0.836941 -0.017743 0.034237 -0.035170 0.998637
1520616897.166620255 0.799250 -0.054399 -1.274232 -0.020423 0.048551 -0.072092 0.996006
1520616897.216621399 0.988939 -0.183030 -1.736925 -0.022424 0.051489 -0.099698 0.993432
1520616897.266622305 1.129693 -0.355250 -2.191780 -0.023240 0.048484 -0.125553 0.990629
1520616897.316624403 1.216690 -0.534954 -2.632701 -0.019881 0.047169 -0.157606 0.986175
1520616897.366303921 1.254857 -0.710172 -3.061312 -0.013117 0.041865 -0.193401 0.980138
1520616897.416306019 1.271658 -0.814620 -3.459461 -0.005239 0.027253 -0.227270 0.973436
1520616897.466308117 1.337860 -0.886613 -3.850595 0.000691 0.004710 -0.254696 0.967009
1520616897.516309023 1.336191 -1.010537 -4.191061 0.001275 -0.020488 -0.274292 0.961427
1520616897.566310883 1.428305 -1.009744 -4.521181 0.003843 -0.052487 -0.286954 0.956498
1520616897.616409063 1.581450 -1.023742 -4.766415 0.008954 -0.090221 -0.292960 0.951816
1520616897.666313887 1.671283 -0.945323 -4.991417 0.017171 -0.123567 -0.296699 0.946787
1520616897.716315031 1.862443 -0.844437 -5.240350 0.029155 -0.159762 -0.294475 0.941759
1520616897.767572165 1.892373 -0.840882 -5.513942 0.036929 -0.193749 -0.286241 0.937637
1520616897.817573071 2.030721 -0.758894 -5.792093 0.042525 -0.226907 -0.277853 0.932471
1520616897.867575407 2.103852 -0.834290 -6.080528 0.041461 -0.258309 -0.262276 0.928854
1520616897.917577267 2.195930 -0.913606 -6.378908 0.037946 -0.286956 -0.242365 0.926000
1520616897.967578173 2.242685 -0.912004 -6.709859 0.033574 -0.308528 -0.221074 0.924559
1520616898.017580271 2.229848 -0.894849 -7.082612 0.029801 -0.322273 -0.194600 0.925950
1520616898.067581177 2.242535 -0.815502 -7.461574 0.029317 -0.334554 -0.161545 0.927964
1520616898.117583036 2.223138 -0.717061 -7.871551 0.028044 -0.341017 -0.135874 0.929763
1520616898.166028976 2.178929 -0.535121 -8.312836 0.028597 -0.343176 -0.115783 0.931669
1520616898.216031075 2.042099 -0.429322 -8.756584 0.028322 -0.341585 -0.098219 0.934276
1520616898.266033173 1.833351 -0.393400 -9.214447 0.029311 -0.335719 -0.078358 0.938240
1520616898.316034079 1.595540 -0.374333 -9.692065 0.031342 -0.328654 -0.058944 0.942088
1520616898.366035938 1.335185 -0.422329 -10.167133 0.031885 -0.318486 -0.041271 0.946492
1520616898.416038036 0.924167 -0.400604 -10.637000 0.031973 -0.303923 -0.028358 0.951737
1520616898.466038942 0.619085 -0.537910 -11.134976 0.029622 -0.290284 -0.015794 0.956352
1520616898.516040087 0.290812 -0.645374 -11.569541 0.027450 -0.276640 -0.005339 0.960567
1520616898.564525127 0.279539 -0.948923 -11.836756 0.022258 -0.266084 0.006710 0.963669
1520616898.614526987 0.048540 -0.873108 -12.125574 0.022357 -0.255138 0.001956 0.966644
1520616898.664528847 -0.160840 -0.872077 -12.404001 0.020878 -0.245887 -0.005372 0.969059
1520616898.714529991 -0.446830 -0.813313 -12.682465 0.019847 -0.234587 -0.017191 0.971740
1520616898.764530897 -0.769994 -0.761052 -12.945368 0.018374 -0.221369 -0.031892 0.974495
1520616898.814532757 -1.182572 -0.740512 -13.189324 0.015635 -0.204648 -0.046370 0.977612
1520616898.864535093 -1.656025 -0.751903 -13.413274 0.011015 -0.185481 -0.061958 0.980631
1520616898.914535999 -2.185934 -0.770830 -13.622731 0.006147 -0.164748 -0.077157 0.983294
1520616898.963912010 -2.668563 -0.732550 -13.778550 0.002606 -0.145741 -0.091051 0.985121
1520616899.013913870 -3.260866 -0.686378 -13.898160 -0.001606 -0.122734 -0.106053 0.986756
1520616899.063915968 -4.035628 -0.589846 -13.956946 -0.006713 -0.094777 -0.124290 0.987686
1520616899.113916874 -4.741467 -0.450329 -13.990261 -0.010609 -0.068295 -0.139146 0.987857
1520616899.163918734 -5.318819 -0.250113 -14.025455 -0.011451 -0.046032 -0.150535 0.987466
1520616899.213921070 -5.888983 0.058558 -14.027352 -0.009283 -0.023524 -0.160587 0.986698
1520616899.264013767 -6.403488 0.278142 -14.022589 -0.008475 -0.002987 -0.168277 0.985699
1520616899.313922882 -6.853941 0.307958 -14.030976 -0.011996 0.014213 -0.172082 0.984907
1520616899.363557577 -7.298689 0.181305 -14.017864 -0.020433 0.029845 -0.173026 0.984253
1520616899.413559914 -7.599450 -0.183636 -14.092337 -0.034102 0.039125 -0.171619 0.983795
1520616899.463560820 -7.983489 -0.540253 -14.106248 -0.048882 0.050822 -0.172658 0.982454
1520616899.513562679 -8.450495 -0.869131 -14.026377 -0.061380 0.065655 -0.171402 0.981093
1520616899.563563824 -8.875513 -1.049772 -13.965803 -0.068150 0.079508 -0.168120 0.980189
1520616899.613565683 -9.181901 -1.260651 -13.994583 -0.070674 0.089382 -0.158638 0.980740
1520616899.663566828 -9.328992 -1.400998 -14.128387 -0.068283 0.094267 -0.144808 0.982589
1520616899.713568687 -9.505250 -1.610779 -14.237021 -0.065349 0.100449 -0.126122 0.984750
1520616899.763569593 -9.713703 -1.913473 -14.306065 -0.064594 0.107808 -0.105071 0.986491
1520616899.813286304 -9.968491 -2.071032 -14.361005 -0.063117 0.116227 -0.088771 0.987232
1520616899.863288403 -10.084727 -2.473399 -14.454329 -0.066453 0.121155 -0.069671 0.987953
1520616899.913289309 -10.358271 -2.945079 -14.409968 -0.075580 0.130432 -0.056871 0.986935
1520616899.963291407 -10.747649 -3.451625 -14.246576 -0.089180 0.143417 -0.051056 0.984313
1520616900.013292313 -11.125459 -3.935397 -14.066625 -0.102197 0.156191 -0.045772 0.981359
1520616900.063294172 -11.518846 -4.390485 -13.853171 -0.113531 0.170438 -0.040197 0.977980
1520616900.113295317 -12.042358 -4.655564 -13.560361 -0.121518 0.188525 -0.038909 0.973744
1520616900.163297176 -12.577979 -4.772407 -13.243562 -0.127760 0.207304 -0.041838 0.968995
1520616900.213426352 -13.235571 -4.826231 -12.788295 -0.135556 0.230095 -0.048884 0.962440
1520616900.263428450 -13.860382 -4.776484 -12.344919 -0.143613 0.251379 -0.059897 0.955299
1520616900.313429356 -14.433833 -4.705607 -11.896125 -0.152062 0.271675 -0.070821 0.947657
1520616900.363430500 -15.057899 -4.468166 -11.379327 -0.159572 0.293399 -0.087068 0.938548
1520616900.413432360 -15.520817 -4.149427 -11.049252 -0.164897 0.309747 -0.104361 0.930578
1520616900.463434219 -15.845395 -3.892884 -10.890212 -0.168580 0.320585 -0.118990 0.924471
1520616900.513435364 -15.949063 -3.644367 -11.035869 -0.170926 0.323078 -0.134942 0.920975
1520616900.563436270 -16.037888 -3.338597 -11.254312 -0.171881 0.323725 -0.153273 0.917696
1520616900.613787889 -15.965345 -2.883824 -11.711783 -0.166974 0.319782 -0.171072 0.916839
1520616900.663789988 -15.807771 -2.476894 -12.233190 -0.160342 0.313730 -0.185927 0.917222
1520616900.713796139 -15.593860 -2.163228 -12.773953 -0.151904 0.307119 -0.194093 0.919201
1520616900.763792992 -15.164422 -1.955308 -13.533899 -0.141007 0.294357 -0.195962 0.924700
1520616900.813795090 -14.602093 -1.676234 -14.432512 -0.127581 0.277350 -0.196422 0.931782
1520616900.863795996 -13.911318 -1.212966 -15.388210 -0.112013 0.257771 -0.204206 0.937714
1520616900.913883924 -13.081614 -0.574192 -16.349673 -0.092950 0.236300 -0.215240 0.942971
1520616900.963799000 -12.336320 0.127908 -17.126472 -0.073835 0.219406 -0.225880 0.946249
1520616901.013764858 -11.747126 0.833555 -17.716597 -0.056515 0.207596 -0.238016 0.947132
1520616901.063766718 -11.203559 1.569142 -18.219334 -0.039626 0.197755 -0.250375 0.946908
1520616901.113769054 -10.626178 2.190507 -18.689172 -0.025635 0.187659 -0.264559 0.945587
1520616901.163769960 -10.139686 2.620638 -19.124112 -0.016462 0.178269 -0.278937 0.943474
1520616901.213771820 -9.638955 2.837050 -19.559507 -0.011579 0.167641 -0.293368 0.941115
1520616901.263772964 -9.105782 2.906658 -20.011904 -0.009004 0.155498 -0.304977 0.939536
1520616901.313774824 -8.341634 2.860884 -20.550184 -0.006883 0.137894 -0.313043 0.939650
1520616901.363775969 -7.355662 2.634482 -21.156490 -0.003828 0.114087 -0.311609 0.943329
1520616901.413644791 -6.597290 2.385643 -21.637840 -0.002126 0.095424 -0.307004 0.946910
1520616901.463646650 -5.901373 2.116641 -22.062343 -0.000707 0.078337 -0.297851 0.951392
1520616901.513647795 -5.387217 2.009987 -22.379981 0.001506 0.066449 -0.287330 0.955523
1520616901.563649893 -4.996185 1.582953 -22.702130 -0.002085 0.055325 -0.273797 0.960193
1520616901.613650799 -4.618271 0.958649 -23.029502 -0.008972 0.043605 -0.254291 0.966103
1520616901.663652897 -4.357161 0.244071 -23.311941 -0.018184 0.034519 -0.233544 0.971563
1520616901.713653803 -4.117241 -0.320767 -23.548673 -0.025557 0.027512 -0.211908 0.976568
1520616901.763655663 -3.767838 -0.911531 -23.795453 -0.032978 0.018786 -0.190166 0.981018
1520616901.813576460 -3.416467 -1.442106 -24.020527 -0.039574 0.010783 -0.168400 0.984865
1520616901.863579273 -3.239004 -1.852130 -24.218358 -0.044700 0.007158 -0.148450 0.987883
1520616901.913580656 -3.003250 -1.922021 -24.433409 -0.043149 0.003635 -0.128428 0.990773
1520616901.963581324 -2.655973 -1.752104 -24.683303 -0.036674 -0.001634 -0.110955 0.993147
1520616902.013583422 -2.092419 -1.219796 -24.956879 -0.023814 -0.011162 -0.101173 0.994521
1520616902.063585520 -1.283184 -0.592048 -25.218324 -0.008944 -0.025635 -0.093411 0.995257
1520616902.113586426 -0.592541 0.005422 -25.434829 0.004049 -0.037805 -0.093506 0.994892
1520616902.163588524 0.163440 0.309445 -25.641446 0.010865 -0.051575 -0.100336 0.993557
1520616902.213590622 1.088472 0.260321 -25.823289 0.011151 -0.068981 -0.108065 0.991685
1520616902.263770342 1.888161 -0.071083 -25.987036 0.005969 -0.084319 -0.119399 0.989241
1520616902.313771248 2.683738 -0.697388 -26.109939 -0.004304 -0.100705 -0.127320 0.986727
1520616902.363774538 3.521709 -1.444855 -26.173521 -0.016581 -0.118369 -0.132667 0.983927
1520616902.413774252 4.404843 -1.994487 -26.183900 -0.025062 -0.136024 -0.138211 0.980697
1520616902.463776350 5.106977 -2.327799 -26.198269 -0.029461 -0.149750 -0.144700 0.977634
1520616902.513777494 5.724003 -2.443241 -26.219991 -0.029900 -0.161424 -0.151324 0.974756
1520616902.563861132 6.342305 -2.418269 -26.227596 -0.028012 -0.172483 -0.155217 0.972303
1520616902.613780499 7.058475 -2.474949 -26.175135 -0.027618 -0.185723 -0.156304 0.969697
1520616902.664466619 8.039227 -2.898210 -25.996204 -0.033267 -0.205015 -0.156205 0.965641
1520616902.714468718 9.273694 -3.539989 -25.641985 -0.042405 -0.230054 -0.153520 0.960057
1520616902.764469862 10.625307 -4.328706 -25.115711 -0.053550 -0.258304 -0.152688 0.952417
1520616902.814471722 12.063974 -5.185570 -24.402231 -0.065779 -0.288942 -0.152051 0.942903
1520616902.864472628 13.809103 -6.143619 -23.324682 -0.079599 -0.326927 -0.148193 0.929958
1520616902.914474726 15.683481 -7.111444 -21.882535 -0.094108 -0.369195 -0.144024 0.913288
1520616902.964475632 17.505187 -7.919157 -20.206924 -0.106934 -0.411871 -0.136934 0.894526
1520616903.014477491 19.188334 -8.513717 -18.391827 -0.116664 -0.453067 -0.129799 0.874227
1520616903.064349651 20.519647 -8.931907 -16.641777 -0.122952 -0.488995 -0.127642 0.854093
1520616903.114350796 21.734575 -9.187897 -14.814359 -0.127327 -0.523790 -0.124381 0.833043
1520616903.164352655 22.832335 -9.376525 -12.831558 -0.133211 -0.558278 -0.115647 0.810682
1520616903.214353561 23.885304 -9.272366 -10.665108 -0.137538 -0.593455 -0.101233 0.786541
1520616903.264355898 24.785922 -8.952604 -8.435371 -0.141855 -0.627117 -0.081840 0.761514
1520616903.314356804 25.540394 -8.389709 -6.186385 -0.143899 -0.659465 -0.061220 0.735290
1520616903.364358664 26.074325 -7.713952 -3.984322 -0.144640 -0.689702 -0.042148 0.708247
1520616903.414359808 26.387154 -6.932410 -1.899353 0.143453 0.717286 0.024350 -0.681417
1520616903.463482141 26.393303 -6.894274 -1.807115 0.142007 0.743581 0.006507 -0.653360
1520616903.513484240 26.393303 -6.894274 -1.807115 0.142007 0.743581 0.006507 -0.653360
1520616903.563485146 -0.945686 -0.196240 -0.259169 -0.006676 -0.031676 0.013906 0.999379
1520616903.613487005 -1.735328 -0.406009 -0.594742 -0.009408 -0.061446 0.025821 0.997732
1520616903.663488150 -2.435289 -0.680697 -0.877983 -0.011862 -0.086536 0.034419 0.995583
1520616903.713491201 -3.173164 -0.897122 -1.263584 -0.011851 -0.107097 0.039674 0.993386
1520616903.763492107 -3.836723 -1.176319 -1.692492 -0.012119 -0.128245 0.046045 0.990599
1520616903.813493252 -4.546746 -1.503989 -2.133516 -0.012812 -0.150363 0.052125 0.987173
1520616903.863390446 -5.203690 -1.698059 -2.676084 -0.008684 -0.174501 0.057317 0.982949
1520616903.913391352 -5.760387 -2.029353 -3.296089 -0.001777 -0.198044 0.063936 0.978104
1520616903.963393450 -6.314941 -2.384131 -4.036905 0.003855 -0.224422 0.070641 0.971921
1520616904.013394356 -6.820323 -2.725560 -4.864213 0.007978 -0.251090 0.079077 0.964695
1520616904.063396454 -7.250131 -3.083147 -5.790764 0.011851 -0.277985 0.090532 0.956236
1520616904.113399506 -7.599684 -3.455012 -6.765229 0.016786 -0.302455 0.101931 0.947549
1520616904.163399458 -7.908737 -3.928122 -7.739188 0.023503 -0.323008 0.115652 0.939009
1520616904.213477373 -8.154585 -4.297850 -8.791001 0.033936 -0.342930 0.132489 0.929351
1520616904.263402462 -8.246738 -4.706567 -9.868045 0.041955 -0.364379 0.149570 0.918203
1520616904.313627720 -8.406686 -4.931410 -10.936782 0.049834 -0.383544 0.163278 0.907607
1520616904.363628626 -8.350384 -5.163269 -12.072281 0.056071 -0.405017 0.177902 0.895080
1520616904.413630486 -8.166683 -5.441401 -13.203474 0.060530 -0.426101 0.192038 0.881984
1520616904.463631630 -8.025861 -5.818904 -14.248484 0.064472 -0.441438 0.206492 0.870825
1520616904.513633490 -7.870904 -6.189177 -15.244162 0.066051 -0.453733 0.219975 0.861031
1520616904.563634396 -7.792658 -6.676954 -16.146626 0.065628 -0.461031 0.234376 0.853353
1520616904.613636494 -7.738186 -7.258068 -16.923326 0.061911 -0.463279 0.248629 0.848365
1520616904.663638592 -7.726601 -8.179430 -17.482015 0.054410 -0.458891 0.263677 0.846719
1520616904.713527918 -8.157846 -8.952865 -17.939498 0.046239 -0.447755 0.272321 0.850423
1520616904.763529778 -8.853137 -9.447687 -18.197075 0.042096 -0.430159 0.275816 0.858555
1520616904.813531637 -9.896654 -9.701544 -18.252984 0.039381 -0.404561 0.272554 0.872063
1520616904.863532782 -11.042032 -9.842978 -18.236579 0.039657 -0.376752 0.267052 0.886097
1520616904.913533688 -12.310038 -9.844191 -18.105986 0.045033 -0.345974 0.260064 0.900356
1520616904.963535547 -13.702859 -9.526212 -17.843785 0.053665 -0.313035 0.245661 0.915849
1520616905.013536692 -15.278523 -8.771578 -17.485015 0.064407 -0.279908 0.220674 0.932098
1520616905.063538790 -16.925771 -7.638494 -16.983818 0.076727 -0.246046 0.188065 0.947737
1520616905.113356352 -18.179936 -6.670243 -16.654852 0.086135 -0.218892 0.157815 0.959042
1520616905.163357496 -19.167036 -5.861753 -16.538860 0.093585 -0.197695 0.131281 0.966915
1520616905.213359356 -20.139187 -4.959962 -16.471942 0.097964 -0.180158 0.104078 0.973198
1520616905.263360500 -20.821385 -4.300457 -16.715024 0.099802 -0.169908 0.083554 0.976826
1520616905.313362360 -21.464816 -3.520373 -17.068380 0.101695 -0.162416 0.065062 0.979309
1520616905.363363266 -21.964316 -2.717739 -17.553102 0.098100 -0.159076 0.045614 0.981321
1520616905.413365602 -22.209149 -1.774894 -18.438940 0.091696 -0.163836 0.024739 0.981905
1520616905.463367462 -22.219937 -0.774634 -19.608101 0.088890 -0.174588 0.008015 0.980588
1520616905.513424635 -22.083681 0.208999 -20.878568 0.084156 -0.187924 -0.009944 0.978521
1520616905.563426733 -21.806942 1.359013 -22.293213 0.074423 -0.203828 -0.031882 0.975653
1520616905.613427639 -21.400177 1.869717 -23.916500 0.058125 -0.222391 -0.047401 0.972068
1520616905.663429976 -20.703194 1.752654 -25.794893 0.041295 -0.245443 -0.053861 0.967032
1520616905.713430882 -20.010774 1.488433 -27.673825 0.026795 -0.268294 -0.058131 0.961208
1520616905.763432741 -19.295732 1.444888 -29.450670 0.014265 -0.289225 -0.067686 0.954759
1520616905.813434839 -18.824831 1.433240 -31.013987 0.002059 -0.305659 -0.080433 0.948736
1520616905.863501787 -18.199083 1.154113 -32.622046 -0.005336 -0.323181 -0.083129 0.942664
1520616905.913759470 -16.397553 1.050750 -34.630724 -0.002789 -0.351689 -0.073227 0.933244
1520616905.963760376 -16.326418 1.047770 -34.700944 -0.000238 -0.379843 -0.063252 0.922886
1520616906.013762474 -16.326418 1.047770 -34.700944 -0.000238 -0.379843 -0.063252 0.922886
1520616906.063763380 -16.340645 1.048366 -34.686900 -0.000238 -0.379843 -0.063252 0.922886
1520616906.113765478 -16.340645 1.048366 -34.686900 -0.000238 -0.379843 -0.063252 0.922886
1520616906.163766623 -16.352026 1.048843 -34.675665 -0.000238 -0.379843 -0.063252 0.922886
1520616906.213768482 -16.352026 1.048843 -34.675665 -0.000238 -0.379843 -0.063252 0.922886
1520616906.263770342 -16.361132 1.049224 -34.666677 -0.000238 -0.379843 -0.063252 0.922886
1520616906.314519644 -16.361132 1.049224 -34.666677 -0.000238 -0.379843 -0.063252 0.922886
1520616906.364521503 -16.368416 1.049529 -34.659486 -0.000238 -0.379843 -0.063252 0.922886
1520616906.414522648 -16.374243 1.049773 -34.653734 -0.000238 -0.379843 -0.063252 0.922886
1520616906.464524508 -16.378905 1.049969 -34.649132 -0.000238 -0.379843 -0.063252 0.922886
1520616906.514525414 -16.382635 1.050125 -34.645450 -0.000238 -0.379843 -0.063252 0.922886
1520616906.564527512 -16.382635 1.050125 -34.645450 -0.000238 -0.379843 -0.063252 0.922886
1520616906.614529610 -16.385618 1.050250 -34.642505 -0.000238 -0.379843 -0.063252 0.922886
1520616906.664530516 -16.388005 1.050350 -34.640149 -0.000238 -0.379843 -0.063252 0.922886
1520616906.714532614 -0.106599 -0.010056 -0.994251 -0.001651 -0.064590 0.011996 0.997838
1520616906.764706612 -0.119693 0.031073 -1.330110 -0.006597 -0.089389 0.010541 0.995919
1520616906.814708471 -0.071938 -0.018821 -1.696757 -0.019887 -0.114163 0.004614 0.993252
1520616906.864710569 -0.033062 -0.075951 -2.036974 -0.035913 -0.135994 -0.004685 0.990047
1520616906.914711475 0.046104 -0.164482 -2.389187 -0.050688 -0.158160 -0.014785 0.986001
1520616906.964713573 0.165957 -0.260562 -2.745290 -0.062596 -0.181286 -0.019946 0.981233
1520616907.014715672 0.279237 -0.327687 -3.076745 -0.072988 -0.202963 -0.018792 0.976282
1520616907.064716578 0.412386 -0.375268 -3.398011 -0.081617 -0.223755 -0.016762 0.971077
1520616907.114718437 0.564014 -0.420091 -3.715378 -0.089805 -0.241571 -0.013633 0.966122
1520616907.165342569 0.705514 -0.428803 -4.014463 -0.098171 -0.253738 -0.020362 0.962063
1520616907.215344429 0.858497 -0.466697 -4.293779 -0.106784 -0.267307 -0.021342 0.957439
1520616907.265345573 1.037523 -0.555361 -4.577311 -0.114794 -0.286535 -0.013796 0.951068
1520616907.315347433 1.229927 -0.666152 -4.866422 -0.123842 -0.305744 -0.011797 0.943952
1520616907.365348339 1.408220 -0.790379 -5.139227 -0.134351 -0.323819 -0.012894 0.936443
1520616907.415350437 1.608519 -0.973339 -5.397773 -0.146434 -0.342795 -0.017988 0.927753
1520616907.465351343 1.802902 -1.220175 -5.650629 -0.158950 -0.362423 -0.022821 0.918076
1520616907.515402555 2.052429 -1.410096 -5.870675 -0.167752 -0.385654 -0.023675 0.906956
1520616907.566855907 2.344082 -1.627753 -6.090775 -0.174228 -0.411153 -0.023356 0.894457
1520616907.616857767 2.662852 -1.681535 -6.304666 -0.178064 -0.434555 -0.029257 0.882383
1520616907.666858912 2.973899 -1.879927 -6.479014 -0.186214 -0.460326 -0.029296 0.867506
1520616907.716861010 3.449629 -2.013839 -6.555845 -0.191867 -0.494077 -0.022583 0.847682
1520616907.766861916 3.918251 -2.167096 -6.593143 -0.197243 -0.526202 -0.015387 0.827025
1520616907.816864014 4.348666 -2.279953 -6.629000 -0.202011 -0.554486 -0.012202 0.807210
1520616907.866865873 4.737850 -2.467989 -6.650429 -0.206370 -0.579861 -0.009999 0.788081
1520616907.916866779 5.124525 -2.640089 -6.681858 -0.209367 -0.602092 -0.010712 0.770413
1520616907.966459036 5.440911 -2.810831 -6.766190 -0.212557 -0.618334 -0.012255 0.756527
1520616908.016459942 5.667653 -3.078534 -6.905956 -0.218325 -0.629172 -0.012916 0.745862
1520616908.066462278 5.874107 -3.282970 -7.082218 -0.222483 -0.638166 -0.013101 0.736936
1520616908.116463184 6.111775 -3.395503 -7.271511 -0.223328 -0.647630 -0.013821 0.728361
1520616908.166465044 6.443676 -3.385531 -7.400064 -0.215678 -0.660437 -0.006817 0.719208
1520616908.216466188 6.765912 -3.205388 -7.583943 -0.204945 -0.671528 0.003736 0.712063
1520616908.266468048 7.016089 -3.163342 -7.752473 -0.200445 -0.679930 0.013822 0.705214
1520616908.316469908 7.199322 -3.140563 -7.971720 -0.197766 -0.685008 0.023007 0.700802
1520616908.365616083 7.342680 -3.155039 -8.219381 -0.195858 -0.687665 0.027013 0.698589
1520616908.415617943 7.374970 -3.126299 -8.571787 -0.192695 -0.687594 0.026619 0.699553
1520616908.465620041 7.393362 -2.973211 -8.954617 -0.182976 -0.687738 0.023493 0.702128
1520616908.515621185 7.428882 -2.709061 -9.337958 -0.169949 -0.688744 0.021976 0.704462
1520616908.565623045 7.494277 -2.426527 -9.669194 -0.155529 -0.691911 0.026432 0.704536
1520616908.615623951 7.701713 -2.017031 -9.925445 -0.138124 -0.699534 0.034080 0.700295
1520616908.665626049 7.801413 -1.681752 -10.219799 0.126217 0.703166 -0.036866 -0.698761
1520616908.715626955 7.828666 -1.421644 -10.544520 0.118548 0.703495 -0.038588 -0.699680
1520616908.765069008 7.992865 -1.245234 -10.734133 0.114645 0.709276 -0.041228 -0.694323
1520616908.815070868 8.263224 -1.072326 -10.840785 0.110090 0.718812 -0.048891 -0.684690
1520616908.865072012 8.575766 -0.881237 -10.934439 0.104938 0.728713 -0.054385 -0.674542
1520616908.915072918 8.825593 -0.724927 -11.064583 0.100486 0.736650 -0.057912 -0.666255
1520616908.965075016 9.018564 -0.704275 -11.270864 0.100129 0.741166 -0.060709 -0.661031
1520616909.015076160 9.155515 -0.789580 -11.541153 0.103375 0.743262 -0.064055 -0.657854
1520616909.065078020 9.269759 -0.826555 -11.858385 0.103313 0.744323 -0.073792 -0.655641
1520616909.115079880 9.300842 -0.872713 -12.255851 0.103220 0.742949 -0.084108 -0.655972
1520616909.165117025 9.296409 -0.861803 -12.699872 0.102216 0.739898 -0.091658 -0.658560
1520616909.214703083 9.160667 -0.843996 -13.242779 0.100918 0.733398 -0.097796 -0.665115
1520616909.264703989 9.115010 -0.944676 -13.754992 0.104112 0.727321 -0.101672 -0.670692
1520616909.314706087 8.932671 -1.196194 -14.338186 0.111801 0.717902 -0.101395 -0.679585
1520616909.364706993 8.796090 -1.497036 -14.877872 0.120842 0.709440 -0.097985 -0.687380
1520616909.414709091 8.743343 -1.735816 -15.355825 0.127332 0.703542 -0.094763 -0.692701
1520616909.464711189 8.682841 -2.069614 -15.817213 0.135541 0.697792 -0.091133 -0.697431
1520616909.514712095 8.604016 -2.522697 -16.251982 -0.145208 -0.692227 0.089440 0.701239
1520616909.564713955 8.554563 -2.976095 -16.657143 -0.154341 -0.687750 0.087621 0.703919
1520616909.614852428 8.521207 -3.299737 -17.047200 -0.158637 -0.684588 0.087089 0.706108
1520616909.664854288 8.542143 -3.396910 -17.456873 -0.156859 -0.682911 0.086316 0.708221
1520616909.714855433 8.378957 -3.257358 -17.978891 -0.151029 -0.678476 0.080214 0.714441
1520616909.764857292 8.043388 -3.043635 -18.538105 -0.146340 -0.671324 0.065730 0.723594
1520616909.814858198 7.800580 -2.547898 -19.065171 -0.136412 -0.666356 0.049943 0.731346
1520616909.864860535 7.618795 -2.019421 -19.537325 -0.126115 -0.662377 0.036146 0.737594
1520616909.914862394 7.425999 -1.677169 -19.947254 -0.119843 -0.658457 0.025338 0.742584
1520616909.964863300 7.340996 -1.437180 -20.294633 -0.117015 -0.655510 0.014542 0.745924
1520616910.017195463 7.321499 -1.379673 -20.374087 -0.114171 -0.652469 0.003744 0.749157
1520616910.067196608 7.321499 -1.379673 -20.374087 -0.114171 -0.652469 0.003744 0.749157
1520616910.117198706 7.325399 -1.391175 -20.358196 -0.114171 -0.652469 0.003744 0.749157
1520616910.167200565 7.328518 -1.400376 -20.345483 -0.114171 -0.652469 0.003744 0.749157
1520616910.217202663 7.331014 -1.407737 -20.335313 -0.114171 -0.652469 0.003744 0.749157
1520616910.267203569 7.331014 -1.407737 -20.335313 -0.114171 -0.652469 0.003744 0.749157
1520616910.317204475 7.333010 -1.413625 -20.327177 -0.114171 -0.652469 0.003744 0.749157
1520616910.367206573 7.334607 -1.418336 -20.320669 -0.114171 -0.652469 0.003744 0.749157
1520616910.419890642 7.335885 -1.422105 -20.315462 -0.114171 -0.652469 0.003744 0.749157
1520616910.469892979 7.335885 -1.422105 -20.315462 -0.114171 -0.652469 0.003744 0.749157
1520616910.519893646 7.336907 -1.425120 -20.311296 -0.114171 -0.652469 0.003744 0.749157
1520616910.569894552 7.337725 -1.427532 -20.307963 -0.114171 -0.652469 0.003744 0.749157
1520616910.619896889 7.338379 -1.429462 -20.305297 -0.114171 -0.652469 0.003744 0.749157
1520616910.669899702 7.338903 -1.431006 -20.303165 -0.114171 -0.652469 0.003744 0.749157
1520616910.719899654 -0.566554 0.055458 -0.822156 -0.018295 -0.039140 0.019557 0.998875
1520616910.769900799 -0.659634 0.001528 -1.012485 -0.018611 -0.058337 0.032810 0.997584
1520616910.821620464 -0.726373 -0.036697 -1.245417 -0.014797 -0.085022 0.045246 0.995241
1520616910.871600389 -0.772545 -0.061442 -1.432382 -0.006118 -0.109906 0.053605 0.992477
1520616910.921602488 -0.788216 -0.065152 -1.614402 0.005597 -0.132539 0.060418 0.989319
1520616910.971603394 -0.810270 -0.057875 -1.799009 0.016767 -0.153552 0.062740 0.986004
1520616911.021605492 -0.830374 -0.055353 -1.974757 0.025025 -0.169278 0.061750 0.983314
1520616911.071607590 -0.846509 -0.078823 -2.148061 0.028041 -0.183501 0.062823 0.980609
1520616911.121608496 -0.860289 -0.100670 -2.322271 0.028535 -0.195950 0.063111 0.978165
1520616911.171610355 -0.874374 -0.123540 -2.501214 0.028629 -0.207917 0.066882 0.975437
1520616911.221611500 -0.872604 -0.162387 -2.674220 0.026024 -0.219276 0.073104 0.972572
1520616911.272410393 -0.844244 -0.188055 -2.841158 0.018602 -0.229498 0.073316 0.970366
1520616911.322411537 -0.817584 -0.229789 -2.982760 0.012112 -0.236804 0.076633 0.968455
1520616911.372413397 -0.796537 -0.263420 -3.117264 0.008087 -0.241888 0.085119 0.966530
1520616911.422414303 -0.772522 -0.289225 -3.229368 0.006091 -0.246645 0.095663 0.964353
1520616911.472416401 -0.763137 -0.299833 -3.342348 0.006385 -0.249592 0.105872 0.962525
1520616911.522418499 -0.743081 -0.298021 -3.458272 0.007805 -0.251937 0.112930 0.961100
1520616911.572419405 -0.712770 -0.300300 -3.575437 0.008321 -0.254893 0.119510 0.959520
1520616911.622421503 -0.689466 -0.309618 -3.695357 0.007561 -0.257370 0.127396 0.957849
1520616911.671751499 -0.628172 -0.356978 -3.812710 0.004095 -0.261433 0.140769 0.954893
1520616911.721753597 -0.589422 -0.466996 -3.927665 -0.006852 -0.260272 0.154745 0.953030
1520616911.771755457 -0.537162 -0.586064 -4.035924 -0.021256 -0.259211 0.167902 0.950877
1520616911.821756363 -0.503389 -0.696959 -4.138227 -0.035306 -0.255559 0.175471 0.950080
1520616911.871758699 -0.501517 -0.718456 -4.245035 -0.040966 -0.249856 0.172711 0.951874
1520616911.921760559 -0.475665 -0.658572 -4.364447 -0.038647 -0.248795 0.162376 0.954066
1520616911.971761465 -0.456462 -0.548714 -4.490920 -0.030633 -0.247615 0.147893 0.957014
1520616912.021763563 -0.493196 -0.449636 -4.603725 -0.020623 -0.241375 0.136660 0.960540
1520616912.070742369 -0.499921 -0.342633 -4.693094 -0.011600 -0.235895 0.126739 0.963409
1520616912.120743275 -0.548584 -0.321147 -4.786442 -0.010288 -0.226048 0.114469 0.967312
1520616912.170745134 -0.619031 -0.371013 -4.875317 -0.015456 -0.213763 0.102276 0.971394
1520616912.220748186 -0.710590 -0.472290 -4.959002 -0.024193 -0.200024 0.090968 0.975259
1520616912.270748138 -0.811286 -0.573135 -5.041264 -0.031577 -0.186915 0.082226 0.978419
1520616912.320749998 -0.854210 -0.652282 -5.128021 -0.034847 -0.178397 0.082501 0.979874
1520616912.370751143 -0.926590 -0.728437 -5.203908 -0.038567 -0.167449 0.080342 0.981845
1520616912.420753241 -1.029586 -0.739666 -5.276983 -0.039024 -0.154460 0.071889 0.984607
1520616912.468755722 -1.141838 -0.696448 -5.356173 -0.033518 -0.140671 0.066545 0.987249
1520616912.518751860 -1.294008 -0.612668 -5.406295 -0.023649 -0.123341 0.059765 0.990281
1520616912.568752527 -1.437815 -0.470007 -5.465646 -0.009072 -0.108675 0.056518 0.992428
1520616912.618754864 -1.570059 -0.348776 -5.521562 0.004527 -0.095437 0.053388 0.993992
1520616912.668756723 -1.700191 -0.202292 -5.578292 0.018646 -0.082972 0.047467 0.995246
1520616912.718757629 -1.874206 -0.078108 -5.616989 0.031106 -0.067248 0.043189 0.996316
1520616912.768759727 -2.039649 0.002140 -5.647844 0.040761 -0.052090 0.047234 0.996692
1520616912.818760633 -2.199606 -0.015417 -5.681169 0.042715 -0.037723 0.052752 0.996980
1520616912.868078232 -2.327210 -0.016862 -5.733730 0.040841 -0.025905 0.051627 0.997495
1520616912.918079138 -2.444230 -0.048373 -5.792488 0.036288 -0.016744 0.050210 0.997939
1520616912.968081236 -2.474461 -0.074915 -5.882517 0.031576 -0.014627 0.051358 0.998074
1520616913.018082380 -2.492312 -0.112759 -5.978198 0.025400 -0.014812 0.052039 0.998212
1520616913.068084240 -2.474789 -0.167515 -6.092303 0.017700 -0.018613 0.051460 0.998345
1520616913.118086338 -2.464259 -0.194529 -6.198499 0.009903 -0.021958 0.045934 0.998654
1520616913.168087244 -2.475705 -0.257892 -6.298429 -0.000461 -0.023755 0.039264 0.998946
1520616913.218089104 -2.530660 -0.372008 -6.380166 -0.013453 -0.022313 0.033957 0.999084
1520616913.267685413 -2.602289 -0.538995 -6.452234 -0.027851 -0.019965 0.033598 0.998848
1520616913.317687511 -2.650937 -0.737791 -6.534246 -0.041896 -0.019636 0.039267 0.998157
1520616913.367688417 -2.664124 -0.966845 -6.617808 -0.054903 -0.021489 0.051011 0.996956
1520616913.417690277 -2.647680 -1.182868 -6.709669 -0.067155 -0.025589 0.062196 0.995473
1520616913.467692614 -2.530475 -1.409842 -6.828722 -0.078946 -0.036271 0.075606 0.993346
1520616913.517694473 -2.327595 -1.592885 -6.975777 -0.087848 -0.052681 0.087965 0.990843
1520616913.567696333 -2.059337 -1.678288 -7.150856 -0.090623 -0.074160 0.097825 0.988290
1520616913.617697477 -1.779954 -1.649173 -7.339892 -0.084104 -0.095907 0.110415 0.985666
1520616913.667699337 -1.529232 -1.509189 -7.530487 -0.072589 -0.116175 0.115410 0.983827
1520616913.716314316 -1.293624 -1.353896 -7.712135 -0.061947 -0.135133 0.114891 0.982192
1520616913.766316175 -1.038995 -1.300618 -7.868457 -0.057096 -0.154273 0.116327 0.979494
1520616913.816317558 -0.765413 -1.323056 -8.005634 -0.056699 -0.173260 0.119975 0.975896
1520616913.866318226 -0.432149 -1.403591 -8.126879 -0.060828 -0.194459 0.123622 0.971186
1520616913.916320562 -0.130002 -1.540053 -8.219086 -0.068586 -0.212541 0.127315 0.966392
1520616913.966321468 0.103607 -1.641980 -8.306905 -0.074817 -0.226621 0.126215 0.962868
1520616914.016323328 0.267871 -1.651190 -8.391597 -0.077009 -0.237667 0.116774 0.961222
1520616914.066324472 0.419627 -1.670101 -8.469087 -0.079245 -0.247521 0.106758 0.959717
1520616914.114924908 0.614308 -1.752881 -8.551155 -0.079115 -0.259226 0.128261 0.953987
1520616914.164926052 0.970226 -1.575277 -8.707068 -0.071878 -0.277148 0.128880 0.949427
1520616914.214927912 1.157096 -1.522767 -8.910598 -0.064774 -0.285435 0.123314 0.948222
1520616914.264930010 1.241182 -1.508912 -9.122713 -0.059320 -0.288601 0.112174 0.949003
1520616914.314930916 1.295401 -1.472504 -9.345877 -0.052295 -0.289377 0.101915 0.950337
1520616914.364932775 1.304180 -1.323988 -9.598321 -0.039539 -0.287512 0.094154 0.952317
1520616914.414933920 1.237457 -1.117163 -9.861332 -0.024564 -0.281077 0.091285 0.955018
1520616914.464936018 1.118017 -0.956129 -10.116961 -0.012778 -0.270874 0.090595 0.958257
1520616914.514795303 0.967526 -0.795243 -10.357843 -0.001744 -0.258876 0.094812 0.961244
1520616914.564797401 0.843849 -0.673584 -10.589856 0.004997 -0.247605 0.094486 0.964230
1520616914.614799261 0.636766 -0.615286 -10.814021 0.008018 -0.232417 0.089574 0.968450
1520616914.664800167 0.377743 -0.558345 -11.033057 0.010775 -0.214940 0.085950 0.972778
1520616914.714802504 0.073651 -0.463672 -11.246861 0.016178 -0.195752 0.084603 0.976863
1520616914.764803410 -0.296331 -0.357033 -11.454176 0.023541 -0.174497 0.086790 0.980543
1520616914.814805508 -0.748162 -0.218022 -11.645827 0.031812 -0.150446 0.087294 0.984243
1520616914.864806414 -1.307110 -0.124319 -11.810503 0.037570 -0.122758 0.086368 0.987957
1520616914.916097164 -1.927300 -0.166638 -11.843304 0.040038 -0.094032 0.093554 0.990355
1520616914.966098070 -2.593744 -0.078124 -12.080510 0.041341 -0.067198 0.107818 0.991035
1520616915.016100407 -3.077553 0.040405 -12.437615 0.039618 -0.043938 0.114969 0.991606
1520616915.066102266 -3.557342 -0.068143 -12.808613 0.029864 -0.022931 0.119432 0.992128
1520616915.116103172 -4.101280 -0.064196 -13.134921 0.023806 -0.002873 0.121253 0.992332
1520616915.166105270 -4.595443 0.091027 -13.470907 0.022579 0.012445 0.118882 0.992574
1520616915.216107368 -5.039724 0.371683 -13.808834 0.023261 0.023513 0.109540 0.993432
1520616915.266108513 -5.566749 0.670099 -14.093643 0.022785 0.036062 0.094164 0.994642
1520616915.317066908 -6.052783 0.800966 -14.084993 0.021199 0.050716 0.080529 0.995235
1520616915.367069006 -6.673029 0.932907 -14.202443 0.017260 0.067244 0.067262 0.995317
1520616915.417069912 -7.366736 0.742520 -14.285858 0.007320 0.084711 0.062933 0.994389
1520616915.467071056 -8.015062 0.344185 -14.384588 -0.008617 0.100206 0.061647 0.993018
1520616915.517072916 -8.643573 -0.219228 -14.463401 -0.027295 0.112843 0.064949 0.991112
1520616915.567074776 -9.103209 -0.743408 -14.605645 -0.043994 0.119675 0.069767 0.989381
1520616915.617075920 -9.496123 -1.066165 -14.774808 -0.054497 0.123685 0.071362 0.988251
1520616915.667078972 -9.871284 -1.075960 -14.866438 -0.053117 0.125350 0.077096 0.987685
1520616915.717643499 -10.140117 -0.829377 -15.030773 -0.041777 0.123435 0.083020 0.987991
1520616915.767645359 -10.191958 -0.583477 -15.354363 -0.026915 0.115829 0.089773 0.988838
1520616915.817646503 -10.074775 -0.155375 -15.809969 -0.011295 0.101788 0.093109 0.990375
1520616915.867648602 -9.766586 0.009813 -16.340597 -0.002339 0.083483 0.096431 0.991830
1520616915.917649508 -9.414335 0.048968 -16.889840 0.000912 0.064845 0.097476 0.993123
1520616915.967651606 -8.936968 -0.045942 -17.464925 -0.001022 0.044328 0.095963 0.994397
1520616916.017652512 -8.392970 -0.086158 -18.032775 -0.002534 0.023195 0.091960 0.995489
1520616916.067654371 -7.680883 0.055260 -18.625776 0.000718 -0.001744 0.088415 0.996082
1520616916.117655516 -6.874098 0.590039 -19.191476 0.012095 -0.028574 0.079943 0.996316
1520616916.167499304 -5.824888 1.562372 -19.714678 0.032415 -0.060371 0.068542 0.995292
1520616916.217501163 -4.578572 2.573183 -20.175516 0.051047 -0.094883 0.048928 0.992974
1520616916.267502308 -3.230058 3.459224 -20.511532 0.068432 -0.129724 0.033449 0.988620
1520616916.317504168 -1.844079 4.040625 -20.781715 0.079761 -0.164122 0.020911 0.982988
1520616916.367505312 -0.474446 4.349361 -20.992729 0.084602 -0.197138 0.008852 0.976678
1520616916.417507410 0.864681 4.299825 -21.191877 0.082990 -0.228971 0.005335 0.969874
1520616916.467508316 1.958064 4.082503 -21.359197 0.078909 -0.255519 0.010751 0.963519
1520616916.517510414 2.905663 3.930377 -21.490293 0.076548 -0.278518 0.025577 0.957034
1520616916.566380739 3.563380 3.567535 -21.720436 0.070120 -0.294284 0.045891 0.952037
1520616916.616382837 3.781333 3.139676 -21.965935 0.061446 -0.299835 0.073176 0.949194
1520616916.666384697 3.695531 2.555480 -22.276623 0.050256 -0.297894 0.100216 0.947993
1520616916.716385841 3.532282 2.134137 -22.540181 0.043102 -0.293051 0.127582 0.946566
1520616916.766387701 3.207399 1.753345 -22.820704 0.038257 -0.284103 0.156547 0.945153
1520616916.816389561 2.727370 1.366468 -23.115255 0.034539 -0.271292 0.184418 0.944033
1520616916.866390705 2.125486 0.900343 -23.414991 0.030640 -0.255513 0.209975 0.943231
1520616916.916392803 1.656337 0.545331 -23.675215 0.028747 -0.242335 0.232779 0.941415
1520616916.965620518 1.179277 0.145337 -23.952039 0.023905 -0.228765 0.240934 0.942892
1520616917.015622377 0.718373 -0.381557 -24.186775 0.014682 -0.215257 0.235146 0.947711
1520616917.065623522 0.337189 -0.820028 -24.406172 0.004543 -0.204399 0.219829 0.953874
1520616917.115625381 0.050225 -1.265774 -24.606066 -0.007174 -0.195964 0.198980 0.960184
1520616917.165627718 -0.238463 -1.680999 -24.788224 -0.019096 -0.188104 0.175048 0.966235
1520616917.215628624 -0.395437 -1.922765 -24.977089 -0.029204 -0.183688 0.146982 0.971495
1520616917.265630484 -0.347567 -1.896372 -25.181474 -0.034691 -0.183926 0.116915 0.975345
1520616917.315631628 -0.247966 -1.497749 -25.403729 -0.033147 -0.185835 0.081805 0.978608
1520616917.365025759 0.057219 -0.582072 -25.619936 -0.023970 -0.190938 0.036469 0.980631
1520616917.415026665 0.540404 0.104439 -25.810398 -0.017493 -0.198208 -0.006139 0.979985
1520616917.465127707 0.942428 0.405793 -25.982515 -0.017147 -0.203196 -0.043210 0.978034
1520616917.515029669 1.194234 0.296070 -26.161477 -0.023644 -0.205794 -0.071614 0.975685
1520616917.565031767 1.391201 -0.202594 -26.338624 -0.036878 -0.208286 -0.096507 0.972596
1520616917.615032911 1.771167 -0.956454 -26.483452 -0.053857 -0.215055 -0.119051 0.967821
1520616917.665034771 2.279383 -1.889230 -26.576043 -0.072779 -0.225258 -0.138008 0.961725
1520616917.715035915 2.911826 -2.562721 -26.642435 -0.087004 -0.238113 -0.157914 0.954356
1520616917.766720533 2.976918 -2.638548 -26.646090 -0.101158 -0.250773 -0.177692 0.946206
1520616917.816721439 2.976918 -2.638548 -26.646090 -0.101158 -0.250773 -0.177692 0.946206
1520616917.866723299 2.963899 -2.623382 -26.645359 -0.101158 -0.250773 -0.177692 0.946206
1520616917.916725397 0.025231 0.224986 -0.974035 -0.034783 -0.050301 -0.020704 0.997913
1520616917.966726303 0.060892 0.269027 -1.485832 -0.055848 -0.080956 -0.030032 0.994699
1520616918.016728401 0.094141 0.216586 -2.014336 -0.078773 -0.112660 -0.036586 0.989830
1520616918.066729546 0.190221 0.131756 -2.541248 -0.102000 -0.142244 -0.043532 0.983599
1520616918.116731405 0.305075 -0.010432 -3.046439 -0.123536 -0.170091 -0.049930 0.976378
1520616918.166733265 0.445627 -0.150312 -3.546421 -0.140865 -0.199924 -0.048341 0.968427
1520616918.217488050 0.574112 -0.322197 -4.022887 -0.154344 -0.228860 -0.038814 0.960362
1520616918.267490149 0.750849 -0.508692 -4.486829 -0.163959 -0.259707 -0.023502 0.951377
1520616918.317491293 1.034789 -0.610820 -4.895581 -0.170633 -0.296626 -0.009347 0.939580
1520616918.367493153 1.370086 -0.677781 -5.252442 -0.177153 -0.334721 0.003215 0.925510
1520616918.417495012 1.688534 -0.832154 -5.593861 -0.185391 -0.370404 0.011277 0.910112
1520616918.467496157 1.990389 -0.889665 -5.900717 -0.192226 -0.399233 0.014429 0.896356
1520616918.517498016 2.214505 -1.037939 -6.249607 -0.198879 -0.422997 0.018835 0.883836
1520616918.567499161 2.423076 -1.126553 -6.602905 -0.200632 -0.443539 0.027741 0.873070
1520616918.615232706 2.595704 -1.112334 -6.854558 -0.196536 -0.458837 0.037821 0.865686
1520616918.665235043 2.586524 -1.174671 -7.270525 -0.192905 -0.468358 0.054786 0.860481
1520616918.715236902 2.579452 -1.173529 -7.704646 -0.188947 -0.477089 0.073671 0.855136
1520616918.765237093 2.584388 -1.149042 -8.139412 -0.183685 -0.484903 0.093044 0.849984
1520616918.815238953 2.656329 -1.067454 -8.494792 -0.176613 -0.497626 0.114398 0.841480
1520616918.865239859 2.796082 -0.975702 -8.839133 -0.170919 -0.511181 0.133606 0.831643
1520616918.915241957 2.838464 -0.918342 -9.210203 -0.165466 -0.520756 0.155413 0.822971
1520616918.965242863 2.865951 -0.840537 -9.544643 -0.158508 -0.528338 0.182079 0.813991
1520616919.014601231 2.997572 -0.745790 -9.909503 -0.151520 -0.536364 0.212825 0.802534
1520616919.064603329 2.985413 -0.887485 -10.244081 -0.147825 -0.540451 0.247153 0.790554
1520616919.114684343 2.961839 -1.029049 -10.600337 -0.146891 -0.541087 0.274168 0.781332
1520616919.164606094 2.996727 -1.152833 -10.989032 -0.143233 -0.541912 0.298806 0.772354
1520616919.214607477 2.972808 -1.237675 -11.400615 -0.137452 -0.541451 0.322446 0.764177
1520616919.264609337 2.920605 -1.287447 -11.831562 -0.131221 -0.537916 0.345529 0.757652
1520616919.314610243 2.739051 -1.410724 -12.282251 -0.127441 -0.528828 0.365235 0.755449
1520616919.364612341 2.513096 -1.566043 -12.732392 -0.128052 -0.517245 0.378144 0.757012
1520616919.414170980 2.330222 -1.974490 -13.124052 -0.139142 -0.506533 0.382162 0.760273
1520616919.464172840 2.182442 -2.261556 -13.521079 -0.149300 -0.498404 0.380486 0.764547
1520616919.514174700 2.024952 -2.467147 -13.934815 -0.157351 -0.491570 0.373693 0.770683
1520616919.564175844 1.821122 -2.544131 -14.383034 -0.159826 -0.485193 0.365477 0.778120
1520616919.614177704 1.478021 -2.596574 -14.840366 -0.161467 -0.476639 0.351335 0.789498
1520616919.664178610 1.087620 -2.420592 -15.365570 -0.159196 -0.467830 0.332196 0.803391
1520616919.714180946 0.631116 -2.369844 -15.893663 -0.160587 -0.457088 0.310909 0.817691
1520616919.764182806 0.196327 -2.346646 -16.410015 -0.168140 -0.445742 0.285083 0.831727
1520616919.814201832 -0.262517 -2.471032 -16.895487 -0.182971 -0.432230 0.257191 0.844720
1520616919.864203930 -0.609036 -2.586043 -17.380010 -0.200144 -0.421280 0.231352 0.853781
1520616919.914204836 -0.692248 -2.805669 -17.836403 -0.218015 -0.416945 0.211554 0.856663
1520616919.964206934 -0.718316 -2.998297 -18.281169 -0.237320 -0.413081 0.189685 0.858524
1520616920.014208078 -0.555331 -3.209941 -18.713700 -0.257060 -0.413944 0.166470 0.857239
1520616920.064209938 -0.165486 -3.421229 -19.186085 -0.275545 -0.420267 0.141640 0.852871
1520616920.114211798 0.593058 -3.571753 -19.667980 -0.292964 -0.434056 0.112765 0.844424
1520616920.164214134 1.511277 -3.780601 -20.087858 -0.308177 -0.451808 0.084842 0.832886
1520616920.214800119 2.570139 -3.976417 -20.442193 -0.321141 -0.471911 0.058073 0.819021
1520616920.264801025 3.545529 -4.314447 -20.737181 -0.332073 -0.493189 0.041513 0.802975
1520616920.314802885 4.671344 -4.799680 -20.930437 -0.343953 -0.516121 0.031075 0.783805
1520616920.364804029 5.891935 -5.227670 -21.031026 -0.351537 -0.540600 0.031048 0.763682
1520616920.414806128 7.236930 -5.697336 -20.996175 -0.356315 -0.567856 0.038940 0.740987
1520616920.464807987 8.677575 -6.001809 -20.826247 -0.356667 -0.597707 0.050498 0.716230
1520616920.514809132 10.199484 -6.099777 -20.543949 -0.352995 -0.628201 0.063701 0.690435
1520616920.564810991 11.812598 -5.894151 -20.163882 -0.342516 -0.660760 0.079393 0.663155
1520616920.614812136 13.245445 -5.456389 -19.834565 0.329944 0.689268 -0.092399 -0.638364
1520616920.664451122 14.267364 -5.033608 -19.686403 0.318323 0.709049 -0.105472 -0.620319
1520616920.714452267 14.935018 -4.526763 -19.758726 0.303248 0.724001 -0.123827 -0.607067
1520616920.764512300 15.267262 -4.049275 -20.069197 0.287390 0.733127 -0.146711 -0.598672
1520616920.814455271 15.153627 -3.826540 -20.627953 0.274533 0.734351 -0.173749 -0.595963
1520616920.864457130 14.764449 -3.799780 -21.352484 0.263852 0.729450 -0.203875 -0.597261
1520616920.914459229 14.268588 -3.787020 -22.126824 0.249778 0.722924 -0.239520 -0.598015
1520616920.964460373 13.700965 -3.654086 -22.948566 0.235579 0.714601 -0.268185 -0.601602
1520616921.014461279 12.859264 -3.556819 -23.885501 0.221504 0.702983 -0.291099 -0.609928
1520616921.064152718 11.656245 -3.742711 -24.922149 0.210209 0.685568 -0.311531 -0.623504
1520616921.114154816 10.108575 -3.916267 -26.028534 0.198213 0.663096 -0.329391 -0.642275
1520616921.164155960 8.585609 -4.149291 -26.993633 -0.184676 -0.641218 0.349450 0.657738
1520616921.214157820 7.251474 -4.406125 -27.794758 -0.174290 -0.622109 0.364647 0.670549
1520616921.264158726 6.099561 -4.715156 -28.507844 -0.167887 -0.604767 0.373683 0.682958
1520616921.314160824 4.876469 -5.096943 -29.169949 -0.164471 -0.586748 0.378844 0.696530
1520616921.364161730 3.679837 -5.494328 -29.763719 -0.164521 -0.569233 0.379608 0.710496
1520616921.414163828 2.711333 -5.967033 -30.264358 -0.169217 -0.554041 0.376778 0.722801
1520616921.463944435 1.900678 -6.553870 -30.694091 -0.175824 -0.539867 0.374359 0.733134
1520616921.513945341 0.819634 -7.039291 -31.066324 -0.184410 -0.522868 0.366592 0.747136
1520616921.563947439 -0.262195 -7.389415 -31.436713 -0.194543 -0.507267 0.354456 0.761048
1520616921.613948345 -0.983196 -7.749779 -31.768296 -0.208140 -0.495926 0.339270 0.771771
1520616921.663950682 -1.494531 -8.041716 -32.094965 -0.220509 -0.487640 0.325299 0.779592
1520616921.713952541 -2.042502 -8.457378 -32.375610 -0.233812 -0.478282 0.312920 0.786550
1520616921.763954401 -2.644764 -9.327146 -32.518465 -0.253513 -0.466071 0.301345 0.792275
1520616921.813955545 -3.127813 -10.695235 -32.505989 -0.279079 -0.454308 0.292909 0.793677
1520616921.864132166 -3.138918 -12.120453 -32.438040 -0.308965 -0.448044 0.281802 0.790180
1520616921.914133072 -2.501111 -14.009004 -32.224148 -0.344960 -0.448777 0.271911 0.778245
1520616921.964133978 -1.494560 -16.084219 -31.807891 -0.384065 -0.453942 0.261516 0.760289
1520616922.014136076 0.053008 -18.254211 -31.147393 -0.421238 -0.465336 0.254809 0.735590
1520616922.064137936 1.764549 -20.210034 -30.314434 -0.453479 -0.479108 0.249902 0.708774
1520616922.114138842 3.797884 -21.951109 -29.291669 -0.481348 -0.496683 0.246261 0.678944
1520616922.164140940 5.883948 -23.202568 -28.288932 -0.503913 -0.516389 0.238764 0.649927
1520616922.214143038 8.170293 -23.769250 -27.552204 -0.517805 -0.541093 0.225609 0.623055
1520616922.264728308 10.890556 -24.050694 -26.686560 -0.528430 -0.571260 0.206006 0.593283
1520616922.314729214 14.248423 -23.932518 -25.490087 0.532765 0.608642 -0.186660 -0.557561
1520616922.364731312 17.241975 -24.403638 -23.313859 0.545522 0.640491 -0.168775 -0.513510
1520616922.414774179 20.367386 -25.037073 -20.016512 0.560247 0.672711 -0.156087 -0.457406
1520616922.464734316 23.297464 -25.657348 -15.708579 0.574546 0.703088 -0.150006 -0.391232
1520616922.514735460 25.622545 -25.802879 -10.979217 0.585950 0.729275 -0.143087 -0.323026
1520616922.564737320 27.538874 -25.302676 -6.173816 0.590031 0.754615 -0.132853 -0.254499
1520616922.614738226 28.949811 -24.304492 -1.567877 0.587386 0.778108 -0.117444 -0.189030
1520616922.664919376 29.771173 -22.926350 2.723268 0.579157 0.799197 -0.097022 -0.128252
1520616922.714921236 29.999029 -21.485082 6.664223 0.567756 0.816980 -0.071031 -0.071777
1520616922.764922142 29.660079 -20.056189 10.566259 0.554825 0.830542 -0.046319 -0.014989
1520616922.814924240 28.737645 -18.438024 14.573760 0.538715 0.841000 -0.022280 0.044813
1520616922.864925146 27.252406 -16.888922 18.242036 0.522868 0.846222 -0.001508 0.102547
1520616922.914927006 25.356326 -15.366772 21.481507 0.508251 0.846657 0.011335 0.157238
1520616922.964928150 23.359116 -14.007038 23.996523 0.493980 0.844773 0.024893 0.204261
1520616923.014930248 21.329619 -12.650947 26.081350 0.477884 0.842109 0.037123 0.247186
1520616923.064932108 19.146379 -11.156477 27.948932 0.455136 0.840102 0.054602 0.289995
1520616923.114657879 17.050774 -9.834049 29.356960 0.428742 0.838846 0.077145 0.326446
1520616923.164659739 15.165582 -9.142639 30.188757 0.411747 0.834937 0.093454 0.353004
1520616923.214660883 13.326966 -8.743986 30.764107 0.395304 0.830352 0.113061 0.376122
1520616923.264662743 11.296461 -8.782263 31.182273 0.384429 0.821756 0.133683 0.398824
1520616923.314663649 9.287437 -9.113125 31.374314 0.379812 0.810335 0.151712 0.419623
1520616923.364665747 7.742344 -9.374550 31.348475 0.376150 0.801277 0.165636 0.434776
1520616923.414667845 6.570249 -9.312351 31.281721 0.369652 0.795815 0.174522 0.446742
1520616923.464668751 5.598595 -9.209252 31.130361 0.359589 0.792510 0.184362 0.456765
1520616923.515052795 4.624832 -9.406904 30.864941 0.352693 0.787499 0.196347 0.465726
1520616923.565054893 3.736568 -9.810775 30.491542 0.349899 0.781911 0.208137 0.472086
1520616923.615055799 2.728196 -9.994470 30.165410 0.342171 0.776103 0.220441 0.481651
1520616923.665057898 1.622003 -9.806210 29.937725 0.330398 0.770738 0.228935 0.494357
1520616923.715061903 0.461921 -9.301423 29.755666 0.315429 0.766213 0.233571 0.508790
1520616923.765060902 -0.725605 -8.645789 29.567942 0.298371 0.761448 0.236346 0.524702
1520616923.815062046 -1.851575 -7.997951 29.329522 0.280039 0.757121 0.239006 0.539650
1520616923.865063906 -2.576956 -7.539691 29.049170 0.262332 0.756031 0.242925 0.548259
1520616923.914721251 -2.886152 -7.405989 28.735295 0.249962 0.756793 0.248141 0.550644
1520616923.964723110 -2.961627 -7.632288 28.360785 0.242458 0.758249 0.255932 0.548426
1520616924.014724255 -2.874858 -7.953583 27.971854 0.240867 0.760283 0.261922 0.543460
1520616924.064745188 -2.561299 -8.172461 27.642302 0.240981 0.764598 0.264693 0.535961
1520616924.114727259 -1.725281 -8.074652 27.433089 0.239616 0.775026 0.262179 0.522667
1520616924.164729357 -0.255623 -7.422136 27.364828 0.230845 0.793845 0.252379 0.502817
1520616924.214730263 1.805755 -6.131450 27.335251 0.218407 0.820123 0.232364 0.475083
1520616924.264732122 3.915526 -4.265369 27.146097 0.198922 0.848000 0.205112 0.446381
1520616924.314501286 5.821415 -2.445803 26.775377 0.182360 0.871159 0.177278 0.419999
1520616924.364502192 7.791240 -0.940247 26.136721 0.172876 0.892049 0.147818 0.390529
1520616924.414504528 9.806250 -0.023037 25.227904 0.173729 0.909179 0.121205 0.358498
1520616924.464505434 11.894727 0.207335 24.076646 0.183497 0.923363 0.100776 0.321828
1520616924.514507294 13.825550 -0.018022 22.773818 0.196438 0.934656 0.086020 0.283605
1520616924.564508438 15.331549 -0.508610 21.569311 0.212922 0.940867 0.073366 0.253081
1520616924.614510298 16.437727 -1.105228 20.464230 0.231716 0.943747 0.060768 0.227938
1520616924.664512157 17.148157 -1.875313 19.562881 0.255812 0.942419 0.045806 0.210496
1520616924.714418888 17.421924 -2.633337 19.006679 0.281616 0.937389 0.028555 0.202923
1520616924.764421225 17.259203 -3.350499 18.813785 0.309275 0.928544 0.009556 0.205093
1520616924.814422131 16.752965 -4.258331 18.820625 0.346194 0.913764 -0.013054 0.212169
1520616924.864423990 15.982588 -5.064336 19.019733 0.383578 0.895203 -0.037324 0.223801
1520616924.914425135 14.921965 -5.540193 19.482418 0.413262 0.875974 -0.055894 0.242405
1520616924.964426994 13.566569 -5.724853 20.156679 0.435996 0.856328 -0.068025 0.268294
1520616925.014427900 12.208819 -5.721915 20.765905 0.454292 0.837408 -0.077626 0.293837
1520616925.064429998 10.875843 -5.477951 21.316442 0.464566 0.821578 -0.082997 0.319842
1520616925.114371538 9.663469 -5.131418 21.745956 0.471970 0.807030 -0.088809 0.343598
1520616925.164938688 8.415443 -4.700750 22.124920 0.475904 0.793185 -0.090428 0.369048
1520616925.214939594 7.054288 -4.189326 22.477895 0.479641 0.777429 -0.092470 0.396228
1520616925.264941931 5.708740 -3.436294 22.772509 0.481300 0.760405 -0.098706 0.424725
1520616925.314942837 4.300400 -2.585796 22.976434 0.477529 0.744921 -0.100494 0.454928
1520616925.364943504 2.691817 -1.893391 23.070832 0.471243 0.729594 -0.093446 0.486713
1520616925.414945841 1.060886 -1.313620 23.039552 0.463218 0.714806 -0.083149 0.517270
1520616925.464947701 -0.457880 -0.879711 22.883814 0.456957 0.699741 -0.072757 0.544296
1520616925.514948606 -1.884561 -0.639163 22.623989 0.453166 0.684680 -0.060671 0.567603
1520616925.565721512 -3.946942 -0.211275 21.962285 0.460410 0.649020 -0.048642 0.603680
1520616925.615722656 -4.036326 -0.190108 21.922758 0.466379 0.611562 -0.036479 0.638085
1520616925.665724754 -4.036326 -0.190108 21.922758 0.466379 0.611562 -0.036479 0.638085
1520616925.715725660 -4.018449 -0.194341 21.930664 0.466379 0.611562 -0.036479 0.638085
1520616925.765727758 -4.004148 -0.197728 21.936988 0.466379 0.611562 -0.036479 0.638085
1520616925.815728664 -4.004148 -0.197728 21.936988 0.466379 0.611562 -0.036479 0.638085
1520616925.865730524 -3.992706 -0.200438 21.942047 0.466379 0.611562 -0.036479 0.638085
1520616925.915732622 -3.983553 -0.202605 21.946095 0.466379 0.611562 -0.036479 0.638085
1520616925.966017962 -3.976231 -0.204339 21.949333 0.466379 0.611562 -0.036479 0.638085
1520616926.016020298 -3.976231 -0.204339 21.949333 0.466379 0.611562 -0.036479 0.638085
1520616926.066021204 -3.970373 -0.205726 21.951923 0.466379 0.611562 -0.036479 0.638085
1520616926.116023064 -0.328615 -0.419781 -0.846047 -0.042568 -0.012346 0.079676 0.995835
1520616926.166024208 -0.426747 -0.456014 -1.272898 -0.053927 -0.017468 0.103684 0.992994
1520616926.216026068 -0.527917 -0.555345 -1.696721 -0.061218 -0.020597 0.119476 0.990734
1520616926.266027927 -0.652427 -0.764736 -2.138666 -0.062985 -0.025166 0.134047 0.988651
1520616926.316029072 -0.789910 -0.958321 -2.570588 -0.057246 -0.030031 0.146845 0.987045
1520616926.365901470 -0.940022 -1.078395 -2.991295 -0.049776 -0.033998 0.153764 0.986267
1520616926.415902615 -1.079379 -1.171849 -3.405138 -0.049208 -0.037094 0.148589 0.986977
1520616926.465904713 -1.251599 -1.218340 -3.826398 -0.054757 -0.042039 0.136307 0.988258
1520616926.515905857 -1.335457 -1.338716 -4.253251 -0.065569 -0.054092 0.123252 0.988728
1520616926.565907717 -1.427828 -1.429174 -4.674742 -0.073396 -0.064638 0.105634 0.989584
1520616926.615908623 -1.506860 -1.477132 -5.105738 -0.076679 -0.077740 0.091188 0.989829
1520616926.665910721 -1.441725 -1.521742 -5.579609 -0.079378 -0.101267 0.085119 0.988028
1520616926.715912819 -1.265297 -1.658438 -6.072895 -0.084062 -0.132297 0.086125 0.983877
1520616926.767682552 -1.226892 -1.683884 -6.161650 -0.088662 -0.163195 0.087045 0.978739
1520616926.817684412 -1.226892 -1.683884 -6.161650 -0.088662 -0.163195 0.087045 0.978739
1520616926.867686749 -1.234573 -1.678795 -6.143899 -0.088662 -0.163195 0.087045 0.978739
1520616926.917687654 -0.367954 -0.103281 -0.924090 0.000831 -0.078749 -0.038728 0.996142
1520616926.967689514 -0.488246 -0.109886 -1.427926 -0.011873 -0.121473 -0.051308 0.991197
1520616927.017690659 -0.545135 -0.132570 -1.958459 -0.027598 -0.162922 -0.062081 0.984297
1520616927.067692518 -0.514249 -0.127654 -2.512225 -0.038423 -0.203251 -0.070002 0.975865
1520616927.117693663 -0.442904 -0.134579 -3.057435 -0.044255 -0.245174 -0.075966 0.965485
1520616927.172907591 -0.421517 -0.137588 -3.155074 -0.050002 -0.286622 -0.081784 0.953236
1520616927.222909451 -0.421517 -0.137588 -3.155074 -0.050002 -0.286622 -0.081784 0.953236
1520616927.272910357 -0.425795 -0.136986 -3.135546 -0.050002 -0.286622 -0.081784 0.953236
1520616927.322912455 0.300735 0.050321 -0.952379 -0.017963 -0.095353 -0.024085 0.994990
1520616927.372913361 0.495817 0.157538 -1.357091 -0.028779 -0.140540 -0.036256 0.988992
1520616927.422914505 0.509861 0.149889 -1.806870 -0.044180 -0.177655 -0.046650 0.981993
1520616927.472916365 0.596570 0.098805 -2.236377 -0.062843 -0.212652 -0.055504 0.973524
1520616927.522918463 0.701819 0.065961 -2.633491 -0.079137 -0.248013 -0.065216 0.963314
1520616927.572919607 0.819041 -0.009867 -3.027850 -0.090115 -0.285685 -0.067010 0.951721
1520616927.622921467 0.969213 -0.028952 -3.399187 -0.097695 -0.318696 -0.070649 0.940158
1520616927.672922373 1.112150 -0.066684 -3.741203 -0.104491 -0.345452 -0.076676 0.929444
1520616927.722924471 1.261282 -0.120565 -4.063796 -0.110763 -0.371032 -0.084363 0.918123
1520616927.772925377 1.483432 -0.183770 -4.359735 -0.117811 -0.400301 -0.093589 0.903947
1520616927.822927475 1.738309 -0.311359 -4.629286 -0.126067 -0.434243 -0.098044 0.886526
1520616927.872929573 2.044524 -0.460306 -4.882517 -0.135352 -0.467902 -0.103068 0.867251
1520616927.922930479 2.365177 -0.635257 -5.118133 -0.147009 -0.499204 -0.112253 0.846512
1520616927.972932339 2.720959 -0.822562 -5.297130 -0.160062 -0.530006 -0.119303 0.824161
1520616928.022933483 3.047277 -1.047411 -5.440632 -0.174858 -0.558170 -0.122308 0.801817
1520616928.072935343 3.398150 -1.217992 -5.558862 -0.185640 -0.585463 -0.120918 0.779840
1520616928.122936487 3.758803 -1.321877 -5.654706 -0.191677 -0.610965 -0.119027 0.758824
1520616928.172938585 4.126304 -1.402211 -5.724486 -0.195393 -0.635854 -0.121273 0.736752
1520616928.222940445 4.487712 -1.448029 -5.779822 -0.197158 -0.660540 -0.125570 0.713476
1520616928.272941589 4.794596 -1.473687 -5.869382 -0.198476 -0.680705 -0.131127 0.692859
1520616928.322943449 5.096690 -1.499308 -5.958776 0.198020 0.699461 0.135661 -0.673155
1520616928.372945309 5.338205 -1.544067 -6.078342 0.198862 0.714037 0.139972 -0.656515
1520616928.418319702 5.525020 -1.615866 -6.131434 0.198673 0.725424 0.140452 -0.643865
1520616928.468320847 5.667578 -1.555683 -6.328814 0.197595 0.735025 0.139828 -0.633358
1520616928.518322706 5.781585 -1.576930 -6.570819 0.198058 0.742307 0.133292 -0.626088
1520616928.568324566 5.852425 -1.534060 -6.843996 0.196717 0.748022 0.121859 -0.622026
1520616928.618325710 5.932098 -1.435639 -7.113128 0.192084 0.754748 0.106734 -0.618116
1520616928.668327570 5.997835 -1.256979 -7.376462 0.182696 0.762131 0.087430 -0.614927
1520616928.718328476 6.067793 -1.139685 -7.617708 0.177185 0.768978 0.072569 -0.609928
1520616928.768330812 6.165703 -1.019708 -7.838213 0.170494 0.776652 0.056691 -0.603763
1520616928.816122532 6.104737 -1.057661 -8.098335 0.167540 0.782249 0.039057 -0.598742
1520616928.866124868 6.144946 -1.034122 -8.268022 0.163281 0.789845 0.021786 -0.590770
1520616928.916126728 6.334772 -0.975234 -8.382637 0.156593 0.800142 0.004634 -0.578990
1520616928.966127634 6.463728 -0.958079 -8.534474 0.150162 0.808642 -0.014013 -0.568641
1520616929.016128778 6.588841 -0.971008 -8.695880 0.145079 0.815744 -0.034913 -0.558834
1520616929.066235542 6.673446 -1.009709 -8.892915 0.140271 0.820770 -0.058800 -0.550639
1520616929.116132498 6.699555 -1.010475 -9.137838 0.132183 0.823235 -0.087544 -0.545112
1520616929.166133642 6.607932 -1.079936 -9.456974 0.126375 0.820407 -0.117724 -0.545072
1520616929.215279818 6.310353 -1.233086 -9.880337 0.121835 0.811974 -0.148475 -0.551189
1520616929.265280724 6.083991 -1.321276 -10.236479 0.115012 0.804965 -0.176154 -0.554773
1520616929.315282583 5.922301 -1.448561 -10.542637 0.110533 0.799364 -0.197981 -0.556420
1520616929.365283728 5.783841 -1.604461 -10.823667 0.107810 0.794646 -0.216309 -0.556888
1520616929.415285826 5.735697 -1.791336 -11.055843 0.108642 0.791881 -0.230146 -0.555117
1520616929.465287685 5.713506 -2.040999 -11.278319 0.110328 0.789101 -0.244501 -0.552600
1520616929.515288830 5.651586 -2.320463 -11.512937 0.110265 0.785013 -0.262175 -0.550328
1520616929.565290689 5.556698 -2.590933 -11.775444 0.108586 0.778942 -0.280505 -0.550250
1520616929.614524364 5.463369 -2.819807 -12.040684 0.105678 0.771942 -0.298176 -0.551388
1520616929.664526224 5.245598 -3.178602 -12.326721 0.106083 0.761607 -0.316798 -0.555284
1520616929.714527607 4.944595 -3.589543 -12.626368 0.106439 0.748831 -0.336158 -0.561177
1520616929.764529467 4.606591 -3.986476 -12.926155 0.106835 0.735447 -0.353004 -0.568412
1520616929.814530611 4.191921 -4.278166 -13.256321 0.105023 0.722141 -0.366498 -0.577201
1520616929.864532471 3.768025 -4.576616 -13.584379 0.101199 0.708297 -0.379946 -0.586272
1520616929.914534330 3.357379 -4.888003 -13.893969 0.095961 0.694702 -0.392776 -0.594902
1520616929.964535475 2.938718 -5.121851 -14.200771 0.087262 0.682120 -0.405778 -0.602031
1520616930.014537573 2.623273 -5.458324 -14.464428 0.076775 0.668276 -0.423993 -0.606418
1520616930.064171791 2.095961 -5.778807 -14.710998 0.061594 0.649498 -0.446556 -0.612329
1520616930.114172697 1.596227 -6.320632 -14.864988 0.048853 0.627131 -0.469698 -0.619438
1520616930.164174795 0.962085 -6.877601 -15.008836 -0.038745 -0.603910 0.485672 0.630804
1520616930.214175701 0.181273 -7.275596 -15.161968 -0.028698 -0.581410 0.494078 0.645775
1520616930.264177561 -0.832831 -7.601879 -15.292131 -0.023901 -0.559011 0.491811 0.667126
1520616930.314179897 -2.026817 -7.807524 -15.364295 -0.018356 -0.534815 0.484788 0.691822
1520616930.364180803 -3.392659 -7.947377 -15.333595 -0.009433 -0.506098 0.476418 0.718889
1520616930.414182901 -4.899324 -8.031692 -15.133815 -0.002303 -0.474291 0.465148 0.747449
1520616930.464092970 -6.490574 -8.117573 -14.737341 0.001998 -0.438911 0.451593 0.776799
1520616930.514094114 -8.051568 -8.216145 -14.105487 0.006232 -0.399016 0.440144 0.804376
1520616930.564095974 -9.556776 -8.458010 -13.209349 0.009967 -0.353945 0.432665 0.829111
1520616930.614097834 -10.730473 -8.939470 -12.160731 0.012298 -0.307798 0.433723 0.846755
1520616930.664098978 -11.865248 -9.292659 -10.979205 0.007499 -0.261779 0.428573 0.864720
1520616930.714184046 -13.066201 -9.474127 -9.534093 0.002963 -0.210367 0.419687 0.882950
1520616930.764102221 -14.223746 -9.443228 -7.857067 0.002137 -0.154640 0.408035 0.899772
1520616930.814104080 -15.170215 -9.352545 -6.049722 0.007519 -0.096901 0.398237 0.912119
1520616930.864392042 -15.839024 -9.153220 -4.256633 0.011779 -0.041965 0.386287 0.921348
1520616930.914393902 -16.446898 -8.630287 -2.564010 0.020235 0.008667 0.367808 0.929641
1520616930.964395046 -16.902209 -7.934768 -1.048237 0.025883 0.053227 0.345742 0.936461
1520616931.014396906 -17.278597 -7.029177 0.287600 0.029827 0.092458 0.318342 0.942985
1520616931.064398766 -17.483917 -6.221479 1.274492 0.031905 0.122432 0.294259 0.947314
1520616931.114399910 -17.653344 -5.414553 1.799375 0.035767 0.140352 0.271639 0.951438
1520616931.164402008 -17.847042 -4.534960 1.855893 0.039195 0.145480 0.246527 0.957352
1520616931.214402914 -18.046303 -3.534170 1.492023 0.043996 0.139071 0.220453 0.964429
1520616931.265215397 -18.215848 -2.338522 0.932202 0.038405 0.127884 0.187287 0.973188
1520616931.315216541 -18.326353 -1.276583 0.342099 0.029882 0.116586 0.159957 0.979759
1520616931.365218639 -18.353669 -0.257224 -0.488538 0.007463 0.100954 0.130665 0.986245
1520616931.415219784 -18.305135 0.656624 -1.351403 -0.015819 0.085380 0.102995 0.990884
1520616931.465221643 -18.175026 1.441204 -2.203965 -0.035295 0.070399 0.078105 0.993830
1520616931.515223503 -18.048761 1.873474 -2.948594 -0.051631 0.057759 0.061929 0.995069
1520616931.565224648 -17.890254 2.248810 -3.659139 -0.064470 0.045758 0.047460 0.995740
1520616931.615226507 -17.706116 2.738327 -4.288267 -0.074022 0.035678 0.029964 0.996168
1520616931.666054964 -17.459632 3.235963 -4.951308 -0.081030 0.024562 0.012113 0.996335
1520616931.716056108 -17.176652 3.690770 -5.645719 -0.088504 0.012383 -0.005454 0.995984
1520616931.766057968 -16.844239 4.180493 -6.409597 -0.093814 -0.002174 -0.023498 0.995310
1520616931.816059828 -16.470540 4.487381 -7.325378 -0.099278 -0.021821 -0.037390 0.994118
1520616931.866060972 -15.960259 4.788852 -8.376264 -0.105124 -0.045918 -0.052261 0.992023
1520616931.916063070 -15.360826 5.243422 -9.381482 -0.107670 -0.069868 -0.070391 0.989227
1520616931.966063976 -14.718413 5.529960 -10.373820 -0.107947 -0.095358 -0.083335 0.986058
1520616932.016065121 -14.175479 5.732419 -11.190430 -0.108091 -0.116756 -0.093540 0.982820
1520616932.066485405 -13.632682 5.796958 -12.009502 -0.104796 -0.140175 -0.097089 0.979766
1520616932.116487503 -13.040731 5.645647 -12.912806 -0.109198 -0.164908 -0.099365 0.975196
1520616932.166488409 -12.403755 5.438918 -13.850472 -0.120037 -0.189891 -0.104358 0.968835
1520616932.216489553 -11.444100 4.839393 -15.074036 -0.139499 -0.224746 -0.106734 0.958456
1520616932.266491413 -10.220718 3.820774 -16.389723 -0.167637 -0.265987 -0.106229 0.943326
1520616932.316493273 -8.887639 2.761623 -17.572837 -0.206037 -0.303952 -0.117798 0.922651
1520616932.366553307 -7.422125 1.657359 -18.553760 -0.240399 -0.342243 -0.128586 0.899191
1520616932.416496277 -5.810111 0.519660 -19.350809 -0.268724 -0.382714 -0.136408 0.873333
1520616932.466497421 -4.137725 -0.640025 -19.925561 -0.292875 -0.422850 -0.142015 0.845727
1520616932.516465902 -2.490416 -1.575618 -20.259852 -0.310981 -0.459385 -0.148895 0.818588
1520616932.566466808 -0.948045 -2.576462 -20.412552 -0.329333 -0.492640 -0.154887 0.790478
1520616932.616468668 0.477266 -3.603208 -20.399035 -0.347442 -0.522651 -0.159699 0.761982
1520616932.666471004 1.689089 -4.689958 -20.242254 -0.366036 -0.548339 -0.161208 0.734408
1520616932.716471910 2.719342 -5.787815 -19.974505 -0.385121 -0.570205 -0.161826 0.707361
1520616932.766473770 3.689000 -6.864897 -19.604622 -0.402626 -0.590772 -0.160503 0.680529
1520616932.816474915 4.376449 -7.823183 -19.224718 -0.419048 -0.605747 -0.158226 0.657597
1520616932.866476774 4.862898 -8.680326 -18.852165 -0.435344 -0.616341 -0.157588 0.636997
1520616932.915743589 5.573945 -9.431050 -18.408454 0.444956 0.631644 0.152454 -0.616277
1520616932.965745449 6.220245 -10.085212 -17.969038 0.452703 0.645878 0.146426 -0.597043
1520616933.015746355 6.802614 -10.769278 -17.464401 0.463152 0.658121 0.144080 -0.575854
1520616933.065748453 7.343584 -11.583320 -16.829881 0.475736 0.670091 0.139339 -0.552484
1520616933.115750313 7.868562 -12.495306 -16.038082 0.489220 0.682596 0.130609 -0.526942
1520616933.165751219 8.214887 -13.500328 -15.129322 0.505728 0.692351 0.119786 -0.500540
1520616933.215753555 8.774236 -14.418988 -14.050938 0.518402 0.705673 0.106579 -0.471090
1520616933.265754461 9.355429 -15.171505 -12.959027 0.528000 0.718795 0.093484 -0.442505
1520616933.314913273 10.031580 -15.731040 -11.875497 0.532596 0.733220 0.079584 -0.415207
1520616933.364915133 10.685310 -16.095485 -10.910157 0.534718 0.746368 0.070484 -0.389928
1520616933.414917231 11.149132 -16.449810 -10.022446 0.538217 0.756026 0.061864 -0.367314
1520616933.464918375 11.678162 -16.771185 -8.958132 0.541334 0.766948 0.055075 -0.340168
1520616933.514920235 12.332510 -17.020119 -7.637865 0.542461 0.780401 0.048648 -0.307154
1520616933.564921141 12.754567 -17.276555 -6.331633 0.545854 0.790359 0.043917 -0.274675
1520616933.614923239 13.196849 -17.447886 -4.911128 0.547575 0.800712 0.039773 -0.239666
1520616933.664924145 13.528255 -17.521713 -3.587430 0.548468 0.809372 0.039016 -0.206344
1520616933.714437008 13.598852 -17.618372 -2.525501 0.551692 0.813713 0.041274 -0.178337
1520616933.764437914 13.631946 -17.737691 -1.253037 0.554946 0.817962 0.039502 -0.146328
1520616933.814439058 13.506292 -17.866188 -0.088304 0.559782 0.819497 0.037830 -0.116778
1520616933.864441156 13.197550 -18.035949 0.968598 0.566987 0.818044 0.036298 -0.089508
1520616933.914443016 12.849900 -18.148401 2.100955 0.573385 0.816345 0.033926 -0.060492
1520616933.964444160 12.215585 -18.374556 3.194910 0.584810 0.809937 0.031153 -0.032072
1520616934.014483929 11.381221 -18.590075 4.438585 0.598059 0.800905 0.029578 0.001308
1520616934.064446926 10.715637 -18.527955 5.783018 0.603996 0.795497 0.029862 0.038494
1520616934.114621401 10.017681 -18.387261 7.102897 0.608768 0.789277 0.027560 0.075399
1520616934.164622545 9.245406 -18.157509 8.380542 0.612450 0.782015 0.025974 0.112622
1520616934.214624405 8.626359 -17.721566 9.633265 0.609977 0.777646 0.025078 0.150218
1520616934.264626503 7.823458 -17.266993 10.826807 0.609118 0.770140 0.023725 0.187877
1520616934.314627647 6.952014 -16.670421 12.069644 0.607030 0.761334 0.018556 0.227026
1520616934.364629507 6.074499 -15.962711 13.261667 0.603886 0.751715 0.010103 0.264847
1520616934.414630413 5.285865 -15.155981 14.334211 0.597555 0.743245 0.001936 0.300851
1520616934.464632511 4.540703 -14.246865 15.325989 0.586844 0.736102 -0.003862 0.337274
1520616934.514633417 3.594040 -13.267312 16.266563 0.574483 0.726149 -0.007254 0.377658
1520616934.566385984 3.533275 -13.205173 16.316024 0.561033 0.714820 -0.010632 0.417326
1520616934.616386890 3.533275 -13.205173 16.316024 0.561033 0.714820 -0.010632 0.417326
1520616934.666388750 -0.156621 0.165909 -0.973624 -0.031890 -0.033342 0.003502 0.998929
1520616934.716390848 -0.181939 0.327697 -1.942364 -0.066098 -0.067897 0.008343 0.995465
1520616934.766391754 -0.201064 0.373876 -2.941574 -0.102645 -0.104082 0.017438 0.989104
1520616934.816393614 -0.178930 0.288162 -3.940468 -0.137790 -0.138839 0.025046 0.980362
1520616934.866394997 -0.003200 0.130856 -4.919468 -0.170093 -0.171267 0.030301 0.969958
1520616934.916396856 -0.013548 -0.111124 -5.825679 -0.198901 -0.199082 0.039140 0.958787
1520616934.967000246 0.331243 -0.242429 -6.691818 -0.221947 -0.228174 0.053319 0.946485
1520616935.017002344 0.362915 -0.453587 -7.472615 -0.243016 -0.250598 0.069398 0.934520
1520616935.067003489 0.470258 -0.714866 -8.222879 -0.261687 -0.276110 0.089350 0.920489
1520616935.117005348 0.633410 -0.937360 -8.962096 -0.278947 -0.299237 0.104867 0.906448
1520616935.167006493 0.929106 -1.082945 -9.658399 -0.292971 -0.323885 0.124354 0.890956
1520616935.217008352 1.223187 -1.229170 -10.293882 -0.304444 -0.349489 0.148800 0.873516
1520616935.267009258 1.489473 -1.345979 -10.886480 -0.314083 -0.373027 0.174633 0.855398
1520616935.317011356 1.735254 -1.434944 -11.444225 -0.324354 -0.394649 0.198191 0.836521
1520616935.366678238 1.969041 -1.654092 -11.988453 -0.334993 -0.411436 0.223789 0.817569
1520616935.416680098 2.341580 -1.904291 -12.539243 -0.344679 -0.426990 0.249873 0.797771
1520616935.466681242 2.719785 -2.074413 -13.098913 -0.349891 -0.441770 0.278683 0.777658
1520616935.516683340 3.119551 -2.274217 -13.632699 -0.354777 -0.452916 0.305931 0.758555
1520616935.566684246 3.456076 -2.466847 -14.190754 -0.360604 -0.459298 0.330009 0.741690
1520616935.616686344 3.814405 -2.762416 -14.756072 -0.369298 -0.460659 0.351702 0.726442
1520616935.666701317 4.324446 -2.994091 -15.320407 -0.379390 -0.458706 0.370936 0.712782
1520616935.716689110 4.698706 -3.293266 -15.873911 -0.389945 -0.451819 0.390525 0.700923
1520616935.765532970 4.541600 -3.734123 -16.200943 -0.401341 -0.434974 0.407026 0.695739
1520616935.815534830 4.564286 -4.298850 -16.624137 -0.410488 -0.417114 0.422760 0.691946
1520616935.865536690 4.713714 -4.816346 -17.314401 -0.416873 -0.400546 0.431552 0.692490
1520616935.915537834 4.836885 -5.200101 -17.970498 -0.419809 -0.385755 0.435631 0.696548
1520616935.965539932 4.848400 -5.212171 -18.800665 -0.416078 -0.371890 0.433675 0.707463
1520616936.015540838 4.789194 -5.402977 -19.579004 -0.410265 -0.354482 0.428372 0.722857
1520616936.065542936 4.371181 -5.342300 -20.448410 -0.398498 -0.333934 0.418486 0.744686
1520616936.115543842 3.828635 -5.106944 -21.405336 -0.381822 -0.314747 0.405124 0.768779
1520616936.165092707 3.310953 -5.004015 -22.269020 -0.364288 -0.297479 0.393511 0.789905
1520616936.215093613 2.151371 -4.480640 -23.194792 -0.342643 -0.276675 0.383522 0.811762
1520616936.265095472 1.394289 -4.173826 -23.887359 -0.327119 -0.258914 0.372797 0.828842
1520616936.315097570 0.569021 -3.849390 -24.534569 -0.313295 -0.240497 0.358790 0.845741
1520616936.365098476 -0.009703 -3.260149 -25.147543 -0.297037 -0.228857 0.344606 0.860604
1520616936.415100336 -0.437049 -2.456702 -25.762885 -0.277787 -0.223954 0.334538 0.872218
1520616936.465101480 -0.598582 -1.571679 -26.312745 -0.256995 -0.225913 0.327556 0.880695
1520616936.515103579 -0.864456 -0.615335 -26.834564 -0.234663 -0.228106 0.323423 0.887862
1520616936.570525169 -0.888627 -0.527980 -26.876812 -0.212197 -0.230170 0.319104 0.894521
1520616936.620527029 -0.888627 -0.527980 -26.876812 -0.212197 -0.230170 0.319104 0.894521
1520616936.670529127 -0.883793 -0.545451 -26.868362 -0.212197 -0.230170 0.319104 0.894521
1520616936.720531225 -0.879926 -0.559428 -26.861602 -0.212197 -0.230170 0.319104 0.894521
1520616936.770532131 -0.876832 -0.570609 -26.856195 -0.212197 -0.230170 0.319104 0.894521
1520616936.820533991 -0.267171 -0.371715 -0.889071 -0.006053 -0.026186 0.040139 0.998833
1520616936.870535135 -0.361368 -0.375858 -1.085718 -0.006346 -0.034883 0.056103 0.997795
1520616936.920536995 -0.387038 -0.398794 -1.296149 -0.007013 -0.046483 0.070146 0.996428
1520616936.970537901 -0.431779 -0.421984 -1.507419 -0.008438 -0.060591 0.079694 0.994940
1520616937.023215294 -0.489470 -0.375188 -1.745019 -0.008281 -0.077667 0.082799 0.993501
1520616937.073216438 -0.495723 -0.364885 -1.949484 -0.009407 -0.096320 0.081195 0.991989
1520616937.123218536 -0.480414 -0.330245 -2.155821 -0.009588 -0.113681 0.080747 0.990184
1520616937.173219442 -0.483577 -0.311266 -2.360501 -0.012509 -0.128066 0.085721 0.987975
1520616937.223221540 -0.459019 -0.333031 -2.563372 -0.021142 -0.139580 0.094922 0.985424
1520616937.273223400 -0.450076 -0.336753 -2.762363 -0.034644 -0.147519 0.102898 0.983082
1520616937.323225260 -0.438600 -0.378086 -2.959772 -0.054236 -0.152958 0.109844 0.980610
1520616937.373225451 -0.414275 -0.452999 -3.158256 -0.078085 -0.156975 0.111093 0.978223
1520616937.423227310 -0.341070 -0.474038 -3.353911 -0.098274 -0.164207 0.104914 0.975895
1520616937.473229647 -0.262849 -0.493548 -3.539721 -0.112899 -0.169506 0.097247 0.974199
1520616937.523230553 -0.230749 -0.442402 -3.715334 -0.117779 -0.169790 0.085858 0.974642
1520616937.573232412 -0.162412 -0.364142 -3.902605 -0.116067 -0.171033 0.074019 0.975601
1520616937.623233557 -0.141230 -0.300028 -4.077658 -0.112348 -0.172819 0.063535 0.976460
1520616937.673235416 -0.080364 -0.257044 -4.258535 -0.109315 -0.177382 0.049402 0.976804
1520616937.723236322 -0.046581 -0.245924 -4.435518 -0.106059 -0.177029 0.036735 0.977785
1520616937.773238420 -0.061971 -0.243869 -4.608540 -0.102473 -0.171587 0.025611 0.979490
1520616937.823239326 -0.101782 -0.212309 -4.789431 -0.098311 -0.163275 0.016466 0.981532
1520616937.873241425 -0.158787 -0.195027 -4.974679 -0.096532 -0.155496 0.009874 0.983059
1520616937.923243523 -0.235291 -0.201060 -5.159341 -0.099157 -0.146334 0.003209 0.984248
1520616937.973244429 -0.322811 -0.219761 -5.344572 -0.105720 -0.137612 -0.004606 0.984817
1520616938.023246288 -0.399701 -0.253946 -5.526571 -0.114710 -0.132934 -0.013358 0.984374
1520616938.073248625 -0.411660 -0.276566 -5.710935 -0.123354 -0.135709 -0.019091 0.982854
1520616938.123249292 -0.381929 -0.304791 -5.902882 -0.132412 -0.142261 -0.027580 0.980545
1520616938.173250675 -0.322860 -0.331599 -6.097477 -0.140459 -0.151991 -0.035743 0.977697
1520616938.223252535 -0.275920 -0.376338 -6.286264 -0.149624 -0.161635 -0.044198 0.974440
1520616938.273254395 -0.273011 -0.456532 -6.469313 -0.160982 -0.168849 -0.051199 0.971058
1520616938.323255539 -0.270785 -0.573112 -6.643480 -0.173946 -0.178248 -0.053834 0.966991
1520616938.373257399 -0.246818 -0.736282 -6.809580 -0.189037 -0.191211 -0.053115 0.961708
1520616938.423259497 -0.197844 -0.949502 -6.947105 -0.205702 -0.208250 -0.047531 0.955018
1520616938.473260641 -0.165837 -1.226068 -7.072537 -0.224594 -0.224556 -0.044070 0.947201
1520616938.523262501 -0.067079 -1.356230 -7.209510 -0.235493 -0.244097 -0.045077 0.939642
1520616938.573263407 0.275881 -1.436877 -7.363910 -0.238442 -0.278116 -0.041595 0.929552
1520616938.623264551 0.834443 -1.372453 -7.503587 -0.230999 -0.323560 -0.037974 0.916791
1520616938.673266411 1.372259 -1.348328 -7.590073 -0.221743 -0.367898 -0.034971 0.902363
1520616938.723268270 1.862101 -1.255053 -7.633541 -0.209418 -0.407997 -0.038186 0.887820
1520616938.773270607 2.306922 -1.154824 -7.644089 -0.196033 -0.445009 -0.042108 0.872791
1520616938.823271513 2.829568 -1.092931 -7.618078 -0.183670 -0.484704 -0.043404 0.854075
1520616938.873275280 3.321453 -1.072287 -7.553767 -0.175389 -0.521815 -0.043604 0.833694
1520616938.923274517 3.778190 -1.163391 -7.446419 -0.173917 -0.555214 -0.042054 0.812232
1520616938.973276377 4.309620 -1.250278 -7.269527 -0.172065 -0.591258 -0.036874 0.787050
1520616939.023277521 4.767601 -1.218312 -7.075992 -0.167123 -0.623607 -0.034583 0.762882
1520616939.073279381 5.222837 -1.104845 -6.844301 -0.158307 -0.654923 -0.035322 0.738083
1520616939.123280287 5.673564 -0.875883 -6.559388 -0.141384 -0.686410 -0.032814 0.712583
1520616939.173282623 6.122109 -0.682248 -6.221573 0.128163 0.716154 0.034152 -0.685224
1520616939.223283529 6.492382 -0.513690 -5.895304 0.117992 0.741384 0.035215 -0.659687
1520616939.273285389 6.777809 -0.400576 -5.627387 0.111556 0.761423 0.032838 -0.637739
1520616939.323286533 7.000848 -0.293095 -5.406987 0.106236 0.778200 0.023487 -0.618520
1520616939.373288393 7.182808 -0.181891 -5.225690 0.102392 0.792637 0.008572 -0.600973
1520616939.423289299 7.338408 -0.107184 -5.090745 0.101104 0.804507 -0.014811 -0.585087
1520616939.473291636 7.464795 -0.048944 -5.038401 0.101538 0.812521 -0.040261 -0.572608
1520616939.523293495 7.505127 0.099962 -5.117059 0.096238 0.815770 -0.067621 -0.566291
1520616939.573294401 7.498990 0.276204 -5.288312 0.089061 0.815259 -0.091738 -0.564806
1520616939.623296499 7.445196 0.343677 -5.556405 0.087601 0.810066 -0.107418 -0.569721
1520616939.673298359 7.368024 0.324177 -5.870796 0.090594 0.802616 -0.115516 -0.578150
1520616939.723299265 7.281748 0.221007 -6.205614 0.097097 0.793699 -0.115797 -0.589241
1520616939.773300409 7.143595 0.081559 -6.600102 0.104003 0.782059 -0.111729 -0.604222
1520616939.823302507 6.938752 0.019805 -7.026524 0.106127 0.769014 -0.109200 -0.620830
1520616939.871281385 6.702600 -0.180672 -7.380820 0.113855 0.755426 -0.103365 -0.636934
1520616939.921282291 6.436234 -0.354473 -7.753752 0.120923 0.740585 -0.098987 -0.653538
1520616939.971284389 6.184030 -0.642507 -8.074605 0.133253 0.726445 -0.091774 -0.667906
1520616940.021286488 5.952865 -0.900046 -8.359123 0.144506 0.713721 -0.083849 -0.680213
1520616940.071287394 5.758539 -1.073333 -8.605977 0.152163 0.703529 -0.074450 -0.690182
1520616940.121289492 5.626467 -1.137978 -8.805332 -0.155677 -0.696764 0.060434 0.697590
1520616940.171291351 5.496399 -1.088857 -9.001671 -0.155450 -0.690483 0.041546 0.705225
1520616940.221292257 5.307039 -0.946508 -9.231856 -0.152385 -0.681718 0.019338 0.715308
1520616940.268473387 5.073656 -0.871892 -9.482071 -0.150328 -0.672414 0.001535 0.724747
1520616940.318474293 5.005948 -0.632413 -9.575948 -0.140806 -0.669241 -0.011716 0.729488
1520616940.368476152 4.979357 -0.379478 -9.654169 -0.131030 -0.668698 -0.020543 0.731609
1520616940.418477297 5.004497 -0.296732 -9.688121 -0.128001 -0.669798 -0.026961 0.730930
1520616940.468478203 5.119065 -0.334653 -9.678804 -0.129578 -0.674680 -0.029690 0.726040
1520616940.518480062 5.260224 -0.429770 -9.649002 -0.133578 -0.680840 -0.031702 0.719451
1520616940.568482399 5.396266 -0.522202 -9.610954 -0.137041 -0.687457 -0.030416 0.712529
1520616940.618483305 5.585273 -0.621317 -9.536760 -0.138885 -0.696947 -0.022111 0.703198
1520616940.667239189 5.770133 -0.760750 -9.470244 0.141136 0.706018 0.008908 -0.693931
1520616940.717152119 5.945529 -0.788994 -9.399345 0.138034 0.715253 -0.008212 -0.685049
1520616940.767154217 6.137638 -0.672131 -9.319870 0.127979 0.725498 -0.028523 -0.675618
1520616940.817155123 6.293390 -0.637508 -9.255348 0.123205 0.733378 -0.044034 -0.667111
1520616940.867156982 6.469171 -0.587739 -9.173815 0.118562 0.741787 -0.057636 -0.657550
1520616940.917158127 6.652646 -0.523629 -9.084289 0.113185 0.750285 -0.070907 -0.647483
1520616940.967159986 6.808522 -0.410509 -9.013183 0.106518 0.757803 -0.080946 -0.638620
1520616941.017160892 6.949688 -0.303460 -8.952457 0.100845 0.764533 -0.087359 -0.630625
1520616941.066149235 7.076407 -0.260516 -8.883200 0.097473 0.770432 -0.091975 -0.623277
1520616941.116151333 7.180736 -0.205491 -8.851046 0.094897 0.775212 -0.093644 -0.617472
1520616941.166152239 7.291600 -0.133980 -8.814603 0.091567 0.780123 -0.096730 -0.611283
1520616941.216154099 7.428140 -0.079168 -8.756258 0.089299 0.785718 -0.100520 -0.603795
1520616941.266155243 7.568219 -0.104745 -8.696265 0.090084 0.790609 -0.106965 -0.596139
1520616941.316157103 7.658376 -0.270060 -8.680550 0.097291 0.792692 -0.111959 -0.591303
1520616941.366159439 7.833453 -0.419298 -8.590600 0.104114 0.797440 -0.118547 -0.582405
1520616941.416160345 8.021909 -0.558710 -8.491453 0.108934 0.802230 -0.130655 -0.572268
1520616941.466162205 8.094337 -0.648391 -8.504136 0.110956 0.803075 -0.141530 -0.568091
1520616941.515747070 8.071576 -0.839219 -8.603316 0.117645 0.800034 -0.144227 -0.570355
1520616941.565748930 7.962640 -1.103514 -8.775399 0.128686 0.794363 -0.136993 -0.577633
1520616941.615750074 7.835325 -1.272910 -8.967861 0.136376 0.789012 -0.124493 -0.585972
1520616941.665752172 7.664970 -1.350145 -9.200309 0.139598 0.782807 -0.111656 -0.596035
1520616941.715754032 7.437384 -1.276170 -9.493152 0.137061 0.775250 -0.098573 -0.608674
1520616941.765755892 7.082776 -1.084322 -9.874953 0.129093 0.764044 -0.088920 -0.625831
1520616941.815757036 6.714457 -0.943250 -10.231822 0.123274 0.752089 -0.080347 -0.642425
1520616941.865758896 6.282619 -0.899693 -10.594623 0.122309 0.737609 -0.073111 -0.660022
1520616941.916064978 5.914328 -0.976732 -10.874172 0.126107 0.725039 -0.069145 -0.673524
1520616941.966065884 5.527288 -1.059439 -11.144822 0.129717 0.711768 -0.067865 -0.686989
1520616942.016067743 5.133232 -1.120615 -11.398882 -0.131466 -0.698543 0.069096 0.699986
1520616942.066070080 4.629149 -1.129969 -11.680142 -0.131226 -0.682199 0.068874 0.715989
1520616942.116070986 3.919429 -1.013726 -12.007297 -0.126853 -0.660132 0.066186 0.737397
1520616942.166072845 3.145909 -0.798617 -12.307020 -0.118415 -0.636442 0.063255 0.759552
1520616942.216076136 2.283014 -0.557481 -12.564553 -0.109836 -0.609993 0.058869 0.782546
1520616942.266075850 1.428114 -0.352777 -12.751643 -0.099841 -0.584025 0.060469 0.803300
1520616942.317450047 0.599237 -0.132386 -12.878953 -0.091711 -0.558357 0.059687 0.822353
1520616942.367389917 -0.216104 -0.076341 -12.944657 -0.091984 -0.532239 0.057117 0.839642
1520616942.417390823 -0.985117 -0.083648 -12.963781 -0.095558 -0.506881 0.054368 0.854977
1520616942.467392921 -1.610880 -0.137793 -12.952375 -0.099147 -0.486528 0.054851 0.866286
1520616942.517393827 -2.146976 -0.208288 -12.927816 -0.105596 -0.468670 0.052809 0.875448
1520616942.567395926 -2.689568 -0.289462 -12.877529 -0.115482 -0.450000 0.047204 0.884271
1520616942.617397070 -3.163489 -0.314088 -12.824398 -0.123632 -0.433803 0.041084 0.891539
1520616942.667398930 -3.635086 -0.251894 -12.757584 -0.136423 -0.416254 0.025191 0.898603
1520616942.716712475 -4.161892 -0.289927 -12.656557 -0.149288 -0.397107 0.015694 0.905413
1520616942.766713381 -4.625038 -0.421609 -12.557188 -0.162406 -0.380672 0.011454 0.910265
1520616942.816715479 -4.998659 -0.513633 -12.474399 -0.179727 -0.366388 0.001110 0.912938
1520616942.866716385 -5.044437 -0.747536 -12.504767 -0.198798 -0.364686 -0.006012 0.909641
1520616942.916718245 -4.433206 -1.137379 -12.765721 -0.214532 -0.388272 -0.006715 0.896201
1520616942.966719389 -3.311746 -1.702902 -13.097207 -0.221552 -0.430794 0.007922 0.874796
1520616943.016721487 -2.021736 -2.236683 -13.333919 -0.226194 -0.476275 0.024324 0.849357
1520616943.066723347 -0.733529 -2.594171 -13.455858 -0.226903 -0.519101 0.037340 0.823198
1520616943.117306709 0.543359 -2.867566 -13.457255 -0.223266 -0.559920 0.052506 0.796169
1520616943.167308807 1.748651 -2.807915 -13.411406 -0.212289 -0.597553 0.061461 0.770770
1520616943.217309713 3.093191 -2.756805 -13.221026 -0.201357 -0.637715 0.073191 0.739877
1520616943.267311573 4.555475 -2.649644 -12.857277 -0.191034 -0.679841 0.082773 0.703186
1520616943.317313910 5.914454 -2.465260 -12.372087 0.181134 0.718193 -0.088955 -0.665940
1520616943.367315769 7.281976 -2.304445 -11.697222 0.175514 0.755724 -0.090540 -0.624403
1520616943.417316675 8.527261 -2.135901 -10.902976 0.169759 0.789573 -0.095192 -0.581975
1520616943.467318773 9.648072 -1.953514 -10.008711 0.163183 0.819857 -0.105557 -0.538576
1520616943.516673803 10.660325 -1.587116 -9.039545 0.150884 0.847710 -0.120474 -0.494072
1520616943.566674948 11.360877 -1.233661 -8.243866 0.139434 0.867126 -0.136798 -0.458189
1520616943.616675854 11.854766 -0.730186 -7.627808 0.123478 0.881830 -0.149865 -0.429732
1520616943.666677713 12.126361 -0.196222 -7.271201 0.106005 0.891090 -0.158780 -0.411717
1520616943.716678858 12.159262 0.284200 -7.263704 0.088738 0.893837 -0.164802 -0.407457
1520616943.766680717 12.044989 0.861160 -7.458998 0.066195 0.892973 -0.174831 -0.409453
1520616943.816681623 11.805296 1.454692 -7.793980 0.040906 0.888551 -0.191562 -0.414858
1520616943.866683960 11.413548 2.103765 -8.269658 0.010388 0.879866 -0.217263 -0.422523
1520616943.916684866 10.838372 2.640172 -8.917596 -0.020606 0.865257 -0.249472 -0.434360
1520616943.965534925 10.775181 2.685932 -8.980150 -0.051551 0.848615 -0.281094 -0.445176
1520616944.015502930 10.775181 2.685932 -8.980150 -0.051551 0.848615 -0.281094 -0.445176
1520616944.065505028 10.787820 2.676780 -8.967639 -0.051551 0.848615 -0.281094 -0.445176
1520616944.115505934 10.787820 2.676780 -8.967639 -0.051551 0.848615 -0.281094 -0.445176
1520616944.165507793 10.797930 2.669458 -8.957631 -0.051551 0.848615 -0.281094 -0.445176
1520616944.215508938 10.797930 2.669458 -8.957631 -0.051551 0.848615 -0.281094 -0.445176
1520616944.265510798 10.806019 2.663601 -8.949624 -0.051551 0.848615 -0.281094 -0.445176
1520616944.315512896 0.273650 -0.093935 -0.957231 -0.023355 0.085615 -0.015284 0.995937
1520616944.365164280 0.300066 -0.207090 -1.455808 -0.037854 0.119216 -0.028329 0.991742
1520616944.415166378 0.253200 -0.336586 -1.962401 -0.051727 0.150987 -0.054103 0.985698
1520616944.465167284 0.145377 -0.513197 -2.466496 -0.064974 0.176530 -0.087837 0.978213
1520616944.515169382 -0.051059 -0.671556 -2.956487 -0.073410 0.200137 -0.129173 0.968437
1520616944.565170527 -0.345861 -0.733065 -3.416744 -0.073724 0.225352 -0.173454 0.955874
1520616944.615172386 -0.675209 -0.735533 -3.848388 -0.070555 0.247411 -0.219359 0.941112
1520616944.665174246 -1.004194 -0.721120 -4.258172 -0.067936 0.260625 -0.264754 0.925940
1520616944.715175390 -1.314755 -0.711278 -4.655806 -0.066297 0.265041 -0.311125 0.910252
1520616944.766013861 -1.376628 -0.705065 -4.734120 -0.064497 0.268816 -0.356743 0.892363
1520616944.816014767 -1.376628 -0.705065 -4.734120 -0.064497 0.268816 -0.356743 0.892363
1520616944.866017103 -0.470986 -0.110573 -0.875183 -0.019019 -0.017081 -0.040932 0.998835
1520616944.916018963 -1.054515 -0.240027 -1.751286 -0.036449 -0.035843 -0.080740 0.995423
1520616944.966019869 -1.556698 -0.303803 -2.725676 -0.048107 -0.059946 -0.115661 0.990310
1520616945.016021967 -1.905708 -0.273703 -3.692267 -0.052987 -0.089857 -0.145819 0.983796
1520616945.066023827 -2.076272 -0.175006 -4.732330 -0.055283 -0.124309 -0.174571 0.975200
1520616945.116024733 -2.113374 0.045255 -5.821331 -0.058479 -0.159558 -0.199894 0.964968
1520616945.167651892 -2.108592 0.063719 -5.919495 -0.061557 -0.194487 -0.224817 0.952808
1520616945.217653751 -2.108592 0.063719 -5.919495 -0.061557 -0.194487 -0.224817 0.952808
1520616945.267654657 -2.109549 0.060026 -5.899862 -0.061557 -0.194487 -0.224817 0.952808
1520616945.317655802 -2.109549 0.060026 -5.899862 -0.061557 -0.194487 -0.224817 0.952808
1520616945.367658854 -2.110314 0.057072 -5.884156 -0.061557 -0.194487 -0.224817 0.952808
1520616945.417658567 -2.110314 0.057072 -5.884156 -0.061557 -0.194487 -0.224817 0.952808
1520616945.467660904 -2.110926 0.054709 -5.871591 -0.061557 -0.194487 -0.224817 0.952808
1520616945.517661810 -2.111415 0.052818 -5.861539 -0.061557 -0.194487 -0.224817 0.952808
1520616945.572168112 -2.111415 0.052818 -5.861539 -0.061557 -0.194487 -0.224817 0.952808
1520616945.622176170 -2.111807 0.051305 -5.853498 -0.061557 -0.194487 -0.224817 0.952808
1520616945.672171116 0.278216 -0.140660 -0.950163 -0.047078 -0.055220 0.066192 0.995165
1520616945.722172260 0.491758 -0.212663 -1.362492 -0.072259 -0.075512 0.104302 0.989039
1520616945.772174120 0.724963 -0.280624 -1.740287 -0.092839 -0.090325 0.142546 0.981276
1520616945.822175264 0.974367 -0.335340 -2.109792 -0.107800 -0.099476 0.181252 0.972436
1520616945.872177124 1.203335 -0.440765 -2.487299 -0.119375 -0.099053 0.221366 0.962775
1520616945.922178984 1.472505 -0.476768 -2.844679 -0.122469 -0.090705 0.252093 0.955627
1520616945.972037554 1.628551 -0.527209 -3.278308 -0.121077 -0.072578 0.282429 0.948845
1520616946.023311377 1.718349 -0.546577 -3.794211 -0.117025 -0.047294 0.314022 0.940988
1520616946.073312283 1.765635 -0.584926 -4.199792 -0.115090 -0.020956 0.346603 0.930689
1520616946.123314381 1.771765 -0.599079 -4.622365 -0.115628 0.008234 0.382160 0.916797
1520616946.173315287 1.727861 -0.685594 -5.049661 -0.118986 0.040726 0.411315 0.902776
1520616946.223317146 1.653352 -0.765670 -5.480278 -0.122639 0.073018 0.433785 0.889640
1520616946.273319483 1.510394 -0.850910 -5.891950 -0.122911 0.105510 0.453826 0.876244
1520616946.323320389 1.181540 -0.913149 -6.315390 -0.114384 0.145062 0.471711 0.862185
1520616946.373322248 0.710588 -1.013877 -6.697485 -0.098837 0.189450 0.482497 0.849433
1520616946.423508406 0.224529 -1.162306 -7.050336 -0.081898 0.234542 0.484276 0.838904
1520616946.473510504 -0.289956 -1.348680 -7.335287 -0.066893 0.276690 0.480402 0.829567
1520616946.523511648 -0.724031 -1.567617 -7.592193 -0.056212 0.313874 0.471523 0.822186
1520616946.573513508 -1.262686 -1.784940 -7.814896 -0.044579 0.351351 0.455188 0.816926
1520616946.623515368 -1.738718 -2.028590 -8.020217 -0.036761 0.382866 0.433167 0.815125
1520616946.673517466 -2.246657 -2.251438 -8.204089 -0.030413 0.411842 0.409972 0.813255
1520616946.723518372 -2.756052 -2.394758 -8.384039 -0.021733 0.436304 0.381192 0.814776
1520616946.773519278 -3.333754 -2.419166 -8.537137 -0.006608 0.459319 0.347406 0.817491
1520616946.823521614 -3.921205 -2.316370 -8.693310 0.012069 0.478147 0.316609 0.819139
1520616946.873523474 -4.451909 -2.097961 -8.876827 0.033738 0.490580 0.284685 0.822890
1520616946.923524380 -4.959237 -1.765113 -9.065462 0.058431 0.499551 0.254333 0.826044
1520616946.973526478 -5.357583 -1.356855 -9.281265 0.083199 0.503845 0.225007 0.829813
1520616947.023527384 -5.686408 -0.997415 -9.528494 0.103883 0.504311 0.198350 0.833988
1520616947.073529243 -5.956832 -0.612922 -9.797190 0.123263 0.502356 0.166528 0.839472
1520616947.123530388 -6.120947 -0.186741 -10.145399 0.141047 0.495984 0.130988 0.846728
1520616947.173532486 -6.182734 0.105649 -10.560098 0.150561 0.484789 0.094929 0.856329
1520616947.223534346 -5.977516 0.128500 -11.099624 0.149510 0.466652 0.061828 0.869517
1520616947.273535490 -5.639231 -0.009283 -11.700369 0.143030 0.444206 0.034395 0.883765
1520616947.323536396 -5.140809 -0.138886 -12.303951 0.136802 0.418385 0.018392 0.897720
1520616947.373538494 -4.437502 -0.205841 -12.934857 0.133786 0.386712 0.011684 0.912370
1520616947.423539400 -3.511228 -0.127138 -13.587005 0.136735 0.348427 0.007047 0.927282
1520616947.473541260 -2.466215 0.010884 -14.150261 0.142173 0.307414 0.004268 0.940885
1520616947.523543596 -1.261374 0.152324 -14.643173 0.148680 0.263208 0.003226 0.953208
1520616947.573544502 -0.047457 0.098697 -15.037765 0.150063 0.219897 0.002806 0.963908
1520616947.621969700 1.075513 -0.048474 -15.356897 0.146874 0.179523 0.001876 0.972726
1520616947.671970606 2.320064 -0.492348 -15.492063 0.133309 0.140348 0.007008 0.981062
1520616947.721972704 3.449947 -1.021933 -15.546159 0.114512 0.104785 0.015989 0.987751
1520616947.771973610 4.537428 -1.559721 -15.514121 0.092416 0.073117 0.030697 0.992558
1520616947.821975470 5.639140 -1.970513 -15.384260 0.071509 0.041803 0.049207 0.995348
1520616947.871977806 6.874255 -2.153303 -15.103507 0.053877 0.008404 0.073757 0.995784
1520616947.921978712 8.034731 -2.163619 -14.768079 0.041078 -0.023285 0.094882 0.994368
1520616947.971980810 8.987847 -2.058957 -14.466279 0.031080 -0.048967 0.115707 0.991589
1520616948.021053553 9.785538 -1.898161 -14.158737 0.020907 -0.069281 0.139057 0.987637
1520616948.071054220 10.465545 -1.532075 -13.925469 0.011403 -0.084348 0.169374 0.981870
1520616948.121055126 10.982635 -1.087970 -13.775932 0.000452 -0.094103 0.203719 0.974496
1520616948.171057463 11.345163 -0.695318 -13.736882 -0.013937 -0.097890 0.240693 0.965552
1520616948.221059322 11.494533 -0.454024 -13.848046 -0.031206 -0.093982 0.276648 0.955855
1520616948.271061182 11.360622 -0.535307 -14.158664 -0.051993 -0.078725 0.307717 0.946789
1520616948.321062326 10.926749 -0.736660 -14.682661 -0.069178 -0.053782 0.334401 0.938348
1520616948.371063232 10.380336 -0.665275 -15.262783 -0.076307 -0.028757 0.362043 0.928588
1520616948.421172142 9.644264 -0.399937 -15.937751 -0.075258 -0.001823 0.391780 0.916974
1520616948.470330477 8.553177 -0.134303 -16.675226 -0.065069 0.030570 0.413450 0.907684
1520616948.520331621 7.107873 -0.009702 -17.453081 -0.047283 0.070160 0.423235 0.902061
1520616948.570333481 5.533056 -0.059124 -18.119040 -0.027274 0.111198 0.420706 0.899943
1520616948.620338440 4.107598 -0.225220 -18.591610 -0.009244 0.147550 0.407628 0.901101
1520616948.670336485 2.975218 -0.486064 -18.901861 0.003582 0.176602 0.388295 0.904448
1520616948.720337391 2.004340 -0.907138 -19.113808 0.011783 0.201948 0.361025 0.910351
1520616948.770339251 1.342145 -1.430340 -19.235651 0.014793 0.219432 0.327236 0.918993
1520616948.820340395 0.977223 -1.903994 -19.312806 0.014384 0.228653 0.295864 0.927349
1520616948.867841244 0.821428 -2.234034 -19.314232 0.016383 0.230072 0.260586 0.937493
1520616948.917842150 0.772318 -2.321141 -19.313409 0.018360 0.231179 0.224955 0.946369
1520616948.967948198 0.772318 -2.321141 -19.313409 0.018360 0.231179 0.224955 0.946369
1520616949.017845154 0.782140 -2.303719 -19.313574 0.018360 0.231179 0.224955 0.946369
1520616949.067847252 -0.145236 0.067030 -0.987124 -0.005705 -0.067020 -0.064220 0.995666
1520616949.117849112 -0.165794 0.044564 -1.484171 -0.015777 -0.113616 -0.081832 0.990023
1520616949.167850256 -0.105863 0.006461 -1.994942 -0.029149 -0.169208 -0.091315 0.980908
1520616949.217852116 0.021129 -0.057212 -2.505300 -0.039202 -0.227834 -0.097224 0.968040
1520616949.266531467 0.199739 -0.050938 -2.918108 -0.037857 -0.286484 -0.096536 0.952457
1520616949.316533566 0.650692 -0.033286 -3.213247 -0.030733 -0.346716 -0.092785 0.932864
1520616949.366534710 0.893927 -0.153450 -3.553386 -0.025624 -0.397415 -0.081046 0.913694
1520616949.416536570 1.186740 -0.206885 -3.871009 -0.021453 -0.439441 -0.057339 0.896183
1520616949.466538429 1.462451 -0.254909 -4.173674 -0.019831 -0.473647 -0.019268 0.880280
1520616949.516539574 1.834105 -0.255310 -4.445154 -0.020287 -0.499920 0.032290 0.865232
1520616949.566541672 2.213190 -0.308146 -4.740962 -0.026394 -0.518074 0.089407 0.850241
1520616949.616542578 2.438482 -0.305180 -5.074789 -0.033172 -0.525577 0.148273 0.837068
1520616949.665871620 2.487889 -0.459766 -5.442516 -0.036576 -0.522061 0.207831 0.826390
1520616949.715872526 2.451858 -0.610490 -5.852175 -0.035881 -0.509296 0.255370 0.821045
1520616949.765874624 2.271850 -0.757799 -6.290810 -0.030322 -0.488702 0.287856 0.823037
1520616949.815876722 1.989971 -0.914917 -6.769154 -0.021548 -0.462431 0.306465 0.831728
1520616949.865877390 1.587285 -1.062933 -7.252923 -0.013543 -0.432367 0.308612 0.847133
1520616949.915879726 1.177148 -1.275349 -7.690493 -0.011311 -0.405327 0.294573 0.865337
1520616949.965881586 0.734231 -1.354564 -8.087176 -0.013930 -0.383834 0.265164 0.884401
1520616950.015882492 0.329023 -1.408272 -8.432513 -0.019986 -0.371139 0.223165 0.901141
1520616950.065271616 0.062654 -1.359901 -8.732326 -0.024716 -0.369539 0.174820 0.912287
1520616950.115273476 -0.030736 -1.056733 -9.077288 -0.023456 -0.378169 0.120262 0.917592
1520616950.165274620 0.164308 -0.713166 -9.434860 -0.023566 -0.398069 0.066520 0.914637
1520616950.215276480 0.592028 -0.472627 -9.754394 -0.027168 -0.424246 0.022104 0.904869
1520616950.265277386 1.149082 -0.452012 -10.019002 -0.036011 -0.454945 -0.013508 0.889689
1520616950.315278530 1.892869 -0.550705 -10.232989 -0.045230 -0.490821 -0.039534 0.869187
1520616950.365280628 2.689124 -0.615368 -10.373096 -0.048007 -0.528048 -0.055371 0.846047
1520616950.415284395 3.505865 -0.651849 -10.439321 -0.045116 -0.564464 -0.060985 0.821964
1520616950.465303898 4.332017 -0.599252 -10.451766 -0.035258 -0.599032 -0.055840 0.797997
1520616950.515306711 5.082697 -0.396821 -10.428729 -0.017064 -0.628893 -0.036332 0.776455
1520616950.565306902 5.655421 0.022757 -10.455627 0.008105 -0.649559 -0.005250 0.760249
1520616950.615384817 5.930721 0.529404 -10.603388 0.038098 -0.659239 0.041917 0.749797
1520616950.665309906 6.029034 0.967661 -10.839625 0.066398 -0.660946 0.100287 0.740732
1520616950.715311766 5.813036 1.138907 -11.259900 0.085452 -0.648736 0.157989 0.739513
1520616950.765312672 5.392118 1.098634 -11.797208 0.099401 -0.625864 0.213699 0.743470
1520616950.815315008 4.890101 0.850293 -12.349991 0.109014 -0.597551 0.265416 0.748734
1520616950.865315914 4.251334 0.497451 -12.915310 0.115178 -0.564106 0.305594 0.758374
1520616950.915428638 3.484347 -0.019677 -13.475757 0.117795 -0.526205 0.338147 0.771291
1520616950.965429544 2.685945 -0.653520 -13.962191 0.116409 -0.486670 0.361808 0.786572
1520616951.015431404 1.759458 -1.409204 -14.346160 0.112950 -0.443714 0.380804 0.803336
1520616951.065433502 0.712538 -2.202735 -14.620623 0.106786 -0.398167 0.391305 0.822764
1520616951.115434408 -0.483386 -3.039150 -14.758770 0.099182 -0.348774 0.396182 0.843540
1520616951.165436506 -1.821989 -3.857930 -14.739573 0.091068 -0.297146 0.393782 0.865070
1520616951.215437651 -3.267522 -4.536765 -14.554514 0.084974 -0.245488 0.385488 0.885389
1520616951.265439510 -4.526745 -4.999036 -14.297538 0.080816 -0.200665 0.375389 0.901269
1520616951.315726757 -5.754621 -5.295678 -13.968162 0.077337 -0.159464 0.360836 0.915635
1520616951.365729094 -6.818548 -5.573462 -13.590889 0.069279 -0.124182 0.341194 0.929175
1520616951.415730953 -7.932314 -5.616318 -13.172153 0.062563 -0.090556 0.314408 0.942886
1520616951.465731859 -9.056811 -5.491478 -12.711118 0.057131 -0.057850 0.283835 0.955420
1520616951.515733957 -10.086149 -5.274359 -12.253073 0.054241 -0.027504 0.256142 0.964724
1520616951.565734863 -11.009542 -4.969859 -11.817102 0.047290 -0.001051 0.223188 0.973627
1520616951.615736723 -11.811653 -4.583711 -11.428781 0.038585 0.021598 0.188721 0.981035
1520616951.665739059 -12.546372 -4.161575 -11.064156 0.029640 0.042072 0.155682 0.986466
1520616951.717198133 -12.621267 -4.109698 -11.022930 0.020648 0.062477 0.122390 0.990298
1520616951.767200232 -12.621267 -4.109698 -11.022930 0.020648 0.062477 0.122390 0.990298
1520616951.817202091 -12.606288 -4.120074 -11.031175 0.020648 0.062477 0.122390 0.990298
1520616951.867202997 -0.236523 0.129042 -0.963019 -0.026129 0.013062 -0.048602 0.998391
1520616951.917204142 -0.385043 0.196038 -1.440267 -0.034294 0.010389 -0.071257 0.996814
1520616951.967206240 -0.501959 0.222190 -1.908036 -0.040295 0.000305 -0.094095 0.994747
1520616952.017208099 -0.590297 0.220884 -2.385029 -0.045162 -0.015739 -0.112833 0.992462
1520616952.067211151 -0.631374 0.134083 -2.871839 -0.052213 -0.037856 -0.124514 0.990120
1520616952.118067980 -0.635793 0.114881 -2.969879 -0.059229 -0.059948 -0.136111 0.987103
1520616952.168070078 -0.635793 0.114881 -2.969879 -0.059229 -0.059948 -0.136111 0.987103
1520616952.218072176 -0.634909 0.118721 -2.950271 -0.059229 -0.059948 -0.136111 0.987103
1520616952.268123150 -0.634202 0.121794 -2.934585 -0.059229 -0.059948 -0.136111 0.987103
1520616952.318075180 -0.634202 0.121794 -2.934585 -0.059229 -0.059948 -0.136111 0.987103
1520616952.368076086 -0.633637 0.124251 -2.922036 -0.059229 -0.059948 -0.136111 0.987103
1520616952.418077946 -0.633184 0.126218 -2.911996 -0.059229 -0.059948 -0.136111 0.987103
1520616952.468079090 -0.633184 0.126218 -2.911996 -0.059229 -0.059948 -0.136111 0.987103
1520616952.516940832 -0.632822 0.127791 -2.903965 -0.059229 -0.059948 -0.136111 0.987103
1520616952.566941977 -0.632822 0.127791 -2.903965 -0.059229 -0.059948 -0.136111 0.987103
1520616952.616943836 -0.632532 0.129049 -2.897540 -0.059229 -0.059948 -0.136111 0.987103
1520616952.666945934 -0.041786 0.005139 -0.999113 -0.033633 -0.077405 -0.005060 0.996419
1520616952.716946840 -0.009445 -0.051080 -1.476751 -0.062433 -0.114391 0.000111 0.991472
1520616952.766948938 0.045161 -0.166567 -1.955763 -0.097034 -0.148503 0.011125 0.984077
1520616952.816950083 0.145239 -0.305407 -2.375532 -0.133138 -0.179792 0.026477 0.974294
1520616952.866951942 0.274062 -0.477205 -2.785418 -0.167658 -0.212769 0.043744 0.961617
1520616952.915787458 0.421100 -0.840000 -3.247695 -0.198564 -0.249744 0.067218 0.945348
1520616952.965788364 0.682182 -1.089018 -3.591440 -0.225297 -0.287314 0.083937 0.927171
1520616953.015789509 0.980796 -1.279217 -3.885720 -0.248573 -0.328139 0.095300 0.906341
1520616953.065791607 1.372203 -1.480090 -4.097432 -0.269770 -0.373515 0.107538 0.880991
1520616953.115793705 1.812903 -1.605654 -4.245210 -0.288251 -0.423294 0.112261 0.851546
1520616953.165794611 2.263167 -1.755220 -4.319066 -0.306376 -0.473114 0.117510 0.817611
1520616953.215796471 2.701909 -1.909947 -4.317870 -0.324590 -0.521380 0.119996 0.780003
1520616953.265798569 3.183714 -2.062492 -4.225580 -0.338998 -0.568668 0.124269 0.739090
1520616953.315800667 3.625491 -2.174970 -4.079299 -0.349762 -0.614031 0.124098 0.696586
1520616953.365205050 3.991314 -2.251300 -3.921051 0.357508 0.655458 -0.118627 -0.654592
1520616953.415205956 4.359199 -2.305613 -3.713224 0.363203 0.693759 -0.112500 -0.611658
1520616953.465208054 4.650700 -2.332911 -3.488185 0.368962 0.726572 -0.106409 -0.569770
1520616953.515209913 4.906764 -2.347621 -3.245005 0.372873 0.757591 -0.103121 -0.525725
1520616953.565210819 5.093690 -2.399654 -3.005657 0.379333 0.783428 -0.099821 -0.482061
1520616953.615213156 5.230288 -2.454893 -2.752940 0.390852 0.804099 -0.092772 -0.438237
1520616953.665214062 5.330924 -2.488390 -2.485738 0.401493 0.822598 -0.088807 -0.392745
1520616953.715215206 5.373825 -2.530491 -2.246714 0.409564 0.839061 -0.086632 -0.347460
1520616953.765325308 5.376166 -2.483235 -2.078697 0.415429 0.852395 -0.080595 -0.307156
1520616953.815323353 5.332058 -2.475952 -1.963298 0.421869 0.862413 -0.073364 -0.269977
1520616953.865325212 5.249088 -2.477550 -1.930641 0.426756 0.870274 -0.066581 -0.236791
1520616953.915348530 5.139347 -2.423275 -1.960004 0.430565 0.876298 -0.060531 -0.207490
1520616953.965328455 5.036745 -2.398302 -2.055571 0.431646 0.881711 -0.059765 -0.180820
1520616954.015330315 4.951115 -2.319149 -2.202521 0.427167 0.888137 -0.062973 -0.157401
1520616954.065331459 4.806492 -2.198348 -2.420574 0.421069 0.893791 -0.065865 -0.139645
1520616954.115333319 4.711572 -2.124339 -2.698212 0.410895 0.900363 -0.070378 -0.124731
1520616954.165450573 4.596093 -2.041776 -3.028314 0.403365 0.904888 -0.072961 -0.114682
1520616954.215452433 4.526954 -1.998776 -3.313625 0.393581 0.910573 -0.078604 -0.098857
1520616954.265454292 4.484638 -1.966300 -3.559776 0.384339 0.915855 -0.084691 -0.079499
1520616954.315455437 4.482405 -2.015579 -3.759429 0.378901 0.919394 -0.089694 -0.055702
1520616954.365457296 4.514857 -2.100234 -3.922453 0.373206 0.922584 -0.093309 -0.029142
1520616954.415458202 4.619125 -2.123100 -4.089617 0.362180 0.927288 -0.094634 -0.002732
1520616954.465460539 4.790773 -2.088226 -4.284176 0.345552 0.933443 -0.094026 0.020922
1520616954.515461445 4.931754 -2.005426 -4.543474 0.326335 0.939893 -0.093386 0.037235
1520616954.565722227 5.140775 -1.886757 -4.815219 0.302680 0.947007 -0.093907 0.052391
1520616954.615724087 5.378854 -1.727465 -5.085947 0.272154 0.955007 -0.097423 0.066351
1520616954.665724993 5.626487 -1.499199 -5.378771 0.240886 0.962246 -0.099948 0.077887
1520616954.715727091 5.852200 -1.239590 -5.675666 0.212288 0.967818 -0.102639 0.087909
1520616954.765727997 5.944979 -0.995437 -6.052677 0.185674 0.972652 -0.107756 0.088665
1520616954.815729856 5.985761 -0.766707 -6.483077 0.160024 0.976985 -0.113057 0.084329
1520616954.865732193 5.935966 -0.480579 -6.972023 0.132181 0.981443 -0.117651 0.073868
1520616954.915733099 5.790534 -0.181705 -7.518018 0.108485 0.985293 -0.119494 0.056119
1520616954.966292381 5.588228 0.014796 -8.095115 0.089763 0.987851 -0.121920 0.035038
1520616955.016293526 5.293450 0.085104 -8.691909 0.074244 0.989238 -0.125702 0.009776
1520616955.066295624 4.984651 0.105064 -9.275032 0.066037 0.989318 -0.128883 -0.016659
1520616955.116297483 4.519013 -0.139490 -9.879951 0.067963 0.987162 -0.137238 -0.045376
1520616955.166298628 4.083659 -0.442114 -10.526251 0.082135 0.982612 -0.148073 -0.076168
1520616955.216299534 3.623571 -0.943820 -11.122291 0.107593 0.975246 -0.162378 -0.104654
1520616955.266301394 3.156115 -1.478166 -11.640539 0.138100 0.966092 -0.176339 -0.128447
1520616955.316306353 2.640796 -1.940610 -12.080342 0.170386 0.955926 -0.186472 -0.149676
1520616955.366151571 2.112110 -2.420629 -12.440820 0.203732 0.945451 -0.191952 -0.166643
1520616955.416152716 1.822062 -2.454042 -12.820393 0.233757 0.937935 -0.183338 -0.178951
1520616955.466153622 1.519238 -2.357687 -13.202547 0.270529 0.928551 -0.167079 -0.191552
1520616955.516155720 1.507101 -2.080082 -13.578964 0.305184 0.920687 -0.144743 -0.195569
1520616955.566157818 1.656014 -2.132860 -13.893884 0.341479 0.911449 -0.128330 -0.190223
1520616955.616158724 2.003314 -2.493599 -14.126349 0.370753 0.904621 -0.121865 -0.171325
1520616955.666159868 2.357945 -3.201312 -14.268713 0.399675 0.896140 -0.125136 -0.146742
1520616955.716161728 2.920410 -3.912644 -14.365217 0.422974 0.889711 -0.127864 -0.114706
1520616955.766162634 3.729270 -4.619164 -14.354753 0.442141 0.884696 -0.127294 -0.074976
1520616955.816668272 4.742635 -5.247275 -14.058536 0.463396 0.877129 -0.122115 -0.031568
1520616955.866670132 5.930342 -5.912777 -13.618486 0.477234 0.871070 -0.114417 0.019833
1520616955.916671038 7.384337 -6.286969 -12.931359 0.483146 0.866352 -0.099277 0.078409
1520616955.966673136 8.956587 -6.532332 -12.011673 0.481499 0.861363 -0.081007 0.140182
1520616956.016674042 10.316960 -6.578177 -11.047256 0.477497 0.854345 -0.060780 0.195952
1520616956.066675901 11.592059 -6.444717 -10.026937 0.470974 0.845945 -0.037963 0.247222
1520616956.116677046 12.746742 -6.074862 -8.967123 0.457083 0.839086 -0.014793 0.294602
1520616956.166679144 13.703315 -5.653697 -7.931750 0.434104 0.835231 0.001401 0.337551
1520616956.217821836 13.760475 -5.620392 -7.856760 0.409976 0.829163 0.017592 0.379605
1520616956.267823935 13.760475 -5.620392 -7.856760 0.409976 0.829163 0.017592 0.379605
1520616956.317826033 13.749043 -5.627053 -7.871758 0.409976 0.829163 0.017592 0.379605
1520616956.367827892 0.099884 -0.134468 -0.985871 -0.056317 -0.055682 0.068512 0.994502
1520616956.417828798 0.201290 -0.200876 -1.433488 -0.078891 -0.085160 0.109545 0.987180
1520616956.467829943 0.352391 -0.277306 -1.845993 -0.095826 -0.111936 0.148701 0.977842
1520616956.517832041 0.470835 -0.285595 -2.250589 -0.104009 -0.131173 0.185808 0.968221
1520616956.567833900 0.554252 -0.341597 -2.655857 -0.104577 -0.142448 0.218095 0.959795
1520616956.616280079 0.576815 -0.354256 -2.752453 -0.105016 -0.153547 0.250113 0.950178
1520616956.666282177 0.576815 -0.354256 -2.752453 -0.105016 -0.153547 0.250113 0.950178
1520616956.716284275 0.572302 -0.351724 -2.733134 -0.105016 -0.153547 0.250113 0.950178
1520616956.766286135 -0.063868 -0.231993 -0.970618 0.038544 0.029719 -0.019006 0.998634
1520616956.816287279 -0.125877 -0.238505 -1.442763 0.056107 0.032836 -0.033054 0.997337
1520616956.866288185 -0.199197 -0.181335 -1.931110 0.062076 0.028394 -0.053949 0.996208
1520616956.916289091 -0.270678 -0.102862 -2.431598 0.057553 0.019199 -0.086855 0.994372
1520616956.966292143 -0.289942 0.023500 -2.945642 0.051482 -0.003502 -0.116678 0.991828
1520616957.016060591 -0.178168 -0.007721 -3.443654 0.040541 -0.035673 -0.151153 0.987034
1520616957.066062689 -0.017844 -0.015772 -3.963544 0.031242 -0.077545 -0.181665 0.979800
1520616957.116064548 0.231649 -0.068576 -4.435797 0.024707 -0.123549 -0.217284 0.967943
1520616957.166065693 0.566529 -0.141597 -4.913371 0.022241 -0.168936 -0.255545 0.951663
1520616957.216067553 0.945464 -0.207477 -5.352959 0.026038 -0.212402 -0.290459 0.932653
1520616957.266068459 1.326813 -0.317924 -5.760634 0.030342 -0.253678 -0.314605 0.914194
1520616957.316070557 1.693879 -0.477148 -6.160958 0.031627 -0.291675 -0.328162 0.897906
1520616957.366071463 2.018837 -0.740839 -6.526560 0.027056 -0.326932 -0.334839 0.883327
1520616957.416187763 2.318202 -0.991979 -6.858123 0.020499 -0.360215 -0.332885 0.871213
1520616957.466189861 2.656589 -1.165100 -7.169561 0.018574 -0.394196 -0.323274 0.860092
1520616957.516190767 3.075477 -1.228186 -7.432229 0.026500 -0.430242 -0.307305 0.848383
1520616957.566192627 3.666332 -1.191298 -7.623396 0.040616 -0.468990 -0.284990 0.834973
1520616957.616193771 4.293619 -1.207242 -7.745347 0.050250 -0.506817 -0.262687 0.819516
1520616957.666195631 4.879518 -1.294932 -7.832017 0.054187 -0.541067 -0.237551 0.804910
1520616957.716196775 5.510071 -1.402033 -7.872513 0.054680 -0.573669 -0.205099 0.791106
1520616957.766198874 6.093653 -1.588541 -7.926709 0.048917 -0.601346 -0.166539 0.779907
1520616957.816199780 6.613772 -1.832023 -8.024315 0.039097 -0.621553 -0.119106 0.773277
1520616957.867722511 7.246618 -2.107195 -8.143677 0.027078 -0.635470 -0.065812 0.768839
1520616957.917724371 7.339798 -2.141723 -8.154869 0.014972 -0.647355 -0.012308 0.761942
1520616957.967725515 7.339798 -2.141723 -8.154869 0.014972 -0.647355 -0.012308 0.761942
1520616958.017727375 7.321162 -2.134817 -8.152630 0.014972 -0.647355 -0.012308 0.761942
1520616958.067729473 7.306253 -2.129293 -8.150840 0.014972 -0.647355 -0.012308 0.761942
1520616958.117730618 0.304302 0.063767 -0.950439 0.005017 0.025660 0.082769 0.996226
1520616958.167732477 0.395087 0.135907 -1.237617 0.018207 0.036030 0.095983 0.994564
1520616958.217733383 0.455283 0.175678 -1.529311 0.028187 0.052792 0.101286 0.993056
1520616958.267894745 0.446501 0.195248 -1.837511 0.034594 0.077314 0.107732 0.990565
1520616958.317895651 0.456885 0.196078 -2.080983 0.039187 0.104981 0.111616 0.987413
1520616958.367897511 0.453698 0.196082 -2.307824 0.043910 0.128909 0.118185 0.983609
1520616958.417899847 0.436837 0.193276 -2.537866 0.053485 0.149968 0.121409 0.979749
1520616958.467900753 0.383186 0.198491 -2.775367 0.068227 0.171793 0.117040 0.975774
1520616958.517901659 0.309269 0.216293 -3.002650 0.087699 0.194656 0.099880 0.971824
1520616958.567903757 0.191546 0.218167 -3.239260 0.106357 0.218556 0.072313 0.967312
1520616958.617905617 0.077416 0.246805 -3.447259 0.124110 0.242046 0.035449 0.961641
1520616958.668426514 -0.077531 0.278653 -3.637969 0.137623 0.263038 0.000311 0.954919
1520616958.718428612 -0.235127 0.298869 -3.784912 0.150262 0.279484 -0.040525 0.947453
1520616958.768429518 -0.357088 0.358342 -3.937173 0.162683 0.291667 -0.079470 0.939228
1520616958.818431377 -0.422886 0.385741 -4.090956 0.171696 0.296206 -0.116946 0.932259
1520616958.868432522 -0.439391 0.383643 -4.255549 0.178463 0.294008 -0.153006 0.926444
1520616958.918524742 -0.419252 0.357967 -4.446746 0.183285 0.284170 -0.183288 0.923071
1520616958.968435764 -0.314871 0.307046 -4.646139 0.189092 0.265641 -0.211647 0.921349
1520616959.018437624 -0.104747 0.277529 -4.858702 0.198303 0.237762 -0.235449 0.921254
1520616959.068471909 0.212687 0.258318 -5.060188 0.210272 0.202044 -0.246476 0.924237
1520616959.118472815 0.582646 0.295240 -5.213428 0.225566 0.164461 -0.246451 0.928081
1520616959.168474674 1.027439 0.364217 -5.330157 0.242153 0.124725 -0.241337 0.931430
1520616959.218475819 1.541944 0.418055 -5.386286 0.254799 0.080981 -0.227511 0.936354
1520616959.268477678 2.073173 0.446980 -5.385030 0.260309 0.034897 -0.207627 0.942291
1520616959.318478823 2.570438 0.405652 -5.345512 0.255603 -0.009709 -0.179445 0.949933
1520616959.368480682 3.033269 0.357682 -5.274181 0.243903 -0.049768 -0.143191 0.957878
1520616959.418481588 3.385099 0.327562 -5.235297 0.228509 -0.079119 -0.107867 0.964307
1520616959.467776537 3.617964 0.300852 -5.255533 0.213485 -0.095047 -0.076595 0.969290
1520616959.517778635 3.738714 0.344538 -5.348734 0.201556 -0.099008 -0.041712 0.973567
1520616959.567779541 3.756019 0.502851 -5.515920 0.193739 -0.092290 -0.003904 0.976695
1520616959.617781401 3.639709 0.641653 -5.760498 0.182389 -0.075097 0.037456 0.979639
1520616959.667782545 3.424988 0.733946 -6.058465 0.167648 -0.050578 0.076228 0.981593
1520616959.717784643 3.117200 0.771140 -6.395644 0.150021 -0.020140 0.113818 0.981903
1520616959.767785549 2.782439 0.748154 -6.714861 0.130942 0.011640 0.150152 0.979884
1520616959.817787647 2.370621 0.624834 -7.040347 0.110498 0.048352 0.179553 0.976326
1520616959.867022991 1.905524 0.401185 -7.350461 0.092717 0.089212 0.194105 0.972506
1520616959.917025089 1.352095 0.106887 -7.612317 0.076278 0.132769 0.200571 0.967639
1520616959.967025995 0.814684 -0.190559 -7.815517 0.061698 0.173390 0.203334 0.961657
1520616960.017028093 0.227713 -0.514035 -7.969118 0.051402 0.214134 0.191552 0.956458
1520616960.067028999 -0.385816 -0.775682 -8.066989 0.046818 0.252794 0.171447 0.951057
1520616960.117030859 -0.984372 -0.961308 -8.123152 0.046729 0.287577 0.147641 0.945155
1520616960.167033195 -1.551710 -1.064378 -8.151018 0.050505 0.317396 0.117909 0.939578
1520616960.217032909 -2.080269 -1.080169 -8.158597 0.058181 0.341364 0.080090 0.934704
1520616960.267034769 -2.531400 -0.935055 -8.176081 0.071975 0.358695 0.037991 0.929900
1520616960.316322327 -2.820746 -0.702483 -8.230374 0.087664 0.366064 -0.000537 0.926451
1520616960.366324425 -2.933193 -0.472982 -8.336268 0.102209 0.364317 -0.038973 0.924828
1520616960.416325331 -2.913218 -0.290019 -8.479773 0.113677 0.355931 -0.069475 0.924967
1520616960.466327190 -2.753215 -0.095728 -8.662990 0.127037 0.340012 -0.101659 0.926239
1520616960.516328335 -2.442831 0.153134 -8.879984 0.144113 0.317141 -0.130926 0.928177
1520616960.566392422 -1.970912 0.377308 -9.125012 0.163011 0.286753 -0.157875 0.930739
1520616960.616331577 -1.387307 0.596413 -9.355534 0.182882 0.252282 -0.180336 0.932945
1520616960.666333437 -0.763408 0.686749 -9.555613 0.197673 0.216473 -0.196520 0.935652
1520616960.717009783 -0.113609 0.670264 -9.724305 0.206749 0.180497 -0.205854 0.939308
1520616960.767011642 0.588255 0.562489 -9.852080 0.210434 0.143108 -0.205316 0.945031
1520616960.817012787 1.334998 0.435142 -9.922230 0.210359 0.105418 -0.193421 0.952483
1520616960.867014647 2.060422 0.308303 -9.933575 0.207256 0.070418 -0.174321 0.960051
1520616960.917015553 2.675960 0.185816 -9.910549 0.199309 0.042221 -0.145743 0.968118
1520616960.967017651 3.232548 0.079973 -9.873689 0.188725 0.018889 -0.112255 0.975410
1520616961.017018557 3.647942 0.036498 -9.853924 0.177934 0.003500 -0.078095 0.980932
1520616961.067020655 3.881356 0.044830 -9.890779 0.166331 -0.002125 -0.042097 0.985169
1520616961.121177912 3.979923 0.054838 -9.904356 0.154481 -0.007747 -0.006037 0.987947
1520616961.171178818 3.979923 0.054838 -9.904356 0.154481 -0.007747 -0.006037 0.987947
1520616961.221180677 3.960209 0.052837 -9.901640 0.154481 -0.007747 -0.006037 0.987947
1520616961.271181822 3.944439 0.051235 -9.899468 0.154481 -0.007747 -0.006037 0.987947
1520616961.321183681 3.931822 0.049954 -9.897730 0.154481 -0.007747 -0.006037 0.987947
1520616961.371185780 0.268119 -0.024377 -0.963077 -0.042739 0.041873 0.148864 0.987046
1520616961.421186924 0.252116 0.013630 -1.215394 -0.037840 0.067967 0.181009 0.980400
1520616961.471188784 0.248552 0.042712 -1.465925 -0.031277 0.101688 0.195940 0.974828
1520616961.523094177 -0.124756 0.113810 -1.669600 -0.021216 0.155464 0.191500 0.968870
1520616961.573096514 -0.138983 -0.090192 -1.954560 -0.023045 0.196889 0.166709 0.965874
1520616961.623098373 -0.217535 -0.268232 -2.182934 -0.028162 0.239547 0.138729 0.960510
1520616961.673099279 -0.327646 -0.436176 -2.411136 -0.035549 0.275432 0.102072 0.955225
1520616961.723101377 -0.496860 -0.659105 -2.568507 -0.046803 0.305382 0.060789 0.949134
1520616961.773102283 -0.628925 -0.851004 -2.751465 -0.060107 0.324770 0.022580 0.943611
1520616961.823104143 -0.683385 -0.933121 -2.987881 -0.066672 0.335493 -0.016650 0.939533
1520616961.873105526 -0.801094 -0.965542 -3.201009 -0.063439 0.341841 -0.052871 0.936122
1520616961.923438072 -0.898244 -0.935656 -3.384660 -0.049273 0.344917 -0.085077 0.933470
1520616961.973438978 -0.993308 -0.810868 -3.559261 -0.027224 0.345133 -0.113406 0.931279
1520616962.023441076 -0.993151 -0.660622 -3.754613 -0.003297 0.337208 -0.139943 0.930965
1520616962.073441982 -0.930367 -0.540020 -3.948797 0.017953 0.321034 -0.168976 0.931698
1520616962.123444080 -0.741163 -0.440918 -4.142274 0.036551 0.292100 -0.199037 0.934733
1520616962.173445225 -0.453332 -0.432690 -4.335347 0.048892 0.251691 -0.224334 0.940178
1520616962.223482132 -0.090373 -0.481524 -4.508360 0.057094 0.203773 -0.245611 0.945987
1520616962.273448944 0.331733 -0.562166 -4.645826 0.061982 0.151105 -0.259493 0.951835
1520616962.323450089 0.789240 -0.724214 -4.728071 0.062230 0.095361 -0.268562 0.956508
1520616962.374007463 1.299266 -0.923601 -4.746325 0.061678 0.034638 -0.277046 0.958249
1520616962.424008369 1.858170 -1.089748 -4.674274 0.062695 -0.029919 -0.281974 0.956904
1520616962.474010468 2.390571 -1.276982 -4.517481 0.060268 -0.093364 -0.284011 0.952359
1520616962.524011612 2.916803 -1.444055 -4.269512 0.056899 -0.157457 -0.282204 0.944633
1520616962.574013472 3.420446 -1.597873 -3.931452 0.051158 -0.222570 -0.275851 0.933677
1520616962.624014378 3.836216 -1.732121 -3.553432 0.041160 -0.279935 -0.266459 0.921380
1520616962.674016476 4.223964 -1.745259 -3.171502 0.032877 -0.331998 -0.243130 0.910815
1520616962.724018335 4.528984 -1.678225 -2.849735 0.025320 -0.374391 -0.209826 0.902864
1520616962.770084620 4.961438 -1.440927 -2.465879 0.028010 -0.414078 -0.196608 0.888313
1520616962.820086479 5.024542 -1.400447 -2.399703 0.030645 -0.452950 -0.183002 0.872013
1520616962.870088816 5.024542 -1.400447 -2.399703 0.030645 -0.452950 -0.183002 0.872013
1520616962.920089483 5.011922 -1.408543 -2.412938 0.030645 -0.452950 -0.183002 0.872013
1520616962.970090866 5.001825 -1.415020 -2.423526 0.030645 -0.452950 -0.183002 0.872013
1520616963.020092726 0.221098 0.067122 -0.972939 -0.061751 -0.024381 0.093456 0.993407
1520616963.070094585 0.258049 0.100669 -1.288795 -0.069707 -0.027658 0.126463 0.989132
1520616963.120095730 0.275398 0.122801 -1.583449 -0.071777 -0.025463 0.156368 0.984758
1520616963.166457891 0.280051 0.129904 -1.683088 -0.073781 -0.023244 0.186128 0.979476
1520616963.216459036 0.280051 0.129904 -1.683088 -0.073781 -0.023244 0.186128 0.979476
1520616963.266461849 0.279120 0.128483 -1.663160 -0.073781 -0.023244 0.186128 0.979476
1520616963.316462755 0.278376 0.127347 -1.647218 -0.073781 -0.023244 0.186128 0.979476
1520616963.366463900 0.055184 -0.004217 -0.998467 0.011301 0.052272 0.022826 0.998308
1520616963.416465998 0.055486 0.015669 -1.343916 0.007523 0.073812 0.010909 0.997184
1520616963.466467857 0.038252 0.023412 -1.700278 -0.001351 0.093011 -0.010102 0.995613
1520616963.516469002 0.005647 -0.004829 -2.062997 -0.013034 0.111103 -0.039777 0.992927
1520616963.565768242 -0.031974 -0.039646 -2.417810 -0.024030 0.127973 -0.072335 0.988844
1520616963.615774155 -0.172013 -0.040982 -2.739487 -0.031259 0.147030 -0.106238 0.982913
1520616963.665771961 -0.258818 0.010625 -3.045088 -0.034193 0.164081 -0.138997 0.976006
1520616963.715773106 -0.361331 0.070848 -3.341399 -0.036027 0.178521 -0.173020 0.967934
1520616963.765775204 -0.419336 0.114739 -3.632022 -0.037777 0.189683 -0.207901 0.958838
1520616963.815776110 -0.522692 0.143884 -3.917328 -0.036605 0.205245 -0.244801 0.946893
1520616963.865787029 -0.641632 0.207626 -4.175827 -0.031097 0.226196 -0.276881 0.933384
1520616963.915779114 -0.837218 0.341536 -4.406149 -0.020757 0.254622 -0.302934 0.918133
1520616963.965762615 -1.150655 0.559573 -4.582628 -0.008868 0.293154 -0.317614 0.901722
1520616964.015763760 -1.521159 0.754157 -4.714258 -0.000422 0.334574 -0.326791 0.883894
1520616964.065765619 -1.981782 0.898896 -4.775522 0.001296 0.378555 -0.328787 0.865213
1520616964.115766525 -2.516463 1.029205 -4.772456 -0.002817 0.425402 -0.326256 0.844146
1520616964.165768623 -3.061096 1.126039 -4.701906 -0.011195 0.472269 -0.313988 0.823558
1520616964.215769529 -3.638870 1.146976 -4.572345 -0.021936 0.515974 -0.291116 0.805320
1520616964.265771627 -4.085931 1.117186 -4.428963 -0.030047 0.553784 -0.268591 0.787578
1520616964.315773726 -4.506030 1.080577 -4.271784 -0.036304 0.587714 -0.244950 0.770243
1520616964.367578268 -4.596072 1.068145 -4.230097 -0.042486 0.620438 -0.220807 0.751329
1520616964.417580605 -4.596072 1.068145 -4.230097 -0.042486 0.620438 -0.220807 0.751329
1520616964.467581511 -4.578064 1.070632 -4.238434 -0.042486 0.620438 -0.220807 0.751329
1520616964.517583370 -4.578064 1.070632 -4.238434 -0.042486 0.620438 -0.220807 0.751329
1520616964.567584515 -4.563657 1.072621 -4.245104 -0.042486 0.620438 -0.220807 0.751329
1520616964.617586374 -4.563657 1.072621 -4.245104 -0.042486 0.620438 -0.220807 0.751329
1520616964.667588234 -4.552132 1.074212 -4.250440 -0.042486 0.620438 -0.220807 0.751329
1520616964.717589617 -4.552132 1.074212 -4.250440 -0.042486 0.620438 -0.220807 0.751329
1520616964.767591476 -4.542911 1.075485 -4.254709 -0.042486 0.620438 -0.220807 0.751329
1520616964.819689035 -4.542911 1.075485 -4.254709 -0.042486 0.620438 -0.220807 0.751329
1520616964.869689941 -4.535535 1.076504 -4.258124 -0.042486 0.620438 -0.220807 0.751329
1520616964.919692039 -4.529634 1.077318 -4.260856 -0.042486 0.620438 -0.220807 0.751329
1520616964.969693899 -4.524913 1.077970 -4.263042 -0.042486 0.620438 -0.220807 0.751329
1520616965.019694805 -4.524913 1.077970 -4.263042 -0.042486 0.620438 -0.220807 0.751329
1520616965.069695950 -4.521137 1.078492 -4.264790 -0.042486 0.620438 -0.220807 0.751329
1520616965.119697809 -4.518115 1.078909 -4.266189 -0.042486 0.620438 -0.220807 0.751329
1520616965.169698715 -4.518115 1.078909 -4.266189 -0.042486 0.620438 -0.220807 0.751329
1520616965.221404314 -4.515698 1.079242 -4.267308 -0.042486 0.620438 -0.220807 0.751329
1520616965.271406651 -4.515698 1.079242 -4.267308 -0.042486 0.620438 -0.220807 0.751329
1520616965.321407557 -4.513765 1.079509 -4.268203 -0.042486 0.620438 -0.220807 0.751329
1520616965.371409416 -4.513765 1.079509 -4.268203 -0.042486 0.620438 -0.220807 0.751329
1520616965.421410561 -4.512218 1.079723 -4.268920 -0.042486 0.620438 -0.220807 0.751329
1520616965.471412420 -4.512218 1.079723 -4.268920 -0.042486 0.620438 -0.220807 0.751329
1520616965.521413565 -4.510980 1.079894 -4.269493 -0.042486 0.620438 -0.220807 0.751329
1520616965.571415663 -4.510980 1.079894 -4.269493 -0.042486 0.620438 -0.220807 0.751329
1520616965.624039173 -4.509990 1.080031 -4.269951 -0.042486 0.620438 -0.220807 0.751329
1520616965.674041271 -4.509990 1.080031 -4.269951 -0.042486 0.620438 -0.220807 0.751329
1520616965.724042177 -4.509198 1.080140 -4.270318 -0.042486 0.620438 -0.220807 0.751329
1520616965.774044275 -4.508565 1.080227 -4.270611 -0.042486 0.620438 -0.220807 0.751329
1520616965.824045420 -4.508058 1.080297 -4.270846 -0.042486 0.620438 -0.220807 0.751329
1520616965.874047279 -4.507652 1.080353 -4.271033 -0.042486 0.620438 -0.220807 0.751329
1520616965.924049139 -4.507652 1.080353 -4.271033 -0.042486 0.620438 -0.220807 0.751329
1520616965.974050283 -4.507328 1.080398 -4.271184 -0.042486 0.620438 -0.220807 0.751329
1520616966.024121284 -4.507068 1.080434 -4.271304 -0.042486 0.620438 -0.220807 0.751329
1520616966.074122429 -4.506861 1.080463 -4.271400 -0.042486 0.620438 -0.220807 0.751329
1520616966.124124527 -0.359767 0.214903 -0.907956 0.001780 -0.028208 -0.067862 0.997294
1520616966.174125671 -0.405881 0.268557 -1.173779 -0.007036 -0.039452 -0.080178 0.995975
1520616966.224127531 -0.502543 0.288670 -1.431325 -0.018794 -0.046375 -0.092329 0.994470
1520616966.274129391 -0.594223 0.311127 -1.698762 -0.030886 -0.058063 -0.099219 0.992890
1520616966.324130535 -0.655878 0.280852 -1.991051 -0.044611 -0.075534 -0.103972 0.990704
1520616966.374132395 -0.648234 0.378098 -2.304086 -0.053052 -0.094996 -0.120458 0.986738
1520616966.424133301 -0.682574 0.428312 -2.610377 -0.063329 -0.109319 -0.141006 0.981915
1520616966.474135637 -0.626690 0.466910 -2.928241 -0.074856 -0.130862 -0.155977 0.976188
1520616966.524137497 -0.570693 0.411962 -3.271312 -0.092184 -0.153228 -0.171811 0.968764
1520616966.574138403 -0.502603 0.356179 -3.637113 -0.107940 -0.178297 -0.183736 0.960625
1520616966.624139547 -0.401204 0.287639 -3.983150 -0.121112 -0.204246 -0.192093 0.952216
1520616966.674142361 -0.313975 0.170422 -4.331497 -0.130807 -0.230181 -0.192544 0.944898
1520616966.724143267 -0.188726 0.055641 -4.665582 -0.135719 -0.256196 -0.190467 0.937905
1520616966.774145603 -0.116316 -0.108446 -4.993594 -0.139969 -0.280988 -0.186205 0.931011
1520616966.823094368 -0.035299 -0.146387 -5.262261 -0.140995 -0.307931 -0.179809 0.923562
1520616966.873099327 0.128230 -0.301931 -5.525639 -0.145930 -0.338674 -0.169655 0.913904
1520616966.923097372 0.315158 -0.571746 -5.754707 -0.155882 -0.367169 -0.158226 0.903245
1520616966.973099232 0.569214 -0.796206 -5.961869 -0.164018 -0.397726 -0.144718 0.891049
1520616967.023100138 0.924090 -1.014232 -6.126667 -0.170112 -0.433810 -0.129612 0.875255
1520616967.073102236 1.346946 -1.230293 -6.229116 -0.176991 -0.472737 -0.119263 0.854968
1520616967.123103142 1.868155 -1.446701 -6.280807 -0.181954 -0.514527 -0.108671 0.830870
1520616967.173105240 2.386350 -1.560202 -6.276335 -0.182600 -0.556192 -0.096726 0.804955
1520616967.223106384 2.913930 -1.671954 -6.225753 -0.183063 -0.595033 -0.087641 0.777652
1520616967.270091057 3.141449 -1.604402 -6.155856 -0.176345 -0.625817 -0.070466 0.756499
1520616967.320091963 3.697743 -1.819431 -6.074015 -0.184278 -0.659888 -0.060720 0.725880
1520616967.370094061 4.120126 -1.994465 -5.962206 -0.189225 -0.689123 -0.043856 0.698126
1520616967.420094967 4.580072 -2.214869 -5.788679 0.197329 0.714718 0.027770 -0.670424
1520616967.470096827 4.934669 -2.352869 -5.683507 0.203587 0.733463 0.014418 -0.648364
1520616967.520099163 5.349954 -2.299414 -5.553562 0.195388 0.755161 -0.006054 -0.625715
1520616967.570100069 5.767538 -2.110829 -5.427941 0.180367 0.775455 -0.028333 -0.604430
1520616967.620101929 6.111197 -1.907298 -5.336141 0.166643 0.791367 -0.047245 -0.586290
1520616967.668639421 6.341035 -1.889981 -5.282397 0.159849 0.801476 -0.067359 -0.572317
1520616967.718641520 6.520689 -1.749229 -5.331859 0.148064 0.807998 -0.095658 -0.562197
1520616967.768642187 6.703029 -1.541728 -5.405570 0.134075 0.812838 -0.126780 -0.552490
1520616967.818644524 6.828833 -1.379552 -5.534296 0.121703 0.813879 -0.159900 -0.545180
1520616967.868646383 6.937755 -1.228269 -5.664537 0.109348 0.813247 -0.192866 -0.538029
1520616967.918647289 7.045593 -1.069362 -5.795151 0.097553 0.812440 -0.219480 -0.531276
1520616967.968649387 7.119532 -0.848352 -5.947978 0.081876 0.811969 -0.239360 -0.526033
1520616968.018650293 7.167903 -0.556129 -6.103705 0.063750 0.812271 -0.249898 -0.523166
1520616968.068082571 7.197355 -0.209817 -6.286359 0.042996 0.812744 -0.258045 -0.520587
1520616968.118083954 7.184582 0.158643 -6.466372 0.020039 0.811582 -0.269444 -0.518009
1520616968.168085814 7.114211 0.434093 -6.686187 0.000994 0.807327 -0.282624 -0.518021
1520616968.218087673 6.980110 0.597079 -6.966264 -0.013551 0.799378 -0.297752 -0.521685
1520616968.268088818 6.816066 0.667590 -7.289563 -0.023130 0.788853 -0.311656 -0.529194
1520616968.318090677 6.603360 0.537846 -7.660528 -0.024989 0.775594 -0.322922 -0.541803
1520616968.368092775 6.352436 0.336642 -8.041645 -0.024260 0.760925 -0.331626 -0.557161
1520616968.418093920 6.083492 0.215872 -8.412362 -0.028663 0.746147 -0.342657 -0.570113
1520616968.468092203 5.773025 0.118214 -8.792748 -0.036025 0.729675 -0.356023 -0.582687
1520616968.518093348 5.383506 -0.037658 -9.197878 -0.043474 0.709371 -0.371391 -0.597471
1520616968.568095207 4.938276 -0.251507 -9.599813 -0.050120 0.686347 -0.386713 -0.613897
1520616968.618096113 4.435517 -0.496939 -9.983009 -0.058092 0.661054 -0.402684 -0.630459
1520616968.668099403 3.827421 -0.684255 -10.365099 0.069006 -0.633641 0.415261 0.649073
1520616968.718099117 3.054141 -0.896061 -10.740940 0.080264 -0.602229 0.422098 0.672838
1520616968.768101215 2.200154 -1.027077 -11.063064 0.095157 -0.570198 0.425437 0.696292
1520616968.818102360 1.329901 -1.094894 -11.314159 0.111800 -0.539196 0.425011 0.718425
1520616968.868913889 0.503402 -1.170074 -11.491082 0.126110 -0.509391 0.422620 0.738924
1520616968.918832779 -0.258404 -1.366490 -11.599989 0.138036 -0.478535 0.426788 0.754852
1520616968.968834877 -1.025777 -1.667508 -11.636222 0.147137 -0.445074 0.434071 0.769313
1520616969.018836021 -1.763412 -2.085692 -11.596114 0.149094 -0.410998 0.438939 0.784974
1520616969.068837881 -2.390738 -2.581595 -11.502087 0.145514 -0.378785 0.444337 0.798694
1520616969.118839741 -3.000316 -2.997961 -11.364118 0.141060 -0.348744 0.445614 0.812347
1520616969.168840885 -3.645627 -3.283961 -11.204200 0.138743 -0.320373 0.441725 0.826433
1520616969.218842983 -4.285332 -3.451285 -11.019066 0.139234 -0.294069 0.434911 0.839637
1520616969.268844128 -4.924526 -3.578472 -10.802358 0.139484 -0.268314 0.426262 0.852556
1520616969.321067095 -5.524498 -3.698629 -10.577252 0.137858 -0.244345 0.417866 0.864106
1520616969.371068001 -6.043145 -3.759966 -10.354026 0.135434 -0.223253 0.407167 0.875232
1520616969.421069860 -6.679220 -3.683793 -10.066403 0.134362 -0.200157 0.388970 0.889149
1520616969.471071959 -7.260099 -3.594842 -9.776375 0.134752 -0.177934 0.372711 0.900704
1520616969.521072865 -7.736391 -3.569481 -9.506058 0.134962 -0.157611 0.360858 0.909244
1520616969.571074724 -8.283304 -3.515944 -9.150922 0.136878 -0.133425 0.348409 0.917646
1520616969.621077061 -8.821253 -3.548529 -8.726039 0.137508 -0.106433 0.338828 0.924640
1520616969.671077967 -9.286706 -3.678222 -8.273600 0.136147 -0.078934 0.333555 0.929502
1520616969.720777988 -9.771798 -3.817416 -7.712779 0.133531 -0.048401 0.327609 0.934077
1520616969.770780087 -10.273940 -3.915764 -7.078562 0.133435 -0.015215 0.320936 0.937531
1520616969.820782185 -10.779183 -3.976315 -6.341725 0.135236 0.020827 0.313201 0.939778
1520616969.870784044 -11.260535 -3.995730 -5.531770 0.136844 0.058307 0.303491 0.941152
1520616969.920785189 -11.669361 -4.011942 -4.683352 0.138025 0.095937 0.294139 0.940865
1520616969.970786095 -11.935191 -4.143372 -3.916215 0.137259 0.129691 0.290513 0.938053
1520616970.020787954 -12.070823 -4.363995 -3.335745 0.135193 0.156097 0.291645 0.933970
1520616970.070790052 -12.222844 -4.425582 -2.818661 0.136154 0.179006 0.288528 0.930683
1520616970.119721651 -12.268275 -4.522957 -2.560632 0.135821 0.196164 0.288739 0.927201
1520616970.169722557 -12.366950 -4.589751 -2.286433 0.133923 0.214223 0.285547 0.924465
1520616970.219723463 -12.534845 -4.530994 -1.852653 0.131060 0.236440 0.275613 0.922473
1520616970.269725800 -12.660273 -4.501052 -1.342299 0.127704 0.261038 0.267910 0.918572
1520616970.319726706 -12.713268 -4.578032 -0.756828 0.123212 0.288358 0.264193 0.912069
1520616970.369728565 -12.731012 -4.685788 -0.013337 0.119213 0.320455 0.261730 0.902549
1520616970.419730663 -12.692715 -4.787410 0.738013 0.112397 0.351471 0.257704 0.892986
1520616970.469731569 -12.642957 -4.792132 1.523267 0.109387 0.382504 0.250811 0.882508
1520616970.519141674 -12.542992 -4.781927 2.243465 0.111244 0.411285 0.245094 0.870861
1520616970.569087505 -12.342662 -4.821958 3.102470 0.111390 0.443562 0.239077 0.856556
1520616970.619088650 -12.016108 -4.847622 4.072146 0.114500 0.479412 0.234235 0.837967
1520616970.669090509 -11.591332 -4.918789 4.976389 0.116490 0.514684 0.230341 0.817602
1520616970.719092369 -11.125225 -4.887299 5.909854 0.121774 0.550562 0.223628 0.795011
1520616970.769093513 -10.529850 -4.899785 6.829987 0.122943 0.585523 0.217058 0.771319
1520616970.819095612 -9.844495 -4.936421 7.697356 0.125445 0.620160 0.212460 0.744665
1520616970.869096756 -9.072965 -4.868525 8.583832 0.128432 0.655664 0.203497 0.715681
1520616970.919779301 -8.128369 -4.760203 9.521092 0.130965 0.693545 0.192469 0.681762
1520616970.969780445 -8.050845 -4.750596 9.583524 0.133143 0.729544 0.180918 0.645993
1520616971.019782305 -8.050845 -4.750596 9.583524 0.133143 0.729544 0.180918 0.645993
1520616971.069784403 -8.066350 -4.752518 9.571038 0.133143 0.729544 0.180918 0.645993
1520616971.119785547 -8.066350 -4.752518 9.571038 0.133143 0.729544 0.180918 0.645993
1520616971.169787407 -8.078754 -4.754055 9.561049 0.133143 0.729544 0.180918 0.645993
1520616971.219788551 -8.078754 -4.754055 9.561049 0.133143 0.729544 0.180918 0.645993
1520616971.269790411 -8.088677 -4.755284 9.553057 0.133143 0.729544 0.180918 0.645993
1520616971.319962978 -8.088677 -4.755284 9.553057 0.133143 0.729544 0.180918 0.645993
1520616971.369965076 -8.096615 -4.756268 9.546664 0.133143 0.729544 0.180918 0.645993
1520616971.419965982 -8.096615 -4.756268 9.546664 0.133143 0.729544 0.180918 0.645993
1520616971.469967842 -8.102966 -4.757055 9.541550 0.133143 0.729544 0.180918 0.645993
1520616971.519969940 -8.102966 -4.757055 9.541550 0.133143 0.729544 0.180918 0.645993
1520616971.569972038 -8.108047 -4.757685 9.537458 0.133143 0.729544 0.180918 0.645993
1520616971.619972944 0.835699 0.324618 -0.442979 -0.011944 0.048616 0.000942 0.998746
1520616971.669975042 1.189744 0.444407 -0.750744 -0.018335 0.070963 0.000226 0.997310
1520616971.719975948 1.498561 0.567964 -1.105145 -0.024949 0.090971 -0.004589 0.995530
1520616971.769199371 1.823865 0.629928 -1.435542 -0.033825 0.107889 -0.010616 0.993531
1520616971.819200516 1.944978 0.627124 -1.777265 -0.045350 0.127180 -0.015781 0.990717
1520616971.869202375 1.981916 0.628995 -2.141958 -0.059899 0.146960 -0.020277 0.987119
1520616971.919203281 2.005304 0.545281 -2.534678 -0.077950 0.166786 -0.027522 0.982522
1520616971.969205618 2.000606 0.469114 -2.915581 -0.095371 0.186863 -0.033719 0.977164
1520616972.019207478 1.943066 0.361587 -3.297274 -0.112007 0.207531 -0.041110 0.970925
1520616972.069208384 1.875091 0.287651 -3.657675 -0.126046 0.225099 -0.050449 0.964830
1520616972.119210482 1.765636 0.211363 -4.009332 -0.139557 0.240705 -0.062258 0.958493
1520616972.170724154 1.622182 0.119499 -4.407726 -0.154528 0.256424 -0.077495 0.950980
1520616972.220695019 1.657038 -0.080175 -4.798450 -0.170140 0.265085 -0.095421 0.944287
1520616972.270696878 1.621167 -0.198249 -5.152812 -0.183536 0.272436 -0.107124 0.938412
1520616972.320699215 1.524424 -0.292010 -5.516293 -0.192437 0.277782 -0.123209 0.933073
1520616972.370700121 1.481713 -0.333463 -5.848159 -0.195988 0.276824 -0.140972 0.930099
1520616972.420702219 1.425414 -0.434993 -6.182866 -0.196819 0.270932 -0.162395 0.928163
1520616972.470703125 1.543104 -0.482184 -6.496110 -0.192256 0.255484 -0.184459 0.929376
1520616972.520704985 1.663203 -0.464749 -6.789637 -0.184764 0.235636 -0.206065 0.931598
1520616972.572062016 1.825252 -0.482605 -7.004905 -0.178586 0.208556 -0.228768 0.933957
1520616972.622064114 1.979467 -0.278836 -7.313711 -0.169528 0.180073 -0.248102 0.936632
1520616972.672065973 2.379412 -0.142905 -7.613178 -0.162950 0.142879 -0.271569 0.937701
1520616972.722066879 2.843806 -0.249378 -7.920698 -0.162704 0.098368 -0.291861 0.937373
1520616972.772069216 3.282947 -0.458767 -8.198226 -0.166100 0.052290 -0.310071 0.934630
1520616972.822070122 3.776020 -0.766868 -8.464105 -0.171643 0.005620 -0.324411 0.930196
1520616972.872071981 4.206599 -1.120270 -8.693283 -0.175832 -0.038933 -0.339593 0.923170
1520616972.922073126 4.727521 -1.425092 -8.917399 -0.175835 -0.084875 -0.353470 0.914843
1520616972.970898628 5.376300 -1.785943 -9.224100 -0.175324 -0.131264 -0.369261 0.903149
1520616973.020899773 5.859381 -2.291790 -8.817069 -0.177367 -0.170999 -0.382672 0.890428
1520616973.070901871 6.318337 -2.733327 -8.485633 -0.179503 -0.209273 -0.392927 0.877264
1520616973.120903730 6.744741 -3.053381 -8.187150 -0.180719 -0.245512 -0.401739 0.863522
1520616973.170905828 7.171037 -3.440952 -7.848068 -0.185496 -0.280939 -0.404995 0.850085
1520616973.220906734 7.532028 -3.690042 -7.601461 -0.191337 -0.308493 -0.401806 0.840699
1520616973.270908833 7.682174 -3.900114 -7.472663 -0.199948 -0.328101 -0.396001 0.833999
1520616973.320909739 8.020223 -3.857409 -7.288046 -0.199334 -0.351469 -0.382007 0.831147
1520616973.369652033 8.257878 -3.850201 -7.163689 -0.198493 -0.369184 -0.377242 0.825828
1520616973.419653177 8.536607 -3.772945 -7.024582 -0.194044 -0.386867 -0.368878 0.822563
1520616973.469655037 8.842258 -3.670446 -6.836011 -0.188605 -0.406560 -0.360107 0.818206
1520616973.519655943 9.171341 -3.553126 -6.607408 -0.183062 -0.427891 -0.349347 0.813237
1520616973.569659233 9.478344 -3.421925 -6.368621 -0.177246 -0.449339 -0.337211 0.808064
1520616973.619660139 9.826992 -3.266663 -6.063058 -0.169810 -0.472792 -0.324255 0.801555
1520616973.669661045 10.210426 -2.978553 -5.713781 -0.159734 -0.498947 -0.305615 0.795070
1520616973.719662189 10.545022 -2.699843 -5.394811 -0.152386 -0.523061 -0.285385 0.788506
1520616973.772500038 10.602125 -2.644124 -5.334524 -0.144873 -0.546606 -0.264844 0.781083
1520616973.822505951 10.602125 -2.644124 -5.334524 -0.144873 -0.546606 -0.264844 0.781083
1520616973.872503042 10.590704 -2.655267 -5.346582 -0.144873 -0.546606 -0.264844 0.781083
1520616973.922504902 10.581568 -2.664183 -5.356228 -0.144873 -0.546606 -0.264844 0.781083
1520616973.972506046 10.581568 -2.664183 -5.356228 -0.144873 -0.546606 -0.264844 0.781083
1520616974.022508144 10.574258 -2.671315 -5.363944 -0.144873 -0.546606 -0.264844 0.781083
1520616974.072509289 10.568411 -2.677020 -5.370118 -0.144873 -0.546606 -0.264844 0.781083
1520616974.122511148 10.563733 -2.681585 -5.375056 -0.144873 -0.546606 -0.264844 0.781083
1520616974.172512054 10.559991 -2.685237 -5.379007 -0.144873 -0.546606 -0.264844 0.781083
1520616974.223019600 10.559991 -2.685237 -5.379007 -0.144873 -0.546606 -0.264844 0.781083
1520616974.273021460 10.556997 -2.688158 -5.382168 -0.144873 -0.546606 -0.264844 0.781083
1520616974.323022604 10.554602 -2.690495 -5.384697 -0.144873 -0.546606 -0.264844 0.781083
1520616974.373024464 0.042678 0.191843 -0.980497 0.024208 0.060676 0.075373 0.995013
1520616974.423025370 -0.020420 0.319697 -1.231027 0.037287 0.091705 0.095377 0.990507
1520616974.473027468 -0.038954 0.401955 -1.454718 0.052538 0.123213 0.107616 0.985128
1520616974.523028374 -0.116281 0.503304 -1.676622 0.070592 0.160243 0.110096 0.978375
1520616974.573030472 -0.141606 0.621511 -1.885358 0.089572 0.197238 0.106870 0.970388
1520616974.623537302 -0.211410 0.757651 -2.119142 0.105883 0.229467 0.107267 0.961576
1520616974.673539400 -0.282143 0.923453 -2.328050 0.118068 0.257804 0.106751 0.952996
1520616974.723541260 -0.377269 1.020051 -2.560959 0.127047 0.289564 0.096612 0.943757
1520616974.773542404 -0.461633 1.061933 -2.845870 0.130167 0.320710 0.081822 0.934616
1520616974.823544264 -0.558799 1.103615 -3.121385 0.129491 0.346374 0.064123 0.926901
1520616974.873546124 -0.661525 1.115199 -3.415417 0.123725 0.369719 0.045602 0.919739
1520616974.923547506 -0.743184 1.098526 -3.715031 0.114954 0.388434 0.023222 0.913983
1520616974.973549366 -0.871378 1.136325 -4.001191 0.110386 0.405042 -0.002762 0.907606
1520616975.024249077 -0.970021 1.253355 -4.259731 0.112847 0.418132 -0.030065 0.900848
1520616975.074250937 -1.024909 1.375875 -4.515109 0.118019 0.426687 -0.057834 0.894799
1520616975.124252081 -1.056567 1.466447 -4.791100 0.124053 0.431138 -0.085563 0.889612
1520616975.174254179 -1.097262 1.567590 -5.041743 0.128792 0.433918 -0.106356 0.885334
1520616975.224256039 -1.152701 1.592431 -5.328096 0.129530 0.436434 -0.127580 0.881176
1520616975.274257183 -1.206563 1.594660 -5.630038 0.128863 0.437318 -0.152825 0.876808
1520616975.324259043 -1.213040 1.535158 -5.974998 0.124451 0.432879 -0.176175 0.875266
1520616975.374260187 -1.219427 1.436881 -6.345072 0.116275 0.424941 -0.196893 0.875864
1520616975.424300909 -1.157563 1.238006 -6.723318 0.103990 0.412564 -0.215954 0.878829
1520616975.474306107 -1.095528 1.047489 -7.086651 0.092174 0.399180 -0.232435 0.882119
1520616975.524303913 -0.930767 0.930652 -7.439213 0.084811 0.382454 -0.242951 0.887418
1520616975.574305058 -0.712492 0.803563 -7.765259 0.079368 0.363806 -0.248640 0.894161
1520616975.624306917 -0.484364 0.743315 -8.072943 0.079656 0.346750 -0.259209 0.897903
1520616975.674307823 -0.238945 0.709101 -8.348331 0.084179 0.330306 -0.273130 0.899562
1520616975.724309921 0.097512 0.656077 -8.611538 0.089974 0.309861 -0.284201 0.902840
1520616975.774310827 0.457795 0.547533 -8.886090 0.094065 0.287639 -0.293442 0.906812
1520616975.824274063 0.806051 0.430987 -9.125529 0.095113 0.266791 -0.300742 0.910676
1520616975.874276161 1.120545 0.243815 -9.366664 0.092252 0.246364 -0.307514 0.914456
1520616975.924277067 1.494519 -0.054073 -9.598016 0.084343 0.221929 -0.307229 0.921544
1520616975.974279165 1.937256 -0.374460 -9.815060 0.073231 0.194207 -0.300609 0.930889
1520616976.024280071 2.437088 -0.690847 -9.983593 0.061595 0.164506 -0.292311 0.940052
1520616976.074282169 3.058492 -0.919338 -10.090352 0.052551 0.131631 -0.278490 0.949924
1520616976.124283075 3.677019 -1.055160 -10.156582 0.045985 0.100246 -0.262736 0.958544
1520616976.174285173 4.169690 -1.146530 -10.205096 0.039452 0.073842 -0.247149 0.965354
1520616976.222925901 4.720516 -1.296889 -10.140136 0.029856 0.048532 -0.224880 0.972719
1520616976.272927999 5.135740 -1.393646 -10.189846 0.019647 0.030639 -0.203264 0.978447
1520616976.322929859 5.402559 -1.458309 -10.281827 0.007150 0.019052 -0.176415 0.984105
1520616976.372930765 5.629145 -1.478965 -10.420966 -0.003678 0.012103 -0.150435 0.988539
1520616976.422933102 5.664497 -1.432985 -10.667307 -0.012202 0.014028 -0.125805 0.991881
1520616976.472934961 5.607530 -1.379067 -10.974624 -0.019897 0.021108 -0.102301 0.994330
1520616976.522935867 5.423670 -1.379751 -11.336526 -0.028927 0.033518 -0.082185 0.995633
1520616976.572937965 5.164784 -1.372089 -11.726639 -0.038490 0.048814 -0.062795 0.996089
1520616976.622938871 4.885481 -1.334479 -12.106333 -0.047875 0.064805 -0.041064 0.995903
1520616976.671810627 4.500558 -1.330913 -12.531681 -0.057355 0.085867 -0.020011 0.994453
1520616976.721812487 3.895719 -1.258065 -12.984329 -0.061835 0.113212 -0.003929 0.991637
1520616976.771813631 3.182576 -1.265036 -13.414327 -0.063981 0.143258 0.004418 0.987605
1520616976.821814537 2.446909 -1.287830 -13.801303 -0.064495 0.172835 0.009368 0.982792
1520616976.871816397 1.784244 -1.255363 -14.136578 -0.063670 0.198812 0.016902 0.977821
1520616976.921818733 1.220841 -1.282246 -14.425844 -0.065331 0.220116 0.029268 0.972843
1520616976.971819639 0.696482 -1.379015 -14.667588 -0.070581 0.239935 0.043807 0.967228
1520616977.021821499 0.290048 -1.633113 -14.867790 -0.080147 0.255151 0.057526 0.961855
1520616977.070591927 0.058904 -1.708519 -15.070871 -0.086464 0.263992 0.076219 0.957613
1520616977.120594025 -0.217393 -1.597202 -15.231015 -0.085315 0.273037 0.095181 0.953474
1520616977.170696020 -0.503015 -1.127574 -15.407993 -0.071441 0.280296 0.110679 0.950831
1520616977.220597029 -0.771669 -0.396534 -15.573846 -0.048376 0.285773 0.122324 0.949226
1520616977.270597935 -0.992980 0.410534 -15.699981 -0.021273 0.289360 0.125255 0.948751
1520616977.320600033 -1.153723 1.128619 -15.795187 0.004008 0.291858 0.120063 0.948888
1520616977.370600939 -1.287060 1.557221 -15.884849 0.022131 0.295267 0.104776 0.949394
1520616977.420602798 -1.256575 1.700157 -16.024024 0.031737 0.295978 0.082860 0.951065
1520616977.469717264 -1.168621 1.538978 -16.190030 0.032858 0.295471 0.055929 0.953147
1520616977.519718409 -1.080743 1.157628 -16.378200 0.028143 0.294371 0.024374 0.954966
1520616977.569720268 -0.943366 0.625763 -16.562282 0.019854 0.291223 -0.010822 0.956388
1520616977.619721413 -0.833062 0.054311 -16.725650 0.009644 0.286916 -0.042083 0.956982
1520616977.669723511 -0.558842 -0.454623 -16.877137 0.000764 0.277059 -0.067207 0.958499
1520616977.719724178 -0.074218 -0.775164 -17.017312 -0.002924 0.261259 -0.085744 0.961449
1520616977.769726515 0.457749 -0.913738 -17.138393 -0.000764 0.244297 -0.104310 0.964074
1520616977.819727421 1.112062 -1.009017 -17.234995 0.002895 0.224023 -0.120545 0.967096
1520616977.868643522 1.792128 -1.198771 -17.290174 0.003524 0.203017 -0.131622 0.970282
1520616977.918645859 2.613479 -1.460145 -17.297341 0.002703 0.177661 -0.141467 0.973867
1520616977.968646765 3.554450 -1.699393 -17.235244 0.002009 0.149168 -0.148347 0.977619
1520616978.018648624 4.500167 -1.950757 -17.112425 0.001797 0.120141 -0.155521 0.980498
1520616978.068650723 5.432002 -2.262659 -16.936461 0.001858 0.090894 -0.166234 0.981887
1520616978.118651628 6.388270 -2.662729 -16.672194 -0.000506 0.060089 -0.175547 0.982635
1520616978.168652534 7.424550 -3.137429 -16.287195 -0.005448 0.025958 -0.182103 0.982922
1520616978.218655825 8.399560 -3.670925 -15.814314 -0.010533 -0.008099 -0.191867 0.981331
1520616978.267195463 9.342433 -4.096990 -15.283553 -0.013657 -0.042031 -0.198973 0.979008
1520616978.317196369 10.436908 -4.517494 -14.557898 -0.016048 -0.080547 -0.204203 0.975477
1520616978.367198229 11.451844 -4.798969 -13.778913 -0.015555 -0.118543 -0.207629 0.970874
1520616978.417200327 12.419694 -5.003020 -12.945301 -0.013777 -0.155554 -0.209164 0.965331
1520616978.467201233 13.187279 -5.265242 -12.155330 -0.012831 -0.188081 -0.213376 0.958609
1520616978.517203569 13.839877 -5.571343 -11.363024 -0.015064 -0.218170 -0.215923 0.951605
1520616978.567204237 14.374877 -5.954127 -10.570642 -0.021611 -0.245862 -0.216993 0.944457
1520616978.617206335 14.811470 -6.379489 -9.795539 -0.030580 -0.271307 -0.217909 0.937002
1520616978.666617870 15.125518 -6.889101 -9.072950 -0.041907 -0.293854 -0.220102 0.929219
1520616978.716622829 15.395216 -7.221487 -8.433780 -0.049785 -0.313557 -0.221732 0.921975
1520616978.766620636 15.612109 -7.603044 -7.769622 -0.058691 -0.332908 -0.224201 0.914036
1520616978.816694736 15.843403 -7.885951 -7.071221 -0.065382 -0.353005 -0.225166 0.905767
1520616978.866623640 16.057195 -8.046533 -6.465355 -0.069961 -0.370410 -0.224068 0.898719
1520616978.916625738 16.209311 -8.215981 -5.939088 -0.074406 -0.385491 -0.224303 0.891935
1520616978.966626883 16.402716 -8.202478 -5.492262 -0.076816 -0.398555 -0.219982 0.887052
1520616979.016628742 16.660191 -8.032738 -5.038055 -0.076584 -0.412141 -0.212033 0.882789
1520616979.066630602 16.916985 -7.880342 -4.492264 -0.074894 -0.428144 -0.205748 0.876785
1520616979.116288185 17.094967 -7.772733 -3.996747 -0.072707 -0.442590 -0.202068 0.870630
1520616979.166290283 17.260170 -7.656163 -3.576906 -0.068582 -0.455544 -0.200480 0.864629
1520616979.216291428 17.371909 -7.590829 -3.185548 -0.068153 -0.466767 -0.196980 0.859467
1520616979.266293287 17.513812 -7.447673 -2.695296 -0.067885 -0.480389 -0.190752 0.853365
1520616979.316294432 17.656401 -7.320585 -2.182733 -0.069681 -0.493891 -0.183608 0.847056
1520616979.366296291 17.742489 -7.250217 -1.667357 -0.075300 -0.506667 -0.175791 0.840664
1520616979.416297197 17.904503 -6.933034 -1.172244 -0.077160 -0.519362 -0.163098 0.835290
1520616979.466299295 18.053420 -6.604864 -0.649825 -0.075681 -0.533019 -0.152479 0.828802
1520616979.515959978 18.150479 -6.335724 -0.136914 -0.071627 -0.546630 -0.145854 0.821457
1520616979.565960884 18.196796 -6.157779 0.319105 -0.067007 -0.558857 -0.142643 0.814151
1520616979.615963221 18.221805 -6.021857 0.684583 -0.062852 -0.568889 -0.140316 0.807915
1520616979.665964127 18.220030 -5.960910 0.938894 -0.060299 -0.576289 -0.139372 0.803013
1520616979.715965986 18.225643 -5.854183 1.179752 -0.058386 -0.583185 -0.136565 0.798647
1520616979.765968084 18.234874 -5.748721 1.384524 -0.056284 -0.589442 -0.133971 0.794634
1520616979.815969944 18.227434 -5.711403 1.470625 -0.056343 -0.592965 -0.132161 0.792308
1520616979.865970850 18.209810 -5.692086 1.547597 -0.055815 -0.596334 -0.131634 0.789901
1520616979.915788651 18.192310 -5.709136 1.603299 -0.054948 -0.599414 -0.132172 0.787537
1520616979.965790510 18.218059 -5.582463 1.714844 -0.047976 -0.604469 -0.131691 0.784202
1520616980.015792370 18.261944 -5.358338 1.779867 -0.036664 -0.608662 -0.131599 0.781580
1520616980.065794468 18.262816 -5.283064 1.826552 -0.030552 -0.611911 -0.133027 0.779060
1520616980.115795374 18.268427 -5.185366 1.881820 -0.028018 -0.614923 -0.131660 0.777013
1520616980.165799379 18.327737 -4.901488 1.899702 -0.027332 -0.616779 -0.122838 0.777012
1520616980.215798616 18.406070 -4.500486 1.873799 -0.026243 -0.617627 -0.110528 0.778223
1520616980.265799522 18.464419 -4.251145 1.768200 -0.025379 -0.617010 -0.102506 0.779838
1520616980.316151857 18.481685 -4.199542 1.469392 -0.022668 -0.612598 -0.102765 0.783358
1520616980.366152763 18.486504 -4.162606 1.208237 -0.018179 -0.609057 -0.104718 0.785973
1520616980.416154861 18.483526 -4.134310 1.064811 -0.014791 -0.607901 -0.105825 0.786790
1520616980.466203928 18.491879 -3.990095 1.029444 -0.010998 -0.608873 -0.103598 0.786397
1520616980.516157627 18.509172 -3.744341 1.207481 -0.004954 -0.614382 -0.099264 0.782724
1520616980.566159964 18.506580 -3.542588 1.454711 0.002566 -0.621388 -0.097038 0.777467
1520616980.616160870 18.459156 -3.392172 1.884341 0.011754 -0.632139 -0.097592 0.768595
1520616980.666162968 18.364314 -3.401855 2.358203 0.018519 -0.643735 -0.101131 0.758311
1520616980.716924906 18.242228 -3.471326 2.681602 0.027504 -0.652352 -0.109171 0.749507
1520616980.766926765 18.132904 -3.490977 2.932816 0.033616 -0.659227 -0.113433 0.742579
1520616980.816927910 18.059396 -3.484627 3.137254 0.036161 -0.665197 -0.113723 0.737070
1520616980.866930008 18.006763 -3.500739 3.131640 0.036771 -0.666781 -0.114413 0.735501
1520616980.916930914 17.993147 -3.426025 3.051569 0.038088 -0.666795 -0.113065 0.735629
1520616980.966933012 18.008747 -3.330293 2.809969 0.040961 -0.663426 -0.112370 0.738621
1520616981.016933918 18.014631 -3.354329 2.430431 0.043332 -0.657277 -0.115796 0.743439
1520616981.066936016 18.010964 -3.364938 2.098434 0.046936 -0.652114 -0.119715 0.747136
1520616981.116937876 17.994620 -3.339597 1.900388 0.051335 -0.649498 -0.123097 0.748575
1520616981.166481972 17.967160 -3.408002 1.599647 0.050359 -0.644775 -0.126356 0.752173
1520616981.216484070 17.922573 -3.623342 1.247947 0.043288 -0.639060 -0.130350 0.756795
1520616981.266485929 17.866466 -3.768599 0.886769 0.034864 -0.632785 -0.131135 0.762346
1520616981.316486835 17.871902 -3.556533 0.703598 0.029541 -0.629783 -0.120854 0.766743
1520616981.366487980 17.890888 -3.260874 0.499949 0.025634 -0.626262 -0.108631 0.771581
1520616981.416490078 17.885550 -3.052984 0.179882 0.021896 -0.620304 -0.099527 0.777713
1520616981.466491938 17.866170 -2.841351 -0.079463 0.021133 -0.615762 -0.092038 0.782253
1520616981.516494036 17.846656 -2.607881 -0.076092 0.024418 -0.616999 -0.086476 0.781817
1520616981.566054821 17.790388 -2.548755 -0.066016 0.026257 -0.618565 -0.085994 0.780572
1520616981.616055965 17.727165 -2.561491 -0.044760 0.026529 -0.620432 -0.086609 0.779012
1520616981.666058064 17.700746 -2.325163 0.083070 0.032592 -0.624442 -0.082895 0.775976
1520616981.716059923 17.674605 -2.017794 0.324761 0.038264 -0.630721 -0.076156 0.771315
1520616981.766061068 17.617167 -1.937656 0.592011 0.038261 -0.637705 -0.073262 0.765833
1520616981.816062927 17.521383 -2.159531 0.783634 0.032003 -0.643332 -0.076301 0.761103
1520616981.866064787 17.399786 -2.567391 0.879432 0.023222 -0.646995 -0.084315 0.757463
1520616981.916065931 17.248996 -3.051293 0.926215 0.012627 -0.649439 -0.093779 0.754503
1520616981.965775251 17.121548 -3.412936 0.921056 0.003642 -0.650565 -0.100488 0.752764
1520616982.015775442 17.044889 -3.521386 0.819452 -0.000608 -0.649235 -0.101963 0.753722
1520616982.065777302 17.005295 -3.441769 0.673316 -0.003492 -0.646728 -0.097302 0.756481
1520616982.115798473 16.957250 -3.399033 0.460815 -0.006161 -0.642728 -0.094498 0.760219
1520616982.165780544 16.883234 -3.475784 0.151254 -0.008739 -0.636533 -0.096174 0.765179
1520616982.215781450 16.822253 -3.458132 0.029015 -0.003952 -0.634819 -0.100127 0.766136
1520616982.265783548 16.772339 -3.369520 0.083452 0.005154 -0.637314 -0.104383 0.763485
1520616982.315784454 16.702434 -3.382612 0.227390 0.012202 -0.641822 -0.110179 0.758799
1520616982.365703821 16.643418 -3.299942 0.478341 0.023046 -0.648635 -0.115514 0.751929
1520616982.415704727 16.590309 -3.200907 0.752651 0.031592 -0.655811 -0.117452 0.745063
1520616982.465707064 16.531057 -3.109079 0.997957 0.036356 -0.662068 -0.116742 0.739402
1520616982.515707970 16.500312 -2.869572 1.172362 0.040537 -0.666546 -0.110465 0.736119
1520616982.565710068 16.471170 -2.664799 1.180550 0.041587 -0.667237 -0.103616 0.736430
1520616982.615710974 16.462517 -2.338677 1.162926 0.047081 -0.667241 -0.095578 0.737182
1520616982.665712833 16.438756 -2.055508 1.220024 0.053130 -0.668983 -0.089084 0.736004
1520616982.715715170 16.372578 -2.076345 1.165854 0.056335 -0.668657 -0.093185 0.735555
1520616982.765817642 16.296941 -2.216394 1.053852 0.055505 -0.667172 -0.098466 0.736278
1520616982.815819502 16.235416 -2.215262 1.040485 0.058080 -0.667642 -0.100985 0.735312
1520616982.865820408 16.176008 -2.142898 1.118407 0.059987 -0.670041 -0.099862 0.733126
1520616982.915822506 16.111380 -2.013929 1.338987 0.061522 -0.675565 -0.095823 0.728454
1520616982.965823412 16.043039 -1.890459 1.603374 0.060626 -0.682093 -0.089782 0.723196
1520616983.015825510 15.983943 -1.754145 1.773836 0.058276 -0.686511 -0.082654 0.720052
1520616983.065827608 15.937414 -1.571999 1.816209 0.055305 -0.688007 -0.073629 0.719838
1520616983.115829468 15.902697 -1.297036 1.834719 0.053669 -0.688794 -0.062061 0.720300
1520616983.165883303 15.864442 -0.993327 1.836591 0.052874 -0.689168 -0.050216 0.720923
1520616983.215885401 15.824974 -0.729697 1.833548 0.050818 -0.689553 -0.039017 0.721396
1520616983.265887499 15.789932 -0.396434 1.862776 0.051512 -0.690527 -0.027075 0.720961
1520616983.315888405 15.753690 0.040608 1.863280 0.054569 -0.690664 -0.013036 0.720996
1520616983.365890265 15.726713 0.454385 1.725792 0.054197 -0.687760 0.002280 0.723909
1520616983.415891409 15.702226 0.933113 1.510843 0.051104 -0.683094 0.022501 0.728193
1520616983.465892315 15.652560 1.544020 1.333657 0.047794 -0.679229 0.048529 0.730759
1520616983.515894413 15.580221 2.169612 1.089882 0.045110 -0.673823 0.075025 0.733689
1520616983.565895319 15.492988 2.702313 1.111889 0.044231 -0.674690 0.096589 0.730416
1520616983.615723848 15.367605 3.143778 1.471937 0.046526 -0.683378 0.111471 0.720003
1520616983.665724993 15.205473 3.502871 2.199784 0.049852 -0.700412 0.121899 0.701483
1520616983.715726852 15.040662 3.665258 2.958128 -0.050932 0.717900 -0.126119 -0.682729
1520616983.765728712 14.871524 3.762965 3.638141 -0.051175 0.733261 -0.128421 -0.665746
1520616983.815729856 14.622148 4.098643 4.254591 -0.054104 0.746721 -0.138547 -0.648294
1520616983.865731955 14.328295 4.637294 4.698530 -0.062562 0.755721 -0.153222 -0.633636
1520616983.915733099 14.050513 5.341158 4.816176 -0.079454 0.756629 -0.169650 -0.626433
1520616983.965734959 13.979909 5.903053 4.360216 -0.096899 0.744606 -0.181103 -0.635117
1520616984.015578270 14.048475 6.415462 3.307625 -0.114700 0.718575 -0.190308 -0.658997
1520616984.065580368 14.083940 6.917273 1.875912 0.127414 -0.683517 0.202767 0.689533
1520616984.115581274 14.076392 7.202414 0.131904 0.134634 -0.640235 0.211325 0.726164
1520616984.165583372 13.952233 7.305945 -1.573503 0.139366 -0.596173 0.214345 0.761059
1520616984.215585232 13.835330 6.925079 -3.407842 0.136034 -0.547940 0.203132 0.799996
1520616984.265586138 13.580896 6.266163 -5.265108 0.132040 -0.495760 0.178329 0.839634
1520616984.315588236 13.175595 5.435090 -6.976044 0.128223 -0.443992 0.141787 0.875401
1520616984.365589142 12.568183 4.744448 -8.471225 0.128335 -0.393871 0.102929 0.904324
1520616984.415640831 11.929185 4.046729 -9.687010 0.127404 -0.349628 0.059651 0.926267
1520616984.465641975 11.348545 3.418478 -10.597638 0.125156 -0.314174 0.017825 0.940911
1520616984.515643835 11.038100 2.598887 -11.165732 0.114316 -0.293627 -0.021728 0.948811
1520616984.565645933 10.999762 1.734382 -11.403613 0.101205 -0.287631 -0.058848 0.950559
1520616984.615647078 11.207653 0.861688 -11.337307 0.088408 -0.294430 -0.093145 0.947005
1520616984.665648937 11.643598 0.125553 -10.978172 0.082017 -0.312070 -0.124871 0.938239
1520616984.715649843 12.283705 -0.238115 -10.323014 0.087331 -0.338588 -0.148114 0.925091
1520616984.765651941 12.969798 -0.390177 -9.509466 0.096473 -0.368421 -0.160419 0.910618
1520616984.815819025 13.653354 -0.272894 -8.564720 0.109302 -0.399511 -0.160504 0.895926
1520616984.865819931 14.266604 -0.156963 -7.590076 0.116397 -0.430378 -0.151685 0.882167
1520616984.915822029 14.785814 0.138864 -6.604265 0.121657 -0.459579 -0.132726 0.869696
1520616984.965823889 15.155956 0.650096 -5.757167 0.125423 -0.483040 -0.104833 0.860205
1520616985.015824795 15.416567 1.546780 -4.930076 0.130935 -0.504185 -0.063183 0.851271
1520616985.065825939 15.468370 2.508551 -4.427917 0.129732 -0.516820 -0.014834 0.846077
1520616985.115828037 15.330271 3.340017 -4.494601 0.119429 -0.515749 0.034331 0.847680
1520616985.165829182 14.995832 4.053920 -5.129041 0.103912 -0.500124 0.084095 0.855574
1520616985.215872049 14.537458 4.687511 -5.962650 0.090853 -0.478159 0.130395 0.863775
1520616985.265873909 13.911160 4.993383 -7.177966 0.082661 -0.443177 0.159186 0.878306
1520616985.315875053 13.072427 5.132859 -8.594758 0.084246 -0.397828 0.170826 0.897471
1520616985.365876913 12.169459 5.177944 -9.867562 0.095020 -0.351800 0.164446 0.916605
1520616985.415880919 11.198866 5.289711 -10.955689 0.113878 -0.306056 0.146138 0.933812
1520616985.465880156 10.200885 5.284182 -11.928906 0.133840 -0.259327 0.112418 0.949841
1520616985.515881062 9.154677 5.280048 -12.789533 0.152063 -0.212399 0.074106 0.962430
1520616985.565882921 8.351931 4.976686 -13.479282 0.156641 -0.175331 0.036530 0.971282
1520616985.615884066 7.883726 4.363986 -14.004841 0.147424 -0.152238 0.003891 0.977279
1520616985.665736437 7.653852 3.382981 -14.435067 0.126010 -0.139222 -0.028298 0.981803
1520616985.715737581 7.650795 2.236555 -14.696264 0.099981 -0.136656 -0.060229 0.983718
1520616985.765739441 7.980571 1.115705 -14.686629 0.077599 -0.147332 -0.094904 0.981461
1520616985.815741777 8.627287 0.248629 -14.389947 0.065151 -0.170298 -0.127298 0.974961
1520616985.865742683 9.489319 -0.303805 -13.865957 0.066137 -0.201063 -0.160416 0.964088
1520616985.915744543 10.417020 -0.736394 -13.195295 0.073999 -0.235152 -0.193184 0.949688
1520616985.965745687 11.345480 -1.162700 -12.400687 0.082254 -0.271292 -0.219510 0.933515
1520616986.015747547 12.331287 -1.522436 -11.406835 0.091175 -0.311705 -0.236142 0.915841
1520616986.065976143 13.381211 -1.706211 -10.156822 0.101162 -0.356879 -0.238779 0.897434
1520616986.115978003 14.249046 -1.768750 -8.908494 0.107151 -0.397952 -0.230042 0.881608
1520616986.165978909 15.011688 -1.549247 -7.625213 0.113449 -0.436350 -0.209511 0.867660
1520616986.215981007 15.542426 -1.156728 -6.581743 0.117843 -0.465384 -0.184048 0.857705
1520616986.265982866 15.903274 -0.530583 -5.775677 0.122174 -0.486188 -0.152472 0.851732
1520616986.315983772 16.094620 0.247155 -5.272317 0.124531 -0.498216 -0.116211 0.850158
1520616986.365986109 16.160830 1.044819 -4.999084 0.123823 -0.504421 -0.078350 0.850934
1520616986.415987968 16.099330 1.905288 -4.985291 0.120053 -0.504147 -0.036184 0.854467
1520616986.466095209 15.914570 2.685652 -5.248860 0.113238 -0.497219 0.005468 0.860187
1520616986.516097069 15.613836 3.359961 -5.762230 0.110477 -0.482732 0.037905 0.867945
1520616986.566097975 15.215894 3.847731 -6.495278 0.112485 -0.461201 0.056837 0.878300
1520616986.616100073 14.661448 4.260506 -7.453942 0.117575 -0.431682 0.069379 0.891635
1520616986.666101933 13.953866 4.507859 -8.593571 0.125648 -0.394416 0.069771 0.907624
1520616986.716102839 13.115504 4.511508 -9.833606 0.132211 -0.351472 0.058334 0.924978
1520616986.766103983 12.165086 4.118100 -11.146839 0.131853 -0.304270 0.032574 0.942854
1520616986.816106081 11.260956 3.420106 -12.276411 0.124572 -0.261963 -0.002910 0.957000
1520616986.865979433 10.513892 2.839782 -13.058776 0.122125 -0.229455 -0.043466 0.964648
1520616986.915982246 10.103602 2.822804 -13.370463 0.135800 -0.210921 -0.079387 0.964763
1520616986.965983152 10.218091 3.403033 -13.144365 0.169597 -0.209203 -0.111911 0.956529
1520616987.015984297 10.638684 4.287836 -12.529477 0.212591 -0.217461 -0.134650 0.943072
1520616987.065986395 11.246956 5.317632 -11.555063 0.260548 -0.233014 -0.147783 0.925192
1520616987.116074324 11.832286 6.361553 -10.373516 0.310499 -0.248920 -0.156302 0.903991
1520616987.165989399 12.266442 7.395466 -9.090731 0.361021 -0.260831 -0.161270 0.880694
1520616987.215990305 12.587679 8.253777 -7.810764 0.406926 -0.270232 -0.164779 0.856874
1520616987.266605377 12.604442 8.300200 -7.723794 0.451702 -0.278883 -0.167830 0.830676
1520616987.316606283 12.604442 8.300200 -7.723794 0.451702 -0.278883 -0.167830 0.830676
1520616987.366608381 12.601089 8.290916 -7.741188 0.451702 -0.278883 -0.167830 0.830676
1520616987.416609287 -0.649162 0.626412 0.431505 -0.076194 -0.007170 -0.012218 0.996992
1520616987.466611147 -1.005497 1.118448 0.534551 -0.141952 -0.008888 -0.021540 0.989599
1520616987.516613483 -1.342147 1.770478 0.509288 -0.212248 -0.008787 -0.033404 0.976605
1520616987.566614389 -1.654374 2.397086 0.341735 -0.279506 -0.012167 -0.043648 0.959074
1520616987.616616249 -1.976513 3.004046 0.117689 -0.338233 -0.016667 -0.052848 0.939430
1520616987.666622162 -2.331916 3.601094 -0.165799 -0.387512 -0.015518 -0.062274 0.919628
1520616987.716624022 -2.525051 4.170608 -0.396272 -0.427117 -0.013202 -0.072466 0.901191
1520616987.766624928 -2.930183 4.549725 -0.607542 -0.458267 -0.009461 -0.079976 0.885159
1520616987.816627264 -3.378678 4.791197 -0.705414 -0.475404 -0.008867 -0.083124 0.875787
1520616987.866629124 -3.883010 4.824613 -0.575307 -0.475101 -0.008990 -0.083396 0.875924
1520616987.916630030 -4.367732 4.732790 -0.167700 -0.452545 -0.006716 -0.080385 0.888086
1520616987.966632128 -4.898855 4.477899 0.542532 -0.408703 -0.001611 -0.075730 0.909519
1520616988.016633034 -5.511784 3.857550 1.220122 -0.353511 -0.000389 -0.070169 0.932795
1520616988.066636086 -6.141263 3.279641 1.782347 -0.289666 -0.002393 -0.064582 0.954943
1520616988.115684748 -6.202337 3.215398 1.828637 -0.224488 -0.004387 -0.058698 0.972697
1520616988.165687799 -6.202337 3.215398 1.828637 -0.224488 -0.004387 -0.058698 0.972697
1520616988.215688944 -6.190122 3.228247 1.819379 -0.224488 -0.004387 -0.058698 0.972697
1520616988.265690804 -0.871651 -0.377629 0.312443 0.087866 -0.010481 0.016976 0.995932
1520616988.315691710 -1.336138 -0.620083 0.436264 0.117462 -0.015531 0.022741 0.992695
1520616988.365694046 -1.797024 -0.776080 0.501509 0.131530 -0.019444 0.027611 0.990737
1520616988.415694952 -2.272725 -0.765228 0.609679 0.124376 -0.022623 0.032270 0.991452
1520616988.465696812 -2.746783 -0.605427 0.702654 0.088615 -0.022550 0.033564 0.995245
1520616988.516410828 -2.840011 -0.572865 0.718409 0.052739 -0.022447 0.034814 0.997749
1520616988.566412687 -2.840011 -0.572865 0.718409 0.052739 -0.022447 0.034814 0.997749
1520616988.616414070 -2.821365 -0.579377 0.715258 0.052739 -0.022447 0.034814 0.997749
1520616988.666416883 -2.821365 -0.579377 0.715258 0.052739 -0.022447 0.034814 0.997749
1520616988.716416836 -2.806449 -0.584587 0.712737 0.052739 -0.022447 0.034814 0.997749
1520616988.766474724 -2.806449 -0.584587 0.712737 0.052739 -0.022447 0.034814 0.997749
1520616988.816419840 -2.794516 -0.588755 0.710720 0.052739 -0.022447 0.034814 0.997749
1520616988.866421700 -0.942219 0.233434 -0.240275 -0.045584 0.003409 -0.020208 0.998750
1520616988.915898561 -1.371785 0.234431 -0.317747 -0.047300 0.005668 -0.026618 0.998510
1520616988.965900898 -1.798040 0.256881 -0.369842 -0.030131 0.008436 -0.028706 0.999098
1520616989.015902758 -2.248378 0.173482 -0.388617 0.004834 0.012383 -0.026687 0.999555
1520616989.065903664 -2.728206 0.049094 -0.384186 0.058141 0.016483 -0.020350 0.997965
1520616989.115905762 -3.200470 -0.090757 -0.393635 0.125252 0.017775 -0.007911 0.991934
1520616989.165906668 -3.600216 -0.390602 -0.387809 0.190902 0.017819 0.001921 0.981446
1520616989.215908527 -4.055257 -0.457706 -0.377552 0.252355 0.016396 0.008070 0.967462
1520616989.265909672 -4.510347 -0.510257 -0.363812 0.299343 0.013703 0.013085 0.953957
1520616989.315804243 -5.005044 -0.592282 -0.334216 0.331316 0.011979 0.017447 0.943282
1520616989.365805149 -5.388824 -0.730408 -0.348488 0.354185 0.007899 0.025148 0.934804
1520616989.415807009 -5.752902 -0.898831 -0.472505 0.376144 0.001964 0.034705 0.925909
1520616989.465809107 -6.131160 -0.994821 -0.555129 0.402249 -0.003316 0.041616 0.914578
1520616989.515810013 -6.535733 -1.093871 -0.637985 0.422517 -0.008622 0.047956 0.905044
1520616989.565811872 -6.906700 -1.126356 -0.753998 0.424223 -0.015640 0.052893 0.903876
1520616989.615814209 -7.299007 -1.183259 -0.817772 0.396656 -0.021083 0.057864 0.915899
1520616989.665815115 -7.694159 -0.944707 -0.858340 0.346262 -0.030507 0.055494 0.935998
1520616989.717325211 -7.778348 -0.893171 -0.874346 0.294816 -0.039838 0.052955 0.953254
1520616989.767327309 -7.778348 -0.893171 -0.874346 0.294816 -0.039838 0.052955 0.953254
1520616989.817328453 0.072127 -0.257705 -0.963528 -0.071541 -0.025118 -0.007496 0.997093
1520616989.867330313 0.112169 -0.571119 -1.530060 -0.123596 -0.044079 -0.012333 0.991276
1520616989.917331457 -0.066165 -1.052404 -1.980979 -0.156024 -0.059086 -0.015678 0.985860
1520616989.967333317 -0.298370 -1.355181 -2.308359 -0.165735 -0.071673 -0.018831 0.983382
1520616990.017334223 -0.415793 -1.528367 -2.628594 -0.154028 -0.087490 -0.016021 0.984055
1520616990.067335367 -0.477691 -1.610369 -3.063195 -0.123100 -0.104660 -0.010052 0.986809
1520616990.115924835 -0.488017 -1.623110 -3.161841 -0.092012 -0.121695 -0.004070 0.988285
1520616990.165926695 -0.488017 -1.623110 -3.161841 -0.092012 -0.121695 -0.004070 0.988285
1520616990.215927601 -0.485952 -1.620562 -3.142111 -0.092012 -0.121695 -0.004070 0.988285
1520616990.265929699 -0.946825 0.085475 -0.310188 0.064311 -0.034442 0.020785 0.997119
1520616990.315930605 -1.152695 0.111580 -0.501447 0.071451 -0.072249 0.026827 0.994462
1520616990.365932465 -1.192336 0.091868 -0.736889 0.063653 -0.121127 0.033875 0.990015
1520616990.415960550 -1.221051 0.054724 -0.951318 0.047506 -0.166436 0.041002 0.984053
1520616990.465935707 -1.193476 -0.002698 -1.155354 0.029122 -0.207132 0.050368 0.976581
1520616990.515936613 -1.119222 -0.072027 -1.329312 0.011903 -0.242532 0.059903 0.968219
1520616990.566101313 -1.037273 -0.079274 -1.428472 0.002546 -0.265197 0.066995 0.961861
1520616990.616102457 -1.052696 -0.073183 -1.445322 -0.000127 -0.259131 0.064508 0.963686
1520616990.666104317 -1.140255 -0.031933 -1.360649 0.005814 -0.220924 0.054682 0.973740
1520616990.716106176 -1.250360 0.023653 -1.201276 0.020310 -0.166600 0.044883 0.984793
1520616990.766107321 -1.355908 0.074811 -0.999646 0.036602 -0.105170 0.040910 0.992938
1520616990.816109419 -1.451879 0.123686 -0.755072 0.044738 -0.034559 0.033470 0.997840
1520616990.866110563 -1.464612 0.126394 -0.505607 0.040687 0.037796 0.025415 0.998133
1520616990.916112423 -1.445438 0.152092 -0.251409 0.028653 0.118964 0.011906 0.992414
1520616990.966139793 -1.372459 0.181764 -0.008001 0.011586 0.199024 -0.002087 0.979924
1520616991.016142130 -1.300645 0.209770 0.154206 -0.004973 0.267614 -0.014370 0.963406
1520616991.066143990 -1.217897 0.201442 0.300161 -0.018046 0.320426 -0.023212 0.946817
1520616991.116144896 -1.144459 0.193873 0.405482 -0.019683 0.352773 -0.028807 0.935058
1520616991.166146994 -1.098555 0.161177 0.434999 -0.012974 0.357964 -0.024307 0.933329
1520616991.216149092 -1.083777 0.130312 0.407467 -0.002325 0.339955 -0.016363 0.940296
1520616991.266149998 -1.087108 0.120076 0.340162 0.007967 0.309258 -0.012060 0.950868
1520616991.316151142 -1.085327 0.120920 0.263781 0.008166 0.273187 -0.012166 0.961849
1520616991.366085291 -1.099994 0.108050 0.178211 -0.005964 0.235295 -0.009864 0.971856
1520616991.416087389 -1.069336 0.121341 0.158521 -0.028536 0.198732 -0.013743 0.979542
1520616991.466088295 -1.069402 0.135978 0.112739 -0.056470 0.165546 -0.020936 0.984361
1520616991.516091347 -1.065333 0.148393 0.060207 -0.084422 0.133046 -0.024789 0.987197
1520616991.566092253 -1.061693 0.148355 0.017174 -0.108780 0.101223 -0.025166 0.988579
1520616991.616093159 -1.053676 0.155903 -0.027481 -0.121421 0.068278 -0.026593 0.989893
1520616991.666095257 -1.042494 0.167777 -0.059620 -0.121590 0.040614 -0.031898 0.991236
1520616991.716096163 -1.030305 0.192638 -0.057919 -0.110508 0.028404 -0.038773 0.992712
1520616991.765949011 -1.030267 0.169900 0.007677 -0.096689 0.039092 -0.039635 0.993757
1520616991.815950871 -1.004937 0.194531 0.134362 -0.079061 0.080140 -0.039361 0.992863
1520616991.865952015 -0.949145 0.212479 0.295204 -0.066479 0.139485 -0.035267 0.987360
1520616991.915952921 -0.875087 0.231926 0.451441 -0.058678 0.199574 -0.032674 0.977578
1520616991.965954781 -0.768382 0.248510 0.590681 -0.056535 0.263431 -0.031684 0.962499
1520616992.015956879 -0.664723 0.286404 0.718356 -0.057390 0.340612 -0.041845 0.937517
1520616992.065957785 -0.536216 0.331323 0.818585 -0.063196 0.411899 -0.058634 0.907143
1520616992.115958691 -0.402451 0.378293 0.889650 -0.067950 0.477031 -0.076007 0.872953
1520616992.165961027 -0.268326 0.419357 0.938703 -0.067699 0.533684 -0.096640 0.837412
1520616992.215962887 -0.127223 0.439742 0.980129 -0.069607 0.587492 -0.106558 0.799158
1520616992.265963793 0.006366 0.454340 1.008783 -0.067225 0.630778 -0.117276 0.764098
1520616992.315965891 0.131650 0.472875 1.028415 -0.064738 0.664173 -0.129032 0.733508
1520616992.365966797 0.181468 0.459917 1.008553 -0.063260 0.682007 -0.131302 0.716676
1520616992.415968657 0.172573 0.449243 0.999237 -0.061198 0.681065 -0.130009 0.717985
1520616992.465969801 0.122367 0.443515 0.993917 -0.058282 0.664564 -0.130444 0.733446
1520616992.515971899 0.057241 0.445254 0.985222 -0.057992 0.639962 -0.133470 0.754501
1520616992.565972805 -0.013713 0.455763 0.970170 -0.058954 0.611159 -0.141069 0.776601
1520616992.615977526 -0.081496 0.474339 0.950636 -0.060673 0.580861 -0.151263 0.797521
1520616992.665979385 -0.149035 0.491391 0.927406 -0.065933 0.550424 -0.156320 0.817466
1520616992.715980291 -0.218917 0.495009 0.900142 -0.071478 0.520653 -0.154625 0.836602
1520616992.765982389 -0.286136 0.486705 0.878070 -0.071472 0.491695 -0.148706 0.854994
1520616992.815983295 -0.340277 0.472281 0.862995 -0.064642 0.466535 -0.143784 0.870341
1520616992.865985394 -0.386277 0.453707 0.846452 -0.056383 0.443789 -0.138953 0.883496
1520616992.915986538 -0.433811 0.437760 0.832153 -0.046386 0.419470 -0.134536 0.896545
1520616992.965988398 -0.470909 0.427090 0.814004 -0.036951 0.397861 -0.133876 0.906873
1520616993.015919924 -0.486502 0.424023 0.805057 -0.033813 0.389327 -0.133747 0.910710
1520616993.065922022 -0.451615 0.433780 0.811346 -0.035441 0.403120 -0.142111 0.903351
1520616993.115922928 -0.362972 0.463561 0.861914 -0.037895 0.440633 -0.155249 0.883348
1520616993.165924072 -0.252277 0.489480 0.911850 -0.042171 0.486301 -0.171586 0.855740
1520616993.215925932 -0.129048 0.513789 0.951720 -0.047163 0.531211 -0.186505 0.825110
1520616993.265928030 0.007257 0.531075 0.982637 -0.053075 0.578576 -0.196859 0.789734
1520616993.315929174 0.170849 0.541055 1.003778 -0.055103 0.626984 -0.204488 0.749693
1520616993.365930080 0.319537 0.526800 0.981027 -0.052093 0.677493 -0.212170 0.702334
1520616993.415955544 0.481858 0.509537 0.958836 -0.044018 0.723148 -0.217078 0.654215
1520616993.465957642 0.647619 0.450612 0.847175 -0.041224 0.765189 -0.219256 0.603915
1520616993.515958548 0.747672 0.368943 0.694602 -0.041284 0.801666 -0.225027 0.552258
1520616993.565960407 0.799198 0.312450 0.573605 -0.039015 0.827500 -0.233759 0.508998
1520616993.615962505 0.840409 0.250830 0.471825 -0.039911 0.843805 -0.242634 0.477000
1520616993.665963411 0.874534 0.229179 0.411762 -0.041261 0.848312 -0.245954 0.467088
1520616993.715964556 0.890976 0.224802 0.417680 -0.039687 0.839100 -0.243672 0.484727
1520616993.765966654 0.885219 0.213911 0.462925 -0.034433 0.818939 -0.241609 0.519403
1520616993.816106081 0.865291 0.225424 0.524505 -0.029288 0.789746 -0.237151 0.564981
1520616993.866106987 0.821555 0.233044 0.597878 -0.023207 0.752917 -0.235244 0.614197
1520616993.916108847 0.755209 0.252520 0.667345 -0.019623 0.712586 -0.237304 0.659942
1520616993.966109991 0.680091 0.290285 0.737421 -0.015360 0.667210 -0.240341 0.704863
1520616994.016111851 0.600100 0.331068 0.791608 -0.019008 0.620331 -0.246517 0.744350
1520616994.066112757 0.520758 0.379009 0.827934 -0.026046 0.576322 -0.250850 0.777334
1520616994.116114855 0.439026 0.421109 0.855932 -0.034320 0.536095 -0.248418 0.806048
1520616994.166115761 0.374847 0.437326 0.879284 -0.035388 0.506342 -0.241270 0.827136
1520616994.216082096 0.347714 0.431292 0.900057 -0.029751 0.496258 -0.230161 0.836582
1520616994.266084194 0.363520 0.418552 0.906027 -0.026868 0.505954 -0.214739 0.834970
1520616994.316085339 0.396605 0.416419 0.895727 -0.031886 0.526085 -0.197477 0.826572
1520616994.366087198 0.419702 0.432487 0.874530 -0.047213 0.544698 -0.177938 0.818177
1520616994.416088104 0.440207 0.472855 0.842221 -0.073649 0.562256 -0.161160 0.807757
1520616994.466090202 0.468818 0.530196 0.793852 -0.108078 0.583403 -0.149952 0.790869
1520616994.516091108 0.491670 0.593604 0.734807 -0.146979 0.604684 -0.136871 0.770728
1520616994.566092968 0.515253 0.646618 0.675599 -0.180960 0.627956 -0.122905 0.746873
1520616994.616054296 0.542625 0.681410 0.622397 -0.205151 0.653839 -0.108199 0.720209
1520616994.666056156 0.583543 0.691173 0.577083 -0.214874 0.683657 -0.093437 0.691167
1520616994.716058254 0.635552 0.679265 0.543065 -0.210832 0.714346 -0.079586 0.662514
1520616994.766059160 0.699133 0.644467 0.515971 -0.193222 0.744667 -0.071006 0.634897
1520616994.816061258 0.781330 0.583430 0.482417 -0.161153 0.777955 -0.069722 0.603287
1520616994.866063356 0.858354 0.505326 0.450984 -0.121775 0.806220 -0.073584 0.574252
1520616994.916064262 0.921888 0.419619 0.422978 -0.081996 0.826439 -0.085305 0.550453
1520616994.966066360 0.965771 0.332505 0.409140 -0.043340 0.836798 -0.104556 0.535685
1520616995.016067266 0.986855 0.250085 0.419451 -0.006582 0.837300 -0.127170 0.531708
1520616995.066224098 0.991795 0.161797 0.452565 0.033663 0.830146 -0.151122 0.535618
1520616995.116225004 0.978766 0.057551 0.493435 0.080266 0.818020 -0.177022 0.541353
1520616995.166226864 0.939361 -0.035638 0.555104 0.125856 0.797734 -0.198850 0.555193
1520616995.216229200 0.875843 -0.104959 0.629820 0.166328 0.770889 -0.214290 0.576320
1520616995.266230106 0.791631 -0.141720 0.714209 0.196281 0.738185 -0.222103 0.605993
1520616995.316231966 0.682096 -0.148331 0.808110 0.214956 0.696302 -0.224027 0.647125
1520616995.366233110 0.553442 -0.118921 0.893238 0.219352 0.650245 -0.220156 0.693252
1520616995.416327238 0.420478 -0.053763 0.958784 0.206850 0.602519 -0.216046 0.739938
1520616995.466610193 0.294923 0.041495 0.997131 0.175411 0.558492 -0.211996 0.782544
1520616995.516612291 0.213164 0.098058 1.007906 0.143137 0.511808 -0.206937 0.821426
1520616995.566613197 0.213164 0.098058 1.007906 0.143137 0.511808 -0.206937 0.821426
1520616995.616615057 0.229516 0.086745 1.005751 0.143137 0.511808 -0.206937 0.821426
1520616995.666616201 0.229516 0.086745 1.005751 0.143137 0.511808 -0.206937 0.821426
1520616995.716618299 0.242597 0.077695 1.004027 0.143137 0.511808 -0.206937 0.821426
1520616995.766619444 -0.813201 -0.424653 -0.397961 -0.057264 0.024748 0.080823 0.994774
1520616995.816621304 -1.131622 -0.663175 -0.432523 -0.067970 0.052023 0.115252 0.989642
1520616995.866175175 -1.272825 -0.975769 -0.381159 -0.073476 0.086649 0.142200 0.983297
1520616995.916176319 -1.490547 -1.276404 -0.318942 -0.072499 0.130476 0.158969 0.975935
1520616995.966178417 -1.512246 -1.376810 -0.120608 -0.063607 0.179525 0.160216 0.968533
1520616996.016179085 -1.652826 -1.434792 0.105281 -0.043978 0.234161 0.144040 0.960462
1520616996.066181421 -1.730328 -1.347657 0.318718 -0.016939 0.280771 0.119873 0.952109
1520616996.116182327 -1.809600 -1.209572 0.494148 0.011029 0.314212 0.089066 0.945101
1520616996.166184187 -1.876172 -1.046251 0.635705 0.042454 0.335790 0.051189 0.939586
1520616996.216185331 -1.946945 -0.903618 0.747797 0.081284 0.347788 0.015000 0.933922
1520616996.266077995 -1.992134 -0.797464 0.832719 0.125408 0.353117 -0.023100 0.926848
1520616996.316079855 -2.050605 -0.653781 0.899147 0.165689 0.350194 -0.060943 0.919890
1520616996.366080999 -2.117515 -0.475278 0.974642 0.202705 0.338614 -0.098823 0.913502
1520616996.416084051 -2.176130 -0.278870 1.011628 0.231513 0.314721 -0.132500 0.910931
1520616996.466084957 -2.228153 -0.074356 0.992116 0.251604 0.279547 -0.158291 0.912958
1520616996.516086102 -2.303610 0.108863 0.976963 0.266163 0.238088 -0.176245 0.917284
1520616996.566087961 -2.387860 0.276333 0.974070 0.279482 0.192059 -0.187226 0.921927
1520616996.616088867 -2.566609 0.432673 0.990585 0.285221 0.145699 -0.194556 0.927129
1520616996.666722536 -2.639318 0.501328 0.990355 0.290315 0.099009 -0.201445 0.930233
1520616996.716723442 -2.639318 0.501328 0.990355 0.290315 0.099009 -0.201445 0.930233
1520616996.766725302 -0.821111 0.566455 0.070034 -0.018876 -0.025886 0.025531 0.999161
1520616996.816727638 -1.794531 1.022337 -0.026230 -0.048577 -0.052262 0.066710 0.995218
1520616996.866728544 -2.827616 1.381285 -0.242267 -0.090203 -0.075337 0.116645 0.986196
1520616996.916730404 -3.892075 1.417587 -0.638525 -0.137466 -0.092710 0.170865 0.971243
1520616996.966731548 -4.704358 1.368885 -0.980293 -0.180577 -0.098347 0.218634 0.953897
1520616997.016732454 -5.239452 0.917082 -1.221461 -0.215389 -0.089394 0.262422 0.936350
1520616997.066610575 -5.629576 0.387480 -1.291835 -0.233204 -0.073179 0.303589 0.920921
1520616997.116547823 -5.916249 -0.131138 -0.860564 -0.234099 -0.038649 0.331092 0.913281
1520616997.166548729 -6.081083 -0.284615 -0.218128 -0.219691 0.005187 0.348448 0.911204
1520616997.216550589 -6.155119 -0.217951 0.547300 -0.197406 0.055997 0.348157 0.914703
1520616997.266551733 -6.094432 0.177815 1.298985 -0.166918 0.106036 0.335726 0.920968
1520616997.316553831 -5.962619 0.633021 1.985362 -0.135141 0.151194 0.310411 0.928721
1520616997.366554976 -5.655394 1.196237 2.590944 -0.102242 0.190780 0.271107 0.937897
1520616997.416556835 -5.376092 1.793151 2.999106 -0.078440 0.216370 0.223457 0.947153
1520616997.466558695 -5.160502 2.347646 3.186889 -0.067108 0.226187 0.179377 0.955071
1520616997.516136885 -4.998013 2.770191 3.093580 -0.069246 0.224650 0.135571 0.962475
1520616997.566138983 -5.056053 3.116689 2.866427 -0.078996 0.207487 0.107239 0.969128
1520616997.616139889 -5.202707 3.373136 2.500200 -0.093189 0.179858 0.086427 0.975447
1520616997.666141987 -5.423853 3.520233 2.059256 -0.115993 0.149538 0.075340 0.979034
1520616997.716142893 -5.650181 3.506298 1.474888 -0.138733 0.113771 0.074606 0.980940
1520616997.766144753 -5.871001 3.359470 0.947087 -0.160359 0.080931 0.083884 0.980152
1520616997.816146851 -6.117183 3.038081 0.545886 -0.172618 0.050397 0.105633 0.978011
1520616997.866147757 -6.299085 2.704894 0.307601 -0.170089 0.025174 0.128053 0.976749
1520616997.916203260 -6.347867 2.554877 0.101708 -0.165249 0.001477 0.136427 0.976769
1520616997.966204405 -6.380005 2.436305 -0.027932 -0.152622 -0.018837 0.142675 0.977750
1520616998.016206264 -6.401555 2.345557 -0.141085 -0.138023 -0.037858 0.146948 0.978735
1520616998.066208363 -6.417441 2.256131 -0.263644 -0.123118 -0.057633 0.151225 0.979107
1520616998.116209507 -6.413502 2.209730 -0.400993 -0.108831 -0.077858 0.152434 0.979213
1520616998.166211367 -6.402320 2.190042 -0.512031 -0.096425 -0.094520 0.152177 0.979086
1520616998.216213226 -6.413649 2.124243 -0.592655 -0.085780 -0.108245 0.155712 0.978099
1520616998.266214371 -6.432290 2.054709 -0.663452 -0.077381 -0.119527 0.159858 0.976817
1520616998.316222906 -6.425932 2.031471 -0.772385 -0.071472 -0.132570 0.160672 0.975449
1520616998.366224051 -6.425357 1.977622 -0.883076 -0.066656 -0.145142 0.163773 0.973483
1520616998.416226149 -6.409753 2.000879 -0.935319 -0.061888 -0.153182 0.161558 0.972936
1520616998.466227055 -6.406879 1.997128 -0.966567 -0.056753 -0.159552 0.161729 0.972197
1520616998.516229153 -6.395728 1.990765 -1.030455 -0.056450 -0.165968 0.161868 0.971116
1520616998.566230059 -6.385607 1.977283 -1.107197 -0.057648 -0.172749 0.162526 0.969752
1520616998.616231918 -6.363972 2.024231 -1.139794 -0.052567 -0.179077 0.158865 0.969500
1520616998.666233063 -6.347004 2.053745 -1.174663 -0.046220 -0.186169 0.156558 0.968862
1520616998.716419220 -6.317882 2.088981 -1.243030 -0.045522 -0.192702 0.153229 0.968150
1520616998.766381264 -6.297418 2.098746 -1.320449 -0.047480 -0.198727 0.152240 0.966993
1520616998.816383123 -6.277296 2.074872 -1.445149 -0.056697 -0.204840 0.153903 0.964956
1520616998.866384029 -6.271467 1.996114 -1.570540 -0.073819 -0.206718 0.159277 0.962522
1520616998.916386366 -6.271028 1.898147 -1.693640 -0.094604 -0.206833 0.165983 0.959541
1520616998.966387272 -6.286281 1.754173 -1.793007 -0.118164 -0.203921 0.175846 0.955788
1520616999.016389132 -6.303032 1.565771 -1.904275 -0.141587 -0.202746 0.188408 0.950447
1520616999.066391230 -6.321965 1.428361 -1.946362 -0.161669 -0.197647 0.197558 0.946451
1520616999.116468668 -6.325592 1.335985 -1.975813 -0.176703 -0.194031 0.203363 0.943277
1520616999.166470766 -6.344883 1.319453 -1.911287 -0.181524 -0.187053 0.205442 0.943321
1520616999.216471434 -6.360007 1.391758 -1.793566 -0.177474 -0.179360 0.202365 0.946246
1520616999.266473770 -6.366154 1.503757 -1.655654 -0.170750 -0.171026 0.196468 0.950260
1520616999.316474676 -6.365157 1.589318 -1.542948 -0.165216 -0.164353 0.191834 0.953358
1520616999.366476536 -6.365742 1.602441 -1.472038 -0.162168 -0.160318 0.191850 0.954564
1520616999.416477680 -6.362998 1.577791 -1.444248 -0.164688 -0.157320 0.193604 0.954278
1520616999.466479540 -6.353155 1.571619 -1.419900 -0.168579 -0.153785 0.193962 0.954102
1520616999.516481638 -6.334576 1.579815 -1.399035 -0.173286 -0.149813 0.192867 0.954112
1520616999.566754341 -6.323521 1.640754 -1.305564 -0.173067 -0.142078 0.189044 0.956098
1520616999.616756439 -6.317103 1.674031 -1.212843 -0.168761 -0.136455 0.187159 0.958056
1520616999.666757345 -6.303462 1.730790 -1.109720 -0.159979 -0.132053 0.183514 0.960881
1520616999.716760397 -6.271455 1.839177 -1.019823 -0.145792 -0.131253 0.175347 0.964765
1520616999.766761541 -6.236661 1.930991 -0.951902 -0.127218 -0.134826 0.167822 0.968232
1520616999.816763401 -6.220793 1.982443 -0.834387 -0.106290 -0.135698 0.163422 0.971381
1520616999.866764307 -6.205753 2.020801 -0.722920 -0.088141 -0.135632 0.159572 0.973844
1520616999.916766405 -6.198607 2.024712 -0.637468 -0.073248 -0.136135 0.158179 0.975234
1520616999.966792822 -6.189088 2.027292 -0.596497 -0.061172 -0.138991 0.156869 0.975875
1520617000.016797781 -6.195896 1.985512 -0.547086 -0.048600 -0.141238 0.159057 0.975905
1520617000.066795588 -6.219255 1.889742 -0.518432 -0.032002 -0.146862 0.165222 0.974735
1520617000.116797686 -6.252334 1.762728 -0.477691 -0.015113 -0.151016 0.173629 0.973046
1520617000.166798592 -6.284917 1.611084 -0.512686 -0.003331 -0.158439 0.184164 0.970036
1520617000.216799736 -6.304223 1.495951 -0.579270 0.002386 -0.165494 0.192676 0.967203
1520617000.266801596 -6.313961 1.380424 -0.731549 -0.000435 -0.175863 0.201990 0.963469
1520617000.316803694 -6.300551 1.279403 -0.989769 -0.011979 -0.191292 0.210582 0.958603
1520617000.366745234 -6.281555 1.138419 -1.250357 -0.025490 -0.206064 0.221863 0.952714
1520617000.416735411 -6.256423 1.046087 -1.437007 -0.036421 -0.216199 0.229195 0.948368
1520617000.466736317 -6.223951 1.052510 -1.556094 -0.042576 -0.223273 0.229217 0.946465
1520617000.516738653 -6.189787 1.106969 -1.632132 -0.052015 -0.225599 0.225678 0.946292
1520617000.566739559 -6.170821 1.095748 -1.691596 -0.064982 -0.224800 0.227106 0.945339
1520617000.616741419 -6.164363 1.068560 -1.714272 -0.081270 -0.219409 0.229576 0.944749
1520617000.666743517 -6.150827 1.107770 -1.706484 -0.097682 -0.211475 0.227160 0.945587
1520617000.716744423 -6.144950 1.193107 -1.633330 -0.113343 -0.198150 0.221743 0.948008
1520617000.766617060 -6.141992 1.246166 -1.558708 -0.123517 -0.187234 0.219571 0.949461
1520617000.816617966 -6.151535 1.300473 -1.427472 -0.131853 -0.172128 0.218013 0.951555
1520617000.866620064 -6.150125 1.333924 -1.323397 -0.143297 -0.157670 0.217126 0.952608
1520617000.916620970 -6.136902 1.434247 -1.199614 -0.150625 -0.142903 0.211360 0.955101
1520617000.966623068 -6.106656 1.572415 -1.072629 -0.156484 -0.128074 0.202513 0.958174
1520617001.016624212 -6.074787 1.706496 -0.927479 -0.157478 -0.113861 0.194126 0.961536
1520617001.066626072 -6.018689 1.886544 -0.785834 -0.156933 -0.100099 0.181670 0.965582
1520617001.116627932 -5.951216 2.078249 -0.616847 -0.153312 -0.085257 0.168003 0.970052
1520617001.166698694 -5.881114 2.249979 -0.412025 -0.145051 -0.069859 0.155709 0.974595
1520617001.216700554 -5.821230 2.367458 -0.212689 -0.134579 -0.056592 0.146967 0.978308
1520617001.266701460 -5.772198 2.437869 -0.042063 -0.124044 -0.046278 0.141208 0.981087
1520617001.316703796 -5.718142 2.509420 0.087710 -0.114984 -0.038635 0.134508 0.983460
1520617001.366705656 -5.672347 2.555519 0.202701 -0.106484 -0.032105 0.129541 0.985317
1520617001.416706562 -5.640537 2.572050 0.304273 -0.096449 -0.027911 0.126605 0.986858
1520617001.466708660 -5.634262 2.532223 0.404072 -0.084552 -0.025273 0.128021 0.987838
1520617001.516710758 -5.644377 2.460928 0.473123 -0.069829 -0.027148 0.131397 0.988495
1520617001.566704273 -5.657520 2.389126 0.523539 -0.055908 -0.029982 0.134656 0.988860
1520617001.616706371 -5.670944 2.327079 0.547807 -0.044557 -0.033526 0.137440 0.988939
1520617001.666707516 -5.698016 2.241892 0.556282 -0.036125 -0.036675 0.142835 0.988407
1520617001.716709375 -5.737026 2.137925 0.530394 -0.031922 -0.040486 0.150531 0.987260
1520617001.766710281 -5.775563 2.040645 0.486603 -0.031593 -0.043768 0.158343 0.985908
1520617001.816712379 -5.806950 1.981359 0.375626 -0.033464 -0.051969 0.163087 0.984674
1520617001.866713285 -5.821695 1.971956 0.227636 -0.036806 -0.062631 0.163676 0.983836
1520617001.916715145 -5.823067 1.997792 0.093843 -0.037460 -0.073471 0.161300 0.983454
1520617001.966679811 -5.825800 2.013040 -0.009508 -0.036741 -0.082209 0.159925 0.983014
1520617002.016645670 -5.854262 1.953798 -0.077089 -0.038483 -0.086432 0.165530 0.981656
1520617002.066646814 -5.887658 1.864097 -0.278125 -0.055341 -0.094667 0.174267 0.978574
1520617002.116648674 -5.918141 1.741498 -0.554764 -0.081527 -0.104993 0.185282 0.973653
1520617002.166649580 -5.941525 1.579265 -0.850209 -0.106078 -0.118226 0.197861 0.967275
1520617002.216651678 -5.947144 1.430033 -1.118978 -0.122642 -0.133314 0.208418 0.961118
1520617002.266653776 -5.932379 1.372685 -1.310866 -0.133036 -0.144375 0.211843 0.957382
1520617002.316654682 -5.911544 1.345846 -1.467501 -0.139447 -0.154164 0.213152 0.954649
1520617002.366656780 -5.887228 1.377308 -1.570950 -0.146450 -0.158696 0.210393 0.953469
1520617002.416535378 -5.862919 1.419970 -1.654139 -0.157954 -0.159072 0.206597 0.952399
1520617002.466537237 -5.844934 1.461239 -1.712379 -0.175547 -0.153946 0.202337 0.951075
1520617002.516538143 -5.848738 1.472500 -1.714275 -0.192740 -0.144075 0.201086 0.949557
1520617002.566540241 -5.873947 1.440744 -1.673060 -0.210854 -0.130182 0.203455 0.947206
1520617002.616541147 -5.890381 1.446128 -1.615611 -0.225196 -0.116584 0.203571 0.945650
1520617002.666543007 -5.898217 1.487040 -1.553016 -0.235458 -0.104140 0.201154 0.945120
1520617002.716545343 -5.894701 1.608577 -1.437872 -0.239506 -0.089086 0.193630 0.947211
1520617002.766546249 -5.865127 1.811360 -1.294505 -0.235347 -0.074791 0.180424 0.952085
1520617002.816246271 -5.824736 2.026831 -1.136267 -0.223918 -0.063193 0.166330 0.958228
1520617002.866247177 -5.790012 2.211516 -0.937857 -0.208040 -0.051293 0.154791 0.964431
1520617002.916249275 -5.771382 2.309577 -0.770959 -0.191948 -0.043935 0.149114 0.969015
1520617002.966250181 -5.772854 2.339661 -0.625198 -0.179771 -0.037262 0.147981 0.971800
1520617003.016253233 -5.791320 2.317308 -0.500036 -0.170244 -0.031479 0.150684 0.973304
1520617003.066254377 -5.816727 2.275583 -0.361557 -0.162084 -0.023965 0.155027 0.974228
1520617003.116255283 -5.823136 2.270680 -0.273734 -0.154677 -0.020188 0.155290 0.975476
1520617003.166257143 -5.820513 2.290754 -0.199453 -0.146096 -0.018159 0.153111 0.977181
1520617003.216340065 -5.859413 2.202365 -0.184799 -0.137591 -0.022858 0.159177 0.977348
1520617003.266340971 -5.903248 2.100511 -0.201883 -0.132000 -0.028743 0.166076 0.976816
1520617003.316343069 -5.941767 2.006912 -0.284843 -0.131659 -0.037386 0.171800 0.975578
1520617003.366344929 -5.967461 1.946872 -0.398761 -0.135737 -0.046070 0.174619 0.974146
1520617003.416344881 -5.997279 1.875779 -0.482353 -0.139367 -0.052245 0.178666 0.972587
1520617003.466346979 -6.033543 1.804067 -0.516497 -0.136041 -0.057957 0.183294 0.971873
1520617003.516348839 -6.073609 1.725200 -0.535443 -0.126597 -0.065470 0.188569 0.971663
1520617003.566349983 -6.106526 1.668795 -0.568796 -0.116463 -0.074202 0.191874 0.971656
1520617003.616839647 -6.104704 1.682756 -0.654153 -0.115623 -0.082391 0.188525 0.971752
1520617003.666840553 -6.101424 1.697158 -0.739393 -0.114774 -0.090573 0.185162 0.971771
1520617003.716842651 -6.101424 1.697158 -0.739393 -0.114774 -0.090573 0.185162 0.971771
1520617003.766843557 -6.102080 1.694277 -0.722345 -0.114774 -0.090573 0.185162 0.971771
1520617003.816845655 -0.997786 0.063111 0.020965 0.010484 -0.011351 0.006498 0.999860
1520617003.866847754 -1.462892 0.159701 -0.007113 0.017523 -0.020791 0.006899 0.999606
1520617003.916848660 -1.934528 0.284430 -0.056651 0.023957 -0.031831 0.005757 0.999190
1520617003.966850519 -2.373806 0.440883 -0.126327 0.028640 -0.043176 0.005487 0.998642
1520617004.017410755 -2.676302 0.684736 -0.217957 0.031626 -0.056820 0.005793 0.997867
1520617004.067412853 -2.990642 0.865830 -0.331809 0.025769 -0.067276 0.009618 0.997355
1520617004.117413998 -3.314490 1.077721 -0.391872 0.013950 -0.071360 0.011390 0.997288
1520617004.167415857 -3.555540 1.350824 -0.421283 -0.002821 -0.069212 0.008810 0.997559
1520617004.217417002 -3.748913 1.647885 -0.396130 -0.021678 -0.059696 0.001952 0.997979
1520617004.267418861 -3.888168 1.963423 -0.338470 -0.037990 -0.048760 -0.004820 0.998076
1520617004.317420721 -4.021748 2.259182 -0.268033 -0.052758 -0.037741 -0.011525 0.997827
1520617004.367421865 -4.080094 2.538258 -0.158450 -0.067037 -0.023578 -0.021461 0.997241
1520617004.417423964 -4.124204 2.743428 -0.026268 -0.079996 -0.008283 -0.029242 0.996332
1520617004.467167854 -4.155908 2.846872 0.093923 -0.091144 0.006893 -0.035205 0.995191
1520617004.517169714 -4.171903 2.872202 0.290565 -0.094295 0.022384 -0.039904 0.994492
1520617004.567170858 -4.186448 2.838671 0.538280 -0.089128 0.034659 -0.044320 0.994430
1520617004.617172718 -4.234242 2.679492 0.811512 -0.081804 0.045424 -0.046944 0.994505
1520617004.667174578 -4.273791 2.473719 1.101653 -0.073100 0.056467 -0.048681 0.994534
1520617004.717175722 -4.317026 2.261026 1.377516 -0.064314 0.065407 -0.051064 0.994474
1520617004.767177820 -4.381542 2.038802 1.658680 -0.054188 0.073022 -0.053463 0.994421
1520617004.817179680 -4.482374 1.797826 1.947601 -0.043563 0.079707 -0.054638 0.994366
1520617004.866488695 -4.602789 1.425127 2.110284 -0.038628 0.081475 -0.056546 0.994320
1520617004.916490555 -4.837874 1.127381 2.292042 -0.027222 0.080272 -0.055677 0.994844
1520617004.966491461 -5.107203 0.836879 2.438102 -0.015995 0.073822 -0.052586 0.995756
1520617005.016493559 -5.443681 0.591398 2.527294 -0.006269 0.065121 -0.050963 0.996555
1520617005.066495419 -5.822357 0.372172 2.556558 0.003214 0.052947 -0.050005 0.997339
1520617005.116496325 -6.243747 0.152486 2.527017 0.013284 0.038774 -0.047924 0.998010
1520617005.166499615 -6.711644 -0.106499 2.436685 0.023918 0.022263 -0.041870 0.998589
1520617005.216499567 -7.178802 -0.367861 2.301468 0.033259 0.005362 -0.034978 0.998820
1520617005.266826391 -7.607804 -0.589875 2.102438 0.038646 -0.011891 -0.029732 0.998740
1520617005.316826582 -8.064096 -0.753913 1.939396 0.041869 -0.027401 -0.026227 0.998403
1520617005.366903543 -8.507231 -0.911126 1.722640 0.043062 -0.043973 -0.021812 0.997866
1520617005.416829586 -8.947001 -1.074258 1.431808 0.042651 -0.063895 -0.016083 0.996915
1520617005.466831684 -9.381918 -1.237086 1.039996 0.041635 -0.087755 -0.008492 0.995235
1520617005.516832590 -9.798883 -1.296684 0.538269 0.040882 -0.115857 -0.004758 0.992413
1520617005.566834688 -10.166601 -1.301505 -0.067181 0.042655 -0.147144 -0.001540 0.988194
1520617005.616835594 -10.449855 -1.232468 -0.730297 0.044969 -0.178986 -0.000422 0.982823
1520617005.667318821 -10.695844 -1.168089 -1.373524 0.047062 -0.208595 0.002946 0.976865
1520617005.717319965 -10.787866 -1.066562 -2.073331 0.046044 -0.238982 0.006110 0.969912
1520617005.767321825 -10.831427 -0.940285 -2.669890 0.040233 -0.264869 0.009479 0.963398
1520617005.817322731 -10.791599 -0.725916 -3.192380 0.030289 -0.286974 0.010750 0.957399
1520617005.867324829 -10.719355 -0.496644 -3.577877 0.016619 -0.303207 0.012029 0.952704
1520617005.917326927 -10.623782 -0.235630 -3.909427 0.000043 -0.316462 0.011461 0.948536
1520617005.967327833 -10.491508 -0.054762 -4.188241 -0.014552 -0.326993 0.014156 0.944809
1520617006.017329931 -10.346477 0.151571 -4.395751 -0.026882 -0.335184 0.016186 0.941630
1520617006.066761732 -10.317718 0.361341 -4.508879 -0.040607 -0.335668 0.018227 0.940928
1520617006.116763830 -10.113295 0.444724 -4.656299 -0.064116 -0.335592 0.016095 0.939685
1520617006.166764736 -9.932900 0.666302 -4.533603 -0.081812 -0.327283 0.014176 0.941271
1520617006.216767073 -9.927328 0.794971 -4.205258 -0.095868 -0.310130 0.017631 0.945684
1520617006.266768932 -9.817742 0.858233 -3.819548 -0.110158 -0.291338 0.022855 0.949982
1520617006.316769838 -9.722513 0.893599 -3.394562 -0.123227 -0.269445 0.028389 0.954677
1520617006.366771936 -9.613448 0.877246 -2.932674 -0.134697 -0.247339 0.033256 0.958944
1520617006.416773796 -9.448890 0.962991 -2.494077 -0.138936 -0.226486 0.034761 0.963427
1520617006.466332436 -9.278177 1.103461 -1.926799 -0.136763 -0.204027 0.033714 0.968779
1520617006.516334295 -9.035784 1.143982 -1.285794 -0.132429 -0.178144 0.031477 0.974544
1520617006.566335440 -8.730277 1.345109 -0.639450 -0.122339 -0.153027 0.023374 0.980342
1520617006.616337299 -8.375258 1.552197 0.040232 -0.108575 -0.128767 0.012766 0.985630
1520617006.666338205 -7.914331 1.748910 0.775974 -0.091178 -0.104968 0.002213 0.990285
1520617006.716341496 -7.332225 1.807564 1.518236 -0.073924 -0.084759 -0.004074 0.993647
1520617006.766341448 -6.674221 1.922134 2.284173 -0.056640 -0.064598 -0.012484 0.996224
1520617006.816347361 -5.905805 2.012088 3.090007 -0.038601 -0.044729 -0.024061 0.997963
1520617006.866345406 -5.049065 2.089698 3.915685 -0.012485 -0.025495 -0.038017 0.998874
1520617006.916496277 -4.081438 2.108428 4.727809 0.015434 -0.009420 -0.055080 0.998318
1520617006.966498613 -3.051397 2.064844 5.445930 0.036812 0.008545 -0.074464 0.996507
1520617007.016545534 -1.979411 2.056854 6.099828 0.054356 0.028520 -0.089746 0.994071
1520617007.066501379 -0.969179 2.162739 6.626003 0.067319 0.045146 -0.101461 0.991532
1520617007.116502523 -0.108092 2.364000 6.996242 0.071495 0.060028 -0.112054 0.989307
1520617007.166504383 0.581375 2.587079 7.053845 0.066032 0.080344 -0.122037 0.987062
1520617007.216505527 1.244200 2.941370 7.048298 0.053726 0.100445 -0.134493 0.984345
1520617007.266507626 1.861131 3.320035 7.088422 0.033462 0.115101 -0.143926 0.982302
1520617007.316927671 1.947033 3.371228 7.088954 0.013174 0.129674 -0.153256 0.979553
1520617007.366930008 1.947033 3.371228 7.088954 0.013174 0.129674 -0.153256 0.979553
1520617007.416930914 1.929853 3.360989 7.088847 0.013174 0.129674 -0.153256 0.979553
1520617007.466932774 1.916108 3.352798 7.088762 0.013174 0.129674 -0.153256 0.979553
1520617007.516934872 1.905113 3.346246 7.088694 0.013174 0.129674 -0.153256 0.979553
1520617007.566935778 -0.386712 0.862698 -0.325891 -0.019411 -0.013111 0.014019 0.999627
1520617007.616937637 -0.643036 0.918827 -0.335125 -0.018180 -0.018928 0.018795 0.999479
1520617007.666938782 -1.000962 0.800896 -0.295349 -0.015831 -0.026108 0.026176 0.999191
1520617007.716563463 -1.325394 0.736819 -0.193406 -0.012208 -0.034474 0.032667 0.998797
1520617007.766564369 -1.475166 0.861606 -0.356765 -0.010039 -0.048998 0.036962 0.998064
1520617007.816566229 -1.692794 0.799856 -0.295760 -0.003733 -0.061644 0.043475 0.997144
1520617007.866568565 -1.969110 0.779365 -0.201563 0.009696 -0.073162 0.049192 0.996059
1520617007.916569233 -2.286753 0.737685 -0.114139 0.025052 -0.088510 0.054684 0.994258
1520617007.966571331 -2.624231 0.718576 -0.044575 0.041560 -0.106890 0.059795 0.991601
1520617008.016573429 -3.059762 0.706388 0.060687 0.056771 -0.124993 0.065495 0.988364
1520617008.066574335 -3.535116 0.690710 0.147780 0.074188 -0.143986 0.069872 0.984318
1520617008.116702557 -3.990462 0.588388 0.151938 0.092190 -0.163196 0.075555 0.979367
1520617008.166703701 -4.416592 0.695767 0.176811 0.106076 -0.184358 0.077789 0.974017
1520617008.216705561 -4.654880 0.691950 -0.121577 0.106868 -0.206473 0.082762 0.969071
1520617008.266706705 -4.963579 0.720422 -0.390902 0.097910 -0.224053 0.094253 0.965054
1520617008.316708565 -5.207459 0.775730 -0.654236 0.077835 -0.237341 0.111059 0.961913
1520617008.366709471 -5.367895 0.934403 -0.820881 0.050886 -0.242753 0.124953 0.960661
1520617008.416711569 -5.452186 1.159161 -0.934554 0.025088 -0.239527 0.136308 0.960946
1520617008.466712475 -5.434041 1.379081 -1.015005 0.000982 -0.230709 0.144340 0.962257
1520617008.517258644 -5.228251 1.195423 -1.184934 -0.023204 -0.219751 0.148680 0.963880
1520617008.567260742 -5.779864 0.860674 -0.965567 -0.040742 -0.200240 0.148990 0.967495
1520617008.617261648 -5.619315 1.447015 -0.458843 -0.045571 -0.184880 0.139439 0.971751
1520617008.667280674 -5.444583 1.874738 0.004506 -0.041419 -0.166112 0.128397 0.976834
1520617008.717264652 -5.259811 2.178445 0.578837 -0.031062 -0.147147 0.117965 0.981564
1520617008.767266512 -4.891180 2.393473 1.245048 -0.015028 -0.129178 0.107069 0.985710
1520617008.817267656 -4.686783 2.613578 2.123708 0.003356 -0.107595 0.092670 0.989861
1520617008.867269516 -4.107931 2.859752 2.976726 0.023860 -0.089367 0.077444 0.992697
1520617008.917270422 -3.466316 2.863299 3.940304 0.042678 -0.071718 0.063781 0.994468
1520617008.966611624 -3.407740 2.859245 4.021251 0.061459 -0.054008 0.050063 0.995389
1520617009.016612768 -3.407740 2.859245 4.021251 0.061459 -0.054008 0.050063 0.995389
1520617009.066614866 -3.419455 2.860056 4.005062 0.061459 -0.054008 0.050063 0.995389
1520617009.116616726 0.360032 0.308617 0.880416 0.047659 0.030397 -0.018985 0.998220
1520617009.166617870 0.393472 0.346213 1.148797 0.064910 0.044279 -0.026677 0.996551
1520617009.216619730 0.524076 0.401975 1.280180 0.070894 0.053615 -0.030400 0.995578
1520617009.266620874 0.541546 0.407997 1.369993 0.061884 0.062500 -0.029690 0.995682
1520617009.316622734 0.605655 0.527402 1.399629 0.045162 0.069848 -0.030480 0.996069
1520617009.367223024 0.613367 0.285505 1.235040 0.024226 0.071868 -0.019216 0.996935
1520617009.417223930 0.617918 0.200761 1.182147 0.003275 0.073847 -0.007942 0.997233
1520617009.467226028 0.617918 0.200761 1.182147 0.003275 0.073847 -0.007942 0.997233
1520617009.517226934 0.617007 0.217710 1.192726 0.003275 0.073847 -0.007942 0.997233
1520617009.567229033 0.616279 0.231269 1.201189 0.003275 0.073847 -0.007942 0.997233
1520617009.617230177 0.615697 0.242116 1.207959 0.003275 0.073847 -0.007942 0.997233
1520617009.667232990 0.615231 0.250794 1.213375 0.003275 0.073847 -0.007942 0.997233
1520617009.717233181 -0.895063 -0.416078 -0.160443 0.005561 -0.037112 0.005778 0.999279
1520617009.766969919 -0.952694 -0.619797 -0.195930 0.012461 -0.047294 0.008005 0.998771
1520617009.816970825 -1.052377 -0.659263 -0.148235 0.020163 -0.050426 0.005513 0.998509
1520617009.866972685 -1.125764 -0.634962 -0.182995 0.023437 -0.055947 0.004992 0.998146
1520617009.916973829 -1.201602 -0.562110 -0.193436 0.020948 -0.061029 0.004295 0.997907
1520617009.966975689 -1.206891 -0.472994 -0.221017 0.011615 -0.064671 0.004414 0.997829
1520617010.016976595 -1.227587 -0.339056 -0.210143 -0.000655 -0.064285 0.004873 0.997919
1520617010.066979885 -1.206502 -0.236092 -0.195767 -0.011834 -0.062514 0.008865 0.997935
1520617010.116979599 -1.192931 -0.204580 -0.172584 -0.019713 -0.059420 0.013405 0.997948
1520617010.167055130 -1.169689 -0.271830 -0.170330 -0.021336 -0.055129 0.017882 0.998091
1520617010.217056274 -1.154234 -0.299248 -0.119845 -0.014813 -0.050596 0.019125 0.998426
1520617010.267058134 -1.083939 -0.475809 -0.100226 -0.007038 -0.047965 0.018788 0.998647
1520617010.317059994 -1.044004 -0.571366 -0.076728 0.002607 -0.044330 0.016665 0.998875
1520617010.367061138 -0.978537 -0.664928 -0.071538 0.008271 -0.040839 0.013466 0.999041
1520617010.417062044 -0.926886 -0.681149 -0.058586 0.010767 -0.037303 0.010177 0.999194
1520617010.467064142 -0.887399 -0.662524 -0.045725 0.009971 -0.034028 0.009079 0.999330
1520617010.517065287 -0.862874 -0.634284 -0.038273 0.006217 -0.032289 0.010354 0.999406
1520617010.566926479 -0.858281 -0.590377 -0.058402 0.001666 -0.031809 0.012270 0.999417
1520617010.616927862 -0.858229 -0.574666 -0.029932 -0.001256 -0.031185 0.013705 0.999419
1520617010.666929722 -0.870105 -0.599342 -0.020677 -0.001768 -0.031469 0.014991 0.999391
1520617010.716931820 -0.896076 -0.632128 0.019553 0.001827 -0.033103 0.015993 0.999322
1520617010.766932726 -0.930063 -0.690033 0.034432 0.006669 -0.035736 0.016655 0.999200
1520617010.816934586 -0.969972 -0.735242 0.041193 0.010575 -0.039401 0.016432 0.999032
1520617010.866935730 -1.002223 -0.755895 0.043299 0.012127 -0.043522 0.015677 0.998856
1520617010.916937828 -1.040477 -0.765883 0.032537 0.010573 -0.047169 0.015262 0.998714
1520617010.966972828 -1.074665 -0.762521 0.033104 0.008470 -0.050139 0.015909 0.998580
1520617011.016974926 -1.091921 -0.753742 0.033958 0.006980 -0.051870 0.016160 0.998499
1520617011.066977024 -1.102154 -0.739263 0.032233 0.005839 -0.052994 0.015581 0.998456
1520617011.116977930 -1.120613 -0.740175 0.033799 0.004329 -0.053838 0.015713 0.998417
1520617011.166979790 -1.131616 -0.732009 0.033650 0.003460 -0.054826 0.016514 0.998353
1520617011.216980934 -1.129496 -0.724236 0.055901 0.002849 -0.055435 0.017384 0.998307
1520617011.266982794 -1.146099 -0.737435 0.056885 0.001301 -0.054900 0.017882 0.998331
1520617011.316984892 -1.147617 -0.743324 0.075918 -0.001340 -0.054369 0.020138 0.998317
1520617011.366986036 -1.141378 -0.761382 0.051463 -0.008111 -0.056059 0.023797 0.998111
1520617011.417001724 -1.139360 -0.764267 0.059282 -0.018335 -0.056383 0.023661 0.997960
1520617011.467003584 -1.147336 -0.746036 0.077151 -0.026604 -0.054762 0.020006 0.997944
1520617011.517005682 -1.152091 -0.737260 0.088557 -0.029549 -0.053167 0.017480 0.997995
1520617011.567006826 -1.154443 -0.737859 0.082941 -0.027936 -0.054821 0.015817 0.997980
1520617011.617007732 -1.166250 -0.732781 0.068099 -0.023349 -0.058702 0.012757 0.997921
1520617011.667009592 -1.177061 -0.734023 0.050627 -0.014294 -0.060368 0.007566 0.998045
1520617011.717010736 -1.182989 -0.740277 0.047168 -0.005951 -0.061022 0.003425 0.998113
1520617011.767012596 -1.184927 -0.741259 0.033190 -0.002583 -0.063630 0.003133 0.997965
1520617011.816890717 -1.194236 -0.754067 0.021119 -0.007157 -0.066803 0.005608 0.997725
1520617011.866893530 -1.209765 -0.738953 -0.000897 -0.014448 -0.070491 0.010120 0.997356
1520617011.916892767 -1.221577 -0.758344 -0.012205 -0.020426 -0.073067 0.017039 0.996972
1520617011.966894627 -1.223146 -0.767124 -0.020265 -0.022633 -0.074919 0.019828 0.996736
1520617012.016895771 -1.228912 -0.769573 -0.009620 -0.019178 -0.073735 0.018422 0.996923
1520617012.066897631 -1.204441 -0.780711 -0.002429 -0.010726 -0.072755 0.018711 0.997117
1520617012.116898537 -1.196238 -0.795099 0.001281 -0.003804 -0.071313 0.018450 0.997276
1520617012.166900635 -1.205997 -0.806214 0.018882 -0.002999 -0.071650 0.018105 0.997261
1520617012.216942549 -1.208138 -0.808650 0.018127 -0.006497 -0.074059 0.020319 0.997026
1520617012.266944408 -1.218788 -0.807616 0.029253 -0.011921 -0.075634 0.020623 0.996851
1520617012.316946507 -1.227289 -0.806178 0.056296 -0.013059 -0.074587 0.021899 0.996888
1520617012.366947651 -1.222820 -0.811945 0.099446 -0.008573 -0.068870 0.020394 0.997380
1520617012.416949511 -1.235912 -0.820635 0.122537 -0.005365 -0.067651 0.018643 0.997520
1520617012.466950655 -1.256247 -0.854686 0.140863 -0.005514 -0.067652 0.016252 0.997561
1520617012.516952515 -1.253604 -0.878121 0.155951 -0.004656 -0.069105 0.016909 0.997455
1520617012.566953421 -1.288184 -0.931439 0.196246 -0.003521 -0.070692 0.022441 0.997240
1520617012.616968632 -1.258010 -0.955705 0.194352 -0.003339 -0.072889 0.024818 0.997026
1520617012.666970730 -1.281494 -0.976880 0.186653 -0.002211 -0.076385 0.026676 0.996719
1520617012.716971874 -1.279493 -1.011669 0.179266 0.000125 -0.078941 0.026736 0.996521
1520617012.766973734 -1.278622 -1.037699 0.203997 0.003309 -0.078176 0.023994 0.996645
1520617012.816974640 -1.273350 -1.074356 0.201193 0.006765 -0.078917 0.021695 0.996622
1520617012.866976738 -1.265911 -1.094442 0.178480 0.009359 -0.083144 0.024976 0.996181
1520617012.916977644 -1.294376 -1.120664 0.165610 0.007685 -0.086683 0.026465 0.995855
1520617012.966979504 -1.311899 -1.123163 0.160797 0.004481 -0.089057 0.026186 0.995672
1520617013.017035484 -1.328714 -1.107197 0.164311 0.004198 -0.089945 0.027661 0.995554
1520617013.067037344 -1.327040 -1.125727 0.166569 0.004613 -0.089166 0.030526 0.995538
1520617013.117038250 -1.313889 -1.129439 0.166227 0.003541 -0.088069 0.032078 0.995591
1520617013.167040586 -1.331556 -1.112347 0.204151 0.001379 -0.085707 0.032518 0.995789
1520617013.217041492 -1.318731 -1.100533 0.196953 -0.000086 -0.084952 0.031813 0.995877
1520617013.267043352 -1.336327 -1.081819 0.193790 0.000565 -0.085528 0.031169 0.995848
1520617013.317044497 -1.327238 -1.080575 0.187693 0.002078 -0.086346 0.031914 0.995752
1520617013.367046356 -1.316157 -1.060913 0.183482 0.002269 -0.086576 0.031293 0.995751
1520617013.417049646 -1.291644 -1.055027 0.144549 -0.000868 -0.087864 0.032780 0.995593
1520617013.467054605 -1.279842 -1.049046 0.150701 -0.005319 -0.086763 0.034226 0.995627
1520617013.517052650 -1.265509 -1.050989 0.172822 -0.008112 -0.082511 0.036358 0.995894
1520617013.567054510 -1.248037 -1.027519 0.199224 -0.011093 -0.075770 0.038641 0.996315
1520617013.617055655 -1.219325 -0.959941 0.250697 -0.015719 -0.070555 0.038644 0.996635
1520617013.667143583 -1.202332 -0.944074 0.279872 -0.021426 -0.066323 0.036999 0.996882
1520617013.717058659 -1.179420 -0.894975 0.291488 -0.022680 -0.063614 0.035807 0.997074
1520617013.767060757 -1.145555 -0.882483 0.293805 -0.023086 -0.061489 0.034769 0.997235
1520617013.817061663 -1.108025 -0.862786 0.299097 -0.022762 -0.058778 0.035986 0.997363
1520617013.866967440 -1.085273 -0.820636 0.320961 -0.022412 -0.054370 0.035206 0.997648
1520617013.916969538 -1.070352 -0.794657 0.334649 -0.019761 -0.052133 0.035155 0.997826
1520617013.966970682 -1.044741 -0.816620 0.315101 -0.018749 -0.051104 0.034511 0.997921
1520617014.016972542 -1.044422 -0.787337 0.352571 -0.017927 -0.050034 0.035176 0.997967
1520617014.066973448 -1.029328 -0.788055 0.356685 -0.019353 -0.049572 0.036837 0.997903
1520617014.116975546 -1.020138 -0.784741 0.355307 -0.022158 -0.049501 0.039127 0.997761
1520617014.166976452 -1.004630 -0.773661 0.362752 -0.024512 -0.049356 0.040559 0.997656
1520617014.216978550 -0.990398 -0.802018 0.350493 -0.024442 -0.049783 0.042149 0.997571
1520617014.266916513 -0.987055 -0.814800 0.359209 -0.021465 -0.049524 0.042845 0.997623
1520617014.316917419 -0.986020 -0.845554 0.368263 -0.016839 -0.048610 0.043071 0.997747
1520617014.366919518 -0.986806 -0.857503 0.397414 -0.011448 -0.046854 0.041534 0.997972
1520617014.416920662 -0.986966 -0.904733 0.390645 -0.008127 -0.045574 0.040199 0.998119
