frame_idx,timestamp_s,accepted,source,pose_count,keyframe_count,map_point_count,pnp_inliers,reprojection_rmse_px,tracking_lost
0,1520616724.3578184,1,init,2,2,262,,,0
139,1520616731.3080618,1,init,2,2,262,,,0
140,1520616731.358057,1,local,3,2,262,168,0.881507396697998,0
141,1520616731.408059,1,local,4,2,262,173,0.9201127886772156,0
142,1520616731.45806,1,local,5,2,262,155,1.058830738067627,0
143,1520616731.508142,1,local,6,3,565,145,1.032600998878479,0
144,1520616731.558063,1,local,7,3,565,221,0.9956896305084229,0
145,1520616731.6080651,1,local,8,3,546,191,0.9918040633201599,0
146,1520616731.658066,1,local,9,3,546,150,1.0983895063400269,0
147,1520616731.708068,1,local,10,4,719,121,1.1671252250671387,0
148,1520616731.7578857,1,local,11,4,719,155,1.1129519939422607,0
149,1520616731.807888,1,local,12,4,676,115,1.1193156242370605,0
150,1520616731.85789,1,local,13,4,676,119,1.198808193206787,0
151,1520616731.9078908,1,local,14,5,790,100,1.114879846572876,0
152,1520616731.957893,1,local,15,5,790,116,1.0958558320999146,0
153,1520616732.0078938,1,local,16,5,737,95,1.1065901517868042,0
154,1520616732.0578957,1,local,17,5,737,89,1.1443935632705688,0
155,1520616732.107897,1,local,18,6,838,88,1.1203407049179077,0
156,1520616732.1579428,1,local,19,6,838,120,1.0065094232559204,0
157,1520616732.2079437,1,local,20,6,806,110,1.1206010580062866,0
158,1520616732.2579458,1,local,21,6,806,99,1.1087902784347534,0
159,1520616732.3079479,1,local,22,7,970,98,1.1641829013824463,0
160,1520616732.3579488,1,local,23,7,970,154,1.0428996086120605,0
161,1520616732.4079506,1,local,24,7,951,147,1.0901508331298828,0
162,1520616732.457953,1,local,25,7,951,153,1.0985875129699707,0
163,1520616732.5079536,1,local,26,8,1104,133,1.1126782894134521,0
164,1520616732.557956,1,local,27,8,1104,159,1.0489205121994019,0
165,1520616732.6082392,1,local,28,8,1087,170,1.1009461879730225,0
166,1520616732.658241,1,local,29,8,1087,176,1.1674704551696777,0
167,1520616732.7082422,1,local,30,9,1278,150,1.1823869943618774,0
168,1520616732.7582443,1,local,31,9,1278,216,0.9912384152412415,0
169,1520616732.808248,1,local,32,9,1261,195,1.1487617492675781,0
170,1520616732.8582473,1,local,33,9,1261,185,1.2124342918395996,0
171,1520616732.9082491,1,local,34,10,1468,158,1.2422529458999634,0
172,1520616732.95825,1,local,35,10,1468,201,1.1773017644882202,0
173,1520616733.0083506,1,local,36,10,1441,191,1.1399879455566406,0
174,1520616733.0583515,1,local,37,10,1441,140,1.1390175819396973,0
175,1520616733.1083534,1,local,38,11,1593,128,1.2431195974349976,0
176,1520616733.1583545,1,local,39,11,1593,197,1.1118446588516235,0
177,1520616733.2083564,1,local,40,11,1557,162,1.1654961109161377,0
178,1520616733.2583573,1,local,41,11,1557,126,1.194977045059204,0
179,1520616733.3083596,1,local,42,12,1724,101,1.1920746564865112,0
180,1520616733.3583605,1,local,43,12,1724,161,1.0870304107666016,0
181,1520616733.4083955,1,local,44,12,1700,158,1.2422369718551636,0
182,1520616733.4583976,1,local,45,12,1700,102,1.1879382133483887,0
183,1520616733.5083988,1,local,46,13,1861,87,1.1610150337219238,0
184,1520616733.5584006,1,local,47,13,1861,130,1.1259154081344604,0
185,1520616733.6084018,1,local,48,13,1828,133,1.1535755395889282,0
186,1520616733.6584036,1,local,49,13,1828,77,1.2232195138931274,0
187,1520616733.7084045,1,local,50,14,2004,67,1.3531721830368042,0
188,1520616733.7584066,1,local,51,14,2004,123,1.0461854934692383,0
189,1520616733.8082845,1,local,52,14,1966,105,1.0769482851028442,0
190,1520616733.8582864,1,local,53,14,1966,100,1.1389691829681396,0
191,1520616733.9082882,1,local,54,15,2082,85,1.2111016511917114,0
192,1520616733.9582894,1,local,55,15,2082,101,1.160369873046875,0
193,1520616734.0082915,1,local,56,15,2038,83,1.1418825387954712,0
194,1520616734.0582926,1,local,57,15,2038,67,1.241373896598816,0
195,1520616734.1082945,1,local,58,16,2169,63,1.2156025171279907,0
196,1520616734.1582963,1,local,59,16,2169,111,1.0643880367279053,0
197,1520616734.2084305,1,local,60,16,2140,106,1.0884877443313599,0
198,1520616734.2584317,1,local,61,16,2140,94,1.1562705039978027,0
199,1520616734.3084326,1,local,62,17,2240,93,1.1390327215194702,0
200,1520616734.3584347,1,local,63,17,2240,120,1.077778935432434,0
201,1520616734.4084365,1,local,64,17,2201,98,1.1802774667739868,0
202,1520616734.4584374,1,local,65,17,2188,94,1.2232552766799927,0
203,1520616734.5084386,1,local,66,18,2354,70,1.186906337738037,0
204,1520616734.5584404,1,local,67,18,2330,144,1.0564290285110474,0
205,1520616734.6080363,1,local,68,18,2287,89,1.2784488201141357,0
206,1520616734.6580372,1,local,69,18,2256,56,1.1998833417892456,0
207,1520616734.7080393,1,local,70,19,2352,38,1.4484896659851074,0
208,1520616734.7580402,1,local,71,19,2318,77,1.066645622253418,0
209,1520616734.808042,1,local,72,19,2239,57,1.2320353984832764,0
210,1520616734.8580432,1,local,73,19,2218,61,1.271195888519287,0
211,1520616734.908045,1,local,74,20,2309,56,1.3158328533172607,0
212,1520616734.958046,1,local,75,20,2282,84,1.4089800119400024,0
213,1520616735.0080483,1,local,76,20,2225,92,1.3281564712524414,0
214,1520616735.0579114,1,local,77,20,2216,88,1.181279182434082,0
215,1520616735.1079125,1,local,78,21,2262,85,1.216875672340393,0
216,1520616735.1579144,1,local,79,21,2250,116,1.1793822050094604,0
217,1520616735.2079153,1,local,80,21,2143,110,1.2489691972732544,0
218,1520616735.2579176,1,local,81,21,2134,108,1.1388553380966187,0
219,1520616735.3079185,1,local,82,22,2175,103,1.1823084354400635,0
220,1520616735.3579204,1,local,83,22,2154,143,1.1075501441955566,0
221,1520616735.4079216,1,local,84,22,2120,142,1.0607209205627441,0
222,1520616735.4581652,1,local,85,22,2095,170,1.1030634641647339,0
223,1520616735.508167,1,local,86,23,2143,145,1.1957225799560547,0
224,1520616735.5581682,1,local,87,23,2109,135,1.0974680185317993,0
225,1520616735.60817,1,local,88,23,2066,117,1.1116605997085571,0
226,1520616735.658171,1,local,89,23,2056,101,1.1382861137390137,0
227,1520616735.708173,1,local,90,24,2124,74,0.9971059560775757,0
228,1520616735.7581751,1,local,91,24,2099,103,1.0876960754394531,0
229,1520616735.808176,1,local,92,24,2066,85,1.0953203439712524,0
230,1520616735.8588061,1,local,93,24,2056,63,1.0619549751281738,0
231,1520616735.9088082,1,local,94,25,2107,53,1.2865524291992188,0
232,1520616735.9588091,1,local,95,25,2076,71,1.1581518650054932,0
233,1520616736.008811,1,local,96,25,2040,66,1.1390321254730225,0
234,1520616736.0588121,1,local,97,25,2018,54,1.2607340812683105,0
235,1520616736.1088142,1,local,98,26,2133,44,1.3129429817199707,0
236,1520616736.1588151,1,local,99,26,2115,104,1.0319582223892212,0
237,1520616736.2088172,1,local,100,26,2071,92,1.1401662826538086,0
238,1520616736.2583983,1,local,101,26,2050,71,1.2170151472091675,0
239,1520616736.3084002,1,local,102,27,2165,68,1.1630122661590576,0
240,1520616736.358401,1,local,103,27,2151,103,1.1129111051559448,0
241,1520616736.4084244,1,local,104,27,2107,74,1.1256461143493652,0
242,1520616736.4584043,1,local,105,27,2083,59,1.196207880973816,0
243,1520616736.5084062,1,local,106,28,2152,49,1.1288278102874756,0
244,1520616736.5584073,1,local,107,28,2132,63,1.1998777389526367,0
245,1520616736.6084092,1,local,108,28,2081,51,1.2060558795928955,0
246,1520616736.658057,1,local,109,28,2042,41,1.1520638465881348,0
247,1520616736.708058,1,local,110,29,2109,44,1.2487770318984985,0
248,1520616736.7580602,1,local,111,29,2096,67,1.216097116470337,0
249,1520616736.8080611,1,local,112,29,2058,70,1.152276635169983,0
250,1520616736.8580632,1,local,113,29,2042,69,1.1148443222045898,0
251,1520616736.9080641,1,local,114,30,2053,66,1.2246350049972534,0
252,1520616736.958066,1,local,115,30,2035,66,1.202229380607605,0
253,1520616737.0080671,1,local,116,30,1989,55,1.1915677785873413,0
254,1520616737.058069,1,local,117,30,1974,61,1.3651340007781982,0
255,1520616737.1079397,1,local,118,31,1991,61,1.3079719543457031,0
256,1520616737.1579406,1,local,119,31,1975,78,1.2396966218948364,0
257,1520616737.2079427,1,local,120,31,1940,57,1.3637887239456177,0
258,1520616737.2579436,1,local,121,31,1911,50,1.2149876356124878,0
259,1520616737.3079455,1,local,122,32,1921,46,1.308435082435608,0
260,1520616737.3579478,1,local,123,32,1877,55,1.2417465448379517,0
261,1520616737.4079487,1,local,124,32,1837,57,1.271375060081482,0
262,1520616737.4579506,1,local,125,32,1806,57,1.2232863903045654,0
263,1520616737.5080173,1,local,126,33,1821,90,1.2561763525009155,0
264,1520616737.5580184,1,local,127,33,1786,113,1.2483704090118408,0
265,1520616737.6080203,1,local,128,33,1707,116,1.2787874937057495,0
266,1520616737.6580222,1,local,129,33,1666,98,1.0642685890197754,0
267,1520616737.7080233,1,local,130,34,1677,98,1.0750064849853516,0
268,1520616737.7580242,1,local,131,34,1658,100,1.1302562952041626,0
269,1520616737.8080263,1,local,132,34,1589,90,1.1722514629364014,0
270,1520616737.8580275,1,local,133,34,1556,76,1.247552752494812,0
271,1520616737.9083602,1,local,134,35,1556,91,1.2064629793167114,0
272,1520616737.9583611,1,local,135,35,1531,93,1.2326302528381348,0
273,1520616738.0083632,1,local,136,35,1491,87,1.2102349996566772,0
274,1520616738.0584161,1,local,137,35,1463,75,1.301165223121643,0
275,1520616738.1083663,1,local,138,36,1595,90,1.2994911670684814,0
276,1520616738.1583674,1,local,139,36,1572,136,1.0845460891723633,0
277,1520616738.2083693,1,local,140,36,1534,123,1.0844980478286743,0
278,1520616738.258371,1,local,141,36,1500,120,1.131763219833374,0
279,1520616738.3084052,1,local,142,36,1473,138,1.1884000301361084,0
280,1520616738.358407,1,local,143,36,1450,132,1.1047745943069458,0
281,1520616738.408408,1,local,144,36,1342,143,1.1834551095962524,0
282,1520616738.45841,1,local,145,36,1331,87,1.214571237564087,0
283,1520616738.508411,1,local,146,37,1347,71,1.2142754793167114,0
284,1520616738.5584128,1,local,147,37,1328,55,1.1385040283203125,0
285,1520616738.608414,1,local,148,37,1326,53,0.9920346140861511,0
286,1520616738.658416,1,local,149,37,1320,43,1.02213716506958,0
287,1520616738.7083375,1,local,150,38,1504,44,1.0828813314437866,0
288,1520616738.7583387,1,local,151,38,1498,118,1.0167162418365479,0
289,1520616738.8083405,1,local,152,38,1480,123,1.2328916788101196,0
290,1520616738.8583415,1,local,153,38,1471,102,1.2605170011520386,0
291,1520616738.9083436,1,local,154,39,1505,91,1.1689364910125732,0
292,1520616738.9583445,1,local,155,39,1502,92,1.1466724872589111,0
293,1520616739.0083466,1,local,156,39,1404,82,1.1334171295166016,0
294,1520616739.0583487,1,local,157,39,1397,75,1.227920651435852,0
295,1520616739.1084487,1,local,158,40,1495,84,1.272505760192871,0
296,1520616739.1584508,1,local,159,40,1491,122,0.9818230271339417,0
297,1520616739.208453,1,local,160,40,1478,120,1.0964797735214233,0
298,1520616739.2584548,1,local,161,40,1469,102,1.0758858919143677,0
299,1520616739.3084557,1,local,162,41,1609,99,1.1364843845367432,0
300,1520616739.3584569,1,local,163,41,1606,122,1.1714969873428345,0
301,1520616739.4084578,1,local,164,41,1592,105,1.1245554685592651,0
302,1520616739.4584608,1,local,165,41,1587,86,1.2123503684997559,0
303,1520616739.508462,1,local,166,42,1618,73,1.2266366481781006,0
304,1520616739.558615,1,local,167,42,1609,81,1.1247704029083252,0
305,1520616739.6086168,1,local,168,42,1521,60,1.1389293670654297,0
306,1520616739.658619,1,local,169,42,1512,58,1.109543800354004,0
307,1520616739.7086997,1,local,170,43,1586,60,1.2075390815734863,0
308,1520616739.7586207,1,local,171,43,1578,87,1.1358071565628052,0
309,1520616739.8086228,1,local,172,43,1552,93,1.1841436624526978,0
310,1520616739.858625,1,local,173,43,1529,96,1.0829812288284302,0
311,1520616739.9086258,1,local,174,44,1595,97,1.2011393308639526,0
312,1520616739.9585452,1,local,175,44,1583,123,1.0910484790802002,0
313,1520616740.0085464,1,local,176,44,1552,123,1.156895399093628,0
314,1520616740.0585482,1,local,177,44,1547,117,1.2059929370880127,0
315,1520616740.108549,1,local,178,45,1605,104,1.2125569581985474,0
316,1520616740.1585515,1,local,179,45,1600,118,1.1428495645523071,0
317,1520616740.2085524,1,local,180,45,1558,100,1.1639313697814941,0
318,1520616740.2585545,1,local,181,45,1550,121,1.1669552326202393,0
319,1520616740.3085563,1,local,182,46,1689,115,1.1644335985183716,0
320,1520616740.3583453,1,local,183,46,1681,112,1.0920490026474,0
321,1520616740.4083471,1,local,184,46,1663,77,1.1056718826293945,0
322,1520616740.4583492,1,local,185,46,1655,45,1.1312146186828613,0
323,1520616740.5083504,1,local,186,47,1677,50,1.2798125743865967,0
324,1520616740.5583513,1,local,187,47,1665,46,1.1112885475158691,0
325,1520616740.6083531,1,local,188,47,1578,39,1.159744381904602,0
326,1520616740.6583552,1,local,189,47,1554,41,1.2018743753433228,0
327,1520616740.708357,1,local,190,48,1661,37,1.1662381887435913,0
328,1520616740.7582011,1,local,191,48,1642,71,1.0150294303894043,0
329,1520616740.8082032,1,local,192,48,1619,64,1.0875663757324219,0
330,1520616740.858204,1,local,193,48,1606,48,1.2355514764785767,0
331,1520616740.9082062,1,local,194,49,1632,44,1.012230396270752,0
332,1520616740.958208,1,local,195,49,1618,45,1.2181881666183472,0
333,1520616741.008209,1,local,196,49,1548,55,1.139755129814148,0
334,1520616741.058211,1,local,197,49,1532,68,1.1960269212722778,0
335,1520616741.108212,1,local,198,50,1546,55,1.2564592361450195,0
336,1520616741.1581452,1,local,199,50,1500,73,1.2657158374786377,0
337,1520616741.208147,1,local,200,50,1419,48,1.3318076133728027,0
338,1520616741.258148,1,local,201,50,1367,47,1.2764462232589722,0
339,1520616741.30815,1,local,202,51,1390,40,1.3162164688110352,0
340,1520616741.358151,1,local,203,51,1368,52,1.048272728919983,0
341,1520616741.4081528,1,local,204,51,1344,42,1.2096478939056396,0
342,1520616741.4581552,1,local,205,51,1320,40,1.1696290969848633,0
343,1520616741.508156,1,local,206,52,1401,45,1.2649304866790771,0
344,1520616741.558158,1,local,207,52,1398,76,1.1152561902999878,0
345,1520616741.608345,1,local,208,52,1387,88,1.184207558631897,0
346,1520616741.658347,1,local,209,52,1383,84,1.2104874849319458,0
347,1520616741.708348,1,local,210,53,1432,83,1.3137192726135254,0
348,1520616741.75835,1,local,211,53,1426,67,1.267968773841858,0
349,1520616741.8083508,1,local,212,53,1378,42,1.3186861276626587,0
350,1520616741.858353,1,local,213,53,1365,45,1.2342050075531006,0
351,1520616741.908355,1,local,214,54,1374,43,1.3729897737503052,0
352,1520616741.958356,1,local,215,54,1366,38,1.2881779670715332,0
353,1520616742.00856,1,local,216,54,1331,35,1.1410753726959229,0
354,1520616742.058561,1,local,217,54,1324,38,1.2300450801849365,0
355,1520616742.108563,1,local,218,55,1412,33,1.16819429397583,0
356,1520616742.1585639,1,local,219,55,1394,76,1.1625020503997803,0
357,1520616742.2085662,1,local,220,55,1380,69,1.2024023532867432,0
358,1520616742.258568,1,local,221,55,1361,53,1.2976964712142944,0
359,1520616742.30857,1,local,222,56,1390,52,1.2212978601455688,0
360,1520616742.358571,1,local,223,56,1358,59,1.2865597009658813,0
361,1520616742.40846,1,local,224,56,1299,54,1.236800193786621,0
362,1520616742.4584608,1,local,225,56,1273,46,1.3136937618255615,0
363,1520616742.5084627,1,local,226,57,1289,50,1.3147388696670532,0
364,1520616742.5584638,1,local,227,57,1273,46,1.166537880897522,0
365,1520616742.6084647,1,local,228,57,1242,38,1.275334119796753,0
366,1520616742.6584668,1,local,229,57,1236,31,1.1970165967941284,0
367,1520616742.708469,1,local,230,58,1361,34,1.2401244640350342,0
368,1520616742.7584698,1,local,231,58,1352,81,1.108825445175171,0
369,1520616742.8083088,1,local,232,58,1338,63,1.2725107669830322,0
370,1520616742.8583107,1,local,233,58,1327,64,1.2371951341629028,0
371,1520616742.9083116,1,local,234,59,1364,76,1.2648974657058716,0
372,1520616742.9583127,1,local,235,59,1343,72,1.1314705610275269,0
373,1520616743.0083146,1,local,236,59,1282,57,1.2253856658935547,0
374,1520616743.0583167,1,local,237,59,1254,27,1.0911667346954346,0
375,1520616743.1083179,1,local,238,59,1231,16,1.3576924800872803,0
376,1520616743.1583197,1,local,239,59,1211,17,1.0959142446517944,0
377,1520616743.2082062,1,local,240,59,1167,13,1.3100095987319946,0
378,1520616743.258208,1,local,241,59,1147,15,1.531105637550354,0
379,1520616743.3082092,1,global-relocal,242,60,1164,13,1.2023019790649414,0
380,1520616743.3582113,1,local,243,60,1124,29,1.1148784160614014,0
381,1520616743.408212,1,local,244,60,1100,31,0.9778228998184204,0
382,1520616743.4582143,1,local,245,60,1079,27,0.9931905269622803,0
383,1520616743.5082161,1,local,246,61,1086,17,1.2287622690200806,0
384,1520616743.558217,1,local,247,61,1074,20,1.0955156087875366,0
385,1520616743.6081693,1,local,248,61,1050,17,1.2522252798080444,0
386,1520616743.6581705,1,essential-fallback,249,61,1050,,,0
387,1520616743.7081723,1,local,250,62,1077,12,1.2319695949554443,0
388,1520616743.7581732,1,local,251,62,1067,33,1.1003515720367432,0
389,1520616743.8081756,1,local,252,62,1052,27,1.1603176593780518,0
390,1520616743.8581774,1,local,253,62,1020,31,1.140091061592102,0
391,1520616743.9081783,1,local,254,63,1049,23,1.2639862298965454,0
392,1520616743.9581804,1,local,255,63,1034,53,1.2098639011383057,0
393,1520616744.0081823,1,local,256,63,1012,29,1.1728018522262573,0
394,1520616744.0581133,1,local,257,63,996,24,1.1969774961471558,0
395,1520616744.1081154,1,local,258,63,980,27,1.2200877666473389,0
396,1520616744.1581163,1,local,259,63,965,23,1.3501615524291992,0
397,1520616744.2081184,1,local,260,63,939,24,1.3809033632278442,0
398,1520616744.2581196,1,local,261,63,927,24,1.1130964756011963,0
399,1520616744.3081214,1,local,262,64,927,15,1.1337183713912964,0
400,1520616744.3581233,1,local,263,64,914,19,1.3252184391021729,0
401,1520616744.4081244,1,local,264,64,906,19,1.2116063833236694,0
402,1520616744.458284,1,local,265,64,889,27,1.2836378812789917,0
403,1520616744.5082848,1,local,266,65,904,14,1.4144865274429321,0
404,1520616744.558286,1,local,267,65,898,24,1.131059169769287,0
405,1520616744.608301,1,local,268,65,878,15,1.1037386655807495,0
406,1520616744.6582897,1,essential-fallback,269,65,878,,,0
407,1520616744.7082908,1,local,270,66,907,13,1.2917619943618774,0
408,1520616744.758293,1,local,271,66,890,23,1.1436636447906494,0
409,1520616744.8082938,1,local,272,66,869,14,1.2774438858032227,0
410,1520616744.8592057,1,local,273,66,848,12,1.2412097454071045,0
411,1520616744.9092069,1,local,274,67,1025,25,1.045823097229004,0
412,1520616744.9592087,1,local,275,67,1020,99,1.0717002153396606,0
413,1520616745.0092096,1,local,276,67,1007,64,1.2935612201690674,0
414,1520616745.059212,1,local,277,67,1001,52,1.1652743816375732,0
415,1520616745.1092138,1,local,278,68,1035,42,1.281745433807373,0
416,1520616745.1592147,1,local,279,68,1033,47,1.2104452848434448,0
417,1520616745.2092168,1,local,280,68,936,45,1.255370020866394,0
418,1520616745.259242,1,local,281,68,930,32,1.2831416130065918,0
419,1520616745.309244,1,local,282,69,935,27,1.3043173551559448,0
420,1520616745.359245,1,local,283,69,905,34,1.182982325553894,0
421,1520616745.4092472,1,local,284,69,870,28,1.3140944242477417,0
422,1520616745.4592493,1,local,285,69,857,18,1.333770990371704,0
423,1520616745.5092502,1,local,286,70,912,15,1.4638926982879639,0
424,1520616745.559252,1,local,287,70,905,50,1.0646213293075562,0
425,1520616745.6092541,1,local,288,70,885,44,1.1708825826644897,0
426,1520616745.6583967,1,local,289,70,877,45,1.190023422241211,0
427,1520616745.7083986,1,local,290,71,1021,50,1.0671862363815308,0
428,1520616745.7583997,1,local,291,71,1014,104,1.0033669471740723,0
429,1520616745.8084018,1,local,292,71,992,62,1.1453750133514404,0
430,1520616745.8584027,1,local,293,71,980,62,1.1398171186447144,0
431,1520616745.9084048,1,local,294,72,1001,62,1.1964939832687378,0
432,1520616745.9584057,1,local,295,72,970,71,1.078808307647705,0
433,1520616746.0084076,1,local,296,72,887,64,1.235404133796692,0
434,1520616746.0583758,1,local,297,72,857,46,1.295328140258789,0
435,1520616746.1083767,1,local,298,73,868,43,1.2640280723571777,0
436,1520616746.158378,1,local,299,73,856,60,1.14646577835083,0
437,1520616746.2083797,1,local,300,73,828,51,1.2895876169204712,0
438,1520616746.2584226,1,local,301,73,820,40,1.2819868326187134,0
439,1520616746.3083827,1,local,302,74,854,31,1.3017890453338623,0
440,1520616746.3583848,1,local,303,74,845,46,1.2396835088729858,0
441,1520616746.4083855,1,local,304,74,822,33,1.1482149362564087,0
442,1520616746.4583879,1,local,305,74,821,21,1.0406363010406494,0
443,1520616746.5088725,1,local,306,75,838,25,1.168493628501892,0
444,1520616746.5588744,1,local,307,75,830,31,1.0699561834335327,0
445,1520616746.6088753,1,local,308,75,804,24,1.1050065755844116,0
446,1520616746.6588776,1,local,309,75,801,26,1.043988823890686,0
447,1520616746.7088795,1,local,310,76,826,27,1.0332982540130615,0
448,1520616746.7588804,1,local,311,76,823,31,1.0118387937545776,0
449,1520616746.8088825,1,local,312,76,812,30,1.0062497854232788,0
450,1520616746.8588834,1,local,313,76,806,28,1.194102168083191,0
451,1520616746.909001,1,local,314,77,837,28,1.1413370370864868,0
452,1520616746.959002,1,local,315,77,826,36,1.1238656044006348,0
453,1520616747.009004,1,local,316,77,812,41,1.018180251121521,0
454,1520616747.059006,1,local,317,77,787,41,1.0307989120483398,0
455,1520616747.1090071,1,local,318,78,875,40,1.218803882598877,0
456,1520616747.1590092,1,local,319,78,867,97,1.04793381690979,0
457,1520616747.209011,1,local,320,78,855,80,1.1063612699508667,0
458,1520616747.2590122,1,local,321,78,848,67,1.1550544500350952,0
459,1520616747.308445,1,local,322,79,1013,49,1.1059569120407104,0
460,1520616747.358446,1,local,323,79,1008,131,0.9416361451148987,0
461,1520616747.408448,1,local,324,79,988,125,0.9941678643226624,0
462,1520616747.458449,1,local,325,79,988,108,1.0301846265792847,0
463,1520616747.508451,1,local,326,80,1151,88,1.1013442277908325,0
464,1520616747.5584521,1,local,327,80,1148,145,1.0339452028274536,0
465,1520616747.608454,1,local,328,80,1124,123,1.0786126852035522,0
466,1520616747.6584558,1,local,329,80,1124,99,1.1347036361694336,0
467,1520616747.7083504,1,local,330,81,1204,71,1.1486645936965942,0
468,1520616747.7583523,1,local,331,81,1203,76,1.102434515953064,0
469,1520616747.8083534,1,local,332,81,1170,68,1.0877854824066162,0
470,1520616747.8583553,1,local,333,81,1169,72,1.1811292171478271,0
471,1520616747.9084232,1,local,334,82,1223,63,1.1370278596878052,0
472,1520616747.9583583,1,local,335,82,1216,64,0.9599535465240479,0
473,1520616748.0083592,1,local,336,82,1135,68,1.093613624572754,0
474,1520616748.0583613,1,local,337,82,1112,48,1.273268222808838,0
475,1520616748.1084752,1,local,338,83,1183,51,1.1929868459701538,0
476,1520616748.1584773,1,local,339,83,1174,83,1.1528986692428589,0
477,1520616748.2084782,1,local,340,83,1146,84,1.25748610496521,0
478,1520616748.2584803,1,local,341,83,1138,68,1.279655933380127,0
479,1520616748.3084824,1,local,342,84,1235,59,1.282913088798523,0
480,1520616748.3584833,1,local,343,84,1230,63,1.1916331052780151,0
481,1520616748.4084852,1,local,344,84,1198,52,1.1567604541778564,0
482,1520616748.4584863,1,local,345,84,1190,21,1.176317572593689,0
483,1520616748.5084882,1,local,346,85,1227,37,1.293641209602356,0
484,1520616748.558606,1,local,347,85,1225,38,1.2912989854812622,0
485,1520616748.6086078,1,local,348,85,1167,31,1.205154538154602,0
486,1520616748.65861,1,local,349,85,1164,25,1.4014745950698853,0
487,1520616748.708611,1,local,350,86,1186,21,1.3863004446029663,0
488,1520616748.758613,1,local,351,86,1179,23,1.2266778945922852,0
489,1520616748.808614,1,local,352,86,1134,18,1.2469079494476318,0
490,1520616748.8586159,1,local,353,86,1122,15,1.2141088247299194,0
491,1520616748.908617,1,essential-fallback,354,86,1151,,,0
492,1520616748.9588325,1,local,355,87,1171,25,1.0531538724899292,0
493,1520616749.0088344,1,local,356,87,1150,37,1.1391232013702393,0
494,1520616749.0588355,1,local,357,87,1119,29,1.1805986166000366,0
495,1520616749.1088374,1,local,358,87,1087,22,1.2190419435501099,0
496,1520616749.1588383,1,global-relocal,359,88,1155,18,1.2659040689468384,0
497,1520616749.2088406,1,local,360,88,1129,43,1.1684625148773193,0
498,1520616749.2588425,1,local,361,88,1099,34,1.143492579460144,0
499,1520616749.3088434,1,local,362,88,1080,27,1.3171963691711426,0
500,1520616749.3587985,1,local,363,89,1158,21,1.2585159540176392,0
501,1520616749.4087994,1,local,364,89,1150,53,1.0305393934249878,0
502,1520616749.4588013,1,local,365,89,1099,45,1.1305125951766968,0
503,1520616749.5088024,1,local,366,89,1088,25,1.459252119064331,0
504,1520616749.5588944,1,local,367,90,1176,20,1.2430634498596191,0
505,1520616749.6088054,1,local,368,90,1171,39,1.2779227495193481,0
506,1520616749.6588073,1,local,369,90,1133,44,1.242727518081665,0
507,1520616749.7088082,1,local,370,90,1130,25,1.2135391235351562,0
508,1520616749.7591887,1,essential-fallback,371,90,1180,,,0
509,1520616749.8091898,1,local,372,91,1231,24,1.4045778512954712,0
510,1520616749.8591917,1,local,373,91,1227,23,1.2710198163986206,0
511,1520616749.9091935,1,local,374,91,1185,17,1.3671150207519531,0
512,1520616749.9591947,1,essential-fallback,375,91,1185,,,0
513,1520616750.0091965,1,essential-fallback,376,91,1230,,,0
514,1520616750.059198,1,local,377,92,1247,19,1.135122537612915,0
515,1520616750.1091998,1,local,378,92,1243,15,1.466339111328125,0
516,1520616750.160124,1,essential-fallback,379,92,1243,,,0
517,1520616750.210125,1,essential-fallback,380,92,1243,,,0
518,1520616750.2601268,1,essential-fallback,381,92,1262,,,0
519,1520616750.310128,1,essential-fallback,382,92,1262,,,0
520,1520616750.3601298,1,essential-fallback,383,92,1262,,,0
521,1520616750.410131,1,essential-fallback,384,92,1262,,,1
522,1520616750.460133,1,tracking-lost-essential-fallback,385,92,1262,33,,1
523,1520616750.5101337,1,tracking-lost-const-vel,386,92,1262,,,1
524,1520616750.5603967,1,tracking-lost-const-vel,387,92,1262,,,1
525,1520616750.6103978,1,tracking-lost-essential-fallback,388,92,1262,38,,1
526,1520616750.6603997,1,tracking-lost-essential-fallback,389,92,1262,39,,1
527,1520616750.7104006,1,tracking-lost-essential-fallback,390,92,1262,51,,1
528,1520616750.7604027,1,tracking-lost-essential-fallback,391,92,1262,66,,1
529,1520616750.8104036,1,tracking-lost-essential-fallback,392,92,1262,61,,1
530,1520616750.8604088,1,tracking-lost-essential-fallback,393,92,1262,61,,1
531,1520616750.9104068,1,tracking-lost-essential-fallback,394,92,1262,48,,1
532,1520616750.9604077,1,tracking-lost-essential-fallback,395,92,1262,58,,1
533,1520616751.010887,1,tracking-lost-essential-fallback,396,92,1262,54,,1
534,1520616751.0608892,1,tracking-lost-essential-fallback,397,92,1262,41,,1
535,1520616751.1108902,1,tracking-lost-essential-fallback,398,92,1262,46,,1
536,1520616751.160892,1,tracking-lost-essential-fallback,399,92,1262,87,,1
537,1520616751.2108932,1,tracking-lost-essential-fallback,400,92,1262,49,,1
538,1520616751.260895,1,tracking-lost-essential-fallback,401,92,1262,48,,1
539,1520616751.3108962,1,tracking-lost-const-vel,402,92,1262,,,1
540,1520616751.3608983,1,tracking-lost-essential-fallback,403,92,1262,37,,1
541,1520616751.4137292,1,tracking-lost-essential-fallback,404,92,1262,44,,1
542,1520616751.463731,1,tracking-lost-essential-fallback,405,92,1262,49,,1
543,1520616751.513733,1,tracking-lost-essential-fallback,406,92,1262,46,,1
544,1520616751.563734,1,tracking-lost-essential-fallback,407,92,1262,64,,1
545,1520616751.613736,1,tracking-lost-essential-fallback,408,92,1262,43,,1
546,1520616751.6637368,1,tracking-lost-essential-fallback,409,92,1262,99,,1
547,1520616751.7137392,1,tracking-lost-essential-fallback,410,92,1262,90,,1
548,1520616751.76374,1,tracking-lost-essential-fallback,411,92,1262,61,,1
549,1520616751.8168342,1,tracking-lost-essential-fallback,412,92,1262,73,,1
550,1520616751.866836,1,tracking-lost-essential-fallback,413,92,1262,83,,1
551,1520616751.916837,1,tracking-lost-essential-fallback,414,92,1262,81,,1
552,1520616751.966839,1,tracking-lost-essential-fallback,415,92,1262,178,,1
553,1520616752.01684,1,tracking-lost-essential-fallback,416,92,1262,120,,1
554,1520616752.0668418,1,tracking-lost-essential-fallback,417,92,1262,174,,1
555,1520616752.116843,1,tracking-lost-essential-fallback,418,92,1262,222,,1
556,1520616752.166845,1,tracking-lost-essential-fallback,419,92,1262,109,,1
557,1520616752.2174406,1,tracking-lost-essential-fallback,420,92,1262,198,,1
558,1520616752.2674415,1,tracking-lost-essential-fallback,421,92,1262,292,,1
559,1520616752.3174434,1,tracking-lost-essential-fallback,422,92,1262,207,,1
560,1520616752.3674457,1,tracking-lost-essential-fallback,423,92,1262,271,,1
561,1520616752.4174466,1,tracking-lost-essential-fallback,424,92,1262,262,,1
562,1520616752.4674487,1,tracking-lost-essential-fallback,425,92,1262,236,,1
563,1520616752.5174496,1,tracking-lost-essential-fallback,426,92,1262,178,,1
564,1520616752.5674505,1,tracking-lost-essential-fallback,427,92,1262,189,,1
565,1520616752.6171725,1,tracking-lost-essential-fallback,428,92,1262,155,,1
566,1520616752.6671748,1,tracking-lost-essential-fallback,429,92,1262,180,,1
567,1520616752.7171757,1,tracking-lost-essential-fallback,430,92,1262,116,,1
568,1520616752.7671776,1,tracking-lost-essential-fallback,431,92,1262,88,,1
569,1520616752.8171787,1,tracking-lost-essential-fallback,432,92,1262,67,,1
570,1520616752.8671806,1,tracking-lost-essential-fallback,433,92,1262,90,,1
571,1520616752.9171817,1,tracking-lost-essential-fallback,434,92,1262,109,,1
572,1520616752.9671838,1,tracking-lost-essential-fallback,435,92,1262,72,,1
573,1520616753.0174646,1,tracking-lost-essential-fallback,436,92,1262,60,,1
574,1520616753.0674665,1,tracking-lost-const-vel,437,92,1262,,,1
575,1520616753.1174686,1,tracking-lost-essential-fallback,438,92,1262,60,,1
576,1520616753.1674697,1,tracking-lost-essential-fallback,439,92,1262,45,,1
577,1520616753.2174716,1,tracking-lost-essential-fallback,440,92,1262,41,,1
578,1520616753.2674725,1,tracking-lost-essential-fallback,441,92,1262,53,,1
579,1520616753.3174746,1,tracking-lost-essential-fallback,442,92,1262,49,,1
580,1520616753.3674755,1,tracking-lost-essential-fallback,443,92,1262,32,,1
581,1520616753.4174774,1,tracking-lost-essential-fallback,444,92,1262,57,,1
582,1520616753.4674797,1,tracking-lost-essential-fallback,445,92,1262,88,,1
583,1520616753.5174806,1,tracking-lost-essential-fallback,446,92,1262,70,,1
584,1520616753.5674825,1,tracking-lost-essential-fallback,447,92,1262,74,,1
585,1520616753.6174836,1,tracking-lost-essential-fallback,448,92,1262,87,,1
586,1520616753.6674855,1,tracking-lost-essential-fallback,449,92,1262,74,,1
587,1520616753.7174864,1,tracking-lost-essential-fallback,450,92,1262,81,,1
588,1520616753.7674887,1,tracking-lost-essential-fallback,451,92,1262,51,,1
589,1520616753.8174894,1,tracking-lost-essential-fallback,452,92,1262,144,,1
590,1520616753.8674924,1,tracking-lost-essential-fallback,453,92,1262,108,,1
591,1520616753.9174936,1,tracking-lost-essential-fallback,454,92,1262,85,,1
592,1520616753.9674945,1,tracking-lost-essential-fallback,455,92,1262,111,,1
593,1520616754.0174966,1,tracking-lost-essential-fallback,456,92,1262,85,,1
594,1520616754.0674987,1,tracking-lost-essential-fallback,457,92,1262,114,,1
595,1520616754.1174996,1,tracking-lost-essential-fallback,458,92,1262,82,,1
596,1520616754.1675007,1,tracking-lost-essential-fallback,459,92,1262,99,,1
597,1520616754.2175026,1,tracking-lost-essential-fallback,460,92,1262,96,,1
598,1520616754.2662141,1,tracking-lost-essential-fallback,461,92,1262,81,,1
599,1520616754.316215,1,tracking-lost-essential-fallback,462,92,1262,81,,1
600,1520616754.3662171,1,tracking-lost-essential-fallback,463,92,1262,100,,1
601,1520616754.4162192,1,tracking-lost-essential-fallback,464,92,1262,169,,1
602,1520616754.466228,1,tracking-lost-essential-fallback,465,92,1262,202,,1
603,1520616754.5162213,1,tracking-lost-essential-fallback,466,92,1262,222,,1
604,1520616754.5662231,1,tracking-lost-essential-fallback,467,92,1262,243,,1
605,1520616754.616225,1,tracking-lost-essential-fallback,468,92,1262,175,,1
606,1520616754.6653552,1,tracking-lost-essential-fallback,469,92,1262,246,,1
607,1520616754.715357,1,tracking-lost-essential-fallback,470,92,1262,208,,1
608,1520616754.765358,1,tracking-lost-essential-fallback,471,92,1262,183,,1
609,1520616754.81536,1,tracking-lost-essential-fallback,472,92,1262,191,,1
610,1520616754.865361,1,tracking-lost-essential-fallback,473,92,1262,186,,1
611,1520616754.9153628,1,tracking-lost-essential-fallback,474,92,1262,244,,1
612,1520616754.965364,1,tracking-lost-essential-fallback,475,92,1262,195,,1
613,1520616755.015366,1,tracking-lost-essential-fallback,476,92,1262,341,,1
614,1520616755.0625865,1,tracking-lost-essential-fallback,477,92,1262,114,,1
615,1520616755.1125877,1,tracking-lost-essential-fallback,478,92,1262,119,,1
616,1520616755.1625896,1,tracking-lost-essential-fallback,479,92,1262,172,,1
617,1520616755.2125905,1,tracking-lost-essential-fallback,480,92,1262,192,,1
618,1520616755.2625926,1,tracking-lost-essential-fallback,481,92,1262,192,,1
619,1520616755.3125944,1,tracking-lost-essential-fallback,482,92,1262,235,,1
620,1520616755.3625953,1,tracking-lost-essential-fallback,483,92,1262,216,,1
621,1520616755.4125977,1,tracking-lost-essential-fallback,484,92,1262,264,,1
622,1520616755.460412,1,tracking-lost-essential-fallback,485,92,1262,75,,1
623,1520616755.5104141,1,tracking-lost-essential-fallback,486,92,1262,180,,1
624,1520616755.560416,1,tracking-lost-essential-fallback,487,92,1262,143,,1
625,1520616755.610417,1,tracking-lost-essential-fallback,488,92,1262,149,,1
626,1520616755.6604192,1,tracking-lost-essential-fallback,489,92,1262,210,,1
627,1520616755.7104201,1,tracking-lost-essential-fallback,490,92,1262,193,,1
628,1520616755.760421,1,tracking-lost-essential-fallback,491,92,1262,170,,1
629,1520616755.8104231,1,tracking-lost-essential-fallback,492,92,1262,187,,1
630,1520616755.860425,1,tracking-lost-essential-fallback,493,92,1262,157,,1
631,1520616755.909452,1,tracking-lost-essential-fallback,494,92,1262,104,,1
632,1520616755.959454,1,tracking-lost-essential-fallback,495,92,1262,107,,1
633,1520616756.009455,1,tracking-lost-essential-fallback,496,92,1262,101,,1
634,1520616756.0594568,1,tracking-lost-essential-fallback,497,92,1262,101,,1
635,1520616756.109494,1,tracking-lost-essential-fallback,498,92,1262,120,,1
636,1520616756.1594598,1,tracking-lost-essential-fallback,499,92,1262,90,,1
637,1520616756.209462,1,tracking-lost-essential-fallback,500,92,1262,116,,1
638,1520616756.259463,1,tracking-lost-essential-fallback,501,92,1262,116,,1
639,1520616756.3090296,1,tracking-lost-essential-fallback,502,92,1262,110,,1
640,1520616756.3590307,1,tracking-lost-essential-fallback,503,92,1262,75,,1
641,1520616756.4090326,1,tracking-lost-essential-fallback,504,92,1262,169,,1
642,1520616756.4590335,1,tracking-lost-essential-fallback,505,92,1262,107,,1
643,1520616756.5090356,1,tracking-lost-essential-fallback,506,92,1262,109,,1
644,1520616756.5590365,1,tracking-lost-essential-fallback,507,92,1262,78,,1
645,1520616756.6090384,1,tracking-lost-essential-fallback,508,92,1262,71,,1
646,1520616756.6590407,1,tracking-lost-essential-fallback,509,92,1262,46,,1
647,1520616756.7092476,1,tracking-lost-essential-fallback,510,92,1262,34,,1
648,1520616756.7592497,1,tracking-lost-essential-fallback,511,92,1262,54,,1
649,1520616756.8092506,1,tracking-lost-essential-fallback,512,92,1262,37,,1
650,1520616756.8592527,1,tracking-lost-const-vel,513,92,1262,,,1
651,1520616756.9092538,1,tracking-lost-const-vel,514,92,1262,,,1
652,1520616756.9592557,1,tracking-lost-const-vel,515,92,1262,,,1
653,1520616757.0092576,1,tracking-lost-const-vel,516,92,1262,,,1
654,1520616757.0592587,1,tracking-lost-const-vel,517,92,1262,,,1
655,1520616757.1117384,1,tracking-lost-const-vel,518,92,1262,,,1
656,1520616757.1617403,1,tracking-lost-const-vel,519,92,1262,,,1
657,1520616757.2117412,1,tracking-lost-const-vel,520,92,1262,,,1
658,1520616757.2617435,1,tracking-lost-essential-fallback,521,92,1262,34,,1
659,1520616757.3117445,1,tracking-lost-essential-fallback,522,92,1262,33,,1
660,1520616757.3617463,1,tracking-lost-const-vel,523,92,1262,,,1
661,1520616757.4117475,1,tracking-lost-const-vel,524,92,1262,,,1
662,1520616757.4617493,1,tracking-lost-const-vel,525,92,1262,,,1
663,1520616757.517491,1,tracking-lost-const-vel,526,92,1262,,,1
664,1520616757.567495,1,tracking-lost-essential-fallback,527,92,1262,40,,1
665,1520616757.617495,1,tracking-lost-essential-fallback,528,92,1262,48,,1
666,1520616757.6674972,1,tracking-lost-essential-fallback,529,92,1262,84,,1
667,1520616757.717498,1,tracking-lost-essential-fallback,530,92,1262,103,,1
668,1520616757.767558,1,tracking-lost-essential-fallback,531,92,1262,124,,1
669,1520616757.817501,1,tracking-lost-essential-fallback,532,92,1262,138,,1
670,1520616757.867502,1,tracking-lost-essential-fallback,533,92,1262,108,,1
671,1520616757.917504,1,tracking-lost-essential-fallback,534,92,1262,106,,1
672,1520616757.9670641,1,tracking-lost-essential-fallback,535,92,1262,95,,1
673,1520616758.017066,1,tracking-lost-essential-fallback,536,92,1262,109,,1
674,1520616758.0670671,1,tracking-lost-essential-fallback,537,92,1262,131,,1
675,1520616758.1170692,1,tracking-lost-essential-fallback,538,92,1262,78,,1
676,1520616758.1670704,1,tracking-lost-essential-fallback,539,92,1262,115,,1
677,1520616758.2170722,1,tracking-lost-essential-fallback,540,92,1262,108,,1
678,1520616758.267074,1,tracking-lost-essential-fallback,541,92,1262,52,,1
679,1520616758.3170753,1,tracking-lost-essential-fallback,542,92,1262,67,,1
680,1520616758.3676324,1,tracking-lost-essential-fallback,543,92,1262,66,,1
681,1520616758.4176347,1,tracking-lost-essential-fallback,544,92,1262,47,,1
682,1520616758.4676356,1,tracking-lost-essential-fallback,545,92,1262,64,,1
683,1520616758.5176375,1,tracking-lost-essential-fallback,546,92,1262,85,,1
684,1520616758.5676386,1,tracking-lost-essential-fallback,547,92,1262,96,,1
685,1520616758.6176395,1,tracking-lost-essential-fallback,548,92,1262,99,,1
686,1520616758.6676414,1,tracking-lost-essential-fallback,549,92,1262,63,,1
687,1520616758.7176435,1,tracking-lost-essential-fallback,550,92,1262,80,,1
688,1520616758.7676456,1,tracking-lost-essential-fallback,551,92,1262,138,,1
689,1520616758.8176465,1,tracking-lost-essential-fallback,552,92,1262,77,,1
690,1520616758.8676486,1,tracking-lost-essential-fallback,553,92,1262,58,,1
691,1520616758.9176495,1,tracking-lost-essential-fallback,554,92,1262,58,,1
692,1520616758.9676514,1,tracking-lost-essential-fallback,555,92,1262,77,,1
693,1520616759.0176537,1,tracking-lost-essential-fallback,556,92,1262,128,,1
694,1520616759.0676546,1,tracking-lost-essential-fallback,557,92,1262,111,,1
695,1520616759.1176558,1,tracking-lost-essential-fallback,558,92,1262,77,,1
696,1520616759.1676576,1,tracking-lost-essential-fallback,559,92,1262,103,,1
697,1520616759.2176595,1,tracking-lost-essential-fallback,560,92,1262,99,,1
698,1520616759.2676606,1,tracking-lost-essential-fallback,561,92,1262,108,,1
699,1520616759.3176615,1,tracking-lost-essential-fallback,562,92,1262,106,,1
700,1520616759.3676634,1,tracking-lost-essential-fallback,563,92,1262,151,,1
701,1520616759.4177506,1,tracking-lost-essential-fallback,564,92,1262,159,,1
702,1520616759.4676666,1,tracking-lost-essential-fallback,565,92,1262,170,,1
703,1520616759.5176685,1,tracking-lost-essential-fallback,566,92,1262,189,,1
704,1520616759.5655897,1,tracking-lost-essential-fallback,567,92,1262,182,,1
705,1520616759.6155915,1,tracking-lost-essential-fallback,568,92,1262,175,,1
706,1520616759.6655927,1,tracking-lost-essential-fallback,569,92,1262,157,,1
707,1520616759.7155945,1,tracking-lost-essential-fallback,570,92,1262,164,,1
708,1520616759.7655957,1,tracking-lost-essential-fallback,571,92,1262,217,,1
709,1520616759.8155978,1,tracking-lost-essential-fallback,572,92,1262,179,,1
710,1520616759.8655996,1,tracking-lost-essential-fallback,573,92,1262,194,,1
711,1520616759.9156008,1,tracking-lost-essential-fallback,574,92,1262,270,,1
712,1520616759.9638207,1,tracking-lost-essential-fallback,575,92,1262,252,,1
713,1520616760.0138216,1,tracking-lost-essential-fallback,576,92,1262,242,,1
714,1520616760.0638237,1,tracking-lost-essential-fallback,577,92,1262,293,,1
715,1520616760.1138246,1,tracking-lost-essential-fallback,578,92,1262,266,,1
716,1520616760.1638265,1,tracking-lost-essential-fallback,579,92,1262,186,,1
717,1520616760.2138276,1,tracking-lost-essential-fallback,580,92,1262,317,,1
718,1520616760.2638297,1,tracking-lost-essential-fallback,581,92,1262,265,,1
719,1520616760.3138318,1,tracking-lost-essential-fallback,582,92,1262,279,,1
720,1520616760.3638337,1,tracking-lost-essential-fallback,583,92,1262,254,,1
721,1520616760.4120884,1,tracking-lost-essential-fallback,584,92,1262,133,,1
722,1520616760.4620903,1,tracking-lost-essential-fallback,585,92,1262,161,,1
723,1520616760.5120914,1,tracking-lost-essential-fallback,586,92,1262,159,,1
724,1520616760.5620935,1,tracking-lost-essential-fallback,587,92,1262,155,,1
725,1520616760.6120944,1,tracking-lost-essential-fallback,588,92,1262,175,,1
726,1520616760.6620965,1,tracking-lost-essential-fallback,589,92,1262,155,,1
727,1520616760.7120974,1,tracking-lost-essential-fallback,590,92,1262,183,,1
728,1520616760.7620993,1,tracking-lost-essential-fallback,591,92,1262,166,,1
729,1520616760.8098936,1,tracking-lost-essential-fallback,592,92,1262,60,,1
730,1520616760.859895,1,tracking-lost-essential-fallback,593,92,1262,154,,1
731,1520616760.9098969,1,tracking-lost-essential-fallback,594,92,1262,143,,1
732,1520616760.959898,1,tracking-lost-essential-fallback,595,92,1262,90,,1
733,1520616761.0098999,1,tracking-lost-essential-fallback,596,92,1262,141,,1
734,1520616761.0599008,1,tracking-lost-essential-fallback,597,92,1262,135,,1
735,1520616761.1099029,1,tracking-lost-essential-fallback,598,92,1262,172,,1
736,1520616761.1599038,1,tracking-lost-essential-fallback,599,92,1262,108,,1
737,1520616761.209288,1,tracking-lost-essential-fallback,600,92,1262,133,,1
738,1520616761.2592888,1,tracking-lost-essential-fallback,601,92,1262,223,,1
739,1520616761.309291,1,tracking-lost-essential-fallback,602,92,1262,170,,1
740,1520616761.3592918,1,tracking-lost-essential-fallback,603,92,1262,84,,1
741,1520616761.4092937,1,tracking-lost-essential-fallback,604,92,1262,111,,1
742,1520616761.4592957,1,tracking-lost-essential-fallback,605,92,1262,75,,1
743,1520616761.5092967,1,tracking-lost-essential-fallback,606,92,1262,33,,1
744,1520616761.5592988,1,tracking-lost-essential-fallback,607,92,1262,47,,1
745,1520616761.6096566,1,tracking-lost-const-vel,608,92,1262,,,1
746,1520616761.6596587,1,tracking-lost-const-vel,609,92,1262,,,1
747,1520616761.7096598,1,tracking-lost-essential-fallback,610,92,1262,32,,1
748,1520616761.7596617,1,tracking-lost-const-vel,611,92,1262,,,1
749,1520616761.8096628,1,tracking-lost-const-vel,612,92,1262,,,1
750,1520616761.8596647,1,tracking-lost-const-vel,613,92,1262,,,1
751,1520616761.9096665,1,tracking-lost-const-vel,614,92,1262,,,1
752,1520616761.959668,1,tracking-lost-const-vel,615,92,1262,,,1
753,1520616762.014317,1,tracking-lost-const-vel,616,92,1262,,,1
754,1520616762.0643191,1,tracking-lost-const-vel,617,92,1262,,,1
755,1520616762.1143203,1,tracking-lost-const-vel,618,92,1262,,,1
756,1520616762.1643221,1,tracking-lost-essential-fallback,619,92,1262,44,,1
757,1520616762.214324,1,tracking-lost-essential-fallback,620,92,1262,55,,1
758,1520616762.2643251,1,tracking-lost-essential-fallback,621,92,1262,40,,1
759,1520616762.314326,1,tracking-lost-essential-fallback,622,92,1262,57,,1
760,1520616762.3643281,1,tracking-lost-essential-fallback,623,92,1262,81,,1
761,1520616762.4161544,1,tracking-lost-essential-fallback,624,92,1262,73,,1
762,1520616762.4661553,1,tracking-lost-essential-fallback,625,92,1262,95,,1
763,1520616762.5161574,1,tracking-lost-essential-fallback,626,92,1262,172,,1
764,1520616762.5661585,1,tracking-lost-essential-fallback,627,92,1262,142,,1
765,1520616762.6161594,1,tracking-lost-essential-fallback,628,92,1262,131,,1
766,1520616762.6661613,1,tracking-lost-essential-fallback,629,92,1262,113,,1
767,1520616762.7161634,1,tracking-lost-essential-fallback,630,92,1262,180,,1
768,1520616762.7661643,1,tracking-lost-essential-fallback,631,92,1262,117,,1
769,1520616762.8161662,1,tracking-lost-essential-fallback,632,92,1262,170,,1
770,1520616762.864168,1,tracking-lost-essential-fallback,633,92,1262,108,,1
771,1520616762.91417,1,tracking-lost-essential-fallback,634,92,1262,196,,1
772,1520616762.9641712,1,tracking-lost-essential-fallback,635,92,1262,165,,1
773,1520616763.014173,1,tracking-lost-essential-fallback,636,92,1262,141,,1
774,1520616763.064175,1,tracking-lost-essential-fallback,637,92,1262,207,,1
775,1520616763.114176,1,tracking-lost-essential-fallback,638,92,1262,215,,1
776,1520616763.1641781,1,tracking-lost-essential-fallback,639,92,1262,219,,1
777,1520616763.2141788,1,tracking-lost-essential-fallback,640,92,1262,193,,1
778,1520616763.2623994,1,tracking-lost-essential-fallback,641,92,1262,134,,1
779,1520616763.3124015,1,tracking-lost-essential-fallback,642,92,1262,125,,1
780,1520616763.3624024,1,tracking-lost-essential-fallback,643,92,1262,198,,1
781,1520616763.4124036,1,tracking-lost-essential-fallback,644,92,1262,157,,1
782,1520616763.4624054,1,tracking-lost-essential-fallback,645,92,1262,201,,1
783,1520616763.5124073,1,tracking-lost-essential-fallback,646,92,1262,402,,1
784,1520616763.5624084,1,tracking-lost-essential-fallback,647,92,1262,368,,1
785,1520616763.6124105,1,tracking-lost-essential-fallback,648,92,1262,264,,1
786,1520616763.6614203,1,tracking-lost-essential-fallback,649,92,1262,168,,1
787,1520616763.7114215,1,tracking-lost-essential-fallback,650,92,1262,191,,1
788,1520616763.7614233,1,tracking-lost-essential-fallback,651,92,1262,306,,1
789,1520616763.8114254,1,tracking-lost-essential-fallback,652,92,1262,280,,1
790,1520616763.8614266,1,tracking-lost-essential-fallback,653,92,1262,183,,1
791,1520616763.9114275,1,tracking-lost-essential-fallback,654,92,1262,190,,1
792,1520616763.9614294,1,tracking-lost-essential-fallback,655,92,1262,187,,1
793,1520616764.0114315,1,tracking-lost-essential-fallback,656,92,1262,118,,1
794,1520616764.0607302,1,tracking-lost-essential-fallback,657,92,1262,78,,1
795,1520616764.110732,1,tracking-lost-essential-fallback,658,92,1262,57,,1
796,1520616764.1607344,1,tracking-lost-essential-fallback,659,92,1262,48,,1
797,1520616764.2107341,1,tracking-lost-essential-fallback,660,92,1262,56,,1
798,1520616764.260736,1,tracking-lost-essential-fallback,661,92,1262,83,,1
799,1520616764.310744,1,tracking-lost-essential-fallback,662,92,1262,58,,1
800,1520616764.3607392,1,tracking-lost-essential-fallback,663,92,1262,51,,1
801,1520616764.410741,1,tracking-lost-essential-fallback,664,92,1262,69,,1
802,1520616764.461072,1,tracking-lost-essential-fallback,665,92,1262,66,,1
803,1520616764.5110738,1,tracking-lost-essential-fallback,666,92,1262,49,,1
804,1520616764.561075,1,tracking-lost-essential-fallback,667,92,1262,70,,1
805,1520616764.611077,1,tracking-lost-essential-fallback,668,92,1262,66,,1
806,1520616764.661079,1,tracking-lost-essential-fallback,669,92,1262,61,,1
807,1520616764.71108,1,tracking-lost-essential-fallback,670,92,1262,69,,1
808,1520616764.761082,1,tracking-lost-essential-fallback,671,92,1262,40,,1
809,1520616764.8110828,1,tracking-lost-essential-fallback,672,92,1262,34,,1
810,1520616764.861085,1,tracking-lost-essential-fallback,673,92,1262,46,,1
811,1520616764.9121366,1,tracking-lost-essential-fallback,674,92,1262,43,,1
812,1520616764.9621384,1,tracking-lost-essential-fallback,675,92,1262,97,,1
813,1520616765.0121403,1,tracking-lost-essential-fallback,676,92,1262,52,,1
814,1520616765.0621414,1,tracking-lost-essential-fallback,677,92,1262,62,,1
815,1520616765.1121435,1,tracking-lost-essential-fallback,678,92,1262,74,,1
816,1520616765.1621444,1,tracking-lost-essential-fallback,679,92,1262,66,,1
817,1520616765.2121465,1,tracking-lost-essential-fallback,680,92,1262,67,,1
818,1520616765.2621484,1,tracking-lost-essential-fallback,681,92,1262,64,,1
819,1520616765.3129435,1,tracking-lost-essential-fallback,682,92,1262,64,,1
820,1520616765.3629456,1,tracking-lost-essential-fallback,683,92,1262,107,,1
821,1520616765.4129465,1,tracking-lost-essential-fallback,684,92,1262,84,,1
822,1520616765.4629488,1,tracking-lost-essential-fallback,685,92,1262,124,,1
823,1520616765.5129497,1,tracking-lost-essential-fallback,686,92,1262,120,,1
824,1520616765.5629516,1,tracking-lost-essential-fallback,687,92,1262,111,,1
825,1520616765.6129544,1,tracking-lost-essential-fallback,688,92,1262,75,,1
826,1520616765.6629546,1,tracking-lost-essential-fallback,689,92,1262,117,,1
827,1520616765.712479,1,tracking-lost-essential-fallback,690,92,1262,118,,1
828,1520616765.7624812,1,tracking-lost-essential-fallback,691,92,1262,125,,1
829,1520616765.8124843,1,tracking-lost-essential-fallback,692,92,1262,141,,1
830,1520616765.8624833,1,tracking-lost-essential-fallback,693,92,1262,151,,1
831,1520616765.9124851,1,tracking-lost-essential-fallback,694,92,1262,154,,1
832,1520616765.962517,1,tracking-lost-essential-fallback,695,92,1262,156,,1
833,1520616766.0124884,1,tracking-lost-essential-fallback,696,92,1262,154,,1
834,1520616766.0624893,1,tracking-lost-essential-fallback,697,92,1262,171,,1
835,1520616766.111555,1,tracking-lost-essential-fallback,698,92,1262,106,,1
836,1520616766.1615562,1,tracking-lost-essential-fallback,699,92,1262,86,,1
837,1520616766.2115583,1,tracking-lost-essential-fallback,700,92,1262,105,,1
838,1520616766.2615602,1,tracking-lost-essential-fallback,701,92,1262,110,,1
839,1520616766.3115613,1,tracking-lost-essential-fallback,702,92,1262,112,,1
840,1520616766.3615632,1,tracking-lost-essential-fallback,703,92,1262,125,,1
841,1520616766.411564,1,tracking-lost-essential-fallback,704,92,1262,111,,1
842,1520616766.4615662,1,tracking-lost-essential-fallback,705,92,1262,96,,1
843,1520616766.5107956,1,tracking-lost-essential-fallback,706,92,1262,79,,1
844,1520616766.5607975,1,tracking-lost-essential-fallback,707,92,1262,80,,1
845,1520616766.6107984,1,tracking-lost-essential-fallback,708,92,1262,54,,1
846,1520616766.6608007,1,tracking-lost-essential-fallback,709,92,1262,54,,1
847,1520616766.7108026,1,tracking-lost-essential-fallback,710,92,1262,66,,1
848,1520616766.7608035,1,tracking-lost-essential-fallback,711,92,1262,58,,1
849,1520616766.8108056,1,tracking-lost-essential-fallback,712,92,1262,56,,1
850,1520616766.8608065,1,tracking-lost-essential-fallback,713,92,1262,45,,1
851,1520616766.9107766,1,tracking-lost-essential-fallback,714,92,1262,43,,1
852,1520616766.9607785,1,tracking-lost-essential-fallback,715,92,1262,45,,1
853,1520616767.0107806,1,tracking-lost-essential-fallback,716,92,1262,38,,1
854,1520616767.0607817,1,tracking-lost-essential-fallback,717,92,1262,47,,1
855,1520616767.1107826,1,tracking-lost-essential-fallback,718,92,1262,47,,1
856,1520616767.1607845,1,tracking-lost-essential-fallback,719,92,1262,44,,1
857,1520616767.2107866,1,tracking-lost-essential-fallback,720,92,1262,58,,1
858,1520616767.2607875,1,tracking-lost-essential-fallback,721,92,1262,43,,1
859,1520616767.3107896,1,tracking-lost-essential-fallback,722,92,1262,38,,1
860,1520616767.3619246,1,tracking-lost-essential-fallback,723,92,1262,36,,1
861,1520616767.4119256,1,tracking-lost-essential-fallback,724,92,1262,82,,1
862,1520616767.461928,1,tracking-lost-essential-fallback,725,92,1262,75,,1
863,1520616767.5119298,1,tracking-lost-essential-fallback,726,92,1262,48,,1
864,1520616767.5619307,1,tracking-lost-essential-fallback,727,92,1262,67,,1
865,1520616767.6119885,1,tracking-lost-essential-fallback,728,92,1262,62,,1
866,1520616767.6619337,1,tracking-lost-essential-fallback,729,92,1262,57,,1
867,1520616767.7119355,1,tracking-lost-essential-fallback,730,92,1262,81,,1
868,1520616767.7623534,1,tracking-lost-essential-fallback,731,92,1262,80,,1
869,1520616767.8123555,1,tracking-lost-essential-fallback,732,92,1262,119,,1
870,1520616767.8623576,1,tracking-lost-essential-fallback,733,92,1262,122,,1
871,1520616767.9123585,1,tracking-lost-essential-fallback,734,92,1262,117,,1
872,1520616767.9623606,1,tracking-lost-essential-fallback,735,92,1262,111,,1
873,1520616768.0123615,1,tracking-lost-essential-fallback,736,92,1262,110,,1
874,1520616768.0623634,1,tracking-lost-essential-fallback,737,92,1262,112,,1
875,1520616768.1123645,1,tracking-lost-essential-fallback,738,92,1262,88,,1
876,1520616768.1604364,1,tracking-lost-essential-fallback,739,92,1262,116,,1
877,1520616768.2104373,1,tracking-lost-essential-fallback,740,92,1262,103,,1
878,1520616768.2604394,1,tracking-lost-essential-fallback,741,92,1262,118,,1
879,1520616768.3104413,1,tracking-lost-essential-fallback,742,92,1262,165,,1
880,1520616768.3604422,1,tracking-lost-essential-fallback,743,92,1262,108,,1
881,1520616768.4104445,1,tracking-lost-essential-fallback,744,92,1262,90,,1
882,1520616768.4604452,1,tracking-lost-essential-fallback,745,92,1262,103,,1
883,1520616768.5104473,1,tracking-lost-essential-fallback,746,92,1262,98,,1
884,1520616768.5597143,1,tracking-lost-essential-fallback,747,92,1262,71,,1
885,1520616768.6097164,1,tracking-lost-essential-fallback,748,92,1262,115,,1
886,1520616768.6597176,1,tracking-lost-essential-fallback,749,92,1262,51,,1
887,1520616768.7097194,1,tracking-lost-essential-fallback,750,92,1262,115,,1
888,1520616768.7597213,1,tracking-lost-essential-fallback,751,92,1262,93,,1
889,1520616768.8097224,1,tracking-lost-essential-fallback,752,92,1262,78,,1
890,1520616768.8597233,1,tracking-lost-essential-fallback,753,92,1262,39,,1
891,1520616768.9097242,1,tracking-lost-essential-fallback,754,92,1262,72,,1
892,1520616768.959624,1,tracking-lost-essential-fallback,755,92,1262,99,,1
893,1520616769.009625,1,tracking-lost-essential-fallback,756,92,1262,76,,1
894,1520616769.059627,1,tracking-lost-essential-fallback,757,92,1262,76,,1
895,1520616769.109629,1,tracking-lost-essential-fallback,758,92,1262,74,,1
896,1520616769.159634,1,tracking-lost-essential-fallback,759,92,1262,94,,1
897,1520616769.2096322,1,tracking-lost-essential-fallback,760,92,1262,68,,1
898,1520616769.259712,1,tracking-lost-essential-fallback,761,92,1262,66,,1
899,1520616769.309635,1,tracking-lost-essential-fallback,762,92,1262,52,,1
900,1520616769.359636,1,tracking-lost-essential-fallback,763,92,1262,89,,1
901,1520616769.4096987,1,tracking-lost-essential-fallback,764,92,1262,85,,1
902,1520616769.4597006,1,tracking-lost-essential-fallback,765,92,1262,75,,1
903,1520616769.5097017,1,tracking-lost-const-vel,766,92,1262,,,1
904,1520616769.5597036,1,tracking-lost-essential-fallback,767,92,1262,67,,1
905,1520616769.6097045,1,tracking-lost-essential-fallback,768,92,1262,71,,1
906,1520616769.6597068,1,tracking-lost-essential-fallback,769,92,1262,41,,1
907,1520616769.7097075,1,tracking-lost-essential-fallback,770,92,1262,59,,1
908,1520616769.7597098,1,tracking-lost-essential-fallback,771,92,1262,34,,1
909,1520616769.8107011,1,tracking-lost-essential-fallback,772,92,1262,43,,1
910,1520616769.8607032,1,tracking-lost-essential-fallback,773,92,1262,121,,1
911,1520616769.9107053,1,tracking-lost-essential-fallback,774,92,1262,71,,1
912,1520616769.9607062,1,tracking-lost-const-vel,775,92,1262,,,1
913,1520616770.0107083,1,tracking-lost-essential-fallback,776,92,1262,82,,1
914,1520616770.0607102,1,tracking-lost-essential-fallback,777,92,1262,84,,1
915,1520616770.1107113,1,tracking-lost-essential-fallback,778,92,1262,55,,1
916,1520616770.1607122,1,tracking-lost-essential-fallback,779,92,1262,32,,1
917,1520616770.2119038,1,tracking-lost-essential-fallback,780,92,1262,54,,1
918,1520616770.2619057,1,tracking-lost-essential-fallback,781,92,1262,85,,1
919,1520616770.311908,1,tracking-lost-essential-fallback,782,92,1262,75,,1
920,1520616770.361909,1,tracking-lost-essential-fallback,783,92,1262,52,,1
921,1520616770.4119108,1,tracking-lost-essential-fallback,784,92,1262,46,,1
922,1520616770.461912,1,tracking-lost-essential-fallback,785,92,1262,84,,1
923,1520616770.5119138,1,tracking-lost-essential-fallback,786,92,1262,63,,1
924,1520616770.5619147,1,tracking-lost-essential-fallback,787,92,1262,79,,1
925,1520616770.6128082,1,tracking-lost-essential-fallback,788,92,1262,59,,1
926,1520616770.6628106,1,tracking-lost-essential-fallback,789,92,1262,98,,1
927,1520616770.7128124,1,tracking-lost-essential-fallback,790,92,1262,90,,1
928,1520616770.7628133,1,tracking-lost-essential-fallback,791,92,1262,95,,1
929,1520616770.8128154,1,tracking-lost-essential-fallback,792,92,1262,60,,1
930,1520616770.8628173,1,tracking-lost-essential-fallback,793,92,1262,79,,1
931,1520616770.9129214,1,tracking-lost-essential-fallback,794,92,1262,59,,1
932,1520616770.9628205,1,tracking-lost-essential-fallback,795,92,1262,54,,1
933,1520616771.0125947,1,tracking-lost-essential-fallback,796,92,1262,43,,1
934,1520616771.062597,1,tracking-lost-essential-fallback,797,92,1262,44,,1
935,1520616771.112598,1,tracking-lost-essential-fallback,798,92,1262,92,,1
936,1520616771.1625998,1,tracking-lost-essential-fallback,799,92,1262,87,,1
937,1520616771.212601,1,tracking-lost-essential-fallback,800,92,1262,108,,1
938,1520616771.2626028,1,tracking-lost-essential-fallback,801,92,1262,134,,1
939,1520616771.3126037,1,tracking-lost-essential-fallback,802,92,1262,139,,1
940,1520616771.3626058,1,tracking-lost-essential-fallback,803,92,1262,174,,1
941,1520616771.4111285,1,tracking-lost-essential-fallback,804,92,1262,111,,1
942,1520616771.4611304,1,tracking-lost-essential-fallback,805,92,1262,167,,1
943,1520616771.5111322,1,tracking-lost-essential-fallback,806,92,1262,174,,1
944,1520616771.5611334,1,tracking-lost-essential-fallback,807,92,1262,183,,1
945,1520616771.6111352,1,tracking-lost-essential-fallback,808,92,1262,192,,1
946,1520616771.6611362,1,tracking-lost-essential-fallback,809,92,1262,273,,1
947,1520616771.7111385,1,tracking-lost-essential-fallback,810,92,1262,212,,1
948,1520616771.7611394,1,tracking-lost-essential-fallback,811,92,1262,168,,1
949,1520616771.8111413,1,tracking-lost-essential-fallback,812,92,1262,219,,1
950,1520616771.8600092,1,tracking-lost-essential-fallback,813,92,1262,183,,1
951,1520616771.9100115,1,tracking-lost-essential-fallback,814,92,1262,150,,1
952,1520616771.9600124,1,tracking-lost-essential-fallback,815,92,1262,100,,1
953,1520616772.0100143,1,tracking-lost-essential-fallback,816,92,1262,166,,1
954,1520616772.0600154,1,tracking-lost-essential-fallback,817,92,1262,94,,1
955,1520616772.1100173,1,tracking-lost-essential-fallback,818,92,1262,116,,1
956,1520616772.1600184,1,tracking-lost-essential-fallback,819,92,1262,172,,1
957,1520616772.2100205,1,tracking-lost-essential-fallback,820,92,1262,102,,1
958,1520616772.2597501,1,tracking-lost-essential-fallback,821,92,1262,76,,1
959,1520616772.3097522,1,tracking-lost-essential-fallback,822,92,1262,64,,1
960,1520616772.3597531,1,tracking-lost-essential-fallback,823,92,1262,92,,1
961,1520616772.4097552,1,tracking-lost-essential-fallback,824,92,1262,85,,1
962,1520616772.459757,1,tracking-lost-essential-fallback,825,92,1262,71,,1
963,1520616772.5097592,1,tracking-lost-essential-fallback,826,92,1262,86,,1
964,1520616772.5597591,1,tracking-lost-essential-fallback,827,92,1262,72,,1
965,1520616772.609761,1,tracking-lost-essential-fallback,828,92,1262,61,,1
966,1520616772.659722,1,tracking-lost-essential-fallback,829,92,1262,73,,1
967,1520616772.709723,1,tracking-lost-essential-fallback,830,92,1262,70,,1
968,1520616772.7597249,1,tracking-lost-essential-fallback,831,92,1262,61,,1
969,1520616772.809726,1,tracking-lost-essential-fallback,832,92,1262,47,,1
970,1520616772.8597279,1,tracking-lost-essential-fallback,833,92,1262,49,,1
971,1520616772.909729,1,tracking-lost-essential-fallback,834,92,1262,59,,1
972,1520616772.959731,1,tracking-lost-essential-fallback,835,92,1262,39,,1
973,1520616773.009732,1,tracking-lost-essential-fallback,836,92,1262,50,,1
974,1520616773.0600054,1,tracking-lost-essential-fallback,837,92,1262,46,,1
975,1520616773.1100073,1,tracking-lost-essential-fallback,838,92,1262,62,,1
976,1520616773.1600084,1,tracking-lost-essential-fallback,839,92,1262,84,,1
977,1520616773.2100105,1,tracking-lost-essential-fallback,840,92,1262,63,,1
978,1520616773.2600114,1,tracking-lost-essential-fallback,841,92,1262,71,,1
979,1520616773.3100135,1,tracking-lost-essential-fallback,842,92,1262,70,,1
980,1520616773.3600154,1,tracking-lost-essential-fallback,843,92,1262,61,,1
981,1520616773.4100163,1,tracking-lost-essential-fallback,844,92,1262,44,,1
982,1520616773.4618053,1,tracking-lost-essential-fallback,845,92,1262,36,,1
983,1520616773.5118062,1,tracking-lost-essential-fallback,846,92,1262,112,,1
984,1520616773.5618086,1,tracking-lost-essential-fallback,847,92,1262,86,,1
985,1520616773.6118104,1,tracking-lost-essential-fallback,848,92,1262,73,,1
986,1520616773.6618114,1,tracking-lost-essential-fallback,849,92,1262,60,,1
987,1520616773.7118134,1,tracking-lost-essential-fallback,850,92,1262,44,,1
988,1520616773.7618153,1,tracking-lost-essential-fallback,851,92,1262,50,,1
989,1520616773.8118162,1,tracking-lost-essential-fallback,852,92,1262,40,,1
990,1520616773.863091,1,tracking-lost-const-vel,853,92,1262,,,1
991,1520616773.9130929,1,tracking-lost-essential-fallback,854,92,1262,34,,1
992,1520616773.9630938,1,tracking-lost-essential-fallback,855,92,1262,77,,1
993,1520616774.013096,1,tracking-lost-essential-fallback,856,92,1262,67,,1
994,1520616774.063097,1,tracking-lost-essential-fallback,857,92,1262,112,,1
995,1520616774.1130989,1,tracking-lost-essential-fallback,858,92,1262,96,,1
996,1520616774.163101,1,tracking-lost-essential-fallback,859,92,1262,164,,1
997,1520616774.2131019,1,tracking-lost-essential-fallback,860,92,1262,106,,1
998,1520616774.2631037,1,tracking-lost-essential-fallback,861,92,1262,117,,1
999,1520616774.312895,1,tracking-lost-essential-fallback,862,92,1262,90,,1
1000,1520616774.362897,1,tracking-lost-essential-fallback,863,92,1262,116,,1
1001,1520616774.412898,1,tracking-lost-essential-fallback,864,92,1262,107,,1
1002,1520616774.4629002,1,tracking-lost-essential-fallback,865,92,1262,138,,1
1003,1520616774.512901,1,tracking-lost-essential-fallback,866,92,1262,128,,1
1004,1520616774.5629032,1,tracking-lost-essential-fallback,867,92,1262,85,,1
1005,1520616774.612904,1,tracking-lost-essential-fallback,868,92,1262,78,,1
1006,1520616774.662906,1,tracking-lost-essential-fallback,869,92,1262,60,,1
1007,1520616774.7138398,1,tracking-lost-essential-fallback,870,92,1262,72,,1
1008,1520616774.763841,1,tracking-lost-essential-fallback,871,92,1262,68,,1
1009,1520616774.8138428,1,tracking-lost-essential-fallback,872,92,1262,84,,1
1010,1520616774.8638437,1,tracking-lost-essential-fallback,873,92,1262,76,,1
1011,1520616774.9138458,1,tracking-lost-essential-fallback,874,92,1262,60,,1
1012,1520616774.9638479,1,tracking-lost-essential-fallback,875,92,1262,93,,1
1013,1520616775.0138488,1,tracking-lost-essential-fallback,876,92,1262,54,,1
1014,1520616775.0638509,1,tracking-lost-essential-fallback,877,92,1262,74,,1
1015,1520616775.1163833,1,tracking-lost-essential-fallback,878,92,1262,62,,1
1016,1520616775.1663842,1,tracking-lost-essential-fallback,879,92,1262,92,,1
1017,1520616775.216386,1,tracking-lost-essential-fallback,880,92,1262,143,,1
1018,1520616775.2663872,1,tracking-lost-essential-fallback,881,92,1262,159,,1
1019,1520616775.3163893,1,tracking-lost-essential-fallback,882,92,1262,113,,1
1020,1520616775.3663912,1,tracking-lost-essential-fallback,883,92,1262,122,,1
1021,1520616775.4163923,1,tracking-lost-essential-fallback,884,92,1262,109,,1
1022,1520616775.4663951,1,tracking-lost-essential-fallback,885,92,1262,135,,1
1023,1520616775.518124,1,tracking-lost-essential-fallback,886,92,1262,118,,1
1024,1520616775.568128,1,tracking-lost-essential-fallback,887,92,1262,140,,1
1025,1520616775.618127,1,tracking-lost-essential-fallback,888,92,1262,176,,1
1026,1520616775.668128,1,tracking-lost-essential-fallback,889,92,1262,161,,1
1027,1520616775.7181304,1,tracking-lost-essential-fallback,890,92,1262,123,,1
1028,1520616775.7681313,1,tracking-lost-essential-fallback,891,92,1262,212,,1
1029,1520616775.8181472,1,tracking-lost-essential-fallback,892,92,1262,181,,1
1030,1520616775.8681352,1,tracking-lost-essential-fallback,893,92,1262,184,,1
1031,1520616775.9181361,1,tracking-lost-essential-fallback,894,92,1262,180,,1
1032,1520616775.968138,1,tracking-lost-essential-fallback,895,92,1262,147,,1
1033,1520616776.0181391,1,tracking-lost-essential-fallback,896,92,1262,241,,1
1034,1520616776.0681412,1,tracking-lost-essential-fallback,897,92,1262,182,,1
1035,1520616776.1181424,1,tracking-lost-essential-fallback,898,92,1262,244,,1
1036,1520616776.1681442,1,tracking-lost-essential-fallback,899,92,1262,254,,1
1037,1520616776.2181451,1,tracking-lost-essential-fallback,900,92,1262,314,,1
1038,1520616776.2681472,1,tracking-lost-essential-fallback,901,92,1262,277,,1
1039,1520616776.3181934,1,tracking-lost-essential-fallback,902,92,1262,197,,1
1040,1520616776.3681762,1,tracking-lost-essential-fallback,903,92,1262,442,,1
1041,1520616776.418178,1,tracking-lost-essential-fallback,904,92,1262,315,,1
1042,1520616776.4681792,1,tracking-lost-essential-fallback,905,92,1262,293,,1
1043,1520616776.5181813,1,tracking-lost-essential-fallback,906,92,1262,403,,1
1044,1520616776.568182,1,tracking-lost-essential-fallback,907,92,1262,365,,1
1045,1520616776.6181843,1,tracking-lost-essential-fallback,908,92,1262,416,,1
1046,1520616776.6681862,1,tracking-lost-essential-fallback,909,92,1262,306,,1
1047,1520616776.718187,1,tracking-lost-essential-fallback,910,92,1262,315,,1
1048,1520616776.7671554,1,tracking-lost-essential-fallback,911,92,1262,242,,1
1049,1520616776.8171573,1,tracking-lost-essential-fallback,912,92,1262,229,,1
1050,1520616776.8671584,1,tracking-lost-essential-fallback,913,92,1262,242,,1
1051,1520616776.9171603,1,tracking-lost-essential-fallback,914,92,1262,243,,1
1052,1520616776.9671614,1,tracking-lost-essential-fallback,915,92,1262,205,,1
1053,1520616777.0171623,1,tracking-lost-essential-fallback,916,92,1262,208,,1
1054,1520616777.0671642,1,tracking-lost-essential-fallback,917,92,1262,227,,1
1055,1520616777.1171665,1,tracking-lost-essential-fallback,918,92,1262,210,,1
1056,1520616777.166659,1,tracking-lost-essential-fallback,919,92,1262,154,,1
1057,1520616777.216661,1,tracking-lost-essential-fallback,920,92,1262,143,,1
1058,1520616777.266662,1,tracking-lost-essential-fallback,921,92,1262,268,,1
1059,1520616777.3166642,1,tracking-lost-essential-fallback,922,92,1262,348,,1
1060,1520616777.366666,1,tracking-lost-essential-fallback,923,92,1262,225,,1
1061,1520616777.416667,1,tracking-lost-essential-fallback,924,92,1262,331,,1
1062,1520616777.466704,1,tracking-lost-essential-fallback,925,92,1262,198,,1
1063,1520616777.51667,1,tracking-lost-essential-fallback,926,92,1262,288,,1
1064,1520616777.5669181,1,tracking-lost-essential-fallback,927,92,1262,367,,1
1065,1520616777.616919,1,tracking-lost-essential-fallback,928,92,1262,238,,1
1066,1520616777.6669214,1,tracking-lost-essential-fallback,929,92,1262,362,,1
1067,1520616777.7169223,1,tracking-lost-essential-fallback,930,92,1262,201,,1
1068,1520616777.7669241,1,tracking-lost-essential-fallback,931,92,1262,447,,1
1069,1520616777.8169253,1,tracking-lost-essential-fallback,932,92,1262,270,,1
1070,1520616777.8669271,1,tracking-lost-essential-fallback,933,92,1262,337,,1
1071,1520616777.916929,1,tracking-lost-essential-fallback,934,92,1262,328,,1
1072,1520616777.9653258,1,tracking-lost-essential-fallback,935,92,1262,281,,1
1073,1520616778.015328,1,tracking-lost-essential-fallback,936,92,1262,245,,1
1074,1520616778.0653288,1,tracking-lost-essential-fallback,937,92,1262,354,,1
1075,1520616778.115331,1,tracking-lost-essential-fallback,938,92,1262,332,,1
1076,1520616778.1653318,1,tracking-lost-essential-fallback,939,92,1262,259,,1
1077,1520616778.2153337,1,tracking-lost-essential-fallback,940,92,1262,340,,1
1078,1520616778.2653358,1,tracking-lost-essential-fallback,941,92,1262,202,,1
1079,1520616778.3153367,1,tracking-lost-essential-fallback,942,92,1262,356,,1
1080,1520616778.3623579,1,tracking-lost-essential-fallback,943,92,1262,227,,1
1081,1520616778.4123597,1,tracking-lost-essential-fallback,944,92,1262,235,,1
1082,1520616778.4623609,1,tracking-lost-essential-fallback,945,92,1262,267,,1
1083,1520616778.5123618,1,tracking-lost-essential-fallback,946,92,1262,290,,1
1084,1520616778.5623636,1,tracking-lost-essential-fallback,947,92,1262,276,,1
1085,1520616778.612365,1,tracking-lost-essential-fallback,948,92,1262,240,,1
1086,1520616778.6623669,1,tracking-lost-essential-fallback,949,92,1262,268,,1
1087,1520616778.7123687,1,tracking-lost-essential-fallback,950,92,1262,223,,1
1088,1520616778.7623699,1,tracking-lost-essential-fallback,951,92,1262,255,,1
1089,1520616778.8105366,1,tracking-lost-essential-fallback,952,92,1262,115,,1
1090,1520616778.8605347,1,tracking-lost-essential-fallback,953,92,1262,142,,1
1091,1520616778.9105358,1,tracking-lost-essential-fallback,954,92,1262,158,,1
1092,1520616778.9605367,1,tracking-lost-essential-fallback,955,92,1262,134,,1
1093,1520616779.0105386,1,tracking-lost-essential-fallback,956,92,1262,203,,1
1094,1520616779.0605407,1,tracking-lost-essential-fallback,957,92,1262,164,,1
1095,1520616779.1105976,1,tracking-lost-essential-fallback,958,92,1262,225,,1
1096,1520616779.1605437,1,tracking-lost-essential-fallback,959,92,1262,195,,1
1097,1520616779.209789,1,tracking-lost-essential-fallback,960,92,1262,87,,1
1098,1520616779.259791,1,tracking-lost-essential-fallback,961,92,1262,102,,1
1099,1520616779.309792,1,tracking-lost-essential-fallback,962,92,1262,125,,1
1100,1520616779.359794,1,tracking-lost-essential-fallback,963,92,1262,118,,1
1101,1520616779.4097948,1,tracking-lost-essential-fallback,964,92,1262,106,,1
1102,1520616779.4597971,1,tracking-lost-essential-fallback,965,92,1262,118,,1
1103,1520616779.509799,1,tracking-lost-essential-fallback,966,92,1262,96,,1
1104,1520616779.5598,1,tracking-lost-essential-fallback,967,92,1262,90,,1
1105,1520616779.6095755,1,tracking-lost-const-vel,968,92,1262,,,1
1106,1520616779.6595764,1,tracking-lost-essential-fallback,969,92,1262,39,,1
1107,1520616779.7095783,1,tracking-lost-essential-fallback,970,92,1262,55,,1
1108,1520616779.7595794,1,tracking-lost-essential-fallback,971,92,1262,68,,1
1109,1520616779.8095815,1,tracking-lost-essential-fallback,972,92,1262,70,,1
1110,1520616779.8595834,1,tracking-lost-essential-fallback,973,92,1262,57,,1
1111,1520616779.9095845,1,tracking-lost-essential-fallback,974,92,1262,41,,1
1112,1520616779.9595864,1,tracking-lost-essential-fallback,975,92,1262,35,,1
1113,1520616780.0100648,1,tracking-lost-essential-fallback,976,92,1262,34,,1
1114,1520616780.0600657,1,tracking-lost-essential-fallback,977,92,1262,53,,1
1115,1520616780.1100678,1,tracking-lost-essential-fallback,978,92,1262,68,,1
1116,1520616780.1600688,1,tracking-lost-essential-fallback,979,92,1262,71,,1
1117,1520616780.2100706,1,tracking-lost-essential-fallback,980,92,1262,81,,1
1118,1520616780.2600718,1,tracking-lost-essential-fallback,981,92,1262,59,,1
1119,1520616780.3100736,1,tracking-lost-essential-fallback,982,92,1262,57,,1
1120,1520616780.3600745,1,tracking-lost-essential-fallback,983,92,1262,52,,1
1121,1520616780.4117856,1,tracking-lost-essential-fallback,984,92,1262,81,,1
1122,1520616780.4617865,1,tracking-lost-essential-fallback,985,92,1262,137,,1
1123,1520616780.5117886,1,tracking-lost-essential-fallback,986,92,1262,142,,1
1124,1520616780.5617905,1,tracking-lost-essential-fallback,987,92,1262,126,,1
1125,1520616780.6117914,1,tracking-lost-essential-fallback,988,92,1262,140,,1
1126,1520616780.6617963,1,tracking-lost-essential-fallback,989,92,1262,107,,1
1127,1520616780.7117946,1,tracking-lost-essential-fallback,990,92,1262,77,,1
1128,1520616780.7618756,1,tracking-lost-essential-fallback,991,92,1262,75,,1
1129,1520616780.8106604,1,tracking-lost-essential-fallback,992,92,1262,64,,1
1130,1520616780.8606627,1,tracking-lost-essential-fallback,993,92,1262,63,,1
1131,1520616780.9106636,1,tracking-lost-essential-fallback,994,92,1262,64,,1
1132,1520616780.9606655,1,tracking-lost-essential-fallback,995,92,1262,40,,1
1133,1520616781.0106666,1,tracking-lost-essential-fallback,996,92,1262,50,,1
1134,1520616781.0606685,1,tracking-lost-essential-fallback,997,92,1262,41,,1
1135,1520616781.1106708,1,tracking-lost-essential-fallback,998,92,1262,58,,1
1136,1520616781.1606715,1,tracking-lost-essential-fallback,999,92,1262,60,,1
1137,1520616781.2106736,1,tracking-lost-const-vel,1000,92,1262,,,1
1138,1520616781.2611089,1,tracking-lost-const-vel,1001,92,1262,,,1
1139,1520616781.3111107,1,tracking-lost-essential-fallback,1002,92,1262,48,,1
1140,1520616781.3611119,1,tracking-lost-essential-fallback,1003,92,1262,45,,1
1141,1520616781.4111137,1,tracking-lost-essential-fallback,1004,92,1262,35,,1
1142,1520616781.461116,1,tracking-lost-essential-fallback,1005,92,1262,45,,1
1143,1520616781.511117,1,tracking-lost-essential-fallback,1006,92,1262,59,,1
1144,1520616781.5611188,1,tracking-lost-essential-fallback,1007,92,1262,75,,1
1145,1520616781.61112,1,tracking-lost-essential-fallback,1008,92,1262,107,,1
1146,1520616781.6645362,1,tracking-lost-essential-fallback,1009,92,1262,138,,1
1147,1520616781.7145374,1,tracking-lost-essential-fallback,1010,92,1262,261,,1
1148,1520616781.7645402,1,tracking-lost-essential-fallback,1011,92,1262,261,,1
1149,1520616781.814541,1,tracking-lost-essential-fallback,1012,92,1262,253,,1
1150,1520616781.8645434,1,tracking-lost-essential-fallback,1013,92,1262,194,,1
1151,1520616781.914544,1,tracking-lost-essential-fallback,1014,92,1262,236,,1
1152,1520616781.9645455,1,tracking-lost-essential-fallback,1015,92,1262,227,,1
1153,1520616782.0145473,1,tracking-lost-essential-fallback,1016,92,1262,259,,1
1154,1520616782.0665803,1,tracking-lost-essential-fallback,1017,92,1262,157,,1
1155,1520616782.1165824,1,tracking-lost-essential-fallback,1018,92,1262,261,,1
1156,1520616782.1665845,1,tracking-lost-essential-fallback,1019,92,1262,184,,1
1157,1520616782.2165854,1,tracking-lost-essential-fallback,1020,92,1262,120,,1
1158,1520616782.2665875,1,tracking-lost-essential-fallback,1021,92,1262,100,,1
1159,1520616782.3165884,1,tracking-lost-essential-fallback,1022,92,1262,113,,1
1160,1520616782.3665903,1,tracking-lost-essential-fallback,1023,92,1262,102,,1
1161,1520616782.4166923,1,tracking-lost-essential-fallback,1024,92,1262,83,,1
1162,1520616782.4673119,1,tracking-lost-essential-fallback,1025,92,1262,107,,1
1163,1520616782.517313,1,tracking-lost-essential-fallback,1026,92,1262,111,,1
1164,1520616782.567315,1,tracking-lost-essential-fallback,1027,92,1262,120,,1
1165,1520616782.617316,1,tracking-lost-essential-fallback,1028,92,1262,114,,1
1166,1520616782.667318,1,tracking-lost-essential-fallback,1029,92,1262,122,,1
1167,1520616782.71732,1,tracking-lost-essential-fallback,1030,92,1262,108,,1
1168,1520616782.7673209,1,tracking-lost-essential-fallback,1031,92,1262,130,,1
1169,1520616782.8173232,1,tracking-lost-essential-fallback,1032,92,1262,126,,1
1170,1520616782.8683977,1,tracking-lost-essential-fallback,1033,92,1262,154,,1
1171,1520616782.9183996,1,tracking-lost-essential-fallback,1034,92,1262,150,,1
1172,1520616782.9684005,1,tracking-lost-essential-fallback,1035,92,1262,149,,1
1173,1520616783.0184026,1,tracking-lost-essential-fallback,1036,92,1262,121,,1
1174,1520616783.0684047,1,tracking-lost-essential-fallback,1037,92,1262,108,,1
1175,1520616783.1184056,1,tracking-lost-essential-fallback,1038,92,1262,131,,1
1176,1520616783.1684077,1,tracking-lost-essential-fallback,1039,92,1262,134,,1
1177,1520616783.2184086,1,tracking-lost-essential-fallback,1040,92,1262,90,,1
1178,1520616783.2684104,1,tracking-lost-essential-fallback,1041,92,1262,74,,1
1179,1520616783.3184116,1,tracking-lost-essential-fallback,1042,92,1262,94,,1
1180,1520616783.3684134,1,tracking-lost-essential-fallback,1043,92,1262,64,,1
1181,1520616783.4184144,1,tracking-lost-essential-fallback,1044,92,1262,58,,1
1182,1520616783.4684176,1,tracking-lost-const-vel,1045,92,1262,,,1
1183,1520616783.5184186,1,tracking-lost-essential-fallback,1046,92,1262,41,,1
1184,1520616783.5684195,1,tracking-lost-essential-fallback,1047,92,1262,87,,1
1185,1520616783.6184216,1,tracking-lost-essential-fallback,1048,92,1262,54,,1
1186,1520616783.6684234,1,tracking-lost-essential-fallback,1049,92,1262,65,,1
1187,1520616783.7184246,1,tracking-lost-essential-fallback,1050,92,1262,117,,1
1188,1520616783.7684267,1,tracking-lost-essential-fallback,1051,92,1262,85,,1
1189,1520616783.8184276,1,tracking-lost-essential-fallback,1052,92,1262,113,,1
1190,1520616783.8684297,1,tracking-lost-essential-fallback,1053,92,1262,177,,1
1191,1520616783.9184306,1,tracking-lost-essential-fallback,1054,92,1262,155,,1
1192,1520616783.9684324,1,tracking-lost-essential-fallback,1055,92,1262,176,,1
1193,1520616784.0184348,1,tracking-lost-essential-fallback,1056,92,1262,198,,1
1194,1520616784.0684357,1,tracking-lost-essential-fallback,1057,92,1262,189,,1
1195,1520616784.1184363,1,tracking-lost-essential-fallback,1058,92,1262,168,,1
1196,1520616784.1684387,1,tracking-lost-essential-fallback,1059,92,1262,177,,1
1197,1520616784.2184396,1,tracking-lost-essential-fallback,1060,92,1262,173,,1
1198,1520616784.2684414,1,tracking-lost-essential-fallback,1061,92,1262,127,,1
1199,1520616784.3184435,1,tracking-lost-essential-fallback,1062,92,1262,182,,1
1200,1520616784.3684444,1,tracking-lost-essential-fallback,1063,92,1262,244,,1
1201,1520616784.4184465,1,tracking-lost-essential-fallback,1064,92,1262,189,,1
1202,1520616784.4684477,1,tracking-lost-essential-fallback,1065,92,1262,184,,1
1203,1520616784.5182645,1,tracking-lost-essential-fallback,1066,92,1262,128,,1
1204,1520616784.5682652,1,tracking-lost-essential-fallback,1067,92,1262,155,,1
1205,1520616784.6182675,1,tracking-lost-essential-fallback,1068,92,1262,184,,1
1206,1520616784.6682694,1,tracking-lost-essential-fallback,1069,92,1262,136,,1
1207,1520616784.7182703,1,tracking-lost-essential-fallback,1070,92,1262,188,,1
1208,1520616784.7682724,1,tracking-lost-essential-fallback,1071,92,1262,109,,1
1209,1520616784.8182733,1,tracking-lost-essential-fallback,1072,92,1262,179,,1
1210,1520616784.8682754,1,tracking-lost-essential-fallback,1073,92,1262,119,,1
1211,1520616784.9184616,1,tracking-lost-essential-fallback,1074,92,1262,102,,1
1212,1520616784.9684634,1,tracking-lost-essential-fallback,1075,92,1262,173,,1
1213,1520616785.0184655,1,tracking-lost-essential-fallback,1076,92,1262,107,,1
1214,1520616785.0684664,1,tracking-lost-essential-fallback,1077,92,1262,85,,1
1215,1520616785.1184685,1,tracking-lost-essential-fallback,1078,92,1262,68,,1
1216,1520616785.1684697,1,tracking-lost-essential-fallback,1079,92,1262,55,,1
1217,1520616785.2184715,1,tracking-lost-essential-fallback,1080,92,1262,37,,1
1218,1520616785.2684734,1,tracking-lost-essential-fallback,1081,92,1262,33,,1
1219,1520616785.3184745,1,tracking-lost-essential-fallback,1082,92,1262,49,,1
1220,1520616785.3684766,1,tracking-lost-essential-fallback,1083,92,1262,54,,1
1221,1520616785.4184778,1,tracking-lost-essential-fallback,1084,92,1262,56,,1
1222,1520616785.4684796,1,tracking-lost-essential-fallback,1085,92,1262,75,,1
1223,1520616785.5184805,1,tracking-lost-essential-fallback,1086,92,1262,100,,1
1224,1520616785.5684826,1,tracking-lost-essential-fallback,1087,92,1262,150,,1
1225,1520616785.6184835,1,tracking-lost-essential-fallback,1088,92,1262,82,,1
1226,1520616785.6684854,1,tracking-lost-essential-fallback,1089,92,1262,95,,1
1227,1520616785.7184865,1,tracking-lost-essential-fallback,1090,92,1262,91,,1
1228,1520616785.7684886,1,tracking-lost-essential-fallback,1091,92,1262,134,,1
1229,1520616785.8184896,1,tracking-lost-essential-fallback,1092,92,1262,86,,1
1230,1520616785.8684916,1,tracking-lost-essential-fallback,1093,92,1262,74,,1
1231,1520616785.9184935,1,tracking-lost-essential-fallback,1094,92,1262,92,,1
1232,1520616785.9684944,1,tracking-lost-essential-fallback,1095,92,1262,98,,1
1233,1520616786.0184965,1,tracking-lost-essential-fallback,1096,92,1262,48,,1
1234,1520616786.0684974,1,tracking-lost-essential-fallback,1097,92,1262,57,,1
1235,1520616786.1184995,1,tracking-lost-essential-fallback,1098,92,1262,75,,1
1236,1520616786.1685007,1,tracking-lost-essential-fallback,1099,92,1262,172,,1
1237,1520616786.2185025,1,tracking-lost-essential-fallback,1100,92,1262,71,,1
1238,1520616786.2685046,1,tracking-lost-essential-fallback,1101,92,1262,63,,1
1239,1520616786.3185055,1,tracking-lost-essential-fallback,1102,92,1262,91,,1
1240,1520616786.3685074,1,tracking-lost-essential-fallback,1103,92,1262,84,,1
1241,1520616786.4185085,1,tracking-lost-essential-fallback,1104,92,1262,115,,1
1242,1520616786.4685106,1,tracking-lost-essential-fallback,1105,92,1262,50,,1
1243,1520616786.5185115,1,tracking-lost-essential-fallback,1106,92,1262,157,,1
1244,1520616786.5685136,1,tracking-lost-essential-fallback,1107,92,1262,204,,1
1245,1520616786.6185145,1,tracking-lost-essential-fallback,1108,92,1262,116,,1
1246,1520616786.6685164,1,tracking-lost-essential-fallback,1109,92,1262,166,,1
1247,1520616786.7185187,1,tracking-lost-essential-fallback,1110,92,1262,101,,1
1248,1520616786.7685206,1,tracking-lost-essential-fallback,1111,92,1262,149,,1
1249,1520616786.8185215,1,tracking-lost-essential-fallback,1112,92,1262,134,,1
1250,1520616786.8685236,1,tracking-lost-essential-fallback,1113,92,1262,98,,1
1251,1520616786.9185255,1,tracking-lost-essential-fallback,1114,92,1262,136,,1
1252,1520616786.9674377,1,tracking-lost-essential-fallback,1115,92,1262,87,,1
1253,1520616787.0174398,1,tracking-lost-essential-fallback,1116,92,1262,116,,1
1254,1520616787.0674448,1,tracking-lost-essential-fallback,1117,92,1262,213,,1
1255,1520616787.117442,1,tracking-lost-essential-fallback,1118,92,1262,100,,1
1256,1520616787.1674438,1,tracking-lost-essential-fallback,1119,92,1262,118,,1
1257,1520616787.2174456,1,tracking-lost-essential-fallback,1120,92,1262,107,,1
1258,1520616787.267447,1,tracking-lost-essential-fallback,1121,92,1262,146,,1
1259,1520616787.317463,1,tracking-lost-essential-fallback,1122,92,1262,90,,1
1260,1520616787.3658524,1,tracking-lost-essential-fallback,1123,92,1262,79,,1
1261,1520616787.4158533,1,tracking-lost-essential-fallback,1124,92,1262,92,,1
1262,1520616787.4658554,1,tracking-lost-essential-fallback,1125,92,1262,97,,1
1263,1520616787.5158572,1,tracking-lost-essential-fallback,1126,92,1262,93,,1
1264,1520616787.5658581,1,tracking-lost-essential-fallback,1127,92,1262,109,,1
1265,1520616787.6158602,1,tracking-lost-essential-fallback,1128,92,1262,113,,1
1266,1520616787.6658611,1,tracking-lost-essential-fallback,1129,92,1262,125,,1
1267,1520616787.7158632,1,tracking-lost-essential-fallback,1130,92,1262,101,,1
1268,1520616787.7641084,1,tracking-lost-essential-fallback,1131,92,1262,76,,1
1269,1520616787.8141103,1,tracking-lost-essential-fallback,1132,92,1262,122,,1
1270,1520616787.8641121,1,tracking-lost-essential-fallback,1133,92,1262,104,,1
1271,1520616787.9141133,1,tracking-lost-essential-fallback,1134,92,1262,144,,1
1272,1520616787.9641154,1,tracking-lost-essential-fallback,1135,92,1262,122,,1
1273,1520616788.0141163,1,tracking-lost-essential-fallback,1136,92,1262,169,,1
1274,1520616788.0641184,1,tracking-lost-essential-fallback,1137,92,1262,120,,1
1275,1520616788.1141202,1,tracking-lost-essential-fallback,1138,92,1262,133,,1
1276,1520616788.1641212,1,tracking-lost-essential-fallback,1139,92,1262,143,,1
1277,1520616788.2127373,1,tracking-lost-essential-fallback,1140,92,1262,108,,1
1278,1520616788.2627392,1,tracking-lost-essential-fallback,1141,92,1262,115,,1
1279,1520616788.3127425,1,tracking-lost-essential-fallback,1142,92,1262,128,,1
1280,1520616788.3627434,1,tracking-lost-essential-fallback,1143,92,1262,109,,1
1281,1520616788.4127443,1,tracking-lost-essential-fallback,1144,92,1262,128,,1
1282,1520616788.4627464,1,tracking-lost-essential-fallback,1145,92,1262,132,,1
1283,1520616788.5127473,1,tracking-lost-essential-fallback,1146,92,1262,135,,1
1284,1520616788.5627494,1,tracking-lost-essential-fallback,1147,92,1262,98,,1
1285,1520616788.6115565,1,tracking-lost-essential-fallback,1148,92,1262,61,,1
1286,1520616788.6615584,1,tracking-lost-essential-fallback,1149,92,1262,107,,1
1287,1520616788.7115593,1,tracking-lost-essential-fallback,1150,92,1262,99,,1
1288,1520616788.7615614,1,tracking-lost-essential-fallback,1151,92,1262,84,,1
1289,1520616788.8115633,1,tracking-lost-essential-fallback,1152,92,1262,110,,1
1290,1520616788.8615642,1,tracking-lost-essential-fallback,1153,92,1262,110,,1
1291,1520616788.9115653,1,tracking-lost-essential-fallback,1154,92,1262,126,,1
1292,1520616788.9616034,1,tracking-lost-essential-fallback,1155,92,1262,119,,1
1293,1520616789.0109043,1,tracking-lost-essential-fallback,1156,92,1262,93,,1
1294,1520616789.0609052,1,tracking-lost-essential-fallback,1157,92,1262,112,,1
1295,1520616789.1109076,1,tracking-lost-essential-fallback,1158,92,1262,110,,1
1296,1520616789.1609085,1,tracking-lost-essential-fallback,1159,92,1262,91,,1
1297,1520616789.2109103,1,tracking-lost-essential-fallback,1160,92,1262,93,,1
1298,1520616789.2609115,1,tracking-lost-essential-fallback,1161,92,1262,98,,1
1299,1520616789.3109133,1,tracking-lost-essential-fallback,1162,92,1262,95,,1
1300,1520616789.3609142,1,tracking-lost-essential-fallback,1163,92,1262,65,,1
1301,1520616789.411003,1,tracking-lost-essential-fallback,1164,92,1262,62,,1
1302,1520616789.4610052,1,tracking-lost-essential-fallback,1165,92,1262,83,,1
1303,1520616789.5110064,1,tracking-lost-essential-fallback,1166,92,1262,59,,1
1304,1520616789.5610082,1,tracking-lost-essential-fallback,1167,92,1262,66,,1
1305,1520616789.6110091,1,tracking-lost-essential-fallback,1168,92,1262,60,,1
1306,1520616789.6610112,1,tracking-lost-essential-fallback,1169,92,1262,52,,1
1307,1520616789.7110121,1,tracking-lost-essential-fallback,1170,92,1262,66,,1
1308,1520616789.7610142,1,tracking-lost-essential-fallback,1171,92,1262,51,,1
1309,1520616789.8122199,1,tracking-lost-essential-fallback,1172,92,1262,47,,1
1310,1520616789.8622217,1,tracking-lost-essential-fallback,1173,92,1262,110,,1
1311,1520616789.9122236,1,tracking-lost-essential-fallback,1174,92,1262,100,,1
1312,1520616789.9622247,1,tracking-lost-essential-fallback,1175,92,1262,115,,1
1313,1520616790.0122278,1,tracking-lost-essential-fallback,1176,92,1262,134,,1
1314,1520616790.0622287,1,tracking-lost-essential-fallback,1177,92,1262,147,,1
1315,1520616790.1122298,1,tracking-lost-essential-fallback,1178,92,1262,130,,1
1316,1520616790.1622317,1,tracking-lost-essential-fallback,1179,92,1262,166,,1
1317,1520616790.212307,1,tracking-lost-essential-fallback,1180,92,1262,142,,1
1318,1520616790.262308,1,tracking-lost-essential-fallback,1181,92,1262,138,,1
1319,1520616790.3123088,1,tracking-lost-essential-fallback,1182,92,1262,214,,1
1320,1520616790.3623111,1,tracking-lost-essential-fallback,1183,92,1262,206,,1
1321,1520616790.412313,1,tracking-lost-essential-fallback,1184,92,1262,170,,1
1322,1520616790.462314,1,tracking-lost-essential-fallback,1185,92,1262,129,,1
1323,1520616790.512316,1,tracking-lost-essential-fallback,1186,92,1262,180,,1
1324,1520616790.562317,1,tracking-lost-essential-fallback,1187,92,1262,180,,1
1325,1520616790.612378,1,tracking-lost-essential-fallback,1188,92,1262,226,,1
1326,1520616790.6609895,1,tracking-lost-essential-fallback,1189,92,1262,83,,1
1327,1520616790.7109916,1,tracking-lost-essential-fallback,1190,92,1262,116,,1
1328,1520616790.7609925,1,tracking-lost-essential-fallback,1191,92,1262,84,,1
1329,1520616790.8109946,1,tracking-lost-essential-fallback,1192,92,1262,164,,1
1330,1520616790.8609958,1,tracking-lost-essential-fallback,1193,92,1262,163,,1
1331,1520616790.9109976,1,tracking-lost-essential-fallback,1194,92,1262,104,,1
1332,1520616790.9609985,1,tracking-lost-essential-fallback,1195,92,1262,203,,1
1333,1520616791.0110006,1,tracking-lost-essential-fallback,1196,92,1262,131,,1
1334,1520616791.0604112,1,tracking-lost-essential-fallback,1197,92,1262,106,,1
1335,1520616791.1104121,1,tracking-lost-essential-fallback,1198,92,1262,181,,1
1336,1520616791.160414,1,tracking-lost-essential-fallback,1199,92,1262,174,,1
1337,1520616791.2104151,1,tracking-lost-essential-fallback,1200,92,1262,117,,1
1338,1520616791.2604172,1,tracking-lost-essential-fallback,1201,92,1262,126,,1
1339,1520616791.3104181,1,tracking-lost-essential-fallback,1202,92,1262,146,,1
1340,1520616791.3604202,1,tracking-lost-essential-fallback,1203,92,1262,128,,1
1341,1520616791.410422,1,tracking-lost-essential-fallback,1204,92,1262,188,,1
1342,1520616791.4600582,1,tracking-lost-essential-fallback,1205,92,1262,117,,1
1343,1520616791.5100603,1,tracking-lost-essential-fallback,1206,92,1262,141,,1
1344,1520616791.5600624,1,tracking-lost-essential-fallback,1207,92,1262,122,,1
1345,1520616791.6100636,1,tracking-lost-essential-fallback,1208,92,1262,108,,1
1346,1520616791.6600654,1,tracking-lost-essential-fallback,1209,92,1262,86,,1
1347,1520616791.7100663,1,tracking-lost-essential-fallback,1210,92,1262,112,,1
1348,1520616791.7600684,1,tracking-lost-essential-fallback,1211,92,1262,103,,1
1349,1520616791.8100693,1,tracking-lost-essential-fallback,1212,92,1262,81,,1
1350,1520616791.860033,1,tracking-lost-essential-fallback,1213,92,1262,95,,1
1351,1520616791.9100351,1,tracking-lost-essential-fallback,1214,92,1262,97,,1
1352,1520616791.9600363,1,tracking-lost-essential-fallback,1215,92,1262,99,,1
1353,1520616792.0100381,1,tracking-lost-essential-fallback,1216,92,1262,81,,1
1354,1520616792.060043,1,tracking-lost-essential-fallback,1217,92,1262,84,,1
1355,1520616792.1100402,1,tracking-lost-essential-fallback,1218,92,1262,87,,1
1356,1520616792.1600473,1,tracking-lost-essential-fallback,1219,92,1262,77,,1
1357,1520616792.210044,1,tracking-lost-essential-fallback,1220,92,1262,70,,1
1358,1520616792.26023,1,tracking-lost-essential-fallback,1221,92,1262,112,,1
1359,1520616792.310152,1,tracking-lost-essential-fallback,1222,92,1262,119,,1
1360,1520616792.3601532,1,tracking-lost-essential-fallback,1223,92,1262,99,,1
1361,1520616792.410155,1,tracking-lost-essential-fallback,1224,92,1262,48,,1
1362,1520616792.460156,1,tracking-lost-essential-fallback,1225,92,1262,85,,1
1363,1520616792.510158,1,tracking-lost-essential-fallback,1226,92,1262,49,,1
1364,1520616792.560159,1,tracking-lost-essential-fallback,1227,92,1262,39,,1
1365,1520616792.610161,1,tracking-lost-essential-fallback,1228,92,1262,33,,1
1366,1520616792.6601632,1,tracking-lost-essential-fallback,1229,92,1262,59,,1
1367,1520616792.7102714,1,tracking-lost-essential-fallback,1230,92,1262,77,,1
1368,1520616792.7602732,1,tracking-lost-essential-fallback,1231,92,1262,66,,1
1369,1520616792.8102744,1,tracking-lost-essential-fallback,1232,92,1262,76,,1
1370,1520616792.8602762,1,tracking-lost-essential-fallback,1233,92,1262,68,,1
1371,1520616792.9102774,1,tracking-lost-essential-fallback,1234,92,1262,62,,1
1372,1520616792.9602795,1,tracking-lost-essential-fallback,1235,92,1262,60,,1
1373,1520616793.0102804,1,tracking-lost-essential-fallback,1236,92,1262,53,,1
1374,1520616793.0602825,1,tracking-lost-essential-fallback,1237,92,1262,57,,1
1375,1520616793.1104116,1,tracking-lost-essential-fallback,1238,92,1262,69,,1
1376,1520616793.1604125,1,tracking-lost-const-vel,1239,92,1262,,,1
1377,1520616793.2104146,1,tracking-lost-essential-fallback,1240,92,1262,48,,1
1378,1520616793.2604165,1,tracking-lost-essential-fallback,1241,92,1262,55,,1
1379,1520616793.3104186,1,tracking-lost-essential-fallback,1242,92,1262,80,,1
1380,1520616793.3604198,1,tracking-lost-essential-fallback,1243,92,1262,74,,1
1381,1520616793.4104216,1,tracking-lost-essential-fallback,1244,92,1262,87,,1
1382,1520616793.4604225,1,tracking-lost-essential-fallback,1245,92,1262,36,,1
1383,1520616793.5105104,1,tracking-lost-essential-fallback,1246,92,1262,68,,1
1384,1520616793.5605123,1,tracking-lost-essential-fallback,1247,92,1262,82,,1
1385,1520616793.6105146,1,tracking-lost-essential-fallback,1248,92,1262,60,,1
1386,1520616793.6605153,1,tracking-lost-essential-fallback,1249,92,1262,60,,1
1387,1520616793.7105167,1,tracking-lost-const-vel,1250,92,1262,,,1
1388,1520616793.7605186,1,tracking-lost-essential-fallback,1251,92,1262,38,,1
1389,1520616793.8105204,1,tracking-lost-essential-fallback,1252,92,1262,70,,1
1390,1520616793.8605216,1,tracking-lost-essential-fallback,1253,92,1262,39,,1
1391,1520616793.910856,1,tracking-lost-essential-fallback,1254,92,1262,50,,1
1392,1520616793.960753,1,tracking-lost-essential-fallback,1255,92,1262,99,,1
1393,1520616794.0107548,1,tracking-lost-essential-fallback,1256,92,1262,82,,1
1394,1520616794.060756,1,tracking-lost-essential-fallback,1257,92,1262,118,,1
1395,1520616794.110758,1,tracking-lost-essential-fallback,1258,92,1262,107,,1
1396,1520616794.1607592,1,tracking-lost-essential-fallback,1259,92,1262,140,,1
1397,1520616794.210761,1,tracking-lost-essential-fallback,1260,92,1262,138,,1
1398,1520616794.260763,1,tracking-lost-essential-fallback,1261,92,1262,193,,1
1399,1520616794.3107119,1,tracking-lost-essential-fallback,1262,92,1262,179,,1
1400,1520616794.3607142,1,tracking-lost-essential-fallback,1263,92,1262,184,,1
1401,1520616794.4107149,1,tracking-lost-essential-fallback,1264,92,1262,194,,1
1402,1520616794.460717,1,tracking-lost-essential-fallback,1265,92,1262,197,,1
1403,1520616794.510718,1,tracking-lost-essential-fallback,1266,92,1262,200,,1
1404,1520616794.56072,1,tracking-lost-essential-fallback,1267,92,1262,237,,1
1405,1520616794.6107209,1,tracking-lost-essential-fallback,1268,92,1262,217,,1
1406,1520616794.660723,1,tracking-lost-essential-fallback,1269,92,1262,226,,1
1407,1520616794.7104244,1,tracking-lost-essential-fallback,1270,92,1262,201,,1
1408,1520616794.7604256,1,tracking-lost-essential-fallback,1271,92,1262,190,,1
1409,1520616794.8104274,1,tracking-lost-essential-fallback,1272,92,1262,152,,1
1410,1520616794.8604283,1,tracking-lost-essential-fallback,1273,92,1262,143,,1
1411,1520616794.9104307,1,tracking-lost-essential-fallback,1274,92,1262,150,,1
1412,1520616794.9604325,1,tracking-lost-essential-fallback,1275,92,1262,130,,1
1413,1520616795.0104344,1,tracking-lost-essential-fallback,1276,92,1262,170,,1
1414,1520616795.0604355,1,tracking-lost-essential-fallback,1277,92,1262,141,,1
1415,1520616795.1104364,1,tracking-lost-essential-fallback,1278,92,1262,150,,1
1416,1520616795.1603248,1,tracking-lost-essential-fallback,1279,92,1262,174,,1
1417,1520616795.2103267,1,tracking-lost-essential-fallback,1280,92,1262,164,,1
1418,1520616795.2603278,1,tracking-lost-essential-fallback,1281,92,1262,116,,1
1419,1520616795.3103297,1,tracking-lost-essential-fallback,1282,92,1262,136,,1
1420,1520616795.3603306,1,tracking-lost-essential-fallback,1283,92,1262,135,,1
1421,1520616795.4103327,1,tracking-lost-essential-fallback,1284,92,1262,139,,1
1422,1520616795.4603336,1,tracking-lost-essential-fallback,1285,92,1262,92,,1
1423,1520616795.5103397,1,tracking-lost-essential-fallback,1286,92,1262,65,,1
1424,1520616795.560232,1,tracking-lost-essential-fallback,1287,92,1262,58,,1
1425,1520616795.610234,1,tracking-lost-essential-fallback,1288,92,1262,40,,1
1426,1520616795.660235,1,tracking-lost-essential-fallback,1289,92,1262,37,,1
1427,1520616795.710237,1,tracking-lost-essential-fallback,1290,92,1262,92,,1
1428,1520616795.760238,1,tracking-lost-essential-fallback,1291,92,1262,59,,1
1429,1520616795.8102398,1,tracking-lost-essential-fallback,1292,92,1262,46,,1
1430,1520616795.8602421,1,tracking-lost-essential-fallback,1293,92,1262,62,,1
1431,1520616795.9102428,1,tracking-lost-essential-fallback,1294,92,1262,42,,1
1432,1520616795.9603212,1,tracking-lost-essential-fallback,1295,92,1262,97,,1
1433,1520616796.0103223,1,tracking-lost-essential-fallback,1296,92,1262,125,,1
1434,1520616796.0603242,1,tracking-lost-essential-fallback,1297,92,1262,37,,1
1435,1520616796.1103253,1,tracking-lost-essential-fallback,1298,92,1262,47,,1
1436,1520616796.1603272,1,tracking-lost-essential-fallback,1299,92,1262,57,,1
1437,1520616796.2103293,1,tracking-lost-essential-fallback,1300,92,1262,48,,1
1438,1520616796.2603304,1,tracking-lost-essential-fallback,1301,92,1262,33,,1
1439,1520616796.3103323,1,tracking-lost-essential-fallback,1302,92,1262,38,,1
1440,1520616796.3603547,1,tracking-lost-essential-fallback,1303,92,1262,47,,1
1441,1520616796.4103568,1,tracking-lost-essential-fallback,1304,92,1262,66,,1
1442,1520616796.4603577,1,tracking-lost-essential-fallback,1305,92,1262,80,,1
1443,1520616796.5103598,1,tracking-lost-essential-fallback,1306,92,1262,54,,1
1444,1520616796.5603619,1,tracking-lost-essential-fallback,1307,92,1262,62,,1
1445,1520616796.6103628,1,tracking-lost-essential-fallback,1308,92,1262,75,,1
1446,1520616796.6603646,1,tracking-lost-essential-fallback,1309,92,1262,85,,1
1447,1520616796.7103667,1,tracking-lost-essential-fallback,1310,92,1262,123,,1
1448,1520616796.7605379,1,tracking-lost-essential-fallback,1311,92,1262,125,,1
1449,1520616796.810539,1,tracking-lost-essential-fallback,1312,92,1262,126,,1
1450,1520616796.860541,1,tracking-lost-essential-fallback,1313,92,1262,147,,1
1451,1520616796.910542,1,tracking-lost-essential-fallback,1314,92,1262,117,,1
1452,1520616796.960544,1,tracking-lost-essential-fallback,1315,92,1262,98,,1
1453,1520616797.010546,1,tracking-lost-essential-fallback,1316,92,1262,121,,1
1454,1520616797.0605469,1,tracking-lost-essential-fallback,1317,92,1262,87,,1
1455,1520616797.110549,1,tracking-lost-essential-fallback,1318,92,1262,78,,1
1456,1520616797.1605434,1,tracking-lost-essential-fallback,1319,92,1262,74,,1
1457,1520616797.2105453,1,tracking-lost-essential-fallback,1320,92,1262,89,,1
1458,1520616797.2605462,1,tracking-lost-essential-fallback,1321,92,1262,74,,1
1459,1520616797.3105483,1,tracking-lost-essential-fallback,1322,92,1262,63,,1
1460,1520616797.3605492,1,tracking-lost-essential-fallback,1323,92,1262,48,,1
1461,1520616797.410551,1,tracking-lost-essential-fallback,1324,92,1262,66,,1
1462,1520616797.4605534,1,tracking-lost-essential-fallback,1325,92,1262,38,,1
1463,1520616797.5105543,1,tracking-lost-essential-fallback,1326,92,1262,77,,1
1464,1520616797.5605562,1,tracking-lost-essential-fallback,1327,92,1262,70,,1
1465,1520616797.6106625,1,tracking-lost-essential-fallback,1328,92,1262,59,,1
1466,1520616797.6606646,1,tracking-lost-essential-fallback,1329,92,1262,39,,1
1467,1520616797.7106655,1,tracking-lost-essential-fallback,1330,92,1262,51,,1
1468,1520616797.7606676,1,tracking-lost-essential-fallback,1331,92,1262,34,,1
1469,1520616797.8106687,1,tracking-lost-const-vel,1332,92,1262,,,1
1470,1520616797.8606706,1,tracking-lost-const-vel,1333,92,1262,,,1
1471,1520616797.9106724,1,tracking-lost-const-vel,1334,92,1262,,,1
1472,1520616797.9606736,1,tracking-lost-const-vel,1335,92,1262,,,1
1473,1520616798.0124664,1,tracking-lost-const-vel,1336,92,1262,,,1
1474,1520616798.0624676,1,tracking-lost-essential-fallback,1337,92,1262,43,,1
1475,1520616798.1124697,1,tracking-lost-essential-fallback,1338,92,1262,32,,1
1476,1520616798.1624715,1,tracking-lost-essential-fallback,1339,92,1262,52,,1
1477,1520616798.2124734,1,tracking-lost-essential-fallback,1340,92,1262,51,,1
1478,1520616798.2624745,1,tracking-lost-essential-fallback,1341,92,1262,70,,1
1479,1520616798.3124754,1,tracking-lost-essential-fallback,1342,92,1262,72,,1
1480,1520616798.3624778,1,tracking-lost-essential-fallback,1343,92,1262,90,,1
1481,1520616798.4129202,1,tracking-lost-essential-fallback,1344,92,1262,125,,1
1482,1520616798.462923,1,tracking-lost-essential-fallback,1345,92,1262,132,,1
1483,1520616798.5129232,1,tracking-lost-essential-fallback,1346,92,1262,129,,1
1484,1520616798.5629282,1,tracking-lost-essential-fallback,1347,92,1262,85,,1
1485,1520616798.612926,1,tracking-lost-essential-fallback,1348,92,1262,117,,1
1486,1520616798.6629272,1,tracking-lost-essential-fallback,1349,92,1262,133,,1
1487,1520616798.712929,1,tracking-lost-essential-fallback,1350,92,1262,96,,1
1488,1520616798.76293,1,tracking-lost-essential-fallback,1351,92,1262,103,,1
1489,1520616798.8126948,1,tracking-lost-essential-fallback,1352,92,1262,78,,1
1490,1520616798.8626788,1,tracking-lost-essential-fallback,1353,92,1262,80,,1
1491,1520616798.9126809,1,tracking-lost-essential-fallback,1354,92,1262,73,,1
1492,1520616798.9626818,1,tracking-lost-essential-fallback,1355,92,1262,102,,1
1493,1520616799.0126839,1,tracking-lost-essential-fallback,1356,92,1262,75,,1
1494,1520616799.0626857,1,tracking-lost-essential-fallback,1357,92,1262,85,,1
1495,1520616799.1126866,1,tracking-lost-essential-fallback,1358,92,1262,80,,1
1496,1520616799.162689,1,tracking-lost-essential-fallback,1359,92,1262,77,,1
1497,1520616799.2133036,1,tracking-lost-essential-fallback,1360,92,1262,104,,1
1498,1520616799.263306,1,tracking-lost-essential-fallback,1361,92,1262,130,,1
1499,1520616799.3133068,1,tracking-lost-essential-fallback,1362,92,1262,132,,1
1500,1520616799.3633087,1,tracking-lost-essential-fallback,1363,92,1262,137,,1
1501,1520616799.4133098,1,tracking-lost-essential-fallback,1364,92,1262,102,,1
1502,1520616799.4633117,1,tracking-lost-essential-fallback,1365,92,1262,175,,1
1503,1520616799.5133135,1,tracking-lost-essential-fallback,1366,92,1262,130,,1
1504,1520616799.5633147,1,tracking-lost-essential-fallback,1367,92,1262,181,,1
1505,1520616799.6133168,1,tracking-lost-essential-fallback,1368,92,1262,132,,1
1506,1520616799.6619904,1,tracking-lost-essential-fallback,1369,92,1262,133,,1
1507,1520616799.7119915,1,tracking-lost-essential-fallback,1370,92,1262,189,,1
1508,1520616799.7619936,1,tracking-lost-essential-fallback,1371,92,1262,147,,1
1509,1520616799.8119946,1,tracking-lost-essential-fallback,1372,92,1262,89,,1
1510,1520616799.8619967,1,tracking-lost-essential-fallback,1373,92,1262,160,,1
1511,1520616799.9119985,1,tracking-lost-essential-fallback,1374,92,1262,123,,1
1512,1520616799.9619994,1,tracking-lost-essential-fallback,1375,92,1262,120,,1
1513,1520616800.0120015,1,tracking-lost-essential-fallback,1376,92,1262,121,,1
1514,1520616800.0610883,1,tracking-lost-essential-fallback,1377,92,1262,134,,1
1515,1520616800.1110892,1,tracking-lost-essential-fallback,1378,92,1262,91,,1
1516,1520616800.1610913,1,tracking-lost-essential-fallback,1379,92,1262,137,,1
1517,1520616800.2110934,1,tracking-lost-essential-fallback,1380,92,1262,86,,1
1518,1520616800.2610953,1,tracking-lost-essential-fallback,1381,92,1262,59,,1
1519,1520616800.3110964,1,tracking-lost-essential-fallback,1382,92,1262,105,,1
1520,1520616800.3610973,1,tracking-lost-essential-fallback,1383,92,1262,110,,1
1521,1520616800.4110992,1,tracking-lost-essential-fallback,1384,92,1262,140,,1
1522,1520616800.460902,1,tracking-lost-essential-fallback,1385,92,1262,114,,1
1523,1520616800.510864,1,tracking-lost-essential-fallback,1386,92,1262,118,,1
1524,1520616800.5608652,1,tracking-lost-essential-fallback,1387,92,1262,127,,1
1525,1520616800.610867,1,tracking-lost-essential-fallback,1388,92,1262,105,,1
1526,1520616800.660869,1,tracking-lost-essential-fallback,1389,92,1262,115,,1
1527,1520616800.71087,1,tracking-lost-essential-fallback,1390,92,1262,112,,1
1528,1520616800.7608721,1,tracking-lost-essential-fallback,1391,92,1262,113,,1
1529,1520616800.8108733,1,tracking-lost-essential-fallback,1392,92,1262,104,,1
1530,1520616800.8606262,1,tracking-lost-essential-fallback,1393,92,1262,72,,1
1531,1520616800.9106274,1,tracking-lost-essential-fallback,1394,92,1262,93,,1
1532,1520616800.9606292,1,tracking-lost-essential-fallback,1395,92,1262,69,,1
1533,1520616801.0106301,1,tracking-lost-essential-fallback,1396,92,1262,109,,1
1534,1520616801.0606325,1,tracking-lost-essential-fallback,1397,92,1262,102,,1
1535,1520616801.1106343,1,tracking-lost-essential-fallback,1398,92,1262,101,,1
1536,1520616801.1606352,1,tracking-lost-essential-fallback,1399,92,1262,119,,1
1537,1520616801.2106373,1,tracking-lost-essential-fallback,1400,92,1262,127,,1
1538,1520616801.2603428,1,tracking-lost-essential-fallback,1401,92,1262,82,,1
1539,1520616801.310344,1,tracking-lost-essential-fallback,1402,92,1262,71,,1
1540,1520616801.360345,1,tracking-lost-essential-fallback,1403,92,1262,90,,1
1541,1520616801.4103467,1,tracking-lost-essential-fallback,1404,92,1262,97,,1
1542,1520616801.460349,1,tracking-lost-essential-fallback,1405,92,1262,96,,1
1543,1520616801.51035,1,tracking-lost-essential-fallback,1406,92,1262,98,,1
1544,1520616801.5603528,1,tracking-lost-essential-fallback,1407,92,1262,54,,1
1545,1520616801.610354,1,tracking-lost-essential-fallback,1408,92,1262,43,,1
1546,1520616801.6603174,1,tracking-lost-essential-fallback,1409,92,1262,58,,1
1547,1520616801.7103195,1,tracking-lost-essential-fallback,1410,92,1262,64,,1
1548,1520616801.7603214,1,tracking-lost-essential-fallback,1411,92,1262,77,,1
1549,1520616801.8103225,1,tracking-lost-essential-fallback,1412,92,1262,70,,1
1550,1520616801.8603234,1,tracking-lost-essential-fallback,1413,92,1262,61,,1
1551,1520616801.9103255,1,tracking-lost-essential-fallback,1414,92,1262,62,,1
1552,1520616801.9603264,1,tracking-lost-const-vel,1415,92,1262,,,1
1553,1520616802.0103285,1,tracking-lost-essential-fallback,1416,92,1262,45,,1
1554,1520616802.0603297,1,tracking-lost-essential-fallback,1417,92,1262,53,,1
1555,1520616802.1105335,1,tracking-lost-essential-fallback,1418,92,1262,37,,1
1556,1520616802.1604714,1,tracking-lost-essential-fallback,1419,92,1262,36,,1
1557,1520616802.2104733,1,tracking-lost-essential-fallback,1420,92,1262,33,,1
1558,1520616802.2604752,1,tracking-lost-essential-fallback,1421,92,1262,33,,1
1559,1520616802.3104763,1,tracking-lost-essential-fallback,1422,92,1262,32,,1
1560,1520616802.3604784,1,tracking-lost-essential-fallback,1423,92,1262,71,,1
1561,1520616802.4104795,1,tracking-lost-essential-fallback,1424,92,1262,63,,1
1562,1520616802.4604814,1,tracking-lost-essential-fallback,1425,92,1262,58,,1
1563,1520616802.510608,1,tracking-lost-const-vel,1426,92,1262,,,1
1564,1520616802.56061,1,tracking-lost-essential-fallback,1427,92,1262,49,,1
1565,1520616802.610611,1,tracking-lost-essential-fallback,1428,92,1262,77,,1
1566,1520616802.660613,1,tracking-lost-essential-fallback,1429,92,1262,102,,1
1567,1520616802.7106152,1,tracking-lost-essential-fallback,1430,92,1262,77,,1
1568,1520616802.760616,1,tracking-lost-essential-fallback,1431,92,1262,82,,1
1569,1520616802.810618,1,tracking-lost-essential-fallback,1432,92,1262,68,,1
1570,1520616802.860619,1,tracking-lost-essential-fallback,1433,92,1262,87,,1
1571,1520616802.9111192,1,tracking-lost-essential-fallback,1434,92,1262,75,,1
1572,1520616802.9611201,1,tracking-lost-essential-fallback,1435,92,1262,123,,1
1573,1520616803.0111222,1,tracking-lost-essential-fallback,1436,92,1262,84,,1
1574,1520616803.061124,1,tracking-lost-essential-fallback,1437,92,1262,89,,1
1575,1520616803.1111262,1,tracking-lost-essential-fallback,1438,92,1262,77,,1
1576,1520616803.1611273,1,tracking-lost-essential-fallback,1439,92,1262,74,,1
1577,1520616803.2111282,1,tracking-lost-essential-fallback,1440,92,1262,78,,1
1578,1520616803.2611303,1,tracking-lost-essential-fallback,1441,92,1262,109,,1
1579,1520616803.3115256,1,tracking-lost-essential-fallback,1442,92,1262,151,,1
1580,1520616803.3615274,1,tracking-lost-essential-fallback,1443,92,1262,124,,1
1581,1520616803.4115283,1,tracking-lost-essential-fallback,1444,92,1262,121,,1
1582,1520616803.4615295,1,tracking-lost-essential-fallback,1445,92,1262,178,,1
1583,1520616803.5115314,1,tracking-lost-essential-fallback,1446,92,1262,126,,1
1584,1520616803.5615332,1,tracking-lost-essential-fallback,1447,92,1262,180,,1
1585,1520616803.6115344,1,tracking-lost-essential-fallback,1448,92,1262,158,,1
1586,1520616803.6615365,1,tracking-lost-essential-fallback,1449,92,1262,171,,1
1587,1520616803.7108722,1,tracking-lost-essential-fallback,1450,92,1262,134,,1
1588,1520616803.760961,1,tracking-lost-essential-fallback,1451,92,1262,133,,1
1589,1520616803.810875,1,tracking-lost-essential-fallback,1452,92,1262,190,,1
1590,1520616803.860877,1,tracking-lost-essential-fallback,1453,92,1262,156,,1
1591,1520616803.910878,1,tracking-lost-essential-fallback,1454,92,1262,171,,1
1592,1520616803.96088,1,tracking-lost-essential-fallback,1455,92,1262,139,,1
1593,1520616804.0108812,1,tracking-lost-essential-fallback,1456,92,1262,115,,1
1594,1520616804.060883,1,tracking-lost-essential-fallback,1457,92,1262,128,,1
1595,1520616804.110661,1,tracking-lost-essential-fallback,1458,92,1262,111,,1
1596,1520616804.1606631,1,tracking-lost-essential-fallback,1459,92,1262,110,,1
1597,1520616804.210664,1,tracking-lost-essential-fallback,1460,92,1262,85,,1
1598,1520616804.260666,1,tracking-lost-essential-fallback,1461,92,1262,84,,1
1599,1520616804.3106682,1,tracking-lost-essential-fallback,1462,92,1262,82,,1
1600,1520616804.3606691,1,tracking-lost-essential-fallback,1463,92,1262,87,,1
1601,1520616804.410671,1,tracking-lost-essential-fallback,1464,92,1262,91,,1
1602,1520616804.460673,1,tracking-lost-essential-fallback,1465,92,1262,67,,1
1603,1520616804.510674,1,tracking-lost-essential-fallback,1466,92,1262,76,,1
1604,1520616804.5609655,1,tracking-lost-essential-fallback,1467,92,1262,55,,1
1605,1520616804.6109674,1,tracking-lost-essential-fallback,1468,92,1262,72,,1
1606,1520616804.6609695,1,tracking-lost-essential-fallback,1469,92,1262,79,,1
1607,1520616804.7109704,1,tracking-lost-essential-fallback,1470,92,1262,35,,1
1608,1520616804.7609725,1,tracking-lost-essential-fallback,1471,92,1262,83,,1
1609,1520616804.8109746,1,tracking-lost-essential-fallback,1472,92,1262,48,,1
1610,1520616804.8609755,1,tracking-lost-const-vel,1473,92,1262,,,1
1611,1520616804.9109774,1,tracking-lost-const-vel,1474,92,1262,,,1
1612,1520616804.961273,1,tracking-lost-essential-fallback,1475,92,1262,70,,1
1613,1520616805.011274,1,tracking-lost-essential-fallback,1476,92,1262,60,,1
1614,1520616805.061275,1,tracking-lost-essential-fallback,1477,92,1262,92,,1
1615,1520616805.111277,1,tracking-lost-essential-fallback,1478,92,1262,85,,1
1616,1520616805.161279,1,tracking-lost-essential-fallback,1479,92,1262,66,,1
1617,1520616805.2112799,1,tracking-lost-essential-fallback,1480,92,1262,34,,1
1618,1520616805.261281,1,tracking-lost-essential-fallback,1481,92,1262,32,,1
1619,1520616805.311283,1,tracking-lost-essential-fallback,1482,92,1262,34,,1
1620,1520616805.3614807,1,tracking-lost-essential-fallback,1483,92,1262,63,,1
1621,1520616805.4114816,1,tracking-lost-essential-fallback,1484,92,1262,87,,1
1622,1520616805.461484,1,tracking-lost-essential-fallback,1485,92,1262,46,,1
1623,1520616805.5114849,1,tracking-lost-essential-fallback,1486,92,1262,43,,1
1624,1520616805.5614867,1,tracking-lost-essential-fallback,1487,92,1262,61,,1
1625,1520616805.6114879,1,tracking-lost-essential-fallback,1488,92,1262,68,,1
1626,1520616805.6614897,1,tracking-lost-essential-fallback,1489,92,1262,70,,1
1627,1520616805.7114906,1,tracking-lost-essential-fallback,1490,92,1262,53,,1
1628,1520616805.761116,1,tracking-lost-essential-fallback,1491,92,1262,60,,1
1629,1520616805.811117,1,tracking-lost-essential-fallback,1492,92,1262,76,,1
1630,1520616805.8611188,1,tracking-lost-essential-fallback,1493,92,1262,100,,1
1631,1520616805.911121,1,tracking-lost-essential-fallback,1494,92,1262,101,,1
1632,1520616805.9611218,1,tracking-lost-essential-fallback,1495,92,1262,85,,1
1633,1520616806.011124,1,tracking-lost-essential-fallback,1496,92,1262,53,,1
1634,1520616806.061125,1,tracking-lost-essential-fallback,1497,92,1262,95,,1
1635,1520616806.111127,1,tracking-lost-essential-fallback,1498,92,1262,89,,1
1636,1520616806.1608434,1,tracking-lost-essential-fallback,1499,92,1262,97,,1
1637,1520616806.2108452,1,tracking-lost-essential-fallback,1500,92,1262,124,,1
1638,1520616806.2608476,1,tracking-lost-essential-fallback,1501,92,1262,105,,1
1639,1520616806.3108482,1,tracking-lost-essential-fallback,1502,92,1262,133,,1
1640,1520616806.3608503,1,tracking-lost-essential-fallback,1503,92,1262,94,,1
1641,1520616806.4108524,1,tracking-lost-essential-fallback,1504,92,1262,130,,1
1642,1520616806.4608543,1,tracking-lost-essential-fallback,1505,92,1262,106,,1
1643,1520616806.5108552,1,tracking-lost-essential-fallback,1506,92,1262,87,,1
1644,1520616806.560827,1,tracking-lost-essential-fallback,1507,92,1262,85,,1
1645,1520616806.610829,1,tracking-lost-essential-fallback,1508,92,1262,87,,1
1646,1520616806.66083,1,tracking-lost-essential-fallback,1509,92,1262,79,,1
1647,1520616806.7108319,1,tracking-lost-essential-fallback,1510,92,1262,85,,1
1648,1520616806.760833,1,tracking-lost-essential-fallback,1511,92,1262,74,,1
1649,1520616806.8108351,1,tracking-lost-essential-fallback,1512,92,1262,51,,1
1650,1520616806.860836,1,tracking-lost-essential-fallback,1513,92,1262,66,,1
1651,1520616806.9108381,1,tracking-lost-essential-fallback,1514,92,1262,46,,1
1652,1520616806.960839,1,tracking-lost-essential-fallback,1515,92,1262,41,,1
1653,1520616807.0114415,1,tracking-lost-essential-fallback,1516,92,1262,61,,1
1654,1520616807.0614386,1,tracking-lost-essential-fallback,1517,92,1262,45,,1
1655,1520616807.1114395,1,tracking-lost-essential-fallback,1518,92,1262,36,,1
1656,1520616807.1614413,1,tracking-lost-essential-fallback,1519,92,1262,63,,1
1657,1520616807.2114425,1,tracking-lost-essential-fallback,1520,92,1262,45,,1
1658,1520616807.2614443,1,tracking-lost-essential-fallback,1521,92,1262,36,,1
1659,1520616807.3114457,1,tracking-lost-const-vel,1522,92,1262,,,1
1660,1520616807.3614476,1,tracking-lost-essential-fallback,1523,92,1262,38,,1
1661,1520616807.4130392,1,tracking-lost-const-vel,1524,92,1262,,,1
1662,1520616807.463041,1,tracking-lost-essential-fallback,1525,92,1262,69,,1
1663,1520616807.5130434,1,tracking-lost-essential-fallback,1526,92,1262,76,,1
1664,1520616807.5630443,1,tracking-lost-essential-fallback,1527,92,1262,45,,1
1665,1520616807.6130462,1,tracking-lost-essential-fallback,1528,92,1262,58,,1
1666,1520616807.6630473,1,tracking-lost-essential-fallback,1529,92,1262,84,,1
1667,1520616807.7130492,1,tracking-lost-essential-fallback,1530,92,1262,74,,1
1668,1520616807.7630503,1,tracking-lost-essential-fallback,1531,92,1262,61,,1
1669,1520616807.8118827,1,tracking-lost-essential-fallback,1532,92,1262,67,,1
1670,1520616807.861885,1,tracking-lost-essential-fallback,1533,92,1262,71,,1
1671,1520616807.911886,1,tracking-lost-essential-fallback,1534,92,1262,58,,1
1672,1520616807.9618878,1,tracking-lost-essential-fallback,1535,92,1262,37,,1
1673,1520616808.011889,1,tracking-lost-essential-fallback,1536,92,1262,55,,1
1674,1520616808.0618908,1,tracking-lost-essential-fallback,1537,92,1262,49,,1
1675,1520616808.111893,1,tracking-lost-essential-fallback,1538,92,1262,41,,1
1676,1520616808.161895,1,tracking-lost-essential-fallback,1539,92,1262,40,,1
1677,1520616808.2115805,1,tracking-lost-essential-fallback,1540,92,1262,33,,1
1678,1520616808.2615824,1,tracking-lost-const-vel,1541,92,1262,,,1
1679,1520616808.3115833,1,tracking-lost-essential-fallback,1542,92,1262,36,,1
1680,1520616808.3615844,1,tracking-lost-essential-fallback,1543,92,1262,41,,1
1681,1520616808.4115884,1,tracking-lost-const-vel,1544,92,1262,,,1
1682,1520616808.4615884,1,tracking-lost-essential-fallback,1545,92,1262,37,,1
1683,1520616808.5115895,1,tracking-lost-essential-fallback,1546,92,1262,52,,1
1684,1520616808.5615904,1,tracking-lost-essential-fallback,1547,92,1262,43,,1
1685,1520616808.6123085,1,tracking-lost-const-vel,1548,92,1262,,,1
1686,1520616808.6623108,1,tracking-lost-const-vel,1549,92,1262,,,1
1687,1520616808.7123117,1,tracking-lost-essential-fallback,1550,92,1262,51,,1
1688,1520616808.7623136,1,tracking-lost-const-vel,1551,92,1262,,,1
1689,1520616808.8123147,1,tracking-lost-essential-fallback,1552,92,1262,35,,1
1690,1520616808.8623166,1,tracking-lost-essential-fallback,1553,92,1262,33,,1
1691,1520616808.9123175,1,tracking-lost-const-vel,1554,92,1262,,,1
1692,1520616808.9623196,1,tracking-lost-const-vel,1555,92,1262,,,1
1693,1520616809.0123205,1,tracking-lost-const-vel,1556,92,1262,,,1
1694,1520616809.0652711,1,tracking-lost-const-vel,1557,92,1262,,,1
1695,1520616809.1152732,1,tracking-lost-essential-fallback,1558,92,1262,46,,1
1696,1520616809.1652741,1,tracking-lost-essential-fallback,1559,92,1262,53,,1
1697,1520616809.2152762,1,tracking-lost-essential-fallback,1560,92,1262,61,,1
1698,1520616809.2652774,1,tracking-lost-essential-fallback,1561,92,1262,51,,1
1699,1520616809.3152792,1,tracking-lost-essential-fallback,1562,92,1262,53,,1
1700,1520616809.365281,1,tracking-lost-essential-fallback,1563,92,1262,50,,1
1701,1520616809.4152822,1,tracking-lost-essential-fallback,1564,92,1262,41,,1
1702,1520616809.4686038,1,tracking-lost-essential-fallback,1565,92,1262,52,,1
1703,1520616809.518605,1,tracking-lost-essential-fallback,1566,92,1262,59,,1
1704,1520616809.5686069,1,tracking-lost-essential-fallback,1567,92,1262,97,,1
1705,1520616809.6186087,1,tracking-lost-essential-fallback,1568,92,1262,97,,1
1706,1520616809.6686099,1,tracking-lost-essential-fallback,1569,92,1262,81,,1
1707,1520616809.7186117,1,tracking-lost-essential-fallback,1570,92,1262,100,,1
1708,1520616809.7686126,1,tracking-lost-essential-fallback,1571,92,1262,90,,1
1709,1520616809.818615,1,tracking-lost-essential-fallback,1572,92,1262,60,,1
1710,1520616809.8692415,1,tracking-lost-essential-fallback,1573,92,1262,98,,1
1711,1520616809.9192436,1,tracking-lost-essential-fallback,1574,92,1262,104,,1
1712,1520616809.9692476,1,tracking-lost-essential-fallback,1575,92,1262,50,,1
1713,1520616810.0192463,1,tracking-lost-essential-fallback,1576,92,1262,103,,1
1714,1520616810.0692487,1,tracking-lost-essential-fallback,1577,92,1262,75,,1
1715,1520616810.1192496,1,tracking-lost-essential-fallback,1578,92,1262,136,,1
1716,1520616810.1692507,1,tracking-lost-essential-fallback,1579,92,1262,100,,1
1717,1520616810.2192526,1,tracking-lost-essential-fallback,1580,92,1262,195,,1
1718,1520616810.2692544,1,tracking-lost-essential-fallback,1581,92,1262,165,,1
1719,1520616810.3192785,1,tracking-lost-essential-fallback,1582,92,1262,181,,1
1720,1520616810.3692575,1,tracking-lost-essential-fallback,1583,92,1262,177,,1
1721,1520616810.4192584,1,tracking-lost-essential-fallback,1584,92,1262,213,,1
1722,1520616810.4692607,1,tracking-lost-essential-fallback,1585,92,1262,225,,1
1723,1520616810.5192616,1,tracking-lost-essential-fallback,1586,92,1262,202,,1
1724,1520616810.5692635,1,tracking-lost-essential-fallback,1587,92,1262,174,,1
1725,1520616810.6192646,1,tracking-lost-essential-fallback,1588,92,1262,185,,1
1726,1520616810.6692665,1,tracking-lost-essential-fallback,1589,92,1262,124,,1
1727,1520616810.7192686,1,tracking-lost-essential-fallback,1590,92,1262,155,,1
1728,1520616810.7692697,1,tracking-lost-essential-fallback,1591,92,1262,134,,1
1729,1520616810.8192716,1,tracking-lost-essential-fallback,1592,92,1262,137,,1
1730,1520616810.8692727,1,tracking-lost-essential-fallback,1593,92,1262,164,,1
1731,1520616810.9192746,1,tracking-lost-essential-fallback,1594,92,1262,126,,1
1732,1520616810.9692755,1,tracking-lost-essential-fallback,1595,92,1262,162,,1
1733,1520616811.0192776,1,tracking-lost-essential-fallback,1596,92,1262,167,,1
1734,1520616811.0692797,1,tracking-lost-essential-fallback,1597,92,1262,179,,1
1735,1520616811.1192806,1,tracking-lost-essential-fallback,1598,92,1262,191,,1
1736,1520616811.1692827,1,tracking-lost-essential-fallback,1599,92,1262,149,,1
1737,1520616811.2192836,1,tracking-lost-essential-fallback,1600,92,1262,166,,1
1738,1520616811.2692854,1,tracking-lost-essential-fallback,1601,92,1262,179,,1
1739,1520616811.3192875,1,tracking-lost-essential-fallback,1602,92,1262,179,,1
1740,1520616811.3692884,1,tracking-lost-essential-fallback,1603,92,1262,151,,1
1741,1520616811.4192905,1,tracking-lost-essential-fallback,1604,92,1262,132,,1
1742,1520616811.4692917,1,tracking-lost-essential-fallback,1605,92,1262,195,,1
1743,1520616811.5192935,1,tracking-lost-essential-fallback,1606,92,1262,194,,1
1744,1520616811.5692945,1,tracking-lost-essential-fallback,1607,92,1262,252,,1
1745,1520616811.6192966,1,tracking-lost-essential-fallback,1608,92,1262,207,,1
1746,1520616811.6692975,1,tracking-lost-essential-fallback,1609,92,1262,171,,1
1747,1520616811.7192993,1,tracking-lost-essential-fallback,1610,92,1262,230,,1
1748,1520616811.7693017,1,tracking-lost-essential-fallback,1611,92,1262,194,,1
1749,1520616811.8193026,1,tracking-lost-essential-fallback,1612,92,1262,266,,1
1750,1520616811.8693047,1,tracking-lost-essential-fallback,1613,92,1262,254,,1
1751,1520616811.918232,1,tracking-lost-essential-fallback,1614,92,1262,264,,1
1752,1520616811.968276,1,tracking-lost-essential-fallback,1615,92,1262,234,,1
1753,1520616812.018235,1,tracking-lost-essential-fallback,1616,92,1262,305,,1
1754,1520616812.0682368,1,tracking-lost-essential-fallback,1617,92,1262,263,,1
1755,1520616812.118238,1,tracking-lost-essential-fallback,1618,92,1262,347,,1
1756,1520616812.16824,1,tracking-lost-essential-fallback,1619,92,1262,245,,1
1757,1520616812.2182412,1,tracking-lost-essential-fallback,1620,92,1262,198,,1
1758,1520616812.268243,1,tracking-lost-essential-fallback,1621,92,1262,246,,1
1759,1520616812.3172033,1,tracking-lost-essential-fallback,1622,92,1262,256,,1
1760,1520616812.3672042,1,tracking-lost-essential-fallback,1623,92,1262,199,,1
1761,1520616812.4172063,1,tracking-lost-essential-fallback,1624,92,1262,226,,1
1762,1520616812.4672072,1,tracking-lost-essential-fallback,1625,92,1262,242,,1
1763,1520616812.5172093,1,tracking-lost-essential-fallback,1626,92,1262,326,,1
1764,1520616812.5672104,1,tracking-lost-essential-fallback,1627,92,1262,361,,1
1765,1520616812.6172123,1,tracking-lost-essential-fallback,1628,92,1262,150,,1
1766,1520616812.6672142,1,tracking-lost-essential-fallback,1629,92,1262,177,,1
1767,1520616812.7154965,1,tracking-lost-essential-fallback,1630,92,1262,147,,1
1768,1520616812.7654984,1,tracking-lost-essential-fallback,1631,92,1262,175,,1
1769,1520616812.8154995,1,tracking-lost-essential-fallback,1632,92,1262,198,,1
1770,1520616812.8655016,1,tracking-lost-essential-fallback,1633,92,1262,198,,1
1771,1520616812.9155028,1,tracking-lost-essential-fallback,1634,92,1262,273,,1
1772,1520616812.9655046,1,tracking-lost-essential-fallback,1635,92,1262,238,,1
1773,1520616813.0155065,1,tracking-lost-essential-fallback,1636,92,1262,271,,1
1774,1520616813.0655077,1,tracking-lost-essential-fallback,1637,92,1262,234,,1
1775,1520616813.1126673,1,tracking-lost-essential-fallback,1638,92,1262,179,,1
1776,1520616813.1626692,1,tracking-lost-essential-fallback,1639,92,1262,154,,1
1777,1520616813.2126703,1,tracking-lost-essential-fallback,1640,92,1262,194,,1
1778,1520616813.2626722,1,tracking-lost-essential-fallback,1641,92,1262,199,,1
1779,1520616813.312673,1,tracking-lost-essential-fallback,1642,92,1262,199,,1
1780,1520616813.3626752,1,tracking-lost-essential-fallback,1643,92,1262,213,,1
1781,1520616813.412676,1,tracking-lost-essential-fallback,1644,92,1262,217,,1
1782,1520616813.4626782,1,tracking-lost-essential-fallback,1645,92,1262,196,,1
1783,1520616813.511425,1,tracking-lost-essential-fallback,1646,92,1262,88,,1
1784,1520616813.561427,1,tracking-lost-essential-fallback,1647,92,1262,67,,1
1785,1520616813.6114929,1,tracking-lost-essential-fallback,1648,92,1262,89,,1
1786,1520616813.6614301,1,tracking-lost-essential-fallback,1649,92,1262,88,,1
1787,1520616813.711431,1,tracking-lost-essential-fallback,1650,92,1262,81,,1
1788,1520616813.761433,1,tracking-lost-essential-fallback,1651,92,1262,95,,1
1789,1520616813.811434,1,tracking-lost-essential-fallback,1652,92,1262,89,,1
1790,1520616813.861436,1,tracking-lost-essential-fallback,1653,92,1262,99,,1
1791,1520616813.911438,1,tracking-lost-essential-fallback,1654,92,1262,76,,1
1792,1520616813.961329,1,tracking-lost-essential-fallback,1655,92,1262,70,,1
1793,1520616814.0113308,1,tracking-lost-essential-fallback,1656,92,1262,82,,1
1794,1520616814.061332,1,tracking-lost-essential-fallback,1657,92,1262,70,,1
1795,1520616814.111334,1,tracking-lost-essential-fallback,1658,92,1262,88,,1
1796,1520616814.161335,1,tracking-lost-essential-fallback,1659,92,1262,101,,1
1797,1520616814.211337,1,tracking-lost-essential-fallback,1660,92,1262,81,,1
1798,1520616814.261339,1,tracking-lost-essential-fallback,1661,92,1262,69,,1
1799,1520616814.3113399,1,tracking-lost-essential-fallback,1662,92,1262,73,,1
1800,1520616814.3610907,1,tracking-lost-essential-fallback,1663,92,1262,82,,1
1801,1520616814.4110916,1,tracking-lost-essential-fallback,1664,92,1262,57,,1
1802,1520616814.4610934,1,tracking-lost-essential-fallback,1665,92,1262,66,,1
1803,1520616814.5110946,1,tracking-lost-essential-fallback,1666,92,1262,50,,1
1804,1520616814.5610964,1,tracking-lost-essential-fallback,1667,92,1262,66,,1
1805,1520616814.6110985,1,tracking-lost-essential-fallback,1668,92,1262,44,,1
1806,1520616814.6611006,1,tracking-lost-essential-fallback,1669,92,1262,48,,1
1807,1520616814.7111015,1,tracking-lost-essential-fallback,1670,92,1262,43,,1
1808,1520616814.7609541,1,tracking-lost-essential-fallback,1671,92,1262,41,,1
1809,1520616814.8109565,1,tracking-lost-essential-fallback,1672,92,1262,62,,1
1810,1520616814.8609583,1,tracking-lost-essential-fallback,1673,92,1262,56,,1
1811,1520616814.9109592,1,tracking-lost-essential-fallback,1674,92,1262,68,,1
1812,1520616814.9609604,1,tracking-lost-essential-fallback,1675,92,1262,36,,1
1813,1520616815.0109622,1,tracking-lost-essential-fallback,1676,92,1262,59,,1
1814,1520616815.060964,1,tracking-lost-essential-fallback,1677,92,1262,54,,1
1815,1520616815.1109653,1,tracking-lost-essential-fallback,1678,92,1262,48,,1
1816,1520616815.1609387,1,tracking-lost-essential-fallback,1679,92,1262,51,,1
1817,1520616815.2109396,1,tracking-lost-essential-fallback,1680,92,1262,45,,1
1818,1520616815.261026,1,tracking-lost-essential-fallback,1681,92,1262,53,,1
1819,1520616815.310943,1,tracking-lost-essential-fallback,1682,92,1262,57,,1
1820,1520616815.3609447,1,tracking-lost-essential-fallback,1683,92,1262,51,,1
1821,1520616815.410946,1,tracking-lost-const-vel,1684,92,1262,,,1
1822,1520616815.4609478,1,tracking-lost-essential-fallback,1685,92,1262,45,,1
1823,1520616815.5109496,1,tracking-lost-essential-fallback,1686,92,1262,35,,1
1824,1520616815.5608673,1,tracking-lost-essential-fallback,1687,92,1262,39,,1
1825,1520616815.6108696,1,tracking-lost-essential-fallback,1688,92,1262,40,,1
1826,1520616815.6608706,1,tracking-lost-essential-fallback,1689,92,1262,37,,1
1827,1520616815.7108724,1,tracking-lost-essential-fallback,1690,92,1262,43,,1
1828,1520616815.7608736,1,tracking-lost-essential-fallback,1691,92,1262,48,,1
1829,1520616815.8108754,1,tracking-lost-const-vel,1692,92,1262,,,1
1830,1520616815.8608775,1,tracking-lost-essential-fallback,1693,92,1262,41,,1
1831,1520616815.9108787,1,tracking-lost-const-vel,1694,92,1262,,,1
1832,1520616815.9608805,1,tracking-lost-const-vel,1695,92,1262,,,1
1833,1520616816.0117953,1,tracking-lost-const-vel,1696,92,1262,,,1
1834,1520616816.0617971,1,tracking-lost-const-vel,1697,92,1262,,,1
1835,1520616816.1117995,1,tracking-lost-essential-fallback,1698,92,1262,50,,1
1836,1520616816.1618004,1,tracking-lost-essential-fallback,1699,92,1262,61,,1
1837,1520616816.2118022,1,tracking-lost-essential-fallback,1700,92,1262,62,,1
1838,1520616816.2618034,1,tracking-lost-essential-fallback,1701,92,1262,70,,1
1839,1520616816.3118052,1,tracking-lost-essential-fallback,1702,92,1262,90,,1
1840,1520616816.361807,1,tracking-lost-essential-fallback,1703,92,1262,88,,1
1841,1520616816.4123209,1,tracking-lost-essential-fallback,1704,92,1262,69,,1
1842,1520616816.4623227,1,tracking-lost-essential-fallback,1705,92,1262,56,,1
1843,1520616816.5123239,1,tracking-lost-essential-fallback,1706,92,1262,86,,1
1844,1520616816.5623248,1,tracking-lost-essential-fallback,1707,92,1262,35,,1
1845,1520616816.6123269,1,tracking-lost-const-vel,1708,92,1262,,,1
1846,1520616816.662329,1,tracking-lost-essential-fallback,1709,92,1262,50,,1
1847,1520616816.7123299,1,tracking-lost-essential-fallback,1710,92,1262,110,,1
1848,1520616816.7623317,1,tracking-lost-essential-fallback,1711,92,1262,62,,1
1849,1520616816.8120902,1,tracking-lost-essential-fallback,1712,92,1262,75,,1
1850,1520616816.862092,1,tracking-lost-essential-fallback,1713,92,1262,68,,1
1851,1520616816.912197,1,tracking-lost-essential-fallback,1714,92,1262,55,,1
1852,1520616816.9620953,1,tracking-lost-essential-fallback,1715,92,1262,91,,1
1853,1520616817.0120962,1,tracking-lost-essential-fallback,1716,92,1262,55,,1
1854,1520616817.0620983,1,tracking-lost-essential-fallback,1717,92,1262,59,,1
1855,1520616817.1121001,1,tracking-lost-essential-fallback,1718,92,1262,82,,1
1856,1520616817.162101,1,tracking-lost-essential-fallback,1719,92,1262,59,,1
1857,1520616817.2122831,1,tracking-lost-essential-fallback,1720,92,1262,59,,1
1858,1520616817.262284,1,tracking-lost-essential-fallback,1721,92,1262,66,,1
1859,1520616817.3122861,1,tracking-lost-essential-fallback,1722,92,1262,71,,1
1860,1520616817.3622873,1,tracking-lost-essential-fallback,1723,92,1262,91,,1
1861,1520616817.4122891,1,tracking-lost-essential-fallback,1724,92,1262,91,,1
1862,1520616817.462291,1,tracking-lost-essential-fallback,1725,92,1262,86,,1
1863,1520616817.5122921,1,tracking-lost-essential-fallback,1726,92,1262,66,,1
1864,1520616817.562294,1,tracking-lost-essential-fallback,1727,92,1262,68,,1
1865,1520616817.6137276,1,tracking-lost-essential-fallback,1728,92,1262,74,,1
1866,1520616817.6637294,1,tracking-lost-essential-fallback,1729,92,1262,138,,1
1867,1520616817.7137306,1,tracking-lost-essential-fallback,1730,92,1262,123,,1
1868,1520616817.7637327,1,tracking-lost-essential-fallback,1731,92,1262,80,,1
1869,1520616817.8137336,1,tracking-lost-essential-fallback,1732,92,1262,130,,1
1870,1520616817.8637357,1,tracking-lost-essential-fallback,1733,92,1262,94,,1
1871,1520616817.9137375,1,tracking-lost-essential-fallback,1734,92,1262,106,,1
1872,1520616817.9637394,1,tracking-lost-essential-fallback,1735,92,1262,120,,1
1873,1520616818.014805,1,tracking-lost-essential-fallback,1736,92,1262,92,,1
1874,1520616818.064807,1,tracking-lost-essential-fallback,1737,92,1262,109,,1
1875,1520616818.1148078,1,tracking-lost-essential-fallback,1738,92,1262,118,,1
1876,1520616818.164809,1,tracking-lost-essential-fallback,1739,92,1262,195,,1
1877,1520616818.214811,1,tracking-lost-essential-fallback,1740,92,1262,244,,1
1878,1520616818.264813,1,tracking-lost-essential-fallback,1741,92,1262,211,,1
1879,1520616818.314814,1,tracking-lost-essential-fallback,1742,92,1262,211,,1
1880,1520616818.364816,1,tracking-lost-essential-fallback,1743,92,1262,202,,1
1881,1520616818.4148169,1,tracking-lost-essential-fallback,1744,92,1262,150,,1
1882,1520616818.4626315,1,tracking-lost-essential-fallback,1745,92,1262,88,,1
1883,1520616818.5126324,1,tracking-lost-essential-fallback,1746,92,1262,88,,1
1884,1520616818.5626342,1,tracking-lost-essential-fallback,1747,92,1262,82,,1
1885,1520616818.6126366,1,tracking-lost-essential-fallback,1748,92,1262,69,,1
1886,1520616818.6626375,1,tracking-lost-essential-fallback,1749,92,1262,89,,1
1887,1520616818.7126396,1,tracking-lost-essential-fallback,1750,92,1262,78,,1
1888,1520616818.7626405,1,tracking-lost-essential-fallback,1751,92,1262,81,,1
1889,1520616818.8126423,1,tracking-lost-essential-fallback,1752,92,1262,73,,1
1890,1520616818.8655684,1,tracking-lost-essential-fallback,1753,92,1262,63,,1
1891,1520616818.9155703,1,tracking-lost-essential-fallback,1754,92,1262,132,,1
1892,1520616818.9655714,1,tracking-lost-essential-fallback,1755,92,1262,105,,1
1893,1520616819.0155733,1,tracking-lost-essential-fallback,1756,92,1262,120,,1
1894,1520616819.0655754,1,tracking-lost-essential-fallback,1757,92,1262,124,,1
1895,1520616819.1155765,1,tracking-lost-essential-fallback,1758,92,1262,127,,1
1896,1520616819.1655784,1,tracking-lost-essential-fallback,1759,92,1262,144,,1
1897,1520616819.2155802,1,tracking-lost-essential-fallback,1760,92,1262,179,,1
1898,1520616819.2677433,1,tracking-lost-essential-fallback,1761,92,1262,115,,1
1899,1520616819.3177445,1,tracking-lost-essential-fallback,1762,92,1262,202,,1
1900,1520616819.3677464,1,tracking-lost-essential-fallback,1763,92,1262,151,,1
1901,1520616819.4177473,1,tracking-lost-essential-fallback,1764,92,1262,110,,1
1902,1520616819.4677494,1,tracking-lost-essential-fallback,1765,92,1262,134,,1
1903,1520616819.5177515,1,tracking-lost-essential-fallback,1766,92,1262,119,,1
1904,1520616819.5677533,1,tracking-lost-essential-fallback,1767,92,1262,98,,1
1905,1520616819.6177545,1,tracking-lost-essential-fallback,1768,92,1262,104,,1
1906,1520616819.6683433,1,tracking-lost-essential-fallback,1769,92,1262,75,,1
1907,1520616819.7183442,1,tracking-lost-essential-fallback,1770,92,1262,75,,1
1908,1520616819.7683463,1,tracking-lost-essential-fallback,1771,92,1262,102,,1
1909,1520616819.8183475,1,tracking-lost-essential-fallback,1772,92,1262,85,,1
1910,1520616819.8683493,1,tracking-lost-essential-fallback,1773,92,1262,45,,1
1911,1520616819.9183502,1,tracking-lost-essential-fallback,1774,92,1262,79,,1
1912,1520616819.9683523,1,tracking-lost-essential-fallback,1775,92,1262,76,,1
1913,1520616820.0183542,1,tracking-lost-essential-fallback,1776,92,1262,90,,1
1914,1520616820.0695608,1,tracking-lost-essential-fallback,1777,92,1262,39,,1
1915,1520616820.1195617,1,tracking-lost-essential-fallback,1778,92,1262,103,,1
1916,1520616820.1695635,1,tracking-lost-essential-fallback,1779,92,1262,76,,1
1917,1520616820.2195656,1,tracking-lost-essential-fallback,1780,92,1262,73,,1
1918,1520616820.2695665,1,tracking-lost-essential-fallback,1781,92,1262,75,,1
1919,1520616820.3195684,1,tracking-lost-essential-fallback,1782,92,1262,76,,1
1920,1520616820.3695695,1,tracking-lost-essential-fallback,1783,92,1262,66,,1
1921,1520616820.4195716,1,tracking-lost-essential-fallback,1784,92,1262,47,,1
1922,1520616820.4695725,1,tracking-lost-essential-fallback,1785,92,1262,47,,1
1923,1520616820.5173466,1,tracking-lost-essential-fallback,1786,92,1262,86,,1
1924,1520616820.5673478,1,tracking-lost-essential-fallback,1787,92,1262,102,,1
1925,1520616820.6173496,1,tracking-lost-essential-fallback,1788,92,1262,91,,1
1926,1520616820.6673517,1,tracking-lost-essential-fallback,1789,92,1262,34,,1
1927,1520616820.7173529,1,tracking-lost-essential-fallback,1790,92,1262,55,,1
1928,1520616820.7673547,1,tracking-lost-essential-fallback,1791,92,1262,64,,1
1929,1520616820.8173556,1,tracking-lost-essential-fallback,1792,92,1262,115,,1
1930,1520616820.8673577,1,tracking-lost-essential-fallback,1793,92,1262,104,,1
1931,1520616820.9195867,1,tracking-lost-essential-fallback,1794,92,1262,69,,1
1932,1520616820.9695885,1,tracking-lost-essential-fallback,1795,92,1262,75,,1
1933,1520616821.0195904,1,tracking-lost-essential-fallback,1796,92,1262,72,,1
1934,1520616821.0695918,1,tracking-lost-essential-fallback,1797,92,1262,90,,1
1935,1520616821.1195936,1,tracking-lost-essential-fallback,1798,92,1262,76,,1
1936,1520616821.1695955,1,tracking-lost-essential-fallback,1799,92,1262,112,,1
1937,1520616821.2195966,1,tracking-lost-essential-fallback,1800,92,1262,95,,1
1938,1520616821.2695985,1,tracking-lost-essential-fallback,1801,92,1262,85,,1
1939,1520616821.317485,1,tracking-lost-essential-fallback,1802,92,1262,66,,1
1940,1520616821.3674862,1,tracking-lost-essential-fallback,1803,92,1262,65,,1
1941,1520616821.4174883,1,tracking-lost-essential-fallback,1804,92,1262,92,,1
1942,1520616821.4674895,1,tracking-lost-essential-fallback,1805,92,1262,113,,1
1943,1520616821.5174904,1,tracking-lost-essential-fallback,1806,92,1262,130,,1
1944,1520616821.5674922,1,tracking-lost-essential-fallback,1807,92,1262,144,,1
1945,1520616821.6174934,1,tracking-lost-essential-fallback,1808,92,1262,163,,1
1946,1520616821.6674953,1,tracking-lost-essential-fallback,1809,92,1262,187,,1
1947,1520616821.7131767,1,tracking-lost-essential-fallback,1810,92,1262,59,,1
1948,1520616821.7631786,1,tracking-lost-essential-fallback,1811,92,1262,139,,1
1949,1520616821.8131857,1,tracking-lost-essential-fallback,1812,92,1262,129,,1
1950,1520616821.8631816,1,tracking-lost-essential-fallback,1813,92,1262,135,,1
1951,1520616821.9131837,1,tracking-lost-essential-fallback,1814,92,1262,147,,1
1952,1520616821.9631848,1,tracking-lost-essential-fallback,1815,92,1262,133,,1
1953,1520616822.0131867,1,tracking-lost-essential-fallback,1816,92,1262,112,,1
1954,1520616822.0631876,1,tracking-lost-essential-fallback,1817,92,1262,153,,1
1955,1520616822.1119912,1,tracking-lost-essential-fallback,1818,92,1262,104,,1
1956,1520616822.161992,1,tracking-lost-essential-fallback,1819,92,1262,59,,1
1957,1520616822.2119942,1,tracking-lost-essential-fallback,1820,92,1262,43,,1
1958,1520616822.261996,1,tracking-lost-essential-fallback,1821,92,1262,116,,1
1959,1520616822.311997,1,tracking-lost-essential-fallback,1822,92,1262,94,,1
1960,1520616822.3619993,1,tracking-lost-essential-fallback,1823,92,1262,46,,1
1961,1520616822.4120002,1,tracking-lost-essential-fallback,1824,92,1262,79,,1
1962,1520616822.462002,1,tracking-lost-essential-fallback,1825,92,1262,103,,1
1963,1520616822.5118418,1,tracking-lost-essential-fallback,1826,92,1262,109,,1
1964,1520616822.561844,1,tracking-lost-essential-fallback,1827,92,1262,66,,1
1965,1520616822.611845,1,tracking-lost-essential-fallback,1828,92,1262,62,,1
1966,1520616822.6618469,1,tracking-lost-essential-fallback,1829,92,1262,82,,1
1967,1520616822.711849,1,tracking-lost-essential-fallback,1830,92,1262,80,,1
1968,1520616822.7618499,1,tracking-lost-essential-fallback,1831,92,1262,65,,1
1969,1520616822.811852,1,tracking-lost-essential-fallback,1832,92,1262,70,,1
1970,1520616822.861854,1,tracking-lost-essential-fallback,1833,92,1262,119,,1
1971,1520616822.911855,1,tracking-lost-essential-fallback,1834,92,1262,57,,1
1972,1520616822.9615498,1,tracking-lost-essential-fallback,1835,92,1262,80,,1
1973,1520616823.011551,1,tracking-lost-essential-fallback,1836,92,1262,81,,1
1974,1520616823.0615528,1,tracking-lost-essential-fallback,1837,92,1262,57,,1
1975,1520616823.1115537,1,tracking-lost-essential-fallback,1838,92,1262,52,,1
1976,1520616823.1615558,1,tracking-lost-essential-fallback,1839,92,1262,46,,1
1977,1520616823.2115576,1,tracking-lost-essential-fallback,1840,92,1262,73,,1
1978,1520616823.2615585,1,tracking-lost-essential-fallback,1841,92,1262,67,,1
1979,1520616823.3115609,1,tracking-lost-essential-fallback,1842,92,1262,56,,1
1980,1520616823.361238,1,tracking-lost-essential-fallback,1843,92,1262,38,,1
1981,1520616823.41124,1,tracking-lost-essential-fallback,1844,92,1262,67,,1
1982,1520616823.4612632,1,tracking-lost-essential-fallback,1845,92,1262,53,,1
1983,1520616823.511243,1,tracking-lost-essential-fallback,1846,92,1262,96,,1
1984,1520616823.561244,1,tracking-lost-essential-fallback,1847,92,1262,100,,1
1985,1520616823.611246,1,tracking-lost-essential-fallback,1848,92,1262,50,,1
1986,1520616823.661247,1,tracking-lost-essential-fallback,1849,92,1262,61,,1
1987,1520616823.7112489,1,tracking-lost-essential-fallback,1850,92,1262,55,,1
1988,1520616823.7610118,1,tracking-lost-essential-fallback,1851,92,1262,46,,1
1989,1520616823.8110137,1,tracking-lost-essential-fallback,1852,92,1262,90,,1
1990,1520616823.8610156,1,tracking-lost-essential-fallback,1853,92,1262,101,,1
1991,1520616823.9110167,1,tracking-lost-essential-fallback,1854,92,1262,100,,1
1992,1520616823.9610188,1,tracking-lost-essential-fallback,1855,92,1262,101,,1
1993,1520616824.01102,1,tracking-lost-essential-fallback,1856,92,1262,80,,1
1994,1520616824.0610218,1,tracking-lost-essential-fallback,1857,92,1262,68,,1
1995,1520616824.1110227,1,tracking-lost-essential-fallback,1858,92,1262,72,,1
1996,1520616824.1617193,1,tracking-lost-essential-fallback,1859,92,1262,80,,1
1997,1520616824.2117202,1,tracking-lost-essential-fallback,1860,92,1262,208,,1
1998,1520616824.2617226,1,tracking-lost-essential-fallback,1861,92,1262,167,,1
1999,1520616824.3117244,1,tracking-lost-essential-fallback,1862,92,1262,189,,1
2000,1520616824.3617253,1,tracking-lost-essential-fallback,1863,92,1262,179,,1
2001,1520616824.4117274,1,tracking-lost-essential-fallback,1864,92,1262,163,,1
2002,1520616824.4617293,1,tracking-lost-essential-fallback,1865,92,1262,149,,1
2003,1520616824.5117302,1,tracking-lost-essential-fallback,1866,92,1262,180,,1
2004,1520616824.56163,1,tracking-lost-essential-fallback,1867,92,1262,162,,1
2005,1520616824.611631,1,tracking-lost-essential-fallback,1868,92,1262,175,,1
2006,1520616824.6616328,1,tracking-lost-essential-fallback,1869,92,1262,151,,1
2007,1520616824.711634,1,tracking-lost-essential-fallback,1870,92,1262,148,,1
2008,1520616824.761636,1,tracking-lost-essential-fallback,1871,92,1262,147,,1
2009,1520616824.8116372,1,tracking-lost-essential-fallback,1872,92,1262,157,,1
2010,1520616824.861639,1,tracking-lost-essential-fallback,1873,92,1262,144,,1
2011,1520616824.911641,1,tracking-lost-essential-fallback,1874,92,1262,150,,1
2012,1520616824.9611177,1,tracking-lost-essential-fallback,1875,92,1262,78,,1
2013,1520616825.0111196,1,tracking-lost-essential-fallback,1876,92,1262,80,,1
2014,1520616825.0611207,1,tracking-lost-essential-fallback,1877,92,1262,83,,1
2015,1520616825.111161,1,tracking-lost-essential-fallback,1878,92,1262,67,,1
2016,1520616825.161124,1,tracking-lost-essential-fallback,1879,92,1262,71,,1
2017,1520616825.2111259,1,tracking-lost-essential-fallback,1880,92,1262,78,,1
2018,1520616825.2611268,1,tracking-lost-essential-fallback,1881,92,1262,69,,1
2019,1520616825.3111289,1,tracking-lost-essential-fallback,1882,92,1262,57,,1
2020,1520616825.3611298,1,tracking-lost-essential-fallback,1883,92,1262,70,,1
2021,1520616825.410991,1,tracking-lost-essential-fallback,1884,92,1262,36,,1
2022,1520616825.4609928,1,tracking-lost-const-vel,1885,92,1262,,,1
2023,1520616825.5109937,1,tracking-lost-essential-fallback,1886,92,1262,63,,1
2024,1520616825.5609958,1,tracking-lost-essential-fallback,1887,92,1262,68,,1
2025,1520616825.6109967,1,tracking-lost-essential-fallback,1888,92,1262,50,,1
2026,1520616825.6609988,1,tracking-lost-const-vel,1889,92,1262,,,1
2027,1520616825.711,1,tracking-lost-essential-fallback,1890,92,1262,46,,1
2028,1520616825.7610018,1,tracking-lost-essential-fallback,1891,92,1262,34,,1
2029,1520616825.8111558,1,tracking-lost-essential-fallback,1892,92,1262,60,,1
2030,1520616825.8611577,1,tracking-lost-essential-fallback,1893,92,1262,78,,1
2031,1520616825.9111598,1,tracking-lost-essential-fallback,1894,92,1262,66,,1
2032,1520616825.961161,1,tracking-lost-essential-fallback,1895,92,1262,89,,1
2033,1520616826.0111628,1,tracking-lost-essential-fallback,1896,92,1262,81,,1
2034,1520616826.0611646,1,tracking-lost-essential-fallback,1897,92,1262,95,,1
2035,1520616826.1111658,1,tracking-lost-essential-fallback,1898,92,1262,88,,1
2036,1520616826.1611676,1,tracking-lost-essential-fallback,1899,92,1262,56,,1
2037,1520616826.211902,1,tracking-lost-essential-fallback,1900,92,1262,70,,1
2038,1520616826.261903,1,tracking-lost-essential-fallback,1901,92,1262,174,,1
2039,1520616826.311904,1,tracking-lost-essential-fallback,1902,92,1262,168,,1
2040,1520616826.3619058,1,tracking-lost-essential-fallback,1903,92,1262,161,,1
2041,1520616826.411908,1,tracking-lost-essential-fallback,1904,92,1262,180,,1
2042,1520616826.4619088,1,tracking-lost-essential-fallback,1905,92,1262,213,,1
2043,1520616826.5119097,1,tracking-lost-essential-fallback,1906,92,1262,216,,1
2044,1520616826.561913,1,tracking-lost-essential-fallback,1907,92,1262,233,,1
2045,1520616826.6125062,1,tracking-lost-essential-fallback,1908,92,1262,220,,1
2046,1520616826.662507,1,tracking-lost-essential-fallback,1909,92,1262,308,,1
2047,1520616826.7125094,1,tracking-lost-essential-fallback,1910,92,1262,306,,1
2048,1520616826.7625651,1,tracking-lost-essential-fallback,1911,92,1262,290,,1
2049,1520616826.8125122,1,tracking-lost-essential-fallback,1912,92,1262,335,,1
2050,1520616826.8625133,1,tracking-lost-essential-fallback,1913,92,1262,272,,1
2051,1520616826.9125152,1,tracking-lost-essential-fallback,1914,92,1262,281,,1
2052,1520616826.962517,1,tracking-lost-essential-fallback,1915,92,1262,236,,1
2053,1520616827.0116265,1,tracking-lost-essential-fallback,1916,92,1262,114,,1
2054,1520616827.0616286,1,tracking-lost-essential-fallback,1917,92,1262,109,,1
2055,1520616827.1116297,1,tracking-lost-essential-fallback,1918,92,1262,181,,1
2056,1520616827.1616316,1,tracking-lost-essential-fallback,1919,92,1262,162,,1
2057,1520616827.2116325,1,tracking-lost-essential-fallback,1920,92,1262,116,,1
2058,1520616827.2616346,1,tracking-lost-essential-fallback,1921,92,1262,94,,1
2059,1520616827.3116355,1,tracking-lost-essential-fallback,1922,92,1262,100,,1
2060,1520616827.3616374,1,tracking-lost-essential-fallback,1923,92,1262,148,,1
2061,1520616827.4116654,1,tracking-lost-essential-fallback,1924,92,1262,111,,1
2062,1520616827.4614344,1,tracking-lost-essential-fallback,1925,92,1262,119,,1
2063,1520616827.5114365,1,tracking-lost-essential-fallback,1926,92,1262,106,,1
2064,1520616827.5614376,1,tracking-lost-essential-fallback,1927,92,1262,92,,1
2065,1520616827.6114395,1,tracking-lost-essential-fallback,1928,92,1262,104,,1
2066,1520616827.6614406,1,tracking-lost-essential-fallback,1929,92,1262,97,,1
2067,1520616827.7114425,1,tracking-lost-essential-fallback,1930,92,1262,80,,1
2068,1520616827.7614443,1,tracking-lost-essential-fallback,1931,92,1262,81,,1
2069,1520616827.8114457,1,tracking-lost-essential-fallback,1932,92,1262,66,,1
2070,1520616827.8619008,1,tracking-lost-essential-fallback,1933,92,1262,73,,1
2071,1520616827.911903,1,tracking-lost-essential-fallback,1934,92,1262,82,,1
2072,1520616827.9619048,1,tracking-lost-essential-fallback,1935,92,1262,104,,1
2073,1520616828.011906,1,tracking-lost-essential-fallback,1936,92,1262,119,,1
2074,1520616828.0619068,1,tracking-lost-essential-fallback,1937,92,1262,110,,1
2075,1520616828.1119087,1,tracking-lost-essential-fallback,1938,92,1262,122,,1
2076,1520616828.1619098,1,tracking-lost-essential-fallback,1939,92,1262,124,,1
2077,1520616828.2119117,1,tracking-lost-essential-fallback,1940,92,1262,112,,1
2078,1520616828.2617407,1,tracking-lost-essential-fallback,1941,92,1262,74,,1
2079,1520616828.3117425,1,tracking-lost-essential-fallback,1942,92,1262,78,,1
2080,1520616828.3617437,1,tracking-lost-essential-fallback,1943,92,1262,50,,1
2081,1520616828.4118185,1,tracking-lost-essential-fallback,1944,92,1262,44,,1
2082,1520616828.4617465,1,tracking-lost-essential-fallback,1945,92,1262,40,,1
2083,1520616828.5117488,1,tracking-lost-essential-fallback,1946,92,1262,57,,1
2084,1520616828.5617497,1,tracking-lost-essential-fallback,1947,92,1262,46,,1
2085,1520616828.6117516,1,tracking-lost-essential-fallback,1948,92,1262,50,,1
2086,1520616828.6613512,1,tracking-lost-essential-fallback,1949,92,1262,35,,1
2087,1520616828.7113523,1,tracking-lost-const-vel,1950,92,1262,,,1
2088,1520616828.7613544,1,tracking-lost-const-vel,1951,92,1262,,,1
2089,1520616828.8113556,1,tracking-lost-const-vel,1952,92,1262,,,1
2090,1520616828.8613575,1,tracking-lost-essential-fallback,1953,92,1262,36,,1
2091,1520616828.9113584,1,tracking-lost-essential-fallback,1954,92,1262,37,,1
2092,1520616828.9613605,1,tracking-lost-const-vel,1955,92,1262,,,1
2093,1520616829.0113614,1,tracking-lost-essential-fallback,1956,92,1262,47,,1
2094,1520616829.0611746,1,tracking-lost-const-vel,1957,92,1262,,,1
2095,1520616829.1111765,1,tracking-lost-const-vel,1958,92,1262,,,1
2096,1520616829.1611776,1,tracking-lost-const-vel,1959,92,1262,,,1
2097,1520616829.2111797,1,tracking-lost-const-vel,1960,92,1262,,,1
2098,1520616829.2611804,1,tracking-lost-const-vel,1961,92,1262,,,1
2099,1520616829.3111827,1,tracking-lost-const-vel,1962,92,1262,,,1
2100,1520616829.3611846,1,tracking-lost-const-vel,1963,92,1262,,,1
2101,1520616829.4111855,1,tracking-lost-const-vel,1964,92,1262,,,1
2102,1520616829.4612284,1,tracking-lost-const-vel,1965,92,1262,,,1
2103,1520616829.5112293,1,tracking-lost-const-vel,1966,92,1262,,,1
2104,1520616829.5612311,1,tracking-lost-const-vel,1967,92,1262,,,1
2105,1520616829.6112335,1,tracking-lost-const-vel,1968,92,1262,,,1
