frame_idx,timestamp_s,accepted,status,pose_count,valid_3d_count,match_count,inlier_count,reprojection_rmse_px
0,1520616724.3578184,1,init,1,468,0,0,
1,1520616724.407773,1,pnp,2,459,102,96,0.5827751755714417
2,1520616724.4577749,1,pnp,3,456,106,104,0.6302290558815002
3,1520616724.507776,1,pnp,4,481,111,103,0.720111608505249
4,1520616724.5577781,1,pnp,5,471,106,97,0.6119729280471802
5,1520616724.607779,1,pnp,6,472,99,91,0.6731549501419067
6,1520616724.6577811,1,pnp,7,464,97,88,0.699578583240509
7,1520616724.707782,1,pnp,8,470,98,91,0.6838074922561646
8,1520616724.757784,1,pnp,9,487,101,95,0.8150402903556824
9,1520616724.8077888,1,pnp,10,500,116,104,0.7383062243461609
10,1520616724.8577898,1,pnp,11,494,116,108,0.7828876376152039
11,1520616724.9077919,1,pnp,12,503,108,98,0.8618130087852478
12,1520616724.957895,1,pnp,13,499,113,106,0.5550600290298462
13,1520616725.0077949,1,pnp,14,511,108,105,0.6525634527206421
14,1520616725.057796,1,pnp,15,498,116,112,0.7056354284286499
15,1520616725.1077979,1,pnp,16,503,114,104,0.802883505821228
16,1520616725.157799,1,pnp,17,499,108,102,0.7960876822471619
17,1520616725.2078009,1,pnp,18,492,104,103,0.6704286336898804
18,1520616725.2578564,1,pnp,19,497,112,110,0.606669545173645
19,1520616725.3078585,1,pnp,20,495,113,109,0.4954826831817627
20,1520616725.3578594,1,pnp,21,479,111,104,0.5978250503540039
21,1520616725.4078612,1,pnp,22,500,100,90,0.6609250903129578
22,1520616725.4578636,1,pnp,23,475,99,83,0.7341547608375549
23,1520616725.5078645,1,pnp,24,471,95,82,0.9107638001441956
24,1520616725.5578663,1,pnp,25,427,81,72,0.8161755800247192
25,1520616725.6078684,1,pnp,26,424,96,86,0.7427242398262024
26,1520616725.6578624,1,pnp,27,390,94,88,0.6834193468093872
27,1520616725.7078633,1,pnp,28,384,95,91,0.6815091371536255
28,1520616725.7578657,1,pnp,29,409,94,84,0.6174306869506836
29,1520616725.8078666,1,pnp,30,425,105,89,0.6738535761833191
30,1520616725.8578684,1,pnp,31,433,97,90,0.7308757901191711
31,1520616725.9078715,1,pnp,32,454,110,102,0.7269029021263123
32,1520616725.9578714,1,pnp,33,456,88,81,0.5741491913795471
33,1520616726.0078733,1,pnp,34,468,114,110,0.5617637038230896
34,1520616726.0579503,1,pnp,35,469,124,114,0.4857442080974579
35,1520616726.1079512,1,pnp,36,459,112,103,0.5074671506881714
36,1520616726.1579533,1,pnp,37,454,115,111,0.606416642665863
37,1520616726.2079542,1,pnp,38,481,107,96,0.6791583299636841
38,1520616726.2579563,1,pnp,39,470,120,107,0.6836089491844177
39,1520616726.3079584,1,pnp,40,478,108,103,0.7285037040710449
40,1520616726.3579593,1,pnp,41,476,106,97,0.6883432865142822
41,1520616726.4079611,1,pnp,42,461,106,99,0.666280210018158
42,1520616726.457913,1,pnp,43,441,89,84,0.7070857286453247
43,1520616726.507915,1,pnp,44,423,96,88,0.7673708200454712
44,1520616726.557916,1,pnp,45,463,99,95,0.5849587917327881
45,1520616726.6079168,1,pnp,46,463,95,85,0.8316482901573181
46,1520616726.6579192,1,pnp,47,501,95,81,0.7243340611457825
47,1520616726.707921,1,pnp,48,499,104,88,0.7325274348258972
48,1520616726.7579222,1,pnp,49,517,119,109,0.6888777613639832
49,1520616726.807924,1,pnp,50,513,115,111,0.7520654201507568
50,1520616726.8579483,1,pnp,51,500,118,108,0.5907434821128845
51,1520616726.9079502,1,pnp,52,504,106,100,0.7506283521652222
52,1520616726.9579513,1,pnp,53,510,102,95,0.7538385391235352
53,1520616727.0079532,1,pnp,54,502,117,114,0.8278089761734009
54,1520616727.0579553,1,pnp,55,510,109,103,0.788536548614502
55,1520616727.1079564,1,pnp,56,518,112,103,0.6622128486633301
56,1520616727.1579583,1,pnp,57,508,126,118,0.7127739191055298
57,1520616727.2079592,1,pnp,58,515,122,117,0.6043864488601685
58,1520616727.257899,1,pnp,59,506,114,101,0.679362416267395
59,1520616727.3079,1,pnp,60,506,111,104,0.725507915019989
60,1520616727.3579018,1,pnp,61,487,115,111,0.7753490805625916
61,1520616727.4079041,1,pnp,62,498,117,112,0.7827158570289612
62,1520616727.457905,1,pnp,63,483,128,123,0.6195394992828369
63,1520616727.507907,1,pnp,64,497,117,113,0.7018749713897705
64,1520616727.557909,1,pnp,65,487,117,111,0.686653196811676
65,1520616727.60791,1,pnp,66,504,123,117,0.7321174740791321
66,1520616727.657912,1,pnp,67,516,127,124,0.6998193264007568
67,1520616727.7079134,1,pnp,68,498,120,117,0.4538576304912567
68,1520616727.7579134,1,pnp,69,483,114,113,0.2466258555650711
69,1520616727.8079164,1,pnp,70,499,116,116,0.11592750996351242
70,1520616727.8579173,1,pnp,71,508,118,112,0.31577324867248535
71,1520616727.9079185,1,pnp,72,488,111,107,0.49918144941329956
72,1520616727.9579203,1,pnp,73,487,112,106,0.563558042049408
73,1520616728.0079212,1,pnp,74,481,116,109,0.4747801125049591
74,1520616728.0579233,1,pnp,75,497,111,98,0.6481770277023315
75,1520616728.1079059,1,pnp,76,484,111,104,0.7875167727470398
76,1520616728.1579077,1,pnp,77,493,115,110,0.7062779664993286
77,1520616728.2079208,1,pnp,78,478,107,103,0.6446982026100159
78,1520616728.257911,1,pnp,79,487,103,100,0.5183355212211609
79,1520616728.3079128,1,pnp,80,489,129,129,0.08702680468559265
80,1520616728.3579137,1,pnp,81,490,126,126,0.2995982766151428
81,1520616728.4079158,1,pnp,82,474,114,112,0.5082485675811768
82,1520616728.4579167,1,pnp,83,472,123,122,0.1497843712568283
83,1520616728.5079417,1,pnp,84,471,121,121,4.059080310980789e-06
84,1520616728.5579429,1,pnp,85,490,117,114,0.44134974479675293
85,1520616728.6079447,1,pnp,86,482,120,114,0.30781102180480957
86,1520616728.6579468,1,pnp,87,500,116,113,0.3924903869628906
87,1520616728.707948,1,pnp,88,469,116,114,0.4099193513393402
88,1520616728.7579498,1,pnp,89,493,109,106,0.4714547395706177
89,1520616728.8079507,1,pnp,90,478,112,105,0.47307300567626953
90,1520616728.8579528,1,pnp,91,488,117,116,0.3521532416343689
91,1520616728.9079654,1,pnp,92,463,116,114,0.5028349757194519
92,1520616728.9579675,1,pnp,93,469,115,114,0.5401993989944458
93,1520616729.0079687,1,pnp,94,481,105,101,0.6239598393440247
94,1520616729.0579705,1,pnp,95,508,119,112,0.6405144333839417
95,1520616729.1079726,1,pnp,96,469,116,115,0.42236441373825073
96,1520616729.1579735,1,pnp,97,464,133,133,0.24703450500965118
97,1520616729.2079756,1,pnp,98,492,128,126,0.3906041383743286
98,1520616729.2579777,1,pnp,99,477,115,114,0.5329008102416992
99,1520616729.3079965,1,pnp,100,484,113,112,0.35428816080093384
100,1520616729.3579986,1,pnp,101,469,136,136,0.25915244221687317
101,1520616729.4080007,1,pnp,102,476,124,123,0.3741375207901001
102,1520616729.4580016,1,pnp,103,465,124,122,0.613419771194458
103,1520616729.5080028,1,pnp,104,480,109,104,0.6025370955467224
104,1520616729.5580046,1,pnp,105,473,111,107,0.6121745109558105
105,1520616729.6080065,1,pnp,106,488,120,119,0.34430137276649475
106,1520616729.6580076,1,pnp,107,497,122,121,0.2566183805465698
107,1520616729.7080185,1,pnp,108,466,112,107,0.5341678857803345
108,1520616729.7580194,1,pnp,109,471,110,104,0.6346852779388428
109,1520616729.8080206,1,pnp,110,464,110,100,0.5855271816253662
110,1520616729.8580685,1,pnp,111,471,116,109,0.6502560377120972
111,1520616729.9080243,1,pnp,112,474,113,111,0.6102061867713928
112,1520616729.9580255,1,pnp,113,477,123,122,0.26356521248817444
113,1520616730.0080276,1,pnp,114,465,136,134,0.18846441805362701
114,1520616730.0580285,1,pnp,115,461,138,138,0.11630003899335861
115,1520616730.1080306,1,pnp,116,483,127,124,0.3855907618999481
116,1520616730.158038,1,pnp,117,452,110,109,0.48989829421043396
117,1520616730.2080398,1,pnp,118,480,113,109,0.5403585433959961
118,1520616730.2580419,1,pnp,119,453,107,102,0.6259523630142212
119,1520616730.3080428,1,pnp,120,462,106,103,0.6169438362121582
120,1520616730.3580449,1,pnp,121,453,112,109,0.5347005724906921
121,1520616730.408046,1,pnp,122,455,134,134,0.20976898074150085
122,1520616730.4580479,1,pnp,123,442,131,130,0.2470851093530655
123,1520616730.5080497,1,pnp,124,441,105,101,0.5590121150016785
124,1520616730.5580509,1,pnp,125,467,107,103,0.6690744161605835
125,1520616730.6080518,1,pnp,126,483,115,111,0.6007611155509949
126,1520616730.6580536,1,pnp,127,481,106,104,0.5595352649688721
127,1520616730.708056,1,pnp,128,478,115,113,0.2566949427127838
128,1520616730.7580569,1,pnp,129,478,121,118,0.23606884479522705
129,1520616730.8080587,1,pnp,130,491,122,120,0.2824285626411438
130,1520616730.8580608,1,pnp,131,485,111,107,0.6191009283065796
131,1520616730.9080627,1,pnp,132,474,110,107,0.6609949469566345
132,1520616730.9580517,1,pnp,133,452,113,109,0.7142203450202942
133,1520616731.0080538,1,pnp,134,451,95,89,0.7050143480300903
134,1520616731.0580547,1,pnp,135,445,112,98,0.7871631383895874
135,1520616731.1080556,1,pnp,136,463,101,90,0.7259113788604736
136,1520616731.158058,1,pnp,137,454,103,87,0.7712222933769226
137,1520616731.2080588,1,pnp,138,463,86,74,0.7405370473861694
138,1520616731.258061,1,pnp,139,457,95,86,0.7252755761146545
139,1520616731.3080618,1,pnp,140,448,72,69,0.8668471574783325
140,1520616731.358057,1,pnp,141,498,75,65,0.7214092016220093
141,1520616731.408059,1,pnp,142,479,70,63,0.6691350340843201
142,1520616731.45806,1,pnp,143,475,67,60,0.8460817933082581
143,1520616731.508142,1,pnp,144,472,78,70,0.8123319745063782
144,1520616731.558063,1,pnp,145,468,66,61,0.6573536992073059
145,1520616731.6080651,1,pnp,146,468,81,76,0.8085282444953918
146,1520616731.658066,1,pnp,147,448,66,60,0.7844606637954712
147,1520616731.708068,1,pnp,148,440,71,66,0.8716307878494263
148,1520616731.7578857,1,pnp,149,403,81,77,0.7261990308761597
149,1520616731.807888,1,pnp,150,379,57,51,0.8416955471038818
150,1520616731.85789,1,pnp,151,364,75,68,0.902687132358551
151,1520616731.9078908,1,pnp,152,358,72,67,0.6853241920471191
152,1520616731.957893,1,pnp,153,360,80,74,0.7662555575370789
153,1520616732.0078938,1,pnp,154,350,68,62,0.7880189418792725
154,1520616732.0578957,1,pnp,155,326,72,70,0.6732668876647949
155,1520616732.107897,1,pnp,156,326,90,85,0.8201813101768494
156,1520616732.1579428,1,pnp,157,322,86,81,0.6798483729362488
157,1520616732.2079437,1,pnp,158,332,78,74,0.8511978983879089
158,1520616732.2579458,1,pnp,159,331,83,73,0.8187284469604492
159,1520616732.3079479,1,pnp,160,319,94,84,0.8189783692359924
160,1520616732.3579488,1,pnp,161,315,95,90,0.7479636669158936
161,1520616732.4079506,1,pnp,162,296,85,79,0.824561595916748
162,1520616732.457953,1,pnp,163,273,73,66,0.7773936986923218
163,1520616732.5079536,1,pnp,164,273,75,67,0.8233469724655151
164,1520616732.557956,1,pnp,165,260,66,59,0.6239617466926575
165,1520616732.6082392,1,pnp,166,296,64,55,0.6249727606773376
166,1520616732.658241,1,pnp,167,308,80,76,0.6650379300117493
167,1520616732.7082422,1,pnp,168,300,72,66,0.8314369916915894
168,1520616732.7582443,1,pnp,169,318,73,69,0.8114622235298157
169,1520616732.808248,1,pnp,170,309,85,79,0.8758862018585205
170,1520616732.8582473,1,pnp,171,313,82,72,0.8122550845146179
171,1520616732.9082491,1,pnp,172,310,80,71,0.7695655822753906
172,1520616732.95825,1,pnp,173,285,79,72,0.7560290098190308
173,1520616733.0083506,1,pnp,174,262,72,62,0.7707076072692871
174,1520616733.0583515,1,pnp,175,268,68,64,0.8481413722038269
175,1520616733.1083534,1,pnp,176,247,56,49,0.7583184242248535
176,1520616733.1583545,1,pnp,177,255,61,57,0.7557651996612549
177,1520616733.2083564,1,pnp,178,263,51,46,0.8514003157615662
178,1520616733.2583573,1,pnp,179,314,62,53,0.6877120733261108
179,1520616733.3083596,1,pnp,180,379,64,58,0.7808611989021301
180,1520616733.3583605,1,pnp,181,423,70,63,0.915666401386261
181,1520616733.4083955,1,pnp,182,399,81,79,0.8369778394699097
182,1520616733.4583976,1,pnp,183,383,85,79,0.7651932835578918
183,1520616733.5083988,1,pnp,184,381,99,93,0.7609393000602722
184,1520616733.5584006,1,pnp,185,381,102,94,0.8669170141220093
185,1520616733.6084018,1,pnp,186,398,74,66,0.7655705213546753
186,1520616733.6584036,1,pnp,187,406,78,64,0.7896162867546082
187,1520616733.7084045,1,pnp,188,420,87,79,0.8538191914558411
188,1520616733.7584066,1,pnp,189,468,88,79,0.7971792817115784
189,1520616733.8082845,1,pnp,190,439,85,74,0.6093195080757141
190,1520616733.8582864,1,pnp,191,444,90,83,0.7228712439537048
191,1520616733.9082882,1,pnp,192,445,100,92,0.8053881525993347
192,1520616733.9582894,1,pnp,193,430,97,90,0.8390790224075317
193,1520616734.0082915,1,pnp,194,410,96,89,0.806330680847168
194,1520616734.0582926,1,pnp,195,427,97,94,0.7990272641181946
195,1520616734.1082945,1,pnp,196,416,104,90,0.6925182938575745
196,1520616734.1582963,1,pnp,197,397,88,84,0.8092042207717896
197,1520616734.2084305,1,pnp,198,439,86,75,0.7503498196601868
198,1520616734.2584317,1,pnp,199,460,88,73,0.9142464995384216
199,1520616734.3084326,1,pnp,200,496,94,92,0.8291627764701843
200,1520616734.3584347,1,pnp,201,517,107,101,0.7693359851837158
201,1520616734.4084365,1,pnp,202,534,116,107,0.694226086139679
202,1520616734.4584374,1,pnp,203,532,110,101,0.7747801542282104
203,1520616734.5084386,1,pnp,204,508,112,99,0.7832908034324646
204,1520616734.5584404,1,pnp,205,507,108,98,0.7710289359092712
205,1520616734.6080363,1,pnp,206,430,98,85,0.6827539801597595
206,1520616734.6580372,1,pnp,207,449,98,92,0.7551884055137634
207,1520616734.7080393,1,pnp,208,446,104,97,0.725748598575592
208,1520616734.7580402,1,pnp,209,441,82,71,0.8219953179359436
209,1520616734.808042,1,pnp,210,455,93,82,0.7753993272781372
210,1520616734.8580432,1,pnp,211,486,88,75,0.7776594758033752
211,1520616734.908045,1,pnp,212,526,89,80,0.7559091448783875
212,1520616734.958046,1,pnp,213,516,99,85,0.8034080862998962
213,1520616735.0080483,1,pnp,214,493,91,78,0.7548561096191406
214,1520616735.0579114,1,pnp,215,421,76,68,0.8853079676628113
215,1520616735.1079125,1,pnp,216,470,79,68,0.8115237951278687
216,1520616735.1579144,1,pnp,217,502,72,66,0.7394617795944214
217,1520616735.2079153,1,pnp,218,472,69,58,0.9277037382125854
218,1520616735.2579176,1,pnp,219,336,57,46,0.7861788868904114
219,1520616735.3079185,1,pnp,220,266,46,43,0.8102454543113708
220,1520616735.3579204,1,pnp,221,258,44,44,0.780598521232605
221,1520616735.4079216,1,pnp,222,253,39,32,0.8737080097198486
222,1520616735.4581652,1,pnp,223,246,37,33,0.790473461151123
223,1520616735.508167,1,pnp,224,244,54,48,0.8505859375
224,1520616735.5581682,1,pnp,225,294,56,48,0.89498370885849
225,1520616735.60817,1,pnp,226,294,59,53,0.8107501268386841
226,1520616735.658171,1,pnp,227,249,65,61,0.8824163675308228
227,1520616735.708173,1,pnp,228,248,59,55,0.7502706050872803
228,1520616735.7581751,1,pnp,229,257,56,49,0.8407979607582092
229,1520616735.808176,1,pnp,230,236,63,62,0.7881121635437012
230,1520616735.8588061,1,pnp,231,321,51,46,0.7623100876808167
231,1520616735.9088082,1,pnp,232,340,62,59,0.7239322066307068
232,1520616735.9588091,1,pnp,233,349,67,66,0.7111189961433411
233,1520616736.008811,1,pnp,234,332,74,65,0.8031255602836609
234,1520616736.0588121,1,pnp,235,322,63,60,0.726867139339447
235,1520616736.1088142,1,pnp,236,326,57,53,0.9092689156532288
236,1520616736.1588151,1,pnp,237,346,63,58,0.9369828104972839
237,1520616736.2088172,1,pnp,238,375,67,64,0.9070520401000977
238,1520616736.2583983,1,pnp,239,297,64,56,0.7847160696983337
239,1520616736.3084002,1,pnp,240,312,70,62,0.7844969034194946
240,1520616736.358401,1,pnp,241,299,49,44,0.8100605607032776
241,1520616736.4084244,1,pnp,242,295,52,49,0.7607825994491577
242,1520616736.4584043,1,pnp,243,309,47,39,0.932797372341156
243,1520616736.5084062,1,pnp,244,297,53,50,0.8864640593528748
244,1520616736.5584073,1,pnp,245,302,51,43,0.8211586475372314
245,1520616736.6084092,1,pnp,246,298,56,47,0.9216364026069641
246,1520616736.658057,1,pnp,247,219,50,46,0.7939727306365967
247,1520616736.708058,1,pnp,248,221,52,48,0.6430291533470154
248,1520616736.7580602,1,pnp,249,237,45,40,0.8937287926673889
249,1520616736.8080611,1,pnp,250,244,37,34,0.8254231810569763
250,1520616736.8580632,1,pnp,251,226,39,34,0.6776915788650513
251,1520616736.9080641,1,pnp,252,225,39,37,0.8442803025245667
252,1520616736.958066,1,pnp,253,232,34,28,0.8621649742126465
253,1520616737.0080671,1,pnp,254,278,45,42,0.8248172402381897
254,1520616737.058069,1,pnp,255,325,41,36,0.9057559967041016
255,1520616737.1079397,1,pnp,256,323,52,45,0.8692173957824707
256,1520616737.1579406,1,pnp,257,320,51,44,0.6379949450492859
257,1520616737.2079427,1,pnp,258,330,50,45,0.7167493104934692
258,1520616737.2579436,1,pnp,259,342,55,50,0.825808048248291
259,1520616737.3079455,1,pnp,260,377,56,47,0.7827439308166504
260,1520616737.3579478,1,pnp,261,343,66,60,0.8187573552131653
261,1520616737.4079487,1,pnp,262,371,65,54,0.6950501203536987
262,1520616737.4579506,1,pnp,263,397,61,55,0.8156556487083435
263,1520616737.5080173,1,pnp,264,397,50,42,0.8971965909004211
264,1520616737.5580184,1,pnp,265,283,63,52,0.8981727957725525
265,1520616737.6080203,1,pnp,266,276,40,36,0.7813653349876404
266,1520616737.6580222,1,pnp,267,186,33,31,0.7465682029724121
267,1520616737.7080233,1,pnp,268,188,39,36,0.7265867590904236
268,1520616737.7580242,1,pnp,269,214,41,37,0.6775870323181152
269,1520616737.8080263,1,pnp,270,209,52,46,0.7994737029075623
270,1520616737.8580275,1,pnp,271,166,47,44,0.6520224213600159
271,1520616737.9083602,1,pnp,272,280,54,48,0.8761670589447021
272,1520616737.9583611,1,pnp,273,259,74,63,0.8410971760749817
273,1520616738.0083632,1,pnp,274,253,81,77,0.6899012923240662
274,1520616738.0584161,1,pnp,275,277,83,75,0.7232499122619629
275,1520616738.1083663,1,pnp,276,300,69,64,0.8010205626487732
276,1520616738.1583674,1,pnp,277,305,57,47,0.8760000467300415
277,1520616738.2083693,1,pnp,278,326,47,43,0.9622547626495361
278,1520616738.258371,1,pnp,279,312,47,39,1.1301759481430054
279,1520616738.3084052,1,pnp,280,382,46,38,0.999485433101654
280,1520616738.358407,1,pnp,281,400,51,42,1.0212392807006836
281,1520616738.408408,1,pnp,282,382,49,39,0.8960392475128174
282,1520616738.45841,1,pnp,283,342,45,36,0.7618131637573242
283,1520616738.508411,1,pnp,284,367,58,51,0.882070779800415
284,1520616738.5584128,1,pnp,285,419,66,57,0.7743614315986633
285,1520616738.608414,1,pnp,286,403,70,64,0.7046273350715637
286,1520616738.658416,1,pnp,287,413,89,77,0.901464581489563
287,1520616738.7083375,1,pnp,288,416,70,61,0.9118247032165527
288,1520616738.7583387,1,pnp,289,384,55,50,0.8072648048400879
289,1520616738.8083405,1,pnp,290,322,45,39,0.7892836332321167
290,1520616738.8583415,1,pnp,291,357,59,52,0.8400673866271973
291,1520616738.9083436,1,pnp,292,350,40,33,0.9679250121116638
292,1520616738.9583445,1,pnp,293,369,65,54,0.9225186705589294
293,1520616739.0083466,1,pnp,294,328,66,59,0.8533511161804199
294,1520616739.0583487,1,pnp,295,311,70,68,0.8322482705116272
295,1520616739.1084487,1,pnp,296,315,78,75,0.7305506467819214
296,1520616739.1584508,1,pnp,297,305,75,73,0.8112078905105591
297,1520616739.208453,1,pnp,298,295,69,62,0.8041673302650452
298,1520616739.2584548,1,pnp,299,288,66,60,0.756286084651947
299,1520616739.3084557,1,pnp,300,323,52,48,0.8472463488578796
300,1520616739.3584569,1,pnp,301,371,48,41,0.8970558047294617
301,1520616739.4084578,1,pnp,302,366,41,35,0.7616037726402283
302,1520616739.4584608,1,pnp,303,390,50,43,0.8833165764808655
303,1520616739.508462,1,pnp,304,507,51,45,0.6809542179107666
304,1520616739.558615,1,pnp,305,547,89,72,0.928328812122345
305,1520616739.6086168,1,pnp,306,502,93,83,0.9029080271720886
306,1520616739.658619,1,pnp,307,491,85,75,0.8571574091911316
307,1520616739.7086997,1,pnp,308,488,102,87,0.9154382944107056
308,1520616739.7586207,1,pnp,309,500,95,84,0.8229368925094604
309,1520616739.8086228,1,pnp,310,481,92,74,0.8878198266029358
310,1520616739.858625,1,pnp,311,467,82,67,0.8911289572715759
311,1520616739.9086258,1,pnp,312,467,76,69,0.8570042848587036
312,1520616739.9585452,1,pnp,313,442,70,60,0.954992949962616
313,1520616740.0085464,1,pnp,314,367,66,53,0.860586404800415
314,1520616740.0585482,1,pnp,315,373,64,55,0.8322436213493347
315,1520616740.108549,1,pnp,316,399,71,66,0.8207491636276245
316,1520616740.1585515,1,pnp,317,378,78,72,0.8789359331130981
317,1520616740.2085524,1,pnp,318,381,100,93,0.7738208770751953
318,1520616740.2585545,1,pnp,319,388,80,72,0.9046952724456787
319,1520616740.3085563,1,pnp,320,370,58,47,0.8514330983161926
320,1520616740.3583453,1,pnp,321,433,56,49,0.7494627237319946
321,1520616740.4083471,1,pnp,322,464,61,57,0.8128473162651062
322,1520616740.4583492,1,pnp,323,449,76,67,0.8624601364135742
323,1520616740.5083504,1,pnp,324,450,88,78,0.8589445352554321
324,1520616740.5583513,1,pnp,325,438,82,74,0.8629704117774963
325,1520616740.6083531,1,pnp,326,409,76,68,0.8352319598197937
326,1520616740.6583552,1,pnp,327,431,88,85,0.7334198355674744
327,1520616740.708357,1,pnp,328,425,76,70,0.87064528465271
328,1520616740.7582011,1,pnp,329,409,57,50,0.9301464557647705
329,1520616740.8082032,1,pnp,330,426,68,59,0.9592537879943848
330,1520616740.858204,1,pnp,331,416,62,51,0.9313385486602783
331,1520616740.9082062,1,pnp,332,413,59,49,0.8647345900535583
332,1520616740.958208,1,pnp,333,374,59,52,0.8830591440200806
333,1520616741.008209,1,pnp,334,359,57,53,0.9197511672973633
334,1520616741.058211,1,pnp,335,346,50,44,0.8423817753791809
335,1520616741.108212,1,pnp,336,332,52,44,0.9391185641288757
336,1520616741.1581452,1,pnp,337,353,45,39,0.6651262640953064
337,1520616741.208147,1,pnp,338,311,40,36,0.6652662754058838
338,1520616741.258148,1,pnp,339,265,49,42,0.9053953289985657
339,1520616741.30815,1,pnp,340,261,48,43,0.9044767618179321
340,1520616741.358151,1,pnp,341,273,47,42,0.8703885674476624
341,1520616741.4081528,1,pnp,342,258,51,47,0.9412764310836792
342,1520616741.4581552,1,pnp,343,274,58,56,0.7835610508918762
343,1520616741.508156,1,pnp,344,258,46,44,0.6496124267578125
344,1520616741.558158,1,pnp,345,283,48,42,0.9681456089019775
345,1520616741.608345,1,pnp,346,338,48,41,0.7992159724235535
346,1520616741.658347,1,pnp,347,346,53,50,0.8835157155990601
347,1520616741.708348,1,pnp,348,322,46,40,0.7409694790840149
348,1520616741.75835,1,pnp,349,306,40,36,0.6968289017677307
349,1520616741.8083508,1,pnp,350,371,34,34,0.7207663059234619
350,1520616741.858353,1,pnp,351,376,35,31,0.7602897882461548
351,1520616741.908355,1,pnp,352,411,67,60,0.7882267236709595
352,1520616741.958356,1,pnp,353,479,66,55,0.7303768396377563
353,1520616742.00856,1,pnp,354,519,70,56,0.8625622391700745
354,1520616742.058561,1,pnp,355,523,73,63,0.8510255217552185
355,1520616742.108563,1,pnp,356,500,86,72,0.7471696734428406
356,1520616742.1585639,1,pnp,357,501,56,50,0.8422149419784546
357,1520616742.2085662,1,pnp,358,515,51,47,0.8558221459388733
358,1520616742.258568,1,pnp,359,417,46,42,0.8271489143371582
359,1520616742.30857,1,pnp,360,356,29,27,0.6519401669502258
360,1520616742.358571,1,pnp,361,352,29,28,0.6738423109054565
361,1520616742.40846,1,pnp,362,390,43,37,0.7533308863639832
362,1520616742.4584608,1,pnp,363,359,60,50,0.833390474319458
363,1520616742.5084627,1,pnp,364,375,65,56,0.8362252712249756
364,1520616742.5584638,1,pnp,365,359,67,60,0.8781940937042236
365,1520616742.6084647,1,pnp,366,367,55,41,0.9372560381889343
366,1520616742.6584668,1,pnp,367,380,70,64,0.8268930315971375
367,1520616742.708469,1,pnp,368,361,66,60,0.8109806776046753
368,1520616742.7584698,1,pnp,369,373,70,59,0.9591580629348755
369,1520616742.8083088,1,pnp,370,300,64,55,0.734366238117218
370,1520616742.8583107,1,pnp,371,280,54,49,0.7519345879554749
371,1520616742.9083116,1,pnp,372,342,43,37,0.7979493141174316
372,1520616742.9583127,1,pnp,373,328,36,32,0.745549738407135
373,1520616743.0083146,1,pnp,374,366,34,27,0.7680460810661316
374,1520616743.0583167,1,pnp,375,415,35,33,0.8463268280029297
375,1520616743.1083179,1,pnp,376,455,54,47,0.8476888537406921
376,1520616743.1583197,1,pnp,377,394,54,45,0.7630146741867065
377,1520616743.2082062,1,pnp,378,320,48,39,0.8050117492675781
378,1520616743.258208,1,pnp,379,300,55,48,0.8954917192459106
379,1520616743.3082092,1,pnp,380,287,62,55,0.7773854732513428
380,1520616743.3582113,1,pnp,381,315,76,62,0.7261238098144531
381,1520616743.408212,1,pnp,382,292,74,65,0.7867404818534851
382,1520616743.4582143,1,pnp,383,312,56,50,0.8405943512916565
383,1520616743.5082161,1,pnp,384,303,58,49,0.7665371298789978
384,1520616743.558217,1,pnp,385,325,53,48,0.7128424048423767
385,1520616743.6081693,1,pnp,386,330,60,52,0.8505728244781494
386,1520616743.6581705,1,pnp,387,325,65,61,0.7484660148620605
387,1520616743.7081723,1,pnp,388,347,65,63,0.792035698890686
388,1520616743.7581732,1,pnp,389,344,72,66,0.7707391381263733
389,1520616743.8081756,1,pnp,390,344,65,59,0.8053941130638123
390,1520616743.8581774,1,pnp,391,338,55,48,0.8231021165847778
391,1520616743.9081783,1,pnp,392,347,60,51,0.7910420894622803
392,1520616743.9581804,1,pnp,393,286,65,56,0.6601057052612305
393,1520616744.0081823,1,pnp,394,273,54,49,0.787270188331604
394,1520616744.0581133,1,pnp,395,271,52,48,0.68338543176651
395,1520616744.1081154,1,pnp,396,268,47,41,0.8378831744194031
396,1520616744.1581163,1,pnp,397,257,45,43,1.0412713289260864
397,1520616744.2081184,1,pnp,398,270,43,39,0.7352839708328247
398,1520616744.2581196,1,pnp,399,292,48,45,0.88558429479599
399,1520616744.3081214,1,pnp,400,295,64,53,0.9332154393196106
400,1520616744.3581233,1,pnp,401,283,62,57,0.7335566282272339
401,1520616744.4081244,1,pnp,402,280,50,42,0.9089789986610413
402,1520616744.458284,1,pnp,403,339,43,39,0.8820233345031738
403,1520616744.5082848,1,pnp,404,290,42,37,0.7789586782455444
404,1520616744.558286,1,pnp,405,213,43,41,0.8224321007728577
405,1520616744.608301,1,pnp,406,179,48,43,0.7075743079185486
406,1520616744.6582897,1,pnp,407,173,45,43,0.6954860687255859
407,1520616744.7082908,1,pnp,408,169,38,34,0.7029925584793091
408,1520616744.758293,1,pnp,409,168,52,44,0.8058784604072571
409,1520616744.8082938,1,pnp,410,180,44,39,0.9232631921768188
410,1520616744.8592057,1,pnp,411,392,56,51,0.8336558938026428
411,1520616744.9092069,1,pnp,412,376,85,77,0.8010066151618958
412,1520616744.9592087,1,pnp,413,351,56,50,0.9857693314552307
413,1520616745.0092096,1,pnp,414,390,57,48,0.8294315338134766
414,1520616745.059212,1,pnp,415,432,73,66,0.7973396182060242
415,1520616745.1092138,1,pnp,416,467,71,67,0.8851526379585266
416,1520616745.1592147,1,pnp,417,422,78,67,0.8592069149017334
417,1520616745.2092168,1,pnp,418,397,60,55,0.9785648584365845
418,1520616745.259242,1,pnp,419,389,76,65,0.8791753053665161
419,1520616745.309244,1,pnp,420,370,66,62,0.8685591816902161
420,1520616745.359245,1,pnp,421,371,48,43,0.8192447423934937
421,1520616745.4092472,1,pnp,422,382,55,45,0.8376073241233826
422,1520616745.4592493,1,pnp,423,375,60,44,0.9412928223609924
423,1520616745.5092502,1,pnp,424,396,59,51,0.8358397483825684
424,1520616745.559252,1,pnp,425,375,62,56,0.8139364123344421
425,1520616745.6092541,1,pnp,426,387,68,58,0.7971693873405457
426,1520616745.6583967,1,pnp,427,229,55,51,0.7469472289085388
427,1520616745.7083986,1,pnp,428,213,54,53,0.556322455406189
428,1520616745.7583997,1,pnp,429,218,54,50,0.7211477756500244
429,1520616745.8084018,1,pnp,430,226,57,53,0.7200884222984314
430,1520616745.8584027,1,pnp,431,244,47,40,0.6705455780029297
431,1520616745.9084048,1,pnp,432,220,45,40,1.030394434928894
432,1520616745.9584057,1,pnp,433,225,48,43,0.7565264105796814
433,1520616746.0084076,1,pnp,434,261,56,47,0.8590124845504761
434,1520616746.0583758,1,pnp,435,276,54,51,0.9430122971534729
435,1520616746.1083767,1,pnp,436,287,68,62,0.8886516690254211
436,1520616746.158378,1,pnp,437,311,67,61,0.809522271156311
437,1520616746.2083797,1,pnp,438,347,67,56,0.7551799416542053
438,1520616746.2584226,1,pnp,439,343,64,51,0.9331792593002319
439,1520616746.3083827,1,pnp,440,337,49,43,0.8665096759796143
440,1520616746.3583848,1,pnp,441,338,46,42,0.9254367351531982
441,1520616746.4083855,1,pnp,442,336,48,39,0.8455474376678467
442,1520616746.4583879,1,pnp,443,346,39,37,0.8741639256477356
443,1520616746.5088725,1,pnp,444,491,52,45,0.8910127282142639
444,1520616746.5588744,1,pnp,445,419,65,57,0.7480927109718323
445,1520616746.6088753,1,pnp,446,412,69,59,0.8998866081237793
446,1520616746.6588776,1,pnp,447,405,76,66,0.7734963297843933
447,1520616746.7088795,1,pnp,448,400,71,69,0.8942779898643494
448,1520616746.7588804,1,pnp,449,368,65,54,0.7462390661239624
449,1520616746.8088825,1,pnp,450,371,64,56,0.7741180658340454
450,1520616746.8588834,1,pnp,451,377,70,62,0.7693963050842285
451,1520616746.909001,1,pnp,452,465,64,56,0.7792085409164429
452,1520616746.959002,1,pnp,453,472,70,58,0.8948378562927246
453,1520616747.009004,1,pnp,454,475,56,53,0.8065436482429504
454,1520616747.059006,1,pnp,455,460,56,46,0.843684732913971
455,1520616747.1090071,1,pnp,456,488,51,44,0.6942002177238464
456,1520616747.1590092,1,pnp,457,479,68,61,0.7432566285133362
457,1520616747.209011,1,pnp,458,491,76,71,0.8448776006698608
458,1520616747.2590122,1,pnp,459,461,90,86,0.7624631524085999
459,1520616747.308445,1,pnp,460,384,72,64,0.7635520100593567
460,1520616747.358446,1,pnp,461,375,79,72,0.7520946264266968
461,1520616747.408448,1,pnp,462,385,74,72,0.797956645488739
462,1520616747.458449,1,pnp,463,367,87,79,0.701376736164093
463,1520616747.508451,1,pnp,464,336,72,66,0.7186541557312012
464,1520616747.5584521,1,pnp,465,328,67,64,0.8424418568611145
465,1520616747.608454,1,pnp,466,334,68,56,0.7976893782615662
466,1520616747.6584558,1,pnp,467,334,68,57,0.9342788457870483
467,1520616747.7083504,1,pnp,468,351,66,57,0.9073274731636047
468,1520616747.7583523,1,pnp,469,374,72,64,0.7814309000968933
469,1520616747.8083534,1,pnp,470,392,77,64,0.8480125665664673
470,1520616747.8583553,1,pnp,471,428,78,73,0.7918746471405029
471,1520616747.9084232,1,pnp,472,410,80,70,0.860946536064148
472,1520616747.9583583,1,pnp,473,414,85,78,0.9567784070968628
473,1520616748.0083592,1,pnp,474,403,95,85,0.7962343692779541
474,1520616748.0583613,1,pnp,475,392,88,78,0.8498796224594116
475,1520616748.1084752,1,pnp,476,371,88,79,0.7116036415100098
476,1520616748.1584773,1,pnp,477,384,88,75,0.8427538871765137
477,1520616748.2084782,1,pnp,478,396,83,72,0.8469691872596741
478,1520616748.2584803,1,pnp,479,410,74,65,0.7527962327003479
479,1520616748.3084824,1,pnp,480,420,71,65,0.8387411236763
480,1520616748.3584833,1,pnp,481,406,68,62,0.814741313457489
481,1520616748.4084852,1,pnp,482,503,65,54,0.7665985822677612
482,1520616748.4584863,1,pnp,483,454,63,60,0.8391124606132507
483,1520616748.5084882,1,pnp,484,403,54,48,0.7834012508392334
484,1520616748.558606,1,pnp,485,395,56,48,0.994259774684906
485,1520616748.6086078,1,pnp,486,363,61,53,0.8330106139183044
486,1520616748.65861,1,pnp,487,384,73,67,0.9842689633369446
487,1520616748.708611,1,pnp,488,413,73,59,0.803081214427948
488,1520616748.758613,1,pnp,489,372,71,61,0.8894953727722168
489,1520616748.808614,1,pnp,490,333,77,75,0.8359363079071045
490,1520616748.8586159,1,pnp,491,307,70,66,0.7829912304878235
491,1520616748.908617,1,pnp,492,310,75,70,0.795238733291626
492,1520616748.9588325,1,pnp,493,367,72,61,0.8597546815872192
493,1520616749.0088344,1,pnp,494,362,73,63,0.7359899878501892
494,1520616749.0588355,1,pnp,495,343,68,59,0.8021152019500732
495,1520616749.1088374,1,pnp,496,377,68,63,0.825070321559906
496,1520616749.1588383,1,pnp,497,393,77,72,0.7274916172027588
497,1520616749.2088406,1,pnp,498,377,66,56,0.7691051363945007
498,1520616749.2588425,1,pnp,499,354,65,56,0.790285587310791
499,1520616749.3088434,1,pnp,500,364,68,62,0.9022469520568848
500,1520616749.3587985,1,pnp,501,375,65,57,0.7651711106300354
501,1520616749.4087994,1,pnp,502,383,75,68,0.8110633492469788
502,1520616749.4588013,1,pnp,503,381,76,60,0.8865855932235718
503,1520616749.5088024,1,pnp,504,362,63,56,0.8337228894233704
504,1520616749.5588944,1,pnp,505,365,63,54,0.88263338804245
505,1520616749.6088054,1,pnp,506,393,63,58,0.7944203019142151
506,1520616749.6588073,1,pnp,507,376,76,64,0.9488092660903931
507,1520616749.7088082,1,pnp,508,365,71,60,0.9564710855484009
508,1520616749.7591887,1,pnp,509,447,62,50,0.8215232491493225
509,1520616749.8091898,1,pnp,510,319,67,60,0.8253957629203796
510,1520616749.8591917,1,pnp,511,304,56,49,1.0894979238510132
511,1520616749.9091935,1,pnp,512,244,47,41,0.7389793395996094
512,1520616749.9591947,1,pnp,513,217,53,45,0.8049057722091675
513,1520616750.0091965,1,pnp,514,213,45,39,0.7752404808998108
514,1520616750.059198,1,pnp,515,180,47,38,0.9360977411270142
515,1520616750.1091998,1,pnp,516,186,38,31,1.0538333654403687
516,1520616750.160124,1,pnp,517,181,35,26,1.0170037746429443
517,1520616750.210125,1,pnp,518,145,32,29,1.0680972337722778
518,1520616750.2601268,1,pnp,519,152,37,33,0.9062181115150452
519,1520616750.310128,1,pnp,520,149,43,31,0.8646673560142517
520,1520616750.3601298,1,pnp,521,115,31,25,1.0490734577178955
521,1520616750.410131,1,3d3d,522,113,19,18,0.7204661965370178
522,1520616750.460133,1,3d3d,523,130,21,21,1.2007091045379639
523,1520616750.5101337,1,3d3d,524,153,21,19,1.354236364364624
524,1520616750.5603967,1,pnp,525,173,30,27,0.8294850587844849
525,1520616750.6103978,1,3d3d,526,173,31,27,1.7844501733779907
526,1520616750.6603997,1,pnp,527,177,34,31,0.8949002027511597
527,1520616750.7104006,1,pnp,528,225,41,38,0.8641536831855774
528,1520616750.7604027,1,pnp,529,217,49,42,0.8974797129631042
529,1520616750.8104036,1,pnp,530,209,42,35,0.9287211894989014
530,1520616750.8604088,1,pnp,531,218,31,26,0.8204341530799866
531,1520616750.9104068,1,3d3d,532,204,24,19,1.295580267906189
532,1520616750.9604077,1,pnp,533,212,41,35,0.8860884308815002
533,1520616751.010887,1,pnp,534,223,43,36,0.7666335701942444
534,1520616751.0608892,1,pnp,535,254,52,43,0.8236731290817261
535,1520616751.1108902,1,pnp,536,257,65,51,0.8959138989448547
536,1520616751.160892,1,pnp,537,251,56,51,0.8459135890007019
537,1520616751.2108932,1,pnp,538,237,54,48,0.8550468683242798
538,1520616751.260895,1,pnp,539,206,58,50,0.8630358576774597
539,1520616751.3108962,1,pnp,540,214,40,36,0.7549839615821838
540,1520616751.3608983,1,pnp,541,185,41,35,0.8846634030342102
541,1520616751.4137292,1,3d3d,542,200,32,20,3.369297742843628
542,1520616751.463731,1,pnp,543,145,33,31,0.7942006587982178
543,1520616751.513733,1,pnp+dense-dense,544,215,29,24,0.7698594927787781
544,1520616751.563734,1,pnp,545,167,32,27,0.8865208029747009
545,1520616751.613736,1,pnp,546,178,43,39,0.8883498907089233
546,1520616751.6637368,1,pnp,547,171,32,30,0.8139166831970215
547,1520616751.7137392,1,pnp,548,171,27,25,0.8569618463516235
548,1520616751.76374,1,pnp,549,151,34,30,0.806847333908081
549,1520616751.8168342,1,pnp,550,177,32,29,0.7757460474967957
550,1520616751.866836,1,pnp,551,190,35,32,0.7265316247940063
551,1520616751.916837,1,pnp,552,228,30,29,0.4801047444343567
552,1520616751.966839,1,pnp,553,254,31,28,0.8876428604125977
553,1520616752.01684,1,pnp,554,294,39,33,0.8028704524040222
554,1520616752.0668418,1,pnp,555,314,41,34,0.8752507567405701
555,1520616752.116843,1,pnp,556,331,41,31,0.8797760009765625
556,1520616752.166845,1,pnp,557,360,37,28,0.8999404907226562
557,1520616752.2174406,1,pnp,558,413,41,36,0.8598384857177734
558,1520616752.2674415,1,pnp,559,480,51,42,0.8536568284034729
559,1520616752.3174434,1,pnp,560,429,51,40,0.861493706703186
560,1520616752.3674457,1,pnp,561,421,77,54,0.7831534147262573
561,1520616752.4174466,1,pnp,562,429,70,51,0.723107099533081
562,1520616752.4674487,1,pnp,563,432,72,54,0.9455284476280212
563,1520616752.5174496,1,pnp,564,361,63,48,0.9366453886032104
564,1520616752.5674505,1,pnp,565,407,76,66,0.9143857955932617
565,1520616752.6171725,1,pnp,566,422,70,53,0.7950446605682373
566,1520616752.6671748,1,pnp,567,458,64,45,0.9830169081687927
567,1520616752.7171757,1,pnp,568,346,44,31,0.8967899680137634
568,1520616752.7671776,1,3d3d,569,258,27,21,7.971096038818359
569,1520616752.8171787,1,3d3d,570,208,26,20,5.374814987182617
570,1520616752.8671806,1,pnp,571,209,32,29,0.7776519060134888
571,1520616752.9171817,1,pnp,572,204,36,33,0.7117145657539368
572,1520616752.9671838,1,pnp,573,203,33,28,0.9668347239494324
573,1520616753.0174646,1,pnp,574,202,35,28,0.8657240271568298
574,1520616753.0674665,1,pnp,575,193,34,32,0.5624303221702576
575,1520616753.1174686,1,pnp,576,186,41,37,0.7747973203659058
576,1520616753.1674697,1,pnp,577,185,46,35,0.6459381580352783
577,1520616753.2174716,1,pnp,578,186,39,37,0.574171781539917
578,1520616753.2674725,1,pnp,579,176,46,43,0.6622741222381592
579,1520616753.3174746,1,pnp,580,174,50,45,0.6038413643836975
580,1520616753.3674755,1,pnp,581,188,40,36,0.6756978034973145
581,1520616753.4174774,1,pnp,582,203,31,26,0.6495001316070557
582,1520616753.4674797,1,pnp,583,212,45,39,0.660474419593811
583,1520616753.5174806,1,pnp,584,186,35,32,0.7667654156684875
584,1520616753.5674825,1,pnp,585,214,34,32,0.7272701859474182
585,1520616753.6174836,1,pnp,586,221,38,33,0.9147257804870605
586,1520616753.6674855,1,pnp,587,215,43,40,0.6968743801116943
587,1520616753.7174864,1,pnp,588,211,41,35,0.8168883919715881
588,1520616753.7674887,1,pnp,589,214,46,45,0.6688473224639893
589,1520616753.8174894,1,pnp,590,213,53,49,0.7823613882064819
590,1520616753.8674924,1,pnp,591,216,52,44,0.9958639144897461
591,1520616753.9174936,1,pnp,592,221,52,46,0.8159298300743103
592,1520616753.9674945,1,pnp,593,201,34,31,0.8944480419158936
593,1520616754.0174966,1,pnp,594,197,46,40,1.0742155313491821
594,1520616754.0674987,1,pnp,595,261,50,43,0.9465476870536804
595,1520616754.1174996,1,pnp,596,255,46,39,0.8922467231750488
596,1520616754.1675007,1,pnp,597,312,55,40,1.0979759693145752
597,1520616754.2175026,1,pnp,598,362,56,50,1.0475728511810303
598,1520616754.2662141,1,pnp,599,440,63,44,1.1540237665176392
599,1520616754.316215,1,pnp,600,417,59,46,1.0261931419372559
600,1520616754.3662171,1,pnp,601,434,68,53,0.8119394779205322
601,1520616754.4162192,1,pnp,602,489,63,51,0.923179566860199
602,1520616754.466228,1,pnp,603,473,68,51,1.0028644800186157
603,1520616754.5162213,1,pnp,604,402,67,51,0.8882215619087219
604,1520616754.5662231,1,pnp,605,414,61,53,0.9905853867530823
605,1520616754.616225,1,pnp,606,413,83,69,0.8138994574546814
606,1520616754.6653552,1,pnp,607,363,78,68,0.8180878162384033
607,1520616754.715357,1,pnp,608,336,72,64,0.8690828084945679
608,1520616754.765358,1,pnp,609,288,38,35,0.8030111789703369
609,1520616754.81536,1,pnp,610,265,40,38,0.7962600588798523
610,1520616754.865361,1,pnp,611,303,32,32,0.752448558807373
611,1520616754.9153628,1,pnp,612,359,37,34,0.7449294924736023
612,1520616754.965364,1,pnp,613,309,38,36,0.8704938888549805
613,1520616755.015366,1,pnp,614,303,39,35,0.7272605299949646
614,1520616755.0625865,1,pnp,615,317,36,32,0.9475702047348022
615,1520616755.1125877,1,pnp,616,328,52,43,0.9113180637359619
616,1520616755.1625896,1,pnp,617,350,52,42,0.9085365533828735
617,1520616755.2125905,1,pnp,618,349,42,35,0.8366200923919678
618,1520616755.2625926,1,pnp,619,314,60,44,0.8799534440040588
619,1520616755.3125944,1,pnp,620,317,54,46,0.8667891025543213
620,1520616755.3625953,1,pnp,621,332,59,47,0.9609777927398682
621,1520616755.4125977,1,pnp,622,343,63,49,0.7238779664039612
622,1520616755.460412,1,pnp,623,267,43,35,1.0076472759246826
623,1520616755.5104141,1,pnp,624,275,55,54,0.6721228957176208
624,1520616755.560416,1,pnp,625,293,53,48,0.9010282158851624
625,1520616755.610417,1,pnp,626,295,57,51,0.584988534450531
626,1520616755.6604192,1,pnp,627,290,43,39,0.6154548525810242
627,1520616755.7104201,1,pnp,628,319,48,46,0.6940833330154419
628,1520616755.760421,1,pnp,629,329,57,46,0.9136878252029419
629,1520616755.8104231,1,pnp,630,350,57,50,0.9187281727790833
630,1520616755.860425,1,pnp,631,340,59,54,0.9949420094490051
631,1520616755.909452,1,pnp,632,252,41,37,0.8407107591629028
632,1520616755.959454,1,pnp,633,249,45,43,0.7639490365982056
633,1520616756.009455,1,pnp,634,236,37,34,0.7305536270141602
634,1520616756.0594568,1,pnp,635,230,43,38,0.7762593626976013
635,1520616756.109494,1,pnp,636,233,48,44,0.9360140562057495
636,1520616756.1594598,1,pnp,637,249,46,39,0.8882477283477783
637,1520616756.209462,1,pnp,638,270,45,40,0.9591138958930969
638,1520616756.259463,1,pnp,639,301,50,40,0.9335491061210632
639,1520616756.3090296,1,pnp,640,319,55,44,0.845158040523529
640,1520616756.3590307,1,pnp,641,345,64,46,0.9776644110679626
641,1520616756.4090326,1,pnp,642,366,57,44,1.0921984910964966
642,1520616756.4590335,1,pnp,643,307,54,43,0.8795443773269653
643,1520616756.5090356,1,pnp,644,246,41,36,0.9806572794914246
644,1520616756.5590365,1,pnp,645,215,33,26,0.8635216951370239
645,1520616756.6090384,1,pnp,646,196,31,26,1.0193291902542114
646,1520616756.6590407,1,pnp,647,152,39,32,0.9508690237998962
647,1520616756.7092476,1,pnp,648,189,40,32,1.0855002403259277
648,1520616756.7592497,1,pnp,649,211,38,31,0.980789840221405
649,1520616756.8092506,1,pnp,650,202,38,34,0.9320088624954224
650,1520616756.8592527,1,pnp,651,143,35,26,0.8691390752792358
651,1520616756.9092538,1,pnp,652,108,32,27,0.9798206090927124
652,1520616756.9592557,1,pnp+dense-dense,653,262,54,34,1.0112383365631104
653,1520616757.0092576,1,pnp+primary-dense,654,256,52,38,1.1163181066513062
654,1520616757.0592587,1,pnp+primary-dense,655,265,37,29,0.9755200147628784
655,1520616757.1117384,1,3d3d,656,156,23,22,4.305416107177734
656,1520616757.1617403,1,pnp+dense-dense,657,255,49,40,0.8734151721000671
657,1520616757.2117412,1,pnp+primary-dense,658,233,51,41,0.9147593975067139
658,1520616757.2617435,1,3d3d,659,96,19,16,4.609650611877441
659,1520616757.3117445,1,pnp+dense-dense,660,181,38,32,0.997951090335846
660,1520616757.3617463,1,pnp+primary-dense,661,151,25,20,0.811834990978241
661,1520616757.4117475,1,pnp+primary-dense,662,137,28,26,0.6764896512031555
662,1520616757.4617493,1,pnp+primary-dense,663,129,26,23,0.773181676864624
663,1520616757.517491,1,3d3d+primary-dense,664,175,18,14,1.3685640096664429
664,1520616757.567495,1,3d3d,665,192,22,18,1.719458818435669
665,1520616757.617495,1,pnp,666,249,32,30,0.7766291499137878
666,1520616757.6674972,1,pnp,667,302,31,29,0.6901542544364929
667,1520616757.717498,1,pnp,668,335,53,46,0.9667946100234985
668,1520616757.767558,1,pnp,669,329,55,46,0.8657408952713013
669,1520616757.817501,1,pnp,670,340,49,40,0.8581719994544983
670,1520616757.867502,1,pnp,671,328,56,43,0.9360650777816772
671,1520616757.917504,1,pnp,672,352,65,49,1.0192296504974365
672,1520616757.9670641,1,pnp,673,383,53,36,0.9476720094680786
673,1520616758.017066,1,pnp,674,364,51,43,0.9824188947677612
674,1520616758.0670671,1,pnp,675,287,44,36,0.9542494416236877
675,1520616758.1170692,1,pnp,676,175,32,30,0.8749591112136841
676,1520616758.1670704,1,pnp,677,147,37,34,0.8544228076934814
677,1520616758.2170722,1,pnp,678,148,33,28,0.929955244064331
678,1520616758.267074,1,pnp,679,152,39,35,0.7669904828071594
679,1520616758.3170753,1,pnp,680,140,31,28,0.9533467292785645
680,1520616758.3676324,1,pnp,681,164,41,33,1.0676723718643188
681,1520616758.4176347,1,pnp,682,165,41,29,0.9308231472969055
682,1520616758.4676356,1,pnp,683,178,36,31,0.8818184733390808
683,1520616758.5176375,1,pnp,684,176,43,39,0.7651034593582153
684,1520616758.5676386,1,pnp,685,174,43,38,0.7495518326759338
685,1520616758.6176395,1,pnp,686,170,51,44,0.9899955987930298
686,1520616758.6676414,1,pnp,687,170,47,43,0.687587320804596
687,1520616758.7176435,1,pnp,688,175,50,48,0.5319990515708923
688,1520616758.7676456,1,pnp,689,170,52,47,0.7478032112121582
689,1520616758.8176465,1,pnp,690,166,45,41,0.8606583476066589
690,1520616758.8676486,1,pnp,691,164,46,41,0.8012877106666565
691,1520616758.9176495,1,pnp,692,157,46,43,0.7037621736526489
692,1520616758.9676514,1,pnp,693,153,46,46,0.7165983319282532
693,1520616759.0176537,1,pnp,694,142,29,26,0.5701190233230591
694,1520616759.0676546,1,3d3d,695,145,23,19,1.5697107315063477
695,1520616759.1176558,1,pnp,696,188,30,26,0.8748642206192017
696,1520616759.1676576,1,pnp,697,241,34,32,0.8692169785499573
697,1520616759.2176595,1,pnp,698,274,54,49,0.8266734480857849
698,1520616759.2676606,1,pnp,699,327,51,43,0.9628854393959045
699,1520616759.3176615,1,pnp,700,377,59,53,1.0427212715148926
700,1520616759.3676634,1,pnp,701,421,62,55,0.9032505750656128
701,1520616759.4177506,1,pnp,702,502,69,57,0.9594827890396118
702,1520616759.4676666,1,pnp,703,499,79,64,1.0703740119934082
703,1520616759.5176685,1,pnp,704,484,70,53,1.1031771898269653
704,1520616759.5655897,1,pnp,705,457,67,44,1.0755531787872314
705,1520616759.6155915,1,pnp,706,458,81,66,0.7650986909866333
706,1520616759.6655927,1,pnp,707,473,82,68,0.9892160892486572
707,1520616759.7155945,1,pnp,708,562,78,61,0.9662797451019287
708,1520616759.7655957,1,pnp,709,545,77,67,0.9918820261955261
709,1520616759.8155978,1,pnp,710,451,72,63,0.8649505972862244
710,1520616759.8655996,1,pnp,711,410,62,52,0.8666477799415588
711,1520616759.9156008,1,pnp,712,405,69,60,0.9174045920372009
712,1520616759.9638207,1,pnp,713,325,43,38,0.9442923665046692
713,1520616760.0138216,1,pnp,714,330,61,54,0.806286096572876
714,1520616760.0638237,1,pnp,715,322,62,51,0.8285839557647705
715,1520616760.1138246,1,pnp,716,329,49,44,0.830845832824707
716,1520616760.1638265,1,pnp,717,349,44,40,0.9997084140777588
717,1520616760.2138276,1,pnp,718,347,51,45,0.9320783019065857
718,1520616760.2638297,1,pnp,719,360,47,43,0.745667040348053
719,1520616760.3138318,1,pnp,720,367,47,39,0.835968017578125
720,1520616760.3638337,1,pnp,721,335,50,37,0.8828465342521667
721,1520616760.4120884,1,pnp,722,317,42,37,0.8706966042518616
722,1520616760.4620903,1,pnp,723,333,52,43,0.8328136205673218
723,1520616760.5120914,1,pnp,724,329,56,49,0.853320837020874
724,1520616760.5620935,1,pnp,725,318,52,45,0.8406065106391907
725,1520616760.6120944,1,pnp,726,314,60,55,0.6725398302078247
726,1520616760.6620965,1,pnp,727,329,53,45,1.0094157457351685
727,1520616760.7120974,1,pnp,728,372,51,45,0.9426701664924622
728,1520616760.7620993,1,pnp,729,423,47,38,0.9937045574188232
729,1520616760.8098936,1,pnp,730,292,43,31,0.9281206727027893
730,1520616760.859895,1,pnp,731,294,63,49,0.7783210873603821
731,1520616760.9098969,1,pnp,732,265,53,45,0.7616859674453735
732,1520616760.959898,1,pnp,733,277,41,37,0.6510506272315979
733,1520616761.0098999,1,pnp,734,282,49,42,0.7459313273429871
734,1520616761.0599008,1,pnp,735,282,46,39,0.8141113519668579
735,1520616761.1099029,1,pnp,736,342,52,48,0.9349232316017151
736,1520616761.1599038,1,pnp,737,373,60,52,0.7468570470809937
737,1520616761.209288,1,pnp,738,347,66,61,0.8904352188110352
738,1520616761.2592888,1,pnp,739,350,72,62,0.8541182279586792
739,1520616761.309291,1,pnp,740,343,42,34,0.8270848989486694
740,1520616761.3592918,1,pnp,741,277,55,44,1.0498493909835815
741,1520616761.4092937,1,pnp,742,227,43,30,0.9771556854248047
742,1520616761.4592957,1,3d3d,743,230,22,19,9.937575340270996
743,1520616761.5092967,1,pnp,744,194,35,28,0.833808958530426
744,1520616761.5592988,1,pnp,745,171,31,27,1.0617765188217163
745,1520616761.6096566,1,3d3d,746,210,22,20,2.098667860031128
746,1520616761.6596587,1,3d3d,747,157,26,22,3.5472404956817627
747,1520616761.7096598,1,pnp+dense-dense,748,285,43,29,1.0022995471954346
748,1520616761.7596617,1,pnp+primary-dense,749,326,36,31,0.9441918730735779
749,1520616761.8096628,1,3d3d,750,89,18,17,1.9171384572982788
750,1520616761.8596647,1,3d3d,751,42,15,15,2.5055336952209473
751,1520616761.9096665,1,pnp+dense-dense,752,107,17,16,0.6206044554710388
752,1520616761.959668,1,pnp+primary-dense,753,87,16,15,1.0777888298034668
753,1520616762.014317,1,pnp+loose,754,116,13,12,1.097956895828247
754,1520616762.0643191,1,3d3d+primary-dense,755,203,17,13,1.1249260902404785
755,1520616762.1143203,1,pnp+primary-dense,756,200,35,31,0.8644923567771912
756,1520616762.1643221,1,pnp,757,112,33,32,0.7386861443519592
757,1520616762.214324,1,pnp,758,124,30,28,0.6942659020423889
758,1520616762.2643251,1,pnp,759,149,35,28,0.8717859387397766
759,1520616762.314326,1,pnp,760,192,37,32,0.7871174216270447
760,1520616762.3643281,1,pnp,761,176,43,41,0.689477801322937
761,1520616762.4161544,1,pnp,762,212,38,34,0.767005205154419
762,1520616762.4661553,1,pnp,763,246,51,48,0.7059281468391418
763,1520616762.5161574,1,pnp,764,243,50,48,0.7699452042579651
764,1520616762.5661585,1,pnp,765,232,50,41,0.8394241333007812
765,1520616762.6161594,1,pnp,766,223,49,44,0.8937819600105286
766,1520616762.6661613,1,pnp,767,210,48,41,0.8959629535675049
767,1520616762.7161634,1,pnp,768,191,49,46,0.7729373574256897
768,1520616762.7661643,1,pnp,769,183,47,44,0.8350000381469727
769,1520616762.8161662,1,pnp,770,200,33,30,0.7658535242080688
770,1520616762.864168,1,pnp,771,217,31,27,0.9793062210083008
771,1520616762.91417,1,pnp,772,218,37,34,0.7049151062965393
772,1520616762.9641712,1,pnp,773,221,48,46,0.8779146671295166
773,1520616763.014173,1,pnp,774,212,49,42,0.8636166453361511
774,1520616763.064175,1,pnp,775,231,48,45,0.8213448524475098
775,1520616763.114176,1,pnp,776,242,62,57,0.783526599407196
776,1520616763.1641781,1,pnp,777,275,72,64,0.7991863489151001
777,1520616763.2141788,1,pnp,778,298,57,48,0.8545806407928467
778,1520616763.2623994,1,pnp,779,298,50,47,0.7684903144836426
779,1520616763.3124015,1,pnp,780,316,57,48,0.9516049027442932
780,1520616763.3624024,1,pnp,781,318,50,40,0.9300332069396973
781,1520616763.4124036,1,pnp,782,376,51,42,0.8619919419288635
782,1520616763.4624054,1,pnp,783,389,59,54,0.985102653503418
783,1520616763.5124073,1,pnp,784,416,76,68,0.9924392104148865
784,1520616763.5624084,1,pnp,785,427,85,67,0.902294397354126
785,1520616763.6124105,1,pnp,786,420,83,68,0.7642629742622375
786,1520616763.6614203,1,pnp,787,423,59,50,0.8574303388595581
787,1520616763.7114215,1,pnp,788,393,70,59,0.9458762407302856
788,1520616763.7614233,1,pnp,789,395,76,55,0.9057637453079224
789,1520616763.8114254,1,pnp,790,392,83,71,0.9862903952598572
790,1520616763.8614266,1,pnp,791,418,86,65,0.9595046639442444
791,1520616763.9114275,1,pnp,792,399,76,64,0.9359385967254639
792,1520616763.9614294,1,pnp,793,416,68,51,0.828292727470398
793,1520616764.0114315,1,pnp,794,361,72,56,0.9581006169319153
794,1520616764.0607302,1,pnp,795,211,44,28,1.0265482664108276
795,1520616764.110732,1,pnp,796,122,31,28,0.8178256750106812
796,1520616764.1607344,1,pnp,797,123,31,27,0.7945350408554077
797,1520616764.2107341,1,pnp,798,142,40,35,0.8014216423034668
798,1520616764.260736,1,pnp,799,164,39,33,0.8953643441200256
799,1520616764.310744,1,pnp,800,160,33,29,0.7445459365844727
800,1520616764.3607392,1,pnp,801,138,31,28,0.9021275639533997
801,1520616764.410741,1,pnp,802,160,35,29,0.9139724373817444
802,1520616764.461072,1,pnp,803,177,41,36,0.8981993198394775
803,1520616764.5110738,1,pnp,804,180,40,34,0.8351233005523682
804,1520616764.561075,1,pnp,805,179,35,32,0.7109094262123108
805,1520616764.611077,1,pnp,806,170,34,31,0.800763726234436
806,1520616764.661079,1,pnp,807,164,34,27,0.90556401014328
807,1520616764.71108,1,pnp,808,144,32,28,0.9109117984771729
808,1520616764.761082,1,pnp,809,130,31,29,0.7067957520484924
809,1520616764.8110828,1,3d3d,810,98,23,22,1.3106845617294312
810,1520616764.861085,1,pnp,811,102,32,29,0.6994043588638306
811,1520616764.9121366,1,pnp,812,166,45,38,0.8175053596496582
812,1520616764.9621384,1,pnp,813,185,47,41,0.657238781452179
813,1520616765.0121403,1,pnp,814,160,44,42,0.7222771048545837
814,1520616765.0621414,1,pnp,815,149,35,29,0.77506422996521
815,1520616765.1121435,1,3d3d,816,136,26,22,10.376632690429688
816,1520616765.1621444,1,pnp,817,123,42,38,0.7610262036323547
817,1520616765.2121465,1,pnp,818,127,44,37,0.9103748798370361
818,1520616765.2621484,1,pnp,819,123,29,27,0.7677476406097412
819,1520616765.3129435,1,pnp,820,148,34,30,0.8089575171470642
820,1520616765.3629456,1,pnp,821,135,35,29,0.8627681136131287
821,1520616765.4129465,1,pnp,822,143,35,31,0.9953578114509583
822,1520616765.4629488,1,pnp,823,133,35,34,0.788110077381134
823,1520616765.5129497,1,pnp,824,133,34,30,0.7482395768165588
824,1520616765.5629516,1,pnp,825,124,32,31,0.73678058385849
825,1520616765.6129544,1,pnp,826,123,38,35,0.7160375714302063
826,1520616765.6629546,1,pnp,827,140,42,36,0.6928812861442566
827,1520616765.712479,1,pnp,828,153,44,38,0.8158983588218689
828,1520616765.7624812,1,pnp,829,171,47,42,0.7497117519378662
829,1520616765.8124843,1,pnp,830,184,46,38,0.6872718930244446
830,1520616765.8624833,1,pnp,831,192,50,39,0.9056065082550049
831,1520616765.9124851,1,pnp,832,190,47,39,0.8898497223854065
832,1520616765.962517,1,pnp,833,213,45,41,0.884128987789154
833,1520616766.0124884,1,pnp,834,237,36,34,0.8856245279312134
834,1520616766.0624893,1,pnp,835,229,47,38,0.8232810497283936
835,1520616766.111555,1,pnp,836,195,37,32,0.8133666515350342
836,1520616766.1615562,1,pnp,837,203,41,36,0.9880956411361694
837,1520616766.2115583,1,pnp,838,208,54,43,0.9426296949386597
838,1520616766.2615602,1,pnp,839,203,55,42,0.9186846017837524
839,1520616766.3115613,1,pnp,840,244,63,53,0.8965156674385071
840,1520616766.3615632,1,pnp,841,207,58,42,0.9589073061943054
841,1520616766.411564,1,pnp,842,194,50,40,0.9965336918830872
842,1520616766.4615662,1,pnp,843,205,56,45,0.9507036209106445
843,1520616766.5107956,1,pnp,844,164,51,38,1.0920827388763428
844,1520616766.5607975,1,pnp,845,152,37,29,1.1233428716659546
845,1520616766.6107984,1,pnp,846,150,40,28,0.9260891675949097
846,1520616766.6608007,1,pnp,847,174,35,27,1.120194435119629
847,1520616766.7108026,1,pnp,848,151,32,25,0.9544395804405212
848,1520616766.7608035,1,3d3d,849,158,29,29,2.2697365283966064
849,1520616766.8108056,1,pnp,850,181,35,29,0.9116908311843872
850,1520616766.8608065,1,pnp,851,175,37,32,0.9250317811965942
851,1520616766.9107766,1,3d3d,852,135,24,21,1.9496641159057617
852,1520616766.9607785,1,pnp,853,118,31,28,0.8119794726371765
853,1520616767.0107806,1,pnp,854,128,31,27,0.9410550594329834
854,1520616767.0607817,1,pnp,855,118,34,30,0.8216079473495483
855,1520616767.1107826,1,pnp,856,130,36,34,0.7210631370544434
856,1520616767.1607845,1,pnp,857,131,34,27,0.9426562786102295
857,1520616767.2107866,1,pnp,858,121,29,25,0.6891157627105713
858,1520616767.2607875,1,3d3d,859,130,25,20,2.1424314975738525
859,1520616767.3107896,1,3d3d,860,132,26,20,5.319305896759033
860,1520616767.3619246,1,3d3d,861,151,21,16,1.836493968963623
861,1520616767.4119256,1,3d3d,862,173,26,20,1.3045306205749512
862,1520616767.461928,1,pnp,863,181,34,27,0.9827489852905273
863,1520616767.5119298,1,pnp,864,197,34,25,0.9576950073242188
864,1520616767.5619307,1,pnp,865,222,37,25,0.6967222094535828
865,1520616767.6119885,1,pnp,866,204,38,31,0.8148457407951355
866,1520616767.6619337,1,pnp,867,247,31,25,0.7581368684768677
867,1520616767.7119355,1,pnp+loose,868,257,39,29,1.5864152908325195
868,1520616767.7623534,1,pnp,869,286,44,34,0.7329670786857605
869,1520616767.8123555,1,pnp+loose,870,320,37,31,1.280924916267395
870,1520616767.8623576,1,pnp,871,312,34,32,0.7269997000694275
871,1520616767.9123585,1,pnp,872,334,43,40,0.8304765820503235
872,1520616767.9623606,1,pnp,873,340,41,35,0.8729029893875122
873,1520616768.0123615,1,pnp,874,365,48,38,0.9479223489761353
874,1520616768.0623634,1,pnp,875,335,51,39,0.8659023642539978
875,1520616768.1123645,1,pnp,876,312,49,42,0.8580127954483032
876,1520616768.1604364,1,pnp,877,251,37,32,0.8077462315559387
877,1520616768.2104373,1,pnp,878,256,37,30,0.8867595791816711
878,1520616768.2604394,1,pnp,879,203,39,33,0.6791070699691772
879,1520616768.3104413,1,pnp,880,217,39,38,0.6519650816917419
880,1520616768.3604422,1,pnp,881,235,40,36,0.8068792819976807
881,1520616768.4104445,1,pnp,882,200,40,39,0.8835542798042297
882,1520616768.4604452,1,pnp,883,225,50,43,0.7993763089179993
883,1520616768.5104473,1,pnp,884,242,48,42,0.9282317757606506
884,1520616768.5597143,1,pnp,885,195,38,30,0.7756367921829224
885,1520616768.6097164,1,pnp,886,217,40,35,0.761110246181488
886,1520616768.6597176,1,pnp,887,231,29,26,0.5705192685127258
887,1520616768.7097194,1,pnp,888,223,33,29,0.8042646050453186
888,1520616768.7597213,1,pnp,889,224,39,34,0.9085074663162231
889,1520616768.8097224,1,3d3d,890,222,28,21,3.2082443237304688
890,1520616768.8597233,1,3d3d,891,182,27,19,2.9544100761413574
891,1520616768.9097242,1,pnp,892,182,29,26,0.7800494432449341
892,1520616768.959624,1,3d3d,893,190,27,21,2.416227102279663
893,1520616769.009625,1,pnp,894,195,31,29,0.7265374660491943
894,1520616769.059627,1,pnp,895,202,36,33,0.7408581972122192
895,1520616769.109629,1,pnp,896,218,47,37,0.9508821964263916
896,1520616769.159634,1,pnp,897,237,47,39,0.975925087928772
897,1520616769.2096322,1,pnp,898,243,34,32,0.6264715790748596
898,1520616769.259712,1,pnp,899,229,41,36,0.9242441058158875
899,1520616769.309635,1,3d3d,900,214,30,20,3.788754463195801
900,1520616769.359636,1,pnp,901,208,39,33,0.8982406258583069
901,1520616769.4096987,1,pnp,902,219,40,29,0.9076046943664551
902,1520616769.4597006,1,3d3d,903,237,29,20,2.1297225952148438
903,1520616769.5097017,1,pnp,904,237,32,25,0.7998189330101013
904,1520616769.5597036,1,pnp,905,257,36,29,0.9528414607048035
905,1520616769.6097045,1,pnp,906,242,38,29,1.0326087474822998
906,1520616769.6597068,1,pnp,907,229,38,34,0.8955830335617065
907,1520616769.7097075,1,pnp,908,187,31,27,0.9231328964233398
908,1520616769.7597098,1,pnp,909,202,42,32,1.0661731958389282
909,1520616769.8107011,1,3d3d,910,295,24,17,2.2522759437561035
910,1520616769.8607032,1,pnp,911,298,51,44,0.9508311152458191
911,1520616769.9107053,1,pnp,912,241,50,43,0.9433292746543884
912,1520616769.9607062,1,pnp,913,257,50,44,0.9629175066947937
913,1520616770.0107083,1,pnp,914,279,56,48,0.8535375595092773
914,1520616770.0607102,1,pnp,915,265,56,43,0.8796514272689819
915,1520616770.1107113,1,pnp,916,250,56,47,0.8256219625473022
916,1520616770.1607122,1,pnp,917,209,46,39,0.8898573517799377
917,1520616770.2119038,1,pnp,918,279,42,33,1.0531591176986694
918,1520616770.2619057,1,pnp,919,248,55,41,0.8491174578666687
919,1520616770.311908,1,pnp,920,227,55,42,1.0911684036254883
920,1520616770.361909,1,pnp,921,175,45,36,0.8900982737541199
921,1520616770.4119108,1,pnp,922,185,40,33,0.8290294408798218
922,1520616770.461912,1,3d3d,923,172,26,26,3.6810057163238525
923,1520616770.5119138,1,pnp,924,187,34,29,0.6788086891174316
924,1520616770.5619147,1,pnp,925,190,40,37,0.792590856552124
925,1520616770.6128082,1,pnp,926,230,46,39,0.8298602104187012
926,1520616770.6628106,1,pnp,927,262,46,37,0.9457882046699524
927,1520616770.7128124,1,pnp,928,265,45,37,0.8278460502624512
928,1520616770.7628133,1,pnp,929,322,57,50,0.972107470035553
929,1520616770.8128154,1,pnp,930,334,54,47,0.950056791305542
930,1520616770.8628173,1,pnp,931,330,51,43,0.9491914510726929
931,1520616770.9129214,1,pnp,932,292,47,44,0.8572324514389038
932,1520616770.9628205,1,pnp,933,282,39,35,0.8472959995269775
933,1520616771.0125947,1,pnp,934,284,35,29,0.9068531394004822
934,1520616771.062597,1,3d3d,935,310,25,21,6.173061370849609
935,1520616771.112598,1,3d3d,936,303,24,19,2.7930309772491455
936,1520616771.1625998,1,3d3d,937,351,29,24,2.5810675621032715
937,1520616771.212601,1,pnp,938,327,33,28,0.9455349445343018
938,1520616771.2626028,1,pnp,939,320,48,40,0.8686164021492004
939,1520616771.3126037,1,pnp,940,324,36,29,0.7916234731674194
940,1520616771.3626058,1,3d3d,941,327,27,21,2.206589460372925
941,1520616771.4111285,1,pnp,942,295,33,26,0.9456084966659546
942,1520616771.4611304,1,pnp,943,318,39,36,0.8895754218101501
943,1520616771.5111322,1,pnp,944,331,35,30,0.8370848298072815
944,1520616771.5611334,1,pnp,945,307,36,31,0.67634117603302
945,1520616771.6111352,1,pnp,946,262,37,30,0.8105342388153076
946,1520616771.6611362,1,pnp,947,292,32,31,0.7881209850311279
947,1520616771.7111385,1,pnp,948,368,46,37,0.9514301419258118
948,1520616771.7611394,1,pnp,949,395,61,50,1.07901930809021
949,1520616771.8111413,1,pnp,950,338,50,44,0.9890927672386169
950,1520616771.8600092,1,pnp,951,302,40,28,0.941382646560669
951,1520616771.9100115,1,pnp,952,293,53,39,1.0734213590621948
952,1520616771.9600124,1,pnp,953,336,57,44,0.7521978616714478
953,1520616772.0100143,1,pnp,954,335,52,41,0.9444940090179443
954,1520616772.0600154,1,pnp,955,368,60,44,0.9588846564292908
955,1520616772.1100173,1,pnp,956,354,63,50,0.959653913974762
956,1520616772.1600184,1,pnp,957,383,61,56,0.9466004371643066
957,1520616772.2100205,1,pnp,958,328,58,50,0.7964380979537964
958,1520616772.2597501,1,pnp,959,251,55,42,0.7636255025863647
959,1520616772.3097522,1,pnp,960,248,52,38,0.9201006293296814
960,1520616772.3597531,1,pnp,961,276,64,56,0.881101667881012
961,1520616772.4097552,1,pnp,962,299,63,56,0.8598530888557434
962,1520616772.459757,1,pnp,963,271,62,53,0.8832611441612244
963,1520616772.5097592,1,pnp,964,257,51,40,1.0615379810333252
964,1520616772.5597591,1,pnp,965,244,59,49,0.9353539347648621
965,1520616772.609761,1,pnp,966,218,64,58,0.8428053259849548
966,1520616772.659722,1,pnp,967,186,53,46,0.9247181415557861
967,1520616772.709723,1,pnp,968,179,58,52,0.7772026658058167
968,1520616772.7597249,1,pnp,969,168,46,40,0.8150947690010071
969,1520616772.809726,1,pnp,970,155,51,46,0.7731189131736755
970,1520616772.8597279,1,pnp,971,155,52,46,0.718474268913269
971,1520616772.909729,1,pnp,972,173,49,43,0.7189066410064697
972,1520616772.959731,1,pnp,973,174,47,40,0.8506119251251221
973,1520616773.009732,1,pnp,974,169,42,37,0.8889076113700867
974,1520616773.0600054,1,pnp,975,226,49,47,0.7921549081802368
975,1520616773.1100073,1,pnp,976,213,41,36,0.8335400223731995
976,1520616773.1600084,1,pnp,977,193,50,45,0.8348952531814575
977,1520616773.2100105,1,pnp,978,219,54,49,0.8274509310722351
978,1520616773.2600114,1,pnp,979,240,53,47,0.808990478515625
979,1520616773.3100135,1,pnp,980,232,51,39,0.9791175127029419
980,1520616773.3600154,1,pnp,981,213,40,33,0.8412560820579529
981,1520616773.4100163,1,pnp,982,178,37,32,0.8242443203926086
982,1520616773.4618053,1,3d3d,983,251,26,21,5.315357685089111
983,1520616773.5118062,1,pnp,984,162,37,29,0.8523241877555847
984,1520616773.5618086,1,pnp,985,144,39,33,0.8744654655456543
985,1520616773.6118104,1,3d3d,986,149,30,21,3.1144211292266846
986,1520616773.6618114,1,pnp,987,141,33,29,0.8793313503265381
987,1520616773.7118134,1,pnp,988,136,38,32,1.2693208456039429
988,1520616773.7618153,1,3d3d,989,140,34,26,2.511435031890869
989,1520616773.8118162,1,pnp,990,130,28,25,0.6711500287055969
990,1520616773.863091,1,3d3d,991,134,25,20,4.479541301727295
991,1520616773.9130929,1,3d3d,992,132,26,20,5.099711894989014
992,1520616773.9630938,1,pnp+dense-dense,993,246,37,25,1.0026692152023315
993,1520616774.013096,1,pnp,994,126,28,25,0.7104698419570923
994,1520616774.063097,1,pnp,995,176,34,31,0.7502894401550293
995,1520616774.1130989,1,pnp,996,182,41,37,0.7702990174293518
996,1520616774.163101,1,pnp,997,186,29,29,0.5832131505012512
997,1520616774.2131019,1,pnp,998,194,40,35,0.8914579153060913
998,1520616774.2631037,1,pnp,999,240,30,27,0.6722379922866821
999,1520616774.312895,1,pnp,1000,248,47,40,0.7063069343566895
1000,1520616774.362897,1,pnp,1001,306,55,53,0.657577395439148
1001,1520616774.412898,1,pnp,1002,300,70,60,0.7942891120910645
1002,1520616774.4629002,1,pnp,1003,285,66,64,0.8238538503646851
1003,1520616774.512901,1,pnp,1004,259,67,63,0.7248511910438538
1004,1520616774.5629032,1,pnp,1005,291,58,52,0.9004427790641785
1005,1520616774.612904,1,pnp,1006,264,58,50,0.8667895793914795
1006,1520616774.662906,1,pnp,1007,242,43,37,0.7870351672172546
1007,1520616774.7138398,1,pnp,1008,228,40,38,0.7851749062538147
1008,1520616774.763841,1,pnp,1009,208,51,48,0.7259754538536072
1009,1520616774.8138428,1,pnp,1010,191,35,33,0.8646295070648193
1010,1520616774.8638437,1,pnp,1011,184,37,30,0.8775145411491394
1011,1520616774.9138458,1,3d3d,1012,149,29,16,4.043392658233643
1012,1520616774.9638479,1,3d3d,1013,148,26,15,3.203409194946289
1013,1520616775.0138488,1,pnp+dense-dense,1014,323,51,43,1.008020281791687
1014,1520616775.0638509,1,pnp,1015,163,26,25,0.8038945198059082
1015,1520616775.1163833,1,pnp+dense-dense,1016,328,37,29,0.9164419174194336
1016,1520616775.1663842,1,pnp+primary-dense,1017,218,28,23,0.7463923692703247
1017,1520616775.216386,1,pnp+primary-dense,1018,222,27,26,0.6018559336662292
1018,1520616775.2663872,1,pnp+primary-dense,1019,231,29,27,0.5750826597213745
1019,1520616775.3163893,1,pnp+primary-dense,1020,243,32,32,0.8786851167678833
1020,1520616775.3663912,1,pnp,1021,216,30,27,0.5903474688529968
1021,1520616775.4163923,1,pnp,1022,216,46,43,0.8160538673400879
1022,1520616775.4663951,1,pnp,1023,221,48,45,0.7780011892318726
1023,1520616775.518124,1,pnp,1024,253,47,43,0.8215787410736084
1024,1520616775.568128,1,pnp,1025,272,45,43,0.7276380062103271
1025,1520616775.618127,1,pnp,1026,283,45,40,0.7580390572547913
1026,1520616775.668128,1,pnp,1027,279,34,29,0.8869606852531433
1027,1520616775.7181304,1,pnp,1028,282,43,37,0.8300373554229736
1028,1520616775.7681313,1,pnp,1029,290,38,32,0.7850778698921204
1029,1520616775.8181472,1,pnp,1030,289,40,38,0.75727778673172
1030,1520616775.8681352,1,pnp,1031,293,54,52,0.8657829165458679
1031,1520616775.9181361,1,pnp,1032,310,58,51,0.8502249717712402
1032,1520616775.968138,1,pnp,1033,330,63,57,0.965089738368988
1033,1520616776.0181391,1,pnp,1034,371,44,41,0.6827332973480225
1034,1520616776.0681412,1,pnp,1035,379,80,72,0.7800820469856262
1035,1520616776.1181424,1,pnp,1036,400,71,60,0.735283374786377
1036,1520616776.1681442,1,pnp,1037,421,65,58,0.8349161148071289
1037,1520616776.2181451,1,pnp,1038,456,79,58,1.0220162868499756
1038,1520616776.2681472,1,pnp,1039,484,64,56,0.9528371691703796
1039,1520616776.3181934,1,pnp,1040,503,70,56,0.893955647945404
1040,1520616776.3681762,1,pnp,1041,462,51,41,0.7590421438217163
1041,1520616776.418178,1,pnp,1042,471,51,38,0.7441690564155579
1042,1520616776.4681792,1,pnp,1043,482,71,62,0.9291735291481018
1043,1520616776.5181813,1,pnp,1044,489,50,45,0.767758309841156
1044,1520616776.568182,1,pnp,1045,502,81,71,0.7864014506340027
1045,1520616776.6181843,1,pnp,1046,482,77,66,0.7287842035293579
1046,1520616776.6681862,1,pnp,1047,482,76,65,0.9070839285850525
1047,1520616776.718187,1,pnp,1048,446,60,52,0.9232997298240662
1048,1520616776.7671554,1,pnp,1049,403,55,42,0.911035418510437
1049,1520616776.8171573,1,pnp,1050,436,68,53,0.9979226589202881
1050,1520616776.8671584,1,pnp,1051,448,52,40,0.7636640071868896
1051,1520616776.9171603,1,pnp,1052,425,64,45,1.0789283514022827
1052,1520616776.9671614,1,pnp,1053,418,48,36,0.8248423337936401
1053,1520616777.0171623,1,pnp,1054,429,44,27,0.9050071239471436
1054,1520616777.0671642,1,pnp,1055,365,44,33,0.8802677392959595
1055,1520616777.1171665,1,pnp,1056,399,34,29,0.9382133483886719
1056,1520616777.166659,1,pnp,1057,362,56,46,0.9507758617401123
1057,1520616777.216661,1,pnp,1058,392,40,32,0.9179804921150208
1058,1520616777.266662,1,pnp,1059,380,57,49,0.8204333186149597
1059,1520616777.3166642,1,pnp,1060,391,49,43,0.8307246565818787
1060,1520616777.366666,1,pnp,1061,417,64,53,0.8933590650558472
1061,1520616777.416667,1,pnp,1062,395,39,31,0.8189485669136047
1062,1520616777.466704,1,pnp,1063,406,60,52,0.8600899577140808
1063,1520616777.51667,1,pnp,1064,423,62,52,0.9212245941162109
1064,1520616777.5669181,1,pnp,1065,405,67,53,0.8928278684616089
1065,1520616777.616919,1,pnp,1066,387,59,53,0.9954826831817627
1066,1520616777.6669214,1,pnp,1067,377,54,46,0.7324017286300659
1067,1520616777.7169223,1,pnp,1068,367,46,41,0.5913086533546448
1068,1520616777.7669241,1,pnp,1069,380,50,48,0.7832978963851929
1069,1520616777.8169253,1,pnp,1070,366,62,53,0.9444806575775146
1070,1520616777.8669271,1,pnp,1071,376,54,44,0.8326187133789062
1071,1520616777.916929,1,pnp,1072,369,45,38,0.8923096656799316
1072,1520616777.9653258,1,pnp,1073,335,50,41,0.9712286591529846
1073,1520616778.015328,1,pnp,1074,328,64,57,0.7953107357025146
1074,1520616778.0653288,1,pnp,1075,313,46,40,0.7772407531738281
1075,1520616778.115331,1,pnp,1076,341,43,40,0.6981896162033081
1076,1520616778.1653318,1,pnp,1077,343,42,37,0.7204149961471558
1077,1520616778.2153337,1,pnp,1078,313,52,44,0.8414815068244934
1078,1520616778.2653358,1,pnp,1079,366,46,40,0.7643137574195862
1079,1520616778.3153367,1,pnp,1080,397,65,62,0.9039942026138306
1080,1520616778.3623579,1,pnp,1081,367,59,46,0.8752685189247131
1081,1520616778.4123597,1,pnp,1082,414,61,53,0.811197817325592
1082,1520616778.4623609,1,pnp,1083,445,45,37,0.8247433304786682
1083,1520616778.5123618,1,pnp,1084,417,66,54,1.023827075958252
1084,1520616778.5623636,1,pnp,1085,401,61,41,0.8842913508415222
1085,1520616778.612365,1,pnp,1086,384,63,52,0.8544787764549255
1086,1520616778.6623669,1,pnp,1087,356,60,49,0.9400489330291748
1087,1520616778.7123687,1,pnp,1088,345,61,52,0.9392476677894592
1088,1520616778.7623699,1,pnp,1089,331,50,38,0.9530647397041321
1089,1520616778.8105366,1,pnp,1090,278,35,26,0.963403582572937
1090,1520616778.8605347,1,pnp,1091,270,56,43,0.8389503359794617
1091,1520616778.9105358,1,pnp,1092,267,66,56,0.8327776789665222
1092,1520616778.9605367,1,pnp,1093,267,66,53,0.9283108115196228
1093,1520616779.0105386,1,pnp,1094,269,62,55,0.9429798126220703
1094,1520616779.0605407,1,pnp,1095,289,63,55,0.8537100553512573
1095,1520616779.1105976,1,pnp,1096,286,71,62,0.9018340706825256
1096,1520616779.1605437,1,pnp,1097,291,61,52,0.7642941474914551
1097,1520616779.209789,1,pnp,1098,232,51,47,0.6632612943649292
1098,1520616779.259791,1,pnp,1099,262,42,32,0.821164071559906
1099,1520616779.309792,1,pnp,1100,284,55,49,0.8226837515830994
1100,1520616779.359794,1,pnp,1101,274,56,48,0.8086838126182556
1101,1520616779.4097948,1,pnp,1102,267,57,53,0.8913474082946777
1102,1520616779.4597971,1,pnp,1103,274,52,44,0.8560823202133179
1103,1520616779.509799,1,pnp,1104,272,50,42,0.897736132144928
1104,1520616779.5598,1,pnp,1105,280,48,40,0.8702630996704102
1105,1520616779.6095755,1,pnp,1106,220,37,31,0.8590980172157288
1106,1520616779.6595764,1,pnp,1107,247,38,33,0.8910761475563049
1107,1520616779.7095783,1,pnp,1108,292,46,35,0.8174818158149719
1108,1520616779.7595794,1,pnp,1109,280,53,44,0.853264331817627
1109,1520616779.8095815,1,pnp,1110,294,45,40,0.7333981990814209
1110,1520616779.8595834,1,pnp,1111,296,36,33,0.624691367149353
1111,1520616779.9095845,1,pnp,1112,251,28,25,0.8485836386680603
1112,1520616779.9595864,1,3d3d,1113,212,29,26,7.296408176422119
1113,1520616780.0100648,1,3d3d,1114,272,26,26,3.5962846279144287
1114,1520616780.0600657,1,pnp,1115,265,37,32,0.990691065788269
1115,1520616780.1100678,1,pnp,1116,263,52,42,0.9605166912078857
1116,1520616780.1600688,1,pnp,1117,281,45,37,1.0669482946395874
1117,1520616780.2100706,1,pnp,1118,285,60,45,0.9657467603683472
1118,1520616780.2600718,1,pnp,1119,296,51,34,1.0007259845733643
1119,1520616780.3100736,1,pnp,1120,266,37,31,0.8235198259353638
1120,1520616780.3600745,1,pnp,1121,347,46,38,0.9983629584312439
1121,1520616780.4117856,1,pnp,1122,436,39,32,1.017914056777954
1122,1520616780.4617865,1,pnp,1123,398,52,44,1.0056185722351074
1123,1520616780.5117886,1,pnp,1124,342,53,47,0.8639057874679565
1124,1520616780.5617905,1,pnp,1125,326,53,37,0.9545266032218933
1125,1520616780.6117914,1,pnp,1126,425,40,29,0.9037892818450928
1126,1520616780.6617963,1,pnp,1127,449,60,44,0.9640753269195557
1127,1520616780.7117946,1,pnp,1128,432,53,36,0.9433817863464355
1128,1520616780.7618756,1,pnp,1129,393,53,38,0.988823413848877
1129,1520616780.8106604,1,pnp,1130,189,38,30,0.9896042943000793
1130,1520616780.8606627,1,pnp,1131,190,35,30,0.9344136714935303
1131,1520616780.9106636,1,pnp,1132,163,32,27,0.901055097579956
1132,1520616780.9606655,1,3d3d,1133,134,20,20,1.5330008268356323
1133,1520616781.0106666,1,3d3d,1134,129,23,23,2.2222204208374023
1134,1520616781.0606685,1,3d3d,1135,76,17,17,1.0901877880096436
1135,1520616781.1106708,1,pnp+dense-dense,1136,160,23,21,0.7814310789108276
1136,1520616781.1606715,1,pnp+primary-dense,1137,184,36,31,0.6306087970733643
1137,1520616781.2106736,1,3d3d,1138,97,15,15,1.0651296377182007
1138,1520616781.2611089,1,3d3d,1139,136,17,15,1.8181922435760498
1139,1520616781.3111107,1,3d3d,1140,125,29,22,2.0435163974761963
1140,1520616781.3611119,1,pnp,1141,143,29,25,0.9441190958023071
1141,1520616781.4111137,1,3d3d,1142,120,23,18,1.4602993726730347
1142,1520616781.461116,1,3d3d,1143,157,29,25,1.3999470472335815
1143,1520616781.511117,1,pnp,1144,147,34,30,0.6528887152671814
1144,1520616781.5611188,1,pnp,1145,150,34,30,0.8856979608535767
1145,1520616781.61112,1,pnp,1146,137,30,28,0.5226505398750305
1146,1520616781.6645362,1,3d3d,1147,316,25,24,1.979291558265686
1147,1520616781.7145374,1,pnp,1148,287,55,49,0.8148672580718994
1148,1520616781.7645402,1,pnp,1149,274,59,50,0.7986998558044434
1149,1520616781.814541,1,pnp,1150,284,71,58,0.8336819410324097
1150,1520616781.8645434,1,pnp,1151,272,71,64,0.8438060879707336
1151,1520616781.914544,1,pnp,1152,277,64,57,0.6879006624221802
1152,1520616781.9645455,1,pnp,1153,275,71,64,0.8213096857070923
1153,1520616782.0145473,1,pnp,1154,277,68,58,0.7022055387496948
1154,1520616782.0665803,1,pnp,1155,391,58,52,0.7967367172241211
1155,1520616782.1165824,1,pnp,1156,360,60,52,0.7421684861183167
1156,1520616782.1665845,1,pnp,1157,268,70,62,0.9582023620605469
1157,1520616782.2165854,1,pnp,1158,261,61,54,0.8505421876907349
1158,1520616782.2665875,1,pnp,1159,258,60,52,0.8596161007881165
1159,1520616782.3165884,1,pnp,1160,239,59,53,0.9074805378913879
1160,1520616782.3665903,1,pnp,1161,286,69,57,0.9409080147743225
1161,1520616782.4166923,1,pnp,1162,291,69,51,1.0809670686721802
1162,1520616782.4673119,1,pnp,1163,326,59,52,0.9107163548469543
1163,1520616782.517313,1,pnp,1164,383,76,65,0.8924458026885986
1164,1520616782.567315,1,pnp,1165,395,73,61,0.9115670323371887
1165,1520616782.617316,1,pnp,1166,361,73,62,1.0248433351516724
1166,1520616782.667318,1,pnp,1167,347,79,67,0.8633071184158325
1167,1520616782.71732,1,pnp,1168,347,77,70,0.8438277840614319
1168,1520616782.7673209,1,pnp,1169,350,80,63,0.9160060882568359
1169,1520616782.8173232,1,pnp,1170,374,79,68,0.8916649222373962
1170,1520616782.8683977,1,pnp,1171,412,74,65,0.8318455219268799
1171,1520616782.9183996,1,pnp,1172,356,79,70,0.7774040699005127
1172,1520616782.9684005,1,pnp,1173,349,74,67,0.8595834970474243
1173,1520616783.0184026,1,pnp,1174,303,68,63,0.7897161245346069
1174,1520616783.0684047,1,pnp,1175,309,57,49,0.9505263566970825
1175,1520616783.1184056,1,pnp,1176,293,60,53,0.8125590682029724
1176,1520616783.1684077,1,pnp,1177,316,69,58,0.9061431884765625
1177,1520616783.2184086,1,pnp,1178,303,69,61,0.7980323433876038
1178,1520616783.2684104,1,pnp,1179,279,60,50,0.8915318846702576
1179,1520616783.3184116,1,pnp,1180,262,47,43,0.8853972554206848
1180,1520616783.3684134,1,pnp,1181,251,43,36,0.890549898147583
1181,1520616783.4184144,1,pnp,1182,176,33,30,0.9927445650100708
1182,1520616783.4684176,1,pnp,1183,165,37,33,1.1259613037109375
1183,1520616783.5184186,1,pnp,1184,161,35,32,0.9566919207572937
1184,1520616783.5684195,1,pnp,1185,182,29,25,1.0383280515670776
1185,1520616783.6184216,1,pnp+dense-dense,1186,522,43,33,0.8381060361862183
1186,1520616783.6684234,1,3d3d,1187,211,24,16,2.162785768508911
1187,1520616783.7184246,1,pnp,1188,265,52,34,0.9126238822937012
1188,1520616783.7684267,1,pnp,1189,319,62,45,0.9126967191696167
1189,1520616783.8184276,1,pnp,1190,267,43,32,0.8468944430351257
1190,1520616783.8684297,1,pnp,1191,288,46,42,0.8524993062019348
1191,1520616783.9184306,1,pnp,1192,323,41,36,0.7998819947242737
1192,1520616783.9684324,1,pnp,1193,314,55,51,0.8453812003135681
1193,1520616784.0184348,1,pnp,1194,310,56,50,0.9549533128738403
1194,1520616784.0684357,1,pnp,1195,295,52,46,0.9888197183609009
1195,1520616784.1184363,1,pnp,1196,314,60,46,0.8434310555458069
1196,1520616784.1684387,1,pnp,1197,308,52,45,0.653353214263916
1197,1520616784.2184396,1,pnp,1198,331,53,41,0.9763985872268677
1198,1520616784.2684414,1,pnp,1199,330,46,39,0.8877888917922974
1199,1520616784.3184435,1,pnp,1200,323,51,37,0.7930890917778015
1200,1520616784.3684444,1,pnp,1201,310,73,61,0.9125742316246033
1201,1520616784.4184465,1,pnp,1202,313,66,57,0.8309043049812317
1202,1520616784.4684477,1,pnp,1203,307,48,41,0.7542524337768555
1203,1520616784.5182645,1,pnp,1204,319,77,70,0.7010893821716309
1204,1520616784.5682652,1,pnp,1205,309,71,64,0.8479993343353271
1205,1520616784.6182675,1,pnp,1206,292,66,58,0.8454039096832275
1206,1520616784.6682694,1,pnp,1207,309,50,42,0.9003840088844299
1207,1520616784.7182703,1,pnp,1208,341,47,36,0.8168635368347168
1208,1520616784.7682724,1,pnp,1209,334,54,38,0.8594775795936584
1209,1520616784.8182733,1,pnp,1210,313,54,47,0.9183200597763062
1210,1520616784.8682754,1,pnp,1211,359,45,33,1.0788171291351318
1211,1520616784.9184616,1,pnp,1212,370,50,39,0.9082233309745789
1212,1520616784.9684634,1,pnp,1213,337,47,41,0.8022522926330566
1213,1520616785.0184655,1,pnp,1214,345,48,39,0.8825902342796326
1214,1520616785.0684664,1,pnp,1215,305,42,32,1.0281004905700684
1215,1520616785.1184685,1,pnp,1216,229,38,30,0.8181442022323608
1216,1520616785.1684697,1,pnp,1217,147,37,31,0.882693350315094
1217,1520616785.2184715,1,pnp,1218,132,32,25,0.9520639777183533
1218,1520616785.2684734,1,3d3d,1219,132,29,27,1.4614338874816895
1219,1520616785.3184745,1,3d3d,1220,130,25,21,1.4225786924362183
1220,1520616785.3684766,1,pnp,1221,166,31,27,0.7467331886291504
1221,1520616785.4184778,1,pnp,1222,209,38,36,0.6387873888015747
1222,1520616785.4684796,1,pnp,1223,256,45,40,0.7715569138526917
1223,1520616785.5184805,1,pnp,1224,320,49,40,0.8386706113815308
1224,1520616785.5684826,1,pnp,1225,336,66,61,0.9350714087486267
1225,1520616785.6184835,1,pnp,1226,320,75,70,0.8247178792953491
1226,1520616785.6684854,1,pnp,1227,336,55,49,0.9595722556114197
1227,1520616785.7184865,1,pnp,1228,300,48,43,0.9732370376586914
1228,1520616785.7684886,1,pnp,1229,303,51,40,0.8822709321975708
1229,1520616785.8184896,1,pnp,1230,354,55,46,0.9160512685775757
1230,1520616785.8684916,1,pnp,1231,361,63,51,0.9622810482978821
1231,1520616785.9184935,1,pnp,1232,365,66,60,0.9526159167289734
1232,1520616785.9684944,1,pnp,1233,408,50,37,1.0535129308700562
1233,1520616786.0184965,1,pnp,1234,325,47,35,1.0726755857467651
1234,1520616786.0684974,1,pnp,1235,280,34,30,0.8680439591407776
1235,1520616786.1184995,1,pnp,1236,228,39,32,1.025285243988037
1236,1520616786.1685007,1,pnp,1237,225,30,29,0.8188976645469666
1237,1520616786.2185025,1,pnp,1238,198,33,27,1.0943671464920044
1238,1520616786.2685046,1,pnp,1239,182,38,33,0.8952624201774597
1239,1520616786.3185055,1,pnp,1240,178,31,27,1.0207077264785767
1240,1520616786.3685074,1,pnp,1241,185,36,28,0.7861086130142212
1241,1520616786.4185085,1,pnp+dense-dense,1242,342,39,32,0.9217004179954529
1242,1520616786.4685106,1,pnp,1243,155,32,26,0.7808072566986084
1243,1520616786.5185115,1,pnp,1244,152,46,43,0.9226066470146179
1244,1520616786.5685136,1,pnp,1245,140,39,33,0.7785202264785767
1245,1520616786.6185145,1,pnp,1246,149,37,33,0.796651303768158
1246,1520616786.6685164,1,pnp,1247,143,40,37,0.8330753445625305
1247,1520616786.7185187,1,pnp,1248,133,38,34,0.7690504193305969
1248,1520616786.7685206,1,pnp,1249,145,36,35,0.7405253052711487
1249,1520616786.8185215,1,pnp,1250,147,43,41,0.6716944575309753
1250,1520616786.8685236,1,pnp,1251,146,44,38,0.7798292636871338
1251,1520616786.9185255,1,pnp,1252,150,40,36,0.6628795862197876
1252,1520616786.9674377,1,pnp,1253,167,42,38,0.6092649102210999
1253,1520616787.0174398,1,pnp,1254,166,42,38,0.8222437500953674
1254,1520616787.0674448,1,pnp,1255,176,51,49,0.6729387044906616
1255,1520616787.117442,1,pnp,1256,166,48,46,1.0130884647369385
1256,1520616787.1674438,1,pnp,1257,164,48,45,0.6410589218139648
1257,1520616787.2174456,1,pnp,1258,166,49,46,0.85976642370224
1258,1520616787.267447,1,pnp,1259,167,51,45,0.8547164797782898
1259,1520616787.317463,1,pnp,1260,173,49,46,0.6761457920074463
1260,1520616787.3658524,1,pnp,1261,159,31,31,0.775189995765686
1261,1520616787.4158533,1,pnp,1262,163,31,30,0.8303210735321045
1262,1520616787.4658554,1,pnp,1263,162,31,28,0.724583089351654
1263,1520616787.5158572,1,pnp,1264,181,32,31,0.9656482934951782
1264,1520616787.5658581,1,3d3d,1265,191,26,21,1.382973313331604
1265,1520616787.6158602,1,pnp,1266,202,36,33,0.945489764213562
1266,1520616787.6658611,1,pnp,1267,203,28,25,0.7039117217063904
1267,1520616787.7158632,1,pnp,1268,199,32,27,0.9746910333633423
1268,1520616787.7641084,1,pnp,1269,175,38,32,0.699647843837738
1269,1520616787.8141103,1,pnp,1270,172,41,33,0.8034379482269287
1270,1520616787.8641121,1,pnp,1271,181,43,41,0.8834846019744873
1271,1520616787.9141133,1,pnp,1272,189,39,34,0.6438612341880798
1272,1520616787.9641154,1,pnp,1273,181,39,34,0.9139163494110107
1273,1520616788.0141163,1,pnp,1274,187,48,45,0.7602635622024536
1274,1520616788.0641184,1,pnp,1275,209,53,48,0.7357305288314819
1275,1520616788.1141202,1,pnp,1276,200,51,44,0.767407238483429
1276,1520616788.1641212,1,pnp,1277,220,48,39,0.9059054255485535
1277,1520616788.2127373,1,pnp,1278,196,44,41,0.8125460743904114
1278,1520616788.2627392,1,pnp,1279,192,44,38,0.960587203502655
1279,1520616788.3127425,1,pnp,1280,216,51,42,0.7985701560974121
1280,1520616788.3627434,1,pnp,1281,238,54,46,0.7715100049972534
1281,1520616788.4127443,1,pnp,1282,254,55,43,0.8631176352500916
1282,1520616788.4627464,1,pnp,1283,235,43,35,0.7117863893508911
1283,1520616788.5127473,1,pnp,1284,270,46,36,0.7520734667778015
1284,1520616788.5627494,1,pnp,1285,262,58,45,0.9338993430137634
1285,1520616788.6115565,1,pnp,1286,233,40,33,0.8196884393692017
1286,1520616788.6615584,1,pnp,1287,222,50,46,0.9040620923042297
1287,1520616788.7115593,1,pnp,1288,217,48,40,0.910905659198761
1288,1520616788.7615614,1,pnp,1289,215,41,30,0.8216643929481506
1289,1520616788.8115633,1,pnp,1290,232,47,35,1.0264476537704468
1290,1520616788.8615642,1,pnp,1291,218,53,42,0.8588137626647949
1291,1520616788.9115653,1,pnp,1292,201,43,39,0.9175376892089844
1292,1520616788.9616034,1,pnp,1293,201,43,34,0.9395068287849426
1293,1520616789.0109043,1,pnp,1294,200,46,41,0.8546923398971558
1294,1520616789.0609052,1,pnp,1295,195,50,45,0.8998879194259644
1295,1520616789.1109076,1,pnp,1296,213,40,34,0.8744726181030273
1296,1520616789.1609085,1,pnp,1297,218,50,45,1.0101330280303955
1297,1520616789.2109103,1,pnp,1298,197,46,33,0.8632742762565613
1298,1520616789.2609115,1,pnp,1299,241,47,39,0.799446165561676
1299,1520616789.3109133,1,pnp,1300,210,42,33,0.746271014213562
1300,1520616789.3609142,1,pnp,1301,188,37,31,0.8365716338157654
1301,1520616789.411003,1,pnp,1302,212,45,35,0.9065991640090942
1302,1520616789.4610052,1,pnp,1303,184,44,35,0.8669590353965759
1303,1520616789.5110064,1,pnp,1304,184,50,41,0.9803890585899353
1304,1520616789.5610082,1,pnp,1305,182,48,41,0.7645455598831177
1305,1520616789.6110091,1,pnp,1306,190,49,44,0.8850467801094055
1306,1520616789.6610112,1,pnp,1307,150,33,30,0.8011305928230286
1307,1520616789.7110121,1,3d3d,1308,157,30,28,1.7750380039215088
1308,1520616789.7610142,1,3d3d,1309,157,29,28,1.8262465000152588
1309,1520616789.8122199,1,pnp,1310,215,33,27,0.9731847643852234
1310,1520616789.8622217,1,pnp,1311,221,47,40,0.8842188119888306
1311,1520616789.9122236,1,pnp,1312,219,43,36,0.8317404985427856
1312,1520616789.9622247,1,pnp,1313,245,32,29,0.5955135822296143
1313,1520616790.0122278,1,pnp,1314,255,36,32,0.7919567227363586
1314,1520616790.0622287,1,pnp,1315,266,35,26,0.9004592895507812
1315,1520616790.1122298,1,pnp,1316,275,43,36,0.9154987335205078
1316,1520616790.1622317,1,pnp,1317,273,35,26,0.8571100234985352
1317,1520616790.212307,1,pnp,1318,303,35,32,0.7532567381858826
1318,1520616790.262308,1,pnp,1319,294,41,38,0.8062608242034912
1319,1520616790.3123088,1,pnp,1320,295,39,33,0.8132684230804443
1320,1520616790.3623111,1,pnp,1321,312,45,39,0.7626191973686218
1321,1520616790.412313,1,pnp,1322,308,61,55,0.8486090898513794
1322,1520616790.462314,1,pnp,1323,298,36,31,0.8471625447273254
1323,1520616790.512316,1,pnp,1324,302,44,39,0.8187971711158752
1324,1520616790.562317,1,pnp,1325,318,43,34,0.8484523296356201
1325,1520616790.612378,1,pnp,1326,333,44,36,0.8666857481002808
1326,1520616790.6609895,1,pnp,1327,258,46,37,0.8731909394264221
1327,1520616790.7109916,1,pnp,1328,239,57,51,0.8226244449615479
1328,1520616790.7609925,1,pnp,1329,257,53,49,0.7953911423683167
1329,1520616790.8109946,1,pnp,1330,236,47,36,0.9548210501670837
1330,1520616790.8609958,1,pnp,1331,225,51,45,0.9534000754356384
1331,1520616790.9109976,1,pnp,1332,250,58,52,0.7042254209518433
1332,1520616790.9609985,1,pnp,1333,277,62,55,0.9159203767776489
1333,1520616791.0110006,1,pnp,1334,319,65,55,0.6552606821060181
1334,1520616791.0604112,1,pnp,1335,309,68,59,0.7609584331512451
1335,1520616791.1104121,1,pnp,1336,319,65,58,1.0896837711334229
1336,1520616791.160414,1,pnp,1337,332,68,57,0.9711369872093201
1337,1520616791.2104151,1,pnp,1338,349,78,65,0.8835147619247437
1338,1520616791.2604172,1,pnp,1339,323,55,48,0.859515368938446
1339,1520616791.3104181,1,pnp,1340,315,64,59,0.8483310341835022
1340,1520616791.3604202,1,pnp,1341,307,73,60,0.7479628324508667
1341,1520616791.410422,1,pnp,1342,316,70,60,0.8136349320411682
1342,1520616791.4600582,1,pnp,1343,309,41,34,0.8965591788291931
1343,1520616791.5100603,1,pnp,1344,348,56,47,0.8813603520393372
1344,1520616791.5600624,1,pnp,1345,327,50,44,0.7587535977363586
1345,1520616791.6100636,1,pnp,1346,325,44,38,0.7835758328437805
1346,1520616791.6600654,1,pnp,1347,311,38,31,0.895359992980957
1347,1520616791.7100663,1,pnp,1348,281,38,33,0.829024612903595
1348,1520616791.7600684,1,pnp,1349,262,35,30,0.6926044225692749
1349,1520616791.8100693,1,pnp,1350,238,44,38,0.8301014304161072
1350,1520616791.860033,1,pnp,1351,237,43,36,0.8435810804367065
1351,1520616791.9100351,1,pnp,1352,239,56,49,0.7580455541610718
1352,1520616791.9600363,1,pnp,1353,283,57,47,0.8285059928894043
1353,1520616792.0100381,1,pnp,1354,293,44,38,0.8427581787109375
1354,1520616792.060043,1,pnp,1355,309,44,36,0.8382041454315186
1355,1520616792.1100402,1,pnp,1356,323,62,48,0.9100645780563354
1356,1520616792.1600473,1,pnp,1357,292,54,41,0.9780724048614502
1357,1520616792.210044,1,pnp,1358,303,43,27,1.2306829690933228
1358,1520616792.26023,1,pnp,1359,289,51,45,0.8631959557533264
1359,1520616792.310152,1,pnp,1360,312,50,38,0.8996686339378357
1360,1520616792.3601532,1,pnp,1361,302,41,35,0.9749040603637695
1361,1520616792.410155,1,pnp,1362,268,37,26,0.832564651966095
1362,1520616792.460156,1,pnp,1363,289,45,32,0.7459127306938171
1363,1520616792.510158,1,pnp,1364,298,40,29,0.8022973537445068
1364,1520616792.560159,1,pnp,1365,287,41,32,0.9500831365585327
1365,1520616792.610161,1,pnp,1366,286,44,39,0.909815788269043
1366,1520616792.6601632,1,pnp,1367,235,31,26,0.8916261196136475
1367,1520616792.7102714,1,pnp,1368,254,34,26,0.8932512402534485
1368,1520616792.7602732,1,pnp,1369,232,36,28,0.863519012928009
1369,1520616792.8102744,1,pnp,1370,212,35,32,0.8275264501571655
1370,1520616792.8602762,1,pnp,1371,208,40,32,0.7936637997627258
1371,1520616792.9102774,1,pnp,1372,181,36,30,0.7919626235961914
1372,1520616792.9602795,1,pnp,1373,179,37,30,0.9933753609657288
1373,1520616793.0102804,1,pnp,1374,194,40,35,0.678665041923523
1374,1520616793.0602825,1,pnp,1375,167,44,40,0.956778883934021
1375,1520616793.1104116,1,pnp,1376,171,46,43,0.8435462713241577
1376,1520616793.1604125,1,pnp,1377,167,40,36,0.9570793509483337
1377,1520616793.2104146,1,pnp,1378,184,39,31,0.8189889192581177
1378,1520616793.2604165,1,pnp,1379,189,54,45,0.8058019876480103
1379,1520616793.3104186,1,pnp,1380,199,51,47,0.800645112991333
1380,1520616793.3604198,1,pnp,1381,199,51,44,0.9290786981582642
1381,1520616793.4104216,1,pnp,1382,179,51,43,0.7123361825942993
1382,1520616793.4604225,1,pnp,1383,172,47,37,0.9040347933769226
1383,1520616793.5105104,1,pnp,1384,193,41,33,0.8506171107292175
1384,1520616793.5605123,1,pnp,1385,186,41,36,1.0279991626739502
1385,1520616793.6105146,1,pnp,1386,212,36,32,0.9553348422050476
1386,1520616793.6605153,1,3d3d,1387,233,31,27,3.1086769104003906
1387,1520616793.7105167,1,pnp,1388,248,34,26,0.9922382831573486
1388,1520616793.7605186,1,pnp,1389,257,41,32,0.9371978044509888
1389,1520616793.8105204,1,pnp,1390,240,34,28,0.7861295342445374
1390,1520616793.8605216,1,pnp,1391,239,37,31,0.8342838287353516
1391,1520616793.910856,1,pnp,1392,256,43,34,0.8638243675231934
1392,1520616793.960753,1,pnp,1393,249,34,31,0.6915448307991028
1393,1520616794.0107548,1,pnp,1394,249,42,36,0.7571545243263245
1394,1520616794.060756,1,pnp,1395,297,41,39,0.8440442085266113
1395,1520616794.110758,1,pnp,1396,311,48,40,0.7261755466461182
1396,1520616794.1607592,1,pnp,1397,307,54,44,0.8364913463592529
1397,1520616794.210761,1,pnp,1398,313,52,44,0.8674532771110535
1398,1520616794.260763,1,pnp,1399,314,34,28,0.8883021473884583
1399,1520616794.3107119,1,pnp,1400,314,43,36,0.7165401577949524
1400,1520616794.3607142,1,pnp,1401,291,46,37,0.811387300491333
1401,1520616794.4107149,1,pnp,1402,297,48,42,0.7829051613807678
1402,1520616794.460717,1,pnp,1403,296,50,42,0.8898251056671143
1403,1520616794.510718,1,pnp,1404,303,43,38,0.9137642979621887
1404,1520616794.56072,1,pnp,1405,295,45,41,0.8448449969291687
1405,1520616794.6107209,1,pnp,1406,319,55,46,0.8534221053123474
1406,1520616794.660723,1,pnp,1407,360,48,43,0.9678518176078796
1407,1520616794.7104244,1,pnp,1408,356,46,43,0.7870774865150452
1408,1520616794.7604256,1,pnp,1409,340,53,44,0.9653505086898804
1409,1520616794.8104274,1,pnp,1410,337,62,55,0.8577538132667542
1410,1520616794.8604283,1,pnp,1411,299,43,36,0.9170165061950684
1411,1520616794.9104307,1,pnp,1412,333,49,40,1.0201492309570312
1412,1520616794.9604325,1,pnp,1413,323,50,43,0.9587762951850891
1413,1520616795.0104344,1,pnp,1414,366,57,49,0.890355110168457
1414,1520616795.0604355,1,pnp,1415,384,58,50,0.8765256404876709
1415,1520616795.1104364,1,pnp,1416,381,66,56,0.8404057025909424
1416,1520616795.1603248,1,pnp,1417,329,50,45,0.9004746675491333
1417,1520616795.2103267,1,pnp,1418,273,57,46,0.8319156765937805
1418,1520616795.2603278,1,pnp,1419,264,56,45,0.9091072678565979
1419,1520616795.3103297,1,pnp,1420,251,48,40,0.8378548622131348
1420,1520616795.3603306,1,pnp,1421,267,52,47,0.8194910287857056
1421,1520616795.4103327,1,pnp,1422,251,47,38,0.867455005645752
1422,1520616795.4603336,1,pnp,1423,238,35,28,0.7753478288650513
1423,1520616795.5103397,1,pnp,1424,246,32,31,0.9851154088973999
1424,1520616795.560232,1,pnp,1425,216,37,33,0.8417381644248962
1425,1520616795.610234,1,pnp,1426,233,45,40,0.8875137567520142
1426,1520616795.660235,1,pnp,1427,285,47,42,0.8710354566574097
1427,1520616795.710237,1,pnp,1428,254,50,42,0.8670651912689209
1428,1520616795.760238,1,pnp,1429,232,43,36,0.9143770933151245
1429,1520616795.8102398,1,pnp,1430,225,48,46,0.8697748780250549
1430,1520616795.8602421,1,pnp,1431,210,47,36,1.0460368394851685
1431,1520616795.9102428,1,pnp,1432,215,53,48,0.9673336744308472
1432,1520616795.9603212,1,pnp,1433,251,45,35,0.8655171990394592
1433,1520616796.0103223,1,pnp,1434,237,42,35,0.8109176158905029
1434,1520616796.0603242,1,pnp,1435,245,53,45,0.7415362000465393
1435,1520616796.1103253,1,pnp,1436,235,66,59,0.8889578580856323
1436,1520616796.1603272,1,pnp,1437,240,56,50,0.9439879059791565
1437,1520616796.2103293,1,pnp,1438,215,46,37,0.8243336081504822
1438,1520616796.2603304,1,pnp,1439,209,38,31,0.7897865176200867
1439,1520616796.3103323,1,pnp,1440,208,39,33,0.8639997243881226
1440,1520616796.3603547,1,pnp,1441,226,38,29,1.012617588043213
1441,1520616796.4103568,1,pnp,1442,225,46,37,0.9114421010017395
1442,1520616796.4603577,1,pnp,1443,220,42,38,0.8168846368789673
1443,1520616796.5103598,1,pnp,1444,225,31,27,0.8006188869476318
1444,1520616796.5603619,1,pnp,1445,243,39,33,0.9594272375106812
1445,1520616796.6103628,1,pnp,1446,241,48,41,0.892799437046051
1446,1520616796.6603646,1,pnp,1447,232,44,40,0.8218902349472046
1447,1520616796.7103667,1,pnp,1448,249,41,36,0.778999924659729
1448,1520616796.7605379,1,pnp,1449,294,49,38,0.9520107507705688
1449,1520616796.810539,1,pnp,1450,331,53,45,0.8618369698524475
1450,1520616796.860541,1,pnp,1451,342,53,48,0.8054943680763245
1451,1520616796.910542,1,pnp,1452,321,59,50,0.915061354637146
1452,1520616796.960544,1,pnp,1453,289,59,54,0.895862340927124
1453,1520616797.010546,1,pnp,1454,288,60,51,0.868279755115509
1454,1520616797.0605469,1,pnp,1455,261,62,49,0.821057140827179
1455,1520616797.110549,1,pnp,1456,248,67,55,1.0259097814559937
1456,1520616797.1605434,1,pnp,1457,242,59,46,0.9253906011581421
1457,1520616797.2105453,1,pnp,1458,227,52,43,0.8983755111694336
1458,1520616797.2605462,1,pnp,1459,212,47,40,0.8792973160743713
1459,1520616797.3105483,1,pnp,1460,202,38,33,0.8526459336280823
1460,1520616797.3605492,1,pnp,1461,211,55,48,0.8128844499588013
1461,1520616797.410551,1,pnp,1462,225,53,45,0.8761630058288574
1462,1520616797.4605534,1,pnp,1463,226,42,39,0.7657862901687622
1463,1520616797.5105543,1,pnp,1464,247,51,42,0.8935637474060059
1464,1520616797.5605562,1,pnp,1465,215,53,41,0.9442863464355469
1465,1520616797.6106625,1,pnp,1466,244,53,42,0.989590585231781
1466,1520616797.6606646,1,pnp,1467,226,45,42,0.9394058585166931
1467,1520616797.7106655,1,pnp,1468,180,39,28,0.8795812726020813
1468,1520616797.7606676,1,pnp,1469,147,43,32,0.7987593412399292
1469,1520616797.8106687,1,3d3d,1470,108,26,18,6.841127872467041
1470,1520616797.8606706,1,3d3d,1471,113,21,16,4.370150566101074
1471,1520616797.9106724,1,pnp+dense-dense,1472,198,27,24,0.9474056959152222
1472,1520616797.9606736,1,3d3d,1473,130,17,16,2.183929681777954
1473,1520616798.0124664,1,pnp+dense-dense,1474,222,23,16,1.0933305025100708
1474,1520616798.0624676,1,3d3d,1475,178,27,18,1.6661728620529175
1475,1520616798.1124697,1,3d3d,1476,179,26,19,1.4336531162261963
1476,1520616798.1624715,1,pnp,1477,181,27,26,0.5585018992424011
1477,1520616798.2124734,1,pnp,1478,198,31,30,0.8573631048202515
1478,1520616798.2624745,1,pnp,1479,211,30,28,0.7252961993217468
1479,1520616798.3124754,1,pnp,1480,237,29,27,0.6566365957260132
1480,1520616798.3624778,1,pnp,1481,269,38,31,0.9359012246131897
1481,1520616798.4129202,1,pnp,1482,292,50,46,0.7761774659156799
1482,1520616798.462923,1,pnp,1483,286,42,33,0.8254477381706238
1483,1520616798.5129232,1,pnp,1484,317,46,41,0.825940728187561
1484,1520616798.5629282,1,pnp,1485,326,61,54,0.8996533155441284
1485,1520616798.612926,1,pnp,1486,357,69,60,0.8761915564537048
1486,1520616798.6629272,1,pnp,1487,361,63,56,0.7773399353027344
1487,1520616798.712929,1,pnp,1488,358,63,57,0.9027181267738342
1488,1520616798.76293,1,pnp,1489,316,56,46,0.9524936676025391
1489,1520616798.8126948,1,pnp,1490,233,36,33,0.7173966765403748
1490,1520616798.8626788,1,pnp,1491,203,47,41,0.6507692337036133
1491,1520616798.9126809,1,pnp,1492,184,35,32,0.7664982676506042
1492,1520616798.9626818,1,pnp,1493,175,40,36,0.7573109865188599
1493,1520616799.0126839,1,pnp,1494,163,38,34,0.887592077255249
1494,1520616799.0626857,1,pnp,1495,172,29,27,0.6605437397956848
1495,1520616799.1126866,1,pnp,1496,210,40,36,0.8790061473846436
1496,1520616799.162689,1,pnp,1497,216,42,36,0.8982658982276917
1497,1520616799.2133036,1,pnp,1498,218,43,38,0.8690232634544373
1498,1520616799.263306,1,pnp,1499,220,35,33,0.7015068531036377
1499,1520616799.3133068,1,pnp,1500,204,51,45,0.802657961845398
1500,1520616799.3633087,1,pnp,1501,210,40,38,0.9978625178337097
1501,1520616799.4133098,1,pnp,1502,216,41,33,0.8563798666000366
1502,1520616799.4633117,1,pnp,1503,218,36,33,0.8487733006477356
1503,1520616799.5133135,1,pnp,1504,242,41,39,0.9582107663154602
1504,1520616799.5633147,1,pnp,1505,270,33,30,0.8621100783348083
1505,1520616799.6133168,1,pnp,1506,267,42,39,0.689102053642273
1506,1520616799.6619904,1,pnp,1507,226,49,46,0.7363219857215881
1507,1520616799.7119915,1,pnp,1508,228,55,51,0.7755078673362732
1508,1520616799.7619936,1,pnp,1509,211,40,36,0.6704631447792053
1509,1520616799.8119946,1,pnp,1510,220,47,40,0.7847151160240173
1510,1520616799.8619967,1,pnp,1511,213,42,38,0.839763343334198
1511,1520616799.9119985,1,pnp,1512,213,56,48,0.8646485209465027
1512,1520616799.9619994,1,pnp,1513,226,48,40,0.8732618689537048
1513,1520616800.0120015,1,pnp,1514,235,54,41,0.8682218194007874
1514,1520616800.0610883,1,pnp,1515,224,38,33,0.8490018844604492
1515,1520616800.1110892,1,pnp,1516,233,38,32,0.8672561645507812
1516,1520616800.1610913,1,pnp,1517,239,37,33,0.7877348065376282
1517,1520616800.2110934,1,pnp,1518,229,39,34,0.9178118705749512
1518,1520616800.2610953,1,pnp,1519,205,38,32,0.8874719142913818
1519,1520616800.3110964,1,pnp,1520,209,41,36,0.8516449332237244
1520,1520616800.3610973,1,pnp,1521,195,40,35,0.7952473163604736
1521,1520616800.4110992,1,pnp,1522,188,36,26,0.8477957844734192
1522,1520616800.460902,1,pnp,1523,154,33,29,0.7627909779548645
1523,1520616800.510864,1,pnp,1524,141,28,27,0.6940532326698303
1524,1520616800.5608652,1,pnp,1525,142,35,30,0.9939321279525757
1525,1520616800.610867,1,pnp,1526,140,41,36,0.8530827760696411
1526,1520616800.660869,1,pnp,1527,142,49,43,0.8766050338745117
1527,1520616800.71087,1,pnp,1528,164,34,34,0.9611107110977173
1528,1520616800.7608721,1,pnp,1529,195,43,35,0.8243556618690491
1529,1520616800.8108733,1,pnp,1530,217,46,40,0.868972659111023
1530,1520616800.8606262,1,pnp,1531,235,43,39,0.82530277967453
1531,1520616800.9106274,1,pnp,1532,251,46,38,0.9645134210586548
1532,1520616800.9606292,1,pnp,1533,240,43,39,0.7983194589614868
1533,1520616801.0106301,1,pnp,1534,256,40,35,0.6946529746055603
1534,1520616801.0606325,1,pnp,1535,243,46,42,0.6405347585678101
1535,1520616801.1106343,1,pnp,1536,267,45,41,0.854724645614624
1536,1520616801.1606352,1,pnp,1537,268,43,39,0.8199712634086609
1537,1520616801.2106373,1,pnp,1538,262,55,51,0.7925803661346436
1538,1520616801.2603428,1,pnp,1539,242,52,48,0.8307984471321106
1539,1520616801.310344,1,pnp,1540,250,60,50,1.00166654586792
1540,1520616801.360345,1,pnp,1541,225,49,44,0.8489870429039001
1541,1520616801.4103467,1,pnp,1542,237,52,47,0.8106597661972046
1542,1520616801.460349,1,pnp,1543,264,52,46,0.7614801526069641
1543,1520616801.51035,1,pnp,1544,277,59,50,1.025163173675537
1544,1520616801.5603528,1,pnp,1545,292,56,49,0.910189688205719
1545,1520616801.610354,1,pnp,1546,309,53,43,0.908534586429596
1546,1520616801.6603174,1,pnp,1547,291,49,42,0.7830795645713806
1547,1520616801.7103195,1,pnp,1548,283,45,36,0.7582226991653442
1548,1520616801.7603214,1,pnp,1549,310,47,36,1.053239345550537
1549,1520616801.8103225,1,pnp,1550,273,49,36,0.9561985731124878
1550,1520616801.8603234,1,pnp,1551,257,51,43,0.9856076240539551
1551,1520616801.9103255,1,pnp,1552,228,39,30,0.9871916770935059
1552,1520616801.9603264,1,pnp,1553,212,46,31,1.1661932468414307
1553,1520616802.0103285,1,pnp,1554,244,48,37,1.0228215456008911
1554,1520616802.0603297,1,pnp,1555,230,37,29,0.9249537587165833
1555,1520616802.1105335,1,pnp,1556,270,46,32,0.8385041952133179
1556,1520616802.1604714,1,pnp,1557,261,55,39,0.7163916230201721
1557,1520616802.2104733,1,pnp,1558,248,44,34,0.9419012665748596
1558,1520616802.2604752,1,pnp,1559,234,55,42,1.0898419618606567
1559,1520616802.3104763,1,pnp,1560,230,44,33,1.0686614513397217
1560,1520616802.3604784,1,pnp,1561,226,46,36,0.742142915725708
1561,1520616802.4104795,1,pnp,1562,220,39,35,1.066461205482483
1562,1520616802.4604814,1,pnp,1563,217,45,36,1.0132017135620117
1563,1520616802.510608,1,pnp,1564,245,35,28,0.9518691301345825
1564,1520616802.56061,1,pnp,1565,249,49,40,0.8712893128395081
1565,1520616802.610611,1,pnp,1566,301,57,47,1.0059213638305664
1566,1520616802.660613,1,pnp,1567,318,56,43,0.8543472290039062
1567,1520616802.7106152,1,pnp,1568,307,67,53,0.9709961414337158
1568,1520616802.760616,1,pnp,1569,319,61,46,0.9455275535583496
1569,1520616802.810618,1,pnp,1570,314,62,50,0.9958052635192871
1570,1520616802.860619,1,pnp,1571,313,64,48,1.039717674255371
1571,1520616802.9111192,1,pnp,1572,328,54,40,0.9257935285568237
1572,1520616802.9611201,1,pnp,1573,284,55,47,0.8837407827377319
1573,1520616803.0111222,1,pnp,1574,238,49,43,1.0745049715042114
1574,1520616803.061124,1,pnp,1575,233,58,46,1.0514427423477173
1575,1520616803.1111262,1,pnp,1576,230,43,33,0.955156147480011
1576,1520616803.1611273,1,pnp,1577,246,48,35,0.8187927007675171
1577,1520616803.2111282,1,pnp,1578,270,44,39,0.8749951720237732
1578,1520616803.2611303,1,pnp,1579,261,49,42,0.8239896297454834
1579,1520616803.3115256,1,pnp,1580,281,46,42,0.9293846487998962
1580,1520616803.3615274,1,pnp,1581,282,44,37,0.6698145866394043
1581,1520616803.4115283,1,pnp,1582,350,45,37,0.844500720500946
1582,1520616803.4615295,1,pnp,1583,351,59,50,0.84309983253479
1583,1520616803.5115314,1,pnp,1584,347,55,47,0.8507763147354126
1584,1520616803.5615332,1,pnp,1585,324,53,46,0.8160630464553833
1585,1520616803.6115344,1,pnp,1586,288,41,38,0.7844427227973938
1586,1520616803.6615365,1,pnp,1587,311,49,47,0.8452925086021423
1587,1520616803.7108722,1,pnp,1588,276,51,42,0.8336130380630493
1588,1520616803.760961,1,pnp,1589,278,51,45,0.8750562071800232
1589,1520616803.810875,1,pnp,1590,282,52,44,0.9126739501953125
1590,1520616803.860877,1,pnp,1591,282,51,43,0.8055932521820068
1591,1520616803.910878,1,pnp,1592,273,42,36,0.7665157318115234
1592,1520616803.96088,1,pnp,1593,266,37,31,0.8623347282409668
1593,1520616804.0108812,1,pnp,1594,243,39,32,0.9646621346473694
1594,1520616804.060883,1,pnp,1595,239,42,37,0.8370862007141113
1595,1520616804.110661,1,pnp,1596,253,47,40,0.7368135452270508
1596,1520616804.1606631,1,pnp,1597,243,35,30,0.7379814386367798
1597,1520616804.210664,1,pnp,1598,248,31,26,0.8392218351364136
1598,1520616804.260666,1,pnp,1599,242,53,44,0.8210166692733765
1599,1520616804.3106682,1,pnp,1600,243,47,38,0.9755486249923706
1600,1520616804.3606691,1,pnp,1601,265,39,32,0.6761864423751831
1601,1520616804.410671,1,pnp,1602,267,40,33,0.948118269443512
1602,1520616804.460673,1,pnp,1603,218,42,33,0.8623868227005005
1603,1520616804.510674,1,pnp,1604,200,32,28,0.8112565875053406
1604,1520616804.5609655,1,pnp,1605,222,37,30,0.8113921880722046
1605,1520616804.6109674,1,pnp,1606,252,44,35,0.8871121406555176
1606,1520616804.6609695,1,pnp,1607,219,37,31,0.8208010196685791
1607,1520616804.7109704,1,3d3d,1608,242,26,21,3.6376311779022217
1608,1520616804.7609725,1,pnp,1609,227,35,30,0.8518861532211304
1609,1520616804.8109746,1,pnp,1610,250,43,41,0.9220449328422546
1610,1520616804.8609755,1,pnp,1611,248,36,30,0.8306072950363159
1611,1520616804.9109774,1,pnp,1612,247,38,34,0.951641321182251
1612,1520616804.961273,1,pnp,1613,300,45,34,1.1102570295333862
1613,1520616805.011274,1,pnp,1614,311,72,59,0.8860732913017273
1614,1520616805.061275,1,pnp,1615,314,62,56,0.9896460771560669
1615,1520616805.111277,1,pnp,1616,324,61,49,0.8905894756317139
1616,1520616805.161279,1,pnp,1617,310,57,47,0.9779732823371887
1617,1520616805.2112799,1,pnp,1618,303,60,48,0.8482897281646729
1618,1520616805.261281,1,pnp,1619,306,58,47,0.8985293507575989
1619,1520616805.311283,1,pnp,1620,285,58,47,0.9310358762741089
1620,1520616805.3614807,1,pnp,1621,302,58,47,0.8228317499160767
1621,1520616805.4114816,1,pnp,1622,295,48,40,0.7872845530509949
1622,1520616805.461484,1,pnp,1623,283,51,41,1.0897572040557861
1623,1520616805.5114849,1,pnp,1624,274,59,48,0.8937994241714478
1624,1520616805.5614867,1,pnp,1625,251,47,38,0.8321289420127869
1625,1520616805.6114879,1,pnp,1626,233,49,45,0.9323183298110962
1626,1520616805.6614897,1,pnp,1627,212,44,32,0.8068721294403076
1627,1520616805.7114906,1,pnp,1628,206,48,42,0.740740180015564
1628,1520616805.761116,1,pnp,1629,221,43,36,0.8281169533729553
1629,1520616805.811117,1,pnp,1630,227,48,42,0.7654421329498291
1630,1520616805.8611188,1,pnp,1631,212,47,39,0.8825498819351196
1631,1520616805.911121,1,pnp,1632,271,44,40,0.6744833588600159
1632,1520616805.9611218,1,pnp,1633,284,44,40,0.8256018161773682
1633,1520616806.011124,1,pnp,1634,286,64,51,0.9623702764511108
1634,1520616806.061125,1,pnp,1635,282,57,50,0.76124107837677
1635,1520616806.111127,1,pnp,1636,312,58,48,0.8224247694015503
1636,1520616806.1608434,1,pnp,1637,285,60,53,0.8984314799308777
1637,1520616806.2108452,1,pnp,1638,288,59,48,0.8949952125549316
1638,1520616806.2608476,1,pnp,1639,292,66,55,0.9654557704925537
1639,1520616806.3108482,1,pnp,1640,293,65,53,0.812884509563446
1640,1520616806.3608503,1,pnp,1641,286,56,53,0.7473935484886169
1641,1520616806.4108524,1,pnp,1642,275,58,52,0.8756157755851746
1642,1520616806.4608543,1,pnp,1643,312,55,48,0.8578581809997559
1643,1520616806.5108552,1,pnp,1644,276,46,39,0.7615919709205627
1644,1520616806.560827,1,pnp,1645,262,50,42,0.8203449249267578
1645,1520616806.610829,1,pnp,1646,236,53,42,0.8724690675735474
1646,1520616806.66083,1,pnp,1647,284,55,47,0.8309998512268066
1647,1520616806.7108319,1,pnp,1648,256,56,48,0.9848021268844604
1648,1520616806.760833,1,pnp,1649,215,55,45,1.0521794557571411
1649,1520616806.8108351,1,pnp,1650,223,70,59,0.9573863744735718
1650,1520616806.860836,1,pnp,1651,204,54,44,0.997251570224762
1651,1520616806.9108381,1,pnp,1652,197,45,37,0.909407913684845
1652,1520616806.960839,1,pnp,1653,183,41,36,0.98625248670578
1653,1520616807.0114415,1,3d3d,1654,215,31,26,3.5658092498779297
1654,1520616807.0614386,1,pnp,1655,160,40,27,0.842546820640564
1655,1520616807.1114395,1,pnp,1656,109,30,25,0.6897233128547668
1656,1520616807.1614413,1,3d3d,1657,124,24,20,2.9864752292633057
1657,1520616807.2114425,1,3d3d,1658,132,29,19,2.3143982887268066
1658,1520616807.2614443,1,pnp,1659,138,33,27,0.8851274847984314
1659,1520616807.3114457,1,3d3d,1660,148,25,17,4.029454708099365
1660,1520616807.3614476,1,3d3d,1661,153,25,22,1.1599940061569214
1661,1520616807.4130392,1,3d3d,1662,184,21,18,13.20649528503418
1662,1520616807.463041,1,pnp,1663,183,27,25,0.9335975050926208
1663,1520616807.5130434,1,pnp,1664,138,27,26,0.7655157446861267
1664,1520616807.5630443,1,pnp,1665,162,27,25,1.0814721584320068
1665,1520616807.6130462,1,pnp,1666,194,39,28,0.8578972816467285
1666,1520616807.6630473,1,pnp,1667,205,37,34,0.7786597013473511
1667,1520616807.7130492,1,pnp,1668,239,37,35,0.9622268676757812
1668,1520616807.7630503,1,pnp,1669,226,38,36,0.8223235011100769
1669,1520616807.8118827,1,pnp,1670,164,39,35,0.8745697140693665
1670,1520616807.861885,1,pnp,1671,210,45,38,0.8901776671409607
1671,1520616807.911886,1,pnp,1672,225,48,42,0.7852181196212769
1672,1520616807.9618878,1,pnp,1673,229,45,43,0.846969723701477
1673,1520616808.011889,1,pnp,1674,247,46,43,1.0493189096450806
1674,1520616808.0618908,1,pnp,1675,228,47,36,0.9513734579086304
1675,1520616808.111893,1,pnp,1676,218,39,34,0.8767454624176025
1676,1520616808.161895,1,pnp,1677,183,33,29,1.0610976219177246
1677,1520616808.2115805,1,3d3d,1678,123,23,19,2.2307918071746826
1678,1520616808.2615824,1,3d3d,1679,125,26,19,2.642597198486328
1679,1520616808.3115833,1,3d3d,1680,130,23,23,1.5078595876693726
1680,1520616808.3615844,1,3d3d,1681,124,25,22,1.763647198677063
1681,1520616808.4115884,1,3d3d,1682,121,22,18,1.5974035263061523
1682,1520616808.4615884,1,pnp,1683,146,35,31,0.8342467546463013
1683,1520616808.5115895,1,pnp,1684,142,43,38,0.8966946601867676
1684,1520616808.5615904,1,pnp,1685,124,34,32,0.734228253364563
1685,1520616808.6123085,1,pnp,1686,149,30,26,0.8915609121322632
1686,1520616808.6623108,1,pnp,1687,132,31,29,0.8200090527534485
1687,1520616808.7123117,1,3d3d,1688,106,25,23,15.125115394592285
1688,1520616808.7623136,1,3d3d,1689,106,24,22,6.667746067047119
1689,1520616808.8123147,1,3d3d,1690,115,19,17,5.498804569244385
1690,1520616808.8623166,1,pnp+dense-dense,1691,272,50,44,0.8978271484375
1691,1520616808.9123175,1,pnp+primary-dense,1692,281,46,42,1.0037697553634644
1692,1520616808.9623196,1,pnp+primary-dense,1693,283,46,43,0.8161402940750122
1693,1520616809.0123205,1,pnp+primary-dense,1694,293,46,36,0.9062252640724182
1694,1520616809.0652711,1,3d3d,1695,135,24,22,2.0608859062194824
1695,1520616809.1152732,1,3d3d,1696,115,24,22,2.1261415481567383
1696,1520616809.1652741,1,pnp,1697,112,27,26,0.8562524318695068
1697,1520616809.2152762,1,pnp,1698,100,33,30,0.8162524104118347
1698,1520616809.2652774,1,pnp,1699,126,36,32,0.7709961533546448
1699,1520616809.3152792,1,pnp,1700,135,44,42,0.7633770108222961
1700,1520616809.365281,1,pnp,1701,142,40,38,0.8797237277030945
1701,1520616809.4152822,1,pnp,1702,137,35,29,0.803662121295929
1702,1520616809.4686038,1,pnp,1703,228,37,30,0.8651174902915955
1703,1520616809.518605,1,pnp,1704,248,50,41,0.8157077431678772
1704,1520616809.5686069,1,pnp,1705,212,49,44,0.8881275057792664
1705,1520616809.6186087,1,pnp,1706,204,48,34,1.053248405456543
1706,1520616809.6686099,1,pnp,1707,210,53,41,0.9403020143508911
1707,1520616809.7186117,1,pnp,1708,200,52,48,0.7215867042541504
1708,1520616809.7686126,1,pnp,1709,181,40,35,0.8385268449783325
1709,1520616809.818615,1,pnp,1710,158,43,37,0.8703574538230896
1710,1520616809.8692415,1,pnp,1711,167,44,33,0.9637654423713684
1711,1520616809.9192436,1,pnp,1712,163,32,28,0.8261073231697083
1712,1520616809.9692476,1,pnp+dense-dense,1713,380,47,35,1.0352078676223755
1713,1520616810.0192463,1,pnp+primary-dense,1714,388,45,37,0.9056864380836487
1714,1520616810.0692487,1,pnp,1715,191,36,35,0.7618111371994019
1715,1520616810.1192496,1,pnp,1716,167,29,28,0.6506859660148621
1716,1520616810.1692507,1,pnp,1717,170,42,38,0.5633404850959778
1717,1520616810.2192526,1,pnp,1718,234,33,31,0.5886332988739014
1718,1520616810.2692544,1,pnp,1719,229,39,36,0.7394177913665771
1719,1520616810.3192785,1,pnp,1720,230,47,38,0.8970334529876709
1720,1520616810.3692575,1,pnp,1721,214,47,42,0.7930098176002502
1721,1520616810.4192584,1,pnp,1722,243,39,34,0.6901838183403015
1722,1520616810.4692607,1,pnp,1723,266,43,36,0.7982635498046875
1723,1520616810.5192616,1,pnp,1724,252,44,42,0.7601526975631714
1724,1520616810.5692635,1,pnp,1725,237,42,39,0.8801891803741455
1725,1520616810.6192646,1,pnp,1726,224,44,37,0.7537863254547119
1726,1520616810.6692665,1,pnp,1727,248,34,30,0.8987716436386108
1727,1520616810.7192686,1,pnp,1728,276,41,33,0.8078396916389465
1728,1520616810.7692697,1,pnp,1729,270,56,47,0.8916870951652527
1729,1520616810.8192716,1,pnp,1730,270,49,41,0.8864843249320984
1730,1520616810.8692727,1,pnp,1731,252,42,35,0.8254668116569519
1731,1520616810.9192746,1,3d3d,1732,218,27,20,1.0038633346557617
1732,1520616810.9692755,1,pnp,1733,227,50,41,0.7924460172653198
1733,1520616811.0192776,1,pnp,1734,254,46,40,0.9276823401451111
1734,1520616811.0692797,1,pnp,1735,236,43,40,0.8026207089424133
1735,1520616811.1192806,1,pnp,1736,244,44,33,0.8664383292198181
1736,1520616811.1692827,1,pnp,1737,254,53,43,0.935896098613739
1737,1520616811.2192836,1,pnp,1738,252,47,39,0.9013223648071289
1738,1520616811.2692854,1,pnp,1739,272,39,33,0.7889488935470581
1739,1520616811.3192875,1,pnp,1740,274,43,29,0.9377533793449402
1740,1520616811.3692884,1,pnp,1741,287,39,31,1.0318951606750488
1741,1520616811.4192905,1,pnp,1742,305,40,28,1.0847514867782593
1742,1520616811.4692917,1,pnp,1743,327,52,42,0.8207188844680786
1743,1520616811.5192935,1,pnp,1744,334,58,52,0.7444210648536682
1744,1520616811.5692945,1,pnp,1745,317,54,43,0.9266695976257324
1745,1520616811.6192966,1,pnp,1746,326,45,38,0.8434695601463318
1746,1520616811.6692975,1,pnp,1747,346,73,66,0.9445579051971436
1747,1520616811.7192993,1,pnp,1748,331,74,63,0.9236195087432861
1748,1520616811.7693017,1,pnp,1749,343,75,63,0.9537978768348694
1749,1520616811.8193026,1,pnp,1750,356,73,57,0.8429141640663147
1750,1520616811.8693047,1,pnp,1751,371,73,58,0.7259518504142761
1751,1520616811.918232,1,pnp,1752,363,83,56,0.9000293016433716
1752,1520616811.968276,1,pnp,1753,372,61,51,0.8460013270378113
1753,1520616812.018235,1,pnp,1754,368,61,52,0.8841215372085571
1754,1520616812.0682368,1,pnp,1755,377,66,52,0.8825139403343201
1755,1520616812.118238,1,pnp,1756,365,62,47,0.9063044190406799
1756,1520616812.16824,1,pnp,1757,379,56,52,0.9274187088012695
1757,1520616812.2182412,1,pnp,1758,313,52,43,0.8995203971862793
1758,1520616812.268243,1,pnp,1759,303,52,42,0.8261027932167053
1759,1520616812.3172033,1,pnp,1760,353,45,40,0.7967552542686462
1760,1520616812.3672042,1,pnp,1761,382,43,33,0.8778759241104126
1761,1520616812.4172063,1,pnp,1762,441,49,40,0.8826603293418884
1762,1520616812.4672072,1,pnp,1763,406,51,38,1.0919557809829712
1763,1520616812.5172093,1,pnp,1764,408,57,47,0.9379575848579407
1764,1520616812.5672104,1,pnp,1765,459,54,44,0.9805653095245361
1765,1520616812.6172123,1,pnp,1766,410,49,38,0.8142088651657104
1766,1520616812.6672142,1,pnp,1767,407,61,51,0.9196438789367676
1767,1520616812.7154965,1,pnp,1768,314,47,32,1.0484683513641357
1768,1520616812.7654984,1,pnp,1769,281,56,49,0.7710044980049133
1769,1520616812.8154995,1,pnp,1770,267,50,43,0.8151575326919556
1770,1520616812.8655016,1,pnp,1771,284,48,38,0.9781391620635986
1771,1520616812.9155028,1,pnp,1772,299,53,42,0.7821272015571594
1772,1520616812.9655046,1,pnp,1773,342,53,44,0.9706305861473083
1773,1520616813.0155065,1,pnp,1774,373,55,46,0.9589968919754028
1774,1520616813.0655077,1,pnp,1775,371,55,43,0.9279385805130005
1775,1520616813.1126673,1,pnp,1776,304,33,26,0.9365507364273071
1776,1520616813.1626692,1,pnp,1777,290,56,45,0.8460646271705627
1777,1520616813.2126703,1,pnp,1778,316,45,36,0.7732872366905212
1778,1520616813.2626722,1,pnp,1779,326,60,47,0.9061265587806702
1779,1520616813.312673,1,pnp,1780,371,74,64,0.9663675427436829
1780,1520616813.3626752,1,pnp,1781,406,87,72,0.918489396572113
1781,1520616813.412676,1,pnp,1782,381,76,64,1.0317387580871582
1782,1520616813.4626782,1,pnp,1783,340,64,59,0.805416464805603
1783,1520616813.511425,1,pnp,1784,263,51,42,0.8127491474151611
1784,1520616813.561427,1,pnp,1785,261,50,46,0.8214424252510071
1785,1520616813.6114929,1,pnp,1786,258,67,63,0.8393317461013794
1786,1520616813.6614301,1,pnp,1787,265,74,62,0.8650099635124207
1787,1520616813.711431,1,pnp,1788,270,75,67,0.8291206359863281
1788,1520616813.761433,1,pnp,1789,274,66,62,0.839614748954773
1789,1520616813.811434,1,pnp,1790,264,45,40,0.8292986154556274
1790,1520616813.861436,1,pnp,1791,243,39,36,0.670051634311676
1791,1520616813.911438,1,pnp,1792,227,32,28,0.7980344891548157
1792,1520616813.961329,1,pnp,1793,207,32,28,0.7698765993118286
1793,1520616814.0113308,1,pnp,1794,236,45,41,0.9158952236175537
1794,1520616814.061332,1,pnp,1795,245,49,39,0.9610722661018372
1795,1520616814.111334,1,pnp,1796,243,51,38,0.9875602722167969
1796,1520616814.161335,1,pnp,1797,250,42,34,0.772767961025238
1797,1520616814.211337,1,pnp,1798,236,43,36,0.9852819442749023
1798,1520616814.261339,1,pnp,1799,228,52,44,0.8259819149971008
1799,1520616814.3113399,1,pnp,1800,232,48,38,0.816522479057312
1800,1520616814.3610907,1,pnp,1801,223,43,40,0.8149329423904419
1801,1520616814.4110916,1,pnp,1802,212,48,40,0.773796021938324
1802,1520616814.4610934,1,pnp,1803,187,40,32,0.6867359280586243
1803,1520616814.5110946,1,pnp,1804,179,38,32,1.0638877153396606
1804,1520616814.5610964,1,pnp,1805,170,39,34,0.8270543217658997
1805,1520616814.6110985,1,pnp,1806,175,37,34,0.7298963069915771
1806,1520616814.6611006,1,pnp,1807,191,39,36,0.6823689341545105
1807,1520616814.7111015,1,3d3d,1808,199,28,27,2.8063464164733887
1808,1520616814.7609541,1,pnp,1809,199,34,28,0.6995507478713989
1809,1520616814.8109565,1,pnp,1810,213,32,31,0.6412736773490906
1810,1520616814.8609583,1,pnp,1811,201,35,34,0.7023362517356873
1811,1520616814.9109592,1,pnp,1812,210,47,44,0.7668547034263611
1812,1520616814.9609604,1,pnp,1813,196,49,43,1.026236653327942
1813,1520616815.0109622,1,pnp,1814,202,45,43,0.84880131483078
1814,1520616815.060964,1,pnp,1815,178,51,46,0.8895082473754883
1815,1520616815.1109653,1,pnp,1816,159,38,31,0.8276656866073608
1816,1520616815.1609387,1,pnp,1817,179,39,36,0.7015165090560913
1817,1520616815.2109396,1,pnp,1818,158,41,35,0.8275181651115417
1818,1520616815.261026,1,3d3d,1819,161,26,26,1.6477036476135254
1819,1520616815.310943,1,pnp,1820,166,29,26,0.9926503896713257
1820,1520616815.3609447,1,3d3d,1821,161,22,21,2.3746955394744873
1821,1520616815.410946,1,3d3d,1822,132,26,26,1.8287912607192993
1822,1520616815.4609478,1,pnp,1823,128,29,26,0.669772207736969
1823,1520616815.5109496,1,pnp,1824,122,26,25,0.9385461807250977
1824,1520616815.5608673,1,3d3d,1825,121,26,22,1.648484706878662
1825,1520616815.6108696,1,pnp,1826,122,34,29,0.7483241558074951
1826,1520616815.6608706,1,3d3d,1827,126,26,25,1.8524041175842285
1827,1520616815.7108724,1,3d3d,1828,141,26,25,1.712367057800293
1828,1520616815.7608736,1,pnp,1829,173,27,26,0.7621309161186218
1829,1520616815.8108754,1,pnp,1830,163,31,26,1.1118115186691284
1830,1520616815.8608775,1,3d3d,1831,213,25,23,2.2101023197174072
1831,1520616815.9108787,1,pnp,1832,225,33,30,0.8646283149719238
1832,1520616815.9608805,1,pnp,1833,192,32,26,0.8357972502708435
1833,1520616816.0117953,1,3d3d,1834,227,23,17,4.378068447113037
1834,1520616816.0617971,1,3d3d,1835,193,24,24,7.539795875549316
1835,1520616816.1117995,1,3d3d,1836,189,27,26,1.8421754837036133
1836,1520616816.1618004,1,pnp,1837,178,35,29,0.8239819407463074
1837,1520616816.2118022,1,pnp,1838,185,37,31,0.8616766929626465
1838,1520616816.2618034,1,pnp,1839,226,34,26,0.9081522226333618
1839,1520616816.3118052,1,pnp,1840,222,47,38,1.0453087091445923
1840,1520616816.361807,1,pnp,1841,247,46,39,0.8024244904518127
1841,1520616816.4123209,1,pnp,1842,243,52,44,1.0600504875183105
1842,1520616816.4623227,1,pnp,1843,255,61,50,0.9212958812713623
1843,1520616816.5123239,1,pnp,1844,220,47,40,0.805759072303772
1844,1520616816.5623248,1,pnp,1845,206,53,44,0.9932644963264465
1845,1520616816.6123269,1,pnp,1846,206,53,44,0.8366226553916931
1846,1520616816.662329,1,pnp,1847,188,47,38,0.9093860387802124
1847,1520616816.7123299,1,pnp,1848,189,35,31,0.9318317770957947
1848,1520616816.7623317,1,pnp,1849,162,30,29,0.8329095244407654
1849,1520616816.8120902,1,3d3d,1850,155,26,25,1.3525581359863281
1850,1520616816.862092,1,pnp,1851,169,39,32,0.7929679751396179
1851,1520616816.912197,1,pnp,1852,185,47,45,0.695465087890625
1852,1520616816.9620953,1,pnp,1853,182,41,39,0.6646847128868103
1853,1520616817.0120962,1,pnp,1854,187,37,31,0.8253930807113647
1854,1520616817.0620983,1,pnp,1855,190,34,32,0.6822136640548706
1855,1520616817.1121001,1,pnp,1856,187,31,27,0.6860724687576294
1856,1520616817.162101,1,pnp,1857,160,34,31,0.7694705128669739
1857,1520616817.2122831,1,pnp,1858,163,36,32,0.75004643201828
1858,1520616817.262284,1,3d3d,1859,171,26,25,1.3571215867996216
1859,1520616817.3122861,1,pnp,1860,171,32,31,0.7689574360847473
1860,1520616817.3622873,1,pnp,1861,165,40,39,0.6226549744606018
1861,1520616817.4122891,1,pnp,1862,173,40,38,0.7694016098976135
1862,1520616817.462291,1,pnp,1863,164,30,28,0.6107315421104431
1863,1520616817.5122921,1,pnp,1864,190,33,29,0.7974823117256165
1864,1520616817.562294,1,3d3d,1865,188,24,15,2.1294972896575928
1865,1520616817.6137276,1,pnp,1866,209,29,29,0.767280638217926
1866,1520616817.6637294,1,pnp,1867,229,41,35,0.7219573259353638
1867,1520616817.7137306,1,pnp,1868,261,39,38,0.8446641564369202
1868,1520616817.7637327,1,pnp,1869,284,40,38,0.7940230965614319
1869,1520616817.8137336,1,pnp,1870,307,51,40,0.8800565600395203
1870,1520616817.8637357,1,3d3d,1871,369,30,28,4.868376731872559
1871,1520616817.9137375,1,pnp,1872,330,53,41,1.046486258506775
1872,1520616817.9637394,1,pnp,1873,337,57,45,1.0781939029693604
1873,1520616818.014805,1,pnp,1874,432,42,35,0.8778873085975647
1874,1520616818.064807,1,pnp,1875,429,43,33,0.8875578045845032
1875,1520616818.1148078,1,pnp,1876,389,57,49,0.8750666379928589
1876,1520616818.164809,1,pnp,1877,406,58,52,0.7029759287834167
1877,1520616818.214811,1,pnp,1878,477,69,61,0.8942086100578308
1878,1520616818.264813,1,pnp,1879,508,86,70,0.7897925972938538
1879,1520616818.314814,1,pnp,1880,494,82,74,0.9422284960746765
1880,1520616818.364816,1,pnp,1881,487,89,73,0.8476062417030334
1881,1520616818.4148169,1,pnp,1882,484,69,59,0.8598161339759827
1882,1520616818.4626315,1,pnp,1883,290,54,43,0.9154914617538452
1883,1520616818.5126324,1,pnp,1884,273,52,47,0.892646849155426
1884,1520616818.5626342,1,pnp,1885,247,53,46,0.7997303605079651
1885,1520616818.6126366,1,pnp,1886,218,42,38,0.8497933745384216
1886,1520616818.6626375,1,pnp,1887,224,44,40,0.8637291789054871
1887,1520616818.7126396,1,pnp,1888,222,51,42,0.8986986875534058
1888,1520616818.7626405,1,pnp,1889,217,38,36,0.9485358595848083
1889,1520616818.8126423,1,pnp,1890,207,42,37,0.8464789986610413
1890,1520616818.8655684,1,pnp,1891,304,30,25,0.8174822926521301
1891,1520616818.9155703,1,pnp,1892,243,43,40,0.8963505029678345
1892,1520616818.9655714,1,pnp,1893,241,60,52,0.8003153800964355
1893,1520616819.0155733,1,pnp,1894,244,68,56,1.0279731750488281
1894,1520616819.0655754,1,pnp,1895,254,71,64,0.8531771302223206
1895,1520616819.1155765,1,pnp,1896,285,63,53,0.8225544691085815
1896,1520616819.1655784,1,pnp,1897,301,64,51,0.8746872544288635
1897,1520616819.2155802,1,pnp,1898,301,57,47,0.7540444731712341
1898,1520616819.2677433,1,pnp,1899,333,52,48,0.7703198790550232
1899,1520616819.3177445,1,pnp,1900,346,69,62,0.8665534853935242
1900,1520616819.3677464,1,pnp,1901,338,49,38,1.0549105405807495
1901,1520616819.4177473,1,pnp,1902,343,58,47,0.7916977405548096
1902,1520616819.4677494,1,pnp,1903,356,59,50,0.9264417290687561
1903,1520616819.5177515,1,pnp,1904,322,49,44,0.8792248368263245
1904,1520616819.5677533,1,pnp,1905,265,43,39,0.8909362554550171
1905,1520616819.6177545,1,pnp,1906,242,48,44,0.8150815963745117
1906,1520616819.6683433,1,pnp,1907,273,47,37,0.8916683197021484
1907,1520616819.7183442,1,pnp,1908,268,46,39,0.9819396138191223
1908,1520616819.7683463,1,pnp,1909,275,51,42,0.9070894122123718
1909,1520616819.8183475,1,pnp,1910,247,32,29,0.851342499256134
1910,1520616819.8683493,1,pnp,1911,213,50,39,0.8008136749267578
1911,1520616819.9183502,1,pnp,1912,208,40,37,0.8618946075439453
1912,1520616819.9683523,1,pnp,1913,199,37,32,0.9993868470191956
1913,1520616820.0183542,1,pnp,1914,213,32,29,0.7872161269187927
1914,1520616820.0695608,1,3d3d,1915,228,25,23,3.0987775325775146
1915,1520616820.1195617,1,3d3d,1916,212,17,17,2.305809736251831
1916,1520616820.1695635,1,3d3d,1917,193,20,19,1.659814715385437
1917,1520616820.2195656,1,pnp,1918,183,28,25,0.82321697473526
1918,1520616820.2695665,1,pnp,1919,205,27,26,0.9073173403739929
1919,1520616820.3195684,1,3d3d,1920,180,29,27,1.5585134029388428
1920,1520616820.3695695,1,pnp,1921,216,36,34,0.9644228219985962
1921,1520616820.4195716,1,pnp,1922,232,40,34,0.8730592131614685
1922,1520616820.4695725,1,pnp,1923,244,34,32,0.7854147553443909
1923,1520616820.5173466,1,pnp,1924,262,55,47,1.0642189979553223
1924,1520616820.5673478,1,pnp,1925,259,45,39,0.955162525177002
1925,1520616820.6173496,1,pnp,1926,232,39,34,0.9388501644134521
1926,1520616820.6673517,1,pnp,1927,184,44,33,0.7976400256156921
1927,1520616820.7173529,1,pnp,1928,184,39,30,0.9708486795425415
1928,1520616820.7673547,1,pnp,1929,188,37,30,0.9426474571228027
1929,1520616820.8173556,1,pnp,1930,186,50,40,0.8315560817718506
1930,1520616820.8673577,1,pnp,1931,182,54,49,0.92726069688797
1931,1520616820.9195867,1,3d3d,1932,187,17,16,1.4815781116485596
1932,1520616820.9695885,1,pnp,1933,223,31,25,0.780917763710022
1933,1520616821.0195904,1,3d3d,1934,248,29,25,1.226167917251587
1934,1520616821.0695918,1,pnp,1935,266,38,33,1.0423038005828857
1935,1520616821.1195936,1,pnp,1936,292,40,28,1.0449416637420654
1936,1520616821.1695955,1,pnp,1937,239,35,27,1.0123847723007202
1937,1520616821.2195966,1,pnp,1938,235,30,25,0.906404972076416
1938,1520616821.2695985,1,pnp,1939,210,37,30,1.0147430896759033
1939,1520616821.317485,1,3d3d,1940,257,30,16,2.385268449783325
1940,1520616821.3674862,1,pnp,1941,304,39,35,0.9295212626457214
1941,1520616821.4174883,1,pnp,1942,283,48,36,0.9363754391670227
1942,1520616821.4674895,1,pnp,1943,261,36,30,0.7654035091400146
1943,1520616821.5174904,1,pnp,1944,295,40,33,0.8866147398948669
1944,1520616821.5674922,1,pnp,1945,324,43,28,0.8226079344749451
1945,1520616821.6174934,1,pnp,1946,365,50,38,0.8687701225280762
1946,1520616821.6674953,1,pnp,1947,361,55,43,0.9092822074890137
1947,1520616821.7131767,1,3d3d,1948,299,32,16,3.325606107711792
1948,1520616821.7631786,1,pnp,1949,297,53,43,0.865406334400177
1949,1520616821.8131857,1,pnp,1950,289,55,45,0.7585186958312988
1950,1520616821.8631816,1,pnp,1951,314,57,50,0.9471073150634766
1951,1520616821.9131837,1,pnp,1952,313,66,58,0.868569552898407
1952,1520616821.9631848,1,pnp,1953,345,80,74,0.7718420624732971
1953,1520616822.0131867,1,pnp,1954,337,77,57,0.907935619354248
1954,1520616822.0631876,1,pnp,1955,350,67,61,0.7763664722442627
1955,1520616822.1119912,1,pnp,1956,308,66,58,0.7049872279167175
1956,1520616822.161992,1,pnp,1957,317,71,58,0.8575118780136108
1957,1520616822.2119942,1,pnp,1958,257,55,49,0.8478944897651672
1958,1520616822.261996,1,pnp,1959,259,39,35,0.8133941888809204
1959,1520616822.311997,1,pnp,1960,265,38,35,0.8870718479156494
1960,1520616822.3619993,1,pnp,1961,224,47,41,0.7473486065864563
1961,1520616822.4120002,1,pnp,1962,221,48,43,1.0244841575622559
1962,1520616822.462002,1,pnp,1963,261,43,39,0.9496875405311584
1963,1520616822.5118418,1,pnp,1964,279,43,34,0.8222445249557495
1964,1520616822.561844,1,pnp,1965,281,46,35,1.0214731693267822
1965,1520616822.611845,1,pnp,1966,289,31,28,0.8755975365638733
1966,1520616822.6618469,1,pnp,1967,258,42,36,0.7735114097595215
1967,1520616822.711849,1,3d3d,1968,222,28,19,2.7397968769073486
1968,1520616822.7618499,1,pnp,1969,224,50,39,0.8802837133407593
1969,1520616822.811852,1,pnp,1970,195,39,34,0.7341305017471313
1970,1520616822.861854,1,pnp,1971,189,38,35,0.8050402402877808
1971,1520616822.911855,1,pnp,1972,201,39,31,0.6984310150146484
1972,1520616822.9615498,1,pnp,1973,203,34,30,0.9656795859336853
1973,1520616823.011551,1,pnp,1974,222,48,44,0.8267808556556702
1974,1520616823.0615528,1,pnp,1975,231,40,33,0.8338117003440857
1975,1520616823.1115537,1,pnp,1976,235,46,39,0.9037345051765442
1976,1520616823.1615558,1,pnp,1977,244,46,37,0.946909487247467
1977,1520616823.2115576,1,pnp,1978,263,48,41,0.834644079208374
1978,1520616823.2615585,1,pnp,1979,265,40,32,0.8346120119094849
1979,1520616823.3115609,1,pnp,1980,240,48,42,0.8780292272567749
1980,1520616823.361238,1,pnp,1981,227,48,43,0.748681902885437
1981,1520616823.41124,1,pnp,1982,228,53,44,0.6654830574989319
1982,1520616823.4612632,1,pnp,1983,222,45,39,0.9231634140014648
1983,1520616823.511243,1,pnp,1984,244,53,45,0.7745130062103271
1984,1520616823.561244,1,pnp,1985,226,55,47,0.8965992331504822
1985,1520616823.611246,1,pnp,1986,252,50,42,0.9544190764427185
1986,1520616823.661247,1,pnp,1987,261,48,41,0.7490808963775635
1987,1520616823.7112489,1,pnp,1988,261,52,43,0.9517125487327576
1988,1520616823.7610118,1,pnp,1989,239,51,48,0.7982940673828125
1989,1520616823.8110137,1,pnp,1990,259,50,40,0.9823684692382812
1990,1520616823.8610156,1,pnp,1991,250,53,47,0.9471624493598938
1991,1520616823.9110167,1,pnp,1992,202,49,45,0.8435593843460083
1992,1520616823.9610188,1,pnp,1993,161,39,38,0.6605350375175476
1993,1520616824.01102,1,pnp,1994,163,51,49,0.8731338977813721
1994,1520616824.0610218,1,pnp,1995,162,50,49,0.6985305547714233
1995,1520616824.1110227,1,pnp,1996,185,29,28,0.6677229404449463
1996,1520616824.1617193,1,pnp,1997,234,32,29,0.8935950398445129
1997,1520616824.2117202,1,pnp,1998,259,43,38,0.842424750328064
1998,1520616824.2617226,1,pnp,1999,272,34,31,0.90068119764328
1999,1520616824.3117244,1,pnp,2000,265,48,41,0.8915027976036072
2000,1520616824.3617253,1,pnp,2001,263,48,44,0.7845890522003174
2001,1520616824.4117274,1,pnp,2002,266,52,44,0.8585693836212158
2002,1520616824.4617293,1,pnp,2003,264,52,43,1.0355255603790283
2003,1520616824.5117302,1,pnp,2004,272,58,47,0.8669267892837524
2004,1520616824.56163,1,pnp,2005,267,58,50,0.8984793424606323
2005,1520616824.611631,1,pnp,2006,267,59,48,0.819656491279602
2006,1520616824.6616328,1,pnp,2007,263,61,49,0.8965057730674744
2007,1520616824.711634,1,pnp,2008,270,49,39,0.9252443909645081
2008,1520616824.761636,1,pnp,2009,300,46,41,0.8324553966522217
2009,1520616824.8116372,1,pnp,2010,329,52,47,0.837792694568634
2010,1520616824.861639,1,pnp,2011,354,63,55,0.94158935546875
2011,1520616824.911641,1,pnp,2012,309,66,60,0.8871910572052002
2012,1520616824.9611177,1,pnp,2013,245,50,43,0.9349627494812012
2013,1520616825.0111196,1,pnp,2014,258,46,35,0.842470109462738
2014,1520616825.0611207,1,pnp,2015,254,38,29,0.898652970790863
2015,1520616825.111161,1,pnp,2016,230,40,32,0.8645715117454529
2016,1520616825.161124,1,pnp,2017,261,37,27,1.0135976076126099
2017,1520616825.2111259,1,pnp,2018,254,47,36,0.9482657313346863
2018,1520616825.2611268,1,pnp,2019,212,46,39,0.950394332408905
2019,1520616825.3111289,1,pnp,2020,223,34,28,0.9345105290412903
2020,1520616825.3611298,1,pnp,2021,259,32,26,0.7852028608322144
2021,1520616825.410991,1,pnp,2022,239,28,25,0.8704082369804382
2022,1520616825.4609928,1,pnp,2023,233,38,30,0.8331871628761292
2023,1520616825.5109937,1,pnp,2024,230,37,27,1.0948153734207153
2024,1520616825.5609958,1,pnp,2025,237,40,29,0.9975060224533081
2025,1520616825.6109967,1,pnp,2026,184,32,27,0.9539914727210999
2026,1520616825.6609988,1,pnp,2027,171,38,33,1.1390374898910522
2027,1520616825.711,1,pnp,2028,190,34,30,1.1209805011749268
2028,1520616825.7610018,1,3d3d,2029,181,29,23,2.9850261211395264
2029,1520616825.8111558,1,pnp,2030,202,29,25,0.9642619490623474
2030,1520616825.8611577,1,pnp,2031,186,35,31,0.9279631972312927
2031,1520616825.9111598,1,pnp,2032,175,37,32,1.022552490234375
2032,1520616825.961161,1,pnp,2033,187,36,32,0.8092880249023438
2033,1520616826.0111628,1,pnp,2034,201,36,31,0.8197579979896545
2034,1520616826.0611646,1,pnp,2035,189,35,34,0.807292103767395
2035,1520616826.1111658,1,pnp,2036,177,31,30,0.7566524744033813
2036,1520616826.1611676,1,pnp,2037,171,34,32,0.7673417329788208
2037,1520616826.211902,1,pnp,2038,298,36,36,0.7449360489845276
2038,1520616826.261903,1,pnp,2039,293,47,41,0.8180517554283142
2039,1520616826.311904,1,pnp,2040,298,35,32,0.7557094097137451
2040,1520616826.3619058,1,pnp,2041,333,31,30,0.911774754524231
2041,1520616826.411908,1,pnp,2042,373,60,52,0.8124630451202393
2042,1520616826.4619088,1,pnp,2043,347,51,41,0.8378309011459351
2043,1520616826.5119097,1,pnp,2044,387,61,51,0.8842212557792664
2044,1520616826.561913,1,pnp,2045,428,59,54,0.8904337882995605
2045,1520616826.6125062,1,pnp,2046,432,60,53,0.8906994462013245
2046,1520616826.662507,1,pnp,2047,439,58,48,0.8454138040542603
2047,1520616826.7125094,1,pnp,2048,446,54,48,0.8334238529205322
2048,1520616826.7625651,1,pnp,2049,416,68,54,0.920635461807251
2049,1520616826.8125122,1,pnp,2050,373,52,46,0.9722899794578552
2050,1520616826.8625133,1,pnp,2051,365,52,47,0.8755757808685303
2051,1520616826.9125152,1,pnp,2052,409,48,42,0.8907743096351624
2052,1520616826.962517,1,pnp,2053,461,58,46,0.8856732845306396
2053,1520616827.0116265,1,pnp,2054,379,52,40,0.949852705001831
2054,1520616827.0616286,1,pnp,2055,388,48,42,0.9389122128486633
2055,1520616827.1116297,1,pnp,2056,408,48,40,0.9001063704490662
2056,1520616827.1616316,1,pnp,2057,381,61,42,0.958564043045044
2057,1520616827.2116325,1,pnp,2058,391,55,42,0.9465054869651794
2058,1520616827.2616346,1,pnp,2059,392,59,44,0.8914470672607422
2059,1520616827.3116355,1,pnp,2060,426,56,33,1.090949296951294
2060,1520616827.3616374,1,pnp,2061,383,59,47,0.8637946248054504
2061,1520616827.4116654,1,pnp,2062,350,62,51,0.9585219025611877
2062,1520616827.4614344,1,pnp,2063,306,47,35,0.9738593101501465
2063,1520616827.5114365,1,pnp,2064,308,57,47,1.1034077405929565
2064,1520616827.5614376,1,pnp,2065,298,41,38,0.8230811953544617
2065,1520616827.6114395,1,pnp,2066,241,51,41,0.8394457697868347
2066,1520616827.6614406,1,pnp,2067,221,36,32,0.8407987356185913
2067,1520616827.7114425,1,pnp,2068,173,31,30,0.9544097185134888
2068,1520616827.7614443,1,3d3d,2069,157,26,25,1.1903847455978394
2069,1520616827.8114457,1,3d3d,2070,147,26,24,0.9746984839439392
2070,1520616827.8619008,1,pnp,2071,190,26,26,0.8065714240074158
2071,1520616827.911903,1,pnp,2072,192,31,29,0.9231188893318176
2072,1520616827.9619048,1,pnp,2073,188,44,38,0.9205827116966248
2073,1520616828.011906,1,pnp,2074,213,42,35,0.6137700080871582
2074,1520616828.0619068,1,pnp,2075,274,49,43,0.8376323580741882
2075,1520616828.1119087,1,pnp,2076,254,49,41,0.855670154094696
2076,1520616828.1619098,1,pnp,2077,282,52,46,0.9745070934295654
2077,1520616828.2119117,1,pnp,2078,291,55,48,0.8966458439826965
2078,1520616828.2617407,1,pnp,2079,223,51,40,1.0774972438812256
2079,1520616828.3117425,1,pnp,2080,197,46,36,0.871219277381897
2080,1520616828.3617437,1,pnp,2081,167,38,30,0.9435219168663025
2081,1520616828.4118185,1,pnp,2082,162,46,36,0.9423640370368958
2082,1520616828.4617465,1,pnp,2083,147,36,30,0.8900743722915649
2083,1520616828.5117488,1,pnp,2084,151,37,27,0.97444087266922
2084,1520616828.5617497,1,pnp,2085,151,41,33,0.8721789717674255
2085,1520616828.6117516,1,3d3d,2086,147,28,24,1.734804630279541
2086,1520616828.6613512,1,pnp,2087,131,35,27,0.9603677988052368
2087,1520616828.7113523,1,pnp,2088,138,34,27,0.928846001625061
2088,1520616828.7613544,1,3d3d,2089,129,27,26,1.8055295944213867
2089,1520616828.8113556,1,pnp,2090,140,39,29,0.7921252250671387
2090,1520616828.8613575,1,pnp,2091,149,32,29,0.7153617143630981
2091,1520616828.9113584,1,pnp,2092,162,35,28,0.7136563062667847
2092,1520616828.9613605,1,pnp,2093,178,36,30,0.794836163520813
2093,1520616829.0113614,1,pnp,2094,156,41,37,0.9561192989349365
2094,1520616829.0611746,1,pnp,2095,126,33,28,0.7599966526031494
2095,1520616829.1111765,1,3d3d,2096,116,25,20,2.9683940410614014
2096,1520616829.1611776,1,pnp,2097,109,31,27,0.8366509079933167
2097,1520616829.2111797,1,3d3d,2098,123,24,23,1.225840449333191
2098,1520616829.2611804,1,3d3d,2099,125,24,23,2.2491791248321533
2099,1520616829.3111827,1,3d3d,2100,121,24,22,2.8756308555603027
2100,1520616829.3611846,1,3d3d,2101,99,17,15,3.5752642154693604
2101,1520616829.4111855,1,pnp+dense-dense,2102,286,47,39,0.8623265027999878
2102,1520616829.4612284,1,pnp+primary-dense,2103,295,34,27,0.9588395357131958
2103,1520616829.5112293,1,3d3d,2104,91,19,17,1.1775115728378296
2104,1520616829.5612311,1,pnp+dense-dense,2105,260,45,41,0.7974814176559448
2105,1520616829.6112335,1,3d3d,2106,91,26,23,2.1279027462005615
2106,1520616829.6612344,1,3d3d,2107,98,26,24,3.2143588066101074
2107,1520616829.7112355,1,pnp,2108,91,25,25,0.7632173895835876
2108,1520616829.7612374,1,3d3d,2109,89,20,19,2.3037185668945312
2109,1520616829.8112383,1,pnp,2110,95,27,25,0.8758627772331238
2110,1520616829.8612404,1,3d3d,2111,117,27,23,1.1252615451812744
2111,1520616829.9121327,1,3d3d,2112,270,24,22,2.055992841720581
2112,1520616829.9621336,1,pnp,2113,289,59,45,0.9678757190704346
2113,1520616830.0121355,1,pnp,2114,292,54,36,1.0694159269332886
2114,1520616830.0622256,1,pnp,2115,270,41,33,0.8676364421844482
2115,1520616830.1121385,1,pnp,2116,255,40,32,0.8690851926803589
2116,1520616830.1621397,1,pnp,2117,265,61,53,0.9046545624732971
2117,1520616830.2121418,1,pnp,2118,257,41,35,0.8747307658195496
2118,1520616830.2621436,1,pnp,2119,234,56,48,0.9633299708366394
2119,1520616830.3135142,1,pnp,2120,317,46,34,0.9994108080863953
2120,1520616830.3635163,1,pnp,2121,317,58,47,0.9100407361984253
2121,1520616830.4135172,1,pnp,2122,362,51,41,0.830059826374054
2122,1520616830.4635193,1,pnp,2123,387,61,49,0.7290080189704895
2123,1520616830.5135202,1,pnp,2124,399,55,48,0.9571771025657654
2124,1520616830.563522,1,pnp,2125,395,54,46,0.8453699350357056
2125,1520616830.6135232,1,pnp,2126,314,47,40,0.8550907969474792
2126,1520616830.663525,1,pnp,2127,298,45,41,0.8101129531860352
2127,1520616830.7146583,1,pnp,2128,267,53,49,0.7058089375495911
2128,1520616830.764659,1,pnp,2129,270,49,41,0.850908100605011
2129,1520616830.814661,1,pnp,2130,267,50,41,0.8972328901290894
2130,1520616830.8646622,1,pnp,2131,256,45,39,0.9091682434082031
2131,1520616830.914664,1,pnp,2132,267,41,36,0.8691372871398926
2132,1520616830.964665,1,pnp,2133,282,42,34,0.8516851663589478
2133,1520616831.0146682,1,pnp,2134,289,51,43,0.8614513874053955
2134,1520616831.0646691,1,pnp,2135,263,48,41,0.915985107421875
2135,1520616831.11602,1,pnp,2136,294,45,40,0.8704943656921387
2136,1520616831.166022,1,pnp,2137,260,58,46,0.9715452194213867
2137,1520616831.2160242,1,pnp,2138,267,54,47,0.8566358685493469
2138,1520616831.266025,1,pnp,2139,239,41,33,0.8210893869400024
2139,1520616831.316026,1,pnp,2140,244,53,45,0.9521470665931702
2140,1520616831.3660293,1,pnp,2141,281,51,40,1.0042924880981445
2141,1520616831.41603,1,pnp,2142,289,61,49,0.8918173313140869
2142,1520616831.4660313,1,pnp,2143,304,53,43,0.8402140140533447
2143,1520616831.515219,1,pnp,2144,322,51,43,0.9809123277664185
2144,1520616831.56522,1,pnp,2145,353,60,47,0.8886456489562988
2145,1520616831.6152222,1,pnp,2146,316,48,44,0.8390552997589111
2146,1520616831.6652231,1,pnp,2147,298,43,38,0.8996174335479736
2147,1520616831.7152252,1,pnp,2148,298,53,43,0.8999224305152893
2148,1520616831.7652261,1,pnp,2149,291,47,38,0.841583251953125
2149,1520616831.815228,1,pnp,2150,294,43,33,0.8806225061416626
2150,1520616831.86523,1,pnp,2151,317,54,44,0.89711594581604
2151,1520616831.9127276,1,pnp,2152,241,36,31,0.9099928736686707
2152,1520616831.9627295,1,pnp,2153,243,36,34,0.8643298745155334
2153,1520616832.0127308,1,pnp,2154,269,39,33,0.9050089716911316
2154,1520616832.0627327,1,pnp,2155,277,42,39,0.7405845522880554
2155,1520616832.1127336,1,pnp,2156,310,49,45,0.8389243483543396
2156,1520616832.1627357,1,pnp,2157,243,47,41,0.7799675464630127
2157,1520616832.2127366,1,pnp,2158,302,50,44,0.7926399111747742
2158,1520616832.2627385,1,pnp,2159,349,55,45,0.9259684085845947
2159,1520616832.3127408,1,pnp,2160,353,54,39,0.933020830154419
2160,1520616832.361882,1,pnp,2161,277,43,38,0.7895817160606384
2161,1520616832.4118838,1,pnp,2162,289,49,47,0.8889782428741455
2162,1520616832.4618847,1,pnp,2163,301,45,36,0.9582087993621826
2163,1520616832.5118868,1,pnp,2164,343,49,38,0.9292691349983215
2164,1520616832.561889,1,pnp,2165,352,51,42,0.8159507513046265
2165,1520616832.6118898,1,pnp,2166,329,50,38,0.9339932799339294
2166,1520616832.661892,1,pnp,2167,275,46,38,0.9871426224708557
2167,1520616832.7118938,1,pnp,2168,296,41,36,0.9394844770431519
2168,1520616832.7617388,1,pnp,2169,280,49,41,0.8572920560836792
2169,1520616832.811741,1,pnp,2170,259,40,32,1.0800504684448242
2170,1520616832.861742,1,pnp,2171,238,47,40,0.9969702363014221
2171,1520616832.9117439,1,pnp,2172,246,51,41,0.9651867747306824
2172,1520616832.961745,1,pnp,2173,227,66,49,0.8601699471473694
2173,1520616833.011746,1,pnp,2174,228,61,54,0.8550671339035034
2174,1520616833.0617487,1,pnp,2175,231,62,53,0.8364087343215942
2175,1520616833.11175,1,pnp,2176,238,53,45,1.081954002380371
2176,1520616833.1616614,1,pnp,2177,218,48,42,0.6615743637084961
2177,1520616833.2116632,1,pnp,2178,195,44,34,0.7665669322013855
2178,1520616833.261665,1,pnp,2179,204,49,39,0.8162932991981506
2179,1520616833.311669,1,pnp,2180,197,42,36,0.9272968769073486
2180,1520616833.3616672,1,pnp,2181,185,40,33,0.8280813694000244
2181,1520616833.411669,1,pnp,2182,177,30,26,1.1465483903884888
2182,1520616833.4616714,1,pnp,2183,142,34,29,0.8728468418121338
2183,1520616833.5116723,1,pnp,2184,144,35,30,0.7165563106536865
2184,1520616833.561608,1,pnp,2185,131,35,31,0.7906351089477539
2185,1520616833.6116092,1,pnp,2186,137,27,26,1.0172979831695557
2186,1520616833.661611,1,3d3d,2187,140,24,23,2.901427745819092
2187,1520616833.711612,1,pnp,2188,157,39,36,0.7106342315673828
2188,1520616833.761614,1,pnp,2189,151,30,28,0.8730118870735168
2189,1520616833.811615,1,pnp,2190,174,34,28,0.8115858435630798
2190,1520616833.861617,1,pnp,2191,204,29,25,0.7045891284942627
2191,1520616833.9116192,1,3d3d,2192,220,28,28,2.2930715084075928
2192,1520616833.9616063,1,pnp,2193,234,29,26,0.8685780763626099
2193,1520616834.0116081,1,pnp,2194,251,36,28,0.956635594367981
2194,1520616834.0616093,1,pnp,2195,256,39,30,0.8004409670829773
2195,1520616834.1116111,1,pnp,2196,235,50,39,0.7805266976356506
2196,1520616834.1616123,1,pnp,2197,193,40,34,0.9188665747642517
2197,1520616834.2116144,1,pnp,2198,200,39,35,0.8559370636940002
2198,1520616834.2616162,1,pnp,2199,237,40,32,0.7904403805732727
2199,1520616834.3116174,1,pnp,2200,245,43,31,0.8010520935058594
2200,1520616834.3616576,1,pnp,2201,214,36,30,0.864862322807312
2201,1520616834.4116585,1,pnp,2202,147,48,42,0.8048318028450012
2202,1520616834.4616594,1,pnp,2203,156,40,34,0.9220249652862549
2203,1520616834.5116606,1,pnp,2204,143,31,28,0.9644215106964111
2204,1520616834.5616636,1,3d3d,2205,147,26,24,1.410908579826355
2205,1520616834.6116645,1,pnp,2206,145,35,32,0.8126652836799622
2206,1520616834.6616666,1,pnp,2207,132,26,26,0.7828651666641235
2207,1520616834.7116675,1,3d3d,2208,131,28,28,0.966498613357544
2208,1520616834.7616687,1,3d3d,2209,125,16,16,1.8588322401046753
2209,1520616834.8114996,1,3d3d,2210,129,21,21,1.9894754886627197
2210,1520616834.8615005,1,3d3d,2211,129,19,19,3.4963362216949463
2211,1520616834.9115024,1,3d3d,2212,114,18,18,1.410757303237915
2212,1520616834.9615047,1,3d3d,2213,126,18,18,5.311706066131592
2213,1520616835.0115056,1,3d3d,2214,94,26,26,2.7660927772521973
2214,1520616835.0615075,1,pnp+dense-dense,2215,211,31,24,1.0502598285675049
2215,1520616835.1115086,1,3d3d,2216,53,16,16,1.649596929550171
2216,1520616835.1615105,1,pnp+dense-dense,2217,112,22,19,0.8398331999778748
2217,1520616835.212775,1,3d3d,2218,90,19,17,3.0040557384490967
2218,1520616835.2627769,1,3d3d,2219,89,20,20,2.4027504920959473
2219,1520616835.312778,1,3d3d,2220,86,22,20,1.425984263420105
2220,1520616835.36278,1,3d3d,2221,92,20,19,2.319932699203491
2221,1520616835.412781,1,3d3d,2222,82,18,18,0.9947083592414856
2222,1520616835.462783,1,3d3d,2223,89,20,20,1.2763911485671997
2223,1520616835.512785,1,3d3d,2224,85,23,23,0.9852839112281799
2224,1520616835.562786,1,3d3d,2225,82,21,21,0.8248858451843262
2225,1520616835.6134737,1,3d3d,2226,105,16,16,1.0831398963928223
2226,1520616835.6634746,1,3d3d,2227,138,24,24,1.2476121187210083
2227,1520616835.7134764,1,pnp,2228,157,26,25,0.7937818765640259
2228,1520616835.7634785,1,pnp,2229,149,30,29,0.8987666368484497
2229,1520616835.8134794,1,3d3d,2230,157,24,22,1.4749668836593628
2230,1520616835.8634815,1,pnp,2231,180,32,29,0.7420383095741272
2231,1520616835.9134836,1,3d3d,2232,211,26,21,1.8266899585723877
2232,1520616835.9634845,1,pnp,2233,209,35,29,0.9573551416397095
2233,1520616836.0126202,1,3d3d,2234,177,27,21,1.8021010160446167
2234,1520616836.0626214,1,3d3d,2235,182,31,19,9.813209533691406
2235,1520616836.1126232,1,3d3d,2236,150,24,20,2.055344343185425
2236,1520616836.162625,1,3d3d,2237,146,32,26,3.308115005493164
2237,1520616836.2126262,1,pnp,2238,144,37,32,0.8636646270751953
2238,1520616836.2626271,1,pnp,2239,159,43,36,0.7421889901161194
2239,1520616836.312629,1,pnp,2240,154,42,37,0.9886456727981567
2240,1520616836.3626301,1,pnp,2241,168,43,38,0.9601640701293945
2241,1520616836.41246,1,pnp,2242,162,42,38,0.8626360893249512
2242,1520616836.4624622,1,pnp,2243,159,51,44,0.9672794938087463
2243,1520616836.512463,1,pnp,2244,180,41,35,0.815060019493103
2244,1520616836.5624652,1,pnp,2245,186,43,41,0.8928112983703613
2245,1520616836.6124752,1,pnp,2246,178,38,31,0.8909395337104797
2246,1520616836.6624682,1,pnp,2247,185,43,32,0.8912815451622009
2247,1520616836.712469,1,pnp,2248,157,34,31,0.863593578338623
2248,1520616836.7624712,1,pnp,2249,126,29,25,0.9072615504264832
2249,1520616836.812472,1,3d3d,2250,89,26,19,2.9159648418426514
2250,1520616836.8636584,1,pnp+dense-dense,2251,315,57,46,0.9078353047370911
2251,1520616836.9136596,1,pnp+primary-dense,2252,257,50,41,0.8605645298957825
2252,1520616836.9636614,1,3d3d,2253,128,24,21,1.8230172395706177
2253,1520616837.0136623,1,pnp+dense-dense,2254,217,26,24,0.7744776010513306
2254,1520616837.0636644,1,pnp+primary-dense,2255,213,26,24,0.7880297303199768
2255,1520616837.1136663,1,pnp+primary-dense,2256,226,27,25,0.7096073031425476
2256,1520616837.1636672,1,3d3d,2257,150,28,18,3.0245821475982666
2257,1520616837.2136695,1,3d3d,2258,135,27,22,1.2922227382659912
2258,1520616837.2647245,1,pnp,2259,170,26,25,0.6441915035247803
2259,1520616837.3147266,1,3d3d,2260,169,23,21,0.7614471912384033
2260,1520616837.3647275,1,3d3d,2261,171,27,21,3.0989573001861572
2261,1520616837.4147296,1,3d3d,2262,175,20,18,0.814253032207489
2262,1520616837.4647315,1,3d3d,2263,182,21,19,1.5937484502792358
2263,1520616837.5147324,1,pnp,2264,195,26,26,0.6527112722396851
2264,1520616837.5647345,1,pnp+dense-dense,2265,342,60,54,0.7686521410942078
2265,1520616837.6147354,1,pnp,2266,201,31,28,0.6985986232757568
2266,1520616837.6651242,1,pnp,2267,211,50,47,0.733008623123169
2267,1520616837.715126,1,pnp,2268,202,40,34,0.8664318323135376
2268,1520616837.7651281,1,pnp,2269,181,43,38,0.6290174126625061
2269,1520616837.815128,1,pnp,2270,166,39,37,0.6784751415252686
2270,1520616837.8651302,1,pnp,2271,174,28,27,0.6768329739570618
2271,1520616837.915132,1,pnp,2272,185,48,42,0.821191668510437
2272,1520616837.9651332,1,pnp,2273,179,35,28,0.8955627679824829
2273,1520616838.015135,1,pnp,2274,178,48,43,0.9044321775436401
2274,1520616838.065294,1,pnp,2275,176,39,35,0.8968091011047363
2275,1520616838.1152952,1,pnp,2276,173,27,26,0.6399115920066833
2276,1520616838.165297,1,pnp,2277,170,28,26,0.9000208377838135
2277,1520616838.215298,1,pnp,2278,180,36,35,0.7370457649230957
2278,1520616838.26533,1,pnp,2279,185,33,33,0.7231265902519226
2279,1520616838.315301,1,pnp,2280,194,34,32,0.7535567283630371
2280,1520616838.3653028,1,pnp,2281,203,35,33,0.6363956332206726
2281,1520616838.415304,1,pnp,2282,205,45,44,0.6519345045089722
2282,1520616838.4648533,1,pnp,2283,206,34,32,0.7274075746536255
2283,1520616838.5148544,1,pnp,2284,207,41,40,0.7493616342544556
2284,1520616838.5648565,1,pnp,2285,204,43,41,0.712380588054657
2285,1520616838.6148572,1,pnp,2286,206,41,40,0.7118752002716064
2286,1520616838.6648595,1,pnp,2287,211,40,39,0.795373797416687
2287,1520616838.7148614,1,pnp,2288,220,41,40,0.8297541737556458
2288,1520616838.7648623,1,pnp,2289,266,48,46,0.760817289352417
2289,1520616838.8148644,1,pnp,2290,283,63,54,0.7674528360366821
2290,1520616838.8640382,1,pnp,2291,266,39,34,0.7757971882820129
2291,1520616838.91404,1,pnp,2292,286,35,32,0.7915438413619995
2292,1520616838.964041,1,pnp,2293,316,41,37,1.1310776472091675
2293,1520616839.0140433,1,pnp,2294,301,38,32,0.9056580066680908
2294,1520616839.0640452,1,pnp,2295,303,52,44,1.0443476438522339
2295,1520616839.114046,1,pnp,2296,326,58,47,0.9535414576530457
2296,1520616839.1640482,1,pnp,2297,304,54,42,0.9533371329307556
2297,1520616839.214049,1,pnp,2298,270,52,40,0.916893482208252
2298,1520616839.264051,1,pnp,2299,296,60,50,0.9920105338096619
2299,1520616839.3132095,1,pnp,2300,266,42,36,0.8881584405899048
2300,1520616839.3632104,1,pnp,2301,255,39,34,0.828734278678894
2301,1520616839.4132123,1,pnp,2302,213,50,41,0.8373630046844482
2302,1520616839.4632134,1,pnp,2303,216,63,52,1.0021306276321411
2303,1520616839.5132163,1,pnp,2304,229,60,51,0.9415204524993896
2304,1520616839.5632164,1,pnp,2305,243,53,44,0.97428297996521
2305,1520616839.6132183,1,pnp,2306,273,42,38,0.7840801477432251
2306,1520616839.6632192,1,pnp,2307,276,56,51,0.7740132808685303
2307,1520616839.7128832,1,pnp,2308,262,45,38,0.7491302490234375
2308,1520616839.7628853,1,pnp,2309,268,47,35,1.0706254243850708
2309,1520616839.8128865,1,pnp,2310,268,45,39,1.0220999717712402
2310,1520616839.8628883,1,pnp,2311,243,39,34,0.9177342653274536
2311,1520616839.9129353,1,pnp,2312,218,39,37,0.9873074293136597
2312,1520616839.9628913,1,pnp,2313,244,36,30,0.9149556756019592
2313,1520616840.0128922,1,pnp,2314,246,36,25,0.9373389482498169
2314,1520616840.0628943,1,pnp,2315,227,37,33,0.851691722869873
2315,1520616840.1123989,1,pnp,2316,190,39,35,0.9368597269058228
2316,1520616840.162401,1,pnp,2317,161,48,38,0.7920571565628052
2317,1520616840.212402,1,pnp,2318,179,33,31,0.9027036428451538
2318,1520616840.262404,1,pnp,2319,177,40,33,0.8448762893676758
2319,1520616840.3124058,1,pnp,2320,202,49,45,0.7482808828353882
2320,1520616840.362407,1,pnp,2321,227,57,48,0.8161534667015076
2321,1520616840.4124088,1,pnp,2322,257,33,27,0.7225191593170166
2322,1520616840.46241,1,pnp,2323,293,52,46,0.9112826585769653
2323,1520616840.5129488,1,pnp,2324,315,50,46,0.748610258102417
2324,1520616840.56295,1,pnp,2325,358,63,57,0.7871679663658142
2325,1520616840.612952,1,pnp,2326,393,75,67,0.9916526079177856
2326,1520616840.6629539,1,pnp,2327,450,67,56,0.7500291466712952
2327,1520616840.712955,1,pnp,2328,473,62,51,0.8836180567741394
2328,1520616840.7629569,1,pnp,2329,432,62,46,0.9897197484970093
2329,1520616840.812958,1,pnp,2330,320,49,36,0.8590313196182251
2330,1520616840.8629599,1,pnp,2331,347,47,29,0.7841382026672363
2331,1520616840.9138858,1,pnp,2332,384,45,30,0.8775928616523743
2332,1520616840.963888,1,pnp,2333,308,41,32,0.8837158679962158
2333,1520616841.0138888,1,pnp,2334,292,50,36,0.9149829149246216
2334,1520616841.0638897,1,pnp,2335,281,55,45,0.8748068809509277
2335,1520616841.1138918,1,pnp,2336,264,54,42,0.8775845170021057
2336,1520616841.163894,1,pnp,2337,276,42,31,0.9308471083641052
2337,1520616841.2138948,1,pnp,2338,273,49,35,0.8666688203811646
2338,1520616841.263896,1,pnp,2339,268,50,41,0.931832492351532
2339,1520616841.3132157,1,pnp,2340,288,38,28,0.8159923553466797
2340,1520616841.3632178,1,pnp,2341,311,43,33,0.7426328659057617
2341,1520616841.4132187,1,pnp,2342,292,42,30,0.7277146577835083
2342,1520616841.4632208,1,pnp,2343,276,35,28,0.8350493907928467
2343,1520616841.5132217,1,3d3d,2344,208,29,20,3.7636501789093018
2344,1520616841.5632849,1,pnp,2345,218,37,32,0.8719168305397034
2345,1520616841.6132247,1,pnp,2346,245,29,27,0.9377984404563904
2346,1520616841.6632266,1,pnp,2347,237,42,35,0.7357164621353149
2347,1520616841.713228,1,pnp,2348,229,37,30,0.8427597880363464
2348,1520616841.7620602,1,pnp,2349,182,32,30,0.8852162957191467
2349,1520616841.812061,1,pnp,2350,186,37,33,0.8191696405410767
2350,1520616841.8620632,1,pnp,2351,180,46,42,0.8646082282066345
2351,1520616841.912065,1,pnp,2352,186,35,31,0.9750381112098694
2352,1520616841.962066,1,pnp,2353,182,37,31,1.0132280588150024
2353,1520616842.0120683,1,pnp,2354,193,30,27,1.0704683065414429
2354,1520616842.0620692,1,pnp,2355,207,34,28,0.711904764175415
2355,1520616842.112071,1,pnp,2356,231,38,31,1.063794732093811
2356,1520616842.161651,1,pnp,2357,235,47,40,0.8720130920410156
2357,1520616842.2116528,1,pnp,2358,233,53,43,1.0061053037643433
2358,1520616842.2616549,1,pnp,2359,269,44,38,0.8364095091819763
2359,1520616842.3116558,1,pnp,2360,249,40,32,1.1003798246383667
2360,1520616842.3616576,1,pnp,2361,239,37,31,0.9687867760658264
2361,1520616842.4116588,1,pnp,2362,248,34,29,1.1139696836471558
2362,1520616842.4616609,1,pnp,2363,268,41,33,0.9149294495582581
2363,1520616842.5116627,1,pnp,2364,257,43,32,1.0408722162246704
2364,1520616842.5615225,1,pnp,2365,217,43,37,0.9655181169509888
2365,1520616842.6115236,1,pnp,2366,209,39,35,0.9224870800971985
2366,1520616842.6615255,1,pnp,2367,221,38,33,0.8590828776359558
2367,1520616842.7115276,1,pnp,2368,251,39,32,1.0317739248275757
2368,1520616842.7615294,1,pnp,2369,254,47,41,0.7075191736221313
2369,1520616842.8115306,1,pnp,2370,268,43,38,0.8784987926483154
2370,1520616842.8615315,1,pnp,2371,282,42,34,0.871009111404419
2371,1520616842.9115336,1,pnp,2372,311,52,47,0.841891884803772
2372,1520616842.961703,1,pnp,2373,320,50,39,0.7770609259605408
2373,1520616843.0117042,1,pnp,2374,311,53,43,0.9185589551925659
2374,1520616843.061706,1,pnp,2375,322,56,46,0.9155371189117432
2375,1520616843.111708,1,pnp,2376,341,52,42,0.9506040811538696
2376,1520616843.161709,1,pnp,2377,329,56,45,0.8426223397254944
2377,1520616843.211785,1,pnp,2378,316,62,50,0.9038214087486267
2378,1520616843.261712,1,pnp,2379,325,59,49,0.8610461950302124
2379,1520616843.3117132,1,pnp,2380,318,54,46,0.8576671481132507
2380,1520616843.3616529,1,pnp,2381,286,52,46,1.0256640911102295
2381,1520616843.411654,1,pnp,2382,269,49,40,0.8474088311195374
2382,1520616843.4616559,1,pnp,2383,309,51,42,0.8848042488098145
2383,1520616843.5116577,1,pnp,2384,316,49,41,0.9440094828605652
2384,1520616843.5616589,1,pnp,2385,272,49,42,0.9092565774917603
2385,1520616843.611661,1,pnp,2386,255,38,32,0.7299365997314453
2386,1520616843.6616619,1,pnp,2387,243,47,44,0.9571139216423035
2387,1520616843.711664,1,pnp,2388,253,48,39,0.769083559513092
2388,1520616843.7616649,1,pnp,2389,244,38,30,0.5966984629631042
2389,1520616843.811616,1,pnp,2390,245,36,32,0.7690640687942505
2390,1520616843.8616178,1,pnp,2391,240,47,40,0.7136910557746887
2391,1520616843.911619,1,pnp,2392,249,41,35,0.7962214946746826
2392,1520616843.9616208,1,pnp,2393,222,38,36,0.7183981537818909
2393,1520616844.011622,1,pnp,2394,231,46,44,0.7413004040718079
2394,1520616844.0616238,1,pnp,2395,215,47,40,0.8462286591529846
2395,1520616844.1116247,1,pnp,2396,216,43,37,0.7162050008773804
2396,1520616844.161627,1,pnp,2397,207,47,42,0.8368617296218872
2397,1520616844.2118008,1,pnp,2398,263,43,39,0.6297993063926697
2398,1520616844.261803,1,pnp,2399,263,48,44,0.8257656097412109
2399,1520616844.3118038,1,pnp,2400,255,43,41,0.7712956666946411
2400,1520616844.361806,1,pnp,2401,259,49,38,0.9245727062225342
2401,1520616844.4118068,1,pnp,2402,277,40,38,0.6914258003234863
2402,1520616844.4618087,1,pnp,2403,307,47,43,0.6839121580123901
2403,1520616844.5118098,1,pnp,2404,297,41,36,0.843099057674408
2404,1520616844.5618107,1,pnp,2405,318,44,37,0.722040593624115
2405,1520616844.6121228,1,3d3d,2406,314,26,19,2.0978431701660156
2406,1520616844.6621246,1,3d3d,2407,350,29,23,2.6383864879608154
2407,1520616844.7121255,1,pnp,2408,342,34,27,0.8447314500808716
2408,1520616844.7621276,1,pnp,2409,382,42,32,0.9813777804374695
2409,1520616844.8121285,1,pnp,2410,380,47,33,0.8965244889259338
2410,1520616844.8622205,1,pnp,2411,364,31,28,0.948257565498352
2411,1520616844.9121318,1,pnp,2412,344,35,31,0.9020891785621643
2412,1520616844.9621336,1,3d3d,2413,287,28,24,4.12419319152832
2413,1520616845.0123253,1,3d3d,2414,296,31,26,4.848768711090088
2414,1520616845.0623274,1,pnp,2415,327,36,31,1.0424251556396484
2415,1520616845.1123292,1,3d3d,2416,332,31,24,3.4867992401123047
2416,1520616845.1623302,1,pnp,2417,356,44,35,0.8879491686820984
2417,1520616845.2123325,1,pnp,2418,371,55,41,0.8963556885719299
2418,1520616845.2623334,1,pnp,2419,370,57,44,0.9179970026016235
2419,1520616845.3123353,1,pnp,2420,323,59,49,0.9726759791374207
2420,1520616845.3623364,1,pnp,2421,329,49,42,0.9246121644973755
2421,1520616845.4123375,1,pnp,2422,332,44,35,0.7523760795593262
2422,1520616845.4623396,1,pnp,2423,331,36,32,0.8831698894500732
2423,1520616845.5123405,1,pnp,2424,330,45,39,1.0019654035568237
2424,1520616845.5623424,1,pnp,2425,313,39,36,0.9242231845855713
2425,1520616845.6123435,1,pnp,2426,281,39,30,0.7743130922317505
2426,1520616845.6623456,1,pnp,2427,233,33,28,0.7735503911972046
2427,1520616845.7123468,1,pnp,2428,214,34,30,0.7839808464050293
2428,1520616845.7623487,1,pnp,2429,192,35,32,0.6988697648048401
2429,1520616845.8121207,1,pnp,2430,171,32,29,0.8957611322402954
2430,1520616845.8621225,1,pnp,2431,180,33,32,0.9278636574745178
2431,1520616845.9121237,1,pnp,2432,192,32,28,0.8225891590118408
2432,1520616845.9621246,1,pnp,2433,194,46,37,0.8721531629562378
2433,1520616846.0121264,1,pnp,2434,210,48,44,0.9231059551239014
2434,1520616846.0621288,1,pnp,2435,207,48,41,1.0165793895721436
2435,1520616846.1121297,1,pnp,2436,218,47,39,0.8606648445129395
2436,1520616846.1621306,1,pnp,2437,238,45,34,0.8927906155586243
2437,1520616846.2121327,1,pnp,2438,261,50,45,0.9261841773986816
2438,1520616846.2618906,1,pnp,2439,253,52,39,1.1329665184020996
2439,1520616846.3118916,1,pnp,2440,258,50,43,0.8059569597244263
2440,1520616846.3618934,1,pnp,2441,326,63,54,0.7299898862838745
2441,1520616846.4118958,1,pnp,2442,329,74,61,0.8182143568992615
2442,1520616846.4618967,1,pnp,2443,353,75,67,0.8094965815544128
2443,1520616846.5120027,1,pnp,2444,360,69,60,0.8760620355606079
2444,1520616846.5618997,1,pnp,2445,333,71,63,0.8865786194801331
2445,1520616846.6119006,1,pnp,2446,343,58,49,0.9242647290229797
2446,1520616846.6617181,1,pnp,2447,264,54,46,0.9837358593940735
2447,1520616846.7117202,1,pnp,2448,243,55,49,0.7261547446250916
2448,1520616846.7617211,1,pnp,2449,253,52,44,0.8002617955207825
2449,1520616846.811723,1,pnp,2450,219,54,46,0.6859455108642578
2450,1520616846.8617241,1,pnp,2451,223,49,42,0.7313491702079773
2451,1520616846.9117262,1,pnp,2452,239,48,43,0.7584695219993591
2452,1520616846.9617274,1,pnp,2453,259,53,50,0.7613855004310608
2453,1520616847.0117292,1,pnp,2454,264,54,46,0.7539663910865784
2454,1520616847.0615854,1,pnp,2455,224,51,49,0.8620105385780334
2455,1520616847.1115863,1,pnp,2456,209,51,46,0.766964316368103
2456,1520616847.1615884,1,pnp,2457,222,46,41,0.8765925168991089
2457,1520616847.2115896,1,pnp,2458,234,50,48,0.7150035500526428
2458,1520616847.2615914,1,pnp,2459,260,53,45,1.002476453781128
2459,1520616847.3115933,1,pnp,2460,284,66,55,0.7535900473594666
2460,1520616847.3615944,1,pnp,2461,294,69,55,0.8547669649124146
2461,1520616847.4115953,1,pnp,2462,301,64,54,0.7332441210746765
2462,1520616847.4618483,1,pnp,2463,385,64,55,0.8779815435409546
2463,1520616847.5118492,1,pnp,2464,380,78,64,0.9199767708778381
2464,1520616847.5618513,1,pnp,2465,387,82,68,0.9467480182647705
2465,1520616847.6118531,1,pnp,2466,370,70,52,0.9314546585083008
2466,1520616847.661854,1,pnp,2467,356,67,52,0.9685019254684448
2467,1520616847.7118552,1,pnp,2468,345,59,40,1.1016972064971924
2468,1520616847.761857,1,pnp,2469,321,59,49,0.9546959400177002
2469,1520616847.811858,1,pnp,2470,353,59,40,1.151979684829712
2470,1520616847.8620517,1,pnp,2471,364,50,40,1.0892646312713623
2471,1520616847.9120529,1,pnp,2472,385,58,43,1.0335476398468018
2472,1520616847.9620547,1,pnp,2473,399,54,42,0.8627306818962097
2473,1520616848.0120559,1,pnp,2474,403,56,41,0.9540389180183411
2474,1520616848.0620577,1,pnp,2475,397,46,40,0.7839971780776978
2475,1520616848.1120608,1,pnp,2476,381,49,40,0.9182016253471375
2476,1520616848.162061,1,pnp,2477,370,45,36,1.0495842695236206
2477,1520616848.212062,1,pnp,2478,375,34,29,0.9379042387008667
2478,1520616848.2620637,1,pnp,2479,378,45,39,0.7431390285491943
2479,1520616848.3116515,1,pnp,2480,301,35,31,0.8970902562141418
2480,1520616848.3616524,1,pnp,2481,291,36,31,0.8477059006690979
2481,1520616848.4116545,1,pnp,2482,260,38,31,0.8270189166069031
2482,1520616848.4616554,1,pnp,2483,305,44,41,0.8557268977165222
2483,1520616848.5116572,1,pnp,2484,289,36,32,0.7086153626441956
2484,1520616848.5616584,1,pnp,2485,272,42,37,0.8348255157470703
2485,1520616848.6116605,1,pnp,2486,268,46,41,0.8502232432365417
2486,1520616848.6616623,1,pnp,2487,287,53,44,0.8126972913742065
2487,1520616848.711437,1,pnp,2488,204,41,34,0.9264031052589417
2488,1520616848.761439,1,pnp,2489,203,41,37,0.9064880013465881
2489,1520616848.81144,1,pnp,2490,211,51,46,0.8485387563705444
2490,1520616848.8614419,1,pnp,2491,211,52,47,1.00497567653656
2491,1520616848.911443,1,pnp,2492,266,51,46,0.9639455080032349
2492,1520616848.9614449,1,pnp,2493,256,56,43,0.936718225479126
2493,1520616849.0114458,1,pnp,2494,209,40,33,0.9865005016326904
2494,1520616849.061448,1,3d3d,2495,162,27,21,1.4508816003799438
2495,1520616849.111587,1,3d3d,2496,257,25,21,1.2846020460128784
2496,1520616849.161588,1,pnp,2497,236,35,33,0.8796229958534241
2497,1520616849.21159,1,pnp,2498,216,47,38,0.7779223918914795
2498,1520616849.2615921,1,pnp,2499,211,58,45,0.7913894057273865
2499,1520616849.311594,1,pnp,2500,216,51,43,0.8577878475189209
2500,1520616849.361595,1,pnp,2501,211,43,35,0.7997860312461853
2501,1520616849.411596,1,pnp,2502,205,37,28,0.7038328051567078
2502,1520616849.4615982,1,pnp,2503,207,32,29,0.9022811651229858
2503,1520616849.5124245,1,pnp,2504,315,35,30,1.0552606582641602
2504,1520616849.5624266,1,pnp,2505,296,61,53,0.8987568020820618
2505,1520616849.6124277,1,pnp,2506,287,50,43,0.7270054221153259
2506,1520616849.6624296,1,pnp,2507,275,50,42,0.8196595907211304
2507,1520616849.7124305,1,pnp,2508,269,60,52,0.9533037543296814
2508,1520616849.7624326,1,pnp,2509,264,55,41,0.8893780708312988
2509,1520616849.8124335,1,pnp,2510,253,52,43,0.9164912104606628
2510,1520616849.8624353,1,pnp,2511,248,56,47,0.7543993592262268
2511,1520616849.912245,1,pnp,2512,235,50,44,0.8437526822090149
2512,1520616849.9622462,1,pnp,2513,238,49,45,0.7593628764152527
2513,1520616850.0122483,1,pnp,2514,234,49,43,0.9508094191551208
2514,1520616850.0622494,1,pnp,2515,246,42,34,0.8667550086975098
2515,1520616850.1122513,1,pnp,2516,240,48,45,0.8644747734069824
2516,1520616850.1622522,1,pnp,2517,267,41,38,0.7487750053405762
2517,1520616850.2122543,1,pnp,2518,273,47,45,0.8892943263053894
2518,1520616850.2622561,1,pnp,2519,306,41,33,0.8820188641548157
2519,1520616850.311942,1,pnp,2520,342,38,31,0.8079400062561035
2520,1520616850.3619442,1,pnp,2521,306,43,39,1.007116436958313
2521,1520616850.411945,1,pnp,2522,307,45,38,0.8299819231033325
2522,1520616850.4619472,1,pnp,2523,325,48,44,0.8753857016563416
2523,1520616850.511948,1,pnp,2524,419,47,36,0.9912582635879517
2524,1520616850.56195,1,pnp,2525,364,47,40,0.7912884950637817
2525,1520616850.6119523,1,pnp,2526,388,48,41,0.9333829283714294
2526,1520616850.6619532,1,pnp,2527,376,62,51,0.9241640567779541
2527,1520616850.711955,1,pnp,2528,354,59,48,0.9077819585800171
2528,1520616850.761772,1,pnp,2529,349,60,43,1.049625039100647
2529,1520616850.8117738,1,pnp,2530,337,55,42,0.8624008893966675
2530,1520616850.8617756,1,pnp,2531,293,49,36,0.8081222772598267
2531,1520616850.9117768,1,pnp,2532,269,38,31,0.7297702431678772
2532,1520616850.9617789,1,pnp,2533,284,51,38,0.8094228506088257
2533,1520616851.0117807,1,pnp,2534,266,42,37,0.729836106300354
2534,1520616851.061782,1,pnp,2535,246,47,41,0.6316323280334473
2535,1520616851.1117828,1,pnp,2536,254,59,49,0.9566802978515625
2536,1520616851.161724,1,pnp,2537,273,61,48,0.944540798664093
2537,1520616851.2117262,1,pnp,2538,276,54,45,0.8531034588813782
2538,1520616851.261727,1,pnp,2539,278,59,47,0.8714019060134888
2539,1520616851.3117292,1,pnp,2540,244,54,48,0.9140563607215881
2540,1520616851.36173,1,pnp,2541,221,54,43,0.8836209177970886
2541,1520616851.411732,1,pnp,2542,208,57,53,0.7425021529197693
2542,1520616851.461733,1,pnp,2543,226,56,48,0.8137891292572021
2543,1520616851.5117352,1,pnp,2544,221,49,41,0.7408406734466553
2544,1520616851.5615537,1,pnp,2545,202,39,33,0.852152943611145
2545,1520616851.6115556,1,pnp,2546,207,41,37,0.7675597071647644
2546,1520616851.6615567,1,pnp,2547,212,39,33,0.8324055671691895
2547,1520616851.7115588,1,pnp,2548,221,42,35,0.9728401899337769
2548,1520616851.7615597,1,pnp,2549,214,43,35,0.9300032258033752
2549,1520616851.8115618,1,pnp,2550,213,41,36,0.9665682911872864
2550,1520616851.8615637,1,3d3d,2551,212,29,22,1.2072619199752808
2551,1520616851.9115646,1,pnp,2552,204,36,29,0.9824537038803101
2552,1520616851.9617534,1,pnp,2553,216,41,26,0.995579183101654
2553,1520616852.0117545,1,pnp,2554,214,49,41,0.7899916172027588
2554,1520616852.0617566,1,pnp,2555,228,64,51,1.0535156726837158
2555,1520616852.1117575,1,pnp,2556,238,62,48,0.9719454050064087
2556,1520616852.1617596,1,pnp,2557,231,58,51,0.7276532053947449
2557,1520616852.2117605,1,pnp,2558,224,56,48,0.7314130663871765
2558,1520616852.2617624,1,pnp,2559,192,55,42,0.8950632810592651
2559,1520616852.3117645,1,pnp,2560,174,50,44,0.6752815842628479
2560,1520616852.3623385,1,pnp,2561,251,39,34,0.805143415927887
2561,1520616852.4123418,1,pnp,2562,246,67,53,0.894547164440155
2562,1520616852.4623427,1,pnp,2563,236,52,39,0.9932941794395447
2563,1520616852.5123436,1,pnp,2564,222,52,42,0.9480140209197998
2564,1520616852.5623448,1,pnp,2565,232,54,43,1.0153900384902954
2565,1520616852.6123478,1,pnp,2566,235,52,38,1.041980266571045
2566,1520616852.6623487,1,pnp,2567,251,60,40,0.9238677024841309
2567,1520616852.71235,1,pnp,2568,241,66,50,0.8655402660369873
2568,1520616852.7623653,1,pnp,2569,223,57,36,1.0325865745544434
2569,1520616852.8123672,1,pnp,2570,236,64,51,1.0131231546401978
2570,1520616852.8623683,1,pnp,2571,240,61,48,1.005062222480774
2571,1520616852.9123702,1,pnp,2572,250,53,40,0.9450740814208984
2572,1520616852.962371,1,pnp,2573,256,54,38,0.9683930277824402
2573,1520616853.0123734,1,pnp,2574,267,54,50,0.9721787571907043
2574,1520616853.0623772,1,pnp,2575,237,46,35,0.922228991985321
2575,1520616853.1123762,1,pnp,2576,258,44,36,0.8536896705627441
2576,1520616853.1623774,1,pnp,2577,252,41,36,0.8433505892753601
2577,1520616853.2119913,1,3d3d,2578,143,30,22,5.725372791290283
2578,1520616853.2619925,1,pnp,2579,155,31,28,0.7534517049789429
2579,1520616853.3119946,1,pnp,2580,135,33,29,0.8267523050308228
2580,1520616853.3619955,1,pnp,2581,118,29,26,0.815517783164978
2581,1520616853.4119976,1,pnp,2582,136,37,31,0.9479629397392273
2582,1520616853.4619994,1,pnp,2583,136,46,43,0.7587631940841675
2583,1520616853.5120003,1,pnp,2584,132,34,34,0.9161447882652283
2584,1520616853.5620024,1,pnp,2585,142,36,30,0.8153619170188904
2585,1520616853.6120243,1,pnp,2586,129,35,30,0.8880390524864197
2586,1520616853.6620264,1,pnp,2587,129,34,32,0.7627156972885132
2587,1520616853.7120273,1,3d3d,2588,143,24,21,1.710473895072937
2588,1520616853.7620294,1,pnp,2589,186,34,32,0.9325965046882629
2589,1520616853.8120303,1,pnp,2590,217,41,34,0.7980665564537048
2590,1520616853.8620322,1,pnp,2591,233,40,34,0.8116680979728699
2591,1520616853.9120345,1,pnp,2592,232,47,35,0.8129063844680786
2592,1520616853.9620352,1,pnp,2593,219,53,43,1.0129468441009521
2593,1520616854.0120847,1,pnp,2594,248,41,37,0.8809443116188049
2594,1520616854.062087,1,pnp,2595,279,45,38,0.8515933156013489
2595,1520616854.112088,1,pnp,2596,307,47,37,0.9359419345855713
2596,1520616854.1620898,1,pnp,2597,368,59,48,0.9199516773223877
2597,1520616854.212092,1,pnp,2598,375,55,45,0.9610246419906616
2598,1520616854.2620928,1,pnp,2599,352,58,44,0.959873616695404
2599,1520616854.312095,1,pnp,2600,284,47,36,0.837613046169281
2600,1520616854.362096,1,pnp,2601,289,53,46,0.7587734460830688
2601,1520616854.412401,1,pnp,2602,273,52,45,1.0027174949645996
2602,1520616854.462402,1,pnp,2603,290,59,49,0.8704054951667786
2603,1520616854.512403,1,pnp,2604,285,62,54,0.7561759352684021
2604,1520616854.5624049,1,pnp,2605,269,56,45,0.7403774261474609
2605,1520616854.6124072,1,pnp,2606,293,53,49,0.7917647361755371
2606,1520616854.662408,1,pnp,2607,312,60,55,0.7498517036437988
2607,1520616854.712422,1,pnp,2608,327,63,58,0.7952747941017151
2608,1520616854.762411,1,pnp,2609,323,69,67,0.8461722731590271
2609,1520616854.8124158,1,pnp,2610,339,75,71,0.8702025413513184
2610,1520616854.8624167,1,pnp,2611,334,78,70,0.8639843463897705
2611,1520616854.9124186,1,pnp,2612,336,73,63,0.8260438442230225
2612,1520616854.9624197,1,pnp,2613,326,78,67,0.8235966563224792
2613,1520616855.0124216,1,pnp,2614,317,68,59,0.8675311207771301
2614,1520616855.0624237,1,pnp,2615,302,67,63,1.0042724609375
2615,1520616855.1124249,1,pnp,2616,282,59,49,0.963772714138031
2616,1520616855.1624267,1,pnp,2617,283,53,45,0.9641125798225403
2617,1520616855.212263,1,pnp,2618,287,62,52,0.9660965204238892
2618,1520616855.262265,1,pnp,2619,293,66,53,0.876108705997467
2619,1520616855.312266,1,pnp,2620,308,65,61,0.8676918148994446
2620,1520616855.362268,1,pnp,2621,309,62,46,0.9839122295379639
2621,1520616855.4122689,1,pnp,2622,302,63,53,0.857840359210968
2622,1520616855.462271,1,pnp,2623,304,62,55,0.9548840522766113
2623,1520616855.512273,1,pnp,2624,295,69,54,0.8007131218910217
2624,1520616855.562274,1,pnp,2625,318,51,42,0.8547888994216919
2625,1520616855.612276,1,pnp,2626,341,64,48,0.9870087504386902
2626,1520616855.6621978,1,pnp,2627,335,55,42,0.9847710728645325
2627,1520616855.712201,1,pnp,2628,382,53,39,0.9670358300209045
2628,1520616855.762202,1,pnp,2629,370,51,44,0.8404207229614258
2629,1520616855.812204,1,pnp,2630,329,65,57,0.8326820135116577
2630,1520616855.862205,1,pnp,2631,359,68,60,0.8589640855789185
2631,1520616855.912207,1,pnp,2632,366,66,58,0.8023512363433838
2632,1520616855.9622078,1,pnp,2633,349,72,63,0.8767680525779724
2633,1520616856.012212,1,pnp,2634,331,58,49,0.7566927671432495
2634,1520616856.0621169,1,pnp,2635,311,67,63,0.8289958238601685
2635,1520616856.1121192,1,pnp,2636,312,76,71,0.6896735429763794
2636,1520616856.16212,1,pnp,2637,312,75,66,0.9007057547569275
2637,1520616856.212122,1,pnp,2638,278,61,54,0.8429747819900513
2638,1520616856.262123,1,pnp,2639,278,52,47,0.9538984298706055
2639,1520616856.312125,1,pnp,2640,262,53,43,0.8840528130531311
2640,1520616856.362149,1,pnp,2641,247,46,38,0.9027678966522217
2641,1520616856.4121282,1,pnp,2642,232,39,35,0.9389864206314087
2642,1520616856.4620247,1,pnp,2643,241,47,39,0.9293542504310608
2643,1520616856.512027,1,pnp,2644,262,43,34,0.8233321309089661
2644,1520616856.562028,1,pnp,2645,248,35,30,0.9187687635421753
2645,1520616856.6120298,1,pnp,2646,224,34,29,1.1478450298309326
2646,1520616856.662032,1,pnp,2647,228,38,32,0.8715720176696777
2647,1520616856.7120328,1,pnp,2648,212,36,33,0.8947180509567261
2648,1520616856.7620351,1,pnp,2649,238,36,29,1.1102370023727417
2649,1520616856.812036,1,3d3d,2650,190,27,18,5.087400913238525
2650,1520616856.8623378,1,pnp,2651,240,34,32,0.9242168068885803
2651,1520616856.9123387,1,pnp,2652,219,37,34,0.9445080161094666
2652,1520616856.962341,1,pnp,2653,207,39,32,0.8880694508552551
2653,1520616857.0123417,1,pnp,2654,180,37,32,0.9023488163948059
2654,1520616857.0623438,1,pnp,2655,203,46,38,0.8857941031455994
2655,1520616857.112346,1,pnp,2656,195,46,36,0.8120135068893433
2656,1520616857.1623468,1,pnp,2657,192,45,41,0.8963832855224609
2657,1520616857.2123487,1,pnp,2658,188,51,45,0.7661793828010559
2658,1520616857.263872,1,pnp,2659,321,29,25,0.8663884997367859
2659,1520616857.3138738,1,pnp,2660,261,44,37,0.9378432631492615
2660,1520616857.3638756,1,pnp,2661,276,39,33,0.8218480348587036
2661,1520616857.413878,1,pnp,2662,343,42,34,0.9202567338943481
2662,1520616857.4638786,1,pnp,2663,326,49,42,0.9007611870765686
2663,1520616857.5138795,1,pnp,2664,315,51,41,0.8942532539367676
2664,1520616857.5638819,1,pnp,2665,315,33,30,0.7014182806015015
2665,1520616857.6138837,1,pnp,2666,336,44,36,0.8672483563423157
2666,1520616857.663658,1,pnp,2667,339,48,45,0.899155855178833
2667,1520616857.7136598,1,pnp,2668,351,44,38,0.95196533203125
2668,1520616857.7636607,1,pnp,2669,356,40,37,0.8808287382125854
2669,1520616857.8136618,1,pnp,2670,456,47,43,0.8528814911842346
2670,1520616857.863669,1,pnp,2671,429,45,35,0.9556296467781067
2671,1520616857.9136655,1,pnp,2672,438,40,29,1.091256022453308
2672,1520616857.9636667,1,pnp,2673,383,65,52,1.0048205852508545
2673,1520616858.0136976,1,pnp,2674,312,43,35,0.9210082292556763
2674,1520616858.0636697,1,pnp,2675,338,34,27,0.8884051442146301
2675,1520616858.1124382,1,pnp,2676,286,38,31,0.8688405156135559
2676,1520616858.162439,1,pnp,2677,274,51,45,0.9037055373191833
2677,1520616858.212441,1,pnp,2678,297,44,39,0.9431727528572083
2678,1520616858.262443,1,pnp,2679,322,51,41,1.0274583101272583
2679,1520616858.312444,1,pnp,2680,290,50,38,0.9585524797439575
2680,1520616858.3624458,1,pnp,2681,238,49,42,0.8263561725616455
2681,1520616858.412447,1,pnp,2682,251,51,44,0.9862620830535889
2682,1520616858.462449,1,pnp,2683,246,50,43,0.920978844165802
2683,1520616858.5124931,1,pnp,2684,250,42,36,0.8423685431480408
2684,1520616858.562495,1,pnp,2685,282,51,40,0.9746426343917847
2685,1520616858.612496,1,pnp,2686,329,52,44,0.9804443120956421
2686,1520616858.6624982,1,pnp,2687,317,62,57,1.0011953115463257
2687,1520616858.7125,1,pnp,2688,306,60,54,0.9734853506088257
2688,1520616858.762501,1,pnp,2689,334,69,58,0.9981642365455627
2689,1520616858.812503,1,pnp,2690,342,60,47,0.8134415149688721
2690,1520616858.862504,1,pnp,2691,351,61,53,1.0334433317184448
2691,1520616858.9122076,1,pnp,2692,300,64,52,0.766949474811554
2692,1520616858.9622097,1,pnp,2693,304,65,54,0.9785125255584717
2693,1520616859.0122116,1,pnp,2694,311,66,60,0.83098304271698
2694,1520616859.0622127,1,pnp,2695,278,61,52,0.8607239127159119
2695,1520616859.1122146,1,pnp,2696,280,55,48,0.9320527911186218
2696,1520616859.1622155,1,pnp,2697,265,47,36,0.8786759972572327
2697,1520616859.2122178,1,pnp,2698,252,57,52,1.0080792903900146
2698,1520616859.2622185,1,pnp,2699,222,59,48,1.0256296396255493
2699,1520616859.312075,1,pnp,2700,185,33,31,0.8902801871299744
2700,1520616859.3620768,1,pnp,2701,155,34,26,1.0795581340789795
2701,1520616859.4120786,1,pnp,2702,168,30,25,0.8644817471504211
2702,1520616859.4620798,1,pnp,2703,156,38,34,1.0867434740066528
2703,1520616859.5120819,1,pnp,2704,141,40,34,0.9394058585166931
2704,1520616859.5620828,1,3d3d,2705,126,27,19,2.738708019256592
2705,1520616859.6120849,1,3d3d,2706,149,29,22,2.2809693813323975
2706,1520616859.662124,1,pnp,2707,129,38,31,0.7508023381233215
2707,1520616859.7121453,1,pnp,2708,146,39,35,0.9786020517349243
2708,1520616859.7621474,1,pnp,2709,165,45,35,0.8174005746841431
2709,1520616859.8121483,1,pnp,2710,161,31,27,0.8587161302566528
2710,1520616859.8621504,1,pnp,2711,178,31,26,1.0941282510757446
2711,1520616859.9121513,1,pnp,2712,193,40,34,0.8098580837249756
2712,1520616859.9621532,1,pnp,2713,204,38,25,1.1229430437088013
2713,1520616860.0121546,1,pnp,2714,238,37,27,1.0278401374816895
2714,1520616860.0621564,1,pnp,2715,229,38,30,0.84630286693573
2715,1520616860.1121573,1,pnp+dense-dense,2716,392,30,28,0.7967052459716797
2716,1520616860.1623895,1,3d3d,2717,145,24,20,2.7478625774383545
2717,1520616860.2123916,1,pnp,2718,116,28,25,0.8681901693344116
2718,1520616860.2623925,1,3d3d,2719,120,27,23,1.0826361179351807
2719,1520616860.3123946,1,3d3d,2720,145,29,23,1.364738941192627
2720,1520616860.3623955,1,pnp,2721,172,41,38,0.7637454271316528
2721,1520616860.4123974,1,pnp,2722,201,47,41,0.88611900806427
2722,1520616860.4623985,1,pnp,2723,230,52,43,0.9287322163581848
2723,1520616860.5124004,1,pnp,2724,262,41,34,0.9422901272773743
2724,1520616860.5635884,1,pnp,2725,381,55,44,0.8380124568939209
2725,1520616860.6135917,1,pnp,2726,407,79,69,0.9317683577537537
2726,1520616860.6635926,1,pnp,2727,417,78,69,0.7821037769317627
2727,1520616860.7135935,1,pnp,2728,431,73,61,1.0056281089782715
2728,1520616860.7635956,1,pnp,2729,367,62,53,0.9228965640068054
2729,1520616860.8135974,1,pnp,2730,373,70,60,0.9203664064407349
2730,1520616860.8635986,1,pnp,2731,357,65,52,1.0119019746780396
2731,1520616860.9136007,1,pnp,2732,307,62,55,0.8905450701713562
2732,1520616860.9633057,1,pnp,2733,283,43,34,0.8551777601242065
2733,1520616861.013308,1,pnp,2734,249,54,50,1.079176425933838
2734,1520616861.063309,1,pnp,2735,163,35,27,0.926785409450531
2735,1520616861.1133108,1,pnp,2736,158,35,28,1.052630066871643
2736,1520616861.163312,1,3d3d,2737,133,25,16,1.852980136871338
2737,1520616861.2133138,1,pnp,2738,133,30,25,0.854345977306366
2738,1520616861.263316,1,3d3d,2739,131,26,16,2.6111347675323486
2739,1520616861.3133621,1,3d3d,2740,135,28,19,3.0410537719726562
2740,1520616861.3634508,1,pnp,2741,125,26,25,0.6715572476387024
2741,1520616861.4134526,1,pnp,2742,120,26,25,0.8968812823295593
2742,1520616861.4634545,1,3d3d,2743,118,24,16,1.4911314249038696
2743,1520616861.5134556,1,pnp,2744,135,28,28,0.7112659215927124
2744,1520616861.5634577,1,pnp+dense-dense,2745,224,41,34,0.7947999238967896
2745,1520616861.6134586,1,pnp,2746,174,34,31,0.9242651462554932
2746,1520616861.6634607,1,pnp+dense-dense,2747,289,41,36,1.0417689085006714
2747,1520616861.7134616,1,pnp,2748,190,31,25,0.8531258702278137
2748,1520616861.7639434,1,pnp+dense-dense,2749,442,45,40,0.6723110675811768
2749,1520616861.8139455,1,pnp,2750,232,34,29,0.7399859428405762
2750,1520616861.8639467,1,pnp,2751,239,32,31,0.9238995313644409
2751,1520616861.9139485,1,pnp,2752,235,41,33,0.7975428104400635
2752,1520616861.9639494,1,pnp,2753,239,43,36,0.7794978618621826
2753,1520616862.0139515,1,pnp,2754,224,45,41,0.832384467124939
2754,1520616862.0639524,1,pnp,2755,251,58,52,0.7866005301475525
2755,1520616862.1139543,1,pnp,2756,245,41,35,0.7811661958694458
2756,1520616862.1645653,1,pnp,2757,266,49,43,0.7857835292816162
2757,1520616862.2145672,1,pnp,2758,262,48,45,0.7381448745727539
2758,1520616862.2645695,1,pnp,2759,286,47,41,0.7422781586647034
2759,1520616862.3145714,1,pnp,2760,271,33,29,0.9354344606399536
2760,1520616862.3645723,1,pnp,2761,268,32,25,0.8536071181297302
2761,1520616862.4145744,1,pnp,2762,267,34,29,0.681607723236084
2762,1520616862.4645753,1,pnp,2763,263,47,38,0.8551737070083618
2763,1520616862.5145764,1,pnp,2764,270,36,26,0.6116184592247009
2764,1520616862.5645795,1,pnp,2765,278,44,36,0.9309069514274597
2765,1520616862.613607,1,3d3d,2766,211,23,16,1.3077269792556763
2766,1520616862.6636078,1,pnp,2767,200,31,28,0.6884658932685852
2767,1520616862.71361,1,pnp,2768,200,38,35,0.8853033185005188
2768,1520616862.763612,1,pnp,2769,213,34,29,0.8127283453941345
2769,1520616862.813613,1,pnp,2770,257,37,35,0.7910417914390564
2770,1520616862.8636138,1,pnp,2771,255,29,28,0.7491718530654907
2771,1520616862.913616,1,pnp,2772,256,39,35,0.7139431834220886
2772,1520616862.9636679,1,pnp,2773,267,36,34,0.6768476963043213
2773,1520616863.0126767,1,pnp,2774,274,33,31,0.5341780185699463
2774,1520616863.0626786,1,pnp,2775,293,41,36,0.6851178407669067
2775,1520616863.1126797,1,pnp,2776,288,43,40,0.7195804119110107
2776,1520616863.1626816,1,pnp,2777,297,52,46,0.9542853832244873
2777,1520616863.212683,1,pnp,2778,321,53,47,0.8913356065750122
2778,1520616863.2626848,1,pnp,2779,321,59,51,0.8698519468307495
2779,1520616863.3126857,1,pnp,2780,333,58,50,0.6541600823402405
2780,1520616863.3626878,1,pnp,2781,344,74,62,0.8798753619194031
2781,1520616863.4124246,1,pnp,2782,333,56,49,0.8335981369018555
2782,1520616863.4624264,1,pnp,2783,343,68,57,0.8622251749038696
2783,1520616863.5124283,1,pnp,2784,315,76,67,0.8838263750076294
2784,1520616863.5624294,1,pnp,2785,302,61,57,0.8178566694259644
2785,1520616863.6124315,1,pnp,2786,322,73,65,0.8496208786964417
2786,1520616863.6624327,1,pnp,2787,325,74,64,0.6544820070266724
2787,1520616863.7124345,1,pnp,2788,318,76,69,0.9006996154785156
2788,1520616863.7624354,1,pnp,2789,338,81,68,0.8587859272956848
2789,1520616863.8122063,1,pnp,2790,330,70,61,0.9421449303627014
2790,1520616863.8622081,1,pnp,2791,321,71,64,0.7978724241256714
2791,1520616863.91221,1,pnp,2792,305,68,64,0.7376607656478882
2792,1520616863.9622111,1,pnp,2793,336,59,52,0.7790003418922424
2793,1520616864.012213,1,pnp,2794,298,53,48,0.7334564924240112
2794,1520616864.0622141,1,pnp,2795,272,49,39,0.9736385345458984
2795,1520616864.1122162,1,pnp,2796,234,54,48,0.8739213943481445
2796,1520616864.1622171,1,pnp,2797,226,43,41,0.9092087745666504
2797,1520616864.212392,1,pnp,2798,266,65,56,0.9250608682632446
2798,1520616864.2623932,1,pnp,2799,270,52,46,0.7461501359939575
2799,1520616864.3123972,1,pnp,2800,263,59,51,0.9151132106781006
2800,1520616864.362396,1,pnp,2801,242,61,57,0.7560312151908875
2801,1520616864.4123993,1,pnp,2802,270,57,48,0.928722620010376
2802,1520616864.462399,1,pnp,2803,294,60,50,0.9298276305198669
2803,1520616864.5124013,1,pnp,2804,368,62,53,0.8979076147079468
2804,1520616864.5624032,1,pnp,2805,391,65,49,0.8323942422866821
2805,1520616864.612952,1,pnp,2806,424,56,46,1.0480139255523682
2806,1520616864.662898,1,pnp,2807,413,63,52,0.8608363270759583
2807,1520616864.712899,1,pnp,2808,366,54,45,0.902097761631012
2808,1520616864.7629008,1,pnp,2809,342,45,39,0.8277406096458435
2809,1520616864.812902,1,pnp,2810,412,48,41,0.8608388900756836
2810,1520616864.8629038,1,pnp,2811,395,44,36,0.848783552646637
2811,1520616864.9129047,1,pnp,2812,411,46,38,0.8140009641647339
2812,1520616864.962907,1,pnp,2813,420,56,47,0.7691043615341187
2813,1520616865.012908,1,pnp,2814,443,46,40,0.8198716044425964
2814,1520616865.062543,1,pnp,2815,365,41,32,0.7953269481658936
2815,1520616865.1125448,1,pnp,2816,327,54,44,0.8754503726959229
2816,1520616865.1625457,1,pnp,2817,332,50,45,0.8702195286750793
2817,1520616865.212548,1,pnp,2818,335,59,53,0.7711161971092224
2818,1520616865.262549,1,pnp,2819,358,59,50,0.9180485606193542
2819,1520616865.3125508,1,pnp,2820,382,54,48,0.809339702129364
2820,1520616865.362552,1,pnp,2821,366,52,43,0.9020761251449585
2821,1520616865.4125538,1,pnp,2822,355,50,41,0.6966461539268494
2822,1520616865.4625227,1,pnp,2823,349,50,42,0.9266713261604309
2823,1520616865.5125237,1,pnp,2824,338,49,44,0.8831013441085815
2824,1520616865.5625257,1,pnp,2825,307,49,46,0.8558419346809387
2825,1520616865.6125276,1,pnp,2826,327,57,48,0.790908694267273
2826,1520616865.6625285,1,pnp,2827,303,69,61,0.8597429990768433
2827,1520616865.7125297,1,pnp,2828,306,58,47,0.7872896790504456
2828,1520616865.7625327,1,pnp,2829,287,54,43,0.7594308257102966
2829,1520616865.8125336,1,pnp,2830,262,43,36,0.8699324727058411
2830,1520616865.8625538,1,pnp,2831,251,37,32,0.9158900380134583
2831,1520616865.912556,1,pnp,2832,261,33,26,0.6672709584236145
2832,1520616865.9625568,1,pnp,2833,288,40,33,0.8732447028160095
2833,1520616866.012559,1,pnp,2834,283,45,31,0.8288534879684448
2834,1520616866.062563,1,3d3d,2835,289,28,17,5.4431304931640625
2835,1520616866.1125617,1,3d3d,2836,237,30,28,4.1994547843933105
2836,1520616866.162564,1,pnp,2837,262,32,25,0.6473106741905212
2837,1520616866.212565,1,pnp,2838,268,40,31,0.7654680609703064
2838,1520616866.2624738,1,pnp,2839,267,36,29,0.8397378921508789
2839,1520616866.3124158,1,pnp,2840,264,47,36,0.7913987636566162
2840,1520616866.3624177,1,pnp,2841,266,50,38,0.844574511051178
2841,1520616866.4124188,1,pnp,2842,285,58,47,0.7980879545211792
2842,1520616866.462421,1,pnp,2843,277,52,47,0.9010257720947266
2843,1520616866.512422,1,pnp,2844,291,51,46,0.8752959370613098
2844,1520616866.562424,1,pnp,2845,324,60,50,1.0286757946014404
2845,1520616866.6124249,1,pnp,2846,318,57,49,0.818859338760376
2846,1520616866.6624348,1,pnp,2847,325,54,44,0.7920198440551758
2847,1520616866.712437,1,pnp,2848,412,55,48,0.9395348429679871
2848,1520616866.762438,1,pnp,2849,444,61,45,0.962129533290863
2849,1520616866.81244,1,pnp,2850,467,68,56,0.8649316430091858
2850,1520616866.8624408,1,pnp,2851,448,56,44,0.9004857540130615
2851,1520616866.912443,1,pnp,2852,428,80,68,0.9808739423751831
2852,1520616866.9624438,1,pnp,2853,388,60,54,0.8883015513420105
2853,1520616867.0124457,1,pnp,2854,355,76,65,0.9398452043533325
2854,1520616867.062448,1,pnp,2855,323,57,49,0.8582271337509155
2855,1520616867.1127434,1,pnp,2856,374,64,50,0.9949601888656616
2856,1520616867.1627455,1,pnp,2857,395,76,67,0.8481171131134033
2857,1520616867.2127473,1,pnp,2858,417,66,60,0.9486542344093323
2858,1520616867.2627485,1,pnp,2859,410,82,64,0.906241774559021
2859,1520616867.3127494,1,pnp,2860,427,56,48,1.0075652599334717
2860,1520616867.3627512,1,pnp,2861,425,57,47,1.0024611949920654
2861,1520616867.4127536,1,pnp,2862,378,64,52,0.8811381459236145
2862,1520616867.4627554,1,pnp,2863,383,50,47,0.777607798576355
2863,1520616867.5127726,1,pnp,2864,407,52,45,1.0196146965026855
2864,1520616867.5627732,1,pnp,2865,349,57,45,0.8679969906806946
2865,1520616867.6127741,1,pnp,2866,315,50,41,0.8286408185958862
2866,1520616867.6627753,1,pnp,2867,286,59,50,0.9990290999412537
2867,1520616867.7127783,1,pnp,2868,287,59,52,0.9338945746421814
2868,1520616867.7627783,1,pnp,2869,305,46,36,1.0256085395812988
2869,1520616867.8127804,1,pnp,2870,305,41,37,1.0751482248306274
2870,1520616867.8627822,1,pnp,2871,290,54,42,0.8872448205947876
2871,1520616867.912524,1,pnp,2872,255,48,41,0.9088857769966125
2872,1520616867.9624608,1,pnp,2873,299,48,42,0.8297189474105835
2873,1520616868.0124617,1,pnp,2874,299,50,39,0.93243807554245
2874,1520616868.0624638,1,pnp,2875,306,50,39,0.8466372489929199
2875,1520616868.1124647,1,pnp,2876,310,56,49,0.8515765070915222
2876,1520616868.1624668,1,pnp,2877,306,49,46,0.904355525970459
2877,1520616868.212468,1,pnp,2878,359,51,42,0.9136688709259033
2878,1520616868.2624698,1,pnp,2879,399,51,47,0.8671854734420776
2879,1520616868.312475,1,pnp,2880,393,64,55,1.0751310586929321
2880,1520616868.362476,1,pnp,2881,342,53,45,1.064734697341919
2881,1520616868.412478,1,pnp,2882,322,56,43,0.781891405582428
2882,1520616868.462479,1,pnp,2883,309,44,34,0.9168524146080017
2883,1520616868.5124812,1,pnp,2884,311,59,45,0.9258312582969666
2884,1520616868.562482,1,pnp,2885,338,54,47,0.9439034461975098
2885,1520616868.6124842,1,pnp,2886,328,55,44,0.8263850212097168
2886,1520616868.662486,1,pnp,2887,290,55,46,0.9719566702842712
2887,1520616868.7126226,1,pnp,2888,321,45,38,0.9059457182884216
2888,1520616868.7626245,1,pnp,2889,301,49,44,0.8486717343330383
2889,1520616868.8126256,1,pnp,2890,244,42,35,0.9080468416213989
2890,1520616868.8626277,1,pnp,2891,239,45,37,0.8650839924812317
2891,1520616868.9126296,1,pnp,2892,231,41,33,0.8532677888870239
2892,1520616868.9626317,1,pnp,2893,220,36,31,0.8531723618507385
2893,1520616869.0126326,1,pnp,2894,263,36,29,1.0291138887405396
2894,1520616869.0626335,1,pnp,2895,336,45,37,0.8268170356750488
2895,1520616869.1123867,1,pnp,2896,298,50,43,0.9149143695831299
2896,1520616869.1623888,1,pnp,2897,271,36,30,0.6980567574501038
2897,1520616869.2123897,1,pnp,2898,262,36,36,1.006590723991394
2898,1520616869.2623906,1,pnp,2899,298,42,35,0.88968425989151
2899,1520616869.3123927,1,pnp,2900,304,47,40,0.8752399682998657
2900,1520616869.3623948,1,pnp,2901,318,44,38,0.751933217048645
2901,1520616869.4123957,1,3d3d,2902,327,31,27,1.721529483795166
2902,1520616869.4623978,1,pnp,2903,316,66,52,0.8836183547973633
2903,1520616869.5123987,1,pnp,2904,354,72,57,0.9713836312294006
2904,1520616869.562289,1,pnp,2905,290,49,38,0.8843297958374023
2905,1520616869.61222,1,pnp,2906,284,65,58,1.0083450078964233
2906,1520616869.6622221,1,pnp,2907,288,59,54,0.7734329104423523
2907,1520616869.712223,1,pnp,2908,284,71,68,0.8788763880729675
2908,1520616869.762225,1,pnp,2909,295,72,63,0.8426564931869507
2909,1520616869.812226,1,pnp,2910,308,65,61,0.7793591618537903
2910,1520616869.8622282,1,pnp,2911,331,57,48,0.8414047956466675
2911,1520616869.91223,1,pnp,2912,336,59,53,0.8841871023178101
2912,1520616869.9622324,1,pnp,2913,324,57,50,0.9583835005760193
2913,1520616870.0122347,1,pnp,2914,267,48,40,0.7196319103240967
2914,1520616870.0622356,1,pnp,2915,285,31,28,1.1159050464630127
2915,1520616870.1122375,1,pnp,2916,256,33,27,0.7264309525489807
2916,1520616870.1622386,1,3d3d,2917,213,22,18,1.1002315282821655
2917,1520616870.2122405,1,pnp,2918,174,29,28,0.8351565599441528
2918,1520616870.2622426,1,3d3d,2919,175,27,24,6.690505504608154
2919,1520616870.3122435,1,3d3d,2920,145,25,22,2.400001287460327
2920,1520616870.3624132,1,3d3d,2921,195,19,17,4.865965843200684
2921,1520616870.412414,1,3d3d,2922,188,28,25,3.063990831375122
2922,1520616870.462416,1,pnp,2923,203,30,25,0.7809376120567322
2923,1520616870.512418,1,pnp,2924,214,39,31,0.7915663719177246
2924,1520616870.562419,1,pnp,2925,194,31,27,0.8064965009689331
2925,1520616870.612421,1,3d3d,2926,180,27,26,2.3948910236358643
2926,1520616870.6624231,1,pnp,2927,163,36,27,0.8731496334075928
2927,1520616870.712424,1,pnp,2928,143,32,30,0.7566735148429871
2928,1520616870.762804,1,pnp,2929,254,29,27,0.9277701377868652
2929,1520616870.8128052,1,pnp,2930,249,57,49,0.8100543022155762
2930,1520616870.862807,1,pnp,2931,267,52,47,0.7788072228431702
2931,1520616870.912808,1,pnp,2932,206,54,47,0.8739837408065796
2932,1520616870.9628103,1,pnp,2933,216,53,45,0.8266561031341553
2933,1520616871.0128121,1,pnp,2934,204,56,48,0.8322141766548157
2934,1520616871.062813,1,pnp,2935,174,52,45,0.8049532175064087
2935,1520616871.1128142,1,pnp,2936,164,55,46,0.831190824508667
2936,1520616871.1628559,1,pnp,2937,178,38,35,0.9177340865135193
2937,1520616871.212931,1,pnp,2938,187,51,48,0.7713822722434998
2938,1520616871.2628589,1,pnp,2939,200,41,35,0.7993001937866211
2939,1520616871.3128598,1,pnp,2940,166,43,41,0.7600666880607605
2940,1520616871.3628619,1,pnp,2941,187,41,38,0.7923169732093811
2941,1520616871.4128628,1,pnp,2942,180,43,36,0.8845517635345459
2942,1520616871.4628646,1,pnp,2943,171,46,43,0.7559910416603088
2943,1520616871.512867,1,pnp,2944,171,39,34,0.8559989333152771
2944,1520616871.5628679,1,pnp,2945,169,41,34,0.7393665909767151
2945,1520616871.613183,1,pnp,2946,210,39,36,0.6865963339805603
2946,1520616871.6631842,1,pnp,2947,214,33,28,0.8636655807495117
2947,1520616871.713186,1,pnp,2948,210,45,38,1.0272760391235352
2948,1520616871.763187,1,pnp,2949,206,43,39,0.8991811871528625
2949,1520616871.8131893,1,pnp,2950,166,31,26,0.7675642371177673
2950,1520616871.8631911,1,pnp,2951,176,33,30,0.9141365885734558
2951,1520616871.913192,1,3d3d,2952,141,21,15,7.150063514709473
2952,1520616871.9631941,1,3d3d,2953,133,18,15,2.27695631980896
2953,1520616872.0141091,1,pnp+dense-dense,2954,322,27,21,0.8219324946403503
2954,1520616872.0641112,1,pnp+primary-dense,2955,281,22,18,0.7127415537834167
2955,1520616872.114113,1,pnp,2956,197,26,25,0.8606355786323547
2956,1520616872.164115,1,pnp+dense-dense,2957,274,42,38,0.858892560005188
2957,1520616872.214116,1,3d3d,2958,211,27,15,2.006880521774292
2958,1520616872.264117,1,pnp,2959,209,30,26,0.7203946709632874
2959,1520616872.314119,1,pnp,2960,172,29,27,0.713646411895752
2960,1520616872.3641212,1,pnp,2961,183,40,38,0.7340289354324341
2961,1520616872.4142783,1,3d3d,2962,198,25,15,1.0030405521392822
2962,1520616872.4642801,1,pnp,2963,209,42,38,0.8347110748291016
2963,1520616872.514281,1,pnp+dense-dense,2964,301,66,56,0.9076887965202332
2964,1520616872.5642831,1,pnp,2965,280,31,28,0.6794207692146301
2965,1520616872.614284,1,pnp,2966,323,41,36,0.7398339509963989
2966,1520616872.664287,1,pnp,2967,340,53,46,0.8502808213233948
2967,1520616872.7142873,1,pnp,2968,345,41,37,0.8127830624580383
2968,1520616872.7642891,1,pnp,2969,385,50,49,0.951091468334198
2969,1520616872.8144805,1,pnp,2970,378,54,51,0.748924970626831
2970,1520616872.8645563,1,pnp,2971,374,69,63,0.9432443380355835
2971,1520616872.9144835,1,pnp,2972,395,78,66,0.9527080059051514
2972,1520616872.9644854,1,pnp,2973,387,80,71,0.8567231297492981
2973,1520616873.0144875,1,pnp,2974,342,58,55,0.8185960650444031
2974,1520616873.0644886,1,pnp,2975,298,45,38,0.8116492629051208
2975,1520616873.1144905,1,pnp,2976,280,47,41,0.8529744744300842
2976,1520616873.1644914,1,pnp,2977,298,49,40,0.8135242462158203
2977,1520616873.2163155,1,pnp,2978,324,55,48,0.828266441822052
2978,1520616873.2663167,1,pnp,2979,327,60,54,0.6785972714424133
2979,1520616873.3163185,1,pnp,2980,313,58,47,0.6943379044532776
2980,1520616873.3663194,1,pnp,2981,300,47,41,0.8915106058120728
2981,1520616873.4163215,1,pnp,2982,308,49,37,0.9074281454086304
2982,1520616873.4663236,1,pnp,2983,292,55,45,1.0229130983352661
2983,1520616873.5163248,1,pnp,2984,254,52,41,0.91238933801651
2984,1520616873.5663266,1,pnp,2985,254,47,34,1.0011646747589111
2985,1520616873.617854,1,pnp,2986,242,38,28,1.018708348274231
2986,1520616873.667856,1,pnp,2987,178,44,42,0.9042478799819946
2987,1520616873.717857,1,pnp,2988,186,48,40,0.740118682384491
2988,1520616873.767859,1,pnp,2989,198,41,38,0.6636013388633728
2989,1520616873.8178608,1,pnp,2990,196,36,33,0.6290611624717712
2990,1520616873.867863,1,3d3d,2991,209,28,17,2.394672393798828
2991,1520616873.917864,1,pnp,2992,238,34,31,0.5523293614387512
2992,1520616873.967866,1,pnp,2993,234,34,29,0.7156867384910583
2993,1520616874.0178668,1,3d3d,2994,240,28,17,2.162428140640259
2994,1520616874.067868,1,pnp,2995,228,30,26,0.7231311202049255
2995,1520616874.1178699,1,pnp,2996,230,34,33,0.5616453886032104
2996,1520616874.167872,1,pnp+loose,2997,242,26,25,0.5116114616394043
2997,1520616874.217873,1,pnp,2998,250,34,30,0.75887131690979
2998,1520616874.267875,1,pnp,2999,277,33,29,0.7340564727783203
2999,1520616874.31788,1,pnp,3000,292,39,32,0.7144940495491028
3000,1520616874.367878,1,pnp,3001,313,43,32,0.6791083812713623
3001,1520616874.417883,1,pnp,3002,316,42,38,0.6194573640823364
3002,1520616874.467143,1,pnp,3003,310,40,34,0.9227985739707947
3003,1520616874.517224,1,pnp,3004,316,39,33,0.7926746606826782
3004,1520616874.5671458,1,pnp,3005,294,37,30,0.8355339169502258
3005,1520616874.617147,1,pnp,3006,288,41,37,0.884578287601471
3006,1520616874.6671488,1,pnp,3007,283,54,40,0.9938095808029175
3007,1520616874.717151,1,pnp,3008,294,67,55,0.834941029548645
3008,1520616874.767152,1,pnp,3009,313,52,45,1.0135399103164673
3009,1520616874.817154,1,pnp,3010,321,61,46,0.956476628780365
3010,1520616874.8652503,1,pnp,3011,289,41,36,0.9613779187202454
3011,1520616874.9152522,1,pnp,3012,308,54,43,0.7890918850898743
3012,1520616874.9652534,1,pnp,3013,348,67,55,0.9361989498138428
3013,1520616875.0152555,1,pnp,3014,356,54,48,0.866742730140686
3014,1520616875.0652575,1,pnp,3015,342,52,42,0.8331692814826965
3015,1520616875.1152585,1,pnp,3016,340,51,44,0.9549959301948547
3016,1520616875.1652603,1,pnp,3017,314,45,36,0.8542799949645996
3017,1520616875.2152627,1,pnp,3018,288,51,40,0.8899218440055847
3018,1520616875.2635844,1,pnp+primary-dense,3019,302,39,32,0.9285152554512024
3019,1520616875.3135853,1,3d3d,3020,180,25,18,2.333876371383667
3020,1520616875.3635871,1,pnp,3021,188,29,25,0.7016660571098328
3021,1520616875.4135883,1,pnp,3022,185,36,32,0.6271927952766418
3022,1520616875.4635901,1,pnp,3023,177,43,42,0.8070530295372009
3023,1520616875.5135922,1,pnp,3024,171,31,25,0.6429065465927124
3024,1520616875.5635934,1,pnp,3025,180,34,29,0.7765758633613586
3025,1520616875.6135952,1,pnp,3026,182,34,26,0.8770422339439392
3026,1520616875.6629798,1,pnp,3027,185,32,29,0.7650048732757568
3027,1520616875.7129807,1,pnp,3028,219,47,42,0.8126662969589233
3028,1520616875.7629828,1,pnp,3029,286,48,42,0.937056303024292
3029,1520616875.812984,1,pnp,3030,313,43,36,0.7273523211479187
3030,1520616875.8629858,1,pnp,3031,312,35,29,0.8549374341964722
3031,1520616875.9129868,1,pnp,3032,300,44,36,0.9232721328735352
3032,1520616875.9629889,1,pnp,3033,281,54,48,0.7723084688186646
3033,1520616876.0129907,1,pnp,3034,322,49,41,0.6422321200370789
3034,1520616876.062646,1,pnp,3035,289,54,49,0.8912295699119568
3035,1520616876.112647,1,pnp,3036,279,54,47,0.9883621335029602
3036,1520616876.162731,1,pnp,3037,263,48,37,0.9253666996955872
3037,1520616876.2126498,1,pnp,3038,289,50,44,0.9164746403694153
3038,1520616876.262652,1,pnp,3039,266,41,33,0.852856457233429
3039,1520616876.312654,1,pnp,3040,268,39,37,0.8908105492591858
3040,1520616876.362655,1,pnp,3041,240,46,41,0.9508706331253052
3041,1520616876.412657,1,pnp,3042,274,48,39,0.8486140370368958
3042,1520616876.462658,1,pnp,3043,290,56,47,0.7872609496116638
3043,1520616876.5125997,1,pnp,3044,288,59,48,0.8001365661621094
3044,1520616876.5626006,1,pnp,3045,299,66,56,0.9425168633460999
3045,1520616876.6126025,1,pnp,3046,295,54,46,0.9355381727218628
3046,1520616876.6626046,1,pnp,3047,269,60,49,1.0250213146209717
3047,1520616876.7126055,1,pnp,3048,260,60,49,0.8765570521354675
3048,1520616876.7626073,1,pnp,3049,267,58,42,0.8459692597389221
3049,1520616876.8126087,1,pnp,3050,277,61,51,0.8092453479766846
3050,1520616876.8626106,1,pnp,3051,273,62,56,0.9769569039344788
3051,1520616876.9128926,1,pnp,3052,309,52,44,0.9583771228790283
3052,1520616876.9628944,1,pnp,3053,314,67,53,0.9918936491012573
3053,1520616877.0128953,1,pnp,3054,325,72,63,1.0076862573623657
3054,1520616877.0628974,1,pnp,3055,317,71,57,0.9430924654006958
3055,1520616877.1128995,1,pnp,3056,328,88,74,0.8864983916282654
3056,1520616877.1629014,1,pnp,3057,309,74,59,0.9145763516426086
3057,1520616877.2129025,1,pnp,3058,312,79,66,0.8442049026489258
3058,1520616877.2629044,1,pnp,3059,279,58,52,0.9716136455535889
3059,1520616877.3128011,1,pnp,3060,239,55,39,0.9956499338150024
3060,1520616877.362803,1,pnp,3061,241,59,49,0.8243610262870789
3061,1520616877.4128053,1,pnp,3062,215,60,48,1.0106830596923828
3062,1520616877.4628062,1,pnp,3063,203,63,49,0.9349139332771301
3063,1520616877.512807,1,pnp,3064,196,51,39,1.0778272151947021
3064,1520616877.5628092,1,pnp,3065,184,57,47,0.8912068009376526
3065,1520616877.612811,1,pnp,3066,174,58,48,0.9503440260887146
3066,1520616877.662812,1,pnp,3067,189,58,45,0.959520697593689
3067,1520616877.7126803,1,pnp,3068,149,49,38,1.0361179113388062
3068,1520616877.7626815,1,pnp,3069,176,45,36,0.8727666139602661
3069,1520616877.8127694,1,pnp,3070,204,39,33,0.8737818598747253
3070,1520616877.8626842,1,pnp,3071,221,52,41,1.0561981201171875
3071,1520616877.9126863,1,pnp,3072,213,44,40,0.7571091055870056
3072,1520616877.9626873,1,pnp,3073,196,46,36,0.8739071488380432
3073,1520616878.0126894,1,pnp,3074,199,44,33,0.8865891695022583
3074,1520616878.0626905,1,pnp,3075,197,56,47,0.920230507850647
3075,1520616878.1128397,1,pnp,3076,216,47,40,0.8758957982063293
3076,1520616878.1628408,1,pnp,3077,183,45,34,0.9116962552070618
3077,1520616878.212843,1,pnp,3078,166,45,35,0.775783360004425
3078,1520616878.2628448,1,pnp,3079,212,46,41,0.8464352488517761
3079,1520616878.312846,1,pnp,3080,216,49,42,0.8969336748123169
3080,1520616878.3628478,1,pnp,3081,203,42,33,0.9136200547218323
3081,1520616878.4128487,1,pnp,3082,205,50,43,0.8250105381011963
3082,1520616878.4628508,1,pnp,3083,216,39,35,0.9925601482391357
3083,1520616878.5129895,1,pnp,3084,233,44,41,0.8117418885231018
3084,1520616878.5629914,1,pnp,3085,204,50,41,0.8503985404968262
3085,1520616878.6129925,1,pnp,3086,192,41,38,0.8241521716117859
3086,1520616878.6629946,1,pnp,3087,220,52,47,0.7854906320571899
3087,1520616878.7129965,1,pnp,3088,212,45,38,0.8921077847480774
3088,1520616878.7629986,1,pnp,3089,209,40,35,0.8443589210510254
3089,1520616878.8129995,1,pnp,3090,219,41,34,0.9375554919242859
3090,1520616878.8630013,1,pnp,3091,230,47,36,0.948391854763031
3091,1520616878.9130025,1,pnp,3092,219,41,35,0.7424662709236145
3092,1520616878.9628677,1,pnp,3093,260,39,36,0.7582795023918152
3093,1520616879.012869,1,pnp,3094,281,40,34,1.0161114931106567
3094,1520616879.062871,1,pnp,3095,271,42,31,0.8535851240158081
3095,1520616879.1128721,1,pnp,3096,307,38,33,0.8895831108093262
3096,1520616879.162874,1,pnp,3097,285,55,38,0.9144688248634338
3097,1520616879.2128758,1,pnp,3098,354,58,46,0.9181544184684753
3098,1520616879.262877,1,pnp,3099,346,49,38,0.8430935144424438
3099,1520616879.3128788,1,pnp,3100,339,56,43,0.9296471476554871
3100,1520616879.3629253,1,pnp,3101,321,48,40,0.7893521785736084
3101,1520616879.4129274,1,pnp,3102,353,54,47,0.8393725752830505
3102,1520616879.4630194,1,pnp,3103,351,47,37,0.8233428001403809
3103,1520616879.5129304,1,pnp,3104,323,63,48,0.8394392728805542
3104,1520616879.5629313,1,pnp,3105,322,60,53,0.782250165939331
3105,1520616879.6129334,1,pnp,3106,332,67,56,0.881729781627655
3106,1520616879.6629343,1,pnp,3107,327,58,45,0.8704382181167603
3107,1520616879.7129364,1,pnp,3108,314,63,50,0.7179780602455139
3108,1520616879.7629933,1,pnp,3109,335,61,47,0.7753250598907471
3109,1520616879.8129954,1,pnp,3110,360,70,57,0.7319668531417847
3110,1520616879.8629973,1,pnp,3111,344,67,58,0.7985430359840393
3111,1520616879.9129982,1,pnp,3112,340,72,60,0.803282618522644
3112,1520616879.9630003,1,pnp,3113,358,70,65,0.7453319430351257
3113,1520616880.0130012,1,pnp,3114,371,69,57,0.842141330242157
3114,1520616880.0630033,1,pnp,3115,348,63,51,0.8066809773445129
3115,1520616880.1130054,1,pnp,3116,364,75,65,0.8710208535194397
3116,1520616880.162971,1,pnp,3117,344,78,65,0.6215815544128418
3117,1520616880.212972,1,pnp,3118,319,72,60,0.8462170958518982
3118,1520616880.262974,1,pnp,3119,286,62,52,0.9440463185310364
3119,1520616880.312976,1,pnp,3120,237,61,54,0.8873739838600159
3120,1520616880.3629768,1,pnp,3121,256,57,54,0.9370295405387878
3121,1520616880.4129791,1,pnp,3122,267,48,42,0.9171492457389832
3122,1520616880.462981,1,pnp,3123,262,64,54,0.9799069762229919
3123,1520616880.512982,1,pnp,3124,266,62,52,0.95619797706604
3124,1520616880.5630062,1,pnp,3125,257,56,48,0.9726578593254089
3125,1520616880.6130083,1,pnp,3126,252,71,63,0.8149229884147644
3126,1520616880.6630092,1,pnp,3127,262,59,46,0.9979298710823059
3127,1520616880.71301,1,pnp,3128,276,63,49,0.9513236880302429
3128,1520616880.7630122,1,pnp,3129,270,65,53,0.893064022064209
3129,1520616880.813013,1,pnp,3130,289,68,59,0.8910524845123291
3130,1520616880.8630152,1,pnp,3131,277,74,65,0.8396177291870117
3131,1520616880.913016,1,pnp,3132,280,70,63,0.9733681082725525
3132,1520616880.963163,1,pnp,3133,317,53,41,0.9114420413970947
3133,1520616881.0131638,1,pnp,3134,317,60,47,1.023988127708435
3134,1520616881.0631661,1,pnp,3135,309,69,61,0.8784016966819763
3135,1520616881.113263,1,pnp,3136,325,54,40,1.0008853673934937
3136,1520616881.163169,1,pnp,3137,291,56,42,1.0056315660476685
3137,1520616881.213171,1,pnp,3138,245,61,50,0.8807255625724792
3138,1520616881.263172,1,pnp,3139,249,52,45,0.8814404606819153
3139,1520616881.313174,1,pnp,3140,222,47,39,0.8918101191520691
3140,1520616881.363175,1,pnp,3141,220,45,40,0.9548859000205994
3141,1520616881.4134498,1,pnp,3142,230,33,30,0.8043171763420105
3142,1520616881.4634516,1,pnp,3143,228,38,34,0.7280413508415222
3143,1520616881.513453,1,pnp,3144,246,39,35,0.9098209738731384
3144,1520616881.5634549,1,pnp,3145,250,44,39,0.8352490663528442
3145,1520616881.6134558,1,pnp,3146,272,35,34,0.8065215945243835
3146,1520616881.6634579,1,pnp,3147,267,39,35,0.8173108100891113
3147,1520616881.7134588,1,pnp,3148,260,49,41,0.8007840514183044
3148,1520616881.7634606,1,pnp,3149,325,52,45,0.7175947427749634
3149,1520616881.8133752,1,pnp,3150,305,43,35,0.6869820952415466
3150,1520616881.8633773,1,pnp,3151,286,32,26,0.8428949117660522
3151,1520616881.9133792,1,pnp,3152,262,37,31,0.9628255367279053
3152,1520616881.9633803,1,pnp,3153,253,36,35,0.8721091747283936
3153,1520616882.0133822,1,pnp,3154,249,38,34,0.7318853735923767
3154,1520616882.063384,1,pnp,3155,287,38,35,0.7928000092506409
3155,1520616882.1133852,1,pnp,3156,274,38,32,0.7982028126716614
3156,1520616882.1633873,1,pnp,3157,321,43,36,0.9168581962585449
3157,1520616882.2131057,1,pnp,3158,258,51,42,1.0118259191513062
3158,1520616882.2631068,1,pnp,3159,307,41,34,0.7976594567298889
3159,1520616882.3131077,1,pnp,3160,340,46,39,0.8266746997833252
3160,1520616882.36311,1,pnp,3161,339,51,39,0.8161118030548096
3161,1520616882.413111,1,pnp,3162,344,63,57,0.864030659198761
3162,1520616882.4631128,1,pnp,3163,368,57,47,0.8108242154121399
3163,1520616882.513115,1,pnp,3164,371,50,35,0.9247122406959534
3164,1520616882.5631158,1,pnp,3165,360,41,32,1.0304464101791382
3165,1520616882.613003,1,pnp,3166,300,48,38,1.070678949356079
3166,1520616882.663004,1,pnp,3167,325,60,50,0.9255101084709167
3167,1520616882.7130063,1,pnp,3168,357,49,39,1.0177522897720337
3168,1520616882.763103,1,pnp,3169,332,46,36,0.8220770359039307
3169,1520616882.8130093,1,pnp,3170,247,40,30,0.8147762417793274
3170,1520616882.8630102,1,pnp,3171,224,37,32,0.7420899271965027
3171,1520616882.913012,1,pnp,3172,173,37,31,0.7872071862220764
3172,1520616882.9630132,1,pnp,3173,202,33,27,0.7926702499389648
3173,1520616883.0129957,1,pnp,3174,190,39,33,0.8993983268737793
3174,1520616883.0629976,1,pnp,3175,198,40,35,0.9713600873947144
3175,1520616883.1129987,1,pnp,3176,182,34,30,0.8095850348472595
3176,1520616883.1630006,1,pnp,3177,195,36,30,0.832703173160553
3177,1520616883.2130015,1,pnp,3178,174,28,25,0.6516450047492981
3178,1520616883.2630038,1,pnp,3179,153,35,30,0.9057843685150146
3179,1520616883.3130047,1,3d3d,3180,138,25,24,2.1705434322357178
3180,1520616883.3630066,1,pnp,3181,123,33,27,0.9070380330085754
3181,1520616883.4130087,1,pnp,3182,122,35,33,0.9902622103691101
3182,1520616883.4635026,1,3d3d,3183,170,23,17,1.6080563068389893
3183,1520616883.5135045,1,pnp,3184,123,34,27,0.9450340867042542
3184,1520616883.5635054,1,pnp,3185,89,31,26,0.9203310608863831
3185,1520616883.6135077,1,pnp+dense-dense,3186,251,36,28,1.0495693683624268
3186,1520616883.6635096,1,pnp+primary-dense,3187,259,46,37,0.8085072636604309
3187,1520616883.7135115,1,3d3d,3188,65,23,17,1.9203475713729858
3188,1520616883.7635117,1,3d3d,3189,69,21,16,1.3516509532928467
3189,1520616883.8135147,1,3d3d,3190,65,20,16,6.650090217590332
3190,1520616883.8652992,1,pnp+dense-dense,3191,312,46,40,0.8450307846069336
3191,1520616883.9153013,1,pnp,3192,150,37,30,0.8566062450408936
3192,1520616883.9653025,1,pnp,3193,148,30,30,0.9619569778442383
3193,1520616884.0153043,1,3d3d,3194,122,17,15,3.77825927734375
3194,1520616884.0653055,1,3d3d,3195,108,19,15,4.030649662017822
3195,1520616884.1153073,1,pnp+dense-dense,3196,222,35,32,0.7466038465499878
3196,1520616884.1653082,1,pnp+primary-dense,3197,262,35,31,0.7140757441520691
3197,1520616884.2153103,1,pnp+primary-dense,3198,248,35,29,0.8185181617736816
3198,1520616884.266737,1,3d3d,3199,94,20,16,1.6939479112625122
3199,1520616884.3167388,1,pnp+dense-dense,3200,188,27,23,0.668664813041687
3200,1520616884.3667412,1,3d3d,3201,91,18,17,0.9917585253715515
3201,1520616884.4168391,1,pnp+dense-dense,3202,266,32,30,0.6872496008872986
3202,1520616884.466743,1,3d3d,3203,155,22,20,2.5972962379455566
3203,1520616884.516745,1,pnp,3204,235,29,28,0.6284555792808533
3204,1520616884.566746,1,pnp,3205,263,45,37,1.0100698471069336
3205,1520616884.616748,1,pnp,3206,258,34,29,0.8989472389221191
3206,1520616884.6683462,1,pnp,3207,273,47,39,0.9447369575500488
3207,1520616884.718347,1,pnp,3208,302,64,51,0.8116973638534546
3208,1520616884.7683492,1,pnp,3209,343,55,44,0.9505179524421692
3209,1520616884.81835,1,pnp,3210,303,52,43,0.9231963157653809
3210,1520616884.8683522,1,pnp,3211,237,41,33,0.8369662165641785
3211,1520616884.9183533,1,pnp,3212,213,39,31,0.8679448366165161
3212,1520616884.9683552,1,pnp,3213,183,35,33,0.8819906115531921
3213,1520616885.0183563,1,pnp,3214,174,33,31,0.8038910627365112
3214,1520616885.0697064,1,pnp+dense-dense,3215,410,60,48,0.9361343383789062
3215,1520616885.1197083,1,pnp,3216,203,30,27,0.9641466736793518
3216,1520616885.1697094,1,pnp,3217,211,29,27,0.8890554904937744
3217,1520616885.2197113,1,pnp,3218,185,43,38,0.7939659953117371
3218,1520616885.2697122,1,pnp,3219,181,35,33,0.7552061676979065
3219,1520616885.3197143,1,pnp,3220,186,34,30,0.7739920616149902
3220,1520616885.3697164,1,pnp,3221,195,33,33,0.6723636984825134
3221,1520616885.4197183,1,pnp,3222,209,28,27,0.7540631890296936
3222,1520616885.4712584,1,pnp,3223,237,34,31,0.5810632705688477
3223,1520616885.5212593,1,pnp,3224,249,43,36,0.7809449434280396
3224,1520616885.5712616,1,pnp,3225,246,40,32,0.7996410727500916
3225,1520616885.6212635,1,pnp,3226,226,39,33,0.9162325263023376
3226,1520616885.6712644,1,pnp,3227,191,36,31,0.6317268013954163
3227,1520616885.7212665,1,pnp,3228,173,33,29,0.8864745497703552
3228,1520616885.7712674,1,pnp,3229,162,30,28,0.6455657482147217
3229,1520616885.8212693,1,pnp,3230,159,41,36,0.6690425872802734
3230,1520616885.8712704,1,pnp,3231,157,36,34,0.8012803792953491
3231,1520616885.920545,1,pnp,3232,157,32,28,0.768100380897522
3232,1520616885.970546,1,3d3d,3233,179,26,18,5.673361301422119
3233,1520616886.0205479,1,pnp,3234,196,29,27,0.686771035194397
3234,1520616886.0706468,1,pnp,3235,222,28,26,0.7818163633346558
3235,1520616886.120551,1,pnp,3236,238,38,36,0.70786052942276
3236,1520616886.170552,1,3d3d,3237,229,25,17,2.3224847316741943
3237,1520616886.220554,1,pnp,3238,221,35,34,0.6910439133644104
3238,1520616886.270556,1,3d3d,3239,227,28,22,1.278892159461975
3239,1520616886.3189445,1,pnp,3240,211,32,30,0.6814584136009216
3240,1520616886.3689463,1,pnp,3241,192,30,28,0.5197252631187439
3241,1520616886.4189472,1,pnp,3242,195,33,31,0.6285654902458191
3242,1520616886.4689493,1,pnp,3243,198,32,30,0.5944951772689819
3243,1520616886.5189502,1,pnp,3244,202,33,33,0.8196786642074585
3244,1520616886.568952,1,pnp,3245,177,30,29,0.6870092749595642
3245,1520616886.6189532,1,pnp,3246,161,30,29,0.5428347587585449
3246,1520616886.6689553,1,pnp+dense-dense,3247,214,29,26,0.5932037830352783
3247,1520616886.7173574,1,3d3d,3248,188,19,15,1.3975945711135864
3248,1520616886.7673583,1,3d3d,3249,199,24,15,2.3625004291534424
3249,1520616886.8173602,1,3d3d,3250,205,24,18,1.5347427129745483
3250,1520616886.8673613,1,pnp,3251,205,28,25,0.8117512464523315
3251,1520616886.9173634,1,pnp,3252,214,35,30,0.8225239515304565
3252,1520616886.967364,1,pnp,3253,215,42,36,0.8355184197425842
3253,1520616887.0173674,1,pnp,3254,215,35,29,0.7935031652450562
3254,1520616887.0673683,1,pnp,3255,229,51,44,0.8317344784736633
3255,1520616887.115808,1,pnp,3256,251,46,38,0.898338258266449
3256,1520616887.1658092,1,pnp,3257,251,47,39,0.9071224331855774
3257,1520616887.2158113,1,pnp,3258,262,45,37,0.7955248355865479
3258,1520616887.265813,1,pnp,3259,274,47,40,0.8944029808044434
3259,1520616887.3158143,1,pnp,3260,279,52,46,0.8721188306808472
3260,1520616887.365816,1,pnp,3261,304,53,47,0.7597663998603821
3261,1520616887.4158173,1,pnp,3262,351,67,56,0.9107211828231812
3262,1520616887.4658182,1,pnp,3263,350,69,62,0.9867958426475525
3263,1520616887.5147908,1,pnp,3264,351,60,49,0.872780442237854
3264,1520616887.564792,1,pnp,3265,313,62,46,0.9830048084259033
3265,1520616887.6147938,1,pnp,3266,278,55,44,0.9170470237731934
3266,1520616887.664795,1,pnp,3267,281,57,42,0.835195779800415
3267,1520616887.714895,1,pnp,3268,270,57,44,0.8768724203109741
3268,1520616887.7647977,1,pnp,3269,263,49,43,0.8167368173599243
3269,1520616887.8148,1,pnp,3270,290,51,44,0.8643819689750671
3270,1520616887.864802,1,pnp,3271,284,56,43,0.8796232342720032
3271,1520616887.9148028,1,pnp,3272,245,55,39,0.9606658220291138
3272,1520616887.9642608,1,pnp,3273,203,39,29,0.8976394534111023
3273,1520616888.014262,1,pnp,3274,144,40,29,0.974703848361969
3274,1520616888.0642638,1,pnp,3275,139,31,26,0.8690588474273682
3275,1520616888.1142647,1,pnp,3276,148,35,33,1.021605134010315
3276,1520616888.1642668,1,pnp,3277,180,41,33,1.0353586673736572
3277,1520616888.2142677,1,pnp,3278,196,45,37,0.9152576923370361
3278,1520616888.2642698,1,pnp,3279,197,44,37,0.8070787787437439
3279,1520616888.314272,1,pnp,3280,203,50,46,0.9093253016471863
3280,1520616888.3647814,1,pnp,3281,258,57,51,0.854133129119873
3281,1520616888.4147832,1,pnp,3282,255,60,45,0.919281005859375
3282,1520616888.4647841,1,pnp,3283,249,62,53,0.8679291009902954
3283,1520616888.5147865,1,pnp,3284,235,49,44,0.7808088064193726
3284,1520616888.5647883,1,pnp,3285,218,50,45,0.9002630114555359
3285,1520616888.6147892,1,pnp,3286,187,50,42,0.8207751512527466
3286,1520616888.6647913,1,pnp,3287,188,37,32,1.0219597816467285
3287,1520616888.7147932,1,pnp,3288,201,60,49,0.9701845049858093
3288,1520616888.766264,1,pnp,3289,264,52,47,0.751039445400238
3289,1520616888.8162658,1,pnp,3290,278,53,45,1.0225226879119873
3290,1520616888.8662667,1,pnp,3291,267,54,50,0.892488420009613
3291,1520616888.9162688,1,pnp,3292,259,63,51,0.8396102786064148
3292,1520616888.966271,1,pnp,3293,277,65,51,0.8702937960624695
3293,1520616889.0162718,1,pnp,3294,306,43,39,0.811335563659668
3294,1520616889.066273,1,pnp,3295,336,64,50,0.7931979894638062
3295,1520616889.1162748,1,pnp,3296,369,71,56,0.9644145369529724
3296,1520616889.1650648,1,pnp,3297,333,62,51,0.9690026640892029
3297,1520616889.2150657,1,pnp,3298,309,57,49,0.8888726830482483
3298,1520616889.2650666,1,pnp,3299,314,68,61,0.9136792421340942
3299,1520616889.3150687,1,pnp,3300,311,67,57,1.0678768157958984
3300,1520616889.3651667,1,pnp,3301,336,53,40,0.8115967512130737
3301,1520616889.4150715,1,pnp,3302,350,65,58,0.9424236416816711
3302,1520616889.4650738,1,pnp,3303,350,63,52,0.7940292954444885
3303,1520616889.5150747,1,pnp,3304,340,61,53,0.8545863628387451
3304,1520616889.5638955,1,pnp,3305,247,50,43,0.8649727702140808
3305,1520616889.6138964,1,pnp,3306,199,49,41,0.8633922934532166
3306,1520616889.6638985,1,pnp,3307,186,43,38,0.9472038149833679
3307,1520616889.7138994,1,pnp,3308,183,39,33,0.8127331137657166
3308,1520616889.7639012,1,pnp,3309,183,40,36,0.8155509829521179
3309,1520616889.8139024,1,pnp,3310,209,43,38,0.9706887006759644
3310,1520616889.8639042,1,pnp,3311,234,42,34,0.982428789138794
3311,1520616889.9139063,1,pnp,3312,251,40,34,0.9113670587539673
3312,1520616889.9634254,1,pnp,3313,242,30,27,0.7352411150932312
3313,1520616890.0134275,1,pnp,3314,274,32,26,0.832253634929657
3314,1520616890.0634284,1,pnp,3315,247,34,25,0.6302928924560547
3315,1520616890.1134303,1,3d3d,3316,259,23,21,6.3936848640441895
3316,1520616890.1634314,1,pnp,3317,257,34,27,0.7912737131118774
3317,1520616890.2134335,1,3d3d,3318,259,31,24,2.908881902694702
3318,1520616890.2634354,1,pnp,3319,240,34,29,0.7183230519294739
3319,1520616890.3134365,1,pnp,3320,248,38,35,0.9334911108016968
3320,1520616890.3634384,1,pnp,3321,254,37,33,0.765718936920166
3321,1520616890.4132102,1,pnp,3322,250,39,35,0.6272726058959961
3322,1520616890.463211,1,pnp,3323,240,41,36,0.7565271258354187
3323,1520616890.5132122,1,pnp,3324,257,60,56,0.9606931805610657
3324,1520616890.563214,1,pnp,3325,240,46,41,0.7822780609130859
3325,1520616890.613215,1,pnp,3326,256,54,46,0.8452574610710144
3326,1520616890.6632173,1,pnp,3327,254,40,35,0.8322072625160217
3327,1520616890.7132192,1,pnp,3328,275,45,37,0.9073096513748169
3328,1520616890.76322,1,pnp,3329,247,41,32,0.9139178395271301
3329,1520616890.8129413,1,pnp,3330,256,29,26,0.984695553779602
3330,1520616890.8629422,1,3d3d,3331,260,31,30,4.9645304679870605
3331,1520616890.9129443,1,3d3d,3332,236,30,27,1.610541582107544
3332,1520616890.9629455,1,pnp,3333,224,31,27,0.9626500606536865
3333,1520616891.0130422,1,pnp,3334,154,34,29,0.8497878313064575
3334,1520616891.0629492,1,pnp,3335,174,37,32,1.032280445098877
3335,1520616891.1129503,1,pnp,3336,188,34,32,0.8147974610328674
3336,1520616891.1629522,1,pnp,3337,181,37,31,0.8362281918525696
3337,1520616891.2131498,1,pnp,3338,222,30,25,0.8516753315925598
3338,1520616891.263152,1,pnp,3339,177,38,28,0.837070643901825
3339,1520616891.3131528,1,pnp,3340,186,39,28,1.156811237335205
3340,1520616891.363155,1,pnp,3341,204,34,30,0.9345279335975647
3341,1520616891.413157,1,pnp,3342,224,41,30,0.9431495070457458
3342,1520616891.463158,1,pnp,3343,229,33,25,0.7196034789085388
3343,1520616891.5131598,1,pnp,3344,229,44,30,0.9199400544166565
3344,1520616891.563161,1,pnp,3345,213,37,32,0.8941503167152405
3345,1520616891.6133912,1,pnp,3346,234,36,28,0.6616486310958862
3346,1520616891.6633923,1,pnp,3347,229,38,29,0.9261755347251892
3347,1520616891.7133942,1,pnp,3348,228,38,31,0.8696812987327576
3348,1520616891.763395,1,pnp,3349,225,45,38,0.738867998123169
3349,1520616891.8133974,1,pnp,3350,242,38,32,0.9229908585548401
3350,1520616891.8633993,1,pnp,3351,254,40,31,0.8667460680007935
3351,1520616891.9134002,1,pnp,3352,245,47,42,0.8536471724510193
3352,1520616891.9634023,1,pnp,3353,264,45,37,0.8736986517906189
3353,1520616892.0132873,1,pnp,3354,251,46,39,0.6669521331787109
3354,1520616892.0632882,1,pnp,3355,250,44,38,0.7590571641921997
3355,1520616892.1132903,1,pnp,3356,276,43,37,0.8691664934158325
3356,1520616892.1632922,1,pnp,3357,273,47,39,0.942183792591095
3357,1520616892.213293,1,pnp,3358,284,47,36,0.8246402740478516
3358,1520616892.2632954,1,pnp,3359,280,53,39,0.912811815738678
3359,1520616892.3132963,1,pnp,3360,272,50,44,0.9133574962615967
3360,1520616892.3632972,1,pnp,3361,278,53,46,1.0510060787200928
3361,1520616892.4131193,1,pnp,3362,282,45,36,0.8108570575714111
3362,1520616892.4631205,1,pnp,3363,273,41,34,0.8696429133415222
3363,1520616892.5131223,1,pnp,3364,280,48,37,0.9367653131484985
3364,1520616892.5631232,1,pnp,3365,263,46,37,0.9244674444198608
3365,1520616892.6131256,1,pnp,3366,258,46,43,0.8365530371665955
3366,1520616892.6632245,1,pnp,3367,258,46,39,0.9159586429595947
3367,1520616892.7131283,1,pnp,3368,238,49,41,1.100123405456543
3368,1520616892.7631304,1,pnp,3369,240,45,40,0.8810179233551025
3369,1520616892.8131313,1,pnp,3370,245,42,37,0.9620522856712341
3370,1520616892.8629727,1,pnp,3371,251,59,51,0.8051853179931641
3371,1520616892.9129736,1,pnp,3372,249,49,45,0.873553454875946
3372,1520616892.9629755,1,pnp,3373,255,63,53,0.8975212574005127
3373,1520616893.0129778,1,pnp,3374,275,48,44,0.9993428587913513
3374,1520616893.0629787,1,pnp,3375,244,46,37,0.903950572013855
3375,1520616893.1129806,1,pnp,3376,271,46,40,1.0319161415100098
3376,1520616893.1629817,1,pnp,3377,275,47,39,1.0267528295516968
3377,1520616893.2129836,1,pnp,3378,273,44,35,0.8490484356880188
3378,1520616893.2630076,1,pnp,3379,329,46,39,0.8750883936882019
3379,1520616893.3130095,1,pnp,3380,352,51,44,0.8591621518135071
3380,1520616893.3630106,1,pnp,3381,358,66,58,0.8622532486915588
3381,1520616893.4130125,1,pnp,3382,357,68,63,0.7794516086578369
3382,1520616893.4630146,1,pnp,3383,328,77,68,0.816322922706604
3383,1520616893.5130157,1,pnp,3384,327,70,55,0.8509576916694641
3384,1520616893.5630176,1,pnp,3385,326,56,49,0.8674340844154358
3385,1520616893.6130195,1,pnp,3386,296,52,41,0.8563525676727295
3386,1520616893.663285,1,pnp,3387,312,42,33,1.0542397499084473
3387,1520616893.713287,1,pnp,3388,345,42,34,0.948790431022644
3388,1520616893.763289,1,pnp,3389,297,43,33,0.7496703267097473
3389,1520616893.81329,1,pnp,3390,224,37,32,0.7486823201179504
3390,1520616893.863292,1,pnp,3391,199,31,27,0.6613110303878784
3391,1520616893.9132931,1,pnp,3392,212,35,32,0.7723921537399292
3392,1520616893.963294,1,pnp,3393,204,38,36,0.9439987540245056
3393,1520616894.013296,1,pnp,3394,205,44,39,0.8938968181610107
3394,1520616894.063311,1,pnp,3395,188,51,45,0.8522832989692688
3395,1520616894.1133122,1,pnp,3396,177,46,41,0.8404795527458191
3396,1520616894.1633143,1,pnp,3397,197,32,25,1.089422345161438
3397,1520616894.2133152,1,pnp,3398,199,43,34,0.7543271780014038
3398,1520616894.2633173,1,pnp,3399,199,43,36,0.9117528796195984
3399,1520616894.3134162,1,pnp,3400,201,34,28,0.9399043321609497
3400,1520616894.36332,1,pnp,3401,210,38,37,0.651628851890564
3401,1520616894.4133213,1,pnp,3402,223,48,40,0.6005398631095886
3402,1520616894.4630868,1,pnp,3403,203,41,34,0.815765917301178
3403,1520616894.5130877,1,pnp,3404,205,44,38,0.8632988929748535
3404,1520616894.56309,1,pnp,3405,173,34,30,0.675480842590332
3405,1520616894.613091,1,pnp,3406,169,33,29,0.8588640689849854
3406,1520616894.6630929,1,pnp,3407,177,50,46,0.872786283493042
3407,1520616894.713095,1,pnp,3408,167,54,49,0.8296749591827393
3408,1520616894.7630959,1,pnp,3409,174,56,53,0.826043963432312
3409,1520616894.8130977,1,pnp,3410,167,53,47,0.7952903509140015
3410,1520616894.8630989,1,pnp,3411,186,59,54,0.6253809332847595
3411,1520616894.9130948,1,pnp,3412,175,54,48,0.8651534914970398
3412,1520616894.963096,1,pnp,3413,188,54,47,0.8237144947052002
3413,1520616895.0130978,1,pnp,3414,196,49,42,0.7942895889282227
3414,1520616895.0630999,1,pnp,3415,189,58,49,0.7149155139923096
3415,1520616895.113101,1,pnp,3416,220,50,42,0.8312358856201172
3416,1520616895.1631029,1,pnp,3417,232,50,41,0.9628122448921204
3417,1520616895.213104,1,pnp,3418,214,39,32,0.9145105481147766
3418,1520616895.2631059,1,pnp,3419,204,36,31,0.8573077917098999
3419,1520616895.313103,1,3d3d,3420,172,26,19,2.123906135559082
3420,1520616895.3631039,1,pnp,3421,154,29,25,0.9464051723480225
3421,1520616895.413106,1,pnp,3422,124,34,30,0.8159580826759338
3422,1520616895.4631069,1,pnp,3423,133,33,29,0.9049065113067627
3423,1520616895.5131087,1,pnp,3424,134,39,32,0.9376851916313171
3424,1520616895.5631099,1,pnp,3425,126,42,35,0.9108504056930542
3425,1520616895.613112,1,pnp,3426,108,35,31,0.8124946355819702
3426,1520616895.663113,1,3d3d,3427,96,27,23,1.9503406286239624
3427,1520616895.713941,1,pnp,3428,230,29,26,0.9089484214782715
3428,1520616895.763943,1,pnp,3429,224,49,41,0.8500524759292603
3429,1520616895.813944,1,pnp,3430,220,51,48,1.0080732107162476
3430,1520616895.863946,1,pnp,3431,236,51,48,0.8821105360984802
3431,1520616895.9139469,1,pnp,3432,259,49,40,0.8471567630767822
3432,1520616895.964045,1,pnp,3433,264,48,38,1.0178195238113403
3433,1520616896.01395,1,pnp,3434,264,41,28,0.9768431186676025
3434,1520616896.063952,1,pnp,3435,232,44,33,1.0041062831878662
3435,1520616896.1145139,1,pnp,3436,243,37,32,0.975949764251709
3436,1520616896.1645157,1,pnp,3437,189,38,31,0.9057437777519226
3437,1520616896.2145169,1,pnp,3438,133,28,25,0.8770115971565247
3438,1520616896.2645187,1,3d3d,3439,137,28,21,2.662623167037964
3439,1520616896.3145206,1,pnp,3440,161,33,29,1.0210384130477905
3440,1520616896.3645217,1,pnp,3441,150,30,25,0.7378950119018555
3441,1520616896.4145238,1,3d3d,3442,141,24,17,3.4545493125915527
3442,1520616896.4645247,1,pnp+dense-dense,3443,234,19,16,0.8855100274085999
3443,1520616896.5157096,1,pnp+primary-dense,3444,278,28,23,0.8101449608802795
3444,1520616896.5657117,1,pnp+primary-dense,3445,281,38,35,0.874213457107544
3445,1520616896.6157126,1,3d3d,3446,211,24,18,1.1508567333221436
3446,1520616896.6657145,1,pnp,3447,261,27,25,0.8097665905952454
3447,1520616896.7157156,1,pnp,3448,258,35,31,0.9186922907829285
3448,1520616896.7657175,1,pnp,3449,244,38,31,0.8897615075111389
3449,1520616896.8157184,1,pnp,3450,241,52,40,0.9874335527420044
3450,1520616896.8657207,1,pnp,3451,251,50,41,0.8788474798202515
3451,1520616896.9166124,1,pnp,3452,272,54,50,0.8365554213523865
3452,1520616896.9666133,1,pnp,3453,282,59,52,0.9305849671363831
3453,1520616897.0166144,1,pnp,3454,328,62,51,0.86970055103302
3454,1520616897.0666163,1,pnp,3455,355,59,49,1.0435794591903687
3455,1520616897.1166184,1,pnp,3456,352,69,58,1.0256870985031128
3456,1520616897.1666203,1,pnp,3457,365,65,55,0.9187900424003601
3457,1520616897.2166214,1,pnp,3458,361,70,55,0.8975433707237244
3458,1520616897.2666223,1,pnp,3459,372,68,60,0.8965628743171692
3459,1520616897.3166244,1,pnp,3460,360,63,54,0.8931934833526611
3460,1520616897.3663042,1,pnp,3461,349,61,49,0.9743369221687317
3461,1520616897.416306,1,pnp,3462,333,67,56,0.8511486053466797
3462,1520616897.466308,1,pnp,3463,312,54,41,0.9452251195907593
3463,1520616897.516309,1,pnp,3464,276,61,56,0.9416477680206299
3464,1520616897.5663111,1,pnp,3465,225,51,46,0.883682131767273
3465,1520616897.6164093,1,pnp,3466,233,39,35,0.8539652824401855
3466,1520616897.6663141,1,pnp,3467,234,29,25,0.8769517540931702
3467,1520616897.7163153,1,pnp,3468,234,28,26,0.7113217115402222
3468,1520616897.7675724,1,pnp,3469,287,46,37,0.845768928527832
3469,1520616897.8175733,1,pnp,3470,285,59,49,0.9467187523841858
3470,1520616897.8675754,1,pnp,3471,335,62,52,0.8982815146446228
3471,1520616897.9175773,1,pnp,3472,331,48,43,0.9027513861656189
3472,1520616897.9675782,1,pnp,3473,322,60,52,0.7291436195373535
3473,1520616898.0175803,1,pnp,3474,288,58,55,0.7655139565467834
3474,1520616898.0675812,1,pnp,3475,271,46,41,0.8391619920730591
3475,1520616898.1175833,1,pnp,3476,264,60,51,0.9126840829849243
3476,1520616898.1660292,1,pnp,3477,225,32,28,0.8566483855247498
3477,1520616898.216031,1,pnp,3478,251,46,39,0.9747729301452637
3478,1520616898.2660332,1,pnp,3479,225,45,37,0.6961716413497925
3479,1520616898.316034,1,pnp,3480,201,43,36,0.8201051950454712
3480,1520616898.3660362,1,pnp,3481,189,55,44,0.8394343852996826
3481,1520616898.4160383,1,pnp,3482,184,38,31,0.6442689299583435
3482,1520616898.4660392,1,pnp,3483,155,29,26,0.6051234602928162
3483,1520616898.5160403,1,3d3d,3484,172,25,22,1.150231957435608
3484,1520616898.5645251,1,3d3d,3485,158,28,23,1.371624231338501
3485,1520616898.614527,1,3d3d,3486,183,28,20,2.255467176437378
3486,1520616898.664529,1,3d3d,3487,201,23,16,1.746252417564392
3487,1520616898.7145302,1,3d3d,3488,185,23,15,2.6130623817443848
3488,1520616898.7645311,1,pnp,3489,208,39,34,0.7257428169250488
3489,1520616898.814533,1,3d3d,3490,217,23,17,2.8777544498443604
3490,1520616898.864535,1,pnp,3491,231,33,30,0.9023484587669373
3491,1520616898.914536,1,pnp,3492,233,46,43,0.7396103739738464
3492,1520616898.963912,1,pnp,3493,219,33,27,0.8569384813308716
3493,1520616899.0139139,1,pnp,3494,238,42,34,0.9307125210762024
3494,1520616899.0639162,1,pnp,3495,246,36,33,1.0437527894973755
3495,1520616899.113917,1,pnp,3496,228,49,42,0.7837429046630859
3496,1520616899.163919,1,pnp,3497,218,52,45,0.6476342678070068
3497,1520616899.213921,1,pnp,3498,226,33,28,1.0366957187652588
3498,1520616899.264014,1,pnp,3499,264,52,42,1.0031524896621704
3499,1520616899.313923,1,pnp,3500,285,47,43,0.831238329410553
3500,1520616899.3635578,1,pnp,3501,262,45,39,0.8221638202667236
3501,1520616899.41356,1,pnp,3502,275,49,42,0.888886570930481
3502,1520616899.4635608,1,pnp,3503,297,47,41,0.9203009605407715
3503,1520616899.5135627,1,pnp,3504,354,44,40,0.7649261355400085
3504,1520616899.5635638,1,pnp,3505,353,47,38,0.7902187705039978
3505,1520616899.6135657,1,pnp,3506,364,37,28,0.6960379481315613
3506,1520616899.6635668,1,pnp,3507,369,46,38,0.917810320854187
3507,1520616899.713569,1,pnp,3508,404,44,40,1.0767219066619873
3508,1520616899.7635698,1,pnp,3509,447,76,66,0.9492104053497314
3509,1520616899.8132865,1,pnp,3510,427,63,49,0.9018288254737854
3510,1520616899.8632884,1,pnp,3511,398,57,46,0.931994616985321
3511,1520616899.9132893,1,pnp,3512,388,59,50,0.8503673672676086
3512,1520616899.9632914,1,pnp,3513,363,60,45,0.8440361022949219
3513,1520616900.0132923,1,pnp,3514,390,53,43,0.9404239654541016
3514,1520616900.0632944,1,pnp,3515,387,48,43,0.7795488238334656
3515,1520616900.1132956,1,pnp,3516,343,54,43,0.8357607126235962
3516,1520616900.1632974,1,pnp,3517,291,54,50,0.938132107257843
3517,1520616900.2134266,1,pnp,3518,304,48,35,1.0310436487197876
3518,1520616900.2634284,1,pnp,3519,289,48,40,1.0234718322753906
3519,1520616900.3134294,1,pnp,3520,285,51,41,0.8812999129295349
3520,1520616900.3634305,1,pnp,3521,276,58,47,0.8201251029968262
3521,1520616900.4134324,1,pnp,3522,259,53,43,0.8314253687858582
3522,1520616900.4634342,1,pnp,3523,259,54,45,0.9653110504150391
3523,1520616900.5134356,1,pnp,3524,255,55,45,0.7842610478401184
3524,1520616900.5634363,1,pnp,3525,297,46,40,0.7830401659011841
3525,1520616900.613788,1,pnp,3526,326,45,39,1.0110440254211426
3526,1520616900.6637902,1,pnp,3527,350,52,46,0.9173581600189209
3527,1520616900.7137961,1,pnp,3528,385,71,57,0.8467710614204407
3528,1520616900.763793,1,pnp,3529,357,66,55,1.0388001203536987
3529,1520616900.813795,1,pnp,3530,348,58,49,0.9040475487709045
3530,1520616900.863796,1,pnp,3531,325,56,41,0.8106938600540161
3531,1520616900.913884,1,pnp,3532,332,51,44,0.9373917579650879
3532,1520616900.9637992,1,pnp,3533,356,53,48,0.8127117156982422
3533,1520616901.0137649,1,pnp,3534,346,52,44,0.9318163990974426
3534,1520616901.063767,1,pnp,3535,326,50,42,1.0044915676116943
3535,1520616901.113769,1,pnp,3536,337,47,40,0.7819225192070007
3536,1520616901.16377,1,pnp,3537,329,44,39,0.8947174549102783
3537,1520616901.2137718,1,pnp,3538,348,52,45,0.8588336110115051
3538,1520616901.263773,1,pnp,3539,349,51,40,0.8241262435913086
3539,1520616901.3137748,1,pnp,3540,338,57,41,0.942550003528595
3540,1520616901.3637762,1,pnp,3541,344,55,44,0.7647917866706848
3541,1520616901.4136448,1,pnp,3542,342,51,41,0.8985262513160706
3542,1520616901.463647,1,pnp,3543,350,68,57,0.9390732645988464
3543,1520616901.513648,1,pnp,3544,366,60,50,0.9148233532905579
3544,1520616901.56365,1,pnp,3545,366,57,48,0.988482654094696
3545,1520616901.6136508,1,pnp,3546,348,66,51,0.8559018969535828
3546,1520616901.663653,1,pnp,3547,330,59,46,0.823554277420044
3547,1520616901.7136538,1,pnp,3548,327,46,36,0.9715850353240967
3548,1520616901.7636557,1,pnp,3549,323,65,50,1.1480655670166016
3549,1520616901.8135765,1,pnp,3550,285,65,51,0.9080612063407898
3550,1520616901.8635795,1,pnp,3551,291,56,44,1.0481349229812622
3551,1520616901.9135807,1,pnp,3552,290,45,35,0.9421892762184143
3552,1520616901.9635816,1,pnp,3553,261,46,40,0.9556318521499634
3553,1520616902.0135834,1,pnp,3554,284,37,32,0.8856160640716553
3554,1520616902.0635855,1,pnp,3555,296,41,37,0.7482669353485107
3555,1520616902.1135864,1,pnp,3556,259,45,37,0.7779374122619629
3556,1520616902.1635888,1,pnp,3557,273,52,42,0.8208966255187988
3557,1520616902.2135906,1,pnp,3558,282,52,41,0.6702684164047241
3558,1520616902.2637706,1,pnp,3559,319,61,51,0.8852366209030151
3559,1520616902.3137712,1,pnp,3560,330,66,58,1.0302757024765015
3560,1520616902.3637745,1,pnp,3561,334,71,62,0.9632239937782288
3561,1520616902.4137745,1,pnp,3562,337,71,67,0.911546528339386
3562,1520616902.4637764,1,pnp,3563,334,65,58,0.8119879364967346
3563,1520616902.5137775,1,pnp,3564,339,70,58,0.9866636395454407
3564,1520616902.5638614,1,pnp,3565,354,68,55,0.948868453502655
3565,1520616902.6137805,1,pnp,3566,375,72,63,0.9303267002105713
3566,1520616902.6644669,1,pnp,3567,434,77,61,0.8538344502449036
3567,1520616902.7144687,1,pnp,3568,415,69,58,0.8801863193511963
3568,1520616902.7644699,1,pnp,3569,419,71,61,0.9089831113815308
3569,1520616902.8144717,1,pnp,3570,429,72,64,0.8509843945503235
3570,1520616902.8644726,1,pnp,3571,452,69,51,0.9671510457992554
3571,1520616902.914475,1,pnp,3572,440,61,45,1.0215342044830322
3572,1520616902.9644756,1,pnp,3573,494,70,53,0.7976418733596802
3573,1520616903.0144777,1,pnp,3574,470,78,61,0.9543637633323669
3574,1520616903.06435,1,pnp,3575,437,59,50,0.893714427947998
3575,1520616903.114351,1,pnp,3576,494,69,54,0.856437087059021
3576,1520616903.164353,1,pnp,3577,515,76,61,0.8966197371482849
3577,1520616903.2143538,1,pnp,3578,496,76,56,1.0416284799575806
3578,1520616903.264356,1,pnp,3579,548,62,49,0.9216290712356567
3579,1520616903.3143568,1,pnp,3580,564,59,50,0.90848708152771
3580,1520616903.3643587,1,pnp,3581,522,55,46,0.7986499071121216
3581,1520616903.4143598,1,pnp,3582,497,61,54,0.9205542802810669
3582,1520616903.4634821,1,pnp,3583,408,37,31,0.7761324644088745
3583,1520616903.5134845,1,pnp,3584,380,48,45,0.8059831857681274
3584,1520616903.5634854,1,pnp,3585,362,52,44,0.8922445774078369
3585,1520616903.6134872,1,pnp,3586,368,62,56,0.6914421319961548
3586,1520616903.6634884,1,pnp,3587,366,58,52,0.8136830925941467
3587,1520616903.7134912,1,pnp,3588,361,66,61,0.8513158559799194
3588,1520616903.763492,1,pnp,3589,355,54,46,0.8388060927391052
3589,1520616903.8134933,1,pnp,3590,332,54,47,0.7966781258583069
3590,1520616903.8633904,1,pnp,3591,310,56,52,0.9257936477661133
3591,1520616903.9133914,1,pnp,3592,324,58,48,0.8222246170043945
3592,1520616903.9633937,1,pnp,3593,311,62,51,0.9292279481887817
3593,1520616904.0133946,1,pnp,3594,307,44,36,0.8921793103218079
3594,1520616904.0633965,1,pnp,3595,277,38,31,0.8108593821525574
3595,1520616904.1133997,1,pnp,3596,260,43,35,0.9787065982818604
3596,1520616904.1633995,1,pnp,3597,236,46,37,0.9880713224411011
3597,1520616904.2134774,1,pnp,3598,251,46,44,0.8165034055709839
3598,1520616904.2634027,1,pnp,3599,262,48,41,0.8793580532073975
3599,1520616904.3136277,1,pnp,3600,267,51,38,0.8339077234268188
3600,1520616904.3636286,1,pnp,3601,282,56,45,0.8094604015350342
3601,1520616904.4136305,1,pnp,3602,255,39,30,1.010515570640564
3602,1520616904.4636316,1,pnp,3603,296,53,43,0.9516564011573792
3603,1520616904.5136337,1,pnp,3604,248,50,45,0.8568056225776672
3604,1520616904.5636346,1,pnp,3605,249,47,37,0.6946032643318176
3605,1520616904.6136367,1,pnp,3606,281,55,41,0.8075687885284424
3606,1520616904.6636386,1,pnp,3607,311,50,40,0.7840467095375061
3607,1520616904.713528,1,pnp,3608,295,50,44,0.8546800017356873
3608,1520616904.7635298,1,pnp,3609,292,53,42,0.9208886027336121
3609,1520616904.8135316,1,pnp,3610,338,47,40,0.9562641978263855
3610,1520616904.8635328,1,pnp,3611,343,47,43,0.7660242915153503
3611,1520616904.9135337,1,pnp,3612,286,39,36,0.7184669375419617
3612,1520616904.9635358,1,pnp,3613,237,42,37,0.753030002117157
3613,1520616905.013537,1,pnp,3614,272,48,40,0.7367503046989441
3614,1520616905.0635388,1,pnp,3615,281,42,39,0.8592408895492554
3615,1520616905.1133564,1,pnp,3616,250,44,41,0.8386980295181274
3616,1520616905.1633575,1,pnp,3617,198,35,32,0.7216615676879883
3617,1520616905.2133594,1,pnp,3618,169,40,36,0.8661326766014099
3618,1520616905.2633605,1,pnp,3619,190,37,32,0.8930534720420837
3619,1520616905.3133626,1,pnp,3620,175,35,31,0.9467029571533203
3620,1520616905.3633635,1,pnp,3621,200,48,44,1.0329936742782593
3621,1520616905.4133656,1,pnp,3622,205,41,36,0.9218381643295288
3622,1520616905.4633675,1,pnp,3623,215,35,29,1.0430558919906616
3623,1520616905.5134246,1,pnp,3624,242,39,28,1.0226099491119385
3624,1520616905.563427,1,pnp,3625,278,36,30,0.8144742250442505
3625,1520616905.6134279,1,pnp,3626,255,35,26,1.0459123849868774
3626,1520616905.66343,1,pnp,3627,247,41,36,1.0429893732070923
3627,1520616905.713431,1,pnp,3628,241,44,34,1.088273286819458
3628,1520616905.7634327,1,pnp,3629,204,34,25,1.095973253250122
3629,1520616905.813435,1,pnp,3630,215,38,32,0.9594208002090454
3630,1520616905.863502,1,pnp,3631,215,40,27,1.0288302898406982
3631,1520616905.9137595,1,pnp,3632,250,38,36,1.0689401626586914
3632,1520616905.9637604,1,pnp,3633,170,32,25,1.0222822427749634
3633,1520616906.0137627,1,pnp,3634,136,35,28,0.999693751335144
3634,1520616906.0637636,1,pnp,3635,136,29,25,1.205220341682434
3635,1520616906.1137655,1,3d3d,3636,91,32,26,2.4840006828308105
3636,1520616906.1637666,1,3d3d,3637,69,17,17,1.8452564477920532
3637,1520616906.2137685,1,pnp+dense-dense,3638,183,41,29,1.1061276197433472
3638,1520616906.2637706,1,pnp+primary-dense,3639,200,39,28,1.0256577730178833
3639,1520616906.3145196,1,3d3d,3640,142,25,22,2.3498127460479736
3640,1520616906.3645215,1,3d3d,3641,141,27,23,3.3137409687042236
3641,1520616906.4145226,1,3d3d,3642,133,29,24,1.5727919340133667
3642,1520616906.4645247,1,pnp+dense-dense,3643,220,28,22,0.6580284237861633
3643,1520616906.5145257,1,pnp+primary-dense,3644,180,15,15,0.49453282356262207
3644,1520616906.5645278,1,pnp+primary-dense,3645,191,25,23,0.6205161213874817
3645,1520616906.6145296,1,pnp+primary-dense,3646,179,25,25,0.7272734642028809
3646,1520616906.6645305,1,pnp+primary-dense,3647,201,28,25,0.7500898838043213
3647,1520616906.7145326,1,pnp,3648,147,28,25,0.8253797888755798
3648,1520616906.7647066,1,pnp,3649,157,28,28,0.759330153465271
3649,1520616906.8147085,1,pnp,3650,152,30,25,0.8741130232810974
3650,1520616906.8647108,1,pnp,3651,183,31,27,0.8694614171981812
3651,1520616906.9147117,1,pnp,3652,253,34,34,0.8916855454444885
3652,1520616906.9647136,1,pnp,3653,271,50,46,0.8852601051330566
3653,1520616907.0147157,1,pnp,3654,281,48,42,0.9271706342697144
3654,1520616907.0647166,1,pnp,3655,284,52,47,0.8829309344291687
3655,1520616907.1147187,1,pnp,3656,283,50,49,0.7731801271438599
3656,1520616907.1653426,1,pnp,3657,345,50,41,0.8214172124862671
3657,1520616907.2153444,1,pnp,3658,307,57,50,0.9208608269691467
3658,1520616907.2653456,1,pnp,3659,322,63,54,0.8184347748756409
3659,1520616907.3153474,1,pnp,3660,347,59,50,0.6983016133308411
3660,1520616907.3653483,1,pnp,3661,389,52,42,0.7969136834144592
3661,1520616907.4153507,1,pnp,3662,391,43,33,0.8589180111885071
3662,1520616907.4653516,1,pnp,3663,336,51,39,0.8926628232002258
3663,1520616907.5154026,1,pnp,3664,303,41,34,0.9640902876853943
3664,1520616907.5668561,1,pnp,3665,288,33,28,0.833946943283081
3665,1520616907.616858,1,pnp,3666,237,40,34,0.8465736508369446
3666,1520616907.6668591,1,pnp,3667,212,45,42,0.7681493759155273
3667,1520616907.716861,1,pnp,3668,188,37,31,0.9133859276771545
3668,1520616907.766862,1,pnp,3669,189,29,26,0.6183385848999023
3669,1520616907.816864,1,pnp,3670,225,41,37,0.9150969982147217
3670,1520616907.866866,1,pnp,3671,219,54,45,0.8700168132781982
3671,1520616907.916867,1,pnp,3672,223,51,47,0.8211163282394409
3672,1520616907.9664593,1,pnp,3673,227,50,42,0.7423900365829468
3673,1520616908.0164602,1,pnp,3674,272,30,29,0.7819227576255798
3674,1520616908.0664623,1,pnp,3675,299,40,38,0.7794005274772644
3675,1520616908.1164632,1,pnp,3676,293,44,40,0.9471094608306885
3676,1520616908.166465,1,pnp,3677,288,59,48,0.76413494348526
3677,1520616908.2164662,1,pnp,3678,295,60,53,0.8166829943656921
3678,1520616908.2664683,1,pnp,3679,302,61,53,0.9161587953567505
3679,1520616908.3164701,1,pnp,3680,312,65,58,0.8669514060020447
3680,1520616908.3656163,1,pnp,3681,313,57,49,0.8378190994262695
3681,1520616908.4156182,1,pnp,3682,317,60,53,0.8652973771095276
3682,1520616908.46562,1,pnp,3683,336,62,49,0.8524579405784607
3683,1520616908.5156212,1,pnp,3684,348,56,46,0.7527685165405273
3684,1520616908.565623,1,pnp,3685,325,51,41,0.8320714235305786
3685,1520616908.615624,1,pnp,3686,298,52,43,0.8285066485404968
3686,1520616908.6656263,1,pnp,3687,266,42,37,0.7671494483947754
3687,1520616908.7156272,1,pnp,3688,249,42,36,0.8174316883087158
3688,1520616908.7650692,1,pnp,3689,208,40,33,0.894493818283081
3689,1520616908.815071,1,pnp,3690,201,36,31,0.836760401725769
3690,1520616908.8650723,1,pnp,3691,198,43,41,0.8065699934959412
3691,1520616908.9150732,1,pnp,3692,188,45,42,0.7887271046638489
3692,1520616908.965075,1,pnp,3693,180,46,42,0.9532579183578491
3693,1520616909.0150762,1,pnp,3694,169,52,46,0.8404296040534973
3694,1520616909.065078,1,pnp,3695,171,56,49,0.961956799030304
3695,1520616909.11508,1,pnp,3696,162,47,38,0.9767131209373474
3696,1520616909.165117,1,pnp,3697,196,47,40,0.8228939175605774
3697,1520616909.214703,1,pnp,3698,159,46,43,0.9877054691314697
3698,1520616909.264704,1,pnp,3699,164,41,35,0.926446259021759
3699,1520616909.3147063,1,pnp,3700,220,52,47,0.7987797260284424
3700,1520616909.3647072,1,pnp,3701,238,40,31,0.8762786388397217
3701,1520616909.414709,1,pnp,3702,242,52,43,0.864977240562439
3702,1520616909.4647112,1,pnp,3703,237,45,33,1.0086315870285034
3703,1520616909.514712,1,pnp,3704,220,43,34,0.9895464777946472
3704,1520616909.5647142,1,pnp,3705,180,41,36,0.8479132056236267
3705,1520616909.6148524,1,pnp,3706,176,38,33,0.8976543545722961
3706,1520616909.6648543,1,3d3d,3707,119,23,19,4.660126209259033
3707,1520616909.7148554,1,3d3d,3708,64,22,21,3.722013473510742
3708,1520616909.7648575,1,pnp+dense-dense,3709,280,43,41,0.8878785371780396
3709,1520616909.8148584,1,pnp+primary-dense,3710,271,57,45,0.9254662990570068
3710,1520616909.8648605,1,pnp+primary-dense,3711,237,57,48,0.9842707514762878
3711,1520616909.9148624,1,pnp+primary-dense,3712,213,58,46,0.8446560502052307
3712,1520616909.9648633,1,pnp+primary-dense,3713,152,41,29,0.9918414950370789
3713,1520616910.0171957,1,pnp+primary-dense,3714,216,29,25,0.8109960556030273
3714,1520616910.0671968,1,pnp+primary-dense,3715,179,30,26,0.9240736365318298
3715,1520616910.1171987,1,pnp+primary-dense,3716,181,44,40,0.9388764500617981
3716,1520616910.1672006,1,pnp+primary-dense,3717,200,48,43,0.8389096856117249
3717,1520616910.217203,1,pnp+primary-dense,3718,211,39,37,0.8184800148010254
3718,1520616910.2672036,1,pnp+primary-dense,3719,212,31,23,0.80849689245224
3719,1520616910.3172045,1,pnp+primary-dense,3720,226,28,25,0.8616313338279724
3720,1520616910.3672068,1,pnp+primary-dense,3721,244,35,25,1.0911036729812622
3721,1520616910.4198909,1,pnp+primary-dense,3722,308,28,25,1.0576828718185425
3722,1520616910.469893,1,pnp+primary-dense,3723,294,49,45,0.7976130843162537
3723,1520616910.519894,1,pnp+primary-dense,3724,277,36,32,0.8288091421127319
3724,1520616910.5698948,1,3d3d,3725,145,25,15,1.3159213066101074
3725,1520616910.619897,1,pnp+dense-dense,3726,274,38,34,0.7717462182044983
3726,1520616910.6699,1,3d3d,3727,160,26,20,2.2600197792053223
3727,1520616910.7198997,1,3d3d,3728,160,20,15,2.349238872528076
3728,1520616910.7699008,1,pnp+dense-dense,3729,249,32,30,0.7981393933296204
3729,1520616910.8216205,1,pnp,3730,200,27,27,0.770423948764801
3730,1520616910.8716004,1,3d3d,3731,199,26,22,2.1466801166534424
3731,1520616910.9216027,1,3d3d,3732,188,23,18,0.8826647400856018
3732,1520616910.9716036,1,pnp,3733,185,29,28,0.6583161354064941
3733,1520616911.0216055,1,3d3d,3734,178,22,19,5.330923557281494
3734,1520616911.0716076,1,pnp,3735,177,28,27,0.7038540840148926
3735,1520616911.1216085,1,pnp,3736,174,36,34,0.7976210713386536
3736,1520616911.1716104,1,pnp,3737,187,35,32,0.8464987874031067
3737,1520616911.2216115,1,pnp,3738,185,34,30,0.858561635017395
3738,1520616911.2724104,1,pnp,3739,209,34,32,0.884515643119812
3739,1520616911.3224115,1,pnp,3740,184,41,36,0.8748478889465332
3740,1520616911.3724136,1,pnp,3741,189,36,31,0.7531448006629944
3741,1520616911.4224145,1,pnp,3742,192,38,31,0.9111982583999634
3742,1520616911.4724166,1,pnp,3743,176,42,41,0.7890382409095764
3743,1520616911.5224185,1,pnp,3744,206,36,33,0.6919256448745728
3744,1520616911.5724194,1,pnp,3745,180,33,29,0.8893778324127197
3745,1520616911.6224215,1,pnp,3746,177,41,36,0.778830349445343
3746,1520616911.6717515,1,pnp,3747,184,42,35,0.9101967811584473
3747,1520616911.7217536,1,pnp,3748,175,33,30,0.7595899105072021
3748,1520616911.7717557,1,pnp,3749,195,44,40,0.8028815984725952
3749,1520616911.8217566,1,pnp,3750,191,36,34,1.082321286201477
3750,1520616911.8717587,1,3d3d,3751,205,28,23,1.5789068937301636
3751,1520616911.9217606,1,pnp,3752,225,35,32,0.7413525581359863
3752,1520616911.9717615,1,pnp,3753,247,30,30,0.7654613256454468
3753,1520616912.0217636,1,pnp,3754,253,35,29,0.8997470140457153
3754,1520616912.0707424,1,pnp,3755,248,30,29,0.7290332317352295
3755,1520616912.1207433,1,pnp,3756,275,36,32,0.8373413681983948
3756,1520616912.1707451,1,pnp,3757,302,46,38,0.7584519386291504
3757,1520616912.2207484,1,pnp,3758,315,44,40,0.9856758117675781
3758,1520616912.2707481,1,pnp,3759,396,49,39,0.9226597547531128
3759,1520616912.3207502,1,pnp,3760,348,60,49,0.9197201728820801
3760,1520616912.3707514,1,pnp,3761,352,67,53,0.8981165885925293
3761,1520616912.4207532,1,pnp,3762,312,63,51,0.9381206035614014
3762,1520616912.4687557,1,pnp,3763,300,50,38,0.9489008188247681
3763,1520616912.5187519,1,pnp,3764,286,67,54,0.9440420866012573
3764,1520616912.5687528,1,pnp,3765,238,42,32,0.5415891408920288
3765,1520616912.6187549,1,pnp,3766,246,46,37,0.931919515132904
3766,1520616912.6687567,1,pnp,3767,229,33,28,0.8833877444267273
3767,1520616912.7187576,1,pnp,3768,204,42,38,0.9310967326164246
3768,1520616912.76876,1,pnp,3769,215,41,36,0.9565471410751343
3769,1520616912.8187609,1,pnp,3770,258,41,33,1.0299595594406128
3770,1520616912.8680785,1,pnp,3771,249,46,36,0.777965784072876
3771,1520616912.9180794,1,pnp,3772,251,48,39,0.9638747572898865
3772,1520616912.9680812,1,pnp,3773,265,47,43,0.9920287132263184
3773,1520616913.0180824,1,pnp,3774,255,51,47,0.8936150670051575
3774,1520616913.0680842,1,pnp,3775,299,42,36,0.7961230874061584
3775,1520616913.1180866,1,pnp,3776,311,48,44,0.911472499370575
3776,1520616913.1680875,1,pnp,3777,327,54,50,0.8893589973449707
3777,1520616913.2180893,1,pnp,3778,343,39,32,0.970951497554779
3778,1520616913.2676854,1,pnp,3779,373,39,33,0.875117301940918
3779,1520616913.3176877,1,pnp,3780,357,53,44,0.8227453231811523
3780,1520616913.3676887,1,pnp,3781,353,59,49,0.8276855945587158
3781,1520616913.4176905,1,pnp,3782,348,55,50,0.8434097766876221
3782,1520616913.4676926,1,pnp,3783,398,62,49,0.7944257259368896
3783,1520616913.5176945,1,pnp,3784,461,63,53,0.8828275799751282
3784,1520616913.5676966,1,pnp,3785,464,64,49,0.8728089928627014
3785,1520616913.6176977,1,pnp,3786,542,65,53,0.8301193118095398
3786,1520616913.6676996,1,pnp,3787,547,74,62,0.902185320854187
3787,1520616913.7163146,1,pnp,3788,508,82,73,0.8611035943031311
3788,1520616913.7663164,1,pnp,3789,505,80,63,0.9645869135856628
3789,1520616913.8163176,1,pnp,3790,490,71,55,0.8883195519447327
3790,1520616913.8663185,1,pnp,3791,446,73,59,0.8036110997200012
3791,1520616913.9163206,1,pnp,3792,465,63,51,1.0568211078643799
3792,1520616913.9663215,1,pnp,3793,478,66,57,0.9114960432052612
3793,1520616914.0163233,1,pnp,3794,506,67,55,0.9450118541717529
3794,1520616914.0663245,1,pnp,3795,480,54,38,0.9611805081367493
3795,1520616914.114925,1,pnp,3796,356,50,36,0.9561500549316406
3796,1520616914.164926,1,pnp,3797,372,57,42,0.9295669198036194
3797,1520616914.214928,1,pnp,3798,367,51,39,0.936795711517334
3798,1520616914.2649302,1,pnp,3799,354,61,47,0.9294194579124451
3799,1520616914.3149312,1,pnp,3800,296,48,38,1.0715497732162476
3800,1520616914.364933,1,3d3d,3801,213,29,24,4.320977210998535
3801,1520616914.4149342,1,3d3d,3802,147,29,25,1.8952077627182007
3802,1520616914.464936,1,pnp,3803,133,33,30,0.8066281080245972
3803,1520616914.5147953,1,3d3d,3804,143,18,15,1.648618221282959
3804,1520616914.5647976,1,3d3d,3805,180,29,25,3.4248459339141846
3805,1520616914.6147995,1,3d3d,3806,200,31,27,3.2208170890808105
3806,1520616914.6648004,1,pnp,3807,191,42,35,0.8440758585929871
3807,1520616914.7148025,1,pnp,3808,138,35,31,0.8741719126701355
3808,1520616914.7648034,1,pnp,3809,145,32,25,0.9507542848587036
3809,1520616914.8148055,1,3d3d,3810,142,31,26,4.250056266784668
3810,1520616914.8648064,1,pnp,3811,129,29,26,0.8346351981163025
3811,1520616914.9160974,1,3d3d,3812,191,26,20,6.725442886352539
3812,1520616914.9660983,1,pnp,3813,172,39,32,0.8168688416481018
3813,1520616915.0161004,1,pnp,3814,173,44,35,1.0109156370162964
3814,1520616915.0661023,1,pnp,3815,199,36,32,0.7350605130195618
3815,1520616915.1161032,1,pnp,3816,198,46,41,0.770804226398468
3816,1520616915.1661055,1,pnp,3817,201,38,33,0.8058285713195801
3817,1520616915.2161074,1,pnp,3818,171,30,28,0.7172724604606628
3818,1520616915.2661085,1,pnp,3819,118,28,28,0.7885262370109558
3819,1520616915.3170671,1,pnp,3820,191,36,31,0.803576648235321
3820,1520616915.367069,1,pnp,3821,204,34,29,0.7953202128410339
3821,1520616915.41707,1,pnp,3822,192,35,30,0.6351069808006287
3822,1520616915.467071,1,pnp,3823,181,36,31,0.8337876200675964
3823,1520616915.517073,1,pnp,3824,186,32,27,0.8741394281387329
3824,1520616915.567075,1,3d3d,3825,185,29,26,3.2299575805664062
3825,1520616915.6170762,1,pnp,3826,211,32,31,0.5648811459541321
3826,1520616915.667079,1,pnp,3827,212,32,29,0.566177487373352
3827,1520616915.7176435,1,pnp,3828,191,29,28,0.9550797939300537
3828,1520616915.7676456,1,pnp,3829,176,30,28,0.7135377526283264
3829,1520616915.8176467,1,pnp,3830,183,35,30,0.7896186113357544
3830,1520616915.8676486,1,pnp,3831,188,30,27,0.6615247130393982
3831,1520616915.9176495,1,3d3d,3832,200,22,18,0.7483238577842712
3832,1520616915.9676516,1,3d3d,3833,203,17,17,1.257032871246338
3833,1520616916.0176525,1,3d3d,3834,190,28,20,1.1420446634292603
3834,1520616916.0676546,1,pnp,3835,179,29,27,0.66159987449646
3835,1520616916.1176558,1,pnp,3836,159,30,30,0.6747836470603943
3836,1520616916.1674993,1,pnp,3837,166,27,25,0.673214852809906
3837,1520616916.2175012,1,pnp,3838,162,27,25,0.8399730324745178
3838,1520616916.2675025,1,pnp,3839,176,32,29,0.7969604730606079
3839,1520616916.3175044,1,pnp,3840,202,33,29,0.9837445020675659
3840,1520616916.3675056,1,pnp,3841,219,41,32,0.7682482004165649
3841,1520616916.4175074,1,pnp,3842,202,39,35,0.8675323128700256
3842,1520616916.4675083,1,pnp,3843,221,40,37,0.8118240237236023
3843,1520616916.5175104,1,pnp,3844,237,49,40,1.0139732360839844
3844,1520616916.566381,1,pnp,3845,215,32,26,1.0912413597106934
3845,1520616916.6163828,1,pnp,3846,231,62,47,0.9951381087303162
3846,1520616916.6663847,1,pnp,3847,264,59,52,0.8620025515556335
3847,1520616916.7163858,1,pnp,3848,263,63,56,0.8980751633644104
3848,1520616916.7663877,1,pnp,3849,251,55,41,0.9663085341453552
3849,1520616916.8163898,1,pnp,3850,234,41,38,0.9667420387268066
3850,1520616916.866391,1,pnp,3851,241,41,38,0.9687085747718811
3851,1520616916.9163928,1,pnp,3852,296,44,36,0.8471590280532837
3852,1520616916.9656205,1,pnp,3853,263,47,38,0.8083819150924683
3853,1520616917.0156224,1,pnp,3854,267,52,44,0.9376239776611328
3854,1520616917.0656238,1,pnp,3855,220,46,40,1.009953498840332
3855,1520616917.1156256,1,pnp,3856,150,37,29,0.8602629899978638
3856,1520616917.1656277,1,3d3d,3857,145,36,33,4.602752685546875
3857,1520616917.2156286,1,pnp,3858,141,47,31,1.2039483785629272
3858,1520616917.2656305,1,pnp,3859,153,32,26,0.8972966074943542
3859,1520616917.3156316,1,pnp,3860,181,30,26,1.133320927619934
3860,1520616917.365026,1,pnp,3861,155,37,33,0.9578091502189636
3861,1520616917.4150267,1,pnp,3862,145,36,30,0.8937714695930481
3862,1520616917.4651277,1,pnp,3863,148,33,27,0.9166054725646973
3863,1520616917.51503,1,pnp,3864,151,35,27,0.9786989688873291
3864,1520616917.5650318,1,pnp,3865,150,44,35,0.8679163455963135
3865,1520616917.615033,1,pnp,3866,137,41,34,0.891002893447876
3866,1520616917.6650348,1,pnp,3867,157,38,31,0.871510922908783
3867,1520616917.715036,1,pnp,3868,161,47,40,0.6945797204971313
3868,1520616917.7667205,1,pnp,3869,237,34,30,0.8616078495979309
3869,1520616917.8167214,1,pnp,3870,229,37,29,0.8826969861984253
3870,1520616917.8667235,1,pnp,3871,264,35,25,0.8640556931495667
3871,1520616917.9167256,1,pnp,3872,275,45,30,0.8191787600517273
3872,1520616917.9667265,1,pnp,3873,241,41,34,0.7291862368583679
3873,1520616918.0167284,1,pnp,3874,245,42,36,0.6928486227989197
3874,1520616918.0667295,1,pnp,3875,231,42,32,0.7159740924835205
3875,1520616918.1167314,1,pnp,3876,224,41,36,0.7811347842216492
3876,1520616918.1667335,1,pnp,3877,231,38,32,0.86024409532547
3877,1520616918.2174883,1,pnp,3878,256,43,37,0.8951807022094727
3878,1520616918.2674901,1,pnp,3879,275,47,40,0.8130374550819397
3879,1520616918.3174913,1,pnp,3880,279,46,39,0.8508882522583008
3880,1520616918.3674932,1,pnp,3881,299,48,39,0.8930412530899048
3881,1520616918.4174953,1,pnp,3882,335,44,35,0.8645861744880676
3882,1520616918.4674964,1,pnp,3883,344,45,37,0.8868294954299927
3883,1520616918.5174983,1,pnp,3884,385,61,55,0.9813557267189026
3884,1520616918.5674994,1,pnp,3885,338,51,42,0.830522358417511
3885,1520616918.615233,1,pnp,3886,223,35,30,0.8565965890884399
3886,1520616918.665235,1,pnp,3887,182,41,37,0.9020954370498657
3887,1520616918.715237,1,pnp,3888,170,51,45,0.9031190872192383
3888,1520616918.765237,1,pnp,3889,198,54,44,0.9384875893592834
3889,1520616918.815239,1,pnp,3890,209,53,45,0.7650567293167114
3890,1520616918.8652399,1,pnp,3891,231,55,49,0.8854959607124329
3891,1520616918.9152422,1,pnp,3892,257,53,48,0.8157788515090942
3892,1520616918.9652429,1,pnp,3893,272,62,52,0.8923941850662231
3893,1520616919.0146012,1,pnp,3894,255,50,42,0.9660162329673767
3894,1520616919.0646036,1,pnp,3895,255,56,50,0.9113348722457886
3895,1520616919.1146846,1,pnp,3896,270,51,47,0.780101478099823
3896,1520616919.1646063,1,pnp,3897,287,63,53,1.008427381515503
3897,1520616919.2146075,1,pnp,3898,277,55,53,0.7248261570930481
3898,1520616919.2646093,1,pnp,3899,298,60,49,0.751142680644989
3899,1520616919.3146102,1,pnp,3900,292,67,56,0.8382394909858704
3900,1520616919.3646123,1,pnp,3901,315,74,61,0.8921414017677307
3901,1520616919.414171,1,pnp,3902,300,55,44,0.8816683888435364
3902,1520616919.4641728,1,pnp,3903,282,63,53,0.8174498677253723
3903,1520616919.5141747,1,pnp,3904,263,51,45,0.8132643103599548
3904,1520616919.564176,1,pnp,3905,275,52,46,0.8131699562072754
3905,1520616919.614178,1,pnp,3906,272,44,36,0.7943546772003174
3906,1520616919.6641788,1,pnp,3907,273,49,37,0.8874009847640991
3907,1520616919.714181,1,pnp,3908,314,39,30,0.8251276612281799
3908,1520616919.7641828,1,pnp,3909,270,39,32,0.78123939037323
3909,1520616919.8142018,1,pnp,3910,252,47,36,1.0250073671340942
3910,1520616919.8642042,1,pnp,3911,305,58,42,0.8279923796653748
3911,1520616919.914205,1,pnp,3912,297,60,50,0.9301593899726868
3912,1520616919.964207,1,pnp,3913,293,58,46,1.0076801776885986
3913,1520616920.014208,1,pnp,3914,250,46,40,0.9501485228538513
3914,1520616920.06421,1,pnp,3915,254,51,42,0.847995400428772
3915,1520616920.114212,1,pnp,3916,257,45,38,0.797471821308136
3916,1520616920.1642141,1,pnp,3917,271,44,34,0.9200263619422913
3917,1520616920.2148001,1,pnp,3918,306,40,31,0.859593391418457
3918,1520616920.264801,1,pnp,3919,322,51,43,0.8014660477638245
3919,1520616920.3148031,1,pnp,3920,321,47,43,0.7044201493263245
3920,1520616920.3648043,1,pnp,3921,327,51,46,0.7766414284706116
3921,1520616920.4148061,1,pnp,3922,318,51,46,0.9189469814300537
3922,1520616920.464808,1,pnp,3923,309,48,45,0.8154502511024475
3923,1520616920.5148091,1,pnp,3924,311,51,48,0.870970606803894
3924,1520616920.564811,1,pnp,3925,306,53,47,1.0079481601715088
3925,1520616920.6148121,1,pnp,3926,330,55,50,0.8344043493270874
3926,1520616920.6644511,1,pnp,3927,289,42,40,0.8544679880142212
3927,1520616920.7144523,1,pnp,3928,295,52,47,0.7969868779182434
3928,1520616920.7645123,1,pnp,3929,254,47,43,0.8290945291519165
3929,1520616920.8144555,1,pnp,3930,236,45,41,0.8470383882522583
3930,1520616920.8644574,1,pnp,3931,241,48,46,0.9262813925743103
3931,1520616920.9144592,1,pnp,3932,230,42,35,0.827170193195343
3932,1520616920.9644604,1,pnp,3933,223,48,39,0.9262616634368896
3933,1520616921.0144613,1,pnp,3934,226,41,32,0.8515916466712952
3934,1520616921.064153,1,pnp,3935,194,27,26,0.7872220277786255
3935,1520616921.1141548,1,pnp,3936,199,36,28,1.0933917760849
3936,1520616921.164156,1,pnp,3937,201,32,28,0.8880897760391235
3937,1520616921.2141578,1,pnp,3938,216,36,30,0.8298084735870361
3938,1520616921.2641587,1,pnp,3939,220,33,29,0.8690052628517151
3939,1520616921.314161,1,pnp,3940,234,37,29,1.0655149221420288
3940,1520616921.364162,1,pnp,3941,215,41,32,0.8695068955421448
3941,1520616921.4141638,1,pnp,3942,230,48,42,0.9363871216773987
3942,1520616921.4639444,1,pnp,3943,216,42,37,0.8728259801864624
3943,1520616921.5139453,1,pnp,3944,221,30,25,1.1081303358078003
3944,1520616921.5639477,1,pnp,3945,215,38,30,0.7747693657875061
3945,1520616921.6139486,1,3d3d,3946,185,30,21,2.7821834087371826
3946,1520616921.6639507,1,pnp,3947,190,41,34,0.9432527422904968
3947,1520616921.7139525,1,pnp,3948,185,36,29,1.023411512374878
3948,1520616921.7639546,1,pnp,3949,194,35,33,0.9711169600486755
3949,1520616921.8139558,1,pnp,3950,199,34,30,0.7792672514915466
3950,1520616921.8641322,1,pnp,3951,247,42,37,0.9270773530006409
3951,1520616921.914133,1,pnp,3952,247,31,29,0.8449358344078064
3952,1520616921.964134,1,pnp,3953,251,36,29,0.7571168541908264
3953,1520616922.014136,1,pnp,3954,248,37,31,0.8301867246627808
3954,1520616922.0641382,1,pnp,3955,298,35,31,0.6404324173927307
3955,1520616922.114139,1,pnp,3956,297,33,31,0.6114699840545654
3956,1520616922.1641412,1,pnp,3957,335,41,36,0.9178500771522522
3957,1520616922.214143,1,pnp,3958,304,41,38,0.7655381560325623
3958,1520616922.2647283,1,pnp,3959,430,52,43,0.8857291340827942
3959,1520616922.3147292,1,pnp,3960,400,63,53,0.9576997756958008
3960,1520616922.3647316,1,pnp,3961,421,59,50,0.8086894750595093
3961,1520616922.4147744,1,pnp,3962,436,63,48,0.935260534286499
3962,1520616922.4647343,1,pnp,3963,363,47,42,0.8664418458938599
3963,1520616922.5147355,1,pnp,3964,348,41,37,0.9816311001777649
3964,1520616922.5647373,1,pnp,3965,309,46,33,0.7826076149940491
3965,1520616922.6147382,1,pnp,3966,343,39,34,0.8711814880371094
3966,1520616922.6649194,1,pnp,3967,393,48,37,0.9531093835830688
3967,1520616922.7149212,1,pnp,3968,358,59,49,0.8105414509773254
3968,1520616922.7649221,1,pnp,3969,393,56,48,0.8982745409011841
3969,1520616922.8149245,1,pnp,3970,432,53,40,0.9199398756027222
3970,1520616922.8649254,1,pnp,3971,438,59,41,0.7509931325912476
3971,1520616922.9149272,1,pnp,3972,436,70,54,0.9962925314903259
3972,1520616922.9649284,1,pnp,3973,441,55,48,0.8544630408287048
3973,1520616923.0149302,1,pnp,3974,322,54,43,0.9207332134246826
3974,1520616923.064932,1,pnp,3975,275,52,38,1.020159125328064
3975,1520616923.1146579,1,pnp,3976,246,47,37,0.9227158427238464
3976,1520616923.1646597,1,pnp,3977,230,42,32,0.9077563285827637
3977,1520616923.214661,1,pnp,3978,218,42,36,0.9273532629013062
3978,1520616923.264663,1,pnp,3979,208,39,33,0.736924409866333
3979,1520616923.314664,1,pnp,3980,233,37,33,0.8501404523849487
3980,1520616923.364666,1,pnp,3981,203,36,30,0.6863574385643005
3981,1520616923.4146678,1,pnp,3982,188,34,29,0.7535752058029175
3982,1520616923.4646688,1,pnp,3983,181,31,27,0.9927537441253662
3983,1520616923.5150528,1,pnp,3984,243,39,31,0.8930716514587402
3984,1520616923.5650551,1,pnp,3985,197,34,32,0.8322738409042358
3985,1520616923.615056,1,pnp,3986,200,37,35,0.8592515587806702
3986,1520616923.665058,1,pnp,3987,237,45,39,0.805259644985199
3987,1520616923.7150621,1,pnp,3988,234,43,33,0.7669723629951477
3988,1520616923.765061,1,pnp,3989,245,50,41,0.826816976070404
3989,1520616923.815062,1,pnp,3990,248,36,29,0.5900155901908875
3990,1520616923.8650641,1,pnp,3991,246,34,26,0.9186193346977234
3991,1520616923.9147215,1,pnp,3992,203,32,27,0.7489310503005981
3992,1520616923.9647233,1,pnp,3993,194,42,31,0.8321740031242371
3993,1520616924.0147245,1,pnp,3994,174,41,32,1.1044020652770996
3994,1520616924.0647454,1,pnp,3995,165,33,29,0.7595227956771851
3995,1520616924.1147273,1,pnp,3996,169,33,28,0.6917378902435303
3996,1520616924.1647294,1,3d3d,3997,160,27,25,1.532823085784912
3997,1520616924.2147303,1,pnp,3998,158,36,33,0.8067242503166199
3998,1520616924.2647324,1,pnp,3999,170,35,31,0.8331525325775146
3999,1520616924.3145015,1,3d3d,4000,149,23,20,2.4542834758758545
4000,1520616924.3645024,1,pnp,4001,158,30,27,0.7379356622695923
4001,1520616924.4145045,1,pnp,4002,148,36,29,0.961621880531311
4002,1520616924.4645054,1,3d3d,4003,122,27,17,1.5706617832183838
4003,1520616924.5145073,1,3d3d,4004,118,21,15,1.5413366556167603
4004,1520616924.5645084,1,pnp,4005,127,30,29,0.8814584016799927
4005,1520616924.6145105,1,pnp,4006,149,31,29,0.8085281252861023
4006,1520616924.6645124,1,pnp,4007,149,42,36,0.9686962366104126
4007,1520616924.7144191,1,pnp,4008,149,42,36,0.9027659296989441
4008,1520616924.7644212,1,3d3d,4009,138,29,29,2.5336954593658447
4009,1520616924.8144221,1,pnp,4010,128,37,34,0.7460706233978271
4010,1520616924.864424,1,pnp,4011,123,39,36,0.8061057329177856
4011,1520616924.9144251,1,3d3d,4012,99,24,22,1.8699963092803955
4012,1520616924.964427,1,3d3d,4013,93,23,20,0.721271812915802
4013,1520616925.014428,1,pnp,4014,99,29,27,0.8036106824874878
4014,1520616925.0644302,1,pnp,4015,99,26,26,0.7712368369102478
4015,1520616925.1143718,1,pnp,4016,103,30,28,0.8767939805984497
4016,1520616925.164939,1,pnp,4017,161,32,29,0.7924670577049255
4017,1520616925.2149398,1,pnp,4018,185,41,34,0.756341814994812
4018,1520616925.264942,1,pnp,4019,182,43,37,0.7730502486228943
4019,1520616925.3149428,1,pnp,4020,162,37,31,0.7138437032699585
4020,1520616925.3649437,1,pnp,4021,116,41,37,0.7671564817428589
4021,1520616925.4149458,1,pnp,4022,106,37,31,0.9677380919456482
4022,1520616925.4649477,1,pnp,4023,116,31,25,0.9108219146728516
4023,1520616925.5149486,1,3d3d,4024,134,28,28,2.6648573875427246
4024,1520616925.5657218,1,3d3d,4025,190,26,22,2.524080991744995
4025,1520616925.615723,1,3d3d,4026,117,24,22,1.3125755786895752
4026,1520616925.6657248,1,pnp,4027,114,33,28,0.9150923490524292
4027,1520616925.7157257,1,pnp,4028,109,33,27,0.8231542110443115
4028,1520616925.7657278,1,pnp,4029,96,29,26,1.045772671699524
4029,1520616925.8157287,1,3d3d,4030,74,15,15,1.947980523109436
4030,1520616925.8657308,1,pnp+dense-dense,4031,153,26,21,0.8950756192207336
4031,1520616925.9157329,1,pnp+primary-dense,4032,154,27,24,0.9470697641372681
4032,1520616925.9660182,1,3d3d,4033,74,15,15,1.6936737298965454
4033,1520616926.0160203,1,3d3d,4034,83,18,18,1.0318607091903687
4034,1520616926.0660212,1,3d3d,4035,81,16,15,1.9237881898880005
4035,1520616926.116023,1,pnp+dense-dense,4036,320,45,36,0.9072826504707336
4036,1520616926.1660242,1,pnp,4037,100,29,26,0.8987541198730469
4037,1520616926.2160263,1,pnp,4038,111,31,26,0.9020780920982361
4038,1520616926.2660282,1,pnp,4039,122,35,27,0.822368860244751
4039,1520616926.3160293,1,pnp,4040,147,34,32,0.841680645942688
4040,1520616926.3659017,1,3d3d,4041,135,26,22,1.5603734254837036
4041,1520616926.4159029,1,pnp,4042,161,37,35,0.9034677147865295
4042,1520616926.4659047,1,3d3d,4043,165,23,17,2.783562183380127
4043,1520616926.5159059,1,3d3d,4044,171,25,16,1.6351027488708496
4044,1520616926.5659077,1,3d3d,4045,190,28,17,1.7074944972991943
4045,1520616926.6159086,1,pnp,4046,163,31,27,0.8985312581062317
4046,1520616926.665911,1,pnp,4047,145,28,25,0.7514857053756714
4047,1520616926.7159128,1,pnp,4048,125,32,27,1.0716995000839233
4048,1520616926.7676826,1,pnp+dense-dense,4049,444,41,34,0.9749504327774048
4049,1520616926.8176847,1,pnp,4050,202,34,27,0.9731160998344421
4050,1520616926.8676867,1,pnp,4051,179,30,26,0.9183324575424194
4051,1520616926.9176877,1,pnp+dense-dense,4052,327,41,29,1.026901125907898
4052,1520616926.9676895,1,pnp+primary-dense,4053,251,29,25,1.2210655212402344
4053,1520616927.0176907,1,pnp+primary-dense,4054,248,30,27,0.9284510612487793
4054,1520616927.0676928,1,pnp+primary-dense,4055,319,50,43,0.9175042510032654
4055,1520616927.117694,1,pnp+primary-dense,4056,436,55,46,0.8061768412590027
4056,1520616927.1729076,1,pnp,4057,333,40,32,0.9267245531082153
4057,1520616927.2229095,1,pnp,4058,349,57,47,0.8442947864532471
4058,1520616927.2729104,1,pnp,4059,401,62,48,0.9170332551002502
4059,1520616927.3229127,1,pnp,4060,404,57,44,0.8852343559265137
4060,1520616927.3729136,1,pnp,4061,442,60,48,0.9136317372322083
4061,1520616927.4229147,1,pnp,4062,440,47,33,0.9081026315689087
4062,1520616927.4729166,1,pnp,4063,434,63,47,0.9886699914932251
4063,1520616927.5229185,1,pnp,4064,402,73,50,0.8793270587921143
4064,1520616927.5729196,1,pnp,4065,373,58,48,0.7866640686988831
4065,1520616927.6229215,1,pnp,4066,383,63,50,0.8711307048797607
4066,1520616927.6729224,1,pnp,4067,396,70,55,0.8329975605010986
4067,1520616927.7229247,1,pnp,4068,417,73,59,0.9747396111488342
4068,1520616927.7729256,1,pnp,4069,397,71,62,0.9250508546829224
4069,1520616927.8229275,1,pnp,4070,371,59,49,0.8593325614929199
4070,1520616927.8729296,1,pnp,4071,385,58,45,0.859513521194458
4071,1520616927.9229305,1,pnp,4072,347,66,55,0.9207161068916321
4072,1520616927.9729323,1,pnp,4073,341,70,62,0.8588498830795288
4073,1520616928.0229335,1,pnp,4074,385,72,62,0.8644072413444519
4074,1520616928.0729356,1,pnp,4075,385,65,50,1.0057661533355713
4075,1520616928.1229367,1,pnp,4076,398,62,51,0.9020450711250305
4076,1520616928.1729386,1,pnp,4077,401,62,43,0.8952972888946533
4077,1520616928.2229404,1,pnp,4078,390,56,36,0.9560897946357727
4078,1520616928.2729416,1,pnp,4079,378,57,39,1.1145776510238647
4079,1520616928.3229437,1,pnp,4080,336,50,32,1.095018744468689
4080,1520616928.3729455,1,pnp,4081,304,57,39,0.9514660835266113
4081,1520616928.4183197,1,3d3d,4082,245,26,17,3.401235818862915
4082,1520616928.4683208,1,pnp,4083,270,53,33,0.9517636299133301
4083,1520616928.5183227,1,pnp,4084,280,54,38,0.6773056387901306
4084,1520616928.5683248,1,pnp,4085,278,60,47,0.8806157112121582
4085,1520616928.618326,1,pnp,4086,299,66,51,0.8076555132865906
4086,1520616928.6683278,1,pnp,4087,348,73,59,0.9220437407493591
4087,1520616928.7183287,1,pnp,4088,359,79,62,0.7853773236274719
4088,1520616928.7683308,1,pnp,4089,388,68,56,0.9732761979103088
4089,1520616928.8161228,1,pnp,4090,398,42,36,0.9160560369491577
4090,1520616928.8661249,1,pnp,4091,379,65,51,0.9865434765815735
4091,1520616928.9161267,1,pnp,4092,390,59,41,0.9606068134307861
4092,1520616928.9661276,1,pnp,4093,353,61,50,0.9641509056091309
4093,1520616929.0161288,1,pnp,4094,330,68,56,0.8956827521324158
4094,1520616929.0662358,1,pnp,4095,361,69,59,0.9461515545845032
4095,1520616929.1161327,1,pnp,4096,371,71,60,0.8218979835510254
4096,1520616929.1661339,1,pnp,4097,341,61,50,1.0815637111663818
4097,1520616929.21528,1,pnp,4098,268,37,33,0.8539110422134399
4098,1520616929.265281,1,pnp,4099,229,44,43,0.7546334862709045
4099,1520616929.3152828,1,pnp,4100,237,48,44,0.7348233461380005
4100,1520616929.365284,1,pnp,4101,260,46,42,0.7879981994628906
4101,1520616929.4152858,1,pnp,4102,270,53,51,0.7139022946357727
4102,1520616929.4652877,1,pnp,4103,313,66,62,0.8488922119140625
4103,1520616929.5152888,1,pnp,4104,297,69,62,0.7943829298019409
4104,1520616929.565291,1,pnp,4105,304,70,62,0.8897383809089661
4105,1520616929.6145246,1,pnp,4106,243,46,40,0.8483605980873108
4106,1520616929.6645265,1,pnp,4107,271,58,49,0.8292198181152344
4107,1520616929.7145276,1,pnp,4108,244,56,48,0.8110753297805786
4108,1520616929.7645295,1,pnp,4109,228,57,49,0.9446019530296326
4109,1520616929.8145306,1,pnp,4110,238,51,45,0.6928099989891052
4110,1520616929.8645325,1,pnp,4111,241,54,48,0.848949670791626
4111,1520616929.9145346,1,pnp,4112,235,53,48,0.7458713054656982
4112,1520616929.9645357,1,pnp,4113,238,44,37,0.8370543718338013
4113,1520616930.0145376,1,pnp,4114,229,44,42,0.8907193541526794
4114,1520616930.0641718,1,pnp,4115,175,33,30,0.7559922933578491
4115,1520616930.1141727,1,pnp,4116,155,39,34,0.7331352829933167
4116,1520616930.164175,1,pnp,4117,170,35,30,0.6715955138206482
4117,1520616930.214176,1,pnp,4118,177,37,35,0.7073827981948853
4118,1520616930.2641778,1,pnp,4119,146,45,39,0.9136039018630981
4119,1520616930.31418,1,pnp,4120,111,37,34,0.7651669979095459
4120,1520616930.3641808,1,pnp,4121,102,28,28,0.7400869131088257
4121,1520616930.414183,1,3d3d,4122,95,26,25,1.039391040802002
4122,1520616930.464093,1,3d3d,4123,92,19,19,1.2331159114837646
4123,1520616930.514094,1,3d3d,4124,102,20,18,1.8237035274505615
4124,1520616930.5640962,1,pnp,4125,110,30,26,0.8986386060714722
4125,1520616930.614098,1,3d3d,4126,109,25,23,3.5208234786987305
4126,1520616930.6640992,1,pnp,4127,99,31,29,0.7718361616134644
4127,1520616930.714184,1,3d3d,4128,101,22,22,1.6081442832946777
4128,1520616930.7641022,1,3d3d,4129,114,17,17,2.350525379180908
4129,1520616930.814104,1,3d3d,4130,130,18,17,1.80997633934021
4130,1520616930.864392,1,3d3d,4131,181,15,15,1.5867217779159546
4131,1520616930.914394,1,3d3d,4132,121,22,20,2.0194811820983887
4132,1520616930.964395,1,3d3d,4133,107,17,16,2.0973808765411377
4133,1520616931.014397,1,pnp+dense-dense,4134,210,31,28,0.7928088307380676
4134,1520616931.064399,1,pnp,4135,99,30,28,0.7466851472854614
4135,1520616931.1144001,1,3d3d,4136,100,25,20,1.800008773803711
4136,1520616931.164402,1,3d3d,4137,98,18,17,1.4782524108886719
4137,1520616931.214403,1,3d3d,4138,110,16,16,1.5096291303634644
4138,1520616931.2652156,1,3d3d,4139,185,16,16,2.548933267593384
4139,1520616931.3152168,1,3d3d,4140,175,26,25,1.6879459619522095
4140,1520616931.3652186,1,pnp,4141,175,30,29,0.7674162983894348
4141,1520616931.4152198,1,pnp,4142,174,43,39,0.6918050050735474
4142,1520616931.4652216,1,pnp,4143,162,45,40,0.7531249523162842
4143,1520616931.5152237,1,pnp,4144,147,47,39,0.8659462332725525
4144,1520616931.565225,1,pnp,4145,128,41,39,0.902360200881958
4145,1520616931.6152267,1,pnp,4146,123,36,31,0.7540603280067444
4146,1520616931.666055,1,3d3d,4147,187,25,25,1.4352974891662598
4147,1520616931.716056,1,pnp,4148,174,30,25,0.7987656593322754
4148,1520616931.766058,1,pnp,4149,159,36,30,0.8876858949661255
4149,1520616931.81606,1,pnp,4150,166,41,36,0.9617870450019836
4150,1520616931.8660612,1,pnp,4151,185,30,25,0.7813659310340881
4151,1520616931.916063,1,pnp,4152,171,47,40,0.9259138107299805
4152,1520616931.966064,1,pnp,4153,178,36,29,0.9660446643829346
4153,1520616932.0160651,1,pnp,4154,213,36,30,0.9043577909469604
4154,1520616932.0664856,1,3d3d,4155,217,34,33,2.7149786949157715
4155,1520616932.1164875,1,pnp,4156,216,36,26,1.174333930015564
4156,1520616932.1664884,1,pnp,4157,223,35,25,1.0000395774841309
4157,1520616932.2164896,1,pnp,4158,221,36,29,1.1377302408218384
4158,1520616932.2664914,1,pnp,4159,263,33,27,0.9529837369918823
4159,1520616932.3164935,1,3d3d,4160,216,23,20,1.5586881637573242
4160,1520616932.3665535,1,3d3d,4161,188,25,22,2.7340452671051025
4161,1520616932.4164965,1,3d3d,4162,196,25,25,3.4184939861297607
4162,1520616932.4664977,1,pnp,4163,179,31,30,1.0072253942489624
4163,1520616932.516466,1,pnp,4164,174,42,34,0.9004219770431519
4164,1520616932.5664668,1,pnp,4165,161,36,31,0.8720965385437012
4165,1520616932.616469,1,3d3d,4166,181,24,22,1.7559114694595337
4166,1520616932.666471,1,pnp,4167,211,33,30,0.8293430209159851
4167,1520616932.716472,1,pnp,4168,254,36,29,0.8518393039703369
4168,1520616932.7664738,1,pnp,4169,279,40,36,0.8364154696464539
4169,1520616932.816475,1,pnp,4170,293,54,41,0.8816651701927185
4170,1520616932.866477,1,pnp,4171,301,53,48,0.7045633792877197
4171,1520616932.9157436,1,pnp,4172,263,43,36,0.8427372574806213
4172,1520616932.9657454,1,pnp,4173,264,43,36,0.8905887007713318
4173,1520616933.0157464,1,pnp,4174,289,54,47,0.8737555742263794
4174,1520616933.0657487,1,pnp,4175,304,54,47,0.9901745319366455
4175,1520616933.1157506,1,pnp,4176,321,49,40,0.928870677947998
4176,1520616933.1657515,1,pnp,4177,286,52,46,0.8549182415008545
4177,1520616933.2157536,1,pnp,4178,261,38,35,1.0190691947937012
4178,1520616933.2657545,1,pnp,4179,253,48,41,0.8129327297210693
4179,1520616933.3149133,1,pnp,4180,208,43,36,0.9211892485618591
4180,1520616933.3649154,1,pnp,4181,223,46,40,0.8752830624580383
4181,1520616933.4149172,1,pnp,4182,241,48,43,0.7830857634544373
4182,1520616933.4649184,1,pnp,4183,288,46,40,0.8386002779006958
4183,1520616933.5149202,1,pnp,4184,275,44,40,0.8867241740226746
4184,1520616933.5649211,1,pnp,4185,241,57,52,0.9198410511016846
4185,1520616933.6149235,1,pnp,4186,229,48,41,0.892279326915741
4186,1520616933.6649241,1,pnp,4187,227,50,41,0.9556746482849121
4187,1520616933.7144372,1,3d3d,4188,92,28,26,1.5271275043487549
4188,1520616933.7644382,1,pnp,4189,110,36,32,0.9091259241104126
4189,1520616933.8144393,1,pnp,4190,132,41,34,0.695980966091156
4190,1520616933.8644412,1,pnp,4191,148,37,31,0.7657933235168457
4191,1520616933.914443,1,pnp,4192,150,38,31,0.7316924929618835
4192,1520616933.9644442,1,pnp,4193,165,34,28,1.0206860303878784
4193,1520616934.0144842,1,3d3d,4194,167,27,24,2.9571855068206787
4194,1520616934.0644472,1,3d3d,4195,144,23,22,1.951048731803894
4195,1520616934.1146216,1,3d3d,4196,164,22,21,4.347576141357422
4196,1520616934.1646228,1,pnp,4197,155,36,35,0.7886602878570557
4197,1520616934.2146246,1,3d3d,4198,124,19,19,1.5335952043533325
4198,1520616934.2646265,1,3d3d,4199,134,21,21,3.7566747665405273
4199,1520616934.3146276,1,3d3d,4200,134,23,20,3.5864696502685547
4200,1520616934.3646295,1,pnp,4201,126,28,25,0.8417103886604309
4201,1520616934.4146304,1,pnp,4202,131,34,30,0.690896213054657
4202,1520616934.4646327,1,3d3d,4203,132,23,23,2.2554681301116943
4203,1520616934.5146337,1,3d3d,4204,133,25,24,2.5679585933685303
4204,1520616934.566386,1,3d3d,4205,305,27,25,1.3254437446594238
4205,1520616934.616387,1,pnp,4206,358,48,39,0.7238462567329407
4206,1520616934.6663888,1,pnp,4207,382,37,32,0.8474910855293274
4207,1520616934.716391,1,pnp,4208,319,38,33,0.8613929152488708
4208,1520616934.766392,1,pnp,4209,363,52,42,0.9955744743347168
4209,1520616934.8163939,1,pnp,4210,343,66,58,1.008389949798584
4210,1520616934.866395,1,pnp,4211,379,61,51,0.9526197910308838
4211,1520616934.9163969,1,pnp,4212,395,51,37,1.0240803956985474
4212,1520616934.9670005,1,pnp,4213,389,50,41,0.9353880882263184
4213,1520616935.0170023,1,pnp,4214,351,59,46,1.0232632160186768
4214,1520616935.0670035,1,pnp,4215,291,53,42,0.9919570684432983
4215,1520616935.1170053,1,pnp,4216,243,39,35,0.7608773708343506
4216,1520616935.1670065,1,pnp,4217,213,37,35,0.8451398015022278
4217,1520616935.2170086,1,pnp,4218,233,39,38,0.8935636281967163
4218,1520616935.2670093,1,pnp,4219,239,39,36,0.9574571847915649
4219,1520616935.3170116,1,pnp,4220,232,51,50,0.770371675491333
4220,1520616935.3666785,1,pnp,4221,205,34,31,0.8526962995529175
4221,1520616935.4166803,1,pnp,4222,192,36,34,0.8095186352729797
4222,1520616935.4666815,1,pnp,4223,196,32,30,0.8491441011428833
4223,1520616935.5166833,1,pnp,4224,207,52,51,0.725227952003479
4224,1520616935.5666842,1,pnp,4225,208,52,44,0.796836256980896
4225,1520616935.6166863,1,pnp,4226,213,47,42,0.780249297618866
4226,1520616935.6667013,1,pnp,4227,194,43,40,0.815351128578186
4227,1520616935.7166893,1,pnp,4228,177,31,28,0.8858855962753296
4228,1520616935.765533,1,3d3d,4229,172,26,20,2.9248340129852295
4229,1520616935.8155348,1,pnp,4230,182,35,30,0.9603238105773926
4230,1520616935.865537,1,pnp,4231,207,41,31,1.035185694694519
4231,1520616935.915538,1,pnp,4232,208,35,32,0.8958927989006042
4232,1520616935.96554,1,pnp,4233,210,38,29,0.845993161201477
4233,1520616936.0155408,1,pnp,4234,187,39,33,0.8212724924087524
4234,1520616936.065543,1,pnp,4235,132,34,30,0.8757971525192261
4235,1520616936.1155438,1,3d3d,4236,111,28,28,1.7917159795761108
4236,1520616936.1650927,1,3d3d,4237,48,16,16,1.2988009452819824
4237,1520616936.2150936,1,pnp+dense-dense,4238,224,47,38,0.9504852890968323
4238,1520616936.2650955,1,pnp+primary-dense,4239,216,52,37,1.0570731163024902
4239,1520616936.3150978,1,pnp+primary-dense,4240,221,46,41,0.9355139136314392
4240,1520616936.3650985,1,pnp+primary-dense,4241,162,42,37,0.8956442475318909
4241,1520616936.4151006,1,pnp+primary-dense,4242,106,38,32,0.8493104577064514
4242,1520616936.4651017,1,3d3d+primary-dense,4243,66,18,17,7.348272323608398
4243,1520616936.5151036,1,3d3d+primary-dense,4244,39,14,13,1.2815834283828735
4244,1520616936.5705252,1,3d3d+primary-dense,4245,284,15,14,0.9774013161659241
4245,1520616936.6205273,1,pnp,4246,113,37,33,0.8661865592002869
4246,1520616936.6705291,1,3d3d,4247,115,24,21,2.1822781562805176
4247,1520616936.7205312,1,pnp,4248,129,31,26,0.9398594498634338
4248,1520616936.7705321,1,3d3d,4249,117,30,29,3.0399861335754395
4249,1520616936.8205342,1,3d3d,4250,102,23,21,4.377625465393066
4250,1520616936.8705354,1,3d3d,4251,111,18,17,5.258657932281494
4251,1520616936.9205372,1,pnp+dense-dense,4252,329,47,35,0.8969461917877197
4252,1520616936.9705381,1,pnp+primary-dense,4253,281,45,35,0.8636849522590637
4253,1520616937.0232155,1,pnp+primary-dense,4254,355,34,31,0.7601698040962219
4254,1520616937.0732167,1,pnp+primary-dense,4255,360,42,29,0.6241483688354492
4255,1520616937.1232185,1,3d3d,4256,180,26,20,4.506031513214111
4256,1520616937.1732194,1,pnp,4257,193,27,26,0.7368003726005554
4257,1520616937.2232215,1,pnp,4258,246,33,31,0.7387317419052124
4258,1520616937.2732234,1,pnp,4259,284,38,34,0.6646535396575928
4259,1520616937.3232255,1,pnp,4260,357,52,50,0.7050315141677856
4260,1520616937.3732255,1,pnp,4261,402,55,52,0.7868651747703552
4261,1520616937.4232275,1,pnp,4262,410,63,50,0.8973788619041443
4262,1520616937.4732296,1,pnp,4263,439,65,58,0.8715094327926636
4263,1520616937.5232306,1,pnp,4264,414,67,59,0.9697215557098389
4264,1520616937.5732324,1,pnp,4265,434,82,70,0.838036835193634
4265,1520616937.6232336,1,pnp,4266,417,86,83,0.8204473257064819
4266,1520616937.6732357,1,pnp,4267,389,73,65,0.8609850406646729
4267,1520616937.7232366,1,pnp,4268,386,64,58,0.8858384490013123
4268,1520616937.7732387,1,pnp,4269,365,76,71,0.8387082815170288
4269,1520616937.8232396,1,pnp,4270,379,77,72,0.7968750596046448
4270,1520616937.8732414,1,pnp,4271,386,78,69,0.7437592148780823
4271,1520616937.9232435,1,pnp,4272,368,75,57,0.918825626373291
4272,1520616937.9732444,1,pnp,4273,371,78,69,0.8128247857093811
4273,1520616938.0232465,1,pnp,4274,370,68,61,0.8417396545410156
4274,1520616938.0732486,1,pnp,4275,341,69,62,0.9564764499664307
4275,1520616938.1232495,1,pnp,4276,307,67,57,0.9471142888069153
4276,1520616938.1732507,1,pnp,4277,308,50,41,0.7755990028381348
4277,1520616938.2232525,1,pnp,4278,297,63,52,0.9771623611450195
4278,1520616938.2732544,1,pnp,4279,331,60,51,0.890720546245575
4279,1520616938.3232555,1,pnp,4280,280,61,48,0.8642488718032837
4280,1520616938.3732576,1,pnp,4281,236,50,47,0.9250802993774414
4281,1520616938.4232595,1,pnp,4282,211,49,41,0.8194188475608826
4282,1520616938.4732606,1,pnp,4283,204,35,31,0.923366904258728
4283,1520616938.5232625,1,pnp,4284,227,44,42,0.77726811170578
4284,1520616938.5732634,1,pnp,4285,193,29,25,1.0497461557388306
4285,1520616938.6232646,1,3d3d,4286,217,25,15,0.972711443901062
4286,1520616938.6732664,1,3d3d,4287,195,24,16,1.5131194591522217
4287,1520616938.7232685,1,pnp,4288,194,35,25,1.0419342517852783
4288,1520616938.7732706,1,pnp,4289,196,43,36,0.8819011449813843
4289,1520616938.8232715,1,pnp,4290,199,42,38,1.1069563627243042
4290,1520616938.8732755,1,pnp,4291,184,32,28,1.005334734916687
4291,1520616938.9232745,1,pnp,4292,170,30,26,0.956804096698761
4292,1520616938.9732766,1,3d3d,4293,178,28,22,1.2754325866699219
4293,1520616939.0232778,1,pnp,4294,178,28,25,0.8905538320541382
4294,1520616939.0732796,1,3d3d,4295,192,25,21,1.8242236375808716
4295,1520616939.1232805,1,3d3d,4296,182,27,17,1.6026856899261475
4296,1520616939.1732826,1,3d3d,4297,183,27,17,2.0939595699310303
4297,1520616939.2232835,1,pnp,4298,202,34,29,0.7641622424125671
4298,1520616939.2732854,1,pnp,4299,213,49,44,0.8965514898300171
4299,1520616939.3232865,1,pnp,4300,216,57,48,0.9197308421134949
4300,1520616939.3732886,1,pnp,4301,232,47,38,0.8620917797088623
4301,1520616939.4232895,1,pnp,4302,254,53,48,0.8135054707527161
4302,1520616939.4732916,1,pnp,4303,238,51,48,0.9867445230484009
4303,1520616939.5232935,1,pnp,4304,241,48,39,0.9711047410964966
4304,1520616939.5732944,1,pnp,4305,252,35,32,0.9036715030670166
4305,1520616939.6232965,1,pnp,4306,235,46,38,0.8857322335243225
4306,1520616939.6732986,1,pnp,4307,234,38,31,0.8650323152542114
4307,1520616939.7232995,1,pnp,4308,231,32,25,0.8420175313949585
4308,1520616939.7733006,1,pnp,4309,220,36,32,0.8496178984642029
4309,1520616939.8233025,1,pnp,4310,223,33,25,0.8112543821334839
4310,1520616939.8712814,1,pnp,4311,189,38,33,0.9276043176651001
4311,1520616939.9212823,1,pnp,4312,178,31,29,0.6621212959289551
4312,1520616939.9712846,1,pnp,4313,177,43,39,0.8132897615432739
4313,1520616940.0212865,1,pnp,4314,190,43,36,0.7336819171905518
4314,1520616940.0712874,1,pnp,4315,196,36,31,0.900128960609436
4315,1520616940.1212895,1,pnp,4316,209,38,36,0.8995521068572998
4316,1520616940.1712916,1,pnp,4317,204,33,28,0.8632044792175293
4317,1520616940.2212925,1,pnp,4318,181,30,28,0.7969566583633423
4318,1520616940.2684734,1,pnp,4319,178,36,33,0.964313268661499
4319,1520616940.3184743,1,pnp,4320,174,48,43,0.9372071027755737
4320,1520616940.3684762,1,pnp,4321,187,52,47,0.8282822966575623
4321,1520616940.4184773,1,pnp,4322,184,49,44,0.8708605170249939
4322,1520616940.4684782,1,pnp,4323,186,53,49,0.8307400941848755
4323,1520616940.5184803,1,pnp,4324,207,43,39,0.6766782999038696
4324,1520616940.5684824,1,pnp,4325,209,38,32,0.7956101894378662
4325,1520616940.6184833,1,pnp,4326,210,33,29,0.7570924162864685
4326,1520616940.6672392,1,pnp,4327,201,40,38,0.7428755760192871
4327,1520616940.717152,1,pnp,4328,213,47,43,0.7914108037948608
4328,1520616940.7671542,1,pnp,4329,218,47,39,0.9257504343986511
4329,1520616940.8171551,1,pnp,4330,220,38,35,0.8235303163528442
4330,1520616940.867157,1,pnp,4331,243,44,39,0.8132106065750122
4331,1520616940.9171581,1,pnp,4332,275,56,43,0.6903170943260193
4332,1520616940.9671602,1,pnp,4333,277,44,36,0.8609854578971863
4333,1520616941.0171611,1,pnp,4334,268,51,44,0.8828527927398682
4334,1520616941.0661492,1,pnp,4335,258,42,31,0.8908163905143738
4335,1520616941.1161513,1,pnp,4336,253,49,39,0.9270642995834351
4336,1520616941.1661522,1,pnp,4337,252,40,33,0.7788691520690918
4337,1520616941.216154,1,pnp,4338,270,50,39,0.9167688488960266
4338,1520616941.2661552,1,pnp,4339,270,51,39,0.9971350431442261
4339,1520616941.3161573,1,pnp,4340,247,38,33,0.8688417673110962
4340,1520616941.3661594,1,pnp,4341,243,62,50,1.0282905101776123
4341,1520616941.4161603,1,pnp,4342,229,39,29,1.0349878072738647
4342,1520616941.4661622,1,pnp,4343,217,50,40,0.9182518124580383
4343,1520616941.515747,1,pnp,4344,185,47,40,0.8553677797317505
4344,1520616941.5657492,1,pnp,4345,193,41,30,0.9881695508956909
4345,1520616941.6157503,1,pnp,4346,197,39,30,0.9301502704620361
4346,1520616941.6657522,1,pnp,4347,169,40,30,0.9225489497184753
4347,1520616941.715754,1,pnp,4348,152,38,33,0.7941778302192688
4348,1520616941.765756,1,3d3d,4349,180,28,21,2.1397407054901123
4349,1520616941.815757,1,pnp,4350,179,31,28,0.8605433106422424
4350,1520616941.8657591,1,pnp,4351,169,34,29,0.9554194211959839
4351,1520616941.9160652,1,pnp,4352,228,51,39,0.8598036170005798
4352,1520616941.9660661,1,pnp,4353,270,59,49,0.8035805225372314
4353,1520616942.016068,1,pnp,4354,245,60,51,0.7909314036369324
4354,1520616942.06607,1,pnp,4355,233,49,45,0.8119853734970093
4355,1520616942.116071,1,pnp,4356,278,47,44,0.9615336060523987
4356,1520616942.1660728,1,pnp,4357,256,53,48,1.0314111709594727
4357,1520616942.2160761,1,pnp,4358,264,47,38,0.9894675612449646
4358,1520616942.266076,1,pnp,4359,309,56,46,0.9828469753265381
4359,1520616942.31745,1,pnp,4360,331,52,40,0.7497376799583435
4360,1520616942.3673902,1,pnp,4361,335,66,54,0.7779715061187744
4361,1520616942.417391,1,pnp,4362,356,56,47,0.9579381942749023
4362,1520616942.4673932,1,pnp,4363,349,65,52,0.9675441980361938
4363,1520616942.517394,1,pnp,4364,325,65,51,0.8605821132659912
4364,1520616942.567396,1,pnp,4365,332,69,58,1.0194798707962036
4365,1520616942.617397,1,pnp,4366,332,62,50,0.9579693675041199
4366,1520616942.667399,1,pnp,4367,329,57,47,0.9005837440490723
4367,1520616942.7167125,1,pnp,4368,299,56,48,0.9026049971580505
4368,1520616942.7667134,1,pnp,4369,299,56,47,0.8073146939277649
4369,1520616942.8167157,1,pnp,4370,291,63,54,0.9235727787017822
4370,1520616942.8667166,1,pnp,4371,292,75,61,0.968942403793335
4371,1520616942.9167185,1,pnp,4372,302,48,34,0.868431806564331
4372,1520616942.9667196,1,pnp,4373,190,31,28,0.801602840423584
4373,1520616943.0167215,1,3d3d,4374,190,27,24,2.175893783569336
4374,1520616943.0667233,1,pnp,4375,178,36,34,0.9396410584449768
4375,1520616943.1173067,1,pnp,4376,239,34,31,0.8215733766555786
4376,1520616943.1673088,1,pnp,4377,270,39,35,0.8769022226333618
4377,1520616943.2173097,1,pnp,4378,321,46,43,0.8601049184799194
4378,1520616943.2673118,1,pnp,4379,333,33,31,0.8206582069396973
4379,1520616943.317314,1,pnp,4380,362,40,32,0.7718396186828613
4380,1520616943.3673158,1,pnp,4381,453,38,29,0.9271726608276367
4381,1520616943.4173167,1,pnp,4382,505,35,32,0.8383716344833374
4382,1520616943.4673188,1,pnp,4383,419,54,36,1.0352916717529297
4383,1520616943.5166738,1,pnp,4384,457,37,29,0.922940731048584
4384,1520616943.566675,1,pnp,4385,449,37,30,0.8778512477874756
4385,1520616943.6166759,1,pnp,4386,519,45,39,1.0050204992294312
4386,1520616943.666678,1,pnp,4387,494,53,40,0.9241660833358765
4387,1520616943.716679,1,pnp,4388,459,60,54,0.8256856203079224
4388,1520616943.766681,1,pnp,4389,467,62,57,0.8412975668907166
4389,1520616943.8166819,1,pnp,4390,420,74,61,0.7954016327857971
4390,1520616943.866684,1,pnp,4391,406,80,67,0.8463335037231445
4391,1520616943.9166849,1,pnp,4392,447,62,43,0.9198826551437378
4392,1520616943.9655352,1,pnp,4393,406,52,44,0.8189448118209839
4393,1520616944.015503,1,pnp,4394,347,49,39,0.7488996982574463
4394,1520616944.065505,1,pnp,4395,205,39,37,0.799259603023529
4395,1520616944.115506,1,pnp,4396,155,37,31,0.8543025851249695
4396,1520616944.165508,1,pnp,4397,180,30,28,0.8310636878013611
4397,1520616944.2155092,1,pnp,4398,175,33,28,0.7836079001426697
4398,1520616944.265511,1,pnp,4399,158,35,32,0.7914519309997559
4399,1520616944.315513,1,pnp,4400,138,35,33,0.8575398325920105
4400,1520616944.3651643,1,pnp,4401,105,31,26,0.8956624269485474
4401,1520616944.4151666,1,pnp,4402,121,36,32,0.7241330742835999
4402,1520616944.4651675,1,pnp,4403,129,33,29,0.9290940165519714
4403,1520616944.5151694,1,pnp,4404,143,33,29,0.8438878059387207
4404,1520616944.5651705,1,pnp,4405,155,35,32,0.75429767370224
4405,1520616944.6151724,1,pnp,4406,162,30,25,0.713918924331665
4406,1520616944.6651745,1,pnp,4407,179,30,27,0.8258082270622253
4407,1520616944.7151756,1,pnp,4408,172,35,27,1.0614738464355469
4408,1520616944.766014,1,3d3d,4409,212,28,23,5.889315605163574
4409,1520616944.816015,1,3d3d,4410,209,26,17,4.063455581665039
4410,1520616944.866017,1,3d3d,4411,192,24,19,1.3349014520645142
4411,1520616944.916019,1,3d3d,4412,139,24,16,2.4178969860076904
4412,1520616944.9660199,1,pnp+dense-dense,4413,283,38,31,1.0109100341796875
4413,1520616945.0160222,1,3d3d,4414,89,28,19,3.231861114501953
4414,1520616945.066024,1,3d3d,4415,75,21,15,2.434765577316284
4415,1520616945.116025,1,pnp+dense-dense,4416,260,46,37,0.9033986330032349
4416,1520616945.167652,1,pnp+primary-dense,4417,273,29,23,1.0257599353790283
4417,1520616945.2176538,1,pnp+primary-dense,4418,237,33,29,0.8167963027954102
4418,1520616945.2676547,1,3d3d,4419,93,28,17,2.647965908050537
4419,1520616945.3176558,1,pnp,4420,80,27,26,0.9858028292655945
4420,1520616945.3676589,1,pnp,4421,92,28,25,0.6633583307266235
4421,1520616945.4176588,1,pnp,4422,95,27,25,0.6573344469070435
4422,1520616945.467661,1,pnp,4423,90,33,31,0.6679086685180664
4423,1520616945.5176618,1,pnp,4424,93,32,28,0.9391005635261536
4424,1520616945.5721684,1,pnp+dense-dense,4425,262,37,31,0.7932151556015015
4425,1520616945.6221764,1,pnp,4426,170,33,33,0.8610358238220215
4426,1520616945.672171,1,3d3d,4427,179,29,21,0.8535765409469604
4427,1520616945.7221723,1,pnp,4428,205,32,25,0.7492160797119141
4428,1520616945.7721741,1,pnp,4429,219,42,40,0.8646765947341919
4429,1520616945.8221753,1,pnp,4430,242,47,43,0.8965746760368347
4430,1520616945.8721774,1,pnp,4431,224,37,30,0.820193350315094
4431,1520616945.9221792,1,pnp,4432,240,42,38,0.8580442667007446
4432,1520616945.9720378,1,pnp,4433,198,54,49,0.8576905727386475
4433,1520616946.0233114,1,pnp,4434,198,32,29,0.7880132794380188
4434,1520616946.0733123,1,pnp,4435,178,28,26,0.8808055520057678
4435,1520616946.1233146,1,pnp+dense-dense,4436,246,36,29,1.0507336854934692
4436,1520616946.1733155,1,pnp+primary-dense,4437,262,37,30,0.9418907165527344
4437,1520616946.2233174,1,pnp+primary-dense,4438,241,41,32,0.9589452743530273
4438,1520616946.2733195,1,3d3d,4439,173,22,17,1.7130178213119507
4439,1520616946.3233204,1,pnp,4440,147,29,27,0.8835945129394531
4440,1520616946.3733222,1,pnp+dense-dense,4441,233,29,25,0.8759170174598694
4441,1520616946.4235086,1,pnp+primary-dense,4442,221,49,45,0.9259920120239258
4442,1520616946.4735105,1,pnp,4443,128,31,28,0.7644010782241821
4443,1520616946.5235116,1,pnp+dense-dense,4444,247,54,42,0.9854399561882019
4444,1520616946.5735135,1,pnp+primary-dense,4445,250,43,39,0.7005810141563416
4445,1520616946.6235154,1,pnp+primary-dense,4446,267,35,34,0.7150157690048218
4446,1520616946.6735177,1,3d3d,4447,146,24,15,0.9142990112304688
4447,1520616946.7235186,1,pnp+dense-dense,4448,252,39,31,0.9098379015922546
4448,1520616946.7735195,1,3d3d,4449,160,24,16,2.200707197189331
4449,1520616946.8235216,1,pnp,4450,175,31,27,0.8872259259223938
4450,1520616946.8735235,1,pnp,4451,174,37,34,0.9383583664894104
4451,1520616946.9235244,1,pnp,4452,179,46,43,0.9022493958473206
4452,1520616946.9735267,1,pnp,4453,192,41,37,0.8092702031135559
4453,1520616947.0235276,1,pnp,4454,216,45,38,1.0028586387634277
4454,1520616947.0735295,1,pnp,4455,225,49,39,0.9134777784347534
4455,1520616947.1235306,1,pnp,4456,219,45,41,0.9040771126747131
4456,1520616947.1735325,1,pnp,4457,228,39,37,0.9324188828468323
4457,1520616947.2235343,1,pnp,4458,230,43,34,0.9259644150733948
4458,1520616947.2735355,1,pnp,4459,211,42,35,0.9457640051841736
4459,1520616947.3235364,1,pnp,4460,198,36,34,0.9135152101516724
4460,1520616947.3735387,1,pnp,4461,202,35,32,0.8823641538619995
4461,1520616947.4235396,1,3d3d,4462,215,29,20,5.14893913269043
4462,1520616947.4735415,1,pnp,4463,245,43,38,0.8082264065742493
4463,1520616947.5235436,1,pnp,4464,280,43,37,0.8163505792617798
4464,1520616947.5735445,1,pnp,4465,358,49,41,0.9707044959068298
4465,1520616947.6219697,1,pnp,4466,349,54,43,0.9464108943939209
4466,1520616947.6719706,1,pnp,4467,313,51,38,1.0365464687347412
4467,1520616947.721973,1,pnp,4468,298,48,40,0.8770354390144348
4468,1520616947.7719736,1,pnp,4469,215,30,26,0.7897561192512512
4469,1520616947.8219757,1,3d3d,4470,186,25,19,3.782864809036255
4470,1520616947.8719778,1,pnp,4471,186,40,34,0.8586140275001526
4471,1520616947.9219787,1,3d3d,4472,192,26,19,1.5639592409133911
4472,1520616947.9719808,1,pnp,4473,198,44,39,0.9451078176498413
4473,1520616948.0210536,1,pnp,4474,206,30,26,0.7685291767120361
4474,1520616948.0710545,1,pnp,4475,208,43,37,0.8436424136161804
4475,1520616948.1210554,1,pnp,4476,205,53,43,0.8556602001190186
4476,1520616948.1710575,1,pnp,4477,207,51,42,0.8140214681625366
4477,1520616948.2210593,1,pnp,4478,221,48,39,0.8809574246406555
4478,1520616948.2710614,1,pnp,4479,208,36,33,0.8066761493682861
4479,1520616948.3210626,1,pnp,4480,197,54,52,0.9026350975036621
4480,1520616948.3710635,1,pnp,4481,229,50,43,0.9101153612136841
4481,1520616948.4211724,1,pnp,4482,220,40,33,0.8021799921989441
4482,1520616948.4703305,1,pnp,4483,215,39,35,0.8790779113769531
4483,1520616948.5203316,1,pnp,4484,238,37,33,0.8006033301353455
4484,1520616948.5703335,1,pnp,4485,230,42,38,0.8315041065216064
4485,1520616948.6203384,1,pnp,4486,221,41,34,0.7554389834403992
4486,1520616948.6703367,1,pnp,4487,228,50,40,0.9881032705307007
4487,1520616948.7203374,1,pnp,4488,259,43,35,0.7314964532852173
4488,1520616948.7703395,1,pnp,4489,300,38,35,0.7245803475379944
4489,1520616948.8203406,1,pnp,4490,322,43,37,0.7699631452560425
4490,1520616948.8678415,1,pnp,4491,284,34,31,0.8152684569358826
4491,1520616948.9178424,1,pnp,4492,314,48,40,0.9332073330879211
4492,1520616948.9679484,1,pnp,4493,324,40,36,0.903653621673584
4493,1520616949.0178454,1,pnp,4494,321,53,38,0.8837708830833435
4494,1520616949.0678473,1,pnp,4495,312,50,40,0.9043021202087402
4495,1520616949.117849,1,pnp,4496,327,64,52,0.8709565997123718
4496,1520616949.1678503,1,pnp,4497,301,51,44,1.0657305717468262
4497,1520616949.2178524,1,pnp,4498,324,65,49,1.0117498636245728
4498,1520616949.2665317,1,pnp,4499,246,37,32,0.8104211688041687
4499,1520616949.3165336,1,pnp,4500,221,40,34,0.8110542297363281
4500,1520616949.3665347,1,pnp,4501,245,39,34,0.9553729295730591
4501,1520616949.4165366,1,pnp,4502,263,38,30,0.8190274834632874
4502,1520616949.4665387,1,pnp,4503,285,49,43,0.8981057405471802
4503,1520616949.5165398,1,pnp,4504,307,47,42,0.8236749172210693
4504,1520616949.5665417,1,pnp,4505,274,32,29,0.9548971652984619
4505,1520616949.6165426,1,pnp,4506,270,45,40,0.8641611933708191
4506,1520616949.6658716,1,pnp,4507,241,50,44,0.8041565418243408
4507,1520616949.7158725,1,pnp,4508,228,43,39,0.7491149306297302
4508,1520616949.7658749,1,pnp,4509,243,31,29,0.7422393560409546
4509,1520616949.8158767,1,pnp,4510,259,50,45,0.7659589052200317
4510,1520616949.8658776,1,pnp,4511,244,56,47,0.7302992343902588
4511,1520616949.9158797,1,pnp,4512,283,53,48,0.7113587856292725
4512,1520616949.9658816,1,pnp,4513,299,55,45,0.9120349884033203
4513,1520616950.0158825,1,pnp,4514,302,45,35,0.8490695357322693
4514,1520616950.0652716,1,pnp,4515,242,40,35,0.7779363393783569
4515,1520616950.1152735,1,pnp,4516,229,45,39,0.9547829627990723
4516,1520616950.1652746,1,pnp,4517,226,45,39,0.7798664569854736
4517,1520616950.2152767,1,pnp,4518,205,31,27,0.787924587726593
4518,1520616950.2652776,1,pnp,4519,206,49,44,0.8739562034606934
4519,1520616950.3152788,1,pnp,4520,188,38,32,0.9104028344154358
4520,1520616950.3652806,1,pnp,4521,190,36,33,0.7935048341751099
4521,1520616950.4152846,1,pnp,4522,186,37,31,0.9622522592544556
4522,1520616950.465304,1,pnp,4523,193,40,35,0.8305202722549438
4523,1520616950.515307,1,pnp,4524,169,38,33,0.825724720954895
4524,1520616950.565307,1,pnp,4525,179,38,33,0.9051596522331238
4525,1520616950.6153848,1,pnp,4526,198,48,46,0.7679194808006287
4526,1520616950.6653101,1,pnp,4527,195,52,46,0.8718826174736023
4527,1520616950.715312,1,pnp,4528,221,41,38,0.9100936651229858
4528,1520616950.765313,1,pnp,4529,210,38,35,0.8629551529884338
4529,1520616950.815315,1,pnp,4530,220,38,30,0.9646458029747009
4530,1520616950.865316,1,pnp,4531,221,32,29,0.7756123542785645
4531,1520616950.9154286,1,pnp,4532,192,36,32,0.8282302021980286
4532,1520616950.9654295,1,pnp,4533,205,29,25,0.7482442855834961
4533,1520616951.0154314,1,3d3d,4534,224,24,18,1.8305696249008179
4534,1520616951.0654337,1,3d3d,4535,168,23,17,3.9530889987945557
4535,1520616951.1154346,1,pnp,4536,196,29,27,1.034688115119934
4536,1520616951.1654365,1,3d3d,4537,213,27,18,5.09567928314209
4537,1520616951.2154377,1,pnp+dense-dense,4538,425,38,30,0.8448760509490967
4538,1520616951.2654395,1,3d3d,4539,164,20,15,3.163240432739258
4539,1520616951.315727,1,pnp,4540,206,29,26,1.0187904834747314
4540,1520616951.365729,1,3d3d,4541,199,27,21,2.0487875938415527
4541,1520616951.415731,1,pnp,4542,201,35,29,0.904452919960022
4542,1520616951.4657319,1,3d3d,4543,177,28,23,2.759308099746704
4543,1520616951.5157342,1,3d3d,4544,149,22,19,10.519282341003418
4544,1520616951.565735,1,pnp+dense-dense,4545,416,47,43,0.8181149959564209
4545,1520616951.615737,1,3d3d,4546,162,17,17,1.8972899913787842
4546,1520616951.665739,1,3d3d,4547,127,26,23,5.093844413757324
4547,1520616951.7171981,1,pnp+dense-dense,4548,437,44,32,1.0761879682540894
4548,1520616951.7672002,1,3d3d,4549,158,20,17,4.947599411010742
4549,1520616951.8172023,1,3d3d,4550,143,31,30,2.5482356548309326
4550,1520616951.8672032,1,pnp,4551,152,32,28,0.8644742369651794
4551,1520616951.9172044,1,pnp,4552,147,30,25,0.8064507246017456
4552,1520616951.9672062,1,pnp,4553,164,40,35,0.8772842288017273
4553,1520616952.017208,1,pnp,4554,161,33,27,0.8862739205360413
4554,1520616952.0672114,1,pnp,4555,197,42,34,1.0633010864257812
4555,1520616952.118068,1,pnp,4556,277,32,25,0.9793357253074646
4556,1520616952.1680703,1,pnp,4557,277,48,40,1.0238128900527954
4557,1520616952.2180722,1,pnp,4558,266,36,30,0.9363681674003601
4558,1520616952.2681231,1,pnp,4559,257,37,31,0.8551037907600403
4559,1520616952.3180752,1,pnp,4560,262,35,31,0.8663403391838074
4560,1520616952.368076,1,pnp,4561,286,35,29,0.9139360785484314
4561,1520616952.418078,1,3d3d,4562,296,24,19,4.3151679039001465
4562,1520616952.468079,1,pnp,4563,273,37,26,0.9334262013435364
4563,1520616952.5169408,1,3d3d,4564,257,27,24,2.0511555671691895
4564,1520616952.566942,1,pnp,4565,245,30,25,0.7008360028266907
4565,1520616952.616944,1,pnp,4566,253,36,31,0.7344998717308044
4566,1520616952.6669462,1,pnp,4567,244,37,32,0.7905789613723755
4567,1520616952.716947,1,pnp,4568,292,40,34,0.7660492062568665
4568,1520616952.766949,1,pnp,4569,300,40,33,0.7910746335983276
4569,1520616952.81695,1,pnp,4570,328,46,37,0.8837389945983887
4570,1520616952.866952,1,pnp,4571,355,32,27,0.7909420132637024
4571,1520616952.9157877,1,pnp,4572,336,47,37,0.9763695001602173
4572,1520616952.9657886,1,pnp,4573,322,47,41,1.040985345840454
4573,1520616953.0157897,1,pnp,4574,275,42,36,0.9335012435913086
4574,1520616953.0657916,1,pnp,4575,290,44,37,0.9247653484344482
4575,1520616953.1157937,1,pnp,4576,279,38,32,0.8953423500061035
4576,1520616953.1657946,1,pnp,4577,307,44,41,0.8023772239685059
4577,1520616953.2157965,1,pnp,4578,325,47,37,0.8848276734352112
4578,1520616953.2657988,1,pnp,4579,335,54,46,1.0027135610580444
4579,1520616953.3158007,1,pnp,4580,320,63,48,0.9537134766578674
4580,1520616953.365205,1,pnp,4581,286,56,43,1.1002157926559448
4581,1520616953.415206,1,pnp,4582,330,60,51,1.0111489295959473
4582,1520616953.465208,1,pnp,4583,325,51,41,0.9538777470588684
4583,1520616953.5152102,1,pnp,4584,329,45,39,0.800708532333374
4584,1520616953.565211,1,pnp,4585,323,46,38,0.9535515308380127
4585,1520616953.6152132,1,pnp,4586,255,43,36,0.8465262651443481
4586,1520616953.665214,1,pnp,4587,240,49,39,0.8635799288749695
4587,1520616953.7152152,1,pnp,4588,226,39,35,1.008430004119873
4588,1520616953.7653253,1,pnp,4589,218,38,28,0.8249799013137817
4589,1520616953.8153236,1,pnp,4590,243,50,45,0.9443805813789368
4590,1520616953.8653255,1,pnp,4591,246,51,42,0.9697276949882507
4591,1520616953.9153485,1,pnp,4592,226,57,46,1.0181077718734741
4592,1520616953.9653285,1,pnp,4593,217,42,35,0.879838764667511
4593,1520616954.0153303,1,pnp,4594,196,36,30,0.808813750743866
4594,1520616954.0653315,1,pnp,4595,181,39,31,0.7433735132217407
4595,1520616954.1153336,1,pnp,4596,163,42,36,0.8710023760795593
4596,1520616954.1654506,1,pnp,4597,175,41,39,0.8600788116455078
4597,1520616954.2154524,1,pnp,4598,178,51,45,0.7243106365203857
4598,1520616954.2654545,1,pnp,4599,175,56,49,0.8023806810379028
4599,1520616954.3154557,1,pnp,4600,179,54,53,0.7553772330284119
4600,1520616954.3654575,1,pnp,4601,185,54,45,0.9330025315284729
4601,1520616954.4154584,1,pnp,4602,200,51,44,0.8084220886230469
4602,1520616954.4654605,1,pnp,4603,200,49,44,0.7629778981208801
4603,1520616954.5154614,1,pnp,4604,226,51,43,0.8399783968925476
4604,1520616954.5657222,1,pnp,4605,242,51,45,0.8296651840209961
4605,1520616954.615724,1,pnp,4606,268,50,44,1.0053441524505615
4606,1520616954.665725,1,pnp,4607,278,59,50,0.874882698059082
4607,1520616954.715727,1,pnp,4608,279,65,52,0.934827446937561
4608,1520616954.765728,1,pnp,4609,286,65,53,0.8762379884719849
4609,1520616954.81573,1,pnp,4610,281,70,57,0.9181311726570129
4610,1520616954.8657322,1,pnp,4611,283,75,65,0.9792997241020203
4611,1520616954.915733,1,pnp,4612,268,69,61,0.891740620136261
4612,1520616954.9662926,1,pnp,4613,339,56,44,0.9059375524520874
4613,1520616955.0162938,1,pnp,4614,289,60,56,0.9024651050567627
4614,1520616955.0662956,1,pnp,4615,247,52,42,0.7779110074043274
4615,1520616955.1162975,1,pnp,4616,239,48,41,0.9577057957649231
4616,1520616955.1662986,1,pnp,4617,243,47,37,0.9843991994857788
4617,1520616955.2162995,1,pnp,4618,231,50,37,0.9998727440834045
4618,1520616955.2663016,1,pnp,4619,195,58,41,0.9070927500724792
4619,1520616955.3163066,1,pnp,4620,190,46,40,0.997234046459198
4620,1520616955.3661518,1,pnp,4621,209,46,39,0.8385112881660461
4621,1520616955.416153,1,pnp,4622,192,41,32,0.7659925818443298
4622,1520616955.4661539,1,pnp,4623,196,37,27,1.0084065198898315
4623,1520616955.5161557,1,pnp,4624,192,46,35,0.9879429936408997
4624,1520616955.5661578,1,pnp,4625,154,34,25,0.9257282614707947
4625,1520616955.6161587,1,3d3d,4626,102,24,21,1.9841480255126953
4626,1520616955.6661599,1,pnp+dense-dense,4627,269,36,28,0.7641310691833496
4627,1520616955.716162,1,3d3d,4628,117,24,21,4.698428153991699
4628,1520616955.7661629,1,3d3d,4629,103,26,17,8.38957691192627
4629,1520616955.8166683,1,pnp+dense-primary,4630,142,43,35,0.8491427898406982
4630,1520616955.8666701,1,pnp,4631,143,35,30,0.9134103059768677
4631,1520616955.916671,1,3d3d,4632,121,21,18,2.1735312938690186
4632,1520616955.9666731,1,pnp+dense-dense,4633,224,32,22,0.9468372464179993
4633,1520616956.016674,1,pnp+primary-dense,4634,204,35,31,0.8836582899093628
4634,1520616956.0666761,1,pnp+primary-dense,4635,182,29,27,0.9926267862319946
4635,1520616956.1166773,1,pnp,4636,139,28,25,0.9170011281967163
4636,1520616956.1666791,1,pnp,4637,149,32,30,0.8849886655807495
4637,1520616956.217822,1,3d3d,4638,213,28,19,1.7168388366699219
4638,1520616956.267824,1,pnp,4639,215,31,25,0.8364567160606384
4639,1520616956.317826,1,pnp,4640,238,40,35,0.927269458770752
4640,1520616956.3678281,1,pnp,4641,271,44,33,0.9854145646095276
4641,1520616956.417829,1,pnp,4642,296,42,35,1.029434084892273
4642,1520616956.4678302,1,pnp,4643,262,39,33,0.9199855923652649
4643,1520616956.517832,1,pnp,4644,254,41,33,0.6618131995201111
4644,1520616956.567834,1,pnp,4645,273,45,40,0.8922590017318726
4645,1520616956.61628,1,3d3d,4646,204,23,19,1.2604795694351196
4646,1520616956.6662824,1,pnp,4647,208,25,25,0.7743924856185913
4647,1520616956.7162843,1,pnp,4648,206,30,28,0.9108175039291382
4648,1520616956.7662861,1,pnp,4649,207,36,30,1.086290955543518
4649,1520616956.8162873,1,pnp,4650,190,35,32,0.8845353722572327
4650,1520616956.8662882,1,pnp,4651,168,29,28,0.6338109374046326
4651,1520616956.916289,1,pnp,4652,158,34,33,0.7741395831108093
4652,1520616956.9662924,1,pnp,4653,153,33,30,0.7807526588439941
4653,1520616957.0160608,1,pnp+dense-dense,4654,336,49,40,0.9053577184677124
4654,1520616957.0660627,1,3d3d,4655,151,25,22,1.3310571908950806
4655,1520616957.1160645,1,pnp,4656,133,30,28,0.7801524996757507
4656,1520616957.1660657,1,3d3d,4657,119,26,17,1.7549532651901245
4657,1520616957.2160678,1,pnp,4658,144,29,27,0.8488016724586487
4658,1520616957.2660685,1,pnp,4659,168,28,28,0.8561801314353943
4659,1520616957.3160708,1,pnp,4660,156,39,32,0.8702332973480225
4660,1520616957.3660717,1,pnp,4661,178,37,29,0.9807201027870178
4661,1520616957.4161878,1,pnp,4662,188,42,36,0.9552606344223022
4662,1520616957.4661899,1,pnp,4663,152,37,34,0.8288220167160034
4663,1520616957.5161908,1,pnp,4664,141,35,30,0.9508512616157532
4664,1520616957.5661926,1,pnp,4665,128,35,27,0.8889317512512207
4665,1520616957.6161938,1,pnp,4666,103,27,25,0.7598975896835327
4666,1520616957.6661959,1,3d3d,4667,105,26,24,4.5686421394348145
4667,1520616957.716197,1,pnp,4668,91,27,26,0.6279146671295166
4668,1520616957.7661989,1,3d3d,4669,118,22,18,3.8230221271514893
4669,1520616957.8161998,1,pnp,4670,148,26,26,0.8628993034362793
4670,1520616957.8677225,1,3d3d,4671,243,22,17,5.593361854553223
4671,1520616957.9177246,1,pnp,4672,243,34,31,0.8028402328491211
4672,1520616957.9677258,1,pnp,4673,263,33,28,0.6946188807487488
4673,1520616958.0177276,1,pnp,4674,270,40,37,0.8584545254707336
4674,1520616958.0677295,1,pnp,4675,267,39,35,0.7300590872764587
4675,1520616958.1177306,1,pnp,4676,249,40,36,0.7969338893890381
4676,1520616958.1677325,1,pnp,4677,237,50,42,0.9340404272079468
4677,1520616958.2177334,1,pnp,4678,176,32,28,0.720632791519165
4678,1520616958.267895,1,pnp,4679,173,38,31,0.8038049936294556
4679,1520616958.317896,1,pnp,4680,169,41,33,0.8543792366981506
4680,1520616958.3678977,1,pnp+dense-dense,4681,244,39,33,0.6982969045639038
4681,1520616958.4178998,1,pnp+primary-dense,4682,214,20,16,0.7530728578567505
4682,1520616958.4679008,1,3d3d,4683,154,24,17,0.8970983624458313
4683,1520616958.5179017,1,3d3d,4684,152,24,19,0.8478341698646545
4684,1520616958.5679038,1,3d3d,4685,152,24,19,1.4487191438674927
4685,1520616958.6179059,1,pnp,4686,134,25,25,0.9050536751747131
4686,1520616958.6684265,1,3d3d,4687,156,25,17,1.6374648809432983
4687,1520616958.7184289,1,pnp+dense-primary,4688,153,28,26,1.0059324502944946
4688,1520616958.7684298,1,pnp,4689,174,31,26,0.8328660726547241
4689,1520616958.8184316,1,pnp,4690,172,32,30,0.5961999893188477
4690,1520616958.8684328,1,pnp,4691,194,28,26,0.7352056503295898
4691,1520616958.9185247,1,pnp,4692,191,40,35,0.8275328874588013
4692,1520616958.9684358,1,pnp,4693,195,43,36,0.8051885366439819
4693,1520616959.0184376,1,pnp,4694,194,39,34,0.8783372044563293
4694,1520616959.068472,1,pnp,4695,204,43,41,0.8429527878761292
4695,1520616959.1184728,1,pnp,4696,190,42,40,0.8499091267585754
4696,1520616959.1684747,1,pnp,4697,210,54,45,0.902032196521759
4697,1520616959.2184758,1,pnp,4698,233,54,45,0.8310560584068298
4698,1520616959.2684777,1,pnp,4699,248,52,39,1.0400217771530151
4699,1520616959.318479,1,pnp,4700,277,40,32,1.0306211709976196
4700,1520616959.368481,1,pnp,4701,294,53,44,0.9913030862808228
4701,1520616959.4184818,1,pnp,4702,275,38,31,0.9858718514442444
4702,1520616959.4677765,1,pnp,4703,245,44,37,1.0747628211975098
4703,1520616959.5177789,1,pnp,4704,250,44,35,0.9504221081733704
4704,1520616959.5677798,1,pnp,4705,248,43,32,1.0217065811157227
4705,1520616959.6177816,1,pnp,4706,244,57,47,0.9962095022201538
4706,1520616959.6677828,1,pnp,4707,299,71,63,0.8381856083869934
4707,1520616959.7177846,1,pnp,4708,297,62,54,0.8512797951698303
4708,1520616959.7677855,1,pnp,4709,296,54,44,0.8598249554634094
4709,1520616959.8177876,1,pnp,4710,318,65,47,0.9022473096847534
4710,1520616959.8670232,1,pnp,4711,297,55,44,1.0907284021377563
4711,1520616959.917025,1,pnp,4712,257,47,40,0.8629466891288757
4712,1520616959.967026,1,pnp,4713,230,44,36,0.8848565816879272
4713,1520616960.017028,1,pnp,4714,233,45,38,0.8019477725028992
4714,1520616960.067029,1,pnp,4715,241,42,35,0.8277454972267151
4715,1520616960.117031,1,pnp,4716,257,38,32,0.9052762389183044
4716,1520616960.1670332,1,pnp,4717,207,45,39,0.9320791363716125
4717,1520616960.2170331,1,pnp,4718,216,39,35,0.9679592251777649
4718,1520616960.267035,1,pnp,4719,207,40,32,0.9071792960166931
4719,1520616960.3163223,1,3d3d,4720,167,32,24,4.853068828582764
4720,1520616960.3663247,1,pnp,4721,160,33,28,0.8975047469139099
4721,1520616960.4163256,1,pnp,4722,160,37,32,0.9673652648925781
4722,1520616960.4663274,1,pnp,4723,155,32,26,0.8403780460357666
4723,1520616960.5163286,1,3d3d,4724,143,28,16,2.0284361839294434
4724,1520616960.5663924,1,pnp+dense-dense,4725,275,36,31,1.0845561027526855
4725,1520616960.6163316,1,pnp+primary-dense,4726,304,38,30,0.8177633285522461
4726,1520616960.6663334,1,pnp+primary-dense,4727,315,42,33,0.83980393409729
4727,1520616960.7170098,1,pnp,4728,205,33,26,0.805527925491333
4728,1520616960.7670116,1,pnp,4729,214,43,39,0.7291689515113831
4729,1520616960.8170128,1,pnp,4730,215,41,35,1.036585807800293
4730,1520616960.8670146,1,pnp,4731,203,36,31,1.0297322273254395
4731,1520616960.9170156,1,pnp,4732,182,37,29,1.0578006505966187
4732,1520616960.967018,1,pnp,4733,135,30,26,0.7997708320617676
4733,1520616961.0170188,1,pnp+dense-dense,4734,285,47,37,1.1018496751785278
4734,1520616961.0670207,1,pnp+primary-dense,4735,211,37,27,0.9727939367294312
4735,1520616961.121178,1,3d3d,4736,145,23,17,2.3383736610412598
4736,1520616961.1711788,1,pnp,4737,128,34,30,0.7953018546104431
4737,1520616961.2211807,1,pnp,4738,117,37,31,0.9929007887840271
4738,1520616961.2711818,1,3d3d,4739,94,24,15,1.3580467700958252
4739,1520616961.321184,1,pnp+dense-dense,4740,164,33,26,0.877338707447052
4740,1520616961.3711858,1,pnp+primary-dense,4741,170,32,27,0.8173792362213135
4741,1520616961.421187,1,pnp+primary-dense,4742,180,25,19,0.9497937560081482
4742,1520616961.4711888,1,pnp+primary-dense,4743,185,23,19,0.9044325351715088
4743,1520616961.5230944,1,pnp+primary-dense,4744,227,30,25,0.6132131814956665
4744,1520616961.5730965,1,pnp+primary-dense,4745,199,21,18,0.7303875684738159
4745,1520616961.6230984,1,3d3d,4746,172,25,20,1.5160589218139648
4746,1520616961.6730993,1,pnp,4747,176,37,31,0.9558783769607544
4747,1520616961.7231016,1,pnp,4748,225,30,25,0.8656529784202576
4748,1520616961.7731025,1,3d3d,4749,224,28,19,3.6880416870117188
4749,1520616961.8231044,1,3d3d,4750,227,25,16,3.2744827270507812
4750,1520616961.8731055,1,pnp,4751,315,31,26,0.7876339554786682
4751,1520616961.923438,1,pnp,4752,313,33,29,0.7765234708786011
4752,1520616961.973439,1,3d3d,4753,290,33,26,1.5482027530670166
4753,1520616962.0234413,1,pnp,4754,280,51,45,0.8652689456939697
4754,1520616962.0734422,1,pnp,4755,265,41,37,0.6821073889732361
4755,1520616962.123444,1,pnp+loose,4756,243,41,38,1.105705976486206
4756,1520616962.1734452,1,3d3d,4757,222,26,16,2.1418662071228027
4757,1520616962.2234821,1,pnp+dense-primary,4758,251,31,26,0.7068836688995361
4758,1520616962.273449,1,pnp,4759,325,29,27,0.6409642100334167
4759,1520616962.32345,1,3d3d,4760,293,24,15,5.658172607421875
4760,1520616962.3740077,1,pnp,4761,287,32,27,0.7777865529060364
4761,1520616962.4240086,1,pnp,4762,292,46,39,1.0369892120361328
4762,1520616962.4740105,1,pnp,4763,296,51,41,0.9822023510932922
4763,1520616962.5240116,1,pnp,4764,309,51,39,0.9268746376037598
4764,1520616962.5740135,1,pnp,4765,297,55,46,0.9809100031852722
4765,1520616962.6240144,1,pnp,4766,312,65,57,0.8731157779693604
4766,1520616962.6740167,1,pnp,4767,348,56,48,0.7678678035736084
4767,1520616962.7240186,1,pnp,4768,363,61,46,0.9076037406921387
4768,1520616962.7700846,1,pnp,4769,345,33,25,0.9252156615257263
4769,1520616962.8200867,1,pnp,4770,315,44,36,0.9573583602905273
4770,1520616962.8700888,1,pnp,4771,325,42,27,1.0810503959655762
4771,1520616962.9200897,1,pnp,4772,293,46,35,1.0201051235198975
4772,1520616962.9700909,1,pnp,4773,268,44,29,0.8846361637115479
4773,1520616963.0200927,1,pnp,4774,252,40,31,1.0112704038619995
4774,1520616963.0700946,1,pnp,4775,232,41,36,0.8886725306510925
4775,1520616963.1200957,1,pnp,4776,239,34,28,0.8460825085639954
4776,1520616963.166458,1,pnp+primary-dense,4777,246,21,16,0.7110047340393066
4777,1520616963.216459,1,pnp,4778,209,33,26,0.961323082447052
4778,1520616963.266462,1,pnp,4779,232,34,28,0.9163780212402344
4779,1520616963.316463,1,pnp,4780,243,40,32,0.832810640335083
4780,1520616963.3664641,1,pnp,4781,256,48,37,0.9465445876121521
4781,1520616963.416466,1,pnp,4782,261,42,35,0.8984918594360352
4782,1520616963.4664679,1,pnp,4783,312,41,32,1.006608009338379
4783,1520616963.516469,1,pnp,4784,313,40,33,0.8414710760116577
4784,1520616963.5657682,1,pnp,4785,260,31,28,0.793961763381958
4785,1520616963.6157744,1,pnp,4786,256,42,34,0.8496362566947937
4786,1520616963.6657722,1,pnp,4787,284,41,36,0.7125182747840881
4787,1520616963.7157733,1,pnp,4788,252,45,38,1.0067068338394165
4788,1520616963.7657752,1,pnp,4789,275,36,33,1.0211243629455566
4789,1520616963.815776,1,pnp,4790,290,44,29,0.8610545992851257
4790,1520616963.8657873,1,pnp,4791,284,56,44,0.8169875741004944
4791,1520616963.915779,1,pnp,4792,260,42,28,1.0149297714233398
4792,1520616963.9657626,1,pnp,4793,263,41,26,0.9254248142242432
4793,1520616964.0157638,1,pnp,4794,242,39,32,0.7381434440612793
4794,1520616964.0657656,1,pnp,4795,243,30,25,0.9039159417152405
4795,1520616964.1157665,1,pnp,4796,235,37,31,1.0417910814285278
4796,1520616964.1657689,1,3d3d,4797,118,26,24,2.693373203277588
4797,1520616964.2157698,1,3d3d,4798,60,20,15,1.144641637802124
4798,1520616964.2657716,1,pnp+dense-dense,4799,236,37,32,0.9078485369682312
4799,1520616964.3157737,1,pnp+primary-dense,4800,232,28,23,0.8906558156013489
4800,1520616964.3675785,1,3d3d,4801,162,21,19,3.175293207168579
4801,1520616964.4175806,1,3d3d,4802,161,27,25,2.7479982376098633
4802,1520616964.4675815,1,3d3d,4803,117,23,17,8.239934921264648
4803,1520616964.5175834,1,pnp+dense-dense,4804,307,47,35,1.0990920066833496
4804,1520616964.5675845,1,3d3d,4805,87,24,21,1.3344534635543823
4805,1520616964.6175866,1,3d3d,4806,84,24,17,2.512578010559082
4806,1520616964.6675885,1,pnp+dense-dense,4807,206,47,42,0.8234056830406189
4807,1520616964.7175896,1,3d3d,4808,92,23,18,1.40554940700531
4808,1520616964.7675915,1,pnp+dense-dense,4809,214,36,31,0.7782355546951294
4809,1520616964.819689,1,3d3d,4810,139,32,25,2.76890230178833
4810,1520616964.86969,1,3d3d,4811,121,29,25,2.41686749458313
4811,1520616964.919692,1,pnp,4812,109,40,33,0.8109982013702393
4812,1520616964.9696941,1,3d3d,4813,83,22,19,3.715934991836548
4813,1520616965.019695,1,3d3d,4814,75,19,17,1.128458857536316
4814,1520616965.0696962,1,pnp+dense-dense,4815,156,38,35,0.7373145222663879
4815,1520616965.119698,1,3d3d,4816,78,19,16,1.4238574504852295
4816,1520616965.169699,1,pnp+dense-dense,4817,164,29,26,0.8044568300247192
4817,1520616965.2214046,1,3d3d,4818,102,21,19,2.8714606761932373
4818,1520616965.2714067,1,pnp+dense-dense,4819,205,38,33,0.9345791935920715
4819,1520616965.3214076,1,3d3d,4820,92,19,18,1.567944049835205
4820,1520616965.3714094,1,3d3d,4821,98,20,19,1.421234369277954
4821,1520616965.4214106,1,3d3d,4822,95,25,21,3.0672078132629395
4822,1520616965.4714127,1,3d3d,4823,84,25,18,5.222254753112793
4823,1520616965.5214138,1,3d3d,4824,95,22,16,2.5877015590667725
4824,1520616965.5714157,1,3d3d,4825,107,32,16,5.551799297332764
4825,1520616965.6240392,1,3d3d,4826,109,23,15,4.992318153381348
4826,1520616965.6740415,1,pnp+dense-dense,4827,211,33,25,0.9469372034072876
4827,1520616965.7240424,1,pnp+primary-dense,4828,227,34,28,0.7631180286407471
4828,1520616965.7740443,1,3d3d,4829,170,17,16,2.0320475101470947
4829,1520616965.8240454,1,3d3d,4830,190,26,24,1.7602890729904175
4830,1520616965.8740473,1,pnp,4831,208,31,27,0.6308522820472717
4831,1520616965.9240491,1,pnp,4832,204,33,33,0.6593297123908997
4832,1520616965.9740503,1,pnp,4833,337,54,48,0.8420278429985046
4833,1520616966.0241215,1,pnp,4834,342,75,71,0.8534714579582214
4834,1520616966.0741227,1,pnp,4835,383,73,65,0.8960661888122559
4835,1520616966.1241245,1,pnp,4836,391,61,50,1.005609393119812
4836,1520616966.1741257,1,pnp,4837,366,65,57,0.9521099328994751
4837,1520616966.2241275,1,pnp,4838,358,55,48,0.8093573451042175
4838,1520616966.2741294,1,pnp,4839,359,49,44,0.7567132115364075
4839,1520616966.3241308,1,pnp,4840,314,47,41,0.9015725255012512
4840,1520616966.3741326,1,pnp,4841,260,48,36,0.8661805391311646
4841,1520616966.4241335,1,pnp,4842,260,57,46,0.8514846563339233
4842,1520616966.4741356,1,pnp,4843,213,59,46,0.8890745639801025
4843,1520616966.5241375,1,pnp,4844,199,43,37,0.8665261268615723
4844,1520616966.5741384,1,pnp,4845,204,41,33,0.9049646854400635
4845,1520616966.6241395,1,pnp,4846,214,51,46,0.9117653965950012
4846,1520616966.6741426,1,pnp,4847,211,48,40,0.8564698100090027
4847,1520616966.7241435,1,pnp,4848,201,50,44,0.8262242078781128
4848,1520616966.7741456,1,pnp,4849,196,45,42,0.8545682430267334
4849,1520616966.8230944,1,pnp,4850,185,47,44,0.852341890335083
4850,1520616966.8730993,1,pnp,4851,171,43,40,0.7436621785163879
4851,1520616966.9230974,1,pnp,4852,170,44,38,0.7696049213409424
4852,1520616966.9730995,1,pnp,4853,178,43,39,0.7536290287971497
4853,1520616967.0231001,1,pnp,4854,163,40,34,0.7759783267974854
4854,1520616967.0731025,1,pnp,4855,167,33,29,0.8988648056983948
4855,1520616967.1231034,1,pnp,4856,184,37,30,0.7508348226547241
4856,1520616967.1731052,1,pnp,4857,182,38,34,0.8241289854049683
4857,1520616967.2231064,1,pnp,4858,202,47,32,1.0162478685379028
4858,1520616967.270091,1,pnp,4859,188,33,28,0.9088411927223206
4859,1520616967.320092,1,pnp,4860,191,38,32,0.7664075493812561
4860,1520616967.370094,1,pnp,4861,183,44,37,0.9500128030776978
4861,1520616967.420095,1,pnp,4862,190,41,34,0.8319909572601318
4862,1520616967.470097,1,pnp,4863,192,42,37,0.8941877484321594
4863,1520616967.5200992,1,pnp,4864,206,39,31,0.88665372133255
4864,1520616967.5701,1,3d3d,4865,215,30,24,5.107006072998047
4865,1520616967.620102,1,pnp,4866,205,29,25,0.9812437891960144
4866,1520616967.6686397,1,pnp,4867,175,35,33,0.9258300065994263
4867,1520616967.7186415,1,pnp,4868,158,32,30,0.892198383808136
4868,1520616967.7686424,1,pnp,4869,164,38,33,0.8739103674888611
4869,1520616967.8186445,1,pnp,4870,177,42,38,0.8200929760932922
4870,1520616967.8686464,1,3d3d,4871,171,27,18,3.0000874996185303
4871,1520616967.9186473,1,pnp,4872,180,36,34,0.7100019454956055
4872,1520616967.9686496,1,pnp,4873,185,36,33,0.8324329257011414
4873,1520616968.0186505,1,pnp,4874,199,41,38,0.7639867663383484
4874,1520616968.0680828,1,pnp,4875,207,35,32,0.7227001190185547
4875,1520616968.118084,1,pnp,4876,179,34,33,0.7248833775520325
4876,1520616968.1680858,1,pnp,4877,184,32,25,0.8276709914207458
4877,1520616968.2180877,1,pnp,4878,175,31,29,0.887890100479126
4878,1520616968.2680888,1,pnp,4879,183,37,31,0.8755838871002197
4879,1520616968.318091,1,pnp,4880,180,44,40,0.9403526186943054
4880,1520616968.3680928,1,pnp,4881,166,32,30,0.6496795415878296
4881,1520616968.418094,1,pnp,4882,160,28,27,0.7434781789779663
4882,1520616968.4680922,1,3d3d,4883,137,27,25,5.304919719696045
4883,1520616968.5180933,1,3d3d,4884,120,26,22,2.0805678367614746
4884,1520616968.5680954,1,pnp,4885,134,31,27,0.917411744594574
4885,1520616968.618096,1,pnp,4886,193,28,26,0.9298822283744812
4886,1520616968.6680994,1,pnp,4887,192,38,35,0.8616949915885925
4887,1520616968.7180994,1,pnp,4888,198,30,25,0.9175291061401367
4888,1520616968.7681012,1,pnp,4889,209,39,38,0.8105158805847168
4889,1520616968.8181024,1,pnp,4890,215,44,37,0.865569531917572
4890,1520616968.8689141,1,pnp,4891,245,40,31,0.8886018395423889
4891,1520616968.918833,1,pnp,4892,223,43,38,0.8980602622032166
4892,1520616968.9688349,1,pnp,4893,200,40,35,0.9680919647216797
4893,1520616969.018836,1,pnp,4894,207,47,39,0.8479490876197815
4894,1520616969.068838,1,pnp,4895,198,39,31,0.7852174043655396
4895,1520616969.11884,1,pnp,4896,203,35,30,0.8126113414764404
4896,1520616969.1688411,1,pnp,4897,172,33,28,0.8441951870918274
4897,1520616969.218843,1,pnp,4898,144,28,27,0.7270070314407349
4898,1520616969.2688441,1,pnp,4899,159,32,30,0.7841481566429138
4899,1520616969.321067,1,pnp,4900,215,33,30,0.8449561595916748
4900,1520616969.371068,1,pnp,4901,210,48,48,0.8117880821228027
4901,1520616969.4210699,1,pnp,4902,235,46,41,0.8232832551002502
4902,1520616969.4710722,1,pnp,4903,259,50,41,0.8358774781227112
4903,1520616969.521073,1,pnp,4904,275,43,38,1.0000659227371216
4904,1520616969.571075,1,pnp,4905,268,46,37,0.9645445942878723
4905,1520616969.621077,1,pnp,4906,249,37,33,0.9025263786315918
4906,1520616969.671078,1,pnp,4907,229,38,35,0.7719546556472778
4907,1520616969.720778,1,pnp,4908,174,33,27,0.7252094149589539
4908,1520616969.7707803,1,3d3d,4909,152,24,21,1.0509673357009888
4909,1520616969.8207822,1,3d3d,4910,119,26,22,1.4449350833892822
4910,1520616969.870784,1,pnp,4911,130,27,25,0.949081540107727
4911,1520616969.9207852,1,pnp,4912,136,33,32,0.9356553554534912
4912,1520616969.970786,1,pnp,4913,159,34,27,0.707176923751831
4913,1520616970.020788,1,pnp,4914,163,41,38,0.7587642669677734
4914,1520616970.0707903,1,pnp,4915,166,35,32,0.8282448053359985
4915,1520616970.119722,1,pnp,4916,129,31,29,0.9071041345596313
4916,1520616970.1697228,1,pnp,4917,128,37,34,0.664722204208374
4917,1520616970.2197237,1,pnp,4918,132,40,34,0.8494614362716675
4918,1520616970.2697258,1,pnp,4919,175,36,33,0.9712757468223572
4919,1520616970.3197267,1,pnp,4920,146,39,32,0.9562311768531799
4920,1520616970.3697286,1,pnp,4921,146,39,33,1.026076078414917
4921,1520616970.419731,1,pnp,4922,152,36,29,0.9423190951347351
4922,1520616970.4697316,1,pnp,4923,161,35,29,1.009311556816101
4923,1520616970.5191417,1,3d3d,4924,131,27,26,2.060835599899292
4924,1520616970.5690875,1,3d3d,4925,137,27,23,1.7228567600250244
4925,1520616970.6190886,1,pnp,4926,135,38,33,0.9552395939826965
4926,1520616970.6690907,1,3d3d,4927,146,29,22,1.8633854389190674
4927,1520616970.7190926,1,pnp+dense-dense,4928,359,40,31,0.9897115230560303
4928,1520616970.7690938,1,pnp+primary-dense,4929,349,30,22,1.1418919563293457
4929,1520616970.8190956,1,pnp+primary-dense,4930,281,35,25,1.0262713432312012
4930,1520616970.8690968,1,pnp+primary-dense,4931,270,36,26,0.9968560934066772
4931,1520616970.9197795,1,pnp+primary-dense,4932,259,30,26,1.025099515914917
4932,1520616970.9697807,1,pnp+primary-dense,4933,271,31,23,0.9429385662078857
4933,1520616971.0197825,1,pnp+primary-dense,4934,302,27,21,0.9950402975082397
4934,1520616971.0697844,1,pnp+primary-dense,4935,281,25,22,0.9423221945762634
4935,1520616971.1197855,1,3d3d,4936,81,22,15,1.2641454935073853
4936,1520616971.1697874,1,3d3d,4937,122,23,17,1.2892698049545288
4937,1520616971.2197886,1,pnp+dense-primary,4938,105,26,23,0.9617955684661865
4938,1520616971.2697906,1,3d3d,4939,73,27,16,5.787689208984375
4939,1520616971.319963,1,pnp+dense-dense,4940,146,32,25,0.9571276307106018
4940,1520616971.369965,1,3d3d,4941,99,23,16,1.7693023681640625
4941,1520616971.419966,1,3d3d,4942,134,26,24,2.1170079708099365
4942,1520616971.469968,1,pnp,4943,140,27,26,0.8680933713912964
4943,1520616971.5199702,1,3d3d,4944,149,24,22,3.425854206085205
4944,1520616971.569972,1,pnp,4945,161,29,26,0.6502534747123718
4945,1520616971.619973,1,pnp,4946,169,33,31,0.9603220224380493
4946,1520616971.669975,1,pnp,4947,204,30,26,0.8538665771484375
4947,1520616971.719976,1,pnp,4948,213,40,35,0.7740222811698914
4948,1520616971.7691994,1,pnp,4949,264,42,37,1.0251879692077637
4949,1520616971.8192005,1,pnp,4950,290,47,40,0.8628288507461548
4950,1520616971.8692026,1,pnp,4951,300,45,42,0.8956254124641418
4951,1520616971.9192035,1,pnp,4952,321,47,39,0.8543580174446106
4952,1520616971.9692056,1,pnp,4953,292,40,31,0.9381349682807922
4953,1520616972.0192075,1,pnp,4954,299,39,30,0.9390422105789185
4954,1520616972.0692084,1,pnp,4955,249,44,33,0.8915412425994873
4955,1520616972.1192105,1,pnp,4956,237,36,32,0.8836214542388916
4956,1520616972.1707242,1,3d3d,4957,204,23,19,5.3398003578186035
4957,1520616972.220695,1,3d3d,4958,174,25,21,5.983563423156738
4958,1520616972.270697,1,pnp,4959,155,35,31,0.9066739082336426
4959,1520616972.3206992,1,pnp,4960,140,45,38,0.8928173184394836
4960,1520616972.3707001,1,pnp,4961,132,35,28,0.8926405310630798
4961,1520616972.4207022,1,pnp,4962,117,29,28,0.9807226657867432
4962,1520616972.4707031,1,3d3d,4963,110,24,20,2.7331228256225586
4963,1520616972.5207052,1,pnp,4964,124,36,27,0.9640513062477112
4964,1520616972.572062,1,pnp+dense-dense,4965,333,37,26,0.9198484420776367
4965,1520616972.622064,1,pnp+primary-dense,4966,356,40,29,0.9207485318183899
4966,1520616972.6720662,1,pnp+primary-dense,4967,341,37,32,0.9383953213691711
4967,1520616972.722067,1,pnp,4968,168,28,25,0.7622883319854736
4968,1520616972.7720692,1,3d3d,4969,180,29,19,1.5026452541351318
4969,1520616972.8220701,1,pnp,4970,170,34,29,0.7811183333396912
4970,1520616972.872072,1,pnp,4971,180,40,33,0.8147895336151123
4971,1520616972.9220731,1,pnp,4972,183,47,38,0.8507988452911377
4972,1520616972.9708989,1,pnp+dense-dense,4973,318,45,35,1.0976001024246216
4973,1520616973.0209,1,3d3d,4974,179,30,21,3.104315996170044
4974,1520616973.0709019,1,3d3d,4975,182,29,23,1.36307692527771
4975,1520616973.1209037,1,pnp,4976,201,34,28,0.8437045812606812
4976,1520616973.170906,1,pnp,4977,217,40,32,0.6378434896469116
4977,1520616973.2209067,1,pnp,4978,198,31,27,0.6568577885627747
4978,1520616973.270909,1,pnp,4979,190,45,39,0.839177131652832
4979,1520616973.32091,1,pnp,4980,200,42,35,0.886001706123352
4980,1520616973.369652,1,3d3d,4981,125,33,29,3.7932305335998535
4981,1520616973.4196532,1,pnp,4982,127,38,30,1.0075907707214355
4982,1520616973.469655,1,pnp,4983,139,38,32,0.8597460389137268
4983,1520616973.519656,1,pnp,4984,126,32,27,0.8437404632568359
4984,1520616973.5696592,1,pnp,4985,166,42,37,1.0320543050765991
4985,1520616973.6196601,1,pnp,4986,193,38,29,0.9781957864761353
4986,1520616973.669661,1,pnp,4987,229,42,33,0.9286549091339111
4987,1520616973.7196622,1,pnp,4988,212,35,26,0.807561457157135
4988,1520616973.7725,1,3d3d,4989,287,31,20,2.2355101108551025
4989,1520616973.8225062,1,pnp,4990,346,48,39,0.8243416547775269
4990,1520616973.872503,1,pnp,4991,331,43,33,0.9383141994476318
4991,1520616973.9225051,1,pnp,4992,332,40,34,0.8510199189186096
4992,1520616973.9725063,1,pnp,4993,345,41,30,1.0203776359558105
4993,1520616974.0225081,1,pnp,4994,368,43,35,0.9884071350097656
4994,1520616974.0725093,1,pnp,4995,387,32,25,0.8528153896331787
4995,1520616974.1225111,1,3d3d,4996,370,30,23,4.923612117767334
4996,1520616974.172512,1,pnp,4997,283,27,26,0.9313939213752747
4997,1520616974.2230196,1,pnp,4998,277,33,29,0.869166910648346
4998,1520616974.2730215,1,pnp,4999,269,46,41,0.8198684453964233
4999,1520616974.3230226,1,pnp,5000,254,46,41,0.7735658884048462
5000,1520616974.3730247,1,pnp,5001,257,53,46,0.906963586807251
5001,1520616974.4230256,1,pnp,5002,269,47,42,0.9272470474243164
5002,1520616974.4730277,1,pnp,5003,270,50,43,0.8072066307067871
5003,1520616974.5230286,1,pnp,5004,243,47,40,0.8100104928016663
5004,1520616974.5730305,1,pnp,5005,231,46,38,0.782638430595398
5005,1520616974.6235375,1,pnp,5006,235,41,34,0.940717339515686
5006,1520616974.6735394,1,pnp,5007,236,43,35,0.9727644920349121
5007,1520616974.7235413,1,pnp,5008,272,41,40,0.8944501280784607
5008,1520616974.7735424,1,pnp,5009,252,42,39,0.8209622502326965
5009,1520616974.8235445,1,pnp,5010,214,41,35,0.8328338265419006
5010,1520616974.8735464,1,pnp,5011,213,47,40,0.8593409657478333
5011,1520616974.9235475,1,pnp,5012,234,45,38,0.9340423345565796
5012,1520616974.9735494,1,pnp,5013,271,47,45,0.8172191977500916
5013,1520616975.024249,1,pnp,5014,288,56,47,0.8169063329696655
5014,1520616975.0742512,1,pnp,5015,313,63,57,0.9467494487762451
5015,1520616975.1242523,1,pnp,5016,386,64,54,0.8755866289138794
5016,1520616975.1742542,1,pnp,5017,376,64,55,0.7285955548286438
5017,1520616975.224256,1,pnp,5018,361,59,54,0.7491583228111267
5018,1520616975.2742572,1,pnp,5019,342,68,59,0.8897130489349365
5019,1520616975.3242593,1,pnp,5020,375,75,59,0.905531108379364
5020,1520616975.3742604,1,pnp,5021,378,64,48,0.9418272972106934
5021,1520616975.424301,1,pnp,5022,391,60,50,0.9526960253715515
5022,1520616975.474306,1,pnp,5023,376,64,58,0.8763751983642578
5023,1520616975.524304,1,pnp,5024,345,77,59,0.8443149328231812
5024,1520616975.574305,1,pnp,5025,310,56,45,0.9131268262863159
5025,1520616975.6243072,1,pnp,5026,330,49,38,1.030056357383728
5026,1520616975.6743078,1,pnp,5027,278,40,33,0.8204854130744934
5027,1520616975.7243102,1,pnp,5028,218,37,33,0.7456915378570557
5028,1520616975.774311,1,pnp,5029,223,38,35,0.6535040140151978
5029,1520616975.8242743,1,pnp,5030,232,50,42,0.8243514895439148
5030,1520616975.8742762,1,pnp,5031,264,47,40,1.0139045715332031
5031,1520616975.924277,1,pnp,5032,281,50,44,0.9065234065055847
5032,1520616975.9742792,1,pnp,5033,249,43,34,0.8687978982925415
5033,1520616976.02428,1,pnp,5034,239,32,28,0.8259944319725037
5034,1520616976.0742824,1,pnp,5035,269,41,37,0.6823989152908325
5035,1520616976.1242833,1,pnp,5036,290,31,28,0.8258805871009827
5036,1520616976.1742852,1,pnp,5037,294,33,26,0.8848391175270081
5037,1520616976.222926,1,pnp,5038,236,38,27,0.81724613904953
5038,1520616976.272928,1,pnp,5039,205,40,30,0.9588342905044556
5039,1520616976.32293,1,pnp,5040,190,34,30,0.9343053102493286
5040,1520616976.372931,1,3d3d,5041,181,30,23,1.8188058137893677
5041,1520616976.422933,1,pnp,5042,185,28,27,0.7076749205589294
5042,1520616976.472935,1,pnp,5043,195,27,25,0.7298179864883423
5043,1520616976.5229359,1,pnp,5044,216,40,37,0.7828654050827026
5044,1520616976.572938,1,pnp,5045,229,59,49,0.8826396465301514
5045,1520616976.6229389,1,pnp,5046,226,63,58,0.7955139875411987
5046,1520616976.6718106,1,pnp,5047,215,63,56,0.9311195611953735
5047,1520616976.7218125,1,pnp,5048,258,57,50,0.9429115653038025
5048,1520616976.7718136,1,pnp,5049,257,54,44,1.0055712461471558
5049,1520616976.8218145,1,pnp,5050,258,51,42,0.83786940574646
5050,1520616976.8718166,1,pnp,5051,271,61,54,0.9296533465385437
5051,1520616976.9218187,1,pnp,5052,301,52,44,0.9631818532943726
5052,1520616976.9718196,1,pnp,5053,308,58,42,0.9059739708900452
5053,1520616977.0218215,1,pnp,5054,296,48,40,0.8676133155822754
5054,1520616977.0705922,1,pnp,5055,242,52,37,0.9741576910018921
5055,1520616977.120594,1,pnp,5056,233,47,42,0.8571702837944031
5056,1520616977.170696,1,pnp,5057,199,42,37,0.779586136341095
5057,1520616977.220597,1,pnp,5058,204,46,36,0.8582532405853271
5058,1520616977.270598,1,pnp,5059,224,48,41,0.8769597411155701
5059,1520616977.3206003,1,pnp,5060,220,45,39,0.7990622520446777
5060,1520616977.370601,1,pnp,5061,237,51,47,0.7177413105964661
5061,1520616977.420603,1,pnp,5062,242,42,36,0.7821623682975769
5062,1520616977.4697173,1,pnp,5063,214,47,41,0.6946455240249634
5063,1520616977.5197184,1,pnp,5064,234,45,40,0.8641634583473206
5064,1520616977.5697205,1,pnp,5065,253,39,34,0.9652337431907654
5065,1520616977.6197217,1,pnp,5066,259,38,33,0.9867162704467773
5066,1520616977.6697235,1,pnp,5067,319,46,40,0.8843019604682922
5067,1520616977.7197244,1,pnp,5068,321,47,45,0.8364272713661194
5068,1520616977.7697265,1,pnp,5069,334,57,50,0.8902912735939026
5069,1520616977.8197274,1,pnp,5070,332,49,42,0.8458413481712341
5070,1520616977.8686438,1,pnp,5071,327,59,48,0.8500363826751709
5071,1520616977.9186459,1,pnp,5072,352,64,46,0.914642870426178
5072,1520616977.9686468,1,pnp,5073,363,66,54,0.8501331210136414
5073,1520616978.0186486,1,pnp,5074,392,68,53,1.0123605728149414
5074,1520616978.068651,1,pnp,5075,433,68,56,0.9174458384513855
5075,1520616978.1186516,1,pnp,5076,434,63,50,0.9473925232887268
5076,1520616978.1686525,1,pnp,5077,442,52,42,0.8627983927726746
5077,1520616978.2186558,1,pnp,5078,410,48,43,0.767218828201294
5078,1520616978.2671955,1,pnp,5079,345,52,43,0.8448785543441772
5079,1520616978.3171964,1,pnp,5080,364,59,48,0.9324882626533508
5080,1520616978.3671982,1,pnp,5081,340,66,51,0.9076142907142639
5081,1520616978.4172006,1,pnp,5082,301,62,50,0.971525251865387
5082,1520616978.4672015,1,pnp,5083,308,70,61,0.9137334823608398
5083,1520616978.5172036,1,pnp,5084,304,64,52,0.8648152351379395
5084,1520616978.5672045,1,pnp,5085,300,62,48,0.9235779047012329
5085,1520616978.6172063,1,pnp,5086,316,49,39,0.6845346093177795
5086,1520616978.6666179,1,pnp,5087,283,53,46,0.8535415530204773
5087,1520616978.7166228,1,pnp,5088,272,52,47,0.9051141142845154
5088,1520616978.7666209,1,pnp,5089,300,56,50,0.7708430290222168
5089,1520616978.816695,1,pnp,5090,273,67,60,0.8392791748046875
5090,1520616978.8666239,1,pnp,5091,286,53,46,0.8197027444839478
5091,1520616978.9166257,1,pnp,5092,276,58,51,0.8082705140113831
5092,1520616978.966627,1,pnp,5093,291,56,43,0.8853464722633362
5093,1520616979.0166287,1,pnp,5094,259,44,38,0.7063387632369995
5094,1520616979.0666308,1,pnp,5095,277,46,44,0.7649905681610107
5095,1520616979.1162884,1,pnp,5096,265,44,42,0.6927366852760315
5096,1520616979.1662903,1,pnp,5097,275,62,53,0.9661949276924133
5097,1520616979.2162914,1,pnp,5098,286,51,43,0.8266617655754089
5098,1520616979.2662933,1,pnp,5099,312,51,42,0.9056039452552795
5099,1520616979.3162944,1,pnp,5100,340,63,54,0.8148773908615112
5100,1520616979.3662965,1,pnp,5101,365,58,46,0.811987042427063
5101,1520616979.4162972,1,pnp,5102,368,60,49,0.8838284611701965
5102,1520616979.4662995,1,pnp,5103,366,63,54,0.9573639035224915
5103,1520616979.5159602,1,pnp,5104,343,56,52,0.8041242361068726
5104,1520616979.5659611,1,pnp,5105,344,65,54,0.7856242060661316
5105,1520616979.6159632,1,pnp,5106,333,72,63,0.8800026774406433
5106,1520616979.6659641,1,pnp,5107,367,75,63,0.7795765399932861
5107,1520616979.715966,1,pnp,5108,370,75,58,0.767750084400177
5108,1520616979.7659683,1,pnp,5109,401,73,62,0.9875168800354004
5109,1520616979.8159702,1,pnp,5110,397,77,66,0.9805911183357239
5110,1520616979.865971,1,pnp,5111,442,74,63,0.8224217295646667
5111,1520616979.9157887,1,pnp,5112,413,75,64,0.975164532661438
5112,1520616979.9657905,1,pnp,5113,422,77,60,0.9387145042419434
5113,1520616980.0157924,1,pnp,5114,434,66,58,0.8854268193244934
5114,1520616980.0657947,1,pnp,5115,437,84,72,0.8473193645477295
5115,1520616980.1157956,1,pnp,5116,398,83,75,0.8323416709899902
5116,1520616980.1657996,1,pnp,5117,431,79,66,0.9649440050125122
5117,1520616980.2157986,1,pnp,5118,420,80,64,0.9354647994041443
5118,1520616980.2657995,1,pnp,5119,367,77,68,0.8413668870925903
5119,1520616980.3161519,1,pnp,5120,442,74,70,0.8523728847503662
5120,1520616980.3661528,1,pnp,5121,431,72,60,0.7092970609664917
5121,1520616980.4161549,1,pnp,5122,421,71,65,0.8875539302825928
5122,1520616980.466204,1,pnp,5123,387,62,53,0.8464922904968262
5123,1520616980.5161579,1,pnp,5124,394,66,55,0.9780586957931519
5124,1520616980.56616,1,pnp,5125,369,61,54,0.7402614951133728
5125,1520616980.6161609,1,pnp,5126,390,61,50,0.7661694288253784
5126,1520616980.666163,1,pnp,5127,425,56,48,0.753247082233429
5127,1520616980.716925,1,pnp,5128,558,90,69,0.8531542420387268
5128,1520616980.766927,1,pnp,5129,576,92,74,0.8902072906494141
5129,1520616980.8169281,1,pnp,5130,586,100,90,0.7341123223304749
5130,1520616980.86693,1,pnp,5131,597,117,96,0.795956552028656
5131,1520616980.916931,1,pnp,5132,612,103,86,0.8679486513137817
5132,1520616980.966933,1,pnp,5133,571,106,91,0.9023754000663757
5133,1520616981.016934,1,pnp,5134,547,98,87,0.780076265335083
5134,1520616981.0669363,1,pnp,5135,508,100,80,0.8588353395462036
5135,1520616981.116938,1,pnp,5136,502,93,72,0.8823501467704773
5136,1520616981.166482,1,pnp,5137,441,95,83,0.9398945569992065
5137,1520616981.2164843,1,pnp,5138,425,87,73,0.8978673219680786
5138,1520616981.2664862,1,pnp,5139,410,85,71,0.757275402545929
5139,1520616981.316487,1,pnp,5140,387,89,84,0.8121512532234192
5140,1520616981.3664882,1,pnp,5141,376,104,92,0.8502892851829529
5141,1520616981.41649,1,pnp,5142,384,77,67,0.8882816433906555
5142,1520616981.466492,1,pnp,5143,359,83,73,0.9293173551559448
5143,1520616981.5164943,1,pnp,5144,356,82,75,0.8512005805969238
5144,1520616981.566055,1,pnp,5145,288,64,55,0.7746778130531311
5145,1520616981.6160562,1,pnp,5146,269,54,49,0.838900625705719
5146,1520616981.666058,1,pnp,5147,272,56,49,0.8811075091362
5147,1520616981.71606,1,pnp,5148,284,47,43,0.9904820919036865
5148,1520616981.766061,1,pnp,5149,251,47,43,0.7143157124519348
5149,1520616981.8160632,1,pnp,5150,256,51,44,0.8507720232009888
5150,1520616981.866065,1,pnp,5151,252,54,48,0.9155293703079224
5151,1520616981.9160662,1,pnp,5152,257,62,60,0.9388279914855957
5152,1520616981.9657755,1,pnp,5153,217,50,47,0.8773112893104553
5153,1520616982.0157757,1,pnp,5154,222,56,52,0.8174441456794739
5154,1520616982.0657775,1,pnp,5155,222,67,61,0.8476058840751648
5155,1520616982.1157987,1,pnp,5156,205,48,44,0.6432039737701416
5156,1520616982.1657805,1,pnp,5157,218,50,45,0.7137593626976013
5157,1520616982.2157815,1,pnp,5158,213,57,53,0.7236829996109009
5158,1520616982.2657835,1,pnp,5159,226,45,40,0.827114999294281
5159,1520616982.3157845,1,pnp,5160,237,47,39,0.9730082154273987
5160,1520616982.365704,1,pnp,5161,212,46,41,0.895017683506012
5161,1520616982.415705,1,pnp,5162,219,51,44,0.8786041140556335
5162,1520616982.465707,1,pnp,5163,213,60,52,0.6899275779724121
5163,1520616982.515708,1,pnp,5164,202,60,53,0.8514100313186646
5164,1520616982.56571,1,pnp,5165,204,68,65,0.8081414699554443
5165,1520616982.615711,1,pnp,5166,214,60,57,0.9175840020179749
5166,1520616982.665713,1,pnp,5167,213,54,46,0.842623770236969
5167,1520616982.7157152,1,pnp,5168,199,61,52,0.8774424195289612
5168,1520616982.7658176,1,pnp,5169,222,57,45,0.8574840426445007
5169,1520616982.8158195,1,pnp,5170,239,66,54,0.8810729384422302
5170,1520616982.8658204,1,pnp,5171,222,64,57,0.7788301706314087
5171,1520616982.9158227,1,pnp,5172,221,66,54,0.8024019598960876
5172,1520616982.9658237,1,pnp,5173,197,56,50,0.7352697253227234
5173,1520616983.0158255,1,pnp,5174,200,57,47,0.7601900696754456
5174,1520616983.0658276,1,pnp,5175,200,66,55,0.8349973559379578
5175,1520616983.1158297,1,pnp,5176,190,67,58,0.9233799576759338
5176,1520616983.1658835,1,pnp,5177,202,60,48,1.1367738246917725
5177,1520616983.2158854,1,pnp,5178,208,62,54,0.8306267857551575
5178,1520616983.2658875,1,pnp,5179,182,66,58,0.92815101146698
5179,1520616983.3158884,1,pnp,5180,194,64,59,0.8368036150932312
5180,1520616983.3658905,1,pnp,5181,185,58,48,0.7694695591926575
5181,1520616983.4158916,1,pnp,5182,181,58,53,0.7950469255447388
5182,1520616983.4658926,1,pnp,5183,184,53,48,0.9085851311683655
5183,1520616983.5158947,1,pnp,5184,170,44,36,0.8887678980827332
5184,1520616983.5658956,1,pnp,5185,176,53,48,0.8568741679191589
5185,1520616983.6157238,1,pnp,5186,158,51,45,0.9720647931098938
5186,1520616983.665725,1,pnp,5187,157,40,35,0.8291696906089783
5187,1520616983.7157269,1,pnp,5188,151,42,39,0.7953855991363525
5188,1520616983.765729,1,pnp,5189,149,34,30,0.8428645133972168
5189,1520616983.81573,1,pnp,5190,167,28,25,0.834794282913208
5190,1520616983.865732,1,pnp,5191,161,33,31,0.8791108727455139
5191,1520616983.915733,1,pnp,5192,147,33,29,0.7867112755775452
5192,1520616983.965735,1,pnp,5193,143,35,28,0.9575189352035522
5193,1520616984.0155785,1,pnp,5194,121,29,28,0.814468264579773
5194,1520616984.0655804,1,pnp,5195,129,31,28,1.0059906244277954
5195,1520616984.1155813,1,pnp,5196,156,35,32,0.9400510787963867
5196,1520616984.1655834,1,pnp,5197,206,42,31,0.9584909677505493
5197,1520616984.2155855,1,pnp,5198,196,35,28,0.9228678941726685
5198,1520616984.2655864,1,3d3d,5199,236,25,24,2.3651950359344482
5199,1520616984.3155885,1,3d3d,5200,228,29,22,2.2812728881835938
5200,1520616984.3655894,1,3d3d,5201,211,21,17,2.62518572807312
5201,1520616984.4156408,1,pnp,5202,232,27,25,0.9780859351158142
5202,1520616984.465642,1,pnp,5203,223,37,33,0.7139676809310913
5203,1520616984.515644,1,pnp,5204,242,38,32,0.8982857465744019
5204,1520616984.565646,1,pnp,5205,214,54,50,0.8762342929840088
5205,1520616984.615647,1,pnp,5206,211,60,50,0.766694962978363
5206,1520616984.665649,1,pnp,5207,206,35,30,0.8439823985099792
5207,1520616984.7156498,1,pnp,5208,229,45,39,1.053615927696228
5208,1520616984.7656522,1,pnp,5209,257,45,39,0.9296517968177795
5209,1520616984.815819,1,pnp,5210,295,40,35,0.885308563709259
5210,1520616984.86582,1,pnp,5211,269,43,38,0.8376767635345459
5211,1520616984.9158223,1,pnp,5212,300,38,29,0.9007126688957214
5212,1520616984.9658241,1,pnp,5213,306,36,30,0.908684492111206
5213,1520616985.015825,1,pnp,5214,284,37,31,0.8493586182594299
5214,1520616985.0658262,1,pnp,5215,258,36,32,0.8649533987045288
5215,1520616985.115828,1,pnp,5216,251,39,30,0.7469890713691711
5216,1520616985.1658292,1,pnp,5217,278,44,36,0.9444788694381714
5217,1520616985.215872,1,pnp,5218,298,48,41,0.9711908102035522
5218,1520616985.265874,1,pnp,5219,320,44,36,1.0257811546325684
5219,1520616985.315875,1,pnp,5220,322,47,42,0.8621549606323242
5220,1520616985.3658772,1,pnp,5221,361,35,28,1.0172134637832642
5221,1520616985.4158812,1,pnp,5222,336,48,40,0.9605249762535095
5222,1520616985.4658802,1,pnp,5223,323,35,30,0.8808181881904602
5223,1520616985.515881,1,pnp,5224,283,34,29,1.0031607151031494
5224,1520616985.565883,1,pnp,5225,290,43,36,0.8396289348602295
5225,1520616985.615884,1,pnp,5226,283,62,53,0.9385663866996765
5226,1520616985.6657364,1,pnp,5227,242,57,50,0.8250253796577454
5227,1520616985.7157376,1,pnp,5228,232,58,52,0.8640124797821045
5228,1520616985.7657397,1,pnp,5229,230,52,47,0.8601714372634888
5229,1520616985.8157418,1,pnp,5230,228,56,48,0.9605529308319092
5230,1520616985.8657427,1,pnp,5231,215,35,28,0.8264944553375244
5231,1520616985.9157445,1,pnp,5232,223,40,35,0.9508969187736511
5232,1520616985.9657457,1,pnp,5233,228,40,32,0.865243136882782
5233,1520616986.0157478,1,pnp,5234,258,33,28,0.9069475531578064
5234,1520616986.0659761,1,3d3d,5235,342,28,18,2.429429531097412
5235,1520616986.115978,1,pnp,5236,309,39,37,0.8238414525985718
5236,1520616986.165979,1,pnp,5237,300,31,28,0.8840510249137878
5237,1520616986.2159812,1,pnp,5238,322,35,30,0.7868021130561829
5238,1520616986.265983,1,pnp,5239,329,31,27,0.8414122462272644
5239,1520616986.315984,1,pnp,5240,320,53,47,0.8995069861412048
5240,1520616986.365986,1,pnp,5241,343,57,47,0.9572315216064453
5241,1520616986.415988,1,pnp,5242,273,55,43,0.9704647660255432
5242,1520616986.4660952,1,pnp,5243,280,56,48,0.9167278409004211
5243,1520616986.516097,1,pnp,5244,265,72,61,0.9608744978904724
5244,1520616986.566098,1,pnp,5245,306,46,38,0.9998503923416138
5245,1520616986.6161,1,pnp,5246,310,54,46,1.0963548421859741
5246,1520616986.6661022,1,pnp,5247,428,51,37,0.9556902050971985
5247,1520616986.716103,1,pnp,5248,443,37,30,0.9384709596633911
5248,1520616986.7661042,1,pnp,5249,406,44,37,0.986769437789917
5249,1520616986.816106,1,pnp,5250,372,47,36,0.9324223399162292
5250,1520616986.8659794,1,pnp,5251,288,62,51,1.1032503843307495
5251,1520616986.9159825,1,pnp,5252,274,62,56,0.8989495038986206
5252,1520616986.9659834,1,pnp,5253,278,45,37,1.0444526672363281
5253,1520616987.0159845,1,pnp,5254,270,42,38,0.8441559672355652
5254,1520616987.0659864,1,pnp,5255,254,34,31,0.8700696229934692
5255,1520616987.1160743,1,pnp,5256,204,41,36,0.8797918558120728
5256,1520616987.1659894,1,pnp,5257,198,30,26,0.8183460235595703
5257,1520616987.2159903,1,3d3d,5258,188,27,26,2.7788774967193604
5258,1520616987.2666054,1,pnp,5259,412,40,36,0.7644049525260925
5259,1520616987.3166063,1,pnp,5260,407,89,75,0.8715662360191345
5260,1520616987.3666084,1,pnp,5261,393,62,56,0.8867591023445129
5261,1520616987.4166093,1,pnp,5262,363,44,39,0.7893306016921997
5262,1520616987.4666114,1,pnp,5263,353,43,35,0.7227149605751038
5263,1520616987.5166135,1,pnp,5264,390,45,40,0.7242656946182251
5264,1520616987.5666144,1,pnp,5265,447,45,36,0.8630826473236084
5265,1520616987.6166162,1,pnp,5266,506,67,55,0.9949542284011841
5266,1520616987.6666224,1,pnp,5267,477,68,51,0.9851158261299133
5267,1520616987.7166243,1,pnp,5268,433,73,56,0.9358654022216797
5268,1520616987.7666252,1,pnp,5269,383,61,51,0.8981679677963257
5269,1520616987.8166273,1,pnp,5270,382,81,69,0.7741320133209229
5270,1520616987.8666291,1,pnp,5271,385,88,84,0.7316885590553284
5271,1520616987.91663,1,pnp,5272,395,64,53,0.892328679561615
5272,1520616987.9666324,1,pnp,5273,433,76,63,0.8762911558151245
5273,1520616988.0166333,1,pnp,5274,466,58,46,0.9190024733543396
5274,1520616988.066636,1,pnp,5275,460,64,49,1.0490468740463257
5275,1520616988.115685,1,3d3d,5276,345,26,21,3.1972475051879883
5276,1520616988.1656878,1,3d3d,5277,333,28,18,5.714550971984863
5277,1520616988.215689,1,pnp,5278,261,28,26,0.8762479424476624
5278,1520616988.265691,1,pnp,5279,93,30,26,0.838657796382904
5279,1520616988.315692,1,3d3d,5280,76,24,21,2.086186408996582
5280,1520616988.365694,1,3d3d,5281,69,17,15,1.5882325172424316
5281,1520616988.415695,1,3d3d,5282,75,19,18,1.1276202201843262
5282,1520616988.4656968,1,3d3d,5283,76,22,17,2.5743045806884766
5283,1520616988.516411,1,pnp+dense-primary,5284,397,38,30,0.7745450735092163
5284,1520616988.566413,1,pnp,5285,391,38,31,0.8128913640975952
5285,1520616988.616414,1,pnp,5286,398,46,43,0.895599365234375
5286,1520616988.666417,1,pnp,5287,356,60,54,0.9199154376983643
5287,1520616988.7164168,1,pnp,5288,342,63,55,0.9481390118598938
5288,1520616988.766475,1,pnp,5289,324,59,48,0.9087021946907043
5289,1520616988.8164198,1,pnp,5290,309,61,49,0.8805594444274902
5290,1520616988.866422,1,pnp,5291,315,73,67,0.817632794380188
5291,1520616988.9158988,1,pnp,5292,238,70,62,0.6545438766479492
5292,1520616988.965901,1,pnp,5293,232,70,65,0.9415768384933472
5293,1520616989.0159028,1,pnp,5294,255,53,44,0.8895140290260315
5294,1520616989.0659037,1,pnp,5295,245,54,39,1.0094455480575562
5295,1520616989.115906,1,pnp,5296,275,35,25,1.016355037689209
5296,1520616989.1659067,1,pnp,5297,303,45,37,0.8588329553604126
5297,1520616989.2159088,1,pnp,5298,337,42,35,0.764991283416748
5298,1520616989.26591,1,pnp,5299,270,51,43,0.9174761772155762
5299,1520616989.3158042,1,pnp,5300,161,32,29,0.7393894195556641
5300,1520616989.3658051,1,3d3d,5301,101,23,21,2.3487839698791504
5301,1520616989.415807,1,pnp,5302,98,37,34,0.8241421580314636
5302,1520616989.4658093,1,pnp+dense-dense,5303,294,74,66,0.8438407778739929
5303,1520616989.5158103,1,3d3d,5304,100,21,16,4.996355056762695
5304,1520616989.565812,1,pnp,5305,92,44,40,0.6300243139266968
5305,1520616989.6158142,1,3d3d,5306,88,25,23,2.4404079914093018
5306,1520616989.665815,1,pnp+dense-dense,5307,240,51,44,0.9746769666671753
5307,1520616989.7173254,1,3d3d,5308,319,25,20,3.9037342071533203
5308,1520616989.7673273,1,pnp,5309,367,30,28,0.7098006010055542
5309,1520616989.8173285,1,pnp,5310,387,65,57,0.9156266450881958
5310,1520616989.8673303,1,pnp,5311,398,75,60,0.9776498675346375
5311,1520616989.9173315,1,pnp,5312,383,75,63,0.9280392527580261
5312,1520616989.9673336,1,pnp,5313,385,91,80,0.847800076007843
5313,1520616990.0173345,1,pnp,5314,380,95,85,0.8489999771118164
5314,1520616990.0673356,1,pnp,5315,395,87,70,0.8585832715034485
5315,1520616990.1159248,1,3d3d,5316,211,29,28,1.8176056146621704
5316,1520616990.1659267,1,pnp,5317,185,36,28,0.9762375354766846
5317,1520616990.2159276,1,3d3d,5318,208,25,24,1.9282878637313843
5318,1520616990.26593,1,3d3d,5319,164,28,27,2.22525691986084
5319,1520616990.3159306,1,pnp,5320,136,33,31,1.0104314088821411
5320,1520616990.3659327,1,pnp,5321,144,27,25,0.873775064945221
5321,1520616990.4159608,1,pnp,5322,130,31,28,0.9259849190711975
5322,1520616990.4659357,1,3d3d,5323,116,27,20,4.521700382232666
5323,1520616990.5159366,1,pnp,5324,116,33,30,0.9838905930519104
5324,1520616990.5661013,1,pnp,5325,158,43,42,0.8867756724357605
5325,1520616990.6161025,1,pnp,5326,153,54,52,0.6633654832839966
5326,1520616990.6661043,1,pnp,5327,152,47,39,0.7959867715835571
5327,1520616990.7161064,1,pnp,5328,172,42,35,0.9227027297019958
5328,1520616990.7661076,1,3d3d,5329,178,28,22,2.0452051162719727
5329,1520616990.8161094,1,pnp,5330,192,39,30,1.0014724731445312
5330,1520616990.8661106,1,pnp,5331,255,34,28,1.0030205249786377
5331,1520616990.9161124,1,3d3d,5332,298,16,16,4.323071002960205
5332,1520616990.96614,1,3d3d,5333,265,22,15,4.2582526206970215
5333,1520616991.0161421,1,3d3d,5334,257,25,18,1.9168273210525513
5334,1520616991.066144,1,pnp,5335,264,55,48,0.9460649490356445
5335,1520616991.116145,1,pnp,5336,294,75,67,0.930233359336853
5336,1520616991.1661472,1,pnp,5337,297,77,76,0.874325156211853
5337,1520616991.216149,1,pnp,5338,296,54,50,0.9658924341201782
5338,1520616991.26615,1,pnp,5339,294,46,39,0.8718221187591553
5339,1520616991.3161511,1,pnp,5340,291,49,43,0.9859007596969604
5340,1520616991.3660855,1,pnp,5341,291,46,35,0.9906167984008789
5341,1520616991.4160874,1,pnp,5342,279,40,31,0.9344053268432617
5342,1520616991.4660883,1,pnp,5343,253,36,29,0.9772335290908813
5343,1520616991.5160916,1,pnp,5344,230,47,38,0.9892631769180298
5344,1520616991.5660925,1,pnp,5345,230,45,40,0.9032160043716431
5345,1520616991.6160934,1,pnp,5346,223,45,36,0.9958614706993103
5346,1520616991.6660955,1,pnp,5347,220,49,46,0.7869435548782349
5347,1520616991.7160964,1,pnp,5348,194,44,36,1.0880624055862427
5348,1520616991.765949,1,pnp,5349,163,54,49,0.9678757190704346
5349,1520616991.8159509,1,pnp,5350,175,41,33,0.9485824108123779
5350,1520616991.865952,1,pnp,5351,219,33,30,1.0454375743865967
5351,1520616991.915953,1,pnp,5352,211,30,25,0.8865880370140076
5352,1520616991.965955,1,3d3d,5353,264,23,21,4.399740695953369
5353,1520616992.015957,1,pnp+loose,5354,293,44,42,1.1384596824645996
5354,1520616992.065958,1,pnp,5355,288,30,29,0.8224852085113525
5355,1520616992.115959,1,pnp,5356,222,30,28,0.878385066986084
5356,1520616992.165961,1,pnp,5357,242,34,27,0.9664791822433472
5357,1520616992.215963,1,pnp,5358,265,40,36,0.8396552801132202
5358,1520616992.2659638,1,pnp,5359,266,44,40,0.8309740424156189
5359,1520616992.3159661,1,pnp,5360,243,43,37,0.9136078953742981
5360,1520616992.365967,1,pnp,5361,233,59,54,0.7728011608123779
5361,1520616992.415969,1,pnp,5362,228,50,45,0.7030700445175171
5362,1520616992.46597,1,pnp,5363,245,44,37,1.0188037157058716
5363,1520616992.515972,1,pnp,5364,239,44,37,0.9902042150497437
5364,1520616992.5659728,1,pnp,5365,232,34,30,0.953901469707489
5365,1520616992.6159775,1,pnp,5366,277,33,26,0.9238389134407043
5366,1520616992.6659794,1,pnp,5367,327,40,36,0.898311197757721
5367,1520616992.7159803,1,pnp,5368,298,45,39,0.9178825616836548
5368,1520616992.7659826,1,pnp,5369,306,41,35,0.8281710743904114
5369,1520616992.8159835,1,pnp,5370,339,43,35,0.923001766204834
5370,1520616992.8659854,1,pnp,5371,301,54,42,0.9656565189361572
5371,1520616992.9159865,1,pnp,5372,262,40,39,0.927171528339386
5372,1520616992.9659884,1,pnp,5373,259,49,41,0.964394211769104
5373,1520616993.01592,1,pnp,5374,241,49,45,0.9172736406326294
5374,1520616993.0659223,1,pnp,5375,239,65,57,0.8771747350692749
5375,1520616993.115923,1,pnp,5376,247,41,36,1.0603033304214478
5376,1520616993.165924,1,pnp,5377,268,33,29,1.1786562204360962
5377,1520616993.2159262,1,pnp,5378,343,36,28,0.8272945880889893
5378,1520616993.265928,1,3d3d,5379,308,32,26,2.327106237411499
5379,1520616993.3159292,1,3d3d,5380,294,26,18,2.3029532432556152
5380,1520616993.36593,1,pnp,5381,231,29,25,0.9926258325576782
5381,1520616993.4159555,1,3d3d,5382,187,21,18,2.0917603969573975
5382,1520616993.4659576,1,3d3d,5383,201,22,19,3.1283833980560303
5383,1520616993.5159585,1,pnp,5384,214,35,29,0.939393937587738
5384,1520616993.5659606,1,pnp,5385,203,44,41,0.7512248754501343
5385,1520616993.6159627,1,pnp,5386,225,55,51,0.787517786026001
5386,1520616993.6659636,1,pnp,5387,230,65,60,0.7141116857528687
5387,1520616993.7159648,1,pnp,5388,211,62,55,0.9245163798332214
5388,1520616993.7659667,1,pnp,5389,206,42,34,0.9830831289291382
5389,1520616993.816106,1,pnp,5390,224,40,33,0.897323489189148
5390,1520616993.866107,1,pnp,5391,216,39,34,1.0391974449157715
5391,1520616993.9161088,1,pnp,5392,222,33,26,0.8842785954475403
5392,1520616993.96611,1,3d3d,5393,286,28,21,2.099106788635254
5393,1520616994.0161119,1,pnp,5394,326,28,25,0.9934786558151245
5394,1520616994.0661128,1,pnp,5395,297,35,30,0.8832178115844727
5395,1520616994.116115,1,pnp,5396,282,33,25,0.8126328587532043
5396,1520616994.166116,1,pnp,5397,279,40,39,0.8565421104431152
5397,1520616994.2160823,1,pnp,5398,266,49,42,0.8807487487792969
5398,1520616994.2660842,1,pnp,5399,259,60,56,0.8730728030204773
5399,1520616994.3160853,1,pnp,5400,257,55,50,0.9932959079742432
5400,1520616994.3660872,1,pnp,5401,253,48,39,1.0521293878555298
5401,1520616994.416088,1,pnp,5402,292,44,36,0.9395598769187927
5402,1520616994.4660904,1,pnp,5403,346,44,41,0.9833317399024963
5403,1520616994.5160913,1,pnp,5404,339,44,39,0.9367672204971313
5404,1520616994.5660932,1,pnp,5405,261,49,43,0.9830266833305359
5405,1520616994.6160543,1,pnp,5406,262,51,45,0.8785108327865601
5406,1520616994.6660564,1,pnp,5407,244,37,29,0.9878681898117065
5407,1520616994.7160585,1,pnp,5408,253,43,34,0.8178325891494751
5408,1520616994.7660594,1,pnp,5409,215,36,34,0.6715232133865356
5409,1520616994.8160613,1,pnp,5410,191,47,39,0.7416930794715881
5410,1520616994.8660634,1,pnp,5411,192,41,37,0.7371622920036316
5411,1520616994.9160643,1,pnp,5412,206,44,37,0.9824203848838806
5412,1520616994.9660666,1,pnp,5413,200,56,53,0.7894983291625977
5413,1520616995.0160675,1,pnp,5414,223,63,56,0.7381113767623901
5414,1520616995.0662243,1,pnp,5415,244,64,57,0.9234030842781067
5415,1520616995.116225,1,pnp,5416,221,60,49,0.8052693605422974
5416,1520616995.166227,1,pnp,5417,201,46,41,0.7420487403869629
5417,1520616995.2162292,1,pnp,5418,197,44,35,0.8191575407981873
5418,1520616995.26623,1,pnp,5419,232,40,32,0.9427375197410583
5419,1520616995.316232,1,pnp,5420,243,41,34,0.9339057207107544
5420,1520616995.366233,1,3d3d,5421,203,27,23,1.8991496562957764
5421,1520616995.4163272,1,3d3d,5422,179,19,17,2.8558034896850586
5422,1520616995.4666102,1,pnp+dense-primary,5423,301,31,25,0.6900409460067749
5423,1520616995.5166125,1,3d3d,5424,336,27,24,3.337052345275879
5424,1520616995.5666134,1,pnp,5425,353,41,33,0.9977155923843384
5425,1520616995.6166153,1,pnp,5426,286,40,32,0.8635052442550659
5426,1520616995.6666164,1,pnp,5427,274,37,32,0.8485398292541504
5427,1520616995.7166183,1,pnp,5428,280,42,38,0.8043898344039917
5428,1520616995.7666194,1,pnp,5429,307,51,41,0.786880373954773
5429,1520616995.8166213,1,pnp,5430,345,51,44,1.0214351415634155
5430,1520616995.8661754,1,pnp,5431,302,41,36,0.9460293650627136
5431,1520616995.9161766,1,pnp,5432,326,53,44,0.920500636100769
5432,1520616995.9661784,1,pnp,5433,326,45,38,0.8883538246154785
5433,1520616996.0161793,1,pnp,5434,332,34,30,0.977408766746521
5434,1520616996.0661814,1,pnp,5435,320,43,37,0.9901784658432007
5435,1520616996.1161823,1,pnp,5436,309,61,52,0.9641348719596863
5436,1520616996.1661842,1,pnp,5437,251,51,41,0.8929793238639832
5437,1520616996.2161853,1,pnp,5438,247,44,38,0.9298909306526184
5438,1520616996.266078,1,pnp,5439,221,46,38,0.9404914379119873
5439,1520616996.3160799,1,pnp,5440,266,43,38,0.7989231944084167
5440,1520616996.3660812,1,pnp,5441,251,57,49,0.8808902502059937
5441,1520616996.416084,1,pnp,5442,290,59,53,0.8795132637023926
5442,1520616996.466085,1,pnp,5443,293,58,47,0.889264702796936
5443,1520616996.516086,1,pnp,5444,289,46,42,0.8811309337615967
5444,1520616996.566088,1,3d3d,5445,246,29,21,3.4034721851348877
5445,1520616996.6160889,1,pnp,5446,208,30,25,0.8804780840873718
5446,1520616996.6667225,1,3d3d,5447,294,27,20,2.370898485183716
5447,1520616996.7167234,1,pnp,5448,222,58,52,0.9793246984481812
5448,1520616996.7667255,1,pnp,5449,230,44,35,0.855100691318512
5449,1520616996.8167276,1,pnp,5450,256,40,33,0.803929328918457
5450,1520616996.8667285,1,pnp,5451,303,32,29,1.13021981716156
5451,1520616996.9167304,1,pnp,5452,339,39,33,0.793787956237793
5452,1520616996.9667315,1,pnp,5453,309,49,43,0.9855570793151855
5453,1520616997.0167325,1,pnp,5454,345,48,45,0.9889288544654846
5454,1520616997.0666108,1,pnp,5455,346,56,46,0.8446280360221863
5455,1520616997.1165478,1,pnp,5456,338,51,40,0.9260868430137634
5456,1520616997.1665487,1,pnp,5457,282,59,50,0.978265106678009
5457,1520616997.2165508,1,pnp,5458,320,53,46,0.8844518065452576
5458,1520616997.266552,1,pnp,5459,367,54,45,0.8892220258712769
5459,1520616997.3165538,1,pnp,5460,342,46,40,0.7617413401603699
5460,1520616997.366555,1,pnp,5461,387,41,34,0.8929495215415955
5461,1520616997.4165568,1,pnp,5462,398,52,46,0.9066154360771179
5462,1520616997.466559,1,pnp,5463,427,75,63,0.7027027010917664
5463,1520616997.5161371,1,pnp,5464,267,57,48,0.806648850440979
5464,1520616997.566139,1,pnp,5465,254,61,54,0.8363406658172607
5465,1520616997.61614,1,pnp,5466,237,49,43,0.924703061580658
5466,1520616997.666142,1,pnp,5467,213,43,37,0.9567903280258179
5467,1520616997.716143,1,pnp,5468,210,52,43,0.8710207939147949
5468,1520616997.7661448,1,pnp,5469,203,48,43,0.7913780212402344
5469,1520616997.816147,1,pnp,5470,205,46,42,0.8337259292602539
5470,1520616997.866148,1,pnp,5471,215,51,43,0.8550377488136292
5471,1520616997.9162033,1,pnp,5472,238,65,56,0.9629338383674622
5472,1520616997.9662044,1,pnp,5473,236,72,68,0.8508727550506592
5473,1520616998.0162065,1,pnp,5474,227,62,51,0.8896710276603699
5474,1520616998.0662084,1,pnp,5475,246,63,57,0.853879988193512
5475,1520616998.1162095,1,pnp,5476,268,74,65,0.8715357780456543
5476,1520616998.1662114,1,pnp,5477,273,79,68,1.017044186592102
5477,1520616998.2162132,1,pnp,5478,251,73,68,0.9786804914474487
5478,1520616998.2662146,1,pnp,5479,259,86,73,1.024948239326477
5479,1520616998.3162231,1,pnp,5480,250,99,84,0.8890549540519714
5480,1520616998.3662243,1,pnp,5481,264,93,82,0.9399584531784058
5481,1520616998.4162261,1,pnp,5482,268,103,94,0.8401511907577515
5482,1520616998.466227,1,pnp,5483,270,107,92,0.9386335611343384
5483,1520616998.5162292,1,pnp,5484,278,103,91,0.6546189188957214
5484,1520616998.56623,1,pnp,5485,268,94,81,0.7525767087936401
5485,1520616998.616232,1,pnp,5486,273,96,80,0.9173130989074707
5486,1520616998.6662333,1,pnp,5487,268,82,71,0.8693642616271973
5487,1520616998.7164195,1,pnp,5488,304,100,89,0.8839948177337646
5488,1520616998.7663815,1,pnp,5489,297,93,82,0.8503128886222839
5489,1520616998.8163834,1,pnp,5490,296,77,61,0.9398441314697266
5490,1520616998.8663843,1,pnp,5491,278,59,51,0.8776849508285522
5491,1520616998.9163864,1,pnp,5492,249,60,54,0.8625118732452393
5492,1520616998.9663873,1,pnp,5493,225,63,58,0.902624249458313
5493,1520616999.0163891,1,pnp,5494,227,51,48,0.9309098720550537
5494,1520616999.0663915,1,pnp,5495,218,55,53,0.8291170597076416
5495,1520616999.116469,1,pnp,5496,224,65,59,0.8767412304878235
5496,1520616999.1664708,1,pnp,5497,231,55,49,0.8608860373497009
5497,1520616999.2164717,1,pnp,5498,233,72,68,0.7956905364990234
5498,1520616999.2664738,1,pnp,5499,237,72,66,0.7729172706604004
5499,1520616999.3164747,1,pnp,5500,238,69,67,0.8347076773643494
5500,1520616999.3664765,1,pnp,5501,236,72,67,0.7315561175346375
5501,1520616999.4164777,1,pnp,5502,246,72,71,0.7029947638511658
5502,1520616999.4664798,1,pnp,5503,255,68,62,0.7283235192298889
5503,1520616999.5164816,1,pnp,5504,263,73,71,0.77323317527771
5504,1520616999.5667543,1,pnp,5505,310,71,64,0.8904116749763489
5505,1520616999.6167567,1,pnp,5506,316,72,66,0.8249787092208862
5506,1520616999.6667576,1,pnp,5507,321,72,67,0.8310004472732544
5507,1520616999.7167604,1,pnp,5508,318,77,72,0.9002776741981506
5508,1520616999.7667615,1,pnp,5509,296,71,69,0.8679885268211365
5509,1520616999.8167634,1,pnp,5510,292,68,56,0.8475173711776733
5510,1520616999.8667643,1,pnp,5511,298,61,56,0.8231856822967529
5511,1520616999.9167666,1,pnp,5512,321,72,63,1.007324457168579
5512,1520616999.9667928,1,pnp,5513,362,93,90,0.8632986545562744
5513,1520617000.0167978,1,pnp,5514,382,94,84,0.7832783460617065
5514,1520617000.0667956,1,pnp,5515,447,84,72,0.7132893800735474
5515,1520617000.1167977,1,pnp,5516,436,97,85,0.7423892617225647
5516,1520617000.1667986,1,pnp,5517,421,87,78,0.8972483277320862
5517,1520617000.2167997,1,pnp,5518,407,107,100,0.8451864123344421
5518,1520617000.2668018,1,pnp,5519,428,85,76,0.7719751000404358
5519,1520617000.3168037,1,pnp,5520,404,75,62,0.7971910834312439
5520,1520617000.3667455,1,pnp,5521,366,95,76,0.8364015817642212
5521,1520617000.4167356,1,pnp,5522,336,97,89,0.9000600576400757
5522,1520617000.4667366,1,pnp,5523,330,98,91,0.9023821353912354
5523,1520617000.5167387,1,pnp,5524,326,103,96,0.8017104268074036
5524,1520617000.5667396,1,pnp,5525,313,90,82,0.8649445176124573
5525,1520617000.6167414,1,pnp,5526,336,76,71,0.7559956908226013
5526,1520617000.6667438,1,pnp,5527,344,76,65,0.8171242475509644
5527,1520617000.7167447,1,pnp,5528,365,75,68,0.9541434049606323
5528,1520617000.7666173,1,pnp,5529,316,68,60,0.8286734223365784
5529,1520617000.816618,1,pnp,5530,312,71,61,0.7348355054855347
5530,1520617000.8666203,1,pnp,5531,306,69,59,0.8641282916069031
5531,1520617000.9166212,1,pnp,5532,325,73,63,0.8714584708213806
5532,1520617000.966623,1,pnp,5533,340,66,57,0.9047983884811401
5533,1520617001.0166242,1,pnp,5534,342,69,61,0.9560261368751526
5534,1520617001.066626,1,pnp,5535,361,52,44,1.0198051929473877
5535,1520617001.1166282,1,pnp,5536,366,56,51,0.7855023145675659
5536,1520617001.166699,1,pnp,5537,373,55,45,0.7368568181991577
5537,1520617001.2167008,1,pnp,5538,425,62,54,1.0437207221984863
5538,1520617001.2667017,1,pnp,5539,444,64,52,0.8429129719734192
5539,1520617001.3167038,1,pnp,5540,408,57,47,0.9575085043907166
5540,1520617001.3667057,1,pnp,5541,394,68,56,0.7866963148117065
5541,1520617001.4167066,1,pnp,5542,435,73,64,0.8268561959266663
5542,1520617001.466709,1,pnp,5543,432,76,65,0.8342214822769165
5543,1520617001.5167108,1,pnp,5544,394,77,64,0.7384243607521057
5544,1520617001.5667045,1,pnp,5545,435,86,76,0.8079979419708252
5545,1520617001.6167064,1,pnp,5546,451,82,69,0.906775176525116
5546,1520617001.6667075,1,pnp,5547,442,98,80,0.8845511078834534
5547,1520617001.7167094,1,pnp,5548,435,96,80,0.8946633338928223
5548,1520617001.7667103,1,pnp,5549,451,95,83,0.9204186797142029
5549,1520617001.8167126,1,pnp,5550,454,90,79,0.852821409702301
5550,1520617001.8667135,1,pnp,5551,494,99,75,0.9206809401512146
5551,1520617001.9167154,1,pnp,5552,509,101,81,0.8766729831695557
5552,1520617001.9666798,1,pnp,5553,456,87,72,0.9648456573486328
5553,1520617002.0166457,1,pnp,5554,420,98,82,0.9363625645637512
5554,1520617002.0666468,1,pnp,5555,435,72,59,0.9099047183990479
5555,1520617002.116649,1,pnp,5556,439,79,53,1.048202633857727
5556,1520617002.1666496,1,pnp,5557,407,72,55,1.093765377998352
5557,1520617002.216652,1,pnp,5558,406,66,55,0.9631922841072083
5558,1520617002.2666538,1,pnp,5559,377,78,62,0.8751274347305298
5559,1520617002.3166547,1,pnp,5560,383,87,69,0.9661275148391724
5560,1520617002.3666568,1,pnp,5561,383,92,79,0.9775688648223877
5561,1520617002.4165354,1,pnp,5562,361,93,80,0.9346199035644531
5562,1520617002.4665372,1,pnp,5563,343,86,73,0.9943053722381592
5563,1520617002.5165381,1,pnp,5564,352,75,62,0.9245150089263916
5564,1520617002.5665405,1,pnp,5565,352,59,54,0.9456275105476379
5565,1520617002.6165414,1,pnp,5566,392,62,52,0.886493980884552
5566,1520617002.6665432,1,pnp,5567,378,58,48,0.958613932132721
5567,1520617002.7165453,1,pnp,5568,348,64,56,0.9756249785423279
5568,1520617002.7665462,1,pnp,5569,332,55,47,0.6565533876419067
5569,1520617002.8162463,1,pnp,5570,311,48,37,0.9980055689811707
5570,1520617002.8662472,1,pnp,5571,361,48,38,0.9820829629898071
5571,1520617002.9162495,1,pnp,5572,294,44,38,0.9534334540367126
5572,1520617002.9662504,1,pnp,5573,221,49,43,0.864324688911438
5573,1520617003.0162532,1,pnp,5574,201,42,38,0.7482905387878418
5574,1520617003.0662544,1,pnp,5575,206,43,34,0.9748807549476624
5575,1520617003.1162553,1,pnp,5576,209,53,46,0.906886875629425
5576,1520617003.1662571,1,pnp,5577,235,59,49,0.9116805791854858
5577,1520617003.21634,1,pnp,5578,252,50,41,0.9498144388198853
5578,1520617003.266341,1,pnp,5579,247,68,62,0.8487980961799622
5579,1520617003.316343,1,pnp,5580,269,65,59,0.9189561009407043
5580,1520617003.3663452,1,pnp,5581,269,62,56,0.8625938892364502
5581,1520617003.416345,1,pnp,5582,272,71,64,0.9112535119056702
5582,1520617003.4663472,1,pnp,5583,260,67,61,0.8298174738883972
5583,1520617003.516349,1,pnp,5584,273,55,47,0.8452079892158508
5584,1520617003.5663502,1,pnp,5585,228,58,50,0.7977808713912964
5585,1520617003.61684,1,pnp,5586,292,54,45,0.9238437414169312
5586,1520617003.6668406,1,pnp,5587,283,69,67,0.881893515586853
5587,1520617003.716843,1,pnp,5588,290,64,55,0.8055237531661987
5588,1520617003.7668438,1,pnp,5589,289,75,69,0.8147861957550049
5589,1520617003.8168457,1,pnp,5590,278,68,64,0.7692923545837402
5590,1520617003.8668478,1,pnp,5591,269,58,52,0.7334179282188416
5591,1520617003.9168487,1,pnp,5592,227,62,57,0.6577356457710266
5592,1520617003.9668508,1,pnp,5593,230,46,38,0.8506198525428772
5593,1520617004.017411,1,pnp,5594,329,53,48,0.8199849724769592
5594,1520617004.0674129,1,pnp,5595,321,54,45,0.6955099701881409
5595,1520617004.117414,1,pnp,5596,319,53,44,0.8948609232902527
5596,1520617004.1674159,1,pnp,5597,303,62,57,0.7828561663627625
5597,1520617004.217417,1,pnp,5598,319,56,51,0.9033540487289429
5598,1520617004.2674189,1,pnp,5599,365,51,46,0.7993912100791931
5599,1520617004.317421,1,pnp,5600,393,55,51,0.8905838131904602
5600,1520617004.367422,1,pnp,5601,420,68,62,0.7177990674972534
5601,1520617004.417424,1,pnp,5602,408,48,44,0.8524429798126221
5602,1520617004.4671679,1,pnp,5603,388,54,50,0.6626942753791809
5603,1520617004.5171697,1,pnp,5604,395,65,60,0.7003353834152222
5604,1520617004.5671709,1,pnp,5605,404,69,58,0.735468327999115
5605,1520617004.6171727,1,pnp,5606,416,80,74,0.8758203983306885
5606,1520617004.6671748,1,pnp,5607,406,81,75,0.7725868821144104
5607,1520617004.717176,1,pnp,5608,407,74,70,0.7841105461120605
5608,1520617004.7671778,1,pnp,5609,416,73,68,0.7782031893730164
5609,1520617004.8171797,1,pnp,5610,426,71,68,0.8024880290031433
5610,1520617004.8664887,1,pnp,5611,305,77,66,0.9697780013084412
5611,1520617004.9164906,1,pnp,5612,311,94,85,0.7368269562721252
5612,1520617004.9664915,1,pnp,5613,317,91,82,0.7518132328987122
5613,1520617005.0164936,1,pnp,5614,290,86,81,0.8423073291778564
5614,1520617005.0664957,1,pnp,5615,284,70,59,0.8305332064628601
5615,1520617005.1164966,1,pnp,5616,249,61,57,0.9318827986717224
5616,1520617005.1664996,1,pnp,5617,259,47,42,0.8350244760513306
5617,1520617005.2164996,1,pnp,5618,212,42,36,0.8907563090324402
5618,1520617005.2668266,1,pnp,5619,229,39,31,0.9681158661842346
5619,1520617005.3168268,1,pnp,5620,196,44,38,0.7652695775032043
5620,1520617005.3669035,1,pnp,5621,192,40,38,0.7661908268928528
5621,1520617005.4168298,1,pnp,5622,192,42,39,0.8105918169021606
5622,1520617005.4668317,1,pnp,5623,168,39,38,0.7000960111618042
5623,1520617005.5168326,1,pnp,5624,159,33,29,0.8927781581878662
5624,1520617005.5668347,1,pnp,5625,179,30,27,0.890540361404419
5625,1520617005.6168356,1,pnp,5626,217,43,39,0.901748776435852
5626,1520617005.6673188,1,pnp,5627,269,41,33,0.8695981502532959
5627,1520617005.71732,1,pnp,5628,286,62,52,0.936966598033905
5628,1520617005.767322,1,pnp,5629,274,62,50,0.9517443180084229
5629,1520617005.8173227,1,pnp,5630,270,64,53,0.8747565150260925
5630,1520617005.867325,1,pnp,5631,273,62,54,1.0183838605880737
5631,1520617005.917327,1,pnp,5632,269,61,53,0.896483838558197
5632,1520617005.9673278,1,pnp,5633,256,47,42,1.066227674484253
5633,1520617006.01733,1,pnp,5634,241,54,48,0.7752429246902466
5634,1520617006.0667617,1,pnp,5635,206,48,43,0.7849047780036926
5635,1520617006.116764,1,pnp,5636,205,45,40,0.9010673761367798
5636,1520617006.166765,1,pnp,5637,196,43,37,0.8866618871688843
5637,1520617006.216767,1,pnp,5638,190,47,41,0.7286409139633179
5638,1520617006.266769,1,pnp,5639,200,49,41,0.9528719782829285
5639,1520617006.3167698,1,pnp,5640,210,54,46,0.9794041514396667
5640,1520617006.3667722,1,pnp,5641,219,56,48,0.9155092835426331
5641,1520617006.416774,1,pnp,5642,224,60,51,0.8838019371032715
5642,1520617006.4663324,1,3d3d,5643,155,31,28,1.5025843381881714
5643,1520617006.5163345,1,pnp,5644,163,46,40,1.0481069087982178
5644,1520617006.5663357,1,pnp,5645,162,38,36,0.9707494378089905
5645,1520617006.6163375,1,pnp,5646,178,31,28,0.8893936276435852
5646,1520617006.6663384,1,pnp,5647,207,36,29,1.0395466089248657
5647,1520617006.7163415,1,pnp,5648,243,29,25,0.7512396574020386
5648,1520617006.7663414,1,pnp,5649,267,45,39,0.9618260860443115
5649,1520617006.8163476,1,pnp,5650,271,46,40,0.8680402040481567
5650,1520617006.8663456,1,pnp,5651,279,30,26,0.8427809476852417
5651,1520617006.9164965,1,pnp,5652,288,39,34,0.8477557897567749
5652,1520617006.9664986,1,pnp,5653,250,55,43,0.7690393924713135
5653,1520617007.0165455,1,pnp,5654,251,53,47,0.8386150598526001
5654,1520617007.0665014,1,pnp,5655,273,42,39,0.8536947965621948
5655,1520617007.1165025,1,pnp,5656,276,57,50,0.8283789753913879
5656,1520617007.1665046,1,pnp,5657,275,51,50,0.7818474769592285
5657,1520617007.2165058,1,pnp,5658,270,51,44,0.836624264717102
5658,1520617007.2665076,1,pnp,5659,270,59,54,0.6811540722846985
5659,1520617007.316928,1,pnp,5660,370,61,53,0.9810673594474792
5660,1520617007.36693,1,pnp,5661,382,80,67,0.756030797958374
5661,1520617007.416931,1,pnp,5662,355,93,87,0.743816077709198
5662,1520617007.4669328,1,pnp,5663,341,85,77,0.8520839810371399
5663,1520617007.516935,1,pnp,5664,354,78,73,0.8372653722763062
5664,1520617007.566936,1,pnp,5665,376,84,75,0.9194355607032776
5665,1520617007.6169379,1,pnp,5666,371,82,74,0.7802366018295288
5666,1520617007.666939,1,pnp,5667,370,79,70,0.8401357531547546
5667,1520617007.7165635,1,pnp,5668,335,66,58,0.8772192597389221
5668,1520617007.7665644,1,pnp,5669,359,68,55,0.8277028799057007
5669,1520617007.8165665,1,pnp,5670,355,70,58,0.8965379595756531
5670,1520617007.8665686,1,pnp,5671,322,67,59,0.8604164123535156
5671,1520617007.9165695,1,pnp,5672,319,53,47,0.7309062480926514
5672,1520617007.9665713,1,pnp,5673,306,46,41,0.6913026571273804
5673,1520617008.0165734,1,pnp,5674,269,52,48,0.8190124034881592
5674,1520617008.0665743,1,pnp,5675,224,38,31,0.8810383677482605
5675,1520617008.1167026,1,pnp,5676,203,33,26,0.8940846920013428
5676,1520617008.1667037,1,pnp,5677,187,39,35,0.7796080112457275
5677,1520617008.2167056,1,pnp,5678,179,37,33,0.6984480023384094
5678,1520617008.2667067,1,pnp,5679,204,40,35,1.1416515111923218
5679,1520617008.3167088,1,pnp,5680,211,46,37,0.8454112410545349
5680,1520617008.3667097,1,pnp,5681,210,48,43,0.9541956186294556
5681,1520617008.4167118,1,pnp,5682,214,49,46,0.8491986989974976
5682,1520617008.4667127,1,pnp,5683,229,46,40,0.7749202847480774
5683,1520617008.517259,1,pnp,5684,271,49,40,0.8365217447280884
5684,1520617008.5672607,1,pnp,5685,273,71,60,0.8909253478050232
5685,1520617008.6172616,1,pnp,5686,282,72,61,0.7909097075462341
5686,1520617008.6672807,1,pnp,5687,290,62,52,0.930107057094574
5687,1520617008.7172647,1,pnp,5688,309,65,50,0.8260844945907593
5688,1520617008.7672668,1,pnp,5689,331,53,49,0.8215111494064331
5689,1520617008.817268,1,pnp,5690,352,44,41,0.8234372735023499
5690,1520617008.8672698,1,pnp,5691,343,57,51,0.8041720390319824
5691,1520617008.9172707,1,pnp,5692,327,42,39,0.6493299603462219
5692,1520617008.9666119,1,pnp,5693,292,30,27,0.7174155116081238
5693,1520617009.016613,1,pnp,5694,273,43,40,0.7585514187812805
5694,1520617009.0666149,1,pnp,5695,257,50,39,0.9433070421218872
5695,1520617009.1166167,1,pnp,5696,251,56,54,0.7327700853347778
5696,1520617009.1666179,1,pnp,5697,238,42,36,0.8953928351402283
5697,1520617009.21662,1,pnp,5698,219,62,55,0.895402729511261
5698,1520617009.266621,1,pnp,5699,242,67,61,0.8336342573165894
5699,1520617009.316623,1,pnp,5700,254,53,46,0.783983051776886
5700,1520617009.367223,1,pnp,5701,355,50,46,0.8957343101501465
5701,1520617009.417224,1,pnp,5702,377,79,73,0.7241621613502502
5702,1520617009.4672263,1,pnp,5703,400,93,89,0.7516422867774963
5703,1520617009.5172272,1,pnp,5704,399,98,85,0.7023183703422546
5704,1520617009.567229,1,pnp,5705,384,83,79,0.895093560218811
5705,1520617009.6172302,1,pnp,5706,373,86,84,0.7682293057441711
5706,1520617009.6672332,1,pnp,5707,366,74,68,0.7556321024894714
5707,1520617009.7172332,1,pnp,5708,339,73,69,0.7904714941978455
5708,1520617009.76697,1,pnp,5709,295,60,55,0.7693251967430115
5709,1520617009.8169708,1,pnp,5710,277,65,60,0.7164781093597412
5710,1520617009.8669727,1,pnp,5711,283,62,58,0.8155013918876648
5711,1520617009.9169738,1,pnp,5712,276,69,67,0.8000419735908508
5712,1520617009.966976,1,pnp,5713,283,57,53,0.7105150818824768
5713,1520617010.0169768,1,pnp,5714,315,48,47,0.7063366174697876
5714,1520617010.06698,1,pnp,5715,313,65,58,0.8316378593444824
5715,1520617010.1169798,1,pnp,5716,336,70,62,0.6953856945037842
5716,1520617010.1670551,1,pnp,5717,342,69,65,0.9768217206001282
5717,1520617010.2170563,1,pnp,5718,325,64,59,0.8424196243286133
5718,1520617010.2670584,1,pnp,5719,326,63,59,0.6770026087760925
5719,1520617010.3170602,1,pnp,5720,332,74,65,0.8804055452346802
5720,1520617010.3670614,1,pnp,5721,332,77,67,0.7549590468406677
5721,1520617010.4170623,1,pnp,5722,331,82,76,0.7065539956092834
5722,1520617010.4670641,1,pnp,5723,328,85,72,0.8482697606086731
5723,1520617010.5170653,1,pnp,5724,359,78,71,0.712348222732544
5724,1520617010.5669267,1,pnp,5725,355,84,75,0.6938539743423462
5725,1520617010.6169279,1,pnp,5726,341,82,76,0.6583653092384338
5726,1520617010.6669297,1,pnp,5727,364,90,87,0.5285066962242126
5727,1520617010.7169318,1,pnp,5728,340,77,73,0.70623779296875
5728,1520617010.7669327,1,pnp,5729,335,81,72,0.8570740222930908
5729,1520617010.8169348,1,pnp,5730,322,77,65,0.8537378907203674
5730,1520617010.866936,1,pnp,5731,316,82,73,0.6947222948074341
5731,1520617010.9169378,1,pnp,5732,311,86,77,0.7283430099487305
5732,1520617010.966973,1,pnp,5733,322,73,65,0.7930898070335388
5733,1520617011.016975,1,pnp,5734,316,81,79,0.6453078985214233
5734,1520617011.066977,1,pnp,5735,308,85,75,0.604996919631958
5735,1520617011.116978,1,pnp,5736,328,83,81,0.5992584824562073
5736,1520617011.16698,1,pnp,5737,313,77,75,0.5165942907333374
5737,1520617011.2169812,1,pnp,5738,314,85,85,0.4231356680393219
5738,1520617011.266983,1,pnp,5739,313,63,61,0.5924765467643738
5739,1520617011.316985,1,pnp,5740,326,74,70,0.6329187750816345
5740,1520617011.366986,1,pnp,5741,334,82,65,0.8309043645858765
5741,1520617011.4170017,1,pnp,5742,344,67,60,0.6854783296585083
5742,1520617011.4670038,1,pnp,5743,343,71,64,0.7650843858718872
5743,1520617011.5170057,1,pnp,5744,335,95,88,0.7229856848716736
5744,1520617011.5670068,1,pnp,5745,333,93,89,0.70906662940979
5745,1520617011.6170077,1,pnp,5746,332,84,78,0.8603965044021606
5746,1520617011.6670096,1,pnp,5747,309,66,59,0.8463836908340454
5747,1520617011.7170107,1,pnp,5748,287,73,65,0.7756926417350769
5748,1520617011.7670126,1,pnp,5749,286,71,66,0.6839100122451782
5749,1520617011.8168907,1,pnp,5750,288,62,56,0.8443955779075623
5750,1520617011.8668938,1,pnp,5751,315,83,72,0.7718526721000671
5751,1520617011.9168928,1,pnp,5752,350,77,75,0.8194244503974915
5752,1520617011.9668946,1,pnp,5753,338,88,83,0.7299550175666809
5753,1520617012.0168958,1,pnp,5754,319,86,83,0.8155086040496826
5754,1520617012.0668979,1,pnp,5755,304,76,70,0.7366437315940857
5755,1520617012.1168985,1,pnp,5756,295,87,80,0.8019249439239502
5756,1520617012.1669009,1,pnp,5757,300,90,88,0.41721928119659424
5757,1520617012.2169428,1,pnp,5758,317,74,67,0.7223760485649109
5758,1520617012.2669446,1,pnp,5759,351,81,74,0.8364846706390381
5759,1520617012.3169465,1,pnp,5760,340,81,74,0.6473293304443359
5760,1520617012.3669477,1,pnp,5761,309,81,71,0.8917223811149597
5761,1520617012.4169495,1,pnp,5762,326,91,81,0.9001504182815552
5762,1520617012.4669507,1,pnp,5763,294,87,82,0.61630779504776
5763,1520617012.5169528,1,pnp,5764,312,96,91,0.6273248791694641
5764,1520617012.5669537,1,pnp,5765,302,79,71,0.7246338725090027
5765,1520617012.6169689,1,pnp,5766,309,83,80,0.5741884112358093
5766,1520617012.6669707,1,pnp,5767,323,71,65,0.7071725726127625
5767,1520617012.7169719,1,pnp,5768,310,75,68,0.7293685078620911
5768,1520617012.7669737,1,pnp,5769,287,86,76,0.6926055550575256
5769,1520617012.8169746,1,pnp,5770,278,83,71,0.8381571769714355
5770,1520617012.866977,1,pnp,5771,269,53,47,0.6563742756843567
5771,1520617012.9169776,1,pnp,5772,281,72,66,0.8151646852493286
5772,1520617012.9669797,1,pnp,5773,286,88,84,0.8115788698196411
5773,1520617013.0170357,1,pnp,5774,279,76,72,0.5030937790870667
5774,1520617013.0670376,1,pnp,5775,282,87,84,0.7321951985359192
5775,1520617013.1170385,1,pnp,5776,299,91,84,0.5934761166572571
5776,1520617013.1670406,1,pnp,5777,315,69,61,0.7145592570304871
5777,1520617013.2170415,1,pnp,5778,329,93,87,0.69447922706604
5778,1520617013.2670434,1,pnp,5779,318,94,85,0.4881913363933563
5779,1520617013.3170445,1,pnp,5780,293,85,79,0.5616687536239624
5780,1520617013.3670466,1,pnp,5781,274,104,103,0.25392889976501465
5781,1520617013.4170496,1,pnp,5782,320,76,70,0.6417852640151978
5782,1520617013.4670546,1,pnp,5783,336,90,86,0.6978765726089478
5783,1520617013.5170527,1,pnp,5784,360,85,78,0.7750124931335449
5784,1520617013.5670547,1,pnp,5785,365,69,64,0.768596887588501
5785,1520617013.617056,1,pnp,5786,346,65,62,0.8162180185317993
5786,1520617013.6671438,1,pnp,5787,356,79,73,0.7710338830947876
5787,1520617013.7170587,1,pnp,5788,344,86,78,0.7119143009185791
5788,1520617013.7670608,1,pnp,5789,354,85,74,0.6943495273590088
5789,1520617013.8170617,1,pnp,5790,351,89,83,0.817943811416626
5790,1520617013.8669677,1,pnp,5791,362,84,71,0.8624882102012634
5791,1520617013.9169695,1,pnp,5792,360,86,78,0.7404977083206177
5792,1520617013.9669707,1,pnp,5793,342,100,92,0.6326838731765747
5793,1520617014.0169725,1,pnp,5794,334,96,91,0.3862638771533966
5794,1520617014.0669734,1,pnp,5795,348,91,81,0.5268130302429199
5795,1520617014.1169758,1,pnp,5796,343,89,79,0.5990344285964966
5796,1520617014.1669767,1,pnp,5797,340,97,91,0.6739853024482727
5797,1520617014.2169785,1,pnp,5798,347,98,95,0.46285802125930786
5798,1520617014.2669168,1,pnp,5799,345,85,80,0.688239574432373
5799,1520617014.3169177,1,pnp,5800,346,85,67,0.796323299407959
5800,1520617014.3669195,1,pnp,5801,349,79,69,0.795881986618042
5801,1520617014.4169207,1,pnp,5802,316,89,81,0.6800892949104309
