frame_idx,timestamp_s,accepted,status,pose_count,valid_3d_count,match_count,inlier_count,reprojection_rmse_px
0,1520530731.4000185,1,init,1,407,0,0,
1,1520530731.4500206,1,pnp,2,419,107,105,0.6208381652832031
2,1520530731.5000215,1,pnp,3,403,106,101,0.7577078342437744
3,1520530731.55001,1,pnp,4,406,95,90,0.7313362956047058
4,1520530731.600011,1,pnp,5,406,98,93,0.5559403896331787
5,1520530731.650012,1,pnp,6,410,103,99,0.634145200252533
6,1520530731.7000139,1,pnp,7,401,101,90,0.8309886455535889
7,1520530731.7500162,1,pnp,8,404,100,96,0.7713346481323242
8,1520530731.8000169,1,pnp,9,396,103,103,0.5464163422584534
9,1520530731.8501022,1,pnp,10,398,102,102,0.7059063911437988
10,1520530731.9000201,1,pnp,11,413,101,98,0.7430877685546875
11,1520530731.950036,1,pnp,12,431,91,82,0.7618372440338135
12,1520530732.0000372,1,pnp,13,432,99,94,0.7158222794532776
13,1520530732.050039,1,pnp,14,431,100,95,0.7516869306564331
14,1520530732.10004,1,pnp,15,409,99,94,0.693945586681366
15,1520530732.1500423,1,pnp,16,414,94,94,0.26484978199005127
16,1520530732.2000442,1,pnp,17,414,103,103,0.28588607907295227
17,1520530732.250045,1,pnp,18,417,99,95,0.6158370971679688
18,1520530732.3000472,1,pnp,19,401,103,92,0.6672804355621338
19,1520530732.350048,1,pnp,20,422,102,96,0.6064605712890625
20,1520530732.4000585,1,pnp,21,407,95,80,0.6284271478652954
21,1520530732.4500594,1,pnp,22,410,99,98,0.7608221173286438
22,1520530732.5000615,1,pnp,23,410,99,95,0.6677431464195251
23,1520530732.5500634,1,pnp,24,406,98,96,0.7021039128303528
24,1520530732.6000643,1,pnp,25,409,99,91,0.7795164585113525
25,1520530732.6500666,1,pnp,26,401,100,98,0.2915254831314087
26,1520530732.7000675,1,pnp,27,410,104,102,0.47158706188201904
27,1520530732.7500696,1,pnp,28,393,98,95,0.5408284664154053
28,1520530732.800093,1,pnp,29,411,93,87,0.7006168365478516
29,1520530732.850094,1,pnp,30,393,99,90,0.6069349646568298
30,1520530732.9000962,1,pnp,31,398,101,93,0.504757285118103
31,1520530732.950097,1,pnp,32,402,96,93,0.5115516781806946
32,1520530733.0000992,1,pnp,33,392,104,102,0.45313164591789246
33,1520530733.0501,1,pnp,34,407,105,100,0.6997789740562439
34,1520530733.100102,1,pnp,35,393,105,101,0.7042632102966309
35,1520530733.150104,1,pnp,36,404,99,95,0.46498119831085205
36,1520530733.2001038,1,pnp,37,393,101,94,0.6072697043418884
37,1520530733.2501059,1,pnp,38,405,104,99,0.723422110080719
38,1520530733.3001068,1,pnp,39,415,110,108,0.5624048709869385
39,1520530733.350113,1,pnp,40,412,109,104,0.537997305393219
40,1520530733.40011,1,pnp,41,405,98,95,0.579077422618866
41,1520530733.4501958,1,pnp,42,385,99,95,0.747011125087738
42,1520530733.500113,1,pnp,43,388,94,85,0.774469256401062
43,1520530733.5501149,1,pnp,44,392,94,88,0.8090866804122925
44,1520530733.6001027,1,pnp,45,389,89,82,0.7173416018486023
45,1520530733.6501048,1,pnp,46,393,95,93,0.45641380548477173
46,1520530733.7001057,1,pnp,47,416,95,90,0.7129089832305908
47,1520530733.7501078,1,pnp,48,400,93,84,0.6913586258888245
48,1520530733.8001096,1,pnp,49,404,96,91,0.7055126428604126
49,1520530733.8501105,1,pnp,50,391,99,97,0.532442569732666
50,1520530733.9001126,1,pnp,51,401,100,95,0.7236537933349609
51,1520530733.9501135,1,pnp,52,400,101,97,0.6133260726928711
52,1520530734.000145,1,pnp,53,395,102,100,0.4702833592891693
53,1520530734.0501459,1,pnp,54,393,95,86,0.6092914342880249
54,1520530734.1001477,1,pnp,55,406,97,92,0.70125412940979
55,1520530734.1501489,1,pnp,56,414,98,91,0.4922052025794983
56,1520530734.200151,1,pnp,57,433,104,101,0.4360373318195343
57,1520530734.2501528,1,pnp,58,416,105,98,0.48235827684402466
58,1520530734.300154,1,pnp,59,417,103,96,0.6084827184677124
59,1520530734.3501558,1,pnp,60,409,102,98,0.6274909973144531
60,1520530734.4001532,1,pnp,61,422,99,96,0.5817379355430603
61,1520530734.4501543,1,pnp,62,425,105,94,0.7420600056648254
62,1520530734.5001562,1,pnp,63,421,100,93,0.23356609046459198
63,1520530734.5501583,1,pnp,64,430,104,97,0.6627750992774963
64,1520530734.6001594,1,pnp,65,431,104,98,0.823078453540802
65,1520530734.6501613,1,pnp,66,439,102,94,0.5815819501876831
66,1520530734.7001622,1,pnp,67,441,103,98,0.4500911831855774
67,1520530734.7501633,1,pnp,68,447,110,104,0.41707783937454224
68,1520530734.8001652,1,pnp,69,450,100,94,0.5877795815467834
69,1520530734.8501716,1,pnp,70,446,103,96,0.6736322045326233
70,1520530734.9001727,1,pnp,71,446,105,100,0.6825349926948547
71,1520530734.9501777,1,pnp,72,432,108,99,0.637773334980011
72,1520530735.0001757,1,pnp,73,436,100,95,0.568646252155304
73,1520530735.0502658,1,pnp,74,433,91,87,0.47935330867767334
74,1520530735.1001785,1,pnp,75,430,99,97,0.6489301323890686
75,1520530735.1501808,1,pnp,76,429,100,94,0.8552828431129456
76,1520530735.2001815,1,pnp,77,446,100,91,0.7606217265129089
77,1520530735.2502031,1,pnp,78,448,106,102,0.7385573387145996
78,1520530735.300204,1,pnp,79,443,108,102,0.7948482632637024
79,1520530735.3502064,1,pnp,80,444,109,101,0.4098421335220337
80,1520530735.4002082,1,pnp,81,434,105,99,0.7567977905273438
81,1520530735.4502091,1,pnp,82,422,101,93,0.7506169080734253
82,1520530735.5002112,1,pnp,83,433,113,106,0.7289438247680664
83,1520530735.5502121,1,pnp,84,428,111,102,0.6920144557952881
84,1520530735.600214,1,pnp,85,427,109,97,0.6542643308639526
85,1520530735.6501763,1,pnp,86,434,106,101,0.6348552703857422
86,1520530735.7001784,1,pnp,87,430,106,104,0.6521096229553223
87,1520530735.7501795,1,pnp,88,435,105,96,0.7254515886306763
88,1520530735.8001814,1,pnp,89,431,94,91,0.6157186627388
89,1520530735.8501832,1,pnp,90,440,102,91,0.7633863687515259
90,1520530735.9001844,1,pnp,91,431,100,90,0.7526912093162537
91,1520530735.9501863,1,pnp,92,425,102,92,0.8186110258102417
92,1520530736.0001886,1,pnp,93,431,101,98,0.865653395652771
93,1520530736.050192,1,pnp,94,436,104,99,0.8195545673370361
94,1520530736.100193,1,pnp,95,433,105,93,0.7688509821891785
95,1520530736.150194,1,pnp,96,423,101,86,0.869109570980072
96,1520530736.2001963,1,pnp,97,427,102,89,0.7828801274299622
97,1520530736.2501981,1,pnp,98,412,111,95,0.8770399689674377
98,1520530736.3001993,1,pnp,99,431,116,107,0.8105676770210266
99,1520530736.3502002,1,pnp,100,424,107,97,0.776585042476654
100,1520530736.400202,1,pnp,101,412,107,94,0.8713964819908142
101,1520530736.4502478,1,pnp,102,400,93,83,0.9092973470687866
102,1520530736.500249,1,pnp,103,404,93,82,0.8431715369224548
103,1520530736.550255,1,pnp,104,396,93,85,0.8130407333374023
104,1520530736.6002517,1,pnp,105,395,90,84,0.7390068769454956
105,1520530736.6503437,1,pnp,106,381,93,81,0.8564826250076294
106,1520530736.700255,1,pnp,107,377,79,74,0.7101307511329651
107,1520530736.7502568,1,pnp,108,374,89,77,0.5777105689048767
108,1520530736.800258,1,pnp,109,378,92,84,0.794743001461029
109,1520530736.8502598,1,pnp,110,368,92,81,0.7833359241485596
110,1520530736.9002502,1,pnp,111,349,89,86,0.825986385345459
111,1520530736.9502523,1,pnp,112,356,86,79,0.7557885050773621
112,1520530737.0002544,1,pnp,113,310,80,73,0.7477598786354065
113,1520530737.0502553,1,pnp,114,291,75,71,0.8046068549156189
114,1520530737.1002574,1,pnp,115,304,70,62,0.8521435260772705
115,1520530737.1502583,1,pnp,116,295,80,74,0.7918845415115356
116,1520530737.2002602,1,pnp,117,293,81,69,0.983431339263916
117,1520530737.2502613,1,pnp,118,288,78,76,0.7337778210639954
118,1520530737.3002589,1,pnp,119,292,76,63,0.8814136385917664
119,1520530737.3502607,1,pnp,120,301,76,71,0.6521325707435608
120,1520530737.4002619,1,pnp,121,296,64,60,0.7484095096588135
121,1520530737.450264,1,pnp,122,288,60,57,0.6039929389953613
122,1520530737.500265,1,pnp,123,295,58,55,0.786099910736084
123,1520530737.550267,1,pnp,124,282,52,48,0.8221514821052551
124,1520530737.6002688,1,pnp,125,277,56,50,0.7325048446655273
125,1520530737.6502697,1,pnp,126,293,60,54,0.7678794860839844
126,1520530737.7001834,1,pnp,127,271,66,63,0.6773763298988342
127,1520530737.7501843,1,pnp,128,257,64,59,0.7775998115539551
128,1520530737.8001862,1,pnp,129,249,69,65,0.7572034597396851
129,1520530737.8501873,1,pnp,130,281,66,62,0.7705970406532288
130,1520530737.9001892,1,pnp,131,322,69,61,0.7217854261398315
131,1520530737.9501913,1,pnp,132,334,77,69,0.7316997647285461
132,1520530738.0001924,1,pnp,133,366,82,72,0.6981596946716309
133,1520530738.0501943,1,pnp,134,319,80,71,0.8723666667938232
134,1520530738.1003077,1,pnp,135,312,79,69,0.8609324097633362
135,1520530738.1503148,1,pnp,136,284,55,45,0.7627473473548889
136,1520530738.200311,1,pnp,137,271,51,49,0.6588194370269775
137,1520530738.2504036,1,pnp,138,294,57,51,0.8054039478302002
138,1520530738.3003137,1,pnp,139,324,61,58,0.6805794835090637
139,1520530738.3503158,1,pnp,140,364,64,60,0.6898908019065857
140,1520530738.4003167,1,pnp,141,398,59,53,0.8386560082435608
141,1520530738.4503186,1,pnp,142,418,74,64,0.7853532433509827
142,1520530738.5005672,1,pnp,143,440,60,55,0.6870536208152771
143,1520530738.550568,1,pnp,144,423,85,78,0.8216888308525085
144,1520530738.6005702,1,pnp,145,445,84,76,0.7596297860145569
145,1520530738.650571,1,pnp,146,506,90,79,0.8399384021759033
146,1520530738.700573,1,pnp,147,511,88,79,0.7695474624633789
147,1520530738.750574,1,pnp,148,498,79,62,0.9021777510643005
148,1520530738.8005762,1,pnp,149,465,79,74,0.90804523229599
149,1520530738.8505769,1,pnp,150,448,83,67,0.7839056253433228
150,1520530738.9002216,1,pnp,151,393,76,72,0.7365448474884033
151,1520530738.9502237,1,pnp,152,399,81,73,0.8523182272911072
152,1520530739.0002246,1,pnp,153,416,83,77,0.7714425921440125
153,1520530739.0502264,1,pnp,154,437,78,73,0.6928529739379883
154,1520530739.1002276,1,pnp,155,445,80,72,0.7065570950508118
155,1520530739.1502297,1,pnp,156,435,83,79,0.8313189148902893
156,1520530739.2002316,1,pnp,157,442,95,86,0.7672762870788574
157,1520530739.2502327,1,pnp,158,426,98,97,0.832444429397583
158,1520530739.3002346,1,pnp,159,427,96,92,0.7351537942886353
159,1520530739.3501186,1,pnp,160,385,87,81,0.712914228439331
160,1520530739.4001207,1,pnp,161,374,90,85,0.797120988368988
161,1520530739.4501226,1,pnp,162,395,89,78,0.8765110969543457
162,1520530739.5001237,1,pnp,163,378,84,77,0.7232027053833008
163,1520530739.5501256,1,pnp,164,388,95,82,0.7258373498916626
164,1520530739.6001267,1,pnp,165,385,103,92,0.7597562074661255
165,1520530739.6501288,1,pnp,166,375,90,83,0.7820548415184021
166,1520530739.7001297,1,pnp,167,372,85,84,0.8419933319091797
167,1520530739.750311,1,pnp,168,391,78,72,0.7753407955169678
168,1520530739.8003132,1,pnp,169,373,97,91,0.7123379111289978
169,1520530739.8504062,1,pnp,170,391,97,88,0.7846739888191223
170,1520530739.900316,1,pnp,171,368,76,67,0.7634598612785339
171,1520530739.950318,1,pnp,172,367,78,72,0.8272716999053955
172,1520530740.000319,1,pnp,173,389,66,59,0.8086429238319397
173,1520530740.0503213,1,pnp,174,406,70,66,0.7272862195968628
174,1520530740.1003222,1,pnp,175,389,57,55,0.8384746313095093
175,1520530740.1504812,1,pnp,176,406,50,42,0.7756552696228027
176,1520530740.2004833,1,pnp,177,378,64,57,0.7618624567985535
177,1520530740.2504842,1,pnp,178,398,58,52,0.7811518907546997
178,1520530740.3004863,1,pnp,179,369,58,54,0.6844738721847534
179,1520530740.3504875,1,pnp,180,367,67,59,0.7958908081054688
180,1520530740.4004893,1,pnp,181,349,56,54,0.7315083742141724
181,1520530740.4504902,1,pnp,182,348,57,56,0.693257212638855
182,1520530740.5004923,1,pnp,183,345,47,42,0.704417884349823
183,1520530740.5502782,1,pnp,184,289,58,54,0.8924931883811951
184,1520530740.60028,1,pnp,185,273,62,55,0.6992206573486328
185,1520530740.6502821,1,pnp,186,292,53,51,0.8820784091949463
186,1520530740.7002833,1,pnp,187,318,54,47,0.7127248644828796
187,1520530740.7502851,1,pnp,188,291,65,59,0.7813697457313538
188,1520530740.800287,1,pnp,189,315,63,53,0.8239256143569946
189,1520530740.8502882,1,pnp,190,336,62,58,0.8650780916213989
190,1520530740.9002903,1,pnp,191,327,59,53,0.7635351419448853
191,1520530740.9504318,1,pnp,192,308,60,56,0.9295222759246826
192,1520530741.0004327,1,pnp,193,291,59,53,0.9115548729896545
193,1520530741.0504346,1,pnp,194,232,44,39,0.8921117782592773
194,1520530741.1004357,1,pnp,195,216,49,43,0.8084893822669983
195,1520530741.1504378,1,pnp,196,209,46,42,0.9991034269332886
196,1520530741.2004387,1,pnp,197,197,48,41,0.8818736672401428
197,1520530741.2504408,1,pnp,198,195,48,43,0.7927395701408386
198,1520530741.3004417,1,pnp,199,193,42,35,1.0095990896224976
199,1520530741.3506372,1,pnp,200,232,62,51,0.9187613725662231
200,1520530741.4006383,1,pnp,201,271,62,59,0.7173731327056885
201,1520530741.4507282,1,pnp,202,287,62,55,0.8038403391838074
202,1520530741.500641,1,pnp,203,303,78,73,0.7501760721206665
203,1520530741.5506432,1,pnp,204,296,79,73,0.6158361434936523
204,1520530741.600644,1,pnp,205,302,69,62,0.8764541745185852
205,1520530741.6506462,1,pnp,206,313,78,71,0.9170224666595459
206,1520530741.7006474,1,pnp,207,301,69,64,0.7545885443687439
207,1520530741.7506492,1,pnp,208,325,69,62,0.7806611657142639
208,1520530741.8004642,1,pnp,209,298,60,57,0.8207671046257019
209,1520530741.8504653,1,pnp,210,295,71,68,0.7133762240409851
210,1520530741.9004674,1,pnp,211,291,57,54,0.739780068397522
211,1520530741.9504683,1,pnp,212,279,50,43,0.7347548007965088
212,1520530742.0004704,1,pnp,213,293,55,47,0.8209065794944763
213,1520530742.0504713,1,pnp,214,288,51,48,0.8140966296195984
214,1520530742.1004732,1,pnp,215,294,65,53,0.8006030917167664
215,1520530742.1504753,1,pnp,216,305,51,43,0.7809643149375916
216,1520530742.2003384,1,pnp,217,275,59,54,0.8635873794555664
217,1520530742.2503402,1,pnp,218,254,53,48,0.8302754759788513
218,1520530742.3003414,1,pnp,219,251,50,46,0.9302762746810913
219,1520530742.3503432,1,pnp,220,262,54,43,0.9660491347312927
220,1520530742.400345,1,pnp,221,250,52,47,0.8612085580825806
221,1520530742.4503462,1,pnp,222,242,53,47,0.7833428978919983
222,1520530742.5003483,1,pnp,223,233,57,53,0.7806914448738098
223,1520530742.5503502,1,pnp,224,234,76,73,0.7955218553543091
224,1520530742.600604,1,pnp,225,258,64,57,0.6538786888122559
225,1520530742.650605,1,pnp,226,299,62,55,0.7810186743736267
226,1520530742.7006068,1,pnp,227,328,48,44,0.7713278532028198
227,1520530742.750609,1,pnp,228,327,63,54,0.7113357782363892
228,1520530742.8006098,1,pnp,229,341,56,51,0.7786059975624084
229,1520530742.850612,1,pnp,230,368,54,50,0.780467689037323
230,1520530742.900613,1,pnp,231,392,66,59,0.7754336595535278
231,1520530742.950615,1,pnp,232,417,70,65,0.7714583277702332
232,1520530743.0004368,1,pnp,233,405,81,78,0.7896402478218079
233,1520530743.0505228,1,pnp,234,390,82,72,0.9000449180603027
234,1520530743.1004395,1,pnp,235,393,75,69,0.7974714636802673
235,1520530743.150442,1,pnp,236,390,70,66,0.8863949179649353
236,1520530743.2004428,1,pnp,237,427,67,62,0.7570117712020874
237,1520530743.250445,1,pnp,238,417,63,55,0.595985472202301
238,1520530743.3004458,1,pnp,239,380,59,54,0.6885307431221008
239,1520530743.3504477,1,pnp,240,353,44,38,0.6476622819900513
240,1520530743.400277,1,pnp,241,282,40,39,0.7157830595970154
241,1520530743.450278,1,pnp,242,239,38,36,0.8630565404891968
242,1520530743.50028,1,pnp,243,257,36,30,0.857285737991333
243,1520530743.550281,1,pnp,244,283,41,38,0.7467812895774841
244,1520530743.600283,1,pnp,245,266,62,55,0.7887395024299622
245,1520530743.6502838,1,pnp,246,253,48,46,0.819520890712738
246,1520530743.7002861,1,pnp,247,259,65,54,0.8235383033752441
247,1520530743.750288,1,pnp,248,252,56,47,0.789461612701416
248,1520530743.800289,1,pnp,249,260,47,44,0.8016067147254944
249,1520530743.85124,1,pnp,250,365,44,35,0.8745040893554688
250,1520530743.9012408,1,pnp,251,359,64,58,0.8711633086204529
251,1520530743.951243,1,pnp,252,340,59,55,0.7556470632553101
252,1520530744.001244,1,pnp,253,374,57,50,0.7601081728935242
253,1520530744.051247,1,pnp,254,419,46,41,0.7549136877059937
254,1520530744.1012478,1,pnp,255,434,49,45,0.7890999913215637
255,1520530744.151249,1,pnp,256,452,57,51,0.6869957447052002
256,1520530744.2012508,1,pnp,257,446,60,53,0.7596949934959412
257,1520530744.2512052,1,pnp,258,458,57,48,0.6208227872848511
258,1520530744.301206,1,pnp,259,472,51,47,0.6669284701347351
259,1520530744.351208,1,pnp,260,453,52,49,0.7058519124984741
260,1520530744.401209,1,pnp,261,449,65,62,0.7038612961769104
261,1520530744.45121,1,pnp,262,451,62,54,0.7367726564407349
262,1520530744.501212,1,pnp,263,434,58,55,0.7894806861877441
263,1520530744.5512142,1,pnp,264,409,58,57,0.8433988094329834
264,1520530744.6012151,1,pnp,265,425,63,56,0.9715909957885742
265,1520530744.6510444,1,pnp,266,308,56,52,0.7919886708259583
266,1520530744.7009661,1,pnp,267,313,61,57,0.8657199144363403
267,1520530744.7509685,1,pnp,268,378,58,49,0.933711051940918
268,1520530744.8009694,1,pnp,269,440,61,51,0.8734553456306458
269,1520530744.8509712,1,pnp,270,460,62,52,0.8078718185424805
270,1520530744.9009724,1,pnp,271,478,67,60,0.8057435750961304
271,1520530744.9509742,1,pnp,272,450,54,49,0.7181816697120667
272,1520530745.0009763,1,pnp,273,393,50,43,0.7825556993484497
273,1520530745.0510783,1,pnp,274,389,56,51,0.8725636005401611
274,1520530745.1010802,1,pnp,275,378,64,55,0.8984164595603943
275,1520530745.1510813,1,pnp,276,347,55,50,0.8255423307418823
276,1520530745.2010832,1,pnp,277,317,56,51,0.7427924871444702
277,1520530745.251084,1,pnp,278,394,41,36,0.7686349749565125
278,1520530745.3010862,1,pnp,279,413,44,36,0.8698315024375916
279,1520530745.3510883,1,pnp,280,353,46,38,0.8671485781669617
280,1520530745.4010892,1,pnp,281,318,51,47,0.8777450919151306
281,1520530745.4510431,1,pnp,282,345,49,44,0.8362873196601868
282,1520530745.501044,1,pnp,283,371,59,49,0.670801043510437
283,1520530745.551046,1,pnp,284,366,63,57,0.7954900860786438
284,1520530745.6010482,1,pnp,285,343,64,61,0.7454609274864197
285,1520530745.6510491,1,pnp,286,344,53,47,0.7979258298873901
286,1520530745.7010512,1,pnp,287,346,71,65,0.9246981143951416
287,1520530745.751053,1,pnp,288,372,54,48,0.8673774003982544
288,1520530745.801054,1,pnp,289,349,57,51,0.7196761965751648
289,1520530745.850826,1,pnp,290,289,58,52,0.7889477014541626
290,1520530745.9008284,1,pnp,291,292,55,46,0.7334057688713074
291,1520530745.9508302,1,pnp,292,277,56,46,0.7607024908065796
292,1520530746.0008311,1,pnp,293,275,38,37,0.9254370331764221
293,1520530746.0508332,1,pnp,294,326,39,34,0.7383174300193787
294,1520530746.1008341,1,pnp,295,405,36,30,0.8839012384414673
295,1520530746.150839,1,pnp,296,399,44,41,0.7249782681465149
296,1520530746.2008371,1,pnp,297,425,47,43,0.8255205154418945
297,1520530746.2509103,1,pnp,298,435,46,42,0.902468740940094
298,1520530746.3004873,1,pnp,299,381,65,57,0.9106990694999695
299,1520530746.3504891,1,pnp,300,369,65,54,0.8173745274543762
300,1520530746.4004903,1,pnp,301,296,60,56,0.8484512567520142
301,1520530746.4504921,1,pnp,302,272,53,48,0.8490795493125916
302,1520530746.5004933,1,pnp,303,272,46,43,0.6829990148544312
303,1520530746.5504954,1,pnp,304,275,47,43,0.8109955191612244
304,1520530746.6004972,1,pnp,305,320,48,39,0.9509673714637756
305,1520530746.6504984,1,pnp,306,355,66,59,0.7573214769363403
306,1520530746.7005103,1,pnp,307,410,63,54,0.8481921553611755
307,1520530746.7505114,1,pnp,308,442,53,42,0.7707500457763672
308,1520530746.8005133,1,pnp,309,419,61,48,0.7374720573425293
309,1520530746.8505142,1,pnp,310,445,66,54,0.9190989136695862
310,1520530746.9005165,1,pnp,311,488,55,47,0.7263391613960266
311,1520530746.9505184,1,pnp,312,422,50,39,0.844120442867279
312,1520530747.0005193,1,pnp,313,313,36,31,0.672359824180603
313,1520530747.0505214,1,3d3d,314,223,25,19,3.2233407497406006
314,1520530747.1006892,1,3d3d,315,282,24,22,2.3519015312194824
315,1520530747.1506915,1,pnp,316,257,49,44,0.8621981739997864
316,1520530747.2006934,1,pnp,317,267,43,40,0.7344867587089539
317,1520530747.2506952,1,pnp,318,257,43,36,1.002970576286316
318,1520530747.3006964,1,pnp,319,227,43,37,0.9864932298660278
319,1520530747.3506973,1,pnp,320,221,49,44,0.8524462580680847
320,1520530747.4006991,1,pnp,321,215,52,50,0.840466320514679
321,1520530747.4507015,1,pnp,322,217,73,71,0.7618993520736694
322,1520530747.5013337,1,pnp,323,391,53,47,0.6722002625465393
323,1520530747.5513356,1,pnp,324,324,62,56,0.871191680431366
324,1520530747.6013367,1,pnp,325,343,55,48,0.7727835774421692
325,1520530747.6513395,1,pnp,326,367,53,49,0.8656007051467896
326,1520530747.7013395,1,pnp,327,355,40,38,0.8353168964385986
327,1520530747.7513416,1,pnp,328,334,31,26,0.7524338960647583
328,1520530747.8013425,1,pnp,329,340,28,27,0.7606425881385803
329,1520530747.8514085,1,pnp,330,344,38,34,0.7846267819404602
330,1520530747.9012666,1,pnp,331,467,35,30,0.8272630572319031
331,1520530747.9512687,1,pnp,332,467,41,33,0.8012316823005676
332,1520530748.0012696,1,pnp,333,468,64,48,0.8796167373657227
333,1520530748.0512714,1,pnp,334,446,64,53,0.8367847800254822
334,1520530748.1012726,1,pnp,335,435,56,52,0.9325689077377319
335,1520530748.1512747,1,pnp,336,442,56,49,0.8300812840461731
336,1520530748.2012765,1,pnp,337,454,55,51,0.8728944063186646
337,1520530748.2512777,1,pnp,338,480,58,48,0.8554276823997498
338,1520530748.3007896,1,pnp,339,481,71,58,0.893235981464386
339,1520530748.3507905,1,pnp,340,466,77,70,0.8466205596923828
340,1520530748.4007924,1,pnp,341,463,72,62,0.6939823627471924
341,1520530748.4507935,1,pnp,342,398,71,62,0.6810432076454163
342,1520530748.5007956,1,pnp,343,393,66,62,0.8215857744216919
343,1520530748.5507975,1,pnp,344,426,61,55,0.8100637793540955
344,1520530748.6007986,1,pnp,345,452,70,60,0.9180350303649902
345,1520530748.6508005,1,pnp,346,442,56,40,0.9683882594108582
346,1520530748.7008016,1,pnp,347,442,62,53,0.7880037426948547
347,1520530748.750571,1,pnp,348,385,55,47,0.8623108863830566
348,1520530748.800572,1,pnp,349,357,66,52,0.8595394492149353
349,1520530748.850574,1,pnp,350,367,54,44,0.7992767691612244
350,1520530748.900576,1,pnp,351,367,42,31,0.947223424911499
351,1520530748.950577,1,pnp,352,335,34,31,0.8884879350662231
352,1520530749.0005789,1,pnp,353,270,38,35,0.7444919943809509
353,1520530749.050581,1,pnp,354,245,36,34,0.926374614238739
354,1520530749.100585,1,pnp,355,216,33,31,0.8649013638496399
355,1520530749.1509225,1,pnp,356,233,37,34,0.8919111490249634
356,1520530749.2009237,1,pnp,357,252,63,53,0.7958057522773743
357,1520530749.2509246,1,pnp,358,229,63,59,0.8611170649528503
358,1520530749.3009264,1,pnp,359,263,62,54,0.755780041217804
359,1520530749.3509278,1,pnp,360,263,65,59,0.8819107413291931
360,1520530749.4009297,1,pnp,361,264,53,44,0.8672122359275818
361,1520530749.4509885,1,pnp,362,252,36,30,0.8508725166320801
362,1520530749.5009327,1,3d3d,363,289,30,19,1.8913732767105103
363,1520530749.5512993,1,3d3d,364,381,22,15,2.0939128398895264
364,1520530749.6013002,1,pnp,365,441,33,31,0.8725106716156006
365,1520530749.6513026,1,pnp,366,451,32,29,0.839288055896759
366,1520530749.7013035,1,pnp,367,443,57,37,0.9136483073234558
367,1520530749.7513053,1,pnp,368,463,59,42,0.955710768699646
368,1520530749.8013074,1,pnp,369,485,78,67,0.9680895805358887
369,1520530749.8513083,1,pnp,370,451,64,58,0.7384985685348511
370,1520530749.9013102,1,pnp,371,465,72,62,0.8231782913208008
371,1520530749.9509988,1,pnp,372,461,79,64,0.8333773016929626
372,1520530750.001001,1,pnp,373,435,64,59,0.8059011697769165
373,1520530750.051002,1,pnp,374,387,71,62,0.8982848525047302
374,1520530750.101004,1,pnp,375,396,64,52,0.905289888381958
375,1520530750.1510048,1,pnp,376,432,59,55,0.8791095018386841
376,1520530750.201007,1,pnp,377,379,50,42,0.876613199710846
377,1520530750.2510087,1,pnp,378,401,47,41,0.9483778476715088
378,1520530750.3010101,1,pnp,379,397,56,52,0.9232029914855957
379,1520530750.350639,1,pnp,380,350,45,41,0.7156681418418884
380,1520530750.4006412,1,pnp,381,385,43,36,0.7443886399269104
381,1520530750.4506423,1,pnp,382,405,39,32,0.8961197137832642
382,1520530750.5006442,1,pnp,383,404,52,47,0.9444532990455627
383,1520530750.550645,1,pnp,384,380,54,44,1.0131036043167114
384,1520530750.6006472,1,pnp,385,344,51,47,0.8284363150596619
385,1520530750.650648,1,pnp,386,331,57,54,0.8791309595108032
386,1520530750.7006543,1,pnp,387,331,58,54,0.8144968748092651
387,1520530750.7506523,1,pnp,388,325,69,63,0.784455418586731
388,1520530750.800615,1,pnp,389,311,51,48,0.81845623254776
389,1520530750.8506172,1,pnp,390,279,42,38,0.9173763394355774
390,1520530750.900618,1,pnp,391,271,35,32,0.860404908657074
391,1520530750.950619,1,pnp,392,222,37,37,0.8084329962730408
392,1520530751.000621,1,pnp,393,245,40,37,0.7895451784133911
393,1520530751.0506692,1,pnp,394,246,35,32,0.8548183441162109
394,1520530751.100624,1,3d3d,395,236,28,21,2.8525941371917725
395,1520530751.1506262,1,3d3d,396,233,30,28,2.3223445415496826
396,1520530751.20126,1,pnp,397,456,31,27,0.818877637386322
397,1520530751.251262,1,pnp,398,416,49,45,1.00576651096344
398,1520530751.3012629,1,pnp,399,444,54,47,0.8944323658943176
399,1520530751.3512652,1,pnp,400,388,65,55,0.8435145616531372
400,1520530751.401267,1,pnp,401,359,65,57,0.8771414160728455
401,1520530751.4512682,1,pnp,402,380,61,56,0.82645183801651
402,1520530751.50127,1,pnp,403,409,55,49,0.7260158061981201
403,1520530751.551271,1,pnp,404,375,66,57,0.8472738862037659
404,1520530751.6017084,1,pnp,405,433,66,54,0.7795050740242004
405,1520530751.6517093,1,pnp,406,453,72,57,0.8175963163375854
406,1520530751.7017112,1,pnp,407,476,93,81,0.7960212230682373
407,1520530751.7517123,1,pnp,408,488,75,65,0.863926351070404
408,1520530751.8017142,1,pnp,409,501,64,57,0.9421404004096985
409,1520530751.8517163,1,pnp,410,528,69,57,0.9411194920539856
410,1520530751.9017174,1,pnp,411,462,68,59,0.8134928941726685
411,1520530751.9517193,1,pnp,412,463,58,46,0.9646435976028442
412,1520530752.0010962,1,pnp,413,484,47,39,0.7120994925498962
413,1520530752.0510972,1,pnp,414,436,58,47,0.8181237578392029
414,1520530752.1010993,1,pnp,415,446,70,64,0.8612480759620667
415,1520530752.1511014,1,pnp,416,447,69,59,0.8513454794883728
416,1520530752.2011023,1,pnp,417,437,60,55,0.8974556922912598
417,1520530752.2511034,1,pnp,418,410,78,72,0.6459385752677917
418,1520530752.3011053,1,pnp,419,353,75,71,0.7822739481925964
419,1520530752.3511071,1,pnp,420,331,64,59,0.7450432181358337
420,1520530752.4012294,1,pnp,421,382,62,52,0.8649124503135681
421,1520530752.4512315,1,pnp,422,395,59,43,0.9285888671875
422,1520530752.5012336,1,pnp,423,413,58,54,0.8454758524894714
423,1520530752.5512335,1,pnp,424,436,68,58,0.9052554368972778
424,1520530752.6012356,1,pnp,425,449,66,57,0.8446131944656372
425,1520530752.6512735,1,pnp,426,461,67,53,0.9686948657035828
426,1520530752.7012386,1,pnp,427,473,59,52,0.9508063793182373
427,1520530752.7512405,1,pnp,428,447,58,50,0.9314975738525391
428,1520530752.8018985,1,pnp,429,503,61,52,0.8613331317901611
429,1520530752.8519006,1,pnp,430,500,66,57,0.9064451456069946
430,1520530752.9019017,1,pnp,431,458,76,55,1.0623993873596191
431,1520530752.9519036,1,pnp,432,449,76,62,1.0213037729263306
432,1520530753.0019054,1,pnp,433,430,77,63,0.9268374443054199
433,1520530753.0519066,1,pnp,434,428,64,57,1.032074213027954
434,1520530753.1019087,1,pnp,435,463,75,64,0.9263073801994324
435,1520530753.1519096,1,pnp,436,552,69,58,0.823701798915863
436,1520530753.2019117,1,pnp,437,658,68,57,0.857713520526886
437,1520530753.2515535,1,pnp,438,488,68,58,0.9002969264984131
438,1520530753.3015559,1,pnp,439,447,60,47,0.8593934178352356
439,1520530753.3515568,1,pnp,440,406,37,31,0.6686068177223206
440,1520530753.4015586,1,pnp,441,436,50,40,0.9724196195602417
441,1520530753.4515607,1,pnp,442,406,40,33,0.8547985553741455
442,1520530753.5015616,1,pnp,443,469,46,40,0.8868030905723572
443,1520530753.5515635,1,pnp,444,470,38,33,0.8528677821159363
444,1520530753.6015658,1,pnp,445,378,47,41,0.9420612454414368
445,1520530753.6510355,1,pnp,446,310,58,52,0.8905166387557983
446,1520530753.7010374,1,pnp,447,332,53,50,0.8834465742111206
447,1520530753.7510395,1,pnp,448,326,56,50,0.6588847041130066
448,1520530753.8010404,1,pnp,449,333,77,63,0.7846618294715881
449,1520530753.8510416,1,pnp,450,333,86,82,0.8510804772377014
450,1520530753.9010437,1,pnp,451,335,86,80,0.7361214756965637
451,1520530753.9510455,1,pnp,452,329,82,77,0.698539137840271
452,1520530754.0010467,1,pnp,453,321,91,88,0.7558214664459229
453,1520530754.0517654,1,pnp,454,404,71,64,0.8820127844810486
454,1520530754.1017673,1,pnp,455,404,90,87,0.6826879382133484
455,1520530754.1517682,1,pnp,456,390,86,81,0.7170851230621338
456,1520530754.2017703,1,pnp,457,394,84,77,0.8267478942871094
457,1520530754.2517974,1,pnp,458,400,83,83,0.5850280523300171
458,1520530754.3017733,1,pnp,459,408,84,76,0.7446748614311218
459,1520530754.3517754,1,pnp,460,414,89,88,0.696906328201294
460,1520530754.4017763,1,pnp,461,409,96,94,0.6145720481872559
461,1520530754.4517205,1,pnp,462,400,87,82,0.7618215084075928
462,1520530754.5017214,1,pnp,463,426,95,92,0.8369809985160828
463,1520530754.5517232,1,pnp,464,403,95,88,0.6624417304992676
464,1520530754.6017256,1,pnp,465,407,87,82,0.7938498854637146
465,1520530754.6517265,1,pnp,466,444,92,82,0.8139223456382751
466,1520530754.7017283,1,pnp,467,439,92,84,0.729232668876648
467,1520530754.7517295,1,pnp,468,407,81,79,0.8387512564659119
468,1520530754.8017313,1,pnp,469,405,74,63,0.8847166299819946
469,1520530754.8516989,1,pnp,470,366,84,76,0.7932296991348267
470,1520530754.901701,1,pnp,471,365,85,69,0.7781398892402649
471,1520530754.9517019,1,pnp,472,376,57,54,0.7713056802749634
472,1520530755.0017037,1,pnp,473,365,50,47,0.7082631587982178
473,1520530755.0517058,1,pnp,474,305,61,57,0.745182991027832
474,1520530755.1017067,1,pnp,475,340,48,41,0.965937614440918
475,1520530755.1517088,1,pnp,476,384,45,38,0.8511132001876831
476,1520530755.201711,1,pnp,477,453,62,52,0.8710809946060181
477,1520530755.2515914,1,pnp,478,459,53,47,0.7146166563034058
478,1520530755.3015924,1,pnp,479,456,65,59,0.8511245250701904
479,1520530755.3515933,1,pnp,480,430,53,47,0.889948308467865
480,1520530755.4015956,1,pnp,481,354,49,41,0.6545401811599731
481,1520530755.4515965,1,pnp,482,380,48,45,0.8865245580673218
482,1520530755.5015986,1,pnp,483,339,51,47,0.8620719909667969
483,1520530755.5515995,1,pnp,484,374,57,48,0.732060968875885
484,1520530755.6016014,1,pnp,485,293,48,44,0.8061997890472412
485,1520530755.6516025,1,pnp,486,261,56,43,1.0046764612197876
486,1520530755.7012465,1,pnp,487,268,53,46,0.856228768825531
487,1520530755.7512476,1,pnp,488,244,57,47,0.9329720735549927
488,1520530755.8012497,1,pnp,489,245,59,52,0.7569236755371094
489,1520530755.8512666,1,pnp,490,262,74,65,0.7840980291366577
490,1520530755.9012527,1,pnp,491,255,74,68,0.8199524283409119
491,1520530755.9512546,1,pnp,492,242,64,56,0.8512318730354309
492,1520530756.0012555,1,pnp,493,246,67,62,0.9530115127563477
493,1520530756.0512576,1,pnp,494,269,60,51,0.7711405158042908
494,1520530756.1012392,1,pnp,495,254,56,48,1.0273486375808716
495,1520530756.1512413,1,pnp,496,231,65,57,0.8591219186782837
496,1520530756.2012432,1,pnp,497,284,58,45,0.9031729698181152
497,1520530756.251244,1,pnp,498,323,54,47,0.9127959609031677
498,1520530756.3012464,1,pnp,499,337,84,72,0.9090588092803955
499,1520530756.3512473,1,pnp,500,393,60,54,0.8198842406272888
500,1520530756.4012492,1,pnp,501,459,73,64,0.7812126278877258
501,1520530756.4512503,1,pnp,502,476,64,51,0.7347462177276611
502,1520530756.5013747,1,pnp,503,443,66,46,0.9208058714866638
503,1520530756.551377,1,pnp,504,410,58,43,0.9400171637535095
504,1520530756.601378,1,pnp,505,383,67,54,0.8355358839035034
505,1520530756.6513798,1,pnp,506,316,60,48,0.9514714479446411
506,1520530756.701381,1,pnp,507,252,52,44,0.8133660554885864
507,1520530756.7513828,1,pnp,508,212,44,33,0.9554741978645325
508,1520530756.801384,1,pnp,509,201,59,52,0.8959535360336304
509,1520530756.8513858,1,pnp,510,193,58,49,0.8540120720863342
510,1520530756.9015243,1,pnp,511,209,53,41,0.9951471090316772
511,1520530756.9515262,1,pnp,512,215,63,51,0.8341607451438904
512,1520530757.001527,1,pnp,513,223,60,45,0.9189262390136719
513,1520530757.0515294,1,pnp,514,220,48,39,0.7839906215667725
514,1520530757.1015303,1,pnp,515,197,36,34,0.8317856192588806
515,1520530757.1515312,1,pnp,516,201,50,39,0.8280175924301147
516,1520530757.2015333,1,pnp,517,206,47,34,0.9736798405647278
517,1520530757.2515342,1,pnp,518,224,56,39,0.847154974937439
518,1520530757.3013003,1,pnp,519,214,56,40,0.9531888365745544
519,1520530757.3513014,1,pnp,520,224,76,66,0.9802556037902832
520,1520530757.4013033,1,pnp,521,232,63,56,1.0192569494247437
521,1520530757.4513113,1,pnp,522,235,56,47,0.8996214866638184
522,1520530757.5013065,1,pnp,523,284,60,49,0.9808478355407715
523,1520530757.5513084,1,pnp,524,297,66,53,0.9116421937942505
524,1520530757.6013093,1,pnp,525,300,50,36,0.9443631172180176
525,1520530757.6513114,1,pnp,526,324,55,44,0.9938516020774841
526,1520530757.7013123,1,pnp,527,330,63,53,0.9997643232345581
527,1520530757.7510276,1,pnp,528,292,71,56,0.950010359287262
528,1520530757.8010294,1,pnp,529,282,53,42,0.9753674864768982
529,1520530757.8510303,1,pnp,530,264,57,49,0.8720303177833557
530,1520530757.9010324,1,pnp,531,268,64,58,0.8891769647598267
531,1520530757.9510334,1,pnp,532,244,46,39,0.9613503813743591
532,1520530758.0010355,1,pnp,533,233,52,41,0.7222334742546082
533,1520530758.0510366,1,pnp,534,255,38,32,0.9272422194480896
534,1520530758.1010385,1,pnp,535,284,50,45,0.9136581420898438
535,1520530758.1511445,1,pnp,536,285,44,40,0.8267713785171509
536,1520530758.2011464,1,pnp,537,288,53,46,0.7093706727027893
537,1520530758.2511485,1,pnp,538,311,57,50,0.8678033947944641
538,1520530758.3011496,1,pnp,539,311,39,33,0.8221339583396912
539,1520530758.3511515,1,pnp,540,320,37,32,0.8127262592315674
540,1520530758.4011536,1,pnp,541,347,40,37,0.8414011597633362
541,1520530758.4511545,1,pnp,542,345,46,37,0.8725210428237915
542,1520530758.5011563,1,pnp,543,361,49,39,0.9205144047737122
543,1520530758.5515866,1,pnp,544,347,48,41,0.9449626207351685
544,1520530758.6015887,1,pnp,545,294,34,32,0.7748879194259644
545,1520530758.6515896,1,pnp,546,308,56,50,0.7894030213356018
546,1520530758.7015917,1,pnp,547,298,40,37,0.8140444755554199
547,1520530758.7515929,1,pnp,548,294,55,50,0.6912365555763245
548,1520530758.8015947,1,pnp,549,265,63,57,0.8889256119728088
549,1520530758.8515968,1,pnp,550,297,70,65,0.7321068048477173
550,1520530758.9015977,1,pnp,551,301,72,66,0.7819375991821289
551,1520530758.9514883,1,pnp,552,315,67,57,0.7838170528411865
552,1520530759.0014892,1,pnp,553,315,72,64,0.8108592629432678
553,1520530759.0514915,1,pnp,554,297,56,52,0.7673664093017578
554,1520530759.1014924,1,pnp,555,286,62,54,0.8126904368400574
555,1520530759.1514943,1,pnp,556,275,74,64,0.9874550700187683
556,1520530759.2014954,1,pnp,557,250,60,53,0.8586365580558777
557,1520530759.2514973,1,pnp,558,234,60,56,0.8700621724128723
558,1520530759.3014982,1,pnp,559,238,61,50,0.9656720757484436
559,1520530759.3516645,1,pnp,560,262,48,42,0.8668521046638489
560,1520530759.4016664,1,pnp,561,285,59,53,0.8003682494163513
561,1520530759.4516675,1,pnp,562,300,72,68,0.7585505247116089
562,1520530759.5016694,1,pnp,563,312,65,58,0.7379128336906433
563,1520530759.5516703,1,pnp,564,345,63,57,0.8170919418334961
564,1520530759.6016726,1,pnp,565,329,70,62,0.8982448577880859
565,1520530759.6516736,1,pnp,566,321,49,45,0.7662208676338196
566,1520530759.7016754,1,pnp,567,325,49,41,0.6891633868217468
567,1520530759.7516022,1,pnp,568,313,67,60,0.6847625970840454
568,1520530759.8016045,1,pnp,569,309,75,67,0.7184204459190369
569,1520530759.8516064,1,pnp,570,307,74,67,0.7449541091918945
570,1520530759.9016073,1,pnp,571,309,83,75,0.8259796500205994
571,1520530759.9516094,1,pnp,572,325,69,62,0.7409701943397522
572,1520530760.0016103,1,pnp,573,337,80,67,0.8121256232261658
573,1520530760.0516121,1,pnp,574,345,91,80,0.7777899503707886
574,1520530760.1016135,1,pnp,575,356,83,78,0.7201473712921143
575,1520530760.1516163,1,pnp,576,350,70,62,0.6718910336494446
576,1520530760.2015352,1,pnp,577,364,77,69,0.7528811693191528
577,1520530760.2515373,1,pnp,578,369,80,71,0.821471095085144
578,1520530760.3015382,1,pnp,579,365,70,64,0.84588223695755
579,1520530760.3515394,1,pnp,580,360,73,63,0.8994035124778748
580,1520530760.4015412,1,pnp,581,369,78,71,0.8290261030197144
581,1520530760.451543,1,pnp,582,378,75,65,0.832586944103241
582,1520530760.5015442,1,pnp,583,367,58,49,0.8205283880233765
583,1520530760.551546,1,pnp,584,368,78,72,0.7839495539665222
584,1520530760.6014895,1,pnp,585,382,76,62,0.8178685903549194
585,1520530760.6514916,1,pnp,586,417,75,61,0.8349499702453613
586,1520530760.7014925,1,pnp,587,411,63,53,0.8966065645217896
587,1520530760.7514944,1,pnp,588,467,74,59,0.8502305746078491
588,1520530760.8014956,1,pnp,589,437,81,64,0.8516585826873779
589,1520530760.8514977,1,pnp,590,488,76,60,0.8232182860374451
590,1520530760.9014986,1,pnp,591,437,78,66,0.8712126612663269
591,1520530760.9515007,1,pnp,592,433,85,76,0.8394314646720886
592,1520530761.0013769,1,pnp,593,391,76,72,0.7560309171676636
593,1520530761.051378,1,pnp,594,370,75,64,0.8959046006202698
594,1520530761.1013799,1,pnp,595,400,84,75,0.833103358745575
595,1520530761.151381,1,pnp,596,421,74,62,0.8000308275222778
596,1520530761.201383,1,pnp,597,400,82,75,0.7557306885719299
597,1520530761.251384,1,pnp,598,385,60,48,0.8092427849769592
598,1520530761.301386,1,pnp,599,411,69,63,0.8439797163009644
599,1520530761.351387,1,pnp,600,432,74,62,0.9435280561447144
600,1520530761.4012496,1,pnp,601,391,67,60,0.9990360140800476
601,1520530761.4512515,1,pnp,602,384,84,78,0.946790874004364
602,1520530761.5012527,1,pnp,603,410,63,48,0.8757349252700806
603,1520530761.5512545,1,pnp,604,388,66,52,0.9085755348205566
604,1520530761.6012566,1,pnp,605,407,60,52,0.9385796785354614
605,1520530761.6512587,1,pnp,606,388,64,55,0.8607010245323181
606,1520530761.7012596,1,pnp,607,351,57,52,0.783988356590271
607,1520530761.7512617,1,pnp,608,346,57,51,1.0139286518096924
608,1520530761.8011296,1,pnp,609,282,58,54,0.9157044291496277
609,1520530761.8511305,1,pnp,610,270,61,53,0.8216177821159363
610,1520530761.9011338,1,pnp,611,244,49,40,0.8239085078239441
611,1520530761.9511335,1,pnp,612,223,49,43,0.9937664866447449
612,1520530762.0011353,1,pnp,613,211,54,46,0.7988311648368835
613,1520530762.0511365,1,pnp,614,210,43,37,0.8947275280952454
614,1520530762.1011386,1,pnp,615,214,52,44,0.7730604410171509
615,1520530762.1511405,1,pnp,616,219,49,43,0.6855513453483582
616,1520530762.201314,1,pnp,617,249,51,49,0.8126235008239746
617,1520530762.251319,1,pnp,618,241,56,50,0.8972572684288025
618,1520530762.301317,1,pnp,619,247,64,56,0.8370673656463623
619,1520530762.3513188,1,pnp,620,273,67,57,0.7318991422653198
620,1520530762.4013197,1,pnp,621,273,55,48,0.6417921781539917
621,1520530762.4513218,1,pnp,622,280,66,55,0.8615773320198059
622,1520530762.5013227,1,pnp,623,262,62,57,0.7380982637405396
623,1520530762.5513248,1,pnp,624,269,60,57,0.8343642354011536
624,1520530762.601327,1,pnp,625,267,74,60,0.8295683860778809
625,1520530762.6515312,1,pnp,626,287,67,59,0.8674356341362
626,1520530762.701533,1,pnp,627,302,74,62,0.8870123028755188
627,1520530762.7515342,1,pnp,628,324,69,58,0.9482257962226868
628,1520530762.801536,1,pnp,629,374,70,54,1.0084478855133057
629,1520530762.851537,1,pnp,630,367,64,54,0.8327341079711914
630,1520530762.901539,1,pnp,631,385,75,66,0.9417541027069092
631,1520530762.95154,1,pnp,632,447,54,40,0.7702309489250183
632,1520530763.001542,1,pnp,633,373,61,51,0.7763451933860779
633,1520530763.0515592,1,pnp,634,372,68,59,0.7174714803695679
634,1520530763.10156,1,pnp,635,378,81,70,1.0044682025909424
635,1520530763.151562,1,pnp,636,397,82,65,0.9208580255508423
636,1520530763.2015643,1,pnp,637,398,64,50,0.8188769817352295
637,1520530763.2515652,1,pnp,638,394,74,59,0.6588026881217957
638,1520530763.301567,1,pnp,639,355,79,66,0.8350868225097656
639,1520530763.3515682,1,pnp,640,346,67,55,0.7846445441246033
640,1520530763.40157,1,pnp,641,333,78,60,0.9050164222717285
641,1520530763.4515615,1,pnp,642,325,81,65,0.7937366366386414
642,1520530763.5015624,1,pnp,643,336,90,73,0.983072817325592
643,1520530763.5515647,1,pnp,644,341,90,78,0.8953883647918701
644,1520530763.6015656,1,pnp,645,346,87,71,0.8338004350662231
645,1520530763.6515665,1,pnp,646,314,75,64,0.9062516689300537
646,1520530763.7015696,1,pnp,647,324,70,63,0.8246351480484009
647,1520530763.7515705,1,pnp,648,327,52,50,0.7346901893615723
648,1520530763.8015714,1,pnp,649,342,71,66,0.9020543098449707
649,1520530763.8514526,1,pnp,650,348,74,60,0.9633604884147644
650,1520530763.9014535,1,pnp,651,317,65,51,0.8222516179084778
651,1520530763.9514554,1,pnp,652,351,65,55,0.7875267863273621
652,1520530764.0014565,1,pnp,653,372,60,49,0.6905767321586609
653,1520530764.0514584,1,pnp,654,374,62,58,0.7600206136703491
654,1520530764.1014593,1,pnp,655,387,75,62,0.8895344138145447
655,1520530764.1514614,1,pnp,656,434,75,66,0.8182632327079773
656,1520530764.2014635,1,pnp,657,469,82,64,0.878955066204071
657,1520530764.2514815,1,pnp,658,440,82,68,0.8255457878112793
658,1520530764.3014834,1,pnp,659,488,105,79,0.9333205819129944
659,1520530764.3514843,1,pnp,660,452,98,69,0.9000630378723145
660,1520530764.4014864,1,pnp,661,504,97,66,0.976738452911377
661,1520530764.4514873,1,pnp,662,478,99,75,0.8727933764457703
662,1520530764.5014892,1,pnp,663,470,93,63,0.8378771543502808
663,1520530764.5514903,1,pnp,664,476,100,79,0.9634981155395508
664,1520530764.6014924,1,pnp,665,419,94,76,0.9465107321739197
665,1520530764.6514943,1,pnp,666,408,82,68,0.9591855406761169
666,1520530764.7017155,1,pnp,667,407,67,46,0.9247459769248962
667,1520530764.7517176,1,pnp,668,327,70,53,1.0902631282806396
668,1520530764.8017194,1,pnp,669,253,61,52,0.8422025442123413
669,1520530764.8517206,1,pnp,670,238,50,41,0.8871034383773804
670,1520530764.9017215,1,pnp,671,230,53,39,0.8078215718269348
671,1520530764.9517243,1,pnp,672,250,64,57,0.9185007214546204
672,1520530765.0017254,1,pnp,673,266,52,39,0.9279559850692749
673,1520530765.0517275,1,pnp,674,235,59,46,0.8188577890396118
674,1520530765.1017635,1,pnp,675,212,54,48,0.9191336631774902
675,1520530765.1517653,1,pnp,676,201,44,31,0.7484906911849976
676,1520530765.2017663,1,pnp,677,221,59,48,0.8630222082138062
677,1520530765.2517674,1,pnp,678,220,63,48,0.8400083780288696
678,1520530765.3017714,1,pnp,679,242,66,50,0.78179532289505
679,1520530765.351771,1,pnp,680,247,64,49,0.9544478058815002
680,1520530765.4017725,1,pnp,681,244,69,57,0.8979448080062866
681,1520530765.4517744,1,pnp,682,251,76,56,0.9569000005722046
682,1520530765.5016677,1,pnp,683,218,67,54,1.01040780544281
683,1520530765.5515656,1,pnp,684,221,77,63,0.9069125056266785
684,1520530765.6015666,1,pnp,685,220,70,53,0.7413827180862427
685,1520530765.6515687,1,pnp,686,224,61,54,0.896124005317688
686,1520530765.7015696,1,pnp,687,247,53,42,0.9789787530899048
687,1520530765.7515717,1,pnp,688,255,62,48,0.8244142532348633
688,1520530765.8015738,1,pnp,689,265,69,55,0.8822795152664185
689,1520530765.8515747,1,pnp,690,274,71,48,0.9389018416404724
690,1520530765.9013457,1,pnp,691,270,47,34,0.9847303032875061
691,1520530765.9513466,1,pnp,692,290,50,40,1.0196453332901
692,1520530766.0013487,1,pnp,693,276,43,33,0.9377949833869934
693,1520530766.0513496,1,pnp,694,281,38,34,1.0428638458251953
694,1520530766.1013515,1,pnp,695,251,39,30,0.9452436566352844
695,1520530766.1513526,1,pnp,696,276,44,36,0.9192541837692261
696,1520530766.2013545,1,pnp,697,277,47,44,0.894752562046051
697,1520530766.2513566,1,pnp,698,260,53,47,0.8496302366256714
698,1520530766.3013716,1,pnp,699,286,53,47,0.8133137226104736
699,1520530766.3513737,1,pnp,700,267,60,58,0.8303648233413696
700,1520530766.4013755,1,pnp,701,282,66,55,0.8455199599266052
701,1520530766.4513764,1,pnp,702,312,70,56,0.7910528182983398
702,1520530766.5013785,1,pnp,703,311,64,59,0.6930702924728394
703,1520530766.5513794,1,pnp,704,301,49,42,0.7225486040115356
704,1520530766.6013815,1,pnp,705,301,53,47,0.6757445335388184
705,1520530766.6513827,1,pnp,706,367,48,40,0.8051117658615112
706,1520530766.701834,1,pnp,707,448,46,44,0.9029927849769592
707,1520530766.751836,1,pnp,708,455,54,45,0.6727252006530762
708,1520530766.8018372,1,pnp,709,430,42,35,0.5735918879508972
709,1520530766.851839,1,pnp,710,419,43,36,0.7622801661491394
710,1520530766.901841,1,pnp,711,369,48,42,0.7946572303771973
711,1520530766.951842,1,pnp,712,294,35,34,0.9146109819412231
712,1520530767.001843,1,pnp,713,298,56,48,0.6667925715446472
713,1520530767.051845,1,pnp,714,296,60,51,0.9659876823425293
714,1520530767.101938,1,pnp,715,289,44,38,0.7708736062049866
715,1520530767.1518786,1,pnp,716,286,58,53,0.7427980303764343
716,1520530767.2018795,1,pnp,717,281,48,47,0.6857551336288452
717,1520530767.2518816,1,pnp,718,268,54,46,0.7023028135299683
718,1520530767.3018825,1,pnp,719,267,67,58,0.6983610391616821
719,1520530767.3518844,1,pnp,720,278,54,47,0.7642096281051636
720,1520530767.4018865,1,pnp,721,297,62,50,0.791395902633667
721,1520530767.4518874,1,pnp,722,287,60,52,0.7712553143501282
722,1520530767.5018897,1,pnp,723,282,56,50,0.7056439518928528
723,1520530767.5518572,1,pnp,724,267,60,56,0.8278933167457581
724,1520530767.6018593,1,pnp,725,251,71,62,0.7940540313720703
725,1520530767.6518602,1,pnp,726,244,58,48,0.8271991610527039
726,1520530767.7018623,1,pnp,727,252,68,57,0.8460069298744202
727,1520530767.7518635,1,pnp,728,237,69,57,0.7845017910003662
728,1520530767.8018653,1,pnp,729,229,70,64,0.7794691324234009
729,1520530767.8518672,1,pnp,730,225,79,72,0.8422887921333313
730,1520530767.9018693,1,pnp,731,233,69,58,0.8048274517059326
731,1520530767.9519355,1,pnp,732,261,74,67,0.7931129932403564
732,1520530768.0019367,1,pnp,733,261,74,68,0.8027222156524658
733,1520530768.0519397,1,pnp,734,296,65,59,0.9414536356925964
734,1520530768.1019406,1,pnp,735,289,96,85,0.8195410370826721
735,1520530768.1519418,1,pnp,736,277,88,76,0.7515771389007568
736,1520530768.2019436,1,pnp,737,295,74,69,0.7336041927337646
737,1520530768.2519445,1,pnp,738,301,51,45,0.5932143330574036
738,1520530768.3019466,1,pnp,739,291,51,44,0.7862176299095154
739,1520530768.351886,1,pnp,740,289,84,79,0.8408023715019226
740,1520530768.4018867,1,pnp,741,293,81,73,0.8013654351234436
741,1520530768.4518888,1,pnp,742,304,86,85,0.8064063191413879
742,1520530768.50189,1,pnp,743,303,87,80,0.7976974844932556
743,1520530768.5518918,1,pnp,744,294,73,67,0.971061110496521
744,1520530768.601893,1,pnp,745,297,72,60,0.824722945690155
745,1520530768.6518948,1,pnp,746,284,70,61,0.8669220805168152
746,1520530768.701977,1,pnp,747,264,61,53,0.8886334300041199
747,1520530768.7518106,1,pnp,748,265,52,48,0.7844676971435547
748,1520530768.8018117,1,pnp,749,273,58,52,0.784054696559906
749,1520530768.8518138,1,pnp,750,289,60,52,0.8679428696632385
750,1520530768.9018147,1,pnp,751,318,61,57,0.8458881378173828
751,1520530768.9518168,1,pnp,752,361,63,55,0.8417918086051941
752,1520530769.0018187,1,pnp,753,374,59,51,0.7339553236961365
753,1520530769.0518196,1,pnp,754,401,75,68,0.7727342844009399
754,1520530769.101822,1,pnp,755,384,90,78,0.9166263341903687
755,1520530769.1518228,1,pnp,756,392,66,58,0.9719401001930237
756,1520530769.2018704,1,pnp,757,366,64,56,0.8089548945426941
757,1520530769.2518713,1,pnp,758,374,60,52,0.8110570907592773
758,1520530769.3018732,1,pnp,759,361,71,64,0.9967983365058899
759,1520530769.3518753,1,pnp,760,380,76,59,0.8791413903236389
760,1520530769.4018762,1,pnp,761,412,63,56,0.8684807419776917
761,1520530769.4518785,1,pnp,762,441,82,70,0.9444217085838318
762,1520530769.5018795,1,pnp,763,440,72,61,1.0694347620010376
763,1520530769.5518813,1,pnp,764,449,74,53,0.8909587860107422
764,1520530769.6018498,1,pnp,765,417,73,63,0.9100174903869629
765,1520530769.6518517,1,pnp,766,430,72,59,0.8007321953773499
766,1520530769.7018538,1,pnp,767,430,77,64,0.801706850528717
767,1520530769.7518547,1,pnp,768,413,81,70,0.8309195637702942
768,1520530769.8018568,1,pnp,769,413,77,67,0.758779764175415
769,1520530769.8518589,1,pnp,770,383,85,77,0.7744626402854919
770,1520530769.9018598,1,pnp,771,372,89,73,0.7763658165931702
771,1520530769.9518619,1,pnp,772,444,86,72,0.9136247038841248
772,1520530770.0016608,1,pnp,773,399,71,64,0.8327047228813171
773,1520530770.0516617,1,pnp,774,421,84,74,0.875226616859436
774,1520530770.1016636,1,pnp,775,430,71,63,0.8536750674247742
775,1520530770.1516657,1,pnp,776,444,73,63,0.8542924523353577
776,1520530770.2016678,1,pnp,777,403,86,72,0.7939568758010864
777,1520530770.2516687,1,pnp,778,455,89,75,0.8137290477752686
778,1520530770.3017368,1,pnp,779,447,87,75,0.9019635915756226
779,1520530770.3516717,1,pnp,780,444,72,64,0.9297809600830078
780,1520530770.401532,1,pnp,781,405,55,44,0.8051751255989075
781,1520530770.451534,1,pnp,782,374,60,43,0.9130073189735413
782,1520530770.5015352,1,pnp,783,276,58,50,0.7891800999641418
783,1520530770.551537,1,pnp,784,279,48,41,0.629848062992096
784,1520530770.601539,1,pnp,785,290,66,56,0.7846806049346924
785,1520530770.65154,1,pnp,786,280,68,58,0.8914898037910461
786,1520530770.701542,1,pnp,787,265,66,57,0.9766847491264343
787,1520530770.7515428,1,pnp,788,265,65,54,0.8891943693161011
788,1520530770.8016117,1,pnp,789,264,55,47,0.8413689136505127
789,1520530770.8516126,1,pnp,790,245,50,45,0.7358782291412354
790,1520530770.9016147,1,pnp,791,255,59,57,0.8586253523826599
791,1520530770.9516165,1,pnp,792,257,65,54,0.8420510292053223
792,1520530771.0016174,1,pnp,793,252,57,47,0.8331289887428284
793,1520530771.0516198,1,pnp,794,248,60,51,0.8601701259613037
794,1520530771.1016207,1,pnp,795,257,51,47,0.8292179107666016
795,1520530771.1516225,1,pnp,796,252,63,59,0.8715516924858093
796,1520530771.2018957,1,pnp,797,298,64,54,0.8488595485687256
797,1520530771.2518978,1,pnp,798,297,64,56,1.0152093172073364
798,1520530771.3019,1,pnp,799,314,57,54,0.8151132464408875
799,1520530771.3519018,1,pnp,800,297,69,60,0.7039819955825806
800,1520530771.4019027,1,pnp,801,277,72,70,0.8618884682655334
801,1520530771.4519048,1,pnp,802,314,63,58,0.9045783281326294
802,1520530771.5019057,1,pnp,803,286,72,67,0.8634231090545654
803,1520530771.5519118,1,pnp,804,304,55,43,0.8238176107406616
804,1520530771.601909,1,pnp,805,319,62,51,0.8306850790977478
805,1520530771.6518784,1,pnp,806,379,69,56,1.0430283546447754
806,1520530771.7018802,1,pnp,807,353,72,59,0.8494794368743896
807,1520530771.7518823,1,pnp,808,369,69,55,0.9072408676147461
808,1520530771.8018832,1,pnp,809,427,70,62,0.798130214214325
809,1520530771.851885,1,pnp,810,468,96,83,0.8523151874542236
810,1520530771.901942,1,pnp,811,386,103,75,0.8808925747871399
811,1520530771.9518883,1,pnp,812,322,74,60,0.8611922264099121
812,1520530772.0018892,1,pnp,813,304,74,65,0.7414267659187317
813,1520530772.051867,1,pnp,814,315,77,65,0.7577961683273315
814,1520530772.101868,1,pnp,815,322,62,58,0.7116297483444214
815,1520530772.1518698,1,pnp,816,332,70,64,0.7371652126312256
816,1520530772.2018719,1,pnp,817,354,77,65,0.894002377986908
817,1520530772.2518728,1,pnp,818,368,81,68,0.8913301229476929
818,1520530772.3018749,1,pnp,819,316,66,62,0.81939297914505
819,1520530772.351876,1,pnp,820,312,62,51,0.8387216329574585
820,1520530772.4018779,1,pnp,821,328,74,65,0.7601545453071594
821,1520530772.4517875,1,pnp,822,333,79,59,0.8860867023468018
822,1520530772.5017893,1,pnp,823,304,79,73,0.8833664655685425
823,1520530772.5517905,1,pnp,824,312,75,66,0.7808116674423218
824,1520530772.6017923,1,pnp,825,307,73,57,0.8954253196716309
825,1520530772.6517942,1,pnp,826,322,75,69,0.8362811207771301
826,1520530772.7017953,1,pnp,827,354,76,63,0.8447451591491699
827,1520530772.7517974,1,pnp,828,331,76,66,0.7990496158599854
828,1520530772.8017986,1,pnp,829,341,78,63,0.8118559122085571
829,1520530772.8517103,1,pnp,830,359,81,68,0.9168480038642883
830,1520530772.9017124,1,pnp,831,374,81,62,0.8839060068130493
831,1520530772.9517133,1,pnp,832,367,76,61,0.8124480843544006
832,1520530773.0017152,1,pnp,833,382,71,58,0.9467001557350159
833,1520530773.0517163,1,pnp,834,394,68,54,0.8757033348083496
834,1520530773.1017184,1,pnp,835,413,80,64,0.7966691851615906
835,1520530773.1517203,1,pnp,836,416,89,78,0.8145015835762024
836,1520530773.2017214,1,pnp,837,426,75,71,0.7820491194725037
837,1520530773.2518704,1,pnp,838,445,85,70,0.856700599193573
838,1520530773.3018715,1,pnp,839,479,87,72,0.9634578824043274
839,1520530773.3518784,1,pnp,840,447,90,76,0.8676092624664307
840,1520530773.4018745,1,pnp,841,538,84,70,0.8729197382926941
841,1520530773.4518764,1,pnp,842,461,93,66,0.8238541483879089
842,1520530773.5019193,1,pnp,843,383,84,63,0.7862955927848816
843,1520530773.5518794,1,pnp,844,451,90,74,0.9352396130561829
844,1520530773.6018803,1,pnp,845,398,72,52,0.8220147490501404
845,1520530773.6518824,1,pnp,846,267,54,39,0.9133580923080444
846,1520530773.7019484,1,pnp,847,229,38,31,0.934419572353363
847,1520530773.7519505,1,pnp,848,222,41,34,0.8095626831054688
848,1520530773.8019524,1,pnp,849,247,52,47,0.8162309527397156
849,1520530773.8519535,1,pnp,850,251,59,48,0.7762964963912964
850,1520530773.9019554,1,pnp,851,286,54,40,0.8511313796043396
851,1520530773.9519565,1,pnp,852,256,65,56,0.7792553901672363
852,1520530774.0019586,1,pnp,853,210,56,41,0.8745587468147278
853,1520530774.0519593,1,pnp,854,197,55,41,0.8663461804389954
854,1520530774.1019845,1,pnp,855,203,59,51,0.7728846073150635
855,1520530774.1519866,1,pnp,856,193,56,52,0.9266572594642639
856,1520530774.2019877,1,pnp,857,187,50,40,0.8829578757286072
857,1520530774.2519896,1,pnp,858,192,49,39,1.0975912809371948
858,1520530774.3019915,1,pnp,859,201,60,52,0.7440451979637146
859,1520530774.3519926,1,pnp,860,216,62,53,0.8669922351837158
860,1520530774.4019935,1,pnp,861,203,57,43,0.8760916590690613
861,1520530774.4519954,1,pnp,862,206,65,56,0.9082590341567993
862,1520530774.5017922,1,pnp,863,206,58,53,0.9954599738121033
863,1520530774.5517943,1,pnp,864,213,55,39,0.9826443791389465
864,1520530774.6017952,1,pnp,865,223,54,42,0.9952185153961182
865,1520530774.651797,1,pnp,866,244,45,34,1.0729665756225586
866,1520530774.7017982,1,pnp,867,284,48,42,1.0695616006851196
867,1520530774.7518,1,pnp,868,284,50,39,0.982100784778595
868,1520530774.801801,1,pnp,869,291,46,36,0.8950983285903931
869,1520530774.8518033,1,pnp,870,328,45,37,0.861635684967041
870,1520530774.9016302,1,pnp,871,295,47,37,1.0153019428253174
871,1520530774.951632,1,pnp,872,272,61,51,0.8908292055130005
872,1520530775.001633,1,pnp,873,300,65,48,1.0137099027633667
873,1520530775.051635,1,pnp,874,272,66,55,0.9639744758605957
874,1520530775.101664,1,pnp,875,282,81,62,0.9161062836647034
875,1520530775.1516378,1,pnp,876,266,72,61,0.7730633616447449
876,1520530775.201639,1,pnp,877,276,61,55,0.8836567997932434
877,1520530775.251641,1,pnp,878,269,66,64,0.7061516046524048
878,1520530775.301808,1,pnp,879,291,78,69,0.838165283203125
879,1520530775.351809,1,pnp,880,288,71,63,0.7583988904953003
880,1520530775.4018114,1,pnp,881,294,57,49,0.7399073839187622
881,1520530775.4518123,1,pnp,882,312,54,50,0.8431310057640076
882,1520530775.5018141,1,pnp,883,323,52,48,0.7653516530990601
883,1520530775.5518153,1,pnp,884,298,45,42,0.7548084259033203
884,1520530775.6018171,1,pnp,885,324,44,41,0.8311316967010498
885,1520530775.651818,1,pnp,886,348,57,50,0.7360551953315735
886,1520530775.702432,1,pnp,887,409,38,31,0.8343476057052612
887,1520530775.752434,1,pnp,888,424,47,35,0.7465211749076843
888,1520530775.802435,1,pnp,889,451,50,32,0.8345260620117188
889,1520530775.852437,1,pnp,890,325,38,37,0.6540439128875732
890,1520530775.902438,1,pnp,891,311,44,42,0.7402671575546265
891,1520530775.9524398,1,pnp,892,320,36,32,0.7000053524971008
892,1520530776.0024412,1,pnp,893,304,35,31,0.5506429672241211
893,1520530776.052443,1,pnp,894,282,53,45,0.8812991380691528
894,1520530776.102445,1,pnp,895,289,60,54,0.8551534414291382
895,1520530776.1522834,1,pnp,896,270,72,65,0.7869799733161926
896,1520530776.2022846,1,pnp,897,272,73,64,0.7114672660827637
897,1520530776.2522867,1,pnp,898,298,63,58,0.7410323023796082
898,1520530776.3022873,1,pnp,899,312,64,53,0.8636522889137268
899,1520530776.3522897,1,pnp,900,329,71,64,0.8425553441047668
900,1520530776.4022906,1,pnp,901,340,69,58,0.9181991815567017
901,1520530776.4522924,1,pnp,902,350,70,60,0.8797636032104492
902,1520530776.5022936,1,pnp,903,358,73,55,0.9282227158546448
903,1520530776.5523024,1,pnp,904,329,75,57,0.9523224234580994
904,1520530776.6023035,1,pnp,905,315,64,60,0.7343515157699585
905,1520530776.6523056,1,pnp,906,284,45,38,0.8398012518882751
906,1520530776.7023215,1,pnp,907,280,72,64,0.8535508513450623
907,1520530776.7523086,1,pnp,908,266,66,56,0.9131221771240234
908,1520530776.8023105,1,pnp,909,291,57,52,0.8853164911270142
909,1520530776.8523116,1,pnp,910,303,56,51,0.8233131170272827
910,1520530776.9023125,1,pnp,911,348,61,56,0.8066807389259338
911,1520530776.9523423,1,pnp,912,391,59,50,0.8364547491073608
912,1520530777.0023444,1,pnp,913,389,67,61,0.7206358909606934
913,1520530777.0523453,1,pnp,914,380,90,86,0.7352831959724426
914,1520530777.1023474,1,pnp,915,370,103,97,0.7449004650115967
915,1520530777.1523483,1,pnp,916,365,81,76,0.789596438407898
916,1520530777.2023501,1,pnp,917,327,73,70,0.8967533111572266
917,1520530777.2523513,1,pnp,918,329,48,40,0.6847386360168457
918,1520530777.3023531,1,pnp,919,316,51,46,0.9299474358558655
919,1520530777.3522234,1,pnp,920,275,51,43,0.885399341583252
920,1520530777.4022243,1,pnp,921,270,57,47,0.7682146430015564
921,1520530777.4522262,1,pnp,922,267,53,48,0.8960839509963989
922,1520530777.5022273,1,pnp,923,254,54,45,0.8921524286270142
923,1520530777.5522292,1,pnp,924,257,66,60,0.662224531173706
924,1520530777.6022303,1,pnp,925,271,61,57,0.8253298997879028
925,1520530777.6522322,1,pnp,926,274,70,55,0.7286068201065063
926,1520530777.7022343,1,pnp,927,259,63,60,0.7085671424865723
927,1520530777.7521322,1,pnp,928,250,62,58,0.8415296673774719
928,1520530777.8021343,1,pnp,929,239,58,51,0.8909774422645569
929,1520530777.8521364,1,pnp,930,257,53,48,0.7211104035377502
930,1520530777.9021373,1,pnp,931,291,63,58,0.7046234011650085
931,1520530777.9521384,1,pnp,932,319,58,52,0.749853253364563
932,1520530778.0021403,1,pnp,933,361,69,56,0.8691584467887878
933,1520530778.0521421,1,pnp,934,389,68,60,0.8440527319908142
934,1520530778.1021433,1,pnp,935,406,75,66,0.8794950842857361
935,1520530778.1521957,1,pnp,936,417,82,69,0.9458534717559814
936,1520530778.2021966,1,pnp,937,413,81,66,0.9327694177627563
937,1520530778.2521987,1,pnp,938,407,71,63,0.9597525000572205
938,1520530778.3022006,1,pnp,939,394,74,67,0.8245728611946106
939,1520530778.3522015,1,pnp,940,379,80,67,0.8588785529136658
940,1520530778.4022026,1,pnp,941,392,87,77,0.8305081129074097
941,1520530778.4522047,1,pnp,942,388,80,72,0.7579343914985657
942,1520530778.5022056,1,pnp,943,407,82,71,0.8542097210884094
943,1520530778.5522077,1,pnp,944,400,84,78,0.7317566275596619
944,1520530778.6022525,1,pnp,945,418,85,76,0.8044807314872742
945,1520530778.6522534,1,pnp,946,463,91,72,0.9711666107177734
946,1520530778.7022552,1,pnp,947,478,85,69,0.8479140400886536
947,1520530778.7522564,1,pnp,948,479,74,59,0.828012228012085
948,1520530778.8022583,1,pnp,949,438,77,64,1.0348021984100342
949,1520530778.8522594,1,pnp,950,437,68,58,0.9103628993034363
950,1520530778.9022613,1,pnp,951,440,67,61,0.8449767231941223
951,1520530778.9522634,1,pnp,952,448,77,68,0.9524200558662415
952,1520530779.0020466,1,pnp,953,433,68,55,0.8438225388526917
953,1520530779.0520487,1,pnp,954,472,74,65,0.824140191078186
954,1520530779.1020496,1,pnp,955,461,63,52,0.8995362520217896
955,1520530779.1520514,1,pnp,956,458,71,58,0.9201734066009521
956,1520530779.2020526,1,pnp,957,484,79,72,0.9847919344902039
957,1520530779.2520547,1,pnp,958,452,69,62,0.9069347381591797
958,1520530779.3020566,1,pnp,959,430,70,58,0.8150371313095093
959,1520530779.3520586,1,pnp,960,314,48,42,0.9512739777565002
960,1520530779.4018598,1,pnp,961,277,53,44,0.8854444026947021
961,1520530779.451861,1,pnp,962,254,67,57,0.8512868285179138
962,1520530779.5018628,1,pnp,963,270,62,51,0.824630081653595
963,1520530779.5518637,1,pnp,964,224,59,49,0.7297506332397461
964,1520530779.6018686,1,pnp,965,236,60,56,0.9582266807556152
965,1520530779.6518676,1,pnp,966,226,61,57,0.8701228499412537
966,1520530779.7018685,1,pnp,967,244,70,61,0.8069338798522949
967,1520530779.7518697,1,pnp,968,259,54,50,0.8942797780036926
968,1520530779.8021512,1,pnp,969,301,48,39,0.8043748140335083
969,1520530779.8521535,1,pnp,970,302,60,54,0.7892040610313416
970,1520530779.9021554,1,pnp,971,333,66,57,0.8560624718666077
971,1520530779.9521563,1,pnp,972,306,55,44,0.8134731650352478
972,1520530780.0021574,1,pnp,973,278,63,55,1.0036475658416748
973,1520530780.0521593,1,pnp,974,279,65,59,0.8534681797027588
974,1520530780.1021602,1,pnp,975,308,62,50,0.9219018220901489
975,1520530780.1521623,1,pnp,976,305,56,48,0.8712588548660278
976,1520530780.202293,1,pnp,977,345,49,44,0.8565769195556641
977,1520530780.2522938,1,pnp,978,321,61,56,0.9352869391441345
978,1520530780.3022957,1,pnp,979,322,63,52,0.7101621627807617
979,1520530780.3522968,1,pnp,980,333,74,63,0.8914961218833923
980,1520530780.4022987,1,pnp,981,356,68,61,0.8554991483688354
981,1520530780.4522998,1,pnp,982,345,75,63,0.8223137855529785
982,1520530780.5023017,1,pnp,983,367,84,70,0.9588061571121216
983,1520530780.5523026,1,pnp,984,329,73,61,0.7991945147514343
984,1520530780.602305,1,pnp,985,307,67,60,0.9435814619064331
985,1520530780.6521397,1,pnp,986,298,65,61,0.7798222899436951
986,1520530780.7021408,1,pnp,987,300,61,55,0.9495668411254883
987,1520530780.7521427,1,pnp,988,297,72,60,0.8544135093688965
988,1520530780.8021436,1,pnp,989,364,90,83,0.929843544960022
989,1520530780.8521457,1,pnp,990,337,81,68,0.9595955610275269
990,1520530780.9021478,1,pnp,991,296,63,56,0.793323278427124
991,1520530780.9521496,1,pnp,992,306,61,57,0.8946577906608582
992,1520530781.0021508,1,pnp,993,331,73,67,0.8324683308601379
993,1520530781.0521648,1,pnp,994,340,76,62,0.9150242805480957
994,1520530781.1021667,1,pnp,995,348,75,54,0.9191309213638306
995,1520530781.1521685,1,pnp,996,312,69,56,0.8649159669876099
996,1520530781.2021697,1,pnp,997,327,71,61,0.8068283796310425
997,1520530781.2521706,1,pnp,998,357,64,54,0.955248236656189
998,1520530781.3021724,1,pnp,999,334,71,55,0.8663302063941956
999,1520530781.3521736,1,pnp,1000,322,65,56,0.7323344945907593
1000,1520530781.4021757,1,pnp,1001,323,73,60,0.8111745715141296
1001,1520530781.4520588,1,pnp,1002,351,67,50,0.7682914137840271
1002,1520530781.5020597,1,pnp,1003,390,74,60,0.7832785248756409
1003,1520530781.5520618,1,pnp,1004,369,79,68,0.7409926056861877
1004,1520530781.6020627,1,pnp,1005,334,85,78,0.8794993162155151
1005,1520530781.6520646,1,pnp,1006,359,83,74,0.89644455909729
1006,1520530781.7020657,1,pnp,1007,392,75,61,0.809138298034668
1007,1520530781.7520676,1,pnp,1008,390,76,63,0.830571174621582
1008,1520530781.8020697,1,pnp,1009,416,82,64,0.8834308981895447
1009,1520530781.852037,1,pnp,1010,421,76,65,0.7986674904823303
1010,1520530781.9020388,1,pnp,1011,425,72,62,0.6494492888450623
1011,1520530781.9520397,1,pnp,1012,430,88,78,0.7464594841003418
1012,1520530782.002042,1,pnp,1013,458,71,55,0.8308694362640381
1013,1520530782.052043,1,pnp,1014,421,88,71,0.92210453748703
1014,1520530782.1020448,1,pnp,1015,466,92,75,0.8390397429466248
1015,1520530782.152046,1,pnp,1016,494,89,77,0.8646420836448669
1016,1520530782.2020478,1,pnp,1017,450,89,64,0.8795068860054016
1017,1520530782.252169,1,pnp,1018,432,81,61,0.933412492275238
1018,1520530782.3021698,1,pnp,1019,389,87,66,0.8793351054191589
1019,1520530782.3521717,1,pnp,1020,337,72,60,0.9412183165550232
1020,1520530782.4021728,1,pnp,1021,277,49,40,0.7714832425117493
1021,1520530782.4521747,1,pnp,1022,231,52,44,0.9474162459373474
1022,1520530782.5021765,1,pnp,1023,232,54,44,0.7936004400253296
1023,1520530782.5521789,1,pnp,1024,235,64,49,0.8632453083992004
1024,1520530782.6021798,1,pnp,1025,239,56,46,0.7865721583366394
1025,1520530782.6522894,1,pnp,1026,250,64,53,0.8706341981887817
1026,1520530782.7022903,1,pnp,1027,267,73,56,0.8957962393760681
1027,1520530782.7522924,1,pnp,1028,248,62,49,0.8326067924499512
1028,1520530782.8022933,1,pnp,1029,209,58,43,0.8394704461097717
1029,1520530782.8522942,1,pnp,1030,231,62,47,0.9827920198440552
1030,1520530782.9022963,1,pnp,1031,219,53,47,0.7550480365753174
1031,1520530782.9522984,1,pnp,1032,234,64,54,0.8497900366783142
1032,1520530783.0022993,1,pnp,1033,227,68,53,0.8116639852523804
1033,1520530783.0523014,1,pnp,1034,221,62,49,0.8565704822540283
1034,1520530783.10215,1,pnp,1035,211,61,49,0.9033322930335999
1035,1520530783.1521518,1,pnp,1036,204,73,59,0.9516767263412476
1036,1520530783.2021527,1,pnp,1037,217,62,48,0.8995871543884277
1037,1520530783.252155,1,pnp,1038,227,63,48,0.8720072507858276
1038,1520530783.302156,1,pnp,1039,234,61,46,0.9911013245582581
1039,1520530783.3521578,1,pnp,1040,236,60,45,0.9297947287559509
1040,1520530783.40216,1,pnp,1041,244,52,39,0.9084793329238892
1041,1520530783.4521608,1,pnp,1042,283,54,42,1.018365502357483
1042,1520530783.5019157,1,pnp,1043,279,43,33,1.0153359174728394
1043,1520530783.5519166,1,pnp,1044,285,47,37,1.1159937381744385
1044,1520530783.6019187,1,pnp,1045,299,62,45,0.8930110335350037
1045,1520530783.6519196,1,pnp,1046,276,54,44,0.9721195697784424
1046,1520530783.7019217,1,pnp,1047,241,48,41,0.8040731549263
1047,1520530783.7519238,1,pnp,1048,249,41,35,0.910227358341217
1048,1520530783.8019247,1,pnp,1049,246,47,45,0.695064902305603
1049,1520530783.8519268,1,pnp,1050,277,56,49,0.9583585858345032
1050,1520530783.9018755,1,pnp,1051,250,46,39,0.8933612108230591
1051,1520530783.9518774,1,pnp,1052,237,62,56,0.9399694800376892
1052,1520530784.0018787,1,pnp,1053,243,69,64,0.8866192102432251
1053,1520530784.0518806,1,pnp,1054,262,72,62,0.9228399991989136
1054,1520530784.1018825,1,pnp,1055,271,65,60,0.7894960641860962
1055,1520530784.1518836,1,pnp,1056,258,47,40,0.8980485200881958
1056,1520530784.2018855,1,pnp,1057,287,46,43,0.924903154373169
1057,1520530784.2518864,1,pnp,1058,268,47,38,0.8731719851493835
1058,1520530784.3024344,1,pnp,1059,377,41,36,0.8768590688705444
1059,1520530784.3524363,1,pnp,1060,381,66,60,0.8423647880554199
1060,1520530784.4024372,1,pnp,1061,383,52,45,0.6902533769607544
1061,1520530784.4524393,1,pnp,1062,370,41,37,0.7710000276565552
1062,1520530784.5024402,1,pnp,1063,375,43,36,0.7784470915794373
1063,1520530784.5524411,1,pnp,1064,341,32,27,0.8579389452934265
1064,1520530784.6024435,1,pnp,1065,294,39,38,0.7673466801643372
1065,1520530784.6524453,1,pnp,1066,304,53,46,0.8094227313995361
1066,1520530784.7025218,1,pnp,1067,308,41,38,0.7000060677528381
1067,1520530784.7526178,1,pnp,1068,282,48,41,0.7039594054222107
1068,1520530784.8025248,1,pnp,1069,246,58,51,0.7780458927154541
1069,1520530784.8525267,1,pnp,1070,266,55,44,0.7976363301277161
1070,1520530784.9025278,1,pnp,1071,295,75,67,0.8108364939689636
1071,1520530784.9525297,1,pnp,1072,313,64,57,0.9560909867286682
1072,1520530785.0025318,1,pnp,1073,298,58,52,0.8118845820426941
1073,1520530785.052533,1,pnp,1074,306,61,53,0.8914655447006226
1074,1520530785.1025348,1,pnp,1075,325,70,54,0.8180769085884094
1075,1520530785.1524048,1,pnp,1076,294,70,68,0.7787947654724121
1076,1520530785.2024071,1,pnp,1077,287,82,70,0.7705042362213135
1077,1520530785.2524078,1,pnp,1078,276,72,59,0.9212509393692017
1078,1520530785.30241,1,pnp,1079,257,63,53,0.8412075638771057
1079,1520530785.352411,1,pnp,1080,223,55,48,0.9655758738517761
1080,1520530785.402413,1,pnp,1081,230,67,62,0.7387857437133789
1081,1520530785.4524148,1,pnp,1082,237,63,55,0.7767805457115173
1082,1520530785.502416,1,pnp,1083,246,72,67,0.7416378259658813
1083,1520530785.5524695,1,pnp,1084,263,68,56,0.9434201121330261
1084,1520530785.6024704,1,pnp,1085,281,67,64,0.7769396305084229
1085,1520530785.6524725,1,pnp,1086,277,79,74,0.7500684857368469
1086,1520530785.7024746,1,pnp,1087,285,58,50,0.8120882511138916
1087,1520530785.7524765,1,pnp,1088,287,77,66,0.7819728851318359
1088,1520530785.8024774,1,pnp,1089,294,59,55,0.7321159839630127
1089,1520530785.8524785,1,pnp,1090,298,60,53,0.8264875411987305
1090,1520530785.9024804,1,pnp,1091,280,45,43,0.7226352095603943
1091,1520530785.9524379,1,pnp,1092,288,63,56,0.8323935866355896
1092,1520530786.0024388,1,pnp,1093,290,56,52,0.7325921654701233
1093,1520530786.052441,1,pnp,1094,272,54,49,0.810643196105957
1094,1520530786.1024427,1,pnp,1095,260,65,60,0.7172133922576904
1095,1520530786.1524467,1,pnp,1096,266,63,56,0.8128998279571533
1096,1520530786.2024448,1,pnp,1097,270,76,64,0.9112950563430786
1097,1520530786.252447,1,pnp,1098,281,60,54,0.7884898781776428
1098,1520530786.302448,1,pnp,1099,276,69,59,0.8622134327888489
1099,1520530786.3524287,1,pnp,1100,256,65,60,0.7310509085655212
1100,1520530786.4023528,1,pnp,1101,249,64,58,0.7916135191917419
1101,1520530786.4523547,1,pnp,1102,244,55,51,0.8571319580078125
1102,1520530786.5023556,1,pnp,1103,260,49,45,0.8184080719947815
1103,1520530786.5523577,1,pnp,1104,312,44,40,0.8146345019340515
1104,1520530786.6023595,1,pnp,1105,332,53,42,0.8413030505180359
1105,1520530786.6523604,1,pnp,1106,385,69,59,0.7061038017272949
1106,1520530786.7023628,1,pnp,1107,365,74,59,0.825566828250885
1107,1520530786.7523825,1,pnp,1108,374,74,62,0.8561034202575684
1108,1520530786.8023844,1,pnp,1109,376,76,72,0.8556392192840576
1109,1520530786.8523855,1,pnp,1110,399,80,64,0.8414559960365295
1110,1520530786.9023876,1,pnp,1111,363,63,58,0.8277568221092224
1111,1520530786.9523885,1,pnp,1112,370,69,58,0.858504056930542
1112,1520530787.0023906,1,pnp,1113,379,65,57,0.8356939554214478
1113,1520530787.0523925,1,pnp,1114,395,76,65,0.8162145018577576
1114,1520530787.1023934,1,pnp,1115,398,58,48,0.7755637764930725
1115,1520530787.152463,1,pnp,1116,426,65,58,0.899040699005127
1116,1520530787.2024648,1,pnp,1117,450,74,60,0.8027453422546387
1117,1520530787.252466,1,pnp,1118,451,87,75,0.8140696883201599
1118,1520530787.3024678,1,pnp,1119,456,78,59,0.8792338371276855
1119,1520530787.3524687,1,pnp,1120,473,79,67,0.8493564128875732
1120,1520530787.402471,1,pnp,1121,431,75,67,0.9421072006225586
1121,1520530787.452472,1,pnp,1122,430,70,63,0.8536197543144226
1122,1520530787.5024748,1,pnp,1123,399,77,70,0.850959837436676
1123,1520530787.552476,1,pnp,1124,434,73,59,0.7627325654029846
1124,1520530787.6022048,1,pnp,1125,392,71,59,0.8925467729568481
1125,1520530787.6522067,1,pnp,1126,395,76,64,0.8163334727287292
1126,1520530787.7022076,1,pnp,1127,462,72,64,0.9090757966041565
1127,1520530787.7522097,1,pnp,1128,459,75,66,0.924070417881012
1128,1520530787.8022106,1,pnp,1129,430,83,73,0.841299295425415
1129,1520530787.8522127,1,pnp,1130,423,91,72,0.8699713349342346
1130,1520530787.9022138,1,pnp,1131,460,73,60,0.977840006351471
1131,1520530787.9522748,1,pnp,1132,446,65,54,1.0612637996673584
1132,1520530788.0020702,1,pnp,1133,407,58,46,0.9060443639755249
1133,1520530788.052072,1,pnp,1134,326,45,40,0.8279069066047668
1134,1520530788.102073,1,pnp,1135,295,50,46,0.8784505128860474
1135,1520530788.152075,1,pnp,1136,296,51,47,0.7796882390975952
1136,1520530788.202077,1,pnp,1137,300,76,68,0.8865538239479065
1137,1520530788.2520778,1,pnp,1138,295,75,60,0.8666034936904907
1138,1520530788.3020802,1,pnp,1139,278,70,59,0.8022560477256775
1139,1520530788.352081,1,pnp,1140,274,58,49,0.9634515047073364
1140,1520530788.4021666,1,pnp,1141,247,55,43,0.9182760715484619
1141,1520530788.4521677,1,pnp,1142,223,52,41,0.7437820434570312
1142,1520530788.5021696,1,pnp,1143,224,54,52,0.8444247841835022
1143,1520530788.5521717,1,pnp,1144,225,56,51,0.9632889628410339
1144,1520530788.6021729,1,pnp,1145,240,48,42,0.8373013138771057
1145,1520530788.6521747,1,pnp,1146,236,61,54,0.8166693449020386
1146,1520530788.7021756,1,pnp,1147,252,62,53,0.9126285910606384
1147,1520530788.7521777,1,pnp,1148,279,71,63,0.7436825633049011
1148,1520530788.8021991,1,pnp,1149,301,62,56,0.8164841532707214
1149,1520530788.852201,1,pnp,1150,300,48,43,0.6994007229804993
1150,1520530788.9022033,1,pnp,1151,290,69,62,0.7238689064979553
1151,1520530788.9522052,1,pnp,1152,278,62,61,0.8355811238288879
1152,1520530789.002206,1,pnp,1153,295,67,59,0.9125678539276123
1153,1520530789.0522082,1,pnp,1154,270,68,57,0.8872202038764954
1154,1520530789.102209,1,pnp,1155,297,72,65,0.9079196453094482
1155,1520530789.152211,1,pnp,1156,259,64,56,0.7593784928321838
1156,1520530789.2022882,1,pnp,1157,296,69,57,0.799587070941925
1157,1520530789.2522902,1,pnp,1158,317,86,76,0.7846148014068604
1158,1520530789.3022912,1,pnp,1159,307,72,65,0.7765442132949829
1159,1520530789.3522933,1,pnp,1160,349,80,63,0.7755063772201538
1160,1520530789.4022942,1,pnp,1161,385,84,70,0.7939523458480835
1161,1520530789.452296,1,pnp,1162,392,83,71,0.7622316479682922
1162,1520530789.5022972,1,pnp,1163,308,70,56,0.8375361561775208
1163,1520530789.55234,1,pnp,1164,289,71,58,0.8547162413597107
1164,1520530789.602354,1,pnp,1165,315,69,63,0.788306713104248
1165,1520530789.652356,1,pnp,1166,326,76,69,0.7928833365440369
1166,1520530789.7023568,1,pnp,1167,325,77,66,0.9617988467216492
1167,1520530789.752359,1,pnp,1168,345,82,63,0.9231089353561401
1168,1520530789.802361,1,pnp,1169,285,78,63,0.8118124604225159
1169,1520530789.852362,1,pnp,1170,278,68,56,0.9496414065361023
1170,1520530789.902364,1,pnp,1171,283,77,63,0.9008387327194214
1171,1520530789.952365,1,pnp,1172,301,75,56,0.9020734429359436
1172,1520530790.0023668,1,pnp,1173,299,62,52,0.684357762336731
1173,1520530790.0522602,1,pnp,1174,295,63,54,0.9083912968635559
1174,1520530790.102262,1,pnp,1175,328,73,65,0.8096627593040466
1175,1520530790.1522632,1,pnp,1176,340,75,66,0.8516596555709839
1176,1520530790.2022653,1,pnp,1177,356,89,81,0.8481253385543823
1177,1520530790.2522671,1,pnp,1178,336,81,72,0.8531737327575684
1178,1520530790.3022683,1,pnp,1179,328,75,64,0.8792753219604492
1179,1520530790.3522701,1,pnp,1180,342,86,74,0.9011005163192749
1180,1520530790.402272,1,pnp,1181,376,86,71,0.8161012530326843
1181,1520530790.4522607,1,pnp,1182,388,78,68,0.835637092590332
1182,1520530790.5022626,1,pnp,1183,374,67,62,0.7720247507095337
1183,1520530790.5522635,1,pnp,1184,411,70,59,0.8917462229728699
1184,1520530790.6022656,1,pnp,1185,446,80,67,0.8736350536346436
1185,1520530790.6522665,1,pnp,1186,415,93,72,0.8530029058456421
1186,1520530790.7022686,1,pnp,1187,475,96,78,0.9635324478149414
1187,1520530790.7522707,1,pnp,1188,443,94,77,0.8278229236602783
1188,1520530790.8022716,1,pnp,1189,493,102,83,0.7773528099060059
1189,1520530790.8524227,1,pnp,1190,443,100,80,0.9746769666671753
1190,1520530790.9024277,1,pnp,1191,462,92,72,0.8925295472145081
1191,1520530790.9524257,1,pnp,1192,419,89,64,0.8812212347984314
1192,1520530791.0024278,1,pnp,1193,372,75,56,0.9204761385917664
1193,1520530791.0524287,1,pnp,1194,376,79,62,0.9895401000976562
1194,1520530791.1024299,1,pnp,1195,274,68,57,1.0139601230621338
1195,1520530791.1524558,1,pnp,1196,225,57,47,0.8360668420791626
1196,1520530791.2024329,1,pnp,1197,222,47,39,0.8489440679550171
1197,1520530791.252573,1,pnp,1198,278,54,46,0.8952634930610657
1198,1520530791.3025742,1,pnp,1199,263,69,55,0.8472510576248169
1199,1520530791.352576,1,pnp,1200,247,64,51,0.7768521308898926
1200,1520530791.402578,1,pnp,1201,232,63,53,0.7383977770805359
1201,1520530791.4525793,1,pnp,1202,197,47,38,0.7018166780471802
1202,1520530791.5025811,1,pnp,1203,191,54,44,0.8352018594741821
1203,1520530791.5525823,1,pnp,1204,204,48,38,0.867845892906189
1204,1520530791.6025841,1,pnp,1205,216,59,48,0.828483521938324
1205,1520530791.6524708,1,pnp,1206,213,56,46,0.8125326633453369
1206,1520530791.7024727,1,pnp,1207,213,62,52,0.9196314215660095
1207,1520530791.7524736,1,pnp,1208,218,61,47,1.0386788845062256
1208,1520530791.802476,1,pnp,1209,218,69,54,0.8897261023521423
1209,1520530791.8524778,1,pnp,1210,240,72,58,0.9058330059051514
1210,1520530791.9024787,1,pnp,1211,258,70,56,0.9274588823318481
1211,1520530791.9524808,1,pnp,1212,272,85,67,1.0124523639678955
1212,1520530792.002483,1,pnp,1213,278,80,66,0.9423070549964905
1213,1520530792.0525186,1,pnp,1214,291,84,64,1.065801739692688
1214,1520530792.1021712,1,pnp,1215,271,47,37,0.8566546440124512
1215,1520530792.152172,1,pnp,1216,296,70,59,0.884364902973175
1216,1520530792.2021742,1,pnp,1217,301,63,43,0.9937468767166138
1217,1520530792.2521763,1,pnp,1218,324,67,54,0.930692732334137
1218,1520530792.3021772,1,pnp,1219,335,62,49,1.0732638835906982
1219,1520530792.3521793,1,pnp,1220,285,63,52,0.8624002933502197
1220,1520530792.4021802,1,pnp,1221,287,65,57,1.039764404296875
1221,1520530792.452182,1,pnp,1222,282,74,66,0.9538243412971497
1222,1520530792.5020404,1,pnp,1223,252,56,51,0.872219443321228
1223,1520530792.5520415,1,pnp,1224,223,62,53,0.979373574256897
1224,1520530792.6020424,1,pnp,1225,229,51,45,0.8716655969619751
1225,1520530792.6520443,1,pnp,1226,224,46,40,0.9522616863250732
1226,1520530792.7020454,1,pnp,1227,250,52,50,0.753232479095459
1227,1520530792.7520525,1,pnp,1228,268,57,52,0.9133104681968689
1228,1520530792.8020487,1,pnp,1229,246,57,53,0.900084376335144
1229,1520530792.8520505,1,pnp,1230,265,65,55,0.8263968229293823
1230,1520530792.9022481,1,pnp,1231,327,62,57,0.8395674824714661
1231,1520530792.95225,1,pnp,1232,314,67,60,0.863434910774231
1232,1520530793.002252,1,pnp,1233,312,52,44,0.8812355399131775
1233,1520530793.052253,1,pnp,1234,343,50,43,0.7686424255371094
1234,1520530793.1022549,1,pnp,1235,335,45,42,0.7143032550811768
1235,1520530793.152256,1,pnp,1236,301,51,43,0.8044089078903198
1236,1520530793.202258,1,pnp,1237,334,41,33,0.8557822108268738
1237,1520530793.2522593,1,pnp,1238,360,58,52,0.7064360976219177
1238,1520530793.302667,1,pnp,1239,336,57,47,0.8947135806083679
1239,1520530793.3526678,1,pnp,1240,294,49,40,0.8847949504852295
1240,1520530793.4026697,1,pnp,1241,291,55,49,0.8128082156181335
1241,1520530793.4526718,1,pnp,1242,289,51,47,0.8232411742210388
1242,1520530793.5026727,1,pnp,1243,299,58,52,0.6987016201019287
1243,1520530793.5526748,1,pnp,1244,286,57,51,0.6825196743011475
1244,1520530793.602676,1,pnp,1245,273,67,61,0.7470120191574097
1245,1520530793.6526778,1,pnp,1246,262,67,61,0.7448316216468811
1246,1520530793.702589,1,pnp,1247,248,64,60,0.6953620910644531
1247,1520530793.7525918,1,pnp,1248,248,54,46,0.8511866927146912
1248,1520530793.8025928,1,pnp,1249,271,58,50,0.8433088064193726
1249,1520530793.852595,1,pnp,1250,267,50,42,0.8070952892303467
1250,1520530793.902596,1,pnp,1251,265,57,47,0.7482296228408813
1251,1520530793.9525979,1,pnp,1252,264,60,44,0.6858664751052856
1252,1520530794.0026,1,pnp,1253,243,72,61,0.7931569218635559
1253,1520530794.052605,1,pnp,1254,235,67,55,1.0157928466796875
1254,1520530794.1026475,1,pnp,1255,229,62,58,0.7947627305984497
1255,1520530794.1526496,1,pnp,1256,232,56,53,0.7324579954147339
1256,1520530794.2026508,1,pnp,1257,237,60,53,0.7821927070617676
1257,1520530794.2526526,1,pnp,1258,234,72,65,0.8459410071372986
1258,1520530794.3026536,1,pnp,1259,254,72,61,0.9024453163146973
1259,1520530794.3526556,1,pnp,1260,277,78,73,0.7824780941009521
1260,1520530794.4026566,1,pnp,1261,287,70,63,0.76050865650177
1261,1520530794.4526584,1,pnp,1262,313,83,74,0.9070311784744263
1262,1520530794.5026598,1,pnp,1263,296,65,55,0.8008863925933838
1263,1520530794.552676,1,pnp,1264,324,62,60,0.8465790748596191
1264,1520530794.6026778,1,pnp,1265,322,71,66,0.7028954029083252
1265,1520530794.652679,1,pnp,1266,311,58,52,0.9123859405517578
1266,1520530794.7026808,1,pnp,1267,307,58,51,0.7165025472640991
1267,1520530794.752682,1,pnp,1268,304,87,79,0.8595863580703735
1268,1520530794.802684,1,pnp,1269,306,91,79,0.8455106019973755
1269,1520530794.852685,1,pnp,1270,310,87,72,0.8151870965957642
1270,1520530794.902687,1,pnp,1271,299,82,70,0.7007381916046143
1271,1520530794.9526722,1,pnp,1272,301,84,77,0.8042780160903931
1272,1520530795.0026743,1,pnp,1273,285,62,57,0.7442957758903503
1273,1520530795.0526762,1,pnp,1274,291,73,68,0.7118592858314514
1274,1520530795.1026773,1,pnp,1275,317,66,58,0.7539793252944946
1275,1520530795.1526792,1,pnp,1276,322,76,71,0.7059059143066406
1276,1520530795.20268,1,pnp,1277,330,73,71,0.8061113953590393
1277,1520530795.2526824,1,pnp,1278,359,71,64,0.8245480060577393
1278,1520530795.3026843,1,pnp,1279,377,76,65,0.7750017046928406
1279,1520530795.352702,1,pnp,1280,393,90,81,0.8466994762420654
1280,1520530795.402704,1,pnp,1281,392,68,59,0.9269729852676392
1281,1520530795.4527059,1,pnp,1282,393,73,65,0.9653355479240417
1282,1520530795.5027068,1,pnp,1283,377,69,59,0.885922908782959
1283,1520530795.5527089,1,pnp,1284,368,59,54,0.935377299785614
1284,1520530795.6027098,1,pnp,1285,362,66,57,0.8992297053337097
1285,1520530795.652711,1,pnp,1286,416,74,61,0.721737265586853
1286,1520530795.702713,1,pnp,1287,413,92,80,0.9677738547325134
1287,1520530795.7526906,1,pnp,1288,417,79,68,0.7278754711151123
1288,1520530795.8026927,1,pnp,1289,427,80,68,0.8855818510055542
1289,1520530795.8526945,1,pnp,1290,442,75,57,0.9403898119926453
1290,1520530795.9026954,1,pnp,1291,451,86,67,0.8442135453224182
1291,1520530795.9526994,1,pnp,1292,481,90,65,0.89590984582901
1292,1520530796.0026987,1,pnp,1293,425,85,73,0.7743892669677734
1293,1520530796.0527005,1,pnp,1294,415,85,71,0.8487836718559265
1294,1520530796.1027017,1,pnp,1295,455,71,61,0.8081445097923279
1295,1520530796.1525345,1,pnp,1296,419,79,72,0.7791923880577087
1296,1520530796.2025366,1,pnp,1297,420,72,62,0.8107900023460388
1297,1520530796.2525375,1,pnp,1298,384,74,63,0.8436251282691956
1298,1520530796.3025393,1,pnp,1299,399,78,63,0.8289069533348083
1299,1520530796.3525405,1,pnp,1300,378,81,67,0.8782469630241394
1300,1520530796.4025424,1,pnp,1301,382,77,60,0.8659202456474304
1301,1520530796.4525435,1,pnp,1302,413,69,60,0.9538009762763977
1302,1520530796.5025456,1,pnp,1303,440,76,62,0.8340156674385071
1303,1520530796.5524862,1,pnp,1304,406,72,56,0.9462594985961914
1304,1520530796.602488,1,pnp,1305,367,53,48,0.8377181887626648
1305,1520530796.6524901,1,pnp,1306,291,49,42,0.8351507782936096
1306,1520530796.7024913,1,pnp,1307,264,45,37,0.9568668603897095
1307,1520530796.7524931,1,pnp,1308,275,32,31,0.6735609769821167
1308,1520530796.8024943,1,pnp,1309,243,48,43,0.8439130187034607
1309,1520530796.8524961,1,pnp,1310,272,41,40,0.8877759575843811
1310,1520530796.9024982,1,pnp,1311,283,57,48,0.8128491640090942
1311,1520530796.9524994,1,pnp,1312,305,63,51,0.8163459300994873
1312,1520530797.0026317,1,pnp,1313,286,56,48,0.9799531698226929
1313,1520530797.0526338,1,pnp,1314,295,62,48,0.8034629225730896
1314,1520530797.1026347,1,pnp,1315,277,58,51,0.876927375793457
1315,1520530797.1526368,1,pnp,1316,280,66,58,0.7938144207000732
1316,1520530797.2026377,1,pnp,1317,283,61,54,0.8942713737487793
1317,1520530797.2526388,1,pnp,1318,283,68,56,0.8186061978340149
1318,1520530797.3026419,1,pnp,1319,312,69,62,0.7752252221107483
1319,1520530797.3526425,1,pnp,1320,313,70,59,0.9826139807701111
1320,1520530797.40276,1,pnp,1321,340,63,55,0.8366543650627136
1321,1520530797.452761,1,pnp,1322,355,51,44,0.8367614150047302
1322,1520530797.502762,1,pnp,1323,359,58,51,0.8625413179397583
1323,1520530797.552764,1,pnp,1324,349,53,48,0.825214684009552
1324,1520530797.602866,1,pnp,1325,331,49,46,0.8315634727478027
1325,1520530797.6527672,1,pnp,1326,373,66,59,0.853249192237854
1326,1520530797.7027678,1,pnp,1327,337,67,59,0.7138462066650391
1327,1520530797.7527702,1,pnp,1328,366,56,50,0.7169520854949951
1328,1520530797.8026433,1,pnp,1329,367,57,51,0.8390181064605713
1329,1520530797.8526442,1,pnp,1330,398,77,61,0.7499839067459106
1330,1520530797.9026463,1,pnp,1331,465,74,60,0.9743677377700806
1331,1520530797.9526472,1,pnp,1332,447,81,68,0.881687343120575
1332,1520530798.0026495,1,pnp,1333,419,85,75,0.8263355493545532
1333,1520530798.0526505,1,pnp,1334,423,81,69,0.935788631439209
1334,1520530798.1026523,1,pnp,1335,423,78,70,0.7469983696937561
1335,1520530798.1526535,1,pnp,1336,428,81,59,0.9398467540740967
1336,1520530798.2025049,1,pnp,1337,448,66,52,0.8802446722984314
1337,1520530798.2525067,1,pnp,1338,382,79,69,0.8076788187026978
1338,1520530798.3025079,1,pnp,1339,392,72,58,0.881286084651947
1339,1520530798.3525097,1,pnp,1340,401,80,72,1.0103240013122559
1340,1520530798.4025106,1,pnp,1341,399,87,72,0.8808050155639648
1341,1520530798.452513,1,pnp,1342,412,80,72,0.9054306745529175
1342,1520530798.5025136,1,pnp,1343,410,75,60,0.8550575375556946
1343,1520530798.5525157,1,pnp,1344,397,78,72,0.8273154497146606
1344,1520530798.6024146,1,pnp,1345,383,75,70,0.7918151617050171
1345,1520530798.652417,1,pnp,1346,421,79,69,0.9369212985038757
1346,1520530798.7024179,1,pnp,1347,442,82,62,0.7388688921928406
1347,1520530798.7524197,1,pnp,1348,422,85,70,0.8078233599662781
1348,1520530798.8024209,1,pnp,1349,387,82,69,0.934844434261322
1349,1520530798.8524227,1,pnp,1350,406,78,69,0.8055243492126465
1350,1520530798.9024246,1,pnp,1351,427,67,58,0.8851528167724609
1351,1520530798.9524257,1,pnp,1352,432,66,57,0.8452226519584656
1352,1520530799.0023384,1,pnp,1353,390,62,49,0.93132084608078
1353,1520530799.0523393,1,pnp,1354,392,61,50,0.7933827042579651
1354,1520530799.1023405,1,pnp,1355,435,68,58,0.7871143817901611
1355,1520530799.1523423,1,pnp,1356,411,72,62,0.8877054452896118
1356,1520530799.2024224,1,pnp,1357,456,67,59,0.6449079513549805
1357,1520530799.2523453,1,pnp,1358,430,75,58,0.8966079950332642
1358,1520530799.3023462,1,pnp,1359,433,73,61,0.9339174032211304
1359,1520530799.3523483,1,pnp,1360,408,73,57,0.754523754119873
1360,1520530799.4023504,1,pnp,1361,408,83,66,0.8564815521240234
1361,1520530799.4524105,1,pnp,1362,417,86,62,0.9624859690666199
1362,1520530799.5024126,1,pnp,1363,410,86,71,0.8678849339485168
1363,1520530799.5524135,1,pnp,1364,388,83,58,0.935814380645752
1364,1520530799.6024156,1,pnp,1365,350,89,75,1.0308328866958618
1365,1520530799.6524167,1,pnp,1366,296,75,66,0.9611295461654663
1366,1520530799.7024186,1,pnp,1367,280,75,65,0.8505873680114746
1367,1520530799.7524195,1,pnp,1368,259,59,52,0.7628368139266968
1368,1520530799.8024216,1,pnp,1369,262,73,62,0.855576753616333
1369,1520530799.8526623,1,pnp,1370,276,64,54,0.9595942497253418
1370,1520530799.9026632,1,pnp,1371,250,68,55,1.010726809501648
1371,1520530799.9526653,1,pnp,1372,225,67,55,0.8384448289871216
1372,1520530800.0026662,1,pnp,1373,210,52,45,0.9088201522827148
1373,1520530800.0526683,1,pnp,1374,202,50,47,0.8613882064819336
1374,1520530800.1026695,1,pnp,1375,187,52,45,0.8163547515869141
1375,1520530800.1526713,1,pnp,1376,192,45,36,0.7343090772628784
1376,1520530800.2026732,1,pnp,1377,204,47,38,0.6166220903396606
1377,1520530800.2527664,1,pnp,1378,239,44,37,0.7840223908424377
1378,1520530800.3027673,1,pnp,1379,242,54,51,0.8755930662155151
1379,1520530800.3527691,1,pnp,1380,248,51,44,0.8344843983650208
1380,1520530800.4027703,1,pnp,1381,242,48,39,0.8359997868537903
1381,1520530800.4527712,1,pnp,1382,247,60,52,0.8991239070892334
1382,1520530800.502774,1,pnp,1383,273,36,31,0.7862319946289062
1383,1520530800.5527751,1,pnp,1384,289,49,39,0.8723893165588379
1384,1520530800.602776,1,pnp,1385,292,65,52,0.9797396063804626
1385,1520530800.6524606,1,pnp,1386,255,56,49,0.8945233821868896
1386,1520530800.7024615,1,pnp,1387,248,60,48,0.7701919078826904
1387,1520530800.7524633,1,pnp,1388,262,59,48,0.7767460942268372
1388,1520530800.8025215,1,pnp,1389,271,61,51,0.8190104961395264
1389,1520530800.8524666,1,pnp,1390,285,51,42,0.8506887555122375
1390,1520530800.9024684,1,pnp,1391,249,53,47,0.854212760925293
1391,1520530800.9524696,1,pnp,1392,254,53,43,0.8114292025566101
1392,1520530801.0024714,1,pnp,1393,270,53,43,0.8796390891075134
1393,1520530801.0521028,1,pnp,1394,238,40,35,0.7464087009429932
1394,1520530801.1021047,1,pnp,1395,197,47,42,0.882798433303833
1395,1520530801.1521058,1,pnp,1396,185,45,42,0.8306339979171753
1396,1520530801.2021077,1,pnp,1397,201,43,36,0.8479152321815491
1397,1520530801.2521088,1,pnp,1398,193,42,37,0.9053173065185547
1398,1520530801.302111,1,pnp,1399,194,35,29,0.9180334210395813
1399,1520530801.3521128,1,pnp,1400,197,40,36,0.8826904296875
1400,1520530801.402114,1,pnp,1401,212,44,42,0.8128953576087952
1401,1520530801.4521158,1,pnp,1402,235,53,43,0.8860904574394226
1402,1520530801.502019,1,pnp,1403,199,43,39,0.7067046761512756
1403,1520530801.5520208,1,pnp,1404,221,52,44,0.9623264074325562
1404,1520530801.602022,1,pnp,1405,245,52,43,0.8107185959815979
1405,1520530801.6520238,1,pnp,1406,279,70,54,0.9917011857032776
1406,1520530801.7020247,1,pnp,1407,290,62,52,0.7407596111297607
1407,1520530801.752028,1,pnp,1408,346,53,47,0.8132408261299133
1408,1520530801.802029,1,pnp,1409,341,54,45,0.6962023973464966
1409,1520530801.8520308,1,pnp,1410,285,59,48,0.7524954676628113
1410,1520530801.9023046,1,pnp,1411,442,48,43,0.7762115001678467
1411,1520530801.9523056,1,pnp,1412,369,51,46,0.6685314774513245
1412,1520530802.0023067,1,pnp,1413,338,46,38,0.709809422492981
1413,1520530802.0523086,1,pnp,1414,269,45,43,0.7123100757598877
1414,1520530802.1023095,1,pnp,1415,233,53,51,0.8193598389625549
1415,1520530802.1523116,1,pnp,1416,254,52,47,0.7636226415634155
1416,1520530802.2023137,1,pnp,1417,280,51,45,0.7284104824066162
1417,1520530802.2523148,1,pnp,1418,284,42,37,0.8291918039321899
1418,1520530802.3025715,1,pnp,1419,284,61,54,0.7553925514221191
1419,1520530802.3525736,1,pnp,1420,269,58,49,0.846855640411377
1420,1520530802.4026096,1,pnp,1421,264,54,48,0.7239797711372375
1421,1520530802.4525766,1,pnp,1422,264,47,41,0.6492580771446228
1422,1520530802.5025775,1,pnp,1423,263,48,47,0.785872757434845
1423,1520530802.5525796,1,pnp,1424,277,44,41,0.8159652948379517
1424,1520530802.6025815,1,pnp,1425,260,61,57,0.6791040897369385
1425,1520530802.6525824,1,pnp,1426,232,50,46,0.8522778153419495
1426,1520530802.7026052,1,pnp,1427,211,50,42,0.9633185267448425
1427,1520530802.7526064,1,pnp,1428,213,49,45,0.8957495093345642
1428,1520530802.8026083,1,pnp,1429,216,51,47,0.8482943773269653
1429,1520530802.8526092,1,pnp,1430,204,50,49,0.6612317562103271
1430,1520530802.9026113,1,pnp,1431,225,55,52,0.7999495267868042
1431,1520530802.952613,1,pnp,1432,222,63,57,0.654511034488678
1432,1520530803.002614,1,pnp,1433,219,53,49,0.801008939743042
1433,1520530803.0526164,1,pnp,1434,234,69,63,0.859948456287384
1434,1520530803.1027641,1,pnp,1435,255,66,56,0.8413864374160767
1435,1520530803.1527662,1,pnp,1436,280,72,68,0.7125115394592285
1436,1520530803.2027671,1,pnp,1437,285,78,66,0.7005003094673157
1437,1520530803.2527692,1,pnp,1438,291,80,71,0.867328941822052
1438,1520530803.3027704,1,pnp,1439,299,85,78,0.8415376543998718
1439,1520530803.3527722,1,pnp,1440,304,82,62,0.8152177929878235
1440,1520530803.4027743,1,pnp,1441,280,77,67,0.8003575801849365
1441,1520530803.4527752,1,pnp,1442,273,60,56,0.7617500424385071
1442,1520530803.5029204,1,pnp,1443,274,63,57,0.6439632177352905
1443,1520530803.5529222,1,pnp,1444,278,68,64,0.7605128288269043
1444,1520530803.6029232,1,pnp,1445,280,66,56,0.7195159792900085
1445,1520530803.6529253,1,pnp,1446,284,76,70,0.7637413144111633
1446,1520530803.7029262,1,pnp,1447,291,72,63,0.7771720886230469
1447,1520530803.752928,1,pnp,1448,339,63,54,0.6757926940917969
1448,1520530803.8029304,1,pnp,1449,381,63,56,0.8366838693618774
1449,1520530803.8529313,1,pnp,1450,368,76,73,0.7097535133361816
1450,1520530803.9029324,1,pnp,1451,360,86,76,0.7523579597473145
1451,1520530803.9527814,1,pnp,1452,359,86,74,0.6671268939971924
1452,1520530804.0027924,1,pnp,1453,347,67,65,0.6212336421012878
1453,1520530804.0527842,1,pnp,1454,353,64,58,0.6798205971717834
1454,1520530804.1027863,1,pnp,1455,379,68,62,0.6535732746124268
1455,1520530804.1527872,1,pnp,1456,386,70,64,0.6819272637367249
1456,1520530804.2027895,1,pnp,1457,388,64,59,0.6991727948188782
1457,1520530804.2527905,1,pnp,1458,421,75,65,0.8229575753211975
1458,1520530804.3027923,1,pnp,1459,396,69,62,0.814281702041626
1459,1520530804.3527358,1,pnp,1460,345,65,56,0.8821064233779907
1460,1520530804.4027379,1,pnp,1461,369,66,51,0.9815906882286072
1461,1520530804.452739,1,pnp,1462,429,68,58,0.860130786895752
1462,1520530804.5027409,1,pnp,1463,469,67,51,1.0015740394592285
1463,1520530804.552742,1,pnp,1464,457,68,56,0.8992639183998108
1464,1520530804.6027439,1,pnp,1465,469,60,46,0.8202618360519409
1465,1520530804.6527457,1,pnp,1466,468,70,58,0.9117323160171509
1466,1520530804.7027469,1,pnp,1467,509,74,65,0.7627636790275574
1467,1520530804.7527804,1,pnp,1468,520,92,75,0.8644140362739563
1468,1520530804.8027823,1,pnp,1469,501,93,76,0.7519844174385071
1469,1520530804.8527834,1,pnp,1470,487,81,70,0.92656409740448
1470,1520530804.9027843,1,pnp,1471,424,67,60,0.8439873456954956
1471,1520530804.9527862,1,pnp,1472,394,73,65,0.8552543520927429
1472,1520530805.0027885,1,pnp,1473,390,78,73,0.7225339412689209
1473,1520530805.0527904,1,pnp,1474,418,77,72,0.8196015357971191
1474,1520530805.1027913,1,pnp,1475,424,78,66,0.8710212111473083
1475,1520530805.1525626,1,pnp,1476,377,62,51,0.8272338509559631
1476,1520530805.2025645,1,pnp,1477,402,69,62,1.0117261409759521
1477,1520530805.2525656,1,pnp,1478,513,67,55,0.9052513241767883
1478,1520530805.3025675,1,pnp,1479,476,95,66,0.90650874376297
1479,1520530805.3525693,1,pnp,1480,492,83,72,0.8781217336654663
1480,1520530805.4025705,1,pnp,1481,484,64,56,0.9433314204216003
1481,1520530805.4525726,1,pnp,1482,413,56,46,0.8309265375137329
1482,1520530805.5025737,1,pnp,1483,410,45,42,0.7420585751533508
1483,1520530805.5525346,1,pnp,1484,328,39,32,0.7919142246246338
1484,1520530805.602537,1,pnp,1485,337,40,36,0.7480822801589966
1485,1520530805.6525376,1,pnp,1486,367,56,49,0.8605541586875916
1486,1520530805.7025387,1,pnp,1487,358,60,48,0.7724063992500305
1487,1520530805.7525408,1,pnp,1488,320,50,43,0.7281268835067749
1488,1520530805.8025427,1,pnp,1489,320,55,49,0.7647479772567749
1489,1520530805.8525438,1,pnp,1490,330,71,65,0.9040175676345825
1490,1520530805.9025457,1,pnp,1491,322,65,55,0.8560895919799805
1491,1520530805.9525466,1,pnp,1492,314,64,57,0.8876558542251587
1492,1520530806.0027244,1,pnp,1493,330,61,57,0.8025463223457336
1493,1520530806.0527253,1,pnp,1494,324,82,74,0.8303734064102173
1494,1520530806.1027272,1,pnp,1495,335,83,77,0.8636913299560547
1495,1520530806.1527295,1,pnp,1496,370,66,61,0.6486731767654419
1496,1520530806.2027304,1,pnp,1497,370,63,57,0.7179697751998901
1497,1520530806.2527323,1,pnp,1498,393,73,64,0.8472886085510254
1498,1520530806.3027334,1,pnp,1499,433,60,54,0.7667289972305298
1499,1520530806.3527353,1,pnp,1500,398,64,56,0.8084207773208618
1500,1520530806.4028976,1,pnp,1501,378,74,70,0.9486820697784424
1501,1520530806.4528997,1,pnp,1502,385,77,65,0.8444074988365173
1502,1520530806.5029016,1,pnp,1503,326,76,63,0.8328859806060791
1503,1520530806.5529034,1,pnp,1504,313,74,61,0.8773038983345032
1504,1520530806.6029046,1,pnp,1505,308,57,49,0.9903450012207031
1505,1520530806.6529067,1,pnp,1506,296,50,42,0.8801890015602112
1506,1520530806.7029085,1,pnp,1507,343,65,57,0.8706961274147034
1507,1520530806.7529087,1,pnp,1508,278,62,58,0.873613178730011
1508,1520530806.8030257,1,pnp,1509,313,56,51,0.8155567049980164
1509,1520530806.8530269,1,pnp,1510,347,77,65,0.7183959484100342
1510,1520530806.90303,1,pnp,1511,377,80,70,0.9233554005622864
1511,1520530806.9530308,1,pnp,1512,425,78,72,0.8668189644813538
1512,1520530807.003032,1,pnp,1513,422,87,74,0.9655153751373291
1513,1520530807.0530338,1,pnp,1514,371,79,65,0.8301178216934204
1514,1520530807.103035,1,pnp,1515,356,78,65,0.7209694385528564
1515,1520530807.1530368,1,pnp,1516,391,78,61,0.9230958223342896
1516,1520530807.2028432,1,pnp,1517,357,81,71,0.7890751957893372
1517,1520530807.252841,1,pnp,1518,329,77,64,0.8557752370834351
1518,1520530807.3028421,1,pnp,1519,337,74,63,0.9224992394447327
1519,1520530807.3528442,1,pnp,1520,359,74,60,0.8607504963874817
1520,1520530807.402846,1,pnp,1521,363,68,54,0.9351711869239807
1521,1520530807.4528472,1,pnp,1522,367,71,62,0.9032005071640015
1522,1520530807.502849,1,pnp,1523,419,74,54,0.851811945438385
1523,1520530807.55285,1,pnp,1524,373,82,74,0.838887631893158
1524,1520530807.6027217,1,pnp,1525,366,90,75,0.9502859115600586
1525,1520530807.6527228,1,pnp,1526,374,80,74,0.936421275138855
1526,1520530807.7027247,1,pnp,1527,363,67,56,0.8695039749145508
1527,1520530807.7527258,1,pnp,1528,384,52,45,0.8757883906364441
1528,1520530807.8027277,1,pnp,1529,432,72,65,0.881329357624054
1529,1520530807.8527298,1,pnp,1530,431,71,60,0.8585918545722961
1530,1520530807.902731,1,pnp,1531,511,77,66,0.8054183125495911
1531,1520530807.9527328,1,pnp,1532,452,88,79,0.8170689940452576
1532,1520530808.0028126,1,pnp,1533,541,105,89,0.8421464562416077
1533,1520530808.0528145,1,pnp,1534,478,93,79,0.9459499716758728
1534,1520530808.1028156,1,pnp,1535,454,88,75,0.9414224624633789
1535,1520530808.1528184,1,pnp,1536,453,84,66,0.8676499724388123
1536,1520530808.2028193,1,pnp,1537,403,74,56,0.7868142127990723
1537,1520530808.2528205,1,pnp,1538,349,78,62,0.9142974615097046
1538,1520530808.3028226,1,pnp,1539,293,66,55,0.7783635258674622
1539,1520530808.3528244,1,pnp,1540,241,58,49,0.8941430449485779
1540,1520530808.4028265,1,pnp,1541,233,59,46,0.7870756983757019
1541,1520530808.452991,1,pnp,1542,206,54,39,0.8885689377784729
1542,1520530808.5029922,1,pnp,1543,188,38,34,0.836971640586853
1543,1520530808.5529943,1,pnp,1544,225,54,46,0.80943363904953
1544,1520530808.6029954,1,pnp,1545,223,56,47,0.8898909687995911
1545,1520530808.6529992,1,pnp,1546,202,57,44,0.8684320449829102
1546,1520530808.702999,1,pnp,1547,193,51,43,0.8073321580886841
1547,1520530808.7530003,1,pnp,1548,185,33,28,0.8763026595115662
1548,1520530808.803002,1,pnp,1549,178,46,37,0.9252012372016907
1549,1520530808.8529894,1,pnp,1550,182,45,36,0.7954334020614624
1550,1520530808.9028986,1,pnp,1551,194,49,39,0.8309110403060913
1551,1520530808.9529004,1,pnp,1552,212,55,37,0.9168471693992615
1552,1520530809.0029023,1,pnp,1553,230,68,54,0.9333208203315735
1553,1520530809.0529034,1,pnp,1554,220,66,54,0.7246324419975281
1554,1520530809.1029055,1,pnp,1555,230,72,51,0.8833057284355164
1555,1520530809.1529064,1,pnp,1556,217,61,45,0.9469678997993469
1556,1520530809.2029085,1,pnp,1557,219,74,64,0.8291338086128235
1557,1520530809.2526226,1,pnp,1558,206,34,27,1.0210157632827759
1558,1520530809.3026247,1,pnp,1559,232,46,39,0.9412009119987488
1559,1520530809.3526266,1,pnp,1560,216,51,42,0.9143348932266235
1560,1520530809.4026277,1,pnp,1561,208,54,47,0.9329611659049988
1561,1520530809.4526296,1,pnp,1562,204,54,44,0.9889147281646729
1562,1520530809.5026307,1,pnp,1563,218,44,34,0.9951514601707458
1563,1520530809.5526326,1,3d3d,1564,231,29,28,1.8422907590866089
1564,1520530809.6026335,1,pnp,1565,213,37,32,0.8689603805541992
1565,1520530809.652634,1,pnp,1566,224,29,27,0.8908761143684387
1566,1520530809.7026358,1,3d3d,1567,229,28,25,3.1938881874084473
1567,1520530809.7526367,1,3d3d,1568,263,24,22,1.4483141899108887
1568,1520530809.802639,1,pnp,1569,203,35,32,0.9573618173599243
1569,1520530809.8526409,1,pnp,1570,254,40,36,0.8931134939193726
1570,1520530809.9026418,1,pnp,1571,296,45,38,1.0328251123428345
1571,1520530809.9526439,1,pnp,1572,365,48,42,0.8892399668693542
1572,1520530810.0026448,1,pnp,1573,373,57,52,0.7980892658233643
1573,1520530810.0531976,1,pnp,1574,471,40,37,0.8654094934463501
1574,1520530810.1031985,1,pnp,1575,486,47,43,0.8987523317337036
1575,1520530810.1532006,1,pnp,1576,519,56,49,0.8187805414199829
1576,1520530810.2032015,1,pnp,1577,511,75,57,0.8895221948623657
1577,1520530810.2532067,1,pnp,1578,506,80,62,0.8875684142112732
1578,1520530810.3032057,1,pnp,1579,447,73,69,0.8037327527999878
1579,1520530810.3532066,1,pnp,1580,435,68,58,0.8008937239646912
1580,1520530810.4032078,1,pnp,1581,289,43,40,0.8087512850761414
1581,1520530810.4533393,1,pnp,1582,313,58,48,0.7359629273414612
1582,1520530810.5032763,1,pnp,1583,314,48,41,0.7228848934173584
1583,1520530810.5532773,1,pnp,1584,330,45,41,0.7530004978179932
1584,1520530810.603279,1,pnp,1585,334,45,40,0.7281599640846252
1585,1520530810.6532803,1,pnp,1586,341,52,48,0.8285876512527466
1586,1520530810.7032824,1,pnp,1587,332,61,57,0.8156136274337769
1587,1520530810.7532835,1,pnp,1588,352,55,47,0.770961344242096
1588,1520530810.8032854,1,pnp,1589,357,60,53,0.8535005450248718
1589,1520530810.8532863,1,pnp,1590,332,57,53,0.779283881187439
1590,1520530810.903262,1,pnp,1591,328,58,48,0.7881689667701721
1591,1520530810.9532638,1,pnp,1592,321,58,51,0.5660727024078369
1592,1520530811.003265,1,pnp,1593,309,54,50,0.7082410454750061
1593,1520530811.0532668,1,pnp,1594,289,56,49,0.8261138796806335
1594,1520530811.1032677,1,pnp,1595,245,52,45,0.7190849781036377
1595,1520530811.1532698,1,pnp,1596,243,63,58,0.7361287474632263
1596,1520530811.2032707,1,pnp,1597,258,58,50,0.6793559789657593
1597,1520530811.2532728,1,pnp,1598,268,67,63,0.8570789098739624
1598,1520530811.3031235,1,pnp,1599,294,80,70,0.7901936173439026
1599,1520530811.3531256,1,pnp,1600,311,82,73,0.8058763742446899
1600,1520530811.4031274,1,pnp,1601,327,71,68,0.8220805525779724
1601,1520530811.4531295,1,pnp,1602,305,60,50,0.8354438543319702
1602,1520530811.5031304,1,pnp,1603,282,55,53,0.823902428150177
1603,1520530811.5531323,1,pnp,1604,301,77,67,0.5983096957206726
1604,1520530811.6031346,1,pnp,1605,284,65,58,0.7008547186851501
1605,1520530811.6531355,1,pnp,1606,281,65,57,0.8347054719924927
1606,1520530811.703139,1,pnp,1607,283,63,61,0.6797749996185303
1607,1520530811.7531412,1,pnp,1608,287,76,71,0.6833568215370178
1608,1520530811.8031423,1,pnp,1609,308,63,60,0.7770400643348694
1609,1520530811.8531442,1,pnp,1610,336,64,57,0.785883903503418
1610,1520530811.9031482,1,pnp,1611,356,69,60,0.7674206495285034
1611,1520530811.9531472,1,pnp,1612,344,70,64,0.7626501321792603
1612,1520530812.003149,1,pnp,1613,340,75,67,0.8954274654388428
1613,1520530812.053188,1,pnp,1614,354,77,65,0.7930907011032104
1614,1520530812.1031063,1,pnp,1615,365,64,54,0.8974164128303528
1615,1520530812.1531084,1,pnp,1616,382,75,67,0.8091697096824646
1616,1520530812.2031102,1,pnp,1617,399,74,66,0.8183581233024597
1617,1520530812.2531111,1,pnp,1618,385,84,69,0.9299263954162598
1618,1520530812.3031132,1,pnp,1619,370,80,75,0.8721734285354614
1619,1520530812.3531141,1,pnp,1620,371,86,75,0.8179782032966614
1620,1520530812.4031162,1,pnp,1621,350,73,71,0.8052273392677307
1621,1520530812.4531174,1,pnp,1622,374,80,69,0.7033981680870056
1622,1520530812.5031784,1,pnp,1623,404,81,73,0.9305693507194519
1623,1520530812.5531793,1,pnp,1624,417,82,70,0.9098606109619141
1624,1520530812.6031811,1,pnp,1625,440,92,82,0.8262521624565125
1625,1520530812.6531832,1,pnp,1626,454,71,63,0.8268734216690063
1626,1520530812.7031841,1,pnp,1627,465,78,69,0.8175714612007141
1627,1520530812.7531862,1,pnp,1628,459,79,62,0.8667961359024048
1628,1520530812.8031883,1,pnp,1629,449,81,61,0.7603602409362793
1629,1520530812.8531892,1,pnp,1630,436,74,58,0.8808019161224365
1630,1520530812.9031904,1,pnp,1631,432,77,67,0.8184456825256348
1631,1520530812.9530814,1,pnp,1632,450,80,71,0.9233801364898682
1632,1520530813.0030835,1,pnp,1633,464,80,67,0.8605569005012512
1633,1520530813.0530846,1,pnp,1634,397,78,70,0.8262472152709961
1634,1520530813.1030865,1,pnp,1635,372,78,69,0.8203445672988892
1635,1520530813.1530883,1,pnp,1636,354,66,54,0.8945447206497192
1636,1520530813.2030895,1,pnp,1637,404,65,55,0.8319224119186401
1637,1520530813.2530913,1,pnp,1638,400,75,60,0.9095879793167114
1638,1520530813.3030934,1,pnp,1639,413,68,51,1.022735357284546
1639,1520530813.3528688,1,pnp,1640,447,65,45,0.8853264451026917
1640,1520530813.4028697,1,pnp,1641,444,76,64,0.8938888311386108
1641,1520530813.4528718,1,pnp,1642,440,69,56,0.7342157959938049
1642,1520530813.5028727,1,pnp,1643,410,53,46,0.7364470362663269
1643,1520530813.5528746,1,pnp,1644,384,63,53,0.8163691759109497
1644,1520530813.6028767,1,pnp,1645,297,58,54,0.7862999439239502
1645,1520530813.6528866,1,pnp,1646,297,42,38,0.8557407259941101
1646,1520530813.7028785,1,pnp,1647,289,39,36,0.7241094708442688
1647,1520530813.7528784,1,pnp,1648,268,42,37,0.7109196186065674
1648,1520530813.8028803,1,pnp,1649,255,41,35,0.7746148705482483
1649,1520530813.8528814,1,pnp,1650,279,70,62,0.7898715734481812
1650,1520530813.9028835,1,pnp,1651,253,43,39,0.8088772892951965
1651,1520530813.9528844,1,pnp,1652,248,57,53,0.7187563180923462
1652,1520530814.0028865,1,pnp,1653,294,53,47,0.8495693206787109
1653,1520530814.0528874,1,pnp,1654,323,49,44,0.888832688331604
1654,1520530814.1028893,1,pnp,1655,327,81,74,0.9650871753692627
1655,1520530814.1533833,1,pnp,1656,407,59,51,0.8040284514427185
1656,1520530814.203385,1,pnp,1657,395,70,57,0.8864442706108093
1657,1520530814.2533872,1,pnp,1658,344,55,45,0.9244726300239563
1658,1520530814.3033884,1,pnp,1659,317,48,41,0.7919612526893616
1659,1520530814.3533902,1,pnp,1660,362,54,49,0.8078730702400208
1660,1520530814.403392,1,pnp,1661,364,52,43,0.7825658917427063
1661,1520530814.4533932,1,pnp,1662,369,89,75,0.871360182762146
1662,1520530814.5033941,1,pnp,1663,353,84,72,0.9475065469741821
1663,1520530814.5533657,1,pnp,1664,349,77,67,0.8745834231376648
1664,1520530814.6033676,1,pnp,1665,330,55,48,0.7729613780975342
1665,1520530814.6533694,1,pnp,1666,356,61,55,0.8250224590301514
1666,1520530814.7033706,1,pnp,1667,393,77,68,0.7684614658355713
1667,1520530814.7533715,1,pnp,1668,406,77,65,0.8601348400115967
1668,1520530814.8033733,1,pnp,1669,324,68,61,1.0350849628448486
1669,1520530814.8533757,1,pnp,1670,331,62,57,0.8419945240020752
1670,1520530814.9033766,1,pnp,1671,316,72,62,0.8617309927940369
1671,1520530814.9531891,1,pnp,1672,298,73,63,0.8927096128463745
1672,1520530815.0031872,1,pnp,1673,300,73,54,0.8993683457374573
1673,1520530815.0531893,1,pnp,1674,262,67,55,0.9532706141471863
1674,1520530815.1031904,1,pnp,1675,267,65,55,0.8829908967018127
1675,1520530815.1531923,1,pnp,1676,286,74,66,0.923538088798523
1676,1520530815.2031934,1,pnp,1677,319,80,70,0.865077018737793
1677,1520530815.2531953,1,pnp,1678,303,68,58,0.7243766188621521
1678,1520530815.3031962,1,pnp,1679,314,66,55,0.9052409529685974
1679,1520530815.3531985,1,pnp,1680,336,74,69,0.7803287506103516
1680,1520530815.4030647,1,pnp,1681,321,71,67,0.8778361678123474
1681,1520530815.4530656,1,pnp,1682,329,83,72,0.9598127603530884
1682,1520530815.5030677,1,pnp,1683,325,73,61,0.9592498540878296
1683,1520530815.5530686,1,pnp,1684,313,69,56,0.7926411628723145
1684,1520530815.6030705,1,pnp,1685,349,82,71,0.8130986094474792
1685,1520530815.6530716,1,pnp,1686,383,78,66,0.8532311916351318
1686,1520530815.7030737,1,pnp,1687,369,67,62,0.8217440247535706
1687,1520530815.753075,1,pnp,1688,373,77,68,0.8820570707321167
1688,1520530815.8030663,1,pnp,1689,399,80,69,0.8348307609558105
1689,1520530815.853068,1,pnp,1690,394,78,69,0.8155472278594971
1690,1520530815.9030693,1,pnp,1691,488,92,80,0.9508683681488037
1691,1520530815.953071,1,pnp,1692,454,91,74,0.8542497754096985
1692,1520530816.0030723,1,pnp,1693,500,101,86,0.8943126201629639
1693,1520530816.0530744,1,pnp,1694,450,108,93,0.9144785404205322
1694,1520530816.1030753,1,pnp,1695,451,94,77,0.9785454273223877
1695,1520530816.1530774,1,pnp,1696,416,81,60,0.9597423076629639
1696,1520530816.2031953,1,pnp,1697,459,82,66,1.0243780612945557
1697,1520530816.2531965,1,pnp,1698,410,70,56,0.9621073603630066
1698,1520530816.3031983,1,pnp,1699,319,68,56,0.998649001121521
1699,1520530816.3532002,1,pnp,1700,274,62,46,0.7753456830978394
1700,1520530816.4032013,1,pnp,1701,231,71,64,0.8734663128852844
1701,1520530816.4532022,1,pnp,1702,234,52,42,0.7616305351257324
1702,1520530816.5032053,1,pnp,1703,206,45,36,0.9342060685157776
1703,1520530816.5532053,1,pnp,1704,193,44,40,1.0341823101043701
1704,1520530816.60326,1,pnp,1705,156,38,35,0.763607382774353
1705,1520530816.653262,1,pnp,1706,168,45,36,0.8939685225486755
1706,1520530816.703268,1,pnp,1707,160,41,35,0.72350013256073
1707,1520530816.753265,1,pnp,1708,181,37,31,0.7867850661277771
1708,1520530816.8032658,1,pnp,1709,187,40,28,1.002985954284668
1709,1520530816.853268,1,pnp,1710,188,42,34,0.8837094902992249
1710,1520530816.90327,1,pnp,1711,198,48,39,0.9554146528244019
1711,1520530816.953271,1,pnp,1712,200,57,42,1.124594807624817
1712,1520530817.0029767,1,pnp,1713,187,45,37,0.9457290172576904
1713,1520530817.0529778,1,pnp,1714,187,37,30,0.8048266768455505
1714,1520530817.1029797,1,pnp,1715,183,42,34,0.9875087141990662
1715,1520530817.1529806,1,pnp,1716,192,42,36,0.8940237164497375
1716,1520530817.2029827,1,pnp,1717,196,44,38,0.9303568601608276
1717,1520530817.2529836,1,pnp,1718,200,49,40,0.9842431545257568
1718,1520530817.3029857,1,pnp,1719,212,55,44,0.8830824494361877
1719,1520530817.3529868,1,pnp,1720,212,59,51,0.8422333002090454
1720,1520530817.4029887,1,pnp,1721,189,42,41,0.9523839354515076
1721,1520530817.4529147,1,pnp,1722,184,32,27,0.9271532893180847
1722,1520530817.5029156,1,3d3d,1723,181,28,22,2.1720378398895264
1723,1520530817.552918,1,3d3d,1724,192,19,16,3.426422595977783
1724,1520530817.6029198,1,3d3d,1725,163,25,20,2.339498519897461
1725,1520530817.6529207,1,3d3d,1726,151,23,22,1.706729769706726
1726,1520530817.7029219,1,pnp,1727,197,29,26,0.6442669630050659
1727,1520530817.7529237,1,pnp,1728,232,39,33,0.9915908575057983
1728,1520530817.8029256,1,pnp,1729,314,55,45,1.005388617515564
1729,1520530817.8534915,1,pnp,1730,392,47,41,0.7376359105110168
1730,1520530817.9034927,1,pnp,1731,465,59,52,0.8919677734375
1731,1520530817.9534945,1,pnp,1732,459,58,49,0.8063348531723022
1732,1520530818.0034966,1,pnp,1733,450,59,55,0.779503345489502
1733,1520530818.0534978,1,pnp,1734,464,61,55,0.7412152290344238
1734,1520530818.1034997,1,pnp,1735,463,73,60,0.8401841521263123
1735,1520530818.1535008,1,pnp,1736,421,69,57,0.8271596431732178
1736,1520530818.2035017,1,pnp,1737,381,57,50,0.8373004794120789
1737,1520530818.253753,1,pnp,1738,337,58,55,0.8517490029335022
1738,1520530818.3037558,1,pnp,1739,349,48,41,0.8631814122200012
1739,1520530818.353756,1,pnp,1740,345,52,46,0.76783686876297
1740,1520530818.4037578,1,pnp,1741,342,47,42,0.8478246927261353
1741,1520530818.453759,1,pnp,1742,354,60,55,0.6078739166259766
1742,1520530818.503834,1,pnp,1743,342,69,66,0.7229893803596497
1743,1520530818.553762,1,pnp,1744,371,58,50,0.7739846110343933
1744,1520530818.603764,1,pnp,1745,343,54,46,0.6652118563652039
1745,1520530818.6536024,1,pnp,1746,337,62,55,0.7957170009613037
1746,1520530818.7036042,1,pnp,1747,311,51,45,0.7929304242134094
1747,1520530818.7536054,1,pnp,1748,282,44,39,0.783463180065155
1748,1520530818.8036075,1,pnp,1749,275,56,53,0.7634402513504028
1749,1520530818.8536084,1,pnp,1750,280,56,51,0.6447749137878418
1750,1520530818.9036105,1,pnp,1751,290,51,47,0.7748145461082458
1751,1520530818.9536114,1,pnp,1752,283,57,52,0.7848134636878967
1752,1520530819.0036132,1,pnp,1753,287,72,64,0.707152783870697
1753,1520530819.0534546,1,pnp,1754,304,65,57,0.6170164346694946
1754,1520530819.1034558,1,pnp,1755,294,60,52,0.7758908867835999
1755,1520530819.1534576,1,pnp,1756,278,61,58,0.8219596147537231
1756,1520530819.2034585,1,pnp,1757,271,64,58,0.8226332664489746
1757,1520530819.253461,1,pnp,1758,287,71,64,0.7786247134208679
1758,1520530819.3034627,1,pnp,1759,309,68,58,0.7702893018722534
1759,1520530819.3534636,1,pnp,1760,305,60,52,0.728547215461731
1760,1520530819.4034657,1,pnp,1761,283,65,56,0.8841235637664795
1761,1520530819.4533625,1,pnp,1762,255,63,55,0.7924076318740845
1762,1520530819.5033636,1,pnp,1763,262,59,50,0.7448529601097107
1763,1520530819.5533657,1,pnp,1764,248,54,50,0.8231533765792847
1764,1520530819.6033666,1,pnp,1765,291,53,45,0.7728646993637085
1765,1520530819.6533687,1,pnp,1766,277,58,52,0.7827439904212952
1766,1520530819.7033696,1,pnp,1767,280,55,53,0.7689130306243896
1767,1520530819.7533746,1,pnp,1768,297,53,48,0.6754756569862366
1768,1520530819.8033726,1,pnp,1769,312,62,51,0.7316504120826721
1769,1520530819.8533745,1,pnp,1770,375,56,50,0.7668601274490356
1770,1520530819.9033248,1,pnp,1771,369,63,56,0.7466239333152771
1771,1520530819.9533317,1,pnp,1772,373,74,64,0.7537575364112854
1772,1520530820.0033278,1,pnp,1773,373,84,74,0.7010153532028198
1773,1520530820.05333,1,pnp,1774,376,82,70,0.7874139547348022
1774,1520530820.1033719,1,pnp,1775,361,85,79,0.8328664898872375
1775,1520530820.153333,1,pnp,1776,353,84,71,0.9671168327331543
1776,1520530820.203335,1,pnp,1777,369,83,77,0.7316522002220154
1777,1520530820.253336,1,pnp,1778,382,81,72,1.0518150329589844
1778,1520530820.3034666,1,pnp,1779,407,73,65,0.8684350848197937
1779,1520530820.3534677,1,pnp,1780,413,91,84,0.9102994203567505
1780,1520530820.4034696,1,pnp,1781,442,90,79,0.8132131099700928
1781,1520530820.4534705,1,pnp,1782,447,66,55,0.857255220413208
1782,1520530820.5034728,1,pnp,1783,459,70,56,0.7631786465644836
1783,1520530820.5534737,1,pnp,1784,486,73,58,0.826869010925293
1784,1520530820.6034756,1,pnp,1785,483,83,64,0.9072762131690979
1785,1520530820.6534777,1,pnp,1786,456,73,59,0.8997800350189209
1786,1520530820.703377,1,pnp,1787,416,71,63,0.8200877904891968
1787,1520530820.7533789,1,pnp,1788,444,75,61,0.8126183748245239
1788,1520530820.8033798,1,pnp,1789,443,75,63,0.8755409121513367
1789,1520530820.8533819,1,pnp,1790,388,72,56,0.9600657820701599
1790,1520530820.9033828,1,pnp,1791,408,73,54,0.9607341885566711
1791,1520530820.9533849,1,pnp,1792,408,71,64,0.9427404403686523
1792,1520530821.003387,1,pnp,1793,411,85,74,0.8723611831665039
1793,1520530821.0533888,1,pnp,1794,460,77,62,0.8992260098457336
1794,1520530821.103219,1,pnp,1795,449,70,54,0.7583766579627991
1795,1520530821.15322,1,pnp,1796,411,69,52,0.8698652982711792
1796,1520530821.203221,1,pnp,1797,391,51,45,0.5313106179237366
1797,1520530821.253223,1,pnp,1798,309,55,47,0.8135026097297668
1798,1520530821.3032238,1,pnp,1799,267,61,53,0.8798896074295044
1799,1520530821.3532262,1,pnp,1800,251,47,42,0.8152317404747009
1800,1520530821.403228,1,pnp,1801,255,56,50,0.8650984764099121
1801,1520530821.453229,1,pnp,1802,238,43,42,0.822801411151886
1802,1520530821.5034833,1,pnp,1803,245,47,43,0.8776583671569824
1803,1520530821.5534854,1,pnp,1804,265,54,47,0.746374249458313
1804,1520530821.6034873,1,pnp,1805,260,55,49,0.7972829937934875
1805,1520530821.6534882,1,pnp,1806,278,47,41,0.7866872549057007
1806,1520530821.7034953,1,pnp,1807,270,60,47,0.7881841063499451
1807,1520530821.7534914,1,pnp,1808,278,54,51,0.8858668804168701
1808,1520530821.8034933,1,pnp,1809,298,59,48,0.7722383141517639
1809,1520530821.8534944,1,pnp,1810,311,63,56,0.9452847838401794
1810,1520530821.9034963,1,pnp,1811,322,71,64,0.7786436676979065
1811,1520530821.9538476,1,pnp,1812,418,65,55,0.9817627668380737
1812,1520530822.0038497,1,pnp,1813,335,56,46,1.080388069152832
1813,1520530822.0538507,1,pnp,1814,331,44,37,0.8900825381278992
1814,1520530822.1038527,1,pnp,1815,308,44,40,0.8581324219703674
1815,1520530822.153854,1,pnp,1816,318,54,46,0.8570110201835632
1816,1520530822.2038558,1,pnp,1817,334,66,57,0.8002557754516602
1817,1520530822.2538576,1,pnp,1818,344,61,54,0.8695695400238037
1818,1520530822.3038588,1,pnp,1819,357,58,51,0.9056893587112427
1819,1520530822.353643,1,pnp,1820,328,55,52,0.730522871017456
1820,1520530822.4036438,1,pnp,1821,342,66,61,0.7589337229728699
1821,1520530822.4536457,1,pnp,1822,321,65,59,0.6717495322227478
1822,1520530822.5036469,1,pnp,1823,302,67,61,0.7436020970344543
1823,1520530822.5536487,1,pnp,1824,306,79,74,0.726813793182373
1824,1520530822.6036506,1,pnp,1825,372,76,70,0.8431388139724731
1825,1520530822.653653,1,pnp,1826,420,78,70,0.9530653953552246
1826,1520530822.7036538,1,pnp,1827,331,61,50,0.8889658451080322
1827,1520530822.7535,1,pnp,1828,304,59,57,0.7076505422592163
1828,1520530822.803502,1,pnp,1829,337,65,56,0.8367172479629517
1829,1520530822.8535042,1,pnp,1830,356,81,71,0.7644286751747131
1830,1520530822.903505,1,pnp,1831,373,84,75,0.8648702502250671
1831,1520530822.9535072,1,pnp,1832,322,73,63,0.985731840133667
1832,1520530823.003508,1,pnp,1833,318,68,54,0.8823573589324951
1833,1520530823.05351,1,pnp,1834,334,68,54,0.9294340014457703
1834,1520530823.103511,1,pnp,1835,368,68,60,0.7945814728736877
1835,1520530823.1533222,1,pnp,1836,331,67,56,0.8901374340057373
1836,1520530823.2033231,1,pnp,1837,325,75,70,0.8779477477073669
1837,1520530823.2533255,1,pnp,1838,358,84,76,0.8114393353462219
1838,1520530823.3033273,1,pnp,1839,372,81,68,0.8211433291435242
1839,1520530823.3533282,1,pnp,1840,353,79,64,0.8461477160453796
1840,1520530823.4033303,1,pnp,1841,343,77,73,0.835871696472168
1841,1520530823.4533312,1,pnp,1842,361,75,70,0.8670750856399536
1842,1520530823.5033333,1,pnp,1843,398,72,63,0.881613552570343
1843,1520530823.5533078,1,pnp,1844,400,70,59,0.878601610660553
1844,1520530823.6033096,1,pnp,1845,416,67,55,0.8254150152206421
1845,1520530823.6533108,1,pnp,1846,427,68,63,0.7012155055999756
1846,1520530823.7033126,1,pnp,1847,431,83,78,0.7985488772392273
1847,1520530823.7533135,1,pnp,1848,455,85,73,0.8170980215072632
1848,1520530823.8033159,1,pnp,1849,449,71,61,0.8049116730690002
1849,1520530823.8533177,1,pnp,1850,513,107,87,0.8879826664924622
1850,1520530823.9033186,1,pnp,1851,481,101,89,0.8777531981468201
1851,1520530823.953421,1,pnp,1852,509,105,87,0.9236136674880981
1852,1520530824.003422,1,pnp,1853,472,108,88,0.8797926306724548
1853,1520530824.0534241,1,pnp,1854,463,95,68,0.8912362456321716
1854,1520530824.1034262,1,pnp,1855,448,74,57,0.8790013194084167
1855,1520530824.1534271,1,pnp,1856,370,78,63,0.8647196292877197
1856,1520530824.2034292,1,pnp,1857,269,56,45,0.9100984334945679
1857,1520530824.2534301,1,pnp,1858,223,44,38,0.7909405827522278
1858,1520530824.303432,1,pnp,1859,196,50,44,0.9255287647247314
1859,1520530824.3534331,1,pnp,1860,175,60,46,0.8763037323951721
1860,1520530824.4035232,1,pnp,1861,199,58,47,0.8556902408599854
1861,1520530824.453525,1,pnp,1862,204,70,56,0.790352463722229
1862,1520530824.503527,1,pnp,1863,217,61,51,0.7634016275405884
1863,1520530824.553528,1,pnp,1864,215,52,39,0.7981022596359253
1864,1520530824.603529,1,pnp,1865,193,50,41,0.8087497353553772
1865,1520530824.653531,1,pnp,1866,193,58,50,0.8940110802650452
1866,1520530824.7035322,1,pnp,1867,197,37,31,0.9758982062339783
1867,1520530824.753536,1,pnp,1868,196,53,43,0.8372597694396973
1868,1520530824.8033783,1,pnp,1869,173,47,40,0.8339616656303406
1869,1520530824.8533792,1,pnp,1870,182,47,39,0.8608771562576294
1870,1520530824.903381,1,pnp,1871,191,43,34,0.9442517161369324
1871,1520530824.953473,1,pnp,1872,187,51,42,0.8885058164596558
1872,1520530825.003384,1,pnp,1873,198,56,48,0.8294645547866821
1873,1520530825.0533853,1,pnp,1874,209,47,38,0.8020321726799011
1874,1520530825.103387,1,pnp,1875,209,54,41,0.8251377940177917
1875,1520530825.153388,1,pnp,1876,217,48,40,0.8940207958221436
1876,1520530825.2031822,1,pnp,1877,198,44,35,0.924784243106842
1877,1520530825.2531834,1,pnp,1878,227,49,38,0.9275427460670471
1878,1520530825.3031852,1,pnp,1879,215,43,35,0.9975788593292236
1879,1520530825.3531861,1,pnp,1880,242,42,32,1.0670489072799683
1880,1520530825.4031882,1,pnp,1881,202,36,33,0.9923538565635681
1881,1520530825.4531903,1,pnp,1882,197,48,41,0.7865139245986938
1882,1520530825.5031912,1,pnp,1883,205,32,29,0.7778699398040771
1883,1520530825.5531933,1,pnp,1884,231,36,31,0.9312617182731628
1884,1520530825.603213,1,pnp,1885,242,32,30,0.8798734545707703
1885,1520530825.6532152,1,pnp,1886,226,31,27,0.6574719548225403
1886,1520530825.7032163,1,pnp,1887,218,34,32,0.8230579495429993
1887,1520530825.7532182,1,pnp,1888,248,39,32,0.8248701095581055
1888,1520530825.80322,1,pnp,1889,299,52,43,0.9608290195465088
1889,1520530825.8532212,1,pnp,1890,345,64,58,0.9578877687454224
1890,1520530825.903223,1,pnp,1891,368,64,57,0.8737916946411133
1891,1520530825.9532251,1,pnp,1892,430,60,52,0.6667284369468689
1892,1520530826.0039356,1,pnp,1893,474,50,42,1.031890630722046
1893,1520530826.0539355,1,pnp,1894,468,53,41,0.8770695328712463
1894,1520530826.1039383,1,pnp,1895,515,74,60,0.8612677454948425
1895,1520530826.1539395,1,pnp,1896,471,73,57,0.9227680563926697
1896,1520530826.2039404,1,pnp,1897,336,61,55,0.890832781791687
1897,1520530826.2539423,1,pnp,1898,357,59,49,0.8498517870903015
1898,1520530826.3039446,1,pnp,1899,337,52,47,0.8635665774345398
1899,1520530826.3539455,1,pnp,1900,326,42,34,0.8443175554275513
1900,1520530826.4040234,1,pnp,1901,352,63,59,0.8450706601142883
1901,1520530826.4540243,1,pnp,1902,366,57,52,0.6935626268386841
1902,1520530826.5040252,1,pnp,1903,377,73,63,0.7295185327529907
1903,1520530826.554083,1,pnp,1904,363,65,54,0.7991040945053101
1904,1520530826.6040292,1,pnp,1905,333,61,54,0.7753781080245972
1905,1520530826.65403,1,pnp,1906,299,53,49,0.7348648905754089
1906,1520530826.7040324,1,pnp,1907,272,52,46,0.9251280426979065
1907,1520530826.7540333,1,pnp,1908,282,61,55,0.7945401668548584
1908,1520530826.8040352,1,pnp,1909,286,58,51,0.688838541507721
1909,1520530826.853659,1,pnp,1910,259,74,67,0.8156005144119263
1910,1520530826.903661,1,pnp,1911,258,66,57,0.9055262804031372
1911,1520530826.9536622,1,pnp,1912,259,73,61,0.7580397129058838
1912,1520530827.003664,1,pnp,1913,245,74,67,0.7897403836250305
1913,1520530827.053666,1,pnp,1914,247,70,57,0.7416204214096069
1914,1520530827.103667,1,pnp,1915,258,60,54,0.8099673390388489
1915,1520530827.1536689,1,pnp,1916,268,60,50,0.7198331952095032
1916,1520530827.20367,1,pnp,1917,262,59,51,0.7952409386634827
1917,1520530827.2536373,1,pnp,1918,271,61,58,0.7337275743484497
1918,1520530827.3036382,1,pnp,1919,286,57,50,0.7849057912826538
1919,1520530827.3536403,1,pnp,1920,288,71,61,0.8690544962882996
1920,1520530827.4036422,1,pnp,1921,299,56,50,0.9564316868782043
1921,1520530827.453643,1,pnp,1922,318,57,51,0.7756381630897522
1922,1520530827.5036452,1,pnp,1923,343,64,59,0.840272843837738
1923,1520530827.5536473,1,pnp,1924,338,56,50,0.7175900340080261
1924,1520530827.6036482,1,pnp,1925,356,71,63,0.6780148148536682
1925,1520530827.6535933,1,pnp,1926,376,74,68,0.8595592975616455
1926,1520530827.7035952,1,pnp,1927,390,70,59,0.7339004874229431
1927,1520530827.7535963,1,pnp,1928,372,70,63,0.8215076923370361
1928,1520530827.8035982,1,pnp,1929,388,92,79,0.7651086449623108
1929,1520530827.8535993,1,pnp,1930,373,81,72,0.8195450901985168
1930,1520530827.9036002,1,pnp,1931,357,75,62,0.8001070618629456
1931,1520530827.953602,1,pnp,1932,369,86,68,0.86381596326828
1932,1520530828.0036044,1,pnp,1933,362,79,72,0.8003919124603271
1933,1520530828.0535731,1,pnp,1934,383,74,65,0.7482688426971436
1934,1520530828.103574,1,pnp,1935,404,69,60,0.7521324157714844
1935,1520530828.1535933,1,pnp,1936,443,82,72,0.7998888492584229
1936,1520530828.2035782,1,pnp,1937,450,87,75,0.9208375215530396
1937,1520530828.2535791,1,pnp,1938,483,84,71,0.8923652172088623
1938,1520530828.303581,1,pnp,1939,446,71,59,0.8489620089530945
1939,1520530828.3535821,1,pnp,1940,512,78,63,0.849334716796875
1940,1520530828.403584,1,pnp,1941,518,82,64,0.9640345573425293
1941,1520530828.453458,1,pnp,1942,456,91,76,0.8843175768852234
1942,1520530828.50346,1,pnp,1943,431,74,61,0.7658791542053223
1943,1520530828.553461,1,pnp,1944,381,67,58,0.8208391070365906
1944,1520530828.603463,1,pnp,1945,341,69,60,1.026922345161438
1945,1520530828.653465,1,pnp,1946,351,69,56,0.8534227609634399
1946,1520530828.7034662,1,pnp,1947,409,65,54,0.8705123662948608
1947,1520530828.753468,1,pnp,1948,384,74,58,0.8967428207397461
1948,1520530828.803469,1,pnp,1949,358,64,56,0.8737325072288513
1949,1520530828.853471,1,pnp,1950,338,68,62,0.6817704439163208
1950,1520530828.9032936,1,pnp,1951,340,68,57,0.6074424386024475
1951,1520530828.9532945,1,pnp,1952,365,70,58,0.7317131161689758
1952,1520530829.0032964,1,pnp,1953,338,50,40,0.9852359890937805
1953,1520530829.0532975,1,pnp,1954,372,44,40,0.8911384344100952
1954,1520530829.1032994,1,pnp,1955,302,51,43,0.7724657654762268
1955,1520530829.1533012,1,pnp,1956,278,53,50,0.8031980395317078
1956,1520530829.2033024,1,pnp,1957,235,42,40,0.6314166188240051
1957,1520530829.2533045,1,pnp,1958,251,55,47,0.6940842866897583
1958,1520530829.3036292,1,pnp,1959,296,55,47,0.9116647243499756
1959,1520530829.353631,1,pnp,1960,281,60,54,0.7785635590553284
1960,1520530829.4036322,1,pnp,1961,277,38,35,0.6688956618309021
1961,1520530829.4536371,1,pnp,1962,280,37,34,0.8548313975334167
1962,1520530829.503635,1,pnp,1963,262,47,41,0.7828758955001831
1963,1520530829.5536373,1,pnp,1964,323,62,55,0.9011362195014954
1964,1520530829.6036391,1,pnp,1965,348,60,56,0.7857957482337952
1965,1520530829.65364,1,pnp,1966,369,67,59,0.7432720065116882
1966,1520530829.7040498,1,pnp,1967,418,53,41,0.8732715845108032
1967,1520530829.7540517,1,pnp,1968,388,70,62,0.9851903915405273
1968,1520530829.8040535,1,pnp,1969,391,66,60,0.9045624136924744
1969,1520530829.8540547,1,pnp,1970,390,59,50,0.8047429919242859
1970,1520530829.9040568,1,pnp,1971,392,68,63,1.004859209060669
1971,1520530829.954058,1,pnp,1972,374,62,57,0.8053425550460815
1972,1520530830.0040598,1,pnp,1973,333,65,60,0.8507336974143982
1973,1520530830.0540607,1,pnp,1974,330,50,47,0.7680647969245911
1974,1520530830.1038156,1,pnp,1975,319,45,38,0.8579625487327576
1975,1520530830.1538165,1,pnp,1976,338,49,41,0.77904212474823
1976,1520530830.2038183,1,pnp,1977,356,88,76,0.8289024233818054
1977,1520530830.2538204,1,pnp,1978,353,86,75,0.9464883208274841
1978,1520530830.3038213,1,pnp,1979,347,72,70,0.6451818943023682
1979,1520530830.3538234,1,pnp,1980,327,62,56,0.7342323660850525
1980,1520530830.4038246,1,pnp,1981,338,74,64,0.9214964509010315
1981,1520530830.4538264,1,pnp,1982,353,61,54,0.8990603685379028
1982,1520530830.5036159,1,pnp,1983,303,74,64,0.8631711602210999
1983,1520530830.553618,1,pnp,1984,328,67,58,0.8792232871055603
1984,1520530830.60362,1,pnp,1985,326,74,66,0.8947127461433411
1985,1520530830.6536207,1,pnp,1986,339,77,62,0.8435981869697571
1986,1520530830.703623,1,pnp,1987,349,60,50,0.8747179508209229
1987,1520530830.753625,1,pnp,1988,379,64,57,0.8405311703681946
1988,1520530830.8036268,1,pnp,1989,381,75,64,0.9084445238113403
1989,1520530830.853628,1,pnp,1990,364,68,60,0.859766960144043
1990,1520530830.9034624,1,pnp,1991,370,69,59,0.7904649972915649
1991,1520530830.9534645,1,pnp,1992,350,74,62,0.8593497276306152
1992,1520530831.0034666,1,pnp,1993,350,75,61,0.8365086317062378
1993,1520530831.0534675,1,pnp,1994,387,64,56,0.9736597537994385
1994,1520530831.1034684,1,pnp,1995,391,64,54,0.8723839521408081
1995,1520530831.1534705,1,pnp,1996,388,72,59,0.874860942363739
1996,1520530831.2034724,1,pnp,1997,411,65,57,0.7887471318244934
1997,1520530831.2534735,1,pnp,1998,447,83,69,0.9477965235710144
1998,1520530831.3034756,1,pnp,1999,435,71,60,0.8375222682952881
1999,1520530831.353524,1,pnp,2000,483,78,63,0.7311790585517883
2000,1520530831.403624,1,pnp,2001,478,89,75,0.7445356249809265
2001,1520530831.4535272,1,pnp,2002,497,84,66,0.8729637265205383
2002,1520530831.503529,1,pnp,2003,491,79,70,0.9128488302230835
2003,1520530831.5535302,1,pnp,2004,454,85,68,0.8507911562919617
2004,1520530831.603532,1,pnp,2005,417,80,64,1.020080804824829
2005,1520530831.6535332,1,pnp,2006,441,80,61,0.9561998844146729
2006,1520530831.703535,1,pnp,2007,384,75,62,0.8631072640419006
2007,1520530831.7537327,1,pnp,2008,349,74,64,0.8779218792915344
2008,1520530831.8037345,1,pnp,2009,278,61,53,0.898017942905426
2009,1520530831.8537369,1,pnp,2010,245,55,50,0.9082285165786743
2010,1520530831.9037378,1,pnp,2011,226,54,47,0.7851304411888123
2011,1520530831.9537396,1,pnp,2012,202,38,35,0.9093918204307556
2012,1520530832.0037408,1,pnp,2013,229,60,49,0.9763749837875366
2013,1520530832.0537426,1,pnp,2014,223,62,50,0.8274251818656921
2014,1520530832.1037438,1,pnp,2015,235,52,47,0.855423629283905
2015,1520530832.1537335,1,pnp,2016,198,57,49,0.7233926057815552
2016,1520530832.2037354,1,pnp,2017,205,52,45,0.9103380441665649
2017,1520530832.2537363,1,pnp,2018,201,46,35,0.9731878042221069
2018,1520530832.3037384,1,pnp,2019,197,50,40,0.7430267930030823
2019,1520530832.3537405,1,pnp,2020,212,50,38,0.7898834943771362
2020,1520530832.4037414,1,pnp,2021,210,51,39,0.8543416261672974
2021,1520530832.4537435,1,pnp,2022,223,61,46,0.9556494355201721
2022,1520530832.5037444,1,pnp,2023,199,68,51,0.992753267288208
2023,1520530832.5534916,1,pnp,2024,183,54,41,1.0218979120254517
2024,1520530832.6034937,1,pnp,2025,177,48,39,0.876533567905426
2025,1520530832.6534946,1,pnp,2026,181,42,37,0.9506534934043884
2026,1520530832.7034965,1,pnp,2027,199,50,40,0.8557003736495972
2027,1520530832.7534976,1,pnp,2028,185,59,49,0.7965978384017944
2028,1520530832.8034985,1,pnp,2029,194,44,34,0.9287897348403931
2029,1520530832.8535006,1,pnp,2030,217,44,35,0.9032753705978394
2030,1520530832.9035017,1,pnp,2031,237,58,51,0.893332302570343
2031,1520530832.9533467,1,pnp,2032,215,58,45,0.782181978225708
2032,1520530833.0034084,1,pnp,2033,181,40,32,1.0807170867919922
2033,1520530833.0533495,1,pnp,2034,178,34,30,0.8345135450363159
2034,1520530833.1033516,1,pnp,2035,166,32,32,0.8859967589378357
2035,1520530833.1533525,1,pnp,2036,215,33,27,0.9130720496177673
2036,1520530833.2033544,1,pnp,2037,206,39,32,0.7189029455184937
2037,1520530833.2533555,1,pnp,2038,265,34,30,0.8406285643577576
2038,1520530833.3033576,1,pnp,2039,259,30,26,0.7512864470481873
2039,1520530833.3536057,1,pnp,2040,271,40,37,0.7692826390266418
2040,1520530833.4036067,1,pnp,2041,246,35,31,0.712506890296936
2041,1520530833.4536085,1,pnp,2042,288,37,30,0.8786472678184509
2042,1520530833.5036097,1,pnp,2043,392,53,48,0.785368025302887
2043,1520530833.5536115,1,pnp,2044,411,61,50,0.7157276272773743
2044,1520530833.6036136,1,pnp,2045,423,60,51,0.7530675530433655
2045,1520530833.6536148,1,pnp,2046,462,55,52,0.7718373537063599
2046,1520530833.7036157,1,pnp,2047,405,49,46,0.8684446811676025
2047,1520530833.7536175,1,pnp,2048,401,46,32,0.758510947227478
2048,1520530833.804356,1,pnp,2049,534,47,38,0.8049625158309937
2049,1520530833.8543572,1,pnp,2050,437,69,61,0.9242538213729858
2050,1520530833.9043593,1,pnp,2051,380,52,47,0.7062232494354248
2051,1520530833.9543612,1,pnp,2052,331,50,45,0.7569698691368103
2052,1520530834.0043623,1,pnp,2053,338,54,48,0.8311524987220764
2053,1520530834.0543642,1,pnp,2054,318,48,42,0.8123186230659485
2054,1520530834.104366,1,pnp,2055,341,43,38,0.745265543460846
2055,1520530834.1543672,1,pnp,2056,343,59,54,0.8034631609916687
2056,1520530834.2041519,1,pnp,2057,358,58,48,0.9015186429023743
2057,1520530834.2541528,1,pnp,2058,341,62,54,0.8601610064506531
2058,1520530834.3041546,1,pnp,2059,327,49,44,0.7936147451400757
2059,1520530834.3541558,1,pnp,2060,319,53,47,0.810950756072998
2060,1520530834.4041567,1,pnp,2061,290,49,42,0.7626352906227112
2061,1520530834.454159,1,pnp,2062,277,52,46,0.7843496203422546
2062,1520530834.50416,1,pnp,2063,292,45,38,0.7220630049705505
2063,1520530834.5541618,1,pnp,2064,299,68,53,0.6752921938896179
2064,1520530834.6039047,1,pnp,2065,297,55,50,0.825939953327179
2065,1520530834.6538844,1,pnp,2066,283,53,49,0.825136661529541
2066,1520530834.7038865,1,pnp,2067,302,73,69,0.6262093186378479
2067,1520530834.7538877,1,pnp,2068,295,78,69,0.8840452432632446
2068,1520530834.8038895,1,pnp,2069,288,76,68,0.8413423895835876
2069,1520530834.8538904,1,pnp,2070,302,82,76,0.7751944065093994
2070,1520530834.9038925,1,pnp,2071,317,63,59,0.556461751461029
2071,1520530834.9538934,1,pnp,2072,312,60,52,0.7924014329910278
2072,1520530835.0038483,1,pnp,2073,282,58,50,0.9011008739471436
2073,1520530835.0538502,1,pnp,2074,278,58,51,0.8880824446678162
2074,1520530835.1038513,1,pnp,2075,272,67,58,0.9151118397712708
2075,1520530835.1538532,1,pnp,2076,278,70,62,0.7395797967910767
2076,1520530835.2038543,1,pnp,2077,262,66,59,0.6454319953918457
2077,1520530835.2538564,1,pnp,2078,282,59,56,0.7208206057548523
2078,1520530835.3038583,1,pnp,2079,297,81,73,0.8303972482681274
2079,1520530835.3538594,1,pnp,2080,291,78,61,0.7911348938941956
2080,1520530835.4037516,1,pnp,2081,321,66,56,0.7626477479934692
2081,1520530835.4537528,1,pnp,2082,320,64,61,0.7943603992462158
2082,1520530835.5037546,1,pnp,2083,329,58,48,0.8987262845039368
2083,1520530835.5537565,1,pnp,2084,293,69,65,0.8189640641212463
2084,1520530835.6037576,1,pnp,2085,299,66,61,0.7538174986839294
2085,1520530835.6537595,1,pnp,2086,313,64,56,0.7544669508934021
2086,1520530835.7037604,1,pnp,2087,297,62,52,0.791056215763092
2087,1520530835.7537627,1,pnp,2088,309,60,51,0.618423342704773
2088,1520530835.8037922,1,pnp,2089,362,75,66,0.7363961338996887
2089,1520530835.8537836,1,pnp,2090,371,77,72,0.8353384733200073
2090,1520530835.9037886,1,pnp,2091,373,71,61,0.9145478010177612
2091,1520530835.9537864,1,pnp,2092,403,71,65,0.8072267174720764
2092,1520530836.0037875,1,pnp,2093,402,72,62,0.7811866998672485
2093,1520530836.0537896,1,pnp,2094,374,64,54,0.938754677772522
2094,1520530836.1037915,1,pnp,2095,373,73,63,0.8424215912818909
2095,1520530836.1537926,1,pnp,2096,401,67,58,0.6948873400688171
2096,1520530836.2037945,1,pnp,2097,450,71,62,0.9466295838356018
2097,1520530836.2538428,1,pnp,2098,458,71,60,1.00916588306427
2098,1520530836.3038447,1,pnp,2099,469,57,47,0.7728593945503235
2099,1520530836.3538458,1,pnp,2100,483,83,69,0.8914247155189514
2100,1520530836.4038477,1,pnp,2101,503,73,59,0.7607336640357971
2101,1520530836.4538486,1,pnp,2102,511,79,73,0.7273249626159668
2102,1520530836.503851,1,pnp,2103,477,90,73,0.9461743831634521
2103,1520530836.5538528,1,pnp,2104,428,75,63,0.7968186140060425
2104,1520530836.6038537,1,pnp,2105,411,73,62,0.8921212553977966
2105,1520530836.653644,1,pnp,2106,345,69,60,0.9457264542579651
2106,1520530836.703645,1,pnp,2107,328,73,66,0.8143444657325745
2107,1520530836.753647,1,pnp,2108,349,80,69,0.7658604383468628
2108,1520530836.803648,1,pnp,2109,381,69,60,0.8311882019042969
2109,1520530836.85365,1,pnp,2110,365,78,67,0.8871747255325317
2110,1520530836.9036512,1,pnp,2111,349,75,66,0.9469508528709412
2111,1520530836.953653,1,pnp,2112,350,60,53,0.7318505048751831
2112,1520530837.003655,1,pnp,2113,426,68,54,0.8115479946136475
2113,1520530837.0535715,1,pnp,2114,415,67,51,1.0065394639968872
2114,1520530837.1035733,1,pnp,2115,379,55,48,0.8173004984855652
2115,1520530837.1535752,1,pnp,2116,299,53,44,0.8874249458312988
2116,1520530837.2035763,1,pnp,2117,276,48,42,0.7892924547195435
2117,1520530837.2535784,1,pnp,2118,258,48,45,0.8001968264579773
2118,1520530837.3035793,1,pnp,2119,233,34,30,0.746768593788147
2119,1520530837.3535814,1,pnp,2120,241,36,32,0.81239914894104
2120,1520530837.4035833,1,pnp,2121,252,45,38,0.8028526306152344
2121,1520530837.4539242,1,pnp,2122,263,33,29,0.7394703030586243
2122,1520530837.503925,1,pnp,2123,301,45,41,0.9212458729743958
2123,1520530837.5539272,1,pnp,2124,337,63,54,0.7298302054405212
2124,1520530837.6039293,1,pnp,2125,393,77,71,0.8442123532295227
2125,1520530837.6539302,1,pnp,2126,344,66,56,0.8907144665718079
2126,1520530837.7039313,1,pnp,2127,329,61,52,0.8860511779785156
2127,1520530837.7539332,1,pnp,2128,310,61,52,0.9376577734947205
2128,1520530837.803935,1,pnp,2129,307,70,60,0.8183460235595703
2129,1520530837.8542323,1,pnp,2130,335,62,51,0.8911600708961487
2130,1520530837.9041383,1,pnp,2131,324,58,53,0.7619804739952087
2131,1520530837.9541395,1,pnp,2132,299,56,51,0.8552239537239075
2132,1520530838.0041413,1,pnp,2133,324,58,54,0.7105260491371155
2133,1520530838.0541422,1,pnp,2134,354,53,49,0.7837888598442078
2134,1520530838.1041446,1,pnp,2135,361,79,66,0.852083146572113
2135,1520530838.1541455,1,pnp,2136,389,64,53,0.7836509943008423
2136,1520530838.2041473,1,pnp,2137,360,83,73,0.7297961711883545
2137,1520530838.2541494,1,pnp,2138,346,67,54,0.7802067399024963
2138,1520530838.3041053,1,pnp,2139,305,50,46,0.870882511138916
2139,1520530838.3541071,1,pnp,2140,326,51,43,0.7857122421264648
2140,1520530838.4041083,1,pnp,2141,352,56,45,0.7676981091499329
2141,1520530838.4541104,1,pnp,2142,379,63,60,0.7684060335159302
2142,1520530838.5041113,1,pnp,2143,304,68,60,0.7570499181747437
2143,1520530838.5541134,1,pnp,2144,304,62,54,0.739004373550415
2144,1520530838.6041152,1,pnp,2145,335,66,60,0.9069585800170898
2145,1520530838.6541162,1,pnp,2146,355,76,67,0.893599808216095
2146,1520530838.7039373,1,pnp,2147,307,72,61,0.7759004831314087
2147,1520530838.7539384,1,pnp,2148,346,78,71,0.8543787002563477
2148,1520530838.8039405,1,pnp,2149,350,90,83,0.8717302680015564
2149,1520530838.8539424,1,pnp,2150,350,81,70,0.7531806826591492
2150,1520530838.9039445,1,pnp,2151,365,73,59,1.0845921039581299
2151,1520530838.9539454,1,pnp,2152,325,67,60,0.8961971998214722
2152,1520530839.0039473,1,pnp,2153,324,60,51,0.9042381048202515
2153,1520530839.0539484,1,pnp,2154,322,77,70,0.9430460333824158
2154,1520530839.1037652,1,pnp,2155,315,67,64,0.9582313895225525
2155,1520530839.1537673,1,pnp,2156,313,74,61,0.8310763239860535
2156,1520530839.2037694,1,pnp,2157,324,65,59,0.8025985956192017
2157,1520530839.2537704,1,pnp,2158,351,64,56,0.7129545211791992
2158,1520530839.3037715,1,pnp,2159,312,69,60,0.8758897185325623
2159,1520530839.3537734,1,pnp,2160,326,70,57,0.9514834880828857
2160,1520530839.4037752,1,pnp,2161,329,77,66,0.7999369502067566
2161,1520530839.4538295,1,pnp,2162,345,68,58,0.8433855175971985
2162,1520530839.503782,1,pnp,2163,366,75,63,0.8187035918235779
2163,1520530839.5537832,1,pnp,2164,425,88,72,0.8065100908279419
2164,1520530839.603785,1,pnp,2165,440,78,71,0.9245443344116211
2165,1520530839.6537862,1,pnp,2166,440,73,58,0.9105637073516846
2166,1520530839.703788,1,pnp,2167,528,104,84,0.9291971325874329
2167,1520530839.7537901,1,pnp,2168,459,74,55,0.8180518746376038
2168,1520530839.8037913,1,pnp,2169,448,94,70,0.8551506400108337
2169,1520530839.8537931,1,pnp,2170,439,86,68,0.8187004327774048
2170,1520530839.9039636,1,pnp,2171,455,83,65,0.8616397976875305
2171,1520530839.9539654,1,pnp,2172,410,95,77,0.9191461205482483
2172,1520530840.0039666,1,pnp,2173,391,88,74,0.8510074615478516
2173,1520530840.0539684,1,pnp,2174,342,82,68,0.9737235903739929
2174,1520530840.1039696,1,pnp,2175,300,70,55,0.8811009526252747
2175,1520530840.1539714,1,pnp,2176,296,66,49,0.8582080602645874
2176,1520530840.2039735,1,pnp,2177,302,71,58,0.8702029585838318
2177,1520530840.2539747,1,pnp,2178,290,65,47,1.0256456136703491
2178,1520530840.3040342,1,pnp,2179,262,50,44,0.9743407964706421
2179,1520530840.3540354,1,pnp,2180,250,48,35,0.7572371363639832
2180,1520530840.4040382,1,pnp,2181,184,39,35,0.766577959060669
2181,1520530840.454039,1,pnp,2182,210,40,31,0.762449324131012
2182,1520530840.5040412,1,pnp,2183,190,47,40,0.8890611529350281
2183,1520530840.554042,1,pnp,2184,186,46,37,0.9537643194198608
2184,1520530840.6040432,1,pnp,2185,181,43,35,0.8120404481887817
2185,1520530840.6540453,1,pnp,2186,181,45,34,0.9740736484527588
2186,1520530840.7040462,1,pnp,2187,180,42,31,1.0383962392807007
2187,1520530840.7537568,1,pnp,2188,197,47,39,0.8531225919723511
2188,1520530840.803758,1,pnp,2189,210,57,48,0.8655263185501099
2189,1520530840.8537598,1,pnp,2190,243,44,39,0.7476726174354553
2190,1520530840.903762,1,pnp,2191,265,70,55,1.0268218517303467
2191,1520530840.953763,1,pnp,2192,293,65,52,0.8427203297615051
2192,1520530841.0037649,1,pnp,2193,313,67,50,0.9629940390586853
2193,1520530841.053776,1,pnp,2194,327,67,56,0.9032886028289795
2194,1520530841.1037679,1,pnp,2195,318,53,41,0.9813655018806458
2195,1520530841.1534414,1,pnp,2196,272,34,28,0.8290270566940308
2196,1520530841.2034433,1,3d3d,2197,247,31,24,3.2461130619049072
2197,1520530841.2534444,1,pnp,2198,274,40,33,1.0281141996383667
2198,1520530841.3034463,1,pnp,2199,260,34,29,0.9281987547874451
2199,1520530841.3534484,1,pnp,2200,250,40,32,0.8355759978294373
2200,1520530841.4034495,1,pnp,2201,243,39,32,0.8677113056182861
2201,1520530841.4534514,1,pnp,2202,282,46,41,0.7147261500358582
2202,1520530841.5034525,1,pnp,2203,327,62,55,0.8589386343955994
2203,1520530841.5535407,1,pnp,2204,377,51,43,0.8134962916374207
2204,1520530841.6035416,1,pnp,2205,371,67,59,0.7541723847389221
2205,1520530841.6535437,1,pnp,2206,363,56,48,0.77279132604599
2206,1520530841.7035458,1,pnp,2207,367,55,45,0.7452616095542908
2207,1520530841.7535465,1,pnp,2208,391,58,46,0.8223245739936829
2208,1520530841.8035488,1,pnp,2209,351,54,42,0.8479754328727722
2209,1520530841.8535497,1,pnp,2210,258,42,36,0.8083621859550476
2210,1520530841.9035516,1,pnp,2211,239,50,48,0.9996039867401123
2211,1520530841.953866,1,pnp,2212,271,55,48,0.8721914291381836
2212,1520530842.003868,1,pnp,2213,269,59,53,0.827397346496582
2213,1520530842.05387,1,pnp,2214,275,61,53,0.836586058139801
2214,1520530842.103871,1,pnp,2215,283,62,54,0.8351395130157471
2215,1520530842.153873,1,pnp,2216,284,57,50,0.9048181176185608
2216,1520530842.203874,1,pnp,2217,296,54,48,0.9308751225471497
2217,1520530842.253876,1,pnp,2218,291,64,55,0.8962389826774597
2218,1520530842.303878,1,pnp,2219,289,63,53,0.8242377042770386
2219,1520530842.3538043,1,pnp,2220,271,63,55,0.8033308982849121
2220,1520530842.4038062,1,pnp,2221,265,59,55,0.654505729675293
2221,1520530842.453807,1,pnp,2222,254,60,55,0.8367401957511902
2222,1520530842.5038095,1,pnp,2223,252,57,56,0.6238768100738525
2223,1520530842.5538104,1,pnp,2224,247,61,54,0.8329436182975769
2224,1520530842.6038122,1,pnp,2225,257,61,53,0.770354151725769
2225,1520530842.6538134,1,pnp,2226,271,68,61,0.8232218623161316
2226,1520530842.7038152,1,pnp,2227,297,74,64,0.7636945247650146
2227,1520530842.7538164,1,pnp,2228,311,73,62,0.8824699521064758
2228,1520530842.8039196,1,pnp,2229,301,74,65,0.6945902705192566
2229,1520530842.8539207,1,pnp,2230,297,75,66,0.7359708547592163
2230,1520530842.9039226,1,pnp,2231,283,61,54,0.7631193399429321
2231,1520530842.9539244,1,pnp,2232,228,65,54,0.815736711025238
2232,1520530843.0039256,1,pnp,2233,246,64,53,0.8156055808067322
2233,1520530843.0539274,1,pnp,2234,260,57,53,0.7825250029563904
2234,1520530843.1039283,1,pnp,2235,268,72,64,0.8141860961914062
2235,1520530843.1539307,1,pnp,2236,263,66,58,0.8354305028915405
2236,1520530843.2039747,1,pnp,2237,268,61,53,0.7001713514328003
2237,1520530843.2539766,1,pnp,2238,294,73,67,0.9301298260688782
2238,1520530843.3039777,1,pnp,2239,323,73,67,0.7818596959114075
2239,1520530843.3539798,1,pnp,2240,333,59,51,0.7816357016563416
2240,1520530843.4039817,1,pnp,2241,299,60,52,0.7237886190414429
2241,1520530843.4539828,1,pnp,2242,297,69,58,0.7238384485244751
2242,1520530843.5039847,1,pnp,2243,308,70,62,0.7989919781684875
2243,1520530843.5539858,1,pnp,2244,301,53,50,0.7412940263748169
2244,1520530843.6039405,1,pnp,2245,303,51,47,0.904159665107727
2245,1520530843.6539426,1,pnp,2246,327,65,58,0.7471480965614319
2246,1520530843.7039444,1,pnp,2247,328,49,45,0.8518840074539185
2247,1520530843.7539454,1,pnp,2248,353,59,57,0.8792651295661926
2248,1520530843.8039465,1,pnp,2249,383,65,57,0.8096219897270203
2249,1520530843.8539495,1,pnp,2250,377,60,54,0.754355251789093
2250,1520530843.9039507,1,pnp,2251,391,69,60,0.909803569316864
2251,1520530843.9539516,1,pnp,2252,453,63,47,0.8266704082489014
2252,1520530844.0039654,1,pnp,2253,457,75,66,0.9017253518104553
2253,1520530844.0539634,1,pnp,2254,454,58,46,0.9448709487915039
2254,1520530844.1039653,1,pnp,2255,481,81,62,0.7989925146102905
2255,1520530844.1539664,1,pnp,2256,439,77,57,0.8755733966827393
2256,1520530844.2039683,1,pnp,2257,441,82,59,0.9505054950714111
2257,1520530844.2539694,1,pnp,2258,390,71,63,0.9884135723114014
2258,1520530844.3040445,1,pnp,2259,369,76,66,0.7662578821182251
2259,1520530844.3539724,1,pnp,2260,366,77,68,0.75633704662323
2260,1520530844.4038618,1,pnp,2261,354,62,53,0.8524696826934814
2261,1520530844.453863,1,pnp,2262,382,77,61,0.8237816095352173
2262,1520530844.503865,1,pnp,2263,372,83,74,0.8039401173591614
2263,1520530844.5538661,1,pnp,2264,338,77,69,0.8263179659843445
2264,1520530844.603868,1,pnp,2265,322,69,62,0.7072005867958069
2265,1520530844.6538699,1,pnp,2266,359,64,54,0.858687162399292
2266,1520530844.703871,1,pnp,2267,386,74,65,0.8254009485244751
2267,1520530844.753873,1,pnp,2268,373,56,45,0.8246486783027649
2268,1520530844.804015,1,pnp,2269,365,39,30,0.898354709148407
2269,1520530844.8540168,1,pnp,2270,301,40,35,0.7299530506134033
2270,1520530844.904018,1,pnp,2271,288,44,39,0.8605883717536926
2271,1520530844.95402,1,pnp,2272,326,53,48,0.6796964406967163
2272,1520530845.004022,1,pnp,2273,324,61,51,0.9249274730682373
2273,1520530845.054023,1,pnp,2274,312,47,43,0.9382254481315613
2274,1520530845.104025,1,pnp,2275,301,68,64,0.8771687746047974
2275,1520530845.1540258,1,pnp,2276,261,32,28,0.7871845960617065
2276,1520530845.204028,1,pnp,2277,244,43,37,0.8553993701934814
2277,1520530845.2545488,1,pnp,2278,373,47,39,0.8599181175231934
2278,1520530845.3045506,1,pnp,2279,402,76,66,0.8439263701438904
2279,1520530845.3545518,1,pnp,2280,406,78,67,0.8115454912185669
2280,1520530845.4045527,1,pnp,2281,386,58,50,0.8525723814964294
2281,1520530845.4545548,1,pnp,2282,355,67,59,0.7945511341094971
2282,1520530845.504556,1,pnp,2283,301,59,51,0.892738401889801
2283,1520530845.5545578,1,pnp,2284,368,69,64,0.9049177169799805
2284,1520530845.60456,1,pnp,2285,369,62,56,0.7580246925354004
2285,1520530845.654414,1,pnp,2286,371,83,73,0.7797762751579285
2286,1520530845.704415,1,pnp,2287,323,73,67,0.7031432390213013
2287,1520530845.754416,1,pnp,2288,343,76,62,0.7603452205657959
2288,1520530845.8044178,1,pnp,2289,342,68,60,0.8724762797355652
2289,1520530845.854419,1,pnp,2290,313,41,32,0.7992006540298462
2290,1520530845.9044487,1,pnp,2291,337,46,40,0.794869601726532
2291,1520530845.9544218,1,pnp,2292,406,66,61,0.8165801167488098
2292,1520530846.004424,1,pnp,2293,397,69,51,0.7775147557258606
2293,1520530846.054296,1,pnp,2294,290,65,53,0.8496667742729187
2294,1520530846.1042979,1,pnp,2295,308,72,65,0.8580834269523621
2295,1520530846.154299,1,pnp,2296,326,65,58,0.6965601444244385
2296,1520530846.2043009,1,pnp,2297,344,62,52,0.8986315131187439
2297,1520530846.2543027,1,pnp,2298,344,65,48,0.8958273530006409
2298,1520530846.304304,1,pnp,2299,341,65,55,0.8253898024559021
2299,1520530846.354306,1,pnp,2300,342,71,61,0.9286121726036072
2300,1520530846.4043071,1,pnp,2301,390,76,61,0.7889014482498169
2301,1520530846.4540877,1,pnp,2302,342,66,54,0.7780393362045288
2302,1520530846.5040889,1,pnp,2303,353,72,64,0.7567142248153687
2303,1520530846.5540907,1,pnp,2304,367,80,76,0.8527685403823853
2304,1520530846.6040928,1,pnp,2305,366,83,76,0.7676225304603577
2305,1520530846.654094,1,pnp,2306,356,89,76,0.8604415059089661
2306,1520530846.7040958,1,pnp,2307,386,81,65,0.779624342918396
2307,1520530846.754097,1,pnp,2308,353,90,75,0.7432785630226135
2308,1520530846.8040988,1,pnp,2309,355,71,57,0.9243901371955872
2309,1520530846.8539925,1,pnp,2310,356,78,53,0.8699897527694702
2310,1520530846.9039948,1,pnp,2311,366,91,78,0.846705973148346
2311,1520530846.9539957,1,pnp,2312,374,86,77,0.8768041133880615
2312,1520530847.0039978,1,pnp,2313,392,93,78,0.8963326215744019
2313,1520530847.0539997,1,pnp,2314,378,89,77,0.8994246125221252
2314,1520530847.1040006,1,pnp,2315,377,78,63,0.8997165560722351
2315,1520530847.1540017,1,pnp,2316,409,84,70,0.8618419170379639
2316,1520530847.2040057,1,pnp,2317,412,74,52,0.9609194397926331
2317,1520530847.2540886,1,pnp,2318,483,98,81,0.7675767540931702
2318,1520530847.3040907,1,pnp,2319,449,80,65,0.9196789860725403
2319,1520530847.3540916,1,pnp,2320,492,91,73,0.8965084552764893
2320,1520530847.4040935,1,pnp,2321,453,80,58,1.048849105834961
2321,1520530847.4540946,1,pnp,2322,440,79,62,0.9168944954872131
2322,1520530847.5040965,1,pnp,2323,427,81,65,0.8934804797172546
2323,1520530847.5540974,1,pnp,2324,364,71,63,0.9015758633613586
2324,1520530847.6040998,1,pnp,2325,270,66,60,0.8574379086494446
2325,1520530847.6541007,1,pnp,2326,245,52,48,0.8422716856002808
2326,1520530847.7042696,1,pnp,2327,212,54,48,0.7583314776420593
2327,1520530847.7542708,1,pnp,2328,192,55,50,0.7975848913192749
2328,1520530847.8042727,1,pnp,2329,219,62,51,0.9262756705284119
2329,1520530847.8542747,1,pnp,2330,224,66,53,0.8433949947357178
2330,1520530847.904276,1,pnp,2331,232,70,57,0.9363082647323608
2331,1520530847.9542778,1,pnp,2332,221,54,45,0.7963944673538208
2332,1520530848.004279,1,pnp,2333,206,49,40,0.8799980282783508
2333,1520530848.0542808,1,pnp,2334,197,52,43,0.813261091709137
2334,1520530848.1041646,1,pnp,2335,194,43,35,0.9762710928916931
2335,1520530848.1541667,1,pnp,2336,186,55,42,0.8853626251220703
2336,1520530848.2041686,1,pnp,2337,178,46,34,0.923102080821991
2337,1520530848.2541697,1,pnp,2338,203,50,40,0.7783553600311279
2338,1520530848.3041716,1,pnp,2339,210,54,43,0.8959616422653198
2339,1520530848.3541725,1,pnp,2340,212,52,39,0.9970160722732544
2340,1520530848.4041748,1,pnp,2341,227,55,45,0.921844482421875
2341,1520530848.4541767,1,pnp,2342,228,54,47,0.8460392355918884
2342,1520530848.5038164,1,pnp,2343,215,38,31,1.0435750484466553
2343,1520530848.5538182,1,pnp,2344,243,43,37,1.0205785036087036
2344,1520530848.6038194,1,pnp,2345,259,48,36,0.9849793314933777
2345,1520530848.6538212,1,pnp,2346,270,47,40,0.9523380398750305
2346,1520530848.7038221,1,pnp,2347,289,61,51,0.7881391644477844
2347,1520530848.7538242,1,pnp,2348,279,53,45,0.9256214499473572
2348,1520530848.8038263,1,pnp,2349,289,48,41,0.9133526086807251
2349,1520530848.8538275,1,pnp,2350,298,51,43,1.0088036060333252
2350,1520530848.9037657,1,pnp,2351,307,46,37,0.9668034911155701
2351,1520530848.9537678,1,pnp,2352,306,51,46,0.7827789783477783
2352,1520530849.0037687,1,pnp,2353,291,40,32,0.7326973080635071
2353,1520530849.0537758,1,pnp,2354,321,56,48,1.0186004638671875
2354,1520530849.1037717,1,pnp,2355,334,64,51,0.8241525292396545
2355,1520530849.1538618,1,pnp,2356,359,65,59,0.871711254119873
2356,1520530849.2037745,1,pnp,2357,342,49,41,0.8741832375526428
2357,1520530849.2537756,1,pnp,2358,329,55,46,1.0333235263824463
2358,1520530849.3040123,1,pnp,2359,398,44,36,0.8929799795150757
2359,1520530849.3540146,1,pnp,2360,421,51,44,0.8314084410667419
2360,1520530849.4040155,1,pnp,2361,426,60,51,0.7691289782524109
2361,1520530849.4540174,1,pnp,2362,408,66,57,0.8953379988670349
2362,1520530849.5040185,1,pnp,2363,303,46,38,0.6538459658622742
2363,1520530849.5540204,1,pnp,2364,292,52,48,0.7885931730270386
2364,1520530849.6040213,1,pnp,2365,266,52,51,0.8725209832191467
2365,1520530849.6540234,1,pnp,2366,283,58,51,0.723993182182312
2366,1520530849.7040243,1,pnp,2367,293,46,41,0.8547648191452026
2367,1520530849.7540753,1,pnp,2368,309,63,55,0.902674674987793
2368,1520530849.8040771,1,pnp,2369,323,61,55,0.7341223955154419
2369,1520530849.8540783,1,pnp,2370,315,72,62,0.8107348680496216
2370,1520530849.9040802,1,pnp,2371,301,73,60,0.8895881175994873
2371,1520530849.954081,1,pnp,2372,265,66,62,0.7260485291481018
2372,1520530850.0040834,1,pnp,2373,262,61,58,0.7292996048927307
2373,1520530850.0540843,1,pnp,2374,267,61,58,0.718881368637085
2374,1520530850.104087,1,pnp,2375,256,68,62,0.7392181158065796
2375,1520530850.1542473,1,pnp,2376,249,53,48,0.6773620843887329
2376,1520530850.2042482,1,pnp,2377,265,68,61,0.9097955822944641
2377,1520530850.25425,1,pnp,2378,259,70,68,0.7738499045372009
2378,1520530850.3042521,1,pnp,2379,264,72,66,0.8613179922103882
2379,1520530850.3542542,1,pnp,2380,271,66,55,0.744102954864502
2380,1520530850.404256,1,pnp,2381,272,67,59,0.9364131689071655
2381,1520530850.4542563,1,pnp,2382,286,69,59,0.8050708770751953
2382,1520530850.5042582,1,pnp,2383,286,74,67,0.9088172316551208
2383,1520530850.554295,1,pnp,2384,289,63,54,0.8710448741912842
2384,1520530850.6042972,1,pnp,2385,284,68,61,0.8129730224609375
2385,1520530850.654298,1,pnp,2386,265,57,51,0.7646963000297546
2386,1520530850.7043002,1,pnp,2387,269,51,47,0.6853454113006592
2387,1520530850.75434,1,pnp,2388,275,49,40,0.8272508382797241
2388,1520530850.804303,1,pnp,2389,303,53,49,0.7426384091377258
2389,1520530850.854304,1,pnp,2390,299,56,51,0.7551383376121521
2390,1520530850.904306,1,pnp,2391,301,65,61,0.6686108112335205
2391,1520530850.954237,1,pnp,2392,323,73,67,0.9216159582138062
2392,1520530851.0042388,1,pnp,2393,327,64,61,0.80779629945755
2393,1520530851.0542412,1,pnp,2394,308,70,61,0.8047532439231873
2394,1520530851.104242,1,pnp,2395,331,67,63,0.687940776348114
2395,1520530851.1542442,1,pnp,2396,362,62,54,0.7573435306549072
2396,1520530851.204245,1,pnp,2397,368,81,75,0.7943457365036011
2397,1520530851.254247,1,pnp,2398,349,74,66,0.8667107820510864
2398,1520530851.304248,1,pnp,2399,370,77,65,0.7386575937271118
2399,1520530851.35432,1,pnp,2400,370,70,60,0.8775967359542847
2400,1520530851.404322,1,pnp,2401,373,57,53,0.7626816630363464
2401,1520530851.454323,1,pnp,2402,397,70,58,0.8738407492637634
2402,1520530851.504325,1,pnp,2403,415,68,57,0.8009979128837585
2403,1520530851.5543258,1,pnp,2404,455,68,58,0.7462522387504578
2404,1520530851.604328,1,pnp,2405,480,90,74,0.8889238834381104
2405,1520530851.6543288,1,pnp,2406,473,77,63,0.8491429090499878
2406,1520530851.704331,1,pnp,2407,458,67,53,0.8093838691711426
2407,1520530851.7542922,1,pnp,2408,510,68,60,0.8872048258781433
2408,1520530851.8042943,1,pnp,2409,465,83,62,0.9102477431297302
2409,1520530851.8542964,1,pnp,2410,430,59,49,0.9873619675636292
2410,1520530851.9042974,1,pnp,2411,364,69,58,1.0143373012542725
2411,1520530851.9542983,1,pnp,2412,390,73,67,0.9054242372512817
2412,1520530852.0043004,1,pnp,2413,412,80,69,0.9087410569190979
2413,1520530852.0543013,1,pnp,2414,393,61,50,0.8688071370124817
2414,1520530852.1043034,1,pnp,2415,374,49,40,0.9463286995887756
2415,1520530852.1543043,1,pnp,2416,420,69,54,0.8909777998924255
2416,1520530852.2041512,1,pnp,2417,444,80,69,0.942141056060791
2417,1520530852.2541523,1,pnp,2418,385,59,51,0.7848844528198242
2418,1520530852.3041542,1,pnp,2419,358,62,48,0.8929222226142883
2419,1520530852.354155,1,pnp,2420,293,65,54,0.8339766263961792
2420,1520530852.4041572,1,pnp,2421,299,54,48,0.7970501184463501
2421,1520530852.454158,1,pnp,2422,276,37,32,0.6954762935638428
2422,1520530852.5041602,1,pnp,2423,279,60,55,0.7284132838249207
2423,1520530852.5541613,1,pnp,2424,292,54,48,0.8431938290596008
2424,1520530852.6043804,1,pnp,2425,315,39,37,0.728602945804596
2425,1520530852.6543822,1,pnp,2426,294,62,50,0.7855223417282104
2426,1520530852.7043831,1,pnp,2427,349,51,48,0.813936710357666
2427,1520530852.7543852,1,pnp,2428,390,63,50,0.8018051385879517
2428,1520530852.8043861,1,pnp,2429,382,81,66,0.8529650568962097
2429,1520530852.854388,1,pnp,2430,411,65,54,0.8599695563316345
2430,1520530852.9043891,1,pnp,2431,407,77,66,0.767008900642395
2431,1520530852.9543912,1,pnp,2432,442,70,62,0.8592026233673096
2432,1520530853.0045333,1,pnp,2433,458,53,43,0.7816270589828491
2433,1520530853.0545344,1,pnp,2434,405,66,51,0.8879842758178711
2434,1520530853.1045365,1,pnp,2435,336,70,57,0.8418790698051453
2435,1520530853.1545372,1,pnp,2436,414,71,59,0.9383015632629395
2436,1520530853.2045395,1,pnp,2437,359,62,55,0.9070971608161926
2437,1520530853.2545404,1,pnp,2438,370,61,49,0.8011119365692139
2438,1520530853.3045433,1,pnp,2439,436,67,60,0.8468000888824463
2439,1520530853.3545444,1,pnp,2440,417,76,67,0.856632649898529
2440,1520530853.4043422,1,pnp,2441,369,49,46,0.7480594515800476
2441,1520530853.454343,1,pnp,2442,365,56,44,0.9814963340759277
2442,1520530853.504345,1,pnp,2443,397,64,55,0.8782156109809875
2443,1520530853.554346,1,pnp,2444,416,74,63,0.90127032995224
2444,1520530853.604348,1,pnp,2445,382,79,70,0.9291884899139404
2445,1520530853.6543489,1,pnp,2446,388,90,74,0.8903635144233704
2446,1520530853.70435,1,pnp,2447,406,79,63,0.8869423866271973
2447,1520530853.754353,1,pnp,2448,447,82,66,0.8748067021369934
2448,1520530853.8041263,1,pnp,2449,381,62,56,0.7840225696563721
2449,1520530853.854123,1,pnp,2450,386,82,72,0.8109909296035767
2450,1520530853.9041252,1,pnp,2451,384,74,68,0.7108131647109985
2451,1520530853.9541261,1,pnp,2452,399,74,61,0.7258793711662292
2452,1520530854.0042224,1,pnp,2453,413,74,59,0.8862542510032654
2453,1520530854.0541294,1,pnp,2454,416,84,71,0.886493444442749
2454,1520530854.1041312,1,pnp,2455,417,58,47,0.7984932065010071
2455,1520530854.1541324,1,pnp,2456,449,52,44,0.7416805624961853
2456,1520530854.2041342,1,pnp,2457,400,68,63,0.7885763645172119
2457,1520530854.2540283,1,pnp,2458,408,61,50,0.8211241364479065
2458,1520530854.3040295,1,pnp,2459,405,76,64,0.9177951812744141
2459,1520530854.3540316,1,pnp,2460,455,58,47,0.7444102168083191
2460,1520530854.4040325,1,pnp,2461,461,77,62,0.7499483823776245
2461,1520530854.4540346,1,pnp,2462,474,71,52,0.7503224015235901
2462,1520530854.5040355,1,pnp,2463,428,81,69,0.7987851500511169
2463,1520530854.5540373,1,pnp,2464,422,72,56,0.9689924120903015
2464,1520530854.6040394,1,pnp,2465,433,75,53,0.920498251914978
2465,1520530854.6541982,1,pnp,2466,423,72,57,0.9592663645744324
2466,1520530854.7042,1,pnp,2467,385,70,52,0.843852698802948
2467,1520530854.754201,1,pnp,2468,327,86,68,0.9308030009269714
2468,1520530854.804203,1,pnp,2469,277,61,50,0.7405503392219543
2469,1520530854.8542051,1,pnp,2470,260,53,45,1.023146629333496
2470,1520530854.9042063,1,pnp,2471,262,64,50,0.955869197845459
2471,1520530854.9542081,1,pnp,2472,237,71,56,0.7778201699256897
2472,1520530855.00421,1,pnp,2473,229,59,49,0.8465810418128967
2473,1520530855.0544543,1,pnp,2474,232,52,45,0.6410045623779297
2474,1520530855.1044564,1,pnp,2475,238,65,52,0.9462792873382568
2475,1520530855.1544573,1,pnp,2476,232,52,41,0.9799299240112305
2476,1520530855.2044597,1,pnp,2477,208,48,43,0.8078378438949585
2477,1520530855.2544606,1,pnp,2478,220,50,38,0.9928131699562073
2478,1520530855.3044624,1,pnp,2479,249,66,53,1.0264060497283936
2479,1520530855.3544636,1,pnp,2480,258,66,50,0.8744876980781555
2480,1520530855.4044654,1,pnp,2481,251,61,45,0.9467088580131531
2481,1520530855.4542618,1,pnp,2482,210,58,47,0.7496948838233948
2482,1520530855.5042639,1,pnp,2483,202,63,52,0.8955812454223633
2483,1520530855.5542648,1,pnp,2484,211,62,54,0.9280176162719727
2484,1520530855.6043088,1,pnp,2485,235,53,47,0.9013617038726807
2485,1520530855.6542678,1,pnp,2486,257,56,44,0.8883242607116699
2486,1520530855.7042696,1,pnp,2487,264,79,68,0.8114914894104004
2487,1520530855.7542708,1,pnp,2488,256,73,62,0.8859116435050964
2488,1520530855.8042727,1,pnp,2489,263,73,64,0.8438297510147095
2489,1520530855.853946,1,pnp,2490,207,50,40,0.8816142678260803
2490,1520530855.9039469,1,pnp,2491,250,58,46,0.9972691535949707
2491,1520530855.9539487,1,pnp,2492,271,52,45,1.0039490461349487
2492,1520530856.0039499,1,pnp,2493,266,53,45,0.8538390398025513
2493,1520530856.0539517,1,pnp,2494,259,52,48,0.9287592768669128
2494,1520530856.103953,1,pnp,2495,250,34,29,0.9250045418739319
2495,1520530856.153955,1,pnp,2496,259,31,28,0.8311483860015869
2496,1520530856.2039568,1,pnp,2497,276,46,41,0.9440058469772339
2497,1520530856.253996,1,pnp,2498,305,36,27,1.003286600112915
2498,1520530856.303998,1,pnp,2499,273,46,42,0.7962433695793152
2499,1520530856.3539999,1,pnp,2500,302,47,39,0.9577153325080872
2500,1520530856.4040008,1,pnp,2501,293,44,36,0.8032886385917664
2501,1520530856.454002,1,pnp,2502,306,54,48,0.7385270595550537
2502,1520530856.504004,1,pnp,2503,319,54,50,0.8334957361221313
2503,1520530856.5540059,1,pnp,2504,369,47,40,0.8116747140884399
2504,1520530856.604007,1,pnp,2505,351,49,43,0.8128370642662048
2505,1520530856.6540089,1,pnp,2506,379,58,54,0.914755642414093
2506,1520530856.704353,1,pnp,2507,490,55,50,0.7987921237945557
2507,1520530856.754355,1,pnp,2508,447,55,51,0.6843265295028687
2508,1520530856.804357,1,pnp,2509,437,78,69,0.8037564158439636
2509,1520530856.8543582,1,pnp,2510,301,61,58,0.7648023366928101
2510,1520530856.904359,1,pnp,2511,302,74,63,0.7762499451637268
2511,1520530856.954361,1,pnp,2512,314,58,50,0.7057623267173767
2512,1520530857.004363,1,pnp,2513,319,60,54,0.6394649147987366
2513,1520530857.054364,1,pnp,2514,316,58,51,0.6588069200515747
2514,1520530857.1044989,1,pnp,2515,349,65,61,0.6735868453979492
2515,1520530857.1545007,1,pnp,2516,334,59,50,0.7304841876029968
2516,1520530857.2045019,1,pnp,2517,360,66,58,0.8185005187988281
2517,1520530857.2545028,1,pnp,2518,369,87,75,0.8784117698669434
2518,1520530857.3045046,1,pnp,2519,342,70,62,0.7293279767036438
2519,1520530857.3545067,1,pnp,2520,319,71,60,0.9682490229606628
2520,1520530857.4045076,1,pnp,2521,296,52,44,0.6969541907310486
2521,1520530857.4545097,1,pnp,2522,276,51,47,0.7019038796424866
2522,1520530857.5046494,1,pnp,2523,298,47,39,0.7240997552871704
2523,1520530857.5546513,1,pnp,2524,310,50,47,0.7740307450294495
2524,1520530857.6046522,1,pnp,2525,295,51,45,0.6528000235557556
2525,1520530857.6546543,1,pnp,2526,266,60,56,0.7799482345581055
2526,1520530857.7046552,1,pnp,2527,264,73,65,0.8193771243095398
2527,1520530857.754657,1,pnp,2528,272,60,59,0.8574936389923096
2528,1520530857.8046594,1,pnp,2529,282,58,54,0.8179675340652466
2529,1520530857.8546603,1,pnp,2530,282,66,58,0.8905494213104248
2530,1520530857.9046922,1,pnp,2531,283,61,54,0.6835352778434753
2531,1520530857.954694,1,pnp,2532,277,64,56,0.7181538939476013
2532,1520530858.0046952,1,pnp,2533,270,49,43,0.8927987813949585
2533,1520530858.054696,1,pnp,2534,275,65,58,0.8167613744735718
2534,1520530858.104698,1,pnp,2535,272,61,53,0.7149443626403809
2535,1520530858.1547,1,pnp,2536,295,61,55,0.7097318172454834
2536,1520530858.2047021,1,pnp,2537,306,59,55,0.7712619304656982
2537,1520530858.254703,1,pnp,2538,307,64,57,0.8269830942153931
2538,1520530858.3045762,1,pnp,2539,287,61,53,0.7514882683753967
2539,1520530858.354578,1,pnp,2540,301,55,48,0.7057092189788818
2540,1520530858.404579,1,pnp,2541,354,59,50,0.8114874362945557
2541,1520530858.454581,1,pnp,2542,373,63,57,0.9482492208480835
2542,1520530858.5045831,1,pnp,2543,364,76,60,0.8824701309204102
2543,1520530858.5545838,1,pnp,2544,365,66,56,0.9448864459991455
2544,1520530858.6045861,1,pnp,2545,353,68,61,0.8115666508674622
2545,1520530858.654592,1,pnp,2546,344,70,62,0.8535521626472473
2546,1520530858.7046068,1,pnp,2547,364,70,59,0.8253666162490845
2547,1520530858.754608,1,pnp,2548,387,73,64,0.8438224792480469
2548,1520530858.8046098,1,pnp,2549,405,75,67,0.7947210669517517
2549,1520530858.8547068,1,pnp,2550,437,82,68,0.7654846906661987
2550,1520530858.904613,1,pnp,2551,454,82,71,0.8403874635696411
2551,1520530858.954614,1,pnp,2552,458,79,73,0.8410679697990417
2552,1520530859.0046158,1,pnp,2553,460,77,64,0.9144623279571533
2553,1520530859.054618,1,pnp,2554,473,93,84,0.813352644443512
2554,1520530859.1046188,1,pnp,2555,445,89,72,0.8813446760177612
2555,1520530859.154595,1,pnp,2556,417,89,81,0.8230773210525513
2556,1520530859.204596,1,pnp,2557,407,89,76,0.8846104741096497
2557,1520530859.254598,1,pnp,2558,457,83,74,0.8385953307151794
2558,1520530859.3045988,1,pnp,2559,484,64,56,0.8653305172920227
2559,1520530859.3546011,1,pnp,2560,427,75,64,0.8776769638061523
2560,1520530859.404603,1,pnp,2561,405,87,73,0.8919830322265625
2561,1520530859.454604,1,pnp,2562,429,84,71,0.8057931065559387
2562,1520530859.504606,1,pnp,2563,417,72,63,0.698747456073761
2563,1520530859.5545332,1,pnp,2564,398,91,77,0.9731912612915039
2564,1520530859.604535,1,pnp,2565,418,84,70,0.9442158937454224
2565,1520530859.654536,1,pnp,2566,414,64,49,0.9271455407142639
2566,1520530859.704538,1,pnp,2567,357,37,31,0.9603658318519592
2567,1520530859.754539,1,pnp,2568,267,46,38,0.7639791369438171
2568,1520530859.804542,1,pnp,2569,268,50,42,0.7161014080047607
2569,1520530859.8545432,1,pnp,2570,234,47,43,0.7669443488121033
2570,1520530859.904544,1,pnp,2571,239,38,35,0.715811550617218
2571,1520530859.9548678,1,pnp,2572,293,47,44,0.8722917437553406
2572,1520530860.0048697,1,pnp,2573,263,57,50,0.7738305926322937
2573,1520530860.0548716,1,pnp,2574,275,65,57,0.9085091352462769
2574,1520530860.104874,1,pnp,2575,314,54,49,0.7172225117683411
2575,1520530860.1548736,1,pnp,2576,323,63,52,0.7160359621047974
2576,1520530860.2048757,1,pnp,2577,328,73,65,0.8250250220298767
2577,1520530860.2548769,1,pnp,2578,345,75,65,0.8437209725379944
2578,1520530860.3048787,1,pnp,2579,341,73,64,0.9254215359687805
2579,1520530860.3550136,1,pnp,2580,378,74,65,0.9749865531921387
2580,1520530860.4050157,1,pnp,2581,375,77,66,0.9015371203422546
2581,1520530860.4550607,1,pnp,2582,356,58,48,0.7913762927055359
2582,1520530860.5050187,1,pnp,2583,327,59,52,0.7839797735214233
2583,1520530860.5550196,1,pnp,2584,301,49,44,0.699957013130188
2584,1520530860.6050217,1,pnp,2585,326,67,55,0.8800395131111145
2585,1520530860.6550238,1,pnp,2586,312,47,41,0.7983653545379639
2586,1520530860.705025,1,pnp,2587,317,53,48,0.775101900100708
2587,1520530860.75485,1,pnp,2588,300,57,52,0.857577383518219
2588,1520530860.804851,1,pnp,2589,288,54,46,0.7413126826286316
2589,1520530860.854853,1,pnp,2590,316,65,56,0.7809849977493286
2590,1520530860.9048538,1,pnp,2591,375,70,61,0.9092336893081665
2591,1520530860.954856,1,pnp,2592,396,87,78,0.9100929498672485
2592,1520530861.004858,1,pnp,2593,340,68,57,0.909199059009552
2593,1520530861.054859,1,pnp,2594,343,69,59,0.9815554022789001
2594,1520530861.104861,1,pnp,2595,360,87,75,0.9425776600837708
2595,1520530861.154862,1,pnp,2596,405,82,67,0.7452119588851929
2596,1520530861.204706,1,pnp,2597,362,84,76,0.8041894435882568
2597,1520530861.254708,1,pnp,2598,300,81,70,0.8338168263435364
2598,1520530861.304709,1,pnp,2599,336,71,54,0.7246719598770142
2599,1520530861.35471,1,pnp,2600,357,81,71,0.7890942096710205
2600,1520530861.404712,1,pnp,2601,367,78,72,0.7668402194976807
2601,1520530861.454714,1,pnp,2602,358,68,59,0.8766523003578186
2602,1520530861.5047152,1,pnp,2603,369,66,54,0.8276107907295227
2603,1520530861.554717,1,pnp,2604,384,76,61,0.9793047308921814
2604,1520530861.6045682,1,pnp,2605,375,72,62,0.8003177642822266
2605,1520530861.6545691,1,pnp,2606,341,72,60,0.8267472982406616
2606,1520530861.7045712,1,pnp,2607,371,59,45,0.787331759929657
2607,1520530861.7545722,1,pnp,2608,399,63,55,0.8038990497589111
2608,1520530861.804574,1,pnp,2609,397,66,56,0.7911720871925354
2609,1520530861.8545752,1,pnp,2610,421,58,50,0.6889531016349792
2610,1520530861.904577,1,pnp,2611,413,66,52,0.8683286309242249
2611,1520530861.954578,1,pnp,2612,424,71,50,0.9250801205635071
2612,1520530862.004641,1,pnp,2613,417,76,52,0.8099656701087952
2613,1520530862.0546422,1,pnp,2614,406,89,65,0.8614434599876404
2614,1520530862.1046443,1,pnp,2615,370,76,59,0.9498885273933411
2615,1520530862.1546454,1,pnp,2616,333,70,53,0.7697230577468872
2616,1520530862.2046473,1,pnp,2617,294,57,46,0.8980688452720642
2617,1520530862.2546492,1,pnp,2618,249,54,43,0.8617194890975952
2618,1520530862.3046503,1,pnp,2619,229,54,46,0.873479962348938
2619,1520530862.3546522,1,pnp,2620,237,63,48,0.9404541254043579
2620,1520530862.4048069,1,pnp,2621,233,66,55,1.0049126148223877
2621,1520530862.4548087,1,pnp,2622,218,61,51,0.8852968811988831
2622,1520530862.5048099,1,pnp,2623,213,69,53,0.9029648900032043
2623,1520530862.5548117,1,pnp,2624,217,74,56,0.9805798530578613
2624,1520530862.6048136,1,pnp,2625,201,60,46,0.9951813817024231
2625,1520530862.6548147,1,pnp,2626,220,53,45,0.7857071757316589
2626,1520530862.7048168,1,pnp,2627,175,54,47,0.7444084286689758
2627,1520530862.7548177,1,pnp,2628,151,30,27,0.7237117886543274
2628,1520530862.804626,1,pnp,2629,151,39,34,0.9330778121948242
2629,1520530862.854627,1,pnp,2630,165,29,26,0.9065708518028259
2630,1520530862.9046288,1,pnp,2631,194,29,26,0.8487903475761414
2631,1520530862.95463,1,pnp,2632,216,36,33,0.964611828327179
2632,1520530863.004632,1,pnp,2633,206,42,38,0.8166226148605347
2633,1520530863.0546339,1,pnp,2634,213,38,32,0.8528682589530945
2634,1520530863.104635,1,pnp,2635,257,33,28,0.7556678652763367
2635,1520530863.1546369,1,pnp,2636,275,44,39,0.7190287709236145
2636,1520530863.204079,1,pnp,2637,204,37,31,0.9095909595489502
2637,1520530863.2540798,1,pnp,2638,217,39,30,1.0351535081863403
2638,1520530863.3040817,1,pnp,2639,217,46,40,0.9077025055885315
2639,1520530863.354084,1,pnp,2640,232,53,43,0.9690372943878174
2640,1520530863.404085,1,pnp,2641,263,52,41,0.8855497241020203
2641,1520530863.4540858,1,pnp,2642,233,46,39,1.0673658847808838
2642,1520530863.504088,1,pnp,2643,246,50,39,0.8574604988098145
2643,1520530863.5540888,1,pnp,2644,249,60,48,0.8904343843460083
2644,1520530863.6040907,1,pnp,2645,236,44,39,1.046897053718567
2645,1520530863.653909,1,3d3d,2646,209,25,17,4.523271560668945
2646,1520530863.704004,1,3d3d,2647,207,24,16,3.735508918762207
2647,1520530863.753912,1,pnp+dense-dense,2648,441,49,41,0.7361841201782227
2648,1520530863.803914,1,3d3d,2649,181,19,18,1.9184802770614624
2649,1520530863.853916,1,3d3d,2650,184,20,20,4.448910713195801
2650,1520530863.9039168,1,3d3d,2651,152,22,20,1.3157768249511719
2651,1520530863.9539192,1,3d3d,2652,138,22,18,1.7669236660003662
2652,1520530864.00392,1,3d3d,2653,144,25,23,2.7132582664489746
2653,1520530864.054671,1,3d3d,2654,378,17,15,1.4538564682006836
2654,1520530864.1046731,1,pnp,2655,461,60,49,0.8600112199783325
2655,1520530864.154674,1,pnp,2656,386,47,35,1.001879096031189
2656,1520530864.2046762,1,pnp,2657,305,52,42,0.9219023585319519
2657,1520530864.254677,1,pnp,2658,299,54,52,0.8254635334014893
2658,1520530864.304679,1,pnp,2659,312,41,39,0.7761773467063904
2659,1520530864.35468,1,pnp,2660,326,65,60,0.7908582091331482
2660,1520530864.4046822,1,pnp,2661,315,63,57,0.8930032253265381
2661,1520530864.455242,1,pnp,2662,393,39,37,0.8313139081001282
2662,1520530864.5052438,1,pnp,2663,376,56,49,0.7103069424629211
2663,1520530864.5552447,1,pnp,2664,385,48,40,1.0011959075927734
2664,1520530864.6052468,1,pnp,2665,412,53,46,0.8357188105583191
2665,1520530864.6552486,1,pnp,2666,404,58,47,0.9329532384872437
2666,1520530864.7052507,1,pnp,2667,394,67,52,0.9591638445854187
2667,1520530864.755252,1,pnp,2668,438,60,51,0.8302454948425293
2668,1520530864.8052528,1,pnp,2669,414,69,58,0.9208971261978149
2669,1520530864.8542476,1,pnp,2670,206,42,35,0.9298914074897766
2670,1520530864.9042497,1,pnp,2671,195,46,42,0.9844917058944702
2671,1520530864.9542506,1,pnp,2672,183,43,38,1.0051332712173462
2672,1520530865.0042524,1,pnp,2673,211,47,41,0.8521873950958252
2673,1520530865.0542548,1,pnp,2674,226,55,45,0.9142881035804749
2674,1520530865.1042557,1,pnp,2675,242,48,43,0.9359967708587646
2675,1520530865.1542616,1,pnp,2676,289,47,43,0.8047815561294556
2676,1520530865.2042587,1,pnp,2677,285,49,43,0.9965124130249023
2677,1520530865.2539191,1,pnp,2678,256,31,25,1.0314570665359497
2678,1520530865.3039591,1,3d3d,2679,264,29,24,2.232590913772583
2679,1520530865.3539228,1,pnp,2680,255,29,26,0.8893067240715027
2680,1520530865.403924,1,3d3d,2681,209,24,21,10.037359237670898
2681,1520530865.453926,1,3d3d,2682,144,20,15,19.204801559448242
2682,1520530865.5039272,1,3d3d,2683,60,21,19,3.073549509048462
2683,1520530865.553929,1,pnp+dense-dense,2684,178,36,33,0.7434265613555908
2684,1520530865.60393,1,3d3d,2685,52,15,15,2.658707857131958
2685,1520530865.653932,1,pnp+dense-dense,2686,177,25,22,0.6344150900840759
2686,1520530865.7046006,1,pnp,2687,128,28,25,0.791430652141571
2687,1520530865.754603,1,pnp,2688,147,31,29,0.8557800054550171
2688,1520530865.8046048,1,pnp,2689,157,34,28,1.018865704536438
2689,1520530865.8546057,1,pnp,2690,154,27,27,0.8940833210945129
2690,1520530865.9046078,1,3d3d,2691,149,26,25,1.3347723484039307
2691,1520530865.9546087,1,3d3d,2692,135,23,23,1.2415955066680908
2692,1520530866.0046105,1,pnp,2693,130,32,29,0.8393768668174744
2693,1520530866.0546129,1,pnp,2694,122,37,35,0.8236839175224304
2694,1520530866.105678,1,3d3d,2695,298,22,18,2.2751283645629883
2695,1520530866.1556804,1,pnp,2696,277,50,40,0.7795588970184326
2696,1520530866.2056813,1,pnp,2697,281,43,36,0.9342095851898193
2697,1520530866.2556834,1,pnp,2698,274,46,42,0.8897069096565247
2698,1520530866.3056853,1,pnp,2699,238,39,32,0.857751727104187
2699,1520530866.3556874,1,3d3d,2700,188,27,23,2.336336374282837
2700,1520530866.4056885,1,pnp,2701,212,36,30,0.8556497097015381
2701,1520530866.4556892,1,pnp,2702,224,33,28,0.7435014247894287
2702,1520530866.5048184,1,3d3d,2703,229,27,27,1.6552218198776245
2703,1520530866.5548193,1,pnp,2704,260,34,30,0.9745981693267822
2704,1520530866.6048214,1,3d3d,2705,264,30,29,1.4896165132522583
2705,1520530866.6548226,1,pnp,2706,263,45,36,0.9493758678436279
2706,1520530866.7048244,1,pnp,2707,264,36,30,1.132561206817627
2707,1520530866.7548263,1,pnp,2708,280,44,38,0.9439491033554077
2708,1520530866.8048275,1,pnp,2709,286,39,34,0.8854437470436096
2709,1520530866.8548284,1,pnp,2710,316,50,43,0.8241400122642517
2710,1520530866.9039512,1,pnp+primary-dense,2711,352,27,23,0.9371511936187744
2711,1520530866.9539533,1,3d3d,2712,222,27,24,3.382888078689575
2712,1520530867.0039542,1,pnp,2713,254,34,29,0.7309616208076477
2713,1520530867.0539563,1,pnp,2714,252,29,25,0.9013722538948059
2714,1520530867.1039574,1,pnp,2715,230,30,26,0.8458749055862427
2715,1520530867.1539593,1,3d3d,2716,156,19,16,1.8463268280029297
2716,1520530867.2039604,1,pnp+dense-dense,2717,468,43,37,1.094651699066162
2717,1520530867.2539623,1,3d3d,2718,177,21,18,4.508401870727539
2718,1520530867.3040454,1,pnp+dense-dense,2719,405,54,45,0.9788933992385864
2719,1520530867.3540473,1,pnp,2720,144,31,25,0.9632320404052734
2720,1520530867.4040492,1,3d3d,2721,152,27,21,3.7831923961639404
2721,1520530867.4540503,1,pnp,2722,139,39,35,0.7820981740951538
2722,1520530867.5040524,1,pnp,2723,134,48,43,0.7875348329544067
2723,1520530867.5540543,1,pnp,2724,151,52,42,0.8252628445625305
2724,1520530867.6040554,1,pnp,2725,150,40,36,0.8567744493484497
2725,1520530867.6540563,1,pnp,2726,163,32,31,0.900104284286499
2726,1520530867.7052622,1,3d3d,2727,316,23,17,2.1440019607543945
2727,1520530867.7552643,1,pnp,2728,320,59,51,0.7818635702133179
2728,1520530867.8052652,1,pnp,2729,298,39,34,0.9885948300361633
2729,1520530867.855267,1,pnp,2730,293,40,34,1.0246189832687378
2730,1520530867.9052694,1,pnp,2731,350,39,34,0.7872307300567627
2731,1520530867.9552703,1,pnp,2732,425,37,29,0.7219108939170837
2732,1520530868.0052722,1,pnp,2733,417,51,37,0.8740306496620178
2733,1520530868.0552733,1,pnp,2734,415,57,38,0.8878663182258606
2734,1520530868.1052752,1,pnp,2735,399,45,40,0.8214284777641296
2735,1520530868.1542678,1,3d3d,2736,326,25,22,5.284765720367432
2736,1520530868.2042687,1,pnp,2737,301,37,32,0.957787811756134
2737,1520530868.2542698,1,pnp,2738,309,36,31,1.0094977617263794
2738,1520530868.3042717,1,pnp,2739,281,41,37,0.9078093767166138
2739,1520530868.3542726,1,pnp,2740,288,39,32,0.9448567628860474
2740,1520530868.4042747,1,pnp,2741,281,40,34,0.9580428004264832
2741,1520530868.4542768,1,pnp,2742,252,40,34,0.8632895946502686
2742,1520530868.5042777,1,3d3d,2743,214,21,20,2.202979326248169
2743,1520530868.55402,1,pnp+dense-dense,2744,396,34,29,1.0103336572647095
2744,1520530868.603941,1,pnp+primary-dense,2745,363,41,33,0.8714848160743713
2745,1520530868.6539428,1,pnp+primary-dense,2746,298,37,33,0.8224440217018127
2746,1520530868.7039437,1,pnp+primary-dense,2747,286,30,25,0.8868127465248108
2747,1520530868.753946,1,pnp+primary-dense,2748,209,47,39,0.9305339455604553
2748,1520530868.8039467,1,pnp+primary-dense,2749,176,29,22,0.7776430249214172
2749,1520530868.8539488,1,pnp+primary-dense,2750,135,22,18,0.8410364985466003
2750,1520530868.90395,1,pnp+primary-dense,2751,109,20,19,0.7733569741249084
2751,1520530868.95471,1,3d3d+primary-dense,2752,388,18,16,3.1736245155334473
2752,1520530869.0047123,1,pnp,2753,123,28,25,0.8561946749687195
2753,1520530869.0547132,1,pnp,2754,161,32,29,0.9262984395027161
2754,1520530869.104715,1,pnp,2755,185,36,28,0.8099145293235779
2755,1520530869.1547163,1,pnp,2756,193,44,34,0.9105649590492249
2756,1520530869.204718,1,pnp,2757,228,40,33,0.8012589812278748
2757,1520530869.254719,1,pnp,2758,205,35,32,0.8260815143585205
2758,1520530869.3047214,1,pnp,2759,203,35,29,0.9176052212715149
2759,1520530869.3552465,1,pnp,2760,251,29,25,0.8655644655227661
2760,1520530869.4052472,1,pnp,2761,278,36,29,0.8740031123161316
2761,1520530869.4552493,1,pnp,2762,240,43,36,0.9658974409103394
2762,1520530869.5052505,1,pnp,2763,249,39,35,1.0021991729736328
2763,1520530869.5552523,1,pnp,2764,234,33,27,1.0631171464920044
2764,1520530869.6052532,1,3d3d,2765,201,28,28,1.5928740501403809
2765,1520530869.6552553,1,pnp,2766,209,37,31,0.9199106097221375
2766,1520530869.7052574,1,pnp,2767,290,39,34,0.8568853735923767
2767,1520530869.7541087,1,3d3d,2768,189,22,22,2.545393705368042
2768,1520530869.8041108,1,pnp,2769,174,32,28,0.8093318343162537
2769,1520530869.854112,1,pnp,2770,170,38,33,0.9491784572601318
2770,1520530869.9041138,1,pnp,2771,190,34,26,1.0242376327514648
2771,1520530869.9541156,1,pnp,2772,207,38,35,0.8561886548995972
2772,1520530870.0041168,1,pnp,2773,189,41,38,0.8880335092544556
2773,1520530870.0541177,1,pnp,2774,194,43,39,0.8719802498817444
2774,1520530870.1041195,1,pnp,2775,214,43,41,0.9036881327629089
2775,1520530870.1539958,1,pnp,2776,218,42,38,0.9976854920387268
2776,1520530870.2039778,1,pnp,2777,227,32,26,1.0107911825180054
2777,1520530870.2539797,1,3d3d,2778,259,25,19,2.3044095039367676
2778,1520530870.3039808,1,pnp,2779,405,31,26,0.8128915429115295
2779,1520530870.353983,1,3d3d,2780,336,18,17,2.3871636390686035
2780,1520530870.4039836,1,pnp+loose,2781,163,29,25,1.231894850730896
2781,1520530870.453986,1,pnp+primary-dense,2782,223,17,17,0.829393208026886
2782,1520530870.5039868,1,pnp+primary-dense,2783,238,35,31,0.7429100871086121
2783,1520530870.5539887,1,pnp+primary-dense,2784,228,35,29,0.9627587199211121
2784,1520530870.6043289,1,3d3d,2785,109,20,18,1.1433947086334229
2785,1520530870.6543298,1,3d3d,2786,112,26,23,1.2863531112670898
2786,1520530870.7043316,1,3d3d,2787,125,16,16,1.094281792640686
2787,1520530870.7543328,1,pnp+dense-dense,2788,312,39,33,0.7669888734817505
2788,1520530870.8043346,1,3d3d,2789,120,18,16,2.240011215209961
2789,1520530870.8543355,1,3d3d,2790,356,24,20,1.534904956817627
2790,1520530870.9043376,1,pnp+loose,2791,292,44,41,1.317312240600586
2791,1520530870.9543386,1,pnp,2792,262,40,32,0.8141472935676575
2792,1520530871.0052452,1,3d3d,2793,260,26,26,1.928153157234192
2793,1520530871.0552473,1,pnp,2794,249,42,38,0.6914188265800476
2794,1520530871.1052494,1,pnp,2795,266,55,52,0.815265417098999
2795,1520530871.1552503,1,pnp,2796,275,59,53,0.9406741857528687
2796,1520530871.2052522,1,pnp,2797,253,47,38,0.9502556324005127
2797,1520530871.2552533,1,pnp,2798,240,49,41,1.0059391260147095
2798,1520530871.3052552,1,pnp,2799,290,36,31,0.925188422203064
2799,1520530871.3552573,1,3d3d,2800,349,23,20,3.024729013442993
2800,1520530871.4041567,1,pnp+loose,2801,319,30,29,1.1692023277282715
2801,1520530871.4541578,1,3d3d,2802,351,23,20,2.766472101211548
2802,1520530871.50416,1,3d3d,2803,224,21,19,1.6715974807739258
2803,1520530871.5541618,1,pnp+dense-dense,2804,574,40,29,1.0878623723983765
2804,1520530871.604163,1,3d3d,2805,163,25,21,1.4104074239730835
2805,1520530871.6541638,1,pnp+dense-dense,2806,305,46,40,0.9053333401679993
2806,1520530871.704166,1,pnp,2807,143,29,28,0.8138471841812134
2807,1520530871.7541678,1,pnp,2808,131,41,38,0.7844989895820618
2808,1520530871.8043747,1,pnp,2809,193,60,54,0.8810475468635559
2809,1520530871.8543768,1,pnp,2810,223,46,38,0.8152909278869629
2810,1520530871.9043777,1,pnp,2811,241,30,27,0.9490951895713806
2811,1520530871.9543796,1,3d3d,2812,238,32,21,3.773118734359741
2812,1520530872.0043807,1,pnp+loose,2813,242,43,38,1.339901089668274
2813,1520530872.0543828,1,pnp,2814,281,29,25,0.9063867926597595
2814,1520530872.1043835,1,pnp,2815,386,26,25,0.671777069568634
2815,1520530872.1543858,1,pnp,2816,324,33,28,0.7906875610351562
2816,1520530872.2044613,1,pnp,2817,313,44,37,0.8712351322174072
2817,1520530872.2544622,1,pnp,2818,262,47,40,0.992428183555603
2818,1520530872.3044643,1,pnp,2819,232,51,46,0.8969858884811401
2819,1520530872.3544655,1,pnp,2820,228,51,42,0.81574946641922
2820,1520530872.4044673,1,pnp,2821,212,50,43,0.846379816532135
2821,1520530872.4544683,1,pnp,2822,264,62,58,0.8859459757804871
2822,1520530872.5044703,1,pnp,2823,279,48,43,0.81725013256073
2823,1520530872.5544713,1,pnp,2824,262,52,41,0.8714417815208435
2824,1520530872.604473,1,pnp,2825,276,47,39,1.0062928199768066
2825,1520530872.6541462,1,pnp,2826,207,33,26,1.0597106218338013
2826,1520530872.704148,1,pnp,2827,206,37,30,0.8576054573059082
2827,1520530872.7541492,1,pnp,2828,199,46,40,1.0004193782806396
2828,1520530872.804151,1,pnp,2829,217,46,40,1.0129783153533936
2829,1520530872.8541522,1,pnp,2830,224,42,36,0.9891602993011475
2830,1520530872.904153,1,pnp,2831,215,57,49,0.8897747993469238
2831,1520530872.9541562,1,pnp,2832,222,39,31,1.051451325416565
2832,1520530873.0041573,1,3d3d,2833,208,27,16,3.361427068710327
2833,1520530873.054336,1,3d3d,2834,253,25,18,2.8219661712646484
2834,1520530873.104338,1,pnp,2835,257,49,47,0.8332955837249756
2835,1520530873.154339,1,pnp,2836,266,51,46,1.0223331451416016
2836,1520530873.2043412,1,pnp,2837,240,59,52,0.8785456418991089
2837,1520530873.2543423,1,pnp,2838,230,53,48,0.8296304941177368
2838,1520530873.3043442,1,pnp,2839,263,66,52,0.8272759914398193
2839,1520530873.354346,1,pnp,2840,243,69,62,0.8081290125846863
2840,1520530873.4044042,1,pnp,2841,209,56,54,0.7549349069595337
2841,1520530873.4548764,1,pnp,2842,362,31,26,0.785645067691803
2842,1520530873.5048773,1,pnp,2843,433,61,51,0.7649252414703369
2843,1520530873.5548794,1,pnp,2844,449,46,38,0.9059573411941528
2844,1520530873.6048806,1,pnp,2845,369,58,43,1.0025626420974731
2845,1520530873.6548824,1,pnp,2846,297,47,37,0.903240978717804
2846,1520530873.7048836,1,pnp,2847,247,42,34,0.7886304259300232
2847,1520530873.7548854,1,pnp,2848,238,32,27,0.8781319260597229
2848,1520530873.8048873,1,3d3d,2849,252,18,16,2.2650704383850098
2849,1520530873.8549073,1,pnp,2850,278,31,26,0.8728081583976746
2850,1520530873.9049094,1,pnp,2851,307,41,35,1.0058414936065674
2851,1520530873.9549103,1,pnp,2852,269,44,39,0.7991561889648438
2852,1520530874.0049121,1,pnp,2853,254,60,54,0.927523672580719
2853,1520530874.0549133,1,pnp,2854,249,61,50,0.9756128787994385
2854,1520530874.1049154,1,pnp,2855,247,54,45,0.8740881681442261
2855,1520530874.1549172,1,pnp,2856,247,54,42,0.9239211082458496
2856,1520530874.2049184,1,pnp,2857,280,51,43,0.851803183555603
2857,1520530874.2544315,1,pnp,2858,249,44,38,0.8612576127052307
2858,1520530874.3044324,1,pnp,2859,267,59,51,0.7689451575279236
2859,1520530874.3544345,1,pnp,2860,279,54,51,0.7161020040512085
2860,1520530874.4044366,1,pnp,2861,260,63,59,0.8249037861824036
2861,1520530874.4544375,1,pnp,2862,243,61,55,0.8515642881393433
2862,1520530874.5044394,1,pnp,2863,231,48,46,0.8327454924583435
2863,1520530874.5544415,1,pnp,2864,240,55,49,0.7570388913154602
2864,1520530874.6044424,1,pnp,2865,238,53,45,0.8052866458892822
2865,1520530874.654209,1,pnp,2866,180,50,43,0.8669455051422119
2866,1520530874.7042108,1,pnp,2867,179,52,43,0.9107236862182617
2867,1520530874.754212,1,pnp,2868,168,46,39,0.8979753255844116
2868,1520530874.8042138,1,pnp,2869,173,57,50,0.7422078847885132
2869,1520530874.8542159,1,pnp,2870,177,48,43,0.8502655029296875
2870,1520530874.904217,1,pnp,2871,218,48,39,0.8609820008277893
2871,1520530874.9542189,1,pnp,2872,225,52,45,0.9923626184463501
2872,1520530875.00422,1,pnp,2873,211,63,56,0.7694955468177795
2873,1520530875.0542219,1,pnp,2874,209,53,48,0.8634857535362244
2874,1520530875.1043346,1,pnp,2875,213,49,45,0.8138898611068726
2875,1520530875.154337,1,pnp,2876,200,56,51,0.703855574131012
2876,1520530875.2043378,1,pnp,2877,200,60,58,0.5189695954322815
2877,1520530875.2543397,1,pnp,2878,198,60,57,0.5148970484733582
2878,1520530875.3043408,1,pnp,2879,208,59,54,0.960305392742157
2879,1520530875.3543427,1,pnp,2880,203,60,56,0.8578118681907654
2880,1520530875.4043446,1,pnp,2881,210,53,50,0.7572900056838989
2881,1520530875.454346,1,pnp,2882,238,48,43,0.7937756180763245
