frame_idx,timestamp_s,accepted,source,pose_count,keyframe_count,map_point_count,pnp_inliers,reprojection_rmse_px,tracking_lost
0,1520530731.4000185,1,init,2,2,240,,,0
41,1520530733.4501958,1,init,2,2,240,,,0
42,1520530733.500113,1,local,3,2,240,147,0.96712726354599,0
43,1520530733.5501149,1,local,4,2,240,123,0.940992534160614,0
44,1520530733.6001027,1,local,5,2,240,117,0.9194309711456299,0
45,1520530733.6501048,1,local,6,2,240,117,0.9205008149147034,0
46,1520530733.7001057,1,local,7,2,240,144,0.8431215286254883,0
47,1520530733.7501078,1,local,8,2,240,143,0.9720620512962341,0
48,1520530733.8001096,1,local,9,2,240,150,0.7879102230072021,0
49,1520530733.8501105,1,local,10,2,240,154,0.8307039737701416,0
50,1520530733.9001126,1,local,11,2,240,152,0.9287033081054688,0
51,1520530733.9501135,1,local,12,2,240,135,0.9438755512237549,0
52,1520530734.000145,1,local,13,2,240,148,0.8712623119354248,0
53,1520530734.0501459,1,local,14,2,240,133,0.8972304463386536,0
54,1520530734.1001477,1,local,15,2,240,126,0.9651210904121399,0
55,1520530734.1501489,1,local,16,3,328,123,0.8447866439819336,0
56,1520530734.200151,1,local,17,3,325,161,0.842548668384552,0
57,1520530734.2501528,1,local,18,3,325,159,0.8714665770530701,0
58,1520530734.300154,1,local,19,3,325,153,0.9170195460319519,0
59,1520530734.3501558,1,local,20,3,325,150,0.9474220275878906,0
60,1520530734.4001532,1,local,21,3,325,127,0.9290646314620972,0
61,1520530734.4501543,1,local,22,3,318,144,0.9268628358840942,0
62,1520530734.5001562,1,local,23,3,318,137,0.8688191175460815,0
63,1520530734.5501583,1,local,24,3,318,117,0.8315850496292114,0
64,1520530734.6001594,1,local,25,3,318,125,0.9508960247039795,0
65,1520530734.6501613,1,local,26,3,318,104,0.8586879968643188,0
66,1520530734.7001622,1,local,27,3,318,118,0.9105839133262634,0
67,1520530734.7501633,1,local,28,3,318,126,0.9127216339111328,0
68,1520530734.8001652,1,local,29,3,318,114,0.919103741645813,0
69,1520530734.8501716,1,local,30,3,318,129,0.9503132104873657,0
70,1520530734.9001727,1,local,31,3,318,116,0.9815611839294434,0
71,1520530734.9501777,1,local,32,3,318,120,0.9489407539367676,0
72,1520530735.0001757,1,local,33,3,318,120,1.0132101774215698,0
73,1520530735.0502658,1,local,34,3,318,126,0.9804207682609558,0
74,1520530735.1001785,1,local,35,3,318,119,0.9022621512413025,0
75,1520530735.1501808,1,local,36,3,318,117,0.9457020163536072,0
76,1520530735.2001815,1,local,37,3,318,126,0.8552930951118469,0
77,1520530735.2502031,1,local,38,3,318,119,0.9402677416801453,0
78,1520530735.300204,1,local,39,3,318,117,0.8754952549934387,0
79,1520530735.3502064,1,local,40,3,318,135,0.8615720868110657,0
80,1520530735.4002082,1,local,41,3,318,134,0.9044361114501953,0
81,1520530735.4502091,1,local,42,3,318,132,0.9056835770606995,0
82,1520530735.5002112,1,local,43,3,318,135,0.9041545987129211,0
83,1520530735.5502121,1,local,44,3,318,131,0.8814829587936401,0
84,1520530735.600214,1,local,45,3,318,125,0.8988122344017029,0
85,1520530735.6501763,1,local,46,3,318,138,0.967438817024231,0
86,1520530735.7001784,1,local,47,3,318,147,0.9214895963668823,0
87,1520530735.7501795,1,local,48,3,318,131,0.8877798318862915,0
88,1520530735.8001814,1,local,49,3,318,129,0.9443601369857788,0
89,1520530735.8501832,1,local,50,3,318,120,0.9123185873031616,0
90,1520530735.9001844,1,local,51,3,318,113,0.9997565746307373,0
91,1520530735.9501863,1,local,52,3,318,106,1.0519355535507202,0
92,1520530736.0001886,1,local,53,4,423,95,1.0706994533538818,0
93,1520530736.050192,1,local,54,4,423,117,1.0645039081573486,0
94,1520530736.100193,1,local,55,4,423,116,1.046481966972351,0
95,1520530736.150194,1,local,56,4,423,117,0.99593186378479,0
96,1520530736.2001963,1,local,57,4,423,106,0.9885913133621216,0
97,1520530736.2501981,1,local,58,4,423,104,1.0983166694641113,0
98,1520530736.3001993,1,local,59,5,507,102,1.1160718202590942,0
99,1520530736.3502002,1,local,60,5,507,103,1.29453444480896,0
100,1520530736.400202,1,local,61,5,507,109,1.0943748950958252,0
101,1520530736.4502478,1,local,62,5,507,93,1.2027556896209717,0
102,1520530736.500249,1,local,63,5,507,83,1.2679872512817383,0
103,1520530736.550255,1,local,64,6,574,64,1.3286583423614502,0
104,1520530736.6002517,1,local,65,6,553,98,1.167452096939087,0
105,1520530736.6503437,1,local,66,6,553,84,1.1486855745315552,0
106,1520530736.700255,1,local,67,6,553,71,1.2051771879196167,0
107,1520530736.7502568,1,local,68,6,553,57,1.2269024848937988,0
108,1520530736.800258,1,local,69,7,619,43,1.2807867527008057,0
109,1520530736.8502598,1,local,70,7,608,57,1.2648440599441528,0
110,1520530736.9002502,1,local,71,7,608,73,1.1807490587234497,0
111,1520530736.9502523,1,local,72,7,608,52,1.0549976825714111,0
112,1520530737.0002544,1,local,73,8,660,53,1.204677939414978,0
113,1520530737.0502553,1,local,74,8,660,70,1.282241940498352,0
114,1520530737.1002574,1,local,75,8,638,60,1.036372184753418,0
115,1520530737.1502583,1,local,76,8,638,55,1.1937705278396606,0
116,1520530737.2002602,1,local,77,8,637,47,1.1592881679534912,0
117,1520530737.2502613,1,local,78,8,636,53,1.2588149309158325,0
118,1520530737.3002589,1,local,79,8,635,44,1.3104466199874878,0
119,1520530737.3502607,1,local,80,9,708,46,1.03607177734375,0
120,1520530737.4002619,1,local,81,9,708,76,1.0346317291259766,0
121,1520530737.450264,1,local,82,9,708,70,1.090009331703186,0
122,1520530737.500265,1,local,83,9,707,75,1.0432580709457397,0
123,1520530737.550267,1,local,84,10,818,48,1.354458212852478,0
124,1520530737.6002688,1,local,85,10,818,91,1.1202760934829712,0
125,1520530737.6502697,1,local,86,10,812,103,1.1452418565750122,0
126,1520530737.7001834,1,local,87,10,811,93,1.039098858833313,0
127,1520530737.7501843,1,local,88,11,927,119,1.0824440717697144,0
128,1520530737.8001862,1,local,89,11,927,115,1.070832371711731,0
129,1520530737.8501873,1,local,90,11,911,122,1.1280088424682617,0
130,1520530737.9001892,1,local,91,11,911,108,1.2076324224472046,0
131,1520530737.9501913,1,local,92,12,1019,111,1.1930370330810547,0
132,1520530738.0001924,1,local,93,12,1019,123,1.1208759546279907,0
133,1520530738.0501943,1,local,94,12,989,94,1.2865809202194214,0
134,1520530738.1003077,1,local,95,12,989,89,1.0658659934997559,0
135,1520530738.1503148,1,local,96,13,1062,75,1.2512518167495728,0
136,1520530738.200311,1,local,97,13,1061,87,1.2122365236282349,0
137,1520530738.2504036,1,local,98,13,1026,71,1.171311616897583,0
138,1520530738.3003137,1,local,99,13,1026,65,1.4193053245544434,0
139,1520530738.3503158,1,local,100,14,1090,76,1.2878508567810059,0
140,1520530738.4003167,1,local,101,14,1089,87,1.216110348701477,0
141,1520530738.4503186,1,local,102,14,1068,82,1.2807393074035645,0
142,1520530738.5005672,1,local,103,14,1068,80,1.2557636499404907,0
143,1520530738.550568,1,local,104,15,1141,52,1.4202202558517456,0
144,1520530738.6005702,1,local,105,15,1140,92,1.2355843782424927,0
145,1520530738.650571,1,local,106,15,1113,66,1.3738375902175903,0
146,1520530738.700573,1,local,107,15,1111,60,1.2541509866714478,0
147,1520530738.750574,1,local,108,16,1169,39,1.3352570533752441,0
148,1520530738.8005762,1,local,109,16,1165,55,1.2612282037734985,0
149,1520530738.8505769,1,local,110,16,1133,36,1.2370638847351074,0
150,1520530738.9002216,1,local,111,16,1126,29,1.1250088214874268,0
151,1520530738.9502237,1,essential-fallback,112,16,1171,,,0
152,1520530739.0002246,1,local,113,17,1229,42,1.2260774374008179,0
153,1520530739.0502264,1,local,114,17,1219,65,1.1277198791503906,0
154,1520530739.1002276,1,local,115,17,1182,39,1.1854559183120728,0
155,1520530739.1502297,1,local,116,17,1166,36,1.2734899520874023,0
156,1520530739.2002316,1,local,117,18,1240,35,1.1805670261383057,0
157,1520530739.2502327,1,local,118,18,1212,60,1.0503793954849243,0
158,1520530739.3002346,1,local,119,18,1185,58,1.175611138343811,0
159,1520530739.3501186,1,local,120,18,1174,46,1.2203222513198853,0
160,1520530739.4001207,1,local,121,19,1307,35,1.1729013919830322,0
161,1520530739.4501226,1,local,122,19,1300,80,1.0878397226333618,0
162,1520530739.5001237,1,local,123,19,1270,65,1.2015963792800903,0
163,1520530739.5501256,1,local,124,19,1259,49,1.2502717971801758,0
164,1520530739.6001267,1,local,125,20,1323,30,1.342355489730835,0
165,1520530739.6501288,1,local,126,20,1315,47,1.2475372552871704,0
166,1520530739.7001297,1,local,127,20,1263,42,1.283365249633789,0
167,1520530739.750311,1,local,128,20,1251,36,1.0742331743240356,0
168,1520530739.8003132,1,local,129,21,1329,40,1.345068097114563,0
169,1520530739.8504062,1,local,130,21,1325,63,1.1832799911499023,0
170,1520530739.900316,1,local,131,21,1309,76,1.1338437795639038,0
171,1520530739.950318,1,local,132,21,1307,65,1.3628406524658203,0
172,1520530740.000319,1,local,133,22,1326,53,1.37309992313385,0
173,1520530740.0503213,1,local,134,22,1321,55,1.234616994857788,0
174,1520530740.1003222,1,local,135,22,1311,61,1.3282920122146606,0
175,1520530740.1504812,1,local,136,22,1310,53,1.277961015701294,0
176,1520530740.2004833,1,local,137,23,1380,54,1.3329439163208008,0
177,1520530740.2504842,1,local,138,23,1379,65,1.204016089439392,0
178,1520530740.3004863,1,local,139,23,1367,50,1.3083767890930176,0
179,1520530740.3504875,1,local,140,23,1365,59,1.2777162790298462,0
180,1520530740.4004893,1,local,141,24,1430,49,1.2747286558151245,0
181,1520530740.4504902,1,local,142,24,1427,76,1.104442834854126,0
182,1520530740.5004923,1,local,143,24,1405,75,1.3238166570663452,0
183,1520530740.5502782,1,local,144,24,1404,51,1.3359559774398804,0
184,1520530740.60028,1,local,145,24,1403,54,1.3161109685897827,0
185,1520530740.6502821,1,local,146,24,1398,41,1.3225141763687134,0
186,1520530740.7002833,1,local,147,24,1366,39,1.254326343536377,0
187,1520530740.7502851,1,local,148,24,1353,36,1.2848297357559204,0
188,1520530740.800287,1,essential-fallback,149,24,1353,,,0
189,1520530740.8502882,1,local,150,25,1386,32,1.2104936838150024,0
190,1520530740.9002903,1,local,151,25,1345,48,1.2039971351623535,0
191,1520530740.9504318,1,local,152,25,1307,38,1.2944824695587158,0
192,1520530741.0004327,1,local,153,25,1271,32,1.319154977798462,0
193,1520530741.0504346,1,local,154,26,1274,24,1.1246665716171265,0
194,1520530741.1004357,1,local,155,26,1233,29,1.319874882698059,0
195,1520530741.1504378,1,local,156,26,1190,20,1.1718262434005737,0
196,1520530741.2004387,1,local,157,26,1155,21,1.3903131484985352,0
197,1520530741.2504408,1,essential-fallback,158,26,1194,,,0
198,1520530741.3004417,1,local,159,27,1186,32,1.0748181343078613,0
199,1520530741.3506372,1,local,160,27,1169,22,1.271007776260376,0
200,1520530741.4006383,1,local,161,27,1134,27,1.2093709707260132,0
201,1520530741.4507282,1,local,162,27,1119,24,1.3035978078842163,0
202,1520530741.500641,1,local,163,28,1200,30,1.2714992761611938,0
203,1520530741.5506432,1,local,164,28,1166,83,0.9750970602035522,0
204,1520530741.600644,1,local,165,28,1132,76,1.131919026374817,0
205,1520530741.6506462,1,local,166,28,1109,65,1.0882481336593628,0
206,1520530741.7006474,1,local,167,29,1162,58,1.2891066074371338,0
207,1520530741.7506492,1,local,168,29,1142,86,1.1536600589752197,0
208,1520530741.8004642,1,local,169,29,1112,69,1.1166181564331055,0
209,1520530741.8504653,1,local,170,29,1089,65,1.214320182800293,0
210,1520530741.9004674,1,local,171,29,1066,61,1.213608980178833,0
211,1520530741.9504683,1,local,172,30,1136,50,1.2760249376296997,0
212,1520530742.0004704,1,local,173,30,1105,67,1.0928616523742676,0
213,1520530742.0504713,1,local,174,30,1093,65,1.2021610736846924,0
214,1520530742.1004732,1,local,175,30,1086,61,1.2751609086990356,0
215,1520530742.1504753,1,local,176,31,1127,61,1.184134840965271,0
216,1520530742.2003384,1,local,177,31,1116,59,1.2116591930389404,0
217,1520530742.2503402,1,local,178,31,1087,48,1.292389154434204,0
218,1520530742.3003414,1,local,179,31,1080,23,1.2889418601989746,0
219,1520530742.3503432,1,local,180,32,1116,26,1.2553520202636719,0
220,1520530742.400345,1,local,181,32,1110,47,1.2091392278671265,0
221,1520530742.4503462,1,local,182,32,1065,36,1.4335576295852661,0
222,1520530742.5003483,1,local,183,32,1057,30,1.2354551553726196,0
223,1520530742.5503502,1,local,184,33,1104,24,1.3452785015106201,0
224,1520530742.600604,1,local,185,33,1090,51,1.26164710521698,0
225,1520530742.650605,1,local,186,33,1066,32,1.414017915725708,0
226,1520530742.7006068,1,local,187,33,1049,26,1.1711976528167725,0
227,1520530742.750609,1,local,188,34,1098,30,1.2006455659866333,0
228,1520530742.8006098,1,local,189,34,1089,39,1.378928780555725,0
229,1520530742.850612,1,local,190,34,1051,29,1.3510438203811646,0
230,1520530742.900613,1,local,191,34,1046,26,1.1889623403549194,0
231,1520530742.950615,1,essential-fallback,192,34,1078,,,0
232,1520530743.0004368,1,essential-fallback,193,34,1099,,,0
233,1520530743.0505228,1,local,194,35,1145,22,1.3497354984283447,0
234,1520530743.1004395,1,local,195,35,1130,36,1.0562514066696167,0
235,1520530743.150442,1,local,196,35,1050,34,1.1290283203125,0
236,1520530743.2004428,1,local,197,35,1013,21,1.3637185096740723,0
237,1520530743.250445,1,local,198,36,1130,30,1.2717888355255127,0
238,1520530743.3004458,1,local,199,36,1089,81,1.0820587873458862,0
239,1520530743.3504477,1,local,200,36,1056,51,1.1174854040145874,0
240,1520530743.400277,1,essential-fallback,201,36,1056,,,0
241,1520530743.450278,1,local,202,37,1095,28,1.1019378900527954,0
242,1520530743.50028,1,local,203,37,1078,31,1.0060330629348755,0
243,1520530743.550281,1,local,204,37,1051,29,1.2112212181091309,0
244,1520530743.600283,1,local,205,37,996,20,1.2053323984146118,0
245,1520530743.6502838,1,local,206,38,1033,21,1.3039557933807373,0
246,1520530743.7002861,1,local,207,38,1012,50,1.009299635887146,0
247,1520530743.750288,1,local,208,38,958,50,1.1087560653686523,0
248,1520530743.800289,1,local,209,38,922,30,1.0888320207595825,0
249,1520530743.85124,1,local,210,39,993,32,1.3541285991668701,0
250,1520530743.9012408,1,local,211,39,970,62,1.1993823051452637,0
251,1520530743.951243,1,local,212,39,948,52,1.2114732265472412,0
252,1520530744.001244,1,essential-fallback,213,39,948,,,0
253,1520530744.051247,1,essential-fallback,214,39,1057,,,0
254,1520530744.1012478,1,local,215,40,1116,53,1.3014090061187744,0
255,1520530744.151249,1,local,216,40,1093,61,1.344499945640564,0
256,1520530744.2012508,1,local,217,40,1084,62,1.2294197082519531,0
257,1520530744.2512052,1,local,218,40,1034,35,1.3993263244628906,0
258,1520530744.301206,1,local,219,41,1068,36,1.4202549457550049,0
259,1520530744.351208,1,local,220,41,1028,48,1.3528956174850464,0
260,1520530744.401209,1,local,221,41,997,46,1.2834826707839966,0
261,1520530744.45121,1,local,222,41,987,39,1.1515719890594482,0
262,1520530744.501212,1,essential-fallback,223,41,1153,,,0
263,1520530744.5512142,1,local,224,42,1253,86,1.1832945346832275,0
264,1520530744.6012151,1,local,225,42,1243,90,1.1141507625579834,0
265,1520530744.6510444,1,local,226,42,1214,78,1.1754261255264282,0
266,1520530744.7009661,1,local,227,42,1209,64,1.2477567195892334,0
267,1520530744.7509685,1,local,228,43,1391,55,1.2326304912567139,0
268,1520530744.8009694,1,local,229,43,1325,142,1.1490188837051392,0
269,1520530744.8509712,1,local,230,43,1285,124,1.1090786457061768,0
270,1520530744.9009724,1,local,231,43,1274,112,1.1457582712173462,0
271,1520530744.9509742,1,local,232,44,1370,95,1.12680983543396,0
272,1520530745.0009763,1,local,233,44,1364,120,1.079006552696228,0
273,1520530745.0510783,1,local,234,44,1311,94,1.1207151412963867,0
274,1520530745.1010802,1,local,235,44,1295,76,1.1432218551635742,0
275,1520530745.1510813,1,local,236,45,1353,70,1.2373414039611816,0
276,1520530745.2010832,1,local,237,45,1341,69,1.0266050100326538,0
277,1520530745.251084,1,local,238,45,1288,59,1.1184406280517578,0
278,1520530745.3010862,1,local,239,45,1275,34,1.3495861291885376,0
279,1520530745.3510883,1,local,240,46,1299,28,1.1093767881393433,0
280,1520530745.4010892,1,local,241,46,1283,38,1.3054574728012085,0
281,1520530745.4510431,1,local,242,46,1242,24,1.415461540222168,0
282,1520530745.501044,1,essential-fallback,243,46,1242,,,0
283,1520530745.551046,1,local,244,47,1264,20,1.2425906658172607,0
284,1520530745.6010482,1,local,245,47,1241,26,0.9488204717636108,0
285,1520530745.6510491,1,local,246,47,1230,34,1.1318271160125732,0
286,1520530745.7010512,1,local,247,47,1206,30,1.1051900386810303,0
287,1520530745.751053,1,local,248,48,1269,22,1.45889413356781,0
288,1520530745.801054,1,local,249,48,1259,59,0.9945777058601379,0
289,1520530745.850826,1,local,250,48,1240,54,1.0137351751327515,0
290,1520530745.9008284,1,local,251,48,1235,43,1.3167170286178589,0
291,1520530745.9508302,1,local,252,49,1261,48,1.2383568286895752,0
292,1520530746.0008311,1,local,253,49,1246,44,1.2931452989578247,0
293,1520530746.0508332,1,local,254,49,1213,58,1.2634551525115967,0
294,1520530746.1008341,1,local,255,49,1207,59,1.1751654148101807,0
295,1520530746.150839,1,local,256,49,1189,51,1.1392561197280884,0
296,1520530746.2008371,1,local,257,49,1170,34,1.3269908428192139,0
297,1520530746.2509103,1,local,258,49,1133,58,1.1686311960220337,0
298,1520530746.3004873,1,local,259,49,1120,23,1.2764617204666138,0
299,1520530746.3504891,1,local,260,50,1143,29,1.3084955215454102,0
300,1520530746.4004903,1,local,261,50,1134,36,1.1064963340759277,0
301,1520530746.4504921,1,local,262,50,1116,30,1.0941600799560547,0
302,1520530746.5004933,1,local,263,50,1104,39,1.0961318016052246,0
303,1520530746.5504954,1,local,264,51,1112,34,0.9498502016067505,0
304,1520530746.6004972,1,local,265,51,1080,51,1.0127865076065063,0
305,1520530746.6504984,1,local,266,51,1046,55,0.9841415286064148,0
306,1520530746.7005103,1,local,267,51,1033,52,0.9865595102310181,0
307,1520530746.7505114,1,local,268,52,1048,44,1.043826937675476,0
308,1520530746.8005133,1,local,269,52,1037,53,1.1985552310943604,0
309,1520530746.8505142,1,local,270,52,1033,36,1.2025833129882812,0
310,1520530746.9005165,1,local,271,52,1027,56,1.2382208108901978,0
311,1520530746.9505184,1,local,272,53,1054,51,1.3357994556427002,0
312,1520530747.0005193,1,local,273,53,1035,43,1.1407771110534668,0
313,1520530747.0505214,1,local,274,53,1016,41,1.2951604127883911,0
314,1520530747.1006892,1,local,275,53,1005,33,1.3905421495437622,0
315,1520530747.1506915,1,local,276,53,982,27,1.3914107084274292,0
316,1520530747.2006934,1,essential-fallback,277,53,982,,,0
317,1520530747.2506952,1,essential-fallback,278,53,982,,,0
318,1520530747.3006964,1,local,279,53,946,20,1.3078503608703613,0
319,1520530747.3506973,1,essential-fallback,280,53,946,,,0
320,1520530747.4006991,1,essential-fallback,281,53,946,,,0
321,1520530747.4507015,1,essential-fallback,282,53,946,,,0
322,1520530747.5013337,1,essential-fallback,283,53,946,,,0
323,1520530747.5513356,1,essential-fallback,284,53,950,,,0
324,1520530747.6013367,1,essential-fallback,285,53,957,,,0
325,1520530747.6513395,1,essential-fallback,286,53,975,,,0
326,1520530747.7013395,1,local,287,54,985,24,1.3117785453796387,0
327,1520530747.7513416,1,local,288,54,973,30,1.2928996086120605,0
328,1520530747.8013425,1,local,289,54,955,54,1.3274248838424683,0
329,1520530747.8514085,1,local,290,54,941,42,1.242238998413086,0
330,1520530747.9012666,1,local,291,55,954,43,1.3674976825714111,0
331,1520530747.9512687,1,local,292,55,929,36,1.2030280828475952,0
332,1520530748.0012696,1,local,293,55,884,40,1.3189482688903809,0
333,1520530748.0512714,1,local,294,55,876,27,1.2682907581329346,0
334,1520530748.1012726,1,local,295,56,898,26,1.2696346044540405,0
335,1520530748.1512747,1,local,296,56,894,36,1.0559099912643433,0
336,1520530748.2012765,1,local,297,56,870,29,1.3172770738601685,0
337,1520530748.2512777,1,local,298,56,860,34,1.1477952003479004,0
338,1520530748.3007896,1,local,299,57,870,31,1.2721076011657715,0
339,1520530748.3507905,1,local,300,57,852,37,1.0833433866500854,0
340,1520530748.4007924,1,local,301,57,823,30,1.0687040090560913,0
341,1520530748.4507935,1,local,302,57,806,29,1.1586978435516357,0
342,1520530748.5007956,1,local,303,58,846,38,1.2084821462631226,0
343,1520530748.5507975,1,local,304,58,827,54,1.1153216361999512,0
344,1520530748.6007986,1,local,305,58,806,39,1.1186237335205078,0
345,1520530748.6508005,1,local,306,58,791,41,1.1195822954177856,0
346,1520530748.7008016,1,local,307,59,812,38,1.277622938156128,0
347,1520530748.750571,1,local,308,59,797,36,1.1283009052276611,0
348,1520530748.800572,1,local,309,59,772,28,1.1476396322250366,0
349,1520530748.850574,1,local,310,59,769,34,1.0935758352279663,0
350,1520530748.900576,1,local,311,60,777,29,1.1826378107070923,0
351,1520530748.950577,1,local,312,60,768,23,1.2756447792053223,0
352,1520530749.0005789,1,local,313,60,750,21,1.1739498376846313,0
353,1520530749.050581,1,local,314,60,748,20,1.3290138244628906,0
354,1520530749.100585,1,essential-fallback,315,60,748,,,0
355,1520530749.1509225,1,essential-fallback,316,60,748,,,0
356,1520530749.2009237,1,essential-fallback,317,60,748,,,0
357,1520530749.2509246,1,essential-fallback,318,60,748,,,0
358,1520530749.3009264,1,essential-fallback,319,60,748,,,0
359,1520530749.3509278,1,essential-fallback,320,60,748,,,0
360,1520530749.4009297,1,local,321,60,746,22,1.1893560886383057,0
361,1520530749.4509885,1,essential-fallback,322,60,746,,,0
362,1520530749.5009327,1,local,323,60,744,30,1.3957345485687256,0
363,1520530749.5512993,1,local,324,60,736,31,1.2987738847732544,0
364,1520530749.6013002,1,local,325,60,730,31,1.3150386810302734,0
365,1520530749.6513026,1,local,326,60,716,34,1.1836384534835815,0
366,1520530749.7013035,1,essential-fallback,327,60,716,,,0
367,1520530749.7513053,1,local,328,60,697,33,1.088097333908081,0
368,1520530749.8013074,1,local,329,61,699,30,1.2105636596679688,0
369,1520530749.8513083,1,local,330,61,673,36,1.194670557975769,0
370,1520530749.9013102,1,local,331,61,653,32,1.1279014348983765,0
371,1520530749.9509988,1,local,332,61,641,37,1.1659126281738281,0
372,1520530750.001001,1,local,333,62,714,39,1.1596678495407104,0
373,1520530750.051002,1,local,334,62,705,75,1.174061894416809,0
374,1520530750.101004,1,local,335,62,699,79,1.1683446168899536,0
375,1520530750.1510048,1,local,336,62,689,66,1.1907861232757568,0
376,1520530750.201007,1,local,337,63,735,61,1.2026714086532593,0
377,1520530750.2510087,1,local,338,63,734,73,1.1017311811447144,0
378,1520530750.3010101,1,local,339,63,702,61,1.236130952835083,0
379,1520530750.350639,1,local,340,63,700,53,1.1490849256515503,0
380,1520530750.4006412,1,local,341,63,696,39,1.1975433826446533,0
381,1520530750.4506423,1,local,342,63,691,40,1.2515352964401245,0
382,1520530750.5006442,1,local,343,63,666,34,1.107235074043274,0
383,1520530750.550645,1,local,344,63,657,32,1.288341999053955,0
384,1520530750.6006472,1,local,345,64,692,31,1.3260369300842285,0
385,1520530750.650648,1,local,346,64,687,48,1.156254768371582,0
386,1520530750.7006543,1,local,347,64,678,48,1.1757749319076538,0
387,1520530750.7506523,1,local,348,64,669,49,1.2263002395629883,0
388,1520530750.800615,1,local,349,65,757,47,1.2157163619995117,0
389,1520530750.8506172,1,local,350,65,740,84,1.136033535003662,0
390,1520530750.900618,1,local,351,65,728,57,1.190666913986206,0
391,1520530750.950619,1,local,352,65,726,50,1.2345868349075317,0
392,1520530751.000621,1,local,353,66,746,47,1.2098603248596191,0
393,1520530751.0506692,1,local,354,66,741,35,1.0458427667617798,0
394,1520530751.100624,1,local,355,66,689,46,1.153610110282898,0
395,1520530751.1506262,1,local,356,66,682,30,1.2782624959945679,0
396,1520530751.20126,1,local,357,66,673,24,1.2055617570877075,0
397,1520530751.251262,1,local,358,66,668,25,1.238712191581726,0
398,1520530751.3012629,1,essential-fallback,359,66,668,,,0
399,1520530751.3512652,1,essential-fallback,360,66,668,,,0
400,1520530751.401267,1,essential-fallback,361,66,668,,,0
401,1520530751.4512682,1,essential-fallback,362,66,668,,,0
402,1520530751.50127,1,essential-fallback,363,66,668,,,0
403,1520530751.551271,1,essential-fallback,364,66,668,,,0
404,1520530751.6017084,1,essential-fallback,365,66,668,,,0
405,1520530751.6517093,1,essential-fallback,366,66,668,,,0
406,1520530751.7017112,1,essential-fallback,367,66,668,,,0
407,1520530751.7517123,1,essential-fallback,368,66,668,,,1
408,1520530751.8017142,1,tracking-lost-essential-fallback,369,66,668,136,,1
409,1520530751.8517163,1,tracking-lost-essential-fallback,370,66,668,103,,1
410,1520530751.9017174,1,tracking-lost-essential-fallback,371,66,668,72,,1
411,1520530751.9517193,1,tracking-lost-essential-fallback,372,66,668,47,,1
412,1520530752.0010962,1,lost-local-relocal,373,66,650,57,1.1750857830047607,0
413,1520530752.0510972,1,recovery-local,374,66,650,63,1.2168307304382324,0
414,1520530752.1010993,1,recovery-local,375,66,650,52,1.1857590675354004,0
415,1520530752.1511014,1,recovery-local,376,66,650,34,1.3380807638168335,0
416,1520530752.2011023,1,recovery-local,377,66,650,46,1.3278565406799316,0
417,1520530752.2511034,1,recovery-local,378,66,650,49,1.2730861902236938,0
418,1520530752.3011053,1,local,379,66,650,60,1.3139662742614746,0
419,1520530752.3511071,1,local,380,66,650,50,1.3492563962936401,0
420,1520530752.4012294,1,local,381,66,650,38,1.2948250770568848,0
421,1520530752.4512315,1,local,382,67,677,36,1.301958680152893,0
422,1520530752.5012336,1,local,383,67,677,39,1.174006700515747,0
423,1520530752.5512335,1,local,384,67,674,36,1.263856291770935,0
424,1520530752.6012356,1,local,385,67,671,22,1.332040548324585,0
425,1520530752.6512735,1,essential-fallback,386,67,671,,,0
426,1520530752.7012386,1,essential-fallback,387,67,671,,,0
427,1520530752.7512405,1,essential-fallback,388,67,671,,,0
428,1520530752.8018985,1,essential-fallback,389,67,671,,,0
429,1520530752.8519006,1,essential-fallback,390,67,671,,,0
430,1520530752.9019017,1,essential-fallback,391,67,671,,,0
431,1520530752.9519036,1,essential-fallback,392,67,671,,,0
432,1520530753.0019054,1,essential-fallback,393,67,671,,,0
433,1520530753.0519066,1,essential-fallback,394,67,671,,,0
434,1520530753.1019087,1,essential-fallback,395,67,671,,,1
435,1520530753.1519096,1,tracking-lost-essential-fallback,396,67,671,103,,1
436,1520530753.2019117,1,tracking-lost-essential-fallback,397,67,671,86,,1
437,1520530753.2515535,1,tracking-lost-const-vel,398,67,671,,,1
438,1520530753.3015559,1,tracking-lost-essential-fallback,399,67,671,67,,1
439,1520530753.3515568,1,tracking-lost-const-vel,400,67,671,,,1
440,1520530753.4015586,1,tracking-lost-essential-fallback,401,67,671,98,,1
441,1520530753.4515607,1,tracking-lost-essential-fallback,402,67,671,85,,1
442,1520530753.5015616,1,tracking-lost-essential-fallback,403,67,671,65,,1
443,1520530753.5515635,1,tracking-lost-essential-fallback,404,67,671,47,,1
444,1520530753.6015658,1,tracking-lost-essential-fallback,405,67,671,52,,1
445,1520530753.6510355,1,lost-local-relocal,406,67,671,50,1.1428300142288208,0
446,1520530753.7010374,1,recovery-local,407,67,671,45,1.2588773965835571,0
447,1520530753.7510395,1,recovery-local,408,67,659,42,1.2130907773971558,0
448,1520530753.8010404,1,recovery-local,409,67,659,40,1.3560574054718018,0
449,1520530753.8510416,1,recovery-local,410,67,659,35,1.3309822082519531,0
450,1520530753.9010437,1,recovery-local,411,68,699,38,1.3311084508895874,0
451,1520530753.9510455,1,local,412,68,699,72,1.224571704864502,0
452,1520530754.0010467,1,local,413,68,699,59,1.2093394994735718,0
453,1520530754.0517654,1,local,414,68,699,67,1.2193230390548706,0
454,1520530754.1017673,1,local,415,69,878,65,1.1542998552322388,0
455,1520530754.1517682,1,local,416,69,876,152,1.0838738679885864,0
456,1520530754.2017703,1,local,417,69,871,149,1.0210024118423462,0
457,1520530754.2517974,1,local,418,69,861,149,1.10002863407135,0
458,1520530754.3017733,1,local,419,69,857,145,1.0597232580184937,0
459,1520530754.3517754,1,local,420,69,853,122,1.260023832321167,0
460,1520530754.4017763,1,local,421,69,825,108,1.342827558517456,0
461,1520530754.4517205,1,local,422,69,821,113,1.0997062921524048,0
462,1520530754.5017214,1,local,423,69,820,107,1.2497438192367554,0
463,1520530754.5517232,1,local,424,69,819,111,1.244857907295227,0
464,1520530754.6017256,1,local,425,69,815,105,1.2635784149169922,0
465,1520530754.6517265,1,local,426,69,809,100,1.3103057146072388,0
466,1520530754.7017283,1,local,427,70,946,85,1.162543535232544,0
467,1520530754.7517295,1,local,428,70,940,151,1.1764404773712158,0
468,1520530754.8017313,1,local,429,70,913,115,1.1741453409194946,0
469,1520530754.8516989,1,local,430,70,891,97,1.240203619003296,0
470,1520530754.901701,1,local,431,71,993,122,1.1649454832077026,0
471,1520530754.9517019,1,local,432,71,968,158,1.1864029169082642,0
472,1520530755.0017037,1,local,433,71,917,121,1.215969443321228,0
473,1520530755.0517058,1,local,434,71,897,119,1.1923152208328247,0
474,1520530755.1017067,1,local,435,72,940,81,1.2421847581863403,0
475,1520530755.1517088,1,local,436,72,931,82,1.2279963493347168,0
476,1520530755.201711,1,local,437,72,892,52,1.2787704467773438,0
477,1520530755.2515914,1,local,438,72,888,40,1.2524690628051758,0
478,1520530755.3015924,1,local,439,73,934,23,1.1735860109329224,0
479,1520530755.3515933,1,local,440,73,931,31,1.2474013566970825,0
480,1520530755.4015956,1,local,441,73,908,24,1.1287809610366821,0
481,1520530755.4515965,1,essential-fallback,442,73,908,,,0
482,1520530755.5015986,1,essential-fallback,443,73,941,,,0
483,1520530755.5515995,1,essential-fallback,444,73,963,,,0
484,1520530755.6016014,1,local,445,74,973,23,1.0920964479446411,0
485,1520530755.6516025,1,essential-fallback,446,74,973,,,0
486,1520530755.7012465,1,essential-fallback,447,74,973,,,0
487,1520530755.7512476,1,essential-fallback,448,74,973,,,0
488,1520530755.8012497,1,essential-fallback,449,74,1013,,,0
489,1520530755.8512666,1,essential-fallback,450,74,1040,,,0
490,1520530755.9012527,1,local,451,75,1040,25,1.1894086599349976,0
491,1520530755.9512546,1,local,452,75,1023,20,1.2150152921676636,0
492,1520530756.0012555,1,essential-fallback,453,75,1023,,,0
493,1520530756.0512576,1,essential-fallback,454,75,1023,,,0
494,1520530756.1012392,1,essential-fallback,455,75,1047,,,0
495,1520530756.1512413,1,essential-fallback,456,75,1065,,,0
496,1520530756.2012432,1,essential-fallback,457,75,1065,,,0
497,1520530756.251244,1,essential-fallback,458,75,1065,,,0
498,1520530756.3012464,1,essential-fallback,459,75,1065,,,0
499,1520530756.3512473,1,essential-fallback,460,75,1065,,,0
500,1520530756.4012492,1,essential-fallback,461,75,1065,,,0
501,1520530756.4512503,1,essential-fallback,462,75,1065,,,1
502,1520530756.5013747,1,tracking-lost-essential-fallback,463,75,1065,82,,1
503,1520530756.551377,1,tracking-lost-essential-fallback,464,75,1065,88,,1
504,1520530756.601378,1,tracking-lost-essential-fallback,465,75,1065,77,,1
505,1520530756.6513798,1,tracking-lost-essential-fallback,466,75,1065,86,,1
506,1520530756.701381,1,tracking-lost-essential-fallback,467,75,1065,65,,1
507,1520530756.7513828,1,tracking-lost-essential-fallback,468,75,1065,90,,1
508,1520530756.801384,1,tracking-lost-essential-fallback,469,75,1065,72,,1
509,1520530756.8513858,1,tracking-lost-essential-fallback,470,75,1065,84,,1
510,1520530756.9015243,1,tracking-lost-essential-fallback,471,75,1065,81,,1
511,1520530756.9515262,1,tracking-lost-essential-fallback,472,75,1065,59,,1
512,1520530757.001527,1,tracking-lost-essential-fallback,473,75,1065,66,,1
513,1520530757.0515294,1,tracking-lost-essential-fallback,474,75,1065,46,,1
514,1520530757.1015303,1,tracking-lost-essential-fallback,475,75,1065,60,,1
515,1520530757.1515312,1,tracking-lost-essential-fallback,476,75,1065,55,,1
516,1520530757.2015333,1,tracking-lost-essential-fallback,477,75,1065,48,,1
517,1520530757.2515342,1,tracking-lost-essential-fallback,478,75,1065,102,,1
518,1520530757.3013003,1,tracking-lost-const-vel,479,75,1065,,,1
519,1520530757.3513014,1,tracking-lost-essential-fallback,480,75,1065,57,,1
520,1520530757.4013033,1,tracking-lost-essential-fallback,481,75,1065,60,,1
521,1520530757.4513113,1,tracking-lost-essential-fallback,482,75,1065,48,,1
522,1520530757.5013065,1,tracking-lost-essential-fallback,483,75,1065,73,,1
523,1520530757.5513084,1,tracking-lost-essential-fallback,484,75,1065,56,,1
524,1520530757.6013093,1,tracking-lost-essential-fallback,485,75,1065,43,,1
525,1520530757.6513114,1,tracking-lost-essential-fallback,486,75,1065,60,,1
526,1520530757.7013123,1,tracking-lost-essential-fallback,487,75,1065,40,,1
527,1520530757.7510276,1,tracking-lost-essential-fallback,488,75,1065,63,,1
528,1520530757.8010294,1,tracking-lost-essential-fallback,489,75,1065,75,,1
529,1520530757.8510303,1,tracking-lost-essential-fallback,490,75,1065,61,,1
530,1520530757.9010324,1,tracking-lost-essential-fallback,491,75,1065,57,,1
531,1520530757.9510334,1,tracking-lost-essential-fallback,492,75,1065,46,,1
532,1520530758.0010355,1,tracking-lost-const-vel,493,75,1065,,,1
533,1520530758.0510366,1,tracking-lost-essential-fallback,494,75,1065,44,,1
534,1520530758.1010385,1,tracking-lost-essential-fallback,495,75,1065,58,,1
535,1520530758.1511445,1,tracking-lost-const-vel,496,75,1065,,,1
536,1520530758.2011464,1,tracking-lost-essential-fallback,497,75,1065,43,,1
537,1520530758.2511485,1,tracking-lost-essential-fallback,498,75,1065,49,,1
538,1520530758.3011496,1,tracking-lost-essential-fallback,499,75,1065,58,,1
539,1520530758.3511515,1,tracking-lost-essential-fallback,500,75,1065,75,,1
540,1520530758.4011536,1,tracking-lost-essential-fallback,501,75,1065,74,,1
541,1520530758.4511545,1,tracking-lost-essential-fallback,502,75,1065,81,,1
542,1520530758.5011563,1,tracking-lost-essential-fallback,503,75,1065,82,,1
543,1520530758.5515866,1,tracking-lost-essential-fallback,504,75,1065,111,,1
544,1520530758.6015887,1,tracking-lost-essential-fallback,505,75,1065,175,,1
545,1520530758.6515896,1,tracking-lost-essential-fallback,506,75,1065,142,,1
546,1520530758.7015917,1,tracking-lost-essential-fallback,507,75,1065,244,,1
547,1520530758.7515929,1,tracking-lost-essential-fallback,508,75,1065,198,,1
548,1520530758.8015947,1,tracking-lost-essential-fallback,509,75,1065,197,,1
549,1520530758.8515968,1,tracking-lost-essential-fallback,510,75,1065,195,,1
550,1520530758.9015977,1,tracking-lost-essential-fallback,511,75,1065,237,,1
551,1520530758.9514883,1,tracking-lost-essential-fallback,512,75,1065,103,,1
552,1520530759.0014892,1,tracking-lost-essential-fallback,513,75,1065,195,,1
553,1520530759.0514915,1,tracking-lost-essential-fallback,514,75,1065,140,,1
554,1520530759.1014924,1,tracking-lost-essential-fallback,515,75,1065,112,,1
555,1520530759.1514943,1,tracking-lost-essential-fallback,516,75,1065,120,,1
556,1520530759.2014954,1,tracking-lost-essential-fallback,517,75,1065,166,,1
557,1520530759.2514973,1,tracking-lost-essential-fallback,518,75,1065,129,,1
558,1520530759.3014982,1,tracking-lost-essential-fallback,519,75,1065,148,,1
559,1520530759.3516645,1,tracking-lost-essential-fallback,520,75,1065,105,,1
560,1520530759.4016664,1,tracking-lost-essential-fallback,521,75,1065,149,,1
561,1520530759.4516675,1,tracking-lost-essential-fallback,522,75,1065,216,,1
562,1520530759.5016694,1,tracking-lost-essential-fallback,523,75,1065,162,,1
563,1520530759.5516703,1,tracking-lost-essential-fallback,524,75,1065,170,,1
564,1520530759.6016726,1,tracking-lost-essential-fallback,525,75,1065,213,,1
565,1520530759.6516736,1,tracking-lost-essential-fallback,526,75,1065,154,,1
566,1520530759.7016754,1,tracking-lost-essential-fallback,527,75,1065,192,,1
567,1520530759.7516022,1,tracking-lost-essential-fallback,528,75,1065,215,,1
568,1520530759.8016045,1,tracking-lost-essential-fallback,529,75,1065,171,,1
569,1520530759.8516064,1,tracking-lost-essential-fallback,530,75,1065,180,,1
570,1520530759.9016073,1,tracking-lost-essential-fallback,531,75,1065,187,,1
571,1520530759.9516094,1,tracking-lost-essential-fallback,532,75,1065,188,,1
572,1520530760.0016103,1,tracking-lost-essential-fallback,533,75,1065,216,,1
573,1520530760.0516121,1,tracking-lost-essential-fallback,534,75,1065,233,,1
574,1520530760.1016135,1,tracking-lost-essential-fallback,535,75,1065,281,,1
575,1520530760.1516163,1,tracking-lost-essential-fallback,536,75,1065,262,,1
576,1520530760.2015352,1,tracking-lost-essential-fallback,537,75,1065,240,,1
577,1520530760.2515373,1,tracking-lost-essential-fallback,538,75,1065,236,,1
578,1520530760.3015382,1,tracking-lost-essential-fallback,539,75,1065,200,,1
579,1520530760.3515394,1,tracking-lost-essential-fallback,540,75,1065,217,,1
580,1520530760.4015412,1,tracking-lost-essential-fallback,541,75,1065,155,,1
581,1520530760.451543,1,tracking-lost-essential-fallback,542,75,1065,194,,1
582,1520530760.5015442,1,tracking-lost-essential-fallback,543,75,1065,174,,1
583,1520530760.551546,1,tracking-lost-essential-fallback,544,75,1065,262,,1
584,1520530760.6014895,1,tracking-lost-essential-fallback,545,75,1065,176,,1
585,1520530760.6514916,1,tracking-lost-essential-fallback,546,75,1065,165,,1
586,1520530760.7014925,1,tracking-lost-essential-fallback,547,75,1065,178,,1
587,1520530760.7514944,1,tracking-lost-essential-fallback,548,75,1065,205,,1
588,1520530760.8014956,1,tracking-lost-essential-fallback,549,75,1065,183,,1
589,1520530760.8514977,1,tracking-lost-essential-fallback,550,75,1065,159,,1
590,1520530760.9014986,1,tracking-lost-essential-fallback,551,75,1065,156,,1
591,1520530760.9515007,1,tracking-lost-essential-fallback,552,75,1065,184,,1
592,1520530761.0013769,1,tracking-lost-essential-fallback,553,75,1065,189,,1
593,1520530761.051378,1,tracking-lost-essential-fallback,554,75,1065,189,,1
594,1520530761.1013799,1,tracking-lost-essential-fallback,555,75,1065,162,,1
595,1520530761.151381,1,tracking-lost-essential-fallback,556,75,1065,162,,1
596,1520530761.201383,1,tracking-lost-essential-fallback,557,75,1065,113,,1
597,1520530761.251384,1,tracking-lost-essential-fallback,558,75,1065,105,,1
598,1520530761.301386,1,tracking-lost-essential-fallback,559,75,1065,149,,1
599,1520530761.351387,1,tracking-lost-essential-fallback,560,75,1065,143,,1
600,1520530761.4012496,1,tracking-lost-essential-fallback,561,75,1065,181,,1
601,1520530761.4512515,1,tracking-lost-essential-fallback,562,75,1065,168,,1
602,1520530761.5012527,1,tracking-lost-essential-fallback,563,75,1065,80,,1
603,1520530761.5512545,1,tracking-lost-essential-fallback,564,75,1065,216,,1
604,1520530761.6012566,1,tracking-lost-essential-fallback,565,75,1065,69,,1
605,1520530761.6512587,1,tracking-lost-essential-fallback,566,75,1065,82,,1
606,1520530761.7012596,1,tracking-lost-essential-fallback,567,75,1065,73,,1
607,1520530761.7512617,1,tracking-lost-essential-fallback,568,75,1065,67,,1
608,1520530761.8011296,1,tracking-lost-essential-fallback,569,75,1065,46,,1
609,1520530761.8511305,1,tracking-lost-essential-fallback,570,75,1065,49,,1
610,1520530761.9011338,1,tracking-lost-essential-fallback,571,75,1065,128,,1
611,1520530761.9511335,1,tracking-lost-essential-fallback,572,75,1065,107,,1
612,1520530762.0011353,1,tracking-lost-essential-fallback,573,75,1065,144,,1
613,1520530762.0511365,1,tracking-lost-essential-fallback,574,75,1065,69,,1
614,1520530762.1011386,1,tracking-lost-essential-fallback,575,75,1065,116,,1
615,1520530762.1511405,1,tracking-lost-essential-fallback,576,75,1065,172,,1
616,1520530762.201314,1,tracking-lost-essential-fallback,577,75,1065,123,,1
617,1520530762.251319,1,tracking-lost-essential-fallback,578,75,1065,146,,1
618,1520530762.301317,1,tracking-lost-essential-fallback,579,75,1065,100,,1
619,1520530762.3513188,1,tracking-lost-essential-fallback,580,75,1065,117,,1
620,1520530762.4013197,1,tracking-lost-essential-fallback,581,75,1065,102,,1
621,1520530762.4513218,1,tracking-lost-essential-fallback,582,75,1065,114,,1
622,1520530762.5013227,1,tracking-lost-essential-fallback,583,75,1065,152,,1
623,1520530762.5513248,1,tracking-lost-essential-fallback,584,75,1065,125,,1
624,1520530762.601327,1,tracking-lost-essential-fallback,585,75,1065,159,,1
625,1520530762.6515312,1,tracking-lost-essential-fallback,586,75,1065,135,,1
626,1520530762.701533,1,tracking-lost-essential-fallback,587,75,1065,122,,1
627,1520530762.7515342,1,tracking-lost-essential-fallback,588,75,1065,137,,1
628,1520530762.801536,1,tracking-lost-essential-fallback,589,75,1065,122,,1
629,1520530762.851537,1,tracking-lost-essential-fallback,590,75,1065,122,,1
630,1520530762.901539,1,tracking-lost-essential-fallback,591,75,1065,129,,1
631,1520530762.95154,1,tracking-lost-essential-fallback,592,75,1065,169,,1
632,1520530763.001542,1,tracking-lost-essential-fallback,593,75,1065,96,,1
633,1520530763.0515592,1,tracking-lost-essential-fallback,594,75,1065,144,,1
634,1520530763.10156,1,tracking-lost-essential-fallback,595,75,1065,104,,1
635,1520530763.151562,1,tracking-lost-essential-fallback,596,75,1065,142,,1
636,1520530763.2015643,1,tracking-lost-essential-fallback,597,75,1065,120,,1
637,1520530763.2515652,1,tracking-lost-essential-fallback,598,75,1065,175,,1
638,1520530763.301567,1,tracking-lost-essential-fallback,599,75,1065,189,,1
639,1520530763.3515682,1,tracking-lost-essential-fallback,600,75,1065,169,,1
640,1520530763.40157,1,tracking-lost-essential-fallback,601,75,1065,153,,1
641,1520530763.4515615,1,tracking-lost-essential-fallback,602,75,1065,153,,1
642,1520530763.5015624,1,tracking-lost-essential-fallback,603,75,1065,162,,1
643,1520530763.5515647,1,tracking-lost-essential-fallback,604,75,1065,189,,1
644,1520530763.6015656,1,tracking-lost-essential-fallback,605,75,1065,196,,1
645,1520530763.6515665,1,tracking-lost-essential-fallback,606,75,1065,143,,1
646,1520530763.7015696,1,tracking-lost-essential-fallback,607,75,1065,188,,1
647,1520530763.7515705,1,tracking-lost-essential-fallback,608,75,1065,210,,1
648,1520530763.8015714,1,tracking-lost-essential-fallback,609,75,1065,203,,1
649,1520530763.8514526,1,tracking-lost-essential-fallback,610,75,1065,167,,1
650,1520530763.9014535,1,tracking-lost-essential-fallback,611,75,1065,115,,1
651,1520530763.9514554,1,tracking-lost-essential-fallback,612,75,1065,132,,1
652,1520530764.0014565,1,tracking-lost-essential-fallback,613,75,1065,166,,1
653,1520530764.0514584,1,tracking-lost-essential-fallback,614,75,1065,180,,1
654,1520530764.1014593,1,tracking-lost-essential-fallback,615,75,1065,181,,1
655,1520530764.1514614,1,tracking-lost-essential-fallback,616,75,1065,220,,1
656,1520530764.2014635,1,tracking-lost-essential-fallback,617,75,1065,191,,1
657,1520530764.2514815,1,tracking-lost-essential-fallback,618,75,1065,171,,1
658,1520530764.3014834,1,tracking-lost-essential-fallback,619,75,1065,150,,1
659,1520530764.3514843,1,tracking-lost-essential-fallback,620,75,1065,172,,1
660,1520530764.4014864,1,tracking-lost-essential-fallback,621,75,1065,182,,1
661,1520530764.4514873,1,tracking-lost-essential-fallback,622,75,1065,133,,1
662,1520530764.5014892,1,tracking-lost-essential-fallback,623,75,1065,144,,1
663,1520530764.5514903,1,tracking-lost-essential-fallback,624,75,1065,209,,1
664,1520530764.6014924,1,tracking-lost-essential-fallback,625,75,1065,180,,1
665,1520530764.6514943,1,tracking-lost-essential-fallback,626,75,1065,173,,1
666,1520530764.7017155,1,tracking-lost-essential-fallback,627,75,1065,85,,1
667,1520530764.7517176,1,tracking-lost-essential-fallback,628,75,1065,119,,1
668,1520530764.8017194,1,tracking-lost-essential-fallback,629,75,1065,41,,1
669,1520530764.8517206,1,tracking-lost-essential-fallback,630,75,1065,95,,1
670,1520530764.9017215,1,tracking-lost-essential-fallback,631,75,1065,55,,1
671,1520530764.9517243,1,tracking-lost-const-vel,632,75,1065,,,1
672,1520530765.0017254,1,tracking-lost-essential-fallback,633,75,1065,90,,1
673,1520530765.0517275,1,tracking-lost-essential-fallback,634,75,1065,91,,1
674,1520530765.1017635,1,tracking-lost-essential-fallback,635,75,1065,80,,1
675,1520530765.1517653,1,tracking-lost-essential-fallback,636,75,1065,67,,1
676,1520530765.2017663,1,tracking-lost-essential-fallback,637,75,1065,56,,1
677,1520530765.2517674,1,tracking-lost-essential-fallback,638,75,1065,52,,1
678,1520530765.3017714,1,tracking-lost-essential-fallback,639,75,1065,56,,1
679,1520530765.351771,1,tracking-lost-const-vel,640,75,1065,,,1
680,1520530765.4017725,1,tracking-lost-essential-fallback,641,75,1065,96,,1
681,1520530765.4517744,1,tracking-lost-essential-fallback,642,75,1065,77,,1
682,1520530765.5016677,1,tracking-lost-essential-fallback,643,75,1065,86,,1
683,1520530765.5515656,1,tracking-lost-essential-fallback,644,75,1065,60,,1
684,1520530765.6015666,1,tracking-lost-essential-fallback,645,75,1065,72,,1
685,1520530765.6515687,1,tracking-lost-essential-fallback,646,75,1065,64,,1
686,1520530765.7015696,1,tracking-lost-essential-fallback,647,75,1065,73,,1
687,1520530765.7515717,1,tracking-lost-essential-fallback,648,75,1065,79,,1
688,1520530765.8015738,1,tracking-lost-essential-fallback,649,75,1065,53,,1
689,1520530765.8515747,1,tracking-lost-essential-fallback,650,75,1065,62,,1
690,1520530765.9013457,1,tracking-lost-const-vel,651,75,1065,,,1
691,1520530765.9513466,1,tracking-lost-essential-fallback,652,75,1065,65,,1
692,1520530766.0013487,1,tracking-lost-const-vel,653,75,1065,,,1
693,1520530766.0513496,1,tracking-lost-const-vel,654,75,1065,,,1
694,1520530766.1013515,1,tracking-lost-const-vel,655,75,1065,,,1
695,1520530766.1513526,1,tracking-lost-const-vel,656,75,1065,,,1
696,1520530766.2013545,1,tracking-lost-essential-fallback,657,75,1065,57,,1
697,1520530766.2513566,1,tracking-lost-essential-fallback,658,75,1065,55,,1
698,1520530766.3013716,1,tracking-lost-essential-fallback,659,75,1065,68,,1
699,1520530766.3513737,1,tracking-lost-essential-fallback,660,75,1065,75,,1
700,1520530766.4013755,1,tracking-lost-essential-fallback,661,75,1065,47,,1
701,1520530766.4513764,1,tracking-lost-essential-fallback,662,75,1065,44,,1
702,1520530766.5013785,1,tracking-lost-essential-fallback,663,75,1065,130,,1
703,1520530766.5513794,1,tracking-lost-essential-fallback,664,75,1065,77,,1
704,1520530766.6013815,1,tracking-lost-essential-fallback,665,75,1065,139,,1
705,1520530766.6513827,1,tracking-lost-essential-fallback,666,75,1065,98,,1
706,1520530766.701834,1,tracking-lost-essential-fallback,667,75,1065,106,,1
707,1520530766.751836,1,tracking-lost-essential-fallback,668,75,1065,141,,1
708,1520530766.8018372,1,tracking-lost-essential-fallback,669,75,1065,132,,1
709,1520530766.851839,1,tracking-lost-essential-fallback,670,75,1065,198,,1
710,1520530766.901841,1,tracking-lost-essential-fallback,671,75,1065,199,,1
711,1520530766.951842,1,tracking-lost-essential-fallback,672,75,1065,143,,1
712,1520530767.001843,1,tracking-lost-essential-fallback,673,75,1065,172,,1
713,1520530767.051845,1,tracking-lost-essential-fallback,674,75,1065,114,,1
714,1520530767.101938,1,tracking-lost-essential-fallback,675,75,1065,66,,1
715,1520530767.1518786,1,tracking-lost-essential-fallback,676,75,1065,183,,1
716,1520530767.2018795,1,tracking-lost-essential-fallback,677,75,1065,120,,1
717,1520530767.2518816,1,tracking-lost-essential-fallback,678,75,1065,147,,1
718,1520530767.3018825,1,tracking-lost-essential-fallback,679,75,1065,103,,1
719,1520530767.3518844,1,tracking-lost-essential-fallback,680,75,1065,126,,1
720,1520530767.4018865,1,tracking-lost-essential-fallback,681,75,1065,134,,1
721,1520530767.4518874,1,tracking-lost-essential-fallback,682,75,1065,149,,1
722,1520530767.5018897,1,tracking-lost-essential-fallback,683,75,1065,146,,1
723,1520530767.5518572,1,tracking-lost-essential-fallback,684,75,1065,181,,1
724,1520530767.6018593,1,tracking-lost-essential-fallback,685,75,1065,159,,1
725,1520530767.6518602,1,tracking-lost-essential-fallback,686,75,1065,126,,1
726,1520530767.7018623,1,tracking-lost-essential-fallback,687,75,1065,147,,1
727,1520530767.7518635,1,tracking-lost-essential-fallback,688,75,1065,173,,1
728,1520530767.8018653,1,tracking-lost-essential-fallback,689,75,1065,198,,1
729,1520530767.8518672,1,tracking-lost-essential-fallback,690,75,1065,214,,1
730,1520530767.9018693,1,tracking-lost-essential-fallback,691,75,1065,97,,1
731,1520530767.9519355,1,tracking-lost-essential-fallback,692,75,1065,123,,1
732,1520530768.0019367,1,tracking-lost-essential-fallback,693,75,1065,147,,1
733,1520530768.0519397,1,tracking-lost-essential-fallback,694,75,1065,128,,1
734,1520530768.1019406,1,tracking-lost-essential-fallback,695,75,1065,168,,1
735,1520530768.1519418,1,tracking-lost-essential-fallback,696,75,1065,190,,1
736,1520530768.2019436,1,tracking-lost-essential-fallback,697,75,1065,144,,1
737,1520530768.2519445,1,tracking-lost-essential-fallback,698,75,1065,219,,1
738,1520530768.3019466,1,tracking-lost-essential-fallback,699,75,1065,142,,1
739,1520530768.351886,1,tracking-lost-essential-fallback,700,75,1065,151,,1
740,1520530768.4018867,1,tracking-lost-essential-fallback,701,75,1065,248,,1
741,1520530768.4518888,1,tracking-lost-essential-fallback,702,75,1065,170,,1
742,1520530768.50189,1,tracking-lost-essential-fallback,703,75,1065,176,,1
743,1520530768.5518918,1,tracking-lost-essential-fallback,704,75,1065,118,,1
744,1520530768.601893,1,tracking-lost-essential-fallback,705,75,1065,148,,1
745,1520530768.6518948,1,tracking-lost-essential-fallback,706,75,1065,171,,1
746,1520530768.701977,1,tracking-lost-essential-fallback,707,75,1065,181,,1
747,1520530768.7518106,1,tracking-lost-essential-fallback,708,75,1065,152,,1
748,1520530768.8018117,1,tracking-lost-essential-fallback,709,75,1065,193,,1
749,1520530768.8518138,1,tracking-lost-essential-fallback,710,75,1065,195,,1
750,1520530768.9018147,1,tracking-lost-essential-fallback,711,75,1065,202,,1
751,1520530768.9518168,1,tracking-lost-essential-fallback,712,75,1065,207,,1
752,1520530769.0018187,1,tracking-lost-essential-fallback,713,75,1065,185,,1
753,1520530769.0518196,1,tracking-lost-essential-fallback,714,75,1065,154,,1
754,1520530769.101822,1,tracking-lost-essential-fallback,715,75,1065,179,,1
755,1520530769.1518228,1,tracking-lost-essential-fallback,716,75,1065,178,,1
756,1520530769.2018704,1,tracking-lost-essential-fallback,717,75,1065,153,,1
757,1520530769.2518713,1,tracking-lost-essential-fallback,718,75,1065,156,,1
758,1520530769.3018732,1,tracking-lost-essential-fallback,719,75,1065,146,,1
759,1520530769.3518753,1,tracking-lost-essential-fallback,720,75,1065,184,,1
760,1520530769.4018762,1,tracking-lost-essential-fallback,721,75,1065,148,,1
761,1520530769.4518785,1,tracking-lost-essential-fallback,722,75,1065,170,,1
762,1520530769.5018795,1,tracking-lost-essential-fallback,723,75,1065,187,,1
763,1520530769.5518813,1,tracking-lost-essential-fallback,724,75,1065,165,,1
764,1520530769.6018498,1,tracking-lost-essential-fallback,725,75,1065,210,,1
765,1520530769.6518517,1,tracking-lost-essential-fallback,726,75,1065,242,,1
766,1520530769.7018538,1,tracking-lost-essential-fallback,727,75,1065,169,,1
767,1520530769.7518547,1,tracking-lost-essential-fallback,728,75,1065,202,,1
768,1520530769.8018568,1,tracking-lost-essential-fallback,729,75,1065,186,,1
769,1520530769.8518589,1,tracking-lost-essential-fallback,730,75,1065,227,,1
770,1520530769.9018598,1,tracking-lost-essential-fallback,731,75,1065,231,,1
771,1520530769.9518619,1,tracking-lost-essential-fallback,732,75,1065,190,,1
772,1520530770.0016608,1,tracking-lost-essential-fallback,733,75,1065,162,,1
773,1520530770.0516617,1,tracking-lost-essential-fallback,734,75,1065,133,,1
774,1520530770.1016636,1,tracking-lost-essential-fallback,735,75,1065,140,,1
775,1520530770.1516657,1,tracking-lost-essential-fallback,736,75,1065,175,,1
776,1520530770.2016678,1,tracking-lost-essential-fallback,737,75,1065,180,,1
777,1520530770.2516687,1,tracking-lost-essential-fallback,738,75,1065,136,,1
778,1520530770.3017368,1,tracking-lost-essential-fallback,739,75,1065,132,,1
779,1520530770.3516717,1,tracking-lost-essential-fallback,740,75,1065,89,,1
780,1520530770.401532,1,tracking-lost-essential-fallback,741,75,1065,130,,1
781,1520530770.451534,1,tracking-lost-essential-fallback,742,75,1065,94,,1
782,1520530770.5015352,1,tracking-lost-essential-fallback,743,75,1065,107,,1
783,1520530770.551537,1,tracking-lost-essential-fallback,744,75,1065,93,,1
784,1520530770.601539,1,tracking-lost-essential-fallback,745,75,1065,78,,1
785,1520530770.65154,1,tracking-lost-essential-fallback,746,75,1065,65,,1
786,1520530770.701542,1,tracking-lost-essential-fallback,747,75,1065,58,,1
787,1520530770.7515428,1,tracking-lost-essential-fallback,748,75,1065,196,,1
788,1520530770.8016117,1,tracking-lost-essential-fallback,749,75,1065,87,,1
789,1520530770.8516126,1,tracking-lost-essential-fallback,750,75,1065,133,,1
790,1520530770.9016147,1,tracking-lost-essential-fallback,751,75,1065,175,,1
791,1520530770.9516165,1,tracking-lost-essential-fallback,752,75,1065,175,,1
792,1520530771.0016174,1,tracking-lost-essential-fallback,753,75,1065,141,,1
793,1520530771.0516198,1,tracking-lost-essential-fallback,754,75,1065,60,,1
794,1520530771.1016207,1,tracking-lost-essential-fallback,755,75,1065,103,,1
795,1520530771.1516225,1,tracking-lost-essential-fallback,756,75,1065,134,,1
796,1520530771.2018957,1,tracking-lost-essential-fallback,757,75,1065,118,,1
797,1520530771.2518978,1,tracking-lost-essential-fallback,758,75,1065,124,,1
798,1520530771.3019,1,tracking-lost-essential-fallback,759,75,1065,100,,1
799,1520530771.3519018,1,tracking-lost-essential-fallback,760,75,1065,175,,1
800,1520530771.4019027,1,tracking-lost-essential-fallback,761,75,1065,178,,1
801,1520530771.4519048,1,tracking-lost-essential-fallback,762,75,1065,161,,1
802,1520530771.5019057,1,tracking-lost-essential-fallback,763,75,1065,159,,1
803,1520530771.5519118,1,tracking-lost-essential-fallback,764,75,1065,114,,1
804,1520530771.601909,1,tracking-lost-essential-fallback,765,75,1065,103,,1
805,1520530771.6518784,1,tracking-lost-essential-fallback,766,75,1065,171,,1
806,1520530771.7018802,1,tracking-lost-essential-fallback,767,75,1065,117,,1
807,1520530771.7518823,1,tracking-lost-essential-fallback,768,75,1065,124,,1
808,1520530771.8018832,1,tracking-lost-essential-fallback,769,75,1065,172,,1
809,1520530771.851885,1,tracking-lost-essential-fallback,770,75,1065,124,,1
810,1520530771.901942,1,tracking-lost-essential-fallback,771,75,1065,179,,1
811,1520530771.9518883,1,tracking-lost-essential-fallback,772,75,1065,205,,1
812,1520530772.0018892,1,tracking-lost-essential-fallback,773,75,1065,151,,1
813,1520530772.051867,1,tracking-lost-essential-fallback,774,75,1065,152,,1
814,1520530772.101868,1,tracking-lost-essential-fallback,775,75,1065,216,,1
815,1520530772.1518698,1,tracking-lost-essential-fallback,776,75,1065,144,,1
816,1520530772.2018719,1,tracking-lost-essential-fallback,777,75,1065,169,,1
817,1520530772.2518728,1,tracking-lost-essential-fallback,778,75,1065,179,,1
818,1520530772.3018749,1,tracking-lost-essential-fallback,779,75,1065,176,,1
819,1520530772.351876,1,tracking-lost-essential-fallback,780,75,1065,164,,1
820,1520530772.4018779,1,tracking-lost-essential-fallback,781,75,1065,171,,1
821,1520530772.4517875,1,tracking-lost-essential-fallback,782,75,1065,173,,1
822,1520530772.5017893,1,tracking-lost-essential-fallback,783,75,1065,183,,1
823,1520530772.5517905,1,tracking-lost-essential-fallback,784,75,1065,155,,1
824,1520530772.6017923,1,tracking-lost-essential-fallback,785,75,1065,142,,1
825,1520530772.6517942,1,tracking-lost-essential-fallback,786,75,1065,171,,1
826,1520530772.7017953,1,tracking-lost-essential-fallback,787,75,1065,147,,1
827,1520530772.7517974,1,tracking-lost-essential-fallback,788,75,1065,176,,1
828,1520530772.8017986,1,tracking-lost-essential-fallback,789,75,1065,209,,1
829,1520530772.8517103,1,tracking-lost-essential-fallback,790,75,1065,203,,1
830,1520530772.9017124,1,tracking-lost-essential-fallback,791,75,1065,132,,1
831,1520530772.9517133,1,tracking-lost-essential-fallback,792,75,1065,134,,1
832,1520530773.0017152,1,tracking-lost-essential-fallback,793,75,1065,135,,1
833,1520530773.0517163,1,tracking-lost-essential-fallback,794,75,1065,113,,1
834,1520530773.1017184,1,tracking-lost-essential-fallback,795,75,1065,161,,1
835,1520530773.1517203,1,tracking-lost-essential-fallback,796,75,1065,228,,1
836,1520530773.2017214,1,tracking-lost-essential-fallback,797,75,1065,212,,1
837,1520530773.2518704,1,tracking-lost-essential-fallback,798,75,1065,189,,1
838,1520530773.3018715,1,tracking-lost-essential-fallback,799,75,1065,142,,1
839,1520530773.3518784,1,tracking-lost-essential-fallback,800,75,1065,191,,1
840,1520530773.4018745,1,tracking-lost-essential-fallback,801,75,1065,171,,1
841,1520530773.4518764,1,tracking-lost-essential-fallback,802,75,1065,137,,1
842,1520530773.5019193,1,tracking-lost-essential-fallback,803,75,1065,103,,1
843,1520530773.5518794,1,tracking-lost-essential-fallback,804,75,1065,133,,1
844,1520530773.6018803,1,tracking-lost-essential-fallback,805,75,1065,103,,1
845,1520530773.6518824,1,tracking-lost-essential-fallback,806,75,1065,95,,1
846,1520530773.7019484,1,tracking-lost-essential-fallback,807,75,1065,52,,1
847,1520530773.7519505,1,tracking-lost-essential-fallback,808,75,1065,85,,1
848,1520530773.8019524,1,tracking-lost-essential-fallback,809,75,1065,41,,1
849,1520530773.8519535,1,tracking-lost-essential-fallback,810,75,1065,42,,1
850,1520530773.9019554,1,tracking-lost-essential-fallback,811,75,1065,70,,1
851,1520530773.9519565,1,tracking-lost-essential-fallback,812,75,1065,98,,1
852,1520530774.0019586,1,tracking-lost-essential-fallback,813,75,1065,86,,1
853,1520530774.0519593,1,tracking-lost-essential-fallback,814,75,1065,67,,1
854,1520530774.1019845,1,tracking-lost-essential-fallback,815,75,1065,40,,1
855,1520530774.1519866,1,tracking-lost-essential-fallback,816,75,1065,57,,1
856,1520530774.2019877,1,tracking-lost-essential-fallback,817,75,1065,56,,1
857,1520530774.2519896,1,tracking-lost-essential-fallback,818,75,1065,42,,1
858,1520530774.3019915,1,tracking-lost-essential-fallback,819,75,1065,76,,1
859,1520530774.3519926,1,tracking-lost-essential-fallback,820,75,1065,46,,1
860,1520530774.4019935,1,tracking-lost-essential-fallback,821,75,1065,74,,1
861,1520530774.4519954,1,tracking-lost-essential-fallback,822,75,1065,79,,1
862,1520530774.5017922,1,tracking-lost-essential-fallback,823,75,1065,42,,1
863,1520530774.5517943,1,tracking-lost-essential-fallback,824,75,1065,63,,1
864,1520530774.6017952,1,tracking-lost-essential-fallback,825,75,1065,57,,1
865,1520530774.651797,1,tracking-lost-essential-fallback,826,75,1065,62,,1
866,1520530774.7017982,1,tracking-lost-essential-fallback,827,75,1065,67,,1
867,1520530774.7518,1,tracking-lost-const-vel,828,75,1065,,,1
868,1520530774.801801,1,tracking-lost-essential-fallback,829,75,1065,45,,1
869,1520530774.8518033,1,tracking-lost-essential-fallback,830,75,1065,48,,1
870,1520530774.9016302,1,tracking-lost-const-vel,831,75,1065,,,1
871,1520530774.951632,1,tracking-lost-const-vel,832,75,1065,,,1
872,1520530775.001633,1,tracking-lost-essential-fallback,833,75,1065,55,,1
873,1520530775.051635,1,tracking-lost-essential-fallback,834,75,1065,58,,1
874,1520530775.101664,1,tracking-lost-essential-fallback,835,75,1065,41,,1
875,1520530775.1516378,1,tracking-lost-essential-fallback,836,75,1065,72,,1
876,1520530775.201639,1,tracking-lost-essential-fallback,837,75,1065,75,,1
877,1520530775.251641,1,tracking-lost-essential-fallback,838,75,1065,80,,1
878,1520530775.301808,1,tracking-lost-essential-fallback,839,75,1065,60,,1
879,1520530775.351809,1,tracking-lost-essential-fallback,840,75,1065,89,,1
880,1520530775.4018114,1,tracking-lost-essential-fallback,841,75,1065,71,,1
881,1520530775.4518123,1,tracking-lost-essential-fallback,842,75,1065,63,,1
882,1520530775.5018141,1,tracking-lost-essential-fallback,843,75,1065,64,,1
883,1520530775.5518153,1,tracking-lost-essential-fallback,844,75,1065,108,,1
884,1520530775.6018171,1,tracking-lost-essential-fallback,845,75,1065,91,,1
885,1520530775.651818,1,tracking-lost-essential-fallback,846,75,1065,100,,1
886,1520530775.702432,1,tracking-lost-essential-fallback,847,75,1065,159,,1
887,1520530775.752434,1,tracking-lost-essential-fallback,848,75,1065,105,,1
888,1520530775.802435,1,tracking-lost-essential-fallback,849,75,1065,112,,1
889,1520530775.852437,1,tracking-lost-essential-fallback,850,75,1065,192,,1
890,1520530775.902438,1,tracking-lost-essential-fallback,851,75,1065,94,,1
891,1520530775.9524398,1,tracking-lost-essential-fallback,852,75,1065,186,,1
892,1520530776.0024412,1,tracking-lost-essential-fallback,853,75,1065,126,,1
893,1520530776.052443,1,tracking-lost-essential-fallback,854,75,1065,130,,1
894,1520530776.102445,1,tracking-lost-essential-fallback,855,75,1065,150,,1
895,1520530776.1522834,1,tracking-lost-essential-fallback,856,75,1065,85,,1
896,1520530776.2022846,1,tracking-lost-essential-fallback,857,75,1065,280,,1
897,1520530776.2522867,1,tracking-lost-essential-fallback,858,75,1065,82,,1
898,1520530776.3022873,1,tracking-lost-essential-fallback,859,75,1065,161,,1
899,1520530776.3522897,1,tracking-lost-essential-fallback,860,75,1065,143,,1
900,1520530776.4022906,1,tracking-lost-essential-fallback,861,75,1065,361,,1
901,1520530776.4522924,1,tracking-lost-essential-fallback,862,75,1065,192,,1
902,1520530776.5022936,1,tracking-lost-essential-fallback,863,75,1065,98,,1
903,1520530776.5523024,1,tracking-lost-essential-fallback,864,75,1065,189,,1
904,1520530776.6023035,1,tracking-lost-essential-fallback,865,75,1065,200,,1
905,1520530776.6523056,1,tracking-lost-essential-fallback,866,75,1065,137,,1
906,1520530776.7023215,1,tracking-lost-essential-fallback,867,75,1065,170,,1
907,1520530776.7523086,1,tracking-lost-essential-fallback,868,75,1065,181,,1
908,1520530776.8023105,1,tracking-lost-essential-fallback,869,75,1065,232,,1
909,1520530776.8523116,1,tracking-lost-essential-fallback,870,75,1065,147,,1
910,1520530776.9023125,1,tracking-lost-essential-fallback,871,75,1065,169,,1
911,1520530776.9523423,1,tracking-lost-essential-fallback,872,75,1065,181,,1
912,1520530777.0023444,1,tracking-lost-essential-fallback,873,75,1065,176,,1
913,1520530777.0523453,1,tracking-lost-essential-fallback,874,75,1065,220,,1
914,1520530777.1023474,1,tracking-lost-essential-fallback,875,75,1065,151,,1
915,1520530777.1523483,1,tracking-lost-essential-fallback,876,75,1065,259,,1
916,1520530777.2023501,1,tracking-lost-essential-fallback,877,75,1065,245,,1
917,1520530777.2523513,1,tracking-lost-essential-fallback,878,75,1065,154,,1
918,1520530777.3023531,1,tracking-lost-essential-fallback,879,75,1065,216,,1
919,1520530777.3522234,1,tracking-lost-essential-fallback,880,75,1065,151,,1
920,1520530777.4022243,1,tracking-lost-essential-fallback,881,75,1065,153,,1
921,1520530777.4522262,1,tracking-lost-essential-fallback,882,75,1065,205,,1
922,1520530777.5022273,1,tracking-lost-essential-fallback,883,75,1065,232,,1
923,1520530777.5522292,1,tracking-lost-essential-fallback,884,75,1065,191,,1
924,1520530777.6022303,1,tracking-lost-essential-fallback,885,75,1065,221,,1
925,1520530777.6522322,1,tracking-lost-essential-fallback,886,75,1065,256,,1
926,1520530777.7022343,1,tracking-lost-essential-fallback,887,75,1065,143,,1
927,1520530777.7521322,1,tracking-lost-essential-fallback,888,75,1065,203,,1
928,1520530777.8021343,1,tracking-lost-essential-fallback,889,75,1065,136,,1
929,1520530777.8521364,1,tracking-lost-essential-fallback,890,75,1065,215,,1
930,1520530777.9021373,1,tracking-lost-essential-fallback,891,75,1065,227,,1
931,1520530777.9521384,1,tracking-lost-essential-fallback,892,75,1065,198,,1
932,1520530778.0021403,1,tracking-lost-essential-fallback,893,75,1065,207,,1
933,1520530778.0521421,1,tracking-lost-essential-fallback,894,75,1065,176,,1
934,1520530778.1021433,1,tracking-lost-essential-fallback,895,75,1065,183,,1
935,1520530778.1521957,1,tracking-lost-essential-fallback,896,75,1065,245,,1
936,1520530778.2021966,1,tracking-lost-essential-fallback,897,75,1065,178,,1
937,1520530778.2521987,1,tracking-lost-essential-fallback,898,75,1065,187,,1
938,1520530778.3022006,1,tracking-lost-essential-fallback,899,75,1065,225,,1
939,1520530778.3522015,1,tracking-lost-essential-fallback,900,75,1065,221,,1
940,1520530778.4022026,1,tracking-lost-essential-fallback,901,75,1065,197,,1
941,1520530778.4522047,1,tracking-lost-essential-fallback,902,75,1065,280,,1
942,1520530778.5022056,1,tracking-lost-essential-fallback,903,75,1065,283,,1
943,1520530778.5522077,1,tracking-lost-essential-fallback,904,75,1065,266,,1
944,1520530778.6022525,1,tracking-lost-essential-fallback,905,75,1065,231,,1
945,1520530778.6522534,1,tracking-lost-essential-fallback,906,75,1065,186,,1
946,1520530778.7022552,1,tracking-lost-essential-fallback,907,75,1065,196,,1
947,1520530778.7522564,1,tracking-lost-essential-fallback,908,75,1065,185,,1
948,1520530778.8022583,1,tracking-lost-essential-fallback,909,75,1065,155,,1
949,1520530778.8522594,1,tracking-lost-essential-fallback,910,75,1065,185,,1
950,1520530778.9022613,1,tracking-lost-essential-fallback,911,75,1065,181,,1
951,1520530778.9522634,1,tracking-lost-essential-fallback,912,75,1065,199,,1
952,1520530779.0020466,1,tracking-lost-essential-fallback,913,75,1065,154,,1
953,1520530779.0520487,1,tracking-lost-essential-fallback,914,75,1065,118,,1
954,1520530779.1020496,1,tracking-lost-essential-fallback,915,75,1065,176,,1
955,1520530779.1520514,1,tracking-lost-essential-fallback,916,75,1065,177,,1
956,1520530779.2020526,1,tracking-lost-essential-fallback,917,75,1065,197,,1
957,1520530779.2520547,1,tracking-lost-essential-fallback,918,75,1065,113,,1
958,1520530779.3020566,1,tracking-lost-essential-fallback,919,75,1065,117,,1
959,1520530779.3520586,1,tracking-lost-essential-fallback,920,75,1065,166,,1
960,1520530779.4018598,1,tracking-lost-essential-fallback,921,75,1065,76,,1
961,1520530779.451861,1,tracking-lost-essential-fallback,922,75,1065,159,,1
962,1520530779.5018628,1,tracking-lost-essential-fallback,923,75,1065,125,,1
963,1520530779.5518637,1,tracking-lost-essential-fallback,924,75,1065,200,,1
964,1520530779.6018686,1,tracking-lost-essential-fallback,925,75,1065,168,,1
965,1520530779.6518676,1,tracking-lost-essential-fallback,926,75,1065,128,,1
966,1520530779.7018685,1,tracking-lost-essential-fallback,927,75,1065,120,,1
967,1520530779.7518697,1,tracking-lost-essential-fallback,928,75,1065,102,,1
968,1520530779.8021512,1,tracking-lost-essential-fallback,929,75,1065,114,,1
969,1520530779.8521535,1,tracking-lost-essential-fallback,930,75,1065,130,,1
970,1520530779.9021554,1,tracking-lost-essential-fallback,931,75,1065,152,,1
971,1520530779.9521563,1,tracking-lost-essential-fallback,932,75,1065,145,,1
972,1520530780.0021574,1,tracking-lost-essential-fallback,933,75,1065,121,,1
973,1520530780.0521593,1,tracking-lost-essential-fallback,934,75,1065,140,,1
974,1520530780.1021602,1,tracking-lost-essential-fallback,935,75,1065,156,,1
975,1520530780.1521623,1,tracking-lost-essential-fallback,936,75,1065,129,,1
976,1520530780.202293,1,tracking-lost-essential-fallback,937,75,1065,111,,1
977,1520530780.2522938,1,tracking-lost-essential-fallback,938,75,1065,185,,1
978,1520530780.3022957,1,tracking-lost-essential-fallback,939,75,1065,161,,1
979,1520530780.3522968,1,tracking-lost-essential-fallback,940,75,1065,161,,1
980,1520530780.4022987,1,tracking-lost-essential-fallback,941,75,1065,226,,1
981,1520530780.4522998,1,tracking-lost-essential-fallback,942,75,1065,141,,1
982,1520530780.5023017,1,tracking-lost-essential-fallback,943,75,1065,121,,1
983,1520530780.5523026,1,tracking-lost-essential-fallback,944,75,1065,164,,1
984,1520530780.602305,1,tracking-lost-essential-fallback,945,75,1065,205,,1
985,1520530780.6521397,1,tracking-lost-essential-fallback,946,75,1065,170,,1
986,1520530780.7021408,1,tracking-lost-essential-fallback,947,75,1065,162,,1
987,1520530780.7521427,1,tracking-lost-essential-fallback,948,75,1065,160,,1
988,1520530780.8021436,1,tracking-lost-essential-fallback,949,75,1065,232,,1
989,1520530780.8521457,1,tracking-lost-essential-fallback,950,75,1065,214,,1
990,1520530780.9021478,1,tracking-lost-essential-fallback,951,75,1065,160,,1
991,1520530780.9521496,1,tracking-lost-essential-fallback,952,75,1065,154,,1
992,1520530781.0021508,1,tracking-lost-essential-fallback,953,75,1065,131,,1
993,1520530781.0521648,1,tracking-lost-essential-fallback,954,75,1065,169,,1
994,1520530781.1021667,1,tracking-lost-essential-fallback,955,75,1065,131,,1
995,1520530781.1521685,1,tracking-lost-essential-fallback,956,75,1065,167,,1
996,1520530781.2021697,1,tracking-lost-essential-fallback,957,75,1065,182,,1
997,1520530781.2521706,1,tracking-lost-essential-fallback,958,75,1065,119,,1
998,1520530781.3021724,1,tracking-lost-essential-fallback,959,75,1065,108,,1
999,1520530781.3521736,1,tracking-lost-essential-fallback,960,75,1065,143,,1
1000,1520530781.4021757,1,tracking-lost-essential-fallback,961,75,1065,147,,1
1001,1520530781.4520588,1,tracking-lost-essential-fallback,962,75,1065,123,,1
1002,1520530781.5020597,1,tracking-lost-essential-fallback,963,75,1065,176,,1
1003,1520530781.5520618,1,tracking-lost-essential-fallback,964,75,1065,193,,1
1004,1520530781.6020627,1,tracking-lost-essential-fallback,965,75,1065,196,,1
1005,1520530781.6520646,1,tracking-lost-essential-fallback,966,75,1065,168,,1
1006,1520530781.7020657,1,tracking-lost-essential-fallback,967,75,1065,211,,1
1007,1520530781.7520676,1,tracking-lost-essential-fallback,968,75,1065,206,,1
1008,1520530781.8020697,1,tracking-lost-essential-fallback,969,75,1065,205,,1
1009,1520530781.852037,1,tracking-lost-essential-fallback,970,75,1065,237,,1
1010,1520530781.9020388,1,tracking-lost-essential-fallback,971,75,1065,169,,1
1011,1520530781.9520397,1,tracking-lost-essential-fallback,972,75,1065,223,,1
1012,1520530782.002042,1,tracking-lost-essential-fallback,973,75,1065,124,,1
1013,1520530782.052043,1,tracking-lost-essential-fallback,974,75,1065,135,,1
1014,1520530782.1020448,1,tracking-lost-essential-fallback,975,75,1065,148,,1
1015,1520530782.152046,1,tracking-lost-essential-fallback,976,75,1065,135,,1
1016,1520530782.2020478,1,tracking-lost-essential-fallback,977,75,1065,98,,1
1017,1520530782.252169,1,tracking-lost-essential-fallback,978,75,1065,115,,1
1018,1520530782.3021698,1,tracking-lost-essential-fallback,979,75,1065,132,,1
1019,1520530782.3521717,1,tracking-lost-essential-fallback,980,75,1065,103,,1
1020,1520530782.4021728,1,tracking-lost-essential-fallback,981,75,1065,83,,1
1021,1520530782.4521747,1,tracking-lost-essential-fallback,982,75,1065,91,,1
1022,1520530782.5021765,1,tracking-lost-essential-fallback,983,75,1065,84,,1
1023,1520530782.5521789,1,tracking-lost-essential-fallback,984,75,1065,54,,1
1024,1520530782.6021798,1,tracking-lost-essential-fallback,985,75,1065,94,,1
1025,1520530782.6522894,1,tracking-lost-essential-fallback,986,75,1065,72,,1
1026,1520530782.7022903,1,tracking-lost-essential-fallback,987,75,1065,65,,1
1027,1520530782.7522924,1,tracking-lost-essential-fallback,988,75,1065,52,,1
1028,1520530782.8022933,1,tracking-lost-essential-fallback,989,75,1065,78,,1
1029,1520530782.8522942,1,tracking-lost-essential-fallback,990,75,1065,74,,1
1030,1520530782.9022963,1,tracking-lost-essential-fallback,991,75,1065,65,,1
1031,1520530782.9522984,1,tracking-lost-essential-fallback,992,75,1065,103,,1
1032,1520530783.0022993,1,tracking-lost-essential-fallback,993,75,1065,101,,1
1033,1520530783.0523014,1,tracking-lost-essential-fallback,994,75,1065,102,,1
1034,1520530783.10215,1,tracking-lost-essential-fallback,995,75,1065,96,,1
1035,1520530783.1521518,1,tracking-lost-essential-fallback,996,75,1065,75,,1
1036,1520530783.2021527,1,tracking-lost-essential-fallback,997,75,1065,62,,1
1037,1520530783.252155,1,tracking-lost-essential-fallback,998,75,1065,56,,1
1038,1520530783.302156,1,tracking-lost-essential-fallback,999,75,1065,69,,1
1039,1520530783.3521578,1,tracking-lost-essential-fallback,1000,75,1065,78,,1
1040,1520530783.40216,1,tracking-lost-essential-fallback,1001,75,1065,71,,1
1041,1520530783.4521608,1,tracking-lost-essential-fallback,1002,75,1065,55,,1
1042,1520530783.5019157,1,tracking-lost-const-vel,1003,75,1065,,,1
1043,1520530783.5519166,1,tracking-lost-essential-fallback,1004,75,1065,42,,1
1044,1520530783.6019187,1,tracking-lost-essential-fallback,1005,75,1065,50,,1
1045,1520530783.6519196,1,tracking-lost-essential-fallback,1006,75,1065,48,,1
1046,1520530783.7019217,1,tracking-lost-const-vel,1007,75,1065,,,1
1047,1520530783.7519238,1,tracking-lost-essential-fallback,1008,75,1065,55,,1
1048,1520530783.8019247,1,tracking-lost-const-vel,1009,75,1065,,,1
1049,1520530783.8519268,1,tracking-lost-essential-fallback,1010,75,1065,46,,1
1050,1520530783.9018755,1,tracking-lost-essential-fallback,1011,75,1065,55,,1
1051,1520530783.9518774,1,tracking-lost-essential-fallback,1012,75,1065,70,,1
1052,1520530784.0018787,1,tracking-lost-essential-fallback,1013,75,1065,88,,1
1053,1520530784.0518806,1,tracking-lost-essential-fallback,1014,75,1065,45,,1
1054,1520530784.1018825,1,tracking-lost-essential-fallback,1015,75,1065,67,,1
1055,1520530784.1518836,1,tracking-lost-essential-fallback,1016,75,1065,46,,1
1056,1520530784.2018855,1,tracking-lost-essential-fallback,1017,75,1065,54,,1
1057,1520530784.2518864,1,tracking-lost-essential-fallback,1018,75,1065,83,,1
1058,1520530784.3024344,1,tracking-lost-essential-fallback,1019,75,1065,61,,1
1059,1520530784.3524363,1,tracking-lost-essential-fallback,1020,75,1065,139,,1
1060,1520530784.4024372,1,tracking-lost-essential-fallback,1021,75,1065,95,,1
1061,1520530784.4524393,1,tracking-lost-essential-fallback,1022,75,1065,100,,1
1062,1520530784.5024402,1,tracking-lost-essential-fallback,1023,75,1065,116,,1
1063,1520530784.5524411,1,tracking-lost-essential-fallback,1024,75,1065,101,,1
1064,1520530784.6024435,1,tracking-lost-essential-fallback,1025,75,1065,96,,1
1065,1520530784.6524453,1,tracking-lost-essential-fallback,1026,75,1065,123,,1
1066,1520530784.7025218,1,tracking-lost-essential-fallback,1027,75,1065,108,,1
1067,1520530784.7526178,1,tracking-lost-essential-fallback,1028,75,1065,131,,1
1068,1520530784.8025248,1,tracking-lost-essential-fallback,1029,75,1065,112,,1
1069,1520530784.8525267,1,tracking-lost-essential-fallback,1030,75,1065,173,,1
1070,1520530784.9025278,1,tracking-lost-essential-fallback,1031,75,1065,256,,1
1071,1520530784.9525297,1,tracking-lost-essential-fallback,1032,75,1065,161,,1
1072,1520530785.0025318,1,tracking-lost-essential-fallback,1033,75,1065,122,,1
1073,1520530785.052533,1,tracking-lost-essential-fallback,1034,75,1065,185,,1
1074,1520530785.1025348,1,tracking-lost-essential-fallback,1035,75,1065,186,,1
1075,1520530785.1524048,1,tracking-lost-essential-fallback,1036,75,1065,171,,1
1076,1520530785.2024071,1,tracking-lost-essential-fallback,1037,75,1065,169,,1
1077,1520530785.2524078,1,tracking-lost-essential-fallback,1038,75,1065,121,,1
1078,1520530785.30241,1,tracking-lost-essential-fallback,1039,75,1065,147,,1
1079,1520530785.352411,1,tracking-lost-essential-fallback,1040,75,1065,116,,1
1080,1520530785.402413,1,tracking-lost-essential-fallback,1041,75,1065,143,,1
1081,1520530785.4524148,1,tracking-lost-essential-fallback,1042,75,1065,186,,1
1082,1520530785.502416,1,tracking-lost-essential-fallback,1043,75,1065,222,,1
1083,1520530785.5524695,1,tracking-lost-essential-fallback,1044,75,1065,124,,1
1084,1520530785.6024704,1,tracking-lost-essential-fallback,1045,75,1065,215,,1
1085,1520530785.6524725,1,tracking-lost-essential-fallback,1046,75,1065,142,,1
1086,1520530785.7024746,1,tracking-lost-essential-fallback,1047,75,1065,137,,1
1087,1520530785.7524765,1,tracking-lost-essential-fallback,1048,75,1065,158,,1
1088,1520530785.8024774,1,tracking-lost-essential-fallback,1049,75,1065,151,,1
1089,1520530785.8524785,1,tracking-lost-essential-fallback,1050,75,1065,172,,1
1090,1520530785.9024804,1,tracking-lost-essential-fallback,1051,75,1065,114,,1
1091,1520530785.9524379,1,tracking-lost-essential-fallback,1052,75,1065,116,,1
1092,1520530786.0024388,1,tracking-lost-essential-fallback,1053,75,1065,187,,1
1093,1520530786.052441,1,tracking-lost-essential-fallback,1054,75,1065,220,,1
1094,1520530786.1024427,1,tracking-lost-essential-fallback,1055,75,1065,155,,1
1095,1520530786.1524467,1,tracking-lost-essential-fallback,1056,75,1065,115,,1
1096,1520530786.2024448,1,tracking-lost-essential-fallback,1057,75,1065,140,,1
1097,1520530786.252447,1,tracking-lost-essential-fallback,1058,75,1065,235,,1
1098,1520530786.302448,1,tracking-lost-essential-fallback,1059,75,1065,116,,1
1099,1520530786.3524287,1,tracking-lost-essential-fallback,1060,75,1065,252,,1
1100,1520530786.4023528,1,tracking-lost-essential-fallback,1061,75,1065,244,,1
1101,1520530786.4523547,1,tracking-lost-essential-fallback,1062,75,1065,234,,1
1102,1520530786.5023556,1,tracking-lost-essential-fallback,1063,75,1065,185,,1
1103,1520530786.5523577,1,tracking-lost-essential-fallback,1064,75,1065,152,,1
1104,1520530786.6023595,1,tracking-lost-essential-fallback,1065,75,1065,162,,1
1105,1520530786.6523604,1,tracking-lost-essential-fallback,1066,75,1065,198,,1
1106,1520530786.7023628,1,tracking-lost-essential-fallback,1067,75,1065,166,,1
1107,1520530786.7523825,1,tracking-lost-essential-fallback,1068,75,1065,206,,1
1108,1520530786.8023844,1,tracking-lost-essential-fallback,1069,75,1065,193,,1
1109,1520530786.8523855,1,tracking-lost-essential-fallback,1070,75,1065,152,,1
1110,1520530786.9023876,1,tracking-lost-essential-fallback,1071,75,1065,150,,1
1111,1520530786.9523885,1,tracking-lost-essential-fallback,1072,75,1065,146,,1
1112,1520530787.0023906,1,tracking-lost-essential-fallback,1073,75,1065,120,,1
1113,1520530787.0523925,1,tracking-lost-essential-fallback,1074,75,1065,197,,1
1114,1520530787.1023934,1,tracking-lost-essential-fallback,1075,75,1065,188,,1
1115,1520530787.152463,1,tracking-lost-essential-fallback,1076,75,1065,194,,1
1116,1520530787.2024648,1,tracking-lost-essential-fallback,1077,75,1065,194,,1
1117,1520530787.252466,1,tracking-lost-essential-fallback,1078,75,1065,291,,1
1118,1520530787.3024678,1,tracking-lost-essential-fallback,1079,75,1065,236,,1
1119,1520530787.3524687,1,tracking-lost-essential-fallback,1080,75,1065,205,,1
1120,1520530787.402471,1,tracking-lost-essential-fallback,1081,75,1065,201,,1
1121,1520530787.452472,1,tracking-lost-essential-fallback,1082,75,1065,186,,1
1122,1520530787.5024748,1,tracking-lost-essential-fallback,1083,75,1065,201,,1
1123,1520530787.552476,1,tracking-lost-essential-fallback,1084,75,1065,200,,1
1124,1520530787.6022048,1,tracking-lost-essential-fallback,1085,75,1065,158,,1
1125,1520530787.6522067,1,tracking-lost-essential-fallback,1086,75,1065,131,,1
1126,1520530787.7022076,1,tracking-lost-essential-fallback,1087,75,1065,157,,1
1127,1520530787.7522097,1,tracking-lost-essential-fallback,1088,75,1065,158,,1
1128,1520530787.8022106,1,tracking-lost-essential-fallback,1089,75,1065,142,,1
1129,1520530787.8522127,1,tracking-lost-essential-fallback,1090,75,1065,127,,1
1130,1520530787.9022138,1,tracking-lost-essential-fallback,1091,75,1065,127,,1
1131,1520530787.9522748,1,tracking-lost-essential-fallback,1092,75,1065,172,,1
1132,1520530788.0020702,1,tracking-lost-essential-fallback,1093,75,1065,95,,1
1133,1520530788.052072,1,tracking-lost-essential-fallback,1094,75,1065,107,,1
1134,1520530788.102073,1,tracking-lost-essential-fallback,1095,75,1065,80,,1
1135,1520530788.152075,1,tracking-lost-essential-fallback,1096,75,1065,90,,1
1136,1520530788.202077,1,tracking-lost-essential-fallback,1097,75,1065,86,,1
1137,1520530788.2520778,1,tracking-lost-essential-fallback,1098,75,1065,62,,1
1138,1520530788.3020802,1,tracking-lost-essential-fallback,1099,75,1065,175,,1
1139,1520530788.352081,1,tracking-lost-essential-fallback,1100,75,1065,132,,1
1140,1520530788.4021666,1,tracking-lost-essential-fallback,1101,75,1065,91,,1
1141,1520530788.4521677,1,tracking-lost-essential-fallback,1102,75,1065,122,,1
1142,1520530788.5021696,1,tracking-lost-essential-fallback,1103,75,1065,138,,1
1143,1520530788.5521717,1,tracking-lost-essential-fallback,1104,75,1065,138,,1
1144,1520530788.6021729,1,tracking-lost-essential-fallback,1105,75,1065,171,,1
1145,1520530788.6521747,1,tracking-lost-essential-fallback,1106,75,1065,123,,1
1146,1520530788.7021756,1,tracking-lost-essential-fallback,1107,75,1065,149,,1
1147,1520530788.7521777,1,tracking-lost-essential-fallback,1108,75,1065,101,,1
1148,1520530788.8021991,1,tracking-lost-essential-fallback,1109,75,1065,108,,1
1149,1520530788.852201,1,tracking-lost-essential-fallback,1110,75,1065,110,,1
1150,1520530788.9022033,1,tracking-lost-essential-fallback,1111,75,1065,165,,1
1151,1520530788.9522052,1,tracking-lost-essential-fallback,1112,75,1065,148,,1
1152,1520530789.002206,1,tracking-lost-essential-fallback,1113,75,1065,166,,1
1153,1520530789.0522082,1,tracking-lost-essential-fallback,1114,75,1065,112,,1
1154,1520530789.102209,1,tracking-lost-essential-fallback,1115,75,1065,132,,1
1155,1520530789.152211,1,tracking-lost-essential-fallback,1116,75,1065,138,,1
1156,1520530789.2022882,1,tracking-lost-essential-fallback,1117,75,1065,123,,1
1157,1520530789.2522902,1,tracking-lost-essential-fallback,1118,75,1065,179,,1
1158,1520530789.3022912,1,tracking-lost-essential-fallback,1119,75,1065,161,,1
1159,1520530789.3522933,1,tracking-lost-essential-fallback,1120,75,1065,154,,1
1160,1520530789.4022942,1,tracking-lost-essential-fallback,1121,75,1065,183,,1
1161,1520530789.452296,1,tracking-lost-essential-fallback,1122,75,1065,201,,1
1162,1520530789.5022972,1,tracking-lost-essential-fallback,1123,75,1065,126,,1
1163,1520530789.55234,1,tracking-lost-essential-fallback,1124,75,1065,151,,1
1164,1520530789.602354,1,tracking-lost-essential-fallback,1125,75,1065,142,,1
1165,1520530789.652356,1,tracking-lost-essential-fallback,1126,75,1065,128,,1
1166,1520530789.7023568,1,tracking-lost-essential-fallback,1127,75,1065,109,,1
1167,1520530789.752359,1,tracking-lost-essential-fallback,1128,75,1065,109,,1
1168,1520530789.802361,1,tracking-lost-essential-fallback,1129,75,1065,95,,1
1169,1520530789.852362,1,tracking-lost-essential-fallback,1130,75,1065,114,,1
1170,1520530789.902364,1,tracking-lost-essential-fallback,1131,75,1065,135,,1
1171,1520530789.952365,1,tracking-lost-essential-fallback,1132,75,1065,139,,1
1172,1520530790.0023668,1,tracking-lost-essential-fallback,1133,75,1065,136,,1
1173,1520530790.0522602,1,tracking-lost-essential-fallback,1134,75,1065,134,,1
1174,1520530790.102262,1,tracking-lost-essential-fallback,1135,75,1065,127,,1
1175,1520530790.1522632,1,tracking-lost-essential-fallback,1136,75,1065,131,,1
1176,1520530790.2022653,1,tracking-lost-essential-fallback,1137,75,1065,170,,1
1177,1520530790.2522671,1,tracking-lost-essential-fallback,1138,75,1065,122,,1
1178,1520530790.3022683,1,tracking-lost-essential-fallback,1139,75,1065,158,,1
1179,1520530790.3522701,1,tracking-lost-essential-fallback,1140,75,1065,132,,1
1180,1520530790.402272,1,tracking-lost-essential-fallback,1141,75,1065,165,,1
1181,1520530790.4522607,1,tracking-lost-essential-fallback,1142,75,1065,169,,1
1182,1520530790.5022626,1,tracking-lost-essential-fallback,1143,75,1065,167,,1
1183,1520530790.5522635,1,tracking-lost-essential-fallback,1144,75,1065,186,,1
1184,1520530790.6022656,1,tracking-lost-essential-fallback,1145,75,1065,128,,1
1185,1520530790.6522665,1,tracking-lost-essential-fallback,1146,75,1065,179,,1
1186,1520530790.7022686,1,tracking-lost-essential-fallback,1147,75,1065,224,,1
1187,1520530790.7522707,1,tracking-lost-essential-fallback,1148,75,1065,193,,1
1188,1520530790.8022716,1,tracking-lost-essential-fallback,1149,75,1065,182,,1
1189,1520530790.8524227,1,tracking-lost-essential-fallback,1150,75,1065,153,,1
1190,1520530790.9024277,1,tracking-lost-essential-fallback,1151,75,1065,152,,1
1191,1520530790.9524257,1,tracking-lost-essential-fallback,1152,75,1065,101,,1
1192,1520530791.0024278,1,tracking-lost-essential-fallback,1153,75,1065,119,,1
1193,1520530791.0524287,1,tracking-lost-essential-fallback,1154,75,1065,100,,1
1194,1520530791.1024299,1,tracking-lost-essential-fallback,1155,75,1065,70,,1
1195,1520530791.1524558,1,tracking-lost-essential-fallback,1156,75,1065,81,,1
1196,1520530791.2024329,1,tracking-lost-essential-fallback,1157,75,1065,60,,1
1197,1520530791.252573,1,tracking-lost-essential-fallback,1158,75,1065,65,,1
1198,1520530791.3025742,1,tracking-lost-essential-fallback,1159,75,1065,78,,1
1199,1520530791.352576,1,tracking-lost-essential-fallback,1160,75,1065,91,,1
1200,1520530791.402578,1,tracking-lost-essential-fallback,1161,75,1065,66,,1
1201,1520530791.4525793,1,tracking-lost-essential-fallback,1162,75,1065,87,,1
1202,1520530791.5025811,1,tracking-lost-const-vel,1163,75,1065,,,1
1203,1520530791.5525823,1,tracking-lost-essential-fallback,1164,75,1065,67,,1
1204,1520530791.6025841,1,tracking-lost-essential-fallback,1165,75,1065,61,,1
1205,1520530791.6524708,1,tracking-lost-essential-fallback,1166,75,1065,74,,1
1206,1520530791.7024727,1,tracking-lost-essential-fallback,1167,75,1065,75,,1
1207,1520530791.7524736,1,tracking-lost-essential-fallback,1168,75,1065,47,,1
1208,1520530791.802476,1,tracking-lost-essential-fallback,1169,75,1065,85,,1
1209,1520530791.8524778,1,tracking-lost-essential-fallback,1170,75,1065,93,,1
1210,1520530791.9024787,1,tracking-lost-essential-fallback,1171,75,1065,97,,1
1211,1520530791.9524808,1,tracking-lost-essential-fallback,1172,75,1065,66,,1
1212,1520530792.002483,1,tracking-lost-essential-fallback,1173,75,1065,79,,1
1213,1520530792.0525186,1,tracking-lost-essential-fallback,1174,75,1065,102,,1
1214,1520530792.1021712,1,tracking-lost-essential-fallback,1175,75,1065,58,,1
1215,1520530792.152172,1,tracking-lost-essential-fallback,1176,75,1065,50,,1
1216,1520530792.2021742,1,tracking-lost-essential-fallback,1177,75,1065,66,,1
1217,1520530792.2521763,1,tracking-lost-essential-fallback,1178,75,1065,48,,1
1218,1520530792.3021772,1,tracking-lost-essential-fallback,1179,75,1065,52,,1
1219,1520530792.3521793,1,tracking-lost-essential-fallback,1180,75,1065,62,,1
1220,1520530792.4021802,1,tracking-lost-essential-fallback,1181,75,1065,60,,1
1221,1520530792.452182,1,tracking-lost-essential-fallback,1182,75,1065,46,,1
1222,1520530792.5020404,1,tracking-lost-essential-fallback,1183,75,1065,78,,1
1223,1520530792.5520415,1,tracking-lost-essential-fallback,1184,75,1065,61,,1
1224,1520530792.6020424,1,tracking-lost-essential-fallback,1185,75,1065,73,,1
1225,1520530792.6520443,1,tracking-lost-essential-fallback,1186,75,1065,50,,1
1226,1520530792.7020454,1,tracking-lost-essential-fallback,1187,75,1065,46,,1
1227,1520530792.7520525,1,tracking-lost-essential-fallback,1188,75,1065,79,,1
1228,1520530792.8020487,1,tracking-lost-essential-fallback,1189,75,1065,74,,1
1229,1520530792.8520505,1,tracking-lost-const-vel,1190,75,1065,,,1
1230,1520530792.9022481,1,tracking-lost-essential-fallback,1191,75,1065,80,,1
1231,1520530792.95225,1,tracking-lost-essential-fallback,1192,75,1065,80,,1
1232,1520530793.002252,1,tracking-lost-essential-fallback,1193,75,1065,107,,1
1233,1520530793.052253,1,tracking-lost-essential-fallback,1194,75,1065,85,,1
1234,1520530793.1022549,1,tracking-lost-essential-fallback,1195,75,1065,178,,1
1235,1520530793.152256,1,tracking-lost-essential-fallback,1196,75,1065,180,,1
1236,1520530793.202258,1,tracking-lost-essential-fallback,1197,75,1065,122,,1
1237,1520530793.2522593,1,tracking-lost-essential-fallback,1198,75,1065,132,,1
1238,1520530793.302667,1,tracking-lost-essential-fallback,1199,75,1065,88,,1
1239,1520530793.3526678,1,tracking-lost-essential-fallback,1200,75,1065,84,,1
1240,1520530793.4026697,1,tracking-lost-essential-fallback,1201,75,1065,98,,1
1241,1520530793.4526718,1,tracking-lost-essential-fallback,1202,75,1065,76,,1
1242,1520530793.5026727,1,tracking-lost-essential-fallback,1203,75,1065,132,,1
1243,1520530793.5526748,1,tracking-lost-essential-fallback,1204,75,1065,84,,1
1244,1520530793.602676,1,tracking-lost-essential-fallback,1205,75,1065,128,,1
1245,1520530793.6526778,1,tracking-lost-essential-fallback,1206,75,1065,195,,1
1246,1520530793.702589,1,tracking-lost-essential-fallback,1207,75,1065,138,,1
1247,1520530793.7525918,1,tracking-lost-essential-fallback,1208,75,1065,273,,1
1248,1520530793.8025928,1,tracking-lost-essential-fallback,1209,75,1065,184,,1
1249,1520530793.852595,1,tracking-lost-essential-fallback,1210,75,1065,135,,1
1250,1520530793.902596,1,tracking-lost-essential-fallback,1211,75,1065,119,,1
1251,1520530793.9525979,1,tracking-lost-essential-fallback,1212,75,1065,64,,1
1252,1520530794.0026,1,tracking-lost-essential-fallback,1213,75,1065,169,,1
1253,1520530794.052605,1,tracking-lost-essential-fallback,1214,75,1065,110,,1
1254,1520530794.1026475,1,tracking-lost-essential-fallback,1215,75,1065,209,,1
1255,1520530794.1526496,1,tracking-lost-essential-fallback,1216,75,1065,75,,1
1256,1520530794.2026508,1,tracking-lost-essential-fallback,1217,75,1065,135,,1
1257,1520530794.2526526,1,tracking-lost-essential-fallback,1218,75,1065,140,,1
1258,1520530794.3026536,1,tracking-lost-essential-fallback,1219,75,1065,162,,1
1259,1520530794.3526556,1,tracking-lost-essential-fallback,1220,75,1065,170,,1
1260,1520530794.4026566,1,tracking-lost-essential-fallback,1221,75,1065,101,,1
1261,1520530794.4526584,1,tracking-lost-essential-fallback,1222,75,1065,154,,1
1262,1520530794.5026598,1,tracking-lost-essential-fallback,1223,75,1065,197,,1
1263,1520530794.552676,1,tracking-lost-essential-fallback,1224,75,1065,198,,1
1264,1520530794.6026778,1,tracking-lost-essential-fallback,1225,75,1065,167,,1
1265,1520530794.652679,1,tracking-lost-essential-fallback,1226,75,1065,311,,1
1266,1520530794.7026808,1,tracking-lost-essential-fallback,1227,75,1065,220,,1
1267,1520530794.752682,1,tracking-lost-essential-fallback,1228,75,1065,220,,1
1268,1520530794.802684,1,tracking-lost-essential-fallback,1229,75,1065,170,,1
1269,1520530794.852685,1,tracking-lost-essential-fallback,1230,75,1065,186,,1
1270,1520530794.902687,1,tracking-lost-essential-fallback,1231,75,1065,283,,1
1271,1520530794.9526722,1,tracking-lost-essential-fallback,1232,75,1065,207,,1
1272,1520530795.0026743,1,tracking-lost-essential-fallback,1233,75,1065,255,,1
1273,1520530795.0526762,1,tracking-lost-essential-fallback,1234,75,1065,185,,1
1274,1520530795.1026773,1,tracking-lost-essential-fallback,1235,75,1065,202,,1
1275,1520530795.1526792,1,tracking-lost-essential-fallback,1236,75,1065,221,,1
1276,1520530795.20268,1,tracking-lost-essential-fallback,1237,75,1065,190,,1
1277,1520530795.2526824,1,tracking-lost-essential-fallback,1238,75,1065,172,,1
1278,1520530795.3026843,1,tracking-lost-essential-fallback,1239,75,1065,239,,1
1279,1520530795.352702,1,tracking-lost-essential-fallback,1240,75,1065,218,,1
1280,1520530795.402704,1,tracking-lost-essential-fallback,1241,75,1065,213,,1
1281,1520530795.4527059,1,tracking-lost-essential-fallback,1242,75,1065,204,,1
1282,1520530795.5027068,1,tracking-lost-essential-fallback,1243,75,1065,166,,1
1283,1520530795.5527089,1,tracking-lost-essential-fallback,1244,75,1065,133,,1
1284,1520530795.6027098,1,tracking-lost-essential-fallback,1245,75,1065,121,,1
1285,1520530795.652711,1,tracking-lost-essential-fallback,1246,75,1065,148,,1
1286,1520530795.702713,1,tracking-lost-essential-fallback,1247,75,1065,144,,1
1287,1520530795.7526906,1,tracking-lost-essential-fallback,1248,75,1065,205,,1
1288,1520530795.8026927,1,tracking-lost-essential-fallback,1249,75,1065,186,,1
1289,1520530795.8526945,1,tracking-lost-essential-fallback,1250,75,1065,215,,1
1290,1520530795.9026954,1,tracking-lost-essential-fallback,1251,75,1065,231,,1
1291,1520530795.9526994,1,tracking-lost-essential-fallback,1252,75,1065,179,,1
1292,1520530796.0026987,1,tracking-lost-essential-fallback,1253,75,1065,176,,1
1293,1520530796.0527005,1,tracking-lost-essential-fallback,1254,75,1065,232,,1
1294,1520530796.1027017,1,tracking-lost-essential-fallback,1255,75,1065,201,,1
1295,1520530796.1525345,1,tracking-lost-essential-fallback,1256,75,1065,208,,1
1296,1520530796.2025366,1,tracking-lost-essential-fallback,1257,75,1065,149,,1
1297,1520530796.2525375,1,tracking-lost-essential-fallback,1258,75,1065,128,,1
1298,1520530796.3025393,1,tracking-lost-essential-fallback,1259,75,1065,120,,1
1299,1520530796.3525405,1,tracking-lost-essential-fallback,1260,75,1065,106,,1
1300,1520530796.4025424,1,tracking-lost-essential-fallback,1261,75,1065,126,,1
1301,1520530796.4525435,1,tracking-lost-essential-fallback,1262,75,1065,147,,1
1302,1520530796.5025456,1,tracking-lost-essential-fallback,1263,75,1065,153,,1
1303,1520530796.5524862,1,tracking-lost-essential-fallback,1264,75,1065,185,,1
1304,1520530796.602488,1,tracking-lost-essential-fallback,1265,75,1065,169,,1
1305,1520530796.6524901,1,tracking-lost-essential-fallback,1266,75,1065,171,,1
1306,1520530796.7024913,1,tracking-lost-essential-fallback,1267,75,1065,78,,1
1307,1520530796.7524931,1,tracking-lost-essential-fallback,1268,75,1065,94,,1
1308,1520530796.8024943,1,tracking-lost-essential-fallback,1269,75,1065,135,,1
1309,1520530796.8524961,1,tracking-lost-essential-fallback,1270,75,1065,106,,1
1310,1520530796.9024982,1,tracking-lost-essential-fallback,1271,75,1065,98,,1
1311,1520530796.9524994,1,tracking-lost-essential-fallback,1272,75,1065,111,,1
1312,1520530797.0026317,1,tracking-lost-essential-fallback,1273,75,1065,162,,1
1313,1520530797.0526338,1,tracking-lost-essential-fallback,1274,75,1065,150,,1
1314,1520530797.1026347,1,tracking-lost-essential-fallback,1275,75,1065,128,,1
1315,1520530797.1526368,1,tracking-lost-essential-fallback,1276,75,1065,159,,1
1316,1520530797.2026377,1,tracking-lost-essential-fallback,1277,75,1065,168,,1
1317,1520530797.2526388,1,tracking-lost-essential-fallback,1278,75,1065,165,,1
1318,1520530797.3026419,1,tracking-lost-essential-fallback,1279,75,1065,188,,1
1319,1520530797.3526425,1,tracking-lost-essential-fallback,1280,75,1065,156,,1
1320,1520530797.40276,1,tracking-lost-essential-fallback,1281,75,1065,162,,1
1321,1520530797.452761,1,tracking-lost-essential-fallback,1282,75,1065,151,,1
1322,1520530797.502762,1,tracking-lost-essential-fallback,1283,75,1065,186,,1
1323,1520530797.552764,1,tracking-lost-essential-fallback,1284,75,1065,193,,1
1324,1520530797.602866,1,tracking-lost-essential-fallback,1285,75,1065,195,,1
1325,1520530797.6527672,1,tracking-lost-essential-fallback,1286,75,1065,155,,1
1326,1520530797.7027678,1,tracking-lost-essential-fallback,1287,75,1065,167,,1
1327,1520530797.7527702,1,tracking-lost-essential-fallback,1288,75,1065,125,,1
1328,1520530797.8026433,1,tracking-lost-essential-fallback,1289,75,1065,142,,1
1329,1520530797.8526442,1,tracking-lost-essential-fallback,1290,75,1065,125,,1
1330,1520530797.9026463,1,tracking-lost-essential-fallback,1291,75,1065,140,,1
1331,1520530797.9526472,1,tracking-lost-essential-fallback,1292,75,1065,142,,1
1332,1520530798.0026495,1,tracking-lost-essential-fallback,1293,75,1065,134,,1
1333,1520530798.0526505,1,tracking-lost-essential-fallback,1294,75,1065,129,,1
1334,1520530798.1026523,1,tracking-lost-essential-fallback,1295,75,1065,185,,1
1335,1520530798.1526535,1,tracking-lost-essential-fallback,1296,75,1065,168,,1
1336,1520530798.2025049,1,tracking-lost-essential-fallback,1297,75,1065,150,,1
1337,1520530798.2525067,1,tracking-lost-essential-fallback,1298,75,1065,123,,1
1338,1520530798.3025079,1,tracking-lost-essential-fallback,1299,75,1065,147,,1
1339,1520530798.3525097,1,tracking-lost-essential-fallback,1300,75,1065,171,,1
1340,1520530798.4025106,1,tracking-lost-essential-fallback,1301,75,1065,164,,1
1341,1520530798.452513,1,tracking-lost-essential-fallback,1302,75,1065,179,,1
1342,1520530798.5025136,1,tracking-lost-essential-fallback,1303,75,1065,161,,1
1343,1520530798.5525157,1,tracking-lost-essential-fallback,1304,75,1065,212,,1
1344,1520530798.6024146,1,tracking-lost-essential-fallback,1305,75,1065,160,,1
1345,1520530798.652417,1,tracking-lost-essential-fallback,1306,75,1065,151,,1
1346,1520530798.7024179,1,tracking-lost-essential-fallback,1307,75,1065,210,,1
1347,1520530798.7524197,1,tracking-lost-essential-fallback,1308,75,1065,166,,1
1348,1520530798.8024209,1,tracking-lost-essential-fallback,1309,75,1065,129,,1
1349,1520530798.8524227,1,tracking-lost-essential-fallback,1310,75,1065,182,,1
1350,1520530798.9024246,1,tracking-lost-essential-fallback,1311,75,1065,148,,1
1351,1520530798.9524257,1,tracking-lost-essential-fallback,1312,75,1065,161,,1
1352,1520530799.0023384,1,tracking-lost-essential-fallback,1313,75,1065,132,,1
1353,1520530799.0523393,1,tracking-lost-essential-fallback,1314,75,1065,169,,1
1354,1520530799.1023405,1,tracking-lost-essential-fallback,1315,75,1065,185,,1
1355,1520530799.1523423,1,tracking-lost-essential-fallback,1316,75,1065,185,,1
1356,1520530799.2024224,1,tracking-lost-essential-fallback,1317,75,1065,156,,1
1357,1520530799.2523453,1,tracking-lost-essential-fallback,1318,75,1065,142,,1
1358,1520530799.3023462,1,tracking-lost-essential-fallback,1319,75,1065,154,,1
1359,1520530799.3523483,1,tracking-lost-essential-fallback,1320,75,1065,149,,1
1360,1520530799.4023504,1,tracking-lost-essential-fallback,1321,75,1065,181,,1
1361,1520530799.4524105,1,tracking-lost-essential-fallback,1322,75,1065,135,,1
1362,1520530799.5024126,1,tracking-lost-essential-fallback,1323,75,1065,79,,1
1363,1520530799.5524135,1,tracking-lost-essential-fallback,1324,75,1065,90,,1
1364,1520530799.6024156,1,tracking-lost-essential-fallback,1325,75,1065,104,,1
1365,1520530799.6524167,1,tracking-lost-essential-fallback,1326,75,1065,62,,1
1366,1520530799.7024186,1,tracking-lost-essential-fallback,1327,75,1065,130,,1
1367,1520530799.7524195,1,tracking-lost-essential-fallback,1328,75,1065,48,,1
1368,1520530799.8024216,1,tracking-lost-essential-fallback,1329,75,1065,108,,1
1369,1520530799.8526623,1,tracking-lost-essential-fallback,1330,75,1065,75,,1
1370,1520530799.9026632,1,tracking-lost-essential-fallback,1331,75,1065,87,,1
1371,1520530799.9526653,1,tracking-lost-essential-fallback,1332,75,1065,65,,1
1372,1520530800.0026662,1,tracking-lost-const-vel,1333,75,1065,,,1
1373,1520530800.0526683,1,tracking-lost-essential-fallback,1334,75,1065,83,,1
1374,1520530800.1026695,1,tracking-lost-essential-fallback,1335,75,1065,45,,1
1375,1520530800.1526713,1,tracking-lost-essential-fallback,1336,75,1065,57,,1
1376,1520530800.2026732,1,tracking-lost-essential-fallback,1337,75,1065,68,,1
1377,1520530800.2527664,1,tracking-lost-essential-fallback,1338,75,1065,63,,1
1378,1520530800.3027673,1,tracking-lost-essential-fallback,1339,75,1065,64,,1
1379,1520530800.3527691,1,tracking-lost-essential-fallback,1340,75,1065,89,,1
1380,1520530800.4027703,1,tracking-lost-essential-fallback,1341,75,1065,91,,1
1381,1520530800.4527712,1,tracking-lost-essential-fallback,1342,75,1065,65,,1
1382,1520530800.502774,1,tracking-lost-essential-fallback,1343,75,1065,86,,1
1383,1520530800.5527751,1,tracking-lost-essential-fallback,1344,75,1065,66,,1
1384,1520530800.602776,1,tracking-lost-essential-fallback,1345,75,1065,112,,1
1385,1520530800.6524606,1,tracking-lost-essential-fallback,1346,75,1065,45,,1
1386,1520530800.7024615,1,tracking-lost-essential-fallback,1347,75,1065,84,,1
1387,1520530800.7524633,1,tracking-lost-essential-fallback,1348,75,1065,65,,1
1388,1520530800.8025215,1,tracking-lost-essential-fallback,1349,75,1065,70,,1
1389,1520530800.8524666,1,tracking-lost-essential-fallback,1350,75,1065,57,,1
1390,1520530800.9024684,1,tracking-lost-essential-fallback,1351,75,1065,57,,1
1391,1520530800.9524696,1,tracking-lost-essential-fallback,1352,75,1065,49,,1
1392,1520530801.0024714,1,tracking-lost-essential-fallback,1353,75,1065,64,,1
1393,1520530801.0521028,1,tracking-lost-const-vel,1354,75,1065,,,1
1394,1520530801.1021047,1,tracking-lost-essential-fallback,1355,75,1065,48,,1
1395,1520530801.1521058,1,tracking-lost-const-vel,1356,75,1065,,,1
1396,1520530801.2021077,1,tracking-lost-essential-fallback,1357,75,1065,49,,1
1397,1520530801.2521088,1,tracking-lost-essential-fallback,1358,75,1065,54,,1
1398,1520530801.302111,1,tracking-lost-essential-fallback,1359,75,1065,41,,1
1399,1520530801.3521128,1,tracking-lost-const-vel,1360,75,1065,,,1
1400,1520530801.402114,1,tracking-lost-essential-fallback,1361,75,1065,46,,1
1401,1520530801.4521158,1,tracking-lost-essential-fallback,1362,75,1065,60,,1
1402,1520530801.502019,1,tracking-lost-essential-fallback,1363,75,1065,54,,1
1403,1520530801.5520208,1,tracking-lost-const-vel,1364,75,1065,,,1
1404,1520530801.602022,1,tracking-lost-essential-fallback,1365,75,1065,56,,1
1405,1520530801.6520238,1,tracking-lost-essential-fallback,1366,75,1065,69,,1
1406,1520530801.7020247,1,tracking-lost-const-vel,1367,75,1065,,,1
1407,1520530801.752028,1,tracking-lost-essential-fallback,1368,75,1065,72,,1
1408,1520530801.802029,1,tracking-lost-essential-fallback,1369,75,1065,57,,1
1409,1520530801.8520308,1,tracking-lost-essential-fallback,1370,75,1065,78,,1
1410,1520530801.9023046,1,tracking-lost-essential-fallback,1371,75,1065,74,,1
1411,1520530801.9523056,1,tracking-lost-essential-fallback,1372,75,1065,103,,1
1412,1520530802.0023067,1,tracking-lost-essential-fallback,1373,75,1065,80,,1
1413,1520530802.0523086,1,tracking-lost-essential-fallback,1374,75,1065,59,,1
1414,1520530802.1023095,1,tracking-lost-essential-fallback,1375,75,1065,125,,1
1415,1520530802.1523116,1,tracking-lost-essential-fallback,1376,75,1065,106,,1
1416,1520530802.2023137,1,tracking-lost-essential-fallback,1377,75,1065,48,,1
1417,1520530802.2523148,1,tracking-lost-essential-fallback,1378,75,1065,55,,1
1418,1520530802.3025715,1,tracking-lost-essential-fallback,1379,75,1065,91,,1
1419,1520530802.3525736,1,tracking-lost-essential-fallback,1380,75,1065,130,,1
1420,1520530802.4026096,1,tracking-lost-essential-fallback,1381,75,1065,147,,1
1421,1520530802.4525766,1,tracking-lost-essential-fallback,1382,75,1065,67,,1
1422,1520530802.5025775,1,tracking-lost-essential-fallback,1383,75,1065,66,,1
1423,1520530802.5525796,1,tracking-lost-essential-fallback,1384,75,1065,134,,1
1424,1520530802.6025815,1,tracking-lost-essential-fallback,1385,75,1065,239,,1
1425,1520530802.6525824,1,tracking-lost-essential-fallback,1386,75,1065,180,,1
1426,1520530802.7026052,1,tracking-lost-essential-fallback,1387,75,1065,95,,1
1427,1520530802.7526064,1,tracking-lost-essential-fallback,1388,75,1065,133,,1
1428,1520530802.8026083,1,tracking-lost-essential-fallback,1389,75,1065,106,,1
1429,1520530802.8526092,1,tracking-lost-essential-fallback,1390,75,1065,148,,1
1430,1520530802.9026113,1,tracking-lost-essential-fallback,1391,75,1065,72,,1
1431,1520530802.952613,1,tracking-lost-essential-fallback,1392,75,1065,63,,1
1432,1520530803.002614,1,tracking-lost-essential-fallback,1393,75,1065,108,,1
1433,1520530803.0526164,1,tracking-lost-essential-fallback,1394,75,1065,85,,1
1434,1520530803.1027641,1,tracking-lost-essential-fallback,1395,75,1065,204,,1
1435,1520530803.1527662,1,tracking-lost-essential-fallback,1396,75,1065,193,,1
1436,1520530803.2027671,1,tracking-lost-essential-fallback,1397,75,1065,138,,1
1437,1520530803.2527692,1,tracking-lost-essential-fallback,1398,75,1065,208,,1
1438,1520530803.3027704,1,tracking-lost-essential-fallback,1399,75,1065,167,,1
1439,1520530803.3527722,1,tracking-lost-essential-fallback,1400,75,1065,143,,1
1440,1520530803.4027743,1,tracking-lost-essential-fallback,1401,75,1065,151,,1
1441,1520530803.4527752,1,tracking-lost-essential-fallback,1402,75,1065,213,,1
1442,1520530803.5029204,1,tracking-lost-essential-fallback,1403,75,1065,177,,1
1443,1520530803.5529222,1,tracking-lost-essential-fallback,1404,75,1065,175,,1
1444,1520530803.6029232,1,tracking-lost-essential-fallback,1405,75,1065,244,,1
1445,1520530803.6529253,1,tracking-lost-essential-fallback,1406,75,1065,187,,1
1446,1520530803.7029262,1,tracking-lost-essential-fallback,1407,75,1065,210,,1
1447,1520530803.752928,1,tracking-lost-essential-fallback,1408,75,1065,204,,1
1448,1520530803.8029304,1,tracking-lost-essential-fallback,1409,75,1065,210,,1
1449,1520530803.8529313,1,tracking-lost-essential-fallback,1410,75,1065,239,,1
1450,1520530803.9029324,1,tracking-lost-essential-fallback,1411,75,1065,290,,1
1451,1520530803.9527814,1,tracking-lost-essential-fallback,1412,75,1065,203,,1
1452,1520530804.0027924,1,tracking-lost-essential-fallback,1413,75,1065,191,,1
1453,1520530804.0527842,1,tracking-lost-essential-fallback,1414,75,1065,184,,1
1454,1520530804.1027863,1,tracking-lost-essential-fallback,1415,75,1065,139,,1
1455,1520530804.1527872,1,tracking-lost-essential-fallback,1416,75,1065,199,,1
1456,1520530804.2027895,1,tracking-lost-essential-fallback,1417,75,1065,162,,1
1457,1520530804.2527905,1,tracking-lost-essential-fallback,1418,75,1065,202,,1
1458,1520530804.3027923,1,tracking-lost-essential-fallback,1419,75,1065,160,,1
1459,1520530804.3527358,1,tracking-lost-essential-fallback,1420,75,1065,171,,1
1460,1520530804.4027379,1,tracking-lost-essential-fallback,1421,75,1065,142,,1
1461,1520530804.452739,1,tracking-lost-essential-fallback,1422,75,1065,171,,1
1462,1520530804.5027409,1,tracking-lost-essential-fallback,1423,75,1065,132,,1
1463,1520530804.552742,1,tracking-lost-essential-fallback,1424,75,1065,124,,1
1464,1520530804.6027439,1,tracking-lost-essential-fallback,1425,75,1065,160,,1
1465,1520530804.6527457,1,tracking-lost-essential-fallback,1426,75,1065,156,,1
1466,1520530804.7027469,1,tracking-lost-essential-fallback,1427,75,1065,160,,1
1467,1520530804.7527804,1,tracking-lost-essential-fallback,1428,75,1065,185,,1
1468,1520530804.8027823,1,tracking-lost-essential-fallback,1429,75,1065,182,,1
1469,1520530804.8527834,1,tracking-lost-essential-fallback,1430,75,1065,118,,1
1470,1520530804.9027843,1,tracking-lost-essential-fallback,1431,75,1065,112,,1
1471,1520530804.9527862,1,tracking-lost-essential-fallback,1432,75,1065,160,,1
1472,1520530805.0027885,1,tracking-lost-essential-fallback,1433,75,1065,169,,1
1473,1520530805.0527904,1,tracking-lost-essential-fallback,1434,75,1065,134,,1
1474,1520530805.1027913,1,tracking-lost-essential-fallback,1435,75,1065,158,,1
1475,1520530805.1525626,1,tracking-lost-essential-fallback,1436,75,1065,96,,1
1476,1520530805.2025645,1,tracking-lost-essential-fallback,1437,75,1065,101,,1
1477,1520530805.2525656,1,tracking-lost-essential-fallback,1438,75,1065,104,,1
1478,1520530805.3025675,1,tracking-lost-essential-fallback,1439,75,1065,157,,1
1479,1520530805.3525693,1,tracking-lost-essential-fallback,1440,75,1065,146,,1
1480,1520530805.4025705,1,tracking-lost-essential-fallback,1441,75,1065,102,,1
1481,1520530805.4525726,1,tracking-lost-essential-fallback,1442,75,1065,175,,1
1482,1520530805.5025737,1,tracking-lost-essential-fallback,1443,75,1065,110,,1
1483,1520530805.5525346,1,tracking-lost-essential-fallback,1444,75,1065,145,,1
1484,1520530805.602537,1,tracking-lost-essential-fallback,1445,75,1065,113,,1
1485,1520530805.6525376,1,tracking-lost-essential-fallback,1446,75,1065,105,,1
1486,1520530805.7025387,1,tracking-lost-essential-fallback,1447,75,1065,150,,1
1487,1520530805.7525408,1,tracking-lost-essential-fallback,1448,75,1065,159,,1
1488,1520530805.8025427,1,tracking-lost-essential-fallback,1449,75,1065,128,,1
1489,1520530805.8525438,1,tracking-lost-essential-fallback,1450,75,1065,176,,1
1490,1520530805.9025457,1,tracking-lost-essential-fallback,1451,75,1065,128,,1
1491,1520530805.9525466,1,tracking-lost-essential-fallback,1452,75,1065,155,,1
1492,1520530806.0027244,1,tracking-lost-essential-fallback,1453,75,1065,154,,1
1493,1520530806.0527253,1,tracking-lost-essential-fallback,1454,75,1065,141,,1
1494,1520530806.1027272,1,tracking-lost-essential-fallback,1455,75,1065,160,,1
1495,1520530806.1527295,1,tracking-lost-essential-fallback,1456,75,1065,214,,1
1496,1520530806.2027304,1,tracking-lost-essential-fallback,1457,75,1065,157,,1
1497,1520530806.2527323,1,tracking-lost-essential-fallback,1458,75,1065,203,,1
1498,1520530806.3027334,1,tracking-lost-essential-fallback,1459,75,1065,166,,1
1499,1520530806.3527353,1,tracking-lost-essential-fallback,1460,75,1065,177,,1
1500,1520530806.4028976,1,tracking-lost-essential-fallback,1461,75,1065,124,,1
1501,1520530806.4528997,1,tracking-lost-essential-fallback,1462,75,1065,182,,1
1502,1520530806.5029016,1,tracking-lost-essential-fallback,1463,75,1065,121,,1
1503,1520530806.5529034,1,tracking-lost-essential-fallback,1464,75,1065,172,,1
1504,1520530806.6029046,1,tracking-lost-essential-fallback,1465,75,1065,125,,1
1505,1520530806.6529067,1,tracking-lost-essential-fallback,1466,75,1065,117,,1
1506,1520530806.7029085,1,tracking-lost-essential-fallback,1467,75,1065,149,,1
1507,1520530806.7529087,1,tracking-lost-essential-fallback,1468,75,1065,131,,1
1508,1520530806.8030257,1,tracking-lost-essential-fallback,1469,75,1065,168,,1
1509,1520530806.8530269,1,tracking-lost-essential-fallback,1470,75,1065,199,,1
1510,1520530806.90303,1,tracking-lost-essential-fallback,1471,75,1065,212,,1
1511,1520530806.9530308,1,tracking-lost-essential-fallback,1472,75,1065,239,,1
1512,1520530807.003032,1,tracking-lost-essential-fallback,1473,75,1065,153,,1
1513,1520530807.0530338,1,tracking-lost-essential-fallback,1474,75,1065,167,,1
1514,1520530807.103035,1,tracking-lost-essential-fallback,1475,75,1065,156,,1
1515,1520530807.1530368,1,tracking-lost-essential-fallback,1476,75,1065,156,,1
1516,1520530807.2028432,1,tracking-lost-essential-fallback,1477,75,1065,137,,1
1517,1520530807.252841,1,tracking-lost-essential-fallback,1478,75,1065,167,,1
1518,1520530807.3028421,1,tracking-lost-essential-fallback,1479,75,1065,157,,1
1519,1520530807.3528442,1,tracking-lost-essential-fallback,1480,75,1065,176,,1
1520,1520530807.402846,1,tracking-lost-essential-fallback,1481,75,1065,172,,1
1521,1520530807.4528472,1,tracking-lost-essential-fallback,1482,75,1065,188,,1
1522,1520530807.502849,1,tracking-lost-essential-fallback,1483,75,1065,172,,1
1523,1520530807.55285,1,tracking-lost-essential-fallback,1484,75,1065,142,,1
1524,1520530807.6027217,1,tracking-lost-essential-fallback,1485,75,1065,154,,1
1525,1520530807.6527228,1,tracking-lost-essential-fallback,1486,75,1065,185,,1
1526,1520530807.7027247,1,tracking-lost-essential-fallback,1487,75,1065,140,,1
1527,1520530807.7527258,1,tracking-lost-essential-fallback,1488,75,1065,155,,1
1528,1520530807.8027277,1,tracking-lost-essential-fallback,1489,75,1065,141,,1
1529,1520530807.8527298,1,tracking-lost-essential-fallback,1490,75,1065,152,,1
1530,1520530807.902731,1,tracking-lost-essential-fallback,1491,75,1065,216,,1
1531,1520530807.9527328,1,tracking-lost-essential-fallback,1492,75,1065,208,,1
1532,1520530808.0028126,1,tracking-lost-essential-fallback,1493,75,1065,160,,1
1533,1520530808.0528145,1,tracking-lost-essential-fallback,1494,75,1065,115,,1
1534,1520530808.1028156,1,tracking-lost-essential-fallback,1495,75,1065,92,,1
1535,1520530808.1528184,1,tracking-lost-essential-fallback,1496,75,1065,154,,1
1536,1520530808.2028193,1,tracking-lost-essential-fallback,1497,75,1065,92,,1
1537,1520530808.2528205,1,tracking-lost-essential-fallback,1498,75,1065,146,,1
1538,1520530808.3028226,1,tracking-lost-essential-fallback,1499,75,1065,81,,1
1539,1520530808.3528244,1,tracking-lost-essential-fallback,1500,75,1065,85,,1
1540,1520530808.4028265,1,tracking-lost-essential-fallback,1501,75,1065,80,,1
1541,1520530808.452991,1,tracking-lost-essential-fallback,1502,75,1065,56,,1
1542,1520530808.5029922,1,tracking-lost-const-vel,1503,75,1065,,,1
1543,1520530808.5529943,1,tracking-lost-essential-fallback,1504,75,1065,101,,1
1544,1520530808.6029954,1,tracking-lost-essential-fallback,1505,75,1065,72,,1
1545,1520530808.6529992,1,tracking-lost-essential-fallback,1506,75,1065,63,,1
1546,1520530808.702999,1,tracking-lost-essential-fallback,1507,75,1065,80,,1
1547,1520530808.7530003,1,tracking-lost-essential-fallback,1508,75,1065,61,,1
1548,1520530808.803002,1,tracking-lost-essential-fallback,1509,75,1065,60,,1
1549,1520530808.8529894,1,tracking-lost-essential-fallback,1510,75,1065,49,,1
1550,1520530808.9028986,1,tracking-lost-essential-fallback,1511,75,1065,51,,1
1551,1520530808.9529004,1,tracking-lost-essential-fallback,1512,75,1065,57,,1
1552,1520530809.0029023,1,tracking-lost-essential-fallback,1513,75,1065,87,,1
1553,1520530809.0529034,1,tracking-lost-essential-fallback,1514,75,1065,79,,1
1554,1520530809.1029055,1,tracking-lost-essential-fallback,1515,75,1065,78,,1
1555,1520530809.1529064,1,tracking-lost-essential-fallback,1516,75,1065,63,,1
1556,1520530809.2029085,1,tracking-lost-essential-fallback,1517,75,1065,72,,1
1557,1520530809.2526226,1,tracking-lost-const-vel,1518,75,1065,,,1
1558,1520530809.3026247,1,tracking-lost-essential-fallback,1519,75,1065,46,,1
1559,1520530809.3526266,1,tracking-lost-essential-fallback,1520,75,1065,59,,1
1560,1520530809.4026277,1,tracking-lost-essential-fallback,1521,75,1065,47,,1
1561,1520530809.4526296,1,tracking-lost-essential-fallback,1522,75,1065,47,,1
1562,1520530809.5026307,1,tracking-lost-const-vel,1523,75,1065,,,1
1563,1520530809.5526326,1,tracking-lost-const-vel,1524,75,1065,,,1
1564,1520530809.6026335,1,tracking-lost-const-vel,1525,75,1065,,,1
1565,1520530809.652634,1,tracking-lost-const-vel,1526,75,1065,,,1
1566,1520530809.7026358,1,tracking-lost-const-vel,1527,75,1065,,,1
1567,1520530809.7526367,1,tracking-lost-const-vel,1528,75,1065,,,1
1568,1520530809.802639,1,tracking-lost-const-vel,1529,75,1065,,,1
1569,1520530809.8526409,1,tracking-lost-const-vel,1530,75,1065,,,1
1570,1520530809.9026418,1,tracking-lost-essential-fallback,1531,75,1065,46,,1
1571,1520530809.9526439,1,tracking-lost-essential-fallback,1532,75,1065,45,,1
1572,1520530810.0026448,1,tracking-lost-essential-fallback,1533,75,1065,69,,1
1573,1520530810.0531976,1,tracking-lost-essential-fallback,1534,75,1065,87,,1
1574,1520530810.1031985,1,tracking-lost-essential-fallback,1535,75,1065,138,,1
1575,1520530810.1532006,1,tracking-lost-essential-fallback,1536,75,1065,144,,1
1576,1520530810.2032015,1,tracking-lost-essential-fallback,1537,75,1065,150,,1
1577,1520530810.2532067,1,tracking-lost-essential-fallback,1538,75,1065,151,,1
1578,1520530810.3032057,1,tracking-lost-essential-fallback,1539,75,1065,178,,1
1579,1520530810.3532066,1,tracking-lost-essential-fallback,1540,75,1065,167,,1
1580,1520530810.4032078,1,tracking-lost-essential-fallback,1541,75,1065,104,,1
1581,1520530810.4533393,1,tracking-lost-essential-fallback,1542,75,1065,129,,1
1582,1520530810.5032763,1,tracking-lost-essential-fallback,1543,75,1065,65,,1
1583,1520530810.5532773,1,tracking-lost-essential-fallback,1544,75,1065,188,,1
1584,1520530810.603279,1,tracking-lost-essential-fallback,1545,75,1065,53,,1
1585,1520530810.6532803,1,tracking-lost-essential-fallback,1546,75,1065,174,,1
1586,1520530810.7032824,1,tracking-lost-essential-fallback,1547,75,1065,127,,1
1587,1520530810.7532835,1,tracking-lost-essential-fallback,1548,75,1065,166,,1
1588,1520530810.8032854,1,tracking-lost-essential-fallback,1549,75,1065,182,,1
1589,1520530810.8532863,1,tracking-lost-essential-fallback,1550,75,1065,179,,1
1590,1520530810.903262,1,tracking-lost-essential-fallback,1551,75,1065,128,,1
1591,1520530810.9532638,1,tracking-lost-essential-fallback,1552,75,1065,220,,1
1592,1520530811.003265,1,tracking-lost-essential-fallback,1553,75,1065,273,,1
1593,1520530811.0532668,1,tracking-lost-essential-fallback,1554,75,1065,161,,1
1594,1520530811.1032677,1,tracking-lost-essential-fallback,1555,75,1065,185,,1
1595,1520530811.1532698,1,tracking-lost-essential-fallback,1556,75,1065,137,,1
1596,1520530811.2032707,1,tracking-lost-essential-fallback,1557,75,1065,144,,1
1597,1520530811.2532728,1,tracking-lost-essential-fallback,1558,75,1065,160,,1
1598,1520530811.3031235,1,tracking-lost-essential-fallback,1559,75,1065,142,,1
1599,1520530811.3531256,1,tracking-lost-essential-fallback,1560,75,1065,195,,1
1600,1520530811.4031274,1,tracking-lost-essential-fallback,1561,75,1065,196,,1
1601,1520530811.4531295,1,tracking-lost-essential-fallback,1562,75,1065,205,,1
1602,1520530811.5031304,1,tracking-lost-essential-fallback,1563,75,1065,190,,1
1603,1520530811.5531323,1,tracking-lost-essential-fallback,1564,75,1065,219,,1
1604,1520530811.6031346,1,tracking-lost-essential-fallback,1565,75,1065,156,,1
1605,1520530811.6531355,1,tracking-lost-essential-fallback,1566,75,1065,223,,1
1606,1520530811.703139,1,tracking-lost-essential-fallback,1567,75,1065,181,,1
1607,1520530811.7531412,1,tracking-lost-essential-fallback,1568,75,1065,166,,1
1608,1520530811.8031423,1,tracking-lost-essential-fallback,1569,75,1065,123,,1
1609,1520530811.8531442,1,tracking-lost-essential-fallback,1570,75,1065,149,,1
1610,1520530811.9031482,1,tracking-lost-essential-fallback,1571,75,1065,237,,1
1611,1520530811.9531472,1,tracking-lost-essential-fallback,1572,75,1065,196,,1
1612,1520530812.003149,1,tracking-lost-essential-fallback,1573,75,1065,226,,1
1613,1520530812.053188,1,tracking-lost-essential-fallback,1574,75,1065,201,,1
1614,1520530812.1031063,1,tracking-lost-essential-fallback,1575,75,1065,170,,1
1615,1520530812.1531084,1,tracking-lost-essential-fallback,1576,75,1065,186,,1
1616,1520530812.2031102,1,tracking-lost-essential-fallback,1577,75,1065,168,,1
1617,1520530812.2531111,1,tracking-lost-essential-fallback,1578,75,1065,159,,1
1618,1520530812.3031132,1,tracking-lost-essential-fallback,1579,75,1065,216,,1
1619,1520530812.3531141,1,tracking-lost-essential-fallback,1580,75,1065,246,,1
1620,1520530812.4031162,1,tracking-lost-essential-fallback,1581,75,1065,248,,1
1621,1520530812.4531174,1,tracking-lost-essential-fallback,1582,75,1065,220,,1
1622,1520530812.5031784,1,tracking-lost-essential-fallback,1583,75,1065,209,,1
1623,1520530812.5531793,1,tracking-lost-essential-fallback,1584,75,1065,243,,1
1624,1520530812.6031811,1,tracking-lost-essential-fallback,1585,75,1065,213,,1
1625,1520530812.6531832,1,tracking-lost-essential-fallback,1586,75,1065,310,,1
1626,1520530812.7031841,1,tracking-lost-essential-fallback,1587,75,1065,218,,1
1627,1520530812.7531862,1,tracking-lost-essential-fallback,1588,75,1065,226,,1
1628,1520530812.8031883,1,tracking-lost-essential-fallback,1589,75,1065,194,,1
1629,1520530812.8531892,1,tracking-lost-essential-fallback,1590,75,1065,207,,1
1630,1520530812.9031904,1,tracking-lost-essential-fallback,1591,75,1065,198,,1
1631,1520530812.9530814,1,tracking-lost-essential-fallback,1592,75,1065,187,,1
1632,1520530813.0030835,1,tracking-lost-essential-fallback,1593,75,1065,207,,1
1633,1520530813.0530846,1,tracking-lost-essential-fallback,1594,75,1065,198,,1
1634,1520530813.1030865,1,tracking-lost-essential-fallback,1595,75,1065,212,,1
1635,1520530813.1530883,1,tracking-lost-essential-fallback,1596,75,1065,133,,1
1636,1520530813.2030895,1,tracking-lost-essential-fallback,1597,75,1065,156,,1
1637,1520530813.2530913,1,tracking-lost-essential-fallback,1598,75,1065,128,,1
1638,1520530813.3030934,1,tracking-lost-essential-fallback,1599,75,1065,133,,1
1639,1520530813.3528688,1,tracking-lost-essential-fallback,1600,75,1065,156,,1
1640,1520530813.4028697,1,tracking-lost-essential-fallback,1601,75,1065,137,,1
1641,1520530813.4528718,1,tracking-lost-essential-fallback,1602,75,1065,136,,1
1642,1520530813.5028727,1,tracking-lost-essential-fallback,1603,75,1065,90,,1
1643,1520530813.5528746,1,tracking-lost-essential-fallback,1604,75,1065,113,,1
1644,1520530813.6028767,1,tracking-lost-essential-fallback,1605,75,1065,109,,1
1645,1520530813.6528866,1,tracking-lost-essential-fallback,1606,75,1065,181,,1
1646,1520530813.7028785,1,tracking-lost-essential-fallback,1607,75,1065,89,,1
1647,1520530813.7528784,1,tracking-lost-essential-fallback,1608,75,1065,135,,1
1648,1520530813.8028803,1,tracking-lost-essential-fallback,1609,75,1065,240,,1
1649,1520530813.8528814,1,tracking-lost-essential-fallback,1610,75,1065,190,,1
1650,1520530813.9028835,1,tracking-lost-essential-fallback,1611,75,1065,129,,1
1651,1520530813.9528844,1,tracking-lost-essential-fallback,1612,75,1065,116,,1
1652,1520530814.0028865,1,tracking-lost-essential-fallback,1613,75,1065,114,,1
1653,1520530814.0528874,1,tracking-lost-essential-fallback,1614,75,1065,131,,1
1654,1520530814.1028893,1,tracking-lost-essential-fallback,1615,75,1065,97,,1
1655,1520530814.1533833,1,tracking-lost-essential-fallback,1616,75,1065,108,,1
1656,1520530814.203385,1,tracking-lost-essential-fallback,1617,75,1065,211,,1
1657,1520530814.2533872,1,tracking-lost-essential-fallback,1618,75,1065,203,,1
1658,1520530814.3033884,1,tracking-lost-essential-fallback,1619,75,1065,223,,1
1659,1520530814.3533902,1,tracking-lost-essential-fallback,1620,75,1065,203,,1
1660,1520530814.403392,1,tracking-lost-essential-fallback,1621,75,1065,209,,1
1661,1520530814.4533932,1,tracking-lost-essential-fallback,1622,75,1065,132,,1
1662,1520530814.5033941,1,tracking-lost-essential-fallback,1623,75,1065,177,,1
1663,1520530814.5533657,1,tracking-lost-essential-fallback,1624,75,1065,204,,1
1664,1520530814.6033676,1,tracking-lost-essential-fallback,1625,75,1065,199,,1
1665,1520530814.6533694,1,tracking-lost-essential-fallback,1626,75,1065,193,,1
1666,1520530814.7033706,1,tracking-lost-essential-fallback,1627,75,1065,192,,1
1667,1520530814.7533715,1,tracking-lost-essential-fallback,1628,75,1065,200,,1
1668,1520530814.8033733,1,tracking-lost-essential-fallback,1629,75,1065,143,,1
1669,1520530814.8533757,1,tracking-lost-essential-fallback,1630,75,1065,144,,1
1670,1520530814.9033766,1,tracking-lost-essential-fallback,1631,75,1065,165,,1
1671,1520530814.9531891,1,tracking-lost-essential-fallback,1632,75,1065,165,,1
1672,1520530815.0031872,1,tracking-lost-essential-fallback,1633,75,1065,175,,1
1673,1520530815.0531893,1,tracking-lost-essential-fallback,1634,75,1065,148,,1
1674,1520530815.1031904,1,tracking-lost-essential-fallback,1635,75,1065,133,,1
1675,1520530815.1531923,1,tracking-lost-essential-fallback,1636,75,1065,163,,1
1676,1520530815.2031934,1,tracking-lost-essential-fallback,1637,75,1065,149,,1
1677,1520530815.2531953,1,tracking-lost-essential-fallback,1638,75,1065,192,,1
1678,1520530815.3031962,1,tracking-lost-essential-fallback,1639,75,1065,189,,1
1679,1520530815.3531985,1,tracking-lost-essential-fallback,1640,75,1065,126,,1
1680,1520530815.4030647,1,tracking-lost-essential-fallback,1641,75,1065,144,,1
1681,1520530815.4530656,1,tracking-lost-essential-fallback,1642,75,1065,149,,1
1682,1520530815.5030677,1,tracking-lost-essential-fallback,1643,75,1065,159,,1
1683,1520530815.5530686,1,tracking-lost-essential-fallback,1644,75,1065,152,,1
1684,1520530815.6030705,1,tracking-lost-essential-fallback,1645,75,1065,179,,1
1685,1520530815.6530716,1,tracking-lost-essential-fallback,1646,75,1065,167,,1
1686,1520530815.7030737,1,tracking-lost-essential-fallback,1647,75,1065,176,,1
1687,1520530815.753075,1,tracking-lost-essential-fallback,1648,75,1065,156,,1
1688,1520530815.8030663,1,tracking-lost-essential-fallback,1649,75,1065,172,,1
1689,1520530815.853068,1,tracking-lost-essential-fallback,1650,75,1065,183,,1
1690,1520530815.9030693,1,tracking-lost-essential-fallback,1651,75,1065,77,,1
1691,1520530815.953071,1,tracking-lost-essential-fallback,1652,75,1065,193,,1
1692,1520530816.0030723,1,tracking-lost-essential-fallback,1653,75,1065,165,,1
1693,1520530816.0530744,1,tracking-lost-essential-fallback,1654,75,1065,170,,1
1694,1520530816.1030753,1,tracking-lost-essential-fallback,1655,75,1065,114,,1
1695,1520530816.1530774,1,tracking-lost-essential-fallback,1656,75,1065,136,,1
1696,1520530816.2031953,1,tracking-lost-essential-fallback,1657,75,1065,113,,1
1697,1520530816.2531965,1,tracking-lost-essential-fallback,1658,75,1065,119,,1
1698,1520530816.3031983,1,tracking-lost-essential-fallback,1659,75,1065,103,,1
1699,1520530816.3532002,1,tracking-lost-essential-fallback,1660,75,1065,45,,1
1700,1520530816.4032013,1,tracking-lost-essential-fallback,1661,75,1065,86,,1
1701,1520530816.4532022,1,tracking-lost-essential-fallback,1662,75,1065,79,,1
1702,1520530816.5032053,1,tracking-lost-essential-fallback,1663,75,1065,69,,1
1703,1520530816.5532053,1,tracking-lost-essential-fallback,1664,75,1065,46,,1
1704,1520530816.60326,1,tracking-lost-essential-fallback,1665,75,1065,54,,1
1705,1520530816.653262,1,tracking-lost-essential-fallback,1666,75,1065,63,,1
1706,1520530816.703268,1,tracking-lost-essential-fallback,1667,75,1065,62,,1
1707,1520530816.753265,1,tracking-lost-essential-fallback,1668,75,1065,72,,1
1708,1520530816.8032658,1,tracking-lost-essential-fallback,1669,75,1065,59,,1
1709,1520530816.853268,1,tracking-lost-essential-fallback,1670,75,1065,71,,1
1710,1520530816.90327,1,tracking-lost-essential-fallback,1671,75,1065,69,,1
1711,1520530816.953271,1,tracking-lost-essential-fallback,1672,75,1065,61,,1
1712,1520530817.0029767,1,tracking-lost-essential-fallback,1673,75,1065,60,,1
1713,1520530817.0529778,1,tracking-lost-essential-fallback,1674,75,1065,49,,1
1714,1520530817.1029797,1,tracking-lost-const-vel,1675,75,1065,,,1
1715,1520530817.1529806,1,tracking-lost-essential-fallback,1676,75,1065,55,,1
1716,1520530817.2029827,1,tracking-lost-const-vel,1677,75,1065,,,1
1717,1520530817.2529836,1,tracking-lost-essential-fallback,1678,75,1065,54,,1
1718,1520530817.3029857,1,tracking-lost-essential-fallback,1679,75,1065,54,,1
1719,1520530817.3529868,1,tracking-lost-const-vel,1680,75,1065,,,1
1720,1520530817.4029887,1,tracking-lost-essential-fallback,1681,75,1065,41,,1
1721,1520530817.4529147,1,tracking-lost-const-vel,1682,75,1065,,,1
1722,1520530817.5029156,1,tracking-lost-const-vel,1683,75,1065,,,1
1723,1520530817.552918,1,tracking-lost-const-vel,1684,75,1065,,,1
1724,1520530817.6029198,1,tracking-lost-const-vel,1685,75,1065,,,1
1725,1520530817.6529207,1,tracking-lost-const-vel,1686,75,1065,,,1
1726,1520530817.7029219,1,tracking-lost-const-vel,1687,75,1065,,,1
1727,1520530817.7529237,1,tracking-lost-const-vel,1688,75,1065,,,1
1728,1520530817.8029256,1,tracking-lost-essential-fallback,1689,75,1065,66,,1
1729,1520530817.8534915,1,tracking-lost-essential-fallback,1690,75,1065,59,,1
1730,1520530817.9034927,1,tracking-lost-essential-fallback,1691,75,1065,99,,1
1731,1520530817.9534945,1,tracking-lost-essential-fallback,1692,75,1065,187,,1
1732,1520530818.0034966,1,tracking-lost-essential-fallback,1693,75,1065,144,,1
1733,1520530818.0534978,1,tracking-lost-essential-fallback,1694,75,1065,219,,1
1734,1520530818.1034997,1,tracking-lost-essential-fallback,1695,75,1065,192,,1
1735,1520530818.1535008,1,tracking-lost-essential-fallback,1696,75,1065,117,,1
1736,1520530818.2035017,1,tracking-lost-essential-fallback,1697,75,1065,130,,1
1737,1520530818.253753,1,tracking-lost-essential-fallback,1698,75,1065,150,,1
1738,1520530818.3037558,1,tracking-lost-essential-fallback,1699,75,1065,171,,1
1739,1520530818.353756,1,tracking-lost-essential-fallback,1700,75,1065,118,,1
1740,1520530818.4037578,1,tracking-lost-essential-fallback,1701,75,1065,185,,1
1741,1520530818.453759,1,tracking-lost-essential-fallback,1702,75,1065,159,,1
1742,1520530818.503834,1,tracking-lost-essential-fallback,1703,75,1065,151,,1
1743,1520530818.553762,1,tracking-lost-essential-fallback,1704,75,1065,288,,1
1744,1520530818.603764,1,tracking-lost-essential-fallback,1705,75,1065,215,,1
1745,1520530818.6536024,1,tracking-lost-essential-fallback,1706,75,1065,146,,1
1746,1520530818.7036042,1,tracking-lost-essential-fallback,1707,75,1065,86,,1
1747,1520530818.7536054,1,tracking-lost-essential-fallback,1708,75,1065,220,,1
1748,1520530818.8036075,1,tracking-lost-essential-fallback,1709,75,1065,158,,1
1749,1520530818.8536084,1,tracking-lost-essential-fallback,1710,75,1065,246,,1
1750,1520530818.9036105,1,tracking-lost-essential-fallback,1711,75,1065,333,,1
1751,1520530818.9536114,1,tracking-lost-essential-fallback,1712,75,1065,287,,1
1752,1520530819.0036132,1,tracking-lost-essential-fallback,1713,75,1065,240,,1
1753,1520530819.0534546,1,tracking-lost-essential-fallback,1714,75,1065,247,,1
1754,1520530819.1034558,1,tracking-lost-essential-fallback,1715,75,1065,230,,1
1755,1520530819.1534576,1,tracking-lost-essential-fallback,1716,75,1065,226,,1
1756,1520530819.2034585,1,tracking-lost-essential-fallback,1717,75,1065,126,,1
1757,1520530819.253461,1,tracking-lost-essential-fallback,1718,75,1065,154,,1
1758,1520530819.3034627,1,tracking-lost-essential-fallback,1719,75,1065,141,,1
1759,1520530819.3534636,1,tracking-lost-essential-fallback,1720,75,1065,224,,1
1760,1520530819.4034657,1,tracking-lost-essential-fallback,1721,75,1065,203,,1
1761,1520530819.4533625,1,tracking-lost-essential-fallback,1722,75,1065,180,,1
1762,1520530819.5033636,1,tracking-lost-essential-fallback,1723,75,1065,166,,1
1763,1520530819.5533657,1,tracking-lost-essential-fallback,1724,75,1065,138,,1
1764,1520530819.6033666,1,tracking-lost-essential-fallback,1725,75,1065,157,,1
1765,1520530819.6533687,1,tracking-lost-essential-fallback,1726,75,1065,181,,1
1766,1520530819.7033696,1,tracking-lost-essential-fallback,1727,75,1065,241,,1
1767,1520530819.7533746,1,tracking-lost-essential-fallback,1728,75,1065,152,,1
1768,1520530819.8033726,1,tracking-lost-essential-fallback,1729,75,1065,186,,1
1769,1520530819.8533745,1,tracking-lost-essential-fallback,1730,75,1065,212,,1
1770,1520530819.9033248,1,tracking-lost-essential-fallback,1731,75,1065,195,,1
1771,1520530819.9533317,1,tracking-lost-essential-fallback,1732,75,1065,183,,1
1772,1520530820.0033278,1,tracking-lost-essential-fallback,1733,75,1065,178,,1
1773,1520530820.05333,1,tracking-lost-essential-fallback,1734,75,1065,186,,1
1774,1520530820.1033719,1,tracking-lost-essential-fallback,1735,75,1065,220,,1
1775,1520530820.153333,1,tracking-lost-essential-fallback,1736,75,1065,226,,1
1776,1520530820.203335,1,tracking-lost-essential-fallback,1737,75,1065,231,,1
1777,1520530820.253336,1,tracking-lost-essential-fallback,1738,75,1065,175,,1
1778,1520530820.3034666,1,tracking-lost-essential-fallback,1739,75,1065,181,,1
1779,1520530820.3534677,1,tracking-lost-essential-fallback,1740,75,1065,268,,1
1780,1520530820.4034696,1,tracking-lost-essential-fallback,1741,75,1065,261,,1
1781,1520530820.4534705,1,tracking-lost-essential-fallback,1742,75,1065,143,,1
1782,1520530820.5034728,1,tracking-lost-essential-fallback,1743,75,1065,179,,1
1783,1520530820.5534737,1,tracking-lost-essential-fallback,1744,75,1065,211,,1
1784,1520530820.6034756,1,tracking-lost-essential-fallback,1745,75,1065,229,,1
1785,1520530820.6534777,1,tracking-lost-essential-fallback,1746,75,1065,189,,1
1786,1520530820.703377,1,tracking-lost-essential-fallback,1747,75,1065,143,,1
1787,1520530820.7533789,1,tracking-lost-essential-fallback,1748,75,1065,125,,1
1788,1520530820.8033798,1,tracking-lost-essential-fallback,1749,75,1065,110,,1
1789,1520530820.8533819,1,tracking-lost-essential-fallback,1750,75,1065,98,,1
1790,1520530820.9033828,1,tracking-lost-essential-fallback,1751,75,1065,114,,1
1791,1520530820.9533849,1,tracking-lost-essential-fallback,1752,75,1065,111,,1
1792,1520530821.003387,1,tracking-lost-essential-fallback,1753,75,1065,153,,1
1793,1520530821.0533888,1,tracking-lost-essential-fallback,1754,75,1065,136,,1
1794,1520530821.103219,1,tracking-lost-essential-fallback,1755,75,1065,149,,1
1795,1520530821.15322,1,tracking-lost-essential-fallback,1756,75,1065,127,,1
1796,1520530821.203221,1,tracking-lost-essential-fallback,1757,75,1065,133,,1
1797,1520530821.253223,1,tracking-lost-essential-fallback,1758,75,1065,129,,1
1798,1520530821.3032238,1,tracking-lost-essential-fallback,1759,75,1065,173,,1
1799,1520530821.3532262,1,tracking-lost-essential-fallback,1760,75,1065,149,,1
1800,1520530821.403228,1,tracking-lost-essential-fallback,1761,75,1065,161,,1
1801,1520530821.453229,1,tracking-lost-essential-fallback,1762,75,1065,127,,1
1802,1520530821.5034833,1,tracking-lost-essential-fallback,1763,75,1065,131,,1
1803,1520530821.5534854,1,tracking-lost-essential-fallback,1764,75,1065,175,,1
1804,1520530821.6034873,1,tracking-lost-essential-fallback,1765,75,1065,180,,1
1805,1520530821.6534882,1,tracking-lost-essential-fallback,1766,75,1065,169,,1
1806,1520530821.7034953,1,tracking-lost-essential-fallback,1767,75,1065,212,,1
1807,1520530821.7534914,1,tracking-lost-essential-fallback,1768,75,1065,124,,1
1808,1520530821.8034933,1,tracking-lost-essential-fallback,1769,75,1065,114,,1
1809,1520530821.8534944,1,tracking-lost-essential-fallback,1770,75,1065,168,,1
1810,1520530821.9034963,1,tracking-lost-essential-fallback,1771,75,1065,179,,1
1811,1520530821.9538476,1,tracking-lost-essential-fallback,1772,75,1065,187,,1
1812,1520530822.0038497,1,tracking-lost-essential-fallback,1773,75,1065,187,,1
1813,1520530822.0538507,1,tracking-lost-essential-fallback,1774,75,1065,172,,1
1814,1520530822.1038527,1,tracking-lost-essential-fallback,1775,75,1065,203,,1
1815,1520530822.153854,1,tracking-lost-essential-fallback,1776,75,1065,228,,1
1816,1520530822.2038558,1,tracking-lost-essential-fallback,1777,75,1065,206,,1
1817,1520530822.2538576,1,tracking-lost-essential-fallback,1778,75,1065,147,,1
1818,1520530822.3038588,1,tracking-lost-essential-fallback,1779,75,1065,202,,1
1819,1520530822.353643,1,tracking-lost-essential-fallback,1780,75,1065,197,,1
1820,1520530822.4036438,1,tracking-lost-essential-fallback,1781,75,1065,198,,1
1821,1520530822.4536457,1,tracking-lost-essential-fallback,1782,75,1065,159,,1
1822,1520530822.5036469,1,tracking-lost-essential-fallback,1783,75,1065,147,,1
1823,1520530822.5536487,1,tracking-lost-essential-fallback,1784,75,1065,169,,1
1824,1520530822.6036506,1,tracking-lost-essential-fallback,1785,75,1065,188,,1
1825,1520530822.653653,1,tracking-lost-essential-fallback,1786,75,1065,163,,1
1826,1520530822.7036538,1,tracking-lost-essential-fallback,1787,75,1065,129,,1
1827,1520530822.7535,1,tracking-lost-essential-fallback,1788,75,1065,167,,1
1828,1520530822.803502,1,tracking-lost-essential-fallback,1789,75,1065,183,,1
1829,1520530822.8535042,1,tracking-lost-essential-fallback,1790,75,1065,142,,1
1830,1520530822.903505,1,tracking-lost-essential-fallback,1791,75,1065,207,,1
1831,1520530822.9535072,1,tracking-lost-essential-fallback,1792,75,1065,115,,1
1832,1520530823.003508,1,tracking-lost-essential-fallback,1793,75,1065,131,,1
1833,1520530823.05351,1,tracking-lost-essential-fallback,1794,75,1065,139,,1
1834,1520530823.103511,1,tracking-lost-essential-fallback,1795,75,1065,151,,1
1835,1520530823.1533222,1,tracking-lost-essential-fallback,1796,75,1065,97,,1
1836,1520530823.2033231,1,tracking-lost-essential-fallback,1797,75,1065,138,,1
1837,1520530823.2533255,1,tracking-lost-essential-fallback,1798,75,1065,194,,1
1838,1520530823.3033273,1,tracking-lost-essential-fallback,1799,75,1065,133,,1
1839,1520530823.3533282,1,tracking-lost-essential-fallback,1800,75,1065,167,,1
1840,1520530823.4033303,1,tracking-lost-essential-fallback,1801,75,1065,186,,1
1841,1520530823.4533312,1,tracking-lost-essential-fallback,1802,75,1065,126,,1
1842,1520530823.5033333,1,tracking-lost-essential-fallback,1803,75,1065,199,,1
1843,1520530823.5533078,1,tracking-lost-essential-fallback,1804,75,1065,157,,1
1844,1520530823.6033096,1,tracking-lost-essential-fallback,1805,75,1065,173,,1
1845,1520530823.6533108,1,tracking-lost-essential-fallback,1806,75,1065,186,,1
1846,1520530823.7033126,1,tracking-lost-essential-fallback,1807,75,1065,227,,1
1847,1520530823.7533135,1,tracking-lost-essential-fallback,1808,75,1065,220,,1
1848,1520530823.8033159,1,tracking-lost-essential-fallback,1809,75,1065,175,,1
1849,1520530823.8533177,1,tracking-lost-essential-fallback,1810,75,1065,187,,1
1850,1520530823.9033186,1,tracking-lost-essential-fallback,1811,75,1065,159,,1
1851,1520530823.953421,1,tracking-lost-essential-fallback,1812,75,1065,194,,1
1852,1520530824.003422,1,tracking-lost-essential-fallback,1813,75,1065,148,,1
1853,1520530824.0534241,1,tracking-lost-essential-fallback,1814,75,1065,122,,1
1854,1520530824.1034262,1,tracking-lost-essential-fallback,1815,75,1065,90,,1
1855,1520530824.1534271,1,tracking-lost-essential-fallback,1816,75,1065,88,,1
1856,1520530824.2034292,1,tracking-lost-essential-fallback,1817,75,1065,64,,1
1857,1520530824.2534301,1,tracking-lost-essential-fallback,1818,75,1065,62,,1
1858,1520530824.303432,1,tracking-lost-essential-fallback,1819,75,1065,60,,1
1859,1520530824.3534331,1,tracking-lost-essential-fallback,1820,75,1065,92,,1
1860,1520530824.4035232,1,tracking-lost-essential-fallback,1821,75,1065,64,,1
1861,1520530824.453525,1,tracking-lost-essential-fallback,1822,75,1065,97,,1
1862,1520530824.503527,1,tracking-lost-essential-fallback,1823,75,1065,102,,1
1863,1520530824.553528,1,tracking-lost-essential-fallback,1824,75,1065,88,,1
1864,1520530824.603529,1,tracking-lost-essential-fallback,1825,75,1065,74,,1
1865,1520530824.653531,1,tracking-lost-essential-fallback,1826,75,1065,47,,1
1866,1520530824.7035322,1,tracking-lost-essential-fallback,1827,75,1065,85,,1
1867,1520530824.753536,1,tracking-lost-essential-fallback,1828,75,1065,76,,1
1868,1520530824.8033783,1,tracking-lost-essential-fallback,1829,75,1065,60,,1
1869,1520530824.8533792,1,tracking-lost-essential-fallback,1830,75,1065,47,,1
1870,1520530824.903381,1,tracking-lost-essential-fallback,1831,75,1065,62,,1
1871,1520530824.953473,1,tracking-lost-essential-fallback,1832,75,1065,48,,1
1872,1520530825.003384,1,tracking-lost-essential-fallback,1833,75,1065,48,,1
1873,1520530825.0533853,1,tracking-lost-essential-fallback,1834,75,1065,43,,1
1874,1520530825.103387,1,tracking-lost-essential-fallback,1835,75,1065,52,,1
1875,1520530825.153388,1,tracking-lost-essential-fallback,1836,75,1065,56,,1
1876,1520530825.2031822,1,tracking-lost-const-vel,1837,75,1065,,,1
1877,1520530825.2531834,1,tracking-lost-essential-fallback,1838,75,1065,51,,1
1878,1520530825.3031852,1,tracking-lost-essential-fallback,1839,75,1065,56,,1
1879,1520530825.3531861,1,tracking-lost-essential-fallback,1840,75,1065,42,,1
1880,1520530825.4031882,1,tracking-lost-const-vel,1841,75,1065,,,1
1881,1520530825.4531903,1,tracking-lost-const-vel,1842,75,1065,,,1
1882,1520530825.5031912,1,tracking-lost-const-vel,1843,75,1065,,,1
1883,1520530825.5531933,1,tracking-lost-const-vel,1844,75,1065,,,1
1884,1520530825.603213,1,tracking-lost-const-vel,1845,75,1065,,,1
1885,1520530825.6532152,1,tracking-lost-essential-fallback,1846,75,1065,40,,1
1886,1520530825.7032163,1,tracking-lost-essential-fallback,1847,75,1065,49,,1
1887,1520530825.7532182,1,tracking-lost-const-vel,1848,75,1065,,,1
1888,1520530825.80322,1,tracking-lost-essential-fallback,1849,75,1065,47,,1
1889,1520530825.8532212,1,tracking-lost-essential-fallback,1850,75,1065,75,,1
1890,1520530825.903223,1,tracking-lost-essential-fallback,1851,75,1065,60,,1
1891,1520530825.9532251,1,tracking-lost-essential-fallback,1852,75,1065,55,,1
1892,1520530826.0039356,1,tracking-lost-essential-fallback,1853,75,1065,100,,1
1893,1520530826.0539355,1,tracking-lost-essential-fallback,1854,75,1065,116,,1
1894,1520530826.1039383,1,tracking-lost-essential-fallback,1855,75,1065,113,,1
1895,1520530826.1539395,1,tracking-lost-essential-fallback,1856,75,1065,134,,1
1896,1520530826.2039404,1,tracking-lost-essential-fallback,1857,75,1065,121,,1
1897,1520530826.2539423,1,tracking-lost-essential-fallback,1858,75,1065,176,,1
1898,1520530826.3039446,1,tracking-lost-essential-fallback,1859,75,1065,147,,1
1899,1520530826.3539455,1,tracking-lost-essential-fallback,1860,75,1065,173,,1
1900,1520530826.4040234,1,tracking-lost-essential-fallback,1861,75,1065,93,,1
1901,1520530826.4540243,1,tracking-lost-essential-fallback,1862,75,1065,216,,1
1902,1520530826.5040252,1,tracking-lost-essential-fallback,1863,75,1065,150,,1
1903,1520530826.554083,1,tracking-lost-essential-fallback,1864,75,1065,166,,1
1904,1520530826.6040292,1,tracking-lost-essential-fallback,1865,75,1065,180,,1
1905,1520530826.65403,1,tracking-lost-essential-fallback,1866,75,1065,162,,1
1906,1520530826.7040324,1,tracking-lost-essential-fallback,1867,75,1065,145,,1
1907,1520530826.7540333,1,tracking-lost-essential-fallback,1868,75,1065,146,,1
1908,1520530826.8040352,1,tracking-lost-essential-fallback,1869,75,1065,220,,1
1909,1520530826.853659,1,tracking-lost-essential-fallback,1870,75,1065,159,,1
1910,1520530826.903661,1,tracking-lost-essential-fallback,1871,75,1065,217,,1
1911,1520530826.9536622,1,tracking-lost-essential-fallback,1872,75,1065,231,,1
1912,1520530827.003664,1,tracking-lost-essential-fallback,1873,75,1065,140,,1
1913,1520530827.053666,1,tracking-lost-essential-fallback,1874,75,1065,162,,1
1914,1520530827.103667,1,tracking-lost-essential-fallback,1875,75,1065,185,,1
1915,1520530827.1536689,1,tracking-lost-essential-fallback,1876,75,1065,187,,1
1916,1520530827.20367,1,tracking-lost-essential-fallback,1877,75,1065,135,,1
1917,1520530827.2536373,1,tracking-lost-essential-fallback,1878,75,1065,219,,1
1918,1520530827.3036382,1,tracking-lost-essential-fallback,1879,75,1065,165,,1
1919,1520530827.3536403,1,tracking-lost-essential-fallback,1880,75,1065,159,,1
1920,1520530827.4036422,1,tracking-lost-essential-fallback,1881,75,1065,160,,1
1921,1520530827.453643,1,tracking-lost-essential-fallback,1882,75,1065,161,,1
1922,1520530827.5036452,1,tracking-lost-essential-fallback,1883,75,1065,153,,1
1923,1520530827.5536473,1,tracking-lost-essential-fallback,1884,75,1065,224,,1
1924,1520530827.6036482,1,tracking-lost-essential-fallback,1885,75,1065,244,,1
1925,1520530827.6535933,1,tracking-lost-essential-fallback,1886,75,1065,202,,1
1926,1520530827.7035952,1,tracking-lost-essential-fallback,1887,75,1065,189,,1
1927,1520530827.7535963,1,tracking-lost-essential-fallback,1888,75,1065,204,,1
1928,1520530827.8035982,1,tracking-lost-essential-fallback,1889,75,1065,193,,1
1929,1520530827.8535993,1,tracking-lost-essential-fallback,1890,75,1065,211,,1
1930,1520530827.9036002,1,tracking-lost-essential-fallback,1891,75,1065,200,,1
1931,1520530827.953602,1,tracking-lost-essential-fallback,1892,75,1065,176,,1
1932,1520530828.0036044,1,tracking-lost-essential-fallback,1893,75,1065,249,,1
1933,1520530828.0535731,1,tracking-lost-essential-fallback,1894,75,1065,214,,1
1934,1520530828.103574,1,tracking-lost-essential-fallback,1895,75,1065,207,,1
1935,1520530828.1535933,1,tracking-lost-essential-fallback,1896,75,1065,186,,1
1936,1520530828.2035782,1,tracking-lost-essential-fallback,1897,75,1065,202,,1
1937,1520530828.2535791,1,tracking-lost-essential-fallback,1898,75,1065,170,,1
1938,1520530828.303581,1,tracking-lost-essential-fallback,1899,75,1065,127,,1
1939,1520530828.3535821,1,tracking-lost-essential-fallback,1900,75,1065,186,,1
1940,1520530828.403584,1,tracking-lost-essential-fallback,1901,75,1065,154,,1
1941,1520530828.453458,1,tracking-lost-essential-fallback,1902,75,1065,181,,1
1942,1520530828.50346,1,tracking-lost-essential-fallback,1903,75,1065,126,,1
1943,1520530828.553461,1,tracking-lost-essential-fallback,1904,75,1065,106,,1
1944,1520530828.603463,1,tracking-lost-essential-fallback,1905,75,1065,128,,1
1945,1520530828.653465,1,tracking-lost-essential-fallback,1906,75,1065,114,,1
1946,1520530828.7034662,1,tracking-lost-essential-fallback,1907,75,1065,128,,1
1947,1520530828.753468,1,tracking-lost-essential-fallback,1908,75,1065,141,,1
1948,1520530828.803469,1,tracking-lost-essential-fallback,1909,75,1065,154,,1
1949,1520530828.853471,1,tracking-lost-essential-fallback,1910,75,1065,125,,1
1950,1520530828.9032936,1,tracking-lost-essential-fallback,1911,75,1065,152,,1
1951,1520530828.9532945,1,tracking-lost-essential-fallback,1912,75,1065,90,,1
1952,1520530829.0032964,1,tracking-lost-essential-fallback,1913,75,1065,128,,1
1953,1520530829.0532975,1,tracking-lost-essential-fallback,1914,75,1065,89,,1
1954,1520530829.1032994,1,tracking-lost-essential-fallback,1915,75,1065,132,,1
1955,1520530829.1533012,1,tracking-lost-essential-fallback,1916,75,1065,160,,1
1956,1520530829.2033024,1,tracking-lost-essential-fallback,1917,75,1065,137,,1
1957,1520530829.2533045,1,tracking-lost-essential-fallback,1918,75,1065,143,,1
1958,1520530829.3036292,1,tracking-lost-essential-fallback,1919,75,1065,124,,1
1959,1520530829.353631,1,tracking-lost-essential-fallback,1920,75,1065,218,,1
1960,1520530829.4036322,1,tracking-lost-essential-fallback,1921,75,1065,186,,1
1961,1520530829.4536371,1,tracking-lost-essential-fallback,1922,75,1065,185,,1
1962,1520530829.503635,1,tracking-lost-essential-fallback,1923,75,1065,166,,1
1963,1520530829.5536373,1,tracking-lost-essential-fallback,1924,75,1065,151,,1
1964,1520530829.6036391,1,tracking-lost-essential-fallback,1925,75,1065,128,,1
1965,1520530829.65364,1,tracking-lost-essential-fallback,1926,75,1065,145,,1
1966,1520530829.7040498,1,tracking-lost-essential-fallback,1927,75,1065,152,,1
1967,1520530829.7540517,1,tracking-lost-essential-fallback,1928,75,1065,200,,1
1968,1520530829.8040535,1,tracking-lost-essential-fallback,1929,75,1065,227,,1
1969,1520530829.8540547,1,tracking-lost-essential-fallback,1930,75,1065,242,,1
1970,1520530829.9040568,1,tracking-lost-essential-fallback,1931,75,1065,208,,1
1971,1520530829.954058,1,tracking-lost-essential-fallback,1932,75,1065,266,,1
1972,1520530830.0040598,1,tracking-lost-essential-fallback,1933,75,1065,210,,1
1973,1520530830.0540607,1,tracking-lost-essential-fallback,1934,75,1065,215,,1
1974,1520530830.1038156,1,tracking-lost-essential-fallback,1935,75,1065,175,,1
1975,1520530830.1538165,1,tracking-lost-essential-fallback,1936,75,1065,189,,1
1976,1520530830.2038183,1,tracking-lost-essential-fallback,1937,75,1065,174,,1
1977,1520530830.2538204,1,tracking-lost-essential-fallback,1938,75,1065,212,,1
1978,1520530830.3038213,1,tracking-lost-essential-fallback,1939,75,1065,192,,1
1979,1520530830.3538234,1,tracking-lost-essential-fallback,1940,75,1065,185,,1
1980,1520530830.4038246,1,tracking-lost-essential-fallback,1941,75,1065,148,,1
1981,1520530830.4538264,1,tracking-lost-essential-fallback,1942,75,1065,170,,1
1982,1520530830.5036159,1,tracking-lost-essential-fallback,1943,75,1065,167,,1
1983,1520530830.553618,1,tracking-lost-essential-fallback,1944,75,1065,170,,1
1984,1520530830.60362,1,tracking-lost-essential-fallback,1945,75,1065,128,,1
1985,1520530830.6536207,1,tracking-lost-essential-fallback,1946,75,1065,123,,1
1986,1520530830.703623,1,tracking-lost-essential-fallback,1947,75,1065,151,,1
1987,1520530830.753625,1,tracking-lost-essential-fallback,1948,75,1065,99,,1
1988,1520530830.8036268,1,tracking-lost-essential-fallback,1949,75,1065,159,,1
1989,1520530830.853628,1,tracking-lost-essential-fallback,1950,75,1065,139,,1
1990,1520530830.9034624,1,tracking-lost-essential-fallback,1951,75,1065,115,,1
1991,1520530830.9534645,1,tracking-lost-essential-fallback,1952,75,1065,162,,1
1992,1520530831.0034666,1,tracking-lost-essential-fallback,1953,75,1065,134,,1
1993,1520530831.0534675,1,tracking-lost-essential-fallback,1954,75,1065,126,,1
1994,1520530831.1034684,1,tracking-lost-essential-fallback,1955,75,1065,191,,1
1995,1520530831.1534705,1,tracking-lost-essential-fallback,1956,75,1065,176,,1
1996,1520530831.2034724,1,tracking-lost-essential-fallback,1957,75,1065,173,,1
1997,1520530831.2534735,1,tracking-lost-essential-fallback,1958,75,1070,163,,1
1998,1520530831.3034756,1,tracking-lost-essential-fallback,1959,75,1070,151,,1
1999,1520530831.353524,1,tracking-lost-essential-fallback,1960,75,1070,146,,1
2000,1520530831.403624,1,tracking-lost-essential-fallback,1961,75,1070,194,,1
2001,1520530831.4535272,1,tracking-lost-essential-fallback,1962,75,1070,204,,1
2002,1520530831.503529,1,tracking-lost-essential-fallback,1963,75,1070,146,,1
2003,1520530831.5535302,1,tracking-lost-essential-fallback,1964,75,1070,162,,1
2004,1520530831.603532,1,tracking-lost-essential-fallback,1965,75,1070,136,,1
2005,1520530831.6535332,1,tracking-lost-essential-fallback,1966,75,1070,93,,1
2006,1520530831.703535,1,tracking-lost-essential-fallback,1967,75,1070,99,,1
2007,1520530831.7537327,1,tracking-lost-essential-fallback,1968,75,1070,125,,1
2008,1520530831.8037345,1,tracking-lost-essential-fallback,1969,75,1070,96,,1
2009,1520530831.8537369,1,tracking-lost-essential-fallback,1970,75,1070,96,,1
2010,1520530831.9037378,1,tracking-lost-essential-fallback,1971,75,1070,59,,1
2011,1520530831.9537396,1,tracking-lost-essential-fallback,1972,75,1070,76,,1
2012,1520530832.0037408,1,tracking-lost-essential-fallback,1973,75,1070,85,,1
2013,1520530832.0537426,1,tracking-lost-essential-fallback,1974,75,1070,95,,1
2014,1520530832.1037438,1,tracking-lost-essential-fallback,1975,75,1070,53,,1
2015,1520530832.1537335,1,tracking-lost-essential-fallback,1976,75,1070,92,,1
2016,1520530832.2037354,1,tracking-lost-essential-fallback,1977,75,1070,78,,1
2017,1520530832.2537363,1,tracking-lost-essential-fallback,1978,75,1070,76,,1
2018,1520530832.3037384,1,tracking-lost-essential-fallback,1979,75,1070,70,,1
2019,1520530832.3537405,1,tracking-lost-essential-fallback,1980,75,1070,56,,1
2020,1520530832.4037414,1,tracking-lost-essential-fallback,1981,75,1070,65,,1
2021,1520530832.4537435,1,tracking-lost-essential-fallback,1982,75,1070,73,,1
2022,1520530832.5037444,1,tracking-lost-essential-fallback,1983,75,1070,82,,1
2023,1520530832.5534916,1,tracking-lost-essential-fallback,1984,75,1070,62,,1
2024,1520530832.6034937,1,tracking-lost-essential-fallback,1985,75,1070,63,,1
2025,1520530832.6534946,1,tracking-lost-essential-fallback,1986,75,1070,45,,1
2026,1520530832.7034965,1,tracking-lost-essential-fallback,1987,75,1070,52,,1
2027,1520530832.7534976,1,tracking-lost-essential-fallback,1988,75,1070,60,,1
2028,1520530832.8034985,1,tracking-lost-essential-fallback,1989,75,1070,54,,1
2029,1520530832.8535006,1,tracking-lost-essential-fallback,1990,75,1070,71,,1
2030,1520530832.9035017,1,tracking-lost-essential-fallback,1991,75,1070,54,,1
2031,1520530832.9533467,1,tracking-lost-essential-fallback,1992,75,1070,62,,1
2032,1520530833.0034084,1,tracking-lost-essential-fallback,1993,75,1070,41,,1
2033,1520530833.0533495,1,tracking-lost-const-vel,1994,75,1070,,,1
2034,1520530833.1033516,1,tracking-lost-essential-fallback,1995,75,1070,50,,1
2035,1520530833.1533525,1,tracking-lost-const-vel,1996,75,1070,,,1
2036,1520530833.2033544,1,tracking-lost-const-vel,1997,75,1070,,,1
2037,1520530833.2533555,1,tracking-lost-const-vel,1998,75,1070,,,1
2038,1520530833.3033576,1,tracking-lost-const-vel,1999,75,1070,,,1
2039,1520530833.3536057,1,tracking-lost-const-vel,2000,75,1070,,,1
2040,1520530833.4036067,1,tracking-lost-essential-fallback,2001,75,1070,43,,1
2041,1520530833.4536085,1,tracking-lost-essential-fallback,2002,75,1070,45,,1
2042,1520530833.5036097,1,tracking-lost-essential-fallback,2003,75,1070,63,,1
2043,1520530833.5536115,1,tracking-lost-essential-fallback,2004,75,1070,67,,1
2044,1520530833.6036136,1,tracking-lost-essential-fallback,2005,75,1070,97,,1
2045,1520530833.6536148,1,tracking-lost-essential-fallback,2006,75,1070,94,,1
2046,1520530833.7036157,1,tracking-lost-essential-fallback,2007,75,1070,101,,1
2047,1520530833.7536175,1,tracking-lost-essential-fallback,2008,75,1070,85,,1
2048,1520530833.804356,1,tracking-lost-essential-fallback,2009,75,1070,88,,1
2049,1520530833.8543572,1,tracking-lost-essential-fallback,2010,75,1070,111,,1
2050,1520530833.9043593,1,tracking-lost-essential-fallback,2011,75,1070,157,,1
2051,1520530833.9543612,1,tracking-lost-essential-fallback,2012,75,1070,126,,1
2052,1520530834.0043623,1,tracking-lost-essential-fallback,2013,75,1070,101,,1
2053,1520530834.0543642,1,tracking-lost-essential-fallback,2014,75,1070,126,,1
2054,1520530834.104366,1,tracking-lost-essential-fallback,2015,75,1070,114,,1
2055,1520530834.1543672,1,tracking-lost-essential-fallback,2016,75,1070,159,,1
2056,1520530834.2041519,1,tracking-lost-essential-fallback,2017,75,1070,193,,1
2057,1520530834.2541528,1,tracking-lost-essential-fallback,2018,75,1070,219,,1
2058,1520530834.3041546,1,tracking-lost-essential-fallback,2019,75,1070,178,,1
2059,1520530834.3541558,1,tracking-lost-essential-fallback,2020,75,1070,174,,1
2060,1520530834.4041567,1,tracking-lost-essential-fallback,2021,75,1070,292,,1
2061,1520530834.454159,1,tracking-lost-essential-fallback,2022,75,1070,170,,1
2062,1520530834.50416,1,tracking-lost-essential-fallback,2023,75,1070,219,,1
2063,1520530834.5541618,1,tracking-lost-essential-fallback,2024,75,1070,231,,1
2064,1520530834.6039047,1,tracking-lost-essential-fallback,2025,75,1070,163,,1
2065,1520530834.6538844,1,tracking-lost-essential-fallback,2026,75,1070,132,,1
2066,1520530834.7038865,1,tracking-lost-essential-fallback,2027,75,1070,163,,1
2067,1520530834.7538877,1,tracking-lost-essential-fallback,2028,75,1070,166,,1
2068,1520530834.8038895,1,tracking-lost-essential-fallback,2029,75,1070,133,,1
2069,1520530834.8538904,1,tracking-lost-essential-fallback,2030,75,1070,170,,1
2070,1520530834.9038925,1,tracking-lost-essential-fallback,2031,75,1070,207,,1
2071,1520530834.9538934,1,tracking-lost-essential-fallback,2032,75,1070,185,,1
2072,1520530835.0038483,1,tracking-lost-essential-fallback,2033,75,1070,127,,1
2073,1520530835.0538502,1,tracking-lost-essential-fallback,2034,75,1070,188,,1
2074,1520530835.1038513,1,tracking-lost-essential-fallback,2035,75,1070,184,,1
2075,1520530835.1538532,1,tracking-lost-essential-fallback,2036,75,1070,161,,1
2076,1520530835.2038543,1,tracking-lost-essential-fallback,2037,75,1070,192,,1
2077,1520530835.2538564,1,tracking-lost-essential-fallback,2038,75,1070,199,,1
2078,1520530835.3038583,1,tracking-lost-essential-fallback,2039,75,1070,191,,1
2079,1520530835.3538594,1,tracking-lost-essential-fallback,2040,75,1070,199,,1
2080,1520530835.4037516,1,tracking-lost-essential-fallback,2041,75,1070,189,,1
2081,1520530835.4537528,1,tracking-lost-essential-fallback,2042,75,1070,156,,1
2082,1520530835.5037546,1,tracking-lost-essential-fallback,2043,75,1070,202,,1
2083,1520530835.5537565,1,tracking-lost-essential-fallback,2044,75,1070,141,,1
2084,1520530835.6037576,1,tracking-lost-essential-fallback,2045,75,1070,175,,1
2085,1520530835.6537595,1,tracking-lost-essential-fallback,2046,75,1070,197,,1
2086,1520530835.7037604,1,tracking-lost-essential-fallback,2047,75,1070,198,,1
2087,1520530835.7537627,1,tracking-lost-essential-fallback,2048,75,1070,220,,1
2088,1520530835.8037922,1,tracking-lost-essential-fallback,2049,75,1070,166,,1
2089,1520530835.8537836,1,tracking-lost-essential-fallback,2050,75,1070,171,,1
2090,1520530835.9037886,1,tracking-lost-essential-fallback,2051,75,1070,151,,1
2091,1520530835.9537864,1,tracking-lost-essential-fallback,2052,75,1070,173,,1
2092,1520530836.0037875,1,tracking-lost-essential-fallback,2053,75,1070,126,,1
2093,1520530836.0537896,1,tracking-lost-essential-fallback,2054,75,1070,187,,1
2094,1520530836.1037915,1,tracking-lost-essential-fallback,2055,75,1070,138,,1
2095,1520530836.1537926,1,tracking-lost-essential-fallback,2056,75,1070,172,,1
2096,1520530836.2037945,1,tracking-lost-essential-fallback,2057,75,1070,136,,1
2097,1520530836.2538428,1,tracking-lost-essential-fallback,2058,75,1070,142,,1
2098,1520530836.3038447,1,tracking-lost-essential-fallback,2059,75,1070,178,,1
2099,1520530836.3538458,1,tracking-lost-essential-fallback,2060,75,1070,141,,1
2100,1520530836.4038477,1,tracking-lost-essential-fallback,2061,75,1070,119,,1
2101,1520530836.4538486,1,tracking-lost-essential-fallback,2062,75,1070,172,,1
2102,1520530836.503851,1,tracking-lost-essential-fallback,2063,75,1070,164,,1
2103,1520530836.5538528,1,tracking-lost-essential-fallback,2064,75,1070,204,,1
2104,1520530836.6038537,1,tracking-lost-essential-fallback,2065,75,1070,146,,1
2105,1520530836.653644,1,tracking-lost-essential-fallback,2066,75,1070,139,,1
2106,1520530836.703645,1,tracking-lost-essential-fallback,2067,75,1070,135,,1
2107,1520530836.753647,1,tracking-lost-essential-fallback,2068,75,1070,125,,1
2108,1520530836.803648,1,tracking-lost-essential-fallback,2069,75,1070,101,,1
2109,1520530836.85365,1,tracking-lost-essential-fallback,2070,75,1070,142,,1
2110,1520530836.9036512,1,tracking-lost-essential-fallback,2071,75,1070,132,,1
2111,1520530836.953653,1,tracking-lost-essential-fallback,2072,75,1070,130,,1
2112,1520530837.003655,1,tracking-lost-essential-fallback,2073,75,1070,148,,1
2113,1520530837.0535715,1,tracking-lost-essential-fallback,2074,75,1070,126,,1
2114,1520530837.1035733,1,tracking-lost-essential-fallback,2075,75,1070,136,,1
2115,1520530837.1535752,1,tracking-lost-essential-fallback,2076,75,1070,139,,1
2116,1520530837.2035763,1,tracking-lost-essential-fallback,2077,75,1070,97,,1
2117,1520530837.2535784,1,tracking-lost-essential-fallback,2078,75,1070,116,,1
2118,1520530837.3035793,1,tracking-lost-essential-fallback,2079,75,1070,95,,1
2119,1520530837.3535814,1,tracking-lost-essential-fallback,2080,75,1070,127,,1
2120,1520530837.4035833,1,tracking-lost-essential-fallback,2081,75,1070,113,,1
2121,1520530837.4539242,1,tracking-lost-essential-fallback,2082,75,1070,119,,1
2122,1520530837.503925,1,tracking-lost-essential-fallback,2083,75,1070,135,,1
2123,1520530837.5539272,1,tracking-lost-essential-fallback,2084,75,1070,158,,1
2124,1520530837.6039293,1,tracking-lost-essential-fallback,2085,75,1070,144,,1
2125,1520530837.6539302,1,tracking-lost-essential-fallback,2086,75,1070,170,,1
2126,1520530837.7039313,1,tracking-lost-essential-fallback,2087,75,1070,200,,1
2127,1520530837.7539332,1,tracking-lost-essential-fallback,2088,75,1070,190,,1
2128,1520530837.803935,1,tracking-lost-essential-fallback,2089,75,1070,218,,1
2129,1520530837.8542323,1,tracking-lost-essential-fallback,2090,75,1070,216,,1
2130,1520530837.9041383,1,tracking-lost-essential-fallback,2091,75,1070,197,,1
2131,1520530837.9541395,1,tracking-lost-essential-fallback,2092,75,1070,221,,1
2132,1520530838.0041413,1,tracking-lost-essential-fallback,2093,75,1070,201,,1
2133,1520530838.0541422,1,tracking-lost-essential-fallback,2094,75,1070,219,,1
2134,1520530838.1041446,1,tracking-lost-essential-fallback,2095,75,1070,198,,1
2135,1520530838.1541455,1,tracking-lost-essential-fallback,2096,75,1070,180,,1
2136,1520530838.2041473,1,tracking-lost-essential-fallback,2097,75,1070,207,,1
2137,1520530838.2541494,1,tracking-lost-essential-fallback,2098,75,1070,267,,1
2138,1520530838.3041053,1,tracking-lost-essential-fallback,2099,75,1070,170,,1
2139,1520530838.3541071,1,tracking-lost-essential-fallback,2100,75,1070,162,,1
2140,1520530838.4041083,1,tracking-lost-essential-fallback,2101,75,1070,139,,1
2141,1520530838.4541104,1,tracking-lost-essential-fallback,2102,75,1070,185,,1
2142,1520530838.5041113,1,tracking-lost-essential-fallback,2103,75,1070,161,,1
2143,1520530838.5541134,1,tracking-lost-essential-fallback,2104,75,1070,163,,1
2144,1520530838.6041152,1,tracking-lost-essential-fallback,2105,75,1070,172,,1
2145,1520530838.6541162,1,tracking-lost-essential-fallback,2106,75,1070,227,,1
2146,1520530838.7039373,1,tracking-lost-essential-fallback,2107,75,1070,143,,1
2147,1520530838.7539384,1,tracking-lost-essential-fallback,2108,75,1070,165,,1
2148,1520530838.8039405,1,tracking-lost-essential-fallback,2109,75,1070,221,,1
2149,1520530838.8539424,1,tracking-lost-essential-fallback,2110,75,1070,132,,1
2150,1520530838.9039445,1,tracking-lost-essential-fallback,2111,75,1070,153,,1
2151,1520530838.9539454,1,tracking-lost-essential-fallback,2112,75,1070,164,,1
2152,1520530839.0039473,1,tracking-lost-essential-fallback,2113,75,1070,136,,1
2153,1520530839.0539484,1,tracking-lost-essential-fallback,2114,75,1070,142,,1
2154,1520530839.1037652,1,tracking-lost-essential-fallback,2115,75,1070,179,,1
2155,1520530839.1537673,1,tracking-lost-essential-fallback,2116,75,1070,188,,1
2156,1520530839.2037694,1,tracking-lost-essential-fallback,2117,75,1070,101,,1
2157,1520530839.2537704,1,tracking-lost-essential-fallback,2118,75,1070,122,,1
2158,1520530839.3037715,1,tracking-lost-essential-fallback,2119,75,1070,141,,1
2159,1520530839.3537734,1,tracking-lost-essential-fallback,2120,75,1070,148,,1
2160,1520530839.4037752,1,tracking-lost-essential-fallback,2121,75,1070,158,,1
2161,1520530839.4538295,1,tracking-lost-essential-fallback,2122,75,1070,198,,1
2162,1520530839.503782,1,tracking-lost-essential-fallback,2123,75,1070,177,,1
2163,1520530839.5537832,1,tracking-lost-essential-fallback,2124,75,1070,208,,1
2164,1520530839.603785,1,tracking-lost-essential-fallback,2125,75,1070,162,,1
2165,1520530839.6537862,1,tracking-lost-essential-fallback,2126,75,1070,170,,1
2166,1520530839.703788,1,tracking-lost-essential-fallback,2127,75,1070,197,,1
2167,1520530839.7537901,1,tracking-lost-essential-fallback,2128,75,1070,118,,1
2168,1520530839.8037913,1,tracking-lost-essential-fallback,2129,75,1070,153,,1
2169,1520530839.8537931,1,tracking-lost-essential-fallback,2130,75,1070,105,,1
2170,1520530839.9039636,1,tracking-lost-essential-fallback,2131,75,1070,134,,1
2171,1520530839.9539654,1,tracking-lost-essential-fallback,2132,75,1070,86,,1
2172,1520530840.0039666,1,tracking-lost-essential-fallback,2133,75,1070,159,,1
2173,1520530840.0539684,1,tracking-lost-essential-fallback,2134,75,1070,140,,1
2174,1520530840.1039696,1,tracking-lost-essential-fallback,2135,75,1070,69,,1
2175,1520530840.1539714,1,tracking-lost-essential-fallback,2136,75,1070,98,,1
2176,1520530840.2039735,1,tracking-lost-essential-fallback,2137,75,1070,60,,1
2177,1520530840.2539747,1,tracking-lost-essential-fallback,2138,75,1070,87,,1
2178,1520530840.3040342,1,tracking-lost-essential-fallback,2139,75,1070,66,,1
2179,1520530840.3540354,1,tracking-lost-essential-fallback,2140,75,1070,82,,1
2180,1520530840.4040382,1,tracking-lost-essential-fallback,2141,75,1070,65,,1
2181,1520530840.454039,1,tracking-lost-essential-fallback,2142,75,1070,71,,1
2182,1520530840.5040412,1,tracking-lost-essential-fallback,2143,75,1070,82,,1
2183,1520530840.554042,1,tracking-lost-essential-fallback,2144,75,1070,68,,1
2184,1520530840.6040432,1,tracking-lost-essential-fallback,2145,75,1070,73,,1
2185,1520530840.6540453,1,tracking-lost-essential-fallback,2146,75,1070,67,,1
2186,1520530840.7040462,1,tracking-lost-essential-fallback,2147,75,1070,58,,1
2187,1520530840.7537568,1,tracking-lost-essential-fallback,2148,75,1070,67,,1
2188,1520530840.803758,1,tracking-lost-essential-fallback,2149,75,1070,58,,1
2189,1520530840.8537598,1,tracking-lost-essential-fallback,2150,75,1070,43,,1
2190,1520530840.903762,1,tracking-lost-essential-fallback,2151,75,1070,56,,1
2191,1520530840.953763,1,tracking-lost-essential-fallback,2152,75,1070,72,,1
2192,1520530841.0037649,1,tracking-lost-essential-fallback,2153,75,1070,61,,1
2193,1520530841.053776,1,tracking-lost-essential-fallback,2154,75,1070,46,,1
2194,1520530841.1037679,1,tracking-lost-essential-fallback,2155,75,1070,44,,1
2195,1520530841.1534414,1,tracking-lost-const-vel,2156,75,1070,,,1
2196,1520530841.2034433,1,tracking-lost-const-vel,2157,75,1070,,,1
2197,1520530841.2534444,1,tracking-lost-const-vel,2158,75,1070,,,1
2198,1520530841.3034463,1,tracking-lost-const-vel,2159,75,1070,,,1
2199,1520530841.3534484,1,tracking-lost-const-vel,2160,75,1070,,,1
2200,1520530841.4034495,1,tracking-lost-const-vel,2161,75,1070,,,1
2201,1520530841.4534514,1,tracking-lost-essential-fallback,2162,75,1070,50,,1
2202,1520530841.5034525,1,tracking-lost-essential-fallback,2163,75,1070,61,,1
2203,1520530841.5535407,1,tracking-lost-essential-fallback,2164,75,1070,65,,1
2204,1520530841.6035416,1,tracking-lost-essential-fallback,2165,75,1070,86,,1
2205,1520530841.6535437,1,tracking-lost-essential-fallback,2166,75,1070,83,,1
2206,1520530841.7035458,1,tracking-lost-essential-fallback,2167,75,1070,68,,1
2207,1520530841.7535465,1,tracking-lost-essential-fallback,2168,75,1070,78,,1
2208,1520530841.8035488,1,tracking-lost-essential-fallback,2169,75,1070,63,,1
2209,1520530841.8535497,1,tracking-lost-essential-fallback,2170,75,1070,53,,1
2210,1520530841.9035516,1,tracking-lost-essential-fallback,2171,75,1070,53,,1
2211,1520530841.953866,1,tracking-lost-essential-fallback,2172,75,1070,94,,1
2212,1520530842.003868,1,tracking-lost-essential-fallback,2173,75,1070,179,,1
2213,1520530842.05387,1,tracking-lost-essential-fallback,2174,75,1070,147,,1
2214,1520530842.103871,1,tracking-lost-essential-fallback,2175,75,1070,118,,1
2215,1520530842.153873,1,tracking-lost-essential-fallback,2176,75,1070,140,,1
2216,1520530842.203874,1,tracking-lost-essential-fallback,2177,75,1070,135,,1
2217,1520530842.253876,1,tracking-lost-essential-fallback,2178,75,1070,224,,1
2218,1520530842.303878,1,tracking-lost-essential-fallback,2179,75,1070,139,,1
2219,1520530842.3538043,1,tracking-lost-essential-fallback,2180,75,1070,136,,1
2220,1520530842.4038062,1,tracking-lost-essential-fallback,2181,75,1070,56,,1
2221,1520530842.453807,1,tracking-lost-essential-fallback,2182,75,1070,191,,1
2222,1520530842.5038095,1,tracking-lost-essential-fallback,2183,75,1070,121,,1
2223,1520530842.5538104,1,tracking-lost-essential-fallback,2184,75,1070,124,,1
2224,1520530842.6038122,1,tracking-lost-essential-fallback,2185,75,1070,119,,1
2225,1520530842.6538134,1,tracking-lost-essential-fallback,2186,75,1070,186,,1
2226,1520530842.7038152,1,tracking-lost-essential-fallback,2187,75,1070,183,,1
2227,1520530842.7538164,1,tracking-lost-essential-fallback,2188,75,1070,170,,1
2228,1520530842.8039196,1,tracking-lost-essential-fallback,2189,75,1070,169,,1
2229,1520530842.8539207,1,tracking-lost-essential-fallback,2190,75,1070,238,,1
2230,1520530842.9039226,1,tracking-lost-essential-fallback,2191,75,1070,129,,1
2231,1520530842.9539244,1,tracking-lost-essential-fallback,2192,75,1070,149,,1
2232,1520530843.0039256,1,tracking-lost-essential-fallback,2193,75,1070,162,,1
2233,1520530843.0539274,1,tracking-lost-essential-fallback,2194,75,1070,144,,1
2234,1520530843.1039283,1,tracking-lost-essential-fallback,2195,75,1070,169,,1
2235,1520530843.1539307,1,tracking-lost-essential-fallback,2196,75,1070,138,,1
2236,1520530843.2039747,1,tracking-lost-essential-fallback,2197,75,1070,152,,1
2237,1520530843.2539766,1,tracking-lost-essential-fallback,2198,75,1070,175,,1
2238,1520530843.3039777,1,tracking-lost-essential-fallback,2199,75,1070,174,,1
2239,1520530843.3539798,1,tracking-lost-essential-fallback,2200,75,1070,138,,1
2240,1520530843.4039817,1,tracking-lost-essential-fallback,2201,75,1070,192,,1
2241,1520530843.4539828,1,tracking-lost-essential-fallback,2202,75,1070,174,,1
2242,1520530843.5039847,1,tracking-lost-essential-fallback,2203,75,1070,163,,1
2243,1520530843.5539858,1,tracking-lost-essential-fallback,2204,75,1070,132,,1
2244,1520530843.6039405,1,tracking-lost-essential-fallback,2205,75,1070,139,,1
2245,1520530843.6539426,1,tracking-lost-essential-fallback,2206,75,1070,112,,1
2246,1520530843.7039444,1,tracking-lost-essential-fallback,2207,75,1070,142,,1
2247,1520530843.7539454,1,tracking-lost-essential-fallback,2208,75,1070,116,,1
2248,1520530843.8039465,1,tracking-lost-essential-fallback,2209,75,1070,163,,1
2249,1520530843.8539495,1,tracking-lost-essential-fallback,2210,75,1070,85,,1
2250,1520530843.9039507,1,tracking-lost-essential-fallback,2211,75,1070,116,,1
2251,1520530843.9539516,1,tracking-lost-essential-fallback,2212,75,1070,139,,1
2252,1520530844.0039654,1,tracking-lost-essential-fallback,2213,75,1070,131,,1
2253,1520530844.0539634,1,tracking-lost-essential-fallback,2214,75,1070,134,,1
2254,1520530844.1039653,1,tracking-lost-essential-fallback,2215,75,1070,100,,1
2255,1520530844.1539664,1,tracking-lost-essential-fallback,2216,75,1070,156,,1
2256,1520530844.2039683,1,tracking-lost-essential-fallback,2217,75,1070,100,,1
2257,1520530844.2539694,1,tracking-lost-essential-fallback,2218,75,1070,122,,1
2258,1520530844.3040445,1,tracking-lost-essential-fallback,2219,75,1070,152,,1
2259,1520530844.3539724,1,tracking-lost-essential-fallback,2220,75,1070,123,,1
2260,1520530844.4038618,1,tracking-lost-essential-fallback,2221,75,1070,142,,1
2261,1520530844.453863,1,tracking-lost-essential-fallback,2222,75,1070,119,,1
2262,1520530844.503865,1,tracking-lost-essential-fallback,2223,75,1070,123,,1
2263,1520530844.5538661,1,tracking-lost-essential-fallback,2224,75,1070,139,,1
2264,1520530844.603868,1,tracking-lost-essential-fallback,2225,75,1070,157,,1
2265,1520530844.6538699,1,tracking-lost-essential-fallback,2226,75,1070,116,,1
2266,1520530844.703871,1,tracking-lost-essential-fallback,2227,75,1070,95,,1
2267,1520530844.753873,1,tracking-lost-essential-fallback,2228,75,1070,144,,1
2268,1520530844.804015,1,tracking-lost-essential-fallback,2229,75,1070,125,,1
2269,1520530844.8540168,1,tracking-lost-essential-fallback,2230,75,1070,123,,1
2270,1520530844.904018,1,tracking-lost-essential-fallback,2231,75,1070,128,,1
2271,1520530844.95402,1,tracking-lost-essential-fallback,2232,75,1070,180,,1
2272,1520530845.004022,1,tracking-lost-essential-fallback,2233,75,1070,181,,1
2273,1520530845.054023,1,tracking-lost-essential-fallback,2234,75,1070,210,,1
2274,1520530845.104025,1,tracking-lost-essential-fallback,2235,75,1070,131,,1
2275,1520530845.1540258,1,tracking-lost-essential-fallback,2236,75,1070,160,,1
2276,1520530845.204028,1,tracking-lost-essential-fallback,2237,75,1070,117,,1
2277,1520530845.2545488,1,tracking-lost-essential-fallback,2238,75,1070,136,,1
2278,1520530845.3045506,1,tracking-lost-essential-fallback,2239,75,1070,181,,1
2279,1520530845.3545518,1,tracking-lost-essential-fallback,2240,75,1070,244,,1
2280,1520530845.4045527,1,tracking-lost-essential-fallback,2241,75,1070,221,,1
2281,1520530845.4545548,1,tracking-lost-essential-fallback,2242,75,1070,222,,1
2282,1520530845.504556,1,tracking-lost-essential-fallback,2243,75,1070,264,,1
2283,1520530845.5545578,1,tracking-lost-essential-fallback,2244,75,1070,191,,1
2284,1520530845.60456,1,tracking-lost-essential-fallback,2245,75,1070,192,,1
2285,1520530845.654414,1,tracking-lost-essential-fallback,2246,75,1070,254,,1
2286,1520530845.704415,1,tracking-lost-essential-fallback,2247,75,1070,260,,1
2287,1520530845.754416,1,tracking-lost-essential-fallback,2248,75,1070,196,,1
2288,1520530845.8044178,1,tracking-lost-essential-fallback,2249,75,1070,235,,1
2289,1520530845.854419,1,tracking-lost-essential-fallback,2250,75,1070,188,,1
2290,1520530845.9044487,1,tracking-lost-essential-fallback,2251,75,1070,188,,1
2291,1520530845.9544218,1,tracking-lost-essential-fallback,2252,75,1070,215,,1
2292,1520530846.004424,1,tracking-lost-essential-fallback,2253,75,1070,181,,1
2293,1520530846.054296,1,tracking-lost-essential-fallback,2254,75,1070,165,,1
2294,1520530846.1042979,1,tracking-lost-essential-fallback,2255,75,1070,166,,1
2295,1520530846.154299,1,tracking-lost-essential-fallback,2256,75,1070,125,,1
2296,1520530846.2043009,1,tracking-lost-essential-fallback,2257,75,1070,175,,1
2297,1520530846.2543027,1,tracking-lost-essential-fallback,2258,75,1070,142,,1
2298,1520530846.304304,1,tracking-lost-essential-fallback,2259,75,1070,112,,1
2299,1520530846.354306,1,tracking-lost-essential-fallback,2260,75,1070,155,,1
2300,1520530846.4043071,1,tracking-lost-essential-fallback,2261,75,1070,149,,1
2301,1520530846.4540877,1,tracking-lost-essential-fallback,2262,75,1070,156,,1
2302,1520530846.5040889,1,tracking-lost-essential-fallback,2263,75,1070,160,,1
2303,1520530846.5540907,1,tracking-lost-essential-fallback,2264,75,1070,129,,1
2304,1520530846.6040928,1,tracking-lost-essential-fallback,2265,75,1070,155,,1
2305,1520530846.654094,1,tracking-lost-essential-fallback,2266,75,1070,209,,1
2306,1520530846.7040958,1,tracking-lost-essential-fallback,2267,75,1070,161,,1
2307,1520530846.754097,1,tracking-lost-essential-fallback,2268,75,1070,215,,1
2308,1520530846.8040988,1,tracking-lost-essential-fallback,2269,75,1070,212,,1
2309,1520530846.8539925,1,tracking-lost-essential-fallback,2270,75,1070,164,,1
2310,1520530846.9039948,1,tracking-lost-essential-fallback,2271,75,1070,182,,1
2311,1520530846.9539957,1,tracking-lost-essential-fallback,2272,75,1070,251,,1
2312,1520530847.0039978,1,tracking-lost-essential-fallback,2273,75,1070,163,,1
2313,1520530847.0539997,1,tracking-lost-essential-fallback,2274,75,1070,178,,1
2314,1520530847.1040006,1,tracking-lost-essential-fallback,2275,75,1070,182,,1
2315,1520530847.1540017,1,tracking-lost-essential-fallback,2276,75,1070,141,,1
2316,1520530847.2040057,1,tracking-lost-essential-fallback,2277,75,1070,166,,1
2317,1520530847.2540886,1,tracking-lost-essential-fallback,2278,75,1070,144,,1
2318,1520530847.3040907,1,tracking-lost-essential-fallback,2279,75,1070,154,,1
2319,1520530847.3540916,1,tracking-lost-essential-fallback,2280,75,1070,82,,1
2320,1520530847.4040935,1,tracking-lost-essential-fallback,2281,75,1070,102,,1
2321,1520530847.4540946,1,tracking-lost-essential-fallback,2282,75,1070,64,,1
2322,1520530847.5040965,1,tracking-lost-essential-fallback,2283,75,1070,97,,1
2323,1520530847.5540974,1,tracking-lost-essential-fallback,2284,75,1070,106,,1
2324,1520530847.6040998,1,tracking-lost-essential-fallback,2285,75,1070,87,,1
2325,1520530847.6541007,1,tracking-lost-essential-fallback,2286,75,1070,73,,1
2326,1520530847.7042696,1,tracking-lost-essential-fallback,2287,75,1070,57,,1
2327,1520530847.7542708,1,tracking-lost-essential-fallback,2288,75,1070,87,,1
2328,1520530847.8042727,1,tracking-lost-essential-fallback,2289,75,1070,85,,1
2329,1520530847.8542747,1,tracking-lost-essential-fallback,2290,75,1070,101,,1
2330,1520530847.904276,1,tracking-lost-essential-fallback,2291,75,1070,63,,1
2331,1520530847.9542778,1,tracking-lost-essential-fallback,2292,75,1070,83,,1
2332,1520530848.004279,1,tracking-lost-essential-fallback,2293,75,1070,96,,1
2333,1520530848.0542808,1,tracking-lost-essential-fallback,2294,75,1070,69,,1
2334,1520530848.1041646,1,tracking-lost-essential-fallback,2295,75,1070,49,,1
2335,1520530848.1541667,1,tracking-lost-essential-fallback,2296,75,1070,75,,1
2336,1520530848.2041686,1,tracking-lost-essential-fallback,2297,75,1070,68,,1
2337,1520530848.2541697,1,tracking-lost-essential-fallback,2298,75,1070,69,,1
2338,1520530848.3041716,1,tracking-lost-essential-fallback,2299,75,1070,68,,1
2339,1520530848.3541725,1,tracking-lost-essential-fallback,2300,75,1070,78,,1
2340,1520530848.4041748,1,tracking-lost-essential-fallback,2301,75,1070,65,,1
2341,1520530848.4541767,1,tracking-lost-essential-fallback,2302,75,1070,62,,1
2342,1520530848.5038164,1,tracking-lost-essential-fallback,2303,75,1070,53,,1
2343,1520530848.5538182,1,tracking-lost-const-vel,2304,75,1070,,,1
2344,1520530848.6038194,1,tracking-lost-const-vel,2305,75,1070,,,1
2345,1520530848.6538212,1,tracking-lost-essential-fallback,2306,75,1070,49,,1
2346,1520530848.7038221,1,tracking-lost-essential-fallback,2307,75,1070,42,,1
2347,1520530848.7538242,1,tracking-lost-essential-fallback,2308,75,1070,54,,1
2348,1520530848.8038263,1,tracking-lost-essential-fallback,2309,75,1070,56,,1
2349,1520530848.8538275,1,tracking-lost-essential-fallback,2310,75,1070,67,,1
2350,1520530848.9037657,1,tracking-lost-essential-fallback,2311,75,1070,50,,1
2351,1520530848.9537678,1,tracking-lost-const-vel,2312,75,1070,,,1
2352,1520530849.0037687,1,tracking-lost-const-vel,2313,75,1070,,,1
2353,1520530849.0537758,1,tracking-lost-essential-fallback,2314,75,1070,50,,1
2354,1520530849.1037717,1,tracking-lost-essential-fallback,2315,75,1070,79,,1
2355,1520530849.1538618,1,tracking-lost-essential-fallback,2316,75,1070,43,,1
2356,1520530849.2037745,1,tracking-lost-essential-fallback,2317,75,1070,48,,1
2357,1520530849.2537756,1,tracking-lost-const-vel,2318,75,1070,,,1
2358,1520530849.3040123,1,tracking-lost-essential-fallback,2319,75,1070,61,,1
2359,1520530849.3540146,1,tracking-lost-essential-fallback,2320,75,1070,113,,1
2360,1520530849.4040155,1,tracking-lost-essential-fallback,2321,75,1070,89,,1
2361,1520530849.4540174,1,tracking-lost-essential-fallback,2322,75,1070,77,,1
2362,1520530849.5040185,1,tracking-lost-essential-fallback,2323,75,1070,139,,1
2363,1520530849.5540204,1,tracking-lost-essential-fallback,2324,75,1070,136,,1
2364,1520530849.6040213,1,tracking-lost-essential-fallback,2325,75,1070,54,,1
2365,1520530849.6540234,1,tracking-lost-essential-fallback,2326,75,1070,74,,1
2366,1520530849.7040243,1,tracking-lost-essential-fallback,2327,75,1070,109,,1
2367,1520530849.7540753,1,tracking-lost-essential-fallback,2328,75,1070,84,,1
2368,1520530849.8040771,1,tracking-lost-essential-fallback,2329,75,1070,191,,1
2369,1520530849.8540783,1,tracking-lost-essential-fallback,2330,75,1070,136,,1
2370,1520530849.9040802,1,tracking-lost-essential-fallback,2331,75,1070,118,,1
2371,1520530849.954081,1,tracking-lost-essential-fallback,2332,75,1070,167,,1
2372,1520530850.0040834,1,tracking-lost-essential-fallback,2333,75,1070,83,,1
2373,1520530850.0540843,1,tracking-lost-essential-fallback,2334,75,1070,169,,1
2374,1520530850.104087,1,tracking-lost-essential-fallback,2335,75,1070,206,,1
2375,1520530850.1542473,1,tracking-lost-essential-fallback,2336,75,1070,170,,1
2376,1520530850.2042482,1,tracking-lost-essential-fallback,2337,75,1070,163,,1
2377,1520530850.25425,1,tracking-lost-essential-fallback,2338,75,1070,167,,1
2378,1520530850.3042521,1,tracking-lost-essential-fallback,2339,75,1070,241,,1
2379,1520530850.3542542,1,tracking-lost-essential-fallback,2340,75,1070,158,,1
2380,1520530850.404256,1,tracking-lost-essential-fallback,2341,75,1070,130,,1
2381,1520530850.4542563,1,tracking-lost-essential-fallback,2342,75,1070,166,,1
2382,1520530850.5042582,1,tracking-lost-essential-fallback,2343,75,1070,262,,1
2383,1520530850.554295,1,tracking-lost-essential-fallback,2344,75,1070,200,,1
2384,1520530850.6042972,1,tracking-lost-essential-fallback,2345,75,1070,190,,1
2385,1520530850.654298,1,tracking-lost-essential-fallback,2346,75,1070,155,,1
2386,1520530850.7043002,1,tracking-lost-essential-fallback,2347,75,1070,146,,1
2387,1520530850.75434,1,tracking-lost-essential-fallback,2348,75,1070,152,,1
2388,1520530850.804303,1,tracking-lost-essential-fallback,2349,75,1070,135,,1
2389,1520530850.854304,1,tracking-lost-essential-fallback,2350,75,1070,144,,1
2390,1520530850.904306,1,tracking-lost-essential-fallback,2351,75,1070,165,,1
2391,1520530850.954237,1,tracking-lost-essential-fallback,2352,75,1070,212,,1
2392,1520530851.0042388,1,tracking-lost-essential-fallback,2353,75,1070,172,,1
2393,1520530851.0542412,1,tracking-lost-essential-fallback,2354,75,1070,164,,1
2394,1520530851.104242,1,tracking-lost-essential-fallback,2355,75,1070,162,,1
2395,1520530851.1542442,1,tracking-lost-essential-fallback,2356,75,1070,192,,1
2396,1520530851.204245,1,tracking-lost-essential-fallback,2357,75,1070,178,,1
2397,1520530851.254247,1,tracking-lost-essential-fallback,2358,75,1070,198,,1
2398,1520530851.304248,1,tracking-lost-essential-fallback,2359,75,1070,241,,1
2399,1520530851.35432,1,tracking-lost-essential-fallback,2360,75,1070,226,,1
2400,1520530851.404322,1,tracking-lost-essential-fallback,2361,75,1070,190,,1
2401,1520530851.454323,1,tracking-lost-essential-fallback,2362,75,1070,87,,1
2402,1520530851.504325,1,tracking-lost-essential-fallback,2363,75,1070,189,,1
2403,1520530851.5543258,1,tracking-lost-essential-fallback,2364,75,1070,221,,1
2404,1520530851.604328,1,tracking-lost-essential-fallback,2365,75,1070,178,,1
2405,1520530851.6543288,1,tracking-lost-essential-fallback,2366,75,1070,176,,1
2406,1520530851.704331,1,tracking-lost-essential-fallback,2367,75,1070,202,,1
2407,1520530851.7542922,1,tracking-lost-essential-fallback,2368,75,1070,118,,1
2408,1520530851.8042943,1,tracking-lost-essential-fallback,2369,75,1070,131,,1
2409,1520530851.8542964,1,tracking-lost-essential-fallback,2370,75,1070,105,,1
2410,1520530851.9042974,1,tracking-lost-essential-fallback,2371,75,1070,125,,1
2411,1520530851.9542983,1,tracking-lost-essential-fallback,2372,75,1070,133,,1
2412,1520530852.0043004,1,tracking-lost-essential-fallback,2373,75,1070,126,,1
2413,1520530852.0543013,1,tracking-lost-essential-fallback,2374,75,1070,136,,1
2414,1520530852.1043034,1,tracking-lost-essential-fallback,2375,75,1070,148,,1
2415,1520530852.1543043,1,tracking-lost-essential-fallback,2376,75,1070,123,,1
2416,1520530852.2041512,1,tracking-lost-essential-fallback,2377,75,1070,125,,1
2417,1520530852.2541523,1,tracking-lost-essential-fallback,2378,75,1070,128,,1
2418,1520530852.3041542,1,tracking-lost-essential-fallback,2379,75,1070,162,,1
2419,1520530852.354155,1,tracking-lost-essential-fallback,2380,75,1070,155,,1
2420,1520530852.4041572,1,tracking-lost-essential-fallback,2381,75,1070,170,,1
2421,1520530852.454158,1,tracking-lost-essential-fallback,2382,75,1070,179,,1
2422,1520530852.5041602,1,tracking-lost-essential-fallback,2383,75,1070,198,,1
2423,1520530852.5541613,1,tracking-lost-essential-fallback,2384,75,1070,164,,1
2424,1520530852.6043804,1,tracking-lost-essential-fallback,2385,75,1070,109,,1
2425,1520530852.6543822,1,tracking-lost-essential-fallback,2386,75,1070,154,,1
2426,1520530852.7043831,1,tracking-lost-essential-fallback,2387,75,1070,153,,1
2427,1520530852.7543852,1,tracking-lost-essential-fallback,2388,75,1070,161,,1
2428,1520530852.8043861,1,tracking-lost-essential-fallback,2389,75,1070,184,,1
2429,1520530852.854388,1,tracking-lost-essential-fallback,2390,75,1070,161,,1
2430,1520530852.9043891,1,tracking-lost-essential-fallback,2391,75,1070,162,,1
2431,1520530852.9543912,1,tracking-lost-essential-fallback,2392,75,1070,172,,1
2432,1520530853.0045333,1,tracking-lost-essential-fallback,2393,75,1070,146,,1
2433,1520530853.0545344,1,tracking-lost-essential-fallback,2394,75,1070,161,,1
2434,1520530853.1045365,1,tracking-lost-essential-fallback,2395,75,1070,158,,1
2435,1520530853.1545372,1,tracking-lost-essential-fallback,2396,75,1070,111,,1
2436,1520530853.2045395,1,tracking-lost-essential-fallback,2397,75,1070,173,,1
2437,1520530853.2545404,1,tracking-lost-essential-fallback,2398,75,1070,180,,1
2438,1520530853.3045433,1,tracking-lost-essential-fallback,2399,75,1070,167,,1
2439,1520530853.3545444,1,tracking-lost-essential-fallback,2400,75,1070,215,,1
2440,1520530853.4043422,1,tracking-lost-essential-fallback,2401,75,1070,157,,1
2441,1520530853.454343,1,tracking-lost-essential-fallback,2402,75,1070,118,,1
2442,1520530853.504345,1,tracking-lost-essential-fallback,2403,75,1070,158,,1
2443,1520530853.554346,1,tracking-lost-essential-fallback,2404,75,1070,171,,1
2444,1520530853.604348,1,tracking-lost-essential-fallback,2405,75,1070,133,,1
2445,1520530853.6543489,1,tracking-lost-essential-fallback,2406,75,1070,123,,1
2446,1520530853.70435,1,tracking-lost-essential-fallback,2407,75,1070,135,,1
2447,1520530853.754353,1,tracking-lost-essential-fallback,2408,75,1070,185,,1
2448,1520530853.8041263,1,tracking-lost-essential-fallback,2409,75,1070,119,,1
2449,1520530853.854123,1,tracking-lost-essential-fallback,2410,75,1070,172,,1
2450,1520530853.9041252,1,tracking-lost-essential-fallback,2411,75,1070,168,,1
2451,1520530853.9541261,1,tracking-lost-essential-fallback,2412,75,1070,140,,1
2452,1520530854.0042224,1,tracking-lost-essential-fallback,2413,75,1070,69,,1
2453,1520530854.0541294,1,tracking-lost-essential-fallback,2414,75,1070,64,,1
2454,1520530854.1041312,1,tracking-lost-essential-fallback,2415,75,1070,117,,1
2455,1520530854.1541324,1,tracking-lost-essential-fallback,2416,75,1070,132,,1
2456,1520530854.2041342,1,tracking-lost-essential-fallback,2417,75,1070,116,,1
2457,1520530854.2540283,1,tracking-lost-essential-fallback,2418,75,1070,169,,1
2458,1520530854.3040295,1,tracking-lost-essential-fallback,2419,75,1070,146,,1
2459,1520530854.3540316,1,tracking-lost-essential-fallback,2420,75,1070,141,,1
2460,1520530854.4040325,1,tracking-lost-essential-fallback,2421,75,1070,182,,1
2461,1520530854.4540346,1,tracking-lost-essential-fallback,2422,75,1070,98,,1
2462,1520530854.5040355,1,tracking-lost-essential-fallback,2423,75,1070,124,,1
2463,1520530854.5540373,1,tracking-lost-essential-fallback,2424,75,1070,135,,1
2464,1520530854.6040394,1,tracking-lost-essential-fallback,2425,75,1070,99,,1
2465,1520530854.6541982,1,tracking-lost-essential-fallback,2426,75,1070,117,,1
2466,1520530854.7042,1,tracking-lost-essential-fallback,2427,75,1070,102,,1
2467,1520530854.754201,1,tracking-lost-essential-fallback,2428,75,1070,87,,1
2468,1520530854.804203,1,tracking-lost-essential-fallback,2429,75,1070,75,,1
2469,1520530854.8542051,1,tracking-lost-essential-fallback,2430,75,1070,66,,1
2470,1520530854.9042063,1,tracking-lost-essential-fallback,2431,75,1070,61,,1
2471,1520530854.9542081,1,tracking-lost-essential-fallback,2432,75,1070,78,,1
2472,1520530855.00421,1,tracking-lost-essential-fallback,2433,75,1070,83,,1
2473,1520530855.0544543,1,tracking-lost-const-vel,2434,75,1070,,,1
2474,1520530855.1044564,1,tracking-lost-essential-fallback,2435,75,1070,73,,1
2475,1520530855.1544573,1,tracking-lost-essential-fallback,2436,75,1070,52,,1
2476,1520530855.2044597,1,tracking-lost-essential-fallback,2437,75,1070,64,,1
2477,1520530855.2544606,1,tracking-lost-essential-fallback,2438,75,1070,51,,1
2478,1520530855.3044624,1,tracking-lost-essential-fallback,2439,75,1070,70,,1
2479,1520530855.3544636,1,tracking-lost-essential-fallback,2440,75,1070,47,,1
2480,1520530855.4044654,1,tracking-lost-essential-fallback,2441,75,1070,71,,1
2481,1520530855.4542618,1,tracking-lost-essential-fallback,2442,75,1070,67,,1
2482,1520530855.5042639,1,tracking-lost-essential-fallback,2443,75,1070,46,,1
2483,1520530855.5542648,1,tracking-lost-essential-fallback,2444,75,1070,90,,1
2484,1520530855.6043088,1,tracking-lost-essential-fallback,2445,75,1070,50,,1
2485,1520530855.6542678,1,tracking-lost-essential-fallback,2446,75,1070,73,,1
2486,1520530855.7042696,1,tracking-lost-essential-fallback,2447,75,1070,75,,1
2487,1520530855.7542708,1,tracking-lost-essential-fallback,2448,75,1070,68,,1
2488,1520530855.8042727,1,tracking-lost-essential-fallback,2449,75,1070,55,,1
2489,1520530855.853946,1,tracking-lost-const-vel,2450,75,1070,,,1
2490,1520530855.9039469,1,tracking-lost-const-vel,2451,75,1070,,,1
2491,1520530855.9539487,1,tracking-lost-essential-fallback,2452,75,1070,41,,1
2492,1520530856.0039499,1,tracking-lost-essential-fallback,2453,75,1070,43,,1
2493,1520530856.0539517,1,tracking-lost-essential-fallback,2454,75,1070,41,,1
2494,1520530856.103953,1,tracking-lost-const-vel,2455,75,1070,,,1
2495,1520530856.153955,1,tracking-lost-const-vel,2456,75,1070,,,1
2496,1520530856.2039568,1,tracking-lost-const-vel,2457,75,1070,,,1
2497,1520530856.253996,1,tracking-lost-const-vel,2458,75,1070,,,1
2498,1520530856.303998,1,tracking-lost-const-vel,2459,75,1070,,,1
2499,1520530856.3539999,1,tracking-lost-const-vel,2460,75,1070,,,1
2500,1520530856.4040008,1,tracking-lost-const-vel,2461,75,1070,,,1
2501,1520530856.454002,1,tracking-lost-essential-fallback,2462,75,1070,61,,1
2502,1520530856.504004,1,tracking-lost-essential-fallback,2463,75,1070,78,,1
2503,1520530856.5540059,1,tracking-lost-essential-fallback,2464,75,1070,64,,1
2504,1520530856.604007,1,tracking-lost-essential-fallback,2465,75,1070,96,,1
2505,1520530856.6540089,1,tracking-lost-essential-fallback,2466,75,1070,111,,1
2506,1520530856.704353,1,tracking-lost-essential-fallback,2467,75,1070,115,,1
2507,1520530856.754355,1,tracking-lost-essential-fallback,2468,75,1070,137,,1
2508,1520530856.804357,1,tracking-lost-essential-fallback,2469,75,1070,117,,1
2509,1520530856.8543582,1,tracking-lost-essential-fallback,2470,75,1070,94,,1
2510,1520530856.904359,1,tracking-lost-essential-fallback,2471,75,1070,90,,1
2511,1520530856.954361,1,tracking-lost-essential-fallback,2472,75,1070,198,,1
2512,1520530857.004363,1,tracking-lost-essential-fallback,2473,75,1070,140,,1
2513,1520530857.054364,1,tracking-lost-essential-fallback,2474,75,1070,161,,1
2514,1520530857.1044989,1,tracking-lost-essential-fallback,2475,75,1070,105,,1
2515,1520530857.1545007,1,tracking-lost-essential-fallback,2476,75,1070,195,,1
2516,1520530857.2045019,1,tracking-lost-essential-fallback,2477,75,1070,183,,1
2517,1520530857.2545028,1,tracking-lost-essential-fallback,2478,75,1070,167,,1
2518,1520530857.3045046,1,tracking-lost-essential-fallback,2479,75,1070,106,,1
2519,1520530857.3545067,1,tracking-lost-essential-fallback,2480,75,1070,119,,1
2520,1520530857.4045076,1,tracking-lost-essential-fallback,2481,75,1070,125,,1
2521,1520530857.4545097,1,tracking-lost-essential-fallback,2482,75,1070,83,,1
2522,1520530857.5046494,1,tracking-lost-essential-fallback,2483,75,1070,133,,1
2523,1520530857.5546513,1,tracking-lost-essential-fallback,2484,75,1070,261,,1
2524,1520530857.6046522,1,tracking-lost-essential-fallback,2485,75,1070,197,,1
2525,1520530857.6546543,1,tracking-lost-essential-fallback,2486,75,1070,236,,1
2526,1520530857.7046552,1,tracking-lost-essential-fallback,2487,75,1070,144,,1
2527,1520530857.754657,1,tracking-lost-essential-fallback,2488,75,1070,190,,1
2528,1520530857.8046594,1,tracking-lost-essential-fallback,2489,75,1070,175,,1
2529,1520530857.8546603,1,tracking-lost-essential-fallback,2490,75,1070,175,,1
2530,1520530857.9046922,1,tracking-lost-essential-fallback,2491,75,1070,267,,1
2531,1520530857.954694,1,tracking-lost-essential-fallback,2492,75,1070,231,,1
2532,1520530858.0046952,1,tracking-lost-essential-fallback,2493,75,1070,188,,1
2533,1520530858.054696,1,tracking-lost-essential-fallback,2494,75,1070,170,,1
2534,1520530858.104698,1,tracking-lost-essential-fallback,2495,75,1070,202,,1
2535,1520530858.1547,1,tracking-lost-essential-fallback,2496,75,1070,187,,1
2536,1520530858.2047021,1,tracking-lost-essential-fallback,2497,75,1070,187,,1
2537,1520530858.254703,1,tracking-lost-essential-fallback,2498,75,1070,230,,1
2538,1520530858.3045762,1,tracking-lost-essential-fallback,2499,75,1070,199,,1
2539,1520530858.354578,1,tracking-lost-essential-fallback,2500,75,1070,245,,1
2540,1520530858.404579,1,tracking-lost-essential-fallback,2501,75,1070,199,,1
2541,1520530858.454581,1,tracking-lost-essential-fallback,2502,75,1070,139,,1
2542,1520530858.5045831,1,tracking-lost-essential-fallback,2503,75,1070,154,,1
2543,1520530858.5545838,1,tracking-lost-essential-fallback,2504,75,1070,185,,1
2544,1520530858.6045861,1,tracking-lost-essential-fallback,2505,75,1070,142,,1
2545,1520530858.654592,1,tracking-lost-essential-fallback,2506,75,1070,171,,1
2546,1520530858.7046068,1,tracking-lost-essential-fallback,2507,75,1070,171,,1
2547,1520530858.754608,1,tracking-lost-essential-fallback,2508,75,1070,187,,1
2548,1520530858.8046098,1,tracking-lost-essential-fallback,2509,75,1070,259,,1
2549,1520530858.8547068,1,tracking-lost-essential-fallback,2510,75,1070,213,,1
2550,1520530858.904613,1,tracking-lost-essential-fallback,2511,75,1070,224,,1
2551,1520530858.954614,1,tracking-lost-essential-fallback,2512,75,1070,198,,1
2552,1520530859.0046158,1,tracking-lost-essential-fallback,2513,75,1070,233,,1
2553,1520530859.054618,1,tracking-lost-essential-fallback,2514,75,1070,190,,1
2554,1520530859.1046188,1,tracking-lost-essential-fallback,2515,75,1070,256,,1
2555,1520530859.154595,1,tracking-lost-essential-fallback,2516,75,1070,242,,1
2556,1520530859.204596,1,tracking-lost-essential-fallback,2517,75,1070,183,,1
2557,1520530859.254598,1,tracking-lost-essential-fallback,2518,75,1070,147,,1
2558,1520530859.3045988,1,tracking-lost-essential-fallback,2519,75,1070,129,,1
2559,1520530859.3546011,1,tracking-lost-essential-fallback,2520,75,1070,116,,1
2560,1520530859.404603,1,tracking-lost-essential-fallback,2521,75,1070,212,,1
2561,1520530859.454604,1,tracking-lost-essential-fallback,2522,75,1070,159,,1
2562,1520530859.504606,1,tracking-lost-essential-fallback,2523,75,1070,181,,1
2563,1520530859.5545332,1,tracking-lost-essential-fallback,2524,75,1070,156,,1
2564,1520530859.604535,1,tracking-lost-essential-fallback,2525,75,1070,135,,1
2565,1520530859.654536,1,tracking-lost-essential-fallback,2526,75,1070,128,,1
2566,1520530859.704538,1,tracking-lost-essential-fallback,2527,75,1070,122,,1
2567,1520530859.754539,1,tracking-lost-essential-fallback,2528,75,1070,153,,1
2568,1520530859.804542,1,tracking-lost-essential-fallback,2529,75,1070,159,,1
2569,1520530859.8545432,1,tracking-lost-essential-fallback,2530,75,1070,211,,1
2570,1520530859.904544,1,tracking-lost-essential-fallback,2531,75,1070,142,,1
2571,1520530859.9548678,1,tracking-lost-essential-fallback,2532,75,1070,212,,1
2572,1520530860.0048697,1,tracking-lost-essential-fallback,2533,75,1070,243,,1
2573,1520530860.0548716,1,tracking-lost-essential-fallback,2534,75,1070,189,,1
2574,1520530860.104874,1,tracking-lost-essential-fallback,2535,75,1070,185,,1
2575,1520530860.1548736,1,tracking-lost-essential-fallback,2536,75,1070,267,,1
2576,1520530860.2048757,1,tracking-lost-essential-fallback,2537,75,1070,264,,1
2577,1520530860.2548769,1,tracking-lost-essential-fallback,2538,75,1070,309,,1
2578,1520530860.3048787,1,tracking-lost-essential-fallback,2539,75,1070,164,,1
2579,1520530860.3550136,1,tracking-lost-essential-fallback,2540,75,1070,176,,1
2580,1520530860.4050157,1,tracking-lost-essential-fallback,2541,75,1070,233,,1
2581,1520530860.4550607,1,tracking-lost-essential-fallback,2542,75,1070,145,,1
2582,1520530860.5050187,1,tracking-lost-essential-fallback,2543,75,1070,166,,1
2583,1520530860.5550196,1,tracking-lost-essential-fallback,2544,75,1070,202,,1
2584,1520530860.6050217,1,tracking-lost-essential-fallback,2545,75,1070,218,,1
2585,1520530860.6550238,1,tracking-lost-essential-fallback,2546,75,1070,200,,1
2586,1520530860.705025,1,tracking-lost-essential-fallback,2547,75,1070,173,,1
2587,1520530860.75485,1,tracking-lost-essential-fallback,2548,75,1070,137,,1
2588,1520530860.804851,1,tracking-lost-essential-fallback,2549,75,1070,143,,1
2589,1520530860.854853,1,tracking-lost-essential-fallback,2550,75,1070,182,,1
2590,1520530860.9048538,1,tracking-lost-essential-fallback,2551,75,1070,138,,1
2591,1520530860.954856,1,tracking-lost-essential-fallback,2552,75,1070,179,,1
2592,1520530861.004858,1,tracking-lost-essential-fallback,2553,75,1070,110,,1
2593,1520530861.054859,1,tracking-lost-essential-fallback,2554,75,1070,180,,1
2594,1520530861.104861,1,tracking-lost-essential-fallback,2555,75,1070,187,,1
2595,1520530861.154862,1,tracking-lost-essential-fallback,2556,75,1070,189,,1
2596,1520530861.204706,1,tracking-lost-essential-fallback,2557,75,1070,196,,1
2597,1520530861.254708,1,tracking-lost-essential-fallback,2558,75,1070,165,,1
2598,1520530861.304709,1,tracking-lost-essential-fallback,2559,75,1070,127,,1
2599,1520530861.35471,1,tracking-lost-essential-fallback,2560,75,1070,154,,1
2600,1520530861.404712,1,tracking-lost-essential-fallback,2561,75,1070,191,,1
2601,1520530861.454714,1,tracking-lost-essential-fallback,2562,75,1070,127,,1
2602,1520530861.5047152,1,tracking-lost-essential-fallback,2563,75,1070,137,,1
2603,1520530861.554717,1,tracking-lost-essential-fallback,2564,75,1070,124,,1
2604,1520530861.6045682,1,tracking-lost-essential-fallback,2565,75,1070,195,,1
2605,1520530861.6545691,1,tracking-lost-essential-fallback,2566,75,1070,150,,1
2606,1520530861.7045712,1,tracking-lost-essential-fallback,2567,75,1070,189,,1
2607,1520530861.7545722,1,tracking-lost-essential-fallback,2568,75,1070,122,,1
2608,1520530861.804574,1,tracking-lost-essential-fallback,2569,75,1070,82,,1
2609,1520530861.8545752,1,tracking-lost-essential-fallback,2570,75,1070,126,,1
2610,1520530861.904577,1,tracking-lost-essential-fallback,2571,75,1070,139,,1
2611,1520530861.954578,1,tracking-lost-essential-fallback,2572,75,1070,159,,1
2612,1520530862.004641,1,tracking-lost-essential-fallback,2573,75,1070,148,,1
2613,1520530862.0546422,1,tracking-lost-essential-fallback,2574,75,1070,148,,1
2614,1520530862.1046443,1,tracking-lost-essential-fallback,2575,75,1070,81,,1
2615,1520530862.1546454,1,tracking-lost-essential-fallback,2576,75,1070,92,,1
2616,1520530862.2046473,1,tracking-lost-essential-fallback,2577,75,1070,91,,1
2617,1520530862.2546492,1,tracking-lost-essential-fallback,2578,75,1070,77,,1
2618,1520530862.3046503,1,tracking-lost-essential-fallback,2579,75,1070,49,,1
2619,1520530862.3546522,1,tracking-lost-essential-fallback,2580,75,1070,90,,1
2620,1520530862.4048069,1,tracking-lost-essential-fallback,2581,75,1070,108,,1
2621,1520530862.4548087,1,tracking-lost-essential-fallback,2582,75,1070,90,,1
2622,1520530862.5048099,1,tracking-lost-essential-fallback,2583,75,1070,92,,1
2623,1520530862.5548117,1,tracking-lost-essential-fallback,2584,75,1070,56,,1
2624,1520530862.6048136,1,tracking-lost-essential-fallback,2585,75,1070,75,,1
2625,1520530862.6548147,1,tracking-lost-essential-fallback,2586,75,1070,54,,1
2626,1520530862.7048168,1,tracking-lost-essential-fallback,2587,75,1070,76,,1
2627,1520530862.7548177,1,tracking-lost-essential-fallback,2588,75,1070,88,,1
2628,1520530862.804626,1,tracking-lost-essential-fallback,2589,75,1070,54,,1
2629,1520530862.854627,1,tracking-lost-essential-fallback,2590,75,1070,47,,1
2630,1520530862.9046288,1,tracking-lost-essential-fallback,2591,75,1070,56,,1
2631,1520530862.95463,1,tracking-lost-essential-fallback,2592,75,1070,40,,1
2632,1520530863.004632,1,tracking-lost-essential-fallback,2593,75,1070,59,,1
2633,1520530863.0546339,1,tracking-lost-essential-fallback,2594,75,1070,66,,1
2634,1520530863.104635,1,tracking-lost-essential-fallback,2595,75,1070,54,,1
2635,1520530863.1546369,1,tracking-lost-essential-fallback,2596,75,1070,80,,1
2636,1520530863.204079,1,tracking-lost-const-vel,2597,75,1070,,,1
2637,1520530863.2540798,1,tracking-lost-const-vel,2598,75,1070,,,1
2638,1520530863.3040817,1,tracking-lost-essential-fallback,2599,75,1070,48,,1
2639,1520530863.354084,1,tracking-lost-essential-fallback,2600,75,1070,40,,1
2640,1520530863.404085,1,tracking-lost-const-vel,2601,75,1070,,,1
2641,1520530863.4540858,1,tracking-lost-const-vel,2602,75,1070,,,1
2642,1520530863.504088,1,tracking-lost-const-vel,2603,75,1070,,,1
2643,1520530863.5540888,1,tracking-lost-const-vel,2604,75,1070,,,1
2644,1520530863.6040907,1,tracking-lost-essential-fallback,2605,75,1070,47,,1
2645,1520530863.653909,1,tracking-lost-const-vel,2606,75,1070,,,1
2646,1520530863.704004,1,tracking-lost-const-vel,2607,75,1070,,,1
2647,1520530863.753912,1,tracking-lost-const-vel,2608,75,1070,,,1
2648,1520530863.803914,1,tracking-lost-const-vel,2609,75,1070,,,1
2649,1520530863.853916,1,tracking-lost-const-vel,2610,75,1070,,,1
2650,1520530863.9039168,1,tracking-lost-const-vel,2611,75,1070,,,1
2651,1520530863.9539192,1,tracking-lost-const-vel,2612,75,1070,,,1
2652,1520530864.00392,1,tracking-lost-const-vel,2613,75,1070,,,1
