1520439642.102074623 145
1520439642.152076483 139
1520439642.202077627 135
1520439642.252079725 134
1520439642.302081585 131
1520439642.352087021 131
1520439642.402089119 128
1520439642.452090025 128
1520439642.502092123 126
1520439642.552093267 125
1520439642.602095127 250
1520439642.652096987 245
1520439642.702098131 243
1520439642.752133369 242
1520439642.802134514 241
1520439642.852136374 238
1520439642.902137280 237
1520439642.952139616 229
1520439643.002140522 228
1520439643.052142382 389
1520439643.102144480 356
1520439643.152131319 342
1520439643.202132463 314
1520439643.252134323 306
1520439643.302135229 286
1520439643.352137566 278
1520439643.402138472 269
1520439643.452140331 256
1520439643.502142429 241
1520439643.552162647 234
1520439643.602163553 230
1520439643.652165651 205
1520439643.702167511 187
1520439643.752168417 183
1520439643.802170515 182
1520439643.852171421 173
1520439643.902173758 161
1520439643.952174664 159
1520439644.002180815 138
1520439644.052181721 123
1520439644.102183580 103
1520439644.152184725 97
1520439644.202186823 97
1520439644.252188683 95
1520439644.302189827 94
1520439644.352191687 92
1520439644.402186394 92
1520439644.452188730 90
1520439644.502189636 90
1520439644.552191496 90
1520439644.602192640 144
1520439644.652194500 141
1520439644.702196598 136
1520439644.752197742 131
1520439644.802232742 127
1520439644.852233648 151
1520439644.902235746 151
1520439644.952237844 150
1520439645.002238750 149
1520439645.052240610 146
1520439645.102242708 145
1520439645.152245760 145
1520439645.202271223 144
1520439645.252273321 144
1520439645.302275419 142
1520439645.352376223 139
1520439645.402278423 132
1520439645.452279329 132
1520439645.502281189 132
1520439645.552282333 181
1520439645.602247715 175
1520439645.652248621 170
1520439645.702250719 169
1520439645.752251625 163
1520439645.802253485 157
1520439645.852255821 149
1520439645.902256727 140
1520439645.952258825 125
1520439646.002280712 112
1520439646.052282572 140
1520439646.102283716 137
1520439646.152285814 135
1520439646.202287674 173
1520439646.252288818 168
1520439646.302291632 165
1520439646.352291584 161
1520439646.402293682 194
1520439646.452177763 166
1520439646.502178907 165
1520439646.552180767 153
1520439646.602181911 151
1520439646.652183771 149
1520439646.702184677 139
1520439646.752186775 173
1520439646.802188873 172
1520439646.852160931 170
1520439646.902159214 165
1520439646.952245235 160
1520439647.002163172 153
1520439647.052164078 151
1520439647.102165937 145
1520439647.152167082 181
1520439647.202169180 176
1520439647.252142429 341
1520439647.302144527 314
1520439647.352145433 287
1520439647.402147293 265
1520439647.452149391 250
1520439647.502150297 231
1520439647.552152395 208
1520439647.602154493 200
1520439647.652148962 195
1520439647.702150106 183
1520439647.752151966 181
1520439647.802154064 179
1520439647.852155209 178
1520439647.902157068 175
1520439647.952158928 171
1520439648.002161264 166
1520439648.052156210 165
1520439648.102158308 163
1520439648.152159214 161
1520439648.202161074 161
1520439648.252162218 161
1520439648.302163124 159
1520439648.352166176 156
1520439648.402167320 154
1520439648.452177525 154
1520439648.502178192 152
1520439648.552243471 152
1520439648.602182388 188
1520439648.652183294 185
1520439648.702185392 181
1520439648.752186298 177
1520439648.802188396 203
1520439648.852189541 198
1520439648.902203083 196
1520439648.952204227 219
1520439649.002206326 217
1520439649.052208185 323
1520439649.102209330 288
1520439649.152211189 271
1520439649.202212095 258
1520439649.252214193 242
1520439649.302214146 213
1520439649.352216244 190
1520439649.402217150 177
1520439649.452219248 168
1520439649.502221346 149
1520439649.552222252 136
1520439649.602224112 131
1520439649.652225256 128
1520439649.702198267 124
1520439649.752200127 114
1520439649.802202225 107
1520439649.852203369 100
1520439649.902204275 52
1520439649.952206135 50
1520439650.002207279 41
1520439650.052209139 80
1520439650.102240562 80
1520439650.152286530 78
1520439650.202244282 73
1520439650.252245426 70
1520439650.302247524 104
1520439650.352248669 101
1520439650.402250528 100
1520439650.452251434 94
1520439650.502337694 91
1520439650.552339792 86
1520439650.602340937 85
1520439650.652342796 84
1520439650.702343702 83
1520439650.752345800 82
1520439650.802346706 77
1520439650.852348566 73
1520439650.902349710 72
1520439650.952383041 63
1520439651.002384186 62
1520439651.052386045 61
1520439651.102387905 61
1520439651.152390242 60
1520439651.202391148 55
1520439651.252393007 51
1520439651.302394152 49
1520439651.352413654 49
1520439651.402415514 49
1520439651.452416420 49
1520439651.502417564 45
1520439651.552419662 45
1520439651.602421522 45
1520439651.652422667 82
1520439651.702423573 82
1520439651.752386570 80
1520439651.802370548 80
1520439651.852371454 78
1520439651.902373552 120
1520439651.952374458 115
1520439652.002376556 113
1520439652.052377701 112
1520439652.102379560 106
1520439652.152365685 105
1520439652.202367544 104
1520439652.252369642 99
1520439652.302370548 128
1520439652.352372408 123
1520439652.402373552 122
1520439652.452375650 151
1520439652.502376795 147
1520439652.552312374 138
1520439652.602313280 136
1520439652.652315378 131
1520439652.702318430 167
1520439652.752318382 164
1520439652.802320480 162
1520439652.852322340 199
1520439652.902324200 185
1520439652.952290058 179
1520439653.002290964 170
1520439653.052293062 163
1520439653.102293968 160
1520439653.152295828 158
1520439653.202298164 155
1520439653.252299070 150
1520439653.302300215 141
1520439653.352302074 137
1520439653.402418137 134
1520439653.452420235 134
1520439653.502422333 132
1520439653.552423239 132
1520439653.602425337 132
1520439653.652426243 180
1520439653.702428102 179
1520439653.752429247 169
1520439653.802499771 159
1520439653.852501869 158
1520439653.902502775 157
1520439653.952504873 151
1520439654.002505779 146
1520439654.052507639 143
1520439654.102509737 141
1520439654.152510643 169
1520439654.202494860 160
1520439654.252497196 159
1520439654.302499056 154
1520439654.352500916 150
1520439654.402502060 142
1520439654.452504158 139
1520439654.502505064 136
1520439654.552507162 133
1520439654.602432251 129
1520439654.652433157 124
1520439654.702434301 122
1520439654.752436161 118
1520439654.802437067 117
1520439654.852439404 114
1520439654.902441263 146
1520439654.952443123 142
1520439655.002363682 212
1520439655.052365541 199
1520439655.102367640 191
1520439655.152368546 311
1520439655.202370644 277
1520439655.252371788 250
1520439655.302373648 229
1520439655.352374554 223
1520439655.402376652 211
1520439655.452307701 171
1520439655.502308607 163
1520439655.552310467 155
1520439655.602311611 138
1520439655.652313709 136
1520439655.702314377 131
1520439655.752316713 124
1520439655.802317619 116
1520439655.852339268 111
1520439655.902341127 103
1520439655.952342987 132
1520439656.002344131 128
1520439656.052346230 124
1520439656.102348089 119
1520439656.152349234 105
1520439656.202351093 102
1520439656.252373695 99
1520439656.302374840 94
1520439656.352376938 92
1520439656.402379751 124
1520439656.452379942 116
1520439656.502381802 142
1520439656.552382708 138
1520439656.602487803 135
1520439656.652278900 124
1520439656.702280760 121
1520439656.752281666 118
1520439656.802283764 117
1520439656.852284670 112
1520439656.902286530 111
1520439656.952287674 108
1520439657.002289772 102
1520439657.052304983 142
1520439657.102305889 136
1520439657.152307987 124
1520439657.202308893 120
1520439657.252310991 112
1520439657.302311897 145
1520439657.352313757 142
1520439657.402314901 135
1520439657.452414989 122
1520439657.502416849 173
1520439657.552418709 165
1520439657.602419853 158
1520439657.652421951 154
1520439657.702422857 175
1520439657.752424955 167
1520439657.802426815 164
1520439657.852427721 158
1520439657.902511835 183
1520439657.952513695 179
1520439658.002514839 175
1520439658.052516937 170
1520439658.102517843 162
1520439658.152519941 158
1520439658.202598810 155
1520439658.252522707 145
1520439658.302571535 164
1520439658.352572680 164
1520439658.402574539 159
1520439658.452575684 158
1520439658.502577782 155
1520439658.552578449 153
1520439658.602580786 152
1520439658.652582645 150
1520439658.702483892 143
1520439658.752485991 137
1520439658.802487135 163
1520439658.852488995 154
1520439658.902489901 192
1520439658.952491999 179
1520439659.002492905 164
1520439659.052494764 155
1520439659.102411509 128
1520439659.152413368 122
1520439659.202414513 118
1520439659.252416611 111
1520439659.302417517 108
1520439659.352419615 105
1520439659.402420521 101
1520439659.452423334 91
1520439659.502420902 85
1520439659.552423000 80
1520439659.602424860 113
1520439659.652426004 107
1520439659.702427864 129
1520439659.752428770 122
1520439659.802479982 117
1520439659.852431774 113
1520439659.902486801 104
1520439659.952487946 98
1520439660.002489805 91
1520439660.052490950 87
1520439660.102492809 86
1520439660.152493715 83
1520439660.202496052 117
1520439660.252497911 115
1520439660.302498817 109
1520439660.352440596 134
1520439660.402441740 129
1520439660.452443600 126
1520439660.502445459 120
1520439660.552446604 115
1520439660.602447510 107
1520439660.652449846 103
1520439660.702451706 134
1520439660.752516508 136
1520439660.802517653 158
1520439660.852519751 137
1520439660.902520657 114
1520439660.952522755 129
1520439661.002524614 134
1520439661.052525520 220
1520439661.102527857 221
1520439661.152754068 135
1520439661.202756405 390
1520439661.252757311 379
1520439661.302758217 373
1520439661.352760315 345
1520439661.402784348 321
1520439661.452763081 287
1520439661.502765417 274
1520439661.553033113 132
1520439661.603035212 178
1520439661.653036356 415
1520439661.703038216 303
1520439661.753039122 332
1520439661.803041220 239
1520439661.853043318 202
1520439661.903043985 157
1520439661.952836037 112
1520439662.002836943 139
1520439662.052839279 162
1520439662.102839947 166
1520439662.152842045 178
1520439662.202843189 177
1520439662.252845049 270
1520439662.302846909 219
1520439662.352627754 44
1520439662.402629614 156
1520439662.452631474 189
1520439662.502632618 190
1520439662.552633524 162
1520439662.602635860 154
1520439662.652637720 130
1520439662.702639580 107
1520439662.752640724 105
1520439662.802656174 125
1520439662.852657080 135
1520439662.902659416 145
1520439662.952660322 130
1520439663.002662182 166
1520439663.052663326 186
1520439663.102665186 225
1520439663.152666092 180
1520439663.202878237 90
1520439663.252879143 157
1520439663.302881241 129
1520439663.352882147 124
1520439663.402884007 107
1520439663.452886343 111
1520439663.502887249 129
1520439663.552889109 146
1520439663.602615595 40
1520439663.652617455 132
1520439663.702619314 240
1520439663.752620459 244
1520439663.802622557 219
1520439663.852623463 206
1520439663.902625561 215
1520439663.952626467 214
1520439664.002437115 131
1520439664.052439213 163
1520439664.102440119 153
1520439664.152442217 140
1520439664.202444315 140
1520439664.252445221 127
1520439664.302446365 108
1520439664.352448225 90
1520439664.402601957 58
1520439664.452603817 110
1520439664.502606153 122
1520439664.552607059 114
1520439664.602612972 133
1520439664.652610064 146
1520439664.702611923 238
1520439664.752612829 268
1520439664.802614927 237
1520439664.852902174 44
1520439664.902904034 151
1520439664.952905178 136
1520439665.002907038 122
1520439665.052909136 135
1520439665.102910280 148
1520439665.152912140 149
1520439665.202913046 164
1520439665.252643585 55
1520439665.302644730 132
1520439665.352646589 206
1520439665.402647495 186
1520439665.452649832 169
1520439665.502651691 155
1520439665.552652597 152
1520439665.602654696 207
1520439665.652507305 163
1520439665.702508211 142
1520439665.752510309 150
1520439665.802512407 143
1520439665.852513313 130
1520439665.902514458 105
1520439665.952516317 107
1520439666.002518177 95
1520439666.052688122 57
1520439666.102689266 114
1520439666.152691126 139
1520439666.202693224 214
1520439666.252787113 203
1520439666.302696228 186
1520439666.352697372 172
1520439666.402699232 193
1520439666.452956438 90
1520439666.502958298 82
1520439666.552959442 298
1520439666.602961302 270
1520439666.652963400 234
1520439666.702964544 224
1520439666.752966404 200
1520439666.802967548 173
1520439666.852799177 106
1520439666.902800083 97
1520439666.952801943 91
1520439667.002803087 87
1520439667.052805185 78
1520439667.102807045 109
1520439667.152808189 134
1520439667.202810049 119
1520439667.252812147 99
1520439667.302625418 21
1520439667.352627754 87
1520439667.402628660 104
1520439667.452630520 89
1520439667.502631664 96
1520439667.552633524 118
1520439667.602634430 293
1520439667.652636766 283
1520439667.703016520 23
1520439667.753018379 297
1520439667.803019524 536
1520439667.853083372 521
1520439667.903023243 556
1520439667.953024626 407
1520439668.003026485 357
1520439668.053027391 290
1520439668.103579044 67
1520439668.153580189 241
1520439668.203582287 236
1520439668.253584146 305
1520439668.303585291 338
1520439668.353587151 306
1520439668.403588295 319
1520439668.453590155 338
1520439668.502948284 48
1520439668.552950382 159
1520439668.602951527 257
1520439668.652953386 267
1520439668.702955246 214
1520439668.752956390 189
1520439668.802958250 160
1520439668.852960348 158
1520439668.902746916 27
1520439668.952748775 124
1520439669.002750874 334
1520439669.052751780 271
1520439669.102752686 255
1520439669.152755022 223
1520439669.202756882 305
1520439669.252757788 310
1520439669.303329945 14
1520439669.353330851 238
1520439669.403332949 229
1520439669.453362942 233
1520439669.503335953 257
1520439669.553336859 257
1520439669.603338957 239
1520439669.653339863 214
1520439669.703341961 254
1520439669.753461599 206
1520439669.803463459 344
1520439669.853465557 325
1520439669.903466463 323
1520439669.953468323 383
1520439670.003469467 329
1520439670.053471565 350
1520439670.103472471 288
1520439670.152925491 55
1520439670.202926636 190
1520439670.252928495 176
1520439670.302930355 147
1520439670.352931499 139
1520439670.402933598 122
1520439670.452934504 115
1520439670.502936602 106
1520439670.552851439 85
1520439670.602853298 101
1520439670.652854443 427
1520439670.702856541 293
1520439670.752857685 219
1520439670.802859545 211
1520439670.852860451 206
1520439670.902862549 223
1520439670.953163624 111
1520439671.003165483 164
1520439671.053166628 164
1520439671.103168488 130
1520439671.153169394 116
1520439671.203171492 118
1520439671.253172398 120
1520439671.303174496 106
1520439671.353137493 88
1520439671.403139353 93
1520439671.453141212 103
1520439671.503142357 92
1520439671.553144217 101
1520439671.603145123 161
1520439671.653147459 167
1520439671.703148365 161
1520439671.753150225 176
1520439671.803214788 162
1520439671.853216887 162
1520439671.903218746 192
1520439671.953219891 192
1520439672.003221750 194
1520439672.053223848 178
1520439672.103224754 186
1520439672.153226852 162
1520439672.203030586 122
1520439672.253032684 148
1520439672.303034544 162
1520439672.353035450 144
1520439672.403037786 128
1520439672.453038692 130
1520439672.503040552 139
1520439672.553041697 141
1520439672.603290319 165
1520439672.653292179 229
1520439672.703294277 158
1520439672.753295422 84
1520439672.803297281 107
1520439672.853298187 158
1520439672.903300285 153
1520439672.953301191 172
1520439673.003087521 118
1520439673.053089619 136
1520439673.103090525 246
1520439673.153092623 213
1520439673.203093529 184
1520439673.253095388 191
1520439673.303096533 178
1520439673.353098392 185
1520439673.403125525 167
1520439673.453127623 172
1520439673.503129482 141
1520439673.553130388 141
1520439673.603132725 108
1520439673.653134584 130
1520439673.703135490 157
1520439673.753137589 238
1520439673.803146601 244
1520439673.853147507 232
1520439673.903149605 234
1520439673.953150511 239
1520439674.003154516 265
1520439674.053153515 244
1520439674.103154421 232
1520439674.153156281 450
1520439674.203157425 388
1520439674.253443003 199
1520439674.303521395 299
1520439674.353446245 441
1520439674.403448105 387
1520439674.453449249 397
1520439674.503451109 318
1520439674.553452253 287
1520439674.603454113 245
1520439674.653264046 168
1520439674.703264952 151
1520439674.753267288 157
1520439674.803268194 189
1520439674.853270054 194
1520439674.903271198 192
1520439674.953273058 201
1520439675.003274202 178
1520439675.053094387 113
1520439675.103096247 142
1520439675.153097391 123
1520439675.203099489 117
1520439675.253101349 111
1520439675.303102493 129
1520439675.353103399 135
1520439675.403105497 143
1520439675.453274012 125
1520439675.503276110 117
1520439675.553278208 144
1520439675.603279114 128
1520439675.653280020 116
1520439675.703281164 137
1520439675.753283024 128
1520439675.803284883 118
1520439675.853241205 110
1520439675.903279066 115
1520439675.953244209 307
1520439676.003246069 271
1520439676.053246975 255
1520439676.103249073 265
1520439676.153249979 342
1520439676.203252077 321
1520439676.253028631 153
1520439676.303029776 259
1520439676.353031635 249
1520439676.403032541 184
1520439676.453034639 182
1520439676.503035545 169
1520439676.553037643 143
1520439676.603038788 124
1520439676.653040648 149
1520439676.703011513 166
1520439676.753012419 156
1520439676.803014755 154
1520439676.853016615 176
1520439676.903017521 168
1520439676.953019619 146
1520439677.003021479 157
1520439677.053022385 212
1520439677.103258371 118
1520439677.153259277 123
1520439677.203260422 254
1520439677.253262281 212
1520439677.303263187 193
1520439677.353266478 214
1520439677.403267384 188
1520439677.453268290 239
1520439677.502998829 84
1520439677.552999735 119
1520439677.603001595 126
1520439677.653002739 135
1520439677.703004599 117
1520439677.753005505 135
1520439677.803007841 110
1520439677.853009701 123
1520439677.902889252 75
1520439677.952891350 103
1520439678.002892256 126
1520439678.052894115 136
1520439678.102895260 381
1520439678.152897358 331
1520439678.202899218 244
1520439678.252900362 184
1520439678.303372383 18
1520439678.353373528 164
1520439678.403375387 179
1520439678.453377247 193
1520439678.503378391 196
1520439678.553380251 201
1520439678.603381157 222
1520439678.653383493 208
1520439678.702959061 47
1520439678.752960920 137
1520439678.802961826 243
1520439678.852964163 250
1520439678.902966022 210
1520439678.952967882 249
1520439679.002969027 234
1520439679.052969933 202
1520439679.102971792 122
1520439679.152796745 38
1520439679.202798605 43
1520439679.252799749 90
1520439679.302801609 117
1520439679.352802515 106
1520439679.402804852 90
1520439679.452806711 72
1520439679.502807617 55
1520439679.553117275 25
1520439679.603118420 33
1520439679.653120279 115
1520439679.703121185 138
1520439679.753123283 159
1520439679.803124189 204
1520439679.853126049 193
1520439679.903128386 366
1520439679.953688383 39
1520439680.003690243 158
1520439680.053692102 122
1520439680.103694439 137
1520439680.153695345 137
1520439680.203696489 132
1520439680.253698349 141
1520439680.303700209 148
1520439680.353304625 51
1520439680.403305531 119
1520439680.453308344 102
1520439680.503309488 114
1520439680.553312540 113
1520439680.603312492 97
1520439680.653313637 114
1520439680.703315496 103
1520439680.753290892 120
1520439680.803221941 360
1520439680.853222847 256
1520439680.903225183 248
1520439680.953226089 210
1520439681.003227949 193
1520439681.053230047 175
1520439681.103230953 179
1520439681.153232813 175
1520439681.203752756 40
1520439681.253754616 206
1520439681.303755760 277
1520439681.353757620 367
1520439681.403759718 312
1520439681.453760862 279
1520439681.503762722 334
1520439681.553763866 274
1520439681.603623867 217
1520439681.653625965 337
1520439681.703626871 279
1520439681.753628016 267
1520439681.803630829 269
1520439681.853631735 314
1520439681.903633833 300
1520439681.953634739 269
1520439682.003238678 56
1520439682.053240776 107
1520439682.103245735 114
1520439682.153243542 99
1520439682.203245878 83
1520439682.253246784 115
1520439682.303248644 104
1520439682.353278637 109
1520439682.403247595 136
1520439682.453248739 155
1520439682.503250599 157
1520439682.553251743 174
1520439682.603253841 348
1520439682.653255701 327
1520439682.703256845 303
1520439682.753258705 287
1520439682.803891897 31
1520439682.853893995 223
1520439682.903895140 263
1520439682.953896999 231
1520439683.003898859 191
1520439683.053900003 166
1520439683.103901863 238
1520439683.153903008 213
1520439683.203385592 28
1520439683.253387451 154
1520439683.303388596 140
1520439683.353390694 154
1520439683.403391600 160
1520439683.453393698 209
1520439683.503394604 190
1520439683.553396463 144
1520439683.603398561 152
1520439683.653144360 86
1520439683.703145266 108
1520439683.753147364 226
1520439683.803149223 236
1520439683.853150129 233
1520439683.903152466 206
1520439683.953153372 239
1520439684.003155231 226
1520439684.053170204 207
1520439684.103172064 193
1520439684.153172970 186
1520439684.203175068 205
1520439684.253177166 202
1520439684.303178072 187
1520439684.353180170 167
1520439684.403181076 135
1520439684.453234434 125
1520439684.503235340 143
1520439684.553237200 161
1520439684.603238344 154
1520439684.653240204 150
1520439684.703242302 149
1520439684.753243446 141
1520439684.803245306 105
1520439684.853284836 113
1520439684.903286695 196
1520439684.953288794 153
1520439685.003289938 142
1520439685.053291798 142
1520439685.103292704 126
1520439685.153294802 120
1520439685.203296661 122
1520439685.253351688 117
1520439685.303353786 131
1520439685.353354692 166
1520439685.403357744 162
1520439685.453357935 158
1520439685.503359795 130
1520439685.553360701 115
1520439685.603461742 107
1520439685.653363705 87
1520439685.703517437 63
1520439685.753518581 100
1520439685.803520441 84
1520439685.853522539 87
1520439685.903523684 99
1520439685.953525543 117
1520439686.003526449 124
1520439686.053528547 147
1520439686.103464603 121
1520439686.153466702 196
1520439686.203468800 190
1520439686.253469706 203
1520439686.303471565 180
1520439686.353472710 139
1520439686.403474569 108
1520439686.453475475 122
1520439686.503484488 125
1520439686.553486586 95
1520439686.603487492 98
1520439686.653489351 127
1520439686.703491688 124
1520439686.753492594 117
1520439686.803493261 125
1520439686.853495598 165
1520439686.903508425 154
1520439686.953509331 138
1520439687.003510237 174
1520439687.053512335 136
1520439687.103514433 103
1520439687.153515339 99
1520439687.203573227 109
1520439687.253518343 92
1520439687.303589344 69
1520439687.353590250 86
1520439687.403592348 105
1520439687.453594446 115
1520439687.503595352 109
1520439687.553597450 99
1520439687.603598356 93
1520439687.653600216 91
1520439687.703495741 110
1520439687.753497601 99
1520439687.803499699 111
1520439687.853500605 98
1520439687.903502703 89
1520439687.953503847 98
1520439688.003505707 88
1520439688.053506613 113
1520439688.103508711 102
1520439688.153562784 98
1520439688.203563690 96
1520439688.253565788 116
1520439688.303567886 106
1520439688.353568792 124
1520439688.403570652 122
1520439688.453571796 122
1520439688.503572702 122
1520439688.553676128 111
1520439688.603677988 135
1520439688.653679132 228
1520439688.703680992 165
1520439688.753681898 136
1520439688.803699017 136
1520439688.853684902 129
1520439688.903687000 110
1520439688.953597784 106
1520439689.003599644 116
1520439689.053601742 270
1520439689.103602648 253
1520439689.153604507 276
1520439689.203605652 258
1520439689.253607750 249
1520439689.303608656 236
1520439689.353585720 224
1520439689.403586864 274
1520439689.453588724 234
1520439689.503590584 179
1520439689.553591728 131
1520439689.603593826 105
1520439689.653594971 105
1520439689.703596830 114
1520439689.753611803 97
1520439689.803613901 87
1520439689.853614807 126
1520439689.903616667 144
1520439689.953617811 157
1520439690.003619909 151
1520439690.053620815 146
1520439690.103622913 150
1520439690.153643608 152
1520439690.203644753 156
1520439690.253646612 174
1520439690.303648472 149
1520439690.353649616 137
1520439690.403651476 144
1520439690.453652620 152
1520439690.503654718 148
1520439690.553655624 160
1520439690.603657484 139
1520439690.653659344 138
1520439690.703660250 134
1520439690.753662348 128
1520439690.803663254 326
1520439690.853665590 300
1520439690.903666496 279
1520439690.953668356 253
1520439691.003714561 142
1520439691.053716421 117
1520439691.103718758 108
1520439691.153719664 115
1520439691.203721523 127
1520439691.253722668 151
1520439691.303724527 133
1520439691.353725433 128
1520439691.403645992 120
1520439691.453648090 128
1520439691.503649950 153
1520439691.553650856 160
1520439691.603653193 157
1520439691.653655052 164
1520439691.703655243 161
1520439691.753657103 158
1520439691.803769350 140
1520439691.853771210 138
1520439691.903773069 153
1520439691.953775167 144
1520439692.003776312 160
1520439692.053866148 166
1520439692.103779316 162
1520439692.153781176 166
1520439692.203809738 146
1520439692.253811598 150
1520439692.303812504 160
1520439692.353814840 157
1520439692.403815746 150
1520439692.453817606 152
1520439692.503818750 167
1520439692.553820610 158
1520439692.603565216 135
1520439692.653567553 135
1520439692.703569412 135
1520439692.753570318 132
1520439692.803572416 89
1520439692.853573322 78
1520439692.903575182 89
1520439692.953576565 80
1520439693.003579378 93
1520439693.053586483 84
1520439693.103587389 127
1520439693.153589487 154
1520439693.203591347 151
1520439693.253592253 122
1520439693.303596258 134
1520439693.353595495 145
1520439693.403596401 171
1520439693.453603268 160
1520439693.503605366 140
1520439693.553606033 137
1520439693.603608370 129
1520439693.653657436 127
1520439693.703611135 144
1520439693.753612280 173
1520439693.803614140 432
1520439693.853642941 231
1520439693.903643847 217
1520439693.953646183 188
1520439694.003647089 177
1520439694.053648949 180
1520439694.103650093 157
1520439694.153651953 143
1520439694.203652859 138
1520439694.253728867 197
1520439694.303730726 333
1520439694.353731871 320
1520439694.403733730 309
1520439694.453734636 247
1520439694.503736734 165
1520439694.553737640 145
1520439694.603739738 165
1520439694.653847218 133
1520439694.703848362 141
1520439694.753850460 146
1520439694.803852320 158
1520439694.853853464 147
1520439694.903855324 154
1520439694.953857183 276
1520439695.003858328 240
1520439695.053712845 142
1520439695.103713751 138
1520439695.153715849 179
1520439695.203716755 208
1520439695.253724813 200
1520439695.303719997 169
1520439695.353720903 156
1520439695.403723001 138
1520439695.453724861 144
1520439695.503716469 118
1520439695.553718328 123
1520439695.603719234 140
1520439695.653721333 154
1520439695.703722239 202
1520439695.753724098 228
1520439695.803725243 223
1520439695.853727341 217
1520439695.903893471 208
1520439695.953894377 213
1520439696.003896236 149
1520439696.053897381 137
1520439696.103899479 126
1520439696.153900385 113
1520439696.203903437 143
1520439696.253904343 139
1520439696.303915739 135
1520439696.353917599 169
1520439696.403919935 156
1520439696.453920841 175
1520439696.503922701 178
1520439696.553923845 163
1520439696.603925705 147
1520439696.653926611 146
1520439696.703899622 187
1520439696.753902674 203
1520439696.803902626 200
1520439696.853904724 176
1520439696.903905630 158
1520439696.953906775 147
1520439697.003908634 148
1520439697.053910494 129
1520439697.103821039 135
1520439697.153822899 156
1520439697.203824043 150
1520439697.253826141 214
1520439697.303827047 227
1520439697.353829145 219
1520439697.403830051 214
1520439697.453831911 222
1520439697.503834009 236
1520439697.553976297 190
1520439697.603978395 218
1520439697.653980494 222
1520439697.703981400 214
1520439697.753982544 205
1520439697.803984404 197
1520439697.853986263 178
1520439697.903988361 204
1520439697.953886986 169
1520439698.003888845 159
1520439698.053889990 155
1520439698.103890896 153
1520439698.153892756 153
1520439698.203895092 153
1520439698.253895998 153
1520439698.303898096 152
1520439698.353796721 148
1520439698.403798819 148
1520439698.453798771 147
1520439698.503884792 145
1520439698.553801775 135
1520439698.603803635 133
1520439698.653805494 128
1520439698.703806639 118
1520439698.753866196 133
1520439698.803867102 122
1520439698.853869200 118
1520439698.903870106 150
1520439698.953872204 136
1520439699.003873348 165
1520439699.053875208 151
1520439699.103877068 138
1520439699.154026508 118
1520439699.204028368 138
1520439699.254029274 135
1520439699.304031372 162
1520439699.354032278 155
1520439699.404034376 146
1520439699.454036474 137
1520439699.504038334 121
1520439699.554153204 108
1520439699.604155302 99
1520439699.654156208 84
1520439699.704158545 124
1520439699.754159451 115
1520439699.804160357 104
1520439699.854162455 123
1520439699.904164314 119
1520439699.954165220 115
1520439700.004231453 133
1520439700.054233313 124
1520439700.104276180 134
1520439700.154235363 118
1520439700.204237223 110
1520439700.254239321 110
1520439700.304240465 101
1520439700.354242325 111
1520439700.404344082 91
1520439700.454345942 82
1520439700.504346848 88
1520439700.554348946 78
1520439700.604349852 68
1520439700.654351950 78
1520439700.704354048 68
1520439700.754354954 65
1520439700.804762363 45
1520439700.854763269 36
1520439700.904765368 63
1520439700.954766273 56
1520439701.004768372 44
1520439701.054770470 32
1520439701.104771376 25
1520439701.154774189 20
1520439701.205379725 11
1520439701.255380630 42
1520439701.305382729 26
1520439701.355383873 37
1520439701.405385733 33
1520439701.455386639 30
1520439701.505388737 29
1520439701.555390835 26
1520439701.605720997 38
1520439701.655722141 59
1520439701.705724239 51
1520439701.755725145 113
1520439701.805727243 77
1520439701.855729103 88
1520439701.905730009 64
1520439701.955732107 66
1520439702.005733013 117
1520439702.056283712 22
1520439702.106284857 45
1520439702.156286716 88
1520439702.206287622 93
1520439702.256289721 85
1520439702.306291819 62
1520439702.356292725 50
1520439702.406294823 42
1520439702.459558487 17
1520439702.509560347 9
1520439702.559562206 63
1520439702.609563351 39
1520439702.659565210 56
1520439702.709566116 54
1520439702.759569407 49
1520439702.809570312 41
1520439702.862722397 15
1520439702.912723303 14
1520439702.962725401 51
1520439703.012726307 47
1520439703.062727451 101
1520439703.112729311 92
1520439703.162730217 82
1520439703.212732315 71
1520439703.262734413 62
1520439703.312735319 55
1520439703.362736464 70
1520439703.412738323 67
1520439703.462740183 98
1520439703.512741327 93
1520439703.562743187 70
1520439703.612744331 84
1520439703.662746429 76
1520439703.712747335 69
1520439703.762749434 65
1520439703.812750340 62
1520439703.862752199 55
1520439703.912754536 52
1520439703.962755442 68
1520439704.012757301 55
1520439704.062758446 50
1520439704.112760305 70
1520439704.162761211 63
1520439704.212763309 55
1520439704.262765408 52
1520439704.312767267 45
1520439704.362768412 40
1520439704.412770271 35
1520439704.462771177 34
1520439704.512773275 32
1520439704.562775373 56
1520439704.612776518 53
1520439704.662780523 49
1520439704.712779284 47
1520439704.762782097 43
1520439704.812782288 38
1520439704.862784147 35
1520439704.912785292 33
1520439704.962860346 29
1520439705.012788296 24
1520439705.062790394 21
1520439705.112791300 18
1520439705.162793159 17
1520439705.212794304 47
1520439705.262796402 46
1520439705.311258078 33
1520439705.361259937 29
1520439705.411261082 25
1520439705.461263180 54
1520439705.511265039 51
1520439705.561266184 47
1520439705.611268044 37
1520439705.661268950 34
1520439705.708701849 10
1520439705.758702755 65
1520439705.808705091 48
1520439705.858706951 43
1520439705.908708096 32
1520439705.958709955 70
1520439706.008712053 66
1520439706.058713198 133
1520439706.106956005 30
1520439706.156957865 22
1520439706.206958055 30
1520439706.256959915 30
1520439706.306964874 51
1520439706.356963158 44
1520439706.406965017 41
1520439706.456965923 38
1520439706.506167889 27
1520439706.556198597 24
1520439706.606170654 18
1520439706.656172752 14
1520439706.706173658 13
1520439706.756175756 13
1520439706.806176662 13
1520439706.856178761 26
1520439706.906179905 26
1520439706.956939220 19
1520439707.006941080 19
1520439707.056942225 19
1520439707.106944323 19
1520439707.156945229 57
1520439707.206947327 52
1520439707.256949186 47
1520439707.306950092 42
1520439707.360548019 94
1520439707.410550117 61
1520439707.460551977 54
1520439707.510553122 52
1520439707.560554981 44
1520439707.610556841 38
1520439707.660557985 33
1520439707.710560083 30
1520439707.762874365 16
1520439707.812876225 16
1520439707.862877369 16
1520439707.912879467 13
1520439707.962880373 81
1520439708.012882471 76
1520439708.062883377 61
1520439708.112885237 54
1520439708.162887335 66
1520439708.212888241 62
1520439708.262890339 59
1520439708.312891483 54
1520439708.362893343 48
1520439708.412894249 48
1520439708.462896347 46
1520439708.512897253 41
1520439708.562899113 65
1520439708.612901449 61
1520439708.662902355 60
1520439708.712904453 55
1520439708.762905359 75
1520439708.812907219 73
1520439708.862908363 70
1520439708.912910223 58
1520439708.962911129 53
1520439709.012913465 73
1520439709.062915325 69
1520439709.112916231 62
1520439709.162918329 94
1520439709.212920427 91
1520439709.262921333 95
1520439709.312923431 86
1520439709.362925291 75
1520439709.412414551 56
1520439709.462415695 50
1520439709.512417555 59
1520439709.562418461 54
1520439709.612424374 49
1520439709.662422419 43
1520439709.712423325 59
1520439709.762424469 56
1520439709.810653925 43
1520439709.860556126 41
1520439709.910557032 89
1520439709.960558891 79
1520439710.010560036 67
1520439710.060561895 61
1520439710.110563040 53
1520439710.160564899 66
1520439710.208740711 26
1520439710.258741856 25
1520439710.308743715 23
1520439710.358744621 80
1520439710.408746719 70
1520439710.458747625 67
1520439710.508749485 59
1520439710.558750629 54
1520439710.607288361 23
1520439710.657290220 21
1520439710.707291365 17
1520439710.757294416 16
1520439710.807295322 12
1520439710.857297421 12
1520439710.907298326 49
1520439710.957299232 47
1520439711.006050825 13
1520439711.056051970 12
1520439711.106053829 10
1520439711.156054974 81
1520439711.206058979 102
1520439711.256057739 101
1520439711.306060076 93
1520439711.356060982 86
1520439711.405423641 43
1520439711.455367565 37
1520439711.505368471 35
1520439711.555370569 33
1520439711.605371714 65
1520439711.655373573 60
1520439711.705374479 78
1520439711.755376577 69
1520439711.805377483 51
1520439711.855489492 42
1520439711.905491352 37
1520439711.955492496 35
1520439712.005494595 30
1520439712.055495501 61
1520439712.105497599 57
1520439712.155498505 53
1520439712.205500364 50
1520439712.256057501 44
1520439712.306058407 41
1520439712.356060743 66
1520439712.406062603 65
1520439712.456063509 63
1520439712.506065607 58
1520439712.556066513 139
1520439712.606068373 128
1520439712.655855656 110
1520439712.705857754 99
1520439712.755861759 90
1520439712.805860758 84
1520439712.855862856 75
1520439712.905863762 69
1520439712.955865860 105
1520439713.005879879 102
1520439713.055298090 263
1520439713.105298996 237
1520439713.155301094 347
1520439713.205302000 293
1520439713.255303860 337
1520439713.305305004 303
1520439713.355307102 316
1520439713.405308008 295
1520439713.454799652 184
1520439713.504801512 227
1520439713.554802418 203
1520439713.604804516 364
1520439713.654805422 313
1520439713.704807520 323
1520439713.754808664 278
1520439713.804810524 290
1520439713.854812622 318
1520439713.904637098 287
1520439713.954639196 287
1520439714.004641056 306
1520439714.054642200 267
1520439714.104644060 275
1520439714.154645205 277
1520439714.204647064 258
1520439714.254647970 227
1520439714.304578066 243
1520439714.354580164 222
1520439714.404581070 192
1520439714.454581976 229
1520439714.504586220 209
1520439714.554586172 185
1520439714.604587078 248
1520439714.654589176 204
1520439714.704533815 261
1520439714.754535675 225
1520439714.804536819 192
1520439714.854538679 214
1520439714.904539824 187
1520439714.954541922 263
1520439715.004542828 222
1520439715.054544926 255
1520439715.104536057 209
1520439715.154536963 234
1520439715.204539061 199
1520439715.254539967 216
1520439715.304542065 170
1520439715.354544163 198
1520439715.404545069 155
1520439715.454546928 139
1520439715.504522324 185
1520439715.554524183 156
1520439715.604526281 130
1520439715.654527187 117
1520439715.704529524 177
1520439715.754530191 159
1520439715.804532290 135
1520439715.854534388 118
1520439715.904535294 103
1520439715.954536200 84
1520439716.004538298 121
1520439716.054540396 97
1520439716.104541302 192
1520439716.154543400 156
1520439716.204544306 173
1520439716.254629374 139
1520439716.304547310 191
1520439716.354534626 164
1520439716.404535770 182
1520439716.454537630 159
1520439716.504538536 131
1520439716.554540873 107
1520439716.604541779 93
1520439716.654543638 85
1520439716.704545736 72
1520439716.754534006 107
1520439716.804535866 98
1520439716.854537010 82
1520439716.904538870 73
1520439716.954539776 70
1520439717.004541874 64
1520439717.054543972 56
1520439717.104544878 51
1520439717.154636383 170
1520439717.204638481 129
1520439717.254639387 183
1520439717.304641247 145
1520439717.354643345 161
1520439717.404644251 131
1520439717.454646349 120
1520439717.504647493 116
1520439717.554682732 105
1520439717.604684830 93
1520439717.654686689 83
1520439717.704692841 72
1520439717.754688740 72
1520439717.804690599 129
1520439717.854729652 95
1520439717.904693842 88
1520439717.954728842 83
1520439718.004729748 80
1520439718.054731846 78
1520439718.104732990 176
1520439718.154734850 137
1520439718.204735756 126
1520439718.254737854 172
1520439718.304739952 146
1520439718.354740620 169
1520439718.404752016 152
1520439718.454753399 137
1520439718.504755259 129
1520439718.554756403 122
1520439718.604758263 120
1520439718.654760122 159
1520439718.704761267 130
1520439718.754763365 119
1520439718.804775000 119
1520439718.854775906 115
1520439718.904777765 114
1520439718.954778910 194
1520439719.004780769 169
1520439719.054781914 159
1520439719.104783773 151
1520439719.154785872 209
1520439719.204795599 187
1520439719.254797935 165
1520439719.304798603 186
1520439719.354799986 160
1520439719.404801846 220
1520439719.454803705 193
1520439719.504804850 176
1520439719.554806709 167
1520439719.604785919 162
1520439719.654788017 153
1520439719.704788923 151
1520439719.754791021 176
1520439719.804792166 167
1520439719.854794025 160
1520439719.904795885 154
1520439719.954797029 152
1520439720.004787207 141
1520439720.054788113 247
1520439720.104789972 227
1520439720.154791117 196
1520439720.204792976 219
1520439720.254795074 191
1520439720.304796219 172
1520439720.354798079 206
1520439720.404796362 183
1520439720.454798222 164
1520439720.504800558 146
1520439720.554802418 139
1520439720.604803324 131
1520439720.654805422 125
1520439720.704806328 176
1520439720.754807234 164
1520439720.804809570 159
1520439720.854815483 149
1520439720.904817581 143
1520439720.954818487 259
1520439721.004819393 247
1520439721.054821730 225
1520439721.104924679 206
1520439721.154824495 180
1520439721.204825640 168
1520439721.254807472 193
1520439721.304808617 170
1520439721.354810715 225
1520439721.404811621 190
1520439721.454813719 170
1520439721.504815578 152
1520439721.554816484 142
1520439721.604818583 136
1520439721.654853106 121
1520439721.704855204 116
1520439721.754856110 112
1520439721.804858208 110
1520439721.854860306 154
1520439721.904861212 144
1520439721.954863310 135
1520439722.004865170 130
1520439722.054867983 123
1520439722.104869843 118
1520439722.154872179 106
1520439722.204872847 209
1520439722.254874229 187
1520439722.304876089 227
1520439722.354876995 191
1520439722.404879093 167
1520439722.454906702 193
1520439722.504907846 175
1520439722.554908752 160
1520439722.604910851 152
1520439722.654912710 144
1520439722.704971790 135
1520439722.754915953 128
1520439722.804916620 125
1520439722.854925156 115
1520439722.904926062 109
1520439722.954928160 153
1520439723.004930019 140
1520439723.054930925 133
1520439723.104933023 128
1520439723.154933929 113
1520439723.204936028 198
1520439723.254937172 177
1520439723.304846287 200
1520439723.354847193 184
1520439723.404849291 154
1520439723.454851389 131
1520439723.504852295 114
1520439723.554854393 102
1520439723.604855299 153
1520439723.654858351 137
1520439723.704759359 125
1520439723.754760504 118
1520439723.804762363 228
1520439723.854764223 208
1520439723.904766560 175
1520439723.954766273 245
1520439724.004768372 223
1520439724.054769516 213
1520439724.104720116 198
1520439724.154721975 176
1520439724.204722881 162
1520439724.254725218 191
1520439724.304738998 166
1520439724.354727983 141
1520439724.404729128 211
1520439724.454730988 195
1520439724.504695654 178
1520439724.554697752 152
1520439724.604698658 140
1520439724.654700518 203
1520439724.704702616 180
1520439724.754703522 168
1520439724.804705620 253
1520439724.854706764 231
1520439724.904677391 216
1520439724.954678535 204
1520439725.004680395 234
1520439725.054682255 207
1520439725.104683638 187
1520439725.154685497 175
1520439725.204686642 163
1520439725.254688501 140
1520439725.304683447 175
1520439725.354684591 151
1520439725.404686689 205
1520439725.454687595 173
1520439725.504689693 157
1520439725.554690599 140
1520439725.604692459 124
1520439725.654693604 114
1520439725.704695463 110
1520439725.754673481 154
1520439725.804675341 133
1520439725.854677439 128
1520439725.904678345 124
1520439725.954680204 118
1520439726.004681587 117
1520439726.054683447 111
1520439726.104684591 109
1520439726.154719114 106
1520439726.204720497 98
1520439726.254722357 138
1520439726.304724455 114
1520439726.354725361 101
1520439726.404727221 178
1520439726.454728365 160
1520439726.504730463 135
1520439726.554780006 125
1520439726.604781866 120
1520439726.654783964 154
1520439726.704784870 144
1520439726.754786730 126
1520439726.804787874 206
1520439726.854789972 186
1520439726.904791832 176
1520439726.954821110 160
1520439727.004822016 151
1520439727.054823875 141
1520439727.104825020 133
1520439727.154827118 116
1520439727.204827785 106
1520439727.254830122 96
1520439727.304831028 134
1520439727.354885340 126
1520439727.404886484 111
1520439727.454888344 102
1520439727.504889250 95
1520439727.554969311 90
1520439727.604892492 84
1520439727.654894352 82
1520439727.704895496 82
1520439727.754897356 140
1520439727.804910660 127
1520439727.854912519 118
1520439727.904914379 110
1520439727.954915524 105
1520439728.004917622 97
1520439728.054918289 91
1520439728.104920626 84
1520439728.154921532 82
1520439728.204864740 74
1520439728.254866600 70
1520439728.304867744 133
1520439728.354869843 114
1520439728.404871702 106
1520439728.454872847 100
1520439728.504874706 170
1520439728.554876566 152
1520439728.604811668 127
1520439728.654812574 166
1520439728.704814911 141
1520439728.754815817 128
1520439728.804817677 116
1520439728.854819775 145
1520439728.904820681 126
1520439728.954822540 115
1520439729.004786730 159
1520439729.054788828 138
1520439729.104789734 183
1520439729.154824734 134
1520439729.204792738 92
1520439729.254794836 77
1520439729.304795742 113
1520439729.354797840 86
1520439729.404724836 72
1520439729.454726934 104
1520439729.504728794 97
1520439729.554729700 92
1520439729.604731798 85
1520439729.654732704 275
1520439729.704735041 232
1520439729.754735947 209
1520439729.804716587 194
1520439729.854718685 255
1520439729.904719591 238
1520439729.954721451 223
1520439730.004722595 272
1520439730.054724693 248
1520439730.104726791 238
1520439730.154728651 227
1520439730.204729557 208
1520439730.254789591 225
1520439730.304790497 209
1520439730.354791641 275
1520439730.404793501 230
1520439730.454794407 247
1520439730.504796743 227
1520439730.554797649 211
1520439730.604799747 227
1520439730.654850960 204
1520439730.704851866 189
1520439730.754854202 216
1520439730.804855108 205
1520439730.854856968 196
1520439730.904858112 190
1520439730.954859972 185
1520439731.004862070 254
1520439731.054888010 225
1520439731.104889870 205
1520439731.154890776 191
1520439731.204892874 251
1520439731.254893780 209
1520439731.304895639 184
1520439731.354896784 218
1520439731.404898882 203
1520439731.454921007 186
1520439731.504922152 169
1520439731.554924011 223
1520439731.604925156 208
1520439731.654927015 186
1520439731.704929113 174
1520439731.754931211 153
1520439731.804932117 142
1520439731.854964256 133
1520439731.904966116 182
1520439731.954967260 170
1520439732.004969120 159
1520439732.054971218 142
1520439732.104972363 126
1520439732.154973269 121
1520439732.204976082 189
1520439732.255039692 155
1520439732.305040836 120
1520439732.355042934 164
1520439732.405142784 136
1520439732.455045938 176
1520439732.505046844 148
1520439732.555048943 121
1520439732.605049849 107
1520439732.655051708 150
1520439732.705078363 144
1520439732.755079508 125
1520439732.805081367 116
1520439732.855082273 104
1520439732.905084372 96
1520439732.955085278 87
1520439733.005087137 79
1520439733.055089474 69
1520439733.105076075 61
1520439733.155077934 48
1520439733.205079079 120
1520439733.255080938 99
1520439733.305082798 79
1520439733.355083942 183
1520439733.405086040 146
1520439733.455087900 149
1520439733.505080223 198
1520439733.555081129 187
1520439733.605083466 165
1520439733.655085325 147
1520439733.705086231 134
1520439733.755088329 123
1520439733.805090189 145
1520439733.855091095 130
1520439733.905090809 116
1520439733.955092669 99
1520439734.005144835 80
1520439734.055095911 197
1520439734.105096817 148
1520439734.155098915 137
1520439734.205099821 180
1520439734.255101919 143
1520439734.305118799 142
1520439734.355119944 127
1520439734.405121803 185
1520439734.455122709 161
1520439734.505124807 143
1520439734.555125713 128
1520439734.605127573 175
1520439734.655129910 156
1520439734.705130816 145
1520439734.755193710 201
1520439734.805194378 181
1520439734.855196476 160
1520439734.905197620 143
1520439734.955200434 120
1520439735.005201340 96
1520439735.055202484 67
1520439735.105204582 95
1520439735.155236959 69
1520439735.205237865 51
1520439735.255239010 44
1520439735.305240870 154
1520439735.355241776 131
1520439735.405243874 243
1520439735.455245733 209
1520439735.505246639 191
1520439735.555332422 162
1520439735.605341196 135
1520439735.655335426 150
1520439735.705336332 133
1520439735.755338192 113
1520439735.805339336 94
1520439735.855341196 160
1520439735.905343294 135
1520439735.955416679 97
1520439736.005418539 92
1520439736.055419683 68
1520439736.105421543 131
1520439736.155422449 113
1520439736.205424547 95
1520439736.255426645 167
1520439736.305427790 141
1520439736.355439901 114
1520439736.405441046 133
1520439736.455442905 96
1520439736.505444050 73
1520439736.555445910 53
1520439736.605448008 101
1520439736.655449152 82
1520439736.705451012 58
1520439736.755381107 134
1520439736.805383205 124
1520439736.855384111 104
1520439736.905385256 89
1520439736.955387115 152
1520439737.005388021 116
1520439737.055390120 105
1520439737.105391026 85
1520439737.155393124 181
1520439737.205245256 158
1520439737.255246162 173
1520439737.305247307 131
1520439737.355249166 117
1520439737.405250072 111
1520439737.455252171 101
1520439737.505254030 95
1520439737.555254936 72
1520439737.605202198 111
1520439737.655203342 97
1520439737.705205202 89
1520439737.755206108 79
1520439737.805208206 68
1520439737.855210304 55
1520439737.905211449 47
1520439737.955213308 227
1520439738.005164862 186
1520439738.055166960 150
1520439738.105167866 165
1520439738.155169725 126
1520439738.205170870 172
1520439738.255172968 151
1520439738.305174828 202
1520439738.355175972 181
1520439738.405155897 270
1520439738.455157757 228
1520439738.505158663 203
1520439738.555160761 180
1520439738.605162859 180
1520439738.655163765 158
1520439738.705164909 251
1520439738.755169868 200
1520439738.805137634 170
1520439738.855208635 170
1520439738.905139685 147
1520439738.955141544 106
1520439739.005143881 122
1520439739.055144787 105
1520439739.105146646 93
1520439739.155147791 81
1520439739.205155134 155
1520439739.255156279 142
1520439739.305158138 238
1520439739.355159044 204
1520439739.405161142 177
1520439739.455163240 154
1520439739.505164146 156
1520439739.555166245 137
1520439739.605168104 101
1520439739.655157089 169
1520439739.705158949 128
1520439739.755160093 142
1520439739.805161953 109
1520439739.855162859 145
1520439739.905164957 131
1520439739.955165863 116
1520439740.005167961 105
1520439740.055179596 92
1520439740.105180502 135
1520439740.155182600 122
1520439740.205184460 265
1520439740.255185366 215
1520439740.305186510 194
1520439740.355188370 156
1520439740.405189276 137
1520439740.455236435 112
1520439740.505213499 145
1520439740.555215359 111
1520439740.605217457 138
1520439740.655218363 125
1520439740.705220461 189
1520439740.755221605 174
1520439740.805223465 164
1520439740.855218649 159
1520439740.905220747 150
1520439740.955221653 140
1520439741.005223751 125
1520439741.055225849 117
1520439741.105226755 106
1520439741.155228615 104
1520439741.205229759 98
1520439741.255188227 92
1520439741.305189133 191
1520439741.355190992 173
1520439741.405193329 159
1520439741.455193996 143
1520439741.505196095 126
1520439741.555198193 109
1520439741.605200052 97
1520439741.655222893 91
1520439741.705224037 225
1520439741.755225897 185
1520439741.805227757 170
1520439741.855228901 151
1520439741.905229807 132
1520439741.955231667 114
1520439742.005232811 185
1520439742.055234909 168
1520439742.105233669 145
1520439742.155235529 238
1520439742.205237865 207
1520439742.255238771 226
1520439742.305240631 184
1520439742.355241776 214
1520439742.405243635 183
1520439742.455244541 159
1520439742.505289555 198
1520439742.555290461 186
1520439742.605292559 162
1520439742.655294418 244
1520439742.705295324 207
1520439742.755297422 183
1520439742.805298328 166
1520439742.855300426 147
1520439742.905314445 128
1520439742.955316782 120
1520439743.005317688 113
1520439743.055320501 104
1520439743.105321646 133
1520439743.155323744 129
1520439743.205324650 120
1520439743.255326748 235
1520439743.305347681 206
1520439743.355349779 163
1520439743.405350685 136
1520439743.455352783 161
1520439743.505353689 148
1520439743.555355549 132
1520439743.605356693 125
1520439743.655358791 111
1520439743.705489397 106
1520439743.755401373 99
1520439743.805403471 96
1520439743.855404615 90
1520439743.905406475 84
1520439743.955407381 75
1520439744.005409479 71
1520439744.055410385 63
1520439744.105412245 141
1520439744.155457258 109
1520439744.205459356 85
1520439744.255461454 207
1520439744.305462360 171
1520439744.355464458 137
1520439744.405465364 117
1520439744.455467224 106
1520439744.505468369 98
1520439744.555518150 87
1520439744.605520010 73
1520439744.655522108 62
1520439744.705524206 98
1520439744.755525112 80
1520439744.805526257 68
1520439744.855528116 60
1520439744.905529022 59
1520439744.955559492 227
1520439745.005561352 169
1520439745.055563211 147
1520439745.105564356 132
1520439745.155566454 112
1520439745.205567122 163
1520439745.255569458 133
1520439745.305614233 211
1520439745.355599642 167
1520439745.405600548 144
1520439745.455602407 163
1520439745.505604506 144
1520439745.555605412 124
1520439745.605607510 109
1520439745.655608654 98
1520439745.705610514 91
1520439745.755572081 81
1520439745.805573940 76
1520439745.855576038 70
1520439745.905576944 62
1520439745.955578804 55
1520439746.005579948 92
1520439746.055582047 76
1520439746.105583191 69
1520439746.155501604 66
1520439746.205503702 199
1520439746.255505562 173
1520439746.305506706 195
1520439746.355507612 168
1520439746.405509710 182
1520439746.455511808 167
1520439746.505512714 140
1520439746.555513620 179
1520439746.605426550 158
1520439746.655428648 137
1520439746.705429554 126
1520439746.755431414 191
1520439746.805432558 171
1520439746.855434418 157
1520439746.905435324 139
1520439746.955437660 119
1520439747.005423069 110
1520439747.055423975 101
1520439747.105426073 94
1520439747.155426979 162
1520439747.205429077 140
1520439747.255430222 215
1520439747.305432081 176
1520439747.355432987 209
1520439747.405427933 171
1520439747.455429792 214
1520439747.505430698 189
1520439747.555433035 164
1520439747.605433941 205
1520439747.655435801 184
1520439747.705436945 169
1520439747.755438805 142
1520439747.805417299 127
1520439747.855418444 113
1520439747.905420303 176
1520439747.955422401 163
1520439748.005423307 150
1520439748.055425167 135
1520439748.105427504 129
1520439748.155428410 117
1520439748.205447912 203
1520439748.255450010 183
1520439748.305450916 218
1520439748.355453014 195
1520439748.405454159 233
1520439748.455456018 201
1520439748.505456924 179
1520439748.555459023 158
1520439748.605459929 147
1520439748.655475378 132
1520439748.705477476 171
1520439748.755478621 153
1520439748.805480480 134
1520439748.855481386 131
1520439748.905483484 129
1520439748.955484390 259
1520439749.005486250 233
1520439749.055502415 213
1520439749.105503321 190
1520439749.155505180 169
1520439749.205507278 148
1520439749.255508184 131
1520439749.305510044 163
1520439749.355511189 142
1520439749.405512094 130
1520439749.455532312 230
1520439749.505535126 186
1520439749.555535078 166
1520439749.605538368 159
1520439749.655539274 151
1520439749.705541134 143
1520439749.755542278 197
1520439749.805543184 185
1520439749.855530262 176
1520439749.905531168 169
1520439749.955533981 163
1520439750.005535126 254
1520439750.055536032 239
1520439750.105538368 215
1520439750.155598164 192
1520439750.205540180 234
1520439750.255501032 206
1520439750.305502892 185
1520439750.355504036 220
1520439750.405506134 188
1520439750.455507040 207
1520439750.505509138 181
1520439750.555510044 165
1520439750.605511904 221
1520439750.655460119 194
1520439750.705461025 174
1520439750.755463123 162
1520439750.805464029 152
1520439750.855465889 213
1520439750.905468225 192
1520439750.955469131 173
1520439751.005470276 156
1520439751.055472136 240
1520439751.105415821 223
1520439751.155418158 196
1520439751.205419064 179
1520439751.255420923 244
1520439751.305422068 220
1520439751.355423927 188
1520439751.405424833 287
1520439751.455427170 229
1520439751.505396128 198
1520439751.555398226 165
1520439751.605400324 147
1520439751.655401230 129
1520439751.705403328 111
1520439751.755417347 161
1520439751.805406094 143
1520439751.855407476 135
1520439751.905382872 315
1520439751.955383778 249
1520439752.005385637 313
1520439752.055386782 257
1520439752.105388880 218
1520439752.155389786 186
1520439752.205391884 236
1520439752.255393744 211
1520439752.305421591 195
1520439752.355423689 250
1520439752.405425549 213
1520439752.455426931 199
1520439752.505427599 253
1520439752.555429697 234
1520439752.605430841 205
1520439752.655432701 265
1520439752.705460310 244
1520439752.755462170 318
1520439752.805463076 282
1520439752.855465174 334
1520439752.905466080 319
1520439752.955468178 373
1520439753.005469084 341
1520439753.055471182 385
1520439753.105448484 351
1520439753.155450583 425
1520439753.205451488 401
1520439753.255453348 354
1520439753.305455685 421
1520439753.355459690 368
1520439753.405458450 441
1520439753.455459595 409
1520439753.505461454 472
1520439753.555377960 405
1520439753.605379820 439
1520439753.655380726 505
1520439753.705382824 498
1520439753.755383730 528
1520439753.805385828 503
1520439753.855387926 520
1520439753.905388832 551
1520439753.955289125 557
1520439754.005290031 571
1520439754.055292130 521
1520439754.105293036 540
1520439754.155294895 505
1520439754.205297232 473
1520439754.255298138 540
1520439754.305299997 487
1520439754.355243921 461
1520439754.405244827 431
1520439754.455247164 400
1520439754.505248070 461
1520439754.555249929 441
1520439754.605252028 422
1520439754.655252934 399
1520439754.705254793 498
1520439754.755247355 458
1520439754.805249453 427
1520439754.855250359 480
1520439754.905251503 440
1520439754.955253601 415
1520439755.005326271 521
1520439755.055256605 475
1520439755.105258465 440
1520439755.155231953 410
1520439755.205234289 390
1520439755.255234957 449
1520439755.305237055 415
1520439755.355238199 356
1520439755.405240059 420
1520439755.455241919 386
1520439755.505243063 480
1520439755.555250168 444
1520439755.605237722 406
1520439755.655239820 471
1520439755.705240726 449
1520439755.755243063 425
1520439755.805244923 407
1520439755.855245829 376
1520439755.905247927 359
1520439755.955250025 388
1520439756.005266905 376
1520439756.055268764 356
1520439756.105269909 462
1520439756.155272007 436
1520439756.205273867 502
1520439756.255275011 448
1520439756.305275917 479
1520439756.355278730 446
1520439756.405289888 489
1520439756.455291033 495
1520439756.505293131 517
1520439756.555294037 510
1520439756.605319262 549
1520439756.655297041 490
1520439756.705298901 525
1520439756.755300045 509
1520439756.805320978 572
1520439756.855322123 538
1520439756.905323982 577
1520439756.955324888 551
1520439757.005326986 573
1520439757.055329084 548
1520439757.105329990 580
1520439757.155332088 560
1520439757.205347776 539
1520439757.255350113 563
1520439757.305351019 547
1520439757.355352879 615
1520439757.405354023 569
1520439757.455355883 584
1520439757.505357981 564
1520439757.555358887 593
1520439757.605377674 568
1520439757.655380011 553
1520439757.705380917 545
1520439757.755382776 534
1520439757.805384874 521
1520439757.855385780 505
1520439757.905387878 497
1520439757.955389023 488
1520439758.005386591 503
1520439758.055401564 481
1520439758.105403423 473
1520439758.155404568 462
1520439758.205410480 446
1520439758.255407333 440
1520439758.305409431 533
1520439758.355410337 519
1520439758.405412674 504
1520439758.455414534 495
1520439758.505416393 484
1520439758.555417538 474
1520439758.605419636 466
1520439758.655421495 524
1520439758.705422640 508
1520439758.755424500 497
1520439758.805425406 489
1520439758.855423212 480
1520439758.905424118 462
1520439758.955426216 501
1520439759.005427122 489
1520439759.055429459 479
1520439759.105431318 462
1520439759.155432224 554
1520439759.205434322 535
1520439759.255441666 521
1520439759.305442572 487
1520439759.355443716 468
1520439759.405445576 454
1520439759.455447435 420
1520439759.505448818 412
1520439759.555450678 399
1520439759.605451584 390
1520439759.655446053 382
1520439759.705446959 366
1520439759.755450964 392
1520439759.805450916 383
1520439759.855536938 375
1520439759.905453920 370
1520439759.955455065 354
1520439760.005456924 341
1520439760.055457592 504
1520439760.105459690 491
1520439760.155460596 473
1520439760.205462456 466
1520439760.255464792 451
1520439760.305465698 534
1520439760.355467558 520
1520439760.405468702 506
1520439760.455470562 490
1520439760.505485296 474
1520439760.555487156 456
1520439760.605488300 451
1520439760.655490398 439
1520439760.705492258 420
1520439760.755493402 404
1520439760.805495262 415
1520439760.855497122 389
1520439760.905490637 373
1520439760.955491781 365
1520439761.005493641 363
1520439761.055495739 556
1520439761.105496883 541
1520439761.155498743 512
1520439761.205500603 506
1520439761.255501747 490
1520439761.305505514 468
1520439761.355503321 455
1520439761.405505419 419
1520439761.455544233 398
1520439761.505508423 448
1520439761.555509567 368
1520439761.605511427 513
1520439761.655512333 490
1520439761.705509901 481
1520439761.755510807 447
1520439761.805512667 515
1520439761.855514765 493
1520439761.905515671 452
1520439761.955517769 522
1520439762.005518913 507
1520439762.055520773 485
1520439762.105538607 447
1520439762.155540705 541
1520439762.205542564 500
1520439762.255543470 559
1520439762.305545807 526
1520439762.355546713 513
1520439762.405548573 492
1520439762.455550671 520
1520439762.505540371 491
1520439762.555542231 477
1520439762.605543375 461
1520439762.655545235 540
1520439762.705546141 522
1520439762.755548477 495
1520439762.805549383 560
1520439762.855551243 524
1520439762.905553341 511
1520439762.955527306 477
1520439763.005529404 524
1520439763.055530548 491
1520439763.105532408 465
1520439763.155533314 596
1520439763.205535412 560
1520439763.255536318 535
1520439763.305538416 503
1520439763.355519533 464
1520439763.405521393 482
1520439763.455523491 468
1520439763.505524397 458
1520439763.555526733 449
1520439763.605527639 417
1520439763.655529499 404
1520439763.705530643 518
1520439763.755545616 473
1520439763.805546761 443
1520439763.855548620 520
1520439763.905550957 494
1520439763.955551863 482
1520439764.005553722 456
1520439764.055555820 450
1520439764.105556726 442
1520439764.155554056 434
1520439764.205555916 515
1520439764.255557060 494
1520439764.305557966 465
1520439764.355559826 448
1520439764.405562162 428
1520439764.455563068 489
1520439764.505568027 475
1520439764.555559874 463
1520439764.605561972 450
1520439764.655563116 436
1520439764.705668926 415
1520439764.755565882 402
1520439764.805567980 390
1520439764.855568886 454
1520439764.905570745 428
1520439764.955571890 414
1520439765.005579710 395
1520439765.055582047 378
1520439765.105582952 372
1520439765.155584812 365
1520439765.205585957 347
1520439765.255587816 334
1520439765.305588961 320
1520439765.355590820 313
1520439765.405590057 304
1520439765.455591917 299
1520439765.505594015 291
1520439765.555594921 351
1520439765.605597258 347
1520439765.655599117 329
1520439765.705600023 319
1520439765.755602121 309
1520439765.805602074 298
1520439765.855602980 289
1520439765.905604124 280
1520439765.955605984 276
1520439766.005606890 269
1520439766.055608988 261
1520439766.105611086 404
1520439766.155611992 391
1520439766.205601692 376
1520439766.255602598 363
1520439766.305664778 427
1520439766.355605841 410
1520439766.405607939 388
1520439766.455608845 374
1520439766.505610704 354
1520439766.555611849 335
1520439766.605615616 424
1520439766.655617714 404
1520439766.705618620 388
1520439766.755620718 371
1520439766.805621862 357
1520439766.855623722 433
1520439766.905624866 411
1520439766.955626726 392
1520439767.005627155 379
1520439767.055629253 478
1520439767.105631113 466
1520439767.155632019 451
1520439767.205634356 441
1520439767.255636215 512
1520439767.305637121 495
1520439767.355638266 449
1520439767.405641317 428
1520439767.455615759 422
1520439767.505616903 418
1520439767.555618763 409
1520439767.605619669 402
1520439767.655622005 392
1520439767.705623865 372
1520439767.755625010 368
1520439767.805625916 358
1520439767.855606556 350
1520439767.905620575 332
1520439767.955609560 313
1520439768.005611420 302
1520439768.055612326 348
1520439768.105614662 335
1520439768.155615568 328
1520439768.205617428 323
1520439768.255615234 316
1520439768.305616140 311
1520439768.355618238 304
1520439768.405619144 299
1520439768.455621004 468
1520439768.505622387 443
1520439768.555624247 430
1520439768.605625391 515
1520439768.655638933 488
1520439768.705641270 473
1520439768.755642176 464
1520439768.805644035 450
1520439768.855646133 441
1520439768.905647039 492
1520439768.955649137 477
1520439769.005650282 473
1520439769.055651426 467
1520439769.105652571 461
1520439769.155654430 452
1520439769.205655336 487
1520439769.255657434 469
1520439769.305658340 462
1520439769.355660200 451
1520439769.405661345 439
1520439769.455653429 432
1520439769.505655289 415
1520439769.555656195 396
1520439769.605658293 377
1520439769.655659199 369
1520439769.705661297 361
1520439769.755662441 343
1520439769.805664301 339
1520439769.855666161 336
1520439769.905666828 335
1520439769.955668688 371
1520439770.005669832 360
1520439770.055671692 357
1520439770.105672598 352
1520439770.155674934 348
1520439770.205675840 346
1520439770.255677700 344
1520439770.305678606 338
1520439770.355679750 332
1520439770.405681610 322
1520439770.455682516 317
1520439770.505684853 295
1520439770.555686712 293
1520439770.605687618 293
1520439770.655689716 291
1520439770.705688238 284
1520439770.755690336 276
1520439770.805692196 268
1520439770.855693340 265
1520439770.905695200 253
1520439770.955696344 245
1520439771.005698204 242
1520439771.055699110 236
1520439771.105696201 217
1520439771.155778408 327
1520439771.205699444 317
1520439771.255700111 312
1520439771.305702209 305
1520439771.355703354 303
1520439771.405705214 293
1520439771.455707073 290
1520439771.505702734 284
1520439771.555704594 276
1520439771.605705738 507
1520439771.655707598 504
1520439771.705708504 495
1520439771.755710602 484
1520439771.805711508 528
1520439771.855713606 524
1520439771.905714035 518
1520439771.955721378 506
1520439772.005723476 498
1520439772.055724621 492
1520439772.105726480 478
1520439772.155727625 463
1520439772.205730677 457
1520439772.255731344 476
1520439772.305733681 465
1520439772.355723619 458
1520439772.405727386 454
1520439772.455726385 447
1520439772.505728483 441
1520439772.555729389 436
1520439772.605731249 413
1520439772.655732393 469
1520439772.705734491 455
1520439772.755777597 439
1520439772.805741310 431
1520439772.855742455 427
1520439772.905744314 425
1520439772.955745459 421
1520439773.005747557 418
1520439773.055749416 400
1520439773.105750561 386
1520439773.155746460 382
1520439773.205747366 366
1520439773.255749464 360
1520439773.305750608 412
1520439773.355752468 403
1520439773.405753374 391
1520439773.455755472 386
1520439773.505757332 383
1520439773.555739164 377
1520439773.605741024 376
1520439773.655742884 371
1520439773.705744028 356
1520439773.755746126 354
1520439773.805747986 424
1520439773.855749130 411
1520439773.905750990 405
1520439773.955751896 395
1520439774.005752802 387
1520439774.055754900 383
1520439774.105756998 380
1520439774.155757904 378
1520439774.205760002 371
1520439774.255760908 357
1520439774.305762768 347
1520439774.355760813 426
1520439774.405773163 415
1520439774.455774307 409
1520439774.505776167 391
1520439774.555777311 435
1520439774.605779171 419
1520439774.655781031 410
1520439774.705782175 397
1520439774.755784273 458
1520439774.805799246 448
1520439774.855801105 443
1520439774.905802011 435
1520439774.955804110 429
1520439775.005805016 422
1520439775.055806875 412
1520439775.105809212 402
1520439775.155810118 452
1520439775.205799341 431
1520439775.255801678 403
1520439775.305802584 432
1520439775.355804443 427
1520439775.405806541 418
1520439775.455807447 409
1520439775.505809307 404
1520439775.555810452 395
1520439775.605823994 388
1520439775.655824900 372
1520439775.705825806 450
1520439775.755827904 432
1520439775.805830002 419
1520439775.855830669 415
1520439775.905833006 389
1520439775.955833912 434
1520439776.005830050 428
1520439776.055830956 423
1520439776.105833054 462
1520439776.155834198 447
1520439776.205836058 440
1520439776.255837917 427
1520439776.305839062 418
1520439776.355840921 414
1520439776.405841589 383
1520439776.455843925 376
1520439776.505844831 370
1520439776.555846691 356
1520439776.605848789 353
1520439776.655849695 336
1520439776.705851793 361
1520439776.755852699 349
1520439776.805854797 344
1520439776.855865002 424
1520439776.905868053 405
1520439776.955869198 393
1520439777.005870104 382
1520439777.055871964 369
1520439777.105873108 417
1520439777.155874968 393
1520439777.205877066 382
1520439777.255903006 364
1520439777.305903912 402
1520439777.355906010 394
1520439777.405910969 463
1520439777.455908775 417
1520439777.505911112 435
1520439777.555912018 419
1520439777.605976820 409
1520439777.655907869 400
1520439777.705909729 379
1520439777.755910873 368
1520439777.805912733 368
1520439777.855914831 356
1520439777.905915976 349
1520439777.955917835 420
1520439778.005918980 395
1520439778.055913210 453
1520439778.105914354 404
1520439778.155916214 413
1520439778.205917120 400
1520439778.255919456 390
1520439778.305921316 373
1520439778.355922222 357
1520439778.405924320 419
1520439778.455908298 382
1520439778.505909204 363
1520439778.555911064 351
1520439778.605912209 333
1520439778.655914307 381
1520439778.705916166 357
1520439778.755917311 344
1520439778.805919170 424
1520439778.855919361 384
1520439778.905921221 420
1520439778.955923319 397
1520439779.005923271 384
1520439779.055925131 366
1520439779.105927229 352
1520439779.155928373 326
1520439779.205951214 319
1520439779.255931377 307
1520439779.305938721 364
1520439779.355939627 334
1520439779.405941486 308
1520439779.455943584 291
1520439779.505944490 287
1520439779.555946589 280
1520439779.605947733 268
1520439779.655949593 265
1520439779.705956936 345
1520439779.755959034 321
1520439779.805959940 295
1520439779.855961800 372
1520439779.905964136 325
1520439779.955965042 300
1520439780.005966902 289
1520439780.055968046 270
1520439780.105962276 255
1520439780.155964136 316
1520439780.205965996 307
1520439780.255967140 278
1520439780.305969238 261
1520439780.355970144 342
1520439780.405972242 316
1520439780.455973148 305
1520439780.505987406 270
1520439780.555986166 259
1520439780.605987310 235
1520439780.655989170 227
1520439780.705991268 223
1520439780.755992413 205
1520439780.805994272 198
1520439780.855995178 252
1520439780.906004190 231
1520439780.956005096 366
1520439781.006007195 324
1520439781.056009293 297
1520439781.106010199 271
1520439781.156012297 243
1520439781.206013203 234
1520439781.256015062 225
1520439781.306016207 208
1520439781.356017113 253
1520439781.406019211 240
1520439781.456020117 217
1520439781.506022215 314
1520439781.556023359 282
1520439781.606025219 256
1520439781.656027079 246
1520439781.706028223 230
1520439781.756057739 207
1520439781.806059837 281
1520439781.856060982 250
1520439781.906062841 292
1520439781.956063747 256
1520439782.006065845 236
1520439782.056066751 227
1520439782.106068850 205
1520439782.156109810 189
1520439782.206111670 184
1520439782.256112814 178
1520439782.306114912 163
1520439782.356116056 218
1520439782.406117916 211
1520439782.456207991 199
1520439782.506120920 190
1520439782.556129456 179
1520439782.606131554 171
1520439782.656133652 165
1520439782.706134558 157
1520439782.756136417 271
1520439782.806137562 246
1520439782.856139421 200
1520439782.906140566 169
1520439782.956167936 217
1520439783.006168842 204
1520439783.056170702 194
1520439783.106173038 178
1520439783.156173706 282
1520439783.206175804 262
1520439783.256177902 234
1520439783.306178808 209
1520439783.356249332 257
1520439783.406251431 235
1520439783.456252337 214
1520439783.506253242 268
1520439783.556255579 245
1520439783.606257439 208
1520439783.656258345 181
1520439783.706260443 163
1520439783.756261349 197
1520439783.806327581 165
1520439783.856328726 249
1520439783.906330585 210
1520439783.956332445 230
1520439784.006333590 182
1520439784.056380749 184
1520439784.106336594 149
1520439784.156337738 123
1520439784.206451654 169
1520439784.256453514 141
1520439784.306454420 119
1520439784.356456757 102
1520439784.406457663 129
1520439784.456459522 112
1520439784.506460667 89
1520439784.556462526 128
1520439784.606683254 103
1520439784.656685352 56
1520439784.706687212 46
1520439784.756688118 40
1520439784.806690216 36
1520439784.856692314 90
1520439784.906693459 79
1520439784.956694365 69
1520439785.006939650 68
1520439785.056941509 62
1520439785.106942654 102
1520439785.156944752 86
1520439785.206946850 95
1520439785.256947756 87
1520439785.306949615 82
1520439785.356950760 69
1520439785.406993628 64
1520439785.456994534 58
1520439785.506996393 53
1520439785.556997538 48
1520439785.606999636 89
1520439785.657001734 81
1520439785.707002640 70
1520439785.757003546 102
1520439785.807005644 98
1520439785.856859207 58
1520439785.906860352 32
1520439785.956862211 27
1520439786.006863117 26
1520439786.056865215 21
1520439786.106866121 19
1520439786.156867981 14
1520439786.206870317 14
1520439786.256695509 12
1520439786.306697845 10
1520439786.356698513 102
1520439786.406700850 26
1520439786.456701756 33
1520439786.506703615 27
1520439786.556704760 22
1520439786.606706619 16
1520439786.656540632 15
1520439786.706541538 51
1520439786.756544828 34
1520439786.806545734 30
1520439786.856546640 27
1520439786.906548738 27
1520439786.956549644 59
1520439787.006550789 49
1520439787.056415081 37
1520439787.106418133 62
1520439787.156418085 59
1520439787.206419230 51
1520439787.256420135 65
1520439787.306525946 50
1520439787.356423140 45
1520439787.406424999 68
1520439787.456292391 37
1520439787.506293535 34
1520439787.556295395 28
1520439787.606296301 49
1520439787.656298399 35
1520439787.706299305 62
1520439787.756301403 49
1520439787.806302547 46
1520439787.856161833 34
1520439787.906163931 34
1520439787.956164837 33
1520439788.006166697 31
1520439788.056167841 102
1520439788.106169939 94
1520439788.156171799 86
1520439788.206172943 84
1520439788.256174803 84
1520439788.306077242 59
1520439788.356078148 56
1520439788.406080246 52
1520439788.456081152 125
1520439788.506083012 113
1520439788.556086302 152
1520439788.606086254 131
1520439788.656086922 150
1520439788.706026554 74
1520439788.756027460 71
1520439788.806029558 68
1520439788.856031418 112
1520439788.906075478 107
1520439788.956033468 100
1520439789.006035566 89
1520439789.056037426 86
1520439789.105996609 43
1520439789.155998468 41
1520439789.205999374 40
1520439789.256001472 36
1520439789.306002378 34
1520439789.356004238 81
1520439789.406005621 77
1520439789.456007481 131
1520439789.505985737 89
1520439789.555986643 124
1520439789.605988979 117
1520439789.655990839 111
1520439789.705991745 147
1520439789.755992889 139
1520439789.805994749 174
1520439789.855996609 165
1520439789.905994177 161
1520439789.955996275 150
1520439790.005998373 134
1520439790.055999279 142
1520439790.106001139 139
1520439790.156002283 132
1520439790.206003189 124
1520439790.256005049 115
1520439790.306004524 103
1520439790.356005430 96
1520439790.406007528 89
1520439790.456008434 82
1520439790.506010294 80
1520439790.556011438 104
1520439790.606013536 102
1520439790.656015396 100
1520439790.706016541 157
1520439790.756015062 152
1520439790.806016207 146
1520439790.856018066 141
1520439790.906018972 155
1520439790.956021309 149
1520439791.006022215 143
1520439791.056024075 140
1520439791.106026173 135
1520439791.156028986 129
1520439791.206030846 112
1520439791.256031990 132
1520439791.306033850 123
1520439791.356035948 122
1520439791.406037092 118
1520439791.456038952 113
1520439791.506040812 144
1520439791.556043863 137
1520439791.606044769 127
1520439791.656045914 122
1520439791.706047773 150
1520439791.756049871 140
1520439791.806050777 136
1520439791.856051683 130
1520439791.906053782 121
1520439791.956056118 112
1520439792.006057978 104
1520439792.056059837 100
1520439792.106060982 86
1520439792.156116962 80
1520439792.206063986 105
1520439792.256066084 100
1520439792.306066990 95
1520439792.356071234 161
1520439792.406072140 151
1520439792.456073999 139
1520439792.506075144 123
1520439792.556077003 112
1520439792.606078148 112
1520439792.656080246 105
1520439792.706082106 135
1520439792.756079912 124
1520439792.806081772 136
1520439792.856082916 123
1520439792.906084776 128
1520439792.956085682 118
1520439793.006088018 117
1520439793.056089878 105
1520439793.106090784 99
1520439793.156092882 92
1520439793.206090212 120
1520439793.256091356 112
1520439793.306093216 151
1520439793.356094122 141
1520439793.406096458 138
1520439793.456102371 173
1520439793.506099224 168
1520439793.556101322 165
1520439793.606103182 160
1520439793.656104565 151
1520439793.706106424 145
1520439793.756111383 171
1520439793.806109428 157
1520439793.856111288 172
1520439793.906112194 167
1520439793.956114531 164
1520439794.006113529 155
1520439794.056115627 169
1520439794.106116533 163
1520439794.156118631 159
1520439794.206119776 149
1520439794.256121635 161
1520439794.306123495 153
1520439794.356124640 181
1520439794.406126022 166
1520439794.456126928 161
1520439794.506129265 153
1520439794.556129932 162
1520439794.606132030 151
1520439794.656134129 178
1520439794.706135035 164
1520439794.756136894 183
1520439794.806143999 161
1520439794.856146097 175
1520439794.906146049 163
1520439794.956149101 204
1520439795.006150246 192
1520439795.056155205 255
1520439795.106153250 230
1520439795.156154156 198
1520439795.206161261 231
1520439795.256163359 226
1520439795.306164265 217
1520439795.356165171 195
1520439795.406200409 175
1520439795.456169128 192
1520439795.506170034 183
1520439795.556172371 223
1520439795.606173277 200
1520439795.656183481 188
1520439795.706184387 180
1520439795.756186485 258
1520439795.806187630 243
1520439795.856189489 239
1520439795.906191349 228
1520439795.956192493 204
1520439796.006194353 215
1520439796.056193590 198
1520439796.106195450 176
1520439796.156196594 222
1520439796.206198454 208
1520439796.256200552 191
1520439796.306201696 185
1520439796.356203556 133
1520439796.406205416 130
1520439796.456204891 116
1520439796.506206751 115
1520439796.556207657 111
1520439796.606209755 109
1520439796.656211615 104
1520439796.706212521 102
1520439796.756213665 95
1520439796.806215763 91
1520439796.856217623 101
1520439796.906218529 100
1520439796.956220388 98
1520439797.006221533 96
1520439797.056313515 94
1520439797.106224298 94
1520439797.156226635 90
1520439797.206227541 90
1520439797.256235600 134
1520439797.306236506 131
1520439797.356238365 130
1520439797.406239510 120
1520439797.456241369 158
1520439797.506243467 148
1520439797.556244373 133
1520439797.606246471 127
1520439797.656248569 125
1520439797.706250191 120
1520439797.756251097 117
1520439797.806253195 111
1520439797.856255293 108
1520439797.906256199 106
1520439797.956258297 104
1520439798.006260157 130
1520439798.056262255 129
1520439798.106261492 118
1520439798.156263351 117
1520439798.206264257 113
1520439798.256265402 110
1520439798.306267500 108
1520439798.356268406 105
1520439798.406270504 103
1520439798.456272364 103
1520439798.506276608 145
1520439798.556278467 138
1520439798.606279373 135
1520439798.656281710 131
1520439798.706282377 127
1520439798.756284475 113
1520439798.806285620 111
1520439798.856287479 111
1520439798.906287193 157
1520439798.956289291 152
1520439799.006290197 149
1520439799.056292057 144
1520439799.106294155 136
1520439799.156295061 121
1520439799.206297159 218
1520439799.256298304 188
1520439799.306300640 179
1520439799.356301546 168
1520439799.406303406 214
1520439799.456305742 194
1520439799.506306648 182
1520439799.556308508 226
1520439799.606310606 209
1520439799.656311512 190
1520439799.706310034 171
1520439799.756312370 153
1520439799.806313276 149
1520439799.856314182 130
1520439799.906316280 127
1520439799.956317186 113
1520439800.006319046 132
1520439800.056320190 125
1520439800.106322289 122
1520439800.156321764 120
1520439800.206323624 115
1520439800.256325722 113
1520439800.306367636 107
1520439800.356328726 106
1520439800.406329870 102
1520439800.456331730 156
1520439800.506332636 149
1520439800.556336880 134
1520439800.606338024 122
1520439800.656339884 114
1520439800.706341982 110
1520439800.756343126 184
1520439800.806344986 180
1520439800.856345892 158
1520439800.906347990 152
1520439800.956346512 255
1520439801.006348610 230
1520439801.056350470 215
1520439801.106351614 183
1520439801.156353474 163
1520439801.206354380 143
1520439801.256356716 129
1520439801.306358576 124
1520439801.356359482 110
1520439801.406360626 131
1520439801.456361532 125
1520439801.506363392 119
1520439801.556365490 113
1520439801.606366396 235
1520439801.656368494 215
1520439801.706369638 189
1520439801.756374598 175
1520439801.806373358 154
1520439801.856381416 150
1520439801.906376362 179
1520439801.956460476 173
1520439802.006379604 154
1520439802.056381464 150
1520439802.106382370 264
1520439802.156385183 242
1520439802.206386089 211
1520439802.256388426 262
1520439802.306390285 240
1520439802.356391191 206
1520439802.406393290 178
1520439802.456394196 226
1520439802.506396055 205
1520439802.556397200 175
1520439802.606399536 219
1520439802.656401396 211
1520439802.706402302 200
1520439802.756404400 273
1520439802.806405306 251
1520439802.856407404 286
1520439802.906409502 249
1520439802.956411362 223
1520439803.006412745 201
1520439803.056413889 183
1520439803.106416941 199
1520439803.156416655 187
1520439803.206418991 171
1520439803.256421804 159
1520439803.306421757 196
1520439803.356423855 185
1520439803.406430006 166
1520439803.456432104 191
1520439803.506433010 183
1520439803.556434870 211
1520439803.606436014 197
1520439803.656438112 184
1520439803.706439257 167
1520439803.756441116 204
1520439803.806441545 188
1520439803.856443405 177
1520439803.906445265 164
1520439803.956446409 153
1520439804.006448269 196
1520439804.056449175 181
1520439804.106451511 172
1520439804.156452417 250
1520439804.206453800 235
1520439804.256455660 208
1520439804.306456804 254
1520439804.356458664 235
1520439804.406459570 219
1520439804.456461906 195
1520439804.506462812 175
1520439804.556465626 227
1520439804.606463432 206
1520439804.656464577 189
1520439804.706466675 179
1520439804.756468534 250
1520439804.806469679 237
1520439804.856470585 293
1520439804.906472445 264
1520439804.956474543 243
1520439805.006475449 300
1520439805.056481600 256
1520439805.106482744 232
1520439805.156484604 262
1520439805.206486464 249
1520439805.256487608 225
1520439805.306488514 287
1520439805.356490850 266
1520439805.406491756 233
1520439805.456496477 200
1520439805.506498337 232
1520439805.556499481 207
1520439805.606501341 193
1520439805.656502247 358
1520439805.706504345 333
1520439805.756505251 282
1520439805.806507349 235
1520439805.856509209 202
1520439805.906510115 191
1520439805.956511974 167
1520439806.006513119 298
1520439806.056514978 265
1520439806.106515884 243
1520439806.156518221 196
1520439806.206520081 187
1520439806.256520510 224
1520439806.306522369 215
1520439806.356523514 429
1520439806.406526566 372
1520439806.456527472 236
1520439806.506528616 212
1520439806.556529522 196
1520439806.606531382 164
1520439806.656531572 197
1520439806.706533432 181
1520439806.756534338 162
1520439806.806536436 350
1520439806.856540442 316
1520439806.906538248 257
1520439806.956540346 215
1520439807.006541252 273
1520439807.056543350 241
1520439807.106544495 225
1520439807.156545162 417
1520439807.206547499 375
1520439807.256548405 314
1520439807.306550264 186
1520439807.356551409 165
1520439807.406553268 148
1520439807.456555367 137
1520439807.506569386 131
1520439807.556571484 122
1520439807.606572390 322
1520439807.656574488 284
1520439807.706575394 161
1520439807.756577253 152
1520439807.806579351 139
1520439807.856580257 201
1520439807.906584024 184
1520439807.956585169 166
1520439808.006587029 154
1520439808.056589127 142
1520439808.106591225 129
1520439808.156596184 309
1520439808.206593037 265
1520439808.256595135 228
1520439808.306588650 181
1520439808.356590509 145
1520439808.406592846 133
1520439808.456593752 118
1520439808.506615639 169
1520439808.556596756 157
1520439808.606597662 146
1520439808.656599522 257
1520439808.706599951 231
1520439808.756601095 199
1520439808.806602955 168
1520439808.856604099 208
1520439808.906606197 194
1520439808.956606865 176
1520439809.006609201 152
1520439809.056611061 143
1520439809.106611490 135
1520439809.156613350 226
1520439809.206614494 179
1520439809.256616354 169
1520439809.306617498 150
1520439809.356619596 221
1520439809.406620502 193
1520439809.456622601 184
1520439809.506624460 158
1520439809.556631804 269
1520439809.606633902 224
1520439809.656636000 209
1520439809.706636906 183
1520439809.756639004 247
1520439809.806639910 225
1520439809.856641769 207
1520439809.906642914 177
1520439809.956649303 246
1520439810.006651163 225
1520439810.056652308 205
1520439810.106653214 281
1520439810.156690121 236
1520439810.206656218 217
1520439810.256658077 200
1520439810.306660414 167
1520439810.356659889 149
1520439810.406661987 206
1520439810.456663132 192
1520439810.506664991 174
1520439810.556665897 152
1520439810.606667995 251
1520439810.656669855 221
1520439810.706670761 202
1520439810.756671906 175
1520439810.806672812 156
1520439810.856675148 220
1520439810.906676054 206
1520439810.956677914 180
1520439811.006679058 167
1520439811.056680918 153
1520439811.106682777 135
1520439811.156681776 126
1520439811.206682920 219
1520439811.256684780 197
1520439811.306685925 180
1520439811.356687784 155
1520439811.406688690 147
1520439811.456691027 130
1520439811.506692886 228
1520439811.556696177 209
1520439811.606696844 179
1520439811.656699181 279
1520439811.706701040 225
1520439811.756701946 186
1520439811.806751966 231
1520439811.856704950 212
1520439811.906707287 196
1520439811.956708193 177
1520439812.006707430 268
1520439812.056708574 212
1520439812.106710434 203
1520439812.156711340 190
1520439812.206713676 176
1520439812.256715536 154
1520439812.306716681 140
1520439812.356718540 192
1520439812.406718016 183
1520439812.456720114 161
1520439812.506721020 147
1520439812.556723118 130
1520439812.606724024 121
1520439812.656726122 186
1520439812.706728220 144
1520439812.756729126 133
1520439812.806737185 220
1520439812.856739044 200
1520439812.906740189 185
1520439812.956742048 169
1520439813.006744146 162
1520439813.056745291 154
1520439813.106747150 137
1520439813.156748056 182
1520439813.206754446 177
1520439813.256755352 174
1520439813.306757450 369
1520439813.356758595 304
1520439813.406760454 267
1520439813.456819534 188
1520439813.506763458 232
1520439813.556764364 212
1520439813.606770754 200
1520439813.656771898 187
1520439813.706773758 278
1520439813.756774902 230
1520439813.806776762 202
1520439813.856778860 190
1520439813.906780005 363
1520439813.956781864 306
1520439814.006784678 179
1520439814.056781530 163
1520439814.106782436 232
1520439814.156784296 210
1520439814.206786633 363
1520439814.256787539 288
1520439814.306789398 239
1520439814.356790543 207
1520439814.406792402 173
1520439814.456801176 199
1520439814.506802320 155
1520439814.556804419 146
1520439814.606806278 404
1520439814.656807423 148
1520439814.706809282 145
1520439814.756810427 137
1520439814.806812525 126
1520439814.856810808 149
1520439814.906812668 144
1520439814.956813812 140
1520439815.006815672 126
1520439815.056816816 122
1520439815.106880665 212
1520439815.156819820 193
1520439815.206821918 170
1520439815.256824255 279
1520439815.306826353 254
1520439815.356827497 236
1520439815.406829357 243
1520439815.456831217 170
1520439815.506832361 156
1520439815.556834221 239
1520439815.606835365 224
1520439815.656841040 199
1520439815.706842184 179
1520439815.756844044 219
1520439815.806844950 210
1520439815.856847048 183
1520439815.906848907 157
1520439815.956849813 197
1520439816.006852150 182
1520439816.056847334 158
1520439816.106848240 145
1520439816.156849146 133
1520439816.206851244 178
1520439816.256853342 172
1520439816.306854248 277
1520439816.356856346 249
1520439816.406858206 212
1520439816.456858873 273
1520439816.506860733 250
1520439816.556861877 198
1520439816.606863976 182
1520439816.656865120 157
1520439816.706866980 142
1520439816.756932974 128
1520439816.806869984 115
1520439816.856870890 113
1520439816.906878710 103
1520439816.956879854 98
1520439817.006881714 111
1520439817.056883812 108
1520439817.106884956 103
1520439817.156886816 96
1520439817.206887722 242
1520439817.256889820 207
1520439817.306889057 192
1520439817.356890917 178
1520439817.406891823 160
1520439817.456893921 145
1520439817.506895781 138
1520439817.556896925 127
1520439817.606899023 169
1520439817.656899929 155
1520439817.706898928 134
1520439817.756900787 123
1520439817.806901693 244
1520439817.856904030 209
1520439817.906904936 191
1520439817.956907034 173
1520439818.006908894 167
1520439818.056909800 156
1520439818.106910706 210
1520439818.156911612 191
1520439818.206913710 183
1520439818.256914616 171
1520439818.306919575 252
1520439818.356917858 238
1520439818.406982660 377
1520439818.456920624 275
1520439818.506922245 250
1520439818.556923151 269
1520439818.606925011 245
1520439818.656927347 211
1520439818.706928015 259
1520439818.756930113 237
1520439818.806931257 207
1520439818.856933117 187
1520439818.906934023 176
1520439818.956931353 242
1520439819.006933212 221
1520439819.056934118 199
1520439819.106936216 175
1520439819.156937122 147
1520439819.206939220 133
1520439819.256940365 196
1520439819.306942225 178
1520439819.356946707 150
1520439819.406947851 144
1520439819.456949711 136
1520439819.506951571 250
1520439819.556952715 164
1520439819.606954813 152
1520439819.656955719 227
1520439819.706957817 193
1520439819.756958961 179
1520439819.806960106 164
1520439819.856961966 383
1520439819.906964064 285
1520439819.956965208 259
1520439820.006967068 229
1520439820.057024956 294
1520439820.106970072 274
1520439820.156966448 238
1520439820.206968307 428
1520439820.256970167 309
1520439820.306971312 228
1520439820.356973410 280
1520439820.406974316 217
1520439820.456976414 201
1520439820.506977320 169
1520439820.556977034 158
1520439820.606977940 139
1520439820.656980038 246
1520439820.706982136 205
1520439820.756983042 146
1520439820.806984901 134
1520439820.856986046 128
1520439820.906988144 204
1520439820.956991673 182
1520439821.006994009 468
1520439821.056995869 394
1520439821.106997728 148
1520439821.156998873 140
1520439821.207000732 135
1520439821.257001638 132
1520439821.307003975 125
1520439821.357004881 118
1520439821.407006025 107
1520439821.457007885 101
1520439821.507009983 121
1520439821.557010889 114
1520439821.607012749 107
1520439821.657015085 102
1520439821.707056999 99
1520439821.757016897 98
1520439821.807016850 95
1520439821.857018948 94
1520439821.907020092 93
1520439821.957021952 91
1520439822.007022858 141
1520439822.057024956 135
1520439822.107025862 131
1520439822.157027721 128
1520439822.207025290 121
1520439822.257027388 118
1520439822.307029486 109
1520439822.357030392 103
1520439822.407032251 96
1520439822.457033396 86
1520439822.507035494 77
1520439822.557036400 75
1520439822.607035398 73
1520439822.657037258 71
1520439822.707038403 66
1520439822.757040501 91
1520439822.807041168 89
1520439822.857043505 78
1520439822.907045364 75
1520439822.957046270 72
1520439823.007045984 69
1520439823.057047844 66
1520439823.107049704 62
1520439823.157050848 58
1520439823.207055807 56
1520439823.257054806 55
1520439823.307055950 53
1520439823.357080936 51
1520439823.407058716 130
1520439823.457063675 121
1520439823.507064581 111
1520439823.557066441 105
1520439823.607067585 100
1520439823.657069683 97
1520439823.707070351 93
1520439823.757072687 89
1520439823.807074547 83
1520439823.857076406 127
1520439823.907078505 121
1520439823.957079649 110
1520439824.007081509 106
1520439824.057082415 96
1520439824.107084513 231
1520439824.157085419 207
1520439824.207087278 185
1520439824.257087469 128
1520439824.307088614 122
1520439824.357090473 115
1520439824.407092571 105
1520439824.457093716 98
1520439824.507095575 85
1520439824.557097435 82
1520439824.607098579 88
1520439824.657101870 87
1520439824.707103729 84
1520439824.757105589 80
1520439824.807106733 129
1520439824.857107639 113
1520439824.907109737 104
1520439824.957110882 148
1520439825.007112741 140
1520439825.057108641 121
1520439825.107109785 115
1520439825.157111883 109
1520439825.207112789 108
1520439825.257114887 102
1520439825.307115793 99
1520439825.357117653 109
1520439825.407119989 103
1520439825.457112312 90
1520439825.507114172 110
1520439825.557115316 109
1520439825.607117414 106
1520439825.657118320 101
1520439825.707120419 97
1520439825.757121325 123
1520439825.807123184 117
1520439825.857125282 109
1520439825.907122374 103
1520439825.957124233 99
1520439826.007126570 97
1520439826.057127476 91
1520439826.107129335 87
1520439826.157130480 179
1520439826.207132339 166
1520439826.257133484 137
1520439826.307146072 125
1520439826.357146978 119
1520439826.407149076 111
1520439826.457150936 138
1520439826.507151842 131
1520439826.557152987 122
1520439826.607154846 119
1520439826.657156944 115
1520439826.707168579 169
1520439826.757170439 152
1520439826.807171583 138
1520439826.857173443 127
1520439826.907174349 264
1520439826.957176685 222
1520439827.007178545 195
1520439827.057179451 175
1520439827.107178450 151
1520439827.157179594 128
1520439827.207181454 118
1520439827.257182360 113
1520439827.307184696 102
1520439827.357186556 101
1520439827.407187462 94
1520439827.457189560 92
1520439827.507188797 86
1520439827.557190657 83
1520439827.607191801 79
1520439827.657193661 68
1520439827.707195759 65
1520439827.757196903 80
1520439827.807198763 71
1520439827.857200623 71
1520439827.907198906 68
1520439827.957201004 64
1520439828.007201910 183
1520439828.057204008 165
1520439828.107204914 158
1520439828.157206774 142
1520439828.207207918 130
1520439828.257215023 269
1520439828.307207108 237
1520439828.357286215 213
1520439828.407210350 197
1520439828.457212210 176
1520439828.507213116 159
1520439828.557215214 146
1520439828.607216120 132
1520439828.657217979 118
1520439828.707220316 107
1520439828.757222652 104
1520439828.807224512 98
1520439828.857225657 90
1520439828.907227755 87
1520439828.957228899 84
1520439829.007230759 83
1520439829.057232618 77
1520439829.107233763 68
1520439829.157235622 67
1520439829.207236528 85
1520439829.257238865 83
1520439829.307239771 80
1520439829.357241631 76
1520439829.407243729 75
1520439829.457245588 71
1520439829.507246494 69
1520439829.557253838 68
1520439829.607256174 187
1520439829.657255888 155
1520439829.707257748 145
1520439829.757258892 130
1520439829.807260990 124
1520439829.857262850 120
1520439829.907263994 143
1520439829.957260132 130
1520439830.007294893 117
1520439830.057262897 114
1520439830.107264042 110
1520439830.157265902 105
1520439830.207266808 154
1520439830.257268906 151
1520439830.307271004 139
1520439830.357273579 129
1520439830.407275677 124
1520439830.457276583 119
1520439830.507278681 114
1520439830.557279825 109
1520439830.607281685 94
1520439830.657283545 85
1520439830.707284689 78
1520439830.757286549 73
1520439830.807292938 65
1520439830.857294798 62
1520439830.907295942 59
1520439830.957297802 58
1520439831.007299900 51
1520439831.057301998 46
1520439831.107302904 46
1520439831.157304764 45
1520439831.207301617 45
1520439831.257303476 45
1520439831.307304621 44
1520439831.357305527 43
1520439831.407307863 41
1520439831.457309723 39
1520439831.507310629 33
1520439831.557312727 33
1520439831.607320309 32
1520439831.657321215 30
1520439831.707322359 54
1520439831.757324219 53
1520439831.807325363 49
1520439831.857327461 47
1520439831.907329321 45
1520439831.957330465 45
1520439832.007331371 43
1520439832.057332277 41
1520439832.107334137 40
1520439832.157335281 40
1520439832.207337141 39
1520439832.257339239 38
1520439832.307340384 36
1520439832.357342243 160
1520439832.407345057 153
1520439832.457347155 145
1520439832.507349014 133
1520439832.557350159 123
1520439832.607351065 117
1520439832.657353163 112
1520439832.707355022 101
1520439832.757357121 96
1520439832.807362556 88
1520439832.857364655 86
1520439832.907365561 80
1520439832.957367659 101
1520439833.007369757 97
1520439833.057370663 94
1520439833.107371807 86
1520439833.157373667 81
1520439833.207375526 76
1520439833.257377625 68
1520439833.307376623 66
1520439833.357434511 56
1520439833.407378674 195
1520439833.457380533 175
1520439833.507382631 153
1520439833.557383776 135
1520439833.607385635 113
1520439833.657388449 155
1520439833.707390547 145
1520439833.757391691 137
1520439833.807393551 126
1520439833.857395411 118
1520439833.907396555 115
1520439833.957398415 103
1520439834.007399321 96
1520439834.057395220 92
1520439834.107396126 86
1520439834.157397985 80
1520439834.207399130 78
1520439834.257400990 75
1520439834.307403088 72
1520439834.357405186 109
1520439834.407406092 102
1520439834.457407713 99
1520439834.507409573 91
1520439834.557411671 83
1520439834.607413769 75
1520439834.657414675 72
1520439834.707415581 71
1520439834.757417679 67
1520439834.807419538 63
1520439834.857417583 59
1520439834.907419682 109
1520439834.957420588 105
1520439835.007421494 100
1520439835.057423592 95
1520439835.107425451 90
1520439835.157426357 83
1520439835.207428694 81
1520439835.257429600 77
1520439835.307431221 71
1520439835.357432127 69
1520439835.407434225 66
1520439835.457436085 62
1520439835.507436991 136
1520439835.557439327 132
1520439835.607440233 123
1520439835.657442093 117
1520439835.707440853 116
1520439835.757443190 102
1520439835.807445049 99
1520439835.857445955 98
1520439835.907448053 161
1520439835.957448959 157
1520439836.007450819 139
1520439836.057453156 132
1520439836.107455492 125
1520439836.157456636 118
1520439836.207458496 116
1520439836.257459641 110
1520439836.307460546 102
1520439836.357462645 101
1520439836.407464743 98
1520439836.457465649 91
1520439836.507467270 120
1520439836.557472229 116
1520439836.607470036 110
1520439836.657471180 99
1520439836.707489252 96
1520439836.757473946 96
1520439836.807476282 94
1520439836.857477188 93
1520439836.907479763 90
1520439836.957480669 88
1520439837.007482767 87
1520439837.057484865 79
1520439837.107485771 77
1520439837.157487869 74
1520439837.207488775 73
1520439837.257490635 67
1520439837.307493925 63
1520439837.357496023 61
1520439837.407497883 54
1520439837.457498789 126
1520439837.507501125 117
1520439837.557502031 110
1520439837.607503891 104
1520439837.657505035 95
1520439837.707507610 88
1520439837.757506847 78
1520439837.807508707 74
1520439837.857509613 161
1520439837.907511711 150
1520439837.957512617 132
1520439838.007514715 122
1520439838.057515860 355
1520439838.107517719 261
1520439838.157520533 234
1520439838.207522869 201
1520439838.257523775 273
1520439838.307525635 242
1520439838.357526779 214
1520439838.407576561 189
1520439838.457529545 323
1520439838.507531881 277
1520439838.557530880 261
1520439838.607532978 229
1520439838.657535076 188
1520439838.707535982 168
1520439838.757538080 147
1520439838.807538986 134
1520439838.857540846 124
1520439838.907541990 113
1520439838.957542419 103
1520439839.007543325 96
1520439839.057545424 83
1520439839.107547283 126
1520439839.157548189 116
1520439839.207550526 111
1520439839.257551432 106
1520439839.307553291 101
1520439839.357558727 99
1520439839.407560587 94
1520439839.457562923 90
1520439839.507563829 85
1520439839.557565689 75
1520439839.607567787 73
1520439839.657568693 68
1520439839.707570791 67
1520439839.757572889 61
1520439839.807574987 59
1520439839.857575893 132
1520439839.907578945 121
1520439839.957578897 110
1520439840.007584095 106
1520439840.057582855 92
1520439840.107653856 86
1520439840.157584906 80
1520439840.207586527 75
1520439840.257588387 73
1520439840.307589531 137
1520439840.357591629 132
1520439840.407592535 124
1520439840.457594633 111
1520439840.507595539 109
1520439840.557597399 108
1520439840.607603312 101
1520439840.657603979 94
1520439840.707606077 91
1520439840.757607222 133
1520439840.807609081 128
1520439840.857610941 118
1520439840.907612085 114
1520439840.957612991 102
1520439841.007617712 183
1520439841.057619810 166
1520439841.107621908 154
1520439841.157622814 138
1520439841.207624674 131
1520439841.257625818 125
1520439841.307627678 121
1520439841.357630014 116
1520439841.407631397 114
1520439841.457633257 162
1520439841.507635117 155
1520439841.557636261 151
1520439841.607638359 144
1520439841.657640219 254
1520439841.707641363 238
1520439841.757642269 226
1520439841.807723522 208
1520439841.857638359 201
1520439841.907639503 188
1520439841.957641363 189
1520439842.007642269 178
1520439842.057644606 169
1520439842.107645512 165
1520439842.157647371 159
1520439842.207648993 156
1520439842.257651091 147
1520439842.307653189 144
1520439842.357654095 138
1520439842.407656193 132
1520439842.457657099 112
1520439842.507658958 152
1520439842.557660103 144
1520439842.607661963 130
1520439842.657667398 126
1520439842.707668543 120
1520439842.757670403 110
1520439842.807672262 107
1520439842.857673407 357
1520439842.907675505 298
1520439842.957676172 251
1520439843.007678509 233
1520439843.057682276 222
1520439843.107683182 204
1520439843.157684326 187
1520439843.207686186 274
1520439843.257687092 256
1520439843.307689190 226
1520439843.357691050 373
1520439843.407691956 293
1520439843.457697392 262
1520439843.507800341 305
1520439843.557700396 278
1520439843.607701302 262
1520439843.657703400 227
1520439843.707704306 216
1520439843.757706165 198
1520439843.807707310 171
1520439843.857701778 153
1520439843.907703876 142
1520439843.957705021 133
1520439844.007706881 123
1520439844.057708025 144
1520439844.107709885 138
1520439844.157710791 132
1520439844.207713127 125
1520439844.257717848 120
1520439844.307718754 118
1520439844.357720852 297
1520439844.407721758 229
1520439844.457723618 207
1520439844.507725716 190
1520439844.557726622 263
1520439844.607728720 240
1520439844.657728672 211
1520439844.707730770 192
1520439844.757732868 184
1520439844.807733774 170
1520439844.857735634 156
1520439844.907737970 145
1520439844.957738638 136
1520439845.007739544 135
1520439845.057741880 132
1520439845.107742786 127
1520439845.157745600 125
1520439845.207745552 115
1520439845.257747650 157
1520439845.307748556 144
1520439845.357750416 133
1520439845.407751799 129
1520439845.457753658 125
1520439845.507757902 242
1520439845.557758808 226
1520439845.607760668 218
1520439845.657761812 208
1520439845.707763672 196
1520439845.757764578 270
1520439845.807766676 250
1520439845.857768774 236
1520439845.907774925 209
1520439845.957776785 194
1520439846.007777691 235
1520439846.057780027 221
1520439846.107780933 208
1520439846.157782793 188
1520439846.207784891 293
1520439846.257786989 196
1520439846.307787418 187
1520439846.357788563 266
1520439846.407789469 225
1520439846.457791567 205
1520439846.507792711 287
1520439846.557794571 267
1520439846.607795477 234
1520439846.657797575 212
1520439846.707792044 197
1520439846.757794380 182
1520439846.807795286 236
1520439846.857797146 222
1520439846.907798290 204
1520439846.957800150 193
1520439847.007802010 304
1520439847.057803154 282
1520439847.107804060 266
1520439847.157808542 242
1520439847.207810640 218
1520439847.257811546 204
1520439847.307813644 183
1520439847.357814550 223
1520439847.407816410 207
1520439847.457818508 204
1520439847.507819414 193
1520439847.557824850 175
1520439847.607825756 268
1520439847.657827616 251
1520439847.707829714 231
1520439847.757830620 213
1520439847.807832479 184
1520439847.857833624 169
1520439847.907835722 160
1520439847.957834721 149
1520439848.007836580 141
1520439848.057838678 138
1520439848.107839823 190
1520439848.157841682 177
1520439848.207842827 166
1520439848.257844687 301
1520439848.307845592 276
1520439848.357849836 238
1520439848.407850742 213
1520439848.457852840 192
1520439848.507854939 227
1520439848.557855844 204
1520439848.607959747 194
1520439848.657858849 178
1520439848.707860947 230
1520439848.757856369 219
1520439848.807858467 208
1520439848.857859373 296
1520439848.907861233 270
1520439848.957862377 253
1520439849.007864237 224
1520439849.057866335 197
1520439849.107867479 190
1520439849.157870531 179
1520439849.207871675 241
1520439849.257873774 224
1520439849.307874441 210
1520439849.357876778 190
1520439849.407877684 177
1520439849.457879543 172
1520439849.507881641 160
1520439849.557878017 138
1520439849.607879877 191
1520439849.657882214 184
1520439849.707883120 177
1520439849.757884979 171
1520439849.807887077 151
1520439849.857887983 143
1520439849.907889128 133
1520439849.957890987 130
1520439850.007894754 122
1520439850.057896614 113
1520439850.107897520 171
1520439850.157899857 162
1520439850.207901716 159
1520439850.257902622 148
1520439850.307993650 140
1520439850.357905626 133
1520439850.407911539 124
1520439850.457912207 115
1520439850.507914305 104
1520439850.557915449 92
1520439850.607917309 84
1520439850.657919168 169
1520439850.707920313 158
1520439850.757922411 152
1520439850.807922125 148
1520439850.857923985 135
1520439850.907924891 127
1520439850.957927227 228
1520439851.007928133 213
1520439851.057929993 200
1520439851.107932091 179
1520439851.157932997 259
1520439851.207936525 243
1520439851.257937670 219
1520439851.307939529 171
1520439851.357941389 160
1520439851.407942772 144
1520439851.457944632 139
1520439851.507946491 182
1520439851.557948589 155
1520439851.607952118 148
1520439851.657953978 139
1520439851.707956076 134
1520439851.757957220 256
1520439851.807959080 228
1520439851.857959986 200
1520439851.907962084 183
1520439851.957962990 168
1520439852.008033991 191
1520439852.057965040 181
1520439852.107967138 171
1520439852.157968044 159
1520439852.207970142 149
1520439852.257972240 138
1520439852.307973146 128
1520439852.357975006 124
1520439852.407976151 121
1520439852.457977533 111
1520439852.507978439 101
1520439852.557980299 217
1520439852.607981682 190
1520439852.657983541 174
1520439852.707985401 158
1520439852.757986546 139
1520439852.807988405 131
1520439852.857993364 299
1520439852.907995701 274
1520439852.957996607 250
1520439853.007998466 227
1520439853.058000565 215
1520439853.108002663 186
1520439853.158003807 170
1520439853.208005667 164
1520439853.258000135 155
1520439853.308001995 198
1520439853.358003139 187
1520439853.408004045 177
1520439853.458005905 346
1520439853.508008242 317
1520439853.558009148 244
1520439853.608011007 277
1520439853.658009291 249
1520439853.708058357 231
1520439853.758011341 217
1520439853.808013201 195
1520439853.858015299 176
1520439853.908016443 167
1520439853.958018303 161
1520439854.008019209 154
1520439854.058016300 147
1520439854.108017206 205
1520439854.158019066 192
1520439854.208020210 182
1520439854.258022070 176
1520439854.308024168 160
1520439854.358025312 147
1520439854.408027172 139
1520439854.458028078 131
1520439854.508038759 248
1520439854.558039665 229
1520439854.608041763 212
1520439854.658043623 203
1520439854.708044529 178
1520439854.758046627 160
1520439854.808048725 152
1520439854.858049631 255
1520439854.908052206 227
1520439854.958053112 201
1520439855.008055210 186
1520439855.058056116 298
1520439855.108059168 255
1520439855.158059359 234
1520439855.208061218 220
1520439855.258063078 204
1520439855.308061600 182
1520439855.358062744 177
1520439855.408082008 170
1520439855.458066702 167
1520439855.508067846 160
1520439855.558069706 149
1520439855.608070850 138
1520439855.658072948 169
1520439855.708075047 160
1520439855.758077145 147
1520439855.808079004 134
1520439855.858079910 129
1520439855.908082247 126
1520439855.958083153 122
1520439856.008085012 117
1520439856.058086157 113
1520439856.108085394 109
1520439856.158087730 255
1520439856.208088636 238
1520439856.258090496 207
1520439856.308091640 190
1520439856.358093500 181
1520439856.408095837 167
1520439856.458097696 158
1520439856.508101702 148
1520439856.558103800 137
1520439856.608105659 129
1520439856.658106565 109
1520439856.708108902 175
1520439856.758109808 164
1520439856.808111668 159
1520439856.858115673 145
1520439856.908114672 140
1520439856.958115339 127
1520439857.008116245 248
1520439857.058118343 223
1520439857.108119249 195
1520439857.158121109 186
1520439857.208122253 173
1520439857.258124352 311
1520439857.308125257 282
1520439857.358126163 261
1520439857.408127069 236
1520439857.458128929 222
1520439857.508131027 197
1520439857.558131933 177
1520439857.608133793 161
1520439857.658134937 142
1520439857.708137035 184
1520439857.758138657 170
1520439857.808140755 160
1520439857.858142614 154
1520439857.908143520 367
1520439857.958145857 318
1520439858.008146763 278
1520439858.058148623 248
1520439858.108149767 294
1520439858.158150911 276
1520439858.208152771 256
1520439858.258155107 330
1520439858.308156013 298
1520439858.358156681 273
1520439858.408159018 249
1520439858.458160877 231
1520439858.508161783 205
1520439858.558170319 178
1520439858.608171463 172
1520439858.658173323 159
1520439858.708174706 200
1520439858.758176565 185
1520439858.808178425 169
1520439858.858259439 157
1520439858.908180475 149
1520439858.958187580 137
1520439859.008189440 131
1520439859.058190346 126
1520439859.108192444 268
1520439859.158193350 233
1520439859.208195210 207
1520439859.258196592 191
1520439859.308198452 179
1520439859.358199358 167
1520439859.408197880 153
1520439859.458199739 234
1520439859.508200645 220
1520439859.558202982 194
1520439859.608203888 186
1520439859.658205748 175
1520439859.708206892 153
1520439859.758208752 194
1520439859.808202505 177
1520439859.858204365 165
1520439859.908206224 155
1520439859.958208323 147
1520439860.008209467 204
1520439860.058211327 194
1520439860.108213186 186
1520439860.158214331 175
1520439860.208225727 168
1520439860.258227825 222
1520439860.308228970 209
1520439860.358230829 190
1520439860.408232927 179
1520439860.458233833 166
1520439860.508235693 149
1520439860.558256865 138
1520439860.608245611 123
1520439860.658247709 115
1520439860.708249569 106
1520439860.758250475 135
1520439860.808252573 130
1520439860.858253479 123
1520439860.908255816 121
1520439860.958256721 121
1520439861.008255959 112
1520439861.058257818 105
1520439861.108258963 222
1520439861.158261061 211
1520439861.208261967 202
1520439861.258264065 189
1520439861.308264971 172
1520439861.358266830 163
1520439861.408255577 134
1520439861.458257675 126
1520439861.508259535 121
1520439861.558260441 113
1520439861.608262539 101
1520439861.658264637 92
1520439861.708265781 92
1520439861.758267641 124
1520439861.808268547 119
1520439861.858264208 112
1520439861.908265114 260
1520439861.958267450 242
1520439862.008269310 213
1520439862.058270216 396
1520439862.108272314 117
1520439862.158273220 105
1520439862.208274126 145
1520439862.258285999 130
1520439862.308375120 123
1520439862.358289242 118
1520439862.408291101 112
1520439862.458292246 104
1520439862.508294106 98
1520439862.558295012 93
1520439862.608297110 200
1520439862.658297777 185
1520439862.708298683 171
1520439862.758300781 155
1520439862.808301926 271
1520439862.858303785 244
1520439862.908304930 227
1520439862.958306789 204
1520439863.008308649 186
1520439863.058310747 164
1520439863.108312607 150
1520439863.158313751 128
1520439863.208315611 186
1520439863.258316755 165
1520439863.308318615 151
1520439863.358320713 145
1520439863.408321857 283
1520439863.458325148 260
1520439863.508327246 229
1520439863.558328390 340
1520439863.608330250 264
1520439863.658331156 239
1520439863.708333254 213
1520439863.758335114 282
1520439863.808336020 228
1520439863.858337164 210
1520439863.908339500 189
1520439863.958340406 254
1520439864.008342266 236
1520439864.058343410 207
1520439864.108345270 323
1520439864.158346415 279
1520439864.208348513 184
1520439864.258350372 169
1520439864.308349371 219
1520439864.358351469 199
1520439864.408352375 180
1520439864.458354473 297
1520439864.508355379 264
1520439864.558357239 196
1520439864.608358383 186
1520439864.658360243 245
1520439864.708360195 196
1520439864.758361340 186
1520439864.808363199 177
1520439864.858364344 270
1520439864.908366442 243
1520439864.958367348 217
1520439865.008369446 197
1520439865.058371305 248
1520439865.108370543 227
1520439865.158372402 207
1520439865.208373308 290
1520439865.258374453 264
1520439865.308376312 227
1520439865.358377457 204
1520439865.408379316 245
1520439865.458380222 229
1520439865.508376598 211
1520439865.558378458 190
1520439865.608379602 244
1520439865.658380508 224
1520439865.708382607 201
1520439865.758409739 279
1520439865.808385611 98
1520439865.858387709 91
1520439865.908384800 87
1520439865.958386898 83
1520439866.008387804 80
1520439866.058389664 77
1520439866.108390808 128
1520439866.158392906 85
1520439866.208394051 77
1520439866.258395910 250
1520439866.308400631 229
1520439866.358398438 214
1520439866.408400297 196
1520439866.458401442 180
1520439866.508403540 163
1520439866.558404446 152
1520439866.608406544 224
1520439866.658408403 102
1520439866.708409309 98
1520439866.758405924 91
1520439866.808407784 87
1520439866.858408928 199
1520439866.908410788 184
1520439866.958411932 169
1520439867.008414030 278
1520439867.058414936 243
1520439867.108417034 235
1520439867.158413410 210
1520439867.208415508 198
1520439867.258417368 179
1520439867.308418274 201
1520439867.358420372 195
1520439867.408421278 183
1520439867.458423615 171
1520439867.508467436 285
1520439867.558425426 270
1520439867.608426332 208
1520439867.658428431 198
1520439867.708429337 231
1520439867.758431196 217
1520439867.808432341 203
1520439867.858434200 185
1520439867.908436298 269
1520439867.958435535 260
1520439868.008437395 246
1520439868.058438540 327
1520439868.108440638 297
1520439868.158441782 243
1520439868.208443642 224
1520439868.258445501 261
1520439868.308446646 247
1520439868.358444452 224
1520439868.408445597 204
1520439868.458447695 185
1520439868.508449554 174
1520439868.558451653 158
1520439868.608452559 144
1520439868.658454418 137
1520439868.708455563 128
1520439868.758455753 174
1520439868.808456659 162
1520439868.858457804 296
1520439868.908461809 273
1520439868.958461761 240
1520439869.008462906 208
1520439869.058464766 321
1520439869.108465910 270
1520439869.158467770 240
1520439869.208477259 307
1520439869.258532047 259
1520439869.308479309 352
1520439869.358481169 246
1520439869.408482075 234
1520439869.458484173 269
1520439869.508486032 236
1520439869.558486938 221
1520439869.608490944 209
1520439869.658491850 182
1520439869.708494186 158
1520439869.758495092 142
1520439869.808496952 243
1520439869.858499050 209
1520439869.908499956 196
1520439869.958501816 174
1520439870.008506298 142
1520439870.058508635 124
1520439870.108509541 112
1520439870.158511400 107
1520439870.208513498 189
1520439870.258514404 166
1520439870.308517456 154
1520439870.358518600 142
1520439870.408511400 265
1520439870.458513498 222
1520439870.508514643 199
1520439870.558515549 257
1520439870.608517408 235
1520439870.658524513 113
1520439870.708520412 111
1520439870.758522511 174
1520439870.808522463 152
1520439870.858523607 140
1520439870.908525467 221
1520439870.958526373 208
1520439871.008579493 197
1520439871.058529615 183
1520439871.108531475 194
1520439871.158532619 180
1520439871.208534479 167
1520439871.258539677 232
1520439871.308541775 218
1520439871.358542919 203
1520439871.408544779 189
1520439871.458546638 158
1520439871.508547783 145
1520439871.558549643 133
1520439871.608551025 144
1520439871.658547401 139
1520439871.708549261 122
1520439871.758550644 118
1520439871.808552504 114
1520439871.858553410 169
1520439871.908555508 156
1520439871.958556414 143
1520439872.008558273 130
1520439872.058557034 119
1520439872.108558178 115
1520439872.158560038 103
1520439872.208560944 96
1520439872.258563042 87
1520439872.308563948 83
1520439872.358565807 111
1520439872.408568144 107
1520439872.458567381 106
1520439872.508569717 100
1520439872.558570385 93
1520439872.608571291 89
1520439872.658573627 83
1520439872.708575487 76
1520439872.758609295 75
1520439872.808578491 116
1520439872.858577251 110
1520439872.908579111 103
1520439872.958580256 139
1520439873.008582115 129
1520439873.058583975 117
1520439873.108585119 126
1520439873.158587217 120
1520439873.208588362 117
1520439873.258592367 108
1520439873.308593035 104
1520439873.358595133 98
1520439873.408596277 124
1520439873.458598137 122
1520439873.508599997 116
1520439873.558601141 165
1520439873.608603239 150
1520439873.658604145 144
1520439873.708601713 137
1520439873.758602858 157
1520439873.808604717 147
1520439873.858606577 138
1520439873.908607721 132
1520439873.958609581 119
1520439874.008611679 111
1520439874.058612823 135
1520439874.108613968 130
1520439874.158614874 112
1520439874.208616734 109
1520439874.258618832 98
1520439874.308619738 124
1520439874.358620882 118
1520439874.408622742 113
1520439874.458623648 111
1520439874.508620501 102
1520439874.558621407 98
1520439874.608623505 90
1520439874.658625603 79
1520439874.708626509 73
1520439874.758628607 69
1520439874.808629513 65
1520439874.858631372 62
1520439874.908635139 77
1520439874.958637238 71
1520439875.008639336 70
1520439875.058640242 66
1520439875.108642340 63
1520439875.158643246 61
1520439875.208645105 58
1520439875.258646250 53
1520439875.308653116 52
1520439875.358654022 51
1520439875.408656120 50
1520439875.458657980 49
1520439875.508658886 47
1520439875.558661222 91
1520439875.608663082 86
1520439875.658663988 83
1520439875.708662271 82
1520439875.758663177 75
1520439875.808665037 73
1520439875.858666182 67
1520439875.908668041 66
1520439875.958669424 61
1520439876.008671284 107
1520439876.058673143 105
1520439876.108673811 104
1520439876.158677340 95
1520439876.208678246 131
1520439876.258680344 122
1520439876.308773279 117
1520439876.358683109 113
1520439876.408684254 104
1520439876.458686113 98
1520439876.508687258 84
1520439876.558687687 77
1520439876.608688831 205
1520439876.658690929 139
1520439876.708692789 127
1520439876.758693933 120
1520439876.808695793 110
1520439876.858696938 103
1520439876.908698797 94
1520439876.958699465 131
1520439877.008701801 126
1520439877.058703661 115
1520439877.108704567 112
1520439877.158706665 106
1520439877.208707571 96
1520439877.258709669 90
1520439877.308711767 85
1520439877.358714819 104
1520439877.408715963 101
1520439877.458716869 98
1520439877.508718729 96
1520439877.558721066 139
1520439877.608721972 127
1520439877.658723116 110
1520439877.708724976 102
1520439877.758720398 196
1520439877.808721304 183
1520439877.858723640 165
1520439877.908724546 132
1520439877.958726406 106
1520439878.008728504 124
1520439878.058755636 120
1520439878.108730555 114
1520439878.158733845 110
1520439878.208734989 100
1520439878.258736849 92
1520439878.308738708 81
1520439878.358739853 107
1520439878.408741951 95
1520439878.458743095 89
1520439878.508744955 84
1520439878.558745861 78
1520439878.608749628 73
1520439878.658751488 104
1520439878.708752394 97
1520439878.758754492 85
1520439878.808755398 79
1520439878.858757257 74
1520439878.908758640 71
1520439878.958760500 70
1520439879.008759975 100
1520439879.058762074 90
1520439879.108764172 86
1520439879.158766031 85
1520439879.208767891 123
1520439879.258769035 97
1520439879.308771133 88
1520439879.358772039 84
1520439879.408775091 145
1520439879.458780050 125
1520439879.508776903 117
1520439879.558779240 109
1520439879.608781099 112
1520439879.658782005 100
1520439879.708783150 99
1520439879.758785009 136
1520439879.808783054 114
1520439879.858876228 109
1520439879.908787251 105
1520439879.958788157 102
1520439880.008790016 100
1520439880.058791161 99
1520439880.108793020 94
1520439880.158793926 93
1520439880.208791256 88
1520439880.258793354 79
1520439880.308794260 85
1520439880.358796358 83
1520439880.408797503 109
1520439880.458799362 95
1520439880.508800507 114
1520439880.558802366 110
1520439880.608801126 154
1520439880.658802986 151
1520439880.708805084 212
1520439880.758805990 189
1520439880.808807850 173
1520439880.858810186 160
1520439880.908811092 151
1520439880.958812952 149
1520439881.008814096 144
1520439881.058807135 157
1520439881.108808994 152
1520439881.158810139 144
1520439881.208811998 140
1520439881.258812904 129
1520439881.308814049 128
1520439881.358815908 124
1520439881.408818007 118
1520439881.458816290 111
1520439881.508818150 121
1520439881.558819294 175
1520439881.608829260 172
1520439881.658822060 270
1520439881.708824396 255
1520439881.758826256 298
1520439881.808827162 279
1520439881.858826160 265
1520439881.908827305 250
1520439881.958829403 318
1520439882.008830309 298
1520439882.058832407 280
1520439882.108833313 261
1520439882.158835173 246
1520439882.208836317 230
1520439882.258839607 221
1520439882.308841467 208
1520439882.358842611 193
1520439882.408844471 168
1520439882.458845377 156
1520439882.508847713 191
1520439882.558848619 180
1520439882.608850479 173
1520439882.658854485 150
1520439882.708856344 230
1520439882.758857489 223
1520439882.808858395 235
1520439882.858860254 224
1520439882.908862352 217
1520439882.958864450 209
1520439883.008865356 196
1520439883.058868885 181
1520439883.108870029 172
1520439883.158870935 165
1520439883.208873272 177
1520439883.258874178 173
1520439883.308876038 168
1520439883.358878136 154
1520439883.408941984 146
1520439883.458881140 145
1520439883.508882761 143
1520439883.558884621 136
1520439883.608885765 132
1520439883.658887625 126
1520439883.708888531 125
1520439883.758890867 115
1520439883.808891535 99
1520439883.858893633 133
1520439883.908894300 127
1520439883.958895206 124
1520439884.008897066 120
1520439884.058898211 113
1520439884.108900070 159
1520439884.158901215 149
1520439884.208903074 141
1520439884.258905172 209
1520439884.308908939 192
1520439884.358911037 177
1520439884.408912182 166
1520439884.458914042 157
1520439884.508915901 186
1520439884.558917999 180
1520439884.608919144 173
1520439884.658921003 169
1520439884.708919048 160
1520439884.758919954 153
1520439884.808921814 144
1520439884.858924150 130
1520439884.908924818 126
1520439884.958926916 124
1520439885.008929014 121
1520439885.058929920 66
1520439885.108931303 65
1520439885.158933163 61
1520439885.208934069 60
1520439885.258936405 122
1520439885.308937311 114
1520439885.358939409 107
1520439885.408940315 103
1520439885.458942175 100
1520439885.508941174 97
1520439885.558942318 94
1520439885.608944178 88
1520439885.658945322 144
1520439885.708947182 142
1520439885.758948088 137
1520439885.808950186 131
1520439885.858952284 87
1520439885.908953190 74
1520439885.958955288 72
1520439886.008956432 68
1520439886.058958292 65
1520439886.108960152 63
1520439886.158961296 60
1520439886.208963394 110
1520439886.258964300 100
1520439886.308966398 96
1520439886.358967304 90
1520439886.408969164 66
1520439886.458971500 64
1520439886.508972406 62
1520439886.558974266 58
1520439886.608976364 58
1520439886.658977270 57
1520439886.708978415 55
1520439886.758979082 55
1520439886.808981180 54
1520439886.858982086 54
1520439886.908982992 50
1520439886.958985329 47
1520439887.008985996 44
1520439887.058988094 43
1520439887.108990192 43
1520439887.158994198 39
1520439887.208996058 37
1520439887.258997202 37
1520439887.308999062 36
1520439887.358999968 78
1520439887.409002304 76
1520439887.459004164 75
1520439887.509005070 73
1520439887.559008360 66
1520439887.609009504 61
1520439887.659011364 59
1520439887.709013224 59
1520439887.759014368 56
1520439887.809015274 52
1520439887.859017134 52
1520439887.909019470 50
1520439887.959020853 48
1520439888.009022713 71
1520439888.059024811 70
1520439888.109025717 66
1520439888.159027815 66
1520439888.209029913 63
1520439888.259030819 63
1520439888.309031963 104
1520439888.359033823 97
1520439888.409035206 95
1520439888.459036112 94
1520439888.509037256 91
1520439888.559039116 89
1520439888.609041214 87
1520439888.659042358 83
1520439888.709044218 79
1520439888.759054422 75
1520439888.809043169 72
1520439888.859044075 70
1520439888.909046173 68
1520439888.959047079 65
1520439889.009049177 65
1520439889.059051275 64
1520439889.109052181 61
1520439889.159054041 61
1520439889.209055185 61
1520439889.259057045 60
1520439889.309058189 56
1520439889.359060287 71
1520439889.409062147 70
1520439889.459063292 68
1520439889.509065151 68
1520439889.559066296 67
1520439889.609069347 67
1520439889.659070492 64
1520439889.709072351 145
1520439889.759073257 138
1520439889.809075356 129
1520439889.859077454 120
1520439889.909079313 112
1520439889.959081411 110
1520439890.009081841 103
1520439890.059082747 90
1520439890.109084845 87
1520439890.159085751 80
1520439890.209086657 79
1520439890.259088993 77
1520439890.309090853 71
1520439890.359091759 94
1520439890.409093380 88
1520439890.459094286 85
1520439890.509096384 85
1520439890.559114218 83
1520439890.609099150 82
1520439890.659101486 81
1520439890.709102392 79
1520439890.759104252 77
1520439890.809105396 76
1520439890.859105587 96
1520439890.909106493 95
1520439890.959108591 89
1520439891.009109497 85
1520439891.059111357 82
1520439891.109113693 80
1520439891.159114599 77
1520439891.209116459 77
1520439891.259117365 77
1520439891.309119463 75
1520439891.359120369 73
1520439891.409122229 71
1520439891.459124565 69
1520439891.509125471 66
1520439891.559127331 64
1520439891.609129429 63
1520439891.659132481 60
1520439891.709133625 57
1520439891.759135485 56
1520439891.809136391 55
1520439891.859138489 54
1520439891.909139395 53
1520439891.959140539 53
1520439892.009146690 53
1520439892.059142828 50
1520439892.109143734 47
1520439892.159144878 46
1520439892.209146976 43
1520439892.259148836 41
1520439892.309149981 39
1520439892.359172821 36
1520439892.409152746 36
1520439892.459154606 36
1520439892.509155512 36
1520439892.559157848 36
1520439892.609158754 36
1520439892.659160614 35
1520439892.709162712 34
1520439892.759163618 34
1520439892.809165478 32
1520439892.859165907 31
1520439892.909167767 31
1520439892.959168911 60
1520439893.009171009 58
1520439893.059172869 56
1520439893.109174013 56
1520439893.159175873 56
1520439893.209177971 54
1520439893.259179115 53
1520439893.309181690 52
1520439893.359183550 50
1520439893.409184694 48
1520439893.459187746 106
1520439893.509188652 105
1520439893.559189796 100
1520439893.609192610 92
1520439893.659192801 86
1520439893.709195614 86
1520439893.759197474 86
1520439893.809198380 102
1520439893.859200478 99
1520439893.909201384 96
1520439893.959203243 96
1520439894.009205580 92
1520439894.059206486 90
1520439894.109207153 89
1520439894.159229994 86
1520439894.209209204 82
1520439894.259211063 80
1520439894.309212923 77
1520439894.359214067 75
1520439894.409215927 71
1520439894.459217072 84
1520439894.509219885 82
1520439894.559220791 81
1520439894.609222889 80
1520439894.659224749 77
1520439894.709225655 153
1520439894.759227991 142
1520439894.809228897 139
1520439894.859230757 123
1520439894.909232378 118
1520439894.959234238 113
1520439895.009235382 109
1520439895.059237480 107
1520439895.109239340 105
1520439895.159240484 130
1520439895.209242344 123
1520439895.259244204 122
1520439895.309246540 119
1520439895.359248638 119
1520439895.409249544 112
1520439895.459251404 146
1520439895.509252548 143
1520439895.559254646 138
1520439895.609260559 135
1520439895.659257650 106
1520439895.709259510 105
1520439895.759262562 118
1520439895.809264421 115
1520439895.859265327 111
1520439895.909267426 107
1520439895.959292412 99
1520439896.009270191 97
1520439896.059271336 97
1520439896.109273434 117
1520439896.159274340 111
1520439896.209276199 105
1520439896.259278297 103
1520439896.309279203 100
1520439896.359281063 98
1520439896.409282207 98
1520439896.459284306 92
1520439896.509285212 87
1520439896.559285402 81
1520439896.609286308 108
1520439896.659288645 103
1520439896.709290504 94
1520439896.759291410 91
1520439896.809293509 88
1520439896.859294415 84
1520439896.909296274 80
1520439896.959297180 78
1520439897.009299278 116
1520439897.059301376 112
1520439897.109303236 110
1520439897.159304142 109
1520439897.209306479 109
1520439897.259307146 101
1520439897.309309244 98
1520439897.359313011 96
1520439897.409314156 93
1520439897.459316015 121
1520439897.509316921 119
1520439897.559319973 115
1520439897.609319925 110
1520439897.659320831 106
1520439897.709322929 99
1520439897.759347916 95
1520439897.809324980 93
1520439897.859327078 83
1520439897.909327984 81
1520439897.959330082 79
1520439898.009330988 74
1520439898.059332848 72
1520439898.109333992 104
1520439898.159335852 100
1520439898.209340096 90
1520439898.259342194 88
1520439898.309344292 122
1520439898.359345198 120
1520439898.409347057 113
1520439898.459348202 139
1520439898.509350061 130
1520439898.559350967 120
1520439898.609351873 105
1520439898.659353971 101
1520439898.709354639 97
1520439898.759356976 96
1520439898.809358835 88
1520439898.859359741 87
1520439898.909361839 80
1520439898.959362745 75
1520439899.009363413 70
1520439899.059364319 66
1520439899.109366417 63
1520439899.159367323 78
1520439899.209371328 78
1520439899.259370565 77
1520439899.309372425 77
1520439899.359374285 74
1520439899.409376144 74
1520439899.459378481 70
1520439899.509379387 142
1520439899.559402227 142
1520439899.609382391 131
1520439899.659384251 126
1520439899.709385157 116
1520439899.759387493 108
1520439899.809388399 105
1520439899.859390259 119
1520439899.909392118 119
1520439899.959393263 116
1520439900.009395123 115
1520439900.059396029 112
1520439900.109398365 100
1520439900.159399271 94
1520439900.209401131 92
1520439900.259402514 86
1520439900.309403658 83
1520439900.359405518 81
1520439900.409406662 79
1520439900.459408522 76
1520439900.509409428 74
1520439900.559411764 65
1520439900.609413624 63
1520439900.659414291 61
1520439900.709417105 78
1520439900.759418249 78
1520439900.809419155 76
1520439900.859421492 74
1520439900.909422398 154
1520439900.959424257 151
1520439901.009428263 148
1520439901.059427261 145
1520439901.109428167 136
1520439901.159430027 132
1520439901.209431410 122
1520439901.259433270 113
1520439901.309434414 113
1520439901.359453201 105
1520439901.409437180 99
1520439901.459439516 98
1520439901.509441614 91
1520439901.559442520 117
1520439901.609444618 109
1520439901.659445524 101
1520439901.709447384 94
1520439901.759448528 92
1520439901.809450388 90
1520439901.859454155 89
1520439901.909455061 85
1520439901.959457397 83
1520439902.009458065 146
1520439902.059460163 142
1520439902.109461308 140
1520439902.159463167 133
1520439902.209465265 126
1520439902.259466648 162
1520439902.309468985 156
1520439902.359469891 153
1520439902.409471750 145
1520439902.459473848 132
1520439902.509474754 120
1520439902.559476852 114
1520439902.609478951 108
1520439902.659481764 142
1520439902.709482670 135
1520439902.759484768 129
1520439902.809486866 118
1520439902.859487772 114
1520439902.909489632 111
1520439902.959490776 106
1520439903.009492636 100
1520439903.059493542 125
1520439903.109495401 119
1520439903.159507275 111
1520439903.209498167 171
1520439903.259499311 163
1520439903.309501171 154
1520439903.359502077 141
1520439903.409504175 131
1520439903.459506273 126
1520439903.509511471 161
1520439903.559513330 155
1520439903.609514475 141
1520439903.659516335 191
1520439903.709517241 176
1520439903.759519577 164
1520439903.809520483 148
1520439903.859522343 134
1520439903.909523964 158
1520439903.959524870 153
1520439904.009526968 145
1520439904.059527874 163
1520439904.109529972 153
1520439904.159531116 148
1520439904.209532976 143
1520439904.259534836 137
1520439904.309541464 133
1520439904.359542370 130
1520439904.409544468 127
1520439904.459545374 152
1520439904.509547472 145
1520439904.559549332 136
1520439904.609550238 187
1520439904.659551382 166
1520439904.709557295 144
1520439904.759561300 133
1520439904.809560299 130
1520439904.859562159 126
1520439904.909563303 125
1520439904.959565401 117
1520439905.009566307 112
1520439905.059568405 109
1520439905.109569311 101
1520439905.159566879 94
1520439905.209568024 89
1520439905.259569883 87
1520439905.309570789 84
1520439905.359572887 82
1520439905.409573793 77
1520439905.459575891 75
1520439905.509577990 95
1520439905.559582710 90
1520439905.609584570 85
1520439905.659586668 120
1520439905.709587812 115
1520439905.759588718 110
1520439905.809590578 102
1520439905.859592676 99
1520439905.909593582 96
1520439905.959594250 96
1520439906.009596348 117
1520439906.059598446 114
1520439906.109599113 112
1520439906.159601450 112
1520439906.209602356 108
1520439906.259604454 105
1520439906.309605360 103
1520439906.359610558 94
1520439906.409611464 91
1520439906.459615469 87
1520439906.509614706 85
1520439906.559616566 79
1520439906.609618425 112
1520439906.659619570 110
1520439906.709620476 105
1520439906.759624720 103
1520439906.809621811 97
1520439906.859623671 94
1520439906.909624815 90
1520439906.959626675 88
1520439907.009628773 84
1520439907.059629917 81
1520439907.109631777 81
1520439907.159634352 79
1520439907.209636688 156
1520439907.259637594 145
1520439907.309639454 138
1520439907.359640598 128
1520439907.409642458 82
1520439907.459644318 77
1520439907.509645462 72
1520439907.559647560 114
1520439907.609654188 100
1520439907.659656286 87
1520439907.709657192 81
1520439907.759659290 130
1520439907.809660196 128
1520439907.859662056 118
1520439907.909664154 107
1520439907.959666252 102
1520439908.009665012 95
1520439908.059667110 86
1520439908.109668016 75
1520439908.159670115 72
1520439908.209671259 96
1520439908.259673119 94
1520439908.309674025 87
1520439908.359676123 86
1520439908.409678221 82
1520439908.459680557 79
1520439908.509681463 70
1520439908.559683323 69
1520439908.609767437 65
1520439908.659686327 90
1520439908.709688425 87
1520439908.759689569 85
1520439908.809692860 82
1520439908.859693766 79
1520439908.909695625 158
1520439908.959697008 152
1520439909.009698868 159
1520439909.059700727 147
1520439909.109701872 135
1520439909.159703732 115
1520439909.209702730 57
1520439909.259704590 56
1520439909.309705496 55
1520439909.359707594 52
1520439909.409709454 49
1520439909.459710360 48
1520439909.509712696 47
1520439909.559713602 47
1520439909.609717846 67
1520439909.659719706 61
1520439909.709720612 56
1520439909.759722710 55
1520439909.809723616 53
1520439909.859725475 51
1520439909.909727812 48
1520439909.959729671 47
1520439910.009730816 45
1520439910.059736729 85
1520439910.109737873 70
1520439910.159740925 70
1520439910.209741831 63
1520439910.259742975 62
1520439910.309744835 61
1520439910.359746933 57
1520439910.409800053 56
1520439910.459748030 55
1520439910.509750366 55
1520439910.559751272 55
1520439910.609753132 53
1520439910.659755230 93
1520439910.709756136 84
1520439910.759757996 81
1520439910.809759140 78
1520439910.859760284 75
1520439910.909761190 72
1520439910.959763288 71
1520439911.009764433 71
1520439911.059766293 66
1520439911.109768152 63
1520439911.159769297 61
1520439911.209771156 58
1520439911.259775639 52
1520439911.309777975 51
1520439911.359778881 51
1520439911.409780741 50
1520439911.459782839 48
1520439911.509784937 66
1520439911.559786797 65
1520439911.609787941 61
1520439911.659792662 59
1520439911.709794521 58
1520439911.759796381 58
1520439911.809796572 92
1520439911.859802723 87
1520439911.909800529 81
1520439911.959801674 79
1520439912.009803534 78
1520439912.059802771 75
1520439912.109805107 75
1520439912.159806967 74
1520439912.209827185 73
1520439912.259809971 72
1520439912.309810877 90
1520439912.359812975 88
1520439912.409814119 85
1520439912.459815979 84
1520439912.509815454 83
1520439912.559817791 81
1520439912.609818697 80
1520439912.659820557 91
1520439912.709822655 89
1520439912.759823561 88
1520439912.809825420 86
1520439912.859826803 85
1520439912.909825563 77
1520439912.959826469 112
1520439913.009828568 108
1520439913.059830427 103
1520439913.109831333 96
1520439913.159833670 95
1520439913.209834576 93
1520439913.259836435 93
1520439913.309833765 86
1520439913.359835625 83
1520439913.409837723 79
1520439913.459838629 76
1520439913.509840727 75
1520439913.559842825 74
1520439913.609843731 68
1520439913.659844875 68
1520439913.709854603 57
1520439913.759856701 56
1520439913.809857607 55
1520439913.859859705 52
1520439913.909860611 49
1520439913.959862471 46
1520439914.009863615 46
1520439914.059865713 45
1520439914.109863520 44
1520439914.159865379 43
1520439914.209866524 86
1520439914.259868383 84
1520439914.309870243 82
1520439914.359871387 80
1520439914.409873486 80
1520439914.459874392 77
1520439914.509879589 71
1520439914.559880495 69
1520439914.609882355 68
1520439914.659884453 64
1520439914.709885359 63
1520439914.759887457 61
1520439914.809888601 58
1520439914.859890461 55
1520439914.909892321 53
1520439914.959893942 86
1520439915.009896040 83
1520439915.059896946 81
1520439915.109899044 135
1520439915.159899950 128
1520439915.209902048 125
1520439915.259903908 118
1520439915.309904814 114
1520439915.359899998 104
1520439915.409901857 95
1520439915.459903717 85
1520439915.509904861 81
1520439915.559906721 74
1520439915.609907866 69
1520439915.659909964 68
1520439915.709910870 66
1520439915.759914637 60
1520439915.809916019 106
1520439915.859989643 101
1520439915.909919739 97
1520439915.959920883 90
1520439916.009922743 87
1520439916.059923649 111
1520439916.109925985 108
1520439916.159926414 99
1520439916.209928513 96
1520439916.259930611 94
1520439916.309931517 91
1520439916.359933376 86
1520439916.409934521 82
1520439916.459936619 72
1520439916.509937525 61
1520439916.559938192 57
1520439916.609939098 55
1520439916.659941196 53
1520439916.709943295 51
1520439916.759944201 50
1520439916.809946060 135
1520439916.859947205 132
1520439916.909949303 127
1520439916.959949493 120
1520439917.009950399 112
1520439917.059952497 89
1520439917.109954596 79
1520439917.159955502 77
1520439917.209957361 74
1520439917.259958506 69
1520439917.309960365 68
1520439917.359961271 68
1520439917.409964085 65
1520439917.459969044 64
1520439917.509967804 80
1520439917.559968948 80
1520439917.609971046 79
1520439917.659993887 74
1520439917.709974051 137
1520439917.759974957 126
1520439917.809976816 119
1520439917.859978676 110
1520439917.909979820 102
1520439917.959981918 95
1520439918.009983063 112
1520439918.059984922 105
1520439918.109985828 100
1520439918.159987926 99
1520439918.209988594 93
1520439918.259990454 126
1520439918.309992790 90
1520439918.359993696 89
1520439918.409995556 85
1520439918.459996700 75
1520439918.509998560 73
1520439918.559999704 72
1520439918.610002756 69
1520439918.660004854 62
1520439918.710005760 60
1520439918.760007620 142
1520439918.810009956 115
1520439918.860010862 104
1520439918.910012722 92
1520439918.960013866 79
1520439919.010014772 73
1520439919.060016632 68
1520439919.110017776 67
1520439919.160019636 63
1520439919.210020542 61
1520439919.260021687 58
1520439919.310023785 56
1520439919.360025644 94
1520439919.410026312 86
1520439919.460031271 78
1520439919.510029078 76
1520439919.560031176 70
1520439919.610032082 70
1520439919.660033941 68
1520439919.710035086 124
1520439919.760037184 117
1520439919.810038328 109
1520439919.860041618 106
1520439919.910043716 101
1520439919.960044622 95
1520439920.010046721 93
1520439920.060047626 89
1520439920.110049486 77
1520439920.160050631 75
1520439920.210052490 72
1520439920.260053396 69
1520439920.310054541 68
1520439920.360056639 61
1520439920.410057545 53
1520439920.460059643 71
1520439920.510060549 70
1520439920.560062408 67
1520439920.610064745 65
1520439920.660068750 182
1520439920.710070133 168
1520439920.760071993 160
1520439920.810072899 51
1520439920.860074997 48
1520439920.910075903 46
1520439920.960077047 42
1520439921.010078907 41
1520439921.060078859 38
1520439921.110079765 38
1520439921.160081625 37
1520439921.210083723 37
1520439921.260084629 37
1520439921.310142756 148
1520439921.360087872 141
1520439921.410089731 133
1520439921.460092783 128
1520439921.510094643 121
1520439921.560095549 116
1520439921.610097647 111
1520439921.660098553 104
1520439921.710100412 96
1520439921.760101557 94
1520439921.810103655 83
1520439921.860107422 113
1520439921.910108328 110
1520439921.960110426 108
1520439922.010111570 103
1520439922.060113430 96
1520439922.110114336 94
1520439922.160116434 87
1520439922.210117340 172
1520439922.260119438 165
1520439922.310119152 156
1520439922.360120296 152
1520439922.410122156 141
1520439922.460124254 133
1520439922.510125399 124
1520439922.560127258 113
1520439922.610128164 104
1520439922.660130262 99
1520439922.710133076 97
1520439922.760135174 92
1520439922.810136080 112
1520439922.860137939 110
1520439922.910141230 107
1520439922.960140944 104
1520439923.010143042 103
1520439923.060144186 98
1520439923.110142708 96
1520439923.160143614 90
1520439923.210145712 82
1520439923.260146618 78
1520439923.310148716 73
1520439923.360149860 70
1520439923.410151720 68
1520439923.460153580 122
1520439923.510154247 117
1520439923.560156107 114
1520439923.610157251 109
1520439923.660159349 102
1520439923.710160017 99
1520439923.760162354 90
1520439923.810164213 200
1520439923.860165119 185
1520439923.910169125 177
1520439923.960170031 169
1520439924.010172129 156
1520439924.060173035 140
1520439924.110174894 136
1520439924.160177231 187
1520439924.210178137 177
1520439924.260179996 168
1520439924.310180426 154
1520439924.360182285 144
1520439924.410184383 137
1520439924.460185289 188
1520439924.510187149 181
1520439924.560188532 172
1520439924.610190392 161
1520439924.660191298 153
1520439924.710193396 149
1520439924.760190248 142
1520439924.810191154 135
1520439924.860192299 172
1520439924.910194159 164
1520439924.960276127 154
1520439925.010197163 148
1520439925.060199261 139
1520439925.110200167 131
1520439925.160204172 126
1520439925.210205078 124
1520439925.260207415 118
1520439925.310208321 114
1520439925.360210180 111
1520439925.410211325 167
1520439925.460213184 160
1520439925.510215282 144
1520439925.560216665 133
1520439925.610218525 129
1520439925.660219669 112
1520439925.710221529 204
1520439925.760223389 190
1520439925.810224533 172
1520439925.860226631 241
1520439925.910227537 217
1520439925.960230589 197
1520439926.010231495 267
1520439926.060233831 258
1520439926.110235691 238
1520439926.160237551 224
1520439926.210238695 200
1520439926.260239601 186
1520439926.310241461 254
1520439926.360239029 220
1520439926.410241127 209
1520439926.460242987 193
1520439926.510244131 188
1520439926.560246944 181
1520439926.610246897 170
1520439926.660248995 158
1520439926.710249901 146
1520439926.760272503 136
1520439926.810256481 130
1520439926.860258341 171
1520439926.910259247 166
1520439926.960261345 157
1520439927.010262251 150
1520439927.060264111 145
1520439927.110266447 135
1520439927.160267353 128
1520439927.210265398 126
1520439927.260266304 121
1520439927.310268164 203
1520439927.360269308 193
1520439927.410271168 182
1520439927.460273266 171
1520439927.510274410 165
1520439927.560276270 159
1520439927.610275984 155
1520439927.660278082 154
1520439927.710279942 139
1520439927.760281086 137
1520439927.810282946 157
1520439927.860285044 143
1520439927.910286188 135
1520439927.960287094 124
1520439928.010289907 119
1520439928.060290813 111
1520439928.110292673 100
1520439928.160295010 96
1520439928.210295916 91
1520439928.260297775 143
1520439928.310298920 137
1520439928.360300779 131
1520439928.410301208 122
1520439928.460302114 118
1520439928.510303259 110
1520439928.560305119 141
1520439928.610395193 136
1520439928.660308123 134
1520439928.710310221 126
1520439928.760311127 111
1520439928.810317755 104
1520439928.860318661 96
1520439928.910320759 128
1520439928.960321903 122
1520439929.010323763 113
1520439929.060325861 101
1520439929.110326767 98
1520439929.160328627 95
1520439929.210329056 88
1520439929.260330915 82
1520439929.310332060 112
1520439929.360334158 105
1520439929.410335064 101
1520439929.460337162 46
1520439929.510339022 46
1520439929.560339928 45
1520439929.610342026 44
1520439929.660341501 44
1520439929.710342407 43
1520439929.760344267 71
1520439929.810346603 68
1520439929.860347509 66
1520439929.910349369 65
1520439929.960350513 62
1520439930.010352373 133
1520439930.060350895 124
1520439930.110352993 117
1520439930.160353899 108
1520439930.210355997 214
1520439930.260356903 134
1520439930.310358763 126
1520439930.360359907 116
1520439930.410377979 131
1520439930.460360050 121
1520439930.510362148 110
1520439930.560363054 170
1520439930.610364914 156
1520439930.660367012 140
1520439930.710367918 135
1520439930.760370016 104
1520439930.810371161 94
1520439930.860374928 88
1520439930.910375834 103
1520439930.960377932 101
1520439931.010379076 91
1520439931.060380936 88
1520439931.110382795 86
1520439931.160383940 86
1520439931.210386038 156
1520439931.260385513 142
1520439931.310387373 136
1520439931.360388517 129
1520439931.410390615 117
1520439931.460392475 111
1520439931.510394335 102
1520439931.560395479 91
1520439931.610397339 84
1520439931.660398960 83
1520439931.710401058 80
1520439931.760402918 74
1520439931.810404062 74
1520439931.860404968 70
1520439931.910406828 84
1520439931.960409164 83
1520439932.010410070 82
1520439932.060411930 76
1520439932.110411406 74
1520439932.160413742 74
1520439932.210414648 70
1520439932.260492563 65
1520439932.310417652 64
1520439932.360419512 156
1520439932.410420418 148
1520439932.460422754 142
1520439932.510423183 133
1520439932.560425282 123
1520439932.610427380 104
1520439932.660428286 129
1520439932.710430145 126
1520439932.760431290 123
1520439932.810433388 123
1520439932.860434294 119
1520439932.910439730 112
1520439932.960440636 109
1520439933.010442495 101
1520439933.060444593 166
1520439933.110445499 156
1520439933.160447598 145
1520439933.210448742 135
1520439933.260450602 127
1520439933.310452461 121
1520439933.360453367 110
1520439933.410455465 103
1520439933.460456371 99
1520439933.510458469 96
1520439933.560460567 91
1520439933.610461473 87
1520439933.660462379 87
1520439933.710462093 79
1520439933.760464430 100
1520439933.810466290 99
1520439933.860467196 94
1520439933.910468340 173
1520439933.960470200 160
1520439934.010472298 156
1520439934.060473442 145
1520439934.110471010 134
1520439934.160472870 124
1520439934.210474730 115
1520439934.260475874 106
1520439934.310477734 102
1520439934.360478640 92
1520439934.410480976 89
1520439934.460481882 88
1520439934.510483742 86
1520439934.560483932 77
1520439934.610485792 119
1520439934.660487890 112
1520439934.710488796 109
1520439934.760490656 105
1520439934.810491800 161
1520439934.860493898 147
1520439934.910495758 137
1520439934.960499763 131
1520439935.010500669 126
1520439935.060502768 118
1520439935.110504627 113
1520439935.160506725 109
1520439935.210507870 105
1520439935.260509729 98
1520439935.310510635 89
1520439935.360514641 86
1520439935.410516500 82
1520439935.460517645 78
1520439935.510519505 74
1520439935.560520411 64
1520439935.610522509 63
1520439935.660523415 60
1520439935.710525513 59
1520439935.760524988 54
1520439935.810532093 52
1520439935.860528231 50
1520439935.910579205 49
1520439935.960531235 69
1520439936.010533094 68
1520439936.060534000 67
1520439936.110536098 64
1520439936.160537481 63
1520439936.210539579 62
1520439936.260541677 110
1520439936.310542583 108
1520439936.360544443 98
1520439936.410545588 95
1520439936.460547686 87
1520439936.510548830 84
1520439936.560549736 83
1520439936.610551596 80
1520439936.660552502 79
1520439936.710554600 74
1520439936.760555506 71
1520439936.810557365 70
1520439936.860558510 123
1520439936.910560608 116
1520439936.960561514 110
1520439937.010561943 102
1520439937.060564280 99
1520439937.110566139 96
1520439937.160567045 93
1520439937.210569143 87
1520439937.260570049 85
1520439937.310572147 80
1520439937.360574245 73
1520439937.410573244 67
1520439937.460576534 64
1520439937.510577440 64
1520439937.560578346 64
1520439937.610580444 60
1520439937.660581350 55
1520439937.710583210 54
1520439937.760682583 51
1520439937.810587406 50
1520439937.860589504 46
1520439937.910590410 44
1520439937.960592270 43
1520439938.010593653 79
1520439938.060595512 75
1520439938.110596418 72
1520439938.160598516 69
1520439938.210599899 67
1520439938.260601759 64
1520439938.310603857 62
1520439938.360605001 122
1520439938.410606861 117
1520439938.460607767 114
1520439938.510609865 107
1520439938.560610771 102
1520439938.610614300 96
1520439938.660616159 95
1520439938.710617304 94
1520439938.760619164 90
1520439938.810621262 83
1520439938.860622406 82
1520439938.910624266 78
1520439938.960625410 74
1520439939.010626554 63
1520439939.060627699 60
1520439939.110629559 58
1520439939.160631657 57
1520439939.210633755 55
1520439939.260634661 52
1520439939.310635805 50
1520439939.360637665 47
1520439939.410638571 46
1520439939.460639000 43
1520439939.510640144 40
1520439939.560644150 38
1520439939.610642910 55
1520439939.660645008 50
1520439939.710645914 47
1520439939.760648012 45
1520439939.810649157 40
1520439939.860653400 40
1520439939.910655499 126
1520439939.960656404 118
1520439940.010658264 110
1520439940.060659409 105
1520439940.110661268 100
1520439940.160662413 99
1520439940.210664511 94
1520439940.260664463 89
1520439940.310665369 84
1520439940.360667467 80
1520439940.410668612 75
1520439940.460670471 71
1520439940.510671377 71
1520439940.560673475 153
1520439940.610675573 143
1520439940.660676241 134
1520439940.710678339 120
1520439940.760680199 110
1520439940.810681343 146
1520439940.860683203 135
1520439940.910684109 128
1520439940.960685253 158
1520439941.010687113 151
1520439941.060690641 144
1520439941.110691547 128
1520439941.160693645 118
1520439941.210694551 113
1520439941.260696650 111
1520439941.310698748 109
1520439941.360699654 99
1520439941.410744667 152
1520439941.460702419 140
1520439941.510704756 131
1520439941.560705423 121
1520439941.610707760 114
1520439941.660708666 103
1520439941.710710526 146
1520439941.760711670 140
1520439941.810713530 137
1520439941.860715628 129
1520439941.910715580 147
1520439941.960717678 144
1520439942.010718822 143
1520439942.060720682 141
1520439942.110721827 136
1520439942.160723686 127
1520439942.210724592 208
1520439942.260726690 200
1520439942.310726166 166
1520439942.360727072 159
1520439942.410729170 150
1520439942.460731030 170
1520439942.510731936 162
1520439942.560734272 154
1520439942.610735178 151
1520439942.660737038 145
1520439942.710744381 142
1520439942.760745287 135
1520439942.810747147 125
1520439942.860748291 113
1520439942.910749197 187
1520439942.960751057 171
1520439943.010753393 150
1520439943.060754061 139
1520439943.110756159 130
1520439943.160757065 127
1520439943.210759163 123
1520439943.260833025 114
1520439943.310761929 107
1520439943.360764265 102
1520439943.410765171 96
1520439943.460767031 91
1520439943.510768652 87
1520439943.560770512 84
1520439943.610771418 79
1520439943.660773516 77
1520439943.710774422 73
1520439943.760776520 70
1520439943.810778618 69
1520439943.860779524 66
1520439943.910779238 90
1520439943.960780382 86
1520439944.010782242 82
1520439944.060783148 81
1520439944.110785246 80
1520439944.160786152 77
1520439944.210788012 76
1520439944.260790348 76
1520439944.310791254 74
1520439944.360791206 73
1520439944.410793304 153
1520439944.460794449 151
1520439944.510796309 148
1520439944.560798168 141
1520439944.610799313 137
1520439944.660800219 135
1520439944.710802078 128
1520439944.760810852 119
1520439944.810808897 115
1520439944.860810757 148
1520439944.910811663 142
1520439944.960812807 134
1520439945.010814667 124
1520439945.060816526 190
1520439945.110908747 183
1520439945.160816431 164
1520439945.210817337 152
1520439945.260819435 144
1520439945.310820341 131
1520439945.360822201 125
1520439945.410824537 164
1520439945.460825443 156
1520439945.510827303 152
1520439945.560830116 146
1520439945.610832214 138
1520439945.660833359 132
1520439945.710835218 130
1520439945.760836124 121
1520439945.810838223 115
1520439945.860840082 100
1520439945.910840988 135
1520439945.960844517 132
1520439946.010846615 125
1520439946.060847521 115
1520439946.110848427 110
1520439946.160850763 107
1520439946.210852623 103
1520439946.260853767 99
1520439946.310855627 94
1520439946.360855818 92
1520439946.410857677 88
1520439946.460859537 144
1520439946.510860682 142
1520439946.560862780 136
1520439946.610863686 133
1520439946.660865784 126
1520439946.710866690 115
1520439946.760868549 113
1520439946.810870171 103
1520439946.860871315 101
1520439946.910872221 92
1520439946.960969448 111
1520439947.010876417 107
1520439947.060877323 103
1520439947.110879421 103
1520439947.160880327 101
1520439947.210881472 97
1520439947.260882378 88
1520439947.310884237 81
1520439947.360885620 74
1520439947.410887480 116
1520439947.460889339 112
1520439947.510890484 106
1520439947.560892344 103
1520439947.610896111 99
1520439947.660898209 97
1520439947.710899115 86
1520439947.760901213 79
1520439947.810902357 75
1520439947.860904217 110
1520439947.910906076 106
1520439947.960907221 103
1520439948.010910988 100
1520439948.060911894 96
1520439948.110913754 92
1520439948.160915852 89
1520439948.210916758 63
1520439948.260918856 60
1520439948.310920954 58
1520439948.360921860 54
1520439948.410923719 51
1520439948.460924625 84
1520439948.510925770 83
1520439948.560927629 81
1520439948.610929728 77
1520439948.660930872 72
1520439948.710932732 68
1520439948.760933638 129
1520439948.811031818 114
1520439948.860937834 108
1520439948.910939932 95
1520439948.960940838 85
1520439949.010942698 76
1520439949.060944796 71
1520439949.110945702 69
1520439949.160947800 66
1520439949.210948944 93
1520439949.260950327 89
1520439949.310951233 84
1520439949.360953093 79
1520439949.410954237 75
1520439949.460956097 135
1520439949.510958195 128
1520439949.560959339 121
1520439949.610961199 111
1520439949.660967112 100
1520439949.710968971 91
1520439949.760970354 82
1520439949.810972214 75
1520439949.860974073 66
1520439949.910975218 57
1520439949.960977077 56
1520439950.010979176 82
1520439950.060978651 75
1520439950.110980511 70
1520439950.160982609 36
1520439950.210983753 75
1520439950.260984659 68
1520439950.310990572 62
1520439950.360987663 112
1520439950.410989523 100
1520439950.460995913 82
1520439950.510996819 77
1520439950.560998678 72
1520439950.610999823 66
1520439950.661090851 96
1520439950.711002588 85
1520439950.761004686 80
1520439950.811005592 78
1520439950.861009359 103
1520439950.911010265 71
1520439950.961012363 68
1520439951.011014462 68
1520439951.061015368 64
1520439951.111017466 87
1520439951.161018372 82
1520439951.211020231 79
1520439951.261021852 78
1520439951.311024189 73
1520439951.361025095 67
1520439951.411026955 58
1520439951.461029053 56
1520439951.511029959 55
1520439951.561031818 50
1520439951.611033201 49
1520439951.661035061 74
1520439951.711041212 68
1520439951.761042118 52
1520439951.811043978 52
1520439951.861045361 52
1520439951.911048174 49
1520439951.961048365 47
1520439952.011050224 41
1520439952.061052084 40
1520439952.111051798 37
1520439952.161053658 37
1520439952.211054802 37
1520439952.261056662 37
1520439952.311058760 36
1520439952.361059904 36
1520439952.411060810 33
1520439952.461062908 31
1520439952.511141062 29
1520439952.561065197 27
1520439952.611067057 25
1520439952.661068201 25
1520439952.711070299 60
1520439952.761071444 58
1520439952.811073303 56
1520439952.861074209 102
1520439952.911072254 94
1520439952.961073399 90
1520439953.011075258 86
1520439953.061077595 100
1520439953.111078501 97
1520439953.161080360 91
1520439953.211081505 84
1520439953.261083364 105
1520439953.311080217 82
1520439953.361082077 78
1520439953.411083221 100
1520439953.461085081 97
1520439953.511087179 92
1520439953.561089277 89
1520439953.611090183 84
1520439953.661092043 80
1520439953.711091757 74
1520439953.761093855 69
1520439953.811095715 64
1520439953.861096859 82
1520439953.911098957 74
1520439953.961099863 72
1520439954.011101961 66
1520439954.061102867 64
1520439954.111104727 61
1520439954.161105156 60
1520439954.211107254 60
1520439954.261108160 59
1520439954.311110258 55
1520439954.361176252 52
1520439954.411113262 50
1520439954.461114168 48
1520439954.511116266 45
1520439954.561116695 97
1520439954.611118555 93
1520439954.661120415 89
1520439954.711121559 81
1520439954.761123657 75
1520439954.811124802 73
1520439954.861126661 70
1520439954.911127567 109
1520439954.961130857 101
1520439955.011131763 78
1520439955.061133862 70
1520439955.111135721 63
1520439955.161137581 59
1520439955.211138725 99
1520439955.261139631 94
1520439955.311141968 86
1520439955.361142159 65
1520439955.411145210 133
1520439955.461146116 122
1520439955.511148214 110
1520439955.561149120 103
1520439955.611150026 240
1520439955.661152363 208
1520439955.711154222 175
1520439955.761155367 150
1520439955.811157465 133
1520439955.861158371 146
1520439955.911164522 132
1520439955.961161375 122
1520439956.011163473 113
1520439956.061164379 95
1520439956.111166477 91
1520439956.161161900 76
1520439956.211214781 70
1520439956.261165857 67
1520439956.311167002 61
1520439956.361168861 60
1520439956.411169767 103
1520439956.461171865 95
1520439956.511172771 86
1520439956.561174870 81
1520439956.611176729 78
1520439956.661178589 75
1520439956.711180449 66
1520439956.761181593 63
1520439956.811183691 60
1520439956.861184597 57
1520439956.911186695 49
1520439956.961187601 47
1520439957.011191607 46
1520439957.061193705 41
1520439957.111194611 39
1520439957.161196709 37
1520439957.211197615 37
1520439957.261199713 34
1520439957.311201811 34
1520439957.361202717 33
1520439957.411205530 32
1520439957.461207628 32
1520439957.511208773 109
1520439957.561210632 105
1520439957.611211538 98
1520439957.661213636 87
1520439957.711214542 74
1520439957.761216402 66
1520439957.811219215 97
1520439957.861221313 94
1520439957.911222219 89
1520439957.961224079 167
1520439958.011225462 151
1520439958.061258316 139
1520439958.111228228 131
1520439958.161230326 118
1520439958.211229086 96
1520439958.261231184 70
1520439958.311233282 66
1520439958.361234188 65
1520439958.411236048 62
1520439958.461237192 81
1520439958.511239052 77
1520439958.561239958 74
1520439958.611238718 67
1520439958.661248207 64
1520439958.711249352 62
1520439958.761251211 58
1520439958.811253309 56
1520439958.861254454 54
1520439958.911256313 101
1520439958.961257219 92
1520439959.011258364 86
1520439959.061260939 78
1520439959.111263037 73
1520439959.161263943 70
1520439959.211266756 67
1520439959.261267900 65
1520439959.311268806 65
1520439959.361271143 63
1520439959.411273003 61
1520439959.461271048 57
1520439959.511271954 54
1520439959.561274052 50
1520439959.611276150 45
1520439959.661277294 83
1520439959.711280107 81
1520439959.761280060 70
1520439959.811282158 56
1520439959.861284018 114
1520439959.911297321 107
1520439959.961287260 97
1520439960.011289120 88
1520439960.061290264 82
1520439960.111292124 76
1520439960.161293030 74
1520439960.211295128 61
1520439960.261298656 58
1520439960.311299801 56
1520439960.361301661 100
1520439960.411302805 98
1520439960.461304903 89
1520439960.511305809 169
1520439960.561307907 157
1520439960.611308813 183
1520439960.661314726 158
1520439960.711316824 143
1520439960.761317968 131
1520439960.811319828 118
1520439960.861320734 109
1520439960.911322832 128
1520439960.961323738 118
1520439961.011326790 106
1520439961.061325312 99
1520439961.111327171 93
1520439961.161328316 88
1520439961.211330414 83
1520439961.261331558 75
1520439961.311333418 71
1520439961.361334324 66
1520439961.411340237 91
1520439961.461337328 89
1520439961.511341333 79
1520439961.561342239 75
1520439961.611344099 71
1520439961.661345243 132
1520439961.711347103 127
1520439961.761349201 108
1520439961.811350346 93
1520439961.861352205 156
1520439961.911352634 138
1520439961.961354494 162
1520439962.011355639 144
1520439962.061357498 161
1520439962.111358404 137
1520439962.161360741 118
1520439962.211361647 112
1520439962.261363506 108
1520439962.311365843 100
1520439962.361366987 99
1520439962.411368847 118
1520439962.461369753 115
1520439962.511372089 110
1520439962.561372995 104
1520439962.611374855 101
1520439962.661376953 97
1520439962.711382627 94
1520439962.761384487 90
1520439962.811385632 131
1520439962.861387491 125
1520439962.911389351 115
1520439962.961391687 106
1520439963.011392593 134
1520439963.061394453 130
1520439963.111396074 120
1520439963.161398172 113
1520439963.211399078 108
1520439963.261399984 106
1520439963.311402321 103
1520439963.361404181 140
1520439963.411405087 134
1520439963.461407185 129
1520439963.511404276 116
1520439963.561406374 111
1520439963.611408472 103
1520439963.661409378 100
1520439963.711410522 98
1520439963.761412382 131
1520439963.811414242 126
1520439963.861415386 119
1520439963.911417246 116
1520439963.961420298 110
1520439964.011422157 143
1520439964.061423063 137
1520439964.111425161 135
1520439964.161426067 120
1520439964.211428165 117
1520439964.261430264 115
1520439964.311431170 112
1520439964.361431837 107
1520439964.411433935 106
1520439964.461434841 102
1520439964.511436701 101
1520439964.561437845 98
1520439964.611438751 92
1520439964.661441088 120
1520439964.711442947 114
1520439964.761443138 111
1520439964.811444044 106
1520439964.861444950 96
1520439964.911447048 146
1520439964.961448908 142
1520439965.011450768 133
1520439965.061452150 128
1520439965.111452818 126
1520439965.161454439 123
1520439965.211454153 116
1520439965.261456490 114
1520439965.311457396 104
1520439965.361459255 97
1520439965.411460400 91
1520439965.461462259 88
1520439965.511548042 85
1520439965.561465263 82
1520439965.611467361 75
1520439965.661468506 74
1520439965.711470366 71
1520439965.761471272 66
1520439965.811473370 65
1520439965.861475229 64
1520439965.911476135 91
1520439965.961478472 91
1520439966.011479139 88
1520439966.061480999 82
1520439966.111482143 196
1520439966.161484003 183
1520439966.211485863 171
1520439966.261487007 161
1520439966.311489105 180
1520439966.361490250 175
1520439966.411493301 172
1520439966.461494207 163
1520439966.511496305 158
1520439966.561498404 154
1520439966.611499310 148
1520439966.661501169 141
1520439966.711502314 130
1520439966.761504173 119
1520439966.811504602 111
1520439966.861505508 152
1520439966.911507368 136
1520439966.961508512 159
1520439967.011510611 151
1520439967.061512470 143
1520439967.111513615 150
1520439967.161515474 143
1520439967.211517096 138
1520439967.261519194 136
1520439967.311520100 159
1520439967.361582041 155
1520439967.411523104 146
1520439967.461524963 131
1520439967.511526108 128
1520439967.561527967 147
1520439967.611532688 145
1520439967.661534786 137
1520439967.711535931 131
1520439967.761537790 124
1520439967.811539650 141
1520439967.861540794 136
1520439967.911542892 133
1520439967.961543798 124
1520439968.011545897 113
1520439968.061546803 64
1520439968.111548662 60
1520439968.161550760 59
1520439968.211551666 56
1520439968.261553764 134
1520439968.311554909 128
1520439968.361556768 124
1520439968.411555290 120
1520439968.461556196 118
1520439968.511558294 109
1520439968.561559200 231
1520439968.611561298 208
1520439968.661562443 193
1520439968.711565256 170
1520439968.761565447 156
1520439968.811571360 145
1520439968.861564636 129
1520439968.911566496 119
1520439968.961568832 144
1520439969.011569738 135
1520439969.061571598 121
1520439969.111577511 116
1520439969.161574602 109
1520439969.211615801 107
1520439969.261581421 101
1520439969.311582565 92
1520439969.361584425 89
1520439969.411585569 198
1520439969.461587429 171
1520439969.511589289 158
1520439969.561590433 144
1520439969.611592531 126
1520439969.661591291 112
1520439969.711593390 100
1520439969.761594296 44
1520439969.811596394 37
1520439969.861598492 36
1520439969.911599398 86
1520439969.961601257 83
1520439970.011602402 77
1520439970.061604977 109
1520439970.111605644 99
1520439970.161607981 87
1520439970.211609840 79
1520439970.261610746 198
1520439970.311612844 130
1520439970.361614943 114
1520439970.411615849 102
1520439970.461617708 93
1520439970.511619568 81
1520439970.561621428 126
1520439970.611622572 107
1520439970.661624670 99
1520439970.711626530 93
1520439970.761627674 81
1520439970.811628580 78
1520439970.861628532 75
1520439970.911630630 73
1520439970.961631536 73
1520439971.011633396 105
1520439971.061653614 102
1520439971.111636400 91
1520439971.161637545 86
1520439971.211639643 80
1520439971.261640549 75
1520439971.311640739 107
1520439971.361641645 101
1520439971.411643982 92
1520439971.461645842 89
1520439971.511646748 121
1520439971.561648846 112
1520439971.611649752 105
1520439971.661651611 96
1520439971.711650848 191
1520439971.761652946 162
1520439971.811653852 152
1520439971.861655712 135
1520439971.911658049 135
1520439971.961658955 131
1520439972.011660814 119
1520439972.061661959 103
1520439972.111661673 95
1520439972.161662817 91
1520439972.211664677 86
1520439972.261666536 85
1520439972.311667681 77
1520439972.361669540 67
1520439972.411671638 58
1520439972.461672783 57
1520439972.511674643 57
1520439972.561675549 71
1520439972.611676693 70
1520439972.661678553 65
1520439972.711680412 63
1520439972.761681557 62
1520439972.811683655 60
1520439972.861684561 60
1520439972.911687136 59
1520439972.961688042 58
1520439973.011689901 58
1520439973.061692238 56
1520439973.111693144 53
1520439973.161695004 103
1520439973.211696148 101
1520439973.261698008 94
1520439973.311698914 90
1520439973.361699820 86
1520439973.411700964 86
1520439973.461702824 82
1520439973.511704922 79
1520439973.561706066 73
1520439973.611707926 71
1520439973.661708832 66
1520439973.711710930 60
1520439973.761710405 57
1520439973.811712265 56
1520439973.861714363 55
1520439973.911715269 54
1520439973.961717367 53
1520439974.011719465 51
1520439974.061720371 49
1520439974.111722231 58
1520439974.161723137 55
1520439974.211724997 55
1520439974.261726141 55
1520439974.311728239 55
1520439974.361729383 147
1520439974.411731243 143
1520439974.461733103 132
1520439974.511734247 166
1520439974.561735868 160
1520439974.611737967 154
1520439974.661739826 142
1520439974.711740971 151
1520439974.761742830 142
1520439974.811842918 136
1520439974.861745834 131
1520439974.911746740 128
1520439974.961745739 111
1520439975.011747599 93
1520439975.061748743 89
1520439975.111750603 103
1520439975.161751509 99
1520439975.211753845 94
1520439975.261754513 155
1520439975.311756611 152
1520439975.361757755 147
1520439975.411759853 142
1520439975.461761713 131
1520439975.511762619 114
1520439975.561764956 106
1520439975.611765862 99
1520439975.661767721 97
1520439975.711769819 94
1520439975.761773109 88
1520439975.811769962 78
1520439975.861771822 74
1520439975.911773682 85
1520439975.961775780 82
1520439976.011777878 81
1520439976.061778784 78
1520439976.111779928 76
1520439976.161780834 100
1520439976.211785316 94
1520439976.261787415 92
1520439976.311788321 83
1520439976.361790180 80
1520439976.411791325 265
1520439976.461793184 236
1520439976.511795282 217
1520439976.561796427 199
1520439976.611795664 158
1520439976.661859512 142
1520439976.711799622 127
1520439976.761800766 161
1520439976.811802626 156
1520439976.861803532 142
1520439976.911805630 123
1520439976.961806536 115
1520439977.011804342 82
1520439977.061806679 107
1520439977.111807585 103
1520439977.161809444 103
1520439977.211810589 95
1520439977.261812449 87
1520439977.311813593 85
1520439977.361815453 81
1520439977.411822319 80
1520439977.461823225 78
1520439977.511825323 75
1520439977.561826229 72
1520439977.611828327 69
1520439977.661829472 67
1520439977.711831331 64
1520439977.761833191 64
1520439977.811832905 63
1520439977.861833811 191
1520439977.911834955 178
1520439977.961836815 142
1520439978.011838675 130
1520439978.061839819 119
1520439978.111840725 106
1520439978.161842585 87
1520439978.211844206 107
1520439978.261847258 103
1520439978.311848164 103
1520439978.361849070 103
1520439978.411851168 101
1520439978.461853266 193
1520439978.511868238 181
1520439978.561856270 163
1520439978.611857176 155
1520439978.661859751 206
1520439978.711860657 191
1520439978.761862993 178
1520439978.811863899 173
1520439978.861865759 171
1520439978.911866903 150
1520439978.961868763 138
1520439979.011869907 113
1520439979.061868191 119
1520439979.111870289 116
1520439979.161871433 107
1520439979.211873293 102
1520439979.261874199 97
1520439979.311876297 88
1520439979.361877203 86
1520439979.411879063 79
1520439979.461882353 78
1520439979.511883259 71
1520439979.561885357 66
1520439979.611887455 100
1520439979.661888361 99
1520439979.711890459 94
1520439979.761892319 153
1520439979.811893225 146
1520439979.861893415 139
1520439979.911894321 129
1520439979.961895466 113
1520439980.011897326 94
1520439980.061898232 83
1520439980.111900330 75
1520439980.161901236 71
1520439980.211904287 75
1520439980.261904955 74
1520439980.311905861 72
1520439980.361907959 68
1520439980.411988020 185
1520439980.461910963 179
1520439980.511911869 170
1520439980.561913967 141
1520439980.611915112 142
1520439980.661916971 131
1520439980.711919546 121
1520439980.761920452 113
1520439980.811922550 110
1520439980.861923695 105
1520439980.911925554 93
1520439980.961926699 87
1520439981.011928558 76
1520439981.061930418 71
1520439981.111931086 103
1520439981.161932945 86
1520439981.211934090 76
1520439981.261936188 69
1520439981.311938047 60
1520439981.361939192 57
1520439981.411940098 57
1520439981.461941957 46
1520439981.511945248 45
1520439981.561946392 44
1520439981.611948252 120
1520439981.661949158 99
1520439981.711951256 90
1520439981.761953354 77
1520439981.811954260 71
1520439981.861956358 213
1520439981.911957026 187
1520439981.961958170 168
1520439982.011960030 148
1520439982.061960936 124
1520439982.111962080 115
1520439982.161963940 100
1520439982.211966038 135
1520439982.261967182 120
1520439982.311970472 110
1520439982.361971617 103
1520439982.411973715 95
1520439982.461974859 163
1520439982.511976719 114
1520439982.561977625 110
1520439982.611979723 306
1520439982.661981583 257
1520439982.711983681 209
1520439982.761985540 158
1520439982.811986685 219
1520439982.861988544 149
1520439982.911989689 141
1520439982.961991787 133
1520439983.011992693 183
1520439983.061994791 167
1520439983.111996651 154
1520439983.162002802 311
1520439983.212004662 178
1520439983.262005568 174
1520439983.312007666 167
1520439983.362009525 153
1520439983.412010431 195
1520439983.462012768 163
1520439983.512013674 325
1520439983.562026262 191
1520439983.612027168 400
1520439983.662028074 357
1520439983.712030172 299
1520439983.762032032 417
1520439983.812032938 367
1520439983.862036228 281
1520439983.912036180 331
1520439983.962049723 265
1520439984.012050629 487
1520439984.062053919 403
1520439984.112053871 341
1520439984.162090778 292
1520439984.212056875 242
1520439984.262058735 269
1520439984.312059641 249
1520439984.362071037 223
1520439984.412071943 290
1520439984.462074041 269
1520439984.512074947 261
1520439984.562077045 499
1520439984.612079144 406
1520439984.662080050 322
1520439984.712081909 358
1520439984.762093306 307
1520439984.812095404 288
1520439984.862096310 332
1520439984.912098408 291
1520439984.962099552 267
1520439985.012101412 260
1520439985.062103271 230
1520439985.112104416 288
1520439985.162130117 230
1520439985.212131977 222
1520439985.262132883 205
1520439985.312134027 263
1520439985.362136126 245
1520439985.412137032 228
1520439985.462140083 207
1520439985.512142181 200
1520439985.562154055 287
1520439985.612154961 264
1520439985.662157059 248
1520439985.712157965 404
1520439985.762159824 234
1520439985.812160969 224
1520439985.862162828 218
1520439985.912163734 262
1520439985.962166071 244
1520439986.012181044 222
1520439986.062258005 207
1520439986.112184048 203
1520439986.162185907 309
1520439986.212188244 293
1520439986.262189150 275
1520439986.312191010 260
1520439986.362192154 229
1520439986.412204504 293
1520439986.462205648 281
1520439986.512207508 428
1520439986.562208414 390
1520439986.612210751 303
1520439986.662212610 344
1520439986.712213516 326
1520439986.762215614 288
1520439986.812222958 275
1520439986.862225056 348
1520439986.912225962 325
1520439986.962228060 296
1520439987.012229204 259
1520439987.062231064 289
1520439987.112233162 275
1520439987.162234068 249
1520439987.212257862 218
1520439987.262259960 276
1520439987.312260866 258
1520439987.362262726 231
1520439987.412263870 405
1520439987.462265968 381
1520439987.512266636 272
1520439987.562268972 255
1520439987.612271309 306
1520439987.662273169 287
1520439987.712278366 261
1520439987.762276411 253
1520439987.812277317 329
1520439987.862279415 305
1520439987.912281275 289
1520439987.962282181 366
1520439988.012284517 334
1520439988.062289715 302
1520439988.112291813 384
1520439988.162292719 336
1520439988.212294579 284
1520439988.262296915 402
1520439988.312297821 356
1520439988.362299681 320
1520439988.412300825 352
1520439988.462302685 321
1520439988.512303591 297
1520439988.562305450 271
1520439988.612306595 236
1520439988.662308693 215
1520439988.712310553 270
1520439988.762311697 260
1520439988.812313557 240
1520439988.862314463 218
1520439988.912316322 384
1520439988.962318420 311
1520439989.012319565 297
1520439989.062321424 254
1520439989.112322569 223
1520439989.162324429 302
1520439989.212325335 276
1520439989.262351274 352
1520439989.312353611 331
1520439989.362355471 308
1520439989.412356377 279
1520439989.462357521 347
1520439989.512359381 324
1520439989.562360525 304
1520439989.612362385 261
1520439989.662357569 227
1520439989.712362528 203
1520439989.762361526 292
1520439989.812385559 264
1520439989.862364769 236
1520439989.912365675 365
1520439989.962367535 321
1520439990.012368679 290
1520439990.062376976 269
1520439990.112377882 245
1520439990.162379980 277
1520439990.212380886 253
1520439990.262382746 215
1520439990.312385082 195
1520439990.362385988 306
1520439990.412387848 277
1520439990.462388992 254
1520439990.512414694 320
1520439990.562415600 264
1520439990.612417698 238
1520439990.662419796 304
1520439990.712420940 280
1520439990.762422800 236
1520439990.812423706 331
1520439990.862425804 302
1520439990.912428617 265
1520439990.962430716 237
1520439991.012431622 215
1520439991.062433481 259
1520439991.112434626 242
1520439991.162436724 206
1520439991.212437868 188
1520439991.262439728 172
1520439991.312445402 160
1520439991.362447262 245
1520439991.412448406 213
1520439991.462450504 182
1520439991.512451410 294
1520439991.562454462 243
1520439991.612455368 308
1520439991.662456274 275
1520439991.712509871 254
1520439991.762451887 263
1520439991.812452793 241
1520439991.862455130 226
1520439991.912456989 210
1520439991.962457895 268
1520439992.012459993 251
1520439992.062460899 231
1520439992.112467289 194
1520439992.162468195 183
1520439992.212470055 254
1520439992.262472153 240
1520439992.312473059 222
1520439992.362474918 323
1520439992.412476063 269
1520439992.462478161 245
1520439992.512469053 228
1520439992.562470913 209
1520439992.612472057 204
1520439992.662473917 225
1520439992.712476015 216
1520439992.762477160 201
1520439992.812479019 266
1520439992.862480879 235
1520439992.912482023 221
1520439992.962468624 243
1520439993.012470722 225
1520439993.062471628 205
1520439993.112472534 193
1520439993.162474871 181
1520439993.212476730 260
1520439993.262477636 246
1520439993.312479734 216
1520439993.362477064 340
1520439993.412478924 310
1520439993.462480068 270
1520439993.512482166 231
1520439993.562483311 205
1520439993.612573862 245
1520439993.662486076 215
1520439993.712488174 201
1520439993.762485266 377
1520439993.812487364 312
1520439993.862489462 279
1520439993.912490129 254
1520439993.962492466 286
1520439994.012493372 270
1520439994.062495232 249
1520439994.112496376 218
1520439994.162496567 279
1520439994.212497473 251
1520439994.262499571 235
1520439994.312501431 354
1520439994.362502575 269
1520439994.412504673 248
1520439994.462505579 230
1520439994.512507677 220
1520439994.562508345 207
1520439994.612510204 243
1520439994.662512302 230
1520439994.712513208 213
1520439994.762516260 204
1520439994.812517405 197
1520439994.862518311 263
1520439994.912520409 241
1520439994.962525368 231
1520439995.012525320 207
1520439995.062527418 199
1520439995.112529516 183
1520439995.162530422 163
1520439995.212532520 188
1520439995.262534380 174
1520439995.312535286 166
1520439995.362545729 298
1520439995.412547588 265
1520439995.462549448 249
1520439995.512550592 248
1520439995.562552691 224
1520439995.612553835 214
1520439995.662555695 280
1520439995.712556601 255
1520439995.762558699 225
1520439995.812543392 244
1520439995.862545729 234
1520439995.912547588 224
1520439995.962548494 335
1520439996.012550592 301
1520439996.062551498 260
1520439996.112553835 211
1520439996.162554741 198
1520439996.212567806 178
1520439996.262569904 395
1520439996.312570810 338
1520439996.362572908 278
1520439996.412574053 252
1520439996.462575912 219
1520439996.512577057 186
1520439996.562578917 204
1520439996.612582922 194
1520439996.662584066 190
1520439996.712585926 272
1520439996.762587070 255
1520439996.812589169 238
1520439996.862591028 218
1520439996.912592173 200
1520439996.962597132 176
1520439997.012590170 228
1520439997.062592030 215
1520439997.112593174 190
1520439997.162598848 181
1520439997.212596893 266
1520439997.262598038 243
1520439997.312598944 222
1520439997.362612963 199
1520439997.412604809 185
1520439997.462607145 232
1520439997.512609005 227
1520439997.562609911 211
1520439997.612612009 183
1520439997.662612915 165
1520439997.712615252 149
1520439997.762616158 267
1520439997.812618017 236
1520439997.862627506 212
1520439997.912628412 200
1520439997.962630510 252
1520439998.012631655 224
1520439998.062633514 202
1520439998.112634420 181
1520439998.162636518 273
1520439998.212638378 254
1520439998.262643814 231
1520439998.312645674 210
1520439998.362646580 201
1520439998.412648678 240
1520439998.462649584 232
1520439998.512651443 216
1520439998.562653780 192
1520439998.612654686 282
1520439998.662657499 265
1520439998.712658405 239
1520439998.762660265 205
1520439998.812661409 188
1520439998.862662315 240
1520439998.912664413 224
1520439998.962666512 206
1520439999.012667418 195
1520439999.062665462 312
1520439999.112667561 291
1520439999.162672758 259
1520439999.212670565 215
1520439999.262708426 177
1520439999.312673569 257
1520439999.362674475 232
1520439999.412676573 216
1520439999.462689161 363
1520439999.512690067 338
1520439999.562692165 307
1520439999.612693310 266
1520439999.662695169 225
1520439999.712696314 184
1520439999.762698174 164
1520439999.812699080 145
1520439999.862708807 164
1520439999.912710905 153
1520439999.962711811 146
1520440000.012713671 139
1520440000.062714815 133
1520440000.112716913 126
1520440000.162718058 307
1520440000.212719917 273
1520440000.262721777 236
1520440000.312740326 410
1520440000.362742424 370
1520440000.412744522 316
1520440000.462745428 253
1520440000.512747526 311
1520440000.562749386 285
1520440000.612750292 245
1520440000.662751436 314
1520440000.712754011 297
1520440000.762755871 267
1520440000.812757015 239
1520440000.862757921 192
1520440000.912760019 214
1520440000.962761879 200
1520440001.012764931 189
1520440001.062765121 176
1520440001.112781286 164
1520440001.162845135 150
1520440001.212784052 264
1520440001.262786388 230
1520440001.312787294 191
1520440001.362789392 172
1520440001.412790298 148
1520440001.462792158 363
1520440001.512796640 322
1520440001.562797546 258
1520440001.612799644 370
1520440001.662800550 330
1520440001.712802649 284
1520440001.762803793 236
1520440001.812805653 291
1520440001.862807512 247
1520440001.912814140 223
1520440001.962816000 179
1520440002.012816906 337
1520440002.062819004 316
1520440002.112821102 261
1520440002.162821770 224
1520440002.212823153 177
1520440002.262825966 149
1520440002.312841415 124
1520440002.362843275 113
1520440002.412844658 185
1520440002.462846518 165
1520440002.512847424 141
1520440002.562849522 123
1520440002.612850428 322
1520440002.662852287 270
1520440002.712851286 227
1520440002.762854099 303
1520440002.812855959 265
1520440002.862856865 216
1520440002.912859201 183
1520440002.962860107 158
1520440003.012861013 257
1520440003.062949181 218
1520440003.112864971 185
1520440003.162862301 156
1520440003.212864161 133
1520440003.262865067 320
1520440003.312867403 274
1520440003.362868309 235
1520440003.412870169 346
1520440003.462872267 307
1520440003.512873173 261
1520440003.562886000 325
1520440003.612887144 290
1520440003.662889004 368
1520440003.712889910 304
1520440003.762892008 246
1520440003.812893867 214
1520440003.862894773 255
1520440003.912897110 223
1520440003.962894440 209
1520440004.012896299 193
1520440004.062897444 163
1520440004.112899303 333
1520440004.162901163 293
1520440004.212903500 216
1520440004.262904406 174
1520440004.312906265 159
1520440004.362914324 233
1520440004.412916183 203
1520440004.462918043 332
1520440004.512919188 284
1520440004.562925339 242
1520440004.612922430 297
1520440004.662923336 268
1520440004.712925196 242
1520440004.762933254 300
1520440004.812935114 264
1520440004.862936974 230
1520440004.912938356 210
1520440004.962939024 268
1520440005.012941122 240
1520440005.062943220 218
1520440005.112944126 297
1520440005.162945986 260
1520440005.212951660 223
1520440005.262953520 197
1520440005.312954426 221
1520440005.362956524 195
1520440005.412957430 187
1520440005.462959290 285
1520440005.512961626 259
1520440005.562962532 230
1520440005.612967730 294
1520440005.662968636 266
1520440005.712970734 249
1520440005.762972593 323
1520440005.812973499 301
1520440005.862975836 270
1520440005.912976742 242
1520440005.962978601 224
1520440006.012983799 201
1520440006.062984705 216
1520440006.112986565 208
1520440006.162987709 200
1520440006.212989807 191
1520440006.262990952 287
1520440006.312992811 260
1520440006.362994671 235
1520440006.412995100 218
1520440006.462996960 203
1520440006.512998104 252
1520440006.562999964 238
1520440006.613002062 211
1520440006.663003206 264
1520440006.713004112 235
1520440006.763005972 224
1520440006.813003540 210
1520440006.863005638 183
1520440006.913006544 219
1520440006.963008404 211
1520440007.013010740 201
1520440007.063011646 191
1520440007.113013506 177
1520440007.163014650 264
1520440007.213003874 238
1520440007.263005018 222
1520440007.313006878 199
1520440007.363007784 187
1520440007.413009882 167
1520440007.463011742 157
1520440007.513012648 145
1520440007.563014984 186
1520440007.613016844 179
1520440007.663011312 175
1520440007.713012457 170
1520440007.763014317 162
1520440007.813015461 157
1520440007.863017559 259
1520440007.913019419 250
1520440007.963021517 236
1520440008.013022423 201
1520440008.063028574 193
1520440008.113030434 227
1520440008.163031578 217
1520440008.213033438 209
1520440008.263034582 193
1520440008.313035488 185
1520440008.363037348 252
1520440008.413038492 239
1520440008.463041067 227
1520440008.513043165 210
1520440008.563044071 194
1520440008.613045216 184
1520440008.663047075 166
1520440008.713065147 148
1520440008.763050318 194
1520440008.813052177 185
1520440008.863059282 171
1520440008.913061380 165
1520440008.963062286 155
1520440009.013064384 152
1520440009.063066483 142
1520440009.113067150 232
1520440009.163069487 218
1520440009.213070393 207
1520440009.263076782 191
1520440009.313077927 174
1520440009.363080025 158
1520440009.413080931 156
1520440009.463083029 148
1520440009.513084888 205
1520440009.563086033 194
1520440009.613087893 188
1520440009.663090229 173
1520440009.713092089 313
1520440009.763092995 301
1520440009.813095093 286
1520440009.863097191 335
1520440009.913099051 321
1520440009.963101149 294
1520440010.013102055 270
1520440010.063102961 245
1520440010.113106012 291
1520440010.163107872 275
1520440010.213108063 258
1520440010.263109922 228
1520440010.313112736 316
1520440010.363112926 295
1520440010.413114786 258
1520440010.463115931 236
1520440010.513132572 209
1520440010.563134432 296
1520440010.613168716 277
1520440010.663137436 246
1520440010.713138342 226
1520440010.763140678 216
1520440010.813141584 199
1520440010.863143444 290
1520440010.913160563 275
1520440010.963162661 252
1520440011.013164520 346
1520440011.063165426 325
1520440011.113167524 298
1520440011.163168430 278
1520440011.213170528 253
1520440011.263171673 306
1520440011.313167334 289
1520440011.363168478 262
1520440011.413170338 234
1520440011.463172436 308
1520440011.513173580 285
1520440011.563175440 271
1520440011.613176346 253
1520440011.663178444 308
1520440011.713201523 301
1520440011.763203621 275
1520440011.813204527 259
1520440011.863205433 254
1520440011.913207531 308
1520440011.963208437 296
1520440012.013210297 285
1520440012.063212633 266
1520440012.113207102 251
1520440012.163209200 212
1520440012.213210106 280
1520440012.263211966 269
1520440012.313213110 245
1520440012.363215208 233
1520440012.413216352 229
1520440012.463218212 210
1520440012.513275146 271
1520440012.563229084 251
1520440012.613229990 222
1520440012.663232327 200
1520440012.713234186 283
1520440012.763235092 257
1520440012.813237190 243
1520440012.863238096 235
1520440012.913239956 282
1520440012.963251829 262
1520440013.013253689 235
1520440013.063255548 217
1520440013.113256693 202
1520440013.163258553 188
1520440013.213260651 258
1520440013.263261795 246
1520440013.313263655 237
1520440013.363262892 370
1520440013.413263798 340
1520440013.463265896 316
1520440013.513267994 287
1520440013.563268900 258
1520440013.613270760 244
1520440013.663272858 223
1520440013.713273764 194
1520440013.763305902 221
1520440013.813308001 214
1520440013.863309145 206
1520440013.913311005 187
1520440013.963312149 367
1520440014.013314009 346
1520440014.063318014 319
1520440014.113317013 292
1520440014.163331270 250
1520440014.213332415 273
1520440014.263333321 251
1520440014.313335180 223
1520440014.363336563 207
1520440014.413409233 346
1520440014.463339329 328
1520440014.513341427 309
1520440014.563371658 268
1520440014.613373995 230
1520440014.663375854 204
1520440014.713376760 176
1520440014.763378859 167
1520440014.813379765 225
1520440014.863381863 218
1520440014.913383007 211
1520440014.963384867 381
1520440015.013402939 368
1520440015.063404083 339
1520440015.113405943 302
1520440015.163406849 268
1520440015.213408947 233
1520440015.263409853 183
1520440015.313411951 233
1520440015.363413095 227
1520440015.413421631 199
1520440015.463423491 180
1520440015.513425350 365
1520440015.563427210 338
1520440015.613427401 299
1520440015.663429260 248
1520440015.713431597 218
1520440015.763433456 238
1520440015.813495398 220
1520440015.863496542 364
1520440015.913498402 328
1520440015.963499308 302
1520440016.013501406 350
1520440016.063503265 320
1520440016.113504171 272
1520440016.163506508 244
1520440016.213509321 216
1520440016.263511181 276
1520440016.313604355 261
1520440016.363514423 238
1520440016.413515329 194
1520440016.463517189 250
1520440016.513518333 208
1520440016.563520193 173
1520440016.613608360 131
1520440016.663609505 117
1520440016.713611603 99
1520440016.763612747 76
1520440016.813614607 59
1520440016.863615513 85
1520440016.913617611 83
1520440016.963618517 71
1520440017.013752937 128
1520440017.063754797 104
1520440017.113755941 85
1520440017.163757801 127
1520440017.213758707 113
1520440017.263760805 91
1520440017.313761711 49
1520440017.363763809 19
1520440017.413765907 50
1520440017.464020729 39
1520440017.514022589 34
1520440017.564022541 27
1520440017.614024639 106
1520440017.664026737 96
1520440017.714027405 85
1520440017.764029741 77
1520440017.814035654 117
1520440017.864740133 37
1520440017.914741278 29
1520440017.964743137 25
1520440018.014744043 143
1520440018.064746141 112
1520440018.114747047 80
1520440018.164753199 51
1520440018.214751244 76
1520440018.265761614 23
1520440018.315763474 40
1520440018.365764380 32
1520440018.415766478 28
1520440018.465767384 27
1520440018.515769243 67
1520440018.565770388 61
1520440018.615772486 53
1520440018.666824341 42
1520440018.716825485 37
1520440018.766827583 28
1520440018.816828489 21
1520440018.866830587 18
1520440018.916831493 15
1520440018.966833353 14
1520440019.016835690 12
1520440019.067371845 117
1520440019.117373705 114
1520440019.167374849 102
1520440019.217376709 71
1520440019.267377615 56
1520440019.317379951 39
1520440019.367381811 64
1520440019.417383671 58
1520440019.467491627 53
1520440019.517493486 45
1520440019.567495584 35
1520440019.617496490 85
1520440019.667497635 76
1520440019.717499733 60
1520440019.767501593 50
1520440019.817501783 98
1520440019.867503643 83
1520440019.917505503 58
1520440019.967506647 48
1520440020.017508507 93
1520440020.067510605 87
1520440020.117511749 79
1520440020.167513609 148
1520440020.217514515 117
1520440020.267516613 95
1520440020.316426516 69
1520440020.366428375 59
1520440020.416429520 51
1520440020.466431379 113
1520440020.516432285 95
1520440020.566434622 83
1520440020.616435528 137
1520440020.666437387 117
1520440020.715679407 85
1520440020.765680552 118
1520440020.815682650 104
1520440020.865683556 96
1520440020.915685654 89
1520440020.965686560 79
1520440021.015688419 77
1520440021.065690517 183
1520440021.114933491 90
1520440021.164935350 75
1520440021.214937687 144
1520440021.264938593 123
1520440021.314940453 346
1520440021.364941597 365
1520440021.414943457 325
1520440021.464945316 351
1520440021.514402151 200
1520440021.564403296 240
1520440021.614405155 219
1520440021.664407015 195
1520440021.714408159 355
1520440021.764414310 322
1520440021.814410925 286
1520440021.864413261 266
1520440021.914217472 263
1520440021.964232445 236
1520440022.014220476 218
1520440022.064222574 308
1520440022.114223719 269
1520440022.164225578 245
1520440022.214226484 283
1520440022.264228582 261
1520440022.314230442 232
1520440022.364111662 261
1520440022.414113760 240
1520440022.464114666 227
1520440022.514116526 215
1520440022.564117670 209
1520440022.614119768 197
1520440022.664121628 192
1520440022.714122772 176
1520440022.764019251 160
1520440022.814020157 146
1520440022.864022255 143
1520440022.914023161 197
1520440022.964025021 192
1520440023.014026165 335
1520440023.064029217 302
1520440023.114031076 329
1520440023.163963318 304
1520440023.213965654 356
1520440023.263967514 333
1520440023.313968658 310
1520440023.363970518 308
1520440023.413972378 293
1520440023.463973522 285
1520440023.513974428 309
1520440023.563971996 289
1520440023.613974094 338
1520440023.663975239 320
1520440023.713977098 281
1520440023.763978004 269
1520440023.813979149 345
1520440023.864017248 358
1520440023.913982868 392
1520440023.964015245 360
1520440024.014017582 351
1520440024.064018488 400
1520440024.114020348 412
1520440024.164021492 429
1520440024.214023352 424
1520440024.264025450 441
1520440024.314026594 413
1520440024.364103079 407
1520440024.414104223 388
1520440024.464106321 355
1520440024.514107227 426
1520440024.564109325 410
1520440024.614110231 455
1520440024.664112091 428
1520440024.714114189 462
1520440024.764115095 396
1520440024.814150572 398
1520440024.864151478 484
1520440024.914153814 455
1520440024.964154720 467
1520440025.014156818 446
1520440025.064158678 474
1520440025.114160538 453
1520440025.164161682 490
1520440025.214170933 472
1520440025.264172077 492
1520440025.314173937 473
1520440025.364174843 454
1520440025.414176941 474
1520440025.464177847 457
1520440025.514180183 440
1520440025.564182043 418
1520440025.614159346 388
1520440025.664158106 365
1520440025.714159250 398
1520440025.764223337 390
1520440025.814162493 369
1520440025.864164352 353
1520440025.914165258 415
1520440025.964167356 406
1520440026.014178514 377
1520440026.064180851 357
1520440026.114181519 342
1520440026.164183617 400
1520440026.214184761 385
1520440026.264186621 369
1520440026.314188480 344
1520440026.364189625 326
1520440026.414203644 398
1520440026.464204788 388
1520440026.514206648 371
1520440026.564207792 349
1520440026.614209890 339
1520440026.664211750 314
1520440026.714212894 285
1520440026.764214754 336
1520440026.814207077 311
1520440026.864207983 301
1520440026.914208651 287
1520440026.964210987 276
1520440027.014212847 242
1520440027.064213753 341
1520440027.114215851 335
1520440027.164217949 290
1520440027.214218855 270
1520440027.264232159 244
1520440027.314233303 307
1520440027.364234209 290
1520440027.414236307 271
1520440027.464238405 253
1520440027.514239311 243
1520440027.564241409 329
1520440027.614242315 313
1520440027.664355993 289
1520440027.714262009 343
1520440027.764264107 327
1520440027.814266205 387
1520440027.864267111 345
1520440027.914269209 317
1520440027.964270115 294
1520440028.014271975 275
1520440028.064293385 257
1520440028.114295483 232
1520440028.164296389 243
1520440028.214298487 233
1520440028.264300585 207
1520440028.314301491 316
1520440028.364303350 264
1520440028.414304495 228
1520440028.464317083 218
1520440028.514318228 207
1520440028.564320326 198
1520440028.614322424 223
1520440028.664323330 217
1520440028.714325190 207
1520440028.764327526 252
1520440028.814328432 239
1520440028.864315987 207
1520440028.914318085 273
1520440028.964318991 255
1520440029.014321804 239
1520440029.064323187 217
1520440029.114323854 212
1520440029.164325953 260
1520440029.214328051 247
1520440029.264366865 226
1520440029.314368725 251
1520440029.364369631 241
1520440029.414370775 214
1520440029.464372635 200
1520440029.514374733 185
1520440029.564375877 181
1520440029.614377737 177
1520440029.664378643 222
1520440029.714398623 202
1520440029.764399767 258
1520440029.814401865 236
1520440029.864403725 285
1520440029.914404869 261
1520440029.964406729 238
1520440030.014407873 227
1520440030.064409971 217
1520440030.114437342 204
1520440030.164439440 194
1520440030.214441538 209
1520440030.264442444 201
1520440030.314444542 198
1520440030.364446402 191
1520440030.414447308 259
1520440030.464448452 238
1520440030.514437914 226
1520440030.564438820 206
1520440030.614440680 222
1520440030.664442778 210
1520440030.714444876 202
1520440030.764445782 197
1520440030.814447880 242
1520440030.864448786 225
1520440030.914472818 206
1520440030.964473486 198
1520440031.014475584 188
1520440031.064476728 181
1520440031.114479542 207
1520440031.164479733 189
1520440031.214481592 184
1520440031.264482498 175
1520440031.314552784 166
1520440031.364551783 210
1520440031.414592743 196
1520440031.464554787 180
1520440031.514555693 163
1520440031.564557791 158
1520440031.614558697 209
1520440031.664560556 195
1520440031.714665651 171
1520440031.764667988 161
1520440031.814668894 154
1520440031.864670753 208
1520440031.914672852 190
1520440031.964673758 169
1520440032.014675617 223
1520440032.064676762 203
1520440032.114678860 187
1520440032.164812803 219
1520440032.214814901 198
1520440032.264816999 177
1520440032.314817905 213
1520440032.364820004 179
1520440032.414820910 200
1520440032.464822769 172
1520440032.514824867 159
1520440032.564933777 142
1520440032.614935875 137
1520440032.664937735 123
1520440032.714938879 112
1520440032.764940739 104
1520440032.814941645 145
1520440032.864942789 121
1520440032.914944887 225
1520440032.965075970 185
1520440033.015076876 171
1520440033.065078735 161
1520440033.115079880 158
1520440033.165081739 144
1520440033.215083838 135
1520440033.265084982 128
1520440033.315166950 122
1520440033.365195990 113
1520440033.415197849 172
1520440033.465198755 151
1520440033.515201092 136
1520440033.565201998 126
1520440033.615203857 116
1520440033.665205956 113
1520440033.715206861 112
1520440033.765280008 104
1520440033.815282106 100
1520440033.865284204 100
1520440033.915285110 160
1520440033.965287209 158
1520440034.015288115 152
1520440034.065289974 137
1520440034.115291119 132
1520440034.165226698 235
1520440034.215228558 210
1520440034.265229940 206
1520440034.315231800 197
1520440034.365232706 174
1520440034.415234804 228
1520440034.465236664 216
1520440034.515237570 198
1520440034.565239906 187
1520440034.615019798 170
1520440034.665020943 163
1520440034.715022802 156
1520440034.765023708 204
1520440034.815024853 197
1520440034.865026712 182
1520440034.915027857 178
1520440034.965029955 241
1520440035.014861584 219
1520440035.064862490 208
1520440035.114864588 199
1520440035.164866447 181
1520440035.214867353 167
1520440035.264868498 160
1520440035.314870596 143
1520440035.364871502 179
1520440035.414779663 170
1520440035.464781523 157
1520440035.514782667 150
1520440035.564784527 142
1520440035.614785433 131
1520440035.664787769 237
1520440035.714788675 224
1520440035.764790535 219
1520440035.814774990 203
1520440035.864776850 246
1520440035.914778948 235
1520440035.964780092 225
1520440036.014781952 265
1520440036.064782858 252
1520440036.114784956 239
1520440036.164785862 267
1520440036.214774847 250
1520440036.264776707 232
1520440036.314777851 223
1520440036.364779711 241
1520440036.414781809 231
1520440036.464782953 212
1520440036.514784813 247
1520440036.564786673 227
1520440036.614782810 217
1520440036.664783716 203
1520440036.714785814 186
1520440036.764787674 177
1520440036.814788580 163
1520440036.864790678 140
1520440036.914791584 190
1520440036.964796782 181
1520440037.014794827 158
1520440037.064933300 148
1520440037.114893198 140
1520440037.164895296 135
1520440037.214896441 130
1520440037.264898300 123
1520440037.314899445 226
1520440037.364901304 213
1520440037.414902210 191
1520440037.464905500 165
1520440037.514907598 226
1520440037.564908504 217
1520440037.614910364 201
1520440037.664911509 181
1520440037.714913607 166
1520440037.764914513 154
1520440037.814916611 212
1520440037.864958048 195
1520440037.914958954 262
1520440037.964960814 239
1520440038.014961958 221
1520440038.064963818 214
1520440038.114964724 204
1520440038.164966822 195
1520440038.214968920 227
1520440038.265039444 213
1520440038.315041304 200
1520440038.365042448 189
1520440038.415044308 182
1520440038.465046167 175
1520440038.515047312 163
1520440038.565049410 150
1520440038.615050554 201
1520440038.665089846 185
1520440038.715090752 171
1520440038.765092850 162
1520440038.815094709 152
1520440038.865095615 143
1520440038.915096760 136
1520440038.965190649 199
1520440039.015100002 191
1520440039.065082073 182
1520440039.115083933 173
1520440039.165085077 163
1520440039.215087175 152
1520440039.265088320 139
1520440039.315090179 125
1520440039.365091085 117
1520440039.415093184 105
1520440039.465095282 174
1520440039.515100479 162
1520440039.565102339 159
1520440039.615103245 146
1520440039.665105343 142
1520440039.715106249 137
1520440039.765108109 132
1520440039.815109491 123
1520440039.865111351 117
1520440039.915077925 110
1520440039.965079069 101
1520440040.015080929 89
1520440040.065082788 173
1520440040.115083933 168
1520440040.165084839 149
1520440040.215087891 143
1520440040.265089035 131
1520440040.315061331 125
1520440040.365063429 118
1520440040.415064335 227
1520440040.465066195 202
1520440040.515068531 178
1520440040.565069199 162
1520440040.615071297 151
1520440040.665072441 224
1520440040.715079308 200
1520440040.765080690 185
1520440040.815096617 174
1520440040.865083694 156
1520440040.915085554 208
1520440040.965086460 190
1520440041.015088558 171
1520440041.065090656 157
1520440041.115111113 145
1520440041.165112972 135
1520440041.215114355 126
1520440041.265116215 108
1520440041.315117121 177
1520440041.365119219 161
1520440041.415121078 152
1520440041.465121984 140
1520440041.515111208 234
1520440041.565112114 206
1520440041.615113974 185
1520440041.665115118 165
1520440041.715116978 150
1520440041.765117884 131
1520440041.815120220 122
1520440041.865122080 173
1520440041.915122986 159
1520440041.965188503 133
1520440042.015190840 127
1520440042.065192699 119
1520440042.115193605 218
1520440042.165194750 201
1520440042.215196609 187
1520440042.265197754 172
1520440042.315199852 158
1520440042.365186930 147
1520440042.415188789 136
1520440042.465190887 203
1520440042.515191793 188
1520440042.565192699 174
1520440042.615194798 156
1520440042.665196896 270
1520440042.715268850 239
1520440042.765155315 217
1520440042.815156460 199
1520440042.865158319 177
1520440042.915159225 156
1520440042.965161562 133
1520440043.015162468 165
1520440043.065164328 152
1520440043.115166426 136
1520440043.165166140 126
1520440043.215167999 113
1520440043.265168905 108
1520440043.315171003 101
1520440043.365171909 203
1520440043.415173769 180
1520440043.465176105 152
1520440043.515177011 140
1520440043.565291882 218
1520440043.615292788 193
1520440043.665294647 165
1520440043.715295792 216
1520440043.765297651 187
1520440043.815299511 172
1520440043.865300655 161
1520440043.915303707 150
1520440043.965322733 141
1520440044.015323877 199
1520440044.065325737 188
1520440044.115327835 169
1520440044.165327787 164
1520440044.215329885 149
1520440044.265331984 137
1520440044.315332890 130
1520440044.365334749 125
1520440044.415270090 217
1520440044.465272427 197
1520440044.515274286 180
1520440044.565275192 163
1520440044.615276337 266
1520440044.665278196 241
1520440044.715280056 221
1520440044.765281200 267
1520440044.815194607 240
1520440044.865195751 216
1520440044.915197611 195
1520440044.965198517 177
1520440045.015200853 228
1520440045.065202713 208
1520440045.115203619 193
1520440045.165205717 290
1520440045.215101719 240
1520440045.265103579 217
1520440045.315104485 201
1520440045.365106583 189
1520440045.415107489 215
1520440045.465109825 194
1520440045.515111685 184
1520440045.565112591 283
1520440045.615018606 227
1520440045.665020704 215
1520440045.715021610 207
1520440045.765023470 199
1520440045.815024614 188
1520440045.865026474 178
1520440045.915028572 174
1520440045.965029716 158
1520440046.014943838 178
1520440046.064944983 169
1520440046.114945889 162
1520440046.164948702 283
1520440046.214949846 269
1520440046.264950752 258
1520440046.314953804 236
1520440046.364953756 217
1520440046.414923191 194
1520440046.464984417 183
1520440046.514926434 229
1520440046.564927340 218
1520440046.614929199 189
1520440046.664931297 173
1520440046.714932203 254
1520440046.764934063 244
1520440046.814935207 233
1520440046.864923954 223
1520440046.914924860 209
1520440046.964926958 199
1520440047.014927864 245
1520440047.064929724 229
1520440047.114932060 223
1520440047.164932966 259
1520440047.214934826 249
1520440047.264908075 237
1520440047.314909935 221
1520440047.364911795 210
1520440047.414912939 206
1520440047.464915037 190
1520440047.514915943 188
1520440047.564918041 183
1520440047.614919901 176
1520440047.664885759 168
1520440047.714887857 206
1520440047.764888763 199
1520440047.814890862 189
1520440047.864892960 178
1520440047.914893866 169
1520440047.964895010 157
1520440048.014896870 155
1520440048.064880371 150
1520440048.114881277 143
1520440048.164883375 143
1520440048.214884281 200
1520440048.264886379 187
1520440048.314889193 185
1520440048.364889383 182
1520440048.414890289 178
1520440048.464881182 174
1520440048.514882088 164
1520440048.564884186 155
1520440048.614885092 151
1520440048.664886951 145
1520440048.714889288 205
1520440048.764890194 194
1520440048.814892054 188
1520440048.864903212 181
1520440048.914905071 174
1520440048.964905977 164
1520440049.014908075 159
1520440049.064910173 154
1520440049.114911079 149
1520440049.164913177 209
1520440049.214914083 201
1520440049.264915943 192
1520440049.314930916 253
1520440049.364933014 247
1520440049.414935112 237
1520440049.464936972 227
1520440049.514938116 215
1520440049.564939022 206
1520440049.614940882 191
1520440049.664943218 173
1520440049.714955807 196
1520440049.764957666 191
1520440049.814958811 252
1520440049.864960670 245
1520440049.914961576 237
1520440049.964963913 221
1520440050.014964819 251
1520440050.064969778 240
1520440050.114999771 234
1520440050.165001631 222
1520440050.215066671 248
1520440050.265004873 235
1520440050.315006733 223
1520440050.365007639 258
1520440050.415009737 252
1520440050.465010643 244
1520440050.514966488 241
1520440050.564967394 232
1520440050.614969254 216
1520440050.664971590 242
1520440050.714972496 236
1520440050.764974356 225
1520440050.814975500 220
1520440050.864977360 263
1520440050.914964437 250
1520440050.964966774 240
1520440051.014967442 227
1520440051.064969540 211
1520440051.114971638 207
1520440051.164972544 195
1520440051.214974403 187
1520440051.264975548 210
1520440051.314983845 199
1520440051.364985943 191
1520440051.414987803 270
1520440051.464988947 263
1520440051.514989853 240
1520440051.564991713 218
1520440051.614992857 207
1520440051.664994717 218
1520440051.714997053 215
1520440051.764986038 196
1520440051.814988136 191
1520440051.864989042 177
1520440051.914991140 174
1520440051.964992046 230
1520440052.014993906 223
1520440052.064997196 206
1520440052.114996910 244
1520440052.165022612 240
1520440052.215024710 233
1520440052.265026569 269
1520440052.315027714 260
1520440052.365029573 244
1520440052.415030479 238
1520440052.465032816 226
1520440052.515033484 217
1520440052.565007925 200
1520440052.615009069 196
1520440052.665010929 192
1520440052.715012789 217
1520440052.765013933 211
1520440052.815016031 197
1520440052.865017891 196
1520440052.915019035 193
1520440052.964989662 190
1520440053.014991522 185
1520440053.064993620 180
1520440053.114994764 266
1520440053.164996624 253
1520440053.214998484 229
1520440053.264999628 211
1520440053.315001488 240
1520440053.364994526 229
1520440053.414996624 268
1520440053.464998722 247
1520440053.514999628 239
1520440053.565000772 234
1520440053.615004778 222
1520440053.665004730 237
1520440053.715005636 229
1520440053.765004873 221
1520440053.815005779 194
1520440053.865007877 235
1520440053.915008783 228
1520440053.965088844 220
1520440054.015011787 208
1520440054.065013647 203
1520440054.115015030 194
1520440054.165016890 186
1520440054.215045691 244
1520440054.265047550 238
1520440054.315049410 232
1520440054.365050554 286
1520440054.415052652 273
1520440054.465053797 265
1520440054.515055656 262
1520440054.565056562 246
1520440054.615009308 236
1520440054.665011406 213
1520440054.715012312 209
1520440054.765014172 207
1520440054.815015316 197
1520440054.865017414 191
1520440054.915018559 232
1520440054.965020418 220
1520440055.015027285 207
1520440055.065028429 204
1520440055.115030289 201
1520440055.165032148 195
1520440055.215033293 190
1520440055.265035152 281
1520440055.315037251 273
1520440055.365038395 261
1520440055.415025234 252
1520440055.465024233 287
1520440055.515025139 279
1520440055.565026999 274
1520440055.615029335 262
1520440055.665030241 259
1520440055.715032101 246
1520440055.765033245 244
1520440055.815061808 220
1520440055.865039825 211
1520440055.915041685 252
1520440055.965042830 244
1520440056.015044928 238
1520440056.065045834 233
1520440056.115047932 225
1520440056.165048838 213
1520440056.215050697 213
1520440056.265025854 211
1520440056.315026760 296
1520440056.365028858 280
1520440056.415029764 303
1520440056.465031624 297
1520440056.515032768 282
1520440056.565034866 273
1520440056.615035534 261
1520440056.665039062 230
1520440056.715041399 207
1520440056.765042067 203
1520440056.815044165 193
1520440056.865045309 227
1520440056.915047169 221
1520440056.965049267 218
1520440057.015051365 210
1520440057.065068483 204
1520440057.115069389 189
1520440057.165071249 184
1520440057.215073586 181
1520440057.265074492 254
1520440057.315076351 249
1520440057.365078449 239
1520440057.415078402 291
1520440057.465048075 274
1520440057.515055180 264
1520440057.565051079 244
1520440057.615052938 266
1520440057.665058136 255
1520440057.715056181 248
1520440057.765057087 237
1520440057.815059185 234
1520440057.865100861 226
1520440057.915101767 216
1520440057.965103626 208
1520440058.015104771 195
1520440058.065106630 249
1520440058.115107775 237
1520440058.165109873 230
1520440058.215110540 223
1520440058.265101194 211
1520440058.315103292 202
1520440058.365104437 195
1520440058.415106297 193
1520440058.465107203 188
1520440058.515109301 259
1520440058.565110207 255
1520440058.615112305 249
1520440058.665114403 240
1520440058.715122461 226
1520440058.765124559 215
1520440058.815126419 211
1520440058.865127325 198
1520440058.915128469 264
1520440058.965130568 258
1520440059.015132427 249
1520440059.065134525 238
1520440059.115158558 234
1520440059.165159464 222
1520440059.215161324 273
1520440059.265163422 259
1520440059.315164328 249
1520440059.365166664 247
1520440059.415169477 244
1520440059.465169430 300
1520440059.515173197 275
1520440059.565236330 263
1520440059.615176201 252
1520440059.665178061 235
1520440059.715179205 229
1520440059.765181303 218
1520440059.815181971 210
1520440059.865184307 205
1520440059.915200233 193
1520440059.965201139 188
1520440060.015202999 179
1520440060.065204144 173
1520440060.115206242 171
1520440060.165207148 211
1520440060.215209246 204
1520440060.265211105 200
1520440060.315204382 189
1520440060.365206242 290
1520440060.415207386 282
1520440060.465209246 268
1520440060.515210152 251
1520440060.565212488 273
1520440060.615213394 265
1520440060.665216208 244
1520440060.715200186 240
1520440060.765202522 225
1520440060.815203428 220
1520440060.865205288 209
1520440060.915206432 202
1520440060.965207338 197
1520440061.015209198 195
1520440061.065211296 183
1520440061.115212202 164
1520440061.165219069 156
1520440061.215221167 151
1520440061.265222073 149
1520440061.315224171 148
1520440061.365225315 185
1520440061.415246010 180
1520440061.465228319 176
1520440061.515230179 172
1520440061.565217733 300
1520440061.615219593 282
1520440061.665220976 263
1520440061.715222836 249
1520440061.765223742 241
1520440061.815225840 234
1520440061.865227699 213
1520440061.915228605 205
1520440061.965241432 195
1520440062.015242577 190
1520440062.065244436 184
1520440062.115245342 168
1520440062.165247440 209
1520440062.215249300 204
1520440062.265250206 189
1520440062.315252542 182
1520440062.365267277 178
1520440062.415269136 172
1520440062.465270281 167
1520440062.515272141 165
1520440062.565274000 163
1520440062.615276337 271
1520440062.665277243 256
1520440062.715279102 245
1520440062.765273571 235
1520440062.815275431 230
1520440062.865276337 226
1520440062.915277481 211
1520440062.965279579 202
1520440063.015281439 201
1520440063.065285683 195
1520440063.115284443 190
1520440063.165280104 239
1520440063.215282202 227
1520440063.265284061 219
1520440063.315284967 315
1520440063.365286112 295
1520440063.415287971 287
1520440063.465290308 309
1520440063.515291214 298
1520440063.565293074 328
1520440063.615323067 304
1520440063.665325165 288
1520440063.715326309 273
1520440063.765328169 319
1520440063.815329075 311
1520440063.865331173 296
1520440063.915333033 285
1520440063.965333939 267
1520440064.015327454 250
1520440064.065329313 238
1520440064.115330458 234
1520440064.165331364 267
1520440064.215333700 260
1520440064.265335560 240
1520440064.315336466 232
1520440064.365338564 323
1520440064.415335417 313
1520440064.465337515 306
1520440064.515338421 292
1520440064.565340519 272
1520440064.615341663 313
1520440064.665342569 291
1520440064.715345383 275
1520440064.765345573 251
1520440064.815341234 229
1520440064.865343571 213
1520440064.915344477 200
1520440064.965346336 192
1520440065.015347481 227
1520440065.065349340 220
1520440065.115350246 214
1520440065.165431261 207
1520440065.215367317 294
1520440065.265369415 276
1520440065.315370560 255
1520440065.365372419 248
1520440065.415373325 239
1520440065.465375423 228
1520440065.515377522 218
1520440065.565378189 241
1520440065.615404367 231
1520440065.665405512 330
1520440065.715407372 311
1520440065.765408278 291
1520440065.815410376 306
1520440065.865412235 291
1520440065.915413141 278
1520440065.965415478 272
1520440066.015416384 262
1520440066.065379381 249
1520440066.115380287 240
1520440066.165382147 292
1520440066.215384245 272
1520440066.265385151 262
1520440066.315387249 239
1520440066.365388393 296
1520440066.415390253 286
1520440066.465385675 268
1520440066.515387535 252
1520440066.565387726 238
1520440066.615389585 224
1520440066.665391684 259
1520440066.715392828 241
1520440066.765394688 227
1520440066.815395832 218
1520440066.865420580 211
1520440066.915421486 206
1520440066.965423584 203
1520440067.015473366 193
1520440067.065426350 249
1520440067.115428686 235
1520440067.165429592 230
1520440067.215431452 220
1520440067.265474319 210
1520440067.315476179 202
1520440067.365477085 287
1520440067.415479183 279
1520440067.465481281 264
1520440067.515482187 247
1520440067.565484285 238
1520440067.615485191 229
1520440067.665504932 274
1520440067.715505838 260
1520440067.765507936 311
1520440067.815509081 284
1520440067.865510941 272
1520440067.915512800 292
1520440067.965513945 284
1520440068.015515804 266
1520440068.065571308 293
1520440068.115573168 278
1520440068.165575266 270
1520440068.215577364 248
1520440068.265578270 227
1520440068.315579176 219
1520440068.365581274 210
1520440068.415583134 195
1520440068.465584040 232
1520440068.515645266 227
1520440068.565646172 221
1520440068.615647078 214
1520440068.665649176 211
1520440068.715651035 292
1520440068.765651941 265
1520440068.815654039 294
1520440068.865675926 286
1520440068.915652275 304
1520440068.965653181 285
1520440069.015655518 266
1520440069.065657377 263
1520440069.115658283 254
1520440069.165660381 242
1520440069.215661287 270
1520440069.265663147 265
1520440069.315677166 261
1520440069.365679026 252
1520440069.415679932 346
1520440069.465682268 313
1520440069.515684128 289
1520440069.565685034 269
1520440069.615687132 257
1520440069.665688038 250
1520440069.715631962 241
1520440069.765632868 220
1520440069.815634966 250
1520440069.865636826 233
1520440069.915637732 319
1520440069.965639830 302
1520440070.015641928 336
1520440070.065642834 326
1520440070.115628481 315
1520440070.165629387 334
1520440070.215631247 319
1520440070.265632629 332
1520440070.315634489 312
1520440070.365636349 337
1520440070.415637493 315
1520440070.465638399 299
1520440070.515656233 336
1520440070.565657139 321
1520440070.615659237 315
1520440070.665661097 307
1520440070.715663195 280
1520440070.765664339 310
1520440070.815665245 289
1520440070.865667105 317
1520440070.915668249 303
1520440070.965682745 289
1520440071.015683651 298
1520440071.065685749 290
1520440071.115687609 284
1520440071.165688515 262
1520440071.215690851 253
1520440071.265691757 245
1520440071.315693617 236
1520440071.365724325 227
1520440071.415726423 219
1520440071.465728521 267
1520440071.515729427 258
1520440071.565731287 250
1520440071.615732431 239
1520440071.665734291 222
1520440071.715735197 217
1520440071.765696526 202
1520440071.815698624 195
1520440071.865699530 265
1520440071.915701389 257
1520440071.965703726 249
1520440072.015704632 248
1520440072.065706491 237
1520440072.115707636 230
1520440072.165701628 223
1520440072.215702772 219
1520440072.265704632 205
1520440072.315705538 199
1520440072.365709543 197
1520440072.415708780 266
1520440072.465710640 261
1520440072.515711784 356
1520440072.565703630 333
1520440072.615704775 308
1520440072.665706635 296
1520440072.715708733 274
1520440072.765709877 263
1520440072.815711737 253
1520440072.865712643 240
1520440072.915714741 214
1520440072.965715647 203
1520440073.015717745 188
1520440073.065719843 172
1520440073.115720749 162
1520440073.165722609 153
1520440073.215723753 145
1520440073.265725613 141
1520440073.315726757 133
1520440073.365728855 167
1520440073.415740728 165
1520440073.465741634 161
1520440073.515743732 159
1520440073.565744638 155
1520440073.615746737 146
1520440073.665748835 144
1520440073.715749741 141
1520440073.765751839 139
1520440073.815726280 137
1520440073.865727425 136
1520440073.915729523 321
1520440073.965730190 309
1520440074.015732527 287
1520440074.065733433 350
1520440074.115735292 344
1520440074.165736437 319
1520440074.215733051 298
1520440074.265733957 282
1520440074.315736055 266
1520440074.365737915 256
1520440074.415742874 243
1520440074.465839863 191
1520440074.515742064 182
1520440074.565743208 174
1520440074.615720749 162
1520440074.665722609 183
1520440074.715723753 183
1520440074.765725613 175
1520440074.815726519 173
1520440074.865728855 169
1520440074.915729761 165
1520440074.965731621 158
1520440075.015734434 327
1520440075.065736771 304
1520440075.115738630 295
1520440075.165739536 280
1520440075.215741634 270
1520440075.265742540 238
1520440075.315744400 222
1520440075.365745783 210
1520440075.415747643 198
1520440075.465729952 178
1520440075.515732050 171
1520440075.565733194 163
1520440075.615735054 157
1520440075.665735960 149
1520440075.715738058 145
1520440075.765739918 135
1520440075.815739870 133
1520440075.865719080 131
1520440075.915720940 159
1520440075.965722084 156
1520440076.015723944 151
1520440076.065726042 148
1520440076.115727186 344
1520440076.165728092 333
1520440076.215729952 307
1520440076.265712500 293
1520440076.315803289 273
1520440076.365715265 247
1520440076.415716410 264
1520440076.465718269 256
1520440076.515719175 243
1520440076.565721273 216
1520440076.615722179 197
1520440076.665692329 181
1520440076.715694427 166
1520440076.765695572 159
1520440076.815697432 154
1520440076.865698338 150
1520440076.915700436 141
1520440076.965701342 206
1520440077.015703440 195
1520440077.065706968 173
1520440077.115708113 261
1520440077.165709972 247
1520440077.215712070 225
1520440077.265713215 211
1520440077.315714121 194
1520440077.365715981 185
1520440077.415718079 175
1520440077.465723991 247
1520440077.515725851 238
1520440077.565726757 220
1520440077.615728855 211
1520440077.665730715 187
1520440077.715731621 281
1520440077.765733957 268
1520440077.815734863 252
1520440077.865754604 228
1520440077.915688515 199
1520440077.965690374 251
1520440078.015691519 237
1520440078.065693378 226
1520440078.115694523 312
1520440078.165780544 293
1520440078.215697527 310
1520440078.265699625 290
1520440078.315752506 264
1520440078.365753412 266
1520440078.415755510 248
1520440078.465756416 229
1520440078.515758276 208
1520440078.565760612 270
1520440078.615761518 258
1520440078.665763378 245
1520440078.715852499 223
1520440078.765854359 295
1520440078.815855503 283
1520440078.865857601 252
1520440078.915858507 221
1520440078.965860605 203
1520440079.015861511 251
1520440079.065863371 225
1520440079.115784883 289
1520440079.165786028 266
1520440079.215788126 247
1520440079.265789986 224
1520440079.315791130 210
1520440079.365792990 202
1520440079.415794134 194
1520440079.465795994 185
1520440079.515810966 180
1520440079.565813065 172
1520440079.615814924 166
1520440079.665816069 159
1520440079.715817928 182
1520440079.765818834 173
1520440079.815819979 166
1520440079.865821838 297
1520440079.915825605 284
1520440079.965826511 268
1520440080.015911579 242
1520440080.065829515 228
1520440080.115831614 220
1520440080.165832758 247
1520440080.215834618 241
1520440080.265836477 235
1520440080.315837622 233
1520440080.365809917 329
1520440080.415811062 322
1520440080.465812922 283
1520440080.515814066 316
1520440080.565816164 305
1520440080.615818024 293
1520440080.665819168 282
1520440080.715821028 272
1520440080.765832186 326
1520440080.815834284 314
1520440080.865835190 284
1520440080.915837288 269
1520440080.965838432 263
1520440081.015840292 259
1520440081.065842152 254
1520440081.115844250 245
1520440081.165841341 284
1520440081.215842247 274
1520440081.265843391 254
1520440081.315845490 332
1520440081.365846157 323
1520440081.415848494 312
1520440081.465849400 371
1520440081.515851259 337
1520440081.565828800 307
1520440081.615830898 295
1520440081.665832758 276
1520440081.715833902 328
1520440081.765835762 311
1520440081.815836668 293
1520440081.865923882 284
1520440081.915839672 272
1520440081.965817928 263
1520440082.015819073 245
1520440082.065820932 241
1520440082.115821838 232
1520440082.165823936 274
1520440082.215824842 259
1520440082.265826702 350
1520440082.315829039 333
1520440082.365798712 319
1520440082.415800571 310
1520440082.465801716 296
1520440082.515803576 276
1520440082.565804482 249
1520440082.615806818 237
1520440082.665808678 283
1520440082.715809584 275
1520440082.765811682 269
1520440082.815793753 260
1520440082.865795612 343
1520440082.915797710 326
1520440082.965799570 308
1520440083.015800476 287
1520440083.065801620 274
1520440083.115803719 265
1520440083.165805578 255
1520440083.215776920 247
1520440083.265779257 239
1520440083.315780163 231
1520440083.365785122 219
1520440083.415783167 212
1520440083.465785027 243
1520440083.515786171 232
1520440083.565788269 226
1520440083.615772009 217
1520440083.665772915 341
1520440083.715865850 326
1520440083.765775919 318
1520440083.815777779 301
1520440083.865778923 287
1520440083.915780783 277
1520440083.965781689 301
1520440084.015810490 292
1520440084.065811634 285
1520440084.115813732 281
1520440084.165814638 265
1520440084.215816736 242
1520440084.265818596 315
1520440084.315819502 294
1520440084.365821600 290
1520440084.415797234 275
1520440084.465799332 261
1520440084.515800238 254
1520440084.565802336 244
1520440084.615803480 210
1520440084.665805340 194
1520440084.715807199 182
1520440084.765808344 149
1520440084.815819263 143
1520440084.865821123 137
1520440084.915822268 131
1520440084.965824366 126
1520440085.015826225 123
1520440085.065827370 121
1520440085.115828276 172
1520440085.165830135 167
1520440085.215832233 157
1520440085.265826225 307
1520440085.315828323 283
1520440085.365829468 302
1520440085.415830374 284
1520440085.465832233 269
1520440085.515839338 242
1520440085.565937042 220
1520440085.615837097 204
1520440085.665876627 176
1520440085.715878725 216
1520440085.765879631 200
1520440085.815881729 190
1520440085.865883589 184
1520440085.915884495 174
1520440085.965886831 171
1520440086.015887499 159
1520440086.065934896 153
1520440086.115936041 146
1520440086.165937901 139
1520440086.215938807 135
1520440086.265940905 126
1520440086.315943003 122
1520440086.365943909 120
1520440086.415946007 237
1520440086.465925217 209
1520440086.515927315 168
1520440086.565928221 151
1520440086.615930080 138
1520440086.665932178 208
1520440086.715934277 183
1520440086.765935421 166
1520440086.815937281 151
1520440086.865972757 141
1520440086.915974855 134
1520440086.965976715 121
1520440087.015976906 118
1520440087.065979958 110
1520440087.115980864 221
1520440087.165982008 187
1520440087.215987682 147
1520440087.265992641 127
1520440087.315993547 119
1520440087.365994692 240
1520440087.415996790 203
1520440087.465998650 170
1520440087.515999794 263
1520440087.566001654 223
1520440087.616002798 187
1520440087.666004658 165
1520440087.715968370 194
1520440087.765970469 172
1520440087.815971375 153
1520440087.865973234 199
1520440087.915975332 182
1520440087.965976238 169
1520440088.015978336 164
1520440088.065979481 162
1520440088.116010666 156
1520440088.166011810 155
1520440088.216013908 205
1520440088.266015768 173
1520440088.316016912 165
1520440088.366018772 251
1520440088.416019917 225
1520440088.466021776 207
1520440088.516021729 264
1520440088.566022873 231
1520440088.616024733 225
1520440088.666027069 217
1520440088.716027975 211
1520440088.766028881 264
1520440088.816030979 237
1520440088.866035938 224
1520440088.915976524 300
1520440088.965978622 255
1520440089.015980482 246
1520440089.065981388 241
1520440089.115982533 229
1520440089.165984631 227
1520440089.215986490 290
1520440089.265987635 268
1520440089.315925598 264
1520440089.365927458 298
1520440089.415928602 289
1520440089.465930462 355
1520440089.515932322 328
1520440089.565933466 310
1520440089.615935564 347
1520440089.665936470 341
1520440089.715938568 326
1520440089.765854120 314
1520440089.815856457 304
1520440089.865858316 299
1520440089.915859222 295
1520440089.965861320 289
1520440090.015862226 329
1520440090.065864086 320
1520440090.115865231 302
1520440090.165803432 288
1520440090.215805531 285
1520440090.265806675 283
1520440090.315808535 279
1520440090.365810394 273
1520440090.415811539 268
1520440090.465813398 331
1520440090.515814543 319
1520440090.565781355 316
1520440090.615783215 311
1520440090.665784121 307
1520440090.715785265 302
1520440090.765787125 288
1520440090.815788269 279
1520440090.865791321 274
1520440090.915791035 270
1520440090.965791702 260
1520440091.015791893 309
1520440091.065816879 289
1520440091.115795612 338
1520440091.165796757 324
1520440091.215798855 314
1520440091.265799761 308
1520440091.315801859 300
1520440091.365817785 328
1520440091.415819883 327
1520440091.465821743 324
1520440091.515822887 318
1520440091.565824747 405
1520440091.615825891 390
1520440091.665827751 381
1520440091.715828657 371
1520440091.765803099 369
1520440091.815804005 363
1520440091.865806103 345
1520440091.915807962 330
1520440091.965809107 316
1520440092.015810966 310
1520440092.065811872 299
1520440092.115814209 275
1520440092.165819883 300
1520440092.215811014 297
1520440092.265812874 286
1520440092.315814257 283
1520440092.365817070 275
1520440092.415817976 263
1520440092.465819120 252
1520440092.515820026 248
1520440092.565823078 245
1520440092.615842581 243
1520440092.665843725 308
1520440092.715845585 304
1520440092.765847445 303
1520440092.815848589 299
1520440092.865850687 293
1520440092.915903807 280
1520440092.965852737 279
1520440093.015841961 276
1520440093.065844059 269
1520440093.115845203 340
1520440093.165847063 332
1520440093.215848207 320
1520440093.265850067 315
1520440093.315850973 301
1520440093.365853071 287
1520440093.415851831 281
1520440093.465853691 273
1520440093.515855789 270
1520440093.565856695 300
1520440093.615858793 287
1520440093.665859938 281
1520440093.715861797 279
1520440093.765862703 269
1520440093.815858603 260
1520440093.865860701 249
1520440093.915861845 244
1520440093.965863705 236
1520440094.015865564 233
1520440094.065866709 229
1520440094.115868568 279
1520440094.165870667 268
1520440094.215875626 261
1520440094.265876532 329
1520440094.315878630 319
1520440094.365879536 313
1520440094.415881395 305
1520440094.465883732 298
1520440094.515884638 328
1520440094.565886497 316
1520440094.615891457 343
1520440094.665881395 335
1520440094.715882540 330
1520440094.765970469 326
1520440094.815885305 317
1520440094.865887403 299
1520440094.915888309 264
1520440094.965890408 247
1520440095.015891552 238
1520440095.065899372 233
1520440095.115901232 228
1520440095.165902376 226
1520440095.215904236 210
1520440095.265905380 196
1520440095.315907240 186
1520440095.365908146 276
1520440095.415910482 273
1520440095.465922594 265
1520440095.515923500 259
1520440095.565925598 321
1520440095.615926504 312
1520440095.665928364 303
1520440095.715929508 334
1520440095.765931606 332
1520440095.815933466 326
1520440095.865931273 322
1520440095.915933371 312
1520440095.965934277 351
1520440096.015936375 338
1520440096.065938473 327
1520440096.115940332 314
1520440096.165940523 299
1520440096.215942383 336
1520440096.265958309 321
1520440096.315959215 311
1520440096.365961552 305
1520440096.415963411 292
1520440096.465964317 288
1520440096.515966415 272
1520440096.565967321 262
1520440096.615968466 249
1520440096.665983677 278
1520440096.715986013 274
1520440096.765986919 269
1520440096.815988779 262
1520440096.865989923 260
1520440096.915991783 333
1520440096.965993643 329
1520440097.015994787 325
1520440097.065996885 321
1520440097.116005421 313
1520440097.166007280 310
1520440097.216008186 298
1520440097.266010284 292
1520440097.316011190 276
1520440097.366013288 269
1520440097.416014433 264
1520440097.466016293 258
1520440097.515992880 252
1520440097.565994978 240
1520440097.615995884 237
1520440097.665997744 276
1520440097.715998888 274
1520440097.766000986 268
1520440097.816002846 258
1520440097.866003990 256
1520440097.916004896 254
1520440097.966006994 253
1520440098.016007900 248
1520440098.066009760 242
1520440098.116010904 237
1520440098.166013002 225
1520440098.216014862 215
1520440098.266016006 293
1520440098.316020250 288
1520440098.366020203 286
1520440098.416051149 282
1520440098.466022253 378
1520440098.516024113 366
1520440098.566025257 360
1520440098.616027117 341
1520440098.666028976 335
1520440098.716024160 321
1520440098.766026020 303
1520440098.816026926 320
1520440098.866029024 315
1520440098.916029930 310
1520440098.966031790 299
1520440099.016034126 273
1520440099.066035032 256
1520440099.116028070 252
1520440099.166028976 246
1520440099.216031075 237
1520440099.266032219 311
1520440099.316034079 301
1520440099.366034985 292
1520440099.416037083 278
1520440099.466038942 260
1520440099.516041040 251
1520440099.566068888 245
1520440099.616070986 241
1520440099.666071892 225
1520440099.716073990 201
1520440099.766074896 221
1520440099.816076756 219
1520440099.866077900 217
1520440099.916079760 351
1520440099.966084719 346
1520440100.016086578 333
1520440100.066088438 315
1520440100.116089582 302
1520440100.166090488 291
1520440100.216092348 283
1520440100.266173363 267
1520440100.316095591 247
1520440100.366090775 230
1520440100.416091919 211
1520440100.466093779 200
1520440100.516094685 194
1520440100.566096783 186
1520440100.616097689 176
1520440100.666099787 210
1520440100.716101885 200
1520440100.766118050 356
1520440100.816120386 333
1520440100.866121292 323
1520440100.916123152 309
1520440100.966124296 299
1520440101.016126156 281
1520440101.066128016 269
1520440101.116129398 262
1520440101.166109324 255
1520440101.216110706 240
1520440101.266112566 226
1520440101.316114426 201
1520440101.366115570 189
1520440101.416117430 180
1520440101.466118336 275
1520440101.516120672 270
1520440101.566145897 259
1520440101.616147757 249
1520440101.666149616 236
1520440101.716150761 223
1520440101.766152620 211
1520440101.816153526 200
1520440101.866155863 288
1520440101.916156769 268
1520440101.966158867 262
1520440102.016164541 258
1520440102.066165447 252
1520440102.116166353 243
1520440102.166168690 235
1520440102.216170549 222
1520440102.266171455 209
1520440102.316173553 254
1520440102.366174459 243
1520440102.416195631 228
1520440102.466196537 206
1520440102.516198635 203
1520440102.566200495 197
1520440102.616201401 193
1520440102.666203737 181
1520440102.716204643 176
1520440102.766206503 171
1520440102.816238642 164
1520440102.866240501 162
1520440102.916241646 228
1520440102.966243505 205
1520440103.016244411 200
1520440103.066246748 193
1520440103.116248608 192
1520440103.166249514 186
1520440103.216239691 181
1520440103.266241550 176
1520440103.316243410 264
1520440103.366244555 258
1520440103.416246414 243
1520440103.466247320 224
1520440103.516252756 213
1520440103.566250563 197
1520440103.616292715 180
1520440103.666293859 235
1520440103.716294765 193
1520440103.766296625 184
1520440103.816303730 177
1520440103.866299629 162
1520440103.916350603 239
1520440103.966302633 224
1520440104.016304731 197
1520440104.066340446 183
1520440104.116342545 174
1520440104.166343451 225
1520440104.216345310 207
1520440104.266347408 189
1520440104.316348314 239
1520440104.366350412 220
1520440104.416351557 235
1520440104.466400862 214
1520440104.516402006 204
1520440104.566403866 192
1520440104.616405010 176
1520440104.666406870 195
1520440104.716408730 188
1520440104.766409874 182
1520440104.816411972 264
1520440104.866463184 232
1520440104.916465044 216
1520440104.966467142 201
1520440105.016468287 227
1520440105.066470146 216
1520440105.116471291 207
1520440105.166474342 186
1520440105.216474056 254
1520440105.266488075 234
1520440105.316489935 215
1520440105.366491079 258
1520440105.416492939 242
1520440105.466493845 224
1520440105.516496181 207
1520440105.566497087 245
1520440105.616498947 229
1520440105.666562796 204
1520440105.716565847 248
1520440105.766565800 226
1520440105.816567898 301
1520440105.866569757 281
1520440105.916570902 260
1520440105.966572762 263
1520440106.016573906 245
1520440106.066579342 225
1520440106.116580248 271
1520440106.166582584 246
1520440106.216583490 226
1520440106.266585350 299
1520440106.316587448 275
1520440106.366588354 237
1520440106.416590452 271
1520440106.466591597 246
1520440106.516597748 227
1520440106.566598654 209
1520440106.616600752 188
1520440106.666602850 216
1520440106.716603756 197
1520440106.766605854 188
1520440106.816607714 305
1520440106.866609573 278
1520440106.916694880 246
1520440106.966695786 215
1520440107.016697645 200
1520440107.066698790 180
1520440107.116701603 171
1520440107.166702509 158
1520440107.216703653 151
1520440107.266704559 135
1520440107.316750050 125
1520440107.366751909 156
1520440107.416753054 148
1520440107.466755152 135
1520440107.516756058 129
1520440107.566795111 120
1520440107.616759062 115
1520440107.666760921 110
1520440107.716792107 100
1520440107.766793966 98
1520440107.816796064 95
1520440107.866796970 234
1520440107.916799068 202
1520440107.966800213 270
1520440108.016802073 243
1520440108.066802979 224
1520440108.116812944 202
1520440108.166814089 181
1520440108.216816187 171
1520440108.266818047 161
1520440108.316819191 147
1520440108.366821051 124
1520440108.416821957 149
1520440108.466824293 133
1520440108.516872883 241
1520440108.566874981 218
1520440108.616877079 182
1520440108.666877985 168
1520440108.716880798 147
1520440108.766881943 133
1520440108.816884041 116
1520440108.866883993 105
1520440108.916886091 93
1520440108.967007160 115
1520440109.017008305 106
1520440109.067011356 97
1520440109.117011547 91
1520440109.167013407 87
1520440109.217014313 82
1520440109.267016411 78
1520440109.317018270 77
1520440109.367079496 72
1520440109.417181492 66
1520440109.467079401 172
1520440109.517081499 165
1520440109.567082405 153
1520440109.617084503 133
1520440109.667085648 120
1520440109.717087507 110
1520440109.767139673 98
1520440109.817141533 89
1520440109.867143631 84
1520440109.917144537 74
1520440109.967146397 70
1520440110.017147541 68
1520440110.067149639 114
1520440110.117150784 105
1520440110.167176247 100
1520440110.217177153 98
1520440110.267179251 92
1520440110.317181110 91
1520440110.367182016 83
1520440110.417184353 79
1520440110.467186213 76
1520440110.517187357 187
1520440110.567203999 171
1520440110.617205143 151
1520440110.667207241 138
1520440110.717209339 124
1520440110.767210245 116
1520440110.817212105 100
1520440110.867213249 166
1520440110.917215347 155
1520440110.967300653 145
1520440111.017300844 134
1520440111.067302704 212
1520440111.117304802 196
1520440111.167305708 179
1520440111.217349529 159
1520440111.267308712 147
1520440111.317310810 115
1520440111.367311716 105
1520440111.417448759 127
1520440111.467450619 118
1520440111.517451763 113
1520440111.567453623 110
1520440111.617454529 233
1520440111.667456865 208
1520440111.717457771 185
1520440111.767459631 167
1520440111.817521334 176
1520440111.867523432 170
1520440111.917525291 152
1520440111.967526436 208
1520440112.017528296 199
1520440112.067529202 171
1520440112.117531300 149
1520440112.167532206 129
1520440112.217570782 110
1520440112.267572641 99
1520440112.317574739 92
1520440112.367575884 111
1520440112.417576790 98
1520440112.467578650 93
1520440112.517579794 86
1520440112.567582607 81
1520440112.617763758 161
1520440112.667764902 144
1520440112.717767000 127
1520440112.767768860 181
1520440112.817770004 169
1520440112.867771864 159
1520440112.917772770 135
1520440112.967773914 117
1520440113.017815828 139
1520440113.067817688 135
1520440113.117818832 193
1520440113.167820692 186
1520440113.217821598 153
1520440113.267823935 132
1520440113.317824841 118
1520440113.367826700 104
1520440113.418071032 87
1520440113.468071938 145
1520440113.518074036 135
1520440113.568074942 117
1520440113.618077040 103
1520440113.668078184 127
1520440113.718080044 116
1520440113.768081188 108
1520440113.818083048 95
1520440113.868452549 79
1520440113.918453693 75
1520440113.968455791 70
1520440114.018456459 68
1520440114.068458796 58
1520440114.118460655 129
1520440114.168462515 123
1520440114.218463659 101
1520440114.268774509 128
1520440114.318776608 114
1520440114.368777514 108
1520440114.418779373 98
1520440114.468780518 96
1520440114.518781424 148
1520440114.568783283 142
1520440114.618784428 135
1520440114.668956041 122
1520440114.718956947 107
1520440114.768959284 93
1520440114.818961143 137
1520440114.869024277 133
1520440114.918963194 127
1520440114.968965054 111
1520440115.018966198 159
1520440115.069072723 152
1520440115.119074583 136
1520440115.169075489 117
1520440115.219077587 106
1520440115.269078493 129
1520440115.319080353 125
1520440115.369081497 113
1520440115.419083595 104
1520440115.468996763 139
1520440115.518997908 132
1520440115.569000006 125
1520440115.619000912 156
1520440115.669003010 154
1520440115.719003916 150
1520440115.769005775 144
1520440115.819006920 137
1520440115.868806362 116
1520440115.918808222 121
1520440115.968809128 116
1520440116.018811464 107
1520440116.068813324 93
1520440116.118814468 159
1520440116.168816328 153
1520440116.218818188 149
1520440116.268819571 141
1520440116.318733931 157
1520440116.368735790 150
1520440116.418737888 130
1520440116.468738794 110
1520440116.518739700 98
1520440116.568741798 87
1520440116.618743896 111
1520440116.668757677 104
1520440116.718746901 94
1520440116.768747807 83
1520440116.818749666 69
1520440116.868750811 59
1520440116.918752670 127
1520440116.968753815 114
1520440117.018755913 90
1520440117.068757772 78
1520440117.118708372 134
1520440117.168710470 114
1520440117.218711615 84
1520440117.268713474 141
1520440117.318714380 119
1520440117.368716478 67
1520440117.418717384 120
1520440117.468719244 97
1520440117.518576860 76
1520440117.568578005 114
1520440117.618579865 70
1520440117.668581009 65
1520440117.718583107 100
1520440117.768584967 78
1520440117.818586111 87
1520440117.868587971 72
1520440117.918438673 59
1520440117.968440771 39
1520440118.018441677 43
1520440118.068443537 35
1520440118.118444681 24
1520440118.168445587 17
1520440118.218447685 16
1520440118.268448830 14
1520440118.317845345 80
1520440118.367846251 115
1520440118.417848349 114
1520440118.467849255 104
1520440118.517953396 91
1520440118.567852259 73
1520440118.617854118 180
1520440118.667856216 174
1520440118.717857361 155
1520440118.767589331 89
1520440118.817590475 77
1520440118.867592335 70
1520440118.917593241 103
1520440118.967595577 98
1520440119.017596483 87
1520440119.067598343 73
1520440119.117600441 61
1520440119.167418718 92
1520440119.217420816 85
1520440119.267421722 74
1520440119.317423582 62
1520440119.367424726 108
1520440119.417426586 85
1520440119.467428923 42
1520440119.517429829 76
1520440119.567213297 38
1520440119.617215157 28
1520440119.667216063 44
1520440119.717218399 30
1520440119.767219305 49
1520440119.817221165 21
1520440119.867223263 37
1520440119.917224169 27
1520440119.967045307 23
1520440120.017047644 14
1520440120.067048550 38
1520440120.117050409 30
1520440120.167052507 22
1520440120.217053413 15
1520440120.267055273 14
1520440120.317116499 13
1520440120.366772175 40
1520440120.416773081 60
1520440120.466775179 59
1520440120.516776085 58
1520440120.566778183 54
1520440120.616779327 54
1520440120.666781187 50
1520440120.716783047 49
1520440120.766784191 45
1520440120.816616297 15
1520440120.866617441 13
1520440120.916619301 11
1520440120.966620207 61
1520440121.016622305 70
1520440121.066624165 64
1520440121.116625071 61
1520440121.166627407 58
1520440121.216578245 50
1520440121.266580105 44
1520440121.316581488 42
1520440121.366584301 40
1520440121.416584492 102
1520440121.466587305 99
1520440121.516588211 81
1520440121.566590309 48
1520440121.616555214 45
1520440121.666557074 83
1520440121.716558218 78
1520440121.766559124 50
1520440121.816561222 49
1520440121.866563320 49
1520440121.916564226 49
1520440121.966566086 48
1520440122.016541481 48
1520440122.066542625 128
1520440122.116563559 124
1520440122.166545391 121
1520440122.216546535 106
1520440122.266548395 95
1520440122.316550493 69
1520440122.366551638 100
1520440122.416549683 86
1520440122.466550589 189
1520440122.516552687 171
1520440122.566553593 118
1520440122.616555452 112
1520440122.666557789 137
1520440122.716558695 132
1520440122.766560555 125
1520440122.816553116 196
1520440122.866555452 132
1520440122.916556358 126
1520440122.966558218 111
1520440123.016559362 100
1520440123.066561222 116
1520440123.116563082 112
1520440123.166565418 105
1520440123.216566324 96
1520440123.266555786 138
1520440123.316556692 113
1520440123.366558790 107
1520440123.416560888 105
1520440123.466561794 100
1520440123.516563654 96
1520440123.566564798 130
1520440123.616565704 119
1520440123.666555882 95
1520440123.716557980 91
1520440123.766558886 89
1520440123.816561222 87
1520440123.866562128 85
1520440123.916563988 81
1520440123.966565132 79
1520440124.016566992 75
1520440124.066555500 74
1520440124.116557360 71
1520440124.166558266 67
1520440124.216560364 66
1520440124.266562223 63
1520440124.316563129 82
1520440124.366565466 78
1520440124.416566372 74
1520440124.466557980 70
1520440124.516558886 70
1520440124.566560745 68
1520440124.616562843 67
1520440124.666563749 64
1520440124.716565847 63
1520440124.766566992 108
1520440124.816568851 104
1520440124.866558552 97
1520440124.916560411 95
1520440124.966561556 86
1520440125.016563416 81
1520440125.066565275 76
1520440125.116566420 74
1520440125.166568518 72
1520440125.216570377 72
1520440125.266570330 98
1520440125.316572189 93
1520440125.366573095 92
1520440125.416574240 89
1520440125.466577053 88
1520440125.516577959 86
1520440125.566580296 83
1520440125.616581202 82
1520440125.666582346 76
1520440125.716588497 76
1520440125.766666412 71
1520440125.816591263 123
1520440125.866593599 119
1520440125.916594505 115
1520440125.966596365 106
1520440126.016597509 99
1520440126.066599369 91
1520440126.116590738 84
1520440126.166592836 81
1520440126.216594934 107
1520440126.266595840 104
1520440126.316597700 102
1520440126.366598845 98
1520440126.416600943 96
1520440126.466601610 88
1520440126.516601562 83
1520440126.566603661 81
1520440126.616604567 77
1520440126.666606665 72
1520440126.716607809 72
1520440126.766609669 124
1520440126.816611528 120
1520440126.866612673 113
1520440126.916604757 103
1520440126.966605663 170
1520440127.016607761 152
1520440127.066608667 147
1520440127.116610527 201
1520440127.166612625 184
1520440127.216613531 173
1520440127.266615629 165
1520440127.316609859 145
1520440127.366611719 159
1520440127.416612864 151
1520440127.466617823 145
1520440127.516615629 209
1520440127.566650629 175
1520440127.616618633 164
1520440127.666620731 179
1520440127.716609240 153
1520440127.766611099 148
1520440127.816612244 140
1520440127.866614342 200
1520440127.916616440 188
1520440127.966617346 172
1520440128.016619205 165
1520440128.066620350 153
1520440128.116622448 142
1520440128.166620970 135
1520440128.216622829 162
1520440128.266624689 157
1520440128.316625834 146
1520440128.366627932 137
1520440128.416629076 241
1520440128.466630936 223
1520440128.516631842 214
1520440128.566632986 202
1520440128.616635084 189
1520440128.666635990 175
1520440128.716637850 209
1520440128.766638994 197
1520440128.816641092 185
1520440128.866642952 175
1520440128.916644096 160
1520440128.966646194 205
1520440129.016647100 193
1520440129.066649437 182
1520440129.116650343 173
1520440129.166652203 212
1520440129.216654301 199
1520440129.266655207 194
1520440129.316656113 181
1520440129.366655350 177
1520440129.416656494 166
1520440129.466658354 212
1520440129.516660213 201
1520440129.566661358 187
1520440129.616663218 176
1520440129.666664124 161
1520440129.716666460 151
1520440129.766674995 144
1520440129.816676855 138
1520440129.866678715 128
1520440129.916679859 117
1520440129.966681957 110
1520440130.016682863 104
1520440130.066684961 97
1520440130.116686821 135
1520440130.166687727 127
1520440130.216688633 122
1520440130.266690493 115
1520440130.316692829 109
1520440130.366693735 103
1520440130.416695595 215
1520440130.466697693 206
1520440130.516699553 188
1520440130.566700459 177
1520440130.616701603 167
1520440130.666703701 154
1520440130.716704845 137
1520440130.766706705 126
1520440130.816708565 115
1520440130.866709709 106
1520440130.916711569 95
1520440130.966712475 88
1520440131.016718864 85
1520440131.066720009 108
1520440131.116721869 105
1520440131.166722775 97
1520440131.216795921 289
1520440131.266725779 265
1520440131.316728115 243
1520440131.366729021 232
1520440131.416730642 265
1520440131.466732502 249
1520440131.516733646 242
1520440131.566735506 218
1520440131.616736412 260
1520440131.666738749 245
1520440131.716739655 232
1520440131.766741514 214
1520440131.816743135 255
1520440131.866744041 230
1520440131.916746140 201
1520440131.966747046 355
1520440132.016749144 309
1520440132.066751242 272
1520440132.116752148 295
1520440132.166753292 273
1520440132.216748714 246
1520440132.266750813 375
1520440132.316751719 325
1520440132.366753817 267
1520440132.416755676 290
1520440132.466756582 273
1520440132.516758680 251
1520440132.566760778 386
1520440132.616764784 341
1520440132.666770697 312
1520440132.716767550 276
1520440132.766769648 243
1520440132.816770554 213
1520440132.866772413 187
1520440132.916773558 165
1520440132.966774464 154
1520440133.016793489 181
1520440133.066780329 168
1520440133.116781473 159
1520440133.166783571 146
1520440133.216784477 350
1520440133.266786575 313
1520440133.316787481 254
1520440133.366789341 370
1520440133.416790485 306
1520440133.466800213 378
1520440133.516802073 330
1520440133.566803217 294
1520440133.616805077 365
1520440133.666805983 310
1520440133.716808081 271
1520440133.766808987 344
1520440133.816811085 296
1520440133.866812229 270
1520440133.916813135 239
1520440133.966815233 322
1520440134.016816139 284
1520440134.066817999 252
1520440134.116819143 268
1520440134.166821003 256
1520440134.216823101 283
1520440134.266832113 257
1520440134.316833973 263
1520440134.366833925 290
1520440134.416836023 300
1520440134.466836929 286
1520440134.516839027 263
1520440134.566840172 239
1520440134.616842031 325
1520440134.666842937 241
1520440134.716843843 287
1520440134.766845942 253
1520440134.816848993 233
1520440134.866947889 261
1520440134.916849852 247
1520440134.966851950 230
1520440135.016853094 292
1520440135.066854954 253
1520440135.116859913 242
1520440135.166860819 269
1520440135.216862679 256
1520440135.266863823 235
1520440135.316865683 385
1520440135.366866589 334
1520440135.416868925 363
1520440135.466870785 337
1520440135.516872883 368
1520440135.566874981 323
1520440135.616875887 278
1520440135.666877985 234
1520440135.716878891 209
1520440135.766880989 187
1520440135.816881895 320
1520440135.866883755 305
1520440135.916886330 292
1520440135.966888189 415
1520440136.016889095 343
1520440136.066891193 309
1520440136.116892099 335
1520440136.166894197 300
1520440136.216895342 262
1520440136.266897202 406
1520440136.316898346 355
1520440136.366900206 338
1520440136.416902065 309
1520440136.466903210 271
1520440136.516904116 369
1520440136.566906214 275
1520440136.616908312 261
1520440136.666952133 305
1520440136.716911793 283
1520440136.766912699 265
1520440136.816915035 335
1520440136.866915941 285
1520440136.916917801 274
1520440136.966918945 297
1520440137.016920805 278
1520440137.066922903 268
1520440137.116930962 251
1520440137.166933298 269
1520440137.216934204 262
1520440137.266936064 249
1520440137.316937208 297
1520440137.366939068 284
1520440137.416940212 264
1520440137.466942310 283
1520440137.516933680 268
1520440137.566934586 245
1520440137.616936445 221
1520440137.666937590 239
1520440137.716939449 231
1520440137.766941547 215
1520440137.816942692 200
1520440137.866944551 188
1520440137.916946411 229
1520440137.966947079 214
1520440138.016948938 204
1520440138.066950083 193
1520440138.116950989 180
1520440138.166953325 229
1520440138.216955185 223
1520440138.266956091 206
1520440138.316958189 192
1520440138.366958380 183
1520440138.416959286 203
1520440138.466961384 196
1520440138.516962290 182
1520440138.566964149 175
1520440138.616965294 168
1520440138.666967392 208
1520440138.716968536 194
1520440138.766972065 186
1520440138.816972971 181
1520440138.866975307 173
1520440138.916976213 223
1520440138.966978073 213
1520440139.016980171 202
1520440139.066981077 225
1520440139.116982937 208
1520440139.166981459 246
1520440139.216983318 240
1520440139.266984224 218
1520440139.316986322 208
1520440139.366987228 230
1520440139.416989088 216
1520440139.466991425 211
1520440139.516992331 204
1520440139.566987753 198
1520440139.616989851 185
1520440139.666990757 177
1520440139.716992855 207
1520440139.766994953 193
1520440139.816995859 181
1520440139.866996765 172
1520440139.916998863 168
1520440139.967002153 236
1520440140.017004013 221
1520440140.067005157 207
1520440140.117008209 198
1520440140.167010069 255
1520440140.217010260 226
1520440140.267012119 210
1520440140.317087173 193
1520440140.367015123 317
1520440140.417009592 289
1520440140.467011690 267
1520440140.517012835 322
1520440140.567014694 287
1520440140.617015600 262
1520440140.667017698 235
1520440140.717019558 223
1520440140.767020464 281
1520440140.817026377 155
1520440140.867027521 150
1520440140.917029381 144
1520440140.967030525 139
1520440141.017032385 137
1520440141.067034483 131
1520440141.117035627 128
1520440141.167037487 120
1520440141.217041731 160
1520440141.267043591 156
1520440141.317044735 151
1520440141.367046595 148
1520440141.417048931 326
1520440141.467049837 302
1520440141.517051697 280
1520440141.567053795 254
1520440141.617054939 294
1520440141.667056799 275
1520440141.717057943 244
1520440141.767058849 228
1520440141.817060947 285
1520440141.867063046 269
1520440141.917064905 248
1520440141.967066050 222
1520440142.017066479 207
1520440142.067067385 192
1520440142.117086411 226
1520440142.167070389 217
1520440142.217072487 201
1520440142.267073631 327
1520440142.317075491 300
1520440142.367076397 264
1520440142.417078495 241
1520440142.467079878 279
1520440142.517082214 259
1520440142.567083120 353
1520440142.617084980 315
1520440142.667087078 286
1520440142.717087984 254
1520440142.767089844 231
1520440142.817090988 217
1520440142.867089033 231
1520440142.917090416 222
1520440142.967092276 214
1520440143.017093182 202
1520440143.067095280 186
1520440143.117097139 292
1520440143.167098045 263
1520440143.217100382 237
1520440143.267101765 197
1520440143.317103624 257
1520440143.367104769 245
1520440143.417106628 224
1520440143.467108727 200
1520440143.517110825 278
1520440143.567111731 205
1520440143.617113590 186
1520440143.667120218 176
1520440143.717121124 170
1520440143.767122984 163
1520440143.817125082 234
1520440143.867125988 221
1520440143.917127848 209
1520440143.967231989 195
1520440144.017131090 187
1520440144.067133188 172
1520440144.117135286 158
1520440144.167136192 217
1520440144.217138529 209
1520440144.267140388 183
1520440144.317141294 169
1520440144.367143393 288
1520440144.417144299 260
1520440144.467150688 231
1520440144.517151594 194
1520440144.567153692 162
1520440144.617155552 208
1520440144.667156458 193
1520440144.717158556 178
1520440144.767159462 253
1520440144.817161560 222
1520440144.867163658 192
1520440144.917160273 173
1520440144.967161179 161
1520440145.017163038 278
1520440145.067165136 224
1520440145.117166996 217
1520440145.167167902 210
1520440145.217170238 199
1520440145.267171144 179
1520440145.317176104 227
1520440145.367178202 213
1520440145.417179108 205
1520440145.467180967 334
1520440145.517183304 295
1520440145.567184210 266
1520440145.617186069 226
1520440145.667193174 208
1520440145.717190981 240
1520440145.767240047 225
1520440145.817193747 211
1520440145.867195845 201
1520440145.917196751 294
1520440145.967199087 279
1520440146.017199755 252
1520440146.067201853 231
1520440146.117202282 216
1520440146.167204380 297
1520440146.217205286 265
1520440146.267207146 245
1520440146.317209244 220
1520440146.367210150 282
1520440146.417212486 251
1520440146.467213392 233
1520440146.517211914 331
1520440146.567212820 297
1520440146.617214918 269
1520440146.667216778 310
1520440146.717217684 282
1520440146.767220020 359
1520440146.817221880 318
1520440146.867223024 289
1520440146.917230129 322
1520440146.967231274 299
1520440147.017233133 268
1520440147.067234278 249
1520440147.117237329 359
1520440147.167237043 317
1520440147.217239380 271
1520440147.267240286 306
1520440147.317242146 276
1520440147.367260218 313
1520440147.417258263 285
1520440147.467260122 248
1520440147.517261267 345
1520440147.567263126 303
1520440147.617264032 263
1520440147.667266369 247
1520440147.717267275 214
1520440147.767262697 238
1520440147.817263842 222
1520440147.867265701 365
1520440147.917267799 284
1520440147.967268944 263
1520440148.017270803 241
1520440148.067271709 224
1520440148.117273808 213
1520440148.167273760 250
1520440148.217275620 243
1520440148.267277479 230
1520440148.317278624 216
1520440148.367280722 270
1520440148.417281628 245
1520440148.467283726 226
1520440148.517284632 216
1520440148.567285776 261
1520440148.617286921 251
1520440148.667288780 239
1520440148.717290640 218
1520440148.767292023 202
1520440148.817293882 251
1520440148.867295742 234
1520440148.917296886 219
1520440148.967303991 204
1520440149.017306089 193
1520440149.067307949 237
1520440149.117310047 220
1520440149.167311192 210
1520440149.217313051 199
1520440149.267314196 279
1520440149.317315102 258
1520440149.367311478 245
1520440149.417377234 261
1520440149.467314243 247
1520440149.517316341 233
1520440149.567317247 282
1520440149.617319107 268
1520440149.667320251 250
1520440149.717322350 233
1520440149.767323017 214
1520440149.817326069 184
1520440149.867327929 201
1520440149.917328835 193
1520440149.967331171 179
1520440150.017332077 173
1520440150.067333937 165
1520440150.117335081 256
1520440150.167336941 238
1520440150.217349529 207
1520440150.267350435 191
1520440150.317352533 178
1520440150.367353678 163
1520440150.417355537 141
1520440150.467357397 153
1520440150.517358541 148
1520440150.567360401 147
1520440150.617374659 142
1520440150.667375803 285
1520440150.717377901 265
1520440150.767379761 239
1520440150.817380905 209
1520440150.867381811 187
1520440150.917383909 217
1520440150.967385769 198
1520440151.017375231 188
1520440151.067375183 174
1520440151.117377281 235
1520440151.167378187 218
1520440151.217380047 204
1520440151.267381191 181
1520440151.317383051 236
1520440151.367383957 226
1520440151.417383194 203
1520440151.467385054 307
1520440151.517385960 268
1520440151.567388058 246
1520440151.617388964 284
1520440151.667391062 263
1520440151.717392206 243
1520440151.767394066 327
1520440151.817383766 286
1520440151.867385626 253
1520440151.917387724 232
1520440151.967388630 219
1520440152.017390490 186
1520440152.067391634 168
1520440152.117393732 198
1520440152.167395592 193
1520440152.217396736 184
1520440152.267390490 173
1520440152.317392588 164
1520440152.367393494 157
1520440152.417395353 154
1520440152.467396498 260
1520440152.517398596 246
1520440152.567400455 219
1520440152.617401600 190
1520440152.667402029 179
1520440152.717403173 233
1520440152.767404079 217
1520440152.817405939 203
1520440152.867408037 189
1520440152.917408943 171
1520440152.967409849 242
1520440153.017412186 204
1520440153.067464113 191
1520440153.117411137 246
1520440153.167412996 228
1520440153.217414141 214
1520440153.267416000 200
1520440153.317417145 186
1520440153.367419243 175
1520440153.417420149 164
1520440153.467428207 154
1520440153.517430305 177
1520440153.567431211 167
1520440153.617433071 157
1520440153.667434216 149
1520440153.717436075 143
1520440153.767438173 228
1520440153.817439318 213
1520440153.867429018 202
1520440153.917430162 184
1520440153.967432261 204
1520440154.017433405 198
1520440154.067435265 185
1520440154.117437124 241
1520440154.167439222 227
1520440154.217440367 216
1520440154.267437458 192
1520440154.317438364 172
1520440154.367439508 166
1520440154.417441607 157
1520440154.467443466 152
1520440154.517444611 143
1520440154.567445517 136
1520440154.617447376 159
1520440154.667449713 153
1520440154.717458010 138
1520440154.767458916 132
1520440154.817459822 129
1520440154.867461920 125
1520440154.917463779 115
1520440154.967464924 192
1520440155.017465830 177
1520440155.067467690 155
1520440155.117470264 202
1520440155.167471409 186
1520440155.217473269 171
1520440155.267474174 162
1520440155.317476273 161
1520440155.367477179 153
1520440155.417479277 137
1520440155.467481375 193
1520440155.517494202 172
1520440155.567496300 159
1520440155.617497444 141
1520440155.667499304 211
1520440155.717500210 195
1520440155.767502308 174
1520440155.817503214 167
1520440155.867505074 158
1520440155.917500019 143
1520440155.967501163 134
1520440156.017503023 125
1520440156.067505121 161
1520440156.117506027 152
1520440156.167507887 140
1520440156.217510223 135
1520440156.267511129 316
1520440156.317507982 78
1520440156.367510080 72
1520440156.417511225 67
1520440156.467513084 64
1520440156.517514944 103
1520440156.567516088 91
1520440156.617518187 83
1520440156.667519093 272
1520440156.717567444 253
1520440156.767525434 227
1520440156.817527533 211
1520440156.867528439 199
1520440156.917530298 180
1520440156.967531443 260
1520440157.017533541 216
1520440157.067535400 199
1520440157.117536545 196
1520440157.167537689 182
1520440157.217538595 274
1520440157.267540693 252
1520440157.317541599 226
1520440157.367543459 209
1520440157.417545795 194
1520440157.467546701 286
1520440157.517548561 250
1520440157.567550659 211
1520440157.617552757 248
1520440157.667553902 232
1520440157.717555761 216
1520440157.767557621 371
1520440157.817558765 309
1520440157.867560625 273
1520440157.917562723 244
1520440157.967548609 194
1520440158.017550945 180
1520440158.067551851 172
1520440158.117553711 198
1520440158.167554855 193
1520440158.217559814 187
1520440158.267557621 173
1520440158.317559719 165
1520440158.367562294 281
1520440158.417564154 249
1520440158.467566013 229
1520440158.517570257 210
1520440158.567669153 190
1520440158.617570400 174
1520440158.667572260 151
1520440158.717573166 191
1520440158.767574072 182
1520440158.817574978 172
1520440158.867576838 168
1520440158.917577982 157
1520440158.967579842 154
1520440159.017580986 151
1520440159.067583084 138
1520440159.117584944 193
1520440159.167592049 178
1520440159.217593908 168
1520440159.267595053 163
1520440159.317596912 158
1520440159.367598057 235
1520440159.417599916 227
1520440159.467602015 220
1520440159.517603159 212
1520440159.567605019 199
1520440159.617606163 239
1520440159.667607307 225
1520440159.717609167 212
1520440159.767610312 388
1520440159.817612171 334
1520440159.867614269 284
1520440159.917616367 238
1520440159.967616320 213
1520440160.017618179 195
1520440160.067620277 201
1520440160.117621183 192
1520440160.167625189 183
1520440160.217624426 175
1520440160.267626286 169
1520440160.317627430 162
1520440160.367647171 146
1520440160.417625904 227
1520440160.467627764 205
1520440160.517628670 194
1520440160.567630768 187
1520440160.617631674 247
1520440160.667633772 223
1520440160.717635870 209
1520440160.767636776 238
1520440160.817634106 220
1520440160.867635250 206
1520440160.917637110 198
1520440160.967638016 177
1520440161.017640114 226
1520440161.067642212 205
1520440161.117643118 178
1520440161.167645216 162
1520440161.217640638 105
1520440161.267641783 189
1520440161.317642689 177
1520440161.367644787 165
1520440161.417646885 151
1520440161.467648745 134
1520440161.517649651 203
1520440161.567650795 170
1520440161.617656469 162
1520440161.667658567 156
1520440161.717659712 146
1520440161.767661572 200
1520440161.817662716 181
1520440161.867664576 166
1520440161.917667627 155
1520440161.967667818 147
1520440162.017669678 141
1520440162.067665100 237
1520440162.117667437 200
1520440162.167668343 187
1520440162.217744112 171
1520440162.267671347 195
1520440162.317673206 184
1520440162.367674112 170
1520440162.417676210 150
1520440162.467672825 142
1520440162.517674685 256
1520440162.567676783 212
1520440162.617677927 91
1520440162.667679787 90
1520440162.717680693 147
1520440162.767682791 144
1520440162.817683697 138
1520440162.867686033 129
1520440162.917686939 122
1520440162.967689276 107
1520440163.017690182 99
1520440163.067692041 97
1520440163.117694139 176
1520440163.167695045 161
1520440163.217696905 151
1520440163.267691374 145
1520440163.317692041 129
1520440163.367694378 225
1520440163.417696238 214
1520440163.467697144 208
1520440163.517698288 109
1520440163.567701340 102
1520440163.617701054 93
1520440163.667704344 88
1520440163.717706203 116
1520440163.767707109 112
1520440163.817709208 98
1520440163.867710114 95
1520440163.917712212 87
1520440163.967713356 86
1520440164.017715216 78
1520440164.067709208 73
1520440164.117711306 69
1520440164.167712212 63
1520440164.217714071 61
1520440164.267716408 60
1520440164.317717314 124
1520440164.367719173 119
1520440164.417720318 113
1520440164.467722178 109
1520440164.517716169 106
1520440164.567718506 102
1520440164.617719412 95
1520440164.667721272 85
1520440164.717723370 203
1520440164.767724276 195
1520440164.817726135 180
1520440164.867727280 161
1520440164.917731762 192
1520440164.967732906 175
1520440165.017735004 167
1520440165.067736864 152
1520440165.117738008 148
1520440165.167739868 139
1520440165.217741728 126
1520440165.267742872 123
1520440165.317738056 116
1520440165.367739916 105
1520440165.417741060 131
1520440165.467741966 123
1520440165.517744064 107
1520440165.567746162 106
1520440165.617746830 103
1520440165.667749166 100
1520440165.717752695 96
1520440165.767753839 96
1520440165.817755699 94
1520440165.867800474 89
1520440165.917758703 85
1520440165.967760563 122
1520440166.017761707 117
1520440166.067763805 112
1520440166.117766380 111
1520440166.167768240 106
1520440166.217769384 102
1520440166.267771482 100
1520440166.317773342 141
1520440166.367774487 138
1520440166.417776346 129
1520440166.467777252 128
1520440166.517774582 116
1520440166.567776442 108
1520440166.617777586 101
1520440166.667779684 97
1520440166.717780590 95
1520440166.767782688 93
1520440166.817783594 86
1520440166.867785692 82
1520440166.917787552 76
1520440166.967788458 114
1520440167.017789364 112
1520440167.067791700 107
1520440167.117792606 103
1520440167.167794466 95
1520440167.217795610 93
1520440167.267797470 86
1520440167.317798615 78
1520440167.367804050 76
1520440167.417804956 68
1520440167.467807055 65
1520440167.517808199 115
1520440167.567810059 111
1520440167.617810965 106
1520440167.667813063 99
1520440167.717903137 93
1520440167.767815590 90
1520440167.817816496 85
1520440167.867818832 227
1520440167.917820692 209
1520440167.967821598 185
1520440168.017823696 185
1520440168.067824602 175
1520440168.117826462 172
1520440168.167824745 277
1520440168.217826843 250
1520440168.267828703 181
1520440168.317829609 167
1520440168.367831707 225
1520440168.417833805 213
1520440168.467834711 166
1520440168.517835855 184
1520440168.567830801 179
1520440168.617831945 170
1520440168.667833805 141
1520440168.717835665 135
1520440168.767837763 155
1520440168.817838907 147
1520440168.867840767 138
1520440168.917841911 129
1520440168.967847586 123
1520440169.017849922 161
1520440169.067850828 153
1520440169.117851734 139
1520440169.167853832 130
1520440169.217855692 122
1520440169.267856598 108
1520440169.317859888 102
1520440169.367859602 96
1520440169.417861223 124
1520440169.467863321 121
1520440169.517865181 116
1520440169.567866087 109
1520440169.617868185 155
1520440169.667869091 149
1520440169.717871428 143
1520440169.767872334 136
1520440169.817871809 129
1520440169.867873907 120
1520440169.917874575 249
1520440169.967876911 224
1520440170.017877817 188
1520440170.067879677 180
1520440170.117880821 186
1520440170.167882681 182
1520440170.217886448 170
1520440170.267887592 157
1520440170.317889452 143
1520440170.367890358 126
1520440170.417892694 142
1520440170.467893600 137
1520440170.517895460 134
1520440170.567896605 125
1520440170.617898941 150
1520440170.667899847 141
1520440170.717900753 126
1520440170.767903090 121
1520440170.817904949 98
1520440170.867906809 91
1520440170.917907953 82
1520440170.967909813 78
1520440171.017905474 72
1520440171.067907333 67
1520440171.117909431 119
1520440171.167911530 115
1520440171.217912436 105
1520440171.267913580 92
1520440171.317915440 86
1520440171.367928267 77
1520440171.417918444 139
1520440171.467925549 119
1520440171.517926455 99
1520440171.567928553 87
1520440171.617929459 81
1520440171.667931318 82
1520440171.717932463 72
1520440171.767934561 70
1520440171.817936420 69
1520440171.867934704 64
1520440171.917936563 60
1520440171.967937469 92
1520440172.017939806 85
1520440172.067940712 62
1520440172.117942810 62
1520440172.167944670 60
1520440172.217945576 58
1520440172.267941952 55
1520440172.317942858 105
1520440172.367944717 87
1520440172.417945862 111
1520440172.467947721 93
1520440172.517949581 116
1520440172.567951918 98
1520440172.617952824 94
1520440172.667947292 104
1520440172.717949390 92
1520440172.767951250 128
1520440172.817952156 103
1520440172.867953300 120
1520440172.917955399 108
1520440172.967956543 101
1520440173.017962456 114
1520440173.067952633 106
1520440173.117955685 97
1520440173.167955637 108
1520440173.217982769 104
1520440173.267958879 100
1520440173.317959785 95
1520440173.367961645 127
1520440173.417962790 119
1520440173.467965841 137
1520440173.517967939 132
1520440173.567969084 125
1520440173.617970943 122
1520440173.667971849 119
1520440173.717973948 236
1520440173.767974854 220
1520440173.817976713 263
1520440173.867973566 222
1520440173.917974472 213
1520440173.967976332 201
1520440174.017977715 283
1520440174.067979574 269
1520440174.117980480 256
1520440174.167982578 232
1520440174.217984438 213
1520440174.267985344 195
1520440174.317983389 188
1520440174.367985487 171
1520440174.417986631 210
1520440174.467988491 201
1520440174.517989397 188
1520440174.567991495 242
1520440174.617992401 234
1520440174.667994261 252
1520440174.717992544 242
1520440174.767994404 231
1520440174.817995548 234
1520440174.867997408 224
1520440174.917998314 220
1520440174.968000412 157
1520440175.018002510 155
1520440175.068038464 152
1520440175.118010998 147
1520440175.168011665 145
1520440175.218013763 137
1520440175.268014908 132
1520440175.318016768 137
1520440175.368017673 135
1520440175.418019772 131
1520440175.468021870 127
1520440175.518020868 126
1520440175.568022728 125
1520440175.618023634 213
1520440175.668025970 207
1520440175.718026638 195
1520440175.768028736 188
1520440175.818030834 181
1520440175.868031740 220
1520440175.918035507 212
1520440175.968036652 145
1520440176.018038511 142
1520440176.068039417 198
1520440176.118041515 192
1520440176.168043613 150
1520440176.218044519 216
1520440176.268046618 195
1520440176.318046570 182
1520440176.368048429 163
1520440176.418050289 158
1520440176.468051434 153
1520440176.518057585 152
1520440176.568054438 144
1520440176.618056536 141
1520440176.668057442 131
1520440176.718059540 191
1520440176.768060446 184
1520440176.818062305 175
1520440176.868064165 173
1520440176.918112278 163
1520440176.968066216 154
1520440177.018068552 144
1520440177.068070412 138
1520440177.118071318 125
1520440177.168078661 106
1520440177.218079805 99
1520440177.268081665 94
1520440177.318082809 133
1520440177.368084669 126
1520440177.418085575 118
1520440177.468087912 113
1520440177.518089771 108
1520440177.568089247 101
1520440177.618091345 205
1520440177.668093443 190
1520440177.718094349 182
1520440177.768095255 172
1520440177.818097353 157
1520440177.868099213 150
1520440177.918100595 142
1520440177.968098164 124
1520440178.018100262 119
1520440178.068101168 85
1520440178.118103027 74
1520440178.168104172 71
1520440178.218106031 69
1520440178.268108130 128
1520440178.318109274 115
1520440178.368112803 106
1520440178.418113708 98
1520440178.468116045 92
1520440178.518116951 88
1520440178.568118095 75
1520440178.618119955 74
1520440178.668121815 70
1520440178.718122959 70
1520440178.768188000 69
1520440178.818125725 66
1520440178.868128061 65
1520440178.918128967 89
1520440178.968130827 87
1520440179.018131971 87
1520440179.068133831 86
1520440179.118135691 81
1520440179.168137074 79
1520440179.218141794 79
1520440179.268142700 75
1520440179.318144560 71
1520440179.368145704 63
1520440179.418147564 63
1520440179.468149662 62
1520440179.518150568 61
1520440179.568152666 61
1520440179.618151665 58
1520440179.668153763 57
1520440179.718154669 57
1520440179.768156767 57
1520440179.818157911 56
1520440179.868160725 55
1520440179.918161631 55
1520440179.968162775 86
1520440180.018164396 73
1520440180.068166494 71
1520440180.118167400 67
1520440180.168169498 66
1520440180.218170404 66
1520440180.268172264 66
1520440180.318173409 96
1520440180.368175268 93
1520440180.418175459 122
1520440180.468177319 118
1520440180.518179417 112
1520440180.568180561 108
1520440180.618262529 98
1520440180.668183327 187
1520440180.718185425 145
1520440180.768186331 138
1520440180.818188906 133
1520440180.868189812 123
1520440180.918191671 144
1520440180.968192816 137
1520440181.018194675 126
1520440181.068196535 117
1520440181.118197680 113
1520440181.168199778 101
1520440181.218200207 99
1520440181.268202782 94
1520440181.318203688 94
1520440181.368205547 93
1520440181.418206692 126
1520440181.468208551 124
1520440181.518210888 119
1520440181.568211794 113
1520440181.618213654 109
1520440181.668212891 102
1520440181.718214989 99
1520440181.768216133 97
1520440181.818218946 94
1520440181.868219852 90
1520440181.918221712 89
1520440181.968223095 116
1520440182.018224955 114
1520440182.068224430 107
1520440182.118225336 106
1520440182.168227673 103
1520440182.218229532 97
1520440182.268230438 95
1520440182.318232536 86
1520440182.368233442 83
1520440182.418236494 107
1520440182.468336344 103
1520440182.518237352 96
1520440182.568238258 93
1520440182.618240356 86
1520440182.668242455 85
1520440182.718243361 84
1520440182.768245220 84
1520440182.818246365 82
1520440182.868250132 79
1520440182.918251038 78
1520440182.968252897 112
1520440183.018254042 109
1520440183.068255901 105
1520440183.118257999 100
1520440183.168259144 99
1520440183.218261003 97
1520440183.268265724 91
1520440183.318267584 86
1520440183.368268728 144
1520440183.418270826 130
1520440183.468272686 128
1520440183.518273830 114
1520440183.568275690 104
1520440183.618276596 102
1520440183.668277979 96
1520440183.718278885 96
1520440183.768281937 96
1520440183.818283081 93
1520440183.868283987 92
1520440183.918285847 86
1520440183.968286991 84
1520440184.018288851 103
1520440184.068289757 98
1520440184.118297100 92
1520440184.168293238 90
1520440184.218295097 87
1520440184.268297195 86
1520440184.318298101 85
1520440184.368299961 79
1520440184.418301105 76
1520440184.468303204 74
1520440184.518303394 61
1520440184.568305492 103
1520440184.618306398 100
1520440184.668308496 95
1520440184.718310356 90
1520440184.768311262 90
1520440184.818313360 114
1520440184.868314266 111
1520440184.918318510 106
1520440184.968319416 130
1520440185.018321753 120
1520440185.068323612 118
1520440185.118324518 117
1520440185.168326616 109
1520440185.218327522 107
1520440185.268329382 105
1520440185.318331718 98
1520440185.368333578 121
1520440185.418335676 110
1520440185.468337774 108
1520440185.518338442 106
1520440185.568339825 99
1520440185.618341684 96
1520440185.668343544 93
1520440185.718343735 88
1520440185.768349648 87
1520440185.818346739 106
1520440185.868348598 105
1520440185.918349504 104
1520440185.968351841 101
1520440186.018353701 98
1520440186.068354607 93
1520440186.118354321 277
1520440186.168356419 256
1520440186.218357563 203
1520440186.268359423 180
1520440186.318361282 153
1520440186.368362427 132
1520440186.418364525 117
1520440186.468365431 157
1520440186.518367529 133
1520440186.568370104 118
1520440186.618372202 110
1520440186.668374300 107
1520440186.718375206 103
1520440186.768377066 103
1520440186.818378210 100
1520440186.868380070 97
1520440186.918380976 97
1520440186.968381166 91
1520440187.018382311 87
1520440187.068384171 123
1520440187.118386269 121
1520440187.168387413 120
1520440187.218389273 114
1520440187.268391132 227
1520440187.318392277 218
1520440187.368398428 190
1520440187.418400526 168
1520440187.468401432 213
1520440187.518402576 193
1520440187.568404436 157
1520440187.618406296 141
1520440187.668407440 131
1520440187.718408346 200
1520440187.768409014 182
1520440187.818410158 175
1520440187.868412256 164
1520440187.918414116 155
1520440187.968424082 136
1520440188.018417120 127
1520440188.068418264 157
1520440188.118420124 154
1520440188.168418646 138
1520440188.218420744 129
1520440188.268422604 125
1520440188.318423510 119
1520440188.368425846 115
1520440188.418426514 111
1520440188.468428850 126
1520440188.518429756 120
1520440188.568431616 130
1520440188.618432999 128
1520440188.668433905 123
1520440188.718436003 121
1520440188.768436909 117
1520440188.818439245 117
1520440188.868440151 112
1520440188.918442011 108
1520440188.968443155 121
1520440189.018440485 106
1520440189.068442345 98
1520440189.118444443 93
1520440189.168446541 108
1520440189.218447447 104
1520440189.268449545 100
1520440189.318450451 97
1520440189.368451595 93
1520440189.418462276 89
1520440189.468463421 88
1520440189.518465281 87
1520440189.568466187 117
1520440189.618469477 113
1520440189.668469191 104
1520440189.718471050 102
1520440189.768472433 101
1520440189.818497419 94
1520440189.868478775 92
1520440189.918479681 90
1520440189.968481541 87
1520440190.018482685 87
1520440190.068484545 86
1520440190.118485689 82
1520440190.168487787 81
1520440190.218487263 78
1520440190.268488407 73
1520440190.318490267 72
1520440190.368491411 68
1520440190.418493509 67
1520440190.468494415 67
1520440190.518496513 66
1520440190.568497419 63
1520440190.618498802 60
1520440190.668500900 57
1520440190.718501806 56
1520440190.768503904 56
1520440190.818505049 82
1520440190.868506908 82
1520440190.918508768 82
1520440190.968510866 78
1520440191.018514395 76
1520440191.068516254 71
1520440191.118519306 102
1520440191.168520451 99
1520440191.218521357 99
1520440191.268522263 98
1520440191.318524361 94
1520440191.368526220 89
1520440191.418527126 89
1520440191.468537569 84
1520440191.518538475 82
1520440191.568543434 82
1520440191.618542671 81
1520440191.668573380 106
1520440191.718544722 105
1520440191.768546581 99
1520440191.818548441 177
1520440191.868552923 145
1520440191.918554783 138
1520440191.968555689 134
1520440192.018558025 127
1520440192.068558931 117
1520440192.118560791 167
1520440192.168561935 154
1520440192.218563795 151
1520440192.268563509 130
1520440192.318564415 190
1520440192.368566513 176
1520440192.418568373 153
1520440192.468569279 149
1520440192.518570423 138
1520440192.568572521 120
1520440192.618573666 177
1520440192.668574810 160
1520440192.718576670 171
1520440192.768578768 156
1520440192.818579674 145
1520440192.868581533 134
1520440192.918582678 128
1520440192.968584776 124
1520440193.018586636 118
1520440193.068584204 110
1520440193.118586063 105
1520440193.168586969 104
1520440193.218588114 96
1520440193.268589973 93
1520440193.318592072 135
1520440193.368593216 128
1520440193.418594122 121
1520440193.468598366 117
1520440193.518634319 114
1520440193.568601370 104
1520440193.618603230 101
1520440193.668604136 98
1520440193.718606234 95
1520440193.768607140 93
1520440193.818609238 88
1520440193.868611336 82
1520440193.918614388 79
1520440193.968616247 74
1520440194.018617392 73
1520440194.068619251 73
1520440194.118620157 72
1520440194.168622255 72
1520440194.218624353 70
1520440194.268625259 95
1520440194.318624735 86
1520440194.368625641 83
1520440194.418627739 146
1520440194.468628645 145
1520440194.518630743 221
1520440194.568631887 211
1520440194.618633747 197
1520440194.668635607 202
1520440194.718640566 186
1520440194.768643856 177
1520440194.818644762 169
1520440194.868645668 158
1520440194.918647766 179
1520440194.968651772 173
1520440195.018650532 167
1520440195.068651676 159
1520440195.118647814 148
1520440195.168648720 143
1520440195.218650818 138
1520440195.268652916 145
1520440195.318654060 138
1520440195.368690014 130
1520440195.418656826 126
1520440195.468658924 220
1520440195.518659830 206
1520440195.568661928 197
1520440195.618662834 189
1520440195.668664932 177
1520440195.718666077 164
1520440195.768667936 158
1520440195.818668842 141
1520440195.868670940 130
1520440195.918672800 144
1520440195.968673468 139
1520440196.018675804 134
1520440196.068676710 134
1520440196.118678570 131
1520440196.168679714 162
1520440196.218681574 148
1520440196.268683434 143
1520440196.318684578 136
1520440196.368692160 127
1520440196.418693066 125
1520440196.468695402 116
1520440196.518697262 115
1520440196.568699121 107
1520440196.618700266 103
1520440196.668701172 100
1520440196.718703270 99
1520440196.768708944 95
1520440196.818709850 94
1520440196.868711948 91
1520440196.918712854 126
1520440196.968713999 121
1520440197.018718004 116
1520440197.068717718 114
1520440197.118718863 108
1520440197.168720245 105
1520440197.218743086 100
1520440197.268723249 95
1520440197.318724155 94
1520440197.368726015 93
1520440197.418727160 92
1520440197.468729019 89
1520440197.518731117 89
1520440197.568730831 54
1520440197.618732691 51
1520440197.668733835 91
1520440197.718735933 85
1520440197.768736839 84
1520440197.818738937 81
1520440197.868740797 129
1520440197.918741703 126
1520440197.968744278 119
1520440198.018745184 140
1520440198.068747044 134
1520440198.118748188 132
1520440198.168750048 126
1520440198.218751192 124
1520440198.268753052 121
1520440198.318755150 117
1520440198.368757010 114
1520440198.418759823 109
1520440198.468760729 106
1520440198.518761873 102
1520440198.568763971 96
1520440198.618764877 90
1520440198.668766975 88
1520440198.718767881 87
1520440198.768769741 80
1520440198.818773270 73
1520440198.868774176 65
1520440198.918776035 64
1520440198.968777180 84
1520440199.018779039 81
1520440199.068782091 130
1520440199.118782282 123
1520440199.168783188 118
1520440199.218782902 113
1520440199.268784046 108
1520440199.318786144 107
1520440199.368787050 105
1520440199.418789148 141
1520440199.468791008 137
1520440199.518791914 136
1520440199.568794012 134
1520440199.618796825 128
1520440199.668798685 127
1520440199.718799591 126
1520440199.768801689 117
1520440199.818803787 114
1520440199.868804693 110
1520440199.918806791 109
1520440199.968808651 102
1520440200.018816710 93
1520440200.068817854 83
1520440200.118819952 108
1520440200.168821812 97
1520440200.218823910 94
1520440200.268824816 93
1520440200.318825722 92
1520440200.368827820 91
1520440200.418832064 90
1520440200.468832970 121
1520440200.518835306 119
1520440200.568837166 117
1520440200.618837357 113
1520440200.668839216 110
1520440200.718841076 103
1520440200.768846035 101
1520440200.818839550 98
1520440200.868841410 91
1520440200.918846369 59
1520440200.968843460 56
1520440201.018845558 51
1520440201.068847656 86
1520440201.118848562 84
1520440201.168850422 79
1520440201.218851566 74
1520440201.268853188 71
1520440201.318854332 66
1520440201.368856430 60
1520440201.418857098 58
1520440201.468859434 56
1520440201.518861294 52
1520440201.568862200 86
1520440201.618864298 86
1520440201.668865442 82
1520440201.718867540 80
1520440201.768869638 76
1520440201.818870544 70
1520440201.868872404 68
1520440201.918873549 63
1520440201.968875408 58
1520440202.018877506 57
1520440202.068880558 43
1520440202.118882656 40
1520440202.168884516 69
1520440202.218885660 47
1520440202.268887520 46
1520440202.318889380 44
1520440202.368889570 43
1520440202.418891430 43
1520440202.468894482 42
1520440202.518896341 40
1520440202.568898201 39
1520440202.618899345 39
1520440202.668901443 39
1520440202.718902349 80
1520440202.768904448 74
1520440202.818978310 63
1520440202.868909836 57
1520440202.918910980 56
1520440202.968912840 53
1520440203.018913746 53
1520440203.068916082 87
1520440203.118917942 81
1520440203.168918848 65
1520440203.218920946 63
1520440203.268921852 61
1520440203.318916559 54
1520440203.368917704 53
1520440203.418919563 51
1520440203.468921661 51
1520440203.518922806 50
1520440203.568924665 48
1520440203.618926525 47
1520440203.668927670 46
1520440203.718931913 45
1520440203.768932819 44
1520440203.818935156 43
1520440203.868935823 40
1520440203.918938875 40
1520440203.968940020 98
1520440204.018940926 92
1520440204.068943024 88
1520440204.118945599 84
1520440204.168947697 77
1520440204.218949556 73
1520440204.268954515 69
1520440204.318952799 61
1520440204.368953705 55
1520440204.418955564 54
1520440204.468956709 54
1520440204.518958807 53
1520440204.568961859 52
1520440204.618961811 52
1520440204.668987989 50
1520440204.718965769 50
1520440204.768966913 50
1520440204.818968773 67
1520440204.868969917 66
1520440204.918971300 65
1520440204.968972445 63
1520440205.018974543 61
1520440205.068976402 61
1520440205.118977547 60
1520440205.168979406 101
1520440205.218980312 94
1520440205.268982410 90
1520440205.318986654 87
1520440205.368988752 84
1520440205.418989658 77
1520440205.468991756 77
1520440205.518993616 77
1520440205.568994522 73
1520440205.618996620 72
1520440205.668997526 115
1520440205.718999386 111
1520440205.769001722 105
1520440205.819002867 104
1520440205.869004726 100
1520440205.919006824 94
1520440205.969008923 94
1520440206.019009829 93
1520440206.069011688 89
1520440206.119012833 81
1520440206.169015884 92
1520440206.219017744 90
1520440206.269018888 84
1520440206.319020748 119
1520440206.369021893 114
1520440206.419023991 109
1520440206.469024658 108
1520440206.519026995 105
1520440206.569133282 125
1520440206.619033337 119
1520440206.669035196 115
1520440206.719036102 103
1520440206.769038439 102
1520440206.819039345 97
1520440206.869041204 94
1520440206.919042349 86
1520440206.969043732 82
1520440207.019044876 78
1520440207.069046736 72
1520440207.119048595 69
1520440207.169049740 94
1520440207.219051838 88
1520440207.269052744 86
1520440207.319054842 81
1520440207.369061232 128
1520440207.419061899 122
1520440207.469064236 32
1520440207.519065142 31
1520440207.569067001 30
1520440207.619068146 29
1520440207.669070005 29
1520440207.719072104 29
1520440207.769069195 29
1520440207.819070101 28
1520440207.869072199 23
1520440207.919073343 23
1520440207.969075203 23
1520440208.019076347 23
1520440208.069078207 23
1520440208.119079113 23
1520440208.169081450 23
1520440208.219083548 23
1520440208.269085407 23
1520440208.319086313 23
1520440208.369088411 22
1520440208.419133425 22
1520440208.469091415 21
1520440208.519092560 21
1520440208.569094419 21
1520440208.619096518 21
1520440208.669098377 21
1520440208.719100714 20
1520440208.769101620 20
1520440208.819103479 20
1520440208.869104624 20
1520440208.919106483 20
1520440208.969107389 20
1520440209.019109488 20
1520440209.069111586 20
1520440209.119112492 19
1520440209.169114351 27
1520440209.219115496 27
1520440209.269117355 27
1520440209.319118500 25
1520440209.369120598 24
1520440209.419118166 21
1520440209.469120026 32
1520440209.519121885 32
1520440209.569123983 32
1520440209.619124889 32
1520440209.669127226 31
1520440209.719128132 31
1520440209.769129992 30
1520440209.819133043 28
1520440209.869134903 28
1520440209.919136047 28
1520440209.969137907 92
1520440210.019139767 89
1520440210.069143057 87
1520440210.119143009 220
1520440210.169144154 197
1520440210.219141006 154
1520440210.269141912 143
1520440210.319144011 134
1520440210.369145155 127
1520440210.419147015 205
1520440210.469147921 189
1520440210.519150019 180
1520440210.569150925 164
1520440210.619153261 173
1520440210.669158697 167
1520440210.719159603 157
1520440210.769161701 378
1520440210.819162607 320
1520440210.869164467 294
1520440210.919165611 270
1520440210.969167709 237
1520440211.019168615 202
1520440211.069178104 156
1520440211.119180202 147
1520440211.169181108 133
1520440211.219183207 124
1520440211.269184351 120
1520440211.319186211 104
1520440211.369188070 100
1520440211.419189215 94
1520440211.469188690 86
1520440211.519189835 83
1520440211.569191694 98
1520440211.619193554 94
1520440211.669194698 89
1520440211.719196558 88
1520440211.769198895 84
1520440211.819199800 168
1520440211.869208097 164
1520440211.919209957 153
1520440211.969211102 144
1520440212.019212961 139
1520440212.069218159 131
1520440212.119216204 125
1520440212.169257164 113
1520440212.219219208 110
1520440212.269213915 99
1520440212.319214821 89
1520440212.369216681 77
1520440212.419217825 96
1520440212.469219923 94
1520440212.519221067 155
1520440212.569222927 145
1520440212.619223833 133
1520440212.669223309 154
1520440212.719225407 124
1520440212.769226313 73
1520440212.819228411 72
1520440212.869229317 70
1520440212.919231176 70
1520440212.969232321 69
1520440213.019234419 100
1520440213.069233418 91
1520440213.119242668 87
1520440213.169245005 216
1520440213.219245911 150
1520440213.269247770 139
1520440213.319249868 124
1520440213.369251728 119
1520440213.419252634 134
1520440213.469254971 119
1520440213.519260406 174
1520440213.569262266 144
1520440213.619263411 150
1520440213.669264317 145
1520440213.719266415 133
1520440213.769268513 127
1520440213.819269419 212
1520440213.869271278 156
1520440213.919280052 166
1520440213.969282150 155
1520440214.019287109 204
1520440214.069385052 168
1520440214.119286060 154
1520440214.169287920 149
1520440214.219289064 185
1520440214.269290924 163
1520440214.319284916 139
1520440214.369286060 211
1520440214.419288158 168
1520440214.469289303 162
1520440214.519291162 157
1520440214.569292068 175
1520440214.619294167 169
1520440214.669296026 162
1520440214.719295263 154
1520440214.769297361 150
1520440214.819299221 139
1520440214.869300127 127
1520440214.919301271 122
1520440214.969303370 141
1520440215.019304514 139
1520440215.069306374 172
1520440215.119306087 161
1520440215.169307947 153
1520440215.219309092 147
1520440215.269309998 143
1520440215.319311857 142
1520440215.369313955 140
1520440215.419314861 135
1520440215.469316959 161
1520440215.519307852 155
1520440215.569309711 149
1520440215.619311810 163
1520440215.669312716 154
1520440215.719314575 135
1520440215.769315958 189
1520440215.819317818 180
1520440215.869318724 167
1520440215.919345617 238
1520440215.969334126 193
1520440216.019335985 181
1520440216.069337130 173
1520440216.119338989 163
1520440216.169339895 159
1520440216.219341993 155
1520440216.269344091 152
1520440216.319344997 146
1520440216.369338989 141
1520440216.419340134 133
1520440216.469341993 123
1520440216.519343138 121
1520440216.569344997 120
1520440216.619345903 115
1520440216.669348001 115
1520440216.719350100 140
1520440216.769347668 137
1520440216.819349527 135
1520440216.869351387 132
1520440216.919352531 131
1520440216.969353437 128
1520440217.019356489 124
1520440217.069357634 208
1520440217.119359493 199
1520440217.169359207 254
1520440217.219361067 238
1520440217.269362211 288
1520440217.319364071 275
1520440217.369365215 256
1520440217.419367075 242
1520440217.469367981 229
1520440217.519370317 217
1520440217.569370031 200
1520440217.619372129 167
1520440217.669373989 146
1520440217.719375134 168
1520440217.769376040 159
1520440217.819461107 153
1520440217.869379997 148
1520440217.919380903 139
1520440217.969383001 133
1520440218.019389391 131
1520440218.069391727 128
1520440218.119392395 124
1520440218.169394493 119
1520440218.219395638 189
1520440218.269397497 183
1520440218.319399357 178
1520440218.369400501 170
1520440218.419400930 154
1520440218.469401836 145
1520440218.519403934 138
1520440218.569404840 129
1520440218.619406939 192
1520440218.669409037 180
1520440218.719409943 83
1520440218.769411802 146
1520440218.819403410 127
1520440218.869405746 113
1520440218.919407606 110
1520440218.969408512 101
1520440219.019410610 98
1520440219.069411516 94
1520440219.119413614 92
1520440219.169414759 90
1520440219.219415903 206
1520440219.269417763 196
1520440219.319418907 187
1520440219.369420767 181
1520440219.419421673 173
1520440219.469427824 171
1520440219.519424677 165
1520440219.569426775 159
1520440219.619434357 148
1520440219.669437170 141
1520440219.719436407 202
1520440219.769438267 186
1520440219.819439173 167
1520440219.869441271 200
1520440219.919443130 195
1520440219.969444036 190
1520440220.019448757 76
1520440220.069449663 72
1520440220.119452000 68
1520440220.169452906 68
1520440220.219454765 67
1520440220.269456863 64
1520440220.319457769 63
1520440220.369459629 61
1520440220.419460773 174
1520440220.469457865 170
1520440220.519458771 167
1520440220.569461107 163
1520440220.619462967 157
1520440220.669464111 149
1520440220.719465971 143
1520440220.769466877 137
1520440220.819468975 133
1520440220.869473219 177
1520440220.919474125 167
1520440220.969475985 162
1520440221.019478321 160
1520440221.069479227 156
1520440221.119481087 149
1520440221.169482231 148
1520440221.219484091 137
1520440221.269485474 135
1520440221.319483280 128
1520440221.369484663 121
1520440221.419486523 115
1520440221.469487429 108
1520440221.519489527 104
1520440221.569540262 102
1520440221.619492292 100
1520440221.669496775 155
1520440221.719498634 148
1520440221.769499540 141
1520440221.819501877 161
1520440221.869503736 144
1520440221.919504642 132
1520440221.969506741 123
1520440222.019507647 112
1520440222.069506645 108
1520440222.119507551 101
1520440222.169509649 97
1520440222.219510555 95
1520440222.269512415 95
1520440222.319514513 87
1520440222.369515419 145
1520440222.419517517 139
1520440222.469518185 125
1520440222.519520044 118
1520440222.569521904 112
1520440222.619523048 110
1520440222.669524908 102
1520440222.719526052 97
1520440222.769528151 94
1520440222.819530010 90
1520440222.869534731 86
1520440222.919536829 82
1520440222.969538927 115
1520440223.019539595 110
1520440223.069540977 104
1520440223.119542837 102
1520440223.169543982 98
1520440223.219545841 88
1520440223.269546747 104
1520440223.319548368 102
1520440223.369549274 96
1520440223.419551134 91
1520440223.469654322 87
1520440223.519554377 80
1520440223.569556236 77
1520440223.619557381 70
1520440223.669559240 66
1520440223.719562531 62
1520440223.769564629 92
1520440223.819566488 86
1520440223.869567394 84
1520440223.919569731 146
1520440223.969570637 138
1520440224.019572496 131
1520440224.069573641 127
1520440224.119574785 115
1520440224.169575930 106
1520440224.219577789 50
1520440224.269579887 41
1520440224.319581032 41
1520440224.369582891 105
1520440224.419584036 82
1520440224.469585896 79
1520440224.519591331 62
1520440224.569593430 61
1520440224.619594574 60
1520440224.669595480 53
1520440224.719597340 52
1520440224.769598484 50
1520440224.819600344 49
1520440224.869602203 46
1520440224.919606209 119
1520440224.969607115 104
1520440225.019608974 101
1520440225.069611311 91
1520440225.119612217 85
1520440225.169614077 73
1520440225.219616175 69
1520440225.269617081 67
1520440225.319623947 125
1520440225.369613886 120
1520440225.419615984 90
1520440225.469616890 88
1520440225.519618750 87
1520440225.569619894 84
1520440225.619621992 82
1520440225.669622898 77
1520440225.719624996 76
1520440225.769629240 72
1520440225.819631100 72
1520440225.869633198 71
1520440225.919634104 70
1520440225.969636202 102
1520440226.019637346 94
1520440226.069639206 93
1520440226.119640112 86
1520440226.169638634 81
1520440226.219639778 78
1520440226.269641638 137
1520440226.319643736 135
1520440226.369644880 128
1520440226.419646740 267
1520440226.469647884 232
1520440226.519649744 194
1520440226.569652319 207
1520440226.619654179 191
1520440226.669655323 183
1520440226.719657183 165
1520440226.769658089 146
1520440226.819660187 133
1520440226.869661093 145
1520440226.919663429 139
1520440226.969657421 117
1520440227.019659281 161
1520440227.069660425 156
1520440227.119662285 141
1520440227.169663191 135
1520440227.219716311 115
1520440227.269666195 178
1520440227.319668531 163
1520440227.369675159 125
1520440227.419677258 121
1520440227.469679117 116
1520440227.519680262 113
1520440227.569682121 107
1520440227.619683027 101
1520440227.669685364 160
1520440227.719686031 150
1520440227.769688129 139
1520440227.819686413 120
1520440227.869688272 115
1520440227.919690132 105
1520440227.969691277 134
1520440228.019693375 127
1520440228.069694281 116
1520440228.119696379 111
1520440228.169697285 108
1520440228.219699383 102
1520440228.269701481 97
1520440228.319702387 95
1520440228.369704485 88
1520440228.419706345 87
1520440228.469707251 83
1520440228.519709349 82
1520440228.569711447 79
1520440228.619714022 79
1520440228.669714928 74
1520440228.719716787 74
1520440228.769717932 69
1520440228.819720030 129
1520440228.869722128 122
1520440228.919723034 118
1520440228.969723940 109
1520440229.019726753 104
1520440229.069728851 194
1520440229.119816780 175
1520440229.169731855 160
1520440229.219732761 229
1520440229.269734859 220
1520440229.319735765 203
1520440229.369737625 190
1520440229.419736147 184
1520440229.469738007 172
1520440229.519740105 194
1520440229.569741011 180
1520440229.619742870 172
1520440229.669744015 162
1520440229.719746113 154
1520440229.769747257 149
1520440229.819743156 125
1520440229.869745255 120
1520440229.919746399 117
1520440229.969748259 114
1520440230.019749403 112
1520440230.069751263 109
1520440230.119752169 102
1520440230.169754267 100
1520440230.219758511 121
1520440230.269759417 117
1520440230.319761753 110
1520440230.369763613 103
1520440230.419764519 99
1520440230.469765663 97
1520440230.519767523 94
1520440230.569768667 143
1520440230.619771719 133
1520440230.669773817 126
1520440230.719774961 205
1520440230.769776821 193
1520440230.819777966 182
1520440230.869780064 173
1520440230.919780970 167
1520440230.969783783 160
1520440231.019784927 148
1520440231.069792271 122
1520440231.119794130 115
1520440231.169795275 113
1520440231.219797134 123
1520440231.269798040 118
1520440231.319800377 114
1520440231.369801283 112
1520440231.419803143 111
1520440231.469804049 108
1520440231.519804955 103
1520440231.569807053 98
1520440231.619807959 89
1520440231.669809818 88
1520440231.719810963 88
1520440231.769813061 88
1520440231.819814205 86
1520440231.869814873 82
1520440231.919816732 82
1520440231.969817638 82
1520440232.019819736 78
1520440232.069820642 73
1520440232.119822502 72
1520440232.169824839 62
1520440232.219825745 59
1520440232.269825697 57
1520440232.319828033 84
1520440232.369828939 81
1520440232.419830799 81
1520440232.469831944 77
1520440232.519833803 152
1520440232.569834948 145
1520440232.619837046 130
1520440232.669839621 123
1520440232.719841719 153
1520440232.769843817 148
1520440232.819844723 138
1520440232.869862556 134
1520440232.919847727 131
1520440232.969848871 122
1520440233.019850731 118
1520440233.069852591 114
1520440233.119849205 107
1520440233.169851065 129
1520440233.219851971 124
1520440233.269854307 123
1520440233.319855213 116
1520440233.369857073 149
1520440233.419858217 142
1520440233.469860077 136
1520440233.519861221 150
1520440233.569862366 145
1520440233.619864225 143
1520440233.669866323 142
1520440233.719867468 138
1520440233.769868374 131
1520440233.819870234 125
1520440233.869872332 118
1520440233.919876337 116
1520440233.969878197 108
1520440234.019880533 236
1520440234.069881439 196
1520440234.119882584 185
1520440234.169884443 162
1520440234.219886303 142
1520440234.269887447 167
1520440234.319885969 164
1520440234.369886875 152
1520440234.419889212 147
1520440234.469890118 127
1520440234.519891977 123
1520440234.569893122 115
1520440234.619894981 195
1520440234.669897318 175
1520440234.719897509 168
1520440234.769946575 153
1520440234.819900751 146
1520440234.869902611 128
1520440234.919903517 125
1520440234.969905615 122
1520440235.019907475 112
1520440235.069908381 109
1520440235.119910717 107
1520440235.169918776 97
1520440235.219920874 90
1520440235.269921780 163
1520440235.319923639 147
1520440235.369924784 137
1520440235.419926882 130
1520440235.469928980 123
1520440235.519929886 119
1520440235.569926262 104
1520440235.619926929 156
1520440235.669929028 147
1520440235.719930172 141
1520440235.769932032 133
1520440235.819933176 181
1520440235.869935036 169
1520440235.919937134 154
1520440235.969940662 143
1520440236.019942999 137
1520440236.069944859 131
1520440236.119945765 127
1520440236.169947863 121
1520440236.219948769 155
1520440236.269950628 149
1520440236.319951773 207
1520440236.369954824 187
1520440236.419956684 162
1520440236.469957590 159
1520440236.519958735 150
1520440236.569960594 138
1520440236.619962692 133
1520440236.670042515 130
1520440236.719965696 125
1520440236.769961834 117
1520440236.819963694 110
1520440236.869964838 107
1520440236.919966698 111
1520440236.969967604 109
1520440237.019969702 108
1520440237.069971800 102
1520440237.119972944 101
1520440237.169978142 139
1520440237.219979048 135
1520440237.269980907 135
1520440237.319982052 224
1520440237.369983912 199
1520440237.419985056 189
1520440237.469987154 180
1520440237.519989014 167
1520440237.569990873 158
1520440237.619991302 149
1520440237.669992208 143
1520440237.719994307 140
1520440237.769996405 133
1520440237.819998264 125
1520440237.869999409 120
1520440237.920000315 113
1520440237.970002174 145
1520440238.020001173 126
1520440238.070003271 120
1520440238.120003223 117
1520440238.170009375 114
1520440238.220006466 114
1520440238.270008326 111
1520440238.320013285 102
1520440238.370011330 99
1520440238.420007944 95
1520440238.470008850 158
1520440238.520010710 149
1520440238.570013046 144
1520440238.620013714 264
1520440238.670015812 232
1520440238.720016956 230
1520440238.770018816 218
1520440238.820022821 188
1520440238.870024681 172
1520440238.920025587 234
1520440238.970027685 220
1520440239.020028591 206
1520440239.070030928 252
1520440239.120032787 239
1520440239.170033693 228
1520440239.220042229 191
1520440239.270043135 177
1520440239.320044994 172
1520440239.370046139 170
1520440239.420048237 155
1520440239.470050097 142
1520440239.520051241 167
1520440239.570053101 158
1520440239.620053530 143
1520440239.670054436 140
1520440239.720056295 139
1520440239.770058393 166
1520440239.820059299 165
1520440239.870060444 162
1520440239.920062542 157
1520440239.970063448 154
1520440240.020066023 151
1520440240.070066929 286
1520440240.120069027 247
1520440240.170071125 229
1520440240.220074892 243
1520440240.270074129 232
1520440240.320075035 212
1520440240.370077133 251
1520440240.420091152 203
1520440240.470071554 169
1520440240.520072699 200
1520440240.570074558 196
1520440240.620075464 189
1520440240.670077801 176
1520440240.720079660 150
1520440240.770080566 139
1520440240.820082664 122
1520440240.870087624 230
1520440240.920089483 215
1520440240.970090389 63
1520440241.020092726 61
1520440241.070094585 124
1520440241.120095491 111
1520440241.170097589 54
1520440241.220098495 51
1520440241.270100117 50
1520440241.320101023 127
1520440241.370103359 124
1520440241.420104265 109
1520440241.470106125 150
1520440241.520108223 142
1520440241.570110321 138
1520440241.620110989 129
1520440241.670118093 124
1520440241.720119953 118
1520440241.770121098 110
1520440241.820122004 110
1520440241.870124102 106
1520440241.920125246 283
1520440241.970127106 258
1520440242.020131111 228
1520440242.070132017 196
1520440242.120133162 181
1520440242.170135021 167
1520440242.220135927 149
1520440242.270138025 140
1520440242.320182085 135
1520440242.370141029 119
1520440242.420143127 115
1520440242.470144033 110
1520440242.520141602 102
1520440242.570142508 155
1520440242.620144606 148
1520440242.670146465 137
1520440242.720147371 136
1520440242.770149708 130
1520440242.820150614 127
1520440242.870152473 121
1520440242.920155048 117
1520440242.970157146 115
1520440243.020158052 106
1520440243.070160151 133
1520440243.120162010 58
1520440243.170163155 103
1520440243.220165014 92
1520440243.270165920 89
1520440243.320173264 82
1520440243.370174170 80
1520440243.420177221 74
1520440243.470178366 125
1520440243.520180225 119
1520440243.570181370 241
1520440243.620183229 212
1520440243.670184135 187
1520440243.720187187 170
1520440243.770189047 160
1520440243.820190191 64
1520440243.870192051 61
1520440243.920194149 59
1520440243.970195293 57
1520440244.020197153 56
1520440244.070198059 75
1520440244.120194674 68
1520440244.170196772 66
1520440244.220274687 60
1520440244.270199537 56
1520440244.320200682 53
1520440244.370202541 52
1520440244.420203447 108
1520440244.470205784 105
1520440244.520213366 95
1520440244.570215464 93
1520440244.620216370 91
1520440244.670218229 86
1520440244.720220327 80
1520440244.770221233 75
1520440244.820223331 68
1520440244.870224476 63
1520440244.920226336 60
1520440244.970228195 55
1520440245.020230293 86
1520440245.070232391 83
1520440245.120233297 72
1520440245.170235395 98
1520440245.220236301 95
1520440245.270238400 87
1520440245.320240498 75
1520440245.370244503 70
1520440245.420245409 65
1520440245.470246553 54
1520440245.520249605 80
1520440245.570250511 79
1520440245.620251656 78
1520440245.670253515 75
1520440245.720254421 112
1520440245.770253420 103
1520440245.820254564 76
1520440245.870256424 72
1520440245.920262337 68
1520440245.970259428 65
1520440246.020260334 56
1520440246.070264339 54
1520440246.120263338 51
1520440246.170259476 117
1520440246.220260620 99
1520440246.270262480 90
1520440246.320264339 84
1520440246.370265484 81
1520440246.420267582 66
1520440246.470268488 107
1520440246.520270586 104
1520440246.570275545 101
1520440246.620277643 143
1520440246.670279741 134
1520440246.720280647 116
1520440246.770282745 102
1520440246.820284605 126
1520440246.870285511 73
1520440246.920286655 73
1520440246.970291376 69
1520440247.020292521 67
1520440247.070294619 106
1520440247.120296478 85
1520440247.170297623 78
1520440247.220299482 70
1520440247.270301342 69
1520440247.320303679 67
1520440247.370301247 61
1520440247.420303106 59
1520440247.470304012 58
1520440247.520306110 102
1520440247.570307016 84
1520440247.620308161 80
1520440247.670310259 75
1520440247.720312119 104
1520440247.770314217 94
1520440247.820312738 89
1520440247.870313883 86
1520440247.920315981 86
1520440247.970321894 76
1520440248.020318985 104
1520440248.070319891 100
1520440248.120321989 95
1520440248.170322895 92
1520440248.220316172 73
1520440248.270318270 68
1520440248.320319176 87
1520440248.370321035 85
1520440248.420322418 81
1520440248.470324278 78
1520440248.520325184 72
1520440248.570327282 66
1520440248.620330572 60
1520440248.670332432 77
1520440248.720334530 73
1520440248.770335436 71
1520440248.820337296 63
1520440248.870338678 57
1520440248.920340538 54
1520440248.970341444 52
1520440249.020343542 50
1520440249.070345402 43
1520440249.120347738 43
1520440249.170349598 43
1520440249.220350504 42
1520440249.270351648 68
1520440249.320353508 66
1520440249.370355368 63
1520440249.420362711 57
1520440249.470363855 53
1520440249.520365715 49
1520440249.570370913 46
1520440249.620368958 44
1520440249.670369864 129
1520440249.720371962 120
1520440249.770375967 107
1520440249.820371389 189
1520440249.870409489 163
1520440249.920374155 145
1520440249.970376492 137
1520440250.020377398 115
1520440250.070379257 108
1520440250.120380402 97
1520440250.170382261 87
1520440250.220383167 78
1520440250.270380497 99
1520440250.320382357 93
1520440250.370383263 83
1520440250.420385599 155
1520440250.470386505 143
1520440250.520388365 136
1520440250.570389509 124
1520440250.620391369 115
1520440250.670395613 106
1520440250.720396519 97
1520440250.770398617 91
1520440250.820399523 117
1520440250.870401621 105
1520440250.920402765 92
1520440250.970405579 91
1520440251.020406485 88
1520440251.070405483 72
1520440251.120407343 67
1520440251.170409441 64
1520440251.220410347 63
1520440251.270412207 57
1520440251.320413351 85
1520440251.370415449 79
1520440251.420416355 77
1520440251.470422506 68
1520440251.520424366 61
1520440251.570425510 58
1520440251.620427608 55
1520440251.670428514 55
1520440251.720430613 55
1520440251.770497561 115
1520440251.820433378 106
1520440251.870434999 95
1520440251.920437098 116
1520440251.970438004 109
1520440252.020440102 97
1520440252.070441008 89
1520440252.120442867 99
1520440252.170444012 93
1520440252.220445871 91
1520440252.270448208 87
1520440252.320455074 78
1520440252.370457172 72
1520440252.420458317 97
1520440252.470460176 94
1520440252.520461082 90
1520440252.570463181 88
1520440252.620465040 80
1520440252.670466423 208
1520440252.720462084 142
1520440252.770462990 125
1520440252.820464849 124
1520440252.870467186 114
1520440252.920467854 105
1520440252.970469952 101
1520440253.020471096 94
1520440253.070472956 82
1520440253.120473385 77
1520440253.170475245 73
1520440253.220477343 68
1520440253.270478249 65
1520440253.320480347 59
1520440253.370481491 75
1520440253.420483351 72
1520440253.470485449 71
1520440253.520489931 106
1520440253.570490837 99
1520440253.620494843 97
1520440253.670592070 86
1520440253.720495939 80
1520440253.770496845 145
1520440253.820498943 138
1520440253.870500803 121
1520440253.920503139 133
1520440253.970504999 127
1520440254.020506144 108
1520440254.070508003 100
1520440254.120508909 90
1520440254.170511007 84
1520440254.220513105 84
1520440254.270514011 113
1520440254.320513964 105
1520440254.370514870 92
1520440254.420517206 85
1520440254.470518112 207
1520440254.520519972 181
1520440254.570521116 164
1520440254.620522976 142
1520440254.670524836 125
1520440254.720536232 103
1520440254.770538330 134
1520440254.820540428 122
1520440254.870541334 107
1520440254.920543194 107
1520440254.970544338 104
1520440255.020546198 95
1520440255.070547104 93
1520440255.120549440 83
1520440255.170544386 75
1520440255.220545292 67
1520440255.270546436 67
1520440255.320548296 113
1520440255.370549202 103
1520440255.420551538 96
1520440255.470553398 92
1520440255.520556211 140
1520440255.570556402 134
1520440255.620557308 123
1520440255.670559406 115
1520440255.720560312 101
1520440255.770562410 216
1520440255.820564508 159
1520440255.870565414 168
1520440255.920567274 150
1520440255.970570803 135
1520440256.020572662 123
1520440256.070573807 110
1520440256.120575666 100
1520440256.170576811 90
1520440256.220578909 85
1520440256.270580769 82
1520440256.320581913 80
1520440256.370581865 72
1520440256.420583010 65
1520440256.470584869 62
1520440256.520585775 138
1520440256.570587873 116
1520440256.620589733 99
1520440256.670590639 86
1520440256.720593929 149
1520440256.770593882 127
1520440256.820594788 105
1520440256.870596647 117
1520440256.920597792 107
1520440256.970599651 103
1520440257.020600796 113
1520440257.070602655 102
1520440257.120603561 88
1520440257.170609474 84
1520440257.220610380 77
1520440257.270612240 75
1520440257.320613384 75
1520440257.370615244 157
1520440257.420636177 143
1520440257.470618486 138
1520440257.520620346 121
1520440257.570621252 107
1520440257.620624065 130
1520440257.670624971 127
1520440257.720627308 116
1520440257.770628214 102
1520440257.820630074 185
1520440257.870632172 108
1520440257.920633078 131
1520440257.970634937 117
1520440258.020634651 100
1520440258.070636749 98
1520440258.120637655 93
1520440258.170639515 90
1520440258.220641851 85
1520440258.270642757 105
1520440258.320644617 104
1520440258.370645761 99
1520440258.420649529 99
1520440258.470650434 98
1520440258.520652533 96
1520440258.570654392 92
1520440258.620656490 158
1520440258.670657635 154
1520440258.720658541 134
1520440258.770660639 146
1520440258.820664406 136
1520440258.870665312 122
1520440258.920666456 116
1520440258.970668316 115
1520440259.020670176 107
1520440259.070671320 103
1520440259.120673180 100
1520440259.170674324 92
1520440259.220681429 86
1520440259.270677567 101
1520440259.320718527 100
1520440259.370680571 96
1520440259.420682430 85
1520440259.470684528 84
1520440259.520685673 131
1520440259.570687532 122
1520440259.620688677 113
1520440259.670698643 134
1520440259.720699549 132
1520440259.770701647 127
1520440259.820702791 218
1520440259.870704651 199
1520440259.920706511 54
1520440259.970707655 69
1520440260.020709515 68
1520440260.070701122 58
1520440260.120702982 53
1520440260.170705080 53
1520440260.220705986 51
1520440260.270708084 51
1520440260.320709229 48
1520440260.370711088 138
1520440260.420712948 135
1520440260.470721006 124
1520440260.520722151 121
1520440260.570724010 118
1520440260.620725155 108
1520440260.670727253 100
1520440260.720728159 158
1520440260.770730257 149
1520440260.820731163 129
1520440260.870733976 126
1520440260.920736074 114
1520440260.970737934 164
1520440261.020739079 151
1520440261.070742130 145
1520440261.120742083 132
1520440261.170744181 151
1520440261.220804214 148
1520440261.270742893 139
1520440261.320744038 132
1520440261.370745897 132
1520440261.420746803 160
1520440261.470748901 155
1520440261.520750761 152
1520440261.570751667 147
1520440261.620754004 142
1520440261.670753479 167
1520440261.720755339 160
1520440261.770756721 154
1520440261.820758581 146
1520440261.870760441 142
1520440261.920761585 135
1520440261.970763445 122
1520440262.020764589 169
1520440262.070770502 163
1520440262.120771646 153
1520440262.170773506 149
1520440262.220775366 134
1520440262.270776510 127
1520440262.320778608 125
1520440262.370779276 117
1520440262.420782566 110
1520440262.470783472 106
1520440262.520788193 161
1520440262.570790291 153
1520440262.620792389 140
1520440262.670793295 191
1520440262.720794439 187
1520440262.770796299 178
1520440262.820798159 171
1520440262.870799303 167
1520440262.920794964 153
1520440262.970795870 143
1520440263.020797968 132
1520440263.070798874 124
1520440263.120877743 137
1520440263.170801878 124
1520440263.220803738 119
1520440263.270804882 112
1520440263.320807934 111
1520440263.370808840 108
1520440263.420810699 106
1520440263.470813036 103
1520440263.520813942 100
1520440263.570815802 97
1520440263.620816946 90
1520440263.670818806 86
1520440263.720819235 117
1520440263.770821333 115
1520440263.820822239 114
1520440263.870824337 110
1520440263.920826435 109
1520440263.970827341 103
1520440264.020829439 132
1520440264.070830345 124
1520440264.120834351 153
1520440264.170835257 138
1520440264.220837355 130
1520440264.270839214 123
1520440264.320840120 110
1520440264.370842457 109
1520440264.420843363 106
1520440264.470845222 104
1520440264.520848751 99
1520440264.570850849 93
1520440264.620852709 91
1520440264.670853615 89
1520440264.720855713 152
1520440264.770856619 146
1520440264.820858717 135
1520440264.870859861 126
1520440264.920861721 117
1520440264.970863342 111
1520440265.020950317 104
1520440265.070866346 147
1520440265.120867252 135
1520440265.170869589 116
1520440265.220870495 171
1520440265.270872355 157
1520440265.320873499 147
1520440265.370874882 238
1520440265.420875788 198
1520440265.470877647 217
1520440265.520879984 203
1520440265.570880651 228
1520440265.620882750 212
1520440265.670883894 190
1520440265.720885754 171
1520440265.770884752 133
1520440265.820886850 126
1520440265.870888710 40
1520440265.920889854 39
1520440265.970891714 39
1520440266.020892620 39
1520440266.070894957 39
1520440266.120896816 39
1520440266.170896292 36
1520440266.220896482 33
1520440266.270898342 38
1520440266.320900440 35
1520440266.370901585 32
1520440266.420903444 32
1520440266.470905304 32
1520440266.520906448 30
1520440266.570905447 30
1520440266.620906353 88
1520440266.670908213 84
1520440266.720914125 76
1520440266.770911217 67
1520440266.820912123 205
1520440266.870917320 151
1520440266.921013355 136
1520440266.970917463 115
1520440267.020917416 97
1520440267.070918322 117
1520440267.120920420 111
1520440267.170921564 99
1520440267.220923424 82
1520440267.270924568 72
1520440267.320926428 148
1520440267.370927334 102
1520440267.420927525 84
1520440267.470929623 79
1520440267.520930529 74
1520440267.570932388 69
1520440267.620933533 63
1520440267.670935631 60
1520440267.720936775 60
1520440267.770938635 76
1520440267.820936441 75
1520440267.870938301 73
1520440267.920940399 68
1520440267.970941544 67
1520440268.020943403 67
1520440268.070944309 65
1520440268.120946407 60
1520440268.170948267 58
1520440268.220950365 71
1520440268.270951271 70
1520440268.320953369 64
1520440268.370954275 63
1520440268.420958281 61
1520440268.470957279 60
1520440268.520958185 59
1520440268.570960045 59
1520440268.620966673 58
1520440268.670967817 56
1520440268.720969677 55
1520440268.770971537 55
1520440268.821077824 123
1520440268.870973587 109
1520440268.920975685 107
1520440268.970976830 100
1520440269.020977974 96
1520440269.070979834 93
1520440269.120980978 151
1520440269.170982838 138
1520440269.220983982 129
1520440269.270986080 110
1520440269.320986986 166
1520440269.370989084 153
1520440269.420993805 142
1520440269.470989227 124
1520440269.520991564 113
1520440269.570992470 105
1520440269.620994329 100
1520440269.670995474 158
1520440269.720997334 139
1520440269.770999670 130
1520440269.821000338 123
1520440269.871001482 118
1520440269.921003819 108
1520440269.971004725 102
1520440270.021006584 89
1520440270.071007729 84
1520440270.121009588 75
1520440270.171011686 122
1520440270.221012831 108
1520440270.271013021 92
1520440270.321015120 165
1520440270.371017218 158
1520440270.421018124 142
1520440270.471022129 137
1520440270.521021128 127
1520440270.571022987 115
1520440270.621023893 106
1520440270.671027422 97
1520440270.721028566 167
1520440270.771030426 159
1520440270.821031570 149
1520440270.871033669 138
1520440270.921034575 211
1520440270.971036673 188
1520440271.021038532 174
1520440271.071037769 150
1520440271.121039867 138
1520440271.171040773 128
1520440271.221042633 119
1520440271.271043777 105
1520440271.321045876 117
1520440271.371047020 110
1520440271.421048880 108
1520440271.471048117 105
1520440271.521049023 97
1520440271.571051359 94
1520440271.621052265 94
1520440271.671054125 90
1520440271.721055269 81
1520440271.771057129 79
1520440271.821058989 74
1520440271.871060133 72
1520440271.921062231 104
1520440271.971064329 102
1520440272.021066189 101
1520440272.071067095 97
1520440272.121068239 90
1520440272.171070099 84
1520440272.221071005 229
1520440272.271073341 200
1520440272.321073055 145
1520440272.371075153 107
1520440272.421077013 131
1520440272.471078157 122
1520440272.521080017 117
1520440272.571081161 107
1520440272.621083021 99
1520440272.671083927 96
1520440272.721085548 91
1520440272.771086693 87
1520440272.821088552 82
1520440272.871089458 108
1520440272.921091557 106
1520440272.971092463 99
1520440273.021094561 96
1520440273.071096659 207
1520440273.121101856 157
1520440273.171103716 138
1520440273.221104860 126
1520440273.271106720 118
1520440273.321107626 107
1520440273.371109962 90
1520440273.421111822 78
1520440273.471112728 69
1520440273.521116495 62
1520440273.571117401 56
1520440273.621119261 62
1520440273.671120405 117
1520440273.721123219 115
1520440273.771124363 299
1520440273.821125269 252
1520440273.871127367 217
1520440273.921127796 237
1520440273.971129656 226
1520440274.021131516 344
1520440274.071132660 309
1520440274.121134520 270
1520440274.171135426 257
1520440274.221137762 236
1520440274.271138668 223
1520440274.321138859 161
1520440274.371137142 152
1520440274.421137810 145
1520440274.471141815 139
1520440274.521239758 125
1520440274.571141958 114
1520440274.621143818 108
1520440274.671145916 103
1520440274.721146822 99
1520440274.771150827 196
1520440274.821151733 147
1520440274.871153831 132
1520440274.921154737 115
1520440274.971157074 99
1520440275.021158934 125
1520440275.071159840 119
1520440275.121161938 114
1520440275.171160936 107
1520440275.221163034 89
1520440275.271163940 82
1520440275.321165800 115
1520440275.371166945 112
1520440275.421168804 134
1520440275.471170902 125
1520440275.521172047 111
1520440275.571172953 139
1520440275.621174812 130
1520440275.671175957 125
1520440275.721177816 119
1520440275.771179676 108
1520440275.821180820 99
1520440275.871182919 88
1520440275.921183825 117
1520440275.971195698 92
1520440276.021196604 85
1520440276.071198463 132
1520440276.121199608 130
1520440276.171201468 121
1520440276.221202374 90
1520440276.271204710 88
1520440276.321205616 86
1520440276.371200323 82
1520440276.421288490 73
1520440276.471203327 114
1520440276.521204472 107
1520440276.571206331 86
1520440276.621207237 107
1520440276.671209574 84
1520440276.721211433 79
1520440276.771211863 76
1520440276.821220636 70
1520440276.871221542 68
1520440276.921223402 97
1520440276.971224546 90
1520440277.021226406 84
1520440277.071228504 82
1520440277.121229649 165
1520440277.171231508 142
1520440277.221233130 174
1520440277.271234989 154
1520440277.321237087 130
1520440277.371238232 119
1520440277.421239138 109
1520440277.471240997 123
1520440277.521243095 114
1520440277.571244955 110
1520440277.621244431 103
1520440277.671246290 96
1520440277.721248627 91
1520440277.771249294 220
1520440277.821250200 189
1520440277.871252537 172
1520440277.921253443 161
1520440277.971258402 135
1520440278.021257401 189
1520440278.071259737 165
1520440278.121261597 140
1520440278.171262503 326
1520440278.221263647 275
1520440278.271265507 224
1520440278.321328640 198
1520440278.371268511 211
1520440278.421265364 129
1520440278.471266270 115
1520440278.521268368 160
1520440278.571269274 151
1520440278.621271610 110
1520440278.671273470 102
1520440278.721274376 150
1520440278.771276474 135
1520440278.821285009 104
1520440278.871287107 199
1520440278.921288252 179
1520440278.971290112 315
1520440279.021291256 274
1520440279.071293116 229
1520440279.121295214 196
1520440279.171296358 175
1520440279.221298695 239
1520440279.271299839 205
1520440279.321301699 172
1520440279.371302605 226
1520440279.421304941 200
1520440279.471306801 169
1520440279.521307945 166
1520440279.571310759 143
1520440279.621311665 121
1520440279.671306610 99
1520440279.721308470 83
1520440279.771310568 192
1520440279.821311474 130
1520440279.871312380 111
1520440279.921318293 187
1520440279.971315384 169
1520440280.021317482 158
1520440280.071320772 148
1520440280.121327877 339
1520440280.171324968 221
1520440280.221362829 201
1520440280.271327972 172
1520440280.321328878 136
1520440280.371330738 122
1520440280.421331882 117
1520440280.471331120 106
1520440280.521332264 102
1520440280.571334124 123
1520440280.621335268 110
1520440280.671337128 101
1520440280.721339226 155
1520440280.771340370 148
1520440280.821342230 143
1520440280.871346474 118
1520440280.921348333 177
1520440280.971350193 165
1520440281.021351337 147
1520440281.071353436 216
1520440281.121354342 190
1520440281.171356440 166
1520440281.221358299 316
1520440281.271354437 193
1520440281.321356297 158
1520440281.371358395 138
1520440281.421359301 119
1520440281.471361399 159
1520440281.521362543 144
1520440281.571363211 208
1520440281.621366262 143
1520440281.671364784 122
1520440281.721367836 109
1520440281.771367788 96
1520440281.821368933 93
1520440281.871370792 89
1520440281.921371698 87
1520440281.971373796 84
1520440282.021374702 81
1520440282.071376562 117
1520440282.121396065 82
1520440282.171390057 176
1520440282.221390963 125
1520440282.271392822 120
1520440282.321394920 105
1520440282.371395826 102
1520440282.421397686 100
1520440282.471398830 92
1520440282.521395683 126
1520440282.571396589 120
1520440282.621398449 265
1520440282.671400785 120
1520440282.721401691 106
1520440282.771403551 128
1520440282.821404696 121
1520440282.871406555 117
1520440282.921407223 104
1520440282.971409321 203
1520440283.021410227 140
1520440283.071412325 132
1520440283.121414423 127
1520440283.171415329 119
1520440283.221417189 170
1520440283.271419287 162
1520440283.321427345 231
1520440283.371429443 207
1520440283.421430588 188
1520440283.471432447 225
1520440283.521433592 197
1520440283.571435452 172
1520440283.621437550 150
1520440283.671438694 130
1520440283.721435308 131
1520440283.771437407 126
1520440283.821439505 121
1520440283.871440411 119
1520440283.921442270 306
1520440283.971443415 270
1520440284.021445274 217
1520440284.071446419 253
1520440284.121451616 186
1520440284.171447515 160
1520440284.221449375 151
1520440284.271451473 185
1520440284.321452618 157
1520440284.371454477 145
1520440284.421455383 221
1520440284.471457481 194
1520440284.521458387 172
1520440284.571451664 124
1520440284.621452570 101
1520440284.671454430 98
1520440284.721456528 190
1520440284.771457434 173
1520440284.821459532 153
1520440284.871461630 273
1520440284.921462536 231
1520440284.971468449 141
1520440285.021470547 209
1520440285.071472645 188
1520440285.121473551 176
1520440285.171475410 272
1520440285.221477747 245
1520440285.271478415 222
1520440285.321480513 226
1520440285.371480942 216
1520440285.421481609 205
1520440285.471482992 193
1520440285.521484852 217
1520440285.571485996 203
1520440285.621487856 193
1520440285.671489716 152
1520440285.721490860 158
1520440285.771482706 113
1520440285.821484566 108
1520440285.871486425 105
1520440285.921487570 101
1520440285.971573591 149
1520440286.021490335 144
1520440286.071492672 135
1520440286.121493578 123
1520440286.171501398 113
1520440286.221503258 104
1520440286.271504402 100
1520440286.321506262 254
1520440286.371507168 224
1520440286.421509266 200
1520440286.471510172 185
1520440286.521512508 170
1520440286.571511984 151
1520440286.621514320 138
1520440286.671516180 130
1520440286.721517086 114
1520440286.771519184 107
1520440286.821520090 99
1520440286.871521950 158
1520440286.921523094 144
1520440286.971525192 134
1520440287.021528006 121
1520440287.071531057 110
1520440287.121531963 105
1520440287.171533108 238
1520440287.221534967 213
1520440287.271536827 188
1520440287.321537971 166
1520440287.371540070 220
1520440287.421540022 204
1520440287.471542120 180
1520440287.521544933 176
1520440287.571545124 158
1520440287.621546984 142
1520440287.671548128 136
1520440287.721549034 161
1520440287.771550894 150
1520440287.821547508 110
1520440287.871608496 207
1520440287.921550512 188
1520440287.971551418 176
1520440288.021553755 153
1520440288.071554661 266
1520440288.121556520 222
1520440288.171557665 222
1520440288.221563101 191
1520440288.271565199 171
1520440288.321566105 273
1520440288.371568203 218
1520440288.421569347 277
1520440288.471571207 255
1520440288.521572113 233
1520440288.571574211 201
1520440288.621568441 114
1520440288.671569347 102
1520440288.721571445 96
1520440288.771572590 104
1520440288.821574450 101
1520440288.871575594 216
1520440288.921577454 191
1520440288.971579313 170
1520440289.021584034 154
1520440289.071586132 141
1520440289.121587992 135
1520440289.171589136 132
1520440289.221590996 126
1520440289.271591902 122
1520440289.321594000 111
1520440289.371594906 104
1520440289.421597004 211
1520440289.471597672 190
1520440289.521599531 171
1520440289.571600437 158
1520440289.621602535 151
1520440289.671605587 143
1520440289.721605301 136
1520440289.771638632 126
1520440289.821608543 177
1520440289.871610880 155
1520440289.921611786 146
1520440289.971613646 193
1520440290.021614790 182
1520440290.071616650 174
1520440290.121618032 166
1520440290.171619892 159
1520440290.221621752 155
1520440290.271626711 119
1520440290.321628809 103
1520440290.371629715 180
1520440290.421631813 165
1520440290.471632957 157
1520440290.521634817 146
1520440290.571636915 224
1520440290.621637821 207
1520440290.671636820 159
1520440290.721637964 144
1520440290.771639824 175
1520440290.821640968 151
1520440290.871642828 142
1520440290.921644688 135
1520440290.971646070 200
1520440291.021647930 178
1520440291.071649075 160
1520440291.121650219 152
1520440291.171652079 141
1520440291.221653223 130
1520440291.271655083 215
1520440291.321655989 197
1520440291.371658325 180
1520440291.421659231 173
1520440291.471663475 163
1520440291.521663427 148
1520440291.571665525 142
1520440291.621667385 135
1520440291.671673298 131
1520440291.721669436 130
1520440291.771671295 123
1520440291.821673393 122
1520440291.871674299 177
1520440291.921672344 129
1520440291.971673250 120
1520440292.021675348 115
1520440292.071676493 106
1520440292.121678352 94
1520440292.171679258 126
1520440292.221681356 119
1520440292.271683216 115
1520440292.321690559 213
1520440292.371692657 179
1520440292.421693325 170
1520440292.471695662 155
1520440292.521696568 147
1520440292.571698427 273
1520440292.621699572 236
1520440292.671701431 220
1520440292.721698523 140
1520440292.771699429 128
1520440292.821701527 142
1520440292.871703625 137
1520440292.921704531 129
1520440292.971706629 200
1520440293.021707535 222
1520440293.071709394 182
1520440293.121711254 156
1520440293.171713352 144
1520440293.221715450 264
1520440293.271716356 230
1520440293.321718216 196
1520440293.371719360 276
1520440293.421721458 247
1520440293.471722603 223
1520440293.521730900 143
1520440293.571731806 125
1520440293.621733665 111
1520440293.671734810 110
1520440293.721736670 105
1520440293.771737576 98
1520440293.821739674 92
1520440293.871741772 84
1520440293.921737194 79
1520440293.971739054 75
1520440294.021739960 108
1520440294.071742296 104
1520440294.121743202 95
1520440294.171745062 95
1520440294.221747160 273
1520440294.271748066 248
1520440294.321750164 314
1520440294.371757269 158
1520440294.421759605 235
1520440294.471760273 208
1520440294.521762371 186
1520440294.571764469 162
1520440294.621765375 149
1520440294.671767235 270
1520440294.721769571 228
1520440294.771764755 137
1520440294.821766615 150
1520440294.871767521 140
1520440294.921769619 129
1520440294.971771717 173
1520440295.021771431 154
1520440295.071773767 129
1520440295.121775627 182
1520440295.171773911 153
1520440295.221775770 133
1520440295.271776915 121
1520440295.321779013 108
1520440295.371780872 98
1520440295.421782017 94
1520440295.471783876 92
1520440295.521867990 88
1520440295.571794271 160
1520440295.621795177 144
1520440295.671797276 235
1520440295.721798182 216
1520440295.771800041 204
1520440295.821801186 329
1520440295.871803045 250
1520440295.921805143 197
1520440295.971797228 137
1520440296.021799088 128
1520440296.071800232 121
1520440296.121802330 187
1520440296.171803474 160
1520440296.221805334 136
1520440296.271807194 117
1520440296.321808338 106
1520440296.371812105 103
1520440296.421813011 97
1520440296.471814871 93
1520440296.521816015 89
1520440296.571817875 85
1520440296.621819973 85
1520440296.671821117 158
1520440296.721822977 145
1520440296.771824837 132
1520440296.821825504 122
1520440296.871827364 115
1520440296.921829462 109
1520440296.971831560 104
1520440297.021832466 101
1520440297.071834326 138
1520440297.121834517 125
1520440297.171836376 117
1520440297.221836329 111
1520440297.271841288 188
1520440297.321839333 170
1520440297.371841192 157
1520440297.421898127 138
1520440297.471844435 210
1520440297.521846294 182
1520440297.571847200 161
1520440297.621850014 251
1520440297.671850920 223
1520440297.721853018 196
1520440297.771854162 174
1520440297.821856022 149
1520440297.871857882 140
1520440297.921859026 133
1520440297.971860886 174
1520440298.021861792 160
1520440298.071863890 146
1520440298.121865034 150
1520440298.171866894 145
1520440298.221868753 139
1520440298.271869898 137
1520440298.321871758 133
1520440298.371873140 131
1520440298.421873569 127
1520440298.471874475 126
1520440298.521876574 119
1520440298.571878672 110
1520440298.621880531 138
1520440298.671881437 126
1520440298.721882582 120
1520440298.771884441 115
1520440298.821888924 104
1520440298.871891022 172
1520440298.921890974 156
1520440298.971893072 121
1520440299.021895170 171
1520440299.071896076 161
1520440299.121897936 145
1520440299.171899080 138
1520440299.221900940 172
1520440299.271902323 160
1520440299.321931362 152
1520440299.371904373 142
1520440299.421906233 135
1520440299.471908331 134
1520440299.521909237 247
1520440299.571911097 210
1520440299.621912241 180
1520440299.671915054 172
1520440299.721916199 163
1520440299.771918058 155
1520440299.821919918 143
1520440299.871921062 198
1520440299.921923161 181
1520440299.971924067 168
1520440300.021926165 163
1520440300.071921349 116
1520440300.121923447 106
1520440300.171924591 130
1520440300.221926451 123
1520440300.271928310 118
1520440300.321929455 114
1520440300.371931314 112
1520440300.421933413 111
1520440300.471941233 108
1520440300.521941900 106
1520440300.571943998 261
1520440300.621945143 239
1520440300.671946049 216
1520440300.721948147 194
1520440300.771950006 213
1520440300.821954012 197
1520440300.871950388 176
1520440300.921951532 167
1520440300.971953392 151
1520440301.021955252 142
1520440301.071956396 142
1520440301.121957302 138
1520440301.171959400 167
1520440301.221960545 160
1520440301.271961689 149
1520440301.321962833 141
1520440301.371964693 187
1520440301.421966553 180
1520440301.471967697 172
1520440301.521969557 165
1520440301.571970463 228
1520440301.621972799 219
1520440301.671973705 207
1520440301.721982479 151
1520440301.771983385 145
1520440301.821985245 141
1520440301.871987343 135
1520440301.921988249 130
1520440301.971990347 128
1520440302.021992445 124
1520440302.071993351 220
1520440302.121987820 153
1520440302.171989679 134
1520440302.221990585 127
1520440302.271992922 124
1520440302.321994781 144
1520440302.371996641 138
1520440302.421997786 129
1520440302.471999645 125
1520440302.522000074 122
1520440302.572001934 115
1520440302.622004032 113
1520440302.672005177 111
1520440302.722006083 108
1520440302.772007942 105
1520440302.822010040 102
1520440302.872010946 97
1520440302.922010899 96
1520440302.972012758 95
1520440303.022015095 91
1520440303.072015762 90
1520440303.122022867 86
1520440303.172116995 82
1520440303.222020864 78
1520440303.272022009 135
1520440303.322025537 121
1520440303.372026443 115
1520440303.422028542 112
1520440303.472030401 168
1520440303.522031307 161
1520440303.572033644 155
1520440303.622034550 150
1520440303.672036409 144
1520440303.722038031 136
1520440303.772040129 132
1520440303.822041035 126
1520440303.872042894 119
1520440303.922045231 118
1520440303.972046137 114
1520440304.022047997 111
1520440304.072049141 101
1520440304.122051001 99
1520440304.172052622 93
1520440304.222054958 121
1520440304.272056818 117
1520440304.322058678 110
1520440304.372059822 101
1520440304.422061920 98
1520440304.472062826 93
1520440304.522064924 171
1520440304.572068691 165
1520440304.622069597 159
1520440304.672070742 140
1520440304.722072601 129
1520440304.772073746 127
1520440304.822075605 194
1520440304.872076511 180
1520440304.922078609 164
1520440304.972074509 132
1520440305.022076368 117
1520440305.072146416 113
1520440305.122079372 167
1520440305.172081470 162
1520440305.222082615 156
1520440305.272084475 142
1520440305.322085381 176
1520440305.372092009 159
1520440305.422093153 147
1520440305.472095013 132
1520440305.522096872 128
1520440305.572098017 124
1520440305.622099876 161
1520440305.672100782 150
1520440305.722103119 136
1520440305.772105455 130
1520440305.822107315 120
1520440305.872109413 194
1520440305.922110558 179
1520440305.972112417 166
1520440306.022113323 157
1520440306.072115421 143
1520440306.122116327 131
1520440306.172108889 135
1520440306.222110748 128
1520440306.272111893 117
1520440306.322113752 167
1520440306.372115612 153
1520440306.422116756 142
1520440306.472118855 136
1520440306.522119761 127
1520440306.572121859 113
1520440306.622126341 107
1520440306.672131300 100
1520440306.722129345 98
1520440306.772131443 96
1520440306.822133303 93
1520440306.872134447 171
1520440306.922135353 161
1520440306.972173214 147
1520440307.022139072 132
1520440307.072141171 126
1520440307.122143030 120
1520440307.172144175 117
1520440307.222146034 112
1520440307.272146940 101
1520440307.322149038 173
1520440307.372149944 161
1520440307.422153950 150
1520440307.472155809 141
1520440307.522156954 131
1520440307.572159052 115
1520440307.622160196 113
1520440307.672162056 107
1520440307.722163916 102
1520440307.772165060 99
1520440307.822167635 97
1520440307.872169495 160
1520440307.922171354 157
1520440307.972172499 135
1520440308.022174358 129
1520440308.072176456 126
1520440308.122178555 117
1520440308.172179461 115
1520440308.222180605 105
1520440308.272181749 100
1520440308.322183609 95
1520440308.372185707 90
1520440308.422186852 84
1520440308.472187757 130
1520440308.522188902 124
1520440308.572190762 115
1520440308.622191668 111
1520440308.672196627 107
1520440308.722194672 101
1520440308.772195578 96
1520440308.822197437 163
1520440308.872205496 147
1520440308.922200680 134
1520440308.972201824 127
1520440309.022203684 117
1520440309.072205544 111
1520440309.122206450 105
1520440309.172208548 185
1520440309.222209454 159
1520440309.272211552 142
1520440309.322212696 192
1520440309.372214556 175
1520440309.422215462 164
1520440309.472218275 145
1520440309.522220373 136
1520440309.572221279 127
1520440309.622223377 110
1520440309.672224283 105
1520440309.722226381 99
1520440309.772227287 97
1520440309.822229147 90
1520440309.872232676 85
1520440309.922233820 104
1520440309.972235680 96
1520440310.022237778 94
1520440310.072238922 88
1520440310.122240782 83
1520440310.172242641 82
1520440310.222243786 240
1520440310.272247314 217
1520440310.322248459 189
1520440310.372250319 166
1520440310.422251463 184
1520440310.472253323 177
1520440310.522254229 165
1520440310.572256565 158
1520440310.622257471 140
1520440310.672259569 132
1520440310.722260714 125
1520440310.772264719 119
1520440310.822361708 115
1520440310.872265816 110
1520440310.922266722 133
1520440310.972268820 123
1520440311.022269726 115
1520440311.072273970 106
1520440311.122275829 100
1520440311.172276974 100
1520440311.222278833 98
1520440311.272279739 203
1520440311.322282076 185
1520440311.372282982 162
1520440311.422284842 221
1520440311.472286940 192
1520440311.522286177 165
1520440311.572288036 147
1520440311.622289181 191
1520440311.672291040 173
1520440311.722291946 150
1520440311.772294044 140
1520440311.822294950 134
1520440311.872297049 126
1520440311.922298670 116
1520440311.972300529 185
1520440312.022301435 158
1520440312.072303534 146
1520440312.122304440 134
1520440312.172306538 130
1520440312.222308636 123
1520440312.272309542 118
1520440312.322306156 170
1520440312.372308016 155
1520440312.422310114 145
1520440312.472311020 229
1520440312.522312880 208
1520440312.572316170 186
1520440312.622316122 158
1520440312.672317028 144
1520440312.722375870 132
1520440312.772324085 199
1520440312.822325945 179
1520440312.872327089 161
1520440312.922329187 226
1520440312.972330093 208
1520440313.022332191 175
1520440313.072334051 160
1520440313.122337580 175
1520440313.172339439 163
1520440313.222340584 147
1520440313.272342443 143
1520440313.322343588 189
1520440313.372345686 181
1520440313.422346592 253
1520440313.472348690 216
1520440313.522351027 192
1520440313.572352171 172
1520440313.622354269 228
1520440313.672355175 211
1520440313.722357273 196
1520440313.772358179 185
1520440313.822360039 208
1520440313.872362137 198
1520440313.922364235 191
1520440313.972366571 186
1520440314.022367477 208
1520440314.072368383 191
1520440314.122370481 384
1520440314.172371387 351
1520440314.222373486 274
1520440314.272374630 174
1520440314.322376490 165
1520440314.372375488 150
1520440314.422376394 140
1520440314.472378254 135
1520440314.522379637 132
1520440314.572381496 125
1520440314.622384310 122
1520440314.672384501 137
1520440314.722385406 134
1520440314.772390366 131
1520440314.822391510 234
1520440314.872393370 203
1520440314.922394276 275
1520440314.972396612 234
1520440315.022397518 207
1520440315.072399378 232
1520440315.122401476 209
1520440315.172408342 152
1520440315.222410440 138
1520440315.272411346 170
1520440315.322413683 135
1520440315.372415543 132
1520440315.422416449 128
1520440315.472418547 123
1520440315.522419453 168
1520440315.572422743 158
1520440315.622423887 154
1520440315.672425747 147
1520440315.722426653 143
1520440315.772429943 229
1520440315.822430611 203
1520440315.872432709 187
1520440315.922433853 240
1520440315.972439766 204
1520440316.022441626 185
1520440316.072443724 345
1520440316.122444868 297
1520440316.172445774 194
1520440316.222448587 178
1520440316.272449732 167
1520440316.322450638 221
1520440316.372452497 196
1520440316.422456264 300
1520440316.472458124 201
1520440316.522459507 181
1520440316.572536230 167
1520440316.622462273 200
1520440316.672464371 193
1520440316.722466230 177
1520440316.772467136 298
1520440316.822466373 229
1520440316.872467279 231
1520440316.922469378 191
1520440316.972470284 224
1520440317.022472143 191
1520440317.072474480 243
1520440317.122475147 200
1520440317.172477245 179
1520440317.222476959 201
1520440317.272479296 175
1520440317.322480202 157
1520440317.372482061 152
1520440317.422484159 219
1520440317.472485065 195
1520440317.522486925 176
1520440317.572488308 257
1520440317.622498512 170
1520440317.672500849 156
1520440317.722501516 147
1520440317.772503614 175
1520440317.822505713 161
1520440317.872506618 149
1520440317.922507524 145
1520440317.972509623 216
1520440318.022511721 153
1520440318.072512627 148
1520440318.122514725 196
1520440318.172515631 169
1520440318.222517729 150
1520440318.272518635 142
1520440318.322520494 229
1520440318.372521639 146
1520440318.422526360 136
1520440318.472548246 125
1520440318.522529602 124
1520440318.572530508 116
1520440318.622532368 179
1520440318.672534466 152
1520440318.722535372 144
1520440318.772537231 134
1520440318.822538614 216
1520440318.872551918 144
1520440318.922552824 129
1520440318.972554922 117
1520440319.022555828 185
1520440319.072558165 165
1520440319.122560024 147
1520440319.172560930 221
1520440319.222563028 198
1520440319.272567749 165
1520440319.322570086 208
1520440319.372570992 182
1520440319.422572851 156
1520440319.472574949 206
1520440319.522575855 188
1520440319.572577715 166
1520440319.622580051 273
1520440319.672583103 242
1520440319.722585440 165
1520440319.772587299 145
1520440319.822588205 185
1520440319.872590303 176
1520440319.922591209 166
1520440319.972592354 303
1520440320.022594213 266
1520440320.072597504 221
1520440320.122598410 191
1520440320.172601461 173
1520440320.222601414 219
1520440320.272603273 190
1520440320.322604656 170
1520440320.372606516 262
1520440320.422706366 187
1520440320.472607851 175
1520440320.522608757 289
1520440320.572610855 238
1520440320.622611761 192
1520440320.672613621 237
1520440320.722615719 206
1520440320.772616625 322
1520440320.822618723 262
1520440320.872624636 206
1520440320.922626734 195
1520440320.972627640 280
1520440321.022629976 243
1520440321.072631836 183
1520440321.122632742 285
1520440321.172634840 242
1520440321.222635746 208
1520440321.272637606 275
1520440321.322640896 249
1520440321.372642756 327
1520440321.422643900 300
1520440321.472645998 331
1520440321.522648096 294
1520440321.572649002 262
1520440321.622651815 292
1520440321.672652960 264
1520440321.722655535 221
1520440321.772657633 304
1520440321.822658539 261
1520440321.872660398 222
1520440321.922662735 196
1520440321.972663641 254
1520440322.022665501 234
1520440322.072666645 211
1520440322.122666359 346
1520440322.172667027 285
1520440322.222669363 219
1520440322.272670269 279
1520440322.322722197 243
1520440322.372673273 231
1520440322.422675133 303
1520440322.472676277 266
1520440322.522677183 301
1520440322.572678328 269
1520440322.622680426 313
1520440322.672682285 282
1520440322.722683430 232
1520440322.772685289 245
1520440322.822686195 213
1520440322.872688293 383
1520440322.922688007 312
1520440322.972690105 250
1520440323.022691011 275
1520440323.072693110 251
1520440323.122695208 338
1520440323.172696114 290
1520440323.222697973 229
1520440323.272699118 284
1520440323.322691917 196
1520440323.372692823 225
1520440323.422694921 203
1520440323.472696781 198
1520440323.522697687 262
1520440323.572699785 210
1520440323.622701883 283
1520440323.672703743 255
1520440323.722704887 222
1520440323.772714853 199
1520440323.822714806 185
1520440323.872717857 242
1520440323.922719002 219
1520440323.972719908 194
1520440324.022721767 233
1520440324.072722912 214
1520440324.122724771 194
1520440324.172726870 223
1520440324.222728729 208
1520440324.272730589 228
1520440324.322731733 216
1520440324.372733593 229
1520440324.422734499 213
1520440324.472736835 198
1520440324.522737741 212
1520440324.572738886 199
1520440324.622739792 187
1520440324.672741652 240
1520440324.722743750 222
1520440324.772744656 237
1520440324.822746515 215
1520440324.872747660 222
1520440324.922749758 204
1520440324.972758293 201
1520440325.022760391 189
1520440325.072762251 179
1520440325.122763157 197
1520440325.172765493 182
1520440325.222766399 164
1520440325.272768259 204
1520440325.322769403 188
1520440325.372760296 153
1520440325.422761440 144
1520440325.472763300 170
1520440325.522765398 159
1520440325.572766542 352
1520440325.622768402 277
1520440325.672769547 218
1520440325.722771406 179
1520440325.772779465 179
1520440325.822780371 168
1520440325.872782230 161
1520440325.922783375 281
1520440325.972785473 230
1520440326.022786379 292
1520440326.072788477 259
1520440326.122789383 183
1520440326.172865868 216
1520440326.222791910 195
1520440326.272793055 312
1520440326.322794914 278
1520440326.372796059 236
1520440326.422798157 217
1520440326.472799063 204
1520440326.522801161 194
1520440326.572802067 182
1520440326.622792959 237
1520440326.672795057 220
1520440326.722795963 195
1520440326.772798061 224
1520440326.822799206 211
1520440326.872801065 191
1520440326.922801971 352
1520440326.972804070 369
1520440327.022823095 214
1520440327.072824001 186
1520440327.122826099 178
1520440327.172827244 305
1520440327.222829103 270
1520440327.272830963 199
1520440327.322833061 165
1520440327.372833967 155
1520440327.422826052 183
1520440327.472826958 166
1520440327.522829056 158
1520440327.572829962 373
1520440327.622831821 327
1520440327.672832966 275
1520440327.722834826 200
1520440327.772836208 260
1520440327.822842121 230
1520440327.872843027 202
1520440327.922845125 414
1520440327.972846985 333
1520440328.022848368 331
1520440328.072872162 255
1520440328.122851133 303
1520440328.172852278 208
1520440328.222859859 183
1520440328.272861958 175
1520440328.322862864 250
1520440328.372864723 213
1520440328.422865868 342
1520440328.472867727 246
1520440328.522869110 220
1520440328.572870970 314
1520440328.622871876 275
1520440328.672868252 223
1520440328.722870350 328
1520440328.772871494 290
1520440328.822873354 169
1520440328.872874260 212
1520440328.922876358 183
1520440328.972878218 432
1520440329.022879124 350
1520440329.072891951 269
1520440329.122892857 226
1520440329.172894955 211
1520440329.222896814 179
1520440329.272897720 228
1520440329.322900057 213
1520440329.372901917 189
1520440329.422902822 173
1520440329.472898483 158
1520440329.522899628 131
1520440329.572901726 216
1520440329.622902632 194
1520440329.672904730 481
1520440329.722905636 370
1520440329.772908449 316
1520440329.822908640 314
1520440329.872914791 271
1520440329.922915697 447
1520440329.972918510 359
1520440330.023021460 238
1520440330.072920561 196
1520440330.122921705 191
1520440330.172923565 181
1520440330.222924471 455
1520440330.272934198 188
1520440330.322936296 172
1520440330.372937202 186
1520440330.422939301 171
1520440330.472940207 164
1520440330.522942305 356
1520440330.572943449 313
1520440330.622945309 223
1520440330.672944069 196
1520440330.722945213 422
1520440330.772947311 328
1520440330.822948456 222
1520440330.872950315 268
1520440330.922951221 240
1520440330.972953320 227
1520440331.022955179 465
1520440331.072956085 388
1520440331.122963905 227
1520440331.172966242 290
1520440331.222967148 228
1520440331.272969007 414
1520440331.322970152 354
1520440331.372972012 300
1520440331.422973871 249
1520440331.472975016 167
1520440331.522975206 178
1520440331.572977066 174
1520440331.622979403 164
1520440331.672980309 416
1520440331.722981215 327
1520440331.772983313 203
1520440331.822985172 257
1520440331.872986078 241
1520440331.923033953 225
1520440331.972987890 353
1520440332.022989750 315
1520440332.072990894 391
1520440332.122992992 278
1520440332.172993898 340
1520440332.222995996 265
1520440332.272997856 445
1520440332.322999954 390
1520440332.373002052 276
1520440332.423003197 311
1520440332.473005056 283
1520440332.523005962 205
1520440332.573008060 315
1520440332.623008966 205
1520440332.673010826 192
1520440332.723006964 309
1520440332.773007870 276
1520440332.823009729 403
1520440332.873010874 360
1520440332.923012972 313
1520440332.973015070 339
1520440333.023016930 289
1520440333.073017836 264
1520440333.123021841 337
1520440333.173023701 289
1520440333.223025560 187
1520440333.273026705 268
1520440333.323028803 229
1520440333.373029709 178
1520440333.423031807 156
1520440333.473032713 251
1520440333.523034573 210
1520440333.573034525 179
1520440333.623038769 311
1520440333.673037529 274
1520440333.723039389 314
1520440333.773040533 253
1520440333.823042631 212
1520440333.873044491 261
1520440333.923045635 240
1520440333.973048687 199
1520440334.023049355 261
1520440334.073051453 217
1520440334.123052597 193
1520440334.173054457 247
1520440334.223055601 217
1520440334.273057461 286
1520440334.323059559 238
1520440334.373069048 434
1520440334.423071146 298
1520440334.473072052 235
1520440334.523074150 246
1520440334.573075294 222
1520440334.623077154 199
1520440334.673079014 280
1520440334.723080158 251
1520440334.773083925 197
1520440334.823084831 333
1520440334.873086929 248
1520440334.923087835 309
1520440334.973089695 246
1520440335.023092031 225
1520440335.073093891 356
1520440335.123094797 298
1520440335.173097134 270
1520440335.223098040 213
1520440335.273100376 296
1520440335.323101282 232
1520440335.373102188 453
1520440335.423104286 374
1520440335.473106146 227
1520440335.523107052 304
1520440335.573117733 225
1520440335.623119831 429
1520440335.673120737 342
1520440335.723122597 308
1520440335.773190975 432
1520440335.823124647 365
1520440335.873126984 411
1520440335.923128843 346
1520440335.973129749 256
1520440336.023124218 208
1520440336.073125124 228
1520440336.123126984 201
1520440336.173128128 189
1520440336.223130226 318
1520440336.273132324 268
1520440336.323133230 234
1520440336.373135090 201
1520440336.423133850 172
1520440336.473135948 210
1520440336.523137808 197
1520440336.573138952 183
1520440336.623140812 173
1520440336.673141718 217
1520440336.723144054 207
1520440336.773144722 368
1520440336.823147058 320
1520440336.873147964 292
1520440336.923149824 241
1520440336.973151922 228
1520440337.023154020 206
1520440337.073154926 193
1520440337.123157024 348
1520440337.173158884 283
1520440337.223164320 250
1520440337.273165226 350
1520440337.323167562 280
1520440337.373168468 229
1520440337.423170328 357
1520440337.473171473 273
1520440337.523173332 483
1520440337.573175192 407
1520440337.623177290 405
1520440337.673190117 357
1520440337.723180294 261
1520440337.773181200 392
1520440337.823183060 323
1520440337.873185396 240
1520440337.923186064 340
1520440337.973188162 312
1520440338.023182869 315
1520440338.073184967 370
1520440338.123185873 300
1520440338.173187733 270
1520440338.223188877 313
1520440338.273190975 295
1520440338.323192835 259
1520440338.373193979 321
1520440338.423195839 267
1520440338.473195791 233
1520440338.523197651 207
1520440338.573198795 276
1520440338.623200655 230
1520440338.673202753 435
1520440338.723203897 346
1520440338.773205757 274
1520440338.823207855 383
1520440338.873217344 331
1520440338.923219204 522
1520440338.973221302 353
1520440339.023221254 301
1520440339.073224306 215
1520440339.123225451 203
1520440339.173226357 264
1520440339.223233223 244
1520440339.273238420 440
1520440339.323239326 317
1520440339.373241425 261
1520440339.423244476 228
1520440339.473244429 241
1520440339.523245573 219
1520440339.573247433 372
1520440339.623336554 322
1520440339.673243999 233
1520440339.723244905 204
1520440339.773246765 175
1520440339.823247910 175
1520440339.873249769 157
1520440339.923251629 153
1520440339.973252773 328
1520440340.023254871 270
1520440340.073255539 431
1520440340.123257399 247
1520440340.173258543 216
1520440340.223260403 277
1520440340.273262262 246
1520440340.323263407 211
1520440340.373265505 432
1520440340.423266411 373
1520440340.473263025 231
1520440340.523263931 206
1520440340.573266268 185
1520440340.623267174 168
1520440340.673269033 227
1520440340.723271132 202
1520440340.773272991 380
1520440340.823273897 325
1520440340.873274803 254
1520440340.923279285 227
1520440340.973281384 252
1520440341.023282290 228
1520440341.073284388 196
1520440341.123286247 290
1520440341.173287153 249
1520440341.223289251 285
1520440341.273290157 217
1520440341.323286772 178
1520440341.373287916 160
1520440341.423291922 145
1520440341.473290682 215
1520440341.523325920 180
1520440341.573293924 165
1520440341.623295784 146
1520440341.673296928 275
1520440341.723293066 235
1520440341.773293972 208
1520440341.823296070 336
1520440341.873298168 299
1520440341.923299074 250
1520440341.973300934 302
1520440342.023302078 267
1520440342.073304176 212
1520440342.123309851 176
1520440342.173311949 158
1520440342.223312855 224
1520440342.273314714 199
1520440342.323317051 184
1520440342.373317957 296
1520440342.423319817 267
1520440342.473320961 214
1520440342.523321867 188
1520440342.573322773 287
1520440342.623324871 252
1520440342.673326731 216
1520440342.723327637 301
1520440342.773329973 257
1520440342.823331833 206
1520440342.873332739 302
1520440342.923329353 250
1520440342.973330259 323
1520440343.023332119 285
1520440343.073333263 257
1520440343.123335123 224
1520440343.173336267 227
1520440343.223338127 206
1520440343.273339033 290
1520440343.323360682 220
1520440343.373362780 263
1520440343.423363924 247
1520440343.473365784 223
1520440343.523366928 254
1520440343.573368788 228
1520440343.623369694 209
1520440343.673371792 260
1520440343.723372698 232
1520440343.773370743 207
1520440343.823371410 173
1520440343.873373508 152
1520440343.923375607 267
1520440343.973376513 239
1520440344.023378372 206
1520440344.073379517 148
1520440344.123381615 260
1520440344.173385382 234
1520440344.223387480 201
1520440344.273389578 280
1520440344.323390484 245
1520440344.373392344 203
1520440344.423393488 249
1520440344.473395348 228
1520440344.523396254 203
1520440344.573412180 185
1520440344.623413086 277
1520440344.673414230 240
1520440344.723416090 205
1520440344.773417950 176
1520440344.823419094 162
1520440344.873420954 139
1520440344.923422098 208
1520440344.973425865 182
1520440345.023428917 163
1520440345.073430061 148
1520440345.123430967 133
1520440345.173433065 235
1520440345.223438025 198
1520440345.273435831 186
1520440345.323436975 169
1520440345.373494625 145
1520440345.423442364 213
1520440345.473444700 186
1520440345.523446560 159
1520440345.573447466 261
1520440345.623449564 224
1520440345.673450470 193
1520440345.723452330 166
1520440345.773453474 141
1520440345.823461771 129
1520440345.873464108 119
1520440345.923465014 157
1520440345.973466873 150
1520440346.023468018 135
1520440346.073469877 121
1520440346.123470783 244
1520440346.173473120 219
1520440346.223469973 188
1520440346.273472071 304
1520440346.323473930 249
1520440346.373475075 219
1520440346.423476934 248
1520440346.473478079 218
1520440346.523480177 371
1520440346.573482037 300
1520440346.623481512 246
1520440346.673483849 267
1520440346.723484755 224
1520440346.773486614 381
1520440346.823488712 327
1520440346.873492718 255
1520440346.923490763 212
1520440346.973492622 221
1520440347.023489237 203
1520440347.073491096 179
1520440347.123493195 150
1520440347.173494339 235
1520440347.223496199 212
1520440347.273497105 187
1520440347.323499203 168
1520440347.373500109 151
1520440347.423499584 126
1520440347.473501444 113
1520440347.523502350 138
1520440347.573504448 133
1520440347.623505354 124
1520440347.673507214 197
1520440347.723508596 165
1520440347.773510456 158
1520440347.823510647 136
1520440347.873512506 128
1520440347.923514366 200
1520440347.973515511 172
1520440348.023517370 158
1520440348.073518515 278
1520440348.123520613 237
1520440348.173521519 210
1520440348.223527670 293
1520440348.273520470 219
1520440348.323521614 189
1520440348.373523474 183
1520440348.423525333 221
1520440348.473526478 196
1520440348.523528337 294
1520440348.573529243 238
1520440348.623531580 281
1520440348.673528671 236
1520440348.723529816 195
1520440348.773530722 342
1520440348.823532581 292
1520440348.873533726 360
1520440348.923535585 316
1520440348.973537445 277
1520440349.023538589 224
1520440349.073541164 199
1520440349.123542309 263
1520440349.173544168 222
1520440349.223619223 201
1520440349.273547173 191
1520440349.323548079 173
1520440349.373550415 342
1520440349.423551321 314
1520440349.473559380 267
1520440349.523561478 232
1520440349.573562384 273
1520440349.623564243 247
1520440349.673565388 215
1520440349.723567247 477
1520440349.773568630 366
1520440349.823570490 333
1520440349.873588562 291
1520440349.923589468 269
1520440349.973591566 480
1520440350.023592472 401
1520440350.073594332 315
1520440350.123596430 261
1520440350.173597336 285
1520440350.223599434 253
1520440350.273621798 262
1520440350.323623657 240
1520440350.373624563 205
1520440350.423626661 479
1520440350.473628759 379
1520440350.523629665 317
1520440350.573631763 329
1520440350.623633623 294
1520440350.673632860 242
1520440350.723633766 461
1520440350.773635864 385
1520440350.823638678 448
1520440350.873638630 391
1520440350.923640728 310
1520440350.973641634 403
1520440351.023647785 360
1520440351.073644876 311
1520440351.123682261 251
1520440351.173661232 223
1520440351.223663330 199
1520440351.273664236 194
1520440351.323666334 179
1520440351.373667240 167
1520440351.423669338 301
1520440351.473671436 269
1520440351.523676157 240
1520440351.573678255 440
1520440351.623679161 381
1520440351.673681259 321
1520440351.723682404 370
1520440351.773684263 326
1520440351.823686123 278
1520440351.873687267 323
1520440351.923687696 290
1520440351.973688602 255
1520440352.023690701 208
1520440352.073692560 276
1520440352.123693466 241
1520440352.173695803 207
1520440352.223696709 176
1520440352.273698807 196
1520440352.323705196 182
1520440352.373707056 160
1520440352.423709154 272
1520440352.473710060 245
1520440352.523711920 204
1520440352.573714256 167
1520440352.623715162 154
1520440352.673716068 334
1520440352.723719597 289
1520440352.773720741 236
1520440352.823722839 297
1520440352.873723984 267
1520440352.923725843 241
1520440352.973727703 290
1520440353.023728848 256
1520440353.073831797 231
1520440353.123731613 192
1520440353.173734665 266
1520440353.223735571 248
1520440353.273737669 233
1520440353.323738575 198
1520440353.373740435 182
1520440353.423741579 233
1520440353.473743677 201
1520440353.523745537 182
1520440353.573752642 169
1520440353.623754740 307
1520440353.673755646 264
1520440353.723757505 237
1520440353.773758650 203
1520440353.823760748 263
1520440353.873762608 214
1520440353.923763752 182
1520440353.973769188 316
1520440354.023770094 290
1520440354.073771954 237
1520440354.123774290 202
1520440354.173775196 298
1520440354.223776102 251
1520440354.273778200 236
1520440354.323780060 201
1520440354.373791456 238
1520440354.423792601 209
1520440354.473794460 271
1520440354.523796558 237
1520440354.573797703 217
1520440354.623798609 246
1520440354.673800468 235
1520440354.723801613 221
1520440354.773805857 256
1520440354.823807716 233
1520440354.873808861 313
1520440354.923810720 274
1520440354.973859787 258
1520440355.023813963 264
1520440355.073814869 246
1520440355.123816729 423
1520440355.173829317 360
1520440355.223831415 328
1520440355.273832560 328
1520440355.323834419 306
1520440355.373835325 286
1520440355.423837423 347
1520440355.473839283 328
1520440355.523840189 300
1520440355.573837996 374
1520440355.623854160 332
1520440355.673856020 292
1520440355.723857164 274
1520440355.773859024 344
1520440355.823859930 322
1520440355.873862028 300
1520440355.923864126 285
1520440355.973865032 405
1520440356.023879528 354
1520440356.073881626 315
1520440356.123882532 359
1520440356.173884630 319
1520440356.223886490 441
1520440356.273887396 415
1520440356.323889732 384
1520440356.373890638 331
1520440356.423897028 386
1520440356.473897934 351
1520440356.523899794 325
1520440356.573900938 289
1520440356.623903036 207
1520440356.673907042 181
1520440356.723906040 170
1520440356.773906946 155
1520440356.823914766 177
1520440356.873917580 169
1520440356.923917532 155
1520440356.973918676 147
1520440357.023920536 134
1520440357.073922634 298
1520440357.123923779 272
1520440357.173925638 250
1520440357.223918438 215
1520440357.273920298 299
1520440357.323921442 283
1520440357.373923302 260
1520440357.423924446 363
1520440357.473926306 322
1520440357.523928404 288
1520440357.573929548 241
1520440357.623939753 223
1520440357.673940897 257
1520440357.723942995 244
1520440357.773944139 421
1520440357.823945999 324
1520440357.873947859 306
1520440357.923949003 271
1520440357.973950863 335
1520440358.023953676 303
1520440358.073954582 267
1520440358.123956442 220
1520440358.173957586 201
1520440358.223959446 231
1520440358.273961544 221
1520440358.323962688 206
1520440358.373964548 387
1520440358.423965693 352
1520440358.473969936 320
1520440358.523971081 361
1520440358.573972940 300
1520440358.623973846 282
1520440358.673976183 260
1520440358.723976851 245
1520440358.773978949 280
1520440358.824042082 261
1520440358.874003887 227
1520440358.924005032 218
1520440358.974007130 202
1520440359.024008036 261
1520440359.074010134 245
1520440359.124011993 228
1520440359.174013138 198
1520440359.224014997 194
1520440359.274032116 178
1520440359.324034214 283
1520440359.374035120 269
1520440359.424037218 248
1520440359.474039316 236
1520440359.524040222 213
1520440359.574042082 296
1520440359.624044180 254
1520440359.674071550 226
1520440359.724072456 211
1520440359.774074554 274
1520440359.824076653 250
1520440359.874077559 222
1520440359.924079657 208
1520440359.974081516 332
1520440360.024082422 287
1520440360.074088097 269
1520440360.124089241 216
1520440360.174091339 196
1520440360.224093199 228
1520440360.274094343 207
1520440360.324096203 183
1520440360.374097109 163
1520440360.424099445 264
1520440360.474110126 224
1520440360.524112225 184
1520440360.574113131 167
1520440360.624115229 152
1520440360.674116135 217
1520440360.724117994 192
1520440360.774119139 177
1520440360.824120998 157
1520440360.874122143 145
1520440360.924129248 224
1520440360.974130154 212
1520440361.024132013 185
1520440361.074134350 261
1520440361.124135256 222
1520440361.174137115 187
1520440361.224138260 169
1520440361.274140120 180
1520440361.324145079 165
1520440361.374147177 153
1520440361.424149036 136
1520440361.474150181 213
1520440361.524152040 203
1520440361.574152946 185
1520440361.624155045 171
1520440361.674155951 151
1520440361.724172592 194
1520440361.774173737 185
1520440361.824175596 175
1520440361.874177456 166
1520440361.924179554 156
1520440361.974181652 309
1520440362.024182558 287
1520440362.074183702 264
1520440362.124198675 247
1520440362.174199820 225
1520440362.224201679 240
1520440362.274202585 222
1520440362.324204683 208
1520440362.374206781 190
1520440362.424207687 156
1520440362.474209785 226
1520440362.524226904 194
1520440362.574229002 260
1520440362.624229908 245
1520440362.674294710 229
1520440362.724232912 244
1520440362.774234772 229
1520440362.824235678 215
1520440362.874238014 196
1520440362.924204588 170
1520440362.974269390 140
1520440363.024270296 150
1520440363.074272394 147
1520440363.124274492 142
1520440363.174275398 128
1520440363.224277496 122
1520440363.274278402 116
1520440363.324280262 109
1520440363.374274731 193
1520440363.424276829 188
1520440363.474278927 178
1520440363.524279833 162
1520440363.574281693 184
1520440363.624283791 174
1520440363.674284697 167
1520440363.724285603 200
1520440363.774297714 184
1520440363.824298859 177
1520440363.874299765 159
1520440363.924301863 147
1520440363.974303722 139
1520440364.024304628 166
1520440364.074306726 162
1520440364.124308825 145
1520440364.174326420 133
1520440364.224327326 121
1520440364.274329662 197
1520440364.324330568 176
1520440364.374332666 164
1520440364.424334526 148
1520440364.474335432 128
1520440364.524336576 119
1520440364.574347019 112
1520440364.624348879 151
1520440364.674349785 142
1520440364.724351883 139
1520440364.774352789 218
1520440364.824354887 200
1520440364.874356031 185
1520440364.924357891 167
1520440364.974381924 151
1520440365.024383783 135
1520440365.074385881 122
1520440365.124386787 111
1520440365.174388647 104
1520440365.224389791 93
1520440365.274391890 87
1520440365.324393034 76
1520440365.374403477 71
1520440365.424404383 66
1520440365.474406719 65
1520440365.524408579 64
1520440365.574410439 183
1520440365.624411583 169
1520440365.674412489 153
1520440365.724414349 145
1520440365.774416685 202
1520440365.824407339 195
1520440365.874408484 176
1520440365.924410343 159
1520440365.974411249 144
1520440366.024413347 247
1520440366.074414253 227
1520440366.124415159 214
1520440366.174417496 197
1520440366.224429846 181
1520440366.274430752 166
1520440366.324432611 236
1520440366.374433756 223
1520440366.424435616 198
1520440366.474437714 184
1520440366.524502754 177
1520440366.574439764 154
1520440366.624461174 140
1520440366.674463034 190
1520440366.724463940 181
1520440366.774466038 272
1520440366.824466944 255
1520440366.874468803 238
1520440366.924469948 218
1520440366.974472046 228
1520440367.024483442 216
1520440367.074485302 200
1520440367.124487162 170
1520440367.174488306 246
1520440367.224490166 223
1520440367.274491072 204
1520440367.324493408 186
1520440367.374495268 241
1520440367.424494505 207
1520440367.474496603 186
1520440367.524497747 168
1520440367.574499607 163
1520440367.624501705 219
1520440367.674502611 209
1520440367.724504471 199
1520440367.774505615 273
1520440367.824518681 239
1520440367.874520540 213
1520440367.924521446 255
1520440367.974522591 252
1520440368.024525642 238
1520440368.074525595 214
1520440368.124527693 201
1520440368.174529552 170
1520440368.224530697 217
1520440368.274538040 209
1520440368.324539185 178
1520440368.374541044 170
1520440368.424542904 158
1520440368.474544048 149
1520440368.524544954 229
1520440368.574547052 217
1520440368.624549150 205
1520440368.674557686 185
1520440368.724559546 246
1520440368.774560690 236
1520440368.824562788 216
1520440368.874563694 236
1520440368.924565792 223
1520440368.974566698 207
1520440369.024568796 268
1520440369.074608088 231
1520440369.124608994 212
1520440369.174611092 199
1520440369.224611998 185
1520440369.274614096 177
1520440369.324615240 163
1520440369.374617100 152
1520440369.424618244 141
1520440369.474621773 123
1520440369.524623632 149
1520440369.574625492 144
1520440369.624626637 138
1520440369.674628496 128
1520440369.724630594 121
1520440369.774631739 301
1520440369.824632645 276
1520440369.874642849 240
1520440369.924643755 214
1520440369.974645853 233
1520440370.024646997 217
1520440370.074648857 202
1520440370.124650717 276
1520440370.174651861 251
1520440370.224653721 236
1520440370.274660349 203
1520440370.324662447 180
1520440370.374733210 154
1520440370.424665451 179
1520440370.474666595 172
1520440370.524668455 166
1520440370.574669361 152
1520440370.624671459 141
1520440370.674673319 128
1520440370.724675894 237
1520440370.774677753 202
1520440370.824678898 191
1520440370.874680758 168
1520440370.924681902 254
1520440370.974684000 239
1520440371.024685860 300
1520440371.074687004 277
1520440371.124706507 239
1520440371.174707413 285
1520440371.224709749 257
1520440371.274710417 240
1520440371.324712515 208
1520440371.374713659 185
1520440371.424715519 170
1520440371.474717617 229
1520440371.524738550 216
1520440371.574739695 197
1520440371.624740601 179
1520440371.674742699 155
1520440371.724744797 148
1520440371.774745703 138
1520440371.824747801 215
1520440371.874748707 191
1520440371.924766064 179
1520440371.974767208 306
1520440372.024769068 280
1520440372.074770927 253
1520440372.124772072 300
1520440372.174773932 281
1520440372.224774837 255
1520440372.274785995 226
1520440372.324803352 207
1520440372.374805212 196
1520440372.424806356 182
1520440372.474808216 165
1520440372.524809361 209
1520440372.574811459 192
1520440372.624812365 178
1520440372.674814463 162
1520440372.724846840 148
1520440372.774847746 141
1520440372.824849606 126
1520440372.874850750 110
1520440372.924852848 103
1520440372.974853516 240
1520440373.024855852 217
1520440373.074857712 181
1520440373.124858618 258
1520440373.174881935 235
1520440373.224883318 198
1520440373.274885178 153
1520440373.324886084 139
1520440373.374888182 125
1520440373.424890041 111
1520440373.474892139 98
1520440373.524893284 90
1520440373.574944973 82
1520440373.624947309 145
1520440373.674949169 131
1520440373.724950075 118
1520440373.774952173 105
1520440373.824953079 96
1520440373.874954939 328
1520440373.924956083 298
1520440373.974982500 256
1520440374.024984598 216
1520440374.074985504 191
1520440374.124987364 380
1520440374.174988508 339
1520440374.225070477 293
1520440374.274991512 257
1520440374.324993610 224
1520440374.375099421 173
1520440374.425101519 165
1520440374.475102425 147
1520440374.525104284 158
1520440374.575105429 151
1520440374.625107527 147
1520440374.675109386 339
1520440374.725110531 307
1520440374.775121927 280
1520440374.825123072 304
1520440374.875124931 291
1520440374.925126076 250
1520440374.975128174 234
1520440375.025128841 301
1520440375.075131178 275
1520440375.125133038 313
1520440375.175179482 281
1520440375.225181341 248
1520440375.275183678 213
1520440375.325184584 220
1520440375.375186443 190
1520440375.425188541 169
1520440375.475189447 153
1520440375.525190353 247
1520440375.575192690 227
1520440375.625290871 186
1520440375.675292730 165
1520440375.725293875 200
1520440375.775295734 173
1520440375.825296879 155
1520440375.875297785 137
1520440375.925299644 208
1520440375.975300789 177
1520440376.025371075 152
1520440376.075373411 127
1520440376.125397205 150
1520440376.175375223 134
1520440376.225377321 117
1520440376.275379181 176
1520440376.325380087 162
1520440376.375382185 130
1520440376.425576448 44
1520440376.475578308 38
1520440376.525579453 62
1520440376.575581551 52
1520440376.625582695 44
1520440376.675584555 38
1520440376.725586414 123
1520440376.775587559 110
1520440376.825836897 85
1520440376.875838041 77
1520440376.925839901 92
1520440376.975840807 86
1520440377.025842905 77
1520440377.075844765 153
1520440377.125845671 138
1520440377.175848007 123
1520440377.226202965 103
1520440377.276203871 96
1520440377.326205969 78
1520440377.376206875 54
1520440377.426208973 81
1520440377.476209879 67
1520440377.526211739 30
1520440377.576212883 109
1520440377.626980066 30
1520440377.676986217 14
1520440377.726983070 16
1520440377.776985168 13
1520440377.826990128 12
1520440377.876991987 101
1520440377.926989079 60
1520440377.976990938 69
1520440378.026993036 52
1520440378.077886105 65
1520440378.127795219 54
1520440378.177797318 44
1520440378.227798223 41
1520440378.277800083 95
1520440378.327802420 88
1520440378.377803326 74
1520440378.427805185 28
1520440378.478973150 17
1520440378.528975248 16
1520440378.578976154 14
1520440378.628978252 26
1520440378.678980350 25
1520440378.728981256 21
1520440378.778983116 16
1520440378.828984261 13
1520440378.879022837 11
1520440378.929024935 169
1520440378.979025841 157
1520440379.029026985 132
1520440379.079029083 59
1520440379.129030943 55
1520440379.179032803 130
1520440379.229033947 105
1520440379.278804302 199
1520440379.328805447 176
1520440379.378807306 141
1520440379.428809166 110
1520440379.478810310 131
1520440379.528811216 110
1520440379.578813076 80
1520440379.628815413 61
1520440379.678035736 79
1520440379.728036880 63
1520440379.778037786 55
1520440379.828039646 100
1520440379.878040791 75
1520440379.928042650 61
1520440379.978074789 55
1520440380.028045893 44
1520440380.077128649 21
1520440380.127130508 47
1520440380.177132845 34
1520440380.227133751 104
1520440380.277135611 92
1520440380.327136755 178
1520440380.377138615 172
1520440380.427139759 164
1520440380.477141857 159
1520440380.526206255 94
1520440380.576208115 89
1520440380.626209259 84
1520440380.676211119 76
1520440380.726213217 70
1520440380.776214361 68
1520440380.826216221 62
1520440380.876217127 58
1520440380.925674200 44
1520440380.975675106 94
1520440381.025677204 91
1520440381.075679302 87
1520440381.125681162 80
1520440381.175682306 71
1520440381.225684166 65
1520440381.275685310 61
1520440381.325530529 295
1520440381.375532866 275
1520440381.425533772 261
1520440381.475534678 316
1520440381.525536776 301
1520440381.575538635 284
1520440381.625539541 268
1520440381.675541878 283
1520440381.725473881 267
1520440381.775475025 251
1520440381.825476885 235
1520440381.875479698 219
1520440381.925581932 198
1520440381.975481749 172
1520440382.025482893 213
1520440382.075484991 203
1520440382.125500679 196
1520440382.175502539 182
1520440382.225504875 175
1520440382.275505781 166
1520440382.325507641 161
1520440382.375508785 157
1520440382.425510645 150
1520440382.475511551 226
1520440382.525484562 220
1520440382.575485468 209
1520440382.625487328 191
1520440382.675489426 178
1520440382.725490332 173
1520440382.775492430 169
1520440382.825493574 166
1520440382.875495434 158
1520440382.925496578 154
1520440382.975507736 262
1520440383.025508642 243
1520440383.075511694 225
1520440383.125512600 205
1520440383.175514698 195
1520440383.225515842 183
1520440383.275517702 175
1520440383.325518847 165
1520440383.375523329 155
1520440383.425524235 220
1520440383.475526333 216
1520440383.525528431 208
1520440383.575529099 278
1520440383.625530481 267
1520440383.675532341 259
1520440383.725533485 241
1520440383.775543690 228
1520440383.825587749 208
1520440383.875546932 237
1520440383.925548792 230
1520440383.975549698 220
1520440384.025551796 202
1520440384.075552702 271
1520440384.125554800 259
1520440384.175542355 228
1520440384.225544214 221
1520440384.275546074 207
1520440384.325547218 198
1520440384.375549078 186
1520440384.425549984 177
1520440384.475552320 168
1520440384.525553226 198
1520440384.575589895 178
1520440384.625590801 168
1520440384.675592899 271
1520440384.725594997 259
1520440384.775595665 240
1520440384.825598001 225
1520440384.875598907 200
1520440384.925600767 189
1520440384.975615501 180
1520440385.025617599 165
1520440385.075619698 150
1520440385.125621557 142
1520440385.175622702 194
1520440385.225624561 187
1520440385.275625467 178
1520440385.325627565 168
1520440385.375628471 164
1520440385.425630569 160
1520440385.475631714 157
1520440385.525633574 150
1520440385.575634480 243
1520440385.625636578 223
1520440385.675637484 252
1520440385.725641489 243
1520440385.775640488 231
1520440385.825637102 214
1520440385.875638962 188
1520440385.925640106 175
1520440385.975642204 167
1520440386.025643110 166
1520440386.075645208 159
1520440386.125646114 152
1520440386.175647974 144
1520440386.225632906 169
1520440386.275634289 164
1520440386.325636148 155
1520440386.375637054 147
1520440386.425639153 141
1520440386.475640059 136
1520440386.525641918 135
1520440386.575643063 133
1520440386.625674963 256
1520440386.675676823 244
1520440386.725677729 221
1520440386.775680065 266
1520440386.825680971 254
1520440386.875682831 242
1520440386.925684929 229
1520440386.975685835 223
1520440387.025678873 213
1520440387.075680733 247
1520440387.125682831 240
1520440387.175684929 226
1520440387.225685835 214
1520440387.275687933 207
1520440387.325688839 192
1520440387.375689745 181
1520440387.425666571 222
1520440387.475668669 211
1520440387.525669575 201
1520440387.575671434 192
1520440387.625672817 250
1520440387.675743818 243
1520440387.725675821 297
1520440387.775677681 288
1520440387.825679541 275
1520440387.875703096 257
1520440387.925704956 230
1520440387.975706100 221
1520440388.025707960 210
1520440388.075708866 189
1520440388.125711203 212
1520440388.175712109 208
1520440388.225713968 205
1520440388.275692940 198
1520440388.325693846 316
1520440388.375696182 294
1520440388.425698042 271
1520440388.475698948 255
1520440388.525700092 241
1520440388.575701952 227
1520440388.625702858 220
1520440388.675695419 243
1520440388.725697517 226
1520440388.775698423 326
1520440388.825700283 304
1520440388.875702620 290
1520440388.925703526 275
1520440388.975705385 253
1520440389.025707483 269
1520440389.075680017 257
1520440389.125682116 243
1520440389.175683022 310
1520440389.225684881 290
1520440389.275686026 265
1520440389.325686932 250
1520440389.375689030 285
1520440389.425691128 273
1520440389.475663662 264
1520440389.525661707 253
1520440389.575685740 242
1520440389.625664711 313
1520440389.675665617 288
1520440389.725667477 308
1520440389.775668621 286
1520440389.825670719 265
1520440389.875652075 249
1520440389.925653219 241
1520440389.975655079 234
1520440390.025655985 226
1520440390.075658321 214
1520440390.125659227 199
1520440390.175661087 186
1520440390.225662231 219
1520440390.275664091 210
1520440390.325638771 202
1520440390.375639439 195
1520440390.425641537 191
1520440390.475642681 185
1520440390.525644541 181
1520440390.575645685 298
1520440390.625647545 274
1520440390.675649643 260
1520440390.725612640 299
1520440390.775614500 278
1520440390.825616598 307
1520440390.875617504 287
1520440390.925619364 278
1520440390.975620508 285
1520440391.025622606 282
1520440391.075623512 259
1520440391.125665903 245
1520440391.175667763 226
1520440391.225668907 218
1520440391.275673866 204
1520440391.325671673 247
1520440391.375672817 231
1520440391.425674677 217
1520440391.475676775 198
1520440391.525709152 195
1520440391.575711250 187
1520440391.625712156 182
1520440391.675714016 175
1520440391.725715160 171
1520440391.775717020 168
1520440391.825717926 227
1520440391.875720263 213
1520440391.925705671 202
1520440391.975706816 297
1520440392.025708914 282
1520440392.075709581 269
1520440392.125711918 256
1520440392.175712824 245
1520440392.225714684 236
1520440392.275716782 224
1520440392.325724363 221
1520440392.375726700 212
1520440392.425727606 198
1520440392.475729465 195
1520440392.525730610 185
1520440392.575732470 175
1520440392.625734329 170
1520440392.675735474 162
1520440392.725738525 152
1520440392.775735140 149
1520440392.825736046 174
1520440392.875738144 169
1520440392.925739050 320
1520440392.975740910 310
1520440393.025742054 288
1520440393.075743914 268
1520440393.125746012 260
1520440393.175757885 247
1520440393.225759029 243
1520440393.275760889 230
1520440393.325761795 222
1520440393.375763893 213
1520440393.425834894 193
1520440393.475766897 210
1520440393.525768995 204
1520440393.575749159 198
1520440393.625751257 194
1520440393.675752163 190
1520440393.725754023 187
1520440393.775755167 183
1520440393.825757265 181
1520440393.875759125 178
1520440393.925760269 279
1520440393.975746155 264
1520440394.025747299 244
1520440394.075749159 234
1520440394.125750065 218
1520440394.175752163 200
1520440394.225753069 191
1520440394.275754929 184
1520440394.325757265 179
1520440394.375809908 174
1520440394.425811768 168
1520440394.475812912 211
1520440394.525814772 203
1520440394.575816631 197
1520440394.625818968 192
1520440394.675819874 188
1520440394.725821972 182
1520440394.775825262 178
1520440394.825827122 172
1520440394.875828266 163
1520440394.925830126 158
1520440394.975831985 241
1520440395.025832176 229
1520440395.075834036 214
1520440395.125836134 210
1520440395.175837278 203
1520440395.225874901 192
1520440395.275871754 187
1520440395.325908899 181
1520440395.375874758 177
1520440395.425877094 170
1520440395.475878954 159
1520440395.525879860 226
1520440395.575881958 213
1520440395.625893593 197
1520440395.675895452 187
1520440395.725896358 182
1520440395.775898695 171
1520440395.825899601 253
1520440395.875901461 238
1520440395.925903559 219
1520440395.975904465 289
1520440396.025965452 277
1520440396.075966358 265
1520440396.125968456 249
1520440396.175969601 235
1520440396.225971460 224
1520440396.275973320 213
1520440396.325974464 200
1520440396.375976562 190
1520440396.426049709 184
1520440396.476051807 224
1520440396.526053905 210
1520440396.576055765 197
1520440396.626056671 187
1520440396.676058769 176
1520440396.726059675 170
1520440396.776060581 162
1520440396.826056004 153
1520440396.876057863 148
1520440396.926058769 139
1520440396.976059914 268
1520440397.026062965 246
1520440397.076063633 226
1520440397.126064777 212
1520440397.176066875 313
1520440397.226040840 304
1520440397.276039600 289
1520440397.326040745 276
1520440397.376042843 256
1520440397.426044703 311
1520440397.476045847 296
1520440397.526047707 279
1520440397.576048851 254
1520440397.626050711 348
1520440397.676052332 334
1520440397.726054430 314
1520440397.776055336 269
1520440397.826057196 233
1520440397.876059294 221
1520440397.926060200 192
1520440397.976062536 178
1520440398.026063442 220
1520440398.076121569 208
1520440398.126122713 192
1520440398.176124573 332
1520440398.226126671 313
1520440398.276127815 287
1520440398.326129675 263
1520440398.376130819 251
1520440398.426132679 224
1520440398.476150513 207
1520440398.526151419 194
1520440398.576153517 186
1520440398.626155615 202
1520440398.676156521 186
1520440398.726157665 177
1520440398.776159525 168
1520440398.826161385 155
1520440398.876123190 286
1520440398.926125050 251
1520440398.976125956 214
1520440399.026128054 184
1520440399.076128960 245
1520440399.126135111 217
1520440399.176132202 190
1520440399.226134062 297
1520440399.276052952 277
1520440399.326055050 244
1520440399.376055956 211
1520440399.426058054 182
1520440399.476060152 167
1520440399.526061058 205
1520440399.576062918 200
1520440399.626064062 183
1520440399.676026583 167
1520440399.726027489 160
1520440399.776029587 246
1520440399.826030493 207
1520440399.876032591 178
1520440399.926034689 227
1520440399.976036549 195
1520440400.026037455 173
1520440400.076038599 163
1520440400.126072645 214
1520440400.176073551 191
1520440400.226075411 240
1520440400.276077509 203
1520440400.326078415 188
1520440400.376080275 179
1520440400.426082611 227
1520440400.476083517 197
1520440400.526068211 176
1520440400.576070070 155
1520440400.626071215 153
1520440400.676072121 147
1520440400.726074219 145
1520440400.776075363 203
1520440400.826077223 179
1520440400.876079321 161
1520440400.926050186 151
1520440400.976052284 145
1520440401.026053429 139
1520440401.076135159 183
1520440401.126056194 171
1520440401.176058292 159
1520440401.226059198 153
1520440401.276061296 142
1520440401.326101303 190
1520440401.376103163 175
1520440401.426104307 156
1520440401.476106167 147
1520440401.526108265 139
1520440401.576109409 122
1520440401.626111269 116
1520440401.676112175 177
1520440401.726116896 165
1520440401.776118040 114
1520440401.826119900 106
1520440401.876121759 102
1520440401.926122904 100
1520440401.976125002 142
1520440402.026126146 136
1520440402.076128006 124
1520440402.126144171 115
1520440402.176146269 204
1520440402.226147413 188
1520440402.276150227 169
1520440402.326151133 159
1520440402.376152277 151
1520440402.426154137 144
1520440402.476156235 139
1520440402.526157379 191
1520440402.576134443 173
1520440402.626136303 169
1520440402.676138163 155
1520440402.726139307 228
1520440402.776141405 204
1520440402.826142311 187
1520440402.876144409 173
1520440402.926146269 159
1520440402.976181984 213
1520440403.026126862 199
1520440403.076128006 171
1520440403.126129866 139
1520440403.176130772 124
1520440403.226133108 121
1520440403.276133776 171
1520440403.326136112 154
1520440403.376164198 141
1520440403.426166296 135
1520440403.476168156 126
1520440403.526169062 112
1520440403.576171160 107
1520440403.626172066 104
1520440403.676174164 96
1520440403.726176262 167
1520440403.776189804 116
1520440403.826190710 109
1520440403.876192808 103
1520440403.926194668 176
1520440403.976195574 169
1520440404.026197672 152
1520440404.076199770 144
1520440404.126200676 134
1520440404.176254272 119
1520440404.226256132 85
1520440404.276257992 78
1520440404.326259136 113
1520440404.376261234 105
1520440404.426263094 94
1520440404.476264238 90
1520440404.526265144 184
1520440404.576325893 173
1520440404.626327753 221
1520440404.676328897 186
1520440404.726330996 152
1520440404.776335955 140
1520440404.826334000 179
1520440404.876371861 162
1520440404.926336765 139
1520440404.976337910 124
1520440405.026256084 110
1520440405.076257944 146
1520440405.126259089 127
1520440405.176261187 118
1520440405.226262093 106
1520440405.276264191 101
1520440405.326265097 170
1520440405.376266956 142
1520440405.426226139 114
1520440405.476227999 108
1520440405.526230097 100
1520440405.576231241 97
1520440405.626233101 93
1520440405.676234245 84
1520440405.726236105 80
1520440405.776237011 120
1520440405.826252937 109
1520440405.876255274 104
1520440405.926256180 94
1520440405.976258039 88
1520440406.026260138 84
1520440406.076261044 145
1520440406.126263142 132
1520440406.176264286 114
1520440406.226256371 179
1520440406.276258230 149
1520440406.326259375 132
1520440406.376260281 121
1520440406.426262617 114
1520440406.476263523 109
1520440406.526265383 98
1520440406.576266527 93
1520440406.626248360 129
1520440406.676250458 120
1520440406.726251364 108
1520440406.776273489 105
1520440406.826254368 99
1520440406.876256227 95
1520440406.926257372 169
1520440406.976259232 113
1520440407.026279449 103
1520440407.076281309 99
1520440407.126283169 96
1520440407.176284313 96
1520440407.226286411 93
1520440407.276287317 133
1520440407.326289415 112
1520440407.376290321 101
1520440407.426292419 98
1520440407.476302385 94
1520440407.526303530 194
1520440407.576305389 161
1520440407.626306295 138
1520440407.676308393 118
1520440407.726309299 141
1520440407.776311636 127
1520440407.826312542 113
1520440407.876290083 107
1520440407.926291943 157
1520440407.976293802 114
1520440408.026294947 104
1520440408.076297045 102
1520440408.126297951 99
1520440408.176300049 141
1520440408.226301908 127
1520440408.276247263 115
1520440408.326248407 109
1520440408.376250267 97
1520440408.426252365 94
1520440408.476258278 89
1520440408.526254416 85
1520440408.576256275 80
1520440408.626257420 132
1520440408.676285744 127
1520440408.726279736 115
1520440408.776280642 111
1520440408.826282501 109
1520440408.876283646 106
1520440408.926285505 103
1520440408.976286650 213
1520440409.026288748 174
1520440409.076290369 164
1520440409.126291275 155
1520440409.176293373 188
1520440409.226294279 175
1520440409.276296139 174
1520440409.326297283 170
1520440409.376299381 158
1520440409.426301241 231
1520440409.476273060 197
1520440409.526275396 180
1520440409.576276302 171
1520440409.626278162 164
1520440409.676280260 161
1520440409.726281166 151
1520440409.776283503 146
1520440409.826285362 180
1520440409.876286268 170
1520440409.926267147 148
1520440409.976269245 145
1520440410.026271343 137
1520440410.076273203 208
1520440410.126274347 184
1520440410.176275253 163
1520440410.226276159 234
1520440410.276278257 216
1520440410.326267958 203
1520440410.376273870 186
1520440410.426270962 182
1520440410.476272821 204
1520440410.526273727 192
1520440410.576276064 180
1520440410.626276970 169
1520440410.676278830 225
1520440410.726249218 182
1520440410.776251316 173
1520440410.826252222 162
1520440410.876254320 159
1520440410.926255465 216
1520440410.976257324 191
1520440411.026258469 184
1520440411.076260328 176
1520440411.126280785 170
1520440411.176281929 160
1520440411.226283789 205
1520440411.276284695 186
1520440411.326286793 179
1520440411.376287699 175
1520440411.426289558 170
1520440411.476291895 162
1520440411.526273489 236
1520440411.576275349 190
1520440411.626277685 180
1520440411.676278591 168
1520440411.726280451 198
1520440411.776282549 185
1520440411.826283455 173
1520440411.876285553 169
1520440411.926260948 164
1520440411.976262808 164
1520440412.026264906 232
1520440412.076264858 222
1520440412.126266956 190
1520440412.176268816 179
1520440412.226269960 164
1520440412.276271820 203
1520440412.326272726 182
1520440412.376249790 176
1520440412.426250696 260
1520440412.476253033 247
1520440412.526253939 234
1520440412.576255798 224
1520440412.626257896 203
1520440412.676258802 192
1520440412.726260662 183
1520440412.776211977 170
1520440412.826213837 191
1520440412.876214981 185
1520440412.926217079 179
1520440412.976218224 169
1520440413.026220083 164
1520440413.076221943 161
1520440413.126223087 159
1520440413.176221609 158
1520440413.226222515 154
1520440413.276224852 154
1520440413.326225758 153
1520440413.376227617 151
1520440413.426228762 151
1520440413.476230621 149
1520440413.526232481 147
1520440413.576242447 225
1520440413.626243353 223
1520440413.676245451 216
1520440413.726246357 213
1520440413.776248217 203
1520440413.826249361 183
1520440413.876251459 164
1520440413.926252365 161
1520440413.976243496 159
1520440414.026244402 158
1520440414.076246262 207
1520440414.126247406 197
1520440414.176249266 189
1520440414.226250410 176
1520440414.276252508 165
1520440414.326254368 286
1520440414.376271248 272
1520440414.426273346 254
1520440414.476274490 237
1520440414.526276350 217
1520440414.576278210 202
1520440414.626279354 183
1520440414.676281452 177
1520440414.726282358 169
1520440414.776284456 161
1520440414.826326370 148
1520440414.876328230 145
1520440414.926329374 142
1520440414.976331234 142
1520440415.026332378 140
1520440415.076334238 137
1520440415.126336336 173
1520440415.176337481 168
1520440415.226342440 161
1520440415.276343346 149
1520440415.326345205 148
1520440415.376346350 303
1520440415.426348209 250
1520440415.476350307 221
1520440415.526352406 198
1520440415.576353312 218
1520440415.626383781 197
1520440415.676384687 183
1520440415.726386786 165
1520440415.776388884 249
1520440415.826389790 228
1520440415.876390934 200
1520440415.926392794 182
1520440415.976393700 162
1520440416.026439190 145
1520440416.076440096 173
1520440416.126442194 169
1520440416.176443100 163
1520440416.226444960 156
1520440416.276447296 142
1520440416.326448202 227
1520440416.376450300 195
1520440416.426440001 182
1520440416.476442099 168
1520440416.526443005 208
1520440416.576444864 196
1520440416.626446009 175
1520440416.676448107 167
1520440416.726449966 228
1520440416.776451111 210
1520440416.826432705 192
1520440416.876433611 181
1520440416.926435947 211
1520440416.976436853 192
1520440417.026438713 181
1520440417.076440811 161
1520440417.126441717 208
1520440417.176443577 181
1520440417.226444721 159
1520440417.276441574 153
1520440417.326442480 215
1520440417.376444340 189
1520440417.426446676 174
1520440417.476447582 163
1520440417.526449442 148
1520440417.576451540 191
1520440417.626452446 179
1520440417.676398754 168
1520440417.726399899 232
1520440417.776406050 207
1520440417.826403141 190
1520440417.876405001 182
1520440417.926406860 166
1520440417.976408005 155
1520440418.026410103 151
1520440418.076347589 149
1520440418.126348495 142
1520440418.176356554 137
1520440418.226352692 163
1520440418.276353598 163
1520440418.326355696 154
1520440418.376356602 153
1520440418.426358461 148
1520440418.476356506 144
1520440418.526358604 215
1520440418.576359510 192
1520440418.626361609 172
1520440418.676363468 162
1520440418.726364374 152
1520440418.776366711 144
1520440418.826367378 191
1520440418.876414776 176
1520440418.926415682 154
1520440418.976417542 147
1520440419.026418686 145
1520440419.076420546 138
1520440419.126422644 136
1520440419.176423788 132
1520440419.226425648 129
1520440419.276428699 197
1520440419.326429605 178
1520440419.376431704 164
1520440419.426433802 154
1520440419.476434708 149
1520440419.526435614 221
1520440419.576437712 205
1520440419.626439571 194
1520440419.676444769 180
1520440419.726451874 166
1520440419.776454210 155
1520440419.826456070 148
1520440419.876456976 142
1520440419.926459074 192
1520440419.976462126 178
1520440420.026461840 169
1520440420.076481104 165
1520440420.126473188 156
1520440420.176475048 150
1520440420.226476192 136
1520440420.276478291 130
1520440420.326479197 198
1520440420.376481295 181
1520440420.426482201 168
1520440420.476484060 154
1520440420.526507616 224
1520440420.576509476 202
1520440420.626510382 179
1520440420.676512480 163
1520440420.726514339 155
1520440420.776515484 148
1520440420.826517582 192
1520440420.876518488 175
1520440420.926540136 159
1520440420.976541042 144
1520440421.026542902 124
1520440421.076545000 172
1520440421.126545906 149
1520440421.176548004 140
1520440421.226548910 135
1520440421.276551008 130
1520440421.326529264 212
1520440421.376531124 139
1520440421.426531315 129
1520440421.476534367 119
1520440421.526535511 107
1520440421.576536417 97
1520440421.626538277 133
1520440421.676539421 110
1520440421.726541281 99
1520440421.776543140 239
1520440421.826544285 210
1520440421.876546383 194
1520440421.926547289 177
1520440421.976583481 164
1520440422.026550293 178
1520440422.076552391 163
1520440422.126553297 148
1520440422.176532030 137
1520440422.226533175 129
1520440422.276535034 124
1520440422.326537132 123
1520440422.376538038 209
1520440422.426540136 176
1520440422.476541281 158
1520440422.526543140 149
1520440422.576555252 131
1520440422.626557112 120
1520440422.676559448 111
1520440422.726560354 194
1520440422.776562214 154
1520440422.826563358 141
1520440422.876565218 126
1520440422.926566124 121
1520440422.976580858 190
1520440423.026582956 162
1520440423.076585054 146
1520440423.126585960 139
1520440423.176587105 132
1520440423.226588964 126
1520440423.276590824 179
1520440423.326591969 159
1520440423.376582623 149
1520440423.426584482 129
1520440423.476585388 168
1520440423.526586533 157
1520440423.576588631 148
1520440423.626589775 133
1520440423.676591635 124
1520440423.726593494 115
1520440423.776580811 113
1520440423.826583147 233
1520440423.876634836 188
1520440423.926585913 162
1520440423.976587057 146
1520440424.026588917 205
1520440424.076590061 186
1520440424.126591921 172
1520440424.176592827 241
1520440424.226588011 203
1520440424.276590109 178
1520440424.326591015 171
1520440424.376593113 157
1520440424.426594019 176
1520440424.476595879 159
1520440424.526597023 147
1520440424.576599121 255
1520440424.626602650 220
1520440424.676603794 197
1520440424.726605892 166
1520440424.776606798 159
1520440424.826608896 196
1520440424.876609802 177
1520440424.926611662 164
1520440424.976613998 155
1520440425.026613951 145
1520440425.076614857 205
1520440425.126616001 177
1520440425.176618099 159
1520440425.226619959 153
1520440425.276622057 236
1520440425.326622009 199
1520440425.376624107 179
1520440425.426627874 162
1520440425.476628780 198
1520440425.526630640 187
1520440425.576631784 180
1520440425.626633644 173
1520440425.676634789 169
1520440425.726636887 161
1520440425.776709795 234
1520440425.826616287 205
1520440425.876618147 175
1520440425.926619291 163
1520440425.976621389 151
1520440426.026622295 141
1520440426.076624393 201
1520440426.126625299 187
1520440426.176627159 178
1520440426.226618052 166
1520440426.276620150 161
1520440426.326622009 229
1520440426.376623154 203
1520440426.426625013 175
1520440426.476625919 159
1520440426.526628017 145
1520440426.576628923 175
1520440426.626605511 158
1520440426.676607847 152
1520440426.726608753 144
1520440426.776610851 142
1520440426.826611757 138
1520440426.876614571 207
1520440426.926615715 199
1520440426.976616621 191
1520440427.026618719 182
1520440427.076591969 172
1520440427.126592875 239
1520440427.176594019 227
1520440427.226595879 214
1520440427.276596785 203
1520440427.326598883 192
1520440427.376600742 173
1520440427.426602840 164
1520440427.476574659 160
1520440427.526570797 147
1520440427.576572895 143
1520440427.626576900 194
1520440427.676675797 178
1520440427.726576805 168
1520440427.776578903 166
1520440427.826580763 159
1520440427.876576424 155
1520440427.926578522 151
1520440427.976579666 274
1520440428.026581526 262
1520440428.076582670 243
1520440428.126584530 305
1520440428.176585436 280
1520440428.226587534 247
1520440428.276582241 286
1520440428.326583385 273
1520440428.376585245 376
1520440428.426586390 348
1520440428.476588249 308
1520440428.526589155 338
1520440428.576591253 317
1520440428.626592159 294
1520440428.676585913 382
1520440428.726588011 354
1520440428.776589870 327
1520440428.826591015 361
1520440428.876592875 333
1520440428.926594734 315
1520440428.976594925 392
1520440429.026596785 366
1520440429.076581001 346
1520440429.126581907 432
1520440429.176584244 408
1520440429.226585150 374
1520440429.276587009 382
1520440429.326589108 362
1520440429.376590014 435
1520440429.426592112 392
1520440429.476593256 413
1520440429.526602030 427
1520440429.576603174 419
1520440429.626605034 346
1520440429.676605940 344
1520440429.726608038 424
1520440429.776608944 405
1520440429.826611042 360
1520440429.876613140 400
1520440429.926606894 348
1520440429.976608753 363
1520440430.026609659 330
1520440430.076611757 306
1520440430.126612663 314
1520440430.176614761 284
1520440430.226615906 292
1520440430.276617765 266
1520440430.326586723 348
1520440430.376587868 312
1520440430.426589727 343
1520440430.476590872 317
1520440430.526592731 293
1520440430.576593637 330
1520440430.626595736 293
1520440430.676597834 335
1520440430.726554155 296
1520440430.776555061 336
1520440430.826556921 313
1520440430.876558065 288
1520440430.926559925 301
1520440430.976562023 277
1520440431.026563168 262
1520440431.076564074 247
1520440431.126560211 240
1520440431.176561356 263
1520440431.226563215 237
1520440431.276565552 230
1520440431.326566458 215
1520440431.376568317 202
1520440431.426600456 181
1520440431.476571321 152
1520440431.526572227 143
1520440431.576589584 203
1520440431.626590490 185
1520440431.676592588 178
1520440431.726593494 165
1520440431.776595354 159
1520440431.826596498 147
1520440431.876598597 241
1520440431.926600456 209
1520440431.976627350 193
1520440432.026629448 184
1520440432.076630592 172
1520440432.126632452 232
1520440432.176633358 215
1520440432.226635456 196
1520440432.276637554 178
1520440432.326638222 171
1520440432.376649618 249
1520440432.426650763 222
1520440432.476652861 198
1520440432.526654720 187
1520440432.576655865 169
1520440432.626657724 209
1520440432.676658869 179
1520440432.726660967 166
1520440432.776681900 147
1520440432.826684237 143
1520440432.876686096 125
1520440432.926687002 113
1520440432.976689100 142
1520440433.026690960 129
1520440433.076691866 121
1520440433.126693010 114
1520440433.176736832 107
1520440433.226738930 100
1520440433.276739836 151
1520440433.326810837 135
1520440433.376742840 123
1520440433.426744938 114
1520440433.476746082 101
1520440433.526747942 138
1520440433.576809645 103
1520440433.626811981 87
1520440433.676812887 149
1520440433.726814985 129
1520440433.776815891 120
1520440433.826817751 105
1520440433.876819849 126
1520440433.926820755 109
1520440433.976822853 93
1520440434.026932240 121
1520440434.076934338 111
1520440434.126936436 101
1520440434.176937103 124
1520440434.226939440 102
1520440434.276940346 76
1520440434.326942444 55
1520440434.376943350 41
1520440434.426985264 85
1520440434.476986170 66
1520440434.526987314 53
1520440434.576989174 46
1520440434.626990318 102
1520440434.676992178 68
1520440434.726994276 57
1520440434.776995420 80
1520440434.827101469 68
1520440434.877100229 47
1520440434.927102566 76
1520440434.977103472 69
1520440435.027105331 102
1520440435.077106476 83
1520440435.127108335 82
1520440435.177109480 63
1520440435.227293968 60
1520440435.277294874 29
1520440435.327296734 64
1520440435.377297878 47
1520440435.427299738 67
1520440435.477301836 46
1520440435.527302980 47
1520440435.577304840 36
1520440435.627392769 29
1520440435.677394629 38
1520440435.727395535 35
1520440435.777397871 62
1520440435.827398539 49
1520440435.877400637 37
1520440435.927402735 56
1520440435.977403641 42
1520440436.027419806 37
1520440436.077420712 37
1520440436.127422810 35
1520440436.177423954 33
1520440436.227425814 32
1520440436.277427673 31
1520440436.327428818 29
1520440436.377430677 26
1520440436.427433014 25
1520440436.477365255 23
1520440436.527367353 21
1520440436.577369452 59
1520440436.627370358 53
1520440436.677373409 48
1520440436.727373362 45
1520440436.777375221 41
1520440436.827376366 40
1520440436.877313614 34
1520440436.927314520 25
1520440436.977316380 21
1520440437.027317524 20
1520440437.077344418 17
1520440437.127320290 16
1520440437.177322388 45
1520440437.227323294 37
1520440437.277280807 129
1520440437.327281952 74
1520440437.377283812 59
1520440437.427284718 68
1520440437.477286816 51
1520440437.527288914 58
1520440437.577289820 47
1520440437.627291918 35
1520440437.677273035 66
1520440437.727274895 48
1520440437.777276993 27
1520440437.827278137 20
1520440437.877279997 20
1520440437.927280903 14
1520440437.977283001 13
1520440438.027283907 12
1520440438.077263355 10
1520440438.127264261 29
1520440438.177266121 14
1520440438.227268457 13
1520440438.277270317 13
1520440438.327271223 13
1520440438.377272367 12
1520440438.427274227 11
1520440438.478301287 37
1520440438.528302193 14
1520440438.578303337 13
1520440438.628308296 13
1520440438.678307056 13
1520440438.728308916 13
1520440438.778310061 13
1520440438.828310966 13
1520440438.878313303 13
1520440438.929383755 11
1520440438.979460716 62
1520440439.029386759 33
1520440439.079388618 32
1520440439.129390478 62
1520440439.179391861 59
1520440439.229393721 48
1520440439.279394627 46
1520440439.328409195 21
1520440439.378410339 13
1520440439.428412199 11
1520440439.478414059 33
1520440439.528415203 21
1520440439.578417063 17
1520440439.628417969 12
1520440439.678420305 11
1520440439.728347301 34
1520440439.778349400 27
1520440439.828350544 14
1520440439.878352404 14
1520440439.928354263 14
1520440439.978355408 14
1520440440.028357267 14
1520440440.078359365 13
1520440440.129594088 27
1520440440.179596186 20
1520440440.229597092 20
1520440440.279599190 18
1520440440.329601288 16
1520440440.379602194 40
1520440440.429603338 35
1520440440.479605198 29
1520440440.534322977 28
1520440440.584325790 36
1520440440.634328842 27
1520440440.684327841 24
1520440440.734329939 22
1520440440.784330845 66
1520440440.834333897 54
1520440440.884333849 42
1520440440.935785294 58
1520440440.985786438 50
1520440441.035788298 47
1520440441.085790157 45
1520440441.135791302 43
1520440441.185793161 39
1520440441.235794544 67
1520440441.285796404 67
1520440441.335797310 60
1520440441.385799408 92
1520440441.435800314 83
1520440441.485802174 73
1520440441.535804510 65
1520440441.585805416 56
1520440441.635807276 50
1520440441.685808420 44
1520440441.735810280 38
1520440441.785811186 35
1520440441.835813284 31
1520440441.885815382 28
1520440441.935816526 26
1520440441.985819340 24
1520440442.035820246 22
1520440442.085821390 20
1520440442.135823250 18
1520440442.185824156 16
1520440442.235825300 56
1520440442.285827398 49
1520440442.335829258 44
1520440442.385830402 40
1520440442.435832262 34
1520440442.485833168 29
1520440442.535835505 22
1520440442.585840464 20
1520440442.635838270 34
1520440442.685840368 34
1520440442.735906363 51
1520440442.785843134 39
1520440442.835844278 30
1520440442.885846376 28
1520440442.935847521 27
1520440442.985849380 27
1520440443.035850286 55
1520440443.085852385 51
1520440443.135854244 48
1520440443.185855150 37
1520440443.235857487 41
1520440443.285858393 39
1520440443.335860252 30
1520440443.385861397 40
1520440443.435863256 29
1520440443.485865116 43
1520440443.535866261 41
1520440443.585868359 36
1520440443.635869503 59
1520440443.685871363 76
1520440443.735872269 64
1520440443.785874367 36
1520440443.833973169 24
1520440443.883974314 22
1520440443.933976412 21
1520440443.983978271 20
1520440444.033979416 57
1520440444.083981276 54
1520440444.133982182 49
1520440444.183984280 47
1520440444.231058598 10
1520440444.281060934 44
1520440444.331061840 30
1520440444.381063700 13
1520440444.431065798 12
1520440444.481066704 32
1520440444.531067848 30
1520440444.581069708 25
1520440444.629344463 40
1520440444.679346323 19
1520440444.729348660 15
1520440444.779349566 14
1520440444.829351425 14
1520440444.879352570 14
1520440444.929354429 14
1520440444.979355574 14
1520440445.028711319 14
1520440445.078713417 14
1520440445.128714561 13
1520440445.178716421 12
1520440445.228717327 12
1520440445.278719425 12
1520440445.328720331 12
1520440445.378722191 11
1520440445.429224968 37
1520440445.479225874 25
1520440445.529227734 23
1520440445.579228878 22
1520440445.629230738 21
1520440445.679232836 21
1520440445.729234934 20
1520440445.779235840 19
1520440445.833118677 63
1520440445.883121014 40
1520440445.933121681 35
1520440445.983123779 33
1520440446.033125877 33
1520440446.083126783 32
1520440446.133128643 31
1520440446.183129787 27
1520440446.233130693 25
1520440446.285953283 16
1520440446.335954428 15
1520440446.385956287 14
1520440446.435957193 12
1520440446.486028194 12
1520440446.535960436 11
1520440446.585961103 57
1520440446.635963440 36
1520440446.685965300 61
1520440446.735966206 57
1520440446.785968304 57
1520440446.835969210 54
1520440446.885971308 46
1520440446.935972452 43
1520440446.985974312 40
1520440447.035975456 35
1520440447.085977316 31
1520440447.135979176 29
1520440447.185980320 28
1520440447.235982418 25
1520440447.285983324 22
1520440447.335985422 20
1520440447.385986328 50
1520440447.435988188 42
1520440447.485990286 38
1520440447.535991192 36
1520440447.585993290 53
1520440447.635995388 48
1520440447.685996294 41
1520440447.735998154 38
1520440447.785999298 38
1520440447.836001396 65
1520440447.886003256 63
1520440447.936004400 57
1520440447.986005306 87
1520440448.036007404 78
1520440448.086008310 51
1520440448.136010170 43
1520440448.186012506 37
1520440448.236013412 59
1520440448.286015272 52
1520440448.336027384 79
1520440448.386018276 65
1520440448.436019182 60
1520440448.486021280 53
1520440448.536023378 47
1520440448.586024523 44
1520440448.636025429 65
1520440448.686027288 57
1520440448.735256672 47
1520440448.785257816 66
1520440448.835259676 65
1520440448.885260820 86
1520440448.935262680 83
1520440448.985263586 74
1520440449.035265684 73
1520440449.085267782 84
1520440449.132745743 41
1520440449.182747602 40
1520440449.232748508 39
1520440449.282750607 99
1520440449.332751513 76
1520440449.382753611 70
1520440449.432755709 67
1520440449.482757568 100
1520440449.530884266 33
1520440449.580886364 32
1520440449.630887508 87
1520440449.680889368 83
1520440449.730890274 103
1520440449.780892372 98
1520440449.830893278 140
1520440449.880895138 131
1520440449.929504395 87
1520440449.979506493 84
1520440450.029507399 180
1520440450.079509497 162
1520440450.129510403 142
1520440450.179512262 173
1520440450.229607344 185
1520440450.279515505 186
1520440450.328166962 40
1520440450.378168106 39
1520440450.428169966 117
1520440450.478170872 132
1520440450.528172970 121
1520440450.578173876 124
1520440450.628175974 116
1520440450.678178072 101
1520440450.728389263 112
1520440450.777780771 95
1520440450.827781677 134
1520440450.877783537 137
1520440450.927784681 136
1520440450.977786541 146
1520440451.027787447 144
1520440451.077789783 153
1520440451.127791643 114
1520440451.177330017 93
1520440451.227331877 85
1520440451.277332783 117
1520440451.327334881 80
1520440451.377336740 114
1520440451.427338839 130
1520440451.477339983 117
1520440451.527341843 101
1520440451.577256441 84
1520440451.627258539 69
1520440451.677259445 63
1520440451.727260351 60
1520440451.777263641 57
1520440451.827263594 51
1520440451.877265453 49
1520440451.927267551 44
1520440451.977642775 27
1520440452.027644873 27
1520440452.077692986 26
1520440452.127647638 26
1520440452.177648783 91
1520440452.227650881 90
1520440452.277652740 84
1520440452.327653885 77
1520440452.377909184 50
1520440452.427910089 48
1520440452.477911949 96
1520440452.527913332 82
1520440452.577915192 79
1520440452.627916098 78
1520440452.677918196 70
1520440452.727920055 66
1520440452.777655125 36
1520440452.827656984 32
1520440452.877657890 28
1520440452.927659988 59
1520440452.977660894 54
1520440453.027662754 52
1520440453.077665091 72
1520440453.127665997 65
1520440453.177408457 49
1520440453.227410316 49
1520440453.277411699 131
1520440453.327413559 96
1520440453.377415419 80
1520440453.427416563 69
1520440453.477418423 61
1520440453.527419329 52
1520440453.577420473 46
1520440453.627163172 19
1520440453.677165031 17
1520440453.727167130 55
1520440453.777168036 52
1520440453.827169180 46
1520440453.877171278 40
1520440453.927178144 54
1520440453.977174282 53
1520440454.027219772 51
1520440454.077221632 44
1520440454.127222776 41
1520440454.177224636 65
1520440454.227226734 91
1520440454.277227879 97
1520440454.327229738 71
1520440454.377230644 70
1520440454.427368402 50
1520440454.477369308 81
1520440454.527371407 72
1520440454.577372313 95
1520440454.627374411 92
1520440454.677376509 105
1520440454.727377415 91
1520440454.777379274 111
1520440454.827217102 77
1520440454.877218008 111
1520440454.927219152 164
1520440454.977221012 118
1520440455.027221918 100
1520440455.077225208 83
1520440455.127226114 94
1520440455.177227020 116
1520440455.227089643 55
1520440455.277091503 72
1520440455.327092648 53
1520440455.377094746 49
1520440455.427095652 261
1520440455.477097750 216
1520440455.527098656 197
1520440455.577100515 146
1520440455.627331018 21
1520440455.677329063 68
1520440455.727331161 105
1520440455.777334929 98
1520440455.827333212 84
1520440455.877335072 85
1520440455.927337170 96
1520440455.977338076 83
1520440456.027339935 71
1520440456.077556372 41
1520440456.127558470 66
1520440456.177559376 101
1520440456.227561474 87
1520440456.277563334 84
1520440456.327564240 102
1520440456.377566576 92
1520440456.427567244 99
1520440456.477716208 95
1520440456.527717113 87
1520440456.577718973 155
1520440456.627720118 125
1520440456.677722216 132
1520440456.727724314 157
1520440456.777726173 143
1520440456.827727079 162
1520440456.877616405 115
1520440456.927618504 115
1520440456.977619410 109
1520440457.027621269 104
1520440457.077622414 109
1520440457.127624512 93
1520440457.177625418 51
1520440457.227627516 63
1520440457.277335882 32
1520440457.327337027 62
1520440457.377338886 53
1520440457.427339792 41
1520440457.477342606 35
1520440457.527343988 50
1520440457.577344656 46
1520440457.627346992 55
1520440457.677718639 34
1520440457.727639437 62
1520440457.777641535 69
1520440457.827642679 108
1520440457.877644539 101
1520440457.927645683 93
1520440457.977647543 87
1520440458.027648449 91
1520440458.077650785 89
1520440458.127551556 94
1520440458.177553415 80
1520440458.227554560 149
1520440458.277556419 31
1520440458.327558517 49
1520440458.377559662 127
1520440458.427561522 126
1520440458.477562666 121
1520440458.527375937 75
1520440458.577377796 95
1520440458.627378941 82
1520440458.677380800 59
1520440458.727381706 47
1520440458.777384043 40
1520440458.827385902 57
1520440458.877387047 51
1520440458.927430153 38
1520440458.977431059 67
1520440459.027433157 74
1520440459.077435255 101
1520440459.127435923 84
1520440459.177437067 99
1520440459.227442265 99
1520440459.277440310 109
1520440459.328135252 16
1520440459.378138304 139
1520440459.428138256 124
1520440459.478140116 141
1520440459.528201103 146
1520440459.578143120 142
1520440459.628144503 155
1520440459.678146362 154
1520440459.727810860 113
1520440459.777812958 107
1520440459.827813864 88
1520440459.877815723 94
1520440459.927818060 147
1520440459.977818966 134
1520440460.027820826 152
1520440460.077821970 183
1520440460.127352476 21
1520440460.177353382 63
1520440460.227355480 60
1520440460.277357578 50
1520440460.327358484 44
1520440460.377360344 45
1520440460.427362442 38
1520440460.477363348 51
1520440460.527364492 83
1520440460.577698469 45
1520440460.627700567 140
1520440460.677701712 171
1520440460.727703571 145
1520440460.777705431 56
1520440460.827706575 91
1520440460.877708435 80
1520440460.927709341 76
1520440460.978045225 74
1520440461.028042078 79
1520440461.078045130 110
1520440461.128045082 75
1520440461.178046942 64
1520440461.228048086 101
1520440461.278053045 117
1520440461.328051090 142
1520440461.377510071 36
1520440461.427464247 104
1520440461.477466106 82
1520440461.527467966 67
1520440461.577469110 61
1520440461.627471209 74
1520440461.677472353 69
1520440461.727474213 63
1520440461.777408600 76
1520440461.827410460 305
1520440461.877412319 237
1520440461.927413464 157
1520440461.977415323 115
1520440462.027416468 95
1520440462.077418566 115
1520440462.127419472 136
1520440462.177879333 39
1520440462.227880239 179
1520440462.277882338 179
1520440462.327884197 195
1520440462.377885103 182
1520440462.427887440 146
1520440462.477889299 117
1520440462.527890205 111
1520440462.577840328 102
1520440462.627842188 95
1520440462.677843571 79
1520440462.727844238 96
1520440462.777847290 89
1520440462.827848434 92
1520440462.877849340 77
1520440462.927851200 96
1520440462.977852345 102
1520440463.027634144 74
1520440463.077636003 94
1520440463.127640009 170
1520440463.177639246 131
1520440463.227680922 97
1520440463.277642250 67
1520440463.327644110 39
1520440463.377645016 53
1520440463.427608490 48
1520440463.477610588 60
1520440463.527611494 76
1520440463.577613592 74
1520440463.627614498 95
1520440463.677616358 86
1520440463.727617502 82
1520440463.777619362 94
1520440463.827856302 64
1520440463.877857447 80
1520440463.927859545 99
1520440463.977860689 95
1520440464.027862549 105
1520440464.077863455 93
1520440464.127865553 116
1520440464.177866459 109
1520440464.228100777 84
1520440464.278102875 118
1520440464.328103781 105
1520440464.378105879 126
1520440464.428107738 122
1520440464.478109598 136
1520440464.528110743 125
1520440464.578111649 126
1520440464.628144503 140
1520440464.678145647 143
1520440464.728147507 153
1520440464.778149366 151
1520440464.828150511 127
1520440464.878152370 131
1520440464.928153515 133
1520440464.978157520 171
1520440465.027884245 142
1520440465.077928305 207
1520440465.127887249 207
1520440465.177889347 243
1520440465.227890253 263
1520440465.277892351 257
1520440465.327893257 275
1520440465.377895117 254
1520440465.427896261 217
1520440465.478389978 36
1520440465.528392076 197
1520440465.578392982 184
1520440465.628395081 165
1520440465.678396225 157
1520440465.728398085 139
1520440465.778398991 178
1520440465.828401089 172
1520440465.878471613 166
1520440465.928472757 157
1520440465.978474855 144
1520440466.028475761 140
1520440466.078477859 154
1520440466.128478765 167
1520440466.178481579 166
1520440466.228482723 200
1520440466.278416872 210
1520440466.328418970 217
1520440466.378419876 232
1520440466.428420782 191
1520440466.478423119 176
1520440466.528424025 153
1520440466.578425169 159
1520440466.628427029 158
1520440466.677715063 18
1520440466.727715731 54
1520440466.777718067 49
1520440466.827719927 67
1520440466.877720833 62
1520440466.927771807 77
1520440466.977723837 112
1520440467.027724981 126
1520440467.077907562 104
1520440467.127909660 134
1520440467.177910566 106
1520440467.227912426 84
1520440467.277913570 79
1520440467.327915430 92
1520440467.377916336 107
1520440467.427918673 122
1520440467.477880001 108
1520440467.527881145 118
1520440467.577883244 139
1520440467.627884388 116
1520440467.677886248 118
1520440467.727888107 127
1520440467.777889252 146
1520440467.827890158 150
1520440467.877892017 135
1520440467.928093910 65
1520440467.978094816 95
1520440468.028096676 89
1520440468.078099012 96
1520440468.128100872 99
1520440468.178101778 104
1520440468.228103876 115
1520440468.278104782 100
1520440468.327771187 65
1520440468.377773285 116
1520440468.427774191 169
1520440468.477778196 168
1520440468.527778387 168
1520440468.577779293 146
1520440468.627781153 118
1520440468.677782297 118
1520440468.728168964 82
1520440468.778236866 131
1520440468.828171730 117
1520440468.878172874 133
1520440468.928174734 110
1520440468.978175640 104
1520440469.028177977 96
1520440469.078179836 83
1520440469.128406048 85
1520440469.178407907 90
1520440469.228409052 104
1520440469.278410912 102
1520440469.328412056 132
1520440469.378414154 129
1520440469.428415060 137
1520440469.478417158 152
1520440469.528206348 145
1520440469.578207493 143
1520440469.628209352 148
1520440469.678210258 148
1520440469.728212595 128
1520440469.778213263 112
1520440469.828215361 114
1520440469.878217459 134
1520440469.928141117 113
1520440469.978142977 91
1520440470.028144121 94
1520440470.078145981 101
1520440470.128148079 88
1520440470.178149939 96
1520440470.228151083 115
1520440470.278155088 141
1520440470.328154087 131
1520440470.378063917 102
1520440470.428066015 86
1520440470.478067875 156
1520440470.528068781 135
1520440470.578069925 112
1520440470.628164768 121
1520440470.678074121 119
1520440470.728075027 113
1520440470.778129816 84
1520440470.828130722 99
1520440470.878133059 88
1520440470.928133965 93
1520440470.978135824 85
1520440471.028136969 108
1520440471.078138828 126
1520440471.128140688 136
1520440471.178532839 82
1520440471.228534698 126
1520440471.278535604 156
1520440471.328537941 111
1520440471.378538847 120
1520440471.428540707 133
1520440471.478542805 136
1520440471.528543711 156
1520440471.578238487 99
1520440471.628239632 111
1520440471.678241491 122
1520440471.728243351 130
1520440471.778245687 191
1520440471.828246593 172
1520440471.878247499 173
1520440471.928249598 163
1520440471.978066444 95
1520440472.028068542 126
1520440472.078069448 145
1520440472.128071308 156
1520440472.178073645 165
1520440472.228074551 144
1520440472.278076649 153
1520440472.328077555 217
1520440472.378320694 131
1520440472.428322792 212
1520440472.478323698 160
1520440472.528324842 165
1520440472.578326702 141
1520440472.628327608 119
1520440472.678329945 107
1520440472.728331804 109
1520440472.778332710 130
1520440472.828459501 92
1520440472.878460407 127
1520440472.928462267 127
1520440472.978463411 132
1520440473.028465509 165
1520440473.078467369 177
1520440473.128468513 166
1520440473.178470373 156
1520440473.228546858 153
1520440473.278548002 155
1520440473.328548908 139
1520440473.378550768 123
1520440473.428551912 116
1520440473.478553772 202
1520440473.528555870 183
1520440473.578557968 183
1520440473.628015280 43
1520440473.678017616 147
1520440473.728018522 165
1520440473.778019667 149
1520440473.828021526 128
1520440473.878023386 127
1520440473.928024530 135
1520440473.978026390 153
1520440474.028238297 97
1520440474.078240156 112
1520440474.128242254 168
1520440474.178243399 137
1520440474.228245258 143
1520440474.278269291 127
1520440474.328248262 145
1520440474.378249168 138
1520440474.428346872 135
1520440474.478347778 152
1520440474.528349876 176
1520440474.578350782 180
1520440474.628352880 202
1520440474.678354979 171
1520440474.728355885 171
1520440474.778357744 168
1520440474.828358889 163
1520440474.878247738 116
1520440474.928248882 119
1520440474.978250742 150
1520440475.028252602 160
1520440475.078253746 167
1520440475.128255844 135
1520440475.178256989 129
1520440475.228258848 126
1520440475.277971506 76
1520440475.327973604 124
1520440475.377975464 120
1520440475.427976370 137
1520440475.477978706 165
1520440475.527980566 178
1520440475.577981472 147
1520440475.627983570 125
1520440475.678171635 97
1520440475.728173494 88
1520440475.778174400 95
1520440475.828177452 102
1520440475.878177643 99
1520440475.928179502 79
1520440475.978180647 70
1520440476.028182507 73
1520440476.078294992 53
1520440476.128367901 56
1520440476.178297758 61
1520440476.228300095 94
1520440476.278301954 93
1520440476.328302860 83
1520440476.378304958 101
1520440476.428305864 69
1520440476.478437424 93
1520440476.528438330 132
1520440476.578440189 127
1520440476.628442287 114
1520440476.678443193 116
1520440476.728445292 132
1520440476.778446436 130
1520440476.828448296 115
1520440476.877988577 38
1520440476.927989483 62
1520440476.977990627 76
1520440477.027992487 69
1520440477.077994585 82
1520440477.127995729 102
1520440477.177997589 111
1520440477.227999449 114
1520440477.278000593 114
1520440477.328161001 87
1520440477.378163099 105
1520440477.428164005 83
1520440477.478166342 70
1520440477.528167248 71
1520440477.578168154 68
1520440477.628170252 63
1520440477.678172112 60
1520440477.727933884 48
1520440477.777934790 81
1520440477.827937126 64
1520440477.877938986 78
1520440477.927939892 82
1520440477.977941990 70
1520440478.027942896 74
1520440478.077944756 50
1520440478.127795458 56
1520440478.177797556 69
1520440478.227799654 51
1520440478.277800560 39
1520440478.327802658 29
1520440478.377803564 25
1520440478.427805424 41
1520440478.477806568 35
1520440478.528063297 22
1520440478.578064442 74
1520440478.628066301 107
1520440478.678068161 98
1520440478.728069305 107
1520440478.778071404 103
1520440478.828072309 133
1520440478.878074408 125
1520440478.928264141 111
1520440478.978266478 142
1520440479.028268337 130
1520440479.078269243 181
1520440479.128271341 147
1520440479.178273201 124
1520440479.228274107 118
1520440479.278275251 99
1520440479.328081608 86
1520440479.378082514 97
1520440479.428084373 87
1520440479.478086710 79
1520440479.528087616 69
1520440479.578089714 112
1520440479.628090620 104
1520440479.678092480 98
1520440479.728094816 93
1520440479.777980328 72
1520440479.827937365 70
1520440479.877939463 64
1520440479.927941322 86
1520440479.977942228 78
1520440480.027944565 89
1520440480.077945232 123
1520440480.127947330 87
1520440480.177873373 82
1520440480.227875233 62
1520440480.277877331 49
1520440480.327878475 40
1520440480.377880335 36
1520440480.427881241 45
1520440480.477883339 40
1520440480.527884245 39
1520440480.577943802 37
1520440480.627945662 34
1520440480.677946806 33
1520440480.727948904 65
1520440480.777950048 58
1520440480.827951908 56
1520440480.877953768 50
1520440480.927954912 46
1520440480.978168249 34
1520440481.028169155 71
1520440481.078171253 59
1520440481.128172398 80
1520440481.178174257 74
1520440481.228175163 64
1520440481.278177261 69
1520440481.328179121 66
1520440481.378155708 61
1520440481.428158045 57
1520440481.478158951 45
1520440481.528160810 56
1520440481.578162909 54
1520440481.628163815 48
1520440481.678164721 60
1520440481.728166819 56
1520440481.778111458 53
1520440481.828112364 50
1520440481.878114462 47
1520440481.928115368 44
1520440481.978117466 39
1520440482.028118610 32
1520440482.078120470 27
1520440482.128121376 23
1520440482.178123474 21
1520440482.228113413 21
1520440482.278114557 21
1520440482.328116417 42
1520440482.378117561 39
1520440482.428119659 74
1520440482.478120565 64
1520440482.528122663 80
1520440482.578123569 92
1520440482.628001451 58
1520440482.678003550 55
1520440482.728005409 55
1520440482.778006554 71
1520440482.828008413 70
1520440482.878009319 63
1520440482.928010464 59
1520440482.978013515 59
1520440483.027989149 69
1520440483.077990055 60
1520440483.127992392 56
1520440483.177994251 50
1520440483.227995157 48
1520440483.277996302 48
1520440483.328002214 47
1520440483.378000021 46
1520440483.428346395 25
1520440483.478302479 25
1520440483.528303385 77
1520440483.578305244 86
1520440483.628306389 91
1520440483.678308249 78
1520440483.728309155 82
1520440483.778311491 92
1520440483.828347683 70
1520440483.878349543 60
1520440483.928351641 73
1520440483.978352547 80
1520440484.028354645 95
1520440484.078355789 85
1520440484.128357649 133
1520440484.178358555 95
1520440484.228292942 45
1520440484.278294802 61
1520440484.328295946 57
1520440484.378297806 45
1520440484.428298712 43
1520440484.478300810 92
1520440484.528302908 82
1520440484.578304768 135
1520440484.628305912 104
1520440484.678832054 32
1520440484.728834391 112
1520440484.778835297 107
1520440484.828837156 100
1520440484.878838301 89
1520440484.928840160 125
1520440484.978841066 106
1520440485.028847218 111
1520440485.078292847 14
1520440485.128288746 39
1520440485.178290606 39
1520440485.228292704 39
1520440485.278293848 39
1520440485.328294754 39
1520440485.378296852 39
1520440485.428297758 39
1520440485.478462219 30
1520440485.528464079 66
1520440485.578465223 55
1520440485.628467083 79
1520440485.678468466 266
1520440485.728470325 180
1520440485.778471231 146
1520440485.828473330 118
1520440485.878281355 47
1520440485.928282738 38
1520440485.978284597 68
1520440486.028285503 65
1520440486.078287601 63
1520440486.128289461 58
1520440486.178290367 84
1520440486.228292704 74
1520440486.278697491 47
1520440486.328700304 44
1520440486.378700256 88
1520440486.428703547 106
1520440486.478704453 156
1520440486.528705597 175
1520440486.578707457 206
1520440486.628709316 207
1520440486.678794384 172
1520440486.728796482 273
1520440486.778797388 241
1520440486.828799486 269
1520440486.878800392 240
1520440486.928805351 231
1520440486.978803396 206
1520440487.028804302 180
1520440487.078880548 166
1520440487.128480673 49
1520440487.178481579 46
1520440487.228483677 46
1520440487.278484821 78
1520440487.328486681 72
1520440487.378487825 88
1520440487.428489685 97
1520440487.478491545 108
1520440487.528507471 106
1520440487.578509569 108
1520440487.628510475 92
1520440487.678512335 88
1520440487.728513479 94
1520440487.778515339 95
1520440487.828516722 76
1520440487.878518581 68
1520440487.928404570 57
1520440487.978405476 65
1520440488.028407574 98
1520440488.078408480 105
1520440488.128410339 105
1520440488.178412437 115
1520440488.228414536 116
1520440488.278415442 101
1520440488.328655720 65
1520440488.378656864 76
1520440488.428658724 81
1520440488.478659630 72
1520440488.528661728 101
1520440488.578662634 120
1520440488.628663540 108
1520440488.678665638 99
1520440488.728448868 65
1520440488.778449774 57
1520440488.828451633 53
1520440488.878482580 55
1520440488.928454638 78
1520440488.978455544 73
1520440489.028457642 61
1520440489.078459740 75
1520440489.128460646 64
1520440489.178612471 40
1520440489.228613377 50
1520440489.278615236 40
1520440489.328616381 51
1520440489.378618479 43
1520440489.428620338 53
1520440489.478621483 74
1520440489.528623343 85
1520440489.578450203 87
1520440489.628452063 81
1520440489.678453207 78
1520440489.728455067 92
1520440489.778455973 80
1520440489.828458309 81
1520440489.878460169 62
1520440489.928461075 69
1520440489.978696108 39
1520440490.028698206 71
1520440490.078699112 56
1520440490.128701210 61
1520440490.178702116 58
1520440490.228703976 47
1520440490.278706074 37
1520440490.328706980 56
1520440490.378323317 26
1520440490.428325176 23
1520440490.478327036 19
1520440490.528328180 45
1520440490.578330040 39
1520440490.628330946 33
1520440490.678333282 25
1520440490.728334188 24
1520440490.778474808 16
1520440490.828475714 12
1520440490.878477573 36
1520440490.928478718 35
1520440490.978480577 33
1520440491.028481722 30
1520440491.078483820 54
1520440491.128485680 144
1520440491.178553820 78
1520440491.228555918 68
1520440491.278556824 48
1520440491.328558922 65
1520440491.378560066 80
1520440491.428561926 77
1520440491.478563786 60
1520440491.528564930 60
1520440491.578567028 69
1520440491.628468275 46
1520440491.678470135 53
1520440491.728471994 73
1520440491.778474331 62
1520440491.828475237 57
1520440491.878476143 87
1520440491.928478241 183
1520440491.978479147 206
1520440492.028407097 113
1520440492.078408957 124
1520440492.128409863 133
1520440492.178411961 111
1520440492.228412867 103
1520440492.278414965 81
1520440492.328416109 60
1520440492.378417969 92
1520440492.428897619 15
1520440492.478899479 115
1520440492.528995514 121
1520440492.578902483 114
1520440492.628903389 115
1520440492.678905487 94
1520440492.728907585 95
1520440492.778908491 77
1520440492.828607321 29
1520440492.878608227 56
1520440492.928610325 54
1520440492.978611231 54
1520440493.028613329 56
1520440493.078615189 53
1520440493.128616095 51
1520440493.178618431 51
1520440493.228388309 42
1520440493.278390169 62
1520440493.328392267 101
1520440493.378393412 85
1520440493.428394318 123
1520440493.478396177 108
1520440493.528398275 109
1520440493.578400373 102
1520440493.628648996 30
1520440493.678650856 95
1520440493.728652000 104
1520440493.778653860 108
1520440493.828654766 99
1520440493.878657103 96
1520440493.928658009 77
1520440493.978659868 74
1520440494.028639793 106
1520440494.078781843 66
1520440494.128783941 56
1520440494.178785086 69
1520440494.228785992 92
1520440494.278788090 112
1520440494.328857183 107
1520440494.378790855 121
1520440494.428793192 228
1520440494.478845119 126
1520440494.528847456 86
1520440494.578848362 68
1520440494.628850222 75
1520440494.678852320 77
1520440494.728853226 79
1520440494.778855085 84
1520440494.828856230 122
1520440494.878907919 102
1520440494.928908825 105
1520440494.978910685 106
1520440495.028911829 106
1520440495.078913689 96
1520440495.128915787 85
1520440495.178916931 91
1520440495.228918791 97
1520440495.279306412 49
1520440495.329308748 93
1520440495.379310608 74
1520440495.429312468 96
1520440495.479313612 103
1520440495.529314518 105
1520440495.579316854 121
1520440495.629318714 174
1520440495.679306984 165
1520440495.729308128 160
1520440495.779309988 169
1520440495.829312086 183
1520440495.879314184 172
1520440495.929315090 142
1520440495.979315996 133
1520440496.029318094 135
1520440496.079486370 128
1520440496.129533768 206
1520440496.179489613 185
1520440496.229491472 158
1520440496.279493570 151
1520440496.329494476 133
1520440496.379496336 154
1520440496.429497719 149
1520440496.479499578 125
1520440496.529316187 65
1520440496.579318047 87
1520440496.629320145 127
1520440496.679321051 114
1520440496.729322910 101
1520440496.779324055 81
1520440496.829326153 77
1520440496.879327059 106
1520440496.929238558 90
1520440496.979239464 108
1520440497.029241323 113
1520440497.079243422 125
1520440497.129244328 131
1520440497.179246426 127
1520440497.229248524 146
1520440497.279249430 145
1520440497.329405069 108
1520440497.379406452 117
1520440497.429408312 119
1520440497.479409218 103
1520440497.529411316 95
1520440497.579412222 94
1520440497.629414082 75
1520440497.679416418 107
1520440497.729273319 110
1520440497.779274225 335
1520440497.829276323 280
1520440497.879278421 232
1520440497.929308414 225
1520440497.979281425 198
1520440498.029282331 215
1520440498.079284191 257
1520440498.129187822 144
1520440498.179189682 125
1520440498.229190588 149
1520440498.279192924 159
1520440498.329194784 176
1520440498.379195690 165
1520440498.429197788 145
1520440498.479198694 171
1520440498.529223919 168
1520440498.579225063 182
1520440498.629226923 189
1520440498.679229259 182
1520440498.729230165 197
1520440498.779232025 183
1520440498.829233170 172
1520440498.879235029 172
1520440498.929235935 169
1520440498.979434252 123
1520440499.029436111 146
1520440499.079437256 132
1520440499.129439116 154
1520440499.179440022 162
1520440499.229442358 134
1520440499.279444218 129
1520440499.329445124 124
1520440499.379146099 53
1520440499.429148912 81
1520440499.479149818 78
1520440499.529150963 196
1520440499.579152822 175
1520440499.629154921 134
1520440499.679156065 117
1520440499.729173899 104
1520440499.778891087 47
1520440499.828892946 67
1520440499.878893852 58
1520440499.928895950 52
1520440499.978896856 56
1520440500.028898716 50
1520440500.078899860 61
1520440500.128901958 56
1520440500.178720236 42
1520440500.228722095 65
1520440500.278724432 60
1520440500.328725338 46
1520440500.378727198 67
1520440500.428729296 63
1520440500.478730202 84
1520440500.528731108 80
1520440500.578815937 63
1520440500.628817081 52
1520440500.678819180 44
1520440500.728821039 29
1520440500.778823137 44
1520440500.828824997 33
1520440500.878824949 46
1520440500.928827047 38
1520440500.978762388 26
1520440501.028764486 46
1520440501.078765392 37
1520440501.128766537 47
1520440501.178768396 138
1520440501.228770256 138
1520440501.278771400 115
1520440501.328773260 116
1520440501.378774166 143
1520440501.428753853 97
1520440501.478756189 73
1520440501.528769016 83
1520440501.578758955 89
1520440501.628761053 83
1520440501.678761959 74
1520440501.728763819 78
1520440501.778764963 64
1520440501.829114914 26
1520440501.879117012 99
1520440501.929117918 120
1520440501.979119778 136
1520440502.029120922 187
1520440502.079123020 113
1520440502.129124165 94
1520440502.179126024 76
1520440502.228909492 28
1520440502.278911591 30
1520440502.328913450 50
1520440502.378914595 47
1520440502.428916454 36
1520440502.478917360 50
1520440502.528919458 73
1520440502.578921556 75
1520440502.629141331 58
1520440502.679143190 118
1520440502.729145288 101
1520440502.779146194 98
1520440502.829148054 126
1520440502.879149199 109
1520440502.929151297 99
1520440502.979152203 100
1520440503.028837204 58
1520440503.078839064 76
1520440503.128840923 68
1520440503.178842068 99
1520440503.228843927 114
1520440503.278844833 127
1520440503.328859091 135
1520440503.378849030 132
1520440503.428849936 118
1520440503.478814363 119
1520440503.528815508 101
1520440503.578817606 82
1520440503.628818750 68
1520440503.678820610 57
1520440503.728821516 37
1520440503.778823614 35
1520440503.828824520 55
1520440503.878899813 123
1520440503.928901672 115
1520440503.978902578 331
1520440504.028904676 256
1520440504.078906536 253
1520440504.128907442 213
1520440504.178908587 172
1520440504.228910685 136
1520440504.279155970 103
1520440504.329157114 135
1520440504.379158974 156
1520440504.429159880 143
1520440504.479163170 104
1520440504.529164076 90
1520440504.579165220 107
1520440504.629167080 102
1520440504.679333448 87
1520440504.729334354 109
1520440504.779335260 98
1520440504.829337358 101
1520440504.879338264 84
1520440504.929340124 101
1520440504.979342222 107
1520440505.029343128 120
1520440505.079535246 119
1520440505.129552364 158
1520440505.179538488 186
1520440505.229539394 160
1520440505.279541254 162
1520440505.329543352 259
1520440505.379544258 294
1520440505.429545403 265
1520440505.479471922 208
1520440505.529474020 219
1520440505.579474926 222
1520440505.629476786 218
1520440505.679477930 193
1520440505.729480028 179
1520440505.779480934 172
1520440505.829483032 159
1520440505.879533529 150
1520440505.929589748 145
1520440505.979591608 158
1520440506.029592752 160
1520440506.079594851 182
1520440506.129596710 163
1520440506.179598808 173
1520440506.229599714 171
1520440506.279600859 148
1520440506.329230785 106
1520440506.379231691 90
1520440506.429234028 105
1520440506.479235888 96
1520440506.529237747 105
1520440506.579240799 93
1520440506.629239798 96
1520440506.679241657 108
1520440506.729501247 75
1520440506.779503345 103
1520440506.829504251 174
1520440506.879506111 147
1520440506.929533243 240
1520440506.979509354 185
1520440507.029510260 141
1520440507.079512358 139
1520440507.129437685 148
1520440507.179438591 128
1520440507.229440689 101
1520440507.279441595 103
1520440507.329443693 86
1520440507.379444838 96
1520440507.429446697 87
1520440507.479448557 76
1520440507.529501200 66
1520440507.579503059 82
1520440507.629504204 76
1520440507.679506063 96
1520440507.729507446 116
1520440507.779509306 118
1520440507.829511166 113
1520440507.879512310 95
1520440507.929683447 95
1520440507.979684591 121
1520440508.029686451 137
1520440508.079688549 240
1520440508.129689693 178
1520440508.179691553 201
1520440508.229693413 157
1520440508.279694557 164
1520440508.329274893 52
1520440508.379276752 97
1520440508.429279089 192
1520440508.479279757 184
1520440508.529281139 181
1520440508.579282999 185
1520440508.629283905 171
1520440508.679286003 182
1520440508.729332924 172
1520440508.779386282 140
1520440508.829388380 150
1520440508.879389524 143
1520440508.929391384 137
1520440508.979393244 149
1520440509.029394388 118
1520440509.079396248 102
1520440509.129397154 79
1520440509.179603815 75
1520440509.229604721 83
1520440509.279606581 87
1520440509.329607725 112
1520440509.379609585 132
1520440509.429610491 138
1520440509.479612589 127
1520440509.529614687 129
1520440509.579443216 105
1520440509.629445076 113
1520440509.679446220 115
1520440509.729448080 109
1520440509.779450178 150
1520440509.829451323 156
1520440509.879453182 120
1520440509.929454327 105
1520440509.979135275 35
1520440510.029136419 80
1520440510.079137325 76
1520440510.129138470 91
1520440510.179140329 81
1520440510.229142189 55
1520440510.279143333 50
1520440510.329145432 62
1520440510.379073143 55
1520440510.429075241 62
1520440510.479077101 56
1520440510.529142380 98
1520440510.579079151 108
1520440510.629081011 90
1520440510.679083347 115
1520440510.729084253 87
1520440510.779086113 99
1520440510.829129457 95
1520440510.879131556 107
1520440510.929132462 158
1520440510.979134560 132
1520440511.029135704 110
1520440511.079137564 96
1520440511.129139423 108
1520440511.179140568 86
1520440511.229074955 100
1520440511.279075861 113
1520440511.329077721 105
1520440511.379078865 97
1520440511.429080725 122
1520440511.479083061 116
1520440511.529083967 107
1520440511.579085827 95
1520440511.629318237 61
1520440511.679320097 82
1520440511.729322195 98
1520440511.779324055 202
1520440511.829324961 176
1520440511.879326105 165
1520440511.929328203 178
1520440511.979329109 189
1520440512.029428959 114
1520440512.079429865 91
1520440512.129431725 77
1520440512.179432869 70
1520440512.229434967 73
1520440512.279436827 62
1520440512.329529762 81
1520440512.379439831 76
1520440512.429205179 49
1520440512.479207277 73
1520440512.529207945 68
1520440512.579210281 64
1520440512.629211187 62
1520440512.679213047 57
1520440512.729215145 57
1520440512.779216051 75
1520440512.829197884 68
1520440512.879198790 59
1520440512.929200649 50
1520440512.979201794 44
1520440513.029203653 36
1520440513.079205513 55
1520440513.129206896 47
1520440513.179208755 44
1520440513.229209661 43
1520440513.279232740 58
1520440513.329233646 54
1520440513.379236698 50
1520440513.429237843 69
1520440513.479239702 90
1520440513.529240847 87
1520440513.579242706 84
1520440513.629243612 79
1520440513.679376841 66
1520440513.729377747 62
1520440513.779381752 55
1520440513.829381943 41
1520440513.879382849 52
1520440513.929383993 40
1520440513.979385853 35
1520440514.029386759 47
1520440514.079242706 33
1520440514.129243851 46
1520440514.179245710 29
1520440514.229247808 23
1520440514.279248953 37
1520440514.329250813 37
1520440514.379251719 63
1520440514.429253817 57
1520440514.479090691 37
1520440514.529092550 52
1520440514.579093695 48
1520440514.629095793 40
1520440514.679097652 32
1520440514.729098797 23
1520440514.779100657 16
1520440514.829101562 39
1520440514.879135132 26
1520440514.929136276 46
1520440514.979138374 36
1520440515.029140234 33
1520440515.079141378 47
1520440515.129143238 45
1520440515.179145098 42
1520440515.229146481 38
1520440515.279368639 34
1520440515.329369783 34
1520440515.379371881 69
1520440515.429373980 84
1520440515.479374886 74
1520440515.529376745 58
1520440515.579377890 40
1520440515.629379749 44
1520440515.679380655 38
1520440515.729485989 28
1520440515.779488325 48
1520440515.829489231 81
1520440515.879512072 66
1520440515.929493189 51
1520440515.979494095 65
1520440516.029495955 56
1520440516.079497099 51
1520440516.129126549 19
1520440516.179127455 51
1520440516.229129791 45
1520440516.279131651 43
1520440516.329132557 38
1520440516.379134655 28
1520440516.429135561 21
1520440516.479137421 19
1520440516.529325247 14
1520440516.579327345 44
1520440516.629328489 51
1520440516.679330349 39
1520440516.729332447 33
1520440516.779333353 32
1520440516.829335213 52
1520440516.879336357 45
1520440516.929226160 38
1520440516.979228258 55
1520440517.029230118 119
1520440517.079231262 117
1520440517.129232168 112
1520440517.179234982 106
1520440517.229236126 93
1520440517.279237032 74
1520440517.329590082 23
1520440517.379592180 71
1520440517.429593086 75
1520440517.479594946 63
1520440517.529597282 48
1520440517.579599142 58
1520440517.629600048 54
1520440517.679664135 74
1520440517.729599953 62
1520440517.779338837 28
1520440517.829340696 49
1520440517.879342794 65
1520440517.929343700 55
1520440517.979345560 77
1520440518.029346704 76
1520440518.079348803 107
1520440518.129349709 85
1520440518.179386377 62
1520440518.229387283 55
1520440518.279389381 45
1520440518.329391241 36
1520440518.379392147 49
1520440518.429394484 38
1520440518.479395390 33
1520440518.529397249 52
1520440518.579459190 62
1520440518.629461050 76
1520440518.679463148 72
1520440518.729465008 81
1520440518.779465914 106
1520440518.829468250 101
1520440518.879469156 120
1520440518.929471016 115
1520440518.979646206 96
1520440519.029647112 79
1520440519.079648018 112
1520440519.129650116 84
1520440519.179651022 82
1520440519.229652882 89
1520440519.279655218 88
1520440519.329656124 62
1520440519.379776478 41
1520440519.429778576 57
1520440519.479780674 67
1520440519.529781580 57
1520440519.579783678 51
1520440519.629784584 50
1520440519.679786444 47
1520440519.729787588 62
1520440519.779672861 72
1520440519.829673767 71
1520440519.879675865 70
1520440519.929677725 91
1520440519.979678631 85
1520440520.029680967 76
1520440520.079681873 62
1520440520.129683733 48
1520440520.179689169 43
1520440520.229690313 54
1520440520.279692173 65
1520440520.329693079 54
1520440520.379695415 69
1520440520.429697275 78
1520440520.479698181 96
1520440520.529700279 102
1520440520.579701185 127
1520440520.629572630 104
1520440520.679573536 120
1520440520.729575396 140
1520440520.779576540 133
1520440520.829578400 129
1520440520.879580498 152
1520440520.929581642 134
1520440520.979582548 110
1520440521.029853582 73
1520440521.079855680 107
1520440521.129856586 100
1520440521.179858685 98
1520440521.229880571 130
1520440521.279861450 99
1520440521.329862595 99
1520440521.379864693 92
1520440521.429711819 71
1520440521.479713678 79
1520440521.529715776 90
1520440521.579716921 83
1520440521.629718781 96
1520440521.679719687 93
1520440521.729721785 118
1520440521.779723883 112
1520440521.829809189 111
1520440521.879811049 150
1520440521.929812193 122
1520440521.979814053 120
1520440522.029815197 98
1520440522.079817295 87
1520440522.129819155 86
1520440522.179820299 82
1520440522.229897738 101
1520440522.279899597 88
1520440522.329902887 84
1520440522.379903793 78
1520440522.429904699 75
1520440522.479905844 102
1520440522.529907703 114
1520440522.579909563 112
1520440522.629852057 104
1520440522.679852962 99
1520440522.729854107 97
1520440522.779856205 94
1520440522.829858065 91
1520440522.879859209 90
1520440522.929860115 88
1520440522.979862213 87
1520440523.029939175 109
1520440523.079908609 107
1520440523.129910469 102
1520440523.179911613 101
1520440523.229913712 100
1520440523.279914379 98
1520440523.329916716 97
1520440523.379917622 95
1520440523.429919481 94
1520440523.479905605 92
1520440523.529906750 92
1520440523.579908609 92
1520440523.629909515 92
1520440523.679911613 92
1520440523.729912519 92
1520440523.779914379 92
1520440523.829916716 91
1520440523.879904270 89
1520440523.929906130 87
1520440523.979907036 86
1520440524.029909134 86
1520440524.079911232 79
1520440524.129912138 78
1520440524.179914236 76
1520440524.229915142 75
1520440524.279891491 72
1520440524.329892635 95
1520440524.379894495 92
1520440524.429895401 92
1520440524.479897499 88
1520440524.529899597 86
1520440524.579900503 83
1520440524.629904747 83
1520440524.679826021 133
1520440524.729827881 129
1520440524.779829741 120
1520440524.829830885 116
1520440524.879831791 109
1520440524.929833651 97
1520440524.979834795 88
1520440525.029836893 79
1520440525.079838753 77
1520440525.129647017 63
1520440525.179649353 60
1520440525.229650259 56
1520440525.279652119 54
1520440525.329653263 74
1520440525.379655123 72
1520440525.429656267 69
1520440525.479658127 130
1520440525.529527664 73
1520440525.579528332 63
1520440525.629530668 78
1520440525.679531574 69
1520440525.729533672 60
1520440525.779535532 55
1520440525.829537630 48
1520440525.879538774 42
1520440525.929465532 39
1520440525.979467630 35
1520440526.029469728 34
1520440526.079470634 33
1520440526.129472494 32
1520440526.179474592 30
1520440526.229475498 30
1520440526.279476404 30
1520440526.329451323 30
1520440526.379452229 68
1520440526.429454088 59
1520440526.479460001 55
1520440526.529457092 51
1520440526.579517126 45
1520440526.629460335 44
1520440526.679462194 42
1520440526.729452133 42
1520440526.779453993 42
1520440526.829454899 41
1520440526.879456997 41
1520440526.929457903 40
1520440526.979459763 35
1520440527.029462099 31
1520440527.079463005 30
1520440527.129475594 28
1520440527.179476500 58
1520440527.229478598 56
1520440527.279479504 51
1520440527.329481363 48
1520440527.379482508 42
1520440527.429484606 42
1520440527.479486465 42
1520440527.529487610 38
1520440527.579489231 38
1520440527.629491091 36
1520440527.679491997 36
1520440527.729494333 36
1520440527.779496193 34
1520440527.829497099 33
1520440527.879498243 50
1520440527.929501295 49
1520440527.979572773 44
1520440528.029574633 44
1520440528.079575777 43
1520440528.129578829 39
1520440528.179578781 38
1520440528.229580879 36
1520440528.279582739 34
1520440528.329583883 33
1520440528.379695177 31
1520440528.429696083 31
1520440528.479697943 29
1520440528.529699087 69
1520440528.579700947 64
1520440528.629702091 59
1520440528.679703951 104
1520440528.729706049 95
1520440528.779859304 64
1520440528.829861164 62
1520440528.879862309 62
1520440528.929864168 61
1520440528.979865074 61
1520440529.029867172 60
1520440529.079869270 59
1520440529.129870176 59
1520440529.179936886 59
1520440529.229938030 56
1520440529.279939890 56
1520440529.329940796 56
1520440529.379942894 56
