1520616724.407773018 62
1520616724.457774878 113
1520616724.507776022 112
1520616724.557777882 108
1520616724.607778788 100
1520616724.657780886 94
1520616724.707781792 204
1520616724.757783890 174
1520616724.807788849 167
1520616724.857789755 205
1520616724.907791853 193
1520616724.957894802 190
1520616725.007794619 189
1520616725.057795763 180
1520616725.107797861 174
1520616725.157799006 169
1520616725.207800865 167
1520616725.257856369 156
1520616725.307858467 208
1520616725.357859373 206
1520616725.407861233 203
1520616725.457863331 287
1520616725.507864237 267
1520616725.557866335 302
1520616725.607868433 283
1520616725.657862425 269
1520616725.707863331 258
1520616725.757865429 253
1520616725.807866335 246
1520616725.857868195 244
1520616725.907871485 242
1520616725.957871437 234
1520616726.007873297 226
1520616726.057950258 243
1520616726.107951164 233
1520616726.157953262 226
1520616726.207954168 224
1520616726.257956028 223
1520616726.307958364 223
1520616726.357959270 201
1520616726.407961130 201
1520616726.457912922 188
1520616726.507915020 233
1520616726.557915926 225
1520616726.607916832 217
1520616726.657918930 304
1520616726.707920790 284
1520616726.757921934 277
1520616726.807924032 268
1520616726.857948065 262
1520616726.907950163 255
1520616726.957951307 253
1520616727.007953167 245
1520616727.057955027 261
1520616727.107956171 241
1520616727.157958031 236
1520616727.207958937 235
1520616727.257899046 219
1520616727.307899952 213
1520616727.357901812 211
1520616727.407903910 210
1520616727.457904816 208
1520616727.507906914 205
1520616727.557909012 198
1520616727.607909918 190
1520616727.657911777 190
1520616727.707913160 189
1520616727.757913351 189
1520616727.807916403 189
1520616727.857917070 189
1520616727.907918453 187
1520616727.957920313 186
1520616728.007921219 179
1520616728.057923317 179
1520616728.107905865 175
1520616728.157907724 173
1520616728.207920551 192
1520616728.257910728 189
1520616728.307912588 175
1520616728.357913494 171
1520616728.407915831 171
1520616728.457916737 171
1520616728.507941723 171
1520616728.557942867 170
1520616728.607944727 161
1520616728.657946587 161
1520616728.707947731 158
1520616728.757949591 157
1520616728.807950497 157
1520616728.857952833 155
1520616728.907965422 155
1520616728.957967281 155
1520616729.007968426 155
1520616729.057970524 155
1520616729.107972622 153
1520616729.157973528 153
1520616729.207975388 153
1520616729.257977486 153
1520616729.307996511 153
1520616729.357998610 152
1520616729.408000469 147
1520616729.458001375 147
1520616729.508002520 147
1520616729.558004379 147
1520616729.608006477 147
1520616729.658007622 147
1520616729.708018541 147
1520616729.758019209 147
1520616729.808020592 147
1520616729.858068466 147
1520616729.908024311 145
1520616729.958025455 189
1520616730.008027315 187
1520616730.058028221 182
1520616730.108030558 181
1520616730.158037663 175
1520616730.208039761 174
1520616730.258041859 172
1520616730.308042765 171
1520616730.358044624 171
1520616730.408045769 171
1520616730.458047628 171
1520616730.508049726 169
1520616730.558050871 164
1520616730.608051777 156
1520616730.658053637 155
1520616730.708055735 154
1520616730.758056641 153
1520616730.808058739 152
1520616730.858060837 152
1520616730.908062696 152
1520616730.958051682 152
1520616731.008053780 151
1520616731.058054686 151
1520616731.108055592 150
1520616731.158057690 243
1520616731.208058596 195
1520616731.258060694 256
1520616731.308061600 230
1520616731.358057022 297
1520616731.408058882 266
1520616731.458060026 308
1520616731.508141756 352
1520616731.558062792 382
1520616731.608065128 409
1520616731.658066034 418
1520616731.708067894 424
1520616731.757885695 211
1520616731.807887793 298
1520616731.857889891 329
1520616731.907890797 353
1520616731.957892895 382
1520616732.007893801 336
1520616732.057895660 391
1520616732.107896805 354
1520616732.157942772 342
1520616732.207943678 476
1520616732.257945538 472
1520616732.307947874 427
1520616732.357948780 475
1520616732.407950640 435
1520616732.457952738 463
1520616732.507953644 431
1520616732.557955742 481
1520616732.608239174 176
1520616732.658241034 171
1520616732.708242178 326
1520616732.758244038 429
1520616732.808248043 472
1520616732.858247280 495
1520616732.908249140 479
1520616732.958250046 521
1520616733.008350372 308
1520616733.058351278 406
1520616733.108353376 357
1520616733.158354521 426
1520616733.208356380 452
1520616733.258357286 428
1520616733.308359385 420
1520616733.358360291 404
1520616733.408395529 381
1520616733.458397388 401
1520616733.508398533 420
1520616733.558400631 401
1520616733.608401775 423
1520616733.658403635 384
1520616733.708404541 369
1520616733.758406639 357
1520616733.808284521 263
1520616733.858286381 331
1520616733.908288240 298
1520616733.958289385 312
1520616734.008291245 287
1520616734.058292389 288
1520616734.108294487 297
1520616734.158296347 316
1520616734.208430290 228
1520616734.258431435 265
1520616734.308432341 277
1520616734.358434677 251
1520616734.408436537 234
1520616734.458437443 237
1520616734.508438587 218
1520616734.558440447 255
1520616734.608036041 33
1520616734.658036947 114
1520616734.708039284 103
1520616734.758039951 146
1520616734.808042049 181
1520616734.858043194 195
1520616734.908045053 228
1520616734.958045959 234
1520616735.008048058 238
1520616735.057911396 110
1520616735.107912540 214
1520616735.157914400 262
1520616735.207915306 288
1520616735.257917404 305
1520616735.307918310 292
1520616735.357920170 327
1520616735.407921314 293
1520616735.458164930 81
1520616735.508167028 259
1520616735.558168173 298
1520616735.608170033 340
1520616735.658170938 358
1520616735.708173037 389
1520616735.758174896 366
1520616735.808175802 350
1520616735.858806133 41
1520616735.908808231 213
1520616735.958809137 318
1520616736.008810997 380
1520616736.058812141 382
1520616736.108814001 368
1520616736.158814907 346
1520616736.208817244 339
1520616736.258398294 107
1520616736.308400154 240
1520616736.358401060 279
1520616736.408424139 286
1520616736.458404064 285
1520616736.508405924 277
1520616736.558407068 255
1520616736.608409166 306
1520616736.658056974 98
1520616736.708058119 85
1520616736.758059978 80
1520616736.808060884 132
1520616736.858063221 97
1520616736.908063889 73
1520616736.958065987 89
1520616737.008067131 148
1520616737.058068991 223
1520616737.107939482 160
1520616737.157940388 217
1520616737.207942724 263
1520616737.257943630 227
1520616737.307945490 245
1520616737.357947588 299
1520616737.407948494 309
1520616737.457950354 331
1520616737.508017063 190
1520616737.558018208 280
1520616737.608020306 272
1520616737.658022165 320
1520616737.708023310 331
1520616737.758024216 317
1520616737.808026075 328
1520616737.858027220 333
1520616737.908360243 82
1520616737.958361149 276
1520616738.008363247 230
1520616738.058416128 306
1520616738.108366013 309
1520616738.158367157 282
1520616738.208369255 285
1520616738.258371115 302
1520616738.308404922 294
1520616738.358407021 292
1520616738.408407927 288
1520616738.458410025 279
1520616738.508410931 295
1520616738.558412790 304
1520616738.608413935 338
1520616738.658415794 304
1520616738.708337307 237
1520616738.758338451 300
1520616738.808340549 298
1520616738.858341455 280
1520616738.908343554 278
1520616738.958344460 342
1520616739.008346319 381
1520616739.058348656 337
1520616739.108448744 224
1520616739.158450603 219
1520616739.208452940 210
1520616739.258454800 372
1520616739.308455706 362
1520616739.358456850 340
1520616739.408457756 316
1520616739.458460569 330
1520616739.508461714 337
1520616739.558614731 200
1520616739.608616590 289
1520616739.658618927 313
1520616739.708699703 325
1520616739.758620739 337
1520616739.808622837 324
1520616739.858624697 320
1520616739.908625603 306
1520616739.958545208 258
1520616740.008546352 285
1520616740.058548212 316
1520616740.108549118 333
1520616740.158551216 354
1520616740.208552122 313
1520616740.258554459 314
1520616740.308556318 293
1520616740.358345270 132
1520616740.408347130 192
1520616740.458348989 213
1520616740.508350134 234
1520616740.558351040 233
1520616740.608353138 241
1520616740.658355236 221
1520616740.708357096 224
1520616740.758201122 134
1520616740.808202982 163
1520616740.858203888 172
1520616740.908205986 173
1520616740.958208084 174
1520616741.008208990 172
1520616741.058211088 193
1520616741.108211994 219
1520616741.158144951 209
1520616741.208147049 236
1520616741.258147955 259
1520616741.308150053 252
1520616741.358150959 281
1520616741.408152819 249
1520616741.458154917 261
1520616741.508155823 305
1520616741.558157921 292
1520616741.608344793 132
1520616741.658346653 231
1520616741.708347797 247
1520616741.758349895 272
1520616741.808350801 280
1520616741.858352900 301
1520616741.908354759 312
1520616741.958355665 327
1520616742.008559942 171
1520616742.058561087 239
1520616742.108562946 274
1520616742.158563852 271
1520616742.208565950 248
1520616742.258568048 273
1520616742.308569908 277
1520616742.358571053 246
1520616742.408459663 173
1520616742.458460569 233
1520616742.508462667 275
1520616742.558463812 277
1520616742.608464718 288
1520616742.658466816 326
1520616742.708468676 361
1520616742.758469582 366
1520616742.808308840 212
1520616742.858310699 270
1520616742.908311605 241
1520616742.958312750 243
1520616743.008314610 236
1520616743.058316469 257
1520616743.108317614 256
1520616743.158319712 252
1520616743.208206177 175
1520616743.258208036 244
1520616743.308209181 253
1520616743.358211040 250
1520616743.408211946 251
1520616743.458214045 246
1520616743.508216143 249
1520616743.558217049 262
1520616743.608169317 207
1520616743.658170462 238
1520616743.708172321 270
1520616743.758173227 251
1520616743.808175325 265
1520616743.858177185 288
1520616743.908178091 282
1520616743.958180428 291
1520616744.008182287 288
1520616744.058113337 241
1520616744.108115435 242
1520616744.158116341 234
1520616744.208118200 230
1520616744.258119345 246
1520616744.308121443 255
1520616744.358123302 278
1520616744.408124447 305
1520616744.458283663 157
1520616744.508284569 205
1520616744.558285713 259
1520616744.608300686 240
1520616744.658289671 281
1520616744.708290815 320
1520616744.758292675 290
1520616744.808293581 281
1520616744.859205723 16
1520616744.909206867 260
1520616744.959208727 201
1520616745.009209633 187
1520616745.059211731 257
1520616745.109213591 292
1520616745.159214497 334
1520616745.209216833 350
1520616745.259242058 339
1520616745.309243917 292
1520616745.359245062 280
1520616745.409246922 255
1520616745.459249258 260
1520616745.509250164 242
1520616745.559252024 274
1520616745.609254122 296
1520616745.658396721 24
1520616745.708398581 135
1520616745.758399725 189
1520616745.808401585 225
1520616745.858402491 198
1520616745.908404827 227
1520616745.958405733 241
1520616746.008407593 273
1520616746.058375597 272
1520616746.108376503 312
1520616746.158377647 324
1520616746.208379745 365
1520616746.258422613 343
1520616746.308382750 282
1520616746.358384609 275
1520616746.408385515 257
1520616746.458387613 274
1520616746.508872509 180
1520616746.558874369 231
1520616746.608875275 270
1520616746.658877373 318
1520616746.708879471 357
1520616746.758880138 326
1520616746.808882475 347
1520616746.858883381 324
1520616746.909000874 276
1520616746.959001780 318
1520616747.009004116 308
1520616747.059005976 292
1520616747.109007120 285
1520616747.159008980 269
1520616747.209010839 266
1520616747.259011984 232
1520616747.308444977 18
1520616747.358445883 135
1520616747.408447981 113
1520616747.458448887 175
1520616747.508450747 155
1520616747.558451891 212
1520616747.608453989 236
1520616747.658455849 235
1520616747.708350182 150
1520616747.758352041 202
1520616747.808353186 247
1520616747.858355284 276
1520616747.908423185 243
1520616747.958358288 259
1520616748.008359194 222
1520616748.058361053 191
1520616748.108475208 173
1520616748.158477306 169
1520616748.208478212 278
1520616748.258480072 265
1520616748.308482409 261
1520616748.358483315 276
1520616748.408485174 263
1520616748.458486319 268
1520616748.508488178 228
1520616748.558605909 153
1520616748.608607769 217
1520616748.658609867 169
1520616748.708610773 198
1520616748.758613110 182
1520616748.808613777 183
1520616748.858615875 204
1520616748.908617020 177
1520616748.958832502 123
1520616749.008834362 158
1520616749.058835506 178
1520616749.108837366 185
1520616749.158838272 180
1520616749.208840370 172
1520616749.258842468 144
1520616749.308843374 115
1520616749.358798265 121
1520616749.408799171 133
1520616749.458801270 125
1520616749.508802414 121
1520616749.558894396 106
1520616749.608805418 89
1520616749.658807278 83
1520616749.708808184 66
1520616749.759188414 23
1520616749.809189558 46
1520616749.859191656 59
1520616749.909193516 66
1520616749.959194660 59
1520616750.009196520 49
1520616750.059197664 50
1520616750.109199524 41
1520616750.160123825 36
1520616750.210124731 23
1520616750.260126829 32
1520616750.310127974 41
1520616750.360129833 38
1520616750.410130978 55
1520616750.460132837 78
1520616750.510133743 73
1520616750.560396433 69
1520616750.610397577 103
1520616750.660399675 111
1520616750.710400581 114
1520616750.760402679 121
1520616750.810403585 123
1520616750.860408545 125
1520616750.910406590 126
1520616750.960407495 132
1520616751.010886908 68
1520616751.060889006 77
1520616751.110889912 88
1520616751.160892010 86
1520616751.210893154 86
1520616751.260895014 64
1520616751.310896158 79
1520616751.360898018 75
1520616751.413728952 57
1520616751.463731050 62
1520616751.513732910 65
1520616751.563734055 92
1520616751.613735914 98
1520616751.663736820 113
1520616751.713738918 121
1520616751.763739824 127
1520616751.816833973 26
1520616751.866836071 92
1520616751.916836977 118
1520616751.966839075 135
1520616752.016839981 167
1520616752.066841841 200
1520616752.116842985 175
1520616752.166844845 181
1520616752.217440605 177
1520616752.267441511 195
1520616752.317443371 161
1520616752.367445469 126
1520616752.417446375 110
1520616752.467448473 116
1520616752.517449379 106
1520616752.567450285 92
1520616752.617172480 98
1520616752.667174578 82
1520616752.717175484 72
1520616752.767177582 74
1520616752.817178726 90
1520616752.867180586 98
1520616752.917181730 84
1520616752.967183590 71
1520616753.017464638 79
1520616753.067466497 83
1520616753.117468357 71
1520616753.167469501 83
1520616753.217471600 92
1520616753.267472267 94
1520616753.317474604 96
1520616753.367475510 86
1520616753.417477369 91
1520616753.467479467 109
1520616753.517480373 92
1520616753.567482471 86
1520616753.617483616 83
1520616753.667485476 81
1520616753.717486382 87
1520616753.767488480 101
1520616753.817489386 81
1520616753.867492437 89
1520616753.917493582 85
1520616753.967494488 88
1520616754.017496586 86
1520616754.067498446 84
1520616754.117499352 71
1520616754.167500496 65
1520616754.217502356 88
1520616754.266214132 49
1520616754.316215038 84
1520616754.366216898 117
1520616754.416219234 116
1520616754.466228008 145
1520616754.516221285 170
1520616754.566223145 201
1520616754.616225004 230
1520616754.665354967 142
1520616754.715356827 224
1520616754.765357733 214
1520616754.815360069 245
1520616754.865360975 263
1520616754.915362835 266
1520616754.965363979 285
1520616755.015365839 303
1520616755.062586308 45
1520616755.112587452 165
1520616755.162589550 164
1520616755.212590218 194
1520616755.262592554 238
1520616755.312594414 274
1520616755.362595320 290
1520616755.412597418 269
1520616755.460411787 10
1520616755.510414124 130
1520616755.560415983 159
1520616755.610416889 201
1520616755.660418987 213
1520616755.710419893 213
1520616755.760420799 208
1520616755.810423136 203
1520616755.860424995 190
1520616755.909451723 24
1520616755.959454060 78
1520616756.009454966 87
1520616756.059456825 90
1520616756.109493732 103
1520616756.159459829 109
1520616756.209461689 109
1520616756.259462833 113
1520616756.309029341 17
1520616756.359030485 81
1520616756.409032345 88
1520616756.459033251 95
1520616756.509035587 90
1520616756.559036493 84
1520616756.609038353 83
1520616756.659040451 81
1520616756.709247589 57
1520616756.759249687 55
1520616756.809250593 46
1520616756.859252453 41
1520616756.909253597 33
1520616756.959255457 29
1520616757.009257555 21
1520616757.059258699 13
1520616757.111738443 39
1520616757.161740303 20
1520616757.211741209 41
1520616757.261743307 31
1520616757.311744213 48
1520616757.361746073 62
1520616757.411747217 65
1520616757.461749315 79
1520616757.517490864 107
1520616757.567494869 89
1520616757.617495060 123
1520616757.667496920 125
1520616757.717497826 132
1520616757.767557859 127
1520616757.817500830 114
1520616757.867501736 95
1520616757.917504072 101
1520616757.967064142 73
1520616758.017066002 83
1520616758.067067146 97
1520616758.117069006 104
1520616758.167070150 103
1520616758.217072010 80
1520616758.267074108 79
1520616758.317075253 72
1520616758.367632389 53
1520616758.417634487 65
1520616758.467635393 67
1520616758.517637491 74
1520616758.567638636 72
1520616758.617639542 84
1520616758.667641401 79
1520616758.717643499 89
1520616758.767645359 84
1520616758.817646265 91
1520616758.867648602 80
1520616758.917649508 89
1520616758.967651367 87
1520616759.017653465 110
1520616759.067654371 116
1520616759.117655516 158
1520616759.167657375 162
1520616759.217659473 165
1520616759.267660618 155
1520616759.317661524 155
1520616759.367663383 140
1520616759.417750597 157
1520616759.467666388 170
1520616759.517668247 169
1520616759.565589428 30
1520616759.615591526 131
1520616759.665592670 172
1520616759.715594530 207
1520616759.765595675 218
1520616759.815597534 202
1520616759.865599394 206
1520616759.915600538 228
1520616759.963820457 73
1520616760.013821363 166
1520616760.063823700 167
1520616760.113824606 174
1520616760.163826466 205
1520616760.213827610 207
1520616760.263829470 257
1520616760.313831568 262
1520616760.363833666 268
1520616760.412088394 69
1520616760.462090254 178
1520616760.512091398 202
1520616760.562093258 204
1520616760.612094164 205
1520616760.662096500 207
1520616760.712097168 201
1520616760.762099266 202
1520616760.809893608 63
1520616760.859894753 68
1520616760.909896612 101
1520616760.959897757 101
1520616761.009899855 105
1520616761.059900761 114
1520616761.109902859 130
1520616761.159903765 142
1520616761.209287643 15
1520616761.259288549 59
1520616761.309290648 68
1520616761.359291553 77
1520616761.409293652 96
1520616761.459295750 83
1520616761.509296656 78
1520616761.559298515 53
1520616761.609656572 35
1520616761.659658432 49
1520616761.709659576 35
1520616761.759661674 15
1520616761.809662819 13
1520616761.859664679 30
1520616761.909666538 24
1520616761.959667683 23
1520616762.014317036 72
1520616762.064318895 56
1520616762.114320040 78
1520616762.164322138 91
1520616762.214323997 94
1520616762.264325142 106
1520616762.314326048 108
1520616762.364327908 100
1520616762.416154385 23
1520616762.466155291 67
1520616762.516157150 75
1520616762.566158295 63
1520616762.616159201 67
1520616762.666161060 71
1520616762.716163397 76
1520616762.766164303 86
1520616762.816166162 95
1520616762.864167929 39
1520616762.914169788 60
1520616762.964170933 79
1520616763.014173031 92
1520616763.064174891 103
1520616763.114176035 102
1520616763.164177895 107
1520616763.214178801 122
1520616763.262399197 39
1520616763.312401295 91
1520616763.362402201 121
1520616763.412403345 132
1520616763.462405443 131
1520616763.512407303 103
1520616763.562408447 118
1520616763.612410307 100
1520616763.661420345 39
1520616763.711421490 86
1520616763.761423349 99
1520616763.811425209 89
1520616763.861426353 86
1520616763.911427259 86
1520616763.961429358 93
1520616764.011431456 88
1520616764.060730219 34
1520616764.110732079 56
1520616764.160734177 94
1520616764.210734129 93
1520616764.260735989 94
1520616764.310744047 97
1520616764.360738993 103
1520616764.410741091 114
1520616764.461071968 68
1520616764.511073828 96
1520616764.561074972 107
1520616764.611076832 100
1520616764.661078691 99
1520616764.711079836 86
1520616764.761081934 87
1520616764.811082840 110
1520616764.861084938 88
1520616764.912136555 21
1520616764.962138414 79
1520616765.012140274 95
1520616765.062141418 97
1520616765.112143278 86
1520616765.162144184 84
1520616765.212146521 87
1520616765.262148380 86
1520616765.312943459 52
1520616765.362945557 76
1520616765.412946463 76
1520616765.462948561 91
1520616765.512949467 89
1520616765.562951326 91
1520616765.612954378 81
1520616765.662954569 87
1520616765.712478876 73
1520616765.762481213 96
1520616765.812484026 81
1520616765.862483263 79
1520616765.912485123 86
1520616765.962517023 83
1520616766.012488127 81
1520616766.062489033 80
1520616766.111555099 34
1520616766.161556244 62
1520616766.211558104 74
1520616766.261559963 82
1520616766.311561108 89
1520616766.361563206 94
1520616766.411564112 100
1520616766.461566210 109
1520616766.510795593 33
1520616766.560797453 74
1520616766.610798359 91
1520616766.660800457 92
1520616766.710802317 105
1520616766.760803223 88
1520616766.810805559 87
1520616766.860806465 90
1520616766.910776615 77
1520616766.960778475 87
1520616767.010780334 88
1520616767.060781479 89
1520616767.110782385 73
1520616767.160784483 84
1520616767.210786581 66
1520616767.260787487 86
1520616767.310789347 89
1520616767.361924648 22
1520616767.411925554 81
1520616767.461927652 95
1520616767.511929512 106
1520616767.561930418 102
1520616767.611988544 105
1520616767.661933661 109
1520616767.711935520 133
1520616767.762353420 104
1520616767.812355280 141
1520616767.862357616 121
1520616767.912358284 100
1520616767.962360620 109
1520616768.012361526 88
1520616768.062363386 85
1520616768.112364531 85
1520616768.160436153 17
1520616768.210437059 57
1520616768.260439396 60
1520616768.310441256 67
1520616768.360442162 83
1520616768.410444260 84
1520616768.460445166 96
1520616768.510447025 115
1520616768.559714317 50
1520616768.609716177 84
1520616768.659717321 106
1520616768.709719181 99
1520616768.759721279 115
1520616768.809722424 109
1520616768.859723330 128
1520616768.909724236 112
1520616768.959624052 107
1520616769.009624720 134
1520616769.059627056 154
1520616769.109628916 148
1520616769.159633875 149
1520616769.209631920 170
1520616769.259711981 149
1520616769.309634924 146
1520616769.359636068 146
1520616769.409698486 144
1520616769.459700584 131
1520616769.509701729 144
1520616769.559703588 152
1520616769.609704494 144
1520616769.659706593 147
1520616769.709707499 144
1520616769.759709597 123
1520616769.810701132 105
1520616769.860703230 115
1520616769.910705090 115
1520616769.960705996 140
1520616770.010708332 131
1520616770.060710192 126
1520616770.110711336 128
1520616770.160712242 133
1520616770.211903811 93
1520616770.261905670 69
1520616770.311907768 103
1520616770.361908674 91
1520616770.411910772 122
1520616770.461911917 96
1520616770.511913776 136
1520616770.561914682 108
1520616770.612808228 19
1520616770.662810326 109
1520616770.712812185 120
1520616770.762813091 126
1520616770.812815428 120
1520616770.862817287 123
1520616770.912921429 104
1520616770.962820292 119
1520616771.012594700 91
1520616771.062596798 96
1520616771.112597704 88
1520616771.162599564 104
1520616771.212600946 114
1520616771.262602806 128
1520616771.312603712 134
1520616771.362605810 132
1520616771.411128283 37
1520616771.461130142 93
1520616771.511132240 111
1520616771.561133385 120
1520616771.611135244 139
1520616771.661136150 160
1520616771.711138248 163
1520616771.761139154 161
1520616771.811141014 153
1520616771.860009193 14
1520616771.910011292 88
1520616771.960012197 109
1520616772.010014296 115
1520616772.060015440 124
1520616772.110017300 123
1520616772.160018444 117
1520616772.210020304 125
1520616772.259750128 66
1520616772.309751987 86
1520616772.359752893 100
1520616772.409755230 123
1520616772.459757090 145
1520616772.509758949 153
1520616772.559759140 130
1520616772.609761000 134
1520616772.659722090 108
1520616772.709722996 126
1520616772.759724855 156
1520616772.809726000 165
1520616772.859727859 162
1520616772.909729004 164
1520616772.959730864 168
1520616773.009731770 151
1520616773.060005426 96
1520616773.110007286 134
1520616773.160008430 115
1520616773.210010290 110
1520616773.260011196 98
1520616773.310013533 109
1520616773.360015392 96
1520616773.410016298 79
1520616773.461805344 62
1520616773.511806250 60
1520616773.561808348 64
1520616773.611810207 64
1520616773.661811113 44
1520616773.711813450 49
1520616773.761815310 49
1520616773.811816216 58
1520616773.863090992 19
1520616773.913092852 57
1520616773.963093758 75
1520616774.013095856 86
1520616774.063096762 80
1520616774.113098860 118
1520616774.163100958 101
1520616774.213101864 128
1520616774.263103724 107
1520616774.312895060 108
1520616774.362896919 93
1520616774.412898064 104
1520616774.462899923 119
1520616774.512900829 112
1520616774.562902927 121
1520616774.612903833 125
1520616774.662905931 124
1520616774.713839531 63
1520616774.763840675 111
1520616774.813842773 109
1520616774.863843679 102
1520616774.913845778 112
1520616774.963847637 124
1520616775.013848543 114
1520616775.063850641 103
1520616775.116383314 28
1520616775.166384220 71
1520616775.216386080 77
1520616775.266387224 76
1520616775.316389084 86
1520616775.366390944 80
1520616775.416392088 98
1520616775.466395140 86
1520616775.518124104 74
1520616775.568128109 113
1520616775.618127108 116
1520616775.668128014 111
1520616775.718130112 107
1520616775.768131018 102
1520616775.818147182 112
1520616775.868135214 130
1520616775.918136120 146
1520616775.968137980 135
1520616776.018139124 142
1520616776.068140984 166
1520616776.118142128 162
1520616776.168144226 169
1520616776.218145132 176
1520616776.268147230 166
1520616776.318193436 172
1520616776.368176222 186
1520616776.418178082 157
1520616776.468179226 154
1520616776.518181086 137
1520616776.568181992 168
1520616776.618184090 150
1520616776.668186188 167
1520616776.718187094 174
1520616776.767155170 133
1520616776.817157030 145
1520616776.867158175 159
1520616776.917160273 178
1520616776.967161417 169
1520616777.017162323 171
1520616777.067164183 179
1520616777.117166281 180
1520616777.166659117 173
1520616777.216660976 182
1520616777.266661882 182
1520616777.316663980 157
1520616777.366666079 161
1520616777.416666985 183
1520616777.466703892 194
1520616777.516669989 202
1520616777.566918135 196
1520616777.616919041 178
1520616777.666921139 160
1520616777.716922045 180
1520616777.766924143 195
1520616777.816925287 194
1520616777.866927147 199
1520616777.916929007 179
1520616777.965325832 119
1520616778.015327692 171
1520616778.065328598 197
1520616778.115330935 217
1520616778.165331602 222
1520616778.215333700 200
1520616778.265335798 197
1520616778.315336704 197
1520616778.362357855 49
1520616778.412359715 120
1520616778.462360859 146
1520616778.512361765 152
1520616778.562363625 166
1520616778.612364769 182
1520616778.662366629 187
1520616778.712368727 184
1520616778.762369871 183
1520616778.810536385 13
1520616778.860534430 87
1520616778.910535574 130
1520616778.960536480 126
1520616779.010538578 121
1520616779.060540676 130
1520616779.110597610 139
1520616779.160543442 153
1520616779.209789038 40
1520616779.259790897 98
1520616779.309792042 135
1520616779.359793901 134
1520616779.409794807 142
1520616779.459796906 99
1520616779.509799004 87
1520616779.559799910 92
1520616779.609575510 60
1520616779.659576416 81
1520616779.709578276 86
1520616779.759579420 85
1520616779.809581280 87
1520616779.859583139 86
1520616779.909584284 87
1520616779.959586382 90
1520616780.010064602 30
1520616780.060065508 59
1520616780.110067606 64
1520616780.160068512 66
1520616780.210070610 68
1520616780.260071754 56
1520616780.310073614 57
1520616780.360074520 55
1520616780.411785364 44
1520616780.461786270 32
1520616780.511788607 45
1520616780.561790466 43
1520616780.611791372 55
1520616780.661796331 71
1520616780.711794376 63
1520616780.761875391 63
1520616780.810660362 63
1520616780.860662460 34
1520616780.910663366 58
1520616780.960665226 57
1520616781.010666609 64
1520616781.060668468 79
1520616781.110670567 89
1520616781.160671473 104
1520616781.210673332 102
1520616781.261108637 72
1520616781.311110735 87
1520616781.361111879 110
1520616781.411113739 112
1520616781.461115837 130
1520616781.511116743 138
1520616781.561118603 154
1520616781.611119986 168
1520616781.664535999 97
1520616781.714537144 108
1520616781.764540195 174
1520616781.814541101 153
1520616781.864543200 187
1520616781.914544106 170
1520616781.964545250 194
1520616782.014547110 178
1520616782.066580296 58
1520616782.116582394 167
1520616782.166584253 230
1520616782.216585159 219
1520616782.266587496 236
1520616782.316588402 197
1520616782.366590261 210
1520616782.416692257 215
1520616782.467311859 181
1520616782.517313004 203
1520616782.567314863 207
1520616782.617315769 215
1520616782.667318106 224
1520616782.717319965 222
1520616782.767320871 248
1520616782.817322969 226
1520616782.868397474 174
1520616782.918399572 207
1520616782.968400478 202
1520616783.018402576 194
1520616783.068404436 181
1520616783.118405342 159
1520616783.168407440 146
1520616783.218408346 146
1520616783.268410444 154
1520616783.318411589 160
1520616783.368413448 135
1520616783.418414354 99
1520616783.468417645 83
1520616783.518418550 65
1520616783.568419218 51
1520616783.618421555 48
1520616783.668423414 51
1520616783.718424559 49
1520616783.768426418 62
1520616783.818427324 68
1520616783.868429661 94
1520616783.918430567 116
1520616783.968432426 115
1520616784.018434525 124
1520616784.068435431 124
1520616784.118436337 132
1520616784.168438435 127
1520616784.218439341 126
1520616784.268441439 141
1520616784.318443537 130
1520616784.368444443 144
1520616784.418446302 146
1520616784.468447447 152
1520616784.518264294 170
1520616784.568265200 154
1520616784.618267298 163
1520616784.668269396 167
1520616784.718270302 155
1520616784.768272400 125
1520616784.818273306 121
1520616784.868275166 109
1520616784.918461323 87
1520616784.968463421 75
1520616785.018465519 60
1520616785.068466425 72
1520616785.118468285 83
1520616785.168469429 90
1520616785.218471527 114
1520616785.268473387 106
1520616785.318474531 125
1520616785.368476391 117
1520616785.418477535 135
1520616785.468479395 136
1520616785.518480301 135
1520616785.568482637 141
1520616785.618483543 128
1520616785.668485403 116
1520616785.718486547 125
1520616785.768488407 129
1520616785.818489313 110
1520616785.868491411 99
1520616785.918493509 102
1520616785.968494415 100
1520616786.018496513 86
1520616786.068497419 82
1520616786.118499279 75
1520616786.168500423 83
1520616786.218502283 94
1520616786.268504620 109
1520616786.318505526 96
1520616786.368507385 97
1520616786.418508530 99
1520616786.468510389 101
1520616786.518511295 105
1520616786.568513632 120
1520616786.618514538 128
1520616786.668516397 106
1520616786.718518496 111
1520616786.768520355 101
1520616786.818521261 108
1520616786.868523598 100
1520616786.918525457 99
1520616786.967437506 72
1520616787.017439842 98
1520616787.067444801 83
1520616787.117441893 87
1520616787.167443752 81
1520616787.217445612 84
1520616787.267446756 121
1520616787.317462683 124
1520616787.365852118 57
1520616787.415853024 96
1520616787.465855122 98
1520616787.515857220 102
1520616787.565858126 103
1520616787.615860224 108
1520616787.665861130 95
1520616787.715862989 87
1520616787.764108181 37
1520616787.814110279 79
1520616787.864112139 94
1520616787.914113283 83
1520616787.964115143 81
1520616788.014116049 83
1520616788.064118385 93
1520616788.114120245 96
1520616788.164121151 87
1520616788.212737322 30
1520616788.262739182 84
1520616788.312742472 105
1520616788.362743378 88
1520616788.412744284 95
1520616788.462746382 83
1520616788.512747288 91
1520616788.562749147 111
1520616788.611556292 20
1520616788.661558390 100
1520616788.711559057 127
1520616788.761561394 129
1520616788.811563253 98
1520616788.861564159 87
1520616788.911565304 105
1520616788.961603403 101
1520616789.010904312 37
1520616789.060905218 81
1520616789.110907316 92
1520616789.160908222 95
1520616789.210910320 78
1520616789.260911465 74
1520616789.310913324 74
1520616789.360914230 83
1520616789.411003113 73
1520616789.461004972 77
1520616789.511006117 75
1520616789.561008215 69
1520616789.611009121 75
1520616789.661011219 72
1520616789.711012125 79
1520616789.761013985 79
1520616789.812219620 21
1520616789.862221479 72
1520616789.912223577 99
1520616789.962224722 109
1520616790.012227535 130
1520616790.062228441 151
1520616790.112229586 154
1520616790.162231445 156
1520616790.212306976 155
1520616790.262307882 150
1520616790.312308788 155
1520616790.362310886 161
1520616790.412312746 158
1520616790.462313652 137
1520616790.512315989 144
1520616790.562316895 149
1520616790.612377882 145
1520616790.660989523 16
1520616790.710991621 76
1520616790.760992527 91
1520616790.810994387 92
1520616790.860995531 115
1520616790.910997391 124
1520616790.960998297 129
1520616791.011000633 136
1520616791.060411215 60
1520616791.110412121 98
1520616791.160413980 128
1520616791.210415125 143
1520616791.260416985 150
1520616791.310417891 160
1520616791.360419989 152
1520616791.410422087 170
1520616791.460058212 85
1520616791.510060310 142
1520616791.560062170 132
1520616791.610063314 128
1520616791.660065174 138
1520616791.710066080 148
1520616791.760068417 138
1520616791.810069323 119
1520616791.860033035 104
1520616791.910034895 109
1520616791.960036039 94
1520616792.010037899 110
1520616792.060043097 103
1520616792.110039949 77
1520616792.160047054 74
1520616792.210043907 70
1520616792.260229826 58
1520616792.310152054 74
1520616792.360153198 88
1520616792.410155058 91
1520616792.460155964 98
1520616792.510158062 89
1520616792.560158968 75
1520616792.610160828 66
1520616792.660163164 78
1520616792.710271120 36
1520616792.760273218 79
1520616792.810274363 74
1520616792.860276222 85
1520616792.910277367 95
1520616792.960279226 103
1520616793.010280132 83
1520616793.060282469 86
1520616793.110411406 39
1520616793.160412312 90
1520616793.210414648 99
1520616793.260416508 82
1520616793.310418367 92
1520616793.360419512 85
1520616793.410421610 96
1520616793.460422516 124
1520616793.510510445 80
1520616793.560512304 111
1520616793.610514402 115
1520616793.660515308 124
1520616793.710516453 121
1520616793.760518312 126
1520616793.810520411 122
1520616793.860521555 119
1520616793.910856009 83
1520616793.960752964 104
1520616794.010754824 130
1520616794.060755968 148
1520616794.110757828 147
1520616794.160758972 160
1520616794.210761070 173
1520616794.260762930 187
1520616794.310711861 185
1520616794.360713959 185
1520616794.410714865 196
1520616794.460716724 210
1520616794.510717869 203
1520616794.560719967 202
1520616794.610720873 201
1520616794.660722971 203
1520616794.710424423 120
1520616794.760425568 152
1520616794.810427427 150
1520616794.860428333 167
1520616794.910430431 176
1520616794.960432291 185
1520616795.010434389 189
1520616795.060435534 166
1520616795.110436440 161
1520616795.160324574 134
1520616795.210326433 150
1520616795.260327578 142
1520616795.310329676 158
1520616795.360330582 145
1520616795.410332680 155
1520616795.460333586 162
1520616795.510339499 167
1520616795.560231924 137
1520616795.610233784 135
1520616795.660234690 129
1520616795.710237026 119
1520616795.760237932 119
1520616795.810239792 105
1520616795.860241890 90
1520616795.910242796 109
1520616795.960320950 101
1520616796.010322094 111
1520616796.060324192 98
1520616796.110325336 85
1520616796.160327196 87
1520616796.210329056 81
1520616796.260330200 76
1520616796.310332060 78
1520616796.360354662 84
1520616796.410356760 102
1520616796.460357666 110
1520616796.510359526 106
1520616796.560361624 106
1520616796.610362530 113
1520616796.660364628 120
1520616796.710366726 118
1520616796.760537863 94
1520616796.810539007 115
1520616796.860540867 118
1520616796.910541773 148
1520616796.960544109 149
1520616797.010545969 152
1520616797.060546875 148
1520616797.110548973 140
1520616797.160543203 150
1520616797.210545063 162
1520616797.260545969 155
1520616797.310548306 156
1520616797.360549212 148
1520616797.410551071 150
1520616797.460553169 145
1520616797.510554075 115
1520616797.560555935 90
1520616797.610662460 59
1520616797.660664558 60
1520616797.710665464 62
1520616797.760667324 56
1520616797.810668468 55
1520616797.860670567 55
1520616797.910672426 54
1520616797.960673571 50
1520616798.012466431 20
1520616798.062467575 32
1520616798.112469435 50
1520616798.162471533 64
1520616798.212473392 83
1520616798.262474537 122
1520616798.312475443 99
1520616798.362477541 119
1520616798.412919998 87
1520616798.462923050 119
1520616798.512923241 133
1520616798.562928200 112
1520616798.612926006 103
1520616798.662927151 86
1520616798.712929010 76
1520616798.762929916 85
1520616798.812694788 63
1520616798.862678766 73
1520616798.912680626 71
1520616798.962681532 70
1520616799.012683868 64
1520616799.062685728 68
1520616799.112686634 80
1520616799.162688732 89
1520616799.213303566 75
1520616799.263305664 92
1520616799.313306570 104
1520616799.363308430 106
1520616799.413309813 116
1520616799.463311672 120
1520616799.513313532 138
1520616799.563314676 138
1520616799.613316536 144
1520616799.661990404 33
1520616799.711991549 92
1520616799.761993408 134
1520616799.811994314 141
1520616799.861996651 134
1520616799.911998510 140
1520616799.961999416 136
1520616800.012001514 124
1520616800.061088324 26
1520616800.111089230 72
1520616800.161091328 78
1520616800.211093187 82
1520616800.261095285 107
1520616800.311096430 118
1520616800.361097097 111
1520616800.411099195 114
1520616800.460901976 63
1520616800.510863781 91
1520616800.560864925 95
1520616800.610867023 97
1520616800.660868883 98
1520616800.710870028 102
1520616800.760871887 113
1520616800.810873032 112
1520616800.860626221 88
1520616800.910627365 81
1520616800.960629225 104
1520616801.010630131 113
1520616801.060632229 99
1520616801.110634327 105
1520616801.160635233 97
1520616801.210637331 126
1520616801.260342836 76
1520616801.310343981 139
1520616801.360344887 152
1520616801.410346746 144
1520616801.460348845 136
1520616801.510349751 147
1520616801.560352802 150
1520616801.610353947 137
1520616801.660317421 138
1520616801.710319281 150
1520616801.760321379 144
1520616801.810322523 127
1520616801.860323429 127
1520616801.910325527 135
1520616801.960326433 131
1520616802.010328293 147
1520616802.060329437 149
1520616802.110533476 110
1520616802.160471201 97
1520616802.210473299 123
1520616802.260475159 102
1520616802.310476303 121
1520616802.360478163 107
1520616802.410479307 120
1520616802.460481167 112
1520616802.510607958 87
1520616802.560610056 120
1520616802.610610962 120
1520616802.660612822 128
1520616802.710615158 130
1520616802.760615826 165
1520616802.810617924 152
1520616802.860619068 129
1520616802.911119223 15
1520616802.961119890 111
1520616803.011122227 127
1520616803.061124086 145
1520616803.111125946 179
1520616803.161127090 178
1520616803.211127996 165
1520616803.261130333 163
1520616803.311525345 63
1520616803.361527205 130
1520616803.411528111 143
1520616803.461529255 127
1520616803.511531353 157
1520616803.561533213 195
1520616803.611534357 178
1520616803.661536217 165
1520616803.710872173 25
1520616803.760961056 121
1520616803.810874939 157
1520616803.860877037 160
1520616803.910877943 174
1520616803.960879803 171
1520616804.010880947 185
1520616804.060883045 187
1520616804.110660791 100
1520616804.160663128 147
1520616804.210664034 161
1520616804.260665894 139
1520616804.310667992 150
1520616804.360668898 144
1520616804.410670757 142
1520616804.460673094 128
1520616804.510674000 128
1520616804.560965300 93
1520616804.610967398 120
1520616804.660969496 118
1520616804.710970402 101
1520616804.760972261 90
1520616804.810974360 85
1520616804.860975266 79
1520616804.910977364 79
1520616804.961272717 31
1520616805.011274099 73
1520616805.061274767 116
1520616805.111277103 135
1520616805.161278963 127
1520616805.211279869 135
1520616805.261281013 124
1520616805.311282873 106
1520616805.361480713 50
1520616805.411481619 61
1520616805.461483717 61
1520616805.511484623 57
1520616805.561486483 47
1520616805.611487627 53
1520616805.661489725 55
1520616805.711490631 62
1520616805.761115789 40
1520616805.811116695 70
1520616805.861118793 81
1520616805.911120892 80
1520616805.961121798 103
1520616806.011123657 142
1520616806.061124802 170
1520616806.111126900 161
1520616806.160843372 118
1520616806.210845232 193
1520616806.260847330 215
1520616806.310848236 236
1520616806.360850096 231
1520616806.410852432 220
1520616806.460854292 210
1520616806.510855198 214
1520616806.560826778 212
1520616806.610829115 192
1520616806.660830021 159
1520616806.710831881 148
1520616806.760833025 139
1520616806.810834885 113
1520616806.860835791 85
1520616806.910838127 74
1520616806.960838795 54
1520616807.011441469 14
1520616807.061438560 46
1520616807.111439466 45
1520616807.161441326 46
1520616807.211442471 42
1520616807.261444330 45
1520616807.311445475 45
1520616807.361447334 58
1520616807.413039207 45
1520616807.463041067 65
1520616807.513043165 107
1520616807.563044071 131
1520616807.613045931 159
1520616807.663047075 183
1520616807.713049173 203
1520616807.763050318 209
1520616807.811882734 59
1520616807.861884832 80
1520616807.911885738 127
1520616807.961887836 159
1520616808.011888981 171
1520616808.061890841 192
1520616808.111892700 194
1520616808.161894798 183
1520616808.211580515 77
1520616808.261582375 124
1520616808.311583281 168
1520616808.361584425 182
1520616808.411588430 172
1520616808.461588144 185
1520616808.511589289 170
1520616808.561590195 164
1520616808.612308502 38
1520616808.662310600 88
1520616808.712311506 101
1520616808.762313366 105
1520616808.812314510 109
1520616808.862316608 103
1520616808.912317514 79
1520616808.962319613 84
1520616809.012320518 73
1520616809.065271139 57
1520616809.115273237 74
1520616809.165274143 98
1520616809.215276003 86
1520616809.265277147 99
1520616809.315279007 93
1520616809.365281105 85
1520616809.415282249 96
1520616809.468603611 10
1520616809.518604755 87
1520616809.568606615 92
1520616809.618608713 117
1520616809.668609858 127
1520616809.718611717 128
1520616809.768612623 123
1520616809.818614721 120
1520616809.869241238 108
1520616809.919243574 90
1520616809.969247580 107
1520616810.019246340 97
1520616810.069248438 101
1520616810.119249344 90
1520616810.169250488 98
1520616810.219252586 85
1520616810.269254446 95
1520616810.319278240 83
1520616810.369257450 95
1520616810.419258356 82
1520616810.469260454 98
1520616810.519261360 81
1520616810.569263458 93
1520616810.619264603 84
1520616810.669266462 98
1520616810.719268322 88
1520616810.769269466 100
1520616810.819271326 86
1520616810.869272470 100
1520616810.919274569 82
1520616810.969275475 98
1520616811.019277573 87
1520616811.069279432 89
1520616811.119280338 83
1520616811.169282675 102
1520616811.219283342 93
1520616811.269285440 103
1520616811.319287539 118
1520616811.369288445 122
1520616811.419290304 123
1520616811.469291449 107
1520616811.519293547 120
1520616811.569294453 137
1520616811.619296551 163
1520616811.669297457 183
1520616811.719299316 177
1520616811.769301414 170
1520616811.819302320 164
1520616811.869304657 167
1520616811.918231726 116
1520616811.968276024 145
1520616812.018234968 140
1520616812.068236828 151
1520616812.118237972 150
1520616812.168239832 147
1520616812.218240976 135
1520616812.268242836 137
1520616812.317203283 115
1520616812.367204189 116
1520616812.417206287 127
1520616812.467207193 107
1520616812.517209053 92
1520616812.567210197 95
1520616812.617212057 109
1520616812.667214155 112
1520616812.715496540 89
1520616812.765498400 102
1520616812.815499544 106
1520616812.865501404 112
1520616812.915502548 129
1520616812.965504408 149
1520616813.015506506 150
1520616813.065507650 160
1520616813.112667084 19
1520616813.162668943 73
1520616813.212670326 101
1520616813.262672186 123
1520616813.312673092 154
1520616813.362675190 162
1520616813.412676096 175
1520616813.462677956 184
1520616813.511425018 40
1520616813.561426878 115
1520616813.611492872 168
1520616813.661430120 180
1520616813.711431026 150
1520616813.761432886 139
1520616813.811434031 122
1520616813.861435890 153
1520616813.911437750 172
1520616813.961328983 167
1520616814.011330843 160
1520616814.061331987 157
1520616814.111333847 150
1520616814.161334753 137
1520616814.211336851 141
1520616814.261338949 140
1520616814.311339855 136
1520616814.361090660 118
1520616814.411091566 142
1520616814.461093426 135
1520616814.511094570 129
1520616814.561096430 115
1520616814.611098289 112
1520616814.661100626 102
1520616814.711101532 104
1520616814.760954142 86
1520616814.810956240 88
1520616814.860958099 84
1520616814.910959005 93
1520616814.960960150 109
1520616815.010962248 93
1520616815.060964108 97
1520616815.110965252 95
1520616815.160938740 99
1520616815.210939646 91
1520616815.261025906 102
1520616815.310942650 102
1520616815.360944748 110
1520616815.410945892 101
1520616815.460947752 98
1520616815.510949612 98
1520616815.560867310 98
1520616815.610869408 101
1520616815.660870314 101
1520616815.710872412 103
1520616815.760873556 101
1520616815.810875416 93
1520616815.860877275 89
1520616815.910878420 76
1520616815.960880280 86
1520616816.011795282 68
1520616816.061797142 39
1520616816.111799240 73
1520616816.161800146 88
1520616816.211802006 84
1520616816.261803150 70
1520616816.311805248 62
1520616816.361807108 51
1520616816.412320852 26
1520616816.462322712 29
1520616816.512323856 23
1520616816.562324762 28
1520616816.612326622 32
1520616816.662328720 36
1520616816.712329626 35
1520616816.762331724 38
1520616816.812090158 43
1520616816.862092018 52
1520616816.912197113 65
1520616816.962095022 72
1520616817.012095928 75
1520616817.062098265 70
1520616817.112100124 84
1520616817.162101030 90
1520616817.212283134 112
1520616817.262284040 111
1520616817.312285900 114
1520616817.362287045 117
1520616817.412289143 126
1520616817.462291002 124
1520616817.512292147 149
1520616817.562294006 145
1520616817.613727570 45
1520616817.663729429 121
1520616817.713730574 157
1520616817.763732433 156
1520616817.813733339 165
1520616817.863735437 176
1520616817.913737535 156
1520616817.963739395 117
1520616818.014805079 74
1520616818.064806938 126
1520616818.114807844 150
1520616818.164808989 163
1520616818.214810848 169
1520616818.264812708 140
1520616818.314813852 144
1520616818.364815950 127
1520616818.414816856 138
1520616818.462631464 50
1520616818.512632370 56
1520616818.562634230 104
1520616818.612636328 88
1520616818.662637234 93
1520616818.712639570 80
1520616818.762640476 64
1520616818.812642336 68
1520616818.865568161 43
1520616818.915570259 50
1520616818.965571404 82
1520616819.015573263 103
1520616819.065575123 102
1520616819.115576267 112
1520616819.165578127 104
1520616819.215580225 104
1520616819.267743349 20
1520616819.317744493 81
1520616819.367746353 115
1520616819.417747259 93
1520616819.467749357 106
1520616819.517751217 116
1520616819.567753315 121
1520616819.617754459 119
1520616819.668343306 104
1520616819.718344212 124
1520616819.768346071 142
1520616819.818347216 145
1520616819.868349075 148
1520616819.918349981 158
1520616819.968352318 160
1520616820.018354177 151
1520616820.069560528 84
1520616820.119561434 117
1520616820.169563293 107
1520616820.219565630 119
1520616820.269566536 145
1520616820.319568396 169
1520616820.369569540 170
1520616820.419571400 162
1520616820.469572306 167
1520616820.517346621 25
1520616820.567347765 109
1520616820.617349625 133
1520616820.667351484 143
1520616820.717352629 141
1520616820.767354727 165
1520616820.817355633 165
1520616820.867357731 163
1520616820.919586658 40
1520616820.969588518 130
1520616821.019590378 161
1520616821.069591522 139
1520616821.119593382 118
1520616821.169595480 96
1520616821.219596624 86
1520616821.269598484 72
1520616821.317485094 16
1520616821.367486238 46
1520616821.417488098 55
1520616821.467489243 58
1520616821.517490149 66
1520616821.567492008 77
1520616821.617493153 77
1520616821.667495251 105
1520616821.713176489 70
1520616821.763178587 84
1520616821.813185453 130
1520616821.863181591 178
1520616821.913183451 163
1520616821.963184595 185
1520616822.013186455 174
1520616822.063187361 167
1520616822.111990929 17
1520616822.161991835 65
1520616822.211994171 93
1520616822.261996031 76
1520616822.311996937 87
1520616822.361999035 89
1520616822.411999941 88
1520616822.462002039 82
1520616822.511841774 73
1520616822.561843872 88
1520616822.611844778 97
1520616822.661846876 109
1520616822.711848974 119
1520616822.761849880 138
1520616822.811851740 147
1520616822.861853838 135
1520616822.911854744 141
1520616822.961549520 81
1520616823.011550665 123
1520616823.061552525 131
1520616823.111553431 142
1520616823.161555767 132
1520616823.211557627 128
1520616823.261558533 133
1520616823.311560631 130
1520616823.361238003 70
1520616823.411239862 84
1520616823.461263180 113
1520616823.511243105 96
1520616823.561244011 102
1520616823.611246109 92
1520616823.661247015 95
1520616823.711248875 80
1520616823.761011600 59
1520616823.811013699 86
1520616823.861015558 115
1520616823.911016703 93
1520616823.961018562 102
1520616824.011019707 141
1520616824.061021805 131
1520616824.111022711 134
1520616824.161719322 18
1520616824.211720228 94
1520616824.261722326 148
1520616824.311724186 182
1520616824.361725092 186
1520616824.411727428 181
1520616824.461729288 193
1520616824.511730194 221
1520616824.561630011 199
1520616824.611630917 228
1520616824.661632776 215
1520616824.711633921 213
1520616824.761635780 203
1520616824.811636925 171
1520616824.861639023 184
1520616824.911640882 186
1520616824.961117744 49
1520616825.011119604 95
1520616825.061120749 119
1520616825.111160755 115
1520616825.161123753 133
1520616825.211125851 119
1520616825.261126757 114
1520616825.311128855 118
1520616825.361129761 129
1520616825.410990953 88
1520616825.460992813 131
1520616825.510993719 120
1520616825.560995817 123
1520616825.610996723 126
1520616825.660998583 128
1520616825.710999727 132
1520616825.761001825 151
1520616825.811155796 110
1520616825.861157656 121
1520616825.911159515 91
1520616825.961160660 95
1520616826.011162519 82
1520616826.061164618 103
1520616826.111165762 143
1520616826.161167622 158
1520616826.211901665 21
1520616826.261902809 99
1520616826.311903715 142
1520616826.361905575 158
1520616826.411907911 181
1520616826.461908817 201
1520616826.511909723 202
1520616826.561912775 168
1520616826.612506151 96
1520616826.662507057 147
1520616826.712509155 177
1520616826.762565136 192
1520616826.812511921 214
1520616826.862513065 193
1520616826.912515163 184
1520616826.962517023 178
1520616827.011626482 25
1520616827.061628342 75
1520616827.111629486 99
1520616827.161631584 116
1520616827.211632490 109
1520616827.261634588 93
1520616827.311635494 120
1520616827.361637354 153
1520616827.411665440 153
1520616827.461434364 102
1520616827.511436224 128
1520616827.561437368 130
1520616827.611439466 145
1520616827.661440611 138
1520616827.711442471 159
1520616827.761444330 171
1520616827.811445475 205
1520616827.861900806 92
1520616827.911902666 185
1520616827.961904526 232
1520616828.011905909 219
1520616828.061906576 211
1520616828.111908674 207
1520616828.161909819 207
1520616828.211911678 165
1520616828.261740446 89
1520616828.311742544 84
1520616828.361743689 152
1520616828.411818504 115
1520616828.461746454 146
1520616828.511748552 125
1520616828.561749458 144
1520616828.611751318 169
1520616828.661351204 49
1520616828.711352348 116
1520616828.761354208 92
1520616828.811355352 101
1520616828.861357212 102
1520616828.911358118 85
1520616828.961360455 75
1520616829.011361361 96
1520616829.061174631 69
1520616829.111176491 91
1520616829.161177635 111
1520616829.211179495 132
1520616829.261180401 127
1520616829.311182499 113
1520616829.361184597 110
1520616829.411185503 108
1520616829.461228371 111
1520616829.511229277 127
1520616829.561231136 132
1520616829.611233234 135
1520616829.661234140 136
1520616829.711235285 127
1520616829.761237144 136
1520616829.811238050 144
1520616829.861240387 116
1520616829.912132502 54
1520616829.962133408 61
1520616830.012135506 100
1520616830.062225342 123
1520616830.112138510 133
1520616830.162139654 151
1520616830.212141514 151
1520616830.262143373 151
1520616830.313514233 14
1520616830.363516092 100
1520616830.413516998 158
1520616830.463519335 134
1520616830.513520241 137
1520616830.563522100 125
1520616830.613523245 145
1520616830.663525105 167
1520616830.714658022 70
1520616830.764658928 144
1520616830.814660788 171
1520616830.864661932 168
1520616830.914664030 167
1520616830.964664936 158
1520616831.014667988 134
1520616831.064668894 117
1520616831.116019964 45
1520616831.166021824 70
1520616831.216024160 77
1520616831.266025066 70
1520616831.316025972 67
1520616831.366029024 54
1520616831.416029930 38
1520616831.466031075 30
1520616831.515218973 44
1520616831.565220118 26
1520616831.615221977 36
1520616831.665222883 45
1520616831.715224981 56
1520616831.765225887 63
1520616831.815227985 75
1520616831.865230083 102
1520616831.912727594 66
1520616831.962729454 99
1520616832.012730598 137
1520616832.062732458 163
1520616832.112733364 178
1520616832.162735701 177
1520616832.212736607 180
1520616832.262738466 180
1520616832.312740564 169
1520616832.361881971 42
1520616832.411883831 103
1520616832.461884737 122
1520616832.511886835 120
1520616832.561888695 115
1520616832.611889601 124
1520616832.661891937 122
1520616832.711893797 101
1520616832.761738777 73
1520616832.811740875 89
1520616832.861741781 120
1520616832.911743641 120
1520616832.961744785 125
1520616833.011745691 133
1520616833.061748743 153
1520616833.111749887 165
1520616833.161661148 88
1520616833.211663008 80
1520616833.261665106 123
1520616833.311668873 94
1520616833.361667156 130
1520616833.411669016 117
1520616833.461671114 148
1520616833.511672020 118
1520616833.561607838 88
1520616833.611608982 175
1520616833.661611080 136
1520616833.711611986 156
1520616833.761614084 181
1520616833.811614990 192
1520616833.861616850 164
1520616833.911619186 157
1520616833.961606026 162
1520616834.011608124 152
1520616834.061609268 168
1520616834.111611128 155
1520616834.161612272 169
1520616834.211614132 141
1520616834.261616230 144
1520616834.311617374 147
1520616834.361657619 118
1520616834.411658525 120
1520616834.461659431 103
1520616834.511660576 99
1520616834.561663389 97
1520616834.611664295 64
1520616834.661666632 59
1520616834.711667538 50
1520616834.761668682 32
1520616834.811499596 20
1520616834.861500502 30
1520616834.911502361 14
1520616834.961504459 18
1520616835.011505365 19
1520616835.061507225 29
1520616835.111508369 35
1520616835.161510468 46
1520616835.212774992 29
1520616835.262776852 44
1520616835.312777996 60
1520616835.362779856 74
1520616835.412780762 83
1520616835.462782860 98
1520616835.512784958 99
1520616835.562786102 107
1520616835.613473654 54
1520616835.663474321 80
1520616835.713476419 104
1520616835.763478518 92
1520616835.813479424 102
1520616835.863481283 78
1520616835.913483620 78
1520616835.963484526 88
1520616836.012619972 14
1520616836.062621117 62
1520616836.112623215 82
1520616836.162625074 84
1520616836.212626219 92
1520616836.262627125 93
1520616836.312628984 90
1520616836.362630129 94
1520616836.412460089 61
1520616836.462462187 88
1520616836.512463093 98
1520616836.562464952 103
1520616836.612475157 113
1520616836.662468195 111
1520616836.712469101 108
1520616836.762471199 109
1520616836.812472105 99
1520616836.863658190 19
1520616836.913659334 66
1520616836.963661194 94
1520616837.013662100 94
1520616837.063664436 99
1520616837.113666296 103
1520616837.163667202 99
1520616837.213669300 80
1520616837.264724493 35
1520616837.314726353 76
1520616837.364727259 74
1520616837.414729357 83
1520616837.464731455 93
1520616837.514732361 92
1520616837.564734459 107
1520616837.614735365 92
1520616837.665124178 76
1520616837.715126038 85
1520616837.765127897 83
1520616837.815128088 83
1520616837.865129948 82
1520616837.915131807 78
1520616837.965132952 89
1520616838.015135050 82
1520616838.065293789 77
1520616838.115294933 90
1520616838.165296793 85
1520616838.215297699 87
1520616838.265329838 83
1520616838.315300941 85
1520616838.365302801 81
1520616838.415303946 81
1520616838.464853287 75
1520616838.514854431 80
1520616838.564856291 82
1520616838.614857197 94
1520616838.664859295 96
1520616838.714861393 123
1520616838.764862299 126
1520616838.814864397 132
1520616838.864038229 57
1520616838.914040089 118
1520616838.964040995 129
1520616839.014043093 126
1520616839.064044952 134
1520616839.114045858 128
1520616839.164048195 125
1520616839.214049101 139
1520616839.264050961 144
1520616839.313209295 51
1520616839.363210201 110
1520616839.413212061 90
1520616839.463213205 111
1520616839.513216257 90
1520616839.563216448 112
1520616839.613218307 110
1520616839.663219213 133
1520616839.712883234 66
1520616839.762885094 109
1520616839.812886238 117
1520616839.862888098 105
1520616839.912935257 104
1520616839.962891340 96
1520616840.012892246 100
1520616840.062894344 108
1520616840.112398863 68
1520616840.162400723 96
1520616840.212401867 106
1520616840.262403727 114
1520616840.312405825 121
1520616840.362406969 111
1520616840.412408829 124
1520616840.462409973 140
1520616840.512948751 76
1520616840.562949896 103
1520616840.612951756 101
1520616840.662953615 88
1520616840.712954998 81
1520616840.762956858 73
1520616840.812958002 59
1520616840.862959862 43
1520616840.913885593 20
1520616840.963887930 35
1520616841.013888836 42
1520616841.063889742 34
1520616841.113891840 36
1520616841.163893700 34
1520616841.213894606 32
1520616841.263895750 43
1520616841.313215733 33
1520616841.363217592 62
1520616841.413218498 74
1520616841.463220835 80
1520616841.513221741 93
1520616841.563284636 109
1520616841.613224745 118
1520616841.663226604 130
1520616841.713227749 142
1520616841.762059927 29
1520616841.812060833 74
1520616841.862063169 112
1520616841.912065029 134
1520616841.962065935 146
1520616842.012068033 159
1520616842.062068939 160
1520616842.112070799 165
1520616842.161650658 79
1520616842.211652517 125
1520616842.261654854 143
1520616842.311655760 143
1520616842.361657619 139
1520616842.411658764 142
1520616842.461660624 146
1520616842.511662483 145
1520616842.561522484 136
1520616842.611523628 151
1520616842.661525488 146
1520616842.711527348 154
1520616842.761529446 158
1520616842.811530590 169
1520616842.861531496 169
1520616842.911533594 182
1520616842.961702824 136
1520616843.011703968 173
1520616843.061706066 172
1520616843.111707926 178
1520616843.161709070 174
1520616843.211785078 178
1520616843.261711836 178
1520616843.311712980 180
1520616843.361652851 170
1520616843.411653996 167
1520616843.461655855 139
1520616843.511657715 150
1520616843.561658859 148
1520616843.611660719 141
1520616843.661661625 158
1520616843.711663961 155
1520616843.761664867 138
1520616843.811615705 137
1520616843.861617565 126
1520616843.911618710 122
1520616843.961620808 122
1520616844.011621952 122
1520616844.061623812 137
1520616844.111624718 140
1520616844.161626816 152
1520616844.211800814 121
1520616844.261802673 156
1520616844.311803579 163
1520616844.361805916 173
1520616844.411806822 181
1520616844.461808681 175
1520616844.511809826 169
1520616844.561810732 176
1520616844.612122536 95
1520616844.662124634 171
1520616844.712125540 187
1520616844.762127638 194
1520616844.812128544 193
1520616844.862220526 169
1520616844.912131548 140
1520616844.962133408 122
1520616845.012325048 91
1520616845.062327385 118
1520616845.112329245 130
1520616845.162330151 132
1520616845.212332249 125
1520616845.262333155 129
1520616845.312335014 130
1520616845.362336159 137
1520616845.412337303 128
1520616845.462339640 129
1520616845.512340546 129
1520616845.562342405 141
1520616845.612343550 120
1520616845.662345409 120
1520616845.712346554 122
1520616845.762348652 119
1520616845.812120676 75
1520616845.862122536 92
1520616845.912123680 122
1520616845.962124586 130
1520616846.012126446 131
1520616846.062128544 125
1520616846.112129450 121
1520616846.162130356 107
1520616846.212132692 96
1520616846.261890650 69
1520616846.311891556 89
1520616846.361893415 95
1520616846.411895514 97
1520616846.461896420 88
1520616846.512002468 95
1520616846.561899424 88
1520616846.611900330 109
1520616846.661718130 72
1520616846.711720228 98
1520616846.761721134 87
1520616846.811722994 86
1520616846.861724138 82
1520616846.911725998 89
1520616846.961727142 105
1520616847.011729240 91
1520616847.061585426 67
1520616847.111586332 97
1520616847.161588192 85
1520616847.211589336 89
1520616847.261591196 98
1520616847.311593294 87
1520616847.361594439 78
1520616847.411595345 92
1520616847.461848021 54
1520616847.511848927 84
1520616847.561851025 85
1520616847.611853123 80
1520616847.661854029 73
1520616847.711855173 91
1520616847.761857033 91
1520616847.811857939 96
1520616847.862051487 49
1520616847.912052631 65
1520616847.962054729 92
1520616848.012055874 81
1520616848.062057734 81
1520616848.112060785 87
1520616848.162060738 95
1520616848.212061644 95
1520616848.262063503 104
1520616848.311651230 19
1520616848.361652136 51
1520616848.411654472 75
1520616848.461655378 82
1520616848.511657238 86
1520616848.561658382 88
1520616848.611660242 86
1520616848.661662102 82
1520616848.711436749 44
1520616848.761439085 83
1520616848.811439991 99
1520616848.861441851 115
1520616848.911442995 123
1520616848.961444855 114
1520616849.011445761 113
1520616849.061447859 124
1520616849.111587048 98
1520616849.161587954 126
1520616849.211589813 148
1520616849.261592150 146
1520616849.311594009 144
1520616849.361594915 138
1520616849.411596060 115
1520616849.461597919 98
1520616849.512424469 35
1520616849.562426329 36
1520616849.612427473 57
1520616849.662429333 62
1520616849.712430239 61
1520616849.762432575 53
1520616849.812433481 61
1520616849.862435341 68
1520616849.912245035 55
1520616849.962246180 59
1520616850.012248039 63
1520616850.062249184 75
1520616850.112251043 86
1520616850.162251949 80
1520616850.212254286 98
1520616850.262256145 101
1520616850.311941862 51
1520616850.361943960 84
1520616850.411944866 78
1520616850.461947203 78
1520616850.511948109 67
1520616850.561949968 63
1520616850.611952066 66
1520616850.661952972 62
1520616850.711954832 77
1520616850.761771679 48
1520616850.811773777 70
1520616850.861775637 82
1520616850.911776781 87
1520616850.961778641 86
1520616851.011780500 90
1520616851.061781645 88
1520616851.111782551 90
1520616851.161723852 66
1520616851.211726189 84
1520616851.261727095 100
1520616851.311729193 87
1520616851.361730099 78
1520616851.411731958 84
1520616851.461733103 81
1520616851.511734962 81
1520616851.561553717 42
1520616851.611555576 65
1520616851.661556721 65
1520616851.711558580 84
1520616851.761559486 82
1520616851.811561823 81
1520616851.861563683 69
1520616851.911564589 82
1520616851.961753368 38
1520616852.011754513 54
1520616852.061756372 71
1520616852.111757278 65
1520616852.161759377 71
1520616852.211760283 70
1520616852.261762381 71
1520616852.311764479 70
1520616852.362338543 59
1520616852.412341833 55
1520616852.462342739 75
1520616852.512343645 75
1520616852.562344790 62
1520616852.612347603 70
1520616852.662348509 82
1520616852.712349653 89
1520616852.762365103 89
1520616852.812367201 89
1520616852.862368345 92
1520616852.912370205 105
1520616852.962371111 89
1520616853.012373209 96
1520616853.062377214 119
1520616853.112375975 112
1520616853.162377119 111
1520616853.211991310 18
1520616853.261992455 56
1520616853.311994314 82
1520616853.361995220 100
1520616853.411997557 100
1520616853.461999416 97
1520616853.512000322 88
1520616853.562002420 58
1520616853.612024307 57
1520616853.662026167 55
1520616853.712027073 54
1520616853.762029409 51
1520616853.812030315 46
1520616853.862032175 40
1520616853.912034273 41
1520616853.962035179 38
1520616854.012084723 30
1520616854.062086821 35
1520616854.112087727 34
1520616854.162089825 45
1520616854.212091923 38
1520616854.262092829 48
1520616854.312094688 47
1520616854.362095833 57
1520616854.412400961 50
1520616854.462402105 70
1520616854.512403011 77
1520616854.562404871 92
1520616854.612406969 102
1520616854.662407875 119
1520616854.712421894 137
1520616854.762411118 141
1520616854.812415838 151
1520616854.862416744 142
1520616854.912418604 124
1520616854.962419748 113
1520616855.012421608 114
1520616855.062423468 98
1520616855.112424612 103
1520616855.162426710 109
1520616855.212262869 89
1520616855.262264729 98
1520616855.312265873 108
1520616855.362267971 97
1520616855.412268877 107
1520616855.462270975 103
1520616855.512272835 106
1520616855.562273741 109
1520616855.612276077 108
1520616855.662197828 111
1520616855.712200880 127
1520616855.762201786 131
1520616855.812203884 144
1520616855.862205029 136
1520616855.912206888 139
1520616855.962207794 146
1520616856.012212038 137
1520616856.062116861 111
1520616856.112118959 125
1520616856.162119865 135
1520616856.212121964 136
1520616856.262123108 119
1520616856.312124968 103
1520616856.362148762 96
1520616856.412127972 80
1520616856.462024689 67
1520616856.512026787 74
1520616856.562027693 74
1520616856.612029791 92
1520616856.662031889 93
1520616856.712032795 89
1520616856.762034893 96
1520616856.812035799 91
1520616856.862337828 58
1520616856.912338734 69
1520616856.962340832 74
1520616857.012341738 68
1520616857.062343597 66
1520616857.112345934 72
1520616857.162346840 72
1520616857.212348700 74
1520616857.263871670 73
1520616857.313873768 38
1520616857.363875628 53
1520616857.413877726 68
1520616857.463878632 68
1520616857.513879538 73
1520616857.563881636 72
1520616857.613883734 67
1520616857.663657665 60
1520616857.713659763 53
1520616857.763660431 50
1520616857.813661814 69
1520616857.863668680 71
1520616857.913665533 79
1520616857.963666677 84
1520616858.013697624 89
1520616858.063669443 97
1520616858.112437963 40
1520616858.162438869 36
1520616858.212440729 65
1520616858.262443066 84
1520616858.312443972 115
1520616858.362445831 137
1520616858.412446976 142
1520616858.462448835 147
1520616858.512493134 158
1520616858.562494993 166
1520616858.612495899 177
1520616858.662497997 174
1520616858.712499857 178
1520616858.762500763 170
1520616858.812503099 159
1520616858.862504005 143
1520616858.912207603 62
1520616858.962209463 114
1520616859.012211561 101
1520616859.062212706 109
1520616859.112214565 119
1520616859.162215471 89
1520616859.212217569 102
1520616859.262218475 98
1520616859.312074661 85
1520616859.362076759 94
1520616859.412078619 85
1520616859.462079763 94
1520616859.512081623 94
1520616859.562082529 110
1520616859.612084627 94
1520616859.662123680 88
1520616859.712145090 65
1520616859.762147427 67
1520616859.812148333 61
1520616859.862150431 58
1520616859.912151337 59
1520616859.962153196 67
1520616860.012154341 68
1520616860.062156200 60
1520616860.112157106 66
1520616860.162389517 40
1520616860.212391376 62
1520616860.262392282 73
1520616860.312394381 74
1520616860.362395287 79
1520616860.412397385 97
1520616860.462398529 123
1520616860.512400389 136
1520616860.563588381 130
1520616860.613591671 125
1520616860.663592339 140
1520616860.713593245 148
1520616860.763595581 140
1520616860.813597441 120
1520616860.863598585 71
1520616860.913600445 75
1520616860.963305712 36
1520616861.013307810 58
1520616861.063308716 57
1520616861.113310814 57
1520616861.163311958 61
1520616861.213313818 59
1520616861.263315678 61
1520616861.313361883 73
1520616861.363450527 76
1520616861.413452625 89
1520616861.463454485 104
1520616861.513455629 132
1520616861.563457489 142
1520616861.613458395 154
1520616861.663460493 156
1520616861.713461399 165
1520616861.763943434 53
1520616861.813945293 136
1520616861.863946438 144
1520616861.913948298 157
1520616861.963949203 164
1520616862.013951540 159
1520616862.063952446 153
1520616862.113954306 158
1520616862.164565325 67
1520616862.214567184 98
1520616862.264569283 85
1520616862.314571381 92
1520616862.364572048 82
1520616862.414574385 121
1520616862.464575291 101
1520616862.514576435 134
1520616862.564579248 107
1520616862.613606930 41
1520616862.663607836 126
1520616862.713609695 106
1520616862.763611794 150
1520616862.813612700 133
1520616862.863613605 169
1520616862.913615942 141
1520616862.963667631 145
1520616863.012676716 43
1520616863.062678576 130
1520616863.112679720 107
1520616863.162681580 143
1520616863.212682724 119
1520616863.262684584 125
1520616863.312685490 189
1520616863.362687826 174
1520616863.412424564 108
1520616863.462426424 156
1520616863.512428284 177
1520616863.562429428 188
1520616863.612431288 193
1520616863.662432432 205
1520616863.712434530 221
1520616863.762435436 225
1520616863.812206030 116
1520616863.862207890 102
1520616863.912209988 97
1520616863.962211132 167
1520616864.012212992 144
1520616864.062214136 163
1520616864.112215996 147
1520616864.162216902 154
1520616864.212391853 115
1520616864.262392998 167
1520616864.312397003 163
1520616864.362396002 165
1520616864.412399054 174
1520616864.462399006 187
1520616864.512401104 177
1520616864.562402964 165
1520616864.612951756 73
1520616864.662897825 130
1520616864.712898731 148
1520616864.762900829 141
1520616864.812901974 153
1520616864.862903833 151
1520616864.912904739 148
1520616864.962906837 148
1520616865.012907743 160
1520616865.062542915 88
1520616865.112544775 134
1520616865.162545681 149
1520616865.212547779 189
1520616865.262548685 183
1520616865.312550545 190
1520616865.362551689 185
1520616865.412553787 184
1520616865.462522507 172
1520616865.512523413 189
1520616865.562525749 193
1520616865.612527609 171
1520616865.662528515 160
1520616865.712529659 137
1520616865.762532711 151
1520616865.812533617 143
1520616865.862553835 167
1520616865.912555695 181
1520616865.962556601 193
1520616866.012558937 202
1520616866.062562704 216
1520616866.112561703 219
1520616866.162563801 231
1520616866.212564707 245
1520616866.262473822 221
1520616866.312415838 235
1520616866.362417698 253
1520616866.412418842 261
1520616866.462420702 278
1520616866.512421846 266
1520616866.562423706 280
1520616866.612424612 247
1520616866.662434816 252
1520616866.712436676 228
1520616866.762437820 231
1520616866.812439919 246
1520616866.862440586 238
1520616866.912442923 247
1520616866.962443829 243
1520616867.012445688 238
1520616867.062447786 231
1520616867.112743139 185
1520616867.162745237 233
1520616867.212747335 255
1520616867.262748480 241
1520616867.312749386 219
1520616867.362751245 238
1520616867.412753344 241
1520616867.462755442 228
1520616867.512772322 228
1520616867.562773228 245
1520616867.612774134 233
1520616867.662775278 239
1520616867.712778330 239
1520616867.762778044 241
1520616867.812780380 232
1520616867.862782240 222
1520616867.912523746 125
1520616867.962460756 167
1520616868.012461662 205
1520616868.062463760 231
1520616868.112464666 221
1520616868.162466526 220
1520616868.212467670 187
1520616868.262469530 185
1520616868.312474966 182
1520616868.362476110 177
1520616868.412477970 163
1520616868.462479115 135
1520616868.512480974 139
1520616868.562481880 142
1520616868.612483978 125
1520616868.662486076 113
1520616868.712622643 60
1520616868.762624502 123
1520616868.812625647 158
1520616868.862627506 165
1520616868.912629604 160
1520616868.962631702 165
1520616869.012632608 158
1520616869.062633514 167
1520616869.112386465 64
1520616869.162388802 98
1520616869.212389708 121
1520616869.262390614 149
1520616869.312392712 160
1520616869.362394571 165
1520616869.412395477 167
1520616869.462397814 162
1520616869.512398481 172
1520616869.562289000 72
1520616869.612219810 122
1520616869.662222147 118
1520616869.712223053 93
1520616869.762224913 104
1520616869.812226057 114
1520616869.862227917 90
1520616869.912229776 86
1520616869.962232351 79
1520616870.012234449 76
1520616870.062235355 77
1520616870.112237215 82
1520616870.162238359 92
1520616870.212240458 101
1520616870.262242556 89
1520616870.312243462 91
1520616870.362413168 55
1520616870.412413836 60
1520616870.462415934 64
1520616870.512418032 46
1520616870.562418938 57
1520616870.612420797 60
1520616870.662423134 74
1520616870.712424040 83
1520616870.762804031 14
1520616870.812805176 75
1520616870.862807035 106
1520616870.912807941 117
1520616870.962810040 149
1520616871.012812138 126
1520616871.062813044 139
1520616871.112814188 121
1520616871.162855625 126
1520616871.212930918 114
1520616871.262858868 112
1520616871.312859535 100
1520616871.362861872 100
1520616871.412862778 90
1520616871.462864637 89
1520616871.512866735 113
1520616871.562867641 109
1520616871.613183022 23
1520616871.663184166 60
1520616871.713186026 65
1520616871.763186932 67
1520616871.813189030 86
1520616871.863191128 103
1520616871.913192034 104
1520616871.963194132 119
1520616872.014108896 29
1520616872.064110994 83
1520616872.114113092 99
1520616872.164114952 114
1520616872.214116096 114
1520616872.264117002 132
1520616872.314118862 136
1520616872.364121199 146
1520616872.414278030 139
1520616872.464280128 163
1520616872.514281034 164
1520616872.564283133 155
1520616872.614284039 148
1520616872.664287090 133
1520616872.714287043 142
1520616872.764289141 150
1520616872.814480305 116
1520616872.864556313 144
1520616872.914483547 150
1520616872.964485407 152
1520616873.014487267 146
1520616873.064488411 148
1520616873.114490271 148
1520616873.164491177 147
1520616873.216315508 23
1520616873.266316652 80
1520616873.316318512 88
1520616873.366319418 106
1520616873.416321516 101
1520616873.466323376 109
1520616873.516324520 106
1520616873.566326618 98
1520616873.617853880 38
1520616873.667855978 86
1520616873.717856884 105
1520616873.767858982 85
1520616873.817860842 104
1520616873.867862701 89
1520616873.917863846 103
1520616873.967865944 125
1520616874.017866850 123
1520616874.067867994 132
1520616874.117869854 136
1520616874.167871714 132
1520616874.217872858 133
1520616874.267874718 125
1520616874.317879915 129
1520616874.367877960 117
1520616874.417882919 122
1520616874.467142820 84
1520616874.517223835 117
1520616874.567145824 121
1520616874.617146969 117
1520616874.667148829 124
1520616874.717150688 124
1520616874.767151833 113
1520616874.817153692 112
1520616874.865250349 51
1520616874.915252209 78
1520616874.965253353 94
1520616875.015255213 97
1520616875.065257549 90
1520616875.115258455 92
1520616875.165260315 95
1520616875.215262413 99
1520616875.263584137 18
1520616875.313585043 59
1520616875.363587141 87
1520616875.413588285 111
1520616875.463590145 97
1520616875.513592005 106
1520616875.563593149 126
1520616875.613595247 136
1520616875.662979841 69
1520616875.712980747 107
1520616875.762982607 97
1520616875.812983751 113
1520616875.862985611 107
1520616875.912986517 96
1520616875.962988853 114
1520616876.012990713 107
1520616876.062645674 71
1520616876.112646818 109
1520616876.162730694 126
1520616876.212649822 127
1520616876.262651920 130
1520616876.312653780 140
1520616876.362654686 149
1520616876.412656784 154
1520616876.462657690 149
1520616876.512599468 151
1520616876.562600374 168
1520616876.612602472 178
1520616876.662604570 168
1520616876.712605476 186
1520616876.762607336 191
1520616876.812608480 188
1520616876.862610340 176
1520616876.912892342 76
1520616876.962894440 117
1520616877.012895346 123
1520616877.062897444 122
1520616877.112899303 105
1520616877.162901163 96
1520616877.212902308 89
1520616877.262904406 95
1520616877.312801123 90
1520616877.362802982 91
1520616877.412805080 87
1520616877.462805986 94
1520616877.512806892 99
1520616877.562808990 88
1520616877.612811089 87
1520616877.662811995 86
1520616877.712680101 45
1520616877.762681246 48
1520616877.812769175 41
1520616877.862684250 31
1520616877.912686348 46
1520616877.962687254 22
1520616878.012689114 16
1520616878.062690258 16
1520616878.112839699 19
1520616878.162840843 27
1520616878.212842703 26
1520616878.262844563 31
1520616878.312845707 32
1520616878.362847805 39
1520616878.412848711 43
1520616878.462850809 55
1520616878.512989521 64
1520616878.562991381 72
1520616878.612992525 87
1520616878.662994385 86
1520616878.712996244 106
1520616878.762998581 124
1520616878.812999487 141
1520616878.863001347 143
1520616878.913002491 155
1520616878.962867737 135
1520616879.012868881 164
1520616879.062870741 164
1520616879.112871885 148
1520616879.162873745 159
1520616879.212875843 166
1520616879.262876987 176
1520616879.312878847 174
1520616879.362925291 177
1520616879.412927151 173
1520616879.463019371 169
1520616879.512930393 187
1520616879.562931299 201
1520616879.612933397 205
1520616879.662934303 171
1520616879.712936163 160
1520616879.762993097 131
1520616879.812995434 148
1520616879.862997293 136
1520616879.912998199 159
1520616879.963000298 136
1520616880.013001204 161
1520616880.063003063 136
1520616880.113005400 184
1520616880.162970781 144
1520616880.212971687 141
1520616880.262974024 126
1520616880.312975883 156
1520616880.362976789 136
1520616880.412978888 154
1520616880.462980747 129
1520616880.512981653 146
1520616880.563005924 117
1520616880.613008022 139
1520616880.663008928 110
1520616880.713009834 129
1520616880.763012171 97
1520616880.813013077 128
1520616880.863015175 113
1520616880.913016081 104
1520616880.963162899 31
1520616881.013163805 96
1520616881.063165903 92
1520616881.113262892 99
1520616881.163168669 90
1520616881.213171005 99
1520616881.263171911 84
1520616881.313174009 86
1520616881.363174915 111
1520616881.413449764 34
1520616881.463451624 91
1520616881.513452768 111
1520616881.563454628 116
1520616881.613455534 104
1520616881.663457870 122
1520616881.713458776 134
1520616881.763460636 149
1520616881.813375235 142
1520616881.863377094 160
1520616881.913378954 174
1520616881.963380337 201
1520616882.013382196 215
1520616882.063384056 219
1520616882.113385201 216
1520616882.163387060 197
1520616882.213105679 122
1520616882.263106823 167
1520616882.313107729 153
1520616882.363109827 156
1520616882.413110733 131
1520616882.463112593 134
1520616882.513114929 118
1520616882.563115835 105
1520616882.613003016 99
1520616882.663003922 100
1520616882.713006020 92
1520616882.763103008 120
1520616882.813009262 129
1520616882.863009930 134
1520616882.913012028 132
1520616882.963013172 138
1520616883.012995481 135
1520616883.062997580 129
1520616883.112998724 124
1520616883.163000584 100
1520616883.213001490 103
1520616883.263003588 82
1520616883.313004494 63
1520616883.363006353 70
1520616883.413008690 57
1520616883.463502645 63
1520616883.513504505 62
1520616883.563505411 71
1520616883.613507509 67
1520616883.663509607 64
1520616883.713511467 66
1520616883.763511658 62
1520616883.813514471 60
1520616883.865299225 22
1520616883.915301085 26
1520616883.965302229 44
1520616884.015304089 63
1520616884.065305233 67
1520616884.115307331 77
1520616884.165308237 81
1520616884.215310335 95
1520616884.266736984 54
1520616884.316738844 76
1520616884.366740942 115
1520616884.416838884 97
1520616884.466742754 127
1520616884.516744852 144
1520616884.566745758 153
1520616884.616748095 150
1520616884.668346167 24
1520616884.718347073 75
1520616884.768349171 96
1520616884.818350077 91
1520616884.868351936 103
1520616884.918353081 89
1520616884.968355179 108
1520616885.018356323 109
1520616885.069706202 46
1520616885.119708061 87
1520616885.169709206 101
1520616885.219711304 117
1520616885.269712210 135
1520616885.319714308 134
1520616885.369716167 134
1520616885.419718027 136
1520616885.471258402 58
1520616885.521259308 121
1520616885.571261406 122
1520616885.621263266 119
1520616885.671264172 111
1520616885.721266508 119
1520616885.771267414 108
1520616885.821269274 108
1520616885.871270418 97
1520616885.920545101 70
1520616885.970546007 85
1520616886.020547867 100
1520616886.070646763 92
1520616886.120550871 97
1520616886.170551777 98
1520616886.220553875 89
1520616886.270555973 80
1520616886.318944216 56
1520616886.368946075 83
1520616886.418946981 97
1520616886.468949318 89
1520616886.518950224 106
1520616886.568952084 96
1520616886.618953228 103
1520616886.668955088 122
1520616886.717357397 66
1520616886.767358303 106
1520616886.817360163 96
1520616886.867361307 106
1520616886.917363167 123
1520616886.967364073 135
1520616887.017367363 150
1520616887.067368269 149
1520616887.115808010 46
1520616887.165809155 119
1520616887.215811014 137
1520616887.265812874 147
1520616887.315814257 166
1520616887.365816116 138
1520616887.415817261 125
1520616887.465818167 104
1520616887.514790773 38
1520616887.564791918 124
1520616887.614793777 115
1520616887.664794922 114
1520616887.714894772 97
1520616887.764797688 113
1520616887.814799786 85
1520616887.864801884 81
1520616887.914802790 90
1520616887.964260578 61
1520616888.014261723 81
1520616888.064263582 84
1520616888.114264488 92
1520616888.164266825 84
1520616888.214267731 74
1520616888.264269829 112
1520616888.314271688 97
1520616888.364781380 62
1520616888.414783239 105
1520616888.464784145 111
1520616888.514786243 123
1520616888.564788342 106
1520616888.614789009 102
1520616888.664791346 126
1520616888.714793205 148
1520616888.766263723 29
1520616888.816265821 85
1520616888.866266727 137
1520616888.916268826 147
1520616888.966270685 174
1520616889.016271591 181
1520616889.066272736 228
1520616889.116274595 188
1520616889.165064812 47
1520616889.215065718 166
1520616889.265066385 131
1520616889.315068722 170
1520616889.365166664 214
1520616889.415071487 215
1520616889.465073586 215
1520616889.515074492 220
1520616889.563895226 27
1520616889.613896132 135
1520616889.663898468 193
1520616889.713899374 205
1520616889.763901234 222
1520616889.813902378 243
1520616889.863904238 247
1520616889.913906097 288
1520616889.963425398 85
1520616890.013427496 170
1520616890.063428402 187
1520616890.113430262 193
1520616890.163431406 170
1520616890.213433266 183
1520616890.263435364 221
1520616890.313436508 210
1520616890.363438368 222
1520616890.413210154 127
1520616890.463211060 203
1520616890.513212204 230
1520616890.563214064 240
1520616890.613214970 208
1520616890.663217068 199
1520616890.713219166 191
1520616890.763220072 172
1520616890.812941313 94
1520616890.862942219 135
1520616890.912944078 119
1520616890.962945223 123
1520616891.013042212 127
1520616891.062949181 120
1520616891.112950325 109
1520616891.162952185 89
1520616891.213149786 75
1520616891.263151884 88
1520616891.313152790 93
1520616891.363154650 90
1520616891.413156748 76
1520616891.463157654 69
1520616891.513159752 77
1520616891.563160896 74
1520616891.613391161 51
1520616891.663392305 60
1520616891.713394165 60
1520616891.763395071 75
1520616891.813397169 78
1520616891.863399267 87
1520616891.913400173 90
1520616891.963402271 108
1520616892.013287067 105
1520616892.063287973 119
1520616892.113290310 130
1520616892.163292170 128
1520616892.213293076 115
1520616892.263295174 118
1520616892.313296080 114
1520616892.363296986 122
1520616892.413119316 102
1520616892.463120461 146
1520616892.513122320 162
1520616892.563123226 193
1520616892.613125324 207
1520616892.663224220 210
1520616892.713128090 213
1520616892.763130426 202
1520616892.813131332 205
1520616892.862972736 164
1520616892.912973642 202
1520616892.962975502 211
1520616893.012977600 210
1520616893.062978506 198
1520616893.112980366 192
1520616893.162981749 187
1520616893.212983608 173
1520616893.263007402 149
1520616893.313009501 139
1520616893.363010645 119
1520616893.413012505 130
1520616893.463014364 137
1520616893.513015509 145
1520616893.563017368 146
1520616893.613019466 146
1520616893.663285017 68
1520616893.713286877 106
1520616893.763288736 140
1520616893.813289881 138
1520616893.863291979 151
1520616893.913293123 154
1520616893.963294029 143
1520616894.013295889 157
1520616894.063311100 163
1520616894.113312244 169
1520616894.163314104 177
1520616894.213315010 170
1520616894.263317347 167
1520616894.313416243 155
1520616894.363320112 137
1520616894.413321257 134
1520616894.463086843 40
1520616894.513087749 76
1520616894.563089848 85
1520616894.613090754 79
1520616894.663092852 78
1520616894.713094950 82
1520616894.763095856 82
1520616894.813097715 91
1520616894.863098860 88
1520616894.913094759 98
1520616894.963095903 105
1520616895.013097763 119
1520616895.063099623 116
1520616895.113100767 119
1520616895.163102627 129
1520616895.213103771 120
1520616895.263105869 131
1520616895.313102961 123
1520616895.363103628 127
1520616895.413105965 142
1520616895.463106871 125
1520616895.513108730 122
1520616895.563109875 122
1520616895.613111734 121
1520616895.663112879 120
1520616895.713941097 71
1520616895.763942957 56
1520616895.813944101 98
1520616895.863945961 121
1520616895.913946867 111
1520616895.964045048 97
1520616896.013949871 85
1520616896.063951969 59
1520616896.114513636 18
1520616896.164515495 47
1520616896.214516640 52
1520616896.264518738 47
1520616896.314520597 48
1520616896.364521742 39
1520616896.414523602 47
1520616896.464524508 56
1520616896.515709400 13
1520616896.565711498 47
1520616896.615712404 50
1520616896.665714502 56
1520616896.715715647 65
1520616896.765717506 75
1520616896.815718412 68
1520616896.865720510 79
1520616896.916612387 32
1520616896.966613293 73
1520616897.016614437 96
1520616897.066616297 88
1520616897.116618156 113
1520616897.166620255 112
1520616897.216621399 128
1520616897.266622305 127
1520616897.316624403 143
1520616897.366303921 80
1520616897.416306019 134
1520616897.466308117 141
1520616897.516309023 134
1520616897.566310883 132
1520616897.616409063 137
1520616897.666313887 136
1520616897.716315031 137
1520616897.767572165 24
1520616897.817573071 80
1520616897.867575407 99
1520616897.917577267 111
1520616897.967578173 108
1520616898.017580271 114
1520616898.067581177 123
1520616898.117583036 108
1520616898.166028976 19
1520616898.216031075 83
1520616898.266033173 94
1520616898.316034079 116
1520616898.366035938 115
1520616898.416038036 122
1520616898.466038942 116
1520616898.516040087 115
1520616898.564525127 25
1520616898.614526987 85
1520616898.664528847 116
1520616898.714529991 105
1520616898.764530897 122
1520616898.814532757 134
1520616898.864535093 141
1520616898.914535999 155
1520616898.963912010 76
1520616899.013913870 129
1520616899.063915968 140
1520616899.113916874 159
1520616899.163918734 157
1520616899.213921070 172
1520616899.264013767 186
1520616899.313922882 191
1520616899.363557577 102
1520616899.413559914 151
1520616899.463560820 151
1520616899.513562679 169
1520616899.563563824 172
1520616899.613565683 204
1520616899.663566828 174
1520616899.713568687 174
1520616899.763569593 189
1520616899.813286304 109
1520616899.863288403 139
1520616899.913289309 150
1520616899.963291407 147
1520616900.013292313 154
1520616900.063294172 134
1520616900.113295317 130
1520616900.163297176 115
1520616900.213426352 88
1520616900.263428450 94
1520616900.313429356 103
1520616900.363430500 97
1520616900.413432360 91
1520616900.463434219 86
1520616900.513435364 77
1520616900.563436270 88
1520616900.613787889 54
1520616900.663789988 78
1520616900.713796139 82
1520616900.763792992 78
1520616900.813795090 86
1520616900.863795996 92
1520616900.913883924 82
1520616900.963799000 98
1520616901.013764858 99
1520616901.063766718 94
1520616901.113769054 112
1520616901.163769960 105
1520616901.213771820 102
1520616901.263772964 105
1520616901.313774824 98
1520616901.363775969 94
1520616901.413644791 85
1520616901.463646650 107
1520616901.513647795 92
1520616901.563649893 91
1520616901.613650799 107
1520616901.663652897 123
1520616901.713653803 110
1520616901.763655663 114
1520616901.813576460 108
1520616901.863579273 139
1520616901.913580656 148
1520616901.963581324 129
1520616902.013583422 116
1520616902.063585520 105
1520616902.113586426 142
1520616902.163588524 164
1520616902.213590622 168
1520616902.263770342 120
1520616902.313771248 159
1520616902.363774538 157
1520616902.413774252 164
1520616902.463776350 174
1520616902.513777494 148
1520616902.563861132 142
1520616902.613780499 181
1520616902.664466619 20
1520616902.714468718 108
1520616902.764469862 146
1520616902.814471722 165
1520616902.864472628 169
1520616902.914474726 176
1520616902.964475632 167
1520616903.014477491 166
1520616903.064349651 144
1520616903.114350796 177
1520616903.164352655 194
1520616903.214353561 204
1520616903.264355898 202
1520616903.314356804 185
1520616903.364358664 197
1520616903.414359808 191
1520616903.463482141 73
1520616903.513484240 102
1520616903.563485146 146
1520616903.613487005 143
1520616903.663488150 146
1520616903.713491201 158
1520616903.763492107 154
1520616903.813493252 166
1520616903.863390446 133
1520616903.913391352 147
1520616903.963393450 156
1520616904.013394356 155
1520616904.063396454 159
1520616904.113399506 149
1520616904.163399458 150
1520616904.213477373 143
1520616904.263402462 141
1520616904.313627720 87
1520616904.363628626 110
1520616904.413630486 137
1520616904.463631630 135
1520616904.513633490 118
1520616904.563634396 104
1520616904.613636494 87
1520616904.663638592 99
1520616904.713527918 87
1520616904.763529778 109
1520616904.813531637 112
1520616904.863532782 99
1520616904.913533688 99
1520616904.963535547 111
1520616905.013536692 97
1520616905.063538790 101
1520616905.113356352 65
1520616905.163357496 93
1520616905.213359356 100
1520616905.263360500 91
1520616905.313362360 100
1520616905.363363266 117
1520616905.413365602 116
1520616905.463367462 109
1520616905.513424635 113
1520616905.563426733 119
1520616905.613427639 117
1520616905.663429976 109
1520616905.713430882 97
1520616905.763432741 97
1520616905.813434839 82
1520616905.863501787 75
1520616905.913759470 15
1520616905.963760376 49
1520616906.013762474 52
1520616906.063763380 58
1520616906.113765478 55
1520616906.163766623 59
1520616906.213768482 54
1520616906.263770342 52
1520616906.314519644 24
1520616906.364521503 25
1520616906.414522648 47
1520616906.464524508 72
1520616906.514525414 70
1520616906.564527512 87
1520616906.614529610 104
1520616906.664530516 107
1520616906.714532614 123
1520616906.764706612 106
1520616906.814708471 123
1520616906.864710569 119
1520616906.914711475 128
1520616906.964713573 137
1520616907.014715672 126
1520616907.064716578 132
1520616907.114718437 129
1520616907.165342569 82
1520616907.215344429 115
1520616907.265345573 126
1520616907.315347433 134
1520616907.365348339 140
1520616907.415350437 139
1520616907.465351343 115
1520616907.515402555 124
1520616907.566855907 32
1520616907.616857767 97
1520616907.666858912 105
1520616907.716861010 97
1520616907.766861916 112
1520616907.816864014 114
1520616907.866865873 129
1520616907.916866779 116
1520616907.966459036 97
1520616908.016459942 91
1520616908.066462278 87
1520616908.116463184 93
1520616908.166465044 84
1520616908.216466188 92
1520616908.266468048 87
1520616908.316469908 87
1520616908.365616083 41
1520616908.415617943 75
1520616908.465620041 96
1520616908.515621185 85
1520616908.565623045 99
1520616908.615623951 105
1520616908.665626049 114
1520616908.715626955 98
1520616908.765069008 55
1520616908.815070868 79
1520616908.865072012 92
1520616908.915072918 86
1520616908.965075016 92
1520616909.015076160 89
1520616909.065078020 90
1520616909.115079880 81
1520616909.165117025 80
1520616909.214703083 68
1520616909.264703989 119
1520616909.314706087 137
1520616909.364706993 129
1520616909.414709091 150
1520616909.464711189 146
1520616909.514712095 124
1520616909.564713955 131
1520616909.614852428 123
1520616909.664854288 99
1520616909.714855433 80
1520616909.764857292 69
1520616909.814858198 68
1520616909.864860535 75
1520616909.914862394 76
1520616909.964863300 76
1520616910.017195463 31
1520616910.067196608 40
1520616910.117198706 71
1520616910.167200565 45
1520616910.217202663 69
1520616910.267203569 72
1520616910.317204475 77
1520616910.367206573 78
1520616910.419890642 44
1520616910.469892979 53
1520616910.519893646 89
1520616910.569894552 84
1520616910.619896889 98
1520616910.669899702 88
1520616910.719899654 94
1520616910.769900799 112
1520616910.821620464 52
1520616910.871600389 107
1520616910.921602488 129
1520616910.971603394 122
1520616911.021605492 126
1520616911.071607590 126
1520616911.121608496 110
1520616911.171610355 120
1520616911.221611500 104
1520616911.272410393 91
1520616911.322411537 89
1520616911.372413397 86
1520616911.422414303 92
1520616911.472416401 83
1520616911.522418499 81
1520616911.572419405 82
1520616911.622421503 83
1520616911.671751499 60
1520616911.721753597 84
1520616911.771755457 82
1520616911.821756363 79
1520616911.871758699 79
1520616911.921760559 68
1520616911.971761465 71
1520616912.021763563 88
1520616912.070742369 58
1520616912.120743275 89
1520616912.170745134 96
1520616912.220748186 80
1520616912.270748138 88
1520616912.320749998 91
1520616912.370751143 84
1520616912.420753241 87
1520616912.468755722 34
1520616912.518751860 59
1520616912.568752527 84
1520616912.618754864 96
1520616912.668756723 101
1520616912.718757629 89
1520616912.768759727 100
1520616912.818760633 109
1520616912.868078232 67
1520616912.918079138 91
1520616912.968081236 101
1520616913.018082380 99
1520616913.068084240 106
1520616913.118086338 117
1520616913.168087244 116
1520616913.218089104 114
1520616913.267685413 95
1520616913.317687511 119
1520616913.367688417 111
1520616913.417690277 118
1520616913.467692614 120
1520616913.517694473 127
1520616913.567696333 136
1520616913.617697477 120
1520616913.667699337 121
1520616913.716314316 30
1520616913.766316175 86
1520616913.816317558 97
1520616913.866318226 106
1520616913.916320562 114
1520616913.966321468 94
1520616914.016323328 96
1520616914.066324472 84
1520616914.114924908 12
1520616914.164926052 51
1520616914.214927912 80
1520616914.264930010 85
1520616914.314930916 89
1520616914.364932775 82
1520616914.414933920 91
1520616914.464936018 96
1520616914.514795303 82
1520616914.564797401 97
1520616914.614799261 96
1520616914.664800167 110
1520616914.714802504 107
1520616914.764803410 109
1520616914.814805508 97
1520616914.864806414 100
1520616914.916097164 13
1520616914.966098070 43
1520616915.016100407 79
1520616915.066102266 86
1520616915.116103172 101
1520616915.166105270 98
1520616915.216107368 100
1520616915.266108513 100
1520616915.317066908 33
1520616915.367069006 73
1520616915.417069912 86
1520616915.467071056 77
1520616915.517072916 69
1520616915.567074776 74
1520616915.617075920 83
1520616915.667078972 88
1520616915.717643499 63
1520616915.767645359 83
1520616915.817646503 85
1520616915.867648602 97
1520616915.917649508 99
1520616915.967651606 123
1520616916.017652512 140
1520616916.067654371 158
1520616916.117655516 153
1520616916.167499304 141
1520616916.217501163 145
1520616916.267502308 132
1520616916.317504168 143
1520616916.367505312 157
1520616916.417507410 137
1520616916.467508316 135
1520616916.517510414 127
1520616916.566380739 35
1520616916.616382837 57
1520616916.666384697 74
1520616916.716385841 76
1520616916.766387701 79
1520616916.816389561 94
1520616916.866390705 101
1520616916.916392803 106
1520616916.965620518 49
1520616917.015622377 86
1520616917.065623522 74
1520616917.115625381 77
1520616917.165627718 71
1520616917.215628624 77
1520616917.265630484 87
1520616917.315631628 95
1520616917.365025759 62
1520616917.415026665 82
1520616917.465127707 94
1520616917.515029669 117
1520616917.565031767 135
1520616917.615032911 113
1520616917.665034771 107
1520616917.715035915 137
1520616917.766720533 79
1520616917.816721439 100
1520616917.866723299 148
1520616917.916725397 175
1520616917.966726303 190
1520616918.016728401 176
1520616918.066729546 202
1520616918.116731405 231
1520616918.166733265 240
1520616918.217488050 134
1520616918.267490149 227
1520616918.317491293 233
1520616918.367493153 235
1520616918.417495012 238
1520616918.467496157 246
1520616918.517498016 292
1520616918.567499161 331
1520616918.615232706 17
1520616918.665235043 122
1520616918.715236902 97
1520616918.765237093 158
1520616918.815238953 181
1520616918.865239859 197
1520616918.915241957 191
1520616918.965242863 207
1520616919.014601231 65
1520616919.064603329 137
1520616919.114684343 142
1520616919.164606094 146
1520616919.214607477 121
1520616919.264609337 113
1520616919.314610243 136
1520616919.364612341 144
1520616919.414170980 44
1520616919.464172840 111
1520616919.514174700 90
1520616919.564175844 89
1520616919.614177704 119
1520616919.664178610 128
1520616919.714180946 131
1520616919.764182806 148
1520616919.814201832 128
1520616919.864203930 119
1520616919.914204836 122
1520616919.964206934 123
1520616920.014208078 118
1520616920.064209938 140
1520616920.114211798 147
1520616920.164214134 141
1520616920.214800119 37
1520616920.264801025 106
1520616920.314802885 144
1520616920.364804029 152
1520616920.414806128 150
1520616920.464807987 165
1520616920.514809132 186
1520616920.564810991 188
1520616920.614812136 201
1520616920.664451122 114
1520616920.714452267 182
1520616920.764512300 180
1520616920.814455271 191
1520616920.864457130 184
1520616920.914459229 165
1520616920.964460373 152
1520616921.014461279 133
1520616921.064152718 75
1520616921.114154816 113
1520616921.164155960 107
1520616921.214157820 110
1520616921.264158726 123
1520616921.314160824 119
1520616921.364161730 125
1520616921.414163828 130
1520616921.463944435 65
1520616921.513945341 108
1520616921.563947439 142
1520616921.613948345 124
1520616921.663950682 148
1520616921.713952541 132
1520616921.763954401 133
1520616921.813955545 144
1520616921.864132166 96
1520616921.914133072 124
1520616921.964133978 143
1520616922.014136076 155
1520616922.064137936 139
1520616922.114138842 140
1520616922.164140940 135
1520616922.214143038 121
1520616922.264728308 18
1520616922.314729214 104
1520616922.364731312 127
1520616922.414774179 134
1520616922.464734316 140
1520616922.514735460 140
1520616922.564737320 149
1520616922.614738226 132
1520616922.664919376 85
1520616922.714921236 122
1520616922.764922142 133
1520616922.814924240 137
1520616922.864925146 135
1520616922.914927006 153
1520616922.964928150 150
1520616923.014930248 172
1520616923.064932108 184
1520616923.114657879 125
1520616923.164659739 145
1520616923.214660883 148
1520616923.264662743 164
1520616923.314663649 185
1520616923.364665747 193
1520616923.414667845 213
1520616923.464668751 221
1520616923.515052795 106
1520616923.565054893 187
1520616923.615055799 223
1520616923.665057898 219
1520616923.715061903 231
1520616923.765060902 202
1520616923.815062046 209
1520616923.865063906 209
1520616923.914721251 85
1520616923.964723110 150
1520616924.014724255 112
1520616924.064745188 124
1520616924.114727259 145
1520616924.164729357 121
1520616924.214730263 106
1520616924.264732122 114
1520616924.314501286 99
1520616924.364502192 108
1520616924.414504528 119
1520616924.464505434 117
1520616924.514507294 122
1520616924.564508438 124
1520616924.614510298 130
1520616924.664512157 108
1520616924.714418888 109
1520616924.764421225 127
1520616924.814422131 137
1520616924.864423990 141
1520616924.914425135 138
1520616924.964426994 143
1520616925.014427900 142
1520616925.064429998 145
1520616925.114371538 128
1520616925.164938688 38
1520616925.214939594 95
1520616925.264941931 99
1520616925.314942837 92
1520616925.364943504 93
1520616925.414945841 79
1520616925.464947701 79
1520616925.514948606 74
1520616925.565721512 19
1520616925.615722656 61
1520616925.665724754 89
1520616925.715725660 92
1520616925.765727758 96
1520616925.815728664 104
1520616925.865730524 118
1520616925.915732622 113
1520616925.966017962 91
1520616926.016020298 111
1520616926.066021204 122
1520616926.116023064 129
1520616926.166024208 143
1520616926.216026068 117
1520616926.266027927 104
1520616926.316029072 93
1520616926.365901470 97
1520616926.415902615 89
1520616926.465904713 95
1520616926.515905857 102
1520616926.565907717 106
1520616926.615908623 109
1520616926.665910721 90
1520616926.715912819 100
1520616926.767682552 80
1520616926.817684412 53
1520616926.867686749 95
1520616926.917687654 118
1520616926.967689514 143
1520616927.017690659 149
1520616927.067692518 131
1520616927.117693663 132
1520616927.172907591 83
1520616927.222909451 85
1520616927.272910357 107
1520616927.322912455 116
1520616927.372913361 121
1520616927.422914505 127
1520616927.472916365 149
1520616927.522918463 166
1520616927.572919607 177
1520616927.622921467 170
1520616927.672922373 182
1520616927.722924471 193
1520616927.772925377 176
1520616927.822927475 187
1520616927.872929573 195
1520616927.922930479 207
1520616927.972932339 194
1520616928.022933483 166
1520616928.072935343 187
1520616928.122936487 193
1520616928.172938585 206
1520616928.222940445 216
1520616928.272941589 228
1520616928.322943449 214
1520616928.372945309 199
1520616928.418319702 43
1520616928.468320847 118
1520616928.518322706 148
1520616928.568324566 143
1520616928.618325710 165
1520616928.668327570 152
1520616928.718328476 156
1520616928.768330812 157
1520616928.816122532 30
1520616928.866124868 96
1520616928.916126728 121
1520616928.966127634 145
1520616929.016128778 170
1520616929.066235542 174
1520616929.116132498 162
1520616929.166133642 171
1520616929.215279818 60
1520616929.265280724 112
1520616929.315282583 161
1520616929.365283728 163
1520616929.415285826 183
1520616929.465287685 190
1520616929.515288830 168
1520616929.565290689 149
1520616929.614524364 23
1520616929.664526224 69
1520616929.714527607 83
1520616929.764529467 79
1520616929.814530611 83
1520616929.864532471 86
1520616929.914534330 71
1520616929.964535475 69
1520616930.014537573 64
1520616930.064171791 44
1520616930.114172697 44
1520616930.164174795 49
1520616930.214175701 55
1520616930.264177561 58
1520616930.314179897 62
1520616930.364180803 64
1520616930.414182901 74
1520616930.464092970 72
1520616930.514094114 74
1520616930.564095974 70
1520616930.614097834 70
1520616930.664098978 76
1520616930.714184046 77
1520616930.764102221 89
1520616930.814104080 93
1520616930.864392042 74
1520616930.914393902 105
1520616930.964395046 118
1520616931.014396906 122
1520616931.064398766 137
1520616931.114399910 144
1520616931.164402008 134
1520616931.214402914 127
1520616931.265215397 31
1520616931.315216541 96
1520616931.365218639 119
1520616931.415219784 131
1520616931.465221643 129
1520616931.515223503 133
1520616931.565224648 143
1520616931.615226507 132
1520616931.666054964 49
1520616931.716056108 107
1520616931.766057968 82
1520616931.816059828 96
1520616931.866060972 82
1520616931.916063070 94
1520616931.966063976 94
1520616932.016065121 107
1520616932.066485405 66
1520616932.116487503 77
1520616932.166488409 73
1520616932.216489553 46
1520616932.266491413 43
1520616932.316493273 48
1520616932.366553307 49
1520616932.416496277 46
1520616932.466497421 63
1520616932.516465902 74
1520616932.566466808 86
1520616932.616468668 98
1520616932.666471004 110
1520616932.716471910 123
1520616932.766473770 124
1520616932.816474915 129
1520616932.866476774 132
1520616932.915743589 71
1520616932.965745449 109
1520616933.015746355 123
1520616933.065748453 126
1520616933.115750313 130
1520616933.165751219 142
1520616933.215753555 143
1520616933.265754461 130
1520616933.314913273 27
1520616933.364915133 69
1520616933.414917231 70
1520616933.464918375 76
1520616933.514920235 79
1520616933.564921141 71
1520616933.614923239 76
1520616933.664924145 84
1520616933.714437008 48
1520616933.764437914 86
1520616933.814439058 103
1520616933.864441156 88
1520616933.914443016 88
1520616933.964444160 96
1520616934.014483929 91
1520616934.064446926 90
1520616934.114621401 63
1520616934.164622545 92
1520616934.214624405 100
1520616934.264626503 93
1520616934.314627647 119
1520616934.364629507 88
1520616934.414630413 85
1520616934.464632511 96
1520616934.514633417 90
1520616934.566385984 68
1520616934.616386890 76
1520616934.666388750 105
1520616934.716390848 122
1520616934.766391754 123
1520616934.816393614 137
1520616934.866394997 159
1520616934.916396856 185
1520616934.967000246 106
1520616935.017002344 200
1520616935.067003489 248
1520616935.117005348 271
1520616935.167006493 296
1520616935.217008352 296
1520616935.267009258 310
1520616935.317011356 287
1520616935.366678238 233
1520616935.416680098 261
1520616935.466681242 273
1520616935.516683340 274
1520616935.566684246 281
1520616935.616686344 265
1520616935.666701317 269
1520616935.716689110 253
1520616935.765532970 51
1520616935.815534830 140
1520616935.865536690 147
1520616935.915537834 162
1520616935.965539932 178
1520616936.015540838 167
1520616936.065542936 138
1520616936.115543842 132
1520616936.165092707 49
1520616936.215093613 55
1520616936.265095472 49
1520616936.315097570 39
1520616936.365098476 34
1520616936.415100336 44
1520616936.465101480 47
1520616936.515103579 55
1520616936.570525169 122
1520616936.620527029 150
1520616936.670529127 103
1520616936.720531225 123
1520616936.770532131 86
1520616936.820533991 125
1520616936.870535135 164
1520616936.920536995 154
1520616936.970537901 152
1520616937.023215294 31
1520616937.073216438 110
1520616937.123218536 162
1520616937.173219442 162
1520616937.223221540 193
1520616937.273223400 208
1520616937.323225260 221
1520616937.373225451 210
1520616937.423227310 224
1520616937.473229647 189
1520616937.523230553 191
1520616937.573232412 159
1520616937.623233557 177
1520616937.673235416 152
1520616937.723236322 171
1520616937.773238420 144
1520616937.823239326 139
1520616937.873241425 165
1520616937.923243523 164
1520616937.973244429 167
1520616938.023246288 146
1520616938.073248625 123
1520616938.123249292 114
1520616938.173250675 132
1520616938.223252535 137
1520616938.273254395 128
1520616938.323255539 118
1520616938.373257399 81
1520616938.423259497 61
1520616938.473260641 60
1520616938.523262501 57
1520616938.573263407 52
1520616938.623264551 51
1520616938.673266411 56
1520616938.723268270 74
1520616938.773270607 73
1520616938.823271513 73
1520616938.873275280 86
1520616938.923274517 88
1520616938.973276377 93
1520616939.023277521 101
1520616939.073279381 98
1520616939.123280287 104
1520616939.173282623 110
1520616939.223283529 105
1520616939.273285389 104
1520616939.323286533 96
1520616939.373288393 94
1520616939.423289299 97
1520616939.473291636 90
1520616939.523293495 82
1520616939.573294401 77
1520616939.623296499 77
1520616939.673298359 75
1520616939.723299265 59
1520616939.773300409 56
1520616939.823302507 53
1520616939.871281385 34
1520616939.921282291 68
1520616939.971284389 97
1520616940.021286488 85
1520616940.071287394 87
1520616940.121289492 88
1520616940.171291351 93
1520616940.221292257 85
1520616940.268473387 16
1520616940.318474293 73
1520616940.368476152 95
1520616940.418477297 112
1520616940.468478203 90
1520616940.518480062 103
1520616940.568482399 91
1520616940.618483305 103
1520616940.667239189 25
1520616940.717152119 88
1520616940.767154217 124
1520616940.817155123 143
1520616940.867156982 159
1520616940.917158127 158
1520616940.967159986 154
1520616941.017160892 130
1520616941.066149235 25
1520616941.116151333 73
1520616941.166152239 108
1520616941.216154099 102
1520616941.266155243 88
1520616941.316157103 84
1520616941.366159439 69
1520616941.416160345 60
1520616941.466162205 51
1520616941.515747070 39
1520616941.565748930 47
1520616941.615750074 45
1520616941.665752172 44
1520616941.715754032 46
1520616941.765755892 46
1520616941.815757036 55
1520616941.865758896 63
1520616941.916064978 59
1520616941.966065884 70
1520616942.016067743 69
1520616942.066070080 66
1520616942.116070986 69
1520616942.166072845 71
1520616942.216076136 82
1520616942.266075850 88
1520616942.317450047 16
1520616942.367389917 53
1520616942.417390823 61
1520616942.467392921 63
1520616942.517393827 70
1520616942.567395926 63
1520616942.617397070 66
1520616942.667398930 68
1520616942.716712475 43
1520616942.766713381 52
1520616942.816715479 54
1520616942.866716385 65
1520616942.916718245 57
1520616942.966719389 63
1520616943.016721487 65
1520616943.066723347 64
1520616943.117306709 44
1520616943.167308807 66
1520616943.217309713 80
1520616943.267311573 74
1520616943.317313910 80
1520616943.367315769 88
1520616943.417316675 109
1520616943.467318773 138
1520616943.516673803 70
1520616943.566674948 107
1520616943.616675854 139
1520616943.666677713 136
1520616943.716678858 122
1520616943.766680717 100
1520616943.816681623 96
1520616943.866683960 67
1520616943.916684866 57
1520616943.965534925 18
1520616944.015502930 26
1520616944.065505028 22
1520616944.115505934 42
1520616944.165507793 61
1520616944.215508938 82
1520616944.265510798 102
1520616944.315512896 116
1520616944.365164280 39
1520616944.415166378 66
1520616944.465167284 100
1520616944.515169382 115
1520616944.565170527 122
1520616944.615172386 120
1520616944.665174246 124
1520616944.715175390 132
1520616944.766013861 69
1520616944.816014767 62
1520616944.866017103 96
1520616944.916018963 84
1520616944.966019869 71
1520616945.016021967 65
1520616945.066023827 69
1520616945.116024733 62
1520616945.167651892 11
1520616945.217653751 69
1520616945.267654657 97
1520616945.317655802 126
1520616945.367658854 154
1520616945.417658567 199
1520616945.467660904 213
1520616945.517661810 203
1520616945.572168112 68
1520616945.622176170 83
1520616945.672171116 142
1520616945.722172260 148
1520616945.772174120 154
1520616945.822175264 125
1520616945.872177124 108
1520616945.922178984 102
1520616945.972037554 75
1520616946.023311377 40
1520616946.073312283 67
1520616946.123314381 80
1520616946.173315287 77
1520616946.223317146 97
1520616946.273319483 85
1520616946.323320389 86
1520616946.373322248 84
1520616946.423508406 92
1520616946.473510504 100
1520616946.523511648 94
1520616946.573513508 96
1520616946.623515368 93
1520616946.673517466 111
1520616946.723518372 104
1520616946.773519278 101
1520616946.823521614 100
1520616946.873523474 103
1520616946.923524380 101
1520616946.973526478 103
1520616947.023527384 97
1520616947.073529243 91
1520616947.123530388 99
1520616947.173532486 93
1520616947.223534346 86
1520616947.273535490 102
1520616947.323536396 106
1520616947.373538494 97
1520616947.423539400 103
1520616947.473541260 102
1520616947.523543596 120
1520616947.573544502 112
1520616947.621969700 49
1520616947.671970606 73
1520616947.721972704 84
1520616947.771973610 87
1520616947.821975470 84
1520616947.871977806 81
1520616947.921978712 81
1520616947.971980810 73
1520616948.021053553 50
1520616948.071054220 67
1520616948.121055126 72
1520616948.171057463 62
1520616948.221059322 61
1520616948.271061182 63
1520616948.321062326 71
1520616948.371063232 76
1520616948.421172142 81
1520616948.470330477 69
1520616948.520331621 79
1520616948.570333481 80
1520616948.620338440 93
1520616948.670336485 107
1520616948.720337391 118
1520616948.770339251 120
1520616948.820340395 136
1520616948.867841244 20
1520616948.917842150 95
1520616948.967948198 120
1520616949.017845154 127
1520616949.067847252 159
1520616949.117849112 153
1520616949.167850256 159
1520616949.217852116 145
1520616949.266531467 29
1520616949.316533566 70
1520616949.366534710 98
1520616949.416536570 100
1520616949.466538429 101
1520616949.516539574 96
1520616949.566541672 93
1520616949.616542578 87
1520616949.665871620 52
1520616949.715872526 69
1520616949.765874624 86
1520616949.815876722 85
1520616949.865877390 95
1520616949.915879726 100
1520616949.965881586 113
1520616950.015882492 116
1520616950.065271616 57
1520616950.115273476 113
1520616950.165274620 119
1520616950.215276480 142
1520616950.265277386 143
1520616950.315278530 152
1520616950.365280628 156
1520616950.415284395 150
1520616950.465303898 163
1520616950.515306711 147
1520616950.565306902 136
1520616950.615384817 125
1520616950.665309906 111
1520616950.715311766 129
1520616950.765312672 105
1520616950.815315008 90
1520616950.865315914 92
1520616950.915428638 88
1520616950.965429544 94
1520616951.015431404 100
1520616951.065433502 94
1520616951.115434408 104
1520616951.165436506 86
1520616951.215437651 89
1520616951.265439510 92
1520616951.315726757 54
1520616951.365729094 86
1520616951.415730953 100
1520616951.465731859 100
1520616951.515733957 108
1520616951.565734863 95
1520616951.615736723 91
1520616951.665739059 86
1520616951.717198133 88
1520616951.767200232 72
1520616951.817202091 96
1520616951.867202997 102
1520616951.917204142 111
1520616951.967206240 123
1520616952.017208099 135
1520616952.067211151 114
1520616952.118067980 67
1520616952.168070078 47
1520616952.218072176 66
1520616952.268123150 51
1520616952.318075180 51
1520616952.368076086 58
1520616952.418077946 81
1520616952.468079090 103
1520616952.516940832 34
1520616952.566941977 76
1520616952.616943836 112
1520616952.666945934 106
1520616952.716946840 120
1520616952.766948938 114
1520616952.816950083 118
1520616952.866951942 124
1520616952.915787458 24
1520616952.965788364 78
1520616953.015789509 103
1520616953.065791607 118
1520616953.115793705 129
1520616953.165794611 134
1520616953.215796471 137
1520616953.265798569 150
1520616953.315800667 177
1520616953.365205050 31
1520616953.415205956 94
1520616953.465208054 121
1520616953.515209913 112
1520616953.565210819 116
1520616953.615213156 110
1520616953.665214062 112
1520616953.715215206 111
1520616953.765325308 82
1520616953.815323353 120
1520616953.865325212 140
1520616953.915348530 158
1520616953.965328455 188
1520616954.015330315 186
1520616954.065331459 208
1520616954.115333319 212
1520616954.165450573 172
1520616954.215452433 149
1520616954.265454292 202
1520616954.315455437 216
1520616954.365457296 216
1520616954.415458202 223
1520616954.465460539 224
1520616954.515461445 217
1520616954.565722227 167
1520616954.615724087 194
1520616954.665724993 173
1520616954.715727091 164
1520616954.765727997 123
1520616954.815729856 93
1520616954.865732193 75
1520616954.915733099 59
1520616954.966292381 26
1520616955.016293526 39
1520616955.066295624 38
1520616955.116297483 36
1520616955.166298628 45
1520616955.216299534 49
1520616955.266301394 43
1520616955.316306353 51
1520616955.366151571 39
1520616955.416152716 52
1520616955.466153622 52
1520616955.516155720 47
1520616955.566157818 58
1520616955.616158724 62
1520616955.666159868 67
1520616955.716161728 65
1520616955.766162634 67
1520616955.816668272 21
1520616955.866670132 50
1520616955.916671038 53
1520616955.966673136 73
1520616956.016674042 102
1520616956.066675901 118
1520616956.116677046 118
1520616956.166679144 118
1520616956.217821836 67
1520616956.267823935 64
1520616956.317826033 99
1520616956.367827892 127
1520616956.417828798 123
1520616956.467829943 122
1520616956.517832041 137
1520616956.567833900 125
1520616956.616280079 36
1520616956.666282177 38
1520616956.716284275 90
1520616956.766286135 120
1520616956.816287279 113
1520616956.866288185 118
1520616956.916289091 105
1520616956.966292143 105
1520616957.016060591 76
1520616957.066062689 90
1520616957.116064548 91
1520616957.166065693 102
1520616957.216067553 115
1520616957.266068459 118
1520616957.316070557 113
1520616957.366071463 95
1520616957.416187763 98
1520616957.466189861 96
1520616957.516190767 96
1520616957.566192627 101
1520616957.616193771 110
1520616957.666195631 121
1520616957.716196775 128
1520616957.766198874 142
1520616957.816199780 149
1520616957.867722511 15
1520616957.917724371 69
1520616957.967725515 105
1520616958.017727375 118
1520616958.067729473 105
1520616958.117730618 83
1520616958.167732477 90
1520616958.217733383 86
1520616958.267894745 89
1520616958.317895651 81
1520616958.367897511 78
1520616958.417899847 74
1520616958.467900753 81
1520616958.517901659 82
1520616958.567903757 82
1520616958.617905617 78
1520616958.668426514 69
1520616958.718428612 82
1520616958.768429518 69
1520616958.818431377 88
1520616958.868432522 95
1520616958.918524742 89
1520616958.968435764 91
1520616959.018437624 91
1520616959.068471909 82
1520616959.118472815 97
1520616959.168474674 93
1520616959.218475819 71
1520616959.268477678 66
1520616959.318478823 76
1520616959.368480682 69
1520616959.418481588 86
1520616959.467776537 27
1520616959.517778635 60
1520616959.567779541 78
1520616959.617781401 82
1520616959.667782545 75
1520616959.717784643 77
1520616959.767785549 81
1520616959.817787647 68
1520616959.867022991 27
1520616959.917025089 48
1520616959.967025995 53
1520616960.017028093 51
1520616960.067028999 60
1520616960.117030859 59
1520616960.167033195 58
1520616960.217032909 68
1520616960.267034769 68
1520616960.316322327 28
1520616960.366324425 52
1520616960.416325331 61
1520616960.466327190 73
1520616960.516328335 74
1520616960.566392422 60
1520616960.616331577 78
1520616960.666333437 72
1520616960.717009783 48
1520616960.767011642 56
1520616960.817012787 46
1520616960.867014647 41
1520616960.917015553 45
1520616960.967017651 46
1520616961.017018557 39
1520616961.067020655 40
1520616961.121177912 24
1520616961.171178818 20
1520616961.221180677 30
1520616961.271181822 34
1520616961.321183681 39
1520616961.371185780 40
1520616961.421186924 36
1520616961.471188784 33
1520616961.523094177 17
1520616961.573096514 36
1520616961.623098373 39
1520616961.673099279 43
1520616961.723101377 49
1520616961.773102283 59
1520616961.823104143 60
1520616961.873105526 63
1520616961.923438072 66
1520616961.973438978 67
1520616962.023441076 90
1520616962.073441982 86
1520616962.123444080 92
1520616962.173445225 112
1520616962.223482132 140
1520616962.273448944 106
1520616962.323450089 120
1520616962.374007463 65
1520616962.424008369 100
1520616962.474010468 120
1520616962.524011612 128
1520616962.574013472 119
1520616962.624014378 108
1520616962.674016476 105
1520616962.724018335 89
1520616962.770084620 14
1520616962.820086479 58
1520616962.870088816 87
1520616962.920089483 114
1520616962.970090866 119
1520616963.020092726 122
1520616963.070094585 131
1520616963.120095730 136
1520616963.166457891 50
1520616963.216459036 64
1520616963.266461849 113
1520616963.316462755 85
1520616963.366463900 124
1520616963.416465998 141
1520616963.466467857 138
1520616963.516469002 157
1520616963.565768242 30
1520616963.615774155 98
1520616963.665771961 143
1520616963.715773106 139
1520616963.765775204 143
1520616963.815776110 149
1520616963.865787029 130
1520616963.915779114 123
1520616963.965762615 129
1520616964.015763760 115
1520616964.065765619 98
1520616964.115766525 85
1520616964.165768623 65
1520616964.215769529 75
1520616964.265771627 65
1520616964.315773726 55
1520616964.367578268 53
1520616964.417580605 36
1520616964.467581511 36
1520616964.517583370 53
1520616964.567584515 47
1520616964.617586374 37
1520616964.667588234 48
1520616964.717589617 40
1520616964.767591476 40
1520616964.819689035 41
1520616964.869689941 22
1520616964.919692039 30
1520616964.969693899 30
1520616965.019694805 41
1520616965.069695950 37
1520616965.119697809 29
1520616965.169698715 32
1520616965.221404314 12
1520616965.271406651 18
1520616965.321407557 23
1520616965.371409416 23
1520616965.421410561 19
1520616965.471412420 22
1520616965.521413565 20
1520616965.571415663 19
1520616965.624039173 40
1520616965.674041271 39
1520616965.724042177 51
1520616965.774044275 76
1520616965.824045420 91
1520616965.874047279 100
1520616965.924049139 84
1520616965.974050283 87
1520616966.024121284 104
1520616966.074122429 108
1520616966.124124527 111
1520616966.174125671 116
1520616966.224127531 100
1520616966.274129391 87
1520616966.324130535 90
1520616966.374132395 82
1520616966.424133301 86
1520616966.474135637 94
1520616966.524137497 96
1520616966.574138403 96
1520616966.624139547 109
1520616966.674142361 104
1520616966.724143267 106
1520616966.774145603 117
1520616966.823094368 55
1520616966.873099327 71
1520616966.923097372 86
1520616966.973099232 77
1520616967.023100138 79
1520616967.073102236 70
1520616967.123103142 82
1520616967.173105240 71
1520616967.223106384 70
1520616967.270091057 16
1520616967.320091963 30
1520616967.370094061 35
1520616967.420094967 38
1520616967.470096827 39
1520616967.520099163 31
1520616967.570100069 30
1520616967.620101929 30
1520616967.668639421 13
1520616967.718641520 20
1520616967.768642187 19
1520616967.818644524 24
1520616967.868646383 28
1520616967.918647289 32
1520616967.968649387 35
1520616968.018650293 30
1520616968.068082571 20
1520616968.118083954 23
1520616968.168085814 24
1520616968.218087673 23
1520616968.268088818 22
1520616968.318090677 23
1520616968.368092775 24
1520616968.418093920 27
1520616968.468092203 26
1520616968.518093348 25
1520616968.568095207 32
1520616968.618096113 33
1520616968.668099403 32
1520616968.718099117 38
1520616968.768101215 40
1520616968.818102360 42
1520616968.868913889 34
1520616968.918832779 43
1520616968.968834877 41
1520616969.018836021 51
1520616969.068837881 67
1520616969.118839741 72
1520616969.168840885 80
1520616969.218842983 88
1520616969.268844128 93
1520616969.321067095 24
1520616969.371068001 72
1520616969.421069860 87
1520616969.471071959 81
1520616969.521072865 92
1520616969.571074724 94
1520616969.621077061 87
1520616969.671077967 87
1520616969.720777988 76
1520616969.770780087 85
1520616969.820782185 92
1520616969.870784044 105
1520616969.920785189 94
1520616969.970786095 97
1520616970.020787954 109
1520616970.070790052 105
1520616970.119721651 67
1520616970.169722557 92
1520616970.219723463 103
1520616970.269725800 99
1520616970.319726706 96
1520616970.369728565 90
1520616970.419730663 95
1520616970.469731569 91
1520616970.519141674 61
1520616970.569087505 54
1520616970.619088650 54
1520616970.669090509 37
1520616970.719092369 28
1520616970.769093513 30
1520616970.819095612 28
1520616970.869096756 14
1520616970.919779301 12
1520616970.969780445 33
1520616971.019782305 14
1520616971.069784403 32
1520616971.119785547 22
1520616971.169787407 17
1520616971.219788551 19
1520616971.269790411 29
1520616971.319962978 33
1520616971.369965076 48
1520616971.419965982 55
1520616971.469967842 72
1520616971.519969940 81
1520616971.569972038 91
1520616971.619972944 105
1520616971.669975042 106
1520616971.719975948 117
1520616971.769199371 35
1520616971.819200516 61
1520616971.869202375 67
1520616971.919203281 72
1520616971.969205618 76
1520616972.019207478 72
1520616972.069208384 77
1520616972.119210482 86
1520616972.170724154 16
1520616972.220695019 60
1520616972.270696878 90
1520616972.320699215 95
1520616972.370700121 98
1520616972.420702219 102
1520616972.470703125 93
1520616972.520704985 88
1520616972.572062016 34
1520616972.622064114 53
1520616972.672065973 62
1520616972.722066879 55
1520616972.772069216 75
1520616972.822070122 67
1520616972.872071981 66
1520616972.922073126 50
1520616972.970898628 27
1520616973.020899773 41
1520616973.070901871 59
1520616973.120903730 58
1520616973.170905828 62
1520616973.220906734 61
1520616973.270908833 64
1520616973.320909739 59
1520616973.369652033 23
1520616973.419653177 39
1520616973.469655037 50
1520616973.519655943 53
1520616973.569659233 55
1520616973.619660139 54
1520616973.669661045 60
1520616973.719662189 58
1520616973.772500038 12
1520616973.822505951 37
1520616973.872503042 60
1520616973.922504902 42
1520616973.972506046 45
1520616974.022508144 56
1520616974.072509289 57
1520616974.122511148 58
1520616974.172512054 59
1520616974.223019600 63
1520616974.273021460 67
1520616974.323022604 72
1520616974.373024464 69
1520616974.423025370 70
1520616974.473027468 78
1520616974.523028374 71
1520616974.573030472 77
1520616974.623537302 82
1520616974.673539400 96
1520616974.723541260 100
1520616974.773542404 102
1520616974.823544264 110
1520616974.873546124 124
1520616974.923547506 121
1520616974.973549366 137
1520616975.024249077 118
1520616975.074250937 125
1520616975.124252081 137
1520616975.174254179 115
1520616975.224256039 113
1520616975.274257183 140
1520616975.324259043 134
1520616975.374260187 125
1520616975.424300909 114
1520616975.474306107 115
1520616975.524303913 124
1520616975.574305058 118
1520616975.624306917 103
1520616975.674307823 93
1520616975.724309921 89
1520616975.774310827 115
1520616975.824274063 94
1520616975.874276161 108
1520616975.924277067 109
1520616975.974279165 104
1520616976.024280071 97
1520616976.074282169 89
1520616976.124283075 84
1520616976.174285173 77
1520616976.222925901 48
1520616976.272927999 61
1520616976.322929859 65
1520616976.372930765 59
1520616976.422933102 72
1520616976.472934961 74
1520616976.522935867 74
1520616976.572937965 65
1520616976.622938871 73
1520616976.671810627 58
1520616976.721812487 85
1520616976.771813631 89
1520616976.821814537 89
1520616976.871816397 88
1520616976.921818733 100
1520616976.971819639 95
1520616977.021821499 83
1520616977.070591927 58
1520616977.120594025 90
1520616977.170696020 98
1520616977.220597029 96
1520616977.270597935 101
1520616977.320600033 101
1520616977.370600939 114
1520616977.420602798 114
1520616977.469717264 88
1520616977.519718409 117
1520616977.569720268 111
1520616977.619721413 120
1520616977.669723511 124
1520616977.719724178 136
1520616977.769726515 161
1520616977.819727421 152
1520616977.868643522 71
1520616977.918645859 113
1520616977.968646765 138
1520616978.018648624 140
1520616978.068650723 149
1520616978.118651628 157
1520616978.168652534 159
1520616978.218655825 186
1520616978.267195463 30
1520616978.317196369 89
1520616978.367198229 124
1520616978.417200327 142
1520616978.467201233 158
1520616978.517203569 160
1520616978.567204237 187
1520616978.617206335 185
1520616978.666617870 79
1520616978.716622829 160
1520616978.766620636 166
1520616978.816694736 181
1520616978.866623640 207
1520616978.916625738 233
1520616978.966626883 208
1520616979.016628742 208
1520616979.066630602 222
1520616979.116288185 119
1520616979.166290283 110
1520616979.216291428 176
1520616979.266293287 215
1520616979.316294432 244
1520616979.366296291 232
1520616979.416297197 228
1520616979.466299295 226
1520616979.515959978 103
1520616979.565960884 95
1520616979.615963221 169
1520616979.665964127 153
1520616979.715965986 193
1520616979.765968084 181
1520616979.815969944 217
1520616979.865970850 202
1520616979.915788651 132
1520616979.965790510 121
1520616980.015792370 193
1520616980.065794468 171
1520616980.115795374 208
1520616980.165799379 178
1520616980.215798616 190
1520616980.265799522 153
1520616980.316151857 94
1520616980.366152763 89
1520616980.416154861 186
1520616980.466203928 145
1520616980.516157627 200
1520616980.566159964 171
1520616980.616160870 188
1520616980.666162968 223
1520616980.716924906 37
1520616980.766926765 160
1520616980.816927910 126
1520616980.866930008 195
1520616980.916930914 155
1520616980.966933012 212
1520616981.016933918 169
1520616981.066936016 210
1520616981.116937876 168
1520616981.166481972 65
1520616981.216484070 176
1520616981.266485929 217
1520616981.316486835 246
1520616981.366487980 253
1520616981.416490078 207
1520616981.466491938 213
1520616981.516494036 175
1520616981.566054821 59
1520616981.616055965 147
1520616981.666058064 125
1520616981.716059923 137
1520616981.766061068 187
1520616981.816062927 162
1520616981.866064787 126
1520616981.916065931 107
1520616981.965775251 32
1520616982.015775442 116
1520616982.065777302 86
1520616982.115798473 110
1520616982.165780544 95
1520616982.215781450 82
1520616982.265783548 113
1520616982.315784454 173
1520616982.365703821 96
1520616982.415704727 127
1520616982.465707064 111
1520616982.515707970 122
1520616982.565710068 103
1520616982.615710974 123
1520616982.665712833 100
1520616982.715715170 112
1520616982.765817642 91
1520616982.815819502 87
1520616982.865820408 143
1520616982.915822506 168
1520616982.965823412 171
1520616983.015825510 177
1520616983.065827608 175
1520616983.115829468 175
1520616983.165883303 116
1520616983.215885401 149
1520616983.265887499 132
1520616983.315888405 136
1520616983.365890265 143
1520616983.415891409 123
1520616983.465892315 135
1520616983.515894413 124
1520616983.565895319 129
1520616983.615723848 74
1520616983.665724993 91
1520616983.715726852 96
1520616983.765728712 113
1520616983.815729856 94
1520616983.865731955 87
1520616983.915733099 91
1520616983.965734959 111
1520616984.015578270 70
1520616984.065580368 101
1520616984.115581274 100
1520616984.165583372 96
1520616984.215585232 80
1520616984.265586138 87
1520616984.315588236 88
1520616984.365589142 96
1520616984.415640831 82
1520616984.465641975 96
1520616984.515643835 119
1520616984.565645933 137
1520616984.615647078 139
1520616984.665648937 167
1520616984.715649843 183
1520616984.765651941 176
1520616984.815819025 49
1520616984.865819931 154
1520616984.915822029 162
1520616984.965823889 181
1520616985.015824795 151
1520616985.065825939 148
1520616985.115828037 140
1520616985.165829182 130
1520616985.215872049 128
1520616985.265873909 115
1520616985.315875053 102
1520616985.365876913 83
1520616985.415880919 84
1520616985.465880156 79
1520616985.515881062 86
1520616985.565882921 95
1520616985.615884066 126
1520616985.665736437 69
1520616985.715737581 102
1520616985.765739441 128
1520616985.815741777 142
1520616985.865742683 145
1520616985.915744543 137
1520616985.965745687 132
1520616986.015747547 153
1520616986.065976143 29
1520616986.115978003 107
1520616986.165978909 136
1520616986.215981007 177
1520616986.265982866 174
1520616986.315983772 158
1520616986.365986109 171
1520616986.415987968 109
1520616986.466095209 71
1520616986.516097069 94
1520616986.566097975 102
1520616986.616100073 95
1520616986.666101933 92
1520616986.716102839 100
1520616986.766103983 106
1520616986.816106081 110
1520616986.865979433 66
1520616986.915982246 146
1520616986.965983152 184
1520616987.015984297 193
1520616987.065986395 185
1520616987.116074324 203
1520616987.165989399 238
1520616987.215990305 288
1520616987.266605377 11
1520616987.316606283 209
1520616987.366608381 287
1520616987.416609287 274
1520616987.466611147 219
1520616987.516613483 187
1520616987.566614389 158
1520616987.616616249 129
1520616987.666622162 128
1520616987.716624022 142
1520616987.766624928 161
1520616987.816627264 199
1520616987.866629124 178
1520616987.916630030 191
1520616987.966632128 181
1520616988.016633034 154
1520616988.066636086 154
1520616988.115684748 75
1520616988.165687799 62
1520616988.215688944 129
1520616988.265690804 184
1520616988.315691710 192
1520616988.365694046 166
1520616988.415694952 192
1520616988.465696812 220
1520616988.516410828 173
1520616988.566412687 83
1520616988.616414070 77
1520616988.666416883 92
1520616988.716416836 112
1520616988.766474724 137
1520616988.816419840 164
1520616988.866421700 180
1520616988.915898561 41
1520616988.965900898 147
1520616989.015902758 171
1520616989.065903664 166
1520616989.115905762 132
1520616989.165906668 127
1520616989.215908527 155
1520616989.265909672 189
1520616989.315804243 88
1520616989.365805149 175
1520616989.415807009 196
1520616989.465809107 226
1520616989.515810013 214
1520616989.565811872 183
1520616989.615814209 210
1520616989.665815115 183
1520616989.717325211 148
1520616989.767327309 91
1520616989.817328453 87
1520616989.867330313 119
1520616989.917331457 148
1520616989.967333317 198
1520616990.017334223 188
1520616990.067335367 164
1520616990.115924835 40
1520616990.165926695 36
1520616990.215927601 93
1520616990.265929699 92
1520616990.315930605 105
1520616990.365932465 123
1520616990.415960550 121
1520616990.465935707 121
1520616990.515936613 113
1520616990.566101313 71
1520616990.616102457 109
1520616990.666104317 124
1520616990.716106176 135
1520616990.766107321 130
1520616990.816109419 97
1520616990.866110563 117
1520616990.916112423 107
1520616990.966139793 116
1520616991.016142130 116
1520616991.066143990 127
1520616991.116144896 136
1520616991.166146994 118
1520616991.216149092 169
1520616991.266149998 165
1520616991.316151142 175
1520616991.366085291 139
1520616991.416087389 162
1520616991.466088295 145
1520616991.516091347 165
1520616991.566092253 161
1520616991.616093159 153
1520616991.666095257 140
1520616991.716096163 115
1520616991.765949011 96
1520616991.815950871 113
1520616991.865952015 120
1520616991.915952921 121
1520616991.965954781 126
1520616992.015956879 89
1520616992.065957785 75
1520616992.115958691 68
1520616992.165961027 75
1520616992.215962887 96
1520616992.265963793 113
1520616992.315965891 134
1520616992.365966797 168
1520616992.415968657 148
1520616992.465969801 138
1520616992.515971899 147
1520616992.565972805 139
1520616992.615977526 148
1520616992.665979385 143
1520616992.715980291 150
1520616992.765982389 135
1520616992.815983295 114
1520616992.865985394 114
1520616992.915986538 128
1520616992.965988398 147
1520616993.015919924 114
1520616993.065922022 107
1520616993.115922928 135
1520616993.165924072 126
1520616993.215925932 118
1520616993.265928030 107
1520616993.315929174 90
1520616993.365930080 94
1520616993.415955544 109
1520616993.465957642 91
1520616993.515958548 87
1520616993.565960407 93
1520616993.615962505 112
1520616993.665963411 99
1520616993.715964556 93
1520616993.765966654 110
1520616993.816106081 68
1520616993.866106987 92
1520616993.916108847 89
1520616993.966109991 90
1520616994.016111851 89
1520616994.066112757 99
1520616994.116114855 107
1520616994.166115761 104
1520616994.216082096 102
1520616994.266084194 88
1520616994.316085339 116
1520616994.366087198 121
1520616994.416088104 123
1520616994.466090202 120
1520616994.516091108 112
1520616994.566092968 87
1520616994.616054296 70
1520616994.666056156 100
1520616994.716058254 124
1520616994.766059160 125
1520616994.816061258 138
1520616994.866063356 138
1520616994.916064262 147
1520616994.966066360 177
1520616995.016067266 182
1520616995.066224098 93
1520616995.116225004 151
1520616995.166226864 128
1520616995.216229200 112
1520616995.266230106 125
1520616995.316231966 129
1520616995.366233110 139
1520616995.416327238 112
1520616995.466610193 12
1520616995.516612291 132
1520616995.566613197 83
1520616995.616615057 115
1520616995.666616201 107
1520616995.716618299 109
1520616995.766619444 127
1520616995.816621304 109
1520616995.866175175 29
1520616995.916176319 64
1520616995.966178417 76
1520616996.016179085 70
1520616996.066181421 77
1520616996.116182327 89
1520616996.166184187 103
1520616996.216185331 149
1520616996.266077995 63
1520616996.316079855 120
1520616996.366080999 151
1520616996.416084051 186
1520616996.466084957 221
1520616996.516086102 184
1520616996.566087961 200
1520616996.616088867 232
1520616996.666722536 132
1520616996.716723442 176
1520616996.766725302 191
1520616996.816727638 210
1520616996.866728544 174
1520616996.916730404 114
1520616996.966731548 116
1520616997.016732454 115
1520616997.066610575 83
1520616997.116547823 112
1520616997.166548729 108
1520616997.216550589 84
1520616997.266551733 74
1520616997.316553831 86
1520616997.366554976 103
1520616997.416556835 122
1520616997.466558695 182
1520616997.516136885 14
1520616997.566138983 112
1520616997.616139889 148
1520616997.666141987 178
1520616997.716142893 155
1520616997.766144753 155
1520616997.816146851 170
1520616997.866147757 196
1520616997.916203260 152
1520616997.966204405 177
1520616998.016206264 187
1520616998.066208363 198
1520616998.116209507 211
1520616998.166211367 250
1520616998.216213226 227
1520616998.266214371 186
1520616998.316222906 212
1520616998.366224051 185
1520616998.416226149 207
1520616998.466227055 187
1520616998.516229153 178
1520616998.566230059 209
1520616998.616231918 174
1520616998.666233063 148
1520616998.716419220 96
1520616998.766381264 94
1520616998.816383123 160
1520616998.866384029 186
1520616998.916386366 154
1520616998.966387272 162
1520616999.016389132 172
1520616999.066391230 189
1520616999.116468668 142
1520616999.166470766 131
1520616999.216471434 186
1520616999.266473770 163
1520616999.316474676 186
1520616999.366476536 171
1520616999.416477680 218
1520616999.466479540 188
1520616999.516481638 209
1520616999.566754341 105
1520616999.616756439 89
1520616999.666757345 159
1520616999.716760397 181
1520616999.766761541 194
1520616999.816763401 247
1520616999.866764307 250
1520616999.916766405 223
1520616999.966792822 187
1520617000.016797781 197
1520617000.066795588 228
1520617000.116797686 297
1520617000.166798592 248
1520617000.216799736 259
1520617000.266801596 221
1520617000.316803694 235
1520617000.366745234 134
1520617000.416735411 158
1520617000.466736317 135
1520617000.516738653 150
1520617000.566739559 177
1520617000.616741419 181
1520617000.666743517 175
1520617000.716744423 167
1520617000.766617060 102
1520617000.816617966 163
1520617000.866620064 179
1520617000.916620970 213
1520617000.966623068 232
1520617001.016624212 245
1520617001.066626072 277
1520617001.116627932 263
1520617001.166698694 222
1520617001.216700554 273
1520617001.266701460 264
1520617001.316703796 285
1520617001.366705656 312
1520617001.416706562 300
1520617001.466708660 310
1520617001.516710758 307
1520617001.566704273 325
1520617001.616706371 269
1520617001.666707516 264
1520617001.716709375 228
1520617001.766710281 197
1520617001.816712379 239
1520617001.866713285 201
1520617001.916715145 210
1520617001.966679811 150
1520617002.016645670 159
1520617002.066646814 211
1520617002.116648674 183
1520617002.166649580 176
1520617002.216651678 191
1520617002.266653776 223
1520617002.316654682 169
1520617002.366656780 184
1520617002.416535378 128
1520617002.466537237 147
1520617002.516538143 161
1520617002.566540241 148
1520617002.616541147 167
1520617002.666543007 178
1520617002.716545343 186
1520617002.766546249 201
1520617002.816246271 35
1520617002.866247177 119
1520617002.916249275 168
1520617002.966250181 184
1520617003.016253233 150
1520617003.066254377 150
1520617003.116255283 137
1520617003.166257143 177
1520617003.216340065 126
1520617003.266340971 174
1520617003.316343069 186
1520617003.366344929 186
1520617003.416344881 210
1520617003.466346979 161
1520617003.516348839 158
1520617003.566349983 176
1520617003.616839647 13
1520617003.666840553 100
1520617003.716842651 137
1520617003.766843557 182
1520617003.816845655 150
1520617003.866847754 172
1520617003.916848660 187
1520617003.966850519 156
1520617004.017410755 30
1520617004.067412853 115
1520617004.117413998 147
1520617004.167415857 164
1520617004.217417002 178
1520617004.267418861 196
1520617004.317420721 178
1520617004.367421865 183
1520617004.417423964 189
1520617004.467167854 97
1520617004.517169714 92
1520617004.567170858 153
1520617004.617172718 204
1520617004.667174578 198
1520617004.717175722 173
1520617004.767177820 192
1520617004.817179680 194
1520617004.866488695 22
1520617004.916490555 102
1520617004.966491461 132
1520617005.016493559 171
1520617005.066495419 197
1520617005.116496325 203
1520617005.166499615 228
1520617005.216499567 276
1520617005.266826391 71
1520617005.316826582 225
1520617005.366903543 246
1520617005.416829586 251
1520617005.466831684 277
1520617005.516832590 206
1520617005.566834688 240
1520617005.616835594 203
1520617005.667318821 68
1520617005.717319965 135
1520617005.767321825 159
1520617005.817322731 154
1520617005.867324829 148
1520617005.917326927 166
1520617005.967327833 163
1520617006.017329931 153
1520617006.066761732 59
1520617006.116763830 100
1520617006.166764736 126
1520617006.216767073 136
1520617006.266768932 147
1520617006.316769838 145
1520617006.366771936 151
1520617006.416773796 145
1520617006.466332436 31
1520617006.516334295 87
1520617006.566335440 105
1520617006.616337299 120
1520617006.666338205 139
1520617006.716341496 143
1520617006.766341448 142
1520617006.816347361 136
1520617006.866345406 150
1520617006.916496277 97
1520617006.966498613 154
1520617007.016545534 177
1520617007.066501379 191
1520617007.116502523 188
1520617007.166504383 160
1520617007.216505527 150
1520617007.266507626 147
1520617007.316927671 25
1520617007.366930008 126
1520617007.416930914 106
1520617007.466932774 143
1520617007.516934872 125
1520617007.566935778 151
1520617007.616937637 132
1520617007.666938782 158
1520617007.716563463 43
1520617007.766564369 127
1520617007.816566229 148
1520617007.866568565 167
1520617007.916569233 186
1520617007.966571331 170
1520617008.016573429 184
1520617008.066574335 201
1520617008.116702557 114
1520617008.166703701 233
1520617008.216705561 227
1520617008.266706705 262
1520617008.316708565 204
1520617008.366709471 206
1520617008.416711569 183
1520617008.466712475 177
1520617008.517258644 53
1520617008.567260742 142
1520617008.617261648 173
1520617008.667280674 198
1520617008.717264652 187
1520617008.767266512 171
1520617008.817267656 162
1520617008.867269516 159
1520617008.917270422 157
1520617008.966611624 12
1520617009.016612768 107
1520617009.066614866 160
1520617009.116616726 179
1520617009.166617870 211
1520617009.216619730 173
1520617009.266620874 205
1520617009.316622734 197
1520617009.367223024 14
1520617009.417223930 109
1520617009.467226028 92
1520617009.517226934 155
1520617009.567229033 134
1520617009.617230177 177
1520617009.667232990 162
1520617009.717233181 166
1520617009.766969919 90
1520617009.816970825 86
1520617009.866972685 146
1520617009.916973829 130
1520617009.966975689 193
1520617010.016976595 164
1520617010.066979885 163
1520617010.116979599 150
1520617010.167055130 140
1520617010.217056274 136
1520617010.267058134 178
1520617010.317059994 155
1520617010.367061138 196
1520617010.417062044 181
1520617010.467064142 167
1520617010.517065287 145
1520617010.566926479 112
1520617010.616927862 109
1520617010.666929722 98
1520617010.716931820 95
1520617010.766932726 95
1520617010.816934586 93
1520617010.866935730 88
1520617010.916937828 87
1520617010.966972828 87
1520617011.016974926 87
1520617011.066977024 100
1520617011.116977930 99
1520617011.166979790 96
1520617011.216980934 95
1520617011.266982794 94
1520617011.316984892 93
1520617011.366986036 139
1520617011.417001724 123
1520617011.467003584 129
1520617011.517005682 125
1520617011.567006826 121
1520617011.617007732 118
1520617011.667009592 114
1520617011.717010736 143
1520617011.767012596 137
1520617011.816890717 111
1520617011.866893530 107
1520617011.916892767 112
1520617011.966894627 109
1520617012.016895771 109
1520617012.066897631 106
1520617012.116898537 148
1520617012.166900635 143
1520617012.216942549 134
1520617012.266944408 154
1520617012.316946507 149
1520617012.366947651 147
1520617012.416949511 145
1520617012.466950655 143
1520617012.516952515 142
1520617012.566953421 132
1520617012.616968632 130
1520617012.666970730 157
1520617012.716971874 150
1520617012.766973734 146
1520617012.816974640 145
1520617012.866976738 184
1520617012.916977644 176
1520617012.966979504 165
1520617013.017035484 156
1520617013.067037344 155
1520617013.117038250 147
1520617013.167040586 146
1520617013.217041492 143
1520617013.267043352 142
1520617013.317044497 142
1520617013.367046356 141
1520617013.417049646 140
1520617013.467054605 133
1520617013.517052650 175
1520617013.567054510 160
1520617013.617055655 191
1520617013.667143583 184
1520617013.717058659 173
1520617013.767060757 162
1520617013.817061663 175
1520617013.866967440 133
1520617013.916969538 113
1520617013.966970682 102
1520617014.016972542 102
1520617014.066973448 101
1520617014.116975546 100
1520617014.166976452 98
1520617014.216978550 98
1520617014.266916513 97
1520617014.316917419 97
1520617014.366919518 100
1520617014.416920662 100
