1520616724.357818365 0.0 0.0 0.0 0.0 0.0 0.0 1.0
1520616724.407773018 0.000000 0.000000 0.000000 0.000000 0.000000 0.000000 1.000000
1520616724.457774878 0.000000 0.000000 0.000000 0.000000 0.000000 0.000000 1.000000
1520616724.507776022 0.000000 0.000000 0.000000 0.000000 0.000000 0.000000 1.000000
1520616724.557777882 0.000000 0.000000 0.000000 0.000000 0.000000 0.000000 1.000000
1520616724.607778788 0.000000 0.000000 0.000000 0.000000 0.000000 0.000000 1.000000
1520616724.657780886 0.000000 0.000000 0.000000 0.000000 0.000000 0.000000 1.000000
1520616724.707781792 0.000000 0.000000 0.000000 0.000000 0.000000 0.000000 1.000000
1520616724.757783890 0.000000 0.000000 0.000000 0.000000 0.000000 0.000000 1.000000
1520616724.807788849 0.000000 0.000000 0.000000 0.000000 0.000000 0.000000 1.000000
1520616724.857789755 0.000000 0.000000 0.000000 0.000000 0.000000 0.000000 1.000000
1520616724.907791853 0.000000 0.000000 0.000000 0.000000 0.000000 0.000000 1.000000
1520616724.957894802 0.000000 0.000000 0.000000 0.000000 0.000000 0.000000 1.000000
1520616725.007794619 0.000000 0.000000 0.000000 0.000000 0.000000 0.000000 1.000000
1520616725.057795763 0.000000 0.000000 0.000000 0.000000 0.000000 0.000000 1.000000
1520616725.107797861 0.000000 0.000000 0.000000 0.000000 0.000000 0.000000 1.000000
1520616725.157799006 0.000000 0.000000 0.000000 0.000000 0.000000 0.000000 1.000000
1520616725.207800865 0.000000 0.000000 0.000000 0.000000 0.000000 0.000000 1.000000
1520616725.257856369 0.000000 0.000000 0.000000 0.000000 0.000000 0.000000 1.000000
1520616725.307858467 0.000000 0.000000 0.000000 0.000000 0.000000 0.000000 1.000000
1520616725.357859373 0.000000 0.000000 0.000000 0.000000 0.000000 0.000000 1.000000
1520616725.407861233 0.000000 0.000000 0.000000 0.000000 0.000000 0.000000 1.000000
1520616725.457863331 0.000000 0.000000 0.000000 0.000000 0.000000 0.000000 1.000000
1520616725.507864237 0.000000 0.000000 0.000000 0.000000 0.000000 0.000000 1.000000
1520616725.557866335 0.000000 0.000000 0.000000 0.000000 0.000000 0.000000 1.000000
1520616725.607868433 0.000000 0.000000 0.000000 0.000000 0.000000 0.000000 1.000000
1520616725.657862425 0.000000 0.000000 0.000000 0.000000 0.000000 0.000000 1.000000
1520616725.707863331 0.000000 0.000000 0.000000 0.000000 0.000000 0.000000 1.000000
1520616725.757865429 0.000000 0.000000 0.000000 0.000000 0.000000 0.000000 1.000000
1520616725.807866335 0.000000 0.000000 0.000000 0.000000 0.000000 0.000000 1.000000
1520616725.857868195 0.000000 0.000000 0.000000 0.000000 0.000000 0.000000 1.000000
1520616725.907871485 0.000000 0.000000 0.000000 0.000000 0.000000 0.000000 1.000000
1520616725.957871437 0.000000 0.000000 0.000000 0.000000 0.000000 0.000000 1.000000
1520616726.007873297 0.000000 0.000000 0.000000 0.000000 0.000000 0.000000 1.000000
1520616726.057950258 0.000000 0.000000 0.000000 0.000000 0.000000 0.000000 1.000000
1520616726.107951164 0.000000 0.000000 0.000000 0.000000 0.000000 0.000000 1.000000
1520616726.157953262 0.000000 0.000000 0.000000 0.000000 0.000000 0.000000 1.000000
1520616726.207954168 0.000000 0.000000 0.000000 0.000000 0.000000 0.000000 1.000000
1520616726.257956028 0.000000 0.000000 0.000000 0.000000 0.000000 0.000000 1.000000
1520616726.307958364 0.000000 0.000000 0.000000 0.000000 0.000000 0.000000 1.000000
1520616726.357959270 0.000000 0.000000 0.000000 0.000000 0.000000 0.000000 1.000000
1520616726.407961130 0.000000 0.000000 0.000000 0.000000 0.000000 0.000000 1.000000
1520616726.457912922 0.000000 0.000000 0.000000 0.000000 0.000000 0.000000 1.000000
1520616726.507915020 0.000000 0.000000 0.000000 0.000000 0.000000 0.000000 1.000000
1520616726.557915926 0.000000 0.000000 0.000000 0.000000 0.000000 0.000000 1.000000
1520616726.607916832 0.000000 0.000000 0.000000 0.000000 0.000000 0.000000 1.000000
1520616726.657918930 0.000000 0.000000 0.000000 0.000000 0.000000 0.000000 1.000000
1520616726.707920790 0.000000 0.000000 0.000000 0.000000 0.000000 0.000000 1.000000
1520616726.757921934 0.000000 0.000000 0.000000 0.000000 0.000000 0.000000 1.000000
1520616726.807924032 0.000000 0.000000 0.000000 0.000000 0.000000 0.000000 1.000000
1520616726.857948065 0.000000 0.000000 0.000000 0.000000 0.000000 0.000000 1.000000
1520616726.907950163 0.000000 0.000000 0.000000 0.000000 0.000000 0.000000 1.000000
1520616726.957951307 0.000000 0.000000 0.000000 0.000000 0.000000 0.000000 1.000000
1520616727.007953167 0.000000 0.000000 0.000000 0.000000 0.000000 0.000000 1.000000
1520616727.057955027 0.000000 0.000000 0.000000 0.000000 0.000000 0.000000 1.000000
1520616727.107956171 0.000000 0.000000 0.000000 0.000000 0.000000 0.000000 1.000000
1520616727.157958031 0.000000 0.000000 0.000000 0.000000 0.000000 0.000000 1.000000
1520616727.207958937 0.000000 0.000000 0.000000 0.000000 0.000000 0.000000 1.000000
1520616727.257899046 0.000000 0.000000 0.000000 0.000000 0.000000 0.000000 1.000000
1520616727.307899952 0.000000 0.000000 0.000000 0.000000 0.000000 0.000000 1.000000
1520616727.357901812 0.000000 0.000000 0.000000 0.000000 0.000000 0.000000 1.000000
1520616727.407903910 0.000000 0.000000 0.000000 0.000000 0.000000 0.000000 1.000000
1520616727.457904816 0.000000 0.000000 0.000000 0.000000 0.000000 0.000000 1.000000
1520616727.507906914 0.000000 0.000000 0.000000 0.000000 0.000000 0.000000 1.000000
1520616727.557909012 0.000000 0.000000 0.000000 0.000000 0.000000 0.000000 1.000000
1520616727.607909918 0.000000 0.000000 0.000000 0.000000 0.000000 0.000000 1.000000
1520616727.657911777 0.000000 0.000000 0.000000 0.000000 0.000000 0.000000 1.000000
1520616727.707913160 0.000000 0.000000 0.000000 0.000000 0.000000 0.000000 1.000000
1520616727.757913351 0.000000 0.000000 0.000000 0.000000 0.000000 0.000000 1.000000
1520616727.807916403 0.000000 0.000000 0.000000 0.000000 0.000000 0.000000 1.000000
1520616727.857917070 0.000000 0.000000 0.000000 0.000000 0.000000 0.000000 1.000000
1520616727.907918453 0.000000 0.000000 0.000000 0.000000 0.000000 0.000000 1.000000
1520616727.957920313 0.000000 0.000000 0.000000 0.000000 0.000000 0.000000 1.000000
1520616728.007921219 0.000000 0.000000 0.000000 0.000000 0.000000 0.000000 1.000000
1520616728.057923317 0.000000 0.000000 0.000000 0.000000 0.000000 0.000000 1.000000
1520616728.107905865 0.000000 0.000000 0.000000 0.000000 0.000000 0.000000 1.000000
1520616728.157907724 0.000000 0.000000 0.000000 0.000000 0.000000 0.000000 1.000000
1520616728.207920551 0.000000 0.000000 0.000000 0.000000 0.000000 0.000000 1.000000
1520616728.257910728 0.000000 0.000000 0.000000 0.000000 0.000000 0.000000 1.000000
1520616728.307912588 0.000000 0.000000 0.000000 0.000000 0.000000 0.000000 1.000000
1520616728.357913494 0.000000 0.000000 0.000000 0.000000 0.000000 0.000000 1.000000
1520616728.407915831 0.000000 0.000000 0.000000 0.000000 0.000000 0.000000 1.000000
1520616728.457916737 0.000000 0.000000 0.000000 0.000000 0.000000 0.000000 1.000000
1520616728.507941723 0.000000 0.000000 0.000000 0.000000 0.000000 0.000000 1.000000
1520616728.557942867 0.000000 0.000000 0.000000 0.000000 0.000000 0.000000 1.000000
1520616728.607944727 0.000000 0.000000 0.000000 0.000000 0.000000 0.000000 1.000000
1520616728.657946587 0.000000 0.000000 0.000000 0.000000 0.000000 0.000000 1.000000
1520616728.707947731 0.000000 0.000000 0.000000 0.000000 0.000000 0.000000 1.000000
1520616728.757949591 0.000000 0.000000 0.000000 0.000000 0.000000 0.000000 1.000000
1520616728.807950497 0.000000 0.000000 0.000000 0.000000 0.000000 0.000000 1.000000
1520616728.857952833 0.000000 0.000000 0.000000 0.000000 0.000000 0.000000 1.000000
1520616728.907965422 0.000000 0.000000 0.000000 0.000000 0.000000 0.000000 1.000000
1520616728.957967281 0.000000 0.000000 0.000000 0.000000 0.000000 0.000000 1.000000
1520616729.007968426 0.000000 0.000000 0.000000 0.000000 0.000000 0.000000 1.000000
1520616729.057970524 0.000000 0.000000 0.000000 0.000000 0.000000 0.000000 1.000000
1520616729.107972622 0.000000 0.000000 0.000000 0.000000 0.000000 0.000000 1.000000
1520616729.157973528 0.000000 0.000000 0.000000 0.000000 0.000000 0.000000 1.000000
1520616729.207975388 0.000000 0.000000 0.000000 0.000000 0.000000 0.000000 1.000000
1520616729.257977486 0.000000 0.000000 0.000000 0.000000 0.000000 0.000000 1.000000
1520616729.307996511 0.000000 0.000000 0.000000 0.000000 0.000000 0.000000 1.000000
1520616729.357998610 0.000000 0.000000 0.000000 0.000000 0.000000 0.000000 1.000000
1520616729.408000469 0.000000 0.000000 0.000000 0.000000 0.000000 0.000000 1.000000
1520616729.458001375 0.000000 0.000000 0.000000 0.000000 0.000000 0.000000 1.000000
1520616729.508002520 0.000000 0.000000 0.000000 0.000000 0.000000 0.000000 1.000000
1520616729.558004379 0.000000 0.000000 0.000000 0.000000 0.000000 0.000000 1.000000
1520616729.608006477 0.000000 0.000000 0.000000 0.000000 0.000000 0.000000 1.000000
1520616729.658007622 0.000000 0.000000 0.000000 0.000000 0.000000 0.000000 1.000000
1520616729.708018541 0.000000 0.000000 0.000000 0.000000 0.000000 0.000000 1.000000
1520616729.758019209 0.000000 0.000000 0.000000 0.000000 0.000000 0.000000 1.000000
1520616729.808020592 0.000000 0.000000 0.000000 0.000000 0.000000 0.000000 1.000000
1520616729.858068466 0.000000 0.000000 0.000000 0.000000 0.000000 0.000000 1.000000
1520616729.908024311 0.000000 0.000000 0.000000 0.000000 0.000000 0.000000 1.000000
1520616729.958025455 0.000000 0.000000 0.000000 0.000000 0.000000 0.000000 1.000000
1520616730.008027315 0.000000 0.000000 0.000000 0.000000 0.000000 0.000000 1.000000
1520616730.058028221 0.000000 0.000000 0.000000 0.000000 0.000000 0.000000 1.000000
1520616730.108030558 0.000000 0.000000 0.000000 0.000000 0.000000 0.000000 1.000000
1520616730.158037663 0.000000 0.000000 0.000000 0.000000 0.000000 0.000000 1.000000
1520616730.208039761 0.000000 0.000000 0.000000 0.000000 0.000000 0.000000 1.000000
1520616730.258041859 0.000000 0.000000 0.000000 0.000000 0.000000 0.000000 1.000000
1520616730.308042765 0.000000 0.000000 0.000000 0.000000 0.000000 0.000000 1.000000
1520616730.358044624 0.000000 0.000000 0.000000 0.000000 0.000000 0.000000 1.000000
1520616730.408045769 0.000000 0.000000 0.000000 0.000000 0.000000 0.000000 1.000000
1520616730.458047628 0.000000 0.000000 0.000000 0.000000 0.000000 0.000000 1.000000
1520616730.508049726 0.000000 0.000000 0.000000 0.000000 0.000000 0.000000 1.000000
1520616730.558050871 0.000000 0.000000 0.000000 0.000000 0.000000 0.000000 1.000000
1520616730.608051777 0.000000 0.000000 0.000000 0.000000 0.000000 0.000000 1.000000
1520616730.658053637 0.000000 0.000000 0.000000 0.000000 0.000000 0.000000 1.000000
1520616730.708055735 0.000000 0.000000 0.000000 0.000000 0.000000 0.000000 1.000000
1520616730.758056641 0.000000 0.000000 0.000000 0.000000 0.000000 0.000000 1.000000
1520616730.808058739 0.000000 0.000000 0.000000 0.000000 0.000000 0.000000 1.000000
1520616730.858060837 0.000000 0.000000 0.000000 0.000000 0.000000 0.000000 1.000000
1520616730.908062696 0.000000 0.000000 0.000000 0.000000 0.000000 0.000000 1.000000
1520616730.958051682 0.000000 0.000000 0.000000 0.000000 0.000000 0.000000 1.000000
1520616731.008053780 0.000000 0.000000 0.000000 0.000000 0.000000 0.000000 1.000000
1520616731.058054686 0.000000 0.000000 0.000000 0.000000 0.000000 0.000000 1.000000
1520616731.108055592 0.000000 0.000000 0.000000 0.000000 0.000000 0.000000 1.000000
1520616731.158057690 0.000000 0.000000 0.000000 0.000000 0.000000 0.000000 1.000000
1520616731.208058596 0.000000 0.000000 0.000000 0.000000 0.000000 0.000000 1.000000
1520616731.258060694 0.000000 0.000000 0.000000 0.000000 0.000000 0.000000 1.000000
1520616731.308061600 0.000000 0.000000 0.000000 0.000000 0.000000 0.000000 1.000000
1520616731.358057022 0.000000 0.000000 0.000000 0.000000 0.000000 0.000000 1.000000
1520616731.408058882 0.648316 0.717278 -0.255340 -0.014144 0.015961 -0.004337 0.999763
1520616731.458060026 0.785151 0.813856 -0.307378 -0.020441 0.017491 -0.006550 0.999617
1520616731.508141756 0.941971 0.897956 -0.368125 -0.030242 0.020581 -0.011306 0.999267
1520616731.558062792 1.111783 0.956771 -0.433485 -0.042107 0.026473 -0.019503 0.998572
1520616731.608065128 1.277376 0.964190 -0.497957 -0.053870 0.035220 -0.029669 0.997486
1520616731.658066034 1.441786 0.949863 -0.549483 -0.059409 0.045547 -0.039255 0.996421
1520616731.708067894 1.595834 0.896632 -0.574162 -0.057553 0.054905 -0.046473 0.995748
1520616731.757885695 1.729671 0.808361 -0.567668 -0.048774 0.063915 -0.051639 0.995424
1520616731.807887793 1.843172 0.721838 -0.544370 -0.034892 0.072130 -0.053478 0.995349
1520616731.857889891 1.927769 0.610958 -0.531199 -0.021869 0.081355 -0.054579 0.994949
1520616731.907890797 2.000080 0.495966 -0.522149 -0.010842 0.090855 -0.055576 0.994253
1520616731.957892895 2.040018 0.380577 -0.527830 -0.003301 0.101766 -0.056655 0.993188
1520616732.007893801 2.070349 0.253058 -0.540116 0.000668 0.112060 -0.056923 0.992070
1520616732.057895660 2.061685 0.170282 -0.541856 0.004588 0.120312 -0.052929 0.991313
1520616732.107896805 2.032135 0.072393 -0.529260 0.009399 0.124856 -0.047332 0.991001
1520616732.157942772 1.986172 -0.018823 -0.504803 0.019116 0.126495 -0.042700 0.990863
1520616732.207943678 1.930127 -0.106981 -0.466403 0.031833 0.126529 -0.039279 0.990674
1520616732.257945538 1.841103 -0.172343 -0.432657 0.043826 0.126245 -0.035873 0.990381
1520616732.307947874 1.737442 -0.232614 -0.396148 0.052254 0.125195 -0.031894 0.990242
1520616732.357948780 1.594691 -0.289018 -0.351579 0.057297 0.123720 -0.027945 0.990267
1520616732.407950640 1.440394 -0.354668 -0.306985 0.060315 0.120380 -0.026126 0.990549
1520616732.457952738 1.260782 -0.398753 -0.254052 0.064162 0.117073 -0.027113 0.990678
1520616732.507953644 1.052848 -0.433930 -0.201951 0.067603 0.112506 -0.028410 0.990942
1520616732.557955742 0.822020 -0.462413 -0.146510 0.068875 0.108826 -0.028741 0.991255
1520616732.608239174 0.649293 -0.458746 -0.088208 0.068658 0.104208 -0.027626 0.991798
1520616732.658241034 0.385082 -0.460000 -0.035194 0.066221 0.102490 -0.024072 0.992235
1520616732.708242178 0.114716 -0.464217 0.023412 0.063292 0.100658 -0.019462 0.992715
1520616732.758244038 -0.161406 -0.472671 0.083374 0.060520 0.097316 -0.014510 0.993306
1520616732.808248043 -0.449785 -0.484420 0.144246 0.058601 0.093892 -0.011307 0.993792
1520616732.858247280 -0.737210 -0.490968 0.206198 0.058328 0.090532 -0.008933 0.994144
1520616732.908249140 -1.020561 -0.493026 0.271105 0.060638 0.086649 -0.005507 0.994377
1520616732.958250046 -1.299364 -0.524026 0.332316 0.065596 0.083272 -0.000998 0.994365
1520616733.008350372 -1.578727 -0.566635 0.392955 0.073115 0.077890 0.003626 0.994271
1520616733.058351278 -1.844851 -0.607039 0.448700 0.080642 0.070272 0.006159 0.994244
1520616733.108353376 -2.112223 -0.640473 0.493673 0.085159 0.061248 0.007436 0.994455
1520616733.158354521 -2.376254 -0.654858 0.542860 0.086498 0.053269 0.004857 0.994815
1520616733.208356380 -2.641700 -0.621778 0.588358 0.084030 0.043454 -0.001978 0.995513
1520616733.258357286 -2.916468 -0.588575 0.619977 0.078450 0.031878 -0.006487 0.996387
1520616733.308359385 -3.191420 -0.579271 0.651162 0.071731 0.020854 -0.007308 0.997179
1520616733.358360291 -3.465121 -0.580474 0.685285 0.066867 0.011578 -0.003731 0.997688
1520616733.408395529 -3.737491 -0.621087 0.728525 0.063092 0.004291 0.001530 0.997997
1520616733.458397388 -4.006020 -0.694232 0.785683 0.062906 -0.001275 0.008490 0.997983
1520616733.508398533 -4.283650 -0.760799 0.824838 0.067500 -0.007836 0.014258 0.997587
1520616733.558400631 -4.546536 -0.826196 0.843990 0.075429 -0.015498 0.017857 0.996871
1520616733.608401775 -4.814912 -0.867810 0.834295 0.086210 -0.024103 0.019359 0.995797
1520616733.658403635 -5.079623 -0.893413 0.779219 0.095107 -0.035638 0.019835 0.994631
1520616733.708404541 -5.349253 -0.884447 0.684107 0.100270 -0.048644 0.019917 0.993571
1520616733.758406639 -5.601828 -0.840968 0.568325 0.102103 -0.061633 0.019173 0.992678
1520616733.808284521 -5.830298 -0.793981 0.430293 0.102312 -0.073003 0.019261 0.991883
1520616733.858286381 -6.019515 -0.769335 0.306894 0.102300 -0.082244 0.022059 0.991102
1520616733.908288240 -6.147739 -0.735301 0.160413 0.102928 -0.090948 0.025296 0.990199
1520616733.958289385 -6.279493 -0.722537 0.032746 0.102824 -0.097909 0.029059 0.989443
1520616734.008291245 -6.382029 -0.690520 -0.078951 0.102680 -0.103001 0.033905 0.988786
1520616734.058292389 -6.443679 -0.652597 -0.171966 0.098143 -0.105996 0.039072 0.988740
1520616734.108294487 -6.476480 -0.607366 -0.206160 0.087828 -0.105051 0.045519 0.989534
1520616734.158296347 -6.479447 -0.535563 -0.208029 0.072375 -0.101379 0.051697 0.990864
1520616734.208430290 -6.443656 -0.384559 -0.182250 0.055819 -0.095090 0.055075 0.992375
1520616734.258431435 -6.393812 -0.192407 -0.117652 0.038717 -0.086335 0.054293 0.994032
1520616734.308432341 -6.307322 -0.014774 -0.118292 0.023164 -0.081890 0.053052 0.994959
1520616734.358434677 -6.205396 0.186616 -0.111694 0.012607 -0.077967 0.051190 0.995561
1520616734.408436537 -6.061214 0.333139 -0.107707 0.004648 -0.074130 0.051520 0.995906
1520616734.458437443 -5.902635 0.443382 -0.088486 -0.002477 -0.069419 0.051801 0.996239
1520616734.508438587 -5.689537 0.619881 -0.062916 -0.006649 -0.064361 0.050042 0.996649
1520616734.558440447 -5.472209 0.758323 -0.055310 -0.011953 -0.060685 0.045688 0.997039
1520616734.608036041 -5.316910 0.667089 -0.090743 -0.027882 -0.053449 0.038331 0.997445
1520616734.658036947 -5.047539 0.832172 -0.051421 -0.030549 -0.049381 0.026897 0.997950
1520616734.708039284 -4.768554 0.928240 0.004375 -0.029809 -0.045243 0.018416 0.998361
1520616734.758039951 -4.468517 0.980850 0.115642 -0.027724 -0.036836 0.011582 0.998870
1520616734.808042049 -4.143912 0.994509 0.234481 -0.025944 -0.026452 0.005758 0.999297
1520616734.858043194 -3.807720 0.999847 0.353516 -0.023494 -0.014965 -0.002077 0.999610
1520616734.908045053 -3.477590 0.960942 0.461988 -0.020647 -0.003559 -0.008751 0.999742
1520616734.958045959 -3.159166 0.838769 0.538816 -0.015455 0.004221 -0.010104 0.999821
1520616735.008048058 -2.857094 0.669356 0.627138 -0.003897 0.012326 -0.008275 0.999882
1520616735.057911396 -2.547328 0.415262 0.701040 0.009673 0.021197 -0.003882 0.999721
1520616735.107912540 -2.248689 0.161749 0.747918 0.024961 0.029645 0.003699 0.999242
1520616735.157914400 -1.965012 -0.061582 0.775404 0.039981 0.038155 0.010411 0.998417
1520616735.207915306 -1.669541 -0.284216 0.785068 0.053127 0.048201 0.014003 0.997326
1520616735.257917404 -1.373260 -0.493547 0.779352 0.063474 0.059794 0.016903 0.996047
1520616735.307918310 -1.079500 -0.684742 0.750509 0.069904 0.070384 0.022403 0.994815
1520616735.357920170 -0.771784 -0.867671 0.730258 0.074416 0.085014 0.029292 0.993165
1520616735.407921314 -0.429118 -1.002762 0.709795 0.081360 0.101419 0.032678 0.990973
1520616735.458164930 -0.096907 -1.162284 0.677177 0.088710 0.118169 0.038306 0.988281
1520616735.508167028 0.252796 -1.211094 0.641402 0.104658 0.136049 0.045198 0.984121
1520616735.558168173 0.590178 -1.242466 0.585953 0.122438 0.152122 0.050211 0.979462
1520616735.608170033 0.925803 -1.249098 0.520415 0.137345 0.167765 0.055321 0.974644
1520616735.658170938 1.251249 -1.193376 0.452094 0.145473 0.185029 0.058160 0.970164
1520616735.708173037 1.564407 -1.125509 0.367798 0.146068 0.202967 0.055173 0.966656
1520616735.758174896 1.864512 -1.040869 0.268365 0.143580 0.220649 0.047796 0.963543
1520616735.808175802 2.173341 -0.940704 0.158567 0.137764 0.238304 0.040616 0.960512
1520616735.858806133 2.428517 -0.742175 0.071067 0.131597 0.258234 0.037140 0.956357
1520616735.908808231 2.739909 -0.640736 -0.112480 0.116242 0.273874 0.033445 0.954129
1520616735.958809137 3.028721 -0.542406 -0.261684 0.097885 0.284911 0.029485 0.953087
1520616736.008810997 3.258323 -0.402880 -0.387587 0.079864 0.292104 0.020973 0.952815
1520616736.058812141 3.483640 -0.246238 -0.523286 0.058963 0.298975 0.010293 0.952382
1520616736.108814001 3.690131 -0.076306 -0.690960 0.035048 0.308595 0.000901 0.950547
1520616736.158814907 3.866337 0.079168 -0.875549 0.013857 0.319196 -0.008085 0.947553
1520616736.208817244 4.005755 0.243839 -1.065383 0.001003 0.329112 -0.014740 0.944175
1520616736.258398294 4.100365 0.386806 -1.268774 -0.004120 0.341196 -0.021760 0.939731
1520616736.308400154 4.152791 0.542850 -1.502612 -0.006516 0.357518 -0.027035 0.933492
1520616736.358401060 4.216533 0.650215 -1.742657 -0.012539 0.374059 -0.032379 0.926755
1520616736.408424139 4.223056 0.740715 -2.008762 -0.021658 0.393326 -0.039296 0.918304
1520616736.458404064 4.196548 0.795740 -2.281572 -0.032515 0.413564 -0.048099 0.908622
1520616736.508405924 4.101273 0.780929 -2.564413 -0.043715 0.435621 -0.059689 0.897084
1520616736.558407068 3.993839 0.779550 -2.808193 -0.052109 0.455579 -0.068885 0.885995
1520616736.608409166 3.890747 0.784900 -2.997000 -0.054988 0.471743 -0.074970 0.876821
1520616736.658056974 3.867134 0.795279 -3.096316 -0.052680 0.475228 -0.079363 0.874691
1520616736.708058119 3.789992 0.796269 -3.074326 -0.049538 0.467884 -0.084318 0.878363
1520616736.758059978 3.860132 0.836427 -2.912867 -0.050707 0.439805 -0.087630 0.892369
1520616736.808060884 3.964599 0.852876 -2.646621 -0.060750 0.397081 -0.087744 0.911558
1520616736.858063221 4.102968 0.904076 -2.293880 -0.072405 0.343533 -0.084524 0.932522
1520616736.908063889 4.176622 1.081577 -1.881338 -0.078378 0.285484 -0.073957 0.952306
1520616736.958065987 4.173798 1.242259 -1.403521 -0.077041 0.231307 -0.060867 0.967914
1520616737.008067131 4.165391 1.327655 -0.960452 -0.066588 0.180765 -0.052370 0.979871
1520616737.058068991 4.170794 1.328983 -0.529012 -0.050802 0.134904 -0.052944 0.988138
1520616737.107939482 4.121501 1.346259 -0.115818 -0.032761 0.096450 -0.055830 0.993231
1520616737.157940388 4.052430 1.315694 0.275591 -0.016849 0.059832 -0.060181 0.996250
1520616737.207942724 3.950164 1.289744 0.656845 -0.001883 0.024501 -0.062560 0.997739
1520616737.257943630 3.824469 1.293011 1.019163 0.014910 -0.009779 -0.060344 0.998018
1520616737.307945490 3.672253 1.282865 1.352294 0.031201 -0.040093 -0.052908 0.997306
1520616737.357947588 3.543991 1.332339 1.592742 0.050201 -0.054635 -0.040137 0.996436
1520616737.407948494 3.453081 1.414124 1.723052 0.071024 -0.053012 -0.022015 0.995822
1520616737.457950354 3.414680 1.477459 1.788235 0.093991 -0.038060 -0.005651 0.994829
1520616737.508017063 3.463116 1.433087 1.779155 0.115839 -0.016457 0.000740 0.993131
1520616737.558018208 3.527164 1.390108 1.759242 0.140981 0.006026 0.005058 0.989981
1520616737.608020306 3.599379 1.340670 1.725505 0.164854 0.030825 0.005399 0.985821
1520616737.658022165 3.712236 1.256142 1.622420 0.182588 0.059764 -0.003360 0.981366
1520616737.708023310 3.844051 1.211077 1.448854 0.190664 0.091964 -0.013719 0.977242
1520616737.758024216 3.957790 1.182657 1.241635 0.189780 0.125358 -0.026783 0.973423
1520616737.808026075 4.069767 1.165898 1.023478 0.183202 0.156757 -0.039865 0.969678
1520616737.858027220 4.137417 1.192858 0.862227 0.176495 0.182529 -0.045607 0.966154
1520616737.908360243 4.198366 1.118545 0.710514 0.167237 0.202767 -0.056099 0.963208
1520616737.958361149 4.192090 1.091793 0.609539 0.161934 0.220019 -0.057848 0.960220
1520616738.008363247 4.152842 1.099645 0.631899 0.166011 0.227362 -0.054806 0.957989
1520616738.058416128 4.090281 1.056405 0.767597 0.177193 0.223035 -0.053037 0.957102
1520616738.108366013 3.983402 1.005707 1.051263 0.190716 0.200768 -0.047740 0.959709
1520616738.158367157 3.789487 0.989909 1.463746 0.198862 0.159693 -0.034852 0.966301
1520616738.208369255 3.518110 1.020133 1.891360 0.200779 0.112184 -0.020120 0.972984
1520616738.258371115 3.206228 1.066658 2.255874 0.194483 0.064536 -0.008645 0.978742
1520616738.308404922 2.846319 1.151729 2.573765 0.181601 0.015596 0.004737 0.983237
1520616738.358407021 2.472944 1.243002 2.841777 0.172947 -0.029334 0.016997 0.984348
1520616738.408407927 2.090687 1.304376 3.052697 0.164966 -0.070391 0.029766 0.983334
1520616738.458410025 1.702906 1.332938 3.241887 0.163136 -0.111716 0.043563 0.979290
1520616738.508410931 1.333253 1.324927 3.387261 0.163612 -0.148099 0.055288 0.973777
1520616738.558412790 1.004648 1.305814 3.486736 0.165938 -0.176114 0.067476 0.967934
1520616738.608413935 0.805123 1.276912 3.546335 0.169303 -0.188971 0.074980 0.964367
1520616738.658415794 0.756452 1.246079 3.569547 0.171529 -0.184529 0.075991 0.964755
1520616738.708337307 0.829951 1.214314 3.568877 0.173635 -0.165409 0.071497 0.968183
1520616738.758338451 1.021993 1.158171 3.544188 0.179098 -0.136134 0.061623 0.972417
1520616738.808340549 1.264225 1.073537 3.502517 0.189405 -0.099204 0.050957 0.975545
1520616738.858341455 1.523600 0.937554 3.457700 0.205810 -0.061626 0.036402 0.975971
1520616738.908343554 1.751059 0.777486 3.412415 0.222575 -0.029925 0.022070 0.974206
1520616738.958344460 1.909201 0.637150 3.382353 0.238531 -0.006773 0.011250 0.971046
1520616739.008346319 2.014894 0.517114 3.365748 0.252297 0.010438 0.002327 0.967591
1520616739.058348656 2.067467 0.432435 3.365444 0.261069 0.020999 -0.003107 0.965087
1520616739.108448744 2.123522 0.360832 3.369661 0.264732 0.027330 -0.011935 0.963861
1520616739.158450603 2.149875 0.344723 3.382131 0.263760 0.030185 -0.016284 0.963979
1520616739.208452940 2.119825 0.384537 3.417330 0.257363 0.029550 -0.012762 0.965779
1520616739.258454800 2.000543 0.443204 3.501924 0.251004 0.015816 -0.000802 0.967857
1520616739.308455706 1.734069 0.508891 3.654903 0.251491 -0.011524 0.025880 0.967445
1520616739.358456850 1.373826 0.536461 3.817302 0.255179 -0.049274 0.055529 0.964040
1520616739.408457756 0.994947 0.492405 3.948002 0.260932 -0.092437 0.072887 0.958153
1520616739.458460569 0.662535 0.460301 4.030744 0.263215 -0.130562 0.083576 0.952201
1520616739.508461714 0.357038 0.462501 4.070131 0.261564 -0.164201 0.094795 0.946381
1520616739.558614731 0.056424 0.518405 4.065289 0.254072 -0.193444 0.112844 0.940900
1520616739.608616590 -0.208509 0.598246 4.038587 0.244419 -0.216640 0.134763 0.935503
1520616739.658618927 -0.434265 0.689389 4.002011 0.233849 -0.234422 0.156055 0.930596
1520616739.708699703 -0.536162 0.815730 3.960171 0.218827 -0.242658 0.164350 0.930710
1520616739.758620739 -0.506102 0.958168 3.932340 0.203751 -0.239983 0.158917 0.935756
1520616739.808622837 -0.358630 1.118069 3.908362 0.186798 -0.227677 0.144335 0.944689
1520616739.858624697 -0.126022 1.244142 3.884520 0.173430 -0.207329 0.122971 0.954890
1520616739.908625603 0.165912 1.306509 3.861875 0.166028 -0.182042 0.096240 0.964382
1520616739.958545208 0.445314 1.322914 3.825955 0.162206 -0.157256 0.071451 0.971522
1520616740.008546352 0.662794 1.337936 3.780996 0.157514 -0.137083 0.053791 0.976475
1520616740.058548212 0.860657 1.356413 3.727267 0.151543 -0.118633 0.037255 0.980598
1520616740.108549118 1.073063 1.385567 3.654800 0.142781 -0.098183 0.019556 0.984678
1520616740.158551216 1.235769 1.437077 3.577697 0.131290 -0.082245 0.006427 0.987906
1520616740.208552122 1.246700 1.519957 3.532253 0.117456 -0.083526 0.002953 0.989555
1520616740.258554459 1.082991 1.643977 3.523386 0.102889 -0.102683 0.013149 0.989291
1520616740.308556318 0.788996 1.795830 3.519255 0.085365 -0.136848 0.030372 0.986440
1520616740.358345270 0.459564 1.929662 3.500437 0.068939 -0.175895 0.046994 0.980867
1520616740.408347130 0.183285 2.044830 3.450392 0.052541 -0.210594 0.057921 0.974441
1520616740.458348989 -0.071466 2.135635 3.389925 0.039315 -0.241168 0.069643 0.967183
1520616740.508350134 -0.297887 2.194409 3.330678 0.030226 -0.267819 0.080536 0.959622
1520616740.558351040 -0.481605 2.219177 3.284381 0.026658 -0.287634 0.091597 0.952978
1520616740.608353138 -0.613754 2.236454 3.240965 0.024625 -0.298405 0.104953 0.948332
1520616740.658355236 -0.646326 2.253950 3.211777 0.023586 -0.294306 0.118691 0.948019
1520616740.708357096 -0.607999 2.270990 3.198449 0.025049 -0.276317 0.136523 0.950991
1520616740.758201122 -0.564327 2.304628 3.174386 0.025951 -0.250389 0.163406 0.953903
1520616740.808202982 -0.596497 2.329496 3.142792 0.028823 -0.225989 0.202119 0.952495
1520616740.858203888 -0.666552 2.341294 3.111750 0.033047 -0.200707 0.247670 0.947251
1520616740.908205986 -0.728409 2.346517 3.086926 0.037904 -0.172693 0.293133 0.939581
1520616740.958208084 -0.774585 2.379557 3.042751 0.037731 -0.142826 0.335156 0.930509
1520616741.008208990 -0.751274 2.421554 3.007096 0.038403 -0.107918 0.368086 0.922709
1520616741.058211088 -0.634581 2.461679 2.994134 0.043220 -0.070494 0.386874 0.918418
1520616741.108211994 -0.419031 2.479271 3.007780 0.054492 -0.035804 0.386941 0.919797
1520616741.158144951 -0.097473 2.455138 3.049326 0.073364 -0.006518 0.366032 0.927683
1520616741.208147049 0.303436 2.415040 3.063563 0.090691 0.019272 0.327383 0.940332
1520616741.258147955 0.725816 2.383102 3.010972 0.098260 0.042500 0.277449 0.954757
1520616741.308150053 1.104451 2.356885 2.911947 0.094674 0.058768 0.223758 0.968254
1520616741.358150959 1.451334 2.321886 2.782959 0.084536 0.072502 0.169803 0.979165
1520616741.408152819 1.761653 2.232589 2.672756 0.075464 0.080445 0.115372 0.987179
1520616741.458154917 1.998266 2.071051 2.633561 0.073800 0.078311 0.064200 0.992119
1520616741.508155823 2.131040 1.876821 2.669280 0.075937 0.063029 0.017889 0.994958
1520616741.558157921 2.200303 1.682905 2.733299 0.076173 0.040360 -0.027325 0.995903
1520616741.608344793 2.200828 1.510210 2.822359 0.073224 0.009943 -0.070964 0.994738
1520616741.658346653 2.097123 1.401702 2.946056 0.068596 -0.029457 -0.103385 0.991836
1520616741.708347797 1.899754 1.394337 3.072953 0.060252 -0.074490 -0.119755 0.988170
1520616741.758349895 1.616398 1.475983 3.187419 0.051175 -0.122828 -0.118571 0.983989
1520616741.808350801 1.315867 1.627558 3.243935 0.038966 -0.165646 -0.103225 0.979994
1520616741.858352900 1.024465 1.800559 3.251564 0.026245 -0.201270 -0.079330 0.975965
1520616741.908354759 0.780314 1.940275 3.235465 0.018366 -0.225743 -0.052139 0.972617
1520616741.958355665 0.567702 2.057118 3.206100 0.014503 -0.240375 -0.019628 0.970373
1520616742.008559942 0.371022 2.152899 3.172774 0.013589 -0.248577 0.016552 0.968375
1520616742.058561087 0.145570 2.236962 3.133477 0.014287 -0.255374 0.059021 0.964934
1520616742.108562946 -0.033785 2.298214 3.093742 0.016714 -0.253364 0.101949 0.961839
1520616742.158563852 -0.101695 2.345745 3.057886 0.020167 -0.236402 0.140335 0.961256
1520616742.208565950 0.020666 2.418018 3.004945 0.020278 -0.197226 0.167272 0.965770
1520616742.258568048 0.267431 2.504366 2.926223 0.018741 -0.145415 0.182112 0.972285
1520616742.308569908 0.565043 2.613429 2.791927 0.011956 -0.089592 0.188475 0.977910
1520616742.358571053 0.942558 2.718219 2.587179 0.002029 -0.026893 0.181321 0.983054
1520616742.408459663 1.310986 2.785816 2.353900 -0.010453 0.026291 0.162302 0.986335
1520616742.458460569 1.650489 2.793146 2.132127 -0.023550 0.065414 0.133042 0.988669
1520616742.508462667 1.991496 2.727526 1.930067 -0.033387 0.097764 0.095388 0.990065
1520616742.558463812 2.351589 2.569356 1.749967 -0.038903 0.125438 0.047343 0.990207
1520616742.608464718 2.694866 2.329371 1.603762 -0.039844 0.147484 -0.006318 0.988241
1520616742.658466816 2.967920 2.051552 1.518496 -0.038005 0.159484 -0.058419 0.984737
1520616742.708468676 3.143825 1.781278 1.527110 -0.035594 0.155846 -0.105583 0.981477
1520616742.758469582 3.203897 1.574404 1.644263 -0.035340 0.134121 -0.143191 0.979928
1520616742.808308840 3.156916 1.460463 1.838098 -0.038354 0.098261 -0.168997 0.979956
1520616742.858310699 3.025524 1.407057 2.094860 -0.040415 0.051446 -0.187055 0.980169
1520616742.908311605 2.827008 1.400837 2.367943 -0.044790 -0.003022 -0.201569 0.978445
1520616742.958312750 2.583156 1.417957 2.632806 -0.048543 -0.060039 -0.214068 0.973763
1520616743.008314610 2.256557 1.508168 2.881377 -0.052174 -0.121804 -0.215973 0.967366
1520616743.058316469 1.863304 1.685512 3.067926 -0.057097 -0.183143 -0.202535 0.960301
1520616743.108317614 1.421759 1.896699 3.190131 -0.060004 -0.241583 -0.176723 0.952264
1520616743.158319712 0.959846 2.093064 3.250590 -0.058168 -0.292714 -0.140271 0.944065
1520616743.208206177 0.513288 2.255232 3.256203 -0.052260 -0.331191 -0.093405 0.937474
1520616743.258208036 0.109120 2.348367 3.241060 -0.041264 -0.357342 -0.042611 0.932088
1520616743.308209181 -0.169799 2.407035 3.208952 -0.033620 -0.369336 0.000973 0.928687
1520616743.358211040 -0.257673 2.563886 3.096579 -0.048371 -0.365535 0.032631 0.928967
1520616743.408211946 -0.176495 2.810360 2.903442 -0.083006 -0.348914 0.051169 0.932068
1520616743.458214045 -0.015852 3.067593 2.658356 -0.125879 -0.327673 0.060283 0.934425
1520616743.508216143 0.175070 3.296578 2.382797 -0.171263 -0.305567 0.063119 0.934513
1520616743.558217049 0.324253 3.464942 2.141751 -0.207892 -0.288011 0.065496 0.932492
1520616743.608169317 0.450321 3.595178 1.919932 -0.240183 -0.273584 0.066830 0.928977
1520616743.658170462 0.544054 3.697969 1.718944 -0.267299 -0.260635 0.070178 0.925038
1520616743.708172321 0.601095 3.773966 1.559660 -0.287997 -0.251292 0.074191 0.921089
1520616743.758173227 0.660640 3.804797 1.495005 -0.297812 -0.245736 0.072733 0.919582
1520616743.808175325 0.764062 3.764591 1.574950 -0.291085 -0.238379 0.061677 0.924468
1520616743.858177185 0.826510 3.663120 1.799031 -0.266193 -0.237386 0.049343 0.932928
1520616743.908178091 0.899241 3.520093 2.047561 -0.235849 -0.232822 0.037012 0.942762
1520616743.958180428 0.973000 3.356974 2.294420 -0.202010 -0.225257 0.027541 0.952729
1520616744.008182287 1.058692 3.184497 2.506645 -0.169632 -0.213850 0.020577 0.961805
1520616744.058113337 1.147998 2.972878 2.734279 -0.130662 -0.200117 0.015012 0.970904
1520616744.108115435 1.230746 2.702575 2.988236 -0.082633 -0.186297 0.009925 0.978962
1520616744.158116341 1.320499 2.374399 3.237414 -0.028683 -0.170838 0.004711 0.984870
1520616744.208118200 1.403688 2.040125 3.440019 0.022158 -0.157534 -0.000284 0.987265
1520616744.258119345 1.477111 1.735393 3.587294 0.066048 -0.146591 -0.004370 0.986980
1520616744.308121443 1.541294 1.473649 3.687191 0.103076 -0.136662 -0.006352 0.985220
1520616744.358123302 1.598766 1.223263 3.764503 0.135131 -0.129945 -0.011003 0.982208
1520616744.408124447 1.679183 0.931440 3.822589 0.170565 -0.120694 -0.018097 0.977759
1520616744.458283663 1.794821 0.594539 3.850105 0.209208 -0.108261 -0.028855 0.971431
1520616744.508284569 1.917646 0.258973 3.839552 0.249652 -0.092432 -0.036374 0.963227
1520616744.558285713 2.025004 -0.014704 3.804444 0.282598 -0.078641 -0.042036 0.955085
1520616744.608300686 2.104435 -0.228311 3.765354 0.308358 -0.068417 -0.045972 0.947692
1520616744.658289671 2.172145 -0.410910 3.721516 0.331154 -0.059349 -0.048293 0.940469
1520616744.708290815 2.232222 -0.601198 3.671063 0.355765 -0.050862 -0.049099 0.931898
1520616744.758292675 2.288095 -0.774457 3.614265 0.377856 -0.043416 -0.050095 0.923488
1520616744.808293581 2.313595 -0.893559 3.578270 0.393052 -0.040321 -0.049275 0.917309
1520616744.859205723 2.348252 -0.870071 3.562847 0.397058 -0.032288 -0.041831 0.916271
1520616744.909206867 2.299952 -0.665595 3.644665 0.369390 -0.041577 -0.040221 0.927472
1520616744.959208727 2.248703 -0.341215 3.722589 0.326899 -0.051267 -0.038416 0.942885
1520616745.009209633 2.239939 -0.026586 3.745729 0.284658 -0.055473 -0.039351 0.956214
1520616745.059211731 2.272436 0.233862 3.721009 0.247112 -0.055019 -0.044950 0.966379
1520616745.109213591 2.303194 0.492729 3.679101 0.211753 -0.053707 -0.046499 0.974738
1520616745.159214497 2.321008 0.743906 3.627114 0.178614 -0.052671 -0.045293 0.981464
1520616745.209216833 2.323998 1.005017 3.561628 0.144817 -0.052463 -0.041859 0.987180
1520616745.259242058 2.349865 1.297464 3.446845 0.103792 -0.049595 -0.040557 0.992533
1520616745.309243917 2.360267 1.620004 3.298678 0.057048 -0.049031 -0.038410 0.996427
1520616745.359245062 2.366393 1.968299 3.093990 0.002702 -0.049063 -0.036218 0.998135
1520616745.409246922 2.355107 2.302503 2.856697 -0.052281 -0.050882 -0.032446 0.996807
1520616745.459249258 2.336349 2.598360 2.602186 -0.104568 -0.053802 -0.028534 0.992651
1520616745.509250164 2.306350 2.849014 2.349172 -0.150348 -0.055737 -0.021960 0.986816
1520616745.559252024 2.287122 3.023196 2.137192 -0.184360 -0.055503 -0.016220 0.981156
1520616745.609254122 2.277573 3.100492 2.031556 -0.198883 -0.053247 -0.011938 0.978503
1520616745.658396721 2.297294 3.087601 2.021729 -0.195147 -0.046236 -0.010252 0.979630
1520616745.708398581 2.293066 3.028814 2.120891 -0.176930 -0.042261 -0.007524 0.983287
1520616745.758399725 2.281514 2.910282 2.290012 -0.147840 -0.040812 -0.006029 0.988151
1520616745.808401585 2.276199 2.701708 2.534414 -0.103876 -0.039712 -0.006623 0.993775
1520616745.858402491 2.258394 2.406908 2.826378 -0.048527 -0.041442 -0.008334 0.997927
1520616745.908404827 2.246226 2.053807 3.100356 0.010074 -0.042644 -0.011434 0.998974
1520616745.958405733 2.186514 1.684084 3.348726 0.068653 -0.049741 -0.012054 0.996327
1520616746.008407593 2.113276 1.359495 3.531221 0.116595 -0.058184 -0.011642 0.991405
1520616746.058375597 2.029982 1.101530 3.663436 0.152420 -0.068623 -0.011798 0.985860
1520616746.108376503 1.962695 0.912164 3.751587 0.177457 -0.076970 -0.012294 0.981037
1520616746.158377647 1.893353 0.748465 3.823620 0.196819 -0.086467 -0.014902 0.976506
1520616746.208379745 1.775620 0.561606 3.911735 0.219840 -0.100991 -0.015409 0.970172
1520616746.258422613 1.577162 0.333358 4.023589 0.246576 -0.124929 -0.014774 0.960924
1520616746.308382750 1.281535 0.124973 4.135761 0.271537 -0.158716 -0.009175 0.949206
1520616746.358384609 0.930702 -0.034463 4.224839 0.289184 -0.198395 -0.002072 0.936487
1520616746.408385515 0.552166 -0.126183 4.289744 0.298121 -0.240196 0.006131 0.923792
1520616746.458387613 0.125990 -0.140157 4.322899 0.297894 -0.286433 0.017246 0.910449
1520616746.508872509 0.026045 -0.142735 4.320804 0.296941 -0.331971 0.028319 0.894885
1520616746.558874369 0.026045 -0.142735 4.320804 0.296941 -0.331971 0.028319 0.894885
1520616746.608875275 0.046034 -0.142219 4.321223 0.296941 -0.331971 0.028319 0.894885
1520616746.658877373 -0.834639 -0.092539 -0.542968 -0.049348 -0.047236 -0.011170 0.997601
1520616746.708879471 -1.167684 -0.152464 -0.799123 -0.086520 -0.062706 -0.011508 0.994208
1520616746.758880138 -1.438602 -0.234271 -1.020552 -0.128671 -0.073939 -0.010151 0.988875
1520616746.808882475 -1.660169 -0.307677 -1.220776 -0.171430 -0.080420 -0.008366 0.981873
1520616746.858883381 -1.791218 -0.292475 -1.377222 -0.207138 -0.084605 -0.003324 0.974641
1520616746.909000874 -1.945500 -0.196282 -1.490894 -0.231823 -0.081831 0.000578 0.969310
1520616746.959001780 -2.067226 -0.130149 -1.594808 -0.250793 -0.068570 -0.000522 0.965609
1520616747.009004116 -2.175348 -0.009157 -1.665943 -0.267259 -0.046530 -0.003552 0.962494
1520616747.059005976 -2.248608 0.111971 -1.712575 -0.285757 -0.019719 -0.006847 0.958075
1520616747.109007120 -2.332516 0.214529 -1.783168 -0.304211 0.006906 -0.010256 0.952524
1520616747.159008980 -2.402917 0.296451 -1.882107 -0.317675 0.026498 -0.012729 0.947744
1520616747.209010839 -2.420614 0.363716 -1.990565 -0.322150 0.039959 -0.016756 0.945696
1520616747.259011984 -2.422965 0.446932 -2.102009 -0.317954 0.052809 -0.021757 0.946384
1520616747.308444977 -2.414732 0.469840 -2.200661 -0.312934 0.063280 -0.024079 0.947359
1520616747.358445883 -2.349913 0.568549 -2.265740 -0.305491 0.072166 -0.025862 0.949104
1520616747.408447981 -2.344689 0.603912 -2.340238 -0.302345 0.079490 -0.026156 0.949518
1520616747.458448887 -2.301165 0.539206 -2.417131 -0.304182 0.084098 -0.028104 0.948478
1520616747.508450747 -2.281889 0.523788 -2.488889 -0.303143 0.091710 -0.027411 0.948126
1520616747.558451891 -2.282015 0.498467 -2.523762 -0.297937 0.101145 -0.026638 0.948838
1520616747.608453989 -2.278949 0.487711 -2.534600 -0.285693 0.113709 -0.025396 0.951212
1520616747.658455849 -2.291872 0.555694 -2.521959 -0.265100 0.127284 -0.025277 0.955449
1520616747.708350182 -2.306669 0.552137 -2.485307 -0.245077 0.140818 -0.025875 0.958873
1520616747.758352041 -2.393080 0.572936 -2.456616 -0.225103 0.156813 -0.025557 0.961294
1520616747.808353186 -2.473395 0.575911 -2.421926 -0.209614 0.170148 -0.022105 0.962612
1520616747.858355284 -2.595019 0.541360 -2.383585 -0.198076 0.182934 -0.014141 0.962861
1520616747.908423185 -2.754074 0.498687 -2.334487 -0.187249 0.195954 -0.005568 0.962553
1520616747.958358288 -2.911628 0.470723 -2.297712 -0.177545 0.206422 0.001611 0.962219
1520616748.008359194 -3.087258 0.453736 -2.269028 -0.171134 0.214558 0.006411 0.961580
1520616748.058361053 -3.286764 0.481557 -2.225575 -0.165613 0.221874 0.008127 0.960874
1520616748.108475208 -3.459837 0.478386 -2.266072 -0.164141 0.221957 0.005458 0.961126
1520616748.158477306 -3.613183 0.547365 -2.369979 -0.165238 0.217163 -0.003537 0.962042
1520616748.208478212 -3.780444 0.503680 -2.517195 -0.174714 0.208776 -0.013094 0.962141
1520616748.258480072 -3.945364 0.493693 -2.711467 -0.184167 0.198957 -0.017564 0.962388
1520616748.308482409 -4.110784 0.426027 -2.943068 -0.193831 0.183578 -0.015151 0.963586
1520616748.358483315 -4.247312 0.323884 -3.233548 -0.200116 0.162628 -0.009748 0.966132
1520616748.408485174 -4.320224 0.260711 -3.600921 -0.201622 0.135445 -0.006596 0.970031
1520616748.458486319 -4.303775 0.241930 -4.047280 -0.200177 0.102254 -0.006879 0.974385
1520616748.508488178 -4.234332 0.200461 -4.537139 -0.201414 0.066496 -0.011013 0.977184
1520616748.558605909 -4.069294 0.093135 -5.054967 -0.207290 0.026952 -0.013144 0.977820
1520616748.608607769 -3.862452 -0.037600 -5.547259 -0.216456 -0.011498 -0.015411 0.976103
1520616748.658609867 -3.608539 -0.198470 -6.004470 -0.225721 -0.048767 -0.017618 0.972811
1520616748.708610773 -3.341863 -0.262919 -6.426722 -0.228200 -0.082935 -0.022527 0.969814
1520616748.758613110 -3.104562 -0.270319 -6.786654 -0.227308 -0.110059 -0.029875 0.967122
1520616748.808613777 -2.978033 -0.209310 -7.070643 -0.223729 -0.126589 -0.036606 0.965702
1520616748.858615875 -2.910169 -0.157208 -7.315786 -0.221263 -0.136368 -0.043846 0.964637
1520616748.908617020 -2.940003 -0.095410 -7.521898 -0.222066 -0.139008 -0.054222 0.963547
1520616748.958832502 -2.881187 -0.084661 -7.743254 -0.228569 -0.141997 -0.067275 0.960764
1520616749.008834362 -2.884205 -0.242304 -7.951258 -0.243769 -0.145187 -0.077016 0.955806
1520616749.058835506 -2.832830 -0.590992 -8.174453 -0.265856 -0.153752 -0.080328 0.948277
1520616749.108837366 -2.740844 -0.977841 -8.396355 -0.285477 -0.166323 -0.076497 0.940738
1520616749.158838272 -2.633195 -1.216354 -8.623273 -0.292081 -0.179377 -0.068034 0.936955
1520616749.208840370 -2.529350 -1.196000 -8.872697 -0.284373 -0.188710 -0.064835 0.937719
1520616749.258842468 -2.534582 -0.956862 -9.100279 -0.270468 -0.189448 -0.068400 0.941423
1520616749.308843374 -2.722763 -0.736476 -9.261779 -0.262472 -0.179494 -0.075345 0.945100
1520616749.358798265 -2.961709 -0.644187 -9.390654 -0.261727 -0.167010 -0.080511 0.947167
1520616749.408799171 -3.152431 -0.686430 -9.533495 -0.264560 -0.157526 -0.080773 0.947982
1520616749.458801270 -3.426933 -0.776729 -9.678963 -0.268895 -0.144710 -0.080051 0.948866
1520616749.508802414 -3.660326 -0.874944 -9.818108 -0.271820 -0.136081 -0.073647 0.949827
1520616749.558894396 -3.822354 -1.051829 -9.998702 -0.275644 -0.129702 -0.067182 0.950097
1520616749.608805418 -4.023893 -1.112388 -10.168916 -0.275643 -0.121390 -0.065444 0.951316
1520616749.658807278 -4.155600 -1.046553 -10.370927 -0.269453 -0.116002 -0.063263 0.953906
1520616749.708808184 -4.171250 -0.958524 -10.623539 -0.258413 -0.117214 -0.055240 0.957305
1520616749.759188414 -4.248303 -0.679510 -10.862281 -0.242291 -0.114300 -0.050030 0.962147
1520616749.809189558 -4.612580 -0.440963 -10.975711 -0.229404 -0.100623 -0.045387 0.967052
1520616749.859191656 -4.831230 -0.198045 -11.134559 -0.218461 -0.092389 -0.042443 0.970535
1520616749.909193516 -4.905988 -0.110693 -11.352729 -0.213018 -0.091124 -0.039070 0.972005
1520616749.959194660 -4.984134 -0.008248 -11.564651 -0.210603 -0.088159 -0.041701 0.972695
1520616750.009196520 -5.061318 0.072238 -11.776278 -0.211379 -0.084097 -0.049703 0.972510
1520616750.059197664 -5.197957 0.124543 -11.968488 -0.213687 -0.077385 -0.058182 0.972093
1520616750.109199524 -5.445352 0.133308 -12.115421 -0.215962 -0.066973 -0.062987 0.972064
1520616750.160123825 -5.532167 0.137450 -12.164878 -0.218207 -0.056552 -0.067783 0.971902
1520616750.210124731 -5.532167 0.137450 -12.164878 -0.218207 -0.056552 -0.067783 0.971902
1520616750.260126829 -5.514804 0.136622 -12.154987 -0.218207 -0.056552 -0.067783 0.971902
1520616750.310127974 -5.500914 0.135959 -12.147074 -0.218207 -0.056552 -0.067783 0.971902
1520616750.360129833 -5.489801 0.135429 -12.140743 -0.218207 -0.056552 -0.067783 0.971902
1520616750.410130978 -5.489801 0.135429 -12.140743 -0.218207 -0.056552 -0.067783 0.971902
1520616750.460132837 -5.480911 0.135005 -12.135679 -0.218207 -0.056552 -0.067783 0.971902
1520616750.510133743 -5.473799 0.134665 -12.131627 -0.218207 -0.056552 -0.067783 0.971902
1520616750.560396433 0.123609 -0.099117 -0.987369 -0.004143 0.048808 0.000602 0.998799
1520616750.610397577 0.126684 -0.204212 -1.324761 -0.008364 0.064177 0.005695 0.997887
1520616750.660399675 0.111217 -0.263623 -1.672638 -0.010209 0.080824 0.008802 0.996637
1520616750.710400581 0.091197 -0.329724 -2.005066 -0.012188 0.098131 0.011050 0.995038
1520616750.760402679 0.081007 -0.326342 -2.335941 -0.012308 0.113467 0.013902 0.993368
1520616750.810403585 0.050949 -0.326772 -2.675020 -0.012353 0.128646 0.016361 0.991479
1520616750.860408545 0.030182 -0.302918 -3.001753 -0.012135 0.143886 0.017458 0.989366
1520616750.910406590 -0.021303 -0.277715 -3.308540 -0.013552 0.163630 0.019826 0.986229
1520616750.960407495 -0.065820 -0.274288 -3.609329 -0.017709 0.181499 0.025915 0.982890
1520616751.010886908 -0.128762 -0.246097 -3.901122 -0.020281 0.200553 0.029440 0.979030
1520616751.060889006 -0.208964 -0.205246 -4.153860 -0.019746 0.223572 0.029174 0.974051
1520616751.110889912 -0.367107 -0.212810 -4.425992 -0.019160 0.250261 0.025916 0.967642
1520616751.160892010 -0.549202 -0.252297 -4.694734 -0.019590 0.278251 0.024069 0.960007
1520616751.210893154 -0.744018 -0.301432 -4.941319 -0.020223 0.306727 0.024936 0.951256
1520616751.260895014 -1.022011 -0.374352 -5.176260 -0.020821 0.338890 0.024981 0.940264
1520616751.310896158 -1.332239 -0.437766 -5.376604 -0.021978 0.372386 0.024515 0.927494
1520616751.360898018 -1.644514 -0.512222 -5.545004 -0.024637 0.404416 0.027713 0.913823
1520616751.413728952 -1.733524 -0.533594 -5.585259 -0.027266 0.435949 0.030876 0.899028
1520616751.463731050 -1.733524 -0.533594 -5.585259 -0.027266 0.435949 0.030876 0.899028
1520616751.513732910 -1.715722 -0.529320 -5.577208 -0.027266 0.435949 0.030876 0.899028
1520616751.563734055 -0.476239 -0.052292 -0.877759 0.016268 0.093317 -0.005493 0.995488
1520616751.613735914 -0.749542 -0.178899 -1.232673 0.020250 0.134131 -0.003696 0.990750
1520616751.663736820 -0.803479 -0.382146 -1.701740 0.019056 0.169026 -0.000971 0.985427
1520616751.713738918 -0.921759 -0.515845 -2.153763 0.014998 0.201283 0.003181 0.979413
1520616751.763739824 -1.027181 -0.633089 -2.588167 0.009738 0.229541 0.003988 0.973242
1520616751.816833973 -1.408724 -0.657249 -3.016830 0.007394 0.263112 -0.001960 0.964735
1520616751.866836071 -1.640729 -0.877484 -3.372816 0.001583 0.282329 -0.006044 0.959297
1520616751.916836977 -1.705494 -0.820063 -3.768230 0.000813 0.291459 -0.005474 0.956567
1520616751.966839075 -1.805760 -0.772905 -4.154408 -0.001043 0.299815 -0.007577 0.953967
1520616752.016839981 -1.909892 -0.713079 -4.526620 -0.006004 0.307857 -0.010806 0.951352
1520616752.066841841 -2.019718 -0.662951 -4.897163 -0.014583 0.315355 -0.015170 0.948740
1520616752.116842985 -2.161268 -0.652230 -5.237887 -0.022376 0.324616 -0.023674 0.945285
1520616752.166844845 -2.329302 -0.664138 -5.590968 -0.027291 0.335303 -0.034300 0.941090
1520616752.217440605 -2.549801 -0.727545 -5.930147 -0.031493 0.346751 -0.039765 0.936585
1520616752.267441511 -2.701177 -0.794991 -6.320740 -0.034169 0.353738 -0.038624 0.933922
1520616752.317443371 -2.903534 -0.836126 -6.703617 -0.033372 0.361745 -0.034928 0.931025
1520616752.367445469 -3.073547 -0.870725 -7.099571 -0.031553 0.368281 -0.035138 0.928514
1520616752.417446375 -3.253315 -0.792094 -7.517099 -0.027883 0.373029 -0.033755 0.926786
1520616752.467448473 -3.370173 -0.698311 -7.934401 -0.023906 0.376785 -0.031712 0.925449
1520616752.517449379 -3.600786 -0.559170 -8.263065 -0.020357 0.386865 -0.031935 0.921358
1520616752.567450285 -3.888378 -0.407938 -8.549886 -0.017201 0.400550 -0.034541 0.915462
1520616752.617172480 -4.200130 -0.241999 -8.817823 -0.013213 0.414213 -0.035504 0.909391
1520616752.667174578 -4.395972 -0.144468 -9.141058 -0.010895 0.423097 -0.031357 0.905476
1520616752.717175484 -4.588106 -0.153057 -9.495135 -0.012417 0.428276 -0.023816 0.903249
1520616752.767177582 -4.677474 -0.246447 -9.924603 -0.016123 0.430498 -0.020785 0.902208
1520616752.817178726 -4.779285 -0.362186 -10.386784 -0.019194 0.432197 -0.024924 0.901231
1520616752.867180586 -4.819036 -0.459121 -10.841803 -0.021877 0.431949 -0.029772 0.901141
1520616752.917181730 -4.740723 -0.543516 -11.337860 -0.025623 0.427911 -0.032293 0.902880
1520616752.967183590 -4.686297 -0.533295 -11.804154 -0.025960 0.424535 -0.036376 0.904308
1520616753.017464638 -4.715484 -0.457026 -12.214130 -0.024015 0.424872 -0.039374 0.904078
1520616753.067466497 -4.726842 -0.339236 -12.630151 -0.023496 0.424844 -0.037325 0.904192
1520616753.117468357 -4.685182 -0.320048 -13.044796 -0.025383 0.423225 -0.033091 0.905064
1520616753.167469501 -4.679731 -0.268551 -13.442342 -0.026260 0.422820 -0.033688 0.905206
1520616753.217471600 -4.621640 -0.212064 -13.850003 -0.025795 0.422093 -0.037147 0.905424
1520616753.267472267 -4.657426 -0.158164 -14.220943 -0.024813 0.422935 -0.040874 0.904898
1520616753.317474604 -4.679563 -0.241539 -14.598507 -0.025972 0.423479 -0.044177 0.904455
1520616753.367475510 -4.696585 -0.387070 -14.995633 -0.028468 0.424402 -0.044558 0.903929
1520616753.417477369 -4.805904 -0.484884 -15.375822 -0.030321 0.426825 -0.044152 0.902747
1520616753.467479467 -4.787482 -0.499401 -15.748857 -0.030408 0.427753 -0.045497 0.902237
1520616753.517480373 -4.848802 -0.380866 -16.112715 -0.027499 0.430261 -0.048616 0.900975
1520616753.567482471 -4.972073 -0.161320 -16.402937 -0.022135 0.435590 -0.053092 0.898306
1520616753.617483616 -5.225491 0.120773 -16.686635 -0.014778 0.443532 -0.059929 0.894131
1520616753.667485476 -5.466128 0.348584 -16.972645 -0.010018 0.450346 -0.061075 0.890706
1520616753.717486382 -5.535458 0.470727 -17.307727 -0.007838 0.452490 -0.061280 0.889627
1520616753.767488480 -5.406676 0.325345 -17.730287 -0.011945 0.448626 -0.059106 0.891683
1520616753.817489386 -5.184689 -0.040912 -18.184772 -0.020055 0.441812 -0.059428 0.894912
1520616753.867492437 -4.941538 -0.214915 -18.656251 -0.022130 0.434451 -0.069541 0.897734
1520616753.917493582 -4.417879 -0.462803 -19.172574 -0.023193 0.420290 -0.083942 0.903201
1520616753.967494488 -3.429187 -0.861022 -19.769681 -0.026680 0.394619 -0.096309 0.913394
1520616754.017496586 -2.130734 -1.133613 -20.341679 -0.026604 0.362019 -0.113278 0.924880
1520616754.067498446 -0.649720 -1.370478 -20.786177 -0.024724 0.324905 -0.131474 0.936237
1520616754.117499352 1.185121 -1.701263 -21.062738 -0.022195 0.279780 -0.149243 0.948134
1520616754.167500496 3.200977 -2.047490 -21.120397 -0.019225 0.230434 -0.162997 0.959147
1520616754.217502356 5.253534 -2.513921 -20.928638 -0.016883 0.179460 -0.175923 0.967760
1520616754.266214132 7.267240 -2.821064 -20.462241 -0.010253 0.130896 -0.193753 0.972225
1520616754.316215038 8.944717 -3.724116 -19.755213 -0.017255 0.083532 -0.206364 0.974751
1520616754.366216898 10.371566 -4.679103 -18.954754 -0.028070 0.040488 -0.216181 0.975110
1520616754.416219234 11.698574 -5.600659 -18.031344 -0.041608 -0.001220 -0.220879 0.974413
1520616754.466228008 12.967208 -6.198853 -17.052874 -0.051228 -0.041045 -0.220527 0.973169
1520616754.516221285 14.121065 -6.665543 -16.037132 -0.055829 -0.079219 -0.223153 0.969954
1520616754.566223145 15.259800 -6.927091 -14.959662 -0.054994 -0.117297 -0.224702 0.965777
1520616754.616225004 16.311833 -6.975536 -13.883851 -0.051623 -0.152911 -0.222742 0.961426
1520616754.665354967 17.193535 -6.952278 -12.855753 -0.048160 -0.184609 -0.220453 0.956557
1520616754.715356827 17.963142 -6.948871 -11.819510 -0.047410 -0.214489 -0.216009 0.951361
1520616754.765357733 18.684155 -6.989870 -10.696132 -0.047631 -0.245255 -0.212108 0.944771
1520616754.815360069 19.339609 -7.133984 -9.428957 -0.050996 -0.277822 -0.208607 0.936321
1520616754.865360975 19.921445 -7.218522 -8.134979 -0.054885 -0.309662 -0.203660 0.927157
1520616754.915362835 20.405769 -7.242287 -6.904554 -0.058305 -0.339100 -0.198341 0.917754
1520616754.965363979 20.816604 -7.261011 -5.660851 -0.063055 -0.367717 -0.192238 0.907663
1520616755.015365839 21.121262 -7.305685 -4.447752 -0.065965 -0.394993 -0.189325 0.896541
1520616755.062586308 21.275893 -7.349516 -3.559320 -0.070054 -0.414307 -0.185003 0.888378
1520616755.112587452 21.473298 -7.328983 -2.432684 -0.067247 -0.439132 -0.185069 0.876579
1520616755.162589550 21.625346 -7.198953 -1.162873 -0.062620 -0.466560 -0.183148 0.863051
1520616755.212590218 21.662275 -7.166391 0.207921 -0.061013 -0.495033 -0.182146 0.847374
1520616755.262592554 21.527218 -7.396654 1.506504 -0.065454 -0.521009 -0.184770 0.830738
1520616755.312594414 21.301633 -7.648537 2.772925 -0.071228 -0.545821 -0.187522 0.813536
1520616755.362595320 21.008577 -7.880898 3.982261 -0.079091 -0.569096 -0.189207 0.796288
1520616755.412597418 20.652851 -8.142161 5.052681 -0.087776 -0.589491 -0.191749 0.779762
1520616755.460411787 20.314399 -8.312645 6.028604 -0.093083 -0.608996 -0.193558 0.763541
1520616755.510414124 19.899825 -8.621739 6.858806 -0.100732 -0.624898 -0.198305 0.748352
1520616755.560415983 19.490653 -8.923960 7.520990 -0.107865 -0.637727 -0.203515 0.735018
1520616755.610416889 19.213084 -8.783031 8.261732 -0.107403 -0.653133 -0.201072 0.722116
1520616755.660418987 18.960303 -8.467521 9.017193 -0.107264 -0.668665 -0.194436 0.709631
1520616755.710419893 18.653263 -8.126515 9.809027 -0.109112 -0.684501 -0.186964 0.696131
1520616755.760420799 18.264221 -7.900442 10.568942 0.112648 0.699479 0.181970 -0.681855
1520616755.810423136 17.777124 -7.630182 11.437000 0.113999 0.716809 0.176632 -0.664824
1520616755.860424995 17.187215 -7.342160 12.365917 0.114262 0.735436 0.171628 -0.645462
1520616755.909451723 16.610452 -6.926061 13.214526 0.117360 0.752790 0.161573 -0.627238
1520616755.959454060 16.000556 -6.571808 14.023415 0.118032 0.769629 0.154139 -0.608261
1520616756.009454966 15.338314 -6.323423 14.759620 0.118383 0.785242 0.149945 -0.588980
1520616756.059456825 14.733379 -5.875305 15.429460 0.115662 0.800317 0.141582 -0.571026
1520616756.109493732 14.119169 -5.413063 16.046351 0.113325 0.814428 0.133057 -0.553317
1520616756.159459829 13.364253 -4.868275 16.722328 0.106494 0.830460 0.123904 -0.532581
1520616756.209461689 12.353117 -4.257112 17.515502 0.098814 0.849191 0.113655 -0.506155
1520616756.259462833 11.196997 -3.759702 18.259887 0.093017 0.867276 0.105858 -0.477466
1520616756.309029341 10.027642 -3.676500 18.839809 0.094368 0.881595 0.107034 -0.449920
1520616756.359030485 8.949608 -3.687593 19.276669 0.100293 0.892992 0.109637 -0.424836
1520616756.409032345 7.815553 -3.677537 19.665033 0.107625 0.903772 0.112667 -0.398648
1520616756.459033251 6.717963 -3.460318 19.996147 0.116641 0.913705 0.111221 -0.373052
1520616756.509035587 5.704010 -3.077503 20.261512 0.126170 0.922605 0.106087 -0.348751
1520616756.559036493 4.829121 -2.688587 20.433042 0.135378 0.929677 0.100632 -0.327486
1520616756.609038353 4.093120 -2.403618 20.518880 0.142439 0.935120 0.097168 -0.309548
1520616756.659040451 3.369670 -2.284750 20.554293 0.145856 0.939977 0.097435 -0.292704
1520616756.709247589 2.526001 -2.306161 20.564634 0.140810 0.946122 0.100883 -0.273583
1520616756.759249687 1.672850 -2.217598 20.548659 0.137677 0.951918 0.101932 -0.253984
1520616756.809250593 0.873432 -1.885937 20.517968 0.137228 0.957450 0.097260 -0.234516
1520616756.859252453 0.121933 -1.427530 20.463697 0.138378 0.962437 0.089397 -0.215814
1520616756.909253597 -0.747156 -1.025128 20.364570 0.137711 0.967683 0.082694 -0.194388
1520616756.959255457 -1.862104 -0.629158 20.191328 0.137165 0.973351 0.077259 -0.166748
1520616757.009257555 -3.053789 -0.222166 19.953623 0.139005 0.978093 0.072734 -0.136823
1520616757.059258699 -4.362646 0.023636 19.609085 0.141997 0.981707 0.073609 -0.103298
1520616757.111738443 -4.455737 0.042190 19.577625 0.144826 0.984194 0.074400 -0.069655
1520616757.161740303 -4.455737 0.042190 19.577625 0.144826 0.984194 0.074400 -0.069655
1520616757.211741209 -4.437119 0.038479 19.583917 0.144826 0.984194 0.074400 -0.069655
1520616757.261743307 -4.437119 0.038479 19.583917 0.144826 0.984194 0.074400 -0.069655
1520616757.311744213 -4.422224 0.035511 19.588951 0.144826 0.984194 0.074400 -0.069655
1520616757.361746073 -4.422224 0.035511 19.588951 0.144826 0.984194 0.074400 -0.069655
1520616757.411747217 -4.410308 0.033136 19.592978 0.144826 0.984194 0.074400 -0.069655
1520616757.461749315 -4.410308 0.033136 19.592978 0.144826 0.984194 0.074400 -0.069655
1520616757.517490864 -4.400776 0.031236 19.596199 0.144826 0.984194 0.074400 -0.069655
1520616757.567494869 -4.400776 0.031236 19.596199 0.144826 0.984194 0.074400 -0.069655
1520616757.617495060 -4.393150 0.029716 19.598776 0.144826 0.984194 0.074400 -0.069655
1520616757.667496920 0.011748 0.003513 -0.999925 -0.018773 -0.046761 -0.007711 0.998700
1520616757.717497826 0.073404 0.019139 -1.492539 -0.026580 -0.069417 -0.013208 0.997146
1520616757.767557859 0.128205 0.086529 -1.980471 -0.032908 -0.092207 -0.017488 0.995042
1520616757.817500830 0.172376 0.097712 -2.444670 -0.041151 -0.117311 -0.015826 0.992116
1520616757.867501736 0.177038 0.142799 -2.916118 -0.049302 -0.140289 -0.016328 0.988747
1520616757.917504072 0.315761 0.236162 -3.363801 -0.056949 -0.165114 -0.021240 0.984400
1520616757.967064142 0.459425 0.295186 -3.795829 -0.066800 -0.193031 -0.025542 0.978583
1520616758.017066002 0.767551 0.285243 -4.231933 -0.081496 -0.228240 -0.031467 0.969678
1520616758.067067146 0.985045 0.249759 -4.681521 -0.094690 -0.263706 -0.032341 0.959399
1520616758.117069006 1.381898 0.087127 -5.088732 -0.106253 -0.301561 -0.036603 0.946801
1520616758.167070150 1.773178 -0.128315 -5.454444 -0.116255 -0.341491 -0.036849 0.931939
1520616758.217072010 2.275937 -0.115725 -5.754121 -0.123253 -0.387071 -0.035817 0.913073
1520616758.267074108 2.792494 -0.218364 -5.986382 -0.137573 -0.431903 -0.032667 0.890768
1520616758.317075253 3.356497 -0.385204 -6.127125 -0.156407 -0.475946 -0.027696 0.865012
1520616758.367632389 4.174337 -0.409787 -6.041702 -0.168274 -0.528513 -0.018852 0.831867
1520616758.417634487 4.992209 -0.481567 -5.820411 -0.174243 -0.578075 -0.018492 0.796948
1520616758.467635393 5.566556 -0.249755 -5.601889 -0.167586 -0.618159 -0.026422 0.767526
1520616758.517637491 6.009034 -0.185016 -5.428330 -0.163882 -0.648985 -0.038629 0.741936
1520616758.567638636 6.357914 -0.152576 -5.245929 -0.163926 -0.673267 -0.047382 0.719440
1520616758.617639542 6.740765 -0.166885 -5.051846 0.165241 0.697131 0.048466 -0.695956
1520616758.667641401 7.028275 -0.311351 -4.931014 0.170703 0.714618 0.047989 -0.676667
1520616758.717643499 7.171687 -0.440468 -4.899345 0.176956 0.725974 0.053037 -0.662446
1520616758.767645359 7.346027 -0.637274 -4.853353 0.183368 0.736742 0.058657 -0.648187
1520616758.817646265 7.468813 -0.742763 -4.855811 0.188459 0.744367 0.068642 -0.636937
1520616758.867648602 7.574953 -0.820497 -4.901907 0.192392 0.750704 0.075436 -0.627486
1520616758.917649508 7.719497 -0.768621 -4.862646 0.192974 0.761490 0.073684 -0.614381
1520616758.967651367 7.861510 -0.745194 -4.793658 0.196727 0.773681 0.065672 -0.598668
1520616759.017653465 8.039941 -0.794828 -4.684130 0.203867 0.786589 0.057093 -0.580048
1520616759.067654371 8.199788 -0.907863 -4.559435 0.212685 0.798701 0.053112 -0.560375
1520616759.117655516 8.354947 -1.040428 -4.429502 0.219960 0.810493 0.050711 -0.540506
1520616759.167657375 8.502455 -1.140067 -4.286537 0.224085 0.822568 0.049856 -0.520272
1520616759.217659473 8.663627 -1.219028 -4.116263 0.226528 0.834561 0.051893 -0.499500
1520616759.267660618 8.858604 -1.253789 -3.864832 0.225939 0.848661 0.052771 -0.475332
1520616759.317661524 9.039584 -1.259403 -3.541163 0.224740 0.864012 0.050161 -0.447726
1520616759.367663383 9.217162 -1.306438 -3.174652 0.227203 0.878182 0.049372 -0.418016
1520616759.417750597 9.367066 -1.389121 -2.778644 0.232292 0.891149 0.046798 -0.386915
1520616759.467666388 9.487867 -1.422638 -2.320716 0.235731 0.904405 0.042898 -0.353047
1520616759.517668247 9.602865 -1.413880 -1.821799 0.238486 0.916665 0.042169 -0.317918
1520616759.565589428 9.567750 -1.517058 -1.320265 0.243567 0.924881 0.044082 -0.288664
1520616759.615591526 9.557949 -1.744198 -0.804951 0.255907 0.930707 0.046573 -0.257151
1520616759.665592670 9.523943 -1.974962 -0.298904 0.268387 0.935365 0.046155 -0.225680
1520616759.715594530 9.485782 -2.087490 0.227878 0.275280 0.940676 0.044477 -0.193315
1520616759.765595675 9.422069 -2.208965 0.651265 0.282162 0.943776 0.045290 -0.166196
1520616759.815597534 9.349816 -2.294196 0.991015 0.287097 0.945985 0.046228 -0.143352
1520616759.865599394 9.288128 -2.259039 1.341445 0.286184 0.949517 0.045729 -0.120107
1520616759.915600538 9.210151 -2.136636 1.726931 0.280690 0.953884 0.047961 -0.094966
1520616759.963820457 9.113924 -1.992423 2.141524 0.273865 0.957960 0.051292 -0.068402
1520616760.013821363 8.957132 -1.891420 2.617856 0.269799 0.960729 0.052577 -0.038003
1520616760.063823700 8.762905 -1.800039 3.137725 0.267012 0.962141 0.054441 -0.004975
1520616760.113824606 8.522024 -1.702766 3.665949 0.263410 0.962573 0.056562 0.029475
1520616760.163826466 8.219076 -1.628801 4.226334 0.261759 0.961074 0.057682 0.067016
1520616760.213827610 7.850557 -1.538725 4.807239 0.261263 0.957687 0.053963 0.108006
1520616760.263829470 7.439498 -1.522597 5.327319 0.267349 0.951095 0.046229 0.147671
1520616760.313831568 6.975406 -1.570755 5.813717 0.277938 0.941414 0.038946 0.187010
1520616760.363833666 6.433883 -1.545522 6.320244 0.283946 0.930268 0.034184 0.229799
1520616760.412088394 5.872657 -1.485513 6.770615 0.289090 0.917780 0.028426 0.270736
1520616760.462090254 5.286188 -1.299884 7.188750 0.289793 0.904470 0.020156 0.312326
1520616760.512091398 4.610808 -1.021169 7.600866 0.285401 0.888995 0.013952 0.357827
1520616760.562093258 3.874120 -0.796755 7.946266 0.280197 0.871393 0.014483 0.402435
1520616760.612094164 3.180754 -0.710563 8.182122 0.279626 0.853052 0.020059 0.440125
1520616760.662096500 2.515295 -0.679759 8.338680 0.281510 0.834009 0.026549 0.473789
1520616760.712097168 1.819970 -0.546181 8.448852 0.279562 0.813587 0.029359 0.508979
1520616760.762099266 1.158179 -0.304705 8.498142 0.274196 0.792898 0.025424 0.543583
1520616760.809893608 1.064554 -0.269592 8.497005 0.268372 0.770886 0.021446 0.577279
1520616760.859894753 1.064554 -0.269592 8.497005 0.268372 0.770886 0.021446 0.577279
1520616760.909896612 1.083279 -0.276614 8.497232 0.268372 0.770886 0.021446 0.577279
1520616760.959897757 -0.209506 0.153779 -0.965639 -0.009310 -0.052222 -0.010852 0.998533
1520616761.009899855 -0.254826 0.282956 -1.408108 -0.014474 -0.073400 -0.013361 0.997108
1520616761.059900761 -0.287789 0.453052 -1.844608 -0.021505 -0.092631 -0.009487 0.995423
1520616761.109902859 -0.322639 0.600767 -2.305828 -0.028257 -0.110146 -0.006064 0.993495
1520616761.159903765 -0.338091 0.752115 -2.760491 -0.029329 -0.127772 -0.002127 0.991367
1520616761.209287643 -0.250219 1.122121 -3.125697 -0.019786 -0.147722 -0.005107 0.988818
1520616761.259288549 -0.000130 1.261106 -3.662328 -0.016272 -0.177664 -0.004380 0.983947
1520616761.309290648 0.336403 1.362732 -4.212027 -0.018682 -0.209922 -0.005576 0.977524
1520616761.359291553 0.659845 1.394661 -4.756097 -0.027354 -0.240866 -0.008840 0.970133
1520616761.409293652 1.008065 1.400200 -5.270948 -0.037965 -0.272625 -0.009901 0.961320
1520616761.459295750 1.272215 1.302255 -5.750605 -0.051305 -0.303070 -0.009627 0.951538
1520616761.509296656 1.541949 1.276657 -6.183977 -0.058752 -0.332540 -0.007462 0.941228
1520616761.559298515 1.846132 1.316220 -6.578844 -0.064098 -0.361577 -0.005769 0.930118
1520616761.609656572 2.166146 1.297969 -6.950900 -0.072363 -0.391694 -0.001451 0.917244
1520616761.659658432 2.585754 1.408246 -7.272182 -0.079007 -0.427331 -0.000702 0.900636
1520616761.709659576 3.071327 1.292046 -7.578432 -0.093982 -0.460167 -0.011400 0.882771
1520616761.759661674 3.571094 1.077065 -7.888927 -0.112289 -0.491629 -0.023284 0.863221
1520616761.809662819 4.144584 0.943582 -8.122710 -0.131934 -0.522910 -0.031831 0.841514
1520616761.859664679 4.618178 0.849846 -8.425002 -0.149328 -0.551023 -0.035667 0.820245
1520616761.909666538 5.015991 0.316436 -8.457879 -0.167748 -0.575147 -0.033281 0.799974
1520616761.959667683 5.425407 0.268326 -8.604660 -0.175625 -0.597794 -0.034867 0.781398
1520616762.014317036 5.520679 0.256269 -8.632548 -0.183340 -0.619888 -0.036420 0.762102
1520616762.064318895 5.520679 0.256269 -8.632548 -0.183340 -0.619888 -0.036420 0.762102
1520616762.114320040 5.501625 0.258680 -8.626970 -0.183340 -0.619888 -0.036420 0.762102
1520616762.164322138 5.501625 0.258680 -8.626970 -0.183340 -0.619888 -0.036420 0.762102
1520616762.214323997 5.486381 0.260609 -8.622508 -0.183340 -0.619888 -0.036420 0.762102
1520616762.264325142 5.474186 0.262153 -8.618939 -0.183340 -0.619888 -0.036420 0.762102
1520616762.314326048 5.464430 0.263388 -8.616083 -0.183340 -0.619888 -0.036420 0.762102
1520616762.364327908 5.456626 0.264375 -8.613798 -0.183340 -0.619888 -0.036420 0.762102
1520616762.416154385 5.456626 0.264375 -8.613798 -0.183340 -0.619888 -0.036420 0.762102
1520616762.466155291 5.450382 0.265166 -8.611971 -0.183340 -0.619888 -0.036420 0.762102
1520616762.516157150 5.445387 0.265798 -8.610508 -0.183340 -0.619888 -0.036420 0.762102
1520616762.566158295 5.441391 0.266303 -8.609339 -0.183340 -0.619888 -0.036420 0.762102
1520616762.616159201 0.164478 0.189353 -0.968035 0.016705 0.062560 0.052929 0.996497
1520616762.666161060 0.152871 0.254931 -1.198911 0.022307 0.089794 0.058069 0.994016
1520616762.716163397 0.122685 0.304301 -1.434470 0.026828 0.120129 0.062232 0.990443
1520616762.766164303 0.061521 0.320733 -1.659972 0.029157 0.154072 0.068214 0.985271
1520616762.816166162 -0.021997 0.319873 -1.894617 0.030739 0.191914 0.073357 0.978183
1520616762.864167929 -0.182910 0.346181 -2.146989 0.035640 0.232317 0.075220 0.969072
1520616762.914169788 -0.338022 0.326648 -2.352445 0.042125 0.273975 0.075184 0.957868
1520616762.964170933 -0.489161 0.337569 -2.535493 0.051487 0.310764 0.073379 0.946251
1520616763.014173031 -0.640389 0.333276 -2.719479 0.059269 0.341363 0.070000 0.935446
1520616763.064174891 -0.781420 0.351641 -2.906497 0.064147 0.364669 0.068732 0.926379
1520616763.114176035 -0.970431 0.391947 -3.063890 0.064969 0.389690 0.073674 0.915693
1520616763.164177895 -1.162402 0.421095 -3.207805 0.063276 0.415965 0.077649 0.903847
1520616763.214178801 -1.356055 0.437266 -3.337697 0.063138 0.441852 0.079715 0.891306
1520616763.262399197 -1.552151 0.494210 -3.425517 0.068208 0.467583 0.078054 0.877851
1520616763.312401295 -1.765696 0.516175 -3.528332 0.070970 0.489861 0.074610 0.865698
1520616763.362402201 -1.912312 0.492057 -3.675197 0.069133 0.503021 0.073579 0.858357
1520616763.412403345 -2.038357 0.460436 -3.841163 0.067967 0.511470 0.068509 0.853865
1520616763.462405443 -2.120380 0.428487 -4.031785 0.067099 0.515635 0.061440 0.851964
1520616763.512407303 -2.142074 0.391984 -4.269968 0.062778 0.513382 0.057765 0.853909
1520616763.562408447 -2.136642 0.361122 -4.532537 0.058386 0.505836 0.057537 0.858726
1520616763.612410307 -2.078937 0.439729 -4.793362 0.062142 0.495981 0.058528 0.864127
1520616763.661420345 -1.995531 0.588865 -4.971619 0.070961 0.490127 0.056845 0.866896
1520616763.711421490 -1.948108 0.580978 -5.059314 0.069499 0.486237 0.052551 0.869472
1520616763.761423349 -1.906056 0.527686 -5.150037 0.062907 0.482795 0.046953 0.872208
1520616763.811425209 -1.871447 0.454077 -5.238754 0.056393 0.480656 0.034993 0.874394
1520616763.861426353 -1.861564 0.408949 -5.315837 0.053215 0.479998 0.023221 0.875346
1520616763.911427259 -1.855271 0.371563 -5.391498 0.051152 0.479589 0.015369 0.875866
1520616763.961429358 -1.866383 0.358962 -5.456410 0.051160 0.480732 0.012408 0.875286
1520616764.011431456 -1.915782 0.388620 -5.506942 0.054265 0.484857 0.012682 0.872816
1520616764.060730219 -1.979284 0.466880 -5.571802 0.060061 0.490543 0.011611 0.869267
1520616764.110732079 -2.091259 0.514419 -5.617235 0.064454 0.499634 0.009113 0.863788
1520616764.160734177 -2.220694 0.569832 -5.651621 0.067270 0.510073 0.010362 0.857434
1520616764.210734129 -2.380617 0.605528 -5.666720 0.068342 0.522864 0.011468 0.849595
1520616764.260735989 -2.523122 0.638461 -5.686203 0.068754 0.534464 0.012572 0.842296
1520616764.310744047 -2.640557 0.644738 -5.717511 0.066955 0.543949 0.015718 0.836295
1520616764.360738993 -2.751716 0.594231 -5.759609 0.061497 0.552610 0.018327 0.830966
1520616764.410741091 -2.841139 0.490912 -5.818749 0.053157 0.559313 0.018509 0.827043
1520616764.461071968 -2.933258 0.377702 -5.879169 0.044983 0.565945 0.016162 0.823056
1520616764.511073828 -2.992355 0.284961 -5.955147 0.038607 0.570199 0.013265 0.820491
1520616764.561074972 -2.985099 0.225414 -6.060548 0.034198 0.569344 0.014684 0.821257
1520616764.611076832 -2.929563 0.273061 -6.185766 0.037360 0.565098 0.015538 0.824031
1520616764.661078691 -2.861947 0.450505 -6.302378 0.049152 0.560247 0.014821 0.826733
1520616764.711079836 -2.703692 0.573609 -6.454477 0.056209 0.549878 0.015903 0.833200
1520616764.761081934 -2.473751 0.633610 -6.635470 0.058486 0.534888 0.017320 0.842719
1520616764.811082840 -2.266834 0.682420 -6.797839 0.060225 0.521680 0.016786 0.850847
1520616764.861084938 -2.136480 0.731572 -6.932290 0.063725 0.513572 0.011483 0.855600
1520616764.912136555 -2.079647 0.688270 -7.070757 0.062042 0.509450 0.005759 0.858241
1520616764.962138414 -2.043903 0.616280 -7.193034 0.058328 0.506371 0.003139 0.860335
1520616765.012140274 -2.028883 0.586104 -7.288800 0.056939 0.505656 0.003950 0.860845
1520616765.062141418 -2.108495 0.615784 -7.351609 0.060193 0.509906 0.002800 0.858117
1520616765.112143278 -2.228757 0.654013 -7.413874 0.062399 0.517091 0.003712 0.853645
1520616765.162144184 -2.361075 0.692272 -7.465927 0.063202 0.524628 0.007738 0.848947
1520616765.212146521 -2.481729 0.762334 -7.506302 0.063413 0.531463 0.020013 0.844468
1520616765.262148380 -2.656035 0.891600 -7.521768 0.068739 0.541037 0.028121 0.837713
1520616765.312943459 -2.818982 0.998522 -7.538926 0.072881 0.549770 0.035602 0.831369
1520616765.362945557 -2.965014 1.028359 -7.566202 0.073034 0.557509 0.039402 0.826013
1520616765.412946463 -3.118274 1.005139 -7.597647 0.070325 0.565440 0.041907 0.820717
1520616765.462948561 -3.263366 0.933450 -7.638301 0.065330 0.572928 0.044708 0.815774
1520616765.512949467 -3.420947 0.889174 -7.667505 0.062789 0.580720 0.045673 0.810393
1520616765.562951326 -3.527495 0.859133 -7.722854 0.061429 0.585787 0.044230 0.806922
1520616765.612954378 -3.458980 0.797426 -7.864402 0.056978 0.581512 0.046299 0.810218
1520616765.662954569 -3.266335 0.832869 -8.039494 0.056811 0.570625 0.051092 0.817649
1520616765.712478876 -3.042929 1.001630 -8.196804 0.065139 0.558478 0.052527 0.825288
1520616765.762481213 -2.819994 1.150808 -8.344087 0.071578 0.546472 0.054136 0.832655
1520616765.812484026 -2.568787 1.219142 -8.508235 0.072553 0.533341 0.057068 0.840849
1520616765.862483263 -2.391439 1.286620 -8.639773 0.074701 0.523950 0.056238 0.846601
1520616765.912485123 -2.275690 1.336436 -8.752116 0.078238 0.518257 0.049051 0.850225
1520616765.962517023 -2.174550 1.279677 -8.877799 0.076440 0.513379 0.041347 0.853750
1520616766.012488127 -2.037554 1.149557 -9.023784 0.070225 0.507037 0.036054 0.858302
1520616766.062489033 -1.987582 1.045764 -9.142881 0.065408 0.504366 0.032408 0.860399
1520616766.111555099 -1.980641 0.965474 -9.237402 0.062286 0.504286 0.027799 0.860839
1520616766.161556244 -2.069221 0.896973 -9.313354 0.058471 0.508255 0.026894 0.858798
1520616766.211558104 -2.166333 0.885468 -9.378798 0.055333 0.512302 0.032397 0.856408
1520616766.261559963 -2.266149 0.928954 -9.432457 0.053698 0.516511 0.042358 0.853545
1520616766.311561108 -2.447050 0.986974 -9.459261 0.054454 0.524510 0.047239 0.848347
1520616766.361563206 -2.669552 1.025270 -9.474019 0.055086 0.534335 0.049127 0.842044
1520616766.411564112 -2.891891 0.958296 -9.499240 0.050500 0.544136 0.051225 0.835908
1520616766.461566210 -3.072709 0.836568 -9.533802 0.043446 0.552411 0.053046 0.830747
1520616766.510795593 -3.280731 0.715927 -9.554712 0.037029 0.561687 0.054206 0.824741
1520616766.560797453 -3.478644 0.602385 -9.572878 0.031894 0.570299 0.055095 0.818967
1520616766.610798359 -3.656426 0.544777 -9.594192 0.028620 0.577727 0.057797 0.813678
1520616766.660800457 -3.740567 0.473649 -9.650451 0.025027 0.581315 0.058669 0.811175
1520616766.710802317 -3.767103 0.471965 -9.725191 0.025162 0.582239 0.058244 0.810539
1520616766.760803223 -3.792664 0.622364 -9.787086 0.030991 0.582974 0.061688 0.809552
1520616766.810805559 -3.798552 0.767775 -9.849612 0.037178 0.582892 0.062462 0.809292
1520616766.860806465 -3.710843 0.828913 -9.955837 0.038676 0.579032 0.063767 0.811886
1520616766.910776615 -3.648867 0.869802 -10.055701 0.040092 0.576619 0.061635 0.813698
1520616766.960778475 -3.690444 0.892609 -10.115515 0.042775 0.578642 0.053568 0.812696
1520616767.010780334 -3.822797 0.797932 -10.157721 0.040397 0.584424 0.045098 0.809187
1520616767.060781479 -4.012665 0.606175 -10.179867 0.033094 0.592393 0.038973 0.804025
1520616767.110782385 -4.261468 0.437457 -10.171753 0.026643 0.602446 0.034842 0.796954
1520616767.160784483 -4.632166 0.351393 -10.097961 0.024350 0.616996 0.030657 0.785992
1520616767.210786581 -5.068567 0.307709 -9.968766 0.022928 0.633993 0.029818 0.772424
1520616767.260787487 -5.475562 0.247017 -9.836033 0.019322 0.649635 0.034542 0.759215
1520616767.310789347 -5.895521 0.230440 -9.668624 0.017542 0.665778 0.041072 0.744812
1520616767.361924648 -6.427176 0.354091 -9.389811 0.023053 0.685938 0.045065 0.725897
1520616767.411925554 -6.935105 0.537519 -9.083952 0.030748 0.705048 0.051177 0.706642
1520616767.461927652 -7.398839 0.614186 -8.776470 0.034407 0.722838 0.055733 0.687906
1520616767.511929512 -7.830532 0.549394 -8.474249 0.032352 0.739503 0.058412 0.669833
1520616767.561930418 -8.206093 0.311778 -8.201969 0.023307 0.754423 0.058831 0.653331
1520616767.611988544 -8.589302 0.049866 -7.886488 0.013423 0.769836 0.059330 0.635337
1520616767.661933661 -8.942897 -0.202934 -7.562974 0.004168 0.784250 0.061171 0.617408
1520616767.711935520 -9.245339 -0.385289 -7.262514 -0.002509 0.796600 0.066259 0.600860
1520616767.762353420 -9.528891 -0.494719 -6.956152 -0.005506 0.808485 0.067640 0.584591
1520616767.812355280 -9.808807 -0.578982 -6.619932 -0.007825 0.820418 0.069746 0.567440
1520616767.862357616 -10.075996 -0.665871 -6.268868 -0.010542 0.832133 0.068652 0.550210
1520616767.912358284 -10.317748 -0.766301 -5.920120 -0.014149 0.843194 0.063574 0.533650
1520616767.962360620 -10.605938 -0.899143 -5.433975 -0.018924 0.856938 0.058862 0.511697
1520616768.012361526 -10.940228 -0.966640 -4.772038 -0.020540 0.873605 0.054744 0.483110
1520616768.062363386 -11.266041 -0.935973 -4.009045 -0.017891 0.890921 0.050945 0.450936
1520616768.112364531 -11.532949 -0.877561 -3.266770 -0.013898 0.906256 0.049164 0.419630
1520616768.160436153 -11.716797 -0.835839 -2.630624 -0.010288 0.918267 0.050968 0.392533
1520616768.210437059 -11.894663 -0.706096 -1.872836 -0.002181 0.931325 0.052327 0.360404
1520616768.260439396 -11.999193 -0.608036 -1.228964 0.003895 0.941429 0.052970 0.333001
1520616768.310441256 -12.064658 -0.511842 -0.575013 0.009176 0.950845 0.050817 0.305330
1520616768.360442162 -12.082539 -0.405730 0.211249 0.014009 0.960927 0.046323 0.272539
1520616768.410444260 -12.035883 -0.271387 1.118448 0.020025 0.971012 0.041699 0.234510
1520616768.460445166 -11.920430 -0.196056 1.957587 0.024868 0.978864 0.042388 0.198519
1520616768.510447025 -11.767850 -0.258677 2.668553 0.025197 0.984558 0.046853 0.166778
1520616768.559714317 -11.612560 -0.403220 3.221649 0.021049 0.988581 0.048486 0.141114
1520616768.609716177 -11.433114 -0.491131 3.764437 0.018585 0.991918 0.048894 0.115600
1520616768.659717321 -11.269531 -0.526813 4.196994 0.017816 0.994200 0.047880 0.094637
1520616768.709719181 -11.124835 -0.529807 4.546452 0.018327 0.995746 0.046919 0.077157
1520616768.759721279 -11.005137 -0.486150 4.812523 0.020164 0.996788 0.044646 0.063351
1520616768.809722424 -10.920305 -0.464821 4.972373 0.020586 0.997417 0.042501 0.054123
1520616768.859723330 -10.873285 -0.422314 5.061292 0.022116 0.997717 0.041880 0.048134
1520616768.909724236 -10.842721 -0.304382 5.104959 0.025349 0.997976 0.037792 0.044411
1520616768.959624052 -10.857674 -0.209209 5.058435 0.025855 0.998167 0.031228 0.044924
1520616769.009624720 -10.830483 -0.115208 5.083398 0.025121 0.998548 0.022191 0.042167
1520616769.059627056 -10.643960 -0.007516 5.427652 0.024786 0.999324 0.011785 0.024460
1520616769.109628916 -10.347460 0.011757 5.933588 0.020625 0.999784 0.001900 -0.001473
1520616769.159633875 -9.958215 -0.004118 6.528033 0.015640 0.999327 -0.005935 -0.032656
1520616769.209631920 -9.553937 -0.080427 7.067904 0.009258 0.997960 -0.010582 -0.062278
1520616769.259711981 -9.136626 -0.164975 7.556687 0.004909 0.995822 -0.011197 -0.090496
1520616769.309634924 -8.651024 -0.242658 8.063797 0.002227 0.992600 -0.009422 -0.121041
1520616769.359636068 -8.093971 -0.319026 8.579049 -0.001112 0.988068 -0.008475 -0.153781
1520616769.409698486 -7.449579 -0.380095 9.097876 -0.004001 0.981908 -0.007726 -0.189161
1520616769.459700584 -6.578163 -0.325762 9.708068 -0.001376 0.972195 -0.007668 -0.234043
1520616769.509701729 -5.656259 -0.277521 10.234240 0.001817 0.960465 -0.006886 -0.278309
1520616769.559703588 -4.778092 -0.352415 10.632969 0.000874 0.948079 -0.003026 -0.318019
1520616769.609704494 -3.951134 -0.450194 10.927519 0.000771 0.935283 0.002414 -0.353892
1520616769.659706593 -3.207893 -0.505336 11.128222 0.000418 0.922934 0.004695 -0.384929
1520616769.709707499 -2.503488 -0.489149 11.270285 -0.000436 0.910548 0.002720 -0.413393
1520616769.759709597 -1.851750 -0.401864 11.361266 0.001934 0.898384 -0.000886 -0.439206
1520616769.810701132 -1.752936 -0.388740 11.369237 0.004303 0.885471 -0.004491 -0.464652
1520616769.860703230 -1.752936 -0.388740 11.369237 0.004303 0.885471 -0.004491 -0.464652
1520616769.910705090 -1.772699 -0.391365 11.367643 0.004303 0.885471 -0.004491 -0.464652
1520616769.960705996 -1.788509 -0.393465 11.366367 0.004303 0.885471 -0.004491 -0.464652
1520616770.010708332 -1.801157 -0.395144 11.365347 0.004303 0.885471 -0.004491 -0.464652
1520616770.060710192 0.056950 0.040346 -0.997561 -0.003567 0.055405 -0.025793 0.998124
1520616770.110711336 0.039666 0.070188 -1.240037 -0.010826 0.068082 -0.031885 0.997111
1520616770.160712242 0.032716 0.068690 -1.489694 -0.014314 0.080601 -0.035736 0.996003
1520616770.211903811 0.027403 0.067451 -1.589545 -0.017800 0.093105 -0.039580 0.994710
1520616770.261905670 0.027403 0.067451 -1.589545 -0.017800 0.093105 -0.039580 0.994710
1520616770.311907768 0.028466 0.067699 -1.569575 -0.017800 0.093105 -0.039580 0.994710
1520616770.361908674 0.029316 0.067897 -1.553599 -0.017800 0.093105 -0.039580 0.994710
1520616770.411910772 0.029996 0.068056 -1.540818 -0.017800 0.093105 -0.039580 0.994710
1520616770.461911917 0.030540 0.068183 -1.530593 -0.017800 0.093105 -0.039580 0.994710
1520616770.511913776 -0.120915 -0.253208 -0.959826 -0.020329 -0.007349 -0.013445 0.999676
1520616770.561914682 -0.123290 -0.270278 -1.152577 -0.028818 -0.019050 -0.009068 0.999362
1520616770.612808228 -0.136339 -0.356881 -1.308419 -0.045711 -0.028105 -0.007141 0.998534
1520616770.662810326 -0.153689 -0.427243 -1.476593 -0.059988 -0.039506 -0.006168 0.997398
1520616770.712812185 -0.123071 -0.511380 -1.655176 -0.072858 -0.059053 -0.004175 0.995584
1520616770.762813091 -0.085564 -0.604684 -1.835797 -0.083675 -0.081659 -0.002060 0.993139
1520616770.812815428 -0.017077 -0.691596 -2.024706 -0.091365 -0.108134 -0.000161 0.989929
1520616770.862817287 0.095840 -0.773286 -2.216496 -0.097101 -0.140168 -0.001437 0.985354
1520616770.912921429 0.243080 -0.845184 -2.408020 -0.100797 -0.178446 -0.005090 0.978760
1520616770.962820292 0.419826 -0.917119 -2.577426 -0.106868 -0.220862 -0.011154 0.969368
1520616771.012594700 0.560388 -0.968978 -2.739270 -0.114080 -0.259628 -0.017864 0.958780
1520616771.062596798 0.749447 -0.964710 -2.880444 -0.120160 -0.302722 -0.027581 0.945072
1520616771.112597704 1.006911 -0.949095 -3.005926 -0.123342 -0.352875 -0.028216 0.927076
1520616771.162599564 1.278601 -0.912167 -3.099108 -0.123967 -0.402678 -0.030008 0.906412
1520616771.212600946 1.572272 -0.871399 -3.171658 -0.121137 -0.451088 -0.036727 0.883457
1520616771.262602806 1.876715 -0.818253 -3.213542 -0.117318 -0.498319 -0.047222 0.857720
1520616771.312603712 2.184574 -0.823636 -3.211367 -0.118548 -0.544145 -0.059500 0.828440
1520616771.362605810 2.471892 -0.874021 -3.170942 -0.125683 -0.585796 -0.069797 0.797606
1520616771.411128283 2.700788 -1.065304 -3.124200 -0.138542 -0.622661 -0.073831 0.766583
1520616771.461130142 2.974648 -1.209490 -3.005560 -0.154173 -0.659993 -0.071949 0.731754
1520616771.511132240 3.237289 -1.298803 -2.829828 0.166666 0.697049 0.067508 -0.694109
1520616771.561133385 3.500877 -1.359032 -2.604218 0.172561 0.734076 0.063936 -0.653657
1520616771.611135244 3.745496 -1.351963 -2.353056 0.170886 0.769216 0.069224 -0.611810
1520616771.661136150 3.943318 -1.332971 -2.088848 0.164659 0.802079 0.078376 -0.568695
1520616771.711138248 4.120674 -1.306382 -1.801475 0.156728 0.832729 0.084010 -0.524348
1520616771.761139154 4.264838 -1.289792 -1.468215 0.150741 0.862459 0.087212 -0.475222
1520616771.811141014 4.352025 -1.301289 -1.098562 0.147672 0.889994 0.086883 -0.422558
1520616771.860009193 4.652812 -1.236309 -0.528917 0.128795 0.925196 0.070189 -0.349997
1520616771.910011292 4.684355 -1.220728 -0.435310 0.108999 0.953792 0.052994 -0.274939
1520616771.960012197 4.684355 -1.220728 -0.435310 0.108999 0.953792 0.052994 -0.274939
1520616772.010014296 -0.328522 -0.067007 -0.942116 -0.004034 -0.056614 0.001289 0.998387
1520616772.060015440 -0.627259 -0.278300 -1.983143 -0.006312 -0.110658 0.000875 0.993838
1520616772.110017300 -0.841931 -0.461397 -3.020349 -0.008674 -0.159578 0.000030 0.987147
1520616772.160018444 -1.023773 -0.746379 -4.125901 -0.012548 -0.205384 0.004485 0.978591
1520616772.210020304 -1.029203 -1.098126 -5.293258 -0.017449 -0.248143 0.011184 0.968502
1520616772.259750128 -0.803877 -1.496103 -6.569520 -0.025191 -0.286141 0.011011 0.957793
1520616772.309751987 -0.641989 -2.021739 -7.748900 -0.035016 -0.320687 0.009441 0.946491
1520616772.359752893 -0.336747 -2.691518 -8.944003 -0.046351 -0.353362 0.009372 0.934291
1520616772.409755230 0.095877 -2.680866 -9.657343 -0.046242 -0.382168 0.009959 0.922882
1520616772.459757090 0.401429 -2.729716 -10.365166 -0.046934 -0.404652 0.012616 0.913178
1520616772.509758949 0.631481 -2.839142 -11.055634 -0.046938 -0.420367 0.020847 0.905900
1520616772.559759140 0.706321 -2.843107 -11.735561 -0.043527 -0.430189 0.032738 0.901095
1520616772.609761000 0.752517 -2.742042 -12.424139 -0.039546 -0.439305 0.040305 0.896562
1520616772.659722090 0.780575 -2.689566 -13.107201 -0.036840 -0.448720 0.044529 0.891802
1520616772.709722996 0.973527 -2.537373 -13.808381 -0.033106 -0.461716 0.045742 0.885229
1520616772.759724855 1.361959 -2.410135 -14.506156 -0.030643 -0.478300 0.044025 0.876557
1520616772.809726000 1.885920 -2.380987 -15.186090 -0.031181 -0.496454 0.040406 0.866561
1520616772.859727859 2.532476 -2.378742 -15.862329 -0.033458 -0.517048 0.035560 0.854563
1520616772.909729004 3.227661 -2.500857 -16.517813 -0.034938 -0.537962 0.033580 0.841575
1520616772.959730864 4.045610 -2.440643 -17.178734 -0.035200 -0.559473 0.027451 0.827646
1520616773.009731770 4.862474 -2.385798 -17.812178 -0.036138 -0.580535 0.020423 0.813176
1520616773.060005426 5.912393 -2.633179 -18.330948 -0.042539 -0.603418 0.016841 0.796111
1520616773.110007286 6.754630 -2.820986 -18.825399 -0.050608 -0.622418 0.013491 0.780931
1520616773.160008430 7.626672 -2.919400 -19.252076 -0.055839 -0.641939 0.014260 0.764586
1520616773.210010290 8.619019 -2.839507 -19.612479 -0.058529 -0.662136 0.013372 0.746975
1520616773.260011196 9.530597 -2.630653 -19.954872 -0.058786 -0.680083 0.008971 0.730719
1520616773.310013533 10.366679 -2.389032 -20.284529 -0.058543 -0.696606 0.001481 0.715060
1520616773.360015392 11.287123 -2.293318 -20.575377 0.061608 0.713046 0.008744 -0.698350
1520616773.410016298 12.084949 -2.306789 -20.923703 0.065604 0.726914 0.017234 -0.683370
1520616773.461805344 12.178138 -2.309657 -20.959864 0.069567 0.740415 0.025715 -0.668045
1520616773.511806250 12.178138 -2.309657 -20.959864 0.069567 0.740415 0.025715 -0.668045
1520616773.561808348 12.159500 -2.309083 -20.952632 0.069567 0.740415 0.025715 -0.668045
1520616773.611810207 12.144590 -2.308625 -20.946846 0.069567 0.740415 0.025715 -0.668045
1520616773.661811113 12.132662 -2.308258 -20.942217 0.069567 0.740415 0.025715 -0.668045
1520616773.711813450 12.123119 -2.307964 -20.938514 0.069567 0.740415 0.025715 -0.668045
1520616773.761815310 12.115485 -2.307729 -20.935552 0.069567 0.740415 0.025715 -0.668045
1520616773.811816216 12.109378 -2.307541 -20.933182 0.069567 0.740415 0.025715 -0.668045
1520616773.863090992 12.104492 -2.307391 -20.931286 0.069567 0.740415 0.025715 -0.668045
1520616773.913092852 12.104492 -2.307391 -20.931286 0.069567 0.740415 0.025715 -0.668045
1520616773.963093758 12.100584 -2.307270 -20.929770 0.069567 0.740415 0.025715 -0.668045
1520616774.013095856 12.097457 -2.307174 -20.928556 0.069567 0.740415 0.025715 -0.668045
1520616774.063096762 12.094955 -2.307097 -20.927585 0.069567 0.740415 0.025715 -0.668045
1520616774.113098860 12.092954 -2.307036 -20.926809 0.069567 0.740415 0.025715 -0.668045
1520616774.163100958 12.091353 -2.306986 -20.926188 0.069567 0.740415 0.025715 -0.668045
1520616774.213101864 12.090072 -2.306947 -20.925691 0.069567 0.740415 0.025715 -0.668045
1520616774.263103724 12.089048 -2.306916 -20.925293 0.069567 0.740415 0.025715 -0.668045
1520616774.312895060 12.088228 -2.306890 -20.924975 0.069567 0.740415 0.025715 -0.668045
1520616774.362896919 12.087572 -2.306870 -20.924720 0.069567 0.740415 0.025715 -0.668045
1520616774.412898064 0.195529 0.117845 -0.973592 -0.002211 -0.002898 0.045594 0.998953
1520616774.462899923 0.192659 0.133990 -1.071926 -0.002826 0.006189 0.041804 0.999103
1520616774.512900829 0.181227 0.136607 -1.176991 -0.007082 0.017901 0.042828 0.998897
1520616774.562902927 0.158328 0.128952 -1.281686 -0.012578 0.033733 0.045499 0.998315
1520616774.612903833 0.127696 0.122099 -1.381970 -0.016237 0.052012 0.049790 0.997272
1520616774.662905931 0.078094 0.120909 -1.488250 -0.019102 0.074875 0.051220 0.995693
1520616774.713839531 0.020255 0.102686 -1.582868 -0.023154 0.100922 0.054938 0.993106
1520616774.763840675 -0.065791 0.111003 -1.683310 -0.023499 0.129064 0.060621 0.989503
1520616774.813842773 -0.149359 0.132554 -1.764775 -0.019083 0.156953 0.064095 0.985339
1520616774.863843679 -0.235961 0.151323 -1.844974 -0.014711 0.186681 0.065171 0.980146
1520616774.913845778 -0.331984 0.186897 -1.923726 -0.010282 0.217215 0.061772 0.974113
1520616774.963847637 -0.422351 0.216463 -2.002957 -0.008755 0.246935 0.054123 0.967480
1520616775.013848543 -0.512956 0.227608 -2.088582 -0.012939 0.275117 0.044624 0.960287
1520616775.063850641 -0.600324 0.195413 -2.173839 -0.022460 0.298769 0.034042 0.953453
1520616775.116383314 -0.622282 0.178498 -2.282526 -0.029484 0.316911 0.022781 0.947723
1520616775.166384220 -0.651298 0.211275 -2.357312 -0.026809 0.331691 0.011974 0.942931
1520616775.216386080 -0.681957 0.265676 -2.439665 -0.021917 0.339051 0.008466 0.940475
1520616775.266387224 -0.645479 0.299263 -2.521409 -0.013935 0.338869 0.001538 0.940729
1520616775.316389084 -0.646691 0.317308 -2.611305 -0.005743 0.338721 -0.008120 0.940834
1520616775.366390944 -0.628337 0.382609 -2.708550 0.003259 0.338415 -0.018384 0.940812
1520616775.416392088 -0.611613 0.432270 -2.809082 0.007371 0.333807 -0.025927 0.942256
1520616775.466395140 -0.571122 0.463471 -2.920272 0.008438 0.326027 -0.033520 0.944728
1520616775.518124104 -0.517124 0.424747 -3.039514 0.007708 0.318144 -0.047548 0.946818
1520616775.568128109 -0.467548 0.408426 -3.150572 0.007624 0.310724 -0.062301 0.948426
1520616775.618127108 -0.398538 0.374561 -3.261281 0.005399 0.301345 -0.075177 0.950532
1520616775.668128014 -0.338377 0.325396 -3.371303 0.001569 0.291700 -0.085648 0.952666
1520616775.718130112 -0.273063 0.290276 -3.471877 -0.002381 0.280638 -0.092234 0.955369
1520616775.768131018 -0.200611 0.246814 -3.568953 -0.006471 0.270374 -0.097632 0.957770
1520616775.818147182 -0.130181 0.242977 -3.666298 -0.007219 0.260004 -0.102531 0.960121
1520616775.868135214 -0.038993 0.211826 -3.758753 -0.011052 0.247036 -0.102793 0.963475
1520616775.918136120 0.053255 0.186441 -3.848264 -0.016392 0.234252 -0.101547 0.966719
1520616775.968137980 0.165734 0.177673 -3.933621 -0.021141 0.219710 -0.097533 0.970447
1520616776.018139124 0.285974 0.159000 -4.011510 -0.025461 0.203623 -0.094424 0.974153
1520616776.068140984 0.427481 0.109654 -4.088570 -0.029793 0.185397 -0.096104 0.977499
1520616776.118142128 0.591125 0.051866 -4.158548 -0.034789 0.165152 -0.097669 0.980803
1520616776.168144226 0.759973 -0.027012 -4.223301 -0.041680 0.143194 -0.096501 0.984096
1520616776.218145132 0.931513 -0.114541 -4.280240 -0.048803 0.121532 -0.096038 0.986724
1520616776.268147230 1.131515 -0.154700 -4.321068 -0.052328 0.097759 -0.091429 0.989619
1520616776.318193436 1.320932 -0.164058 -4.357298 -0.052525 0.074788 -0.085996 0.992095
1520616776.368176222 1.478366 -0.116782 -4.393711 -0.047336 0.057261 -0.082282 0.993836
1520616776.418178082 1.608165 -0.022981 -4.429671 -0.038808 0.042923 -0.075486 0.995466
1520616776.468179226 1.736687 0.080173 -4.462175 -0.031240 0.028731 -0.066123 0.996908
1520616776.518181086 1.828884 0.153074 -4.503893 -0.027752 0.018575 -0.057513 0.997786
1520616776.568181992 1.866388 0.156740 -4.573421 -0.028791 0.014069 -0.052952 0.998083
1520616776.618184090 1.886446 0.158849 -4.658643 -0.030282 0.013021 -0.049161 0.998247
1520616776.668186188 1.841115 0.130538 -4.761058 -0.033421 0.018443 -0.047687 0.998133
1520616776.718187094 1.736662 0.127902 -4.886817 -0.036274 0.029624 -0.041156 0.998055
1520616776.767155170 1.570994 0.106384 -5.017837 -0.039983 0.046608 -0.035873 0.997468
1520616776.817157030 1.308737 0.101154 -5.175457 -0.042870 0.072918 -0.029874 0.995968
1520616776.867158175 1.003642 0.124379 -5.322349 -0.043177 0.102108 -0.022739 0.993576
1520616776.917160273 0.691116 0.195921 -5.442628 -0.040139 0.130973 -0.012788 0.990491
1520616776.967161417 0.350361 0.242219 -5.544657 -0.038294 0.162406 -0.008474 0.985944
1520616777.017162323 -0.012921 0.237118 -5.623666 -0.039901 0.194733 -0.008643 0.980006
1520616777.067164183 -0.381465 0.204296 -5.676784 -0.043748 0.227446 -0.010579 0.972750
1520616777.117166281 -0.723783 0.144884 -5.711098 -0.049460 0.257351 -0.012400 0.964972
1520616777.166659117 -1.007510 0.080621 -5.737830 -0.054431 0.282382 -0.017469 0.957597
1520616777.216660976 -1.234552 0.035058 -5.764248 -0.057514 0.302206 -0.024736 0.951185
1520616777.266661882 -1.393507 0.018297 -5.798738 -0.057764 0.316102 -0.035718 0.946291
1520616777.316663980 -1.432617 0.013824 -5.863078 -0.056681 0.319990 -0.048802 0.944464
1520616777.366666079 -1.384352 0.033377 -5.947840 -0.054104 0.316439 -0.061175 0.945091
1520616777.416666985 -1.271349 0.091882 -6.044324 -0.048208 0.308469 -0.074140 0.947115
1520616777.466703892 -1.153231 0.168752 -6.138313 -0.040064 0.300503 -0.087785 0.948887
1520616777.516669989 -0.978702 0.262450 -6.237753 -0.030571 0.288007 -0.098497 0.952059
1520616777.566918135 -0.759669 0.335220 -6.338787 -0.022198 0.272311 -0.107515 0.955926
1520616777.616919041 -0.574233 0.421558 -6.423499 -0.012945 0.259796 -0.118566 0.958269
1520616777.666921139 -0.427512 0.467379 -6.503769 -0.006182 0.250005 -0.131214 0.959293
1520616777.716922045 -0.276602 0.461528 -6.586021 -0.003246 0.239468 -0.142575 0.960373
1520616777.766924143 -0.102584 0.390966 -6.674900 -0.004330 0.226591 -0.152820 0.961917
1520616777.816925287 0.080297 0.308445 -6.759328 -0.007115 0.213092 -0.161100 0.963633
1520616777.866927147 0.246097 0.117370 -6.838133 -0.016629 0.198729 -0.171785 0.964738
1520616777.916929007 0.498745 -0.109445 -6.903681 -0.027724 0.177455 -0.183342 0.966502
1520616777.965325832 0.800630 -0.314969 -6.945316 -0.036988 0.152953 -0.191751 0.968746
1520616778.015327692 1.139408 -0.463421 -6.964806 -0.041773 0.126708 -0.198650 0.970947
1520616778.065328598 1.527539 -0.572672 -6.954037 -0.043302 0.097241 -0.203900 0.973187
1520616778.115330935 1.926430 -0.641193 -6.914847 -0.041199 0.067436 -0.209566 0.974596
1520616778.165331602 2.360138 -0.701063 -6.842680 -0.037736 0.035108 -0.214258 0.975416
1520616778.215333700 2.836500 -0.800488 -6.720128 -0.036930 -0.001371 -0.215902 0.975715
1520616778.265335798 3.316254 -0.934587 -6.552724 -0.039114 -0.039702 -0.216048 0.974791
1520616778.315336704 3.763285 -1.103092 -6.352607 -0.044508 -0.076838 -0.215704 0.972413
1520616778.362357855 4.155328 -1.214591 -6.150614 -0.049712 -0.110269 -0.209952 0.970201
1520616778.412359715 4.617902 -1.345648 -5.843651 -0.055591 -0.150623 -0.205209 0.965459
1520616778.462360859 5.009390 -1.422678 -5.551392 -0.060508 -0.185675 -0.197836 0.960586
1520616778.512361765 5.402018 -1.366968 -5.241075 -0.061459 -0.220247 -0.182110 0.956321
1520616778.562363625 5.781739 -1.282043 -4.894429 -0.060693 -0.255502 -0.167272 0.950292
1520616778.612364769 6.106811 -1.191560 -4.559963 -0.061033 -0.287609 -0.152247 0.943598
1520616778.662366629 6.369431 -1.096368 -4.259403 -0.062357 -0.315277 -0.137378 0.936931
1520616778.712368727 6.615661 -0.948796 -3.960476 -0.061318 -0.341939 -0.120895 0.929894
1520616778.762369871 6.805142 -0.826212 -3.707833 -0.060759 -0.364566 -0.106751 0.923041
1520616778.810536385 6.964325 -0.693359 -3.506020 -0.059880 -0.382737 -0.092686 0.917244
1520616778.860534430 7.067673 -0.603188 -3.376183 -0.061807 -0.395617 -0.081166 0.912732
1520616778.910535574 7.136752 -0.496029 -3.315755 -0.067251 -0.404273 -0.064147 0.909904
1520616778.960536480 7.164811 -0.405735 -3.341984 -0.073930 -0.407326 -0.047415 0.909050
1520616779.010538578 7.153939 -0.315030 -3.454945 -0.078053 -0.404766 -0.033382 0.910471
1520616779.060540676 7.129755 -0.163044 -3.593541 -0.077216 -0.400397 -0.018984 0.912885
1520616779.110597610 7.063395 -0.031328 -3.798368 -0.074607 -0.391456 -0.008409 0.917129
1520616779.160543442 6.990490 0.101944 -4.001682 -0.070554 -0.382222 0.000919 0.921373
1520616779.209789038 6.919929 0.238562 -4.189433 -0.062833 -0.373223 0.005591 0.925595
1520616779.259790897 6.840440 0.363070 -4.372716 -0.054718 -0.364278 0.008929 0.929638
1520616779.309792042 6.776364 0.412223 -4.532835 -0.050071 -0.356575 0.009379 0.932877
1520616779.359793901 6.693231 0.442848 -4.716419 -0.047497 -0.347443 0.010777 0.936436
1520616779.409794807 6.593046 0.458888 -4.920794 -0.047737 -0.336823 0.015014 0.940237
1520616779.459796906 6.473980 0.498257 -5.139153 -0.048308 -0.325149 0.022275 0.944165
1520616779.509799004 6.357625 0.548951 -5.342147 -0.049077 -0.314546 0.031224 0.947458
1520616779.559799910 6.259997 0.604622 -5.518759 -0.047467 -0.305395 0.036268 0.950350
1520616779.609575510 6.141087 0.647677 -5.712970 -0.043754 -0.294314 0.036352 0.954014
1520616779.659576416 5.955608 0.709755 -5.963588 -0.040436 -0.278215 0.039268 0.958864
1520616779.709578276 5.781647 0.763250 -6.186310 -0.038961 -0.264040 0.044225 0.962709
1520616779.759579420 5.631593 0.817241 -6.374338 -0.037572 -0.252478 0.049603 0.965600
1520616779.809581280 5.465856 0.856219 -6.565116 -0.034529 -0.239614 0.049977 0.968966
1520616779.859583139 5.271867 0.871240 -6.772807 -0.033090 -0.225038 0.051052 0.972449
1520616779.909584284 5.037322 0.806814 -7.012793 -0.033772 -0.206430 0.045715 0.976809
1520616779.959586382 4.717043 0.719077 -7.299681 -0.034861 -0.182133 0.038817 0.981889
1520616780.010064602 4.316557 0.616328 -7.609438 -0.037675 -0.153409 0.033536 0.986875
1520616780.060065508 3.799460 0.490907 -7.938954 -0.042408 -0.119002 0.029616 0.991546
1520616780.110067606 3.237974 0.336245 -8.244060 -0.049931 -0.082605 0.029128 0.994904
1520616780.160068512 2.643505 0.120548 -8.509196 -0.060155 -0.045179 0.026446 0.996815
1520616780.210070610 1.991879 -0.065304 -8.730314 -0.068005 -0.005615 0.020108 0.997467
1520616780.260071754 1.242003 -0.225562 -8.905964 -0.074791 0.038604 0.013696 0.996358
1520616780.310073614 0.372344 -0.371172 -9.016503 -0.081725 0.087928 0.012865 0.992685
1520616780.360074520 -0.518104 -0.476797 -9.037763 -0.086710 0.137553 0.013669 0.986597
1520616780.411785364 -0.617180 -0.487997 -9.030104 -0.091476 0.186831 0.014438 0.978017
1520616780.461786270 -0.617180 -0.487997 -9.030104 -0.091476 0.186831 0.014438 0.978017
1520616780.511788607 0.491568 -0.118385 -0.862755 -0.008927 0.046359 0.004342 0.998875
1520616780.561790466 0.763744 -0.234516 -1.697730 -0.020323 0.096916 0.003680 0.995078
1520616780.611791372 0.961583 -0.383531 -2.513030 -0.033154 0.148776 0.002733 0.988311
1520616780.661796331 1.027415 -0.553760 -3.313329 -0.046555 0.201971 -0.000094 0.978284
1520616780.711794376 1.065885 -0.688306 -4.088298 -0.059361 0.260360 -0.006336 0.963664
1520616780.761875391 1.088097 -1.024037 -4.841607 -0.077575 0.319325 -0.012307 0.944385
1520616780.810660362 1.079250 -1.068297 -4.930841 -0.095462 0.376944 -0.018227 0.921123
1520616780.860662460 1.079250 -1.068297 -4.930841 -0.095462 0.376944 -0.018227 0.921123
1520616780.910663366 0.713363 -0.093004 -0.694595 -0.012549 0.067521 -0.002922 0.997635
1520616780.960665226 1.283398 -0.310788 -1.479791 -0.023316 0.138767 -0.011089 0.989988
1520616781.010666609 1.560795 -0.553497 -2.375732 -0.029698 0.213640 -0.021847 0.976217
1520616781.060668468 1.544761 -0.818120 -3.356988 -0.034942 0.287543 -0.033984 0.956527
1520616781.110670567 1.218928 -1.126325 -4.240295 -0.046426 0.361657 -0.040874 0.930257
1520616781.160671473 0.665865 -1.443048 -4.954360 -0.058602 0.433581 -0.049411 0.897848
1520616781.210673332 -0.219256 -1.682073 -5.343261 -0.066639 0.505544 -0.063689 0.857862
1520616781.261108637 -1.151611 -1.924748 -5.500459 -0.073706 0.571344 -0.080621 0.813409
1520616781.311110735 -2.066260 -2.046503 -5.529086 -0.080764 0.629170 -0.090691 0.767723
1520616781.361111879 -2.857060 -2.117463 -5.432870 -0.087522 0.677075 -0.098951 0.723960
1520616781.411113739 -3.632915 -2.110473 -5.214719 -0.088810 0.718630 -0.108059 0.681181
1520616781.461115837 -4.251049 -2.050351 -4.992179 -0.089148 0.753999 -0.114855 0.640583
1520616781.511116743 -4.773371 -1.981080 -4.732819 -0.088188 0.783362 -0.121047 0.603253
1520616781.561118603 -5.190908 -1.914846 -4.493817 -0.082083 0.808032 -0.129350 0.568873
1520616781.611119986 -5.459603 -1.649282 -4.342357 -0.074261 0.827768 -0.126555 0.541543
1520616781.664535999 -5.521733 -1.583326 -4.300052 -0.066351 0.846507 -0.123606 0.513561
1520616781.714537144 -5.521733 -1.583326 -4.300052 -0.066351 0.846507 -0.123606 0.513561
1520616781.764540195 -5.509307 -1.596517 -4.308513 -0.066351 0.846507 -0.123606 0.513561
1520616781.814541101 -5.499367 -1.607070 -4.315282 -0.066351 0.846507 -0.123606 0.513561
1520616781.864543200 -5.491414 -1.615512 -4.320697 -0.066351 0.846507 -0.123606 0.513561
1520616781.914544106 0.513654 -0.082726 -0.854000 -0.003825 0.005838 -0.057859 0.998300
1520616781.964545250 0.591675 -0.121961 -1.072227 -0.002993 0.005985 -0.068637 0.997619
1520616782.014547110 0.646239 -0.152491 -1.293047 0.000156 0.004525 -0.075269 0.997153
1520616782.066580296 0.728112 -0.181912 -1.556798 0.006239 -0.001615 -0.082576 0.996564
1520616782.116582394 0.774573 -0.218209 -1.790428 0.014171 -0.012100 -0.089642 0.995800
1520616782.166584253 0.854847 -0.234565 -2.022084 0.022854 -0.028621 -0.096120 0.994696
1520616782.216585159 0.950364 -0.256589 -2.256286 0.028371 -0.049926 -0.101530 0.993174
1520616782.266587496 1.070376 -0.278650 -2.491444 0.028547 -0.075378 -0.109244 0.990742
1520616782.316588402 1.187093 -0.354665 -2.726001 0.024506 -0.104569 -0.112644 0.987814
1520616782.366590261 1.384477 -0.359463 -2.920885 0.021076 -0.139405 -0.107571 0.984150
1520616782.416692257 1.592275 -0.341111 -3.094381 0.015853 -0.174046 -0.100602 0.979457
1520616782.467311859 1.796601 -0.352902 -3.245108 0.008944 -0.209068 -0.089859 0.973723
1520616782.517313004 2.035469 -0.291409 -3.389414 0.004203 -0.242206 -0.082443 0.966707
1520616782.567314863 2.246908 -0.362739 -3.555406 -0.003012 -0.273061 -0.073173 0.959205
1520616782.617315769 2.452591 -0.409613 -3.713514 -0.009078 -0.301342 -0.064142 0.951313
1520616782.667318106 2.693273 -0.479677 -3.859384 -0.015068 -0.328859 -0.057807 0.942488
1520616782.717319965 2.922055 -0.554597 -4.006070 -0.018788 -0.354005 -0.050643 0.933682
1520616782.767320871 3.132124 -0.580949 -4.160710 -0.019790 -0.376326 -0.044014 0.925230
1520616782.817322969 3.345635 -0.620795 -4.293216 -0.022386 -0.397511 -0.037791 0.916546
1520616782.868397474 3.568250 -0.673067 -4.427897 -0.027693 -0.416861 -0.030920 0.908022
1520616782.918399572 3.738166 -0.706565 -4.580835 -0.033079 -0.430279 -0.020536 0.901856
1520616782.968400478 3.911317 -0.695293 -4.730803 -0.037530 -0.442208 -0.010525 0.896065
1520616783.018402576 4.012587 -0.687320 -4.926744 -0.040415 -0.449277 0.004172 0.892468
1520616783.068404436 4.114898 -0.650838 -5.140513 -0.041024 -0.454581 0.018228 0.889573
1520616783.118405342 4.105209 -0.576710 -5.408543 -0.038475 -0.453278 0.031137 0.889994
1520616783.168407440 4.116746 -0.491504 -5.697779 -0.034620 -0.449310 0.048194 0.891403
1520616783.218408346 3.912645 -0.529231 -6.105136 -0.034112 -0.434067 0.066461 0.897778
1520616783.268410444 3.706403 -0.559078 -6.532740 -0.033515 -0.414118 0.084723 0.905652
1520616783.318411589 3.326682 -0.662952 -7.004650 -0.035635 -0.383733 0.103279 0.916958
1520616783.368413448 2.791789 -0.830407 -7.500177 -0.040346 -0.344941 0.120030 0.930044
1520616783.418414354 2.137565 -1.202931 -7.935970 -0.054139 -0.297754 0.139372 0.942861
1520616783.468417645 1.459572 -1.624764 -8.282963 -0.071497 -0.247069 0.164737 0.952212
1520616783.518418550 0.582644 -2.100966 -8.534066 -0.090832 -0.187366 0.181605 0.961074
1520616783.568419218 -0.360607 -2.580274 -8.617037 -0.108291 -0.123956 0.194933 0.966907
1520616783.618421555 -1.342476 -2.992184 -8.597747 -0.121225 -0.061119 0.199629 0.970421
1520616783.668423414 -2.311690 -3.305121 -8.463886 -0.130250 -0.000921 0.197922 0.971525
1520616783.718424559 -3.168910 -3.533602 -8.272379 -0.135644 0.052494 0.194239 0.970111
1520616783.768426418 -3.872606 -3.602745 -8.061809 -0.136515 0.096518 0.189053 0.967630
1520616783.818427324 -4.503394 -3.648947 -7.825798 -0.136495 0.136501 0.183413 0.963896
1520616783.868429661 -5.017349 -3.741157 -7.590436 -0.138773 0.170687 0.177023 0.959308
1520616783.918430567 -5.414815 -3.766231 -7.410390 -0.140225 0.197441 0.170122 0.955203
1520616783.968432426 -5.795922 -3.717806 -7.255693 -0.140646 0.220734 0.155867 0.952471
1520616784.018434525 -6.144490 -3.576865 -7.128904 -0.138759 0.240985 0.138438 0.950530
1520616784.068435431 -6.589340 -3.377708 -6.908002 -0.133688 0.267400 0.121040 0.946559
1520616784.118436337 -7.029984 -3.170020 -6.638435 -0.128017 0.295143 0.105776 0.940911
1520616784.168438435 -7.432365 -2.965504 -6.367610 -0.121604 0.321396 0.092872 0.934501
1520616784.218439341 -7.870157 -2.653481 -6.024432 -0.111838 0.350671 0.076989 0.926604
1520616784.268441439 -8.293109 -2.272073 -5.634182 -0.099561 0.381176 0.059063 0.917226
1520616784.318443537 -8.657703 -1.871182 -5.311841 -0.086457 0.407021 0.040817 0.908401
1520616784.368444443 -8.940897 -1.411702 -5.094852 -0.072509 0.426457 0.018240 0.901413
1520616784.418446302 -9.167259 -0.876877 -4.929816 -0.057585 0.442397 -0.009339 0.894920
1520616784.468447447 -9.291767 -0.406489 -4.910077 -0.046873 0.450433 -0.036907 0.890815
1520616784.518264294 -9.288315 -0.049417 -5.075915 -0.040825 0.448832 -0.060272 0.890646
1520616784.568265200 -9.235217 0.272134 -5.373260 -0.036323 0.441197 -0.084867 0.892650
1520616784.618267298 -9.033324 0.629911 -5.831391 -0.028212 0.425120 -0.107473 0.898291
1520616784.668269396 -8.764941 0.869699 -6.334576 -0.022829 0.405866 -0.126254 0.904882
1520616784.718270302 -8.412101 1.025221 -6.924842 -0.018455 0.381177 -0.140494 0.913578
1520616784.768272400 -7.959542 1.044322 -7.586023 -0.017289 0.350950 -0.151255 0.923936
1520616784.818273306 -7.407595 1.068627 -8.270181 -0.015328 0.317048 -0.163180 0.934140
1520616784.868275166 -6.790423 1.046539 -8.916738 -0.012583 0.282106 -0.170731 0.943986
1520616784.918461323 -6.180120 0.977169 -9.491159 -0.010129 0.249200 -0.176410 0.952196
1520616784.968463421 -5.520072 0.853942 -10.014972 -0.007489 0.215764 -0.178539 0.959955
1520616785.018465519 -4.870563 0.807455 -10.477646 -0.002971 0.184336 -0.180073 0.966222
1520616785.068466425 -4.342817 0.731983 -10.828740 -0.000926 0.157586 -0.182585 0.970478
1520616785.118468285 -3.735762 0.558436 -11.175515 -0.001774 0.128104 -0.181932 0.974929
1520616785.168469429 -3.107275 0.354771 -11.487221 -0.004727 0.098369 -0.182111 0.978334
1520616785.218471527 -2.410167 0.054765 -11.770789 -0.010387 0.066075 -0.178055 0.981745
1520616785.268473387 -1.722053 -0.191006 -11.997283 -0.014467 0.035150 -0.172075 0.984350
1520616785.318474531 -1.121296 -0.327862 -12.170325 -0.015588 0.008961 -0.168752 0.985495
1520616785.368476391 -0.556521 -0.427639 -12.309185 -0.015423 -0.014922 -0.167357 0.985663
1520616785.418477535 -0.046395 -0.544212 -12.419452 -0.015971 -0.036667 -0.167433 0.985072
1520616785.468479395 0.387819 -0.683304 -12.506448 -0.017880 -0.055857 -0.169801 0.983732
1520616785.518480301 0.842584 -0.838385 -12.573050 -0.020286 -0.075109 -0.172005 0.982019
1520616785.568482637 1.211295 -1.044949 -12.627035 -0.025021 -0.091683 -0.175919 0.979806
1520616785.618483543 1.522654 -1.283636 -12.667761 -0.031553 -0.106754 -0.182940 0.976801
1520616785.668485403 1.949954 -1.527481 -12.679747 -0.037676 -0.125319 -0.185901 0.973815
1520616785.718486547 2.471803 -1.684399 -12.658877 -0.040648 -0.146512 -0.178331 0.972152
1520616785.768488407 2.904180 -1.850958 -12.629119 -0.044020 -0.164945 -0.178583 0.969001
1520616785.818489313 3.348641 -2.009781 -12.578802 -0.046538 -0.184021 -0.182695 0.964672
1520616785.868491411 3.798810 -2.174014 -12.501865 -0.049212 -0.203332 -0.183074 0.960582
1520616785.918493509 4.367805 -2.358673 -12.368891 -0.052223 -0.226992 -0.179176 0.955847
1520616785.968494415 5.076272 -2.587255 -12.146727 -0.056400 -0.256108 -0.173920 0.949200
1520616786.018496513 5.718995 -2.838176 -11.888454 -0.061797 -0.284018 -0.172060 0.941228
1520616786.068497419 6.329187 -3.178556 -11.573866 -0.070437 -0.312038 -0.170623 0.931965
1520616786.118499279 6.982297 -3.545282 -11.169411 -0.080092 -0.342474 -0.167465 0.921006
1520616786.168500423 7.693047 -3.877061 -10.664918 -0.088896 -0.375683 -0.163354 0.907896
1520616786.218502283 8.397296 -4.150955 -10.095598 -0.096394 -0.408981 -0.158250 0.893532
1520616786.268504620 9.065873 -4.318702 -9.496606 -0.101743 -0.440856 -0.150234 0.879047
1520616786.318505526 9.794630 -4.378702 -8.807263 -0.103017 -0.475666 -0.141711 0.862002
1520616786.368507385 10.502387 -4.328328 -8.044660 -0.099574 -0.510903 -0.135019 0.843109
1520616786.418508530 11.095766 -4.209421 -7.327703 -0.093774 -0.541923 -0.130414 0.824935
1520616786.468510389 11.568052 -4.180125 -6.616877 -0.091343 -0.569927 -0.127066 0.806656
1520616786.518511295 11.965588 -4.203542 -5.905317 -0.092328 -0.595923 -0.121172 0.788460
1520616786.568513632 12.279242 -4.229582 -5.257939 -0.094141 -0.618406 -0.115640 0.771582
1520616786.618514538 12.507053 -4.259155 -4.726459 -0.095648 -0.636481 -0.111969 0.757104
1520616786.668516397 12.668644 -4.316753 -4.274303 -0.098049 -0.651473 -0.109399 0.744312
1520616786.718518496 12.775291 -4.395256 -3.922711 -0.101590 -0.662919 -0.107076 0.733998
1520616786.768520355 12.940136 -4.235990 -3.586002 -0.098667 -0.674820 -0.099194 0.724599
1520616786.818521261 13.120370 -3.934792 -3.295472 -0.090235 -0.685814 -0.091655 0.716322
1520616786.868523598 13.240225 -3.732614 -3.066867 -0.084249 -0.694511 -0.086632 0.709261
1520616786.918525457 13.356558 -3.470352 -2.877181 -0.077769 -0.702034 -0.079003 0.703462
1520616786.967437506 13.468382 -3.234535 -2.710772 0.073349 0.708626 0.070691 -0.698192
1520616787.017439842 13.582532 -2.894393 -2.515043 0.067919 0.715933 0.056247 -0.692577
1520616787.067444801 13.692211 -2.534108 -2.305826 0.063521 0.723238 0.038954 -0.686567
1520616787.117441893 13.761201 -2.322501 -2.125896 0.062569 0.729308 0.026238 -0.680813
1520616787.167443752 13.804907 -2.284301 -1.914919 0.065172 0.735790 0.019389 -0.673788
1520616787.217445612 13.862662 -2.191760 -1.570322 0.066107 0.745720 0.012593 -0.662852
1520616787.267446756 13.939090 -1.967596 -1.064823 0.063073 0.759470 0.003938 -0.647466
1520616787.317462683 13.990140 -1.731681 -0.589314 0.057102 0.772519 -0.000770 -0.632418
1520616787.365852118 14.024485 -1.432713 -0.078017 0.047884 0.785209 -0.005565 -0.617352
1520616787.415853024 14.038785 -1.306486 0.512973 0.045159 0.799898 -0.007547 -0.598387
1520616787.465855122 14.002914 -1.097159 1.060579 0.041819 0.813213 -0.012751 -0.580321
1520616787.515857220 13.946061 -0.958488 1.569458 0.043696 0.824976 -0.020842 -0.563090
1520616787.565858126 13.887373 -0.810634 1.951360 0.047035 0.833779 -0.031331 -0.549199
1520616787.615860224 13.833618 -0.579137 2.193429 0.046567 0.839918 -0.042437 -0.539044
1520616787.665861130 13.795032 -0.411643 2.352458 0.044750 0.844522 -0.048713 -0.531420
1520616787.715862989 13.767566 -0.316999 2.403265 0.041865 0.847234 -0.050600 -0.527145
1520616787.764108181 13.757415 -0.380886 2.410871 0.041053 0.848913 -0.046593 -0.524872
1520616787.814110279 13.763530 -0.306267 2.326119 0.033629 0.849083 -0.042012 -0.525511
1520616787.864112139 13.775256 -0.089821 2.200124 0.021307 0.848544 -0.039519 -0.527217
1520616787.914113283 13.788530 -0.031291 2.043891 0.015548 0.847013 -0.035782 -0.530138
1520616787.964115143 13.809763 -0.005341 1.833962 0.014353 0.844148 -0.035603 -0.534734
1520616788.014116049 13.834212 0.006533 1.570010 0.017023 0.840031 -0.039340 -0.540843
1520616788.064118385 13.858811 0.169192 1.269412 0.018180 0.835018 -0.050436 -0.547604
1520616788.114120245 13.869130 0.419463 1.006406 0.017664 0.830655 -0.064910 -0.552708
1520616788.164121151 13.867923 0.618843 0.785373 0.017598 0.827086 -0.077422 -0.556439
1520616788.212737322 13.862456 0.722321 0.660391 0.019075 0.825350 -0.086721 -0.557596
1520616788.262739182 13.848413 0.837114 0.633582 0.018321 0.825860 -0.093301 -0.555801
1520616788.312742472 13.832373 0.903918 0.736261 0.016053 0.829310 -0.093569 -0.550665
1520616788.362743378 13.834160 0.816338 0.796056 0.014752 0.832104 -0.086083 -0.547699
1520616788.412744284 13.827680 0.854017 0.774878 0.008751 0.833354 -0.080073 -0.546840
1520616788.462746382 13.811186 0.981226 0.810640 0.002404 0.835475 -0.078783 -0.543846
1520616788.512747288 13.796473 1.095085 0.833222 -0.001586 0.837167 -0.079623 -0.541119
1520616788.562749147 13.793785 1.104481 0.757418 -0.000693 0.836798 -0.081512 -0.541409
1520616788.611556292 13.807369 1.025158 0.691308 0.002760 0.836488 -0.081893 -0.541824
1520616788.661558390 13.804014 1.017643 0.513515 0.004368 0.833992 -0.085378 -0.545113
1520616788.711559057 13.803987 1.052199 0.322403 0.002268 0.831529 -0.085466 -0.548863
1520616788.761561394 13.794381 1.122860 0.047062 -0.001642 0.827388 -0.085851 -0.555028
1520616788.811563253 13.784024 1.207239 -0.214643 -0.005756 0.823427 -0.086749 -0.560722
1520616788.861564159 13.773782 1.282062 -0.473276 -0.010041 0.819540 -0.086088 -0.566429
1520616788.911565304 13.743288 1.439745 -0.850510 -0.016842 0.813021 -0.087333 -0.575400
1520616788.961603403 13.688899 1.581243 -1.352459 -0.023196 0.803576 -0.088627 -0.588109
1520616789.010904312 13.617907 1.756501 -1.869715 -0.029822 0.793507 -0.092111 -0.600811
1520616789.060905218 13.519245 1.994409 -2.348056 -0.038536 0.783809 -0.096112 -0.612308
1520616789.110907316 13.416631 2.159694 -2.806140 -0.044903 0.774371 -0.098839 -0.623349
1520616789.160908222 13.316712 2.319975 -3.178205 -0.049774 0.766732 -0.104242 -0.631488
1520616789.210910320 13.223535 2.460624 -3.498846 -0.053368 0.760260 -0.111055 -0.637827
1520616789.260911465 13.130547 2.545906 -3.813618 -0.055632 0.753853 -0.116124 -0.644302
1520616789.310913324 13.071804 2.632122 -4.001287 -0.058467 0.750526 -0.119084 -0.647388
1520616789.360914230 13.042999 2.701483 -4.088906 -0.061354 0.749712 -0.119676 -0.647955
1520616789.411003113 13.045554 2.669798 -4.149329 -0.062302 0.749770 -0.114785 -0.648682
1520616789.461004972 13.041756 2.687208 -4.211726 -0.064934 0.749689 -0.110188 -0.649314
1520616789.511006117 13.034352 2.710400 -4.254919 -0.067637 0.749916 -0.105387 -0.649573
1520616789.561008215 13.052453 2.754984 -4.234954 -0.070325 0.751734 -0.102008 -0.647723
1520616789.611009121 13.032964 2.747774 -4.345780 -0.070156 0.750398 -0.101715 -0.649334
1520616789.661011219 12.963634 2.776567 -4.575516 -0.069767 0.746032 -0.106410 -0.653641
1520616789.711012125 12.841084 2.850269 -4.911591 -0.069846 0.738790 -0.115098 -0.660351
1520616789.761013985 12.670512 2.882555 -5.364532 -0.069017 0.728336 -0.124837 -0.670208
1520616789.812219620 12.395711 2.992863 -5.964260 -0.071913 0.713382 -0.134678 -0.683942
1520616789.862221479 12.068349 3.040097 -6.631050 0.073676 -0.695845 0.143007 0.699943
1520616789.912223577 11.711474 2.987147 -7.313041 0.073076 -0.677177 0.149627 0.716731
1520616789.962224722 11.354194 3.053774 -7.880693 0.077102 -0.660762 0.153980 0.730574
1520616790.012227535 10.993984 3.078714 -8.412668 0.080979 -0.644745 0.154002 0.744332
1520616790.062228441 10.560615 3.122437 -8.983243 0.086895 -0.626345 0.148835 0.760256
1520616790.112229586 10.071663 3.221817 -9.542626 0.094618 -0.606798 0.144773 0.775812
1520616790.162231445 9.551281 3.363827 -10.064898 0.103072 -0.587140 0.143780 0.789918
1520616790.212306976 9.039542 3.391340 -10.565156 0.107054 -0.567666 0.145702 0.803160
1520616790.262307882 8.526323 3.318927 -11.050046 0.107485 -0.548135 0.149408 0.815888
1520616790.312308788 7.959429 3.231117 -11.534605 0.107954 -0.527077 0.153584 0.828823
1520616790.362310886 7.378307 3.253329 -11.951367 0.112235 -0.506860 0.159069 0.839758
1520616790.412312746 6.791275 3.243870 -12.340061 0.115714 -0.486529 0.163344 0.850423
1520616790.462313652 6.188759 3.155765 -12.720734 0.116810 -0.465385 0.166596 0.861405
1520616790.512315989 5.528816 3.095214 -13.080252 0.118938 -0.442769 0.167266 0.872830
1520616790.562316895 4.799312 2.977446 -13.434565 0.119391 -0.417786 0.165948 0.885247
1520616790.612377882 4.080747 2.789688 -13.751661 0.117161 -0.392985 0.163216 0.897327
1520616790.660989523 3.380135 2.600977 -14.005028 0.114760 -0.369128 0.159835 0.908310
1520616790.710991621 2.685475 2.393937 -14.229664 0.111977 -0.345262 0.159003 0.918136
1520616790.760992527 1.909696 2.169086 -14.427411 0.109015 -0.318921 0.157360 0.928247
1520616790.810994387 1.085229 2.067144 -14.565361 0.109782 -0.291765 0.152626 0.937831
1520616790.860995531 0.253836 2.064087 -14.638113 0.113364 -0.264904 0.146164 0.946367
1520616790.910997391 -0.520159 2.044387 -14.671155 0.115890 -0.239723 0.140173 0.953653
1520616790.960998297 -1.222383 1.912163 -14.684367 0.113972 -0.216166 0.134964 0.960243
1520616791.011000633 -1.797414 1.723099 -14.685624 0.107670 -0.196353 0.125492 0.966491
1520616791.060411215 -2.316864 1.551401 -14.664655 0.099831 -0.178158 0.112155 0.972479
1520616791.110412121 -2.866006 1.381635 -14.621853 0.092524 -0.159070 0.101293 0.977689
1520616791.160413980 -3.372162 1.249229 -14.561047 0.087280 -0.141491 0.094249 0.981570
1520616791.210415125 -3.910814 1.109543 -14.473829 0.082047 -0.122746 0.088211 0.985099
1520616791.260416985 -4.425373 0.850405 -14.377670 0.074261 -0.104392 0.087024 0.987934
1520616791.310417891 -4.936463 0.555460 -14.262223 0.066711 -0.085951 0.089351 0.990040
1520616791.360419989 -5.490319 0.290960 -14.103243 0.062419 -0.065856 0.095397 0.991295
1520616791.410422087 -6.108083 0.166601 -13.886033 0.063493 -0.043608 0.100947 0.991906
1520616791.460058212 -6.713134 0.038649 -13.641815 0.065154 -0.021298 0.107265 0.991865
1520616791.510060310 -7.329606 -0.184209 -13.359438 0.064247 0.002277 0.114313 0.991362
1520616791.560062170 -7.881204 -0.385593 -13.075853 0.064631 0.024004 0.122426 0.990080
1520616791.610063314 -8.560405 -0.420894 -12.676369 0.068714 0.050381 0.124314 0.988578
1520616791.660065174 -9.269670 -0.471172 -12.200918 0.071153 0.078834 0.123582 0.986636
1520616791.710066080 -9.881506 -0.602435 -11.740771 0.070586 0.104797 0.123915 0.984216
1520616791.760068417 -10.495193 -0.751949 -11.219238 0.067726 0.131962 0.121776 0.981412
1520616791.810069323 -11.160739 -0.887076 -10.581116 0.063291 0.162671 0.116194 0.977769
1520616791.860033035 -11.814051 -1.130706 -9.855892 0.054830 0.195328 0.111283 0.972860
1520616791.910034895 -12.457535 -1.309054 -9.038106 0.048042 0.229411 0.105659 0.966384
1520616791.960036039 -13.077858 -1.391027 -8.132436 0.045372 0.264685 0.100450 0.958015
1520616792.010037899 -13.626741 -1.473727 -7.190808 0.045048 0.299431 0.098244 0.947977
1520616792.060043097 -14.100410 -1.488187 -6.232597 0.046597 0.332955 0.095413 0.936945
1520616792.110039949 -14.492691 -1.464951 -5.283782 0.048629 0.364738 0.091815 0.925296
1520616792.160047054 -14.847988 -1.314104 -4.248597 0.053855 0.397715 0.085391 0.911938
1520616792.210043907 -15.159683 -1.177175 -3.023000 0.058941 0.435146 0.078891 0.894958
1520616792.260229826 -15.334818 -1.097869 -1.931805 0.062767 0.467561 0.074509 0.878576
1520616792.310152054 -15.434659 -0.950817 -0.866158 0.067627 0.498213 0.068262 0.861714
1520616792.360153198 -15.459051 -0.871928 0.053300 0.069602 0.524292 0.063219 0.846331
1520616792.410155058 -15.433848 -0.808129 0.892151 0.070613 0.547768 0.058463 0.831593
1520616792.460155964 -15.377723 -0.688933 1.595458 0.072596 0.567181 0.052617 0.818698
1520616792.510158062 -15.310590 -0.617564 2.119181 0.075230 0.581659 0.049517 0.808431
1520616792.560158968 -15.260095 -0.555491 2.454717 0.078442 0.591115 0.047566 0.801353
1520616792.610160828 -15.255577 -0.433833 2.481810 0.083556 0.592276 0.045588 0.800093
1520616792.660163164 -15.261002 -0.125489 2.465238 0.089691 0.591827 0.037563 0.800178
1520616792.710271120 -15.255783 0.173945 2.465653 0.100652 0.591625 0.033135 0.799219
1520616792.760273218 -15.272952 0.543649 2.229418 0.099493 0.585759 0.019772 0.804112
1520616792.810274363 -15.291332 0.903398 1.902774 0.098584 0.577537 0.007464 0.810356
1520616792.860276222 -15.291555 1.309387 1.573019 0.097740 0.569161 -0.006753 0.816368
1520616792.910277367 -15.267427 1.723853 1.331621 0.097768 0.563042 -0.021471 0.820344
1520616792.960279226 -15.235158 2.109720 1.048733 0.097759 0.555900 -0.035288 0.824726
1520616793.010280132 -15.203288 2.415743 0.700529 0.094956 0.547354 -0.048181 0.830100
1520616793.060282469 -15.143627 2.825615 0.392411 0.099144 0.538949 -0.060520 0.834291
1520616793.110411406 -15.129001 2.904180 0.332298 0.103307 0.530406 -0.072844 0.838267
1520616793.160412312 -15.129001 2.904180 0.332298 0.103307 0.530406 -0.072844 0.838267
1520616793.210414648 -15.131926 2.888467 0.344320 0.103307 0.530406 -0.072844 0.838267
1520616793.260416508 -15.134266 2.875896 0.353939 0.103307 0.530406 -0.072844 0.838267
1520616793.310418367 -15.136138 2.865840 0.361633 0.103307 0.530406 -0.072844 0.838267
1520616793.360419512 -15.137636 2.857795 0.367789 0.103307 0.530406 -0.072844 0.838267
1520616793.410421610 -15.137636 2.857795 0.367789 0.103307 0.530406 -0.072844 0.838267
1520616793.460422516 -15.138834 2.851359 0.372713 0.103307 0.530406 -0.072844 0.838267
1520616793.510510445 -15.139793 2.846210 0.376653 0.103307 0.530406 -0.072844 0.838267
1520616793.560512304 -15.140560 2.842091 0.379805 0.103307 0.530406 -0.072844 0.838267
1520616793.610514402 -15.140560 2.842091 0.379805 0.103307 0.530406 -0.072844 0.838267
1520616793.660515308 -15.141173 2.838796 0.382326 0.103307 0.530406 -0.072844 0.838267
1520616793.710516453 0.032946 -0.023619 -0.999178 -0.019607 -0.062396 -0.009267 0.997816
1520616793.760518312 0.067915 -0.050447 -1.480098 -0.027363 -0.093628 -0.011845 0.995161
1520616793.810520411 0.169615 -0.064120 -1.949252 -0.032202 -0.129710 -0.009175 0.990986
1520616793.860521555 0.297601 -0.072331 -2.361468 -0.037503 -0.169776 -0.009090 0.984727
1520616793.910856009 0.465435 -0.084473 -2.721682 -0.042548 -0.209263 -0.008450 0.976897
1520616793.960752964 0.680593 -0.098918 -3.051871 -0.047576 -0.247335 -0.009122 0.967718
1520616794.010754824 0.922010 -0.159369 -3.365866 -0.056853 -0.282847 -0.011354 0.957411
1520616794.060755968 1.140384 -0.278811 -3.686400 -0.070216 -0.316820 -0.011732 0.945810
1520616794.110757828 1.400423 -0.389357 -3.970695 -0.085036 -0.349616 -0.013702 0.932925
1520616794.160758972 1.636766 -0.572073 -4.253216 -0.102271 -0.378251 -0.016227 0.919893
1520616794.210761070 1.864213 -0.725367 -4.517346 -0.118870 -0.404318 -0.016969 0.906702
1520616794.260762930 2.145539 -0.890658 -4.743297 -0.133684 -0.432130 -0.018418 0.891658
1520616794.310711861 2.472949 -0.993023 -4.942483 -0.144263 -0.462028 -0.018021 0.874868
1520616794.360713959 2.783475 -1.129065 -5.105174 -0.157501 -0.489575 -0.021476 0.857350
1520616794.410714865 3.074730 -1.299934 -5.247032 -0.172004 -0.515108 -0.021421 0.839416
1520616794.460716724 3.450035 -1.435842 -5.327839 -0.183975 -0.544158 -0.016151 0.818403
1520616794.510717869 3.830592 -1.602136 -5.360365 -0.194398 -0.576147 -0.008590 0.793845
1520616794.560719967 4.265262 -1.706456 -5.307286 -0.203003 -0.609866 -0.002883 0.766058
1520616794.610720873 4.655906 -1.895019 -5.212193 -0.214266 -0.642211 -0.000183 0.735972
1520616794.660722971 5.073890 -2.135226 -5.035801 -0.227353 -0.674210 0.001846 0.702673
1520616794.710424423 5.501925 -2.365790 -4.744333 0.242946 0.705556 -0.000173 -0.665708
1520616794.760425568 5.904564 -2.640633 -4.342103 0.259646 0.736539 -0.000678 -0.624575
1520616794.810427427 6.252135 -2.885051 -3.887143 0.276808 0.764367 -0.000300 -0.582340
1520616794.860428333 6.596155 -3.040569 -3.353868 0.288850 0.792513 -0.003042 -0.537103
1520616794.910430431 6.885754 -3.148882 -2.767083 0.298137 0.819393 -0.006054 -0.489564
1520616794.960432291 7.124143 -3.181486 -2.143854 0.304175 0.844656 -0.006055 -0.440451
1520616795.010434389 7.289094 -3.163951 -1.514711 0.306897 0.867616 -0.005085 -0.391191
1520616795.060435534 7.355269 -3.171136 -0.902901 0.311163 0.886565 -0.002973 -0.342303
1520616795.110436440 7.334417 -3.218958 -0.316214 0.318522 0.900905 -0.003285 -0.294792
1520616795.160324574 7.236628 -3.284518 0.219103 0.328926 0.910734 -0.005031 -0.249693
1520616795.210326433 7.094138 -3.323183 0.706368 0.338009 0.918413 -0.008720 -0.205407
1520616795.260327578 6.924453 -3.281061 1.196456 0.342198 0.925752 -0.013008 -0.160356
1520616795.310329676 6.726380 -3.194848 1.641912 0.344316 0.931280 -0.015746 -0.117966
1520616795.360330582 6.521783 -3.059859 2.020871 0.344101 0.935439 -0.020909 -0.078170
1520616795.410332680 6.311054 -2.795702 2.383803 0.334847 0.941158 -0.025682 -0.037932
1520616795.460333586 6.072760 -2.590646 2.694245 0.326553 0.944800 -0.026742 0.000091
1520616795.510339499 5.776115 -2.452968 2.969054 0.322428 0.945531 -0.025041 0.037202
1520616795.560231924 5.451880 -2.268415 3.242497 0.315720 0.945400 -0.022413 0.077703
1520616795.610233784 5.107848 -2.013216 3.485089 0.302549 0.945475 -0.021990 0.118569
1520616795.660234690 4.759531 -1.760120 3.665252 0.288401 0.944256 -0.022240 0.157194
1520616795.710237026 4.405975 -1.562412 3.782629 0.277078 0.941283 -0.023139 0.191519
1520616795.760237932 4.069360 -1.338681 3.840480 0.265741 0.937493 -0.025060 0.223297
1520616795.810239792 3.748449 -1.089927 3.882875 0.251057 0.933725 -0.029575 0.253483
1520616795.860241890 3.459811 -0.800283 3.871233 0.230444 0.931117 -0.034599 0.280570
1520616795.910242796 3.217412 -0.528662 3.792904 0.211482 0.928975 -0.039846 0.301154
1520616795.960320950 3.030546 -0.276259 3.651829 0.193971 0.927855 -0.045878 0.315207
1520616796.010322094 2.904233 -0.060560 3.457280 0.175573 0.929078 -0.051572 0.321449
1520616796.060324192 2.855301 0.099867 3.214108 0.159512 0.932671 -0.054374 0.318944
1520616796.110325336 2.832541 0.202419 2.952129 0.143793 0.938605 -0.051987 0.309259
1520616796.160327196 2.826986 0.294326 2.659741 0.125508 0.946407 -0.044366 0.294267
1520616796.210329056 2.878583 0.332378 2.292882 0.108895 0.955862 -0.037498 0.270304
1520616796.260330200 2.927019 0.393327 1.894998 0.093536 0.965985 -0.030382 0.239168
1520616796.310332060 3.014656 0.467000 1.464462 0.077385 0.976056 -0.027221 0.201459
1520616796.360354662 3.059882 0.557809 1.017591 0.059480 0.984786 -0.022826 0.161674
1520616796.410356760 3.088832 0.646422 0.577284 0.043173 0.991663 -0.016274 0.120315
1520616796.460357666 3.094084 0.732111 0.133048 0.027532 0.996607 -0.012235 0.076601
1520616796.510359526 3.084111 0.794159 -0.312704 0.016179 0.999219 -0.011526 0.034152
1520616796.560361624 3.044635 0.810556 -0.768526 0.010126 0.999798 -0.015104 -0.008599
1520616796.610362530 2.995737 0.861930 -1.204125 0.007765 0.998694 -0.018779 -0.046885
1520616796.660364628 2.939927 0.810848 -1.625089 0.012625 0.996334 -0.023752 -0.081216
1520616796.710366726 2.910847 0.723310 -2.020036 0.021261 0.993102 -0.028805 -0.111650
1520616796.760537863 2.893555 0.614742 -2.386983 0.033908 0.989295 -0.031376 -0.138427
1520616796.810539007 2.896377 0.504866 -2.742297 0.047277 0.985268 -0.033430 -0.160915
1520616796.860540867 2.859501 0.404971 -3.094953 0.062732 0.981139 -0.033927 -0.179663
1520616796.910541773 2.846384 0.366235 -3.398216 0.080116 0.977380 -0.032899 -0.192942
1520616796.960544109 2.854297 0.288676 -3.677300 0.098967 0.974167 -0.035378 -0.199881
1520616797.010545969 2.894363 0.153974 -3.927570 0.121543 0.971311 -0.040170 -0.200420
1520616797.060546875 2.962700 -0.057178 -4.159805 0.149871 0.967726 -0.046879 -0.197097
1520616797.110548973 3.021247 -0.323566 -4.374801 0.178036 0.963558 -0.054714 -0.192003
1520616797.160543203 3.102704 -0.569395 -4.569878 0.204897 0.959667 -0.058889 -0.183270
1520616797.210545063 3.150938 -0.828986 -4.760073 0.229684 0.955667 -0.061409 -0.173712
1520616797.260545969 3.212690 -1.044355 -4.936835 0.251859 0.952193 -0.061050 -0.161767
1520616797.310548306 3.277466 -1.249276 -5.100066 0.271665 0.949169 -0.060414 -0.147060
1520616797.360549212 3.392419 -1.430934 -5.230496 0.287511 0.947288 -0.060520 -0.127754
1520616797.410551071 3.575648 -1.607925 -5.319625 0.302023 0.945946 -0.059568 -0.102077
1520616797.460553169 3.788816 -1.743610 -5.375753 0.313691 0.944986 -0.056878 -0.073244
1520616797.510554075 4.075814 -1.800756 -5.379008 0.319923 0.945152 -0.052214 -0.040131
1520616797.560555935 4.349107 -1.917366 -5.364389 0.328613 0.943215 -0.048112 -0.006632
1520616797.610662460 4.605215 -1.969278 -5.308769 0.331933 0.941970 -0.043202 0.025429
1520616797.660664558 4.904740 -2.068040 -5.229036 0.335753 0.939170 -0.038463 0.061236
1520616797.710665464 5.239123 -2.138592 -5.102518 0.336159 0.935828 -0.033504 0.100503
1520616797.760667324 5.585694 -2.258617 -4.883257 0.335115 0.930876 -0.029087 0.142558
1520616797.810668468 5.897564 -2.385885 -4.640342 0.333609 0.924382 -0.024786 0.183326
1520616797.860670567 6.257980 -2.457728 -4.364153 0.325514 0.918166 -0.021013 0.224880
1520616797.910672426 6.567262 -2.477838 -4.026341 0.313224 0.911064 -0.016830 0.267527
1520616797.960673571 6.866125 -2.462360 -3.680844 0.298694 0.903201 -0.013164 0.307956
1520616798.012466431 6.925159 -2.455342 -3.600434 0.283590 0.893603 -0.009473 0.347795
1520616798.062467575 6.925159 -2.455342 -3.600434 0.283590 0.893603 -0.009473 0.347795
1520616798.112469435 6.913352 -2.456745 -3.616516 0.283590 0.893603 -0.009473 0.347795
1520616798.162471533 6.903906 -2.457868 -3.629381 0.283590 0.893603 -0.009473 0.347795
1520616798.212473392 6.903906 -2.457868 -3.629381 0.283590 0.893603 -0.009473 0.347795
1520616798.262474537 6.896350 -2.458767 -3.639674 0.283590 0.893603 -0.009473 0.347795
1520616798.312475443 6.890305 -2.459485 -3.647908 0.283590 0.893603 -0.009473 0.347795
1520616798.362477541 6.885469 -2.460060 -3.654495 0.283590 0.893603 -0.009473 0.347795
1520616798.412919998 0.336850 -0.170915 -0.925916 -0.027670 -0.017490 0.061333 0.997580
1520616798.462923050 0.422909 -0.205075 -1.168870 -0.033697 -0.002189 0.078794 0.996319
1520616798.512923241 0.495648 -0.221523 -1.421719 -0.040266 0.018771 0.096532 0.994338
1520616798.562928200 0.554605 -0.239983 -1.678127 -0.046035 0.041667 0.115516 0.991363
1520616798.612926006 0.567319 -0.230825 -1.935025 -0.048279 0.068707 0.132353 0.987639
1520616798.662927151 0.549127 -0.276930 -2.211900 -0.051448 0.100128 0.142214 0.983414
1520616798.712929010 0.460880 -0.276681 -2.494266 -0.052752 0.137086 0.152249 0.977366
1520616798.762929916 0.355136 -0.299105 -2.771812 -0.052960 0.175771 0.162580 0.969468
1520616798.812694788 0.198741 -0.352121 -3.060617 -0.051788 0.215089 0.171686 0.959989
1520616798.862678766 0.030232 -0.375531 -3.338539 -0.046212 0.252845 0.176379 0.950171
1520616798.912680626 -0.173033 -0.447551 -3.597537 -0.041053 0.289998 0.177457 0.939534
1520616798.962681532 -0.386614 -0.542804 -3.840117 -0.038104 0.327195 0.174040 0.928010
1520616799.012683868 -0.620518 -0.664664 -4.055120 -0.039646 0.364010 0.161812 0.916374
1520616799.062685728 -0.866540 -0.778444 -4.246829 -0.040790 0.397890 0.140991 0.905616
1520616799.112686634 -1.131239 -0.875401 -4.416854 -0.043674 0.427034 0.120429 0.895115
1520616799.162688732 -1.373655 -1.016269 -4.561550 -0.046257 0.452666 0.097082 0.885171
1520616799.213303566 -1.648824 -1.028044 -4.689062 -0.039412 0.478659 0.071278 0.874215
1520616799.263305664 -1.904794 -0.984322 -4.813918 -0.028270 0.500252 0.045942 0.864198
1520616799.313306570 -2.099242 -0.926118 -4.969225 -0.015195 0.514968 0.019512 0.856852
1520616799.363308430 -2.198964 -0.894313 -5.168013 -0.004425 0.520551 -0.007722 0.853784
1520616799.413309813 -2.234878 -0.875365 -5.400745 0.004405 0.519738 -0.033678 0.853650
1520616799.463311672 -2.271238 -0.904842 -5.633023 0.010324 0.516327 -0.059733 0.854244
1520616799.513313532 -2.250427 -0.965881 -5.879742 0.013001 0.510639 -0.084149 0.855569
1520616799.563314676 -2.226788 -0.986533 -6.138879 0.016147 0.502947 -0.106594 0.857567
1520616799.613316536 -2.194914 -1.065820 -6.384139 0.017433 0.493668 -0.128031 0.859998
1520616799.661990404 -2.159098 -1.158574 -6.631192 0.017089 0.483160 -0.145204 0.863238
1520616799.711991549 -2.031567 -1.184228 -6.896160 0.019827 0.470287 -0.161318 0.867418
1520616799.761993408 -1.848173 -1.204013 -7.174200 0.024050 0.453577 -0.177183 0.873095
1520616799.811994314 -1.598115 -1.293243 -7.458113 0.024511 0.433333 -0.185560 0.881583
1520616799.861996651 -1.306487 -1.401499 -7.735264 0.023913 0.411727 -0.191021 0.890741
1520616799.911998510 -0.961211 -1.543263 -8.006652 0.022083 0.387878 -0.194246 0.900739
1520616799.961999416 -0.584160 -1.722269 -8.258900 0.020007 0.362369 -0.196830 0.910794
1520616800.012001514 -0.155434 -1.898338 -8.492655 0.018308 0.334719 -0.200247 0.920614
1520616800.061088324 0.210695 -2.056398 -8.614986 0.014734 0.309415 -0.198588 0.929843
1520616800.111089230 0.689834 -2.305024 -8.770562 0.008148 0.280808 -0.196789 0.939337
1520616800.161091328 1.176931 -2.479565 -8.903731 0.004890 0.252797 -0.195252 0.947600
1520616800.211093187 1.756231 -2.616886 -8.997593 0.003579 0.221412 -0.191594 0.956167
1520616800.261095285 2.374409 -2.684282 -9.053540 0.004893 0.188475 -0.186279 0.964237
1520616800.311096430 3.011077 -2.684173 -9.079809 0.008428 0.156195 -0.177578 0.971596
1520616800.361097097 3.588582 -2.657985 -9.084890 0.011972 0.127182 -0.167475 0.977565
1520616800.411099195 4.086281 -2.633710 -9.086879 0.015262 0.102090 -0.159852 0.981729
1520616800.460901976 4.522393 -2.622687 -9.086065 0.017088 0.080338 -0.150758 0.985153
1520616800.510863781 4.962668 -2.552190 -9.081661 0.016789 0.060751 -0.136306 0.988660
1520616800.560864925 5.323585 -2.509660 -9.099436 0.011670 0.046199 -0.117215 0.991963
1520616800.610867023 5.582025 -2.465855 -9.161969 0.002645 0.037774 -0.096296 0.994632
1520616800.660868883 5.788629 -2.421810 -9.249059 -0.008540 0.031710 -0.073896 0.996725
1520616800.710870028 5.927767 -2.282167 -9.399346 -0.018125 0.030574 -0.047068 0.998259
1520616800.760871887 6.003617 -2.018315 -9.610957 -0.023282 0.033530 -0.016075 0.999037
1520616800.810873032 5.992116 -1.669502 -9.845615 -0.023859 0.039238 0.012501 0.998867
1520616800.860626221 5.949029 -1.357943 -10.120730 -0.024186 0.046420 0.038857 0.997873
1520616800.910627365 5.857938 -1.053978 -10.389639 -0.024627 0.053556 0.065539 0.996107
1520616800.960629225 5.819892 -0.751701 -10.624205 -0.026265 0.058043 0.093024 0.993624
1520616801.010630131 5.705247 -0.581264 -10.879537 -0.029435 0.065243 0.114904 0.990795
1520616801.060632229 5.475827 -0.430687 -11.201646 -0.031377 0.076602 0.132947 0.987660
1520616801.110634327 5.224874 -0.334185 -11.526944 -0.034950 0.089399 0.149800 0.984046
1520616801.160635233 4.943591 -0.317411 -11.854811 -0.040019 0.103339 0.164346 0.980158
1520616801.210637331 4.638037 -0.375326 -12.182580 -0.047414 0.119040 0.178129 0.975629
1520616801.260342836 4.156180 -0.539687 -12.557429 -0.055030 0.141335 0.186469 0.970683
1520616801.310343981 3.578550 -0.734512 -12.937381 -0.061636 0.167066 0.192001 0.965104
1520616801.360344887 2.969797 -0.995964 -13.283976 -0.067668 0.193631 0.193483 0.959423
1520616801.410346746 2.250248 -1.168061 -13.604682 -0.069378 0.222445 0.193461 0.953036
1520616801.460348845 1.473008 -1.308954 -13.881621 -0.068401 0.252478 0.192092 0.945874
1520616801.510349751 0.557276 -1.400907 -14.119624 -0.063421 0.285754 0.187738 0.937591
1520616801.560352802 -0.383511 -1.450204 -14.297849 -0.054954 0.319145 0.179854 0.928859
1520616801.610353947 -1.368452 -1.458074 -14.415776 -0.044646 0.352381 0.169013 0.919385
1520616801.660317421 -2.355571 -1.412641 -14.469873 -0.032429 0.385011 0.154370 0.909332
1520616801.710319281 -3.365136 -1.424796 -14.449221 -0.021967 0.417169 0.136065 0.898317
1520616801.760321379 -4.280321 -1.447793 -14.377118 -0.014331 0.446079 0.118141 0.887046
1520616801.810322523 -5.124908 -1.488931 -14.254555 -0.009378 0.472969 0.100687 0.875257
1520616801.860323429 -6.009845 -1.550549 -14.048431 -0.005341 0.500172 0.079728 0.862231
1520616801.910325527 -6.823183 -1.388296 -13.836311 0.003568 0.525173 0.061800 0.848741
1520616801.960326433 -7.640852 -1.052183 -13.569896 0.016550 0.549678 0.050344 0.833694
1520616802.010328293 -8.332602 -0.656248 -13.323052 0.030681 0.570495 0.044291 0.819532
1520616802.060329437 -8.847973 -0.308274 -13.135173 0.042991 0.586298 0.037196 0.808098
1520616802.110533476 -9.185508 -0.056373 -13.047231 0.051146 0.596489 0.030925 0.800393
1520616802.160471201 -9.290733 0.064949 -13.121205 0.055135 0.599722 0.018257 0.798098
1520616802.210473299 -9.285014 -0.018089 -13.275638 0.053394 0.599865 -0.001304 0.798316
1520616802.260475159 -9.205074 -0.197514 -13.487182 0.048442 0.596998 -0.018666 0.800562
1520616802.310476303 -8.898257 -0.412115 -13.851833 0.043344 0.587656 -0.034334 0.807219
1520616802.360478163 -8.619747 -0.456145 -14.182375 0.043284 0.579149 -0.046108 0.812765
1520616802.410479307 -8.368627 -0.185833 -14.491200 0.052651 0.571688 -0.055918 0.816869
1520616802.460481167 -8.063547 0.301797 -14.805122 0.068386 0.563362 -0.062179 0.821024
1520616802.510607958 -7.498965 0.841783 -15.227085 0.085945 0.548398 -0.066285 0.829144
1520616802.560610056 -6.862425 1.219618 -15.655996 0.099343 0.530899 -0.073480 0.838378
1520616802.610610962 -6.241716 1.435163 -16.052434 0.109253 0.513731 -0.086264 0.846583
1520616802.660612822 -5.588827 1.480930 -16.449720 0.115019 0.495622 -0.100786 0.854969
1520616802.710615158 -5.004672 1.331444 -16.809921 0.116499 0.478520 -0.118220 0.862248
1520616802.760615826 -4.411687 1.012940 -17.154664 0.114740 0.460418 -0.137175 0.869501
1520616802.810617924 -3.753466 0.724155 -17.483595 0.114085 0.440562 -0.155576 0.876747
1520616802.860619068 -3.026832 0.398722 -17.796558 0.112777 0.419139 -0.169723 0.884759
1520616802.911119223 -2.318053 -0.025177 -18.073256 0.109634 0.397581 -0.182888 0.892447
1520616802.961119890 -2.236626 -0.076468 -18.100439 0.106413 0.375741 -0.195923 0.899505
1520616803.011122227 -2.236626 -0.076468 -18.100439 0.106413 0.375741 -0.195923 0.899505
1520616803.061124086 -2.252912 -0.066210 -18.095002 0.106413 0.375741 -0.195923 0.899505
1520616803.111125946 0.111838 0.108193 -0.987819 -0.020923 -0.054933 -0.015134 0.998156
1520616803.161127090 0.176691 0.136102 -1.466080 -0.035389 -0.085097 -0.019062 0.995562
1520616803.211127996 0.242201 0.100574 -1.969855 -0.051998 -0.117320 -0.022160 0.991484
1520616803.261130333 0.362112 0.060350 -2.467666 -0.067851 -0.148948 -0.022999 0.986246
1520616803.311525345 0.483687 -0.103940 -2.957254 -0.085856 -0.176073 -0.022478 0.980368
1520616803.361527205 0.603105 -0.250509 -3.354655 -0.104816 -0.200371 -0.022017 0.973848
1520616803.411528111 0.773276 -0.432353 -3.718325 -0.126758 -0.228510 -0.017121 0.965102
1520616803.461529255 0.985302 -0.604926 -4.055858 -0.148269 -0.256019 -0.013055 0.955144
1520616803.511531353 1.233940 -0.775597 -4.381883 -0.167089 -0.281888 -0.011520 0.944716
1520616803.561533213 1.515227 -0.900257 -4.662333 -0.182741 -0.310225 -0.011593 0.932862
1520616803.611534357 1.840137 -1.046908 -4.915315 -0.196763 -0.342222 -0.011822 0.918710
1520616803.661536217 2.224315 -1.184114 -5.139325 -0.210043 -0.374776 -0.016349 0.902861
1520616803.710872173 2.481712 -1.405095 -5.335145 -0.225370 -0.403670 -0.019431 0.886500
1520616803.760961056 2.725180 -1.579456 -5.495578 -0.240259 -0.430108 -0.027261 0.869793
1520616803.810874939 2.990615 -1.767229 -5.623487 -0.256173 -0.454738 -0.034040 0.852309
1520616803.860877037 3.286784 -1.979767 -5.712268 -0.272507 -0.480221 -0.037942 0.832879
1520616803.910877943 3.590475 -2.199255 -5.756506 -0.288884 -0.504807 -0.039927 0.812479
1520616803.960879803 3.913936 -2.430009 -5.768520 -0.304139 -0.529836 -0.041325 0.790611
1520616804.010880947 4.332002 -2.627653 -5.670575 -0.317031 -0.561191 -0.043466 0.763326
1520616804.060883045 4.722720 -2.811451 -5.504829 -0.329231 -0.590854 -0.048160 0.734969
1520616804.110660791 5.098705 -3.012852 -5.269067 -0.343054 -0.619819 -0.055004 0.703642
1520616804.160663128 5.497298 -3.221353 -4.915135 -0.357324 -0.651024 -0.061360 0.666875
1520616804.210664034 5.863347 -3.442794 -4.445006 0.373572 0.682097 0.066622 -0.625099
1520616804.260665894 6.189752 -3.661029 -3.857919 0.390165 0.713805 0.069434 -0.577436
1520616804.310667992 6.435906 -3.872495 -3.211358 0.407215 0.742321 0.068606 -0.527663
1520616804.360668898 6.627896 -4.062652 -2.509290 0.424007 0.768989 0.064995 -0.473972
1520616804.410670757 6.764685 -4.143173 -1.737378 0.436705 0.794299 0.060258 -0.418026
1520616804.460673094 6.747543 -4.249645 -0.971183 0.451246 0.813909 0.058090 -0.361324
1520616804.510674000 6.634502 -4.328706 -0.214678 0.464882 0.829804 0.057571 -0.303309
1520616804.560965300 6.454108 -4.349340 0.556796 0.474244 0.844721 0.058371 -0.241105
1520616804.610967398 6.124710 -4.279573 1.266801 0.481748 0.854135 0.065710 -0.184539
1520616804.660969496 5.711480 -4.210852 1.832822 0.488778 0.858954 0.074913 -0.132974
1520616804.710970402 5.314944 -4.057917 2.326737 0.489556 0.864025 0.084020 -0.082079
1520616804.760972261 4.920875 -3.848814 2.737795 0.484316 0.869706 0.088812 -0.034089
1520616804.810974360 4.575697 -3.601809 3.003071 0.475947 0.874694 0.091306 0.006913
1520616804.860975266 4.220431 -3.345241 3.149964 0.464506 0.879985 0.090061 0.041829
1520616804.910977364 3.925311 -3.087524 3.253515 0.449797 0.885746 0.086966 0.074651
1520616804.961272717 3.645124 -2.692332 3.261694 0.429984 0.892845 0.087235 0.101649
1520616805.011274099 3.384380 -2.362651 3.255124 0.408875 0.899688 0.086123 0.126357
1520616805.061274767 3.148590 -2.125360 3.159537 0.388513 0.906140 0.081367 0.146104
1520616805.111277103 2.954352 -1.878329 3.033187 0.365328 0.913244 0.073922 0.164488
1520616805.161278963 2.803985 -1.618808 2.857642 0.340497 0.921070 0.064630 0.177525
1520616805.211279869 2.713728 -1.380612 2.662197 0.311988 0.929872 0.054316 0.187220
1520616805.261281013 2.655037 -1.147655 2.419588 0.285805 0.938011 0.041800 0.191581
1520616805.311282873 2.630045 -0.947603 2.118744 0.262756 0.945875 0.026850 0.188571
1520616805.361480713 2.664700 -0.775068 1.804772 0.237908 0.953500 0.013784 0.184522
1520616805.411481619 2.684617 -0.552609 1.434287 0.213754 0.961319 0.003558 0.173672
1520616805.461483717 2.722805 -0.384327 1.043041 0.188528 0.968904 -0.007335 0.160086
1520616805.511484623 2.776095 -0.200489 0.621385 0.164088 0.975964 -0.019312 0.142116
1520616805.561486483 2.834426 -0.019904 0.181003 0.138428 0.982722 -0.034060 0.118050
1520616805.611487627 2.888546 0.165559 -0.320861 0.114184 0.988332 -0.048833 0.088190
1520616805.661489725 2.930617 0.340118 -0.843671 0.089362 0.992482 -0.063562 0.054347
1520616805.711490631 2.890320 0.474721 -1.377448 0.069492 0.994215 -0.079846 0.018232
1520616805.761115789 2.832275 0.517977 -1.836085 0.062270 0.993340 -0.095225 -0.018189
1520616805.811116695 2.750026 0.494553 -2.274890 0.064149 0.990352 -0.108421 -0.057724
1520616805.861118793 2.635824 0.383878 -2.718306 0.075480 0.984548 -0.120622 -0.102070
1520616805.911120892 2.489388 0.216316 -3.149331 0.094657 0.975621 -0.129986 -0.149354
1520616805.961121798 2.301573 0.003536 -3.552259 0.117179 0.964045 -0.137027 -0.195217
1520616806.011123657 2.040652 -0.238543 -3.947404 0.144667 0.949222 -0.141264 -0.241026
1520616806.061124802 1.775087 -0.478033 -4.283553 0.171513 0.933184 -0.144191 -0.280996
1520616806.111126900 1.519397 -0.732386 -4.570865 0.196834 0.917516 -0.146458 -0.313003
1520616806.160843372 1.211105 -0.861697 -4.849764 0.223120 0.901291 -0.144213 -0.342191
1520616806.210845232 0.968889 -1.006568 -5.095373 0.251479 0.885150 -0.140131 -0.365556
1520616806.260847330 0.696702 -1.096182 -5.325479 0.276532 0.868341 -0.135409 -0.388816
1520616806.310848236 0.456618 -1.176450 -5.542423 0.298943 0.853571 -0.131308 -0.405965
1520616806.360850096 0.353439 -1.199688 -5.757787 0.319047 0.844292 -0.124717 -0.412100
1520616806.410852432 0.352666 -1.295180 -5.951590 0.343830 0.836345 -0.116278 -0.410836
1520616806.460854292 0.405456 -1.397612 -6.148684 0.369489 0.831032 -0.104654 -0.402382
1520616806.510855198 0.471020 -1.506624 -6.355224 0.395130 0.826222 -0.092614 -0.390706
1520616806.560826778 0.646271 -1.674458 -6.550659 0.415583 0.826401 -0.083382 -0.370673
1520616806.610829115 0.920309 -1.827200 -6.737008 0.433684 0.829201 -0.073426 -0.344895
1520616806.660830021 1.261477 -1.985659 -6.886083 0.448061 0.834852 -0.064814 -0.313150
1520616806.710831881 1.644110 -2.176899 -6.993702 0.464937 0.838747 -0.054815 -0.278086
1520616806.760833025 2.022546 -2.352419 -7.073869 0.479926 0.841440 -0.045184 -0.244149
1520616806.810834885 2.451885 -2.431493 -7.130270 0.494363 0.843159 -0.031143 -0.209089
1520616806.860835791 2.901640 -2.560035 -7.144074 0.506742 0.844824 -0.017886 -0.170775
1520616806.910838127 3.387815 -2.727728 -7.104985 0.513613 0.848235 -0.007781 -0.128990
1520616806.960838795 3.864836 -2.924280 -7.025534 0.517074 0.851422 -0.002478 -0.087803
1520616807.011441469 4.125992 -3.409505 -6.827994 0.517604 0.854152 -0.007544 -0.049543
1520616807.061438560 4.168613 -3.490475 -6.787654 0.517359 0.855603 -0.012599 -0.011208
1520616807.111439466 4.168613 -3.490475 -6.787654 0.517359 0.855603 -0.012599 -0.011208
1520616807.161441326 4.160089 -3.474281 -6.795722 0.517359 0.855603 -0.012599 -0.011208
1520616807.211442471 4.153269 -3.461326 -6.802176 0.517359 0.855603 -0.012599 -0.011208
1520616807.261444330 4.153269 -3.461326 -6.802176 0.517359 0.855603 -0.012599 -0.011208
1520616807.311445475 4.147814 -3.450961 -6.807340 0.517359 0.855603 -0.012599 -0.011208
1520616807.361447334 4.143450 -3.442670 -6.811470 0.517359 0.855603 -0.012599 -0.011208
1520616807.413039207 4.143450 -3.442670 -6.811470 0.517359 0.855603 -0.012599 -0.011208
1520616807.463041067 4.139958 -3.436037 -6.814775 0.517359 0.855603 -0.012599 -0.011208
1520616807.513043165 4.137165 -3.430730 -6.817419 0.517359 0.855603 -0.012599 -0.011208
1520616807.563044071 0.203358 -0.062280 -0.977122 -0.041628 -0.067193 0.031429 0.996376
1520616807.613045931 0.310444 -0.093993 -1.287983 -0.050262 -0.092621 0.030842 0.993954
1520616807.663047075 0.411823 -0.169321 -1.580510 -0.061894 -0.119432 0.025303 0.990588
1520616807.713049173 0.572497 -0.207409 -1.855610 -0.075480 -0.150166 0.017484 0.985620
1520616807.763050318 0.716358 -0.288996 -2.119491 -0.090559 -0.181744 0.017463 0.979011
1520616807.811882734 0.767926 -0.317624 -2.200244 -0.105524 -0.213093 0.017419 0.971161
1520616807.861884832 0.767926 -0.317624 -2.200244 -0.105524 -0.213093 0.017419 0.971161
1520616807.911885738 0.757612 -0.311899 -2.184094 -0.105524 -0.213093 0.017419 0.971161
1520616807.961887836 0.121587 -0.079656 -0.989379 -0.012757 -0.063042 0.004905 0.997917
1520616808.011888981 0.185615 -0.149995 -1.478043 -0.022114 -0.093838 0.001782 0.995340
1520616808.061890841 0.275537 -0.241603 -1.968561 -0.036817 -0.123355 -0.002783 0.991675
1520616808.111892700 0.364887 -0.330422 -2.433182 -0.054305 -0.149141 -0.010578 0.987267
1520616808.161894798 0.481532 -0.446372 -2.855939 -0.070342 -0.171976 -0.018213 0.982418
1520616808.211580515 0.616056 -0.464495 -3.280688 -0.080832 -0.194857 -0.026048 0.977148
1520616808.261582375 0.835755 -0.567407 -3.710247 -0.090328 -0.217340 -0.037577 0.971181
1520616808.311583281 1.060870 -0.627770 -4.110046 -0.093614 -0.243416 -0.039438 0.964588
1520616808.361584425 1.265133 -0.698256 -4.491137 -0.096227 -0.265508 -0.042247 0.958364
1520616808.411588430 1.451591 -0.718850 -4.863363 -0.100219 -0.283238 -0.049513 0.952513
1520616808.461588144 1.702315 -0.726859 -5.259091 -0.106163 -0.302591 -0.055124 0.945584
1520616808.511589289 1.965766 -0.810792 -5.659757 -0.115772 -0.325503 -0.056964 0.936696
1520616808.561590195 2.248090 -0.975509 -6.085912 -0.128027 -0.350298 -0.055342 0.926195
1520616808.612308502 2.647393 -1.062034 -6.611102 -0.139258 -0.374868 -0.058896 0.914665
1520616808.662310600 2.798836 -1.413958 -6.970636 -0.153061 -0.395405 -0.062042 0.903536
1520616808.712311506 3.100900 -1.644035 -7.314857 -0.162171 -0.420105 -0.058064 0.890977
1520616808.762313366 3.483186 -1.853429 -7.644042 -0.172143 -0.444911 -0.050750 0.877408
1520616808.812314510 3.855170 -1.997429 -7.977355 -0.179939 -0.466406 -0.036987 0.865286
1520616808.862316608 4.284351 -2.029504 -8.285965 -0.182324 -0.490395 -0.019061 0.852002
1520616808.912317514 4.799667 -2.031273 -8.537314 -0.181777 -0.518487 -0.004461 0.835529
1520616808.962319613 5.317756 -1.948580 -8.771066 -0.179434 -0.545176 0.005481 0.818875
1520616809.012320518 5.783592 -1.987476 -8.997497 -0.181327 -0.568544 0.005912 0.802398
1520616809.065271139 5.875632 -1.994688 -9.035924 -0.183072 -0.591446 0.006337 0.785262
1520616809.115273237 5.875632 -1.994688 -9.035924 -0.183072 -0.591446 0.006337 0.785262
1520616809.165274143 5.857224 -1.993246 -9.028238 -0.183072 -0.591446 0.006337 0.785262
1520616809.215276003 5.842497 -1.992092 -9.022090 -0.183072 -0.591446 0.006337 0.785262
1520616809.265277147 0.087370 -0.138949 -0.986438 -0.037571 -0.042409 0.006999 0.998369
1520616809.315279007 0.126765 -0.171399 -1.310625 -0.039508 -0.050872 0.011148 0.997861
1520616809.365281105 0.171825 -0.156574 -1.622145 -0.032644 -0.057984 0.018737 0.997608
1520616809.415282249 0.219996 -0.113010 -1.927400 -0.023111 -0.062771 0.024503 0.997459
1520616809.468603611 0.218472 -0.076273 -2.247947 -0.018020 -0.063102 0.031738 0.997340
1520616809.518604755 0.195143 -0.068993 -2.134478 -0.018194 -0.060705 0.032427 0.997463
1520616809.568606615 0.196676 -0.109387 -2.272492 -0.026227 -0.058507 0.043230 0.997006
1520616809.618608713 0.195768 -0.169789 -2.412850 -0.037924 -0.056554 0.050970 0.996376
1520616809.668609858 0.205620 -0.229321 -2.554202 -0.047468 -0.056255 0.058668 0.995560
1520616809.718611717 0.220288 -0.277070 -2.697781 -0.053421 -0.058202 0.064390 0.994793
1520616809.768612623 0.270384 -0.302554 -2.846784 -0.057062 -0.065701 0.071539 0.993634
1520616809.818614721 0.324390 -0.305048 -3.000791 -0.058076 -0.074449 0.080824 0.992246
1520616809.869241238 0.379205 -0.297214 -3.156740 -0.055786 -0.080667 0.088290 0.991255
1520616809.919243574 0.419244 -0.258175 -3.303351 -0.051321 -0.085732 0.093138 0.990627
1520616809.969247580 0.483944 -0.208918 -3.432565 -0.047745 -0.093510 0.098173 0.989615
1520616810.019246340 0.532090 -0.188283 -3.566646 -0.047199 -0.098640 0.097784 0.989182
1520616810.069248438 0.567311 -0.193110 -3.699627 -0.049031 -0.102034 0.096932 0.988832
1520616810.119249344 0.587031 -0.244899 -3.830736 -0.053925 -0.103915 0.095374 0.988533
1520616810.169250488 0.617851 -0.288439 -3.971122 -0.057473 -0.104692 0.091725 0.988596
1520616810.219252586 0.635760 -0.336948 -4.110536 -0.059924 -0.104085 0.087499 0.988898
1520616810.269254446 0.620433 -0.368256 -4.258184 -0.061251 -0.099642 0.082309 0.989720
1520616810.319278240 0.592033 -0.418746 -4.408713 -0.063880 -0.093131 0.076427 0.990659
1520616810.369257450 0.565442 -0.428342 -4.554674 -0.064015 -0.088001 0.073275 0.991357
1520616810.419258356 0.570885 -0.410229 -4.703257 -0.061747 -0.085820 0.074412 0.991607
1520616810.469260454 0.570530 -0.353559 -4.842677 -0.056331 -0.082961 0.075664 0.992078
1520616810.519261360 0.541174 -0.293143 -4.984600 -0.049730 -0.077430 0.076223 0.992835
1520616810.569263458 0.500044 -0.236902 -5.126576 -0.043726 -0.071759 0.075503 0.993598
1520616810.619264603 0.455253 -0.222481 -5.265668 -0.040731 -0.065559 0.074893 0.994200
1520616810.669266462 0.424498 -0.228243 -5.407464 -0.039408 -0.060832 0.075948 0.994474
1520616810.719268322 0.422448 -0.266764 -5.545820 -0.040306 -0.059095 0.076093 0.994532
1520616810.769269466 0.447155 -0.315362 -5.678321 -0.043316 -0.059917 0.076576 0.994319
1520616810.819271326 0.511565 -0.369338 -5.812360 -0.047171 -0.064253 0.078631 0.993712
1520616810.869272470 0.579310 -0.385441 -5.943574 -0.048553 -0.068783 0.080379 0.993202
1520616810.919274569 0.609534 -0.315076 -6.078295 -0.044163 -0.069732 0.084306 0.993015
1520616810.969275475 0.635681 -0.244120 -6.205668 -0.038243 -0.071906 0.091009 0.992514
1520616811.019277573 0.697756 -0.110222 -6.324931 -0.029807 -0.077705 0.100126 0.991488
1520616811.069279432 0.734447 -0.019412 -6.445481 -0.023682 -0.079899 0.105860 0.990883
1520616811.119280338 0.714638 0.000943 -6.578800 -0.022734 -0.077737 0.114132 0.990159
1520616811.169282675 0.674182 -0.067460 -6.716597 -0.027614 -0.072994 0.123074 0.989324
1520616811.219283342 0.596474 -0.227105 -6.855210 -0.037830 -0.065072 0.131638 0.988436
1520616811.269285440 0.473764 -0.427472 -6.996569 -0.049548 -0.053463 0.141732 0.987218
1520616811.319287539 0.312668 -0.599540 -7.128360 -0.059234 -0.039490 0.151599 0.985875
1520616811.369288445 0.153800 -0.748732 -7.257524 -0.067017 -0.025671 0.160625 0.984403
1520616811.419290304 -0.005207 -0.809902 -7.389649 -0.068979 -0.012708 0.174806 0.982101
1520616811.469291449 -0.174757 -0.810451 -7.515738 -0.066444 0.000457 0.189400 0.979649
1520616811.519293547 -0.402066 -0.835419 -7.638781 -0.064579 0.016645 0.201374 0.977242
1520616811.569294453 -0.649492 -0.892895 -7.743331 -0.064919 0.034545 0.212346 0.974424
1520616811.619296551 -0.908521 -1.023581 -7.830050 -0.068495 0.054175 0.225963 0.970214
1520616811.669297457 -1.175216 -1.182675 -7.903471 -0.072682 0.074124 0.238192 0.965654
1520616811.719299316 -1.421124 -1.325013 -7.973561 -0.075695 0.092480 0.249286 0.961028
1520616811.769301414 -1.661283 -1.485733 -8.035207 -0.079307 0.110010 0.259435 0.956191
1520616811.819302320 -1.865201 -1.668077 -8.092355 -0.084653 0.126147 0.270341 0.950703
1520616811.869304657 -2.034065 -1.889388 -8.136887 -0.092010 0.140977 0.280191 0.945067
1520616811.918231726 -2.246251 -2.079542 -8.161390 -0.098312 0.157052 0.287802 0.939595
1520616811.968276024 -2.494921 -2.251829 -8.170722 -0.103281 0.175801 0.290710 0.934834
1520616812.018234968 -2.751256 -2.439745 -8.155937 -0.107980 0.195464 0.297334 0.928292
1520616812.068236828 -2.990239 -2.625331 -8.136417 -0.112176 0.213931 0.305614 0.921005
1520616812.118237972 -3.225591 -2.818866 -8.102496 -0.116388 0.232544 0.312011 0.913798
1520616812.168239832 -3.521580 -2.982593 -8.031650 -0.118132 0.253952 0.317917 0.905804
1520616812.218240976 -3.858217 -3.171475 -7.923775 -0.120023 0.278022 0.319799 0.897790
1520616812.268242836 -4.203827 -3.363412 -7.785756 -0.122062 0.303071 0.320553 0.889098
1520616812.317203283 -4.534334 -3.589782 -7.634674 -0.125886 0.327173 0.319219 0.880460
1520616812.367204189 -4.897575 -3.759136 -7.457207 -0.128099 0.351887 0.313311 0.872698
1520616812.417206287 -5.227165 -3.949571 -7.258706 -0.132185 0.375264 0.307630 0.864331
1520616812.467207193 -5.532566 -4.157168 -7.044211 -0.137861 0.397682 0.299728 0.856158
1520616812.517209053 -5.867641 -4.296060 -6.806547 -0.139832 0.420937 0.292290 0.847246
1520616812.567210197 -6.246651 -4.316769 -6.563369 -0.134780 0.445106 0.286576 0.837609
1520616812.617212057 -6.626017 -4.275664 -6.325887 -0.124580 0.468894 0.286617 0.826117
1520616812.667214155 -6.950476 -4.248986 -6.106967 -0.113642 0.490269 0.291643 0.813429
1520616812.715496540 -7.225864 -4.265959 -5.871882 -0.105134 0.509868 0.296879 0.800528
1520616812.765498400 -7.442773 -4.370845 -5.620684 -0.101120 0.528972 0.300491 0.787190
1520616812.815499544 -7.689923 -4.439321 -5.332276 -0.097061 0.548921 0.299194 0.774434
1520616812.865501404 -7.938636 -4.494702 -5.003414 -0.093872 0.569649 0.295941 0.760991
1520616812.915502548 -8.163835 -4.526260 -4.699511 -0.091143 0.588519 0.290632 0.748914
1520616812.965504408 -8.423752 -4.451508 -4.383208 -0.084279 0.607736 0.282459 0.737408
1520616813.015506506 -8.729359 -4.223055 -4.068621 -0.070739 0.626877 0.270895 0.727074
1520616813.065507650 -9.048620 -3.910651 -3.731491 -0.054621 0.646054 0.256398 0.716862
1520616813.112667084 -9.392884 -3.598808 -3.371419 -0.039775 0.665605 0.237853 0.706268
1520616813.162668943 -9.758458 -3.177470 -2.964579 -0.022725 0.685325 0.215440 0.695269
1520616813.212670326 -10.015948 -2.740708 -2.632353 -0.005778 0.701660 0.193929 0.685588
1520616813.262672186 -10.216950 -2.252618 -2.347792 0.012984 0.715233 0.171181 0.677473
1520616813.312673092 -10.368784 -1.772237 -2.080296 0.031548 0.727457 0.150721 0.668651
1520616813.362675190 -10.479617 -1.343182 -1.861458 0.048977 0.737393 0.134015 0.660221
1520616813.412676096 -10.542704 -0.886374 -1.729532 0.068938 0.743736 0.120836 0.653837
1520616813.462677956 -10.599613 -0.318016 -1.606062 0.094279 0.748599 0.107073 0.647492
1520616813.511425018 -10.636759 0.248159 -1.485465 0.120235 0.752193 0.094230 0.640992
1520616813.561426878 -10.623151 0.754710 -1.422559 0.145533 0.753478 0.086163 0.635349
1520616813.611492872 -10.572279 1.155774 -1.373141 0.166328 0.754170 0.085208 0.629525
1520616813.661430120 -10.534192 1.504781 -1.277444 0.183800 0.756549 0.081349 0.622282
1520616813.711431026 -10.471374 1.804072 -1.236824 0.197822 0.757446 0.079048 0.617166
1520616813.761432886 -10.413581 2.033536 -1.248268 0.208413 0.757575 0.077067 0.613763
1520616813.811434031 -10.330683 2.251597 -1.333756 0.217116 0.755884 0.075158 0.613068
1520616813.861435890 -10.255891 2.462188 -1.415301 0.222452 0.755372 0.066632 0.612771
1520616813.911437750 -10.187309 2.617846 -1.497272 0.223642 0.756615 0.058138 0.611668
1520616813.961328983 -10.151497 2.730618 -1.533033 0.220768 0.760825 0.044410 0.608633
1520616814.011330843 -10.157664 2.779654 -1.533441 0.214001 0.767189 0.029984 0.603925
1520616814.061331987 -10.145553 2.790268 -1.590120 0.203445 0.772729 0.013749 0.601092
1520616814.111333847 -10.154894 2.792048 -1.688163 0.190389 0.777406 -0.005874 0.599464
1520616814.161334753 -10.147390 2.798017 -1.841675 0.177304 0.779866 -0.024806 0.599798
1520616814.211336851 -10.157788 2.782206 -1.942855 0.165214 0.783085 -0.040446 0.598203
1520616814.261338949 -10.180373 2.765196 -2.038391 0.156389 0.785469 -0.050705 0.596665
1520616814.311339855 -10.157843 2.863846 -2.110476 0.155080 0.786913 -0.059102 0.594328
1520616814.361090660 -10.162922 3.015364 -2.136921 0.158387 0.789075 -0.065525 0.589899
1520616814.411091566 -10.191258 3.129289 -2.130268 0.161007 0.792160 -0.068306 0.584716
1520616814.461093426 -10.271669 3.162344 -2.036759 0.159591 0.798276 -0.071298 0.576370
1520616814.511094570 -10.409895 3.051428 -1.882069 0.151658 0.806921 -0.073728 0.566077
1520616814.561096430 -10.585367 2.863055 -1.686881 0.140039 0.816769 -0.074081 0.554788
1520616814.611098289 -10.776775 2.558134 -1.557289 0.124219 0.825082 -0.071428 0.546541
1520616814.661100626 -10.955280 2.211314 -1.516438 0.108037 0.830620 -0.068270 0.541976
1520616814.711101532 -11.121940 1.854897 -1.515450 0.093533 0.834554 -0.060220 0.539578
1520616814.760954142 -11.267597 1.508003 -1.508537 0.081677 0.838267 -0.052776 0.536519
1520616814.810956240 -11.396520 1.230284 -1.471189 0.073943 0.841926 -0.044047 0.532684
1520616814.860958099 -11.512098 0.964690 -1.424201 0.068629 0.845744 -0.032043 0.528185
1520616814.910959005 -11.599316 0.582683 -1.481454 0.060133 0.847050 -0.016656 0.527838
1520616814.960960150 -11.702209 0.146390 -1.587297 0.049763 0.847485 -0.000609 0.528482
1520616815.010962248 -11.763473 -0.237196 -1.744906 0.040830 0.846728 0.012350 0.530312
1520616815.060964108 -11.822791 -0.462326 -1.838123 0.037296 0.846868 0.019317 0.530142
1520616815.110965252 -11.891897 -0.545305 -1.892279 0.038389 0.847804 0.024812 0.528337
1520616815.160938740 -11.915370 -0.770190 -2.086966 0.034155 0.845870 0.032947 0.531274
1520616815.210939646 -11.923169 -0.937826 -2.328328 0.032834 0.842828 0.041220 0.535597
1520616815.261025906 -11.929858 -0.876015 -2.487650 0.040775 0.841259 0.049440 0.536820
1520616815.310942650 -11.978399 -0.716951 -2.447111 0.054352 0.843686 0.059722 0.530728
1520616815.360944748 -12.014944 -0.620065 -2.363825 0.066105 0.846821 0.071907 0.522833
1520616815.410945892 -12.040920 -0.549121 -2.275688 0.075641 0.849920 0.080928 0.515136
1520616815.460947752 -12.067445 -0.597699 -2.092401 0.080746 0.855343 0.090583 0.503650
1520616815.510949612 -12.093666 -0.692343 -1.804542 0.085032 0.862812 0.101341 0.487909
1520616815.560867310 -12.128062 -0.704014 -1.322461 0.092904 0.873426 0.108969 0.465426
1520616815.610869408 -12.128253 -0.744054 -0.874605 0.099384 0.882924 0.116745 0.443778
1520616815.660870314 -12.106186 -0.797142 -0.342940 0.103717 0.893735 0.119606 0.419732
1520616815.710872412 -12.043836 -0.877371 0.213689 0.104510 0.904828 0.119429 0.395096
1520616815.760873556 -11.946532 -0.931461 0.799731 0.105149 0.915841 0.117208 0.369380
1520616815.810875416 -11.800348 -0.834278 1.491288 0.110465 0.927291 0.109580 0.340473
1520616815.860877275 -11.597718 -0.727831 2.241286 0.115688 0.938605 0.102195 0.308535
1520616815.910878420 -11.339106 -0.533602 3.004297 0.123921 0.948796 0.092792 0.275353
1520616815.960880280 -11.039322 -0.374358 3.713767 0.130193 0.957535 0.083731 0.243239
1520616816.011795282 -10.994888 -0.353816 3.800966 0.136305 0.965098 0.074567 0.210825
1520616816.061797142 -10.994888 -0.353816 3.800966 0.136305 0.965098 0.074567 0.210825
1520616816.111799240 -11.003775 -0.357924 3.783526 0.136305 0.965098 0.074567 0.210825
1520616816.161800146 -11.010884 -0.361211 3.769575 0.136305 0.965098 0.074567 0.210825
1520616816.211802006 -11.010884 -0.361211 3.769575 0.136305 0.965098 0.074567 0.210825
1520616816.261803150 0.082872 0.605209 -0.791741 -0.012568 0.030306 0.010781 0.999404
1520616816.311805248 -0.005266 1.150793 -1.652773 -0.030188 0.062222 0.017332 0.997455
1520616816.361807108 -0.058273 1.572362 -2.394580 -0.051494 0.089075 0.025965 0.994354
1520616816.412320852 0.474619 0.702567 -3.200634 -0.088696 0.097199 0.031234 0.990813
1520616816.462322712 0.177232 0.566376 -3.739401 -0.107400 0.122648 0.037617 0.985904
1520616816.512323856 -0.054582 0.550735 -4.181736 -0.117346 0.146380 0.046003 0.981166
1520616816.562324762 -0.390319 0.303170 -4.519172 -0.124630 0.168139 0.055525 0.976275
1520616816.612326622 -0.585168 0.091696 -4.745935 -0.128035 0.186327 0.068654 0.971687
1520616816.662328720 -0.722041 -0.035263 -4.954313 -0.127116 0.200836 0.082629 0.967822
1520616816.712329626 -0.836369 -0.150044 -5.146318 -0.124646 0.211894 0.096424 0.964503
1520616816.762331724 -0.910184 -0.288507 -5.339008 -0.122331 0.228509 0.109319 0.959619
1520616816.812090158 -1.026815 -0.396174 -5.555793 -0.118412 0.246271 0.119841 0.954446
1520616816.862092018 -1.074189 -0.497816 -5.736131 -0.116980 0.263305 0.127753 0.949034
1520616816.912197113 -1.105356 -0.629833 -5.941382 -0.116529 0.281574 0.130928 0.943395
1520616816.962095022 -1.187835 -0.735504 -6.169471 -0.113250 0.303713 0.133978 0.936473
1520616817.012095928 -1.226190 -0.842081 -6.414173 -0.107790 0.327629 0.139693 0.928185
1520616817.062098265 -1.362039 -0.994338 -6.736999 -0.097353 0.356156 0.144883 0.917978
1520616817.112100124 -1.451400 -1.158466 -7.081808 -0.086525 0.382993 0.147461 0.907791
1520616817.162101030 -1.457775 -1.226369 -7.398228 -0.072397 0.409692 0.146333 0.897495
1520616817.212283134 -1.567302 -1.332001 -7.821692 -0.059601 0.436648 0.147929 0.885383
1520616817.262284040 -1.626772 -1.310075 -8.214899 -0.046676 0.463066 0.153766 0.871635
1520616817.312285900 -1.761359 -1.275834 -8.746854 -0.032530 0.492101 0.154355 0.856126
1520616817.362287045 -1.834804 -1.396636 -9.257032 -0.023450 0.521051 0.148102 0.840251
1520616817.412289143 -2.004230 -1.429389 -9.733865 -0.015687 0.552728 0.138726 0.821584
1520616817.462291002 -2.141259 -1.466822 -10.126114 -0.007705 0.585509 0.126625 0.800679
1520616817.512292147 -2.349048 -1.229906 -10.551123 0.001628 0.619151 0.117866 0.776375
1520616817.562294006 -2.882925 -1.205362 -10.946486 0.008414 0.655612 0.105853 0.747595
1520616817.613727570 -3.266371 -1.016217 -11.230650 0.017712 0.687332 0.096517 0.719685
1520616817.663729429 -3.943976 -0.281473 -11.576569 0.036132 0.718563 0.093604 0.688186
1520616817.713730574 -4.189528 0.135554 -11.816996 0.050035 0.743654 0.086615 0.661039
1520616817.763732433 -4.637046 0.721632 -12.036651 0.067344 0.768878 0.084234 0.630235
1520616817.813733339 -5.153725 1.135447 -12.196353 0.078114 0.793656 0.087147 0.597004
1520616817.863735437 -5.777072 1.525524 -12.284093 0.084648 0.817885 0.088350 0.562222
1520616817.913737535 -6.491432 1.661342 -12.429463 0.082853 0.840427 0.083825 0.528952
1520616817.963739395 -7.179559 1.743205 -12.580371 0.080781 0.860385 0.070938 0.498176
1520616818.014805079 -8.134089 1.605323 -12.631041 0.075772 0.880780 0.050306 0.464709
1520616818.064806938 -9.187419 1.451801 -12.566485 0.069249 0.898641 0.032344 0.431975
1520616818.114807844 -10.077205 1.524183 -12.410851 0.069202 0.913349 0.016524 0.400913
1520616818.164808989 -10.765657 1.681401 -12.365333 0.069931 0.923304 0.007072 0.377585
1520616818.214810848 -11.385485 1.927599 -12.400816 0.073222 0.930078 0.003714 0.359973
1520616818.264812708 -12.031116 1.980961 -12.473947 0.070296 0.935786 0.007771 0.345402
1520616818.314813852 -12.506241 1.879413 -12.766227 0.064230 0.938515 0.014690 0.338892
1520616818.364815950 -12.853027 1.536802 -13.251068 0.054977 0.939064 0.020949 0.338671
1520616818.414816856 -13.093732 1.265667 -13.765169 0.049922 0.938835 0.023610 0.339911
1520616818.462631464 -13.131265 1.222261 -13.847067 0.044865 0.938574 0.026271 0.341139
1520616818.512632370 -13.131265 1.222261 -13.847067 0.044865 0.938574 0.026271 0.341139
1520616818.562634230 -13.123758 1.230942 -13.830687 0.044865 0.938574 0.026271 0.341139
1520616818.612636328 -13.117753 1.237887 -13.817583 0.044865 0.938574 0.026271 0.341139
1520616818.662637234 -0.305730 -0.413961 -0.857418 0.019656 -0.018414 -0.012909 0.999554
1520616818.712639570 -0.350895 -0.546603 -1.161068 0.034855 -0.026097 -0.012499 0.998973
1520616818.762640476 -0.332580 -0.706051 -1.461628 0.048441 -0.034877 -0.010984 0.998156
1520616818.812642336 -0.290021 -0.860716 -1.767936 0.058387 -0.042634 -0.013521 0.997292
1520616818.865568161 -0.276558 -0.903738 -1.857198 0.068324 -0.050384 -0.016055 0.996261
1520616818.915570259 -0.276558 -0.903738 -1.857198 0.068324 -0.050384 -0.016055 0.996261
1520616818.965571404 -0.279251 -0.895134 -1.839346 0.068324 -0.050384 -0.016055 0.996261
1520616819.015573263 -0.281405 -0.888250 -1.825064 0.068324 -0.050384 -0.016055 0.996261
1520616819.065575123 -0.283128 -0.882743 -1.813638 0.068324 -0.050384 -0.016055 0.996261
1520616819.115576267 0.328469 -0.259005 -0.908309 0.018813 0.024018 -0.037693 0.998824
1520616819.165578127 0.401155 -0.232983 -1.147041 0.027420 0.035670 -0.044898 0.997978
1520616819.215580225 0.464605 -0.164555 -1.381811 0.035235 0.047978 -0.049796 0.996984
1520616819.267743349 0.498710 -0.000666 -1.641835 0.045698 0.062422 -0.053538 0.995565
1520616819.317744493 0.510988 -0.027469 -1.892045 0.046307 0.074960 -0.046535 0.995023
1520616819.367746353 0.457120 -0.040246 -2.162542 0.043140 0.086281 -0.041829 0.994457
1520616819.417747259 0.378117 0.021195 -2.435683 0.036822 0.094368 -0.035402 0.994226
1520616819.467749357 0.234057 0.029420 -2.728112 0.022924 0.101452 -0.034432 0.993980
1520616819.517751217 0.108306 -0.024592 -3.030959 0.002240 0.104555 -0.034502 0.993918
1520616819.567753315 -0.061119 -0.093069 -3.327186 -0.022232 0.106226 -0.036225 0.993433
1520616819.617754459 -0.310587 -0.204312 -3.582693 -0.045627 0.109177 -0.039266 0.992198
1520616819.668343306 -0.580451 -0.324739 -3.860744 -0.064753 0.106649 -0.038065 0.991456
1520616819.718344212 -0.821366 -0.348011 -4.145762 -0.075498 0.101599 -0.033150 0.991402
1520616819.768346071 -1.085696 -0.310947 -4.430417 -0.079970 0.096397 -0.026399 0.991774
1520616819.818347216 -1.323912 -0.278850 -4.716664 -0.082092 0.090327 -0.019967 0.992322
1520616819.868349075 -1.498432 -0.227159 -5.043012 -0.081817 0.082325 -0.016007 0.993113
1520616819.918349981 -1.704627 -0.237114 -5.341933 -0.082593 0.075847 -0.014284 0.993590
1520616819.968352318 -1.969868 -0.245626 -5.623056 -0.083980 0.071552 -0.012765 0.993813
1520616820.018354177 -2.229631 -0.342688 -5.899900 -0.089010 0.070080 -0.014002 0.993464
1520616820.069560528 -2.509049 -0.386983 -6.138569 -0.092164 0.076365 -0.020065 0.992608
1520616820.119561434 -2.786469 -0.329258 -6.344502 -0.091994 0.083581 -0.026576 0.991890
1520616820.169563293 -3.007891 -0.364493 -6.576450 -0.092334 0.085362 -0.032820 0.991519
1520616820.219565630 -3.171131 -0.190997 -6.843013 -0.083350 0.080612 -0.042897 0.992328
1520616820.269566536 -3.078901 -0.005645 -7.227248 -0.069944 0.059359 -0.049449 0.994555
1520616820.319568396 -2.755432 0.224302 -7.699030 -0.056065 0.025250 -0.061075 0.996237
1520616820.369569540 -2.256029 0.336626 -8.205664 -0.044507 -0.018081 -0.066021 0.996661
1520616820.419571400 -1.584556 0.360175 -8.676645 -0.033534 -0.068995 -0.064836 0.994943
1520616820.469572306 -0.809420 0.472885 -9.086964 -0.020718 -0.118660 -0.067608 0.990414
1520616820.517346621 0.172918 0.822892 -9.362643 -0.000658 -0.170037 -0.068480 0.983055
1520616820.567347765 1.045619 1.277530 -9.454098 0.023138 -0.215157 -0.066151 0.974062
1520616820.617349625 1.628663 1.587440 -9.524167 0.041467 -0.248540 -0.055805 0.966123
1520616820.667351484 2.146282 1.965237 -9.554416 0.060152 -0.276330 -0.036509 0.958483
1520616820.717352629 2.437252 2.282600 -9.639131 0.075041 -0.293389 -0.004762 0.953031
1520616820.767354727 2.515739 2.586607 -9.768669 0.087330 -0.297168 0.021947 0.950570
1520616820.817355633 2.231656 2.864838 -9.975247 0.099046 -0.286017 0.053028 0.951615
1520616820.867357731 1.609463 2.978003 -10.262555 0.105144 -0.258642 0.081859 0.956738
1520616820.919586658 0.446438 2.983365 -10.625409 0.108625 -0.210765 0.121326 0.963877
1520616820.969588518 -0.771038 2.406370 -10.922135 0.093943 -0.156328 0.160651 0.970014
1520616821.019590378 -2.112055 1.500610 -11.072727 0.069225 -0.091985 0.190694 0.974876
1520616821.069591522 -3.706343 0.443859 -10.927847 0.040408 -0.013747 0.209953 0.976779
1520616821.119593382 -5.412377 -0.656583 -10.360354 0.010852 0.073438 0.220315 0.972600
1520616821.169595480 -6.969530 -1.757645 -9.396372 -0.020983 0.160590 0.224371 0.960952
1520616821.219596624 -8.371704 -2.633301 -8.086311 -0.046679 0.246745 0.226542 0.941072
1520616821.269598484 -9.481121 -3.288475 -6.561693 -0.069565 0.327060 0.221370 0.916072
1520616821.317485094 -10.311761 -3.212270 -5.142245 -0.065704 0.392257 0.212312 0.892604
1520616821.367486238 -10.991225 -3.005412 -3.544490 -0.064826 0.459182 0.189588 0.865451
1520616821.417488098 -11.522868 -2.401488 -1.866094 -0.052827 0.525205 0.158392 0.834434
1520616821.467489243 -11.801325 -1.553027 -0.313906 -0.029925 0.582653 0.126670 0.802231
1520616821.517490149 -11.835959 -0.501566 1.033181 0.001061 0.629470 0.091827 0.771579
1520616821.567492008 -11.654454 0.626119 2.172115 0.033881 0.666589 0.053701 0.742716
1520616821.617493153 -11.343804 1.692691 3.005884 0.064847 0.692114 0.017048 0.718667
1520616821.667495251 -11.011655 2.582304 3.507033 0.089808 0.706589 -0.014868 0.701745
1520616821.713176489 -10.972105 2.662707 3.551431 0.114577 0.719553 -0.046752 0.683323
1520616821.763178587 -10.972105 2.662707 3.551431 0.114577 0.719553 -0.046752 0.683323
1520616821.813185453 -10.980015 2.646627 3.542551 0.114577 0.719553 -0.046752 0.683323
1520616821.863181591 -10.986343 2.633762 3.535448 0.114577 0.719553 -0.046752 0.683323
1520616821.913183451 -10.991405 2.623471 3.529765 0.114577 0.719553 -0.046752 0.683323
1520616821.963184595 -0.061659 -0.282902 -0.957165 -0.044447 -0.024404 -0.071856 0.996125
1520616822.013186455 -0.030997 -0.323754 -1.174262 -0.044360 -0.044250 -0.065248 0.995900
1520616822.063187361 -0.003563 -0.354366 -1.389110 -0.036874 -0.060826 -0.043838 0.996503
1520616822.111990929 0.090113 -0.403931 -1.597779 -0.025352 -0.070817 -0.013512 0.997076
1520616822.161991835 0.132990 -0.420870 -1.686518 -0.013801 -0.080727 0.016828 0.996499
1520616822.211994171 0.132990 -0.420870 -1.686518 -0.013801 -0.080727 0.016828 0.996499
1520616822.261996031 0.124415 -0.417482 -1.668770 -0.013801 -0.080727 0.016828 0.996499
1520616822.311996937 0.113480 -0.189479 -0.975305 -0.007235 0.044946 0.091310 0.994781
1520616822.361999035 0.156211 -0.253740 -1.483357 -0.018561 0.077631 0.132869 0.987914
1520616822.411999941 0.177497 -0.315175 -1.987436 -0.032332 0.120129 0.167113 0.978058
1520616822.462002039 0.189817 -0.316359 -2.470741 -0.045732 0.168037 0.193871 0.965446
1520616822.511841774 0.152717 -0.388011 -2.929186 -0.060337 0.223315 0.212162 0.949461
1520616822.561843872 0.054616 -0.490993 -3.426718 -0.075164 0.282504 0.224474 0.929598
1520616822.611844778 -0.180448 -0.557292 -3.909523 -0.081652 0.343997 0.222000 0.908689
1520616822.661846876 -0.508054 -0.602803 -4.262850 -0.080438 0.404002 0.208771 0.886976
1520616822.711848974 -0.819641 -0.683735 -4.570023 -0.076691 0.457540 0.189081 0.865462
1520616822.761849880 -1.148905 -0.699531 -4.873113 -0.072367 0.503857 0.168282 0.844140
1520616822.811851740 -1.470648 -0.803171 -5.180206 -0.065930 0.544513 0.140658 0.824242
1520616822.861853838 -1.832183 -0.812558 -5.489539 -0.055302 0.579586 0.108137 0.805809
1520616822.911854744 -2.150927 -0.808674 -5.819163 -0.041629 0.607561 0.073340 0.789784
1520616822.961549520 -2.470883 -0.708874 -6.112025 -0.025764 0.628307 0.042346 0.776384
1520616823.011550665 -2.757899 -0.488966 -6.450305 -0.005364 0.644380 0.011514 0.764600
1520616823.061552525 -3.014888 -0.314879 -6.763213 0.014046 0.657499 -0.017922 0.753111
1520616823.111553431 -3.190402 -0.164912 -7.108792 0.028419 0.665550 -0.044869 0.744461
1520616823.161555767 -3.298381 -0.089520 -7.496470 0.038078 0.670001 -0.074013 0.737680
1520616823.211557627 -3.416923 -0.003768 -7.882433 0.047353 0.672257 -0.103257 0.731551
1520616823.261558533 -3.500569 0.030751 -8.274078 0.057129 0.673266 -0.133953 0.724918
1520616823.311560631 -3.559017 0.073464 -8.675732 0.068760 0.672886 -0.164156 0.718017
1520616823.361238003 -3.677050 0.071685 -9.062441 0.076046 0.674391 -0.188943 0.709728
1520616823.411239862 -3.800642 0.013642 -9.445680 0.079271 0.675951 -0.205729 0.703195
1520616823.461263180 -3.947473 -0.051825 -9.828075 0.080228 0.678436 -0.216158 0.697541
1520616823.511243105 -4.073021 -0.058784 -10.199117 0.082976 0.681754 -0.222142 0.692083
1520616823.561244011 -4.159782 0.131800 -10.602059 0.092100 0.684922 -0.225483 0.686701
1520616823.611246109 -4.097662 0.453044 -11.079241 0.106268 0.685265 -0.226470 0.683982
1520616823.661247015 -4.051111 0.830380 -11.515037 0.122181 0.685827 -0.229318 0.679799
1520616823.711248875 -3.972287 1.125759 -11.992003 0.136016 0.684065 -0.232172 0.677976
1520616823.761011600 -3.814007 1.373442 -12.555731 0.147695 0.679551 -0.233856 0.679491
1520616823.811013699 -3.608592 1.549259 -13.038714 0.157518 0.673884 -0.236931 0.681860
1520616823.861015558 -3.377367 1.573846 -13.568877 0.164864 0.665733 -0.243335 0.685863
1520616823.911016703 -3.042458 1.548942 -14.129734 0.172604 0.654798 -0.250742 0.691792
1520616823.961018562 -2.709876 1.433977 -14.750546 0.179406 0.641898 -0.257143 0.699756
1520616824.011019707 -2.255739 1.330849 -15.402025 0.183694 0.627336 -0.256878 0.711843
1520616824.061021805 -1.792734 1.058329 -16.081451 0.180935 0.611636 -0.252512 0.727600
1520616824.111022711 -1.253264 0.702459 -16.771951 0.170530 0.596415 -0.240680 0.746513
1520616824.161719322 -0.724479 0.448261 -17.342851 0.157224 0.581789 -0.224580 0.765745
1520616824.211720228 -0.074908 -0.011634 -17.830017 0.139160 0.565957 -0.205510 0.786189
1520616824.261722326 0.848433 -0.300347 -18.287449 0.123410 0.545143 -0.185962 0.808088
1520616824.311724186 1.808734 -0.581254 -18.678152 0.108074 0.522597 -0.167630 0.828923
1520616824.361725092 2.655103 -0.848546 -19.020334 0.092385 0.502301 -0.150679 0.846436
1520616824.411727428 3.565658 -1.179802 -19.306769 0.071320 0.481603 -0.129664 0.863805
1520616824.461729288 4.413268 -1.457313 -19.564393 0.050313 0.462806 -0.108279 0.878382
1520616824.511730194 5.129119 -1.542455 -19.826006 0.032699 0.447536 -0.085912 0.889529
1520616824.561630011 5.712992 -1.385824 -20.096540 0.017252 0.435551 -0.059720 0.898015
1520616824.611630917 6.140737 -1.208502 -20.404031 0.002345 0.427422 -0.035321 0.903359
1520616824.661632776 6.234225 -1.257529 -20.767574 -0.014393 0.425493 -0.019459 0.904638
1520616824.711633921 6.248304 -1.467531 -21.137558 -0.036065 0.425678 -0.004003 0.904147
1520616824.761635780 6.170520 -1.753140 -21.525560 -0.059748 0.428890 0.011013 0.901311
1520616824.811636925 5.937482 -1.992004 -21.932914 -0.084029 0.434892 0.028871 0.896088
1520616824.861639023 5.641401 -2.089621 -22.363448 -0.104073 0.441481 0.047362 0.889955
1520616824.911640882 5.257397 -2.124649 -22.811816 -0.117202 0.449777 0.062421 0.883215
1520616824.961117744 4.840986 -2.006017 -23.324522 -0.122728 0.459718 0.074348 0.876396
1520616825.011119604 4.261185 -1.739944 -23.825778 -0.123879 0.471814 0.086440 0.868662
1520616825.061120749 3.646711 -1.601306 -24.315884 -0.124385 0.485238 0.095559 0.860198
1520616825.111160755 2.904297 -1.507941 -24.807548 -0.122864 0.500448 0.099952 0.851156
1520616825.161123753 2.184688 -1.652761 -25.260391 -0.121594 0.516481 0.098176 0.841917
1520616825.211125851 1.273211 -1.922847 -25.701381 -0.116591 0.535462 0.089177 0.831706
1520616825.261126757 0.223550 -1.973809 -26.095370 -0.107392 0.556055 0.080786 0.820210
1520616825.311128855 -0.964294 -1.747613 -26.475999 -0.091707 0.577404 0.071513 0.808134
1520616825.361129761 -2.229626 -1.651105 -26.743111 -0.076013 0.598549 0.058425 0.795328
1520616825.410990953 -3.240259 -1.557528 -27.004177 -0.060513 0.615080 0.042636 0.784982
1520616825.460992813 -3.943195 -1.458708 -27.281782 -0.045919 0.627251 0.026135 0.777023
1520616825.510993719 -4.749492 -1.314890 -27.497520 -0.030500 0.640054 0.008056 0.767682
1520616825.560995817 -5.543625 -1.137769 -27.700542 -0.013985 0.651788 -0.012099 0.758175
1520616825.610996723 -6.084047 -1.050768 -27.934456 -0.000371 0.659836 -0.030521 0.750789
1520616825.660998583 -6.632455 -1.072518 -28.165867 0.011558 0.666995 -0.049513 0.743325
1520616825.710999727 -7.256606 -0.975219 -28.349500 0.024107 0.674498 -0.067561 0.734784
1520616825.761001825 -7.799116 -0.803226 -28.552612 0.035976 0.680815 -0.083163 0.726829
1520616825.811155796 -8.116580 -0.593255 -28.781760 0.045143 0.685062 -0.093677 0.721025
1520616825.861157656 -8.532015 -0.584233 -28.965630 0.052955 0.687905 -0.109191 0.715583
1520616825.911159515 -8.558043 -0.869022 -29.230434 0.056416 0.686116 -0.124176 0.714592
1520616825.961160660 -8.327540 -1.215043 -29.574604 0.058449 0.680839 -0.137634 0.717007
1520616826.011162519 -7.511551 -1.710296 -30.051168 0.056765 0.668543 -0.146584 0.726870
1520616826.061164618 -6.451439 -2.489017 -30.535679 0.052260 0.652244 -0.156937 0.739741
1520616826.111165762 -5.369937 -3.340788 -30.940626 0.049323 0.634481 -0.172122 0.751914
1520616826.161167622 -4.026715 -4.417038 -31.287861 0.043261 0.613559 -0.185744 0.766272
1520616826.211901665 -2.190701 -5.913674 -31.530190 0.031591 0.585943 -0.197666 0.785240
1520616826.261902809 0.054751 -7.225887 -31.585128 0.022620 0.553522 -0.207804 0.806176
1520616826.311903715 2.305270 -8.626052 -31.391401 0.013040 0.518898 -0.219038 0.826194
1520616826.361905575 4.800475 -9.964457 -30.938345 0.005215 0.479593 -0.230378 0.846693
1520616826.411907911 7.254390 -11.342169 -30.188579 -0.002642 0.438349 -0.242570 0.865450
1520616826.461908817 9.701754 -12.599516 -29.172222 -0.010263 0.395433 -0.252832 0.882952
1520616826.511909723 12.311423 -13.795941 -27.789138 -0.019374 0.348756 -0.259516 0.900358
1520616826.561912775 14.927680 -14.794923 -26.097384 -0.028692 0.300314 -0.262719 0.916497
1520616826.612506151 17.297319 -15.699160 -24.186131 -0.038005 0.252147 -0.265508 0.929776
1520616826.662507057 19.417484 -16.391701 -22.160712 -0.047730 0.206498 -0.265930 0.940405
1520616826.712509155 21.170930 -16.935954 -20.136925 -0.059056 0.165356 -0.265145 0.948086
1520616826.762565136 22.465858 -17.542693 -18.169460 -0.071785 0.128899 -0.266628 0.952440
1520616826.812511921 23.715231 -18.050605 -15.999975 -0.085378 0.090750 -0.266782 0.955669
1520616826.862513065 24.902500 -18.356586 -13.625224 -0.097742 0.050256 -0.265360 0.957865
1520616826.912515163 25.935439 -18.423331 -11.325079 -0.106797 0.011342 -0.262711 0.958879
1520616826.962517023 26.891549 -18.265549 -8.950973 -0.112807 -0.028713 -0.258382 0.959004
1520616827.011626482 27.623003 -18.021610 -6.547161 -0.116574 -0.068612 -0.254364 0.957602
1520616827.061628342 28.343501 -17.556844 -3.687212 -0.114851 -0.116856 -0.249796 0.954335
1520616827.111629486 28.755039 -17.056090 -0.654924 -0.115488 -0.165884 -0.244485 0.948352
1520616827.161631584 28.947440 -16.283362 2.553014 -0.117704 -0.216837 -0.235144 0.940125
1520616827.211632490 28.871705 -15.231981 5.899474 -0.120913 -0.269370 -0.222482 0.929151
1520616827.261634588 28.462024 -13.906165 9.263525 -0.126370 -0.321800 -0.206526 0.915326
1520616827.311635494 27.600522 -12.328538 12.742738 -0.129119 -0.377696 -0.188235 0.897353
1520616827.361637354 26.288680 -10.957591 15.859355 -0.129552 -0.429582 -0.174060 0.876572
1520616827.411665440 24.910068 -9.777824 18.261061 -0.130591 -0.471190 -0.161952 0.857145
1520616827.461434364 23.523567 -8.633616 20.217963 -0.131582 -0.506815 -0.149947 0.838654
1520616827.511436224 22.113459 -7.284734 21.936028 -0.130460 -0.540453 -0.133876 0.820346
1520616827.561437368 20.407892 -6.018615 23.576608 -0.129703 -0.574597 -0.119225 0.799250
1520616827.611439466 18.735386 -5.012147 24.847924 -0.130783 -0.603446 -0.108384 0.779103
1520616827.661440611 17.279926 -4.063942 25.790899 -0.130812 -0.626983 -0.097680 0.761734
1520616827.711442471 15.901420 -2.924406 26.547244 -0.128560 -0.648929 -0.082115 0.745399
1520616827.761444330 14.523235 -1.804902 27.169467 -0.120222 -0.670332 -0.064136 0.729444
1520616827.811445475 13.260873 -1.043095 27.604290 -0.108242 -0.688133 -0.049487 0.715757
1520616827.861900806 12.287008 -0.673225 27.815598 -0.093719 -0.700894 -0.038707 0.706021
1520616827.911902666 11.468977 -0.572905 27.932810 0.076622 0.710956 0.030862 -0.698368
1520616827.961904526 10.618751 -0.502655 28.039466 0.061122 0.720834 0.023945 -0.689992
1520616828.011905909 9.762468 -0.217269 28.120862 0.050449 0.730469 0.014634 -0.680923
1520616828.061906576 8.844427 0.225713 28.192551 0.042775 0.740625 0.003475 -0.670547
1520616828.111908674 7.930636 0.701810 28.224504 0.037110 0.750190 -0.008247 -0.660128
1520616828.161909819 7.087635 0.956537 28.218006 0.031557 0.758863 -0.016178 -0.650284
1520616828.211911678 6.277364 0.945704 28.186077 0.025361 0.766984 -0.019774 -0.640860
1520616828.261740446 5.462594 0.916854 28.123435 0.019500 0.774700 -0.024350 -0.631559
1520616828.311742544 4.615413 0.702170 28.053632 0.010698 0.783165 -0.026196 -0.621170
1520616828.361743689 4.072122 0.431852 27.926141 0.003570 0.788677 -0.026281 -0.614236
1520616828.411818504 3.605656 0.508670 27.758405 -0.002969 0.792803 -0.032827 -0.608586
1520616828.461746454 3.146543 0.907254 27.576473 -0.005500 0.796533 -0.043519 -0.603002
1520616828.511748552 2.635105 1.398438 27.379953 -0.006296 0.800562 -0.055306 -0.596659
1520616828.561749458 2.038195 1.629100 27.188744 -0.012942 0.805194 -0.065337 -0.589258
1520616828.611751318 1.396602 1.550361 27.022525 -0.025792 0.810559 -0.073391 -0.580468
1520616828.661351204 0.950390 1.259070 26.870134 -0.037922 0.814324 -0.076777 -0.574059
1520616828.711352348 0.841443 0.890815 26.684969 -0.047554 0.814817 -0.075729 -0.572780
1520616828.761354208 0.856144 0.707948 26.492734 -0.053770 0.813985 -0.076546 -0.573305
1520616828.811355352 1.070173 0.810324 26.264751 -0.057334 0.810369 -0.081827 -0.577338
1520616828.861357212 1.302321 1.185681 26.027756 -0.059095 0.806026 -0.092035 -0.581686
1520616828.911358118 1.605269 1.795679 25.793388 -0.059035 0.800447 -0.106271 -0.586946
1520616828.961360455 2.357258 2.473822 25.450830 -0.058448 0.788962 -0.120019 -0.599765
1520616829.011361361 3.446398 3.088263 25.028237 -0.059048 0.772688 -0.131670 -0.618166
1520616829.061174631 4.653810 3.708676 24.533990 -0.059687 0.754769 -0.142974 -0.637432
1520616829.111176491 6.126280 4.174369 23.935008 -0.060447 0.732708 -0.150910 -0.660841
1520616829.161177635 7.649555 4.439827 23.244275 -0.065134 0.709299 -0.155151 -0.684530
1520616829.211179495 9.104739 4.393788 22.555883 0.067273 -0.687855 0.152168 0.706523
1520616829.261180401 10.487962 4.183303 21.846466 0.074253 -0.666844 0.147470 0.726676
1520616829.311182499 11.734208 4.062082 21.065336 0.081241 -0.645967 0.144723 0.745106
1520616829.361184597 12.832667 4.165054 20.228561 0.084817 -0.625514 0.145733 0.761774
1520616829.411185503 13.880793 4.421424 19.290278 0.084272 -0.604162 0.149100 0.778239
1520616829.461228371 15.078228 4.569807 18.169983 0.079572 -0.579639 0.148954 0.797182
1520616829.511229277 16.250302 4.661405 16.910201 0.076548 -0.553273 0.148101 0.816147
1520616829.561231136 17.328543 4.602774 15.651829 0.073905 -0.527916 0.143748 0.833774
1520616829.611233234 18.372389 4.339904 14.344939 0.063671 -0.502828 0.135383 0.851341
1520616829.661234140 19.328683 3.999051 12.990814 0.050681 -0.477622 0.126049 0.867998
1520616829.711235285 20.212004 3.558435 11.570788 0.036833 -0.451214 0.115254 0.884175
1520616829.761237144 20.932366 3.072195 10.231988 0.022742 -0.426828 0.103950 0.898050
1520616829.811238050 21.561199 2.308600 8.922512 0.008384 -0.403116 0.088032 0.910866
1520616829.861240387 22.117002 1.334271 7.612785 -0.003125 -0.379426 0.068470 0.922680
1520616829.912132502 22.142652 1.275688 7.535907 -0.014630 -0.355274 0.048826 0.933372
1520616829.962133408 22.142652 1.275688 7.535907 -0.014630 -0.355274 0.048826 0.933372
1520616830.012135506 22.137522 1.287405 7.551283 -0.014630 -0.355274 0.048826 0.933372
1520616830.062225342 -0.074986 -0.294356 -0.952749 -0.006074 0.042734 -0.059707 0.997282
1520616830.112138510 -0.173972 -0.397250 -1.415449 -0.006873 0.064424 -0.081957 0.994528
1520616830.162139654 -0.312191 -0.528491 -1.855416 -0.006494 0.085126 -0.103396 0.990970
1520616830.212141514 -0.448166 -0.549995 -2.296853 -0.001866 0.103572 -0.131505 0.985888
1520616830.262143373 -0.521390 -0.489297 -2.709296 0.007139 0.119294 -0.162398 0.979462
1520616830.313514233 -0.756746 -0.477214 -3.034665 0.014584 0.137698 -0.186536 0.972641
1520616830.363516092 -0.817913 -0.469960 -3.113443 0.022015 0.155962 -0.210482 0.964826
1520616830.413516998 -0.817913 -0.469960 -3.113443 0.022015 0.155962 -0.210482 0.964826
1520616830.463519335 -0.805680 -0.471411 -3.097687 0.022015 0.155962 -0.210482 0.964826
1520616830.513520241 -0.795893 -0.472572 -3.085083 0.022015 0.155962 -0.210482 0.964826
1520616830.563522100 -0.788064 -0.473500 -3.074999 0.022015 0.155962 -0.210482 0.964826
1520616830.613523245 -0.781800 -0.474243 -3.066932 0.022015 0.155962 -0.210482 0.964826
1520616830.663525105 -0.017601 -0.091359 -0.995662 -0.033402 -0.063303 0.023897 0.997149
1520616830.714658022 0.024945 -0.126276 -1.198649 -0.045454 -0.085147 0.050744 0.994037
1520616830.764658928 0.086451 -0.171287 -1.389777 -0.053958 -0.110152 0.082585 0.989007
1520616830.814660788 0.171908 -0.190175 -1.570317 -0.057793 -0.132818 0.114185 0.982843
1520616830.864661932 0.254827 -0.204367 -1.738824 -0.060518 -0.150030 0.145725 0.976009
1520616830.914664030 0.348069 -0.207141 -1.901228 -0.063143 -0.161920 0.174055 0.969278
1520616830.964664936 0.378574 -0.218671 -2.064274 -0.066308 -0.159033 0.202711 0.963961
1520616831.014667988 0.386102 -0.242149 -2.232861 -0.071866 -0.146562 0.233898 0.958460
1520616831.064668894 0.341841 -0.301265 -2.407285 -0.079191 -0.121883 0.263166 0.953738
1520616831.116019964 0.255616 -0.319862 -2.593382 -0.080632 -0.090350 0.292545 0.948553
1520616831.166021824 0.203979 -0.400387 -2.757885 -0.085699 -0.060248 0.316831 0.942679
1520616831.216024160 0.076555 -0.514341 -2.909514 -0.090830 -0.020976 0.338370 0.936385
1520616831.266025066 -0.044685 -0.638251 -3.044058 -0.096519 0.018812 0.356534 0.929093
1520616831.316025972 -0.216349 -0.772694 -3.155946 -0.101688 0.064184 0.369160 0.921553
1520616831.366029024 -0.413336 -0.904748 -3.241363 -0.106324 0.111104 0.377342 0.913216
1520616831.416029930 -0.658902 -1.040986 -3.288902 -0.109490 0.162635 0.376882 0.905274
1520616831.466031075 -0.964489 -1.128885 -3.277815 -0.107254 0.219349 0.370275 0.896258
1520616831.515218973 -1.060052 -1.154362 -3.263033 -0.104660 0.275329 0.362429 0.884243
1520616831.565220118 -1.060052 -1.154362 -3.263033 -0.104660 0.275329 0.362429 0.884243
1520616831.615221977 -1.040940 -1.149267 -3.265990 -0.104660 0.275329 0.362429 0.884243
1520616831.665222883 -1.040940 -1.149267 -3.265990 -0.104660 0.275329 0.362429 0.884243
1520616831.715224981 0.567676 -0.042663 -0.822146 -0.017588 0.042589 -0.008459 0.998902
1520616831.765225887 1.060370 -0.185950 -1.737424 -0.036367 0.080552 -0.017593 0.995931
1520616831.815227985 1.365094 -0.383080 -2.705422 -0.057232 0.120025 -0.023524 0.990841
1520616831.865230083 1.464714 -0.747502 -3.553964 -0.078059 0.160032 -0.032716 0.983477
1520616831.912727594 2.487851 -1.041106 -4.258816 -0.092701 0.185831 -0.043868 0.977215
1520616831.962729454 2.564501 -1.067606 -4.317319 -0.107246 0.211436 -0.054975 0.969933
1520616832.012730598 2.564501 -1.067606 -4.317319 -0.107246 0.211436 -0.054975 0.969933
1520616832.062732458 0.498960 -0.066102 -0.864100 -0.017383 0.055737 -0.012225 0.998219
1520616832.112733364 0.799674 -0.300329 -1.731304 -0.038669 0.114123 -0.027837 0.992323
1520616832.162735701 0.825206 -0.495993 -2.553992 -0.058573 0.174180 -0.047928 0.981801
1520616832.212736607 0.871662 -0.695267 -3.294885 -0.076358 0.230565 -0.067531 0.967703
1520616832.262738466 0.806369 -1.043555 -3.893265 -0.091274 0.285419 -0.087735 0.950004
1520616832.312740564 0.518514 -1.366376 -4.397561 -0.102675 0.338304 -0.103884 0.929632
1520616832.361881971 -0.017307 -1.487649 -4.615139 -0.109537 0.392247 -0.115171 0.906024
1520616832.411883831 -0.644147 -1.588699 -4.619946 -0.116342 0.447260 -0.127831 0.877543
1520616832.461884737 -1.291344 -1.656775 -4.527046 -0.121562 0.501655 -0.142452 0.844555
1520616832.511886835 -1.935969 -1.688051 -4.336603 -0.125989 0.555489 -0.155997 0.806984
1520616832.561888695 -2.545806 -1.623589 -4.072562 -0.128655 0.606363 -0.165098 0.767147
1520616832.611889601 -3.047670 -1.546121 -3.786826 -0.128448 0.650034 -0.179779 0.727074
1520616832.661891937 -3.490247 -1.438766 -3.468272 -0.126038 0.688837 -0.194696 0.686813
1520616832.711893797 -3.880239 -1.282720 -3.127535 -0.121830 0.723999 -0.210830 0.645394
1520616832.761738777 -4.234586 -1.078029 -2.745201 -0.113804 0.757137 -0.231258 0.600260
1520616832.811740875 -4.521234 -0.860357 -2.356538 -0.105820 0.785791 -0.250560 0.555477
1520616832.861741781 -4.730721 -0.660078 -2.010195 -0.100255 0.808275 -0.264048 0.516643
1520616832.911743641 -4.875820 -0.475820 -1.727069 -0.094333 0.824926 -0.277415 0.483363
1520616832.961744785 -4.974647 -0.278503 -1.506497 -0.085783 0.837399 -0.290421 0.455038
1520616833.011745691 -5.041055 -0.031679 -1.332284 -0.072473 0.847930 -0.301535 0.429930
1520616833.061748743 -5.089945 0.220655 -1.174530 -0.057549 0.856539 -0.314341 0.405239
1520616833.111749887 -5.115633 0.391162 -1.070926 -0.047394 0.862262 -0.322253 0.387830
1520616833.161661148 -5.093931 0.556870 -1.059793 -0.036627 0.864956 -0.327190 0.378756
1520616833.211663008 -5.096748 0.664718 -0.994898 -0.032145 0.866714 -0.339336 0.364177
1520616833.261665106 -5.092500 0.754223 -0.976946 -0.028114 0.866832 -0.349658 0.354332
1520616833.311668873 -5.088017 0.869024 -0.965036 -0.019626 0.868946 -0.353135 0.346183
1520616833.361667156 -5.074811 1.004137 -0.972631 -0.006688 0.872868 -0.347749 0.342239
1520616833.411669016 -5.058572 1.157726 -0.974055 0.008412 0.877109 -0.341265 0.337858
1520616833.461671114 -5.033471 1.303663 -0.973522 0.022742 0.880962 -0.335377 0.333033
1520616833.511672020 -5.013514 1.409366 -1.005128 0.033367 0.882730 -0.330895 0.331939
1520616833.561607838 -4.984397 1.501685 -1.076876 0.042265 0.881433 -0.332920 0.332346
1520616833.611608982 -4.947469 1.583747 -1.188061 0.050338 0.877211 -0.340440 0.334764
1520616833.661611080 -4.905222 1.628260 -1.368003 0.057017 0.870430 -0.347234 0.344281
1520616833.711611986 -4.860628 1.623987 -1.594551 0.061270 0.861809 -0.352773 0.359280
1520616833.761614084 -4.809368 1.583339 -1.844767 0.063498 0.852172 -0.356271 0.377943
1520616833.811614990 -4.758168 1.465722 -2.118827 0.060533 0.841704 -0.355756 0.401631
1520616833.861616850 -4.698538 1.315720 -2.391496 0.055024 0.831212 -0.351490 0.427215
1520616833.911619186 -4.639360 1.108700 -2.654168 0.044403 0.820506 -0.344830 0.453752
1520616833.961606026 -4.563508 0.861260 -2.920150 0.030692 0.808077 -0.338496 0.481133
1520616834.011608124 -4.469580 0.557841 -3.176226 0.011842 0.794377 -0.330710 0.509369
1520616834.061609268 -4.361470 0.207508 -3.408034 -0.011607 0.779484 -0.323040 0.536578
1520616834.111611128 -4.250930 -0.181555 -3.587409 -0.039651 0.764883 -0.314803 0.560608
1520616834.161612272 -4.160221 -0.626271 -3.679891 -0.075874 0.753645 -0.300582 0.579579
1520616834.211614132 -4.059966 -1.095835 -3.715624 -0.116069 0.742833 -0.286430 0.593873
1520616834.261616230 -3.922502 -1.614959 -3.703579 -0.162121 0.730897 -0.269515 0.605697
1520616834.311617374 -3.802287 -2.079518 -3.620783 -0.205790 0.721895 -0.254453 0.609731
1520616834.361657619 -3.689588 -2.510173 -3.483823 -0.248101 0.714654 -0.240873 0.608026
1520616834.411658525 -3.585419 -2.922566 -3.288327 -0.290647 0.709505 -0.226968 0.600510
1520616834.461659431 -3.493747 -3.275209 -3.062069 -0.329934 0.706982 -0.211916 0.588568
1520616834.511660576 -3.418962 -3.609884 -2.769971 -0.368988 0.706219 -0.199970 0.570188
1520616834.561663389 -3.398582 -3.893039 -2.392257 -0.405201 0.709575 -0.192862 0.543249
1520616834.611664295 -3.434281 -4.142810 -1.880140 -0.441536 0.717917 -0.188299 0.504167
1520616834.661666632 -3.427204 -4.372041 -1.290159 -0.478997 0.724554 -0.185966 0.459348
1520616834.711667538 -3.384849 -4.548393 -0.613091 -0.515983 0.731176 -0.183604 0.406735
1520616834.761668682 -3.292455 -4.655289 0.142728 -0.551512 0.736732 -0.182248 0.346188
1520616834.811499596 -3.269665 -4.660191 0.239972 -0.584305 0.738634 -0.179988 0.283923
1520616834.861500502 -3.269665 -4.660191 0.239972 -0.584305 0.738634 -0.179988 0.283923
1520616834.911502361 -3.274223 -4.659211 0.220524 -0.584305 0.738634 -0.179988 0.283923
1520616834.961504459 -3.274223 -4.659211 0.220524 -0.584305 0.738634 -0.179988 0.283923
1520616835.011505365 -3.277869 -4.658427 0.204964 -0.584305 0.738634 -0.179988 0.283923
1520616835.061507225 -3.277869 -4.658427 0.204964 -0.584305 0.738634 -0.179988 0.283923
1520616835.111508369 -3.280786 -4.657799 0.192517 -0.584305 0.738634 -0.179988 0.283923
1520616835.161510468 -3.280786 -4.657799 0.192517 -0.584305 0.738634 -0.179988 0.283923
1520616835.212774992 -3.283120 -4.657297 0.182559 -0.584305 0.738634 -0.179988 0.283923
1520616835.262776852 -3.283120 -4.657297 0.182559 -0.584305 0.738634 -0.179988 0.283923
1520616835.312777996 -3.284987 -4.656896 0.174593 -0.584305 0.738634 -0.179988 0.283923
1520616835.362779856 -3.286481 -4.656574 0.168220 -0.584305 0.738634 -0.179988 0.283923
1520616835.412780762 -3.286481 -4.656574 0.168220 -0.584305 0.738634 -0.179988 0.283923
1520616835.462782860 -3.287675 -4.656317 0.163121 -0.584305 0.738634 -0.179988 0.283923
1520616835.512784958 -3.288631 -4.656112 0.159043 -0.584305 0.738634 -0.179988 0.283923
1520616835.562786102 -3.288631 -4.656112 0.159043 -0.584305 0.738634 -0.179988 0.283923
1520616835.613473654 -3.289396 -4.655947 0.155780 -0.584305 0.738634 -0.179988 0.283923
1520616835.663474321 -3.289396 -4.655947 0.155780 -0.584305 0.738634 -0.179988 0.283923
1520616835.713476419 -3.290008 -4.655816 0.153169 -0.584305 0.738634 -0.179988 0.283923
1520616835.763478518 0.251536 -0.161205 -0.954328 -0.036952 0.041993 -0.053744 0.996987
1520616835.813479424 0.314521 -0.271035 -1.428019 -0.055585 0.061993 -0.079286 0.993368
1520616835.863481283 0.330040 -0.411848 -1.901230 -0.074163 0.085204 -0.108685 0.987637
1520616835.913483620 0.308973 -0.613519 -2.334480 -0.092059 0.113644 -0.140173 0.979266
1520616835.963484526 0.249762 -0.800452 -2.770187 -0.109723 0.142886 -0.165417 0.969630
1520616836.012619972 0.115662 -0.932850 -3.210085 -0.126347 0.172398 -0.187379 0.958751
1520616836.062621117 -0.130574 -1.079974 -3.623725 -0.140148 0.207279 -0.208978 0.945369
1520616836.112623215 -0.431667 -1.185451 -3.998995 -0.149840 0.245670 -0.231098 0.929402
1520616836.162625074 -0.726638 -1.269379 -4.354666 -0.156822 0.281410 -0.246022 0.914160
1520616836.212626219 -1.006624 -1.347167 -4.691712 -0.160942 0.313319 -0.261112 0.898749
1520616836.262627125 -1.307377 -1.433837 -5.016917 -0.161438 0.342757 -0.280320 0.881973
1520616836.312628984 -1.555063 -1.432761 -5.344711 -0.158782 0.367402 -0.293693 0.868072
1520616836.362630129 -1.799037 -1.376295 -5.666581 -0.155070 0.390575 -0.301866 0.855735
1520616836.412460089 -1.985812 -1.226673 -6.005181 -0.147677 0.409983 -0.304004 0.847164
1520616836.462462187 -2.141963 -1.010948 -6.336459 -0.137118 0.427083 -0.309250 0.838548
1520616836.512463093 -2.324843 -0.710371 -6.646740 -0.124410 0.444747 -0.316311 0.828655
1520616836.562464952 -2.528318 -0.418921 -6.929875 -0.114253 0.461628 -0.322482 0.818445
1520616836.612475157 -2.748685 -0.133474 -7.170855 -0.107032 0.478578 -0.331190 0.806114
1520616836.662468195 -3.010540 0.133259 -7.385700 -0.103189 0.496098 -0.340505 0.792020
1520616836.712469101 -3.245722 0.362973 -7.582960 -0.101236 0.512807 -0.348419 0.778064
1520616836.762471199 -3.544526 0.539615 -7.758452 -0.103357 0.530018 -0.352733 0.764185
1520616836.812472105 -3.926112 0.683012 -7.883570 -0.109791 0.547476 -0.352363 0.751037
1520616836.863658190 -4.352797 0.029741 -7.457740 -0.126907 0.560516 -0.353886 0.737890
1520616836.913659334 -4.994526 -0.383658 -7.188600 -0.147380 0.575371 -0.353228 0.722812
1520616836.963661194 -5.367721 -0.239936 -7.277194 -0.159721 0.587599 -0.354262 0.709728
1520616837.013662100 -5.769084 -0.068157 -7.353131 -0.170274 0.599837 -0.356102 0.695984
1520616837.063664436 -6.137845 0.060412 -7.448758 -0.181628 0.608793 -0.356374 0.685114
1520616837.113666296 -6.457027 0.083380 -7.619728 -0.193961 0.613593 -0.355550 0.677840
1520616837.163667202 -6.694553 0.114006 -7.829389 -0.203804 0.615763 -0.356009 0.672724
1520616837.213669300 -7.028779 0.022297 -7.938912 -0.214258 0.617920 -0.356042 0.667459
1520616837.264724493 -7.296763 0.016038 -8.188458 -0.222522 0.618061 -0.351713 0.666919
1520616837.314726353 -7.579883 -0.156109 -8.400874 -0.230719 0.616177 -0.351163 0.666168
1520616837.364727259 -7.801526 -0.319670 -8.668625 -0.238174 0.612830 -0.348106 0.668233
1520616837.414729357 -7.964462 -0.615924 -9.029437 -0.246845 0.605146 -0.341662 0.675376
1520616837.464731455 -8.063525 -0.966681 -9.384048 -0.255661 0.595294 -0.334032 0.684606
1520616837.514732361 -8.086471 -1.320432 -9.797246 -0.263336 0.584276 -0.327919 0.694079
1520616837.564734459 -8.067750 -1.683438 -10.220438 -0.270632 0.572840 -0.320758 0.704079
1520616837.614735365 -8.077553 -1.971163 -10.607270 -0.276625 0.563363 -0.313746 0.712506
1520616837.665124178 -8.008147 -2.218854 -11.033166 -0.281060 0.553869 -0.308185 0.720594
1520616837.715126038 -7.971754 -2.445856 -11.358758 -0.285144 0.546960 -0.303380 0.726284
1520616837.765127897 -8.085528 -2.760363 -11.628053 -0.293490 0.541973 -0.293257 0.730842
1520616837.815128088 -8.093446 -3.153972 -11.901215 -0.301988 0.535980 -0.282500 0.736018
1520616837.865129948 -8.159545 -3.358616 -12.189598 -0.304995 0.533768 -0.271750 0.740420
1520616837.915131807 -8.348702 -3.379236 -12.464191 -0.302899 0.536133 -0.260090 0.743752
1520616837.965132952 -8.357637 -3.302153 -12.855950 -0.297457 0.536114 -0.248819 0.749793
1520616838.015135050 -8.556850 -3.283776 -13.148407 -0.293798 0.538642 -0.238136 0.752887
1520616838.065293789 -8.577398 -3.292859 -13.524075 -0.292251 0.537305 -0.229756 0.757037
1520616838.115294933 -8.581962 -3.423711 -13.865315 -0.295092 0.534181 -0.221270 0.760665
1520616838.165296793 -8.622648 -3.647777 -14.154082 -0.302845 0.531236 -0.213815 0.761811
1520616838.215297699 -8.857195 -3.935775 -14.286350 -0.313143 0.532945 -0.209147 0.757739
1520616838.265329838 -9.099016 -4.146664 -14.396488 -0.322443 0.536587 -0.205920 0.752132
1520616838.315300941 -9.361704 -4.339330 -14.495647 -0.330415 0.540776 -0.204755 0.745964
1520616838.365302801 -9.540472 -4.560207 -14.645471 -0.338347 0.543255 -0.204046 0.740784
1520616838.415303946 -9.698701 -4.802461 -14.798405 -0.346178 0.544942 -0.203931 0.735943
1520616838.464853287 -9.794866 -5.067135 -14.963829 -0.354786 0.545951 -0.201923 0.731636
1520616838.514854431 -9.927239 -5.304046 -15.121573 -0.363102 0.547833 -0.199644 0.726759
1520616838.564856291 -10.045426 -5.427196 -15.298227 -0.367938 0.551301 -0.201364 0.721208
1520616838.614857197 -10.229341 -5.587857 -15.437515 -0.373770 0.555079 -0.202817 0.714876
1520616838.664859295 -10.391609 -5.787834 -15.561525 -0.380777 0.558837 -0.203296 0.708083
1520616838.714861393 -10.660711 -5.949389 -15.626720 -0.387196 0.564887 -0.203298 0.699752
1520616838.764862299 -10.931922 -5.902438 -15.749171 -0.386917 0.573262 -0.210473 0.690918
1520616838.814864397 -11.355498 -5.628413 -15.845395 -0.381569 0.585969 -0.216802 0.681206
1520616838.864038229 -11.748205 -5.177592 -15.980202 -0.372148 0.599570 -0.221109 0.673151
1520616838.914040089 -12.091148 -4.658936 -16.169398 -0.359831 0.613061 -0.226450 0.665882
1520616838.964040995 -12.489894 -4.126149 -16.308433 -0.346182 0.627884 -0.233194 0.656917
1520616839.014043093 -12.913559 -3.437094 -16.427088 -0.329139 0.644580 -0.241137 0.646558
1520616839.064044952 -13.332664 -2.626725 -16.535188 -0.308681 0.662208 -0.252533 0.634369
1520616839.114045858 -13.737498 -1.877096 -16.626114 -0.289984 0.678461 -0.261417 0.622303
1520616839.164048195 -14.116320 -1.183899 -16.673037 -0.274393 0.693471 -0.264143 0.611584
1520616839.214049101 -14.545132 -0.570070 -16.620687 -0.262258 0.708194 -0.263721 0.600112
1520616839.264050961 -15.004706 0.044049 -16.495740 -0.250727 0.723250 -0.266191 0.585823
1520616839.313209295 -15.281699 0.732772 -16.475544 -0.238184 0.735340 -0.269187 0.574527
1520616839.363210201 -15.500063 1.386638 -16.437372 -0.225690 0.746514 -0.275087 0.562235
1520616839.413212061 -15.764553 1.904831 -16.432957 -0.217977 0.755083 -0.277326 0.552654
1520616839.463213205 -15.881731 2.134016 -16.599191 -0.214270 0.759182 -0.280938 0.546630
1520616839.513216257 -15.997223 2.380820 -16.754407 -0.211430 0.762745 -0.286201 0.540006
1520616839.563216448 -16.152459 2.411277 -16.981692 -0.211377 0.764246 -0.296492 0.532298
1520616839.613218307 -16.279850 2.359826 -17.260761 -0.211805 0.764183 -0.311971 0.523294
1520616839.663219213 -16.317895 2.209781 -17.672951 -0.212367 0.761097 -0.330978 0.515835
1520616839.712883234 -16.214727 2.042902 -18.221089 -0.210796 0.755306 -0.352147 0.510951
1520616839.762885094 -15.968971 1.897419 -18.961115 -0.207136 0.747168 -0.372885 0.509698
1520616839.812886238 -15.685771 1.700587 -19.733234 -0.203980 0.737865 -0.389978 0.511727
1520616839.862888098 -15.185774 1.422377 -20.671532 -0.200837 0.725287 -0.402512 0.521160
1520616839.912935257 -14.397005 1.152168 -21.788278 -0.195690 0.709613 -0.410957 0.537837
1520616839.962891340 -13.401515 0.828941 -22.966123 -0.190146 0.691215 -0.415933 0.559523
1520616840.012892246 -12.445709 0.459249 -24.003615 -0.186205 0.673224 -0.419318 0.579887
1520616840.062894344 -11.654755 -0.284104 -24.855582 -0.189102 0.654653 -0.422016 0.597973
1520616840.112398863 -10.841675 -1.161278 -25.679715 -0.196003 0.635219 -0.421605 0.616708
1520616840.162400723 -10.042143 -2.198432 -26.455140 -0.206710 0.614862 -0.418346 0.635769
1520616840.212401867 -9.309140 -2.875341 -27.138075 -0.214153 0.598590 -0.409175 0.654526
1520616840.262403727 -8.812519 -3.024212 -27.750220 -0.216570 0.589353 -0.395994 0.670037
1520616840.312405825 -8.597186 -2.908304 -28.263475 -0.217303 0.585110 -0.381047 0.682077
1520616840.362406969 -8.569392 -2.909912 -28.704379 -0.222590 0.582027 -0.365000 0.691717
1520616840.412408829 -8.598914 -3.544976 -29.066530 -0.237618 0.575660 -0.349222 0.700141
1520616840.462409973 -8.759835 -4.324128 -29.335432 -0.256895 0.569483 -0.333381 0.706081
1520616840.512948751 -9.020601 -5.321317 -29.500637 -0.279250 0.564180 -0.319896 0.708087
1520616840.562949896 -9.122660 -6.227695 -29.696470 -0.301508 0.558019 -0.305916 0.710016
1520616840.612951756 -9.441811 -7.318627 -29.782243 -0.323574 0.553654 -0.293265 0.709058
1520616840.662953615 -9.650716 -8.265829 -29.900729 -0.343357 0.549391 -0.279126 0.708776
1520616840.712954998 -9.949516 -8.983262 -30.016020 -0.361939 0.547122 -0.262145 0.707770
1520616840.762956858 -10.471254 -10.179323 -29.885917 -0.386852 0.545934 -0.244538 0.701785
1520616840.812958002 -11.154163 -11.676153 -29.505532 -0.415907 0.546032 -0.228940 0.690259
1520616840.862959862 -11.835598 -13.593100 -28.802023 -0.448445 0.545895 -0.218509 0.673163
1520616840.913885593 -12.965719 -15.576563 -27.701512 -0.483636 0.550339 -0.205633 0.648797
1520616840.963887930 -14.039006 -17.474617 -26.327750 -0.516356 0.556119 -0.193936 0.621689
1520616841.013888836 -15.185600 -19.290377 -24.678084 -0.547430 0.563602 -0.183375 0.590802
1520616841.063889742 -16.461682 -20.878225 -22.799288 0.574842 -0.573873 0.174493 -0.556577
1520616841.113891840 -17.745282 -22.197971 -20.805256 0.598229 -0.585785 0.164276 -0.521527
1520616841.163893700 -19.056906 -23.200353 -18.718653 0.617897 -0.599928 0.149038 -0.485877
1520616841.213894606 -20.620690 -23.808358 -16.451242 0.631190 -0.618964 0.134886 -0.447536
1520616841.263895750 -22.220579 -24.021434 -14.219556 -0.637942 0.640045 -0.123618 0.409989
1520616841.313215733 -23.715789 -23.960000 -11.914384 -0.641171 0.661031 -0.113596 0.372872
1520616841.363217592 -25.229944 -23.628027 -9.586345 -0.640823 0.682077 -0.105245 0.336215
1520616841.413218498 -26.355429 -23.284231 -7.341659 -0.640010 0.699612 -0.101085 0.301186
1520616841.463220835 -27.483603 -22.692042 -5.000646 -0.636675 0.717171 -0.101191 0.264710
1520616841.513221741 -28.557062 -21.847284 -2.557770 -0.630780 0.734932 -0.102803 0.226767
1520616841.563284636 -29.553495 -20.690467 -0.076849 -0.621421 0.753725 -0.101573 0.188194
1520616841.613224745 -30.301501 -19.482294 2.412487 -0.611327 0.771307 -0.093890 0.150164
1520616841.663226604 -30.963775 -18.006695 4.575956 -0.596705 0.789306 -0.086037 0.116349
1520616841.713227749 -31.529888 -16.395989 6.353292 -0.579123 0.806623 -0.079513 0.087484
1520616841.762059927 -31.935691 -14.813623 7.524313 -0.559980 0.822339 -0.075373 0.067084
1520616841.812060833 -32.257193 -13.185540 8.781256 -0.539768 0.837811 -0.068396 0.045235
1520616841.862063169 -32.460372 -11.342694 10.326940 -0.516914 0.853766 -0.059237 0.019341
1520616841.912065029 -32.525466 -9.657439 11.591326 -0.496059 0.866578 -0.054383 -0.003282
1520616841.962065935 -32.541351 -8.079610 12.585690 -0.476622 0.877265 -0.052253 -0.022519
1520616842.012068033 -32.569603 -6.502623 13.263323 -0.456537 0.887418 -0.051520 -0.037528
1520616842.062068939 -32.557344 -4.698048 13.918752 -0.432461 0.898911 -0.047459 -0.051805
1520616842.112070799 -32.377940 -3.109219 14.575408 -0.409642 0.909104 -0.039390 -0.064587
1520616842.161650658 -32.070817 -2.130214 15.277602 -0.393232 0.915927 -0.026407 -0.075827
1520616842.211652517 -31.728565 -1.415381 15.918887 -0.378883 0.921529 -0.010223 -0.084422
1520616842.261654854 -31.297801 -0.190925 16.642605 -0.356006 0.929729 0.007611 -0.093842
1520616842.311655760 -30.718255 1.335104 17.436780 -0.328162 0.938510 0.025331 -0.104246
1520616842.361657619 -29.937350 3.050400 18.371567 -0.297547 0.946512 0.040835 -0.117956
1520616842.411658764 -29.006347 4.605280 19.328356 -0.269281 0.952305 0.053997 -0.132992
1520616842.461660624 -28.072863 5.765057 20.173453 -0.247016 0.955536 0.063706 -0.147907
1520616842.511662483 -27.067963 6.408917 21.139688 -0.230829 0.956035 0.076114 -0.164081
1520616842.561522484 -25.907417 6.806651 22.269186 -0.216242 0.954767 0.091659 -0.182368
1520616842.611523628 -24.681677 6.900931 23.448642 -0.205236 0.951509 0.108858 -0.201642
1520616842.661525488 -23.677263 6.779120 24.355873 -0.197679 0.947912 0.124824 -0.216343
1520616842.711527348 -22.598529 6.700715 25.258452 -0.189704 0.943701 0.139842 -0.232130
1520616842.761529446 -21.550124 6.721935 26.031707 -0.181712 0.939540 0.151522 -0.247560
1520616842.811530590 -20.520751 6.651125 26.747258 -0.176244 0.934512 0.161071 -0.263974
1520616842.861531496 -19.567962 6.241961 27.430389 -0.176807 0.928006 0.169761 -0.280581
1520616842.911533594 -18.838586 5.454491 27.987511 -0.184726 0.920334 0.177598 -0.295501
1520616842.961702824 -18.170667 4.535829 28.489283 -0.196035 0.911794 0.184481 -0.310111
1520616843.011703968 -17.502987 3.662638 28.914621 -0.211379 0.902262 0.185178 -0.327035
1520616843.061706066 -16.741805 2.969256 29.331062 -0.227148 0.891957 0.181438 -0.346260
1520616843.111707926 -16.101592 2.364017 29.622311 -0.245828 0.881454 0.172586 -0.364446
1520616843.161709070 -15.494014 1.996907 29.849259 -0.263291 0.871136 0.160002 -0.382361
1520616843.211785078 -14.734768 1.665732 30.114455 -0.280119 0.859276 0.148211 -0.401511
1520616843.261711836 -13.955734 1.206499 30.378975 -0.301393 0.844905 0.134528 -0.420952
1520616843.311712980 -13.103401 0.860086 30.643544 -0.324207 0.828198 0.116558 -0.442031
1520616843.361652851 -11.961031 0.612317 30.971716 -0.341531 0.810776 0.104574 -0.463748
1520616843.411653996 -10.496292 0.262060 31.358423 -0.355237 0.792022 0.100844 -0.486146
1520616843.461655855 -9.211134 -0.220054 31.604084 -0.371027 0.773371 0.097004 -0.504803
1520616843.511657715 -8.187286 -0.744125 31.709684 -0.385924 0.757391 0.094796 -0.518108
1520616843.561658859 -7.239205 -1.027556 31.762306 -0.395009 0.744087 0.093588 -0.530607
1520616843.611660719 -6.331100 -1.245913 31.770412 -0.400334 0.733237 0.095223 -0.541321
1520616843.661661625 -5.368531 -1.265749 31.763980 -0.400839 0.723831 0.098602 -0.552879
1520616843.711663961 -4.460430 -1.074507 31.727398 -0.399766 0.715153 0.099437 -0.564673
1520616843.761664867 -3.299853 -0.630156 31.701688 -0.391028 0.707261 0.104231 -0.579667
1520616843.811615705 -2.008963 -0.047246 31.632982 -0.375738 0.700916 0.112846 -0.595654
1520616843.861617565 -0.926297 0.469116 31.506204 -0.359098 0.697302 0.122653 -0.608091
1520616843.911618710 -0.116357 0.882773 31.342492 -0.339497 0.698161 0.135194 -0.615659
1520616843.961620808 0.362053 1.231299 31.159281 -0.319009 0.702874 0.147906 -0.618324
1520616844.011621952 0.533208 1.565357 30.966282 -0.298831 0.710405 0.158635 -0.617138
1520616844.061623812 0.467473 1.515171 30.789124 -0.284069 0.718463 0.171507 -0.611311
1520616844.111624718 0.211855 1.142967 30.632355 -0.272514 0.727271 0.187685 -0.601321
1520616844.161626816 -0.173642 0.505647 30.463970 -0.265221 0.735236 0.205330 -0.589004
1520616844.211800814 -0.732919 -0.201564 30.268672 -0.260087 0.743633 0.222489 -0.574337
1520616844.261802673 -1.495208 -0.844140 30.038933 -0.257100 0.752637 0.237563 -0.557675
1520616844.311803579 -2.740133 -1.036747 29.750539 -0.253805 0.766577 0.243933 -0.537065
1520616844.361805916 -4.451644 -0.760753 29.345462 -0.248351 0.785851 0.243012 -0.511571
1520616844.411806822 -6.333908 -0.156697 28.805193 -0.239481 0.807657 0.238879 -0.482986
1520616844.461808681 -8.559070 0.528377 28.015029 -0.232964 0.831225 0.231196 -0.448710
1520616844.511809826 -11.174781 1.212217 26.846266 -0.228927 0.856688 0.221264 -0.405858
1520616844.561810732 -13.513444 1.882139 25.500596 -0.223383 0.878930 0.213670 -0.363217
1520616844.612122536 -15.626317 2.434245 24.016813 -0.219514 0.897604 0.207087 -0.321302
1520616844.662124634 -17.444135 3.024804 22.460528 -0.215020 0.913428 0.199759 -0.281978
1520616844.712125540 -19.076147 3.559637 20.795565 -0.212144 0.926783 0.191634 -0.243608
1520616844.762127638 -20.578261 4.089932 18.990800 -0.209672 0.938430 0.182911 -0.204769
1520616844.812128544 -21.759942 4.773212 17.222190 -0.204437 0.948497 0.172745 -0.169465
1520616844.862220526 -22.763830 5.418982 15.426587 -0.201109 0.956735 0.159630 -0.136866
1520616844.912131548 -23.558895 6.055627 13.676401 -0.198431 0.963502 0.143453 -0.108217
1520616844.962133408 -24.371016 6.596462 11.628385 -0.197759 0.969273 0.125547 -0.075096
1520616845.012325048 -24.912179 7.425804 9.558148 -0.190354 0.974892 0.107507 -0.042335
1520616845.062327385 -25.282445 8.146209 7.539417 -0.184006 0.978814 0.089026 -0.011847
1520616845.112329245 -25.691619 8.478480 5.209426 -0.184678 0.980270 0.066930 0.022019
1520616845.162330151 -25.917871 8.710534 3.041967 -0.186030 0.980372 0.041800 0.050161
1520616845.212332249 -26.053368 8.687334 1.000026 -0.190610 0.978823 0.013654 0.073399
1520616845.262333155 -26.161336 8.307130 -0.970008 -0.199827 0.975201 -0.016517 0.093697
1520616845.312335014 -26.203539 7.741625 -2.733231 -0.210268 0.970293 -0.045862 0.110522
1520616845.362336159 -26.182821 7.110424 -4.232358 -0.220137 0.964853 -0.071498 0.124443
1520616845.412337303 -26.158389 6.268338 -5.557060 -0.232706 0.958288 -0.092280 0.137900
1520616845.462339640 -26.096922 5.298960 -6.800569 -0.246844 0.950776 -0.108833 0.152477
1520616845.512340546 -25.955104 4.422018 -7.940941 -0.259008 0.943439 -0.123157 0.166342
1520616845.562342405 -25.767037 3.561474 -8.985831 -0.270413 0.936014 -0.136681 0.179092
1520616845.612343550 -25.490246 2.505489 -10.153951 -0.284972 0.926498 -0.148586 0.195741
1520616845.662345409 -25.139173 1.292364 -11.282206 -0.302554 0.915495 -0.156799 0.213880
1520616845.712346554 -24.744001 0.250616 -12.284170 -0.317899 0.905302 -0.160731 0.231374
1520616845.762348652 -24.405715 -0.655766 -13.037272 -0.332262 0.896530 -0.159890 0.245504
1520616845.812120676 -23.969890 -1.194311 -13.906241 -0.340078 0.889315 -0.158290 0.261552
1520616845.862122536 -23.499874 -1.597101 -14.773271 -0.345397 0.882592 -0.158176 0.276970
1520616845.912123680 -22.971898 -1.960804 -15.679201 -0.348793 0.875741 -0.161924 0.291894
1520616845.962124586 -22.484417 -2.233876 -16.467771 -0.350736 0.869999 -0.166167 0.304096
1520616846.012126446 -21.913236 -2.271146 -17.331546 -0.348320 0.865210 -0.170576 0.317786
1520616846.062128544 -21.376169 -2.488662 -18.079727 -0.349632 0.859439 -0.174050 0.329893
1520616846.112129450 -21.091196 -2.879637 -18.440212 -0.355183 0.855013 -0.176107 0.334341
1520616846.162130356 -20.758902 -3.235525 -18.848647 -0.359468 0.850427 -0.180135 0.339275
1520616846.212132692 -20.455210 -3.381378 -19.218179 -0.360177 0.847631 -0.184632 0.343083
1520616846.261890650 -20.384681 -3.604887 -19.344414 -0.362758 0.846351 -0.187793 0.341805
1520616846.311891556 -20.168705 -3.728498 -19.624262 -0.364108 0.844286 -0.190143 0.344169
1520616846.361893415 -19.979234 -3.878601 -19.859689 -0.365381 0.842591 -0.193212 0.345264
1520616846.411895514 -19.833878 -4.146182 -20.053860 -0.367787 0.840610 -0.197475 0.345126
1520616846.461896420 -19.580184 -4.472116 -20.309463 -0.371383 0.837362 -0.201831 0.346647
1520616846.512002468 -19.256546 -4.984604 -20.577829 -0.376294 0.832497 -0.209664 0.348414
1520616846.561899424 -18.823270 -5.505041 -20.927634 -0.380604 0.826737 -0.218635 0.351917
1520616846.611900330 -18.345652 -5.905764 -21.316763 -0.383049 0.821296 -0.227118 0.356601
1520616846.661718130 -17.935880 -6.316828 -21.640527 -0.385892 0.816442 -0.234169 0.360104
1520616846.711720228 -17.324346 -6.457431 -22.180380 -0.386262 0.811090 -0.236962 0.369843
1520616846.761721134 -16.601780 -6.443239 -22.804648 -0.385769 0.805573 -0.236202 0.382678
1520616846.811722994 -15.779795 -6.382739 -23.488185 -0.384098 0.799350 -0.235889 0.397322
1520616846.861724138 -14.668048 -6.317918 -24.305007 -0.382670 0.790107 -0.235462 0.416957
1520616846.911725998 -13.581939 -6.158926 -25.067539 -0.378628 0.781768 -0.236400 0.435423
1520616846.961727142 -12.333868 -5.936532 -25.853406 -0.373052 0.772350 -0.238288 0.455550
1520616847.011729240 -11.105897 -5.822129 -26.528213 -0.367411 0.762781 -0.243014 0.473412
1520616847.061585426 -10.079151 -5.744133 -27.053882 -0.361171 0.755349 -0.249393 0.486629
1520616847.111586332 -9.247012 -5.861266 -27.426461 -0.357818 0.748688 -0.256542 0.495600
1520616847.161588192 -8.401973 -6.078261 -27.751815 -0.356500 0.741163 -0.263236 0.504274
1520616847.211589336 -7.514311 -6.195557 -28.085210 -0.354243 0.733538 -0.268657 0.514059
1520616847.261591196 -6.254859 -6.122700 -28.508475 -0.348739 0.723198 -0.273864 0.529495
1520616847.311593294 -5.044049 -5.926674 -28.880036 -0.340578 0.714227 -0.279114 0.544042
1520616847.361594439 -4.175950 -5.756203 -29.138564 -0.335159 0.708043 -0.281664 0.554084
1520616847.411595345 -3.313598 -5.686483 -29.347521 -0.333727 0.700571 -0.282065 0.564151
1520616847.461848021 -2.295770 -5.680850 -29.544196 -0.334082 0.690509 -0.282274 0.576114
1520616847.511848927 -1.195756 -5.874769 -29.669805 -0.337446 0.678060 -0.283769 0.588081
1520616847.561851025 -0.269980 -6.284026 -29.712683 -0.342894 0.666370 -0.287699 0.596326
1520616847.611853123 0.650448 -7.016596 -29.645233 -0.351371 0.652960 -0.296020 0.602124
1520616847.661854029 1.865957 -8.252010 -29.390700 -0.363426 0.633575 -0.311779 0.607699
1520616847.711855173 3.128713 -9.885966 -28.892008 -0.379050 0.611102 -0.332431 0.610217
1520616847.761857033 4.042545 -11.581478 -28.258673 -0.396787 0.590955 -0.352035 0.607785
1520616847.811857939 4.990128 -12.877986 -27.648884 -0.408565 0.572490 -0.369258 0.607436
1520616847.862051487 5.848549 -13.565288 -27.264945 -0.412373 0.558774 -0.381316 0.610179
1520616847.912052631 6.757616 -13.796976 -27.047519 -0.412130 0.547164 -0.387728 0.616788
1520616847.962054729 7.550501 -13.791517 -26.943781 -0.411380 0.537982 -0.389977 0.623907
1520616848.012055874 8.271885 -13.953616 -26.746965 -0.410593 0.528606 -0.395265 0.629090
1520616848.062057734 9.084436 -14.462908 -26.316039 -0.409746 0.516241 -0.407192 0.632295
1520616848.112060785 9.838537 -15.458826 -25.595948 -0.408756 0.501506 -0.427214 0.631584
1520616848.162060738 10.456019 -16.547210 -24.795292 -0.403280 0.487983 -0.451473 0.628816
1520616848.212061644 10.967593 -17.443314 -24.051009 -0.392557 0.476303 -0.475657 0.626726
1520616848.262063503 11.751877 -18.402710 -23.102336 -0.380426 0.459697 -0.500454 0.627295
1520616848.311651230 12.703267 -18.798969 -22.341879 -0.354433 0.444740 -0.524753 0.633418
1520616848.361652136 12.772093 -18.832545 -22.277570 -0.327898 0.429104 -0.548250 0.638572
1520616848.411654472 12.772093 -18.832545 -22.277570 -0.327898 0.429104 -0.548250 0.638572
1520616848.461655378 12.758328 -18.825830 -22.290432 -0.327898 0.429104 -0.548250 0.638572
1520616848.511657238 12.758328 -18.825830 -22.290432 -0.327898 0.429104 -0.548250 0.638572
1520616848.561658382 12.747316 -18.820458 -22.300721 -0.327898 0.429104 -0.548250 0.638572
1520616848.611660242 12.738506 -18.816160 -22.308953 -0.327898 0.429104 -0.548250 0.638572
1520616848.661662102 12.738506 -18.816160 -22.308953 -0.327898 0.429104 -0.548250 0.638572
1520616848.711436749 12.731458 -18.812722 -22.315538 -0.327898 0.429104 -0.548250 0.638572
1520616848.761439085 12.731458 -18.812722 -22.315538 -0.327898 0.429104 -0.548250 0.638572
1520616848.811439991 -0.879536 -0.015817 -0.475570 -0.010430 -0.046930 0.007264 0.998817
1520616848.861441851 -1.363653 0.243027 -1.037872 -0.014593 -0.093245 0.016324 0.995402
1520616848.911442995 -1.774839 0.492594 -1.697059 -0.018370 -0.137475 0.027814 0.989944
1520616848.961444855 -2.248295 0.700705 -2.478838 -0.022869 -0.182519 0.045039 0.981904
1520616849.011445761 -3.008904 0.528101 -3.489774 -0.032511 -0.223505 0.066060 0.971918
1520616849.061447859 -3.604184 0.171101 -4.514898 -0.045609 -0.263851 0.092285 0.959055
1520616849.111587048 -4.189354 -0.141217 -5.672048 -0.058351 -0.299948 0.118425 0.944776
1520616849.161587954 -4.631589 -0.665156 -6.841804 -0.069549 -0.332413 0.146413 0.929101
1520616849.211589813 -4.893680 -1.265486 -8.034575 -0.077057 -0.361830 0.174975 0.912428
1520616849.261592150 -5.080232 -1.912853 -9.120487 -0.076778 -0.385531 0.202732 0.896867
1520616849.311594009 -5.161730 -2.539995 -10.197640 -0.071888 -0.407293 0.227901 0.881479
1520616849.361594915 -5.060946 -3.206278 -11.269399 -0.063986 -0.428288 0.255837 0.864305
1520616849.411596060 -4.828906 -3.850408 -12.301592 -0.054562 -0.446972 0.284927 0.846201
1520616849.461597919 -4.610706 -4.503645 -13.233222 -0.045679 -0.459555 0.313808 0.829607
1520616849.512424469 -4.585857 -4.558984 -13.312722 -0.036734 -0.471518 0.342266 0.811896
1520616849.562426329 -4.585857 -4.558984 -13.312722 -0.036734 -0.471518 0.342266 0.811896
1520616849.612427473 -4.590827 -4.547916 -13.296822 -0.036734 -0.471518 0.342266 0.811896
1520616849.662429333 -0.132332 -0.246253 -0.960129 -0.028642 -0.001923 0.063446 0.997572
1520616849.712430239 -0.145303 -0.373905 -1.434619 -0.043527 0.002963 0.090002 0.994986
1520616849.762432575 -0.134850 -0.478678 -1.909911 -0.058363 0.008901 0.116197 0.991470
1520616849.812433481 -0.112711 -0.572904 -2.377014 -0.074346 0.019101 0.144169 0.986571
1520616849.862435341 -0.053444 -0.695030 -2.856528 -0.092576 0.032813 0.172868 0.980036
1520616849.912245035 -0.032967 -0.741721 -3.317446 -0.107066 0.049027 0.196761 0.973354
1520616849.962246180 0.004275 -0.773627 -3.739165 -0.118659 0.068306 0.209933 0.968082
1520616850.012248039 -0.015480 -0.798207 -4.159813 -0.127744 0.093112 0.214468 0.963854
1520616850.062249184 -0.026391 -0.810664 -4.578640 -0.137966 0.117710 0.216223 0.959352
1520616850.112251043 -0.037700 -0.869208 -4.984353 -0.150603 0.143088 0.214339 0.954413
1520616850.162251949 -0.092859 -0.984864 -5.386570 -0.163156 0.172543 0.207271 0.949025
1520616850.212254286 -0.197861 -1.090769 -5.770384 -0.173101 0.205335 0.193915 0.943542
1520616850.262256145 -0.353288 -1.259205 -6.146609 -0.181053 0.239846 0.175947 0.937410
1520616850.311941862 -0.536973 -1.454106 -6.457574 -0.187927 0.272578 0.154205 0.930917
1520616850.361943960 -0.725833 -1.679174 -6.789799 -0.192345 0.303912 0.127995 0.924261
1520616850.411944866 -0.994994 -1.889806 -7.097283 -0.192703 0.335617 0.100524 0.916581
1520616850.461947203 -1.358802 -2.064861 -7.380795 -0.188706 0.367190 0.072097 0.907944
1520616850.511948109 -1.840531 -2.150066 -7.628371 -0.179045 0.401608 0.041534 0.897178
1520616850.561949968 -2.337850 -2.160427 -7.844644 -0.167543 0.432043 0.012840 0.886061
1520616850.611952066 -2.834051 -2.023560 -8.050572 -0.152913 0.459160 -0.014820 0.874969
1520616850.661952972 -3.205336 -1.833486 -8.236341 -0.138085 0.481220 -0.043153 0.864579
1520616850.711954832 -3.472460 -1.771817 -8.387065 -0.126445 0.498390 -0.070147 0.854809
1520616850.761771679 -3.776463 -1.739232 -8.531584 -0.116557 0.515264 -0.093970 0.843852
1520616850.811773777 -4.213105 -1.579193 -8.661372 -0.105593 0.530480 -0.114988 0.833198
1520616850.861775637 -4.563143 -1.387627 -8.801794 -0.095225 0.541358 -0.135124 0.824382
1520616850.911776781 -4.961694 -1.292141 -8.966641 -0.086606 0.551860 -0.155667 0.814689
1520616850.961778641 -5.335607 -1.189518 -9.118978 -0.079218 0.561078 -0.169209 0.806402
1520616851.011780500 -5.635831 -1.218387 -9.331542 -0.076417 0.566423 -0.175867 0.801496
1520616851.061781645 -6.052415 -1.373342 -9.478902 -0.079469 0.572266 -0.180241 0.796059
1520616851.111782551 -6.346416 -1.539785 -9.653028 -0.084572 0.575028 -0.182845 0.792943
1520616851.161723852 -6.595981 -1.867660 -9.837707 -0.095110 0.574779 -0.179274 0.792745
1520616851.211726189 -6.782454 -2.187830 -9.958512 -0.106176 0.571895 -0.172826 0.794855
1520616851.261727095 -6.900828 -2.580633 -10.160523 -0.116796 0.567430 -0.165259 0.798168
1520616851.311729193 -7.102684 -2.644812 -10.188220 -0.121299 0.566635 -0.157367 0.799655
1520616851.361730099 -7.320298 -2.783796 -10.223057 -0.125392 0.567454 -0.144847 0.800807
1520616851.411731958 -7.548619 -2.881485 -10.268903 -0.126387 0.570429 -0.130286 0.801038
1520616851.461733103 -7.765758 -2.789446 -10.205760 -0.123412 0.573217 -0.117181 0.801536
1520616851.511734962 -7.933759 -2.758520 -10.284576 -0.118522 0.575468 -0.102211 0.802709
1520616851.561553717 -8.142188 -2.619057 -10.325590 -0.109529 0.579356 -0.086715 0.803013
1520616851.611555576 -8.490342 -2.332747 -10.270753 -0.096518 0.586433 -0.074821 0.800739
1520616851.661556721 -8.960001 -2.060788 -10.102255 -0.085386 0.597477 -0.066990 0.794508
1520616851.711558580 -9.285741 -2.089297 -9.984489 -0.083609 0.604193 -0.060952 0.790092
1520616851.761559486 -9.523086 -2.237128 -9.925940 -0.085107 0.608862 -0.053607 0.786874
1520616851.811561823 -9.847041 -2.236469 -9.780420 -0.081770 0.616950 -0.041849 0.781624
1520616851.861563683 -10.004585 -2.073823 -9.829753 -0.069600 0.620922 -0.021604 0.780478
1520616851.911564589 -10.103699 -1.731078 -9.951028 -0.050040 0.623571 0.002500 0.780160
1520616851.961753368 -10.298170 -0.971134 -10.015789 -0.016636 0.629547 0.014081 0.776657
1520616852.011754513 -10.402228 -0.403010 -10.075525 0.007806 0.632850 0.018671 0.774010
1520616852.061756372 -10.447357 -0.062864 -10.172194 0.022521 0.633720 0.016311 0.773063
1520616852.111757278 -10.408610 0.063726 -10.333186 0.029088 0.633063 0.011466 0.773468
1520616852.161759377 -10.350225 0.092009 -10.527243 0.031913 0.632159 0.009316 0.774125
1520616852.211760283 -10.421214 0.321623 -10.570526 0.040841 0.635408 0.002269 0.771092
1520616852.261762381 -10.463686 0.614724 -10.644483 0.051685 0.639397 -0.004657 0.767124
1520616852.311764479 -10.554122 0.842097 -10.656682 0.060440 0.644400 -0.006839 0.762266
1520616852.362338543 -10.589783 0.935459 -10.660109 0.069188 0.649319 -0.009020 0.757309
1520616852.412341833 -10.589783 0.935459 -10.660109 0.069188 0.649319 -0.009020 0.757309
1520616852.462342739 -10.582651 0.916786 -10.659424 0.069188 0.649319 -0.009020 0.757309
1520616852.512343645 0.453024 0.368999 -0.811547 0.008252 0.038632 -0.033847 0.998646
1520616852.562344790 0.654961 0.626608 -1.259912 0.005592 0.065332 -0.038324 0.997112
1520616852.612347603 0.793970 0.837532 -1.766154 -0.003705 0.088166 -0.037029 0.995410
1520616852.662348509 0.842519 1.077043 -2.338078 -0.013828 0.105326 -0.036575 0.993669
1520616852.712349653 0.889782 1.245133 -2.974883 -0.023814 0.119510 -0.043447 0.991596
1520616852.762365103 0.872836 1.362957 -3.640802 -0.032687 0.133113 -0.057271 0.988905
1520616852.812367201 0.834291 1.509545 -4.311474 -0.041131 0.146649 -0.074443 0.985526
1520616852.862368345 0.730738 1.588877 -5.021742 -0.052907 0.156152 -0.088283 0.982356
1520616852.912370205 0.609371 1.608781 -5.686259 -0.067659 0.159891 -0.096598 0.980064
1520616852.962371111 0.453880 1.676104 -6.347331 -0.079777 0.161422 -0.102393 0.978312
1520616853.012373209 0.295149 1.771796 -7.016746 -0.085783 0.156722 -0.103906 0.978408
1520616853.062377214 0.114083 1.633632 -7.648284 -0.093238 0.143497 -0.094491 0.980707
1520616853.112375975 0.041353 1.609364 -8.309768 -0.099365 0.126535 -0.080940 0.983648
1520616853.162377119 0.057333 1.528955 -8.974133 -0.104709 0.104422 -0.069248 0.986578
1520616853.211991310 0.109265 1.546715 -9.661420 -0.104032 0.082726 -0.063170 0.989112
1520616853.261992455 -0.084334 1.400034 -10.303783 -0.102864 0.067478 -0.060367 0.990566
1520616853.311994314 -0.132142 1.177316 -10.970147 -0.101328 0.049774 -0.055075 0.992080
1520616853.361995220 -0.291996 0.901352 -11.645072 -0.099862 0.038498 -0.044601 0.993255
1520616853.411997557 -0.609043 0.598233 -12.333444 -0.101212 0.035577 -0.025813 0.993893
1520616853.461999416 -0.929206 0.225198 -12.918672 -0.106486 0.037937 0.000782 0.993590
1520616853.512000322 -1.409330 -0.243015 -13.437138 -0.116501 0.048203 0.033555 0.991452
1520616853.562002420 -1.987601 -0.719382 -13.915831 -0.127516 0.065135 0.067486 0.987392
1520616853.612024307 -2.565567 -1.231216 -14.304029 -0.139368 0.081887 0.108171 0.980903
1520616853.662026167 -3.020430 -1.807134 -14.673909 -0.150725 0.098165 0.144551 0.973011
1520616853.712027073 -3.664691 -2.151245 -14.985596 -0.155543 0.121239 0.169594 0.965580
1520616853.762029409 -4.488086 -2.541713 -15.190100 -0.158533 0.150528 0.187167 0.957694
1520616853.812030315 -5.594436 -2.806434 -15.274106 -0.157066 0.187990 0.194977 0.949723
1520616853.862032175 -6.839081 -3.030028 -15.203570 -0.153006 0.230181 0.198114 0.940403
1520616853.912034273 -7.928099 -3.371826 -15.081264 -0.151195 0.268435 0.202002 0.929665
1520616853.962035179 -9.143245 -3.669667 -14.812948 -0.147954 0.309491 0.203356 0.917045
1520616854.012084723 -10.388233 -3.984114 -14.389737 -0.145511 0.352366 0.202718 0.901981
1520616854.062086821 -11.683935 -4.352314 -13.777260 -0.145053 0.396382 0.199758 0.884272
1520616854.112087727 -12.955577 -4.681526 -12.968663 -0.145239 0.441186 0.193250 0.864242
1520616854.162089825 -14.238384 -4.628078 -11.986744 -0.140011 0.486968 0.182693 0.842545
1520616854.212091923 -15.457285 -4.439609 -10.848028 -0.132171 0.533405 0.169026 0.818193
1520616854.262092829 -16.536422 -4.081479 -9.582176 -0.121814 0.578000 0.156762 0.791519
1520616854.312094688 -17.453279 -3.641446 -8.281593 -0.109422 0.620258 0.143176 0.763418
1520616854.362095833 -18.250327 -3.088769 -6.926027 -0.096066 0.658728 0.126109 0.735490
1520616854.412400961 -18.838849 -2.490170 -5.578970 -0.083572 0.693581 0.108966 0.707169
1520616854.462402105 -19.245696 -1.888437 -4.373853 -0.072889 0.723991 0.089704 0.680057
1520616854.512403011 -19.541995 -1.272715 -3.268122 -0.063122 0.751229 0.067869 0.653501
1520616854.562404871 -19.749979 -0.540845 -2.283971 -0.052238 0.775098 0.045286 0.628047
1520616854.612406969 -19.881014 0.208763 -1.337403 -0.042003 0.796711 0.022832 0.602466
1520616854.662407875 -19.938609 1.078210 -0.568799 -0.029653 0.814360 -0.000169 0.579602
1520616854.712421894 -19.916031 1.977248 -0.031912 -0.015727 0.827618 -0.019313 0.560739
1520616854.762411118 -19.839827 2.925389 0.320376 0.002202 0.837345 -0.034872 0.545558
1520616854.812415838 -19.750156 3.805729 0.343331 0.021380 0.841859 -0.045870 0.537319
1520616854.862416744 -19.668461 4.579306 0.193431 0.041172 0.843345 -0.051945 0.533269
1520616854.912418604 -19.602367 5.343291 -0.004906 0.062372 0.843554 -0.055717 0.530492
1520616854.962419748 -19.463248 6.130410 -0.368115 0.082947 0.841204 -0.061308 0.530789
1520616855.012421608 -19.388900 6.794859 -0.952832 0.099074 0.836544 -0.067153 0.534666
1520616855.062423468 -19.399559 7.145807 -1.711696 0.107568 0.830203 -0.070343 0.542443
1520616855.112424612 -19.520211 7.112211 -2.625741 0.107162 0.823157 -0.070979 0.553074
1520616855.162426710 -19.793118 6.599809 -3.729258 0.096278 0.814971 -0.066758 0.567535
1520616855.212262869 -20.099486 5.769608 -4.960760 0.079956 0.805414 -0.055843 0.584635
1520616855.262264729 -20.327993 4.834913 -5.998913 0.062128 0.798474 -0.042575 0.597299
1520616855.312265873 -20.583290 3.827016 -6.773852 0.042158 0.795130 -0.029832 0.604236
1520616855.362267971 -20.854502 2.582518 -7.302001 0.016068 0.794839 -0.014341 0.606438
1520616855.412268877 -21.179247 1.093943 -7.292078 -0.015187 0.801653 -0.000594 0.597596
1520616855.462270975 -21.531517 -0.373220 -6.798461 -0.046842 0.813207 0.010764 0.579987
1520616855.512272835 -21.793600 -1.756764 -6.141924 -0.075989 0.825438 0.019248 0.559024
1520616855.562273741 -21.994360 -2.718716 -5.264500 -0.096073 0.839580 0.024018 0.534133
1520616855.612276077 -22.098812 -3.543088 -4.347017 -0.112860 0.853443 0.028742 0.508007
1520616855.662197828 -22.196860 -4.100055 -3.309759 -0.123293 0.868766 0.028779 0.478766
1520616855.712200880 -22.328672 -4.202049 -2.001120 -0.125583 0.886086 0.026988 0.445367
1520616855.762201786 -22.424366 -3.976168 -0.602629 -0.121820 0.903584 0.021782 0.410147
1520616855.812203884 -22.453072 -3.160358 0.759416 -0.107425 0.920650 0.009143 0.375207
1520616855.862205029 -22.449466 -1.761047 2.108997 -0.082009 0.936869 -0.008372 0.339824
1520616855.912206888 -22.287138 -0.164855 3.347409 -0.052512 0.950218 -0.023674 0.306214
1520616855.962207794 -22.012432 1.412805 4.245313 -0.022246 0.959373 -0.039535 0.278471
1520616856.012212038 -21.754532 2.888784 4.602740 0.007241 0.963684 -0.053139 0.261605
1520616856.062116861 -21.507067 4.230616 4.583971 0.036194 0.964815 -0.063803 0.252492
1520616856.112118959 -21.301850 5.563744 4.125898 0.066772 0.962468 -0.073404 0.252604
1520616856.162119865 -21.159968 6.724018 3.328858 0.094307 0.957411 -0.080618 0.260713
1520616856.212121964 -21.156144 7.556235 1.962167 0.115819 0.948767 -0.086021 0.281118
1520616856.262123108 -21.190736 8.136841 0.181855 0.131740 0.937199 -0.090568 0.310000
1520616856.312124968 -21.208386 8.462953 -1.935065 0.141339 0.922841 -0.094080 0.345741
1520616856.362148762 -21.111949 8.609670 -4.177465 0.147329 0.906788 -0.099055 0.382384
1520616856.412127972 -20.891272 8.668854 -6.376232 0.151325 0.889831 -0.106265 0.417144
1520616856.462024689 -20.699566 8.164091 -8.613104 0.144006 0.872628 -0.107907 0.454025
1520616856.512026787 -20.330837 7.347955 -10.996327 0.130937 0.852821 -0.102209 0.495080
1520616856.562027693 -19.774159 6.228388 -13.355178 0.111816 0.831459 -0.092561 0.536289
1520616856.612029791 -19.016697 5.247772 -15.477062 0.095199 0.809971 -0.085021 0.572413
1520616856.662031889 -18.187138 4.183598 -17.406948 0.076276 0.788686 -0.076444 0.605237
1520616856.712032795 -17.370744 3.067592 -19.028042 0.054671 0.769962 -0.064565 0.632457
1520616856.762034893 -16.734337 1.986511 -20.256159 0.033312 0.756037 -0.053421 0.651495
1520616856.812035799 -16.312356 0.945998 -21.128641 0.011157 0.747360 -0.041771 0.663011
1520616856.862337828 -16.103259 -0.391893 -21.767565 -0.015788 0.742698 -0.028556 0.668831
1520616856.912338734 -15.949234 -1.596060 -22.241056 -0.040955 0.739879 -0.014880 0.671327
1520616856.962340832 -15.847874 -2.759676 -22.604539 -0.064929 0.738466 -0.001820 0.671155
1520616857.012341738 -15.704249 -3.702261 -22.949754 -0.084098 0.737229 0.008338 0.670337
1520616857.062343597 -15.736170 -4.535594 -23.185003 -0.100108 0.738350 0.014195 0.666795
1520616857.112345934 -15.954127 -5.039554 -23.230702 -0.110650 0.743528 0.018834 0.659218
1520616857.162346840 -16.811453 -5.346127 -22.850178 -0.116490 0.757174 0.021400 0.642386
1520616857.212348700 -18.097232 -5.650573 -21.997601 -0.121483 0.777015 0.020338 0.617313
1520616857.263871670 -18.175363 -5.669308 -21.938064 -0.126349 0.796042 0.019254 0.591593
1520616857.313873768 -18.175363 -5.669308 -21.938064 -0.126349 0.796042 0.019254 0.591593
1520616857.363875628 -18.159737 -5.665561 -21.949972 -0.126349 0.796042 0.019254 0.591593
1520616857.413877726 -18.159737 -5.665561 -21.949972 -0.126349 0.796042 0.019254 0.591593
1520616857.463878632 0.503409 0.011946 -0.863966 -0.020242 0.063042 -0.008973 0.997765
1520616857.513879538 0.754094 -0.060001 -1.764846 -0.039845 0.130614 -0.022254 0.990382
1520616857.563881636 0.825636 -0.407568 -2.512663 -0.061811 0.202304 -0.039349 0.976578
1520616857.613883734 0.723299 -0.714709 -3.075517 -0.080442 0.273946 -0.053172 0.956899
1520616857.663657665 0.466814 -0.862836 -3.467166 -0.091284 0.343203 -0.063860 0.932631
1520616857.713659763 -0.039859 -0.937947 -3.638161 -0.095373 0.414465 -0.074549 0.901978
1520616857.763660431 -0.701937 -0.874997 -3.591084 -0.095687 0.488068 -0.079230 0.863919
1520616857.813661814 -1.250876 -0.792348 -3.455755 -0.095392 0.554207 -0.076363 0.823361
1520616857.863668680 -1.711559 -0.716895 -3.378386 -0.091579 0.615146 -0.076113 0.779369
1520616857.913665533 -2.224481 -0.574461 -3.229128 -0.084215 0.675528 -0.073521 0.728810
1520616857.963666677 -2.732796 -0.417781 -2.955263 -0.077871 0.730507 -0.067933 0.675041
1520616858.013697624 -3.178630 -0.339308 -2.558672 -0.074123 0.781047 -0.065701 0.616567
1520616858.063669443 -3.541707 -0.274025 -2.112943 -0.072787 0.825461 -0.066276 0.555808
1520616858.112437963 -3.592076 -0.261560 -2.027459 -0.071039 0.865199 -0.066475 0.491900
1520616858.162438869 -3.592076 -0.261560 -2.027459 -0.071039 0.865199 -0.066475 0.491900
1520616858.212440729 0.704299 -0.114440 -0.700619 -0.003380 0.056037 -0.011159 0.998361
1520616858.262443066 1.313047 -0.219927 -1.544476 -0.004294 0.105794 -0.020589 0.994166
1520616858.312443972 1.783211 -0.362232 -2.524450 -0.006300 0.149446 -0.031847 0.988237
1520616858.362445831 2.291417 -0.584446 -3.573518 -0.009548 0.183163 -0.043904 0.982055
1520616858.412446976 2.675738 -0.699413 -4.630191 -0.011230 0.208806 -0.055235 0.976331
1520616858.462448835 2.923766 -0.824562 -5.687258 -0.015274 0.229338 -0.065669 0.971009
1520616858.512493134 3.220143 -0.947713 -6.737309 -0.021351 0.246048 -0.078214 0.965861
1520616858.562494993 3.416773 -1.076943 -7.759656 -0.029788 0.261721 -0.090988 0.960383
1520616858.612495899 3.567061 -1.256703 -8.756911 -0.038865 0.276135 -0.103371 0.954753
1520616858.662497997 3.644710 -1.480518 -9.706889 -0.047676 0.287731 -0.114407 0.949657
1520616858.712499857 3.717685 -1.750710 -10.640668 -0.054743 0.297468 -0.126138 0.944778
1520616858.762500763 3.517600 -1.964855 -11.506811 -0.058716 0.307895 -0.138727 0.939419
1520616858.812503099 3.324216 -2.197861 -12.284024 -0.060726 0.314244 -0.149202 0.935576
1520616858.862504005 3.289407 -2.195520 -12.916428 -0.057877 0.314404 -0.158564 0.934162
1520616858.912207603 3.401228 -2.328782 -13.652866 -0.057591 0.308896 -0.164588 0.934974
1520616858.962209463 3.578009 -2.284100 -14.329307 -0.057555 0.302117 -0.162672 0.937523
1520616859.012211561 3.623340 -2.281779 -15.038512 -0.062949 0.299370 -0.153045 0.939677
1520616859.062212706 3.544941 -2.358417 -15.732847 -0.072573 0.301491 -0.138847 0.940510
1520616859.112214565 3.283680 -2.228360 -16.501909 -0.081869 0.310244 -0.118698 0.939658
1520616859.162215471 2.917929 -1.916413 -17.203401 -0.092622 0.323045 -0.091781 0.937358
1520616859.212217569 2.319505 -1.780560 -17.933837 -0.106745 0.341075 -0.064414 0.931732
1520616859.262218475 1.586435 -1.852946 -18.627298 -0.122693 0.361546 -0.036076 0.923542
1520616859.312074661 0.768657 -1.892913 -19.331762 -0.135076 0.382390 -0.010344 0.914016
1520616859.362076759 -0.115032 -1.892366 -19.959917 -0.141398 0.404205 0.008799 0.903630
1520616859.412078619 -0.958422 -1.900605 -20.581191 -0.140892 0.425424 0.018695 0.893764
1520616859.462079763 -1.762250 -1.761384 -21.168880 -0.134498 0.445210 0.022742 0.884975
1520616859.512081623 -2.396873 -1.526380 -21.759999 -0.123694 0.460725 0.021788 0.878611
1520616859.562082529 -2.954002 -1.036315 -22.372202 -0.106651 0.475054 0.013277 0.873369
1520616859.612084627 -3.501335 -0.921119 -22.919539 -0.091100 0.488666 -0.007324 0.867671
1520616859.662123680 -3.857923 -0.735797 -23.515907 -0.074445 0.497660 -0.031770 0.863587
1520616859.712145090 -3.754571 -0.520028 -24.212850 -0.056938 0.496608 -0.059316 0.864072
1520616859.762147427 -3.308124 -0.413885 -24.923318 -0.040907 0.488216 -0.090229 0.867082
1520616859.812148333 -2.605370 -0.376946 -25.592978 -0.027733 0.475274 -0.118608 0.871365
1520616859.862150431 -1.431909 -0.515436 -26.294202 -0.016702 0.453043 -0.146123 0.879273
1520616859.912151337 0.067446 -0.847055 -26.940903 -0.007673 0.424228 -0.172267 0.888986
1520616859.962153196 1.718511 -1.386475 -27.472912 -0.001626 0.391913 -0.194779 0.899145
1520616860.012154341 3.590027 -1.936976 -27.857624 0.004412 0.355575 -0.212229 0.910223
1520616860.062156200 5.397840 -2.631356 -28.109763 0.007842 0.319434 -0.225678 0.920310
1520616860.112157106 7.228671 -3.101203 -28.194115 0.013305 0.283463 -0.237224 0.929083
1520616860.162389517 9.085433 -3.582816 -28.199577 0.017419 0.247286 -0.240525 0.938453
1520616860.212391376 11.003232 -4.002523 -28.035710 0.023866 0.211019 -0.243364 0.946401
1520616860.262392282 12.937207 -4.164315 -27.696377 0.031467 0.174551 -0.243158 0.953633
1520616860.312394381 14.845746 -4.363765 -27.212463 0.035699 0.138357 -0.239649 0.960287
1520616860.362395287 16.712519 -4.539873 -26.537397 0.035188 0.101686 -0.232181 0.966702
1520616860.412397385 18.391063 -4.718808 -25.805059 0.029482 0.066934 -0.221721 0.972363
1520616860.462398529 19.954130 -4.692996 -25.030153 0.022034 0.034922 -0.205512 0.977783
1520616860.512400389 21.293285 -4.452197 -24.324164 0.015780 0.006515 -0.188013 0.982018
1520616860.563588381 21.377417 -4.432370 -24.273878 0.009506 -0.021899 -0.170294 0.985104
1520616860.613591671 21.377417 -4.432370 -24.273878 0.009506 -0.021899 -0.170294 0.985104
1520616860.663592339 21.360590 -4.436335 -24.283935 0.009506 -0.021899 -0.170294 0.985104
1520616860.713593245 21.347129 -4.439508 -24.291981 0.009506 -0.021899 -0.170294 0.985104
1520616860.763595581 -0.069420 0.151280 -0.986050 -0.028048 -0.007536 0.094699 0.995082
1520616860.813597441 -0.087616 0.172054 -1.330189 -0.046659 0.002548 0.126071 0.990920
1520616860.863598585 -0.099468 0.192778 -1.675345 -0.067828 0.018036 0.157352 0.985045
1520616860.913600445 -0.125996 0.188051 -2.004775 -0.088175 0.040876 0.187257 0.977491
1520616860.963305712 -0.145470 0.209123 -2.236853 -0.103056 0.065865 0.216758 0.968534
1520616861.013307810 -0.173958 0.216149 -2.458525 -0.111276 0.090876 0.239619 0.960178
1520616861.063308716 -0.226632 0.223667 -2.702460 -0.114119 0.113633 0.258791 0.952413
1520616861.113310814 -0.261750 0.248254 -2.939141 -0.110250 0.133313 0.271771 0.946685
1520616861.163311958 -0.287561 0.269277 -3.180309 -0.103991 0.152082 0.280438 0.942025
1520616861.213313818 -0.327572 0.220151 -3.442112 -0.099865 0.171487 0.285565 0.937588
1520616861.263315678 -0.362753 0.140555 -3.703813 -0.097116 0.192644 0.284279 0.934153
1520616861.313361883 -0.400728 0.073602 -3.957967 -0.092941 0.213378 0.276028 0.932545
1520616861.363450527 -0.439577 -0.024601 -4.226138 -0.086865 0.234825 0.260211 0.932525
1520616861.413452625 -0.534397 -0.127425 -4.490233 -0.080339 0.258620 0.236513 0.933125
1520616861.463454485 -0.569669 -0.212814 -4.752739 -0.073255 0.276239 0.204075 0.936312
1520616861.513455629 -0.570498 -0.256172 -5.014434 -0.064938 0.287169 0.177565 0.939035
1520616861.563457489 -0.567922 -0.272835 -5.272471 -0.056658 0.295683 0.157318 0.940538
1520616861.613458395 -0.565251 -0.229890 -5.517685 -0.043060 0.304712 0.133416 0.942071
1520616861.663460493 -0.625473 -0.117341 -5.755542 -0.025167 0.316675 0.114315 0.941284
1520616861.713461399 -0.626128 -0.028574 -5.987954 -0.009799 0.326250 0.103410 0.939559
1520616861.763943434 -0.720481 0.013848 -6.272983 0.002245 0.338507 0.095962 0.936055
1520616861.813945293 -0.819038 0.061987 -6.502446 0.009935 0.351364 0.087541 0.932084
1520616861.863946438 -0.928133 -0.001559 -6.737729 0.008584 0.363802 0.080715 0.927933
1520616861.913948298 -1.054413 -0.103235 -6.968322 0.003323 0.376251 0.070790 0.923803
1520616861.963949203 -1.199779 -0.248927 -7.200145 -0.006755 0.386291 0.063373 0.920172
1520616862.013951540 -1.311258 -0.353513 -7.439392 -0.015251 0.393201 0.057334 0.917537
1520616862.063952446 -1.375668 -0.389771 -7.680355 -0.022661 0.396403 0.057910 0.915968
1520616862.113954306 -1.451147 -0.422343 -7.915975 -0.029732 0.398422 0.057264 0.914930
1520616862.164565325 -1.532761 -0.419820 -8.160958 -0.034923 0.399126 0.053530 0.914666
1520616862.214567184 -1.545453 -0.450594 -8.397821 -0.040349 0.396265 0.046296 0.916080
1520616862.264569283 -1.566010 -0.482403 -8.629777 -0.043866 0.393694 0.036184 0.917481
1520616862.314571381 -1.622584 -0.548249 -8.856938 -0.047276 0.391716 0.029760 0.918389
1520616862.364572048 -1.615571 -0.530099 -9.100930 -0.047838 0.386287 0.028836 0.920686
1520616862.414574385 -1.600489 -0.511866 -9.348794 -0.048120 0.380337 0.033627 0.922983
1520616862.464575291 -1.588505 -0.483581 -9.591923 -0.046549 0.374410 0.037820 0.925322
1520616862.514576435 -1.581226 -0.483294 -9.823401 -0.045967 0.368366 0.043375 0.927530
1520616862.564579248 -1.492434 -0.520960 -10.069646 -0.047268 0.359210 0.047234 0.930861
1520616862.613606930 -1.372188 -0.637855 -10.329281 -0.051323 0.348763 0.051883 0.934365
1520616862.663607836 -1.269171 -0.616354 -10.559341 -0.050776 0.341195 0.056533 0.936916
1520616862.713609695 -1.202090 -0.541833 -10.773348 -0.046648 0.335302 0.061272 0.938958
1520616862.763611794 -1.141687 -0.389932 -10.984160 -0.038440 0.330240 0.065614 0.940829
1520616862.813612700 -1.112169 -0.187299 -11.185815 -0.027874 0.326609 0.073312 0.941900
1520616862.863613605 -1.034075 0.015114 -11.387522 -0.017888 0.321429 0.081442 0.943255
1520616862.913615942 -0.937850 0.108051 -11.599278 -0.012196 0.316131 0.087609 0.944583
1520616862.963667631 -0.837468 0.013067 -11.831355 -0.012884 0.312037 0.091590 0.945557
1520616863.012676716 -0.783276 -0.040321 -12.049050 -0.013510 0.310177 0.091784 0.946141
1520616863.062678576 -0.628140 -0.091004 -12.254689 -0.013245 0.305965 0.091729 0.947521
1520616863.112679720 -0.466321 -0.031901 -12.454004 -0.009261 0.301431 0.087711 0.949400
1520616863.162681580 -0.344709 0.097004 -12.658195 -0.001198 0.299564 0.078680 0.950825
1520616863.212682724 -0.238687 0.253538 -12.853348 0.006367 0.298059 0.073792 0.951670
1520616863.262684584 -0.140120 0.398090 -13.036042 0.011492 0.297590 0.073346 0.951803
1520616863.312685490 -0.179513 0.507757 -13.230838 0.014371 0.301266 0.073456 0.950598
1520616863.362687826 -0.278259 0.470569 -13.421439 0.013240 0.307724 0.070702 0.948753
1520616863.412424564 -0.438415 0.353714 -13.631721 0.010287 0.315555 0.064626 0.946648
1520616863.462426424 -0.536213 0.187701 -13.854660 0.005951 0.321385 0.057339 0.945192
1520616863.512428284 -0.617253 0.013213 -14.089602 0.001528 0.325936 0.048720 0.944134
1520616863.562429428 -0.734735 -0.170548 -14.323290 -0.003026 0.331260 0.039369 0.942713
1520616863.612431288 -0.910026 -0.366712 -14.547206 -0.008670 0.338345 0.033284 0.940393
1520616863.662432432 -1.167715 -0.580404 -14.744485 -0.016183 0.347529 0.030225 0.937042
1520616863.712434530 -1.383394 -0.825322 -14.944634 -0.025168 0.354557 0.028302 0.934267
1520616863.762435436 -1.454861 -1.013480 -15.149415 -0.033655 0.357188 0.031207 0.932904
1520616863.812206030 -1.663186 -1.119553 -15.321935 -0.038332 0.363046 0.031371 0.930454
1520616863.862207890 -1.906796 -1.143515 -15.506156 -0.039322 0.368837 0.029015 0.928209
1520616863.912209988 -2.144433 -1.051594 -15.682160 -0.036002 0.374406 0.027164 0.926168
1520616863.962211132 -2.227015 -0.746574 -15.887670 -0.027345 0.374526 0.030277 0.926318
1520616864.012212992 -2.290530 -0.455921 -16.092915 -0.018738 0.373540 0.035880 0.926730
1520616864.062214136 -2.343644 -0.258103 -16.289154 -0.013091 0.372233 0.043585 0.927023
1520616864.112215996 -2.373651 -0.207235 -16.485079 -0.012981 0.370045 0.053748 0.927367
1520616864.162216902 -2.486607 -0.358180 -16.666613 -0.018392 0.370861 0.062787 0.926381
1520616864.212391853 -2.641262 -0.663191 -16.835484 -0.029585 0.373019 0.076899 0.924158
1520616864.262392998 -2.882843 -1.036825 -16.973769 -0.043230 0.378025 0.093689 0.920028
1520616864.312397003 -3.184415 -1.471863 -17.073607 -0.058073 0.385392 0.109390 0.914404
1520616864.362396002 -3.570339 -1.949357 -17.133823 -0.073208 0.395690 0.123833 0.907048
1520616864.412399054 -3.943149 -2.492222 -17.164247 -0.089785 0.406708 0.139567 0.898359
1520616864.462399006 -4.515187 -3.082128 -17.101576 -0.106517 0.423658 0.157995 0.885554
1520616864.512401104 -5.291910 -3.748116 -16.911801 -0.123411 0.447078 0.179103 0.867648
1520616864.562402964 -6.384102 -4.493917 -16.497794 -0.138349 0.479861 0.195921 0.843924
1520616864.612951756 -7.765369 -5.316367 -15.788113 -0.150866 0.521770 0.207267 0.813656
1520616864.662897825 -9.229723 -6.155823 -14.755948 -0.162253 0.567329 0.217036 0.777629
1520616864.712898731 -10.722153 -7.084485 -13.349670 -0.173737 0.616540 0.222199 0.735065
1520616864.762900829 -12.215517 -7.842515 -11.569129 -0.180745 0.667912 0.217479 0.688424
1520616864.812901974 -13.641978 -8.237911 -9.544891 -0.179490 0.718429 0.207222 0.639298
1520616864.862903833 -14.855022 -8.280830 -7.449635 -0.171566 0.764415 0.193618 0.590548
1520616864.912904739 -15.893397 -7.974047 -5.262922 -0.156764 0.807102 0.176590 0.541135
1520616864.962906837 -16.684296 -7.393585 -3.127109 -0.137342 0.844457 0.158338 0.492909
1520616865.012907743 -17.201652 -6.657405 -1.123340 -0.116691 0.875714 0.139008 0.447421
1520616865.062542915 -17.529320 -5.710168 0.844621 -0.091693 0.903300 0.119454 0.401712
1520616865.112544775 -17.598183 -4.737794 2.605119 -0.068010 0.925392 0.098946 0.359492
1520616865.162545681 -17.495556 -3.800034 4.084782 -0.045564 0.941931 0.080819 0.322735
1520616865.212547779 -17.313273 -2.853076 5.244272 -0.022279 0.953752 0.064885 0.292661
1520616865.262548685 -17.104344 -1.984107 6.096125 -0.000341 0.961660 0.051639 0.269337
1520616865.312550545 -16.900116 -1.172416 6.660415 0.021283 0.966380 0.041340 0.252877
1520616865.362551689 -16.693276 -0.349356 7.086603 0.043642 0.969305 0.032015 0.239829
1520616865.412553787 -16.478397 0.515528 7.415863 0.067054 0.970813 0.021969 0.229225
1520616865.462522507 -16.318432 1.318154 7.530321 0.087979 0.970430 0.011630 0.224476
1520616865.512523413 -16.234117 2.161857 7.404810 0.109615 0.967868 0.000821 0.226307
1520616865.562525749 -16.158949 2.989465 7.171026 0.132832 0.963791 -0.006908 0.231117
1520616865.612527609 -16.097197 3.623996 6.926991 0.152077 0.959635 -0.011154 0.236323
1520616865.662528515 -16.050789 4.151967 6.638276 0.170015 0.954944 -0.011749 0.242980
1520616865.712529659 -16.027062 4.604269 6.263585 0.185655 0.949739 -0.011459 0.251788
1520616865.762532711 -16.095988 4.869154 5.778081 0.194626 0.944658 -0.010233 0.263889
1520616865.812533617 -16.165571 5.192333 5.284475 0.202352 0.939762 -0.012804 0.275202
1520616865.862553835 -16.276087 5.438553 4.593800 0.206015 0.933812 -0.017918 0.291943
1520616865.912555695 -16.422255 5.628903 3.681756 0.207598 0.926006 -0.021825 0.314546
1520616865.962556601 -16.576622 5.704313 2.692098 0.205212 0.917898 -0.025969 0.338640
1520616866.012558937 -16.697798 5.754782 1.595414 0.201266 0.908444 -0.032483 0.364921
1520616866.062562704 -16.756219 5.788417 0.514436 0.197848 0.898369 -0.037831 0.390330
1520616866.112561703 -16.813306 5.683048 -0.539051 0.191598 0.888483 -0.040727 0.415005
1520616866.162563801 -16.817772 5.503956 -1.699294 0.184736 0.876739 -0.042022 0.442081
1520616866.212564707 -16.744472 5.307585 -2.850723 0.178538 0.864095 -0.040256 0.468875
1520616866.262473822 -16.628853 5.141957 -3.849040 0.173586 0.852405 -0.039755 0.491624
1520616866.312415838 -16.472677 4.839503 -4.913539 0.165348 0.839483 -0.037001 0.516294
1520616866.362417698 -16.248022 4.457639 -6.019782 0.154640 0.825464 -0.036092 0.541658
1520616866.412418842 -15.961158 4.124618 -7.053964 0.144601 0.811435 -0.038223 0.564980
1520616866.462420702 -15.597814 3.565664 -8.191266 0.128809 0.795203 -0.040577 0.591112
1520616866.512421846 -15.165109 2.854040 -9.308560 0.109092 0.778102 -0.042401 0.617137
1520616866.562423706 -14.564446 1.992794 -10.526862 0.086203 0.756851 -0.042226 0.646500
1520616866.612424612 -13.772600 1.264802 -11.746544 0.067553 0.731887 -0.042753 0.676720
1520616866.662434816 -12.799058 0.721687 -12.934593 0.054323 0.703854 -0.040486 0.707106
1520616866.712436676 -11.654449 0.280951 -14.082756 0.043828 0.672877 -0.033365 0.737701
1520616866.762437820 -10.513219 -0.087541 -15.042288 0.034940 0.643407 -0.026622 0.764263
1520616866.812439919 -9.322001 -0.474207 -15.882076 0.025290 0.613747 -0.021025 0.788818
1520616866.862440586 -8.233888 -0.849076 -16.539744 0.016093 0.587012 -0.019894 0.809174
1520616866.912442923 -7.252401 -1.209935 -17.053564 0.007720 0.563112 -0.022151 0.826047
1520616866.962443829 -6.435370 -1.597441 -17.423881 -0.000836 0.543312 -0.026898 0.839099
1520616867.012445688 -5.792688 -2.061053 -17.675755 -0.012039 0.528054 -0.029060 0.848628
1520616867.062447786 -5.068994 -2.452299 -17.925644 -0.022166 0.511188 -0.028153 0.858722
1520616867.112743139 -4.163217 -2.677853 -18.202477 -0.028353 0.490166 -0.025256 0.870802
1520616867.162745237 -3.383537 -2.800935 -18.416623 -0.030898 0.471761 -0.025984 0.880802
1520616867.212747335 -2.467900 -2.993821 -18.604667 -0.037629 0.450877 -0.020254 0.891562
1520616867.262748480 -1.473485 -3.231485 -18.742194 -0.047084 0.428461 -0.011592 0.902258
1520616867.312749386 -0.482272 -3.415278 -18.832181 -0.054883 0.405885 -0.004836 0.912262
1520616867.362751245 0.582267 -3.651685 -18.860021 -0.064327 0.381469 0.001357 0.922140
1520616867.412753344 1.562359 -3.891751 -18.828533 -0.073001 0.358539 0.004178 0.930647
1520616867.462755442 2.656230 -4.166393 -18.721741 -0.082715 0.332542 0.006028 0.939435
1520616867.512772322 3.864030 -4.487741 -18.515200 -0.093674 0.303253 0.006543 0.948272
1520616867.562773228 5.001284 -4.809288 -18.239776 -0.105714 0.275455 0.007994 0.955450
1520616867.612774134 6.151969 -5.055833 -17.899161 -0.118913 0.247385 0.014004 0.961491
1520616867.662775278 7.383892 -5.130461 -17.490026 -0.128162 0.216277 0.020120 0.967674
1520616867.712778330 8.779989 -5.081239 -16.925713 -0.133546 0.178974 0.023925 0.974454
1520616867.762778044 10.158551 -5.058618 -16.224343 -0.138753 0.140054 0.025296 0.980047
1520616867.812780380 11.566771 -5.017130 -15.348730 -0.145232 0.098395 0.027688 0.984103
1520616867.862782240 12.866936 -5.043022 -14.348930 -0.153615 0.057290 0.028599 0.986054
1520616867.912523746 14.111332 -5.081737 -13.201603 -0.164786 0.015578 0.030517 0.985734
1520616867.962460756 15.236881 -5.154047 -11.951829 -0.177933 -0.025312 0.031949 0.983198
1520616868.012461662 16.063309 -5.327379 -10.836001 -0.191128 -0.058370 0.030395 0.979357
1520616868.062463760 16.672034 -5.500861 -9.890067 -0.201791 -0.084983 0.027441 0.975349
1520616868.112464666 17.094304 -5.663936 -9.151326 -0.211196 -0.104703 0.024835 0.971502
1520616868.162466526 17.622039 -5.678640 -8.190181 -0.219155 -0.131025 0.023947 0.966556
1520616868.212467670 18.265372 -5.583849 -6.818741 -0.224647 -0.168551 0.021587 0.959509
1520616868.262469530 18.715795 -5.650099 -5.506798 -0.230436 -0.201935 0.014861 0.951788
1520616868.312474966 19.142483 -5.482852 -4.128118 -0.236159 -0.236923 0.014184 0.942282
1520616868.362476110 19.521345 -5.108145 -2.663681 -0.241025 -0.274035 0.017926 0.930855
1520616868.412477970 19.800412 -4.654698 -0.910352 -0.241422 -0.318193 0.019157 0.916571
1520616868.462479115 19.899110 -4.209651 1.002653 -0.239954 -0.365196 0.018329 0.899288
1520616868.512480974 19.795861 -3.793829 2.902565 -0.238948 -0.410671 0.017100 0.879751
1520616868.562481880 19.471248 -3.417344 4.855432 -0.240689 -0.455858 0.015295 0.856755
1520616868.612483978 18.902201 -3.016474 6.886266 -0.244982 -0.501890 0.013502 0.829402
1520616868.662486076 18.029065 -2.460965 9.051768 -0.251230 -0.550976 0.013792 0.795687
1520616868.712622643 16.873223 -1.817164 11.104949 -0.258367 -0.598237 0.015699 0.758362
1520616868.762624502 15.598120 -1.377589 12.833280 -0.265892 -0.638543 0.012738 0.722081
1520616868.812625647 14.316268 -0.828431 14.232188 -0.269148 -0.673846 0.013322 0.687977
1520616868.862627506 13.010476 -0.252926 15.402621 0.267935 0.706232 -0.015435 -0.655141
1520616868.912629604 11.516326 0.283185 16.502249 0.261361 0.739603 -0.016671 -0.620000
1520616868.962631702 9.911844 0.595503 17.455492 0.253582 0.770625 -0.013547 -0.584508
1520616869.012632608 8.223364 0.713142 18.259204 0.250096 0.798294 -0.005617 -0.547856
1520616869.062633514 6.511390 0.962366 18.879849 0.246319 0.824057 -0.001648 -0.510151
1520616869.112386465 4.802085 1.429143 19.304736 0.243060 0.847832 -0.004087 -0.471260
1520616869.162388802 3.289228 1.993214 19.521110 0.237753 0.867766 -0.011851 -0.436251
1520616869.212389708 1.893686 2.350069 19.617576 0.229220 0.884941 -0.016297 -0.405058
1520616869.262390614 0.477317 2.643896 19.617366 0.219477 0.901168 -0.020605 -0.373231
1520616869.312392712 -0.775932 2.825317 19.536861 0.211939 0.914188 -0.022587 -0.344721
1520616869.362394571 -1.978347 3.026779 19.376556 0.201989 0.926292 -0.027460 -0.316906
1520616869.412395477 -3.190119 3.159866 19.148130 0.190519 0.937717 -0.031817 -0.288751
1520616869.462397814 -4.209936 3.349693 18.873302 0.182863 0.946322 -0.037475 -0.263879
1520616869.512398481 -4.991818 3.582385 18.593579 0.175880 0.952573 -0.045547 -0.244125
1520616869.562289000 -5.674474 3.827816 18.302366 0.165878 0.958062 -0.056616 -0.226709
1520616869.612219810 -6.239451 4.166164 17.997021 0.154329 0.962287 -0.072842 -0.211851
1520616869.662222147 -6.614749 4.487379 17.739774 0.142484 0.964790 -0.089798 -0.202027
1520616869.712223053 -6.703754 4.802355 17.585747 0.131551 0.965053 -0.106812 -0.199894
1520616869.762224913 -6.534391 5.146139 17.514954 0.122239 0.963259 -0.123893 -0.204549
1520616869.812226057 -5.971367 5.485896 17.576767 0.112810 0.958672 -0.140840 -0.219967
1520616869.862227917 -5.297805 5.814336 17.652001 0.101912 0.952839 -0.157753 -0.238381
1520616869.912229776 -4.474361 6.094069 17.753714 0.089848 0.945487 -0.173077 -0.260817
1520616869.962232351 -3.597203 6.332011 17.837885 0.079069 0.937236 -0.185727 -0.284328
1520616870.012234449 -2.756206 6.410854 17.928282 0.067370 0.929429 -0.193483 -0.306900
1520616870.062235355 -1.727589 6.301157 18.063412 0.059721 0.920942 -0.192927 -0.333285
1520616870.112237215 -0.451013 6.106895 18.172450 0.050593 0.909787 -0.190224 -0.365434
1520616870.162238359 0.990421 5.958173 18.168280 0.043588 0.895731 -0.187742 -0.400647
1520616870.212240458 2.493584 5.842115 18.025635 0.038519 0.879474 -0.185440 -0.436640
1520616870.262242556 3.900012 5.828796 17.742884 0.034131 0.862236 -0.185842 -0.469943
1520616870.312243462 5.182999 5.895556 17.349181 0.033342 0.844822 -0.187617 -0.499964
1520616870.362413168 6.407363 5.943493 16.879541 0.038663 0.827268 -0.187833 -0.528064
1520616870.412413836 7.720899 5.952853 16.283284 0.048406 0.807164 -0.186893 -0.557865
1520616870.462415934 9.038920 5.816248 15.609991 0.061484 0.785878 -0.182460 -0.587642
1520616870.512418032 10.474116 5.571282 14.751501 0.074429 0.760151 -0.176745 -0.620799
1520616870.562418938 11.980978 5.162257 13.693537 0.089074 0.729933 -0.168375 -0.656440
1520616870.612420797 13.280894 4.716193 12.597714 0.099010 0.700159 -0.160460 -0.688641
1520616870.662423134 14.418286 4.153230 11.491752 -0.105754 -0.671017 0.150124 0.718342
1520616870.712424040 15.303389 3.592090 10.492867 -0.108386 -0.645558 0.139519 0.742995
1520616870.762804031 15.358541 3.552066 10.419680 -0.110868 -0.619212 0.128722 0.766626
1520616870.812805176 15.358541 3.552066 10.419680 -0.110868 -0.619212 0.128722 0.766626
1520616870.862807035 15.347510 3.560070 10.434317 -0.110868 -0.619212 0.128722 0.766626
1520616870.912807941 0.417247 -0.395139 -0.818395 -0.004019 0.040918 -0.027627 0.998772
1520616870.962810040 0.537083 -0.492568 -1.226830 -0.008563 0.057029 -0.040620 0.997509
1520616871.012812138 0.644906 -0.551599 -1.624537 -0.013094 0.065843 -0.050154 0.996483
1520616871.062813044 0.690122 -0.617233 -2.015961 -0.016662 0.077022 -0.062425 0.994934
1520616871.112814188 0.790837 -0.652186 -2.388830 -0.018618 0.083271 -0.078479 0.993257
1520616871.162855625 0.885582 -0.668533 -2.771705 -0.018374 0.084086 -0.093765 0.991867
1520616871.212930918 0.969485 -0.687926 -3.136678 -0.015989 0.084505 -0.107300 0.990500
1520616871.262858868 1.007115 -0.775264 -3.536675 -0.012885 0.085246 -0.124220 0.988502
1520616871.312859535 1.057039 -0.859644 -3.923918 -0.009243 0.078465 -0.140117 0.986978
1520616871.362861872 1.127175 -0.994719 -4.328059 -0.007318 0.066695 -0.154201 0.985759
1520616871.412862778 1.183498 -1.084117 -4.714209 -0.006719 0.055292 -0.166814 0.984414
1520616871.462864637 1.260713 -1.199669 -5.096567 -0.009486 0.039530 -0.175765 0.983592
1520616871.512866735 1.391038 -1.359355 -5.459573 -0.015557 0.017809 -0.184817 0.982488
1520616871.562867641 1.569249 -1.524935 -5.790935 -0.022148 -0.012037 -0.193009 0.980873
1520616871.613183022 1.978939 -1.318537 -6.086193 -0.019650 -0.050704 -0.197338 0.978826
1520616871.663184166 2.432370 -1.417556 -6.329448 -0.026701 -0.090081 -0.198251 0.975638
1520616871.713186026 2.892510 -1.577844 -6.535107 -0.036669 -0.129663 -0.192926 0.971917
1520616871.763186932 3.393513 -1.786059 -6.696182 -0.045627 -0.170276 -0.187596 0.966298
1520616871.813189030 3.886686 -1.903915 -6.765046 -0.050116 -0.211415 -0.182309 0.958935
1520616871.863191128 4.403920 -2.122986 -6.826690 -0.056843 -0.250800 -0.178948 0.949655
1520616871.913192034 4.928234 -2.295561 -6.840023 -0.060445 -0.288804 -0.173783 0.939542
1520616871.963194132 5.416218 -2.433439 -6.809874 -0.062487 -0.323752 -0.169400 0.928754
1520616872.014108896 5.906844 -2.537236 -6.813720 -0.062488 -0.361478 -0.163608 0.915785
1520616872.064110994 6.688606 -2.504761 -6.688037 -0.063511 -0.403497 -0.163066 0.898090
1520616872.114113092 7.142004 -2.489096 -6.499233 -0.063322 -0.436841 -0.152528 0.884248
1520616872.164114952 7.669188 -2.465248 -6.233724 -0.059280 -0.472587 -0.134940 0.868872
1520616872.214116096 8.122234 -2.387355 -5.955685 -0.054767 -0.505226 -0.119564 0.852908
1520616872.264117002 8.585986 -2.303329 -5.652361 -0.049697 -0.537278 -0.108126 0.834968
1520616872.314118862 8.995620 -2.114542 -5.313204 -0.040159 -0.568859 -0.099142 0.815449
1520616872.364121199 9.302800 -1.996055 -5.098595 -0.032158 -0.592368 -0.096780 0.799187
1520616872.414278030 9.597919 -1.877487 -4.864791 -0.025354 -0.615612 -0.094669 0.781932
1520616872.464280128 9.805417 -1.954932 -4.664536 -0.026650 -0.634243 -0.090072 0.767406
1520616872.514281034 10.015243 -1.968897 -4.415550 -0.027656 -0.653861 -0.081085 0.751749
1520616872.564283133 10.196851 -2.031870 -4.173132 -0.032969 -0.671347 -0.071468 0.736952
1520616872.614284039 10.327737 -2.201079 -3.987544 -0.044272 -0.684979 -0.062170 0.724554
1520616872.664287090 10.495273 -2.270953 -3.751845 -0.051524 -0.699659 -0.051595 0.710747
1520616872.714287043 10.662829 -2.195467 -3.517109 0.050037 0.714412 0.042863 -0.696617
1520616872.764289141 10.844460 -2.050755 -3.275459 0.042875 0.729120 0.039594 -0.681893
1520616872.814480305 11.001123 -1.881505 -3.072473 0.031123 0.743459 0.041611 -0.666760
1520616872.864556313 11.107806 -1.806770 -2.925674 0.020931 0.755222 0.048878 -0.653309
1520616872.914483547 11.219716 -1.744429 -2.719988 0.012937 0.768396 0.053110 -0.637636
1520616872.964485407 11.327829 -1.678361 -2.398910 0.008737 0.783835 0.051604 -0.618759
1520616873.014487267 11.442492 -1.654674 -1.926452 0.008905 0.802754 0.042232 -0.594746
1520616873.064488411 11.497998 -1.810182 -1.481560 0.018437 0.819236 0.031986 -0.572267
1520616873.114490271 11.529646 -1.981076 -1.067209 0.028825 0.834182 0.026244 -0.550109
1520616873.164491177 11.539692 -2.134325 -0.601628 0.035098 0.850179 0.025168 -0.524719
1520616873.216315508 11.473027 -2.208701 -0.203030 0.036968 0.863124 0.031560 -0.502646
1520616873.266316652 11.450582 -2.191517 0.091169 0.035197 0.874973 0.037801 -0.481409
1520616873.316318512 11.406382 -2.181527 0.444080 0.034165 0.887441 0.040901 -0.457831
1520616873.366319418 11.348862 -2.139316 0.902258 0.030888 0.901238 0.040598 -0.430312
1520616873.416321516 11.256380 -2.111437 1.318304 0.028327 0.913583 0.040010 -0.403687
1520616873.466323376 11.160334 -2.130509 1.667447 0.026278 0.924222 0.039034 -0.378946
1520616873.516324520 11.077528 -2.171004 1.852766 0.024698 0.931737 0.039379 -0.360146
1520616873.566326618 11.017394 -2.168578 1.945409 0.021629 0.937487 0.037977 -0.345266
1520616873.617853880 10.965216 -2.128415 1.887237 0.020094 0.940721 0.034173 -0.336857
1520616873.667855978 10.934985 -2.145524 1.822495 0.023612 0.943521 0.027716 -0.329306
1520616873.717856884 10.854939 -2.158184 1.885217 0.026857 0.948082 0.022394 -0.316097
1520616873.767858982 10.781884 -2.207126 1.961830 0.029234 0.952583 0.020806 -0.302156
1520616873.817860842 10.700255 -2.134161 2.095042 0.024315 0.957974 0.021866 -0.284985
1520616873.867862701 10.618713 -2.017406 2.209340 0.015747 0.962932 0.023401 -0.268264
1520616873.917863846 10.562345 -1.831689 2.249348 0.004608 0.966717 0.022629 -0.254804
1520616873.967865944 10.515712 -1.477740 2.194782 -0.012638 0.969173 0.016896 -0.245477
1520616874.017866850 10.475876 -1.027600 2.103947 -0.031934 0.970744 0.005322 -0.237924
1520616874.067867994 10.428580 -0.627312 1.982019 -0.046632 0.971572 -0.011575 -0.231819
1520616874.117869854 10.379849 -0.280421 1.842651 -0.056215 0.972013 -0.030312 -0.226081
1520616874.167871714 10.321728 0.045135 1.576974 -0.064637 0.971028 -0.047939 -0.225006
1520616874.217872858 10.325863 0.333685 1.177373 -0.073107 0.968426 -0.062955 -0.229878
1520616874.267874718 10.313626 0.752647 0.697599 -0.087922 0.964182 -0.076056 -0.238407
1520616874.317879915 10.281171 1.203196 0.133965 -0.104745 0.958219 -0.089085 -0.250817
1520616874.367877960 10.218671 1.617531 -0.395532 -0.120008 0.952209 -0.103666 -0.261053
1520616874.417882919 10.166420 1.822583 -0.980834 -0.128476 0.946126 -0.113855 -0.274549
1520616874.467142820 10.133517 1.915317 -1.636008 -0.134998 0.939353 -0.117452 -0.292568
1520616874.517223835 10.048100 1.956592 -2.392291 -0.140288 0.931756 -0.115700 -0.314268
1520616874.567145824 9.909812 1.975277 -3.168714 -0.146573 0.922693 -0.113027 -0.338200
1520616874.617146969 9.721899 2.032538 -3.943263 -0.155055 0.912434 -0.111914 -0.361799
1520616874.667148829 9.519445 1.901380 -4.780256 -0.156133 0.900979 -0.111740 -0.389067
1520616874.717150688 9.224716 1.667102 -5.725783 -0.152721 0.886166 -0.112827 -0.422678
1520616874.767151833 8.877891 1.343931 -6.635645 -0.143795 0.871011 -0.112972 -0.455961
1520616874.817153692 8.527635 1.045830 -7.428433 -0.136801 0.856077 -0.112899 -0.485460
1520616874.865250349 8.066622 0.831219 -8.335618 -0.132054 0.838690 -0.104405 -0.517939
1520616874.915252209 7.459445 0.850651 -9.187061 -0.130969 0.819113 -0.088892 -0.551361
1520616874.965253353 6.748017 0.955310 -9.971068 -0.133728 0.797835 -0.074047 -0.583175
1520616875.015255213 6.081103 0.844773 -10.694290 -0.134864 0.776603 -0.066184 -0.611816
1520616875.065257549 5.425165 0.739803 -11.346282 -0.133935 0.756363 -0.061279 -0.637355
1520616875.115258455 4.821952 0.450350 -11.924543 -0.126809 0.738578 -0.057590 -0.659625
1520616875.165260315 4.357133 0.134616 -12.415025 -0.116989 0.724453 -0.053621 -0.677204
1520616875.215262413 3.991341 -0.055105 -12.835756 -0.109656 0.714459 -0.048237 -0.689345
1520616875.263584137 3.857344 -0.180130 -13.204289 -0.102470 0.711060 -0.037866 -0.694593
1520616875.313585043 3.693004 -0.512030 -13.551643 -0.091836 0.707527 -0.027131 -0.700168
1520616875.363587141 3.449154 -0.512841 -13.891222 0.082006 -0.702333 0.013130 0.706987
1520616875.413588285 3.244088 -0.821060 -14.303579 0.071165 -0.696021 0.009606 0.714422
1520616875.463590145 2.938199 -1.002636 -14.669356 0.063697 -0.688296 0.008384 0.722580
1520616875.513592005 2.572616 -1.219433 -15.035437 0.054467 -0.679045 0.003863 0.732063
1520616875.563593149 2.206898 -1.286338 -15.404200 0.047491 -0.670490 -0.002618 0.740392
1520616875.613595247 1.945862 -1.436170 -15.744399 0.039323 -0.664350 -0.009023 0.746332
1520616875.662979841 1.720770 -1.572967 -16.057886 0.035113 -0.659883 -0.011647 0.750457
1520616875.712980747 1.625668 -1.697176 -16.384084 0.032723 -0.658369 -0.010737 0.751907
1520616875.762982607 1.602883 -1.803338 -16.706472 0.028997 -0.657831 -0.012049 0.752511
1520616875.812983751 1.605438 -1.945823 -17.034013 0.025778 -0.658541 -0.013070 0.751989
1520616875.862985611 1.679828 -1.874308 -17.341133 0.022200 -0.660607 -0.020806 0.750115
1520616875.912986517 1.765007 -1.814474 -17.675403 0.022214 -0.663194 -0.024856 0.747705
1520616875.962988853 1.923061 -1.686275 -17.989487 0.022108 -0.666289 -0.029102 0.744798
1520616876.012990713 2.044778 -1.609094 -18.283485 0.020682 -0.668357 -0.032134 0.742859
1520616876.062645674 2.308917 -1.742681 -18.579582 0.018723 -0.673358 -0.028973 0.738511
1520616876.112646818 2.792994 -1.956019 -18.830192 0.011746 -0.683393 -0.028772 0.729389
1520616876.162730694 3.568597 -2.336428 -19.005301 0.002706 -0.698527 -0.026051 0.715105
1520616876.212649822 4.595765 -2.786118 -19.076344 0.007744 0.717976 0.023113 -0.695641
1520616876.262651920 5.725648 -3.264612 -19.024976 0.017834 0.738764 0.019233 -0.673454
1520616876.312653780 7.067600 -3.686088 -18.843804 0.026303 0.761807 0.015419 -0.647086
1520616876.362654686 8.453560 -4.071661 -18.565781 0.031167 0.784637 0.008538 -0.619113
1520616876.412656784 9.944298 -4.296860 -18.132848 0.033470 0.808575 0.004834 -0.587420
1520616876.462657690 11.408162 -4.384286 -17.594025 0.034008 0.831465 0.004599 -0.554517
1520616876.512599468 12.840342 -4.455605 -16.898825 0.033162 0.853456 0.004143 -0.520093
1520616876.562600374 14.274852 -4.262778 -16.120063 0.027287 0.874403 0.005775 -0.484398
1520616876.612602472 15.577507 -4.009758 -15.267827 0.021305 0.893286 0.010761 -0.448855
1520616876.662604570 16.815547 -3.865158 -14.308349 0.018418 0.910811 0.018926 -0.411978
1520616876.712605476 17.865255 -3.842490 -13.349597 0.017778 0.925510 0.025719 -0.377431
1520616876.762607336 18.729539 -3.952378 -12.427213 0.018729 0.937622 0.027569 -0.346056
1520616876.812608480 19.460158 -4.034105 -11.539962 0.018360 0.947858 0.023318 -0.317309
1520616876.862610340 20.074929 -4.095774 -10.759569 0.016215 0.955823 0.012191 -0.293242
1520616876.912892342 20.681967 -4.107550 -9.963186 0.012703 0.962672 -0.001918 -0.270365
1520616876.962894440 21.124519 -4.118578 -9.291453 0.010031 0.968045 -0.013184 -0.250229
1520616877.012895346 21.580533 -3.899138 -8.579805 0.003197 0.973097 -0.023722 -0.229151
1520616877.062897444 21.887262 -3.654697 -8.121522 -0.003282 0.976276 -0.033432 -0.213907
1520616877.112899303 22.124680 -3.507640 -7.819566 -0.008560 0.978137 -0.045730 -0.202692
1520616877.162901163 22.310228 -3.392541 -7.592568 -0.011937 0.979515 -0.056829 -0.192819
1520616877.212902308 22.440648 -3.327702 -7.500002 -0.015240 0.979810 -0.070351 -0.186525
1520616877.262904406 22.486288 -3.263368 -7.600436 -0.019431 0.978890 -0.085523 -0.184612
1520616877.312801123 22.544107 -3.124105 -7.808955 -0.026365 0.977255 -0.101228 -0.184473
1520616877.362802982 22.511309 -2.967926 -8.213199 -0.034238 0.974681 -0.114818 -0.188789
1520616877.412805080 22.414985 -2.814625 -8.755068 -0.041497 0.971811 -0.124985 -0.195549
1520616877.462805986 22.320407 -2.538829 -9.338077 -0.051886 0.968596 -0.134301 -0.202713
1520616877.512806892 22.133228 -2.344631 -10.062025 -0.059298 0.965353 -0.138735 -0.212908
1520616877.562808990 21.887955 -2.276087 -10.814392 -0.063914 0.962201 -0.140929 -0.224105
1520616877.612811089 21.589519 -2.090860 -11.640158 -0.070762 0.958608 -0.141536 -0.236709
1520616877.662811995 21.226704 -2.006364 -12.481929 -0.075274 0.954985 -0.140622 -0.250127
1520616877.712680101 20.644517 -2.232535 -13.500924 -0.071825 0.950952 -0.134407 -0.269196
1520616877.762681246 20.020617 -2.722549 -14.543618 -0.065243 0.945614 -0.131713 -0.290189
1520616877.812769175 19.252204 -3.450383 -15.631965 -0.054358 0.938729 -0.130909 -0.314160
1520616877.862684250 18.439805 -4.107445 -16.648966 -0.047692 0.930147 -0.136197 -0.337643
1520616877.912686348 17.700901 -4.585840 -17.509945 -0.044913 0.921463 -0.143940 -0.358008
1520616877.962687254 16.945127 -4.790062 -18.375540 -0.046850 0.912244 -0.150570 -0.378081
1520616878.012689114 16.139739 -4.907736 -19.289804 -0.051697 0.902268 -0.155861 -0.398682
1520616878.062690258 15.193334 -4.921923 -20.179055 -0.057613 0.892042 -0.157850 -0.419553
1520616878.112839699 14.339981 -4.683674 -20.932807 -0.065386 0.883392 -0.155356 -0.437274
1520616878.162840843 13.368990 -4.603442 -21.722962 -0.071626 0.873009 -0.154119 -0.457135
1520616878.212842703 12.103437 -4.788498 -22.579350 -0.073417 0.859320 -0.153147 -0.482416
1520616878.262844563 10.603834 -5.057316 -23.423609 -0.073915 0.842734 -0.152802 -0.510870
1520616878.312845707 9.034782 -5.499376 -24.150051 -0.075318 0.823577 -0.157812 -0.539577
1520616878.362847805 7.493960 -5.967420 -24.686682 -0.075980 0.804002 -0.163345 -0.566680
1520616878.412848711 5.859591 -6.496183 -25.134875 -0.079078 0.781704 -0.171518 -0.594363
1520616878.462850809 3.973682 -6.848972 -25.535375 -0.086672 0.755770 -0.178340 -0.624095
1520616878.512989521 1.898525 -7.210330 -25.816545 -0.094260 0.726683 -0.183099 -0.655379
1520616878.562991381 -0.395392 -7.728354 -25.865371 -0.099940 0.693329 -0.188273 -0.688375
1520616878.612992525 -2.833676 -8.270047 -25.642952 0.100220 -0.658327 0.189209 0.721638
1520616878.662994385 -5.419240 -8.875729 -25.100375 0.095945 -0.620064 0.187882 0.755656
1520616878.712996244 -8.003345 -9.374153 -24.281428 0.088080 -0.581027 0.182377 0.788282
1520616878.762998581 -10.482810 -9.718853 -23.221613 0.079079 -0.541645 0.174761 0.818429
1520616878.812999487 -13.026833 -9.948144 -21.821372 0.072568 -0.496850 0.166789 0.848561
1520616878.863001347 -15.652970 -10.015763 -19.983567 0.068646 -0.445311 0.157413 0.878753
1520616878.913002491 -18.139087 -10.037819 -17.728504 0.063248 -0.389613 0.147341 0.906913
1520616878.962867737 -20.360862 -9.938204 -15.107704 0.057444 -0.331003 0.136630 0.931917
1520616879.012868881 -22.270589 -9.721466 -12.166703 0.048526 -0.270476 0.124397 0.953422
1520616879.062870741 -23.792427 -9.223508 -9.136422 0.041350 -0.210715 0.109131 0.970556
1520616879.112871885 -24.815259 -8.648287 -6.299529 0.036682 -0.156081 0.094511 0.982528
1520616879.162873745 -25.474021 -7.916172 -3.703861 0.033790 -0.106805 0.078315 0.990615
1520616879.212875843 -25.888376 -6.926198 -1.370835 0.033556 -0.062381 0.057907 0.995806
1520616879.262876987 -26.047032 -5.915294 0.795847 0.036670 -0.020715 0.037248 0.998418
1520616879.312878847 -25.994655 -4.999523 2.737059 0.040811 0.017003 0.017945 0.998861
1520616879.362925291 -25.794536 -4.132929 4.479483 0.047366 0.051757 -0.001214 0.997535
1520616879.412927151 -25.504147 -3.230470 5.965872 0.055940 0.081865 -0.021709 0.994835
1520616879.463019371 -25.193840 -2.588918 7.021412 0.065649 0.104305 -0.037739 0.991658
1520616879.512930393 -24.938844 -2.290858 7.624541 0.075947 0.118598 -0.046989 0.988918
1520616879.562931299 -24.754569 -1.974853 7.941862 0.084563 0.127099 -0.055982 0.986692
1520616879.612933397 -24.622650 -1.584725 8.070947 0.090201 0.131410 -0.065392 0.985048
1520616879.662934303 -24.549492 -1.016309 8.051474 0.091912 0.132107 -0.077132 0.983946
1520616879.712936163 -24.459391 -0.344653 8.052841 0.089993 0.132694 -0.090099 0.982942
1520616879.762993097 -24.399705 0.317682 7.920424 0.086111 0.130952 -0.101793 0.982382
1520616879.812995434 -24.388846 0.812160 7.590106 0.077746 0.125234 -0.109256 0.983024
1520616879.862997293 -24.434349 1.040720 7.106394 0.069966 0.117244 -0.111687 0.984319
1520616879.912998199 -24.487409 1.185552 6.632009 0.067325 0.109775 -0.113433 0.985165
1520616879.963000298 -24.473037 1.430774 6.322188 0.069261 0.105821 -0.118621 0.984852
1520616880.013001204 -24.462164 1.668207 6.038157 0.072203 0.102484 -0.123925 0.984341
1520616880.063003063 -24.462992 1.822678 5.714421 0.073371 0.098402 -0.127120 0.984263
1520616880.113005400 -24.475067 1.987452 5.374283 0.072246 0.094097 -0.130312 0.984350
1520616880.162970781 -24.508143 2.043399 4.910509 0.070092 0.087321 -0.130736 0.985074
1520616880.212971687 -24.523094 2.250314 4.471686 0.065812 0.080959 -0.134339 0.985428
1520616880.262974024 -24.520960 2.524575 3.989782 0.066245 0.073982 -0.139085 0.985289
1520616880.312975883 -24.551272 2.542790 3.433793 0.066823 0.065723 -0.138715 0.985887
1520616880.362976789 -24.619156 2.262687 2.759747 0.066950 0.055355 -0.132256 0.987402
1520616880.412978888 -24.661980 2.017229 2.043631 0.067306 0.044202 -0.126480 0.988696
1520616880.462980747 -24.675188 1.849906 1.405934 0.064277 0.034211 -0.122750 0.989763
1520616880.512981653 -24.676939 1.670230 0.774329 0.060157 0.024304 -0.118761 0.990801
1520616880.563005924 -24.655053 1.574464 0.186677 0.054320 0.015059 -0.116959 0.991536
1520616880.613008022 -24.619099 1.504695 -0.429631 0.047771 0.005142 -0.115880 0.992100
1520616880.663008928 -24.567308 1.424845 -1.106155 0.041327 -0.006018 -0.114743 0.992517
1520616880.713009834 -24.499940 1.275122 -1.784816 0.035173 -0.017253 -0.112295 0.992902
1520616880.763012171 -24.422803 1.082907 -2.485203 0.029957 -0.028914 -0.109145 0.993153
1520616880.813013077 -24.318915 0.945194 -3.212158 0.032069 -0.040773 -0.106460 0.992963
1520616880.863015175 -24.202772 0.804459 -3.887658 0.038834 -0.051369 -0.102957 0.992599
1520616880.913016081 -24.053193 0.774119 -4.683295 0.045445 -0.064616 -0.101442 0.991700
1520616880.963162899 -23.848389 0.599631 -5.701747 0.049723 -0.082759 -0.097067 0.990584
1520616881.013163805 -23.539957 0.626355 -6.860632 0.053123 -0.104059 -0.096131 0.988488
1520616881.063165903 -23.188094 0.741822 -8.007001 0.052057 -0.125835 -0.098214 0.985804
1520616881.113262892 -22.784704 0.812872 -9.146738 0.049573 -0.147778 -0.099772 0.982726
1520616881.163168669 -22.359839 0.840987 -10.207752 0.044966 -0.168568 -0.101664 0.979401
1520616881.213171005 -21.919583 0.876446 -11.190266 0.040503 -0.187979 -0.103899 0.975822
1520616881.263171911 -21.512763 0.962032 -12.022386 0.034441 -0.204382 -0.107927 0.972313
1520616881.313174009 -21.110845 0.988056 -12.788310 0.027161 -0.219724 -0.111139 0.968830
1520616881.363174915 -20.647930 0.892599 -13.635121 0.022324 -0.236774 -0.111219 0.964920
1520616881.413449764 -20.171103 0.626044 -14.460259 0.017742 -0.254654 -0.108475 0.960765
1520616881.463451624 -19.539226 0.658991 -15.391576 0.016139 -0.275255 -0.110435 0.954871
1520616881.513452768 -18.875968 0.511870 -16.284537 0.011841 -0.296020 -0.109681 0.948790
1520616881.563454628 -17.920137 0.008765 -17.417860 0.005770 -0.324173 -0.102531 0.940407
1520616881.613455534 -16.841731 -0.567944 -18.534632 -0.001757 -0.353646 -0.094819 0.930560
1520616881.663457870 -15.598557 -1.245990 -19.648736 -0.007594 -0.384756 -0.084553 0.919106
1520616881.713458776 -14.196904 -1.861214 -20.722751 -0.011468 -0.417006 -0.074862 0.905743
1520616881.763460636 -12.584239 -2.439856 -21.767035 -0.015894 -0.451629 -0.066508 0.889582
1520616881.813375235 -10.707672 -3.117360 -22.754587 -0.024385 -0.489598 -0.058870 0.869617
1520616881.863377094 -8.584487 -4.034178 -23.579217 -0.037065 -0.530008 -0.049046 0.845761
1520616881.913378954 -6.171439 -5.221108 -24.173662 -0.052854 -0.572978 -0.035601 0.817089
1520616881.963380337 -3.549948 -6.400533 -24.478492 -0.068125 -0.616460 -0.022033 0.784124
1520616882.013382196 -0.744647 -7.409854 -24.501795 -0.078359 -0.659942 -0.008281 0.747174
1520616882.063384056 2.382455 -8.144969 -24.221069 0.082381 0.705386 -0.004706 -0.704004
1520616882.113385201 5.583549 -8.505405 -23.617693 0.081038 0.749463 -0.014157 -0.656915
1520616882.163387060 8.672351 -8.688114 -22.650376 0.077588 0.790062 -0.022723 -0.607672
1520616882.213105679 11.332454 -8.794468 -21.434269 0.077541 0.824837 -0.025453 -0.559449
1520616882.263106823 14.037539 -8.955128 -19.744217 0.078331 0.859218 -0.029661 -0.504707
1520616882.313107729 16.258920 -9.307102 -17.809313 0.084156 0.887525 -0.034514 -0.451692
1520616882.363109827 18.036116 -9.721693 -15.776692 0.090531 0.909820 -0.044025 -0.402608
1520616882.413110733 19.614755 -10.065579 -13.523467 0.095261 0.928953 -0.058486 -0.352919
1520616882.463112593 20.993545 -10.246257 -11.096018 0.098657 0.945597 -0.072352 -0.301460
1520616882.513114929 22.012899 -10.524629 -8.538943 0.106158 0.958808 -0.084714 -0.249483
1520616882.563115835 22.661831 -10.917077 -5.882599 0.117907 0.968563 -0.095549 -0.197115
1520616882.613003016 22.983963 -11.329469 -3.127329 0.131526 0.974746 -0.108245 -0.144410
1520616882.663003922 23.172198 -11.294918 -0.336660 0.137960 0.978954 -0.120394 -0.090124
1520616882.713006020 23.080047 -11.133191 2.398204 0.143273 0.980132 -0.132187 -0.036615
1520616882.763103008 22.697000 -10.962808 5.017838 0.149501 0.978520 -0.141045 0.015921
1520616882.813009262 22.042196 -10.863082 7.368889 0.157164 0.974879 -0.143556 0.065585
1520616882.863009930 21.311720 -10.593029 9.415757 0.160770 0.969719 -0.147215 0.110113
1520616882.913012028 20.460054 -10.246962 11.328544 0.163648 0.962573 -0.153205 0.152320
1520616882.963013172 19.389893 -9.736972 13.337814 0.165625 0.952478 -0.162311 0.197505
1520616883.012995481 17.977926 -9.182827 15.413241 0.170110 0.938309 -0.174025 0.245672
1520616883.062997580 16.189547 -8.561550 17.487872 0.177615 0.919297 -0.188666 0.296228
1520616883.112998724 14.179884 -7.501192 19.485108 0.179420 0.896200 -0.205883 0.349637
1520616883.163000584 12.115345 -6.549225 21.045279 0.183439 0.871817 -0.220753 0.396930
1520616883.213001490 9.981632 -5.729119 22.260668 0.188531 0.846577 -0.230973 0.440925
1520616883.263003588 7.730016 -4.883942 23.236315 0.189604 0.820041 -0.234826 0.486250
1520616883.313004494 5.307706 -4.155015 23.948171 0.189804 0.791498 -0.232863 0.532241
1520616883.363006353 2.897979 -3.562995 24.357460 0.192949 0.761684 -0.230991 0.573804
1520616883.413008690 0.543636 -2.833888 24.529799 0.193107 0.730287 -0.230804 0.613286
1520616883.463502645 -1.857881 -2.146350 24.436173 0.197574 0.695686 -0.232168 0.650449
1520616883.513504505 -3.531919 -1.387606 24.273139 0.187293 0.670536 -0.230040 0.679988
1520616883.563505411 -4.936119 -0.776049 24.016036 0.178325 0.648536 -0.227959 0.704014
1520616883.613507509 -5.775792 -0.397878 23.803096 0.169858 0.635163 -0.225196 0.719029
1520616883.663509607 -6.368194 -0.145465 23.624594 0.155185 0.626545 -0.217179 0.732252
1520616883.713511467 -6.829139 0.062092 23.465585 0.140457 0.619827 -0.209355 0.743139
1520616883.763511658 -7.124555 0.353336 23.343729 0.125332 0.614914 -0.204551 0.751220
1520616883.813514471 -7.374205 0.642913 23.229818 0.107022 0.610789 -0.198175 0.759085
1520616883.865299225 -7.438927 0.712623 23.198969 0.088662 0.606386 -0.191710 0.766604
1520616883.915301085 -7.438927 0.712623 23.198969 0.088662 0.606386 -0.191710 0.766604
1520616883.965302229 -7.425982 0.698681 23.205139 0.088662 0.606386 -0.191710 0.766604
1520616884.015304089 -7.415627 0.687528 23.210075 0.088662 0.606386 -0.191710 0.766604
1520616884.065305233 -7.407343 0.678605 23.214023 0.088662 0.606386 -0.191710 0.766604
1520616884.115307331 -7.400715 0.671466 23.217182 0.088662 0.606386 -0.191710 0.766604
1520616884.165308237 -0.184695 -0.121667 -0.975236 0.007577 0.067242 0.087407 0.993872
1520616884.215310335 -0.234117 -0.136080 -1.155884 0.011707 0.081473 0.099150 0.991663
1520616884.266736984 -0.315695 -0.169799 -1.286371 0.013784 0.098592 0.111576 0.988757
1520616884.316738844 -0.386856 -0.196408 -1.447715 0.013738 0.113902 0.125364 0.985455
1520616884.366740942 -0.433098 -0.229620 -1.615204 0.012177 0.126639 0.130944 0.983193
1520616884.416838884 -0.478308 -0.239111 -1.797909 0.012797 0.137338 0.130676 0.981783
1520616884.466742754 -0.540764 -0.286458 -1.965192 0.011910 0.151143 0.130682 0.979763
1520616884.516744852 -0.609879 -0.345294 -2.131187 0.008234 0.166676 0.129443 0.977444
1520616884.566745758 -0.694875 -0.445696 -2.282915 0.000816 0.187139 0.127370 0.974041
1520616884.616748095 -0.789326 -0.573178 -2.427263 -0.010142 0.209341 0.130289 0.969071
1520616884.668346167 -0.933238 -0.608221 -2.608956 -0.014601 0.236131 0.138408 0.961703
1520616884.718347073 -1.105528 -0.654580 -2.715699 -0.017307 0.266385 0.145197 0.952710
1520616884.768349171 -1.287409 -0.712327 -2.812923 -0.018264 0.299331 0.149521 0.942184
1520616884.818350077 -1.476114 -0.739951 -2.887373 -0.016215 0.333287 0.157632 0.929413
1520616884.868351936 -1.709993 -0.794959 -2.933430 -0.014510 0.369992 0.162290 0.914635
1520616884.918353081 -1.966780 -0.799266 -2.938812 -0.009383 0.409764 0.163314 0.897404
1520616884.968355179 -2.170786 -0.857760 -2.916168 -0.008951 0.448121 0.161064 0.879298
1520616885.018356323 -2.365965 -0.935096 -2.881116 -0.011734 0.484372 0.161491 0.859748
1520616885.069706202 -2.554249 -1.023511 -2.817965 -0.014553 0.520366 0.159707 0.838750
1520616885.119708061 -2.694082 -1.099934 -2.740069 -0.017470 0.550885 0.153995 0.820065
1520616885.169709206 -2.795369 -1.213789 -2.688235 -0.025710 0.574522 0.148646 0.804467
1520616885.219711304 -2.871465 -1.303126 -2.653585 -0.033041 0.593150 0.141564 0.791859
1520616885.269712210 -2.958097 -1.327384 -2.613545 -0.034466 0.610999 0.129289 0.780241
1520616885.319714308 -3.041877 -1.330043 -2.587433 -0.035218 0.627317 0.115429 0.769356
1520616885.369716167 -3.113076 -1.349679 -2.560406 -0.038973 0.642738 0.101421 0.758342
1520616885.419718027 -3.192977 -1.345221 -2.539399 -0.042372 0.656586 0.081605 0.748625
1520616885.471258402 -3.285637 -1.314333 -2.494793 -0.044118 0.671350 0.052508 0.737960
1520616885.521259308 -3.357554 -1.280228 -2.424014 -0.045073 0.685200 0.024792 0.726536
1520616885.571261406 -3.459709 -1.280659 -2.322990 -0.048556 0.700869 -0.001888 0.711633
1520616885.621263266 -3.568352 -1.245314 -2.210350 -0.046361 0.718185 -0.024262 0.693882
1520616885.671264172 -3.675634 -1.174703 -2.116187 -0.037698 0.735135 -0.041445 0.675602
1520616885.721266508 -3.793785 -1.068609 -2.023452 -0.026297 0.751190 -0.056243 0.657160
1520616885.771267414 -3.889519 -0.938436 -1.947516 -0.013506 0.764874 -0.073056 0.639881
1520616885.821269274 -3.995019 -0.765136 -1.865800 0.003189 0.777717 -0.091624 0.621894
1520616885.871270418 -4.065904 -0.590366 -1.812351 0.019796 0.788491 -0.105574 0.605594
1520616885.920545101 -4.140138 -0.410673 -1.743731 0.035973 0.799039 -0.116362 0.588814
1520616885.970546007 -4.191126 -0.231647 -1.672680 0.052891 0.809547 -0.127131 0.570679
1520616886.020547867 -4.240274 -0.090031 -1.596275 0.065937 0.820128 -0.133083 0.552568
1520616886.070646763 -4.264714 -0.022766 -1.562173 0.074186 0.828402 -0.131687 0.539356
1520616886.120550871 -4.298740 0.024783 -1.507641 0.082095 0.838588 -0.125229 0.523783
1520616886.170551777 -4.340433 0.087816 -1.431474 0.091600 0.848965 -0.119284 0.506596
1520616886.220553875 -4.375281 0.121317 -1.379932 0.097801 0.857157 -0.115647 0.492283
1520616886.270555973 -4.393459 0.110773 -1.392818 0.099109 0.861548 -0.113282 0.484851
1520616886.318944216 -4.403434 0.075948 -1.448335 0.096904 0.863363 -0.109879 0.482846
1520616886.368946075 -4.407896 0.097205 -1.546858 0.099875 0.862854 -0.108930 0.483366
1520616886.418946981 -4.408324 0.090240 -1.652408 0.099061 0.862107 -0.107934 0.485087
1520616886.468949318 -4.407477 0.077154 -1.778529 0.097771 0.860066 -0.107147 0.489128
1520616886.518950224 -4.388675 0.096856 -1.937819 0.099748 0.856063 -0.106487 0.495850
1520616886.568952084 -4.349454 0.109755 -2.104677 0.101450 0.851067 -0.107248 0.503876
1520616886.618953228 -4.320207 0.106589 -2.259090 0.102557 0.845866 -0.114157 0.510844
1520616886.668955088 -4.307468 0.110896 -2.399940 0.104163 0.841860 -0.121108 0.515515
1520616886.717357397 -4.313968 0.060664 -2.498527 0.101736 0.840506 -0.125763 0.517090
1520616886.767358303 -4.320913 0.047433 -2.582120 0.103023 0.840685 -0.124628 0.516821
1520616886.817360163 -4.345803 0.076637 -2.639710 0.107922 0.843501 -0.116479 0.513119
1520616886.867361307 -4.384607 0.110912 -2.680354 0.112872 0.848548 -0.099865 0.507202
1520616886.917363167 -4.426080 0.199392 -2.700225 0.122044 0.854321 -0.079990 0.498840
1520616886.967364073 -4.456108 0.315198 -2.723214 0.133036 0.858667 -0.061681 0.491110
1520616887.017367363 -4.497623 0.459927 -2.708102 0.145575 0.863315 -0.052997 0.480298
1520616887.067368269 -4.543788 0.678922 -2.653706 0.164648 0.867740 -0.055830 0.465620
1520616887.115808010 -4.586369 0.814393 -2.612643 0.176201 0.871544 -0.059090 0.453731
1520616887.165809155 -4.612548 0.928237 -2.608681 0.185948 0.873863 -0.063247 0.444733
1520616887.215811014 -4.631878 0.985138 -2.641357 0.191581 0.875210 -0.065855 0.439280
1520616887.265812874 -4.652185 1.042299 -2.670283 0.197378 0.876826 -0.066912 0.433292
1520616887.315814257 -4.663821 1.090040 -2.724533 0.202709 0.877333 -0.068200 0.429587
1520616887.365816116 -4.636342 1.092936 -2.870389 0.203540 0.874651 -0.068659 0.434560
1520616887.415817261 -4.569260 1.077092 -3.083233 0.203037 0.868956 -0.071291 0.445656
1520616887.465818167 -4.480922 1.057610 -3.296966 0.202273 0.862627 -0.074615 0.457595
1520616887.514790773 -4.435974 1.032382 -3.452958 0.198613 0.859296 -0.074065 0.465486
1520616887.564791918 -4.385115 0.958924 -3.637562 0.191278 0.855355 -0.070336 0.476270
1520616887.614793777 -4.297969 0.927592 -3.842000 0.187282 0.849405 -0.064635 0.489141
1520616887.664794922 -4.199284 0.954258 -4.030146 0.189047 0.842774 -0.061961 0.500154
1520616887.714894772 -4.108535 0.979672 -4.193671 0.193050 0.836705 -0.065086 0.508351
1520616887.764797688 -4.042280 0.962590 -4.354215 0.194362 0.832077 -0.069934 0.514762
1520616887.814799786 -4.016705 0.956000 -4.468052 0.195244 0.829952 -0.073130 0.517409
1520616887.864801884 -4.048081 0.934606 -4.524507 0.195427 0.831065 -0.077723 0.514878
1520616887.914802790 -4.092977 0.935162 -4.558706 0.196736 0.833526 -0.082357 0.509653
1520616887.964260578 -4.172734 0.933692 -4.558164 0.195485 0.838269 -0.082322 0.502309
1520616888.014261723 -4.262218 0.918866 -4.546160 0.192115 0.843978 -0.079022 0.494518
1520616888.064263582 -4.349124 0.994338 -4.507505 0.195217 0.849604 -0.075859 0.484055
1520616888.114264488 -4.452916 1.062841 -4.457853 0.198443 0.855381 -0.074696 0.472615
1520616888.164266825 -4.510256 1.078709 -4.460652 0.197492 0.859228 -0.072259 0.466372
1520616888.214267731 -4.541640 1.058109 -4.503807 0.195339 0.860995 -0.072303 0.464007
1520616888.264269829 -4.511207 1.003105 -4.624271 0.192023 0.859241 -0.074004 0.468354
1520616888.314271688 -4.415520 0.929464 -4.804423 0.189144 0.853745 -0.077610 0.478875
1520616888.364781380 -4.262590 0.854780 -5.023425 0.188924 0.845153 -0.084455 0.492841
1520616888.414783239 -4.067832 0.821506 -5.263786 0.192007 0.834091 -0.091661 0.508944
1520616888.464784145 -3.809706 0.740230 -5.540073 0.192170 0.820411 -0.096532 0.529790
1520616888.514786243 -3.554982 0.683210 -5.786780 0.193748 0.806995 -0.101310 0.548596
1520616888.564788342 -3.313717 0.661829 -6.001699 0.197973 0.794141 -0.106621 0.564604
1520616888.614789009 -2.972150 0.652529 -6.249122 0.203990 0.776721 -0.109578 0.585734
1520616888.664791346 -2.552278 0.683488 -6.501637 0.212731 0.755489 -0.110114 0.609800
1520616888.714793205 -2.096185 0.688879 -6.730736 0.220165 0.732669 -0.109836 0.634554
1520616888.766263723 -1.615950 0.709584 -6.922228 0.229271 0.708436 -0.111284 0.658156
1520616888.816265821 -1.203293 0.604552 -7.081667 0.233745 0.685688 -0.117978 0.679173
1520616888.866266727 -0.783061 0.442715 -7.216583 0.238412 0.661291 -0.130356 0.699186
1520616888.916268826 -0.403792 0.249668 -7.320000 0.241961 0.637947 -0.145081 0.716540
1520616888.966270685 -0.127073 -0.007154 -7.396108 0.240719 0.618951 -0.161402 0.730002
1520616889.016271591 0.051861 -0.243481 -7.452972 0.237868 0.605260 -0.176192 0.738942
1520616889.066272736 0.260700 -0.392510 -7.502173 0.235837 0.592367 -0.182196 0.748523
1520616889.116274595 0.521086 -0.481188 -7.541667 0.233566 0.579016 -0.180722 0.759952
1520616889.165064812 0.771390 -0.558822 -7.567619 0.236098 0.564820 -0.183655 0.769095
1520616889.215065718 1.049626 -0.627202 -7.582254 0.237705 0.549586 -0.183862 0.779517
1520616889.265066385 1.362531 -0.690586 -7.580422 0.238450 0.532787 -0.181625 0.791386
1520616889.315068722 1.705164 -0.797082 -7.555894 0.236114 0.513940 -0.178734 0.805090
1520616889.365166664 2.118413 -0.921004 -7.493631 0.231417 0.491449 -0.173284 0.821521
1520616889.415071487 2.521139 -1.078173 -7.404699 0.227552 0.467286 -0.171495 0.836931
1520616889.465073586 2.926894 -1.263554 -7.282471 0.225571 0.440577 -0.173809 0.851352
1520616889.515074492 3.336699 -1.493531 -7.116189 0.221265 0.411693 -0.177252 0.866102
1520616889.563895226 3.673022 -1.724343 -6.944459 0.214831 0.385649 -0.181701 0.878696
1520616889.613896132 4.035881 -1.953011 -6.727436 0.207450 0.358063 -0.184804 0.891405
1520616889.663898468 4.444347 -2.122829 -6.458654 0.198280 0.328945 -0.181558 0.905272
1520616889.713899374 4.900215 -2.254085 -6.119193 0.193011 0.294367 -0.176587 0.919191
1520616889.763901234 5.341086 -2.308174 -5.764056 0.191759 0.260092 -0.169202 0.931102
1520616889.813902378 5.737864 -2.341216 -5.408178 0.190472 0.227942 -0.160569 0.941265
1520616889.863904238 6.047681 -2.380081 -5.088337 0.188903 0.199948 -0.154195 0.948979
1520616889.913906097 6.347554 -2.387231 -4.755640 0.185450 0.173053 -0.145790 0.956246
1520616889.963425398 6.572930 -2.414055 -4.467030 0.177618 0.151918 -0.138131 0.962441
1520616890.013427496 6.772856 -2.410199 -4.218547 0.170969 0.133269 -0.130601 0.967446
1520616890.063428402 6.924560 -2.360725 -4.036141 0.164199 0.119623 -0.120795 0.971667
1520616890.113430262 7.062729 -2.261803 -3.898741 0.159817 0.108992 -0.109699 0.974959
1520616890.163431406 7.187501 -2.130408 -3.780277 0.156659 0.099706 -0.097852 0.977723
1520616890.213433266 7.382266 -1.864732 -3.587043 0.150936 0.087542 -0.075899 0.981730
1520616890.263435364 7.518514 -1.654941 -3.435437 0.140977 0.078622 -0.057278 0.985222
1520616890.313436508 7.617779 -1.489149 -3.317014 0.124823 0.072608 -0.040221 0.988701
1520616890.363438368 7.703689 -1.298977 -3.222752 0.105087 0.068708 -0.021479 0.991854
1520616890.413210154 7.780493 -1.088423 -3.147228 0.082928 0.066000 -0.000584 0.994367
1520616890.463211060 7.818054 -0.852058 -3.156707 0.065218 0.067425 0.019900 0.995392
1520616890.513212204 7.792826 -0.725774 -3.291719 0.051195 0.075752 0.031829 0.995303
1520616890.563214064 7.736486 -0.585636 -3.491662 0.036927 0.088002 0.045172 0.994410
1520616890.613214970 7.669832 -0.349450 -3.708805 0.023547 0.101169 0.064596 0.992491
1520616890.663217068 7.559606 -0.085373 -3.995130 0.011526 0.118181 0.085928 0.989200
1520616890.713219166 7.361085 0.159589 -4.394152 0.001726 0.142364 0.106059 0.984114
1520616890.763220072 7.108535 0.398243 -4.828921 -0.004339 0.169194 0.125126 0.977598
1520616890.812941313 6.807184 0.618130 -5.275626 -0.006716 0.197371 0.142122 0.969949
1520616890.862942219 6.470588 0.762446 -5.715497 -0.005995 0.225713 0.153590 0.961992
1520616890.912944078 6.131152 0.848292 -6.115311 -0.001169 0.252497 0.159093 0.954428
1520616890.962945223 5.763472 0.914134 -6.506479 0.006850 0.280070 0.161464 0.946279
1520616891.013042212 5.345290 0.956771 -6.901857 0.016475 0.309574 0.161444 0.936925
1520616891.062949181 4.923423 0.998183 -7.255482 0.026910 0.337394 0.160077 0.927263
1520616891.112950325 4.553121 0.967868 -7.550147 0.033475 0.361277 0.155607 0.918774
1520616891.162952185 4.184934 0.808118 -7.833631 0.034158 0.385121 0.146110 0.910586
1520616891.213149786 3.781951 0.547569 -8.113604 0.031875 0.410432 0.131537 0.901792
1520616891.263151884 3.361066 0.233680 -8.366836 0.029027 0.435624 0.112837 0.892556
1520616891.313152790 2.873869 -0.118602 -8.602416 0.029568 0.462351 0.087745 0.881849
1520616891.363154650 2.407956 -0.442021 -8.782526 0.033249 0.485616 0.060590 0.871436
1520616891.413156748 1.974897 -0.707136 -8.922179 0.038271 0.504979 0.035227 0.861563
1520616891.463157654 1.575322 -0.839203 -9.031311 0.048520 0.521575 0.012511 0.851733
1520616891.513159752 1.206465 -0.949498 -9.119674 0.055249 0.536346 -0.004879 0.842174
1520616891.563160896 0.905151 -1.092167 -9.183786 0.060412 0.547127 -0.023275 0.834542
1520616891.613391161 0.596601 -1.277767 -9.233227 0.065896 0.556578 -0.046091 0.826894
1520616891.663392305 0.327312 -1.423859 -9.274082 0.072149 0.563665 -0.068168 0.820018
1520616891.713394165 0.168809 -1.647195 -9.290187 0.074008 0.565151 -0.090760 0.816633
1520616891.763395071 0.153457 -1.885864 -9.292231 0.074975 0.559720 -0.112644 0.817560
1520616891.813397169 0.259373 -2.148400 -9.281017 0.072942 0.549217 -0.130932 0.822130
1520616891.863399267 0.441931 -2.442185 -9.246523 0.069023 0.535087 -0.148307 0.828808
1520616891.913400173 0.693731 -2.731159 -9.197940 0.066051 0.517227 -0.164982 0.837194
1520616891.963402271 1.023980 -2.979773 -9.140118 0.064273 0.496243 -0.178105 0.847284
1520616892.013287067 1.477505 -3.171353 -9.061967 0.062619 0.471445 -0.184298 0.860147
1520616892.063287973 1.880212 -3.327906 -8.980212 0.061140 0.449322 -0.188325 0.871152
1520616892.113290310 2.179758 -3.466329 -8.908687 0.062273 0.430815 -0.194937 0.878931
1520616892.163292170 2.404790 -3.549278 -8.868324 0.065659 0.416310 -0.200082 0.884501
1520616892.213293076 2.616158 -3.548699 -8.856047 0.069775 0.404850 -0.199772 0.889561
1520616892.263295174 2.835203 -3.515964 -8.851711 0.073787 0.394360 -0.197267 0.894495
1520616892.313296080 3.024322 -3.551992 -8.824165 0.070664 0.385954 -0.193280 0.899271
1520616892.363296986 3.345194 -3.633313 -8.723413 0.063355 0.371442 -0.187084 0.907203
1520616892.413119316 3.760222 -3.707896 -8.569957 0.054313 0.352840 -0.178196 0.916952
1520616892.463120461 4.157555 -3.826114 -8.377831 0.043272 0.333640 -0.171529 0.925953
1520616892.513122320 4.529003 -3.931748 -8.175480 0.035135 0.314098 -0.167599 0.933820
1520616892.563123226 4.959726 -3.919022 -7.970131 0.029575 0.293562 -0.157761 0.942368
1520616892.613125324 5.441497 -3.844859 -7.731014 0.027709 0.269814 -0.146754 0.951260
1520616892.663224220 5.941652 -3.759336 -7.445876 0.026941 0.243511 -0.135935 0.959947
1520616892.713128090 6.473439 -3.658199 -7.088457 0.025050 0.214093 -0.123852 0.968606
1520616892.763130426 6.997027 -3.600647 -6.655282 0.020138 0.182545 -0.112893 0.976487
1520616892.813131332 7.524770 -3.537594 -6.138279 0.013751 0.148101 -0.101646 0.983639
1520616892.862972736 8.053568 -3.452905 -5.528595 0.006069 0.110418 -0.089367 0.989841
1520616892.912973642 8.519102 -3.409894 -4.859905 -0.002294 0.071661 -0.080511 0.994172
1520616892.962975502 8.950703 -3.342325 -4.121893 -0.009758 0.030565 -0.071887 0.996897
1520616893.012977600 9.334170 -3.237414 -3.320461 -0.015709 -0.012675 -0.062956 0.997812
1520616893.062978506 9.651608 -3.119177 -2.455707 -0.019136 -0.058232 -0.055354 0.996584
1520616893.112980366 9.924659 -2.912392 -1.461566 -0.019273 -0.109541 -0.044888 0.992781
1520616893.162981749 10.106770 -2.632492 -0.346172 -0.020265 -0.165320 -0.030859 0.985549
1520616893.212983608 10.115766 -2.498610 0.768983 -0.024940 -0.219365 -0.024314 0.975021
1520616893.263007402 9.987975 -2.465752 1.811319 -0.035449 -0.268457 -0.022788 0.962369
1520616893.313009501 9.748748 -2.426902 2.846881 -0.050571 -0.316345 -0.022083 0.947038
1520616893.363010645 9.401506 -2.340836 3.865433 -0.068436 -0.363392 -0.020646 0.928890
1520616893.413012505 8.993490 -2.250177 4.755872 -0.083427 -0.405704 -0.020308 0.909963
1520616893.463014364 8.555562 -2.204881 5.497678 -0.094021 -0.442533 -0.022543 0.891525
1520616893.513015509 8.038315 -2.187836 6.210219 -0.095307 -0.481201 -0.026038 0.871025
1520616893.563017368 7.435221 -2.197278 6.886358 -0.093390 -0.520409 -0.030576 0.848244
1520616893.613019466 6.811666 -2.179744 7.479096 -0.095659 -0.555845 -0.034457 0.825044
1520616893.663285017 6.127741 -1.968055 8.072996 -0.100833 -0.592686 -0.029572 0.798550
1520616893.713286877 5.335287 -1.707402 8.641524 -0.102148 -0.631903 -0.021899 0.767975
1520616893.763288736 4.445581 -1.498896 9.137087 -0.101707 -0.671057 -0.016325 0.734215
1520616893.813289881 3.496592 -1.322920 9.536862 0.103323 0.708108 0.013160 -0.698379
1520616893.863291979 2.529057 -1.096649 9.834390 0.104527 0.742989 0.006857 -0.661056
1520616893.913293123 1.522692 -0.864143 10.031345 0.106793 0.776081 0.000591 -0.621525
1520616893.963294029 0.497934 -0.624728 10.125111 0.109045 0.807136 -0.006206 -0.580174
1520616894.013295889 -0.482475 -0.341020 10.113140 0.113926 0.834337 -0.014430 -0.539161
1520616894.063311100 -1.373904 0.008093 10.011030 0.119710 0.857413 -0.026782 -0.499795
1520616894.113312244 -2.213033 0.346236 9.829831 0.120187 0.878093 -0.043981 -0.461057
1520616894.163314104 -2.943119 0.547968 9.605409 0.118295 0.894910 -0.056232 -0.426591
1520616894.213315010 -3.507202 0.609617 9.390091 0.117076 0.907183 -0.059910 -0.399655
1520616894.263317347 -4.002779 0.572103 9.173771 0.113034 0.917844 -0.059931 -0.375759
1520616894.313416243 -4.477046 0.510223 8.936288 0.108884 0.927772 -0.058600 -0.352063
1520616894.363320112 -4.886085 0.440112 8.706021 0.105447 0.935968 -0.056073 -0.331210
1520616894.413321257 -5.285763 0.406763 8.450191 0.104501 0.943567 -0.053778 -0.309627
1520616894.463086843 -5.668954 0.394429 8.177755 0.102147 0.950566 -0.055650 -0.287913
1520616894.513087749 -5.998753 0.237642 7.926582 0.091657 0.957159 -0.056284 -0.268845
1520616894.563089848 -6.207144 -0.005907 7.749990 0.075712 0.961967 -0.057715 -0.256039
1520616894.613090754 -6.227285 -0.276546 7.709061 0.056197 0.963684 -0.062055 -0.253585
1520616894.663092852 -6.076570 -0.584133 7.790291 0.030352 0.962578 -0.070693 -0.259856
1520616894.713094950 -5.895013 -0.831719 7.887951 0.001873 0.960061 -0.086521 -0.266071
1520616894.763095856 -5.711180 -0.947862 7.988601 -0.022149 0.956203 -0.106441 -0.271763
1520616894.813097715 -5.508975 -0.951779 8.106796 -0.037475 0.951367 -0.123258 -0.279828
1520616894.863098860 -5.246159 -0.829657 8.267718 -0.045852 0.944631 -0.140376 -0.293028
1520616894.913094759 -4.998532 -0.807887 8.396048 -0.058679 0.938365 -0.153934 -0.303861
1520616894.963095903 -4.730401 -0.874410 8.519183 -0.073455 0.932129 -0.162187 -0.315333
1520616895.013097763 -4.406435 -1.022509 8.649832 -0.089569 0.925602 -0.164261 -0.329023
1520616895.063099623 -4.066949 -1.173072 8.770187 -0.103497 0.919037 -0.163377 -0.343463
1520616895.113100767 -3.710148 -1.345196 8.874830 -0.115648 0.912603 -0.158049 -0.358891
1520616895.163102627 -3.355691 -1.509369 8.960796 -0.125913 0.906165 -0.151158 -0.374383
1520616895.213103771 -3.005484 -1.709394 9.020194 -0.134951 0.900135 -0.140360 -0.389673
1520616895.263105869 -2.670497 -1.896195 9.060602 -0.136404 0.894900 -0.123664 -0.406516
1520616895.313102961 -2.370024 -2.069486 9.079209 -0.134391 0.890033 -0.105472 -0.422676
1520616895.363103628 -2.123218 -2.202969 9.081729 -0.126455 0.885890 -0.085817 -0.437999
1520616895.413105965 -1.990026 -2.254205 9.072355 -0.112582 0.883557 -0.068475 -0.449403
1520616895.463106871 -1.907068 -2.256020 9.062235 -0.094639 0.881694 -0.051726 -0.459329
1520616895.513108730 -1.854716 -2.209692 9.056365 -0.073298 0.879830 -0.036238 -0.468202
1520616895.563109875 -1.844992 -2.149283 9.044959 -0.051509 0.878477 -0.021963 -0.474491
1520616895.613111734 -1.909472 -2.086485 9.017642 -0.028468 0.878325 -0.006825 -0.477166
1520616895.663112879 -2.038203 -1.908286 8.999129 -0.004306 0.879536 0.001066 -0.475812
1520616895.713941097 -2.092415 -1.824775 8.989797 0.019858 0.880175 0.008957 -0.474149
1520616895.763942957 -2.092415 -1.824775 8.989797 0.019858 0.880175 0.008957 -0.474149
1520616895.813944101 -2.081572 -1.841477 8.991664 0.019858 0.880175 0.008957 -0.474149
1520616895.863945961 -0.039910 0.308900 -0.950257 -0.021924 -0.010595 -0.048128 0.998544
1520616895.913946867 -0.038261 0.449475 -1.417474 -0.027828 -0.024501 -0.069305 0.996906
1520616895.964045048 -0.009462 0.576811 -1.884904 -0.033282 -0.037555 -0.098507 0.993870
1520616896.013949871 0.056573 0.706336 -2.377021 -0.038304 -0.056262 -0.122455 0.990137
1520616896.063951969 0.180327 0.756108 -2.883158 -0.045744 -0.079933 -0.145571 0.985052
1520616896.114513636 0.208900 0.762652 -2.978765 -0.053131 -0.103510 -0.168516 0.978808
1520616896.164515495 0.208900 0.762652 -2.978765 -0.053131 -0.103510 -0.168516 0.978808
1520616896.214516640 0.203185 0.761343 -2.959644 -0.053131 -0.103510 -0.168516 0.978808
1520616896.264518738 0.198614 0.760296 -2.944346 -0.053131 -0.103510 -0.168516 0.978808
1520616896.314520597 0.198614 0.760296 -2.944346 -0.053131 -0.103510 -0.168516 0.978808
1520616896.364521742 0.194956 0.759459 -2.932109 -0.053131 -0.103510 -0.168516 0.978808
1520616896.414523602 0.192030 0.758789 -2.922318 -0.053131 -0.103510 -0.168516 0.978808
1520616896.464524508 0.192030 0.758789 -2.922318 -0.053131 -0.103510 -0.168516 0.978808
1520616896.515709400 0.189690 0.758253 -2.914486 -0.053131 -0.103510 -0.168516 0.978808
1520616896.565711498 0.189690 0.758253 -2.914486 -0.053131 -0.103510 -0.168516 0.978808
1520616896.615712404 0.187817 0.757824 -2.908221 -0.053131 -0.103510 -0.168516 0.978808
1520616896.665714502 0.186319 0.757481 -2.903208 -0.053131 -0.103510 -0.168516 0.978808
1520616896.715715647 0.185121 0.757206 -2.899198 -0.053131 -0.103510 -0.168516 0.978808
1520616896.765717506 0.184162 0.756987 -2.895990 -0.053131 -0.103510 -0.168516 0.978808
1520616896.815718412 0.184162 0.756987 -2.895990 -0.053131 -0.103510 -0.168516 0.978808
1520616896.865720510 0.183395 0.756811 -2.893423 -0.053131 -0.103510 -0.168516 0.978808
1520616896.916612387 0.182781 0.756670 -2.891370 -0.053131 -0.103510 -0.168516 0.978808
1520616896.966613293 0.182290 0.756558 -2.889728 -0.053131 -0.103510 -0.168516 0.978808
1520616897.016614437 0.182290 0.756558 -2.889728 -0.053131 -0.103510 -0.168516 0.978808
1520616897.066616297 0.181898 0.756468 -2.888414 -0.053131 -0.103510 -0.168516 0.978808
1520616897.116618156 0.545031 0.049702 -0.836941 -0.017743 0.034237 -0.035170 0.998637
1520616897.166620255 0.799250 -0.054399 -1.274232 -0.020423 0.048551 -0.072092 0.996006
1520616897.216621399 0.988939 -0.183030 -1.736925 -0.022424 0.051489 -0.099698 0.993432
1520616897.266622305 1.129693 -0.355250 -2.191780 -0.023240 0.048484 -0.125553 0.990629
1520616897.316624403 1.216690 -0.534954 -2.632701 -0.019881 0.047169 -0.157606 0.986175
1520616897.366303921 1.254857 -0.710172 -3.061312 -0.013117 0.041865 -0.193401 0.980138
1520616897.416306019 1.271658 -0.814620 -3.459461 -0.005239 0.027253 -0.227270 0.973436
1520616897.466308117 1.337860 -0.886613 -3.850595 0.000691 0.004710 -0.254696 0.967009
1520616897.516309023 1.336191 -1.010537 -4.191061 0.001275 -0.020488 -0.274292 0.961427
1520616897.566310883 1.428305 -1.009744 -4.521181 0.003843 -0.052487 -0.286954 0.956498
1520616897.616409063 1.581450 -1.023742 -4.766415 0.008954 -0.090221 -0.292960 0.951816
1520616897.666313887 1.671283 -0.945323 -4.991417 0.017171 -0.123567 -0.296699 0.946787
1520616897.716315031 1.862443 -0.844437 -5.240350 0.029155 -0.159762 -0.294475 0.941759
1520616897.767572165 1.892373 -0.840882 -5.513942 0.036929 -0.193749 -0.286241 0.937637
1520616897.817573071 2.030721 -0.758894 -5.792093 0.042525 -0.226907 -0.277853 0.932471
1520616897.867575407 2.118985 -0.801190 -6.081230 0.042266 -0.258337 -0.262657 0.928702
1520616897.917577267 2.223516 -0.838873 -6.373780 0.039751 -0.286832 -0.242092 0.926034
1520616897.967578173 2.281486 -0.892131 -6.700816 0.034561 -0.308685 -0.220555 0.924594
1520616898.017580271 2.280463 -0.853137 -7.055262 0.031260 -0.322520 -0.194517 0.925833
1520616898.067581177 2.329560 -0.742877 -7.412663 0.031898 -0.335239 -0.161256 0.927682
1520616898.117583036 2.269240 -0.712327 -7.805223 0.029276 -0.341209 -0.135786 0.929667
1520616898.166028976 2.212555 -0.903437 -8.166934 0.022431 -0.344266 -0.115316 0.931493
1520616898.216031075 2.059490 -0.867631 -8.480891 0.022313 -0.342393 -0.095903 0.934383
1520616898.266033173 1.909314 -0.902058 -8.828341 0.021794 -0.336934 -0.076981 0.938123
1520616898.316034079 1.769150 -0.925062 -9.162987 0.023358 -0.330758 -0.055657 0.941783
1520616898.366035938 1.559874 -0.973954 -9.510779 0.023820 -0.320749 -0.037651 0.946116
1520616898.416038036 1.291213 -1.036319 -9.864839 0.022962 -0.307711 -0.023461 0.950913
1520616898.466038942 0.996965 -1.100162 -10.193438 0.021577 -0.293978 -0.010373 0.955512
1520616898.516040087 0.673065 -1.120332 -10.507376 0.020458 -0.279785 -0.001079 0.959844
1520616898.564525127 0.203887 -1.131760 -10.780323 0.019266 -0.263577 0.004837 0.964434
1520616898.614526987 -0.127734 -0.996819 -11.075443 0.020061 -0.250211 0.002584 0.967980
1520616898.664528847 -0.293748 -1.035324 -11.403757 0.017902 -0.240753 -0.004999 0.970408
1520616898.714529991 -0.545625 -0.940656 -11.729561 0.017350 -0.229737 -0.017623 0.972938
1520616898.764530897 -0.851312 -0.917673 -12.033015 0.015850 -0.216123 -0.031938 0.975715
1520616898.814532757 -1.200034 -0.890287 -12.319539 0.013657 -0.199674 -0.045807 0.978696
1520616898.864535093 -1.658874 -0.911633 -12.587076 0.009034 -0.180103 -0.062384 0.981626
1520616898.914535999 -2.158636 -0.922536 -12.834677 0.004552 -0.159179 -0.077573 0.984187
1520616898.963912010 -2.677830 -0.833890 -13.024790 0.001855 -0.139021 -0.093139 0.985898
1520616899.013913870 -3.256427 -0.780472 -13.212705 -0.001810 -0.115311 -0.108715 0.987361
1520616899.063915968 -3.964821 -0.672663 -13.337833 -0.006111 -0.087576 -0.126335 0.988095
1520616899.113916874 -4.648980 -0.521877 -13.428554 -0.009560 -0.060594 -0.141119 0.988090
1520616899.163918734 -5.202061 -0.346734 -13.519929 -0.010648 -0.038096 -0.152594 0.987497
1520616899.213921070 -5.790072 -0.071001 -13.567911 -0.009138 -0.014812 -0.162534 0.986549
1520616899.264013767 -6.283763 0.181113 -13.622798 -0.007576 0.006165 -0.170168 0.985367
1520616899.313922882 -6.722524 0.239567 -13.691786 -0.010797 0.023522 -0.174563 0.984306
1520616899.363557577 -7.150521 0.217814 -13.738836 -0.018097 0.039424 -0.176404 0.983362
1520616899.413559914 -7.461758 -0.108158 -13.873842 -0.031115 0.049179 -0.174877 0.982869
1520616899.463560820 -7.882838 -0.430841 -13.943939 -0.045466 0.061640 -0.176381 0.981337
1520616899.513562679 -8.340526 -0.748808 -13.955049 -0.057788 0.076506 -0.175414 0.979815
1520616899.563563824 -8.783507 -0.965088 -13.972578 -0.065052 0.090546 -0.172198 0.978733
1520616899.613565683 -9.055691 -1.156233 -14.092966 -0.067063 0.099891 -0.162835 0.979290
1520616899.663566828 -9.187374 -1.246968 -14.333967 -0.063924 0.104273 -0.149252 0.981206
1520616899.713568687 -9.374853 -1.425677 -14.524710 -0.060507 0.110394 -0.130481 0.983426
1520616899.763569593 -9.585099 -1.709910 -14.658712 -0.059867 0.117851 -0.110173 0.985083
1520616899.813286304 -9.848591 -1.823342 -14.768238 -0.057845 0.126269 -0.093190 0.985914
1520616899.863288403 -10.043969 -2.256546 -14.877286 -0.062287 0.132263 -0.074493 0.986447
1520616899.913289309 -10.345223 -2.746585 -14.881420 -0.071926 0.141573 -0.062059 0.985359
1520616899.963291407 -10.753426 -3.277507 -14.772380 -0.085718 0.154385 -0.056493 0.982663
1520616900.013292313 -11.147956 -3.856424 -14.634783 -0.099943 0.167116 -0.050529 0.979556
1520616900.063294172 -11.631580 -4.322967 -14.426312 -0.111659 0.182446 -0.046560 0.975745
1520616900.113295317 -12.192165 -4.594501 -14.168835 -0.119781 0.200499 -0.046226 0.971244
1520616900.163297176 -12.790516 -4.744549 -13.856315 -0.126331 0.220272 -0.048611 0.966001
1520616900.213426352 -13.501949 -4.763600 -13.438717 -0.133107 0.243397 -0.055863 0.959125
1520616900.263428450 -14.177893 -4.725793 -12.993973 -0.141195 0.265259 -0.066523 0.951460
1520616900.313429356 -14.788860 -4.673107 -12.543080 -0.150395 0.285619 -0.078954 0.943170
1520616900.363430500 -15.446423 -4.436224 -12.032440 -0.157783 0.307511 -0.095194 0.933531
1520616900.413432360 -15.967593 -4.114503 -11.673070 -0.163066 0.324680 -0.113244 0.924753
1520616900.463434219 -16.312701 -3.892277 -11.500453 -0.167339 0.335619 -0.127543 0.918200
1520616900.513435364 -16.523343 -3.665691 -11.535972 -0.170669 0.340539 -0.144530 0.913245
1520616900.563436270 -16.627382 -3.284552 -11.775137 -0.170501 0.341798 -0.164049 0.909501
1520616900.613787889 -16.557187 -2.807234 -12.263167 -0.166470 0.337860 -0.184945 0.907708
1520616900.663789988 -16.448225 -2.462215 -12.759176 -0.161088 0.332816 -0.199955 0.907360
1520616900.713796139 -16.269240 -2.203803 -13.315064 -0.153619 0.326794 -0.208127 0.909005
1520616900.763792992 -15.870155 -2.016012 -14.063723 -0.143488 0.315180 -0.210505 0.914199
1520616900.813795090 -15.294436 -1.824414 -14.986030 -0.131312 0.298518 -0.210278 0.921644
1520616900.863795996 -14.599273 -1.290365 -15.965643 -0.114399 0.280197 -0.217191 0.928025
1520616900.913883924 -13.754277 -0.575387 -16.979749 -0.094069 0.259552 -0.227902 0.933726
1520616900.963799000 -13.018668 0.126039 -17.785744 -0.075167 0.243523 -0.238203 0.937180
1520616901.013764858 -12.453861 0.806255 -18.398480 -0.058132 0.232586 -0.249059 0.938346
1520616901.063766718 -11.838046 1.619421 -18.972137 -0.040107 0.222344 -0.261530 0.938380
1520616901.113769054 -11.266287 2.248221 -19.473818 -0.026177 0.212887 -0.275199 0.937155
1520616901.163769960 -10.695034 2.669000 -19.977767 -0.016592 0.202475 -0.289084 0.935499
1520616901.213771820 -10.046582 3.062678 -20.481697 -0.008160 0.190690 -0.303237 0.933605
1520616901.263772964 -9.347516 3.043751 -21.055938 -0.005742 0.175670 -0.315225 0.932599
1520616901.313774824 -8.589487 2.922406 -21.643237 -0.004411 0.158228 -0.322481 0.933247
1520616901.363775969 -7.471466 2.591535 -22.355743 -0.001943 0.132666 -0.320705 0.937840
1520616901.413644791 -6.507257 2.448300 -22.888031 0.002508 0.112390 -0.315066 0.942388
1520616901.463646650 -5.793153 2.193407 -23.338879 0.004111 0.095780 -0.306040 0.947180
1520616901.513647795 -5.199758 1.937990 -23.711154 0.004367 0.082514 -0.295177 0.951863
1520616901.563649893 -4.796693 1.529444 -24.055179 0.000851 0.071687 -0.281976 0.956739
1520616901.613650799 -4.430734 0.928096 -24.385582 -0.005959 0.060684 -0.262899 0.962895
1520616901.663652897 -4.110793 0.247763 -24.698296 -0.014584 0.051166 -0.242861 0.968601
1520616901.713653803 -3.772400 -0.375955 -24.990739 -0.022552 0.042733 -0.220392 0.974214
1520616901.763655663 -3.368913 -1.029519 -25.269752 -0.030818 0.033422 -0.198436 0.979059
1520616901.813576460 -3.010349 -1.517607 -25.512647 -0.037126 0.025757 -0.176752 0.983218
1520616901.863579273 -2.653334 -1.907488 -25.764232 -0.041700 0.019749 -0.156319 0.986628
1520616901.913580656 -2.299394 -1.877351 -26.021230 -0.039063 0.014976 -0.135170 0.989939
1520616901.963581324 -1.979543 -1.588892 -26.257942 -0.031765 0.010804 -0.117915 0.992457
1520616902.013583422 -1.369704 -1.037849 -26.536731 -0.019352 0.001184 -0.107676 0.993997
1520616902.063585520 -0.479542 -0.243091 -26.802876 -0.002733 -0.013455 -0.099629 0.994930
1520616902.113586426 0.248666 0.434861 -27.010816 0.010938 -0.025366 -0.099496 0.994654
1520616902.163588524 1.015019 0.770665 -27.196258 0.018222 -0.038351 -0.105962 0.993463
1520616902.213590622 1.918080 0.682377 -27.369615 0.018235 -0.054540 -0.113449 0.991878
1520616902.263770342 2.735606 0.293365 -27.533948 0.012902 -0.069345 -0.125231 0.989617
1520616902.313771248 3.648348 -0.403878 -27.653385 0.002624 -0.086736 -0.132874 0.987327
1520616902.363774538 4.598002 -1.224265 -27.709068 -0.009643 -0.105337 -0.137621 0.984821
1520616902.413774252 5.545283 -1.877564 -27.709651 -0.018819 -0.123440 -0.142570 0.981877
1520616902.463776350 6.301784 -2.197937 -27.716930 -0.022356 -0.137329 -0.149307 0.978953
1520616902.513777494 7.032890 -2.244620 -27.720084 -0.021220 -0.149925 -0.155765 0.976120
1520616902.563861132 7.679912 -2.218275 -27.713822 -0.019149 -0.160927 -0.159594 0.973789
1520616902.613780499 8.494061 -2.246573 -27.632732 -0.018082 -0.175011 -0.161069 0.971134
1520616902.664466619 9.433164 -2.809980 -27.425466 -0.025137 -0.193544 -0.163894 0.966979
1520616902.714468718 10.621928 -3.563743 -27.045539 -0.035185 -0.217238 -0.162708 0.961819
1520616902.764469862 12.085092 -4.349064 -26.440620 -0.045472 -0.245990 -0.160237 0.954854
1520616902.814471722 13.548443 -5.291488 -25.653385 -0.058159 -0.276142 -0.159148 0.946063
1520616902.864472628 15.331334 -6.298966 -24.486016 -0.071875 -0.313638 -0.155269 0.934000
1520616902.914474726 17.277977 -7.376121 -22.910533 -0.087333 -0.356059 -0.148965 0.918371
1520616902.964475632 19.215113 -8.206328 -21.053670 -0.100163 -0.399383 -0.141484 0.900246
1520616903.014477491 20.967767 -8.750485 -19.087702 -0.108941 -0.440673 -0.134392 0.880839
1520616903.064349651 22.335157 -9.133992 -17.227708 -0.114272 -0.476429 -0.132556 0.861618
1520616903.114350796 23.576190 -9.379909 -15.276325 -0.118722 -0.511140 -0.128078 0.841568
1520616903.164352655 24.721634 -9.489616 -13.136577 -0.123608 -0.546136 -0.119522 0.819860
1520616903.214353561 25.816608 -9.278968 -10.813015 -0.127252 -0.581967 -0.104170 0.796411
1520616903.264355898 26.758995 -8.791329 -8.424088 -0.130256 -0.616480 -0.083537 0.772015
1520616903.314356804 27.502012 -8.118309 -6.007955 -0.132001 -0.649561 -0.062722 0.746132
1520616903.364358664 28.027369 -7.336299 -3.548204 -0.133346 -0.681444 -0.042148 0.718385
1520616903.414359808 28.349006 -6.316907 -1.166520 0.130412 0.711654 0.022852 -0.689941
1520616903.463482141 28.352774 -6.274626 -1.075977 0.127204 0.740368 0.003508 -0.660047
1520616903.513484240 28.352774 -6.274626 -1.075977 0.127204 0.740368 0.003508 -0.660047
1520616903.563485146 -0.945686 -0.196240 -0.259169 -0.006676 -0.031676 0.013906 0.999379
1520616903.613487005 -1.800830 -0.406945 -0.622590 -0.009739 -0.061533 0.024373 0.997760
1520616903.663488150 -2.473753 -0.701565 -0.903799 -0.012132 -0.086476 0.033768 0.995608
1520616903.713491201 -3.180940 -0.984040 -1.263425 -0.013020 -0.107064 0.039701 0.993374
1520616903.763492107 -3.837485 -1.187503 -1.678106 -0.013003 -0.128384 0.045583 0.990591
1520616903.813493252 -4.568143 -1.334959 -2.100089 -0.011789 -0.150544 0.051110 0.987211
1520616903.863390446 -5.172474 -1.445523 -2.604383 -0.006763 -0.175380 0.057245 0.982812
1520616903.913391352 -5.802914 -1.597628 -3.210222 0.001853 -0.198902 0.062556 0.978019
1520616903.963393450 -6.402539 -1.874550 -3.925647 0.008895 -0.224902 0.069980 0.971824
1520616904.013394356 -7.021416 -2.074898 -4.742782 0.013896 -0.251435 0.077173 0.964693
1520616904.063396454 -7.510819 -2.402858 -5.687867 0.017956 -0.278535 0.088143 0.956204
1520616904.113399506 -7.948064 -2.715032 -6.705332 0.024105 -0.302780 0.098968 0.947601
1520616904.163399458 -8.292997 -3.203139 -7.719692 0.030926 -0.323781 0.112324 0.938932
1520616904.213477373 -8.518256 -3.682771 -8.803853 0.040796 -0.344293 0.130079 0.928912
1520616904.263402462 -8.648059 -4.035855 -9.945462 0.049718 -0.365963 0.146814 0.917630
1520616904.313627720 -8.659531 -4.281477 -11.044156 0.057244 -0.386837 0.159849 0.906382
1520616904.363628626 -8.487372 -4.530349 -12.193154 0.063338 -0.409619 0.174042 0.893258
1520616904.413630486 -8.189311 -4.773662 -13.335719 0.068079 -0.431950 0.187737 0.879511
1520616904.463631630 -7.909583 -5.049462 -14.373775 0.072109 -0.448921 0.200984 0.867684
1520616904.513633490 -7.652203 -5.383507 -15.363576 0.074075 -0.462273 0.214222 0.857278
1520616904.563634396 -7.490431 -5.875992 -16.270308 0.073195 -0.470448 0.228862 0.849084
1520616904.613636494 -7.353985 -6.377848 -17.049508 0.070274 -0.473812 0.242796 0.843572
1520616904.663638592 -7.402378 -7.265867 -17.674729 0.063231 -0.469216 0.257207 0.842427
1520616904.713527918 -7.700842 -7.973675 -18.182482 0.055902 -0.459663 0.265392 0.845666
1520616904.763529778 -8.390860 -8.491206 -18.571508 0.051225 -0.442180 0.268694 0.854199
1520616904.813531637 -9.359978 -8.843769 -18.693890 0.047568 -0.417396 0.265663 0.867722
1520616904.863532782 -10.384366 -9.006705 -18.738682 0.047097 -0.391069 0.260048 0.881602
1520616904.913533688 -11.527330 -9.035582 -18.708099 0.051695 -0.361796 0.252904 0.895807
1520616904.963535547 -12.870645 -8.844070 -18.505718 0.058527 -0.329712 0.238166 0.911670
1520616905.013536692 -14.374041 -8.207983 -18.180166 0.067859 -0.297438 0.213709 0.928038
1520616905.063538790 -15.920556 -7.230483 -17.733994 0.078528 -0.264154 0.181978 0.943896
1520616905.113356352 -17.166281 -6.322282 -17.439849 0.087156 -0.237518 0.152088 0.955436
1520616905.163357496 -18.157477 -5.500619 -17.312888 0.093856 -0.217173 0.125159 0.963516
1520616905.213359356 -19.053991 -4.681457 -17.258031 0.097138 -0.200519 0.098611 0.969862
1520616905.263360500 -19.679071 -4.038712 -17.482129 0.098685 -0.190933 0.078480 0.973472
1520616905.313362360 -20.268853 -3.365329 -17.766976 0.099107 -0.183683 0.060127 0.976127
1520616905.363363266 -20.731779 -2.713341 -18.205856 0.093770 -0.180648 0.040720 0.978221
1520616905.413365602 -20.873893 -1.854753 -19.016243 0.086800 -0.186024 0.020543 0.978488
1520616905.463367462 -20.747675 -0.990925 -20.119828 0.083054 -0.197494 0.004277 0.976770
1520616905.513424635 -20.576184 -0.126561 -21.288977 0.077878 -0.210603 -0.012908 0.974379
1520616905.563426733 -20.243103 0.847170 -22.605805 0.066744 -0.226740 -0.034850 0.971041
1520616905.613427639 -19.694971 1.260958 -24.121094 0.050339 -0.246036 -0.049797 0.966671
1520616905.663429976 -18.997124 1.142929 -25.813356 0.033378 -0.268542 -0.056456 0.961033
1520616905.713430882 -18.354738 0.790219 -27.482526 0.018434 -0.290526 -0.060610 0.954768
1520616905.763432741 -17.680076 0.684083 -29.099037 0.005896 -0.310823 -0.069847 0.947880
1520616905.813434839 -17.109975 0.845163 -30.563329 -0.005010 -0.327627 -0.083182 0.941125
1520616905.863501787 -16.404980 0.583531 -32.056631 -0.011188 -0.345468 -0.085094 0.934498
1520616905.913759470 -14.387574 -0.037438 -34.804255 -0.021626 -0.375266 -0.080150 0.923192
1520616905.963760376 -12.184177 -0.933459 -37.228460 -0.032431 -0.406170 -0.070843 0.910470
1520616906.013762474 -9.861765 -1.988666 -39.349415 -0.039836 -0.436920 -0.055200 0.896921
1520616906.063763380 -7.612332 -2.354818 -41.233266 -0.045695 -0.463170 -0.047875 0.883795
1520616906.113765478 -5.173762 -3.168722 -42.793150 -0.045848 -0.489163 -0.034302 0.870311
1520616906.163766623 -2.415760 -2.740172 -44.281747 -0.034911 -0.516717 -0.021745 0.855168
1520616906.213768482 0.318442 -2.092546 -45.521222 -0.023169 -0.541506 -0.011948 0.840293
1520616906.263770342 2.629082 -1.000304 -46.585109 -0.009012 -0.561686 -0.003037 0.827296
1520616906.314519644 2.713013 -0.957788 -46.618991 0.005153 -0.581386 0.005876 0.813590
1520616906.364521503 2.713013 -0.957788 -46.618991 0.005153 -0.581386 0.005876 0.813590
1520616906.414522648 2.696227 -0.966291 -46.612214 0.005153 -0.581386 0.005876 0.813590
1520616906.464524508 2.682798 -0.973094 -46.606793 0.005153 -0.581386 0.005876 0.813590
1520616906.514525414 2.672055 -0.978536 -46.602456 0.005153 -0.581386 0.005876 0.813590
1520616906.564527512 -0.145009 -0.133116 -0.980435 -0.003243 -0.049816 0.067632 0.996461
1520616906.614529610 -0.129362 -0.047443 -1.212353 0.000200 -0.070065 0.077895 0.994496
1520616906.664530516 -0.108452 -0.007013 -1.444981 0.000958 -0.092463 0.081773 0.992352
1520616906.714532614 -0.075776 0.017417 -1.681674 -0.001319 -0.116148 0.081518 0.989880
1520616906.764706612 -0.022009 0.001151 -1.918187 -0.009446 -0.140742 0.079731 0.986785
1520616906.814708471 0.058393 -0.033296 -2.161566 -0.023721 -0.164255 0.074786 0.983293
1520616906.864710569 0.136662 -0.101075 -2.401825 -0.041632 -0.185036 0.066142 0.979619
1520616906.914711475 0.256954 -0.208327 -2.645842 -0.058891 -0.206569 0.056392 0.975029
1520616906.964713573 0.417552 -0.291732 -2.881582 -0.071939 -0.229675 0.052395 0.969190
1520616907.014715672 0.528322 -0.369815 -3.106714 -0.084047 -0.249870 0.053703 0.963129
1520616907.064716578 0.675878 -0.402257 -3.321835 -0.093839 -0.270069 0.055015 0.956677
1520616907.114718437 0.801887 -0.465449 -3.537138 -0.103268 -0.286542 0.059118 0.950650
1520616907.165342569 0.920717 -0.512789 -3.750986 -0.113748 -0.297298 0.052829 0.946512
1520616907.215344429 1.031716 -0.573659 -3.942757 -0.123825 -0.309197 0.052729 0.941427
1520616907.265345573 1.190076 -0.632289 -4.124443 -0.132046 -0.327078 0.060103 0.933794
1520616907.315347433 1.344490 -0.705571 -4.294571 -0.141594 -0.344408 0.062242 0.925991
1520616907.365348339 1.508264 -0.821954 -4.460538 -0.153479 -0.361367 0.061682 0.917635
1520616907.415350437 1.660823 -0.967768 -4.604791 -0.166513 -0.378461 0.056717 0.908748
1520616907.465351343 1.829613 -1.151615 -4.728763 -0.180483 -0.396482 0.052052 0.898620
1520616907.515402555 2.050074 -1.296626 -4.832153 -0.191055 -0.418635 0.050609 0.886387
1520616907.566855907 2.295669 -1.425213 -4.944247 -0.198590 -0.443456 0.050220 0.872575
1520616907.616857767 2.513092 -1.558726 -5.014488 -0.206152 -0.464945 0.046006 0.859773
1520616907.666858912 2.784149 -1.679711 -5.042570 -0.215485 -0.489550 0.045086 0.843727
1520616907.716861010 3.146746 -1.779860 -4.990754 -0.223613 -0.521289 0.050603 0.822006
1520616907.766861916 3.498374 -1.895901 -4.913818 -0.231383 -0.551486 0.056908 0.799429
1520616907.816864014 3.825657 -1.975497 -4.834832 -0.238123 -0.578256 0.059446 0.778064
1520616907.866865873 4.120332 -2.069770 -4.758302 -0.243599 -0.602504 0.059666 0.757686
1520616907.916866779 4.384838 -2.165251 -4.696957 -0.248381 -0.623023 0.057229 0.739510
1520616907.966459036 4.585107 -2.260668 -4.687397 -0.252498 -0.637859 0.054781 0.725521
1520616908.016459942 4.713325 -2.398894 -4.733033 -0.258412 -0.647056 0.052208 0.715414
1520616908.066462278 4.826366 -2.499920 -4.800373 -0.262498 -0.654762 0.050226 0.707007
1520616908.116463184 4.954515 -2.565744 -4.874094 -0.263559 -0.662905 0.049651 0.699020
1520616908.166465044 5.161618 -2.441951 -4.946810 -0.254372 -0.675468 0.053969 0.690019
1520616908.216466188 5.345013 -2.297151 -5.033550 0.243868 0.686112 -0.064336 -0.682377
1520616908.266468048 5.519118 -2.218018 -5.102902 0.238792 0.694804 -0.072862 -0.674475
1520616908.316469908 5.614181 -2.171066 -5.227103 0.235304 0.699299 -0.082538 -0.669926
1520616908.365616083 5.685067 -2.135388 -5.354205 0.232148 0.702014 -0.086824 -0.667641
1520616908.415617943 5.684586 -2.087337 -5.553239 0.227131 0.702296 -0.088536 -0.668845
1520616908.465620041 5.677367 -1.957526 -5.777902 0.217083 0.703089 -0.085532 -0.671733
1520616908.515621185 5.671499 -1.764639 -6.003623 0.203800 0.704545 -0.084293 -0.674520
1520616908.565623045 5.700527 -1.516171 -6.222209 0.188354 0.708523 -0.087790 -0.674396
1520616908.615623951 5.826571 -1.223187 -6.344893 0.170748 0.717210 -0.095219 -0.668870
1520616908.665626049 5.890783 -0.989437 -6.492580 0.159009 0.721686 -0.097354 -0.666639
1520616908.715626955 5.902551 -0.816547 -6.682359 0.151938 0.722254 -0.098202 -0.667548
1520616908.765069008 6.009361 -0.658940 -6.773630 0.146633 0.728299 -0.102653 -0.661469
1520616908.815070868 6.192567 -0.545537 -6.797102 0.143295 0.737701 -0.108892 -0.650697
1520616908.865072012 6.382559 -0.409778 -6.817611 0.138592 0.747269 -0.113891 -0.639852
1520616908.915072918 6.559412 -0.290140 -6.855048 0.134433 0.755596 -0.116483 -0.630424
1520616908.965075016 6.690537 -0.254358 -6.956234 0.134572 0.760148 -0.116874 -0.624825
1520616909.015076160 6.782761 -0.298047 -7.110291 0.137011 0.762058 -0.121433 -0.621088
1520616909.065078020 6.836917 -0.323273 -7.307798 0.137089 0.762425 -0.131498 -0.618565
1520616909.115079880 6.879384 -0.324825 -7.542392 0.136459 0.761433 -0.140697 -0.617903
1520616909.165117025 6.873620 -0.316434 -7.831287 0.135064 0.758256 -0.148583 -0.620265
1520616909.214703083 6.798805 -0.315004 -8.181735 0.133872 0.752054 -0.155176 -0.626428
1520616909.264703989 6.743938 -0.412170 -8.514425 0.137136 0.745397 -0.159969 -0.632445
1520616909.314706087 6.628537 -0.592014 -8.886885 0.144241 0.735906 -0.160702 -0.641725
1520616909.364706993 6.527182 -0.781914 -9.236765 0.152007 0.727149 -0.158193 -0.650479
1520616909.414709091 6.482689 -0.969154 -9.536049 0.158770 0.720765 -0.155782 -0.656522
1520616909.464711189 6.420173 -1.227101 -9.827176 0.167486 0.714087 -0.153635 -0.662137
1520616909.514712095 6.362688 -1.514688 -10.089358 0.176781 0.708091 -0.152053 -0.666510
1520616909.564713955 6.322203 -1.821765 -10.331903 0.186180 0.702912 -0.150760 -0.669719
1520616909.614852428 6.310225 -2.023508 -10.560845 0.190289 0.699827 -0.150653 -0.671816
1520616909.664854288 6.298749 -2.092102 -10.812346 0.188567 0.697798 -0.150497 -0.674441
1520616909.714855433 6.199915 -2.026521 -11.131678 0.183597 0.694049 -0.143795 -0.681110
1520616909.764857292 5.977677 -1.835960 -11.507249 -0.176468 -0.687764 0.130229 0.692012
1520616909.814858198 5.827779 -1.545979 -11.841065 -0.167457 -0.683844 0.113482 0.701026
1520616909.864860535 5.696902 -1.217077 -12.141155 -0.157176 -0.680608 0.099775 0.708599
1520616909.914862394 5.591057 -1.002274 -12.402179 -0.151768 -0.677470 0.087498 0.714385
1520616909.964863300 5.524185 -0.875453 -12.640494 -0.149697 -0.674812 0.076762 0.718559
1520616910.017195463 5.500237 -0.827956 -12.725173 -0.147605 -0.672058 0.066015 0.722629
1520616910.067196608 5.500237 -0.827956 -12.725173 -0.147605 -0.672058 0.066015 0.722629
1520616910.117198706 5.505027 -0.837456 -12.708238 -0.147605 -0.672058 0.066015 0.722629
1520616910.167200565 5.508858 -0.845055 -12.694689 -0.147605 -0.672058 0.066015 0.722629
1520616910.217202663 5.511924 -0.851135 -12.683850 -0.147605 -0.672058 0.066015 0.722629
1520616910.267203569 5.511924 -0.851135 -12.683850 -0.147605 -0.672058 0.066015 0.722629
1520616910.317204475 5.514376 -0.855998 -12.675179 -0.147605 -0.672058 0.066015 0.722629
1520616910.367206573 5.516338 -0.859889 -12.668242 -0.147605 -0.672058 0.066015 0.722629
1520616910.419890642 5.517907 -0.863002 -12.662693 -0.147605 -0.672058 0.066015 0.722629
1520616910.469892979 5.517907 -0.863002 -12.662693 -0.147605 -0.672058 0.066015 0.722629
1520616910.519893646 5.519163 -0.865492 -12.658253 -0.147605 -0.672058 0.066015 0.722629
1520616910.569894552 5.520167 -0.867485 -12.654701 -0.147605 -0.672058 0.066015 0.722629
1520616910.619896889 5.520971 -0.869078 -12.651860 -0.147605 -0.672058 0.066015 0.722629
1520616910.669899702 5.521614 -0.870353 -12.649587 -0.147605 -0.672058 0.066015 0.722629
1520616910.719899654 -0.566554 0.055458 -0.822156 -0.018295 -0.039140 0.019557 0.998875
1520616910.769900799 -0.659634 0.001528 -1.012485 -0.018611 -0.058337 0.032810 0.997584
1520616910.821620464 -0.726373 -0.036697 -1.245417 -0.014797 -0.085022 0.045246 0.995241
1520616910.871600389 -0.772545 -0.061442 -1.432382 -0.006118 -0.109906 0.053605 0.992477
1520616910.921602488 -0.788216 -0.065152 -1.614402 0.005597 -0.132539 0.060418 0.989319
1520616910.971603394 -0.810270 -0.057875 -1.799009 0.016767 -0.153552 0.062740 0.986004
1520616911.021605492 -0.830374 -0.055353 -1.974757 0.025025 -0.169278 0.061750 0.983314
1520616911.071607590 -0.846509 -0.078823 -2.148061 0.028041 -0.183501 0.062823 0.980609
1520616911.121608496 -0.858046 -0.101950 -2.321144 0.028455 -0.196018 0.063078 0.978156
1520616911.171610355 -0.863080 -0.128906 -2.496566 0.028369 -0.208451 0.066985 0.975324
1520616911.221611500 -0.857023 -0.166908 -2.666032 0.025630 -0.220024 0.072712 0.972443
1520616911.272410393 -0.844548 -0.208154 -2.838184 0.019168 -0.230065 0.077182 0.969920
1520616911.322411537 -0.845179 -0.241726 -2.993952 0.013188 -0.236601 0.082212 0.968033
1520616911.372413397 -0.837785 -0.276682 -3.139197 0.009348 -0.241055 0.092763 0.966023
1520616911.422414303 -0.834232 -0.305587 -3.280375 0.006585 -0.244865 0.103518 0.963993
1520616911.472416401 -0.820918 -0.316040 -3.422258 0.006556 -0.247640 0.113215 0.962192
1520616911.522418499 -0.791961 -0.284198 -3.568246 0.009770 -0.250534 0.121213 0.960440
1520616911.572419405 -0.759003 -0.269023 -3.713165 0.010801 -0.253236 0.127455 0.958911
1520616911.622421503 -0.696983 -0.268029 -3.861681 0.010051 -0.257481 0.134794 0.956783
1520616911.671751499 -0.652532 -0.326368 -4.008308 0.005737 -0.260254 0.149662 0.953853
1520616911.721753597 -0.604879 -0.412175 -4.139976 -0.004494 -0.259491 0.162600 0.951948
1520616911.771755457 -0.531754 -0.552263 -4.252280 -0.020052 -0.259169 0.173714 0.949870
1520616911.821756363 -0.491641 -0.669849 -4.362182 -0.033566 -0.255863 0.182920 0.948656
1520616911.871758699 -0.489628 -0.702205 -4.475026 -0.040192 -0.250168 0.177992 0.950852
1520616911.921760559 -0.456551 -0.638294 -4.598915 -0.038123 -0.249218 0.167936 0.953014
1520616911.971761465 -0.449606 -0.529961 -4.729461 -0.030387 -0.247276 0.154711 0.956031
1520616912.021763563 -0.459435 -0.422008 -4.858048 -0.019953 -0.242762 0.143262 0.959242
1520616912.070742369 -0.487735 -0.344670 -4.971717 -0.013055 -0.236080 0.131636 0.962688
1520616912.120743275 -0.539822 -0.325396 -5.080373 -0.011628 -0.225647 0.119266 0.966811
1520616912.170745134 -0.623828 -0.395233 -5.181283 -0.017239 -0.212520 0.107445 0.971079
1520616912.220748186 -0.726215 -0.498444 -5.280514 -0.025432 -0.198366 0.095493 0.975133
1520616912.270748138 -0.817839 -0.582136 -5.379875 -0.031030 -0.185876 0.087115 0.978212
1520616912.320749998 -0.874633 -0.671993 -5.477865 -0.034031 -0.176600 0.087635 0.979783
1520616912.370751143 -0.961114 -0.746095 -5.569493 -0.037205 -0.164953 0.084797 0.981945
1520616912.420753241 -1.086195 -0.756600 -5.652738 -0.037297 -0.150830 0.076160 0.984916
1520616912.468755722 -1.225585 -0.694270 -5.718119 -0.031132 -0.136357 0.069080 0.987758
1520616912.518751860 -1.409247 -0.592078 -5.784328 -0.020295 -0.117941 0.062998 0.990812
1520616912.568752527 -1.555473 -0.456767 -5.855714 -0.006224 -0.103476 0.059507 0.992831
1520616912.618754864 -1.681560 -0.320921 -5.929209 0.008212 -0.090846 0.057091 0.994193
1520616912.668756723 -1.827560 -0.154361 -5.996314 0.022868 -0.078105 0.050688 0.995393
1520616912.718757629 -2.006089 -0.032692 -6.041775 0.035314 -0.062726 0.047320 0.996283
1520616912.768759727 -2.176744 0.034242 -6.086436 0.044151 -0.047899 0.051821 0.996529
1520616912.818760633 -2.340751 0.027367 -6.133021 0.046376 -0.033870 0.057019 0.996720
1520616912.868078232 -2.465996 0.028779 -6.218152 0.043392 -0.022799 0.053970 0.997339
1520616912.918079138 -2.594170 0.027214 -6.293088 0.039382 -0.013609 0.050747 0.997842
1520616912.968081236 -2.639094 -0.022486 -6.405020 0.033634 -0.011088 0.052337 0.998001
1520616913.018082380 -2.651729 -0.028422 -6.536229 0.027993 -0.012024 0.051083 0.998230
1520616913.068084240 -2.628888 -0.056965 -6.685368 0.021226 -0.016402 0.050364 0.998371
1520616913.118086338 -2.628640 -0.091479 -6.825116 0.012927 -0.019644 0.044989 0.998711
1520616913.168087244 -2.643508 -0.153113 -6.961617 0.002790 -0.021700 0.038432 0.999022
1520616913.218089104 -2.723217 -0.256884 -7.071202 -0.009363 -0.019806 0.033107 0.999212
1520616913.267685413 -2.801329 -0.435194 -7.181939 -0.023315 -0.018034 0.033028 0.999020
1520616913.317687511 -2.857641 -0.639626 -7.297770 -0.036899 -0.018002 0.038255 0.998424
1520616913.367688417 -2.893853 -0.892331 -7.410843 -0.049796 -0.019478 0.050308 0.997301
1520616913.417690277 -2.889963 -1.132552 -7.530298 -0.062200 -0.023399 0.061362 0.995901
1520616913.467692614 -2.803278 -1.399792 -7.670014 -0.073958 -0.032713 0.076263 0.993803
1520616913.517694473 -2.601085 -1.607689 -7.846752 -0.083283 -0.048551 0.088130 0.991433
1520616913.567696333 -2.312488 -1.693455 -8.063842 -0.085393 -0.070083 0.098567 0.988980
1520616913.617697477 -1.998454 -1.671311 -8.290612 -0.079367 -0.092303 0.111217 0.986312
1520616913.667699337 -1.729929 -1.514646 -8.514552 -0.067720 -0.112460 0.116484 0.984479
1520616913.716314316 -1.490902 -1.376299 -8.714358 -0.058359 -0.130335 0.116592 0.982860
1520616913.766316175 -1.205968 -1.318203 -8.891720 -0.053261 -0.149591 0.117920 0.980245
1520616913.816317558 -0.878158 -1.322229 -9.062527 -0.052576 -0.169575 0.119737 0.976803
1520616913.866318226 -0.503179 -1.413265 -9.209311 -0.056531 -0.190752 0.123298 0.972222
1520616913.916320562 -0.150717 -1.580204 -9.327348 -0.064848 -0.209307 0.126593 0.967450
1520616913.966321468 0.126643 -1.697815 -9.433369 -0.071108 -0.223804 0.125101 0.963953
1520616914.016323328 0.321491 -1.727279 -9.543077 -0.073686 -0.234893 0.115906 0.962269
1520616914.066324472 0.506145 -1.739370 -9.654637 -0.075389 -0.245055 0.105101 0.960843
1520616914.114924908 0.757794 -1.781405 -9.579202 -0.076040 -0.259547 0.106505 0.956823
1520616914.164926052 0.851578 -1.796711 -9.548055 -0.076673 -0.273980 0.107885 0.952584
1520616914.214927912 0.851578 -1.796711 -9.548055 -0.076673 -0.273980 0.107885 0.952584
1520616914.264930010 0.832821 -1.793649 -9.554284 -0.076673 -0.273980 0.107885 0.952584
1520616914.314930916 0.817816 -1.791201 -9.559268 -0.076673 -0.273980 0.107885 0.952584
1520616914.364932775 0.248357 -0.460754 -0.852071 0.034210 0.002164 -0.018401 0.999243
1520616914.414933920 0.352950 -0.537844 -1.163833 0.049249 0.010900 -0.017232 0.998578
1520616914.464936018 0.472387 -0.576615 -1.469187 0.060431 0.023069 -0.015315 0.997788
1520616914.514795303 0.585599 -0.566064 -1.769945 0.068214 0.037532 -0.009130 0.996923
1520616914.564797401 0.704452 -0.537414 -2.074090 0.073719 0.050725 -0.008653 0.995951
1520616914.614799261 0.795223 -0.509394 -2.373309 0.076781 0.067642 -0.013364 0.994661
1520616914.664800167 0.875269 -0.481301 -2.676023 0.078632 0.086335 -0.017525 0.993004
1520616914.714802504 0.927267 -0.441009 -2.987697 0.082374 0.107463 -0.018313 0.990621
1520616914.764803410 0.943661 -0.397354 -3.311193 0.087046 0.130618 -0.015585 0.987481
1520616914.814805508 0.918597 -0.348546 -3.653853 0.092115 0.156461 -0.015032 0.983264
1520616914.864806414 0.825077 -0.285720 -4.002415 0.094912 0.185057 -0.015157 0.978016
1520616914.916097164 0.850101 -0.748271 -3.704572 0.086277 0.212419 -0.010833 0.973302
1520616914.966098070 0.859023 -0.831410 -3.649724 0.077568 0.239598 -0.006499 0.967747
1520616915.016100407 0.859023 -0.831410 -3.649724 0.077568 0.239598 -0.006499 0.967747
1520616915.066102266 0.857238 -0.814782 -3.660694 0.077568 0.239598 -0.006499 0.967747
1520616915.116103172 -0.115827 0.403278 -0.907717 -0.022465 0.044371 0.010305 0.998709
1520616915.166105270 -0.247496 0.597564 -1.327870 -0.026125 0.060996 0.012016 0.997724
1520616915.216107368 -0.400121 0.797288 -1.729477 -0.027208 0.074023 0.005076 0.996872
1520616915.266108513 -0.563425 0.981419 -2.121688 -0.028987 0.087568 -0.008944 0.995697
1520616915.317066908 -0.799334 1.053797 -2.502298 -0.032068 0.102012 -0.021067 0.994043
1520616915.367069006 -1.167281 1.050175 -2.727900 -0.037811 0.120618 -0.030498 0.991510
1520616915.417069912 -1.486851 1.117862 -3.034027 -0.048611 0.136755 -0.034357 0.988815
1520616915.467071056 -1.859429 1.077851 -3.341376 -0.067251 0.150868 -0.034061 0.985675
1520616915.517072916 -2.263803 1.034017 -3.629844 -0.086074 0.160517 -0.027828 0.982879
1520616915.567074776 -2.673676 0.940481 -3.914889 -0.104244 0.165661 -0.021417 0.980424
1520616915.617075920 -3.059411 0.916815 -4.220586 -0.113323 0.168257 -0.016284 0.979072
1520616915.667078972 -3.428622 0.936670 -4.506989 -0.112345 0.167389 -0.009916 0.979419
1520616915.717643499 -3.778647 0.944963 -4.747839 -0.101107 0.164614 -0.002641 0.981159
1520616915.767645359 -4.130977 1.029646 -5.004471 -0.083022 0.158667 0.005518 0.983820
1520616915.817646503 -4.419520 1.062625 -5.305470 -0.065648 0.146301 0.011770 0.986989
1520616915.867648602 -4.631642 1.025473 -5.720628 -0.053356 0.128768 0.017032 0.990092
1520616915.917649508 -4.792006 0.937941 -6.192679 -0.047596 0.109823 0.020155 0.992606
1520616915.967651606 -4.885757 0.805684 -6.697722 -0.046175 0.089350 0.020707 0.994714
1520616916.017652512 -4.890903 0.704593 -7.220041 -0.044779 0.067895 0.017431 0.996535
1520616916.067654371 -4.835954 0.674975 -7.745596 -0.038740 0.043887 0.015087 0.998171
1520616916.117655516 -4.675273 0.831543 -8.293840 -0.024094 0.018164 0.007983 0.999513
1520616916.167499304 -4.355095 1.166266 -8.826196 -0.002491 -0.012186 -0.002955 0.999918
1520616916.217501163 -3.905084 1.588588 -9.374209 0.019298 -0.045114 -0.021672 0.998560
1520616916.267502308 -3.395959 1.988592 -9.838381 0.040395 -0.077733 -0.035705 0.995515
1520616916.317504168 -2.815290 2.228291 -10.296024 0.054786 -0.111387 -0.046472 0.991177
1520616916.367505312 -2.203300 2.401812 -10.732419 0.062867 -0.144453 -0.058151 0.985799
1520616916.417507410 -1.639527 2.391942 -11.174846 0.064078 -0.175284 -0.061555 0.980500
1520616916.467508316 -1.144483 2.267734 -11.592799 0.061843 -0.202140 -0.056340 0.975777
1520616916.517510414 -0.730987 2.141177 -11.988654 0.060209 -0.224711 -0.040588 0.971716
1520616916.566380739 -0.449403 1.868802 -12.463654 0.053618 -0.241130 -0.018097 0.968842
1520616916.616382837 -0.172981 1.353487 -12.753203 0.041706 -0.249365 0.006828 0.967487
1520616916.666384697 -0.143689 0.948826 -13.127815 0.030703 -0.249999 0.037575 0.967029
1520616916.716385841 -0.232921 0.763204 -13.485243 0.023624 -0.245095 0.064105 0.967089
1520616916.766387701 -0.336450 0.573836 -13.828864 0.018341 -0.237475 0.092849 0.966772
1520616916.816389561 -0.494544 0.356131 -14.176132 0.013300 -0.226513 0.120281 0.966461
1520616916.866390705 -0.698798 0.064030 -14.522174 0.008056 -0.213474 0.146708 0.965837
1520616916.916392803 -0.909032 -0.190445 -14.862784 0.004335 -0.200728 0.169861 0.964799
1520616916.965620518 -1.103838 -0.431016 -15.260003 -0.001864 -0.188158 0.177256 0.966009
1520616917.015622377 -1.261615 -0.818716 -15.553877 -0.012574 -0.175577 0.174080 0.968871
1520616917.065623522 -1.435319 -0.980446 -15.876161 -0.021878 -0.164941 0.157763 0.973359
1520616917.115625381 -1.506221 -1.226618 -16.197499 -0.033707 -0.157232 0.136600 0.977488
1520616917.165627718 -1.530723 -1.396779 -16.514384 -0.044413 -0.150888 0.111761 0.981208
1520616917.215628624 -1.556826 -1.548972 -16.825687 -0.054499 -0.146155 0.083634 0.984212
1520616917.265630484 -1.544641 -1.585250 -17.147130 -0.060863 -0.143812 0.054411 0.986232
1520616917.315631628 -1.355453 -1.244073 -17.481407 -0.057820 -0.145068 0.019317 0.987542
1520616917.365025759 -1.059332 -0.649663 -17.820276 -0.048739 -0.148409 -0.025453 0.987396
1520616917.415026665 -0.732539 -0.201017 -18.115858 -0.041405 -0.152516 -0.068020 0.985088
1520616917.465127707 -0.375423 0.056829 -18.422780 -0.038929 -0.156685 -0.105172 0.981261
1520616917.515029669 -0.127201 -0.010516 -18.729581 -0.044297 -0.159247 -0.133052 0.977228
1520616917.565031767 0.055998 -0.306560 -19.036901 -0.056022 -0.161764 -0.158780 0.972359
1520616917.615032911 0.356067 -0.753820 -19.330325 -0.070753 -0.168716 -0.182409 0.966052
1520616917.665034771 0.765279 -1.354741 -19.587720 -0.087388 -0.179519 -0.203091 0.958588
1520616917.715035915 1.316681 -1.787908 -19.814876 -0.099497 -0.193591 -0.222969 0.950215
1520616917.766720533 2.027302 -1.897291 -20.066769 -0.105695 -0.212416 -0.241808 0.940870
1520616917.816721439 2.121200 -1.915722 -20.095810 -0.111805 -0.231063 -0.260445 0.930740
1520616917.866723299 2.121200 -1.915722 -20.095810 -0.111805 -0.231063 -0.260445 0.930740
1520616917.916725397 2.102420 -1.912036 -20.090002 -0.111805 -0.231063 -0.260445 0.930740
1520616917.966726303 0.119445 0.115884 -0.986055 -0.042583 -0.059938 -0.022912 0.997030
1520616918.016728401 0.138829 0.044747 -1.475515 -0.067166 -0.091780 -0.030699 0.993037
1520616918.066729546 0.186243 -0.060813 -1.968481 -0.091747 -0.121277 -0.036724 0.987687
1520616918.116731405 0.294248 -0.185540 -2.439437 -0.114115 -0.149711 -0.043813 0.981145
1520616918.166733265 0.386965 -0.327671 -2.876394 -0.132848 -0.178813 -0.041900 0.973972
1520616918.217488050 0.472294 -0.497932 -3.272278 -0.147718 -0.207259 -0.032537 0.966522
1520616918.267490149 0.656199 -0.585179 -3.620461 -0.156592 -0.238300 -0.018021 0.958315
1520616918.317491293 0.868078 -0.681856 -3.946133 -0.163911 -0.274660 -0.003341 0.947462
1520616918.367493153 1.125124 -0.743991 -4.242149 -0.171143 -0.312455 0.009561 0.934340
1520616918.417495012 1.396655 -0.853243 -4.528214 -0.179264 -0.348631 0.017458 0.919791
1520616918.467496157 1.635905 -0.963182 -4.814588 -0.187025 -0.378276 0.022135 0.906333
1520616918.517498016 1.829623 -1.040062 -5.099922 -0.193722 -0.402235 0.025574 0.894441
1520616918.567499161 1.990515 -1.123256 -5.400854 -0.196145 -0.422644 0.034809 0.884131
1520616918.615232706 2.005306 -1.293204 -5.766743 -0.192014 -0.436900 0.051991 0.877238
1520616918.665235043 2.209430 -1.306927 -6.049148 -0.187769 -0.450297 0.068886 0.870190
1520616918.715236902 2.277549 -1.297896 -6.310715 -0.184286 -0.459588 0.087733 0.864361
1520616918.765237093 2.333207 -1.252105 -6.569934 -0.179455 -0.467581 0.106919 0.858913
1520616918.815238953 2.457184 -1.190584 -6.803590 -0.173509 -0.480904 0.128549 0.849765
1520616918.865239859 2.591437 -1.118105 -7.019520 -0.168332 -0.494490 0.148116 0.839765
1520616918.915241957 2.656646 -1.056285 -7.245020 -0.163888 -0.503610 0.169115 0.831215
1520616918.965242863 2.711178 -0.942487 -7.446813 -0.156947 -0.511200 0.195837 0.822004
1520616919.014601231 2.815608 -0.937413 -7.653889 -0.151777 -0.518456 0.228293 0.809969
1520616919.064603329 2.875086 -0.983553 -7.865639 -0.148381 -0.523259 0.262178 0.797148
1520616919.114684343 2.884107 -1.061194 -8.087121 -0.147671 -0.523950 0.289237 0.787408
1520616919.164606094 2.892994 -1.100305 -8.321969 -0.143901 -0.524146 0.313506 0.778638
1520616919.214607477 2.897108 -1.124800 -8.579777 -0.138440 -0.523781 0.337093 0.769972
1520616919.264609337 2.839559 -1.134469 -8.861115 -0.132301 -0.519808 0.360175 0.763263
1520616919.314610243 2.706438 -1.215992 -9.164690 -0.128749 -0.510486 0.380113 0.760488
1520616919.364612341 2.534381 -1.363837 -9.455506 -0.130427 -0.498386 0.392927 0.761714
1520616919.414170980 2.413566 -1.621602 -9.718899 -0.139323 -0.488085 0.397301 0.764535
1520616919.464172840 2.342391 -1.840766 -9.953380 -0.149670 -0.480155 0.395199 0.768679
1520616919.514174700 2.213522 -2.008956 -10.197773 -0.157829 -0.472780 0.388206 0.775155
1520616919.564175844 2.044548 -2.075236 -10.472895 -0.160409 -0.465929 0.379608 0.782992
1520616919.614177704 1.824701 -2.069877 -10.782261 -0.160959 -0.458179 0.364885 0.794370
1520616919.664178610 1.520278 -1.976373 -11.116860 -0.158875 -0.449001 0.345861 0.808416
1520616919.714180946 1.155968 -1.968655 -11.435430 -0.160368 -0.437472 0.324153 0.823301
1520616919.764182806 0.784647 -2.008067 -11.728794 -0.167621 -0.424746 0.298792 0.837984
1520616919.814201832 0.430051 -2.136065 -12.006958 -0.181939 -0.410582 0.270588 0.851529
1520616919.864203930 0.146474 -2.296493 -12.246393 -0.199246 -0.398476 0.244250 0.861313
1520616919.914204836 0.071666 -2.500234 -12.460784 -0.217876 -0.393525 0.223040 0.864825
1520616919.964206934 -0.004170 -2.693151 -12.654997 -0.236787 -0.388766 0.201230 0.867352
1520616920.014208078 0.067852 -2.845936 -12.859302 -0.255376 -0.389574 0.177880 0.866818
1520616920.064209938 0.312000 -2.984292 -13.074898 -0.272801 -0.396104 0.152918 0.863306
1520616920.114211798 0.785325 -3.060677 -13.289396 -0.288672 -0.410072 0.124034 0.856227
1520616920.164214134 1.388297 -3.179798 -13.473897 -0.303417 -0.428242 0.095269 0.845855
1520616920.214800119 2.107427 -3.434528 -13.612923 -0.319739 -0.448646 0.067376 0.831832
1520616920.264801025 2.956217 -3.712036 -13.664549 -0.332427 -0.473164 0.049151 0.814366
1520616920.314802885 3.792217 -4.043255 -13.642220 -0.344297 -0.498077 0.039219 0.794884
1520616920.364804029 4.606394 -4.382737 -13.549628 -0.353758 -0.522605 0.039363 0.774719
1520616920.414806128 5.527638 -4.644278 -13.371382 -0.359238 -0.550453 0.046454 0.752191
1520616920.464807987 6.596341 -4.819257 -13.073458 -0.360418 -0.582411 0.058261 0.726293
1520616920.514809132 7.644387 -4.836316 -12.717883 -0.357565 -0.614007 0.071955 0.699975
1520616920.564810991 8.770982 -4.601573 -12.295331 -0.348036 -0.647935 0.086332 0.672010
1520616920.614812136 9.721449 -4.282533 -11.913632 0.336985 0.676926 -0.099935 -0.646703
1520616920.664451122 10.341402 -3.984689 -11.715364 0.326276 0.696444 -0.115089 -0.628701
1520616920.714452267 10.803070 -3.577721 -11.665791 0.311523 0.711779 -0.134599 -0.614985
1520616920.764512300 11.030179 -3.191746 -11.796038 0.296756 0.720589 -0.157196 -0.606611
1520616920.814455271 11.034983 -2.944876 -12.095781 0.283817 0.722241 -0.185537 -0.602820
1520616920.864457130 10.835478 -2.852633 -12.532374 0.273905 0.716999 -0.216022 -0.603509
1520616920.914459229 10.573622 -2.695785 -13.019709 0.259843 0.710481 -0.251292 -0.603780
1520616920.964460373 10.235754 -2.519244 -13.567402 0.245579 0.701823 -0.280407 -0.607048
1520616921.014461279 9.774299 -2.371003 -14.180222 0.231454 0.690428 -0.303428 -0.614549
1520616921.064152718 8.981288 -2.272284 -14.942443 0.216796 0.672706 -0.323143 -0.629321
1520616921.114154816 8.017368 -2.252570 -15.720885 0.202828 0.650448 -0.340712 -0.647837
1520616921.164155960 7.061917 -2.246122 -16.411505 -0.187586 -0.628873 0.359671 0.663300
1520616921.214157820 6.246543 -2.292624 -16.975880 -0.175807 -0.610302 0.374225 0.675706
1520616921.264158726 5.490052 -2.453897 -17.458184 -0.168898 -0.592418 0.382893 0.688409
1520616921.314160824 4.747381 -2.673023 -17.897466 -0.165219 -0.574571 0.387590 0.701673
1520616921.364161730 3.933707 -2.940698 -18.304660 -0.164704 -0.555855 0.388034 0.716469
1520616921.414163828 3.232891 -3.180833 -18.642272 -0.167027 -0.539658 0.384665 0.730002
1520616921.463944435 2.624732 -3.665723 -18.914669 -0.173780 -0.523366 0.383187 0.740984
1520616921.513945341 1.950520 -4.060487 -19.136823 -0.182773 -0.505930 0.375394 0.754790
1520616921.563947439 1.292461 -4.345932 -19.348892 -0.192833 -0.490227 0.362764 0.768697
1520616921.613948345 0.788937 -4.556514 -19.539302 -0.204260 -0.478342 0.347080 0.780386
1520616921.663950682 0.422342 -4.709789 -19.717440 -0.215388 -0.469635 0.331269 0.789501
1520616921.713952541 0.004169 -4.923514 -19.871658 -0.227475 -0.459448 0.316551 0.798096
1520616921.763954401 -0.407018 -5.310853 -19.973411 -0.243104 -0.447745 0.303937 0.805014
1520616921.813955545 -0.663415 -6.003407 -19.980881 -0.265800 -0.437354 0.293081 0.807574
1520616921.864132166 -0.564571 -6.767679 -19.961337 -0.294730 -0.433666 0.277832 0.804908
1520616921.914133072 -0.075709 -7.824424 -19.804398 -0.328485 -0.436824 0.266763 0.793801
1520616921.964133978 0.612306 -8.944825 -19.536406 -0.365315 -0.444219 0.253441 0.777806
1520616922.014136076 1.600184 -10.140745 -19.104713 -0.400786 -0.457460 0.244713 0.755127
1520616922.064137936 2.698712 -11.173664 -18.586645 -0.431014 -0.473528 0.237735 0.730397
1520616922.114138842 3.903486 -12.152951 -17.920081 -0.457933 -0.491944 0.233926 0.702543
1520616922.164140940 5.232892 -12.904807 -17.201036 -0.479914 -0.513589 0.228320 0.673631
1520616922.214143038 6.629528 -13.223076 -16.609698 -0.493417 -0.539367 0.216269 0.647187
1520616922.264728308 8.358174 -13.165171 -15.991790 -0.500430 -0.573153 0.195720 0.618675
1520616922.314729214 10.240890 -13.330342 -14.858425 0.510416 0.608926 -0.178814 -0.580267
1520616922.364731312 12.088544 -13.629271 -13.216060 0.522979 0.643168 -0.167419 -0.533665
1520616922.414774179 13.861534 -14.065576 -10.888495 0.540455 0.675900 -0.158687 -0.475274
1520616922.464734316 15.435251 -14.287359 -8.146839 0.555461 0.706559 -0.153734 -0.410613
1520616922.514735460 16.665448 -14.261083 -5.151084 0.567749 0.733713 -0.148745 -0.342346
1520616922.564737320 17.571046 -13.882659 -2.125482 0.573808 0.758898 -0.140678 -0.273912
1520616922.614738226 18.123518 -13.226266 0.693652 0.573164 0.781886 -0.127368 -0.209559
1520616922.664919376 18.352152 -12.387319 3.302847 0.566566 0.803314 -0.107219 -0.148976
1520616922.714921236 18.230036 -11.563235 5.648940 0.557468 0.820417 -0.085972 -0.093560
1520616922.764922142 17.780190 -10.802680 7.848624 0.547524 0.833521 -0.061960 -0.040267
1520616922.814924240 17.009595 -9.968989 10.087104 0.535363 0.843579 -0.038691 0.016257
1520616922.864925146 15.980831 -9.195954 12.073395 0.524688 0.848157 -0.021438 0.069805
1520616922.914927006 14.771164 -8.449479 13.836453 0.514419 0.848933 -0.006796 0.120991
1520616922.964928150 13.550223 -7.706063 15.283047 0.504199 0.847321 0.003360 0.166791
1520616923.014930248 12.338269 -7.010569 16.455304 0.493157 0.844729 0.013216 0.207493
1520616923.064932108 11.044803 -6.249668 17.511943 0.478168 0.842159 0.024599 0.248030
1520616923.114657879 9.766819 -5.553948 18.362382 0.460087 0.840004 0.039194 0.284916
1520616923.164659739 8.646668 -5.086998 18.941300 0.442551 0.838104 0.055831 0.314027
1520616923.214660883 7.538025 -4.746331 19.397673 0.426083 0.835040 0.072495 0.340449
1520616923.264662743 6.305546 -4.717745 19.747817 0.415014 0.827967 0.092531 0.365612
1520616923.314663649 5.105629 -4.954299 19.951226 0.411731 0.817520 0.111830 0.386824
1520616923.364665747 4.183399 -5.119825 20.043591 0.408972 0.809078 0.125799 0.402877
1520616923.414667845 3.482326 -5.066323 20.109806 0.402415 0.804006 0.134709 0.416521
1520616923.464668751 2.913486 -4.988894 20.135875 0.392373 0.801389 0.144542 0.427700
1520616923.515052795 2.356372 -5.119425 20.092957 0.386115 0.797352 0.156604 0.436601
1520616923.565054893 1.803999 -5.409780 19.991419 0.383859 0.791649 0.169811 0.443968
1520616923.615055799 1.182867 -5.582872 19.907519 0.377132 0.786213 0.183520 0.453829
1520616923.665057898 0.485321 -5.505032 19.873765 0.366624 0.780894 0.193088 0.467448
1520616923.715061903 -0.296391 -5.213676 19.870108 0.352914 0.775253 0.198962 0.484611
1520616923.765060902 -1.063874 -4.821800 19.858470 0.336777 0.770248 0.202902 0.502125
1520616923.815062046 -1.798300 -4.454751 19.809245 0.320255 0.765378 0.206969 0.518457
1520616923.865063906 -2.280047 -4.179991 19.738951 0.303463 0.763703 0.211720 0.529001
1520616923.914721251 -2.468091 -4.119536 19.653226 0.291128 0.764549 0.217777 0.532242
1520616923.964723110 -2.444090 -4.263205 19.550418 0.283683 0.766895 0.225305 0.529749
1520616924.014724255 -2.349777 -4.485130 19.439573 0.282722 0.768422 0.231216 0.525486
1520616924.064745188 -2.085893 -4.642416 19.361379 0.282480 0.772371 0.234420 0.518358
1520616924.114727259 -1.451239 -4.533592 19.371037 0.279619 0.782958 0.230367 0.505689
1520616924.164729357 -0.376868 -4.105600 19.445553 0.270256 0.801547 0.220177 0.485805
1520616924.214730263 1.118493 -3.194834 19.519882 0.256612 0.827050 0.197914 0.459313
1520616924.264732122 2.613226 -1.921249 19.473651 0.235377 0.853198 0.170971 0.432920
1520616924.314501286 4.046336 -0.591484 19.248203 0.217955 0.876255 0.139198 0.406566
1520616924.364502192 5.534957 0.527966 18.811661 0.206861 0.896432 0.107859 0.376808
1520616924.414504528 7.020497 1.234788 18.218785 0.206307 0.912177 0.079546 0.345025
1520616924.464505434 8.599253 1.451458 17.457488 0.214007 0.925383 0.057799 0.307453
1520616924.514507294 10.033313 1.313213 16.629716 0.225239 0.935176 0.043633 0.269832
1520616924.564508438 11.220967 0.990127 15.811970 0.241491 0.940492 0.029432 0.237258
1520616924.614510298 12.136769 0.638744 15.069179 0.258588 0.942554 0.014658 0.210971
1520616924.664512157 12.794574 0.086914 14.453013 0.282254 0.940106 -0.000083 0.191139
1520616924.714418888 13.119214 -0.394437 14.088018 0.306729 0.933989 -0.018069 0.182363
1520616924.764421225 13.191194 -0.933348 13.916906 0.335570 0.923701 -0.038185 0.180862
1520616924.814422131 13.083383 -1.591530 13.873002 0.370842 0.908365 -0.061053 0.183362
1520616924.864423990 12.744548 -2.257750 14.009597 0.409108 0.888086 -0.085098 0.191554
1520616924.914425135 12.176167 -2.657773 14.353401 0.439133 0.868121 -0.103717 0.206812
1520616924.964426994 11.366738 -2.845237 14.888596 0.462296 0.848792 -0.114781 0.229476
1520616925.014427900 10.549744 -2.863289 15.398007 0.480247 0.830863 -0.123803 0.252394
1520616925.064429998 9.669229 -2.704899 15.918929 0.491939 0.815049 -0.128585 0.277773
1520616925.114371538 8.892347 -2.424831 16.337502 0.499297 0.801378 -0.133767 0.301002
1520616925.164938688 8.195696 -2.083393 16.659531 0.504267 0.789019 -0.139489 0.322033
1520616925.214939594 7.332285 -1.707666 17.022776 0.508991 0.774860 -0.142089 0.346887
1520616925.264941931 6.455961 -1.181558 17.342438 0.512535 0.758971 -0.147819 0.373391
1520616925.314942837 5.464675 -0.522242 17.637068 0.510902 0.744089 -0.149768 0.403584
1520616925.364943504 4.308184 0.055091 17.888467 0.506591 0.730311 -0.143469 0.435233
1520616925.414945841 3.052755 0.592960 18.068650 0.500779 0.716026 -0.133767 0.467582
1520616925.464947701 1.826952 0.971018 18.153314 0.496100 0.701875 -0.121333 0.496523
1520616925.514948606 0.668463 1.208660 18.156682 0.494547 0.686645 -0.108907 0.521613
1520616925.565721512 -0.708309 1.366021 18.068667 0.496752 0.665286 -0.093106 0.549512
1520616925.615722656 -1.196936 0.920867 18.137452 0.501718 0.661147 -0.076040 0.552614
1520616925.665724754 -2.092177 0.902597 18.030369 0.493067 0.655478 -0.056444 0.569252
1520616925.715725660 -2.869517 1.246134 17.863617 0.475504 0.651716 -0.044594 0.589215
1520616925.765727758 -3.427239 1.321124 17.724925 0.459126 0.652979 -0.029614 0.601618
1520616925.815728664 -4.089872 1.219854 17.556340 0.437580 0.656519 -0.006719 0.614378
1520616925.865730524 -4.632132 1.047055 17.400870 0.420343 0.658909 0.013540 0.623673
1520616925.915732622 -4.928336 1.020959 17.289530 0.403851 0.662931 0.025719 0.629893
1520616925.966017962 -5.123239 0.966785 17.207316 0.378284 0.673138 0.041704 0.634072
1520616926.016020298 -5.325604 0.955831 17.117692 0.342780 0.686469 0.060686 0.638419
1520616926.066021204 -5.667411 0.971024 16.978914 0.302774 0.697027 0.081051 0.644912
1520616926.116023064 -6.004984 1.021014 16.830752 0.265293 0.704615 0.097865 0.650815
1520616926.166024208 -6.240891 1.080688 16.712474 0.240301 0.708577 0.107683 0.654659
1520616926.216026068 -6.403374 1.139957 16.616342 0.223450 0.710792 0.113219 0.657287
1520616926.266027927 -6.639842 0.906136 16.505211 0.211886 0.710219 0.125307 0.659539
1520616926.316029072 -6.799861 0.461753 16.430684 0.206696 0.709494 0.140509 0.658903
1520616926.365901470 -6.945284 0.069150 16.348332 0.206124 0.707241 0.152420 0.658855
1520616926.415902615 -7.088296 0.065695 16.258263 0.209603 0.703394 0.151655 0.662045
1520616926.465904713 -7.333412 0.326770 16.119191 0.213877 0.696697 0.143661 0.669501
1520616926.515905857 -7.826202 0.641518 15.848135 0.216470 0.684462 0.136231 0.682711
1520616926.565907717 -8.220931 0.978142 15.605245 0.225587 0.671790 0.125809 0.694248
1520616926.615908623 -8.689066 1.098929 15.317174 0.233914 0.657676 0.122623 0.705486
1520616926.665910721 -9.445426 1.133221 14.835423 0.234597 0.638664 0.126304 0.721886
1520616926.715912819 -10.408518 1.107456 14.154869 0.227658 0.615671 0.135130 0.742200
1520616926.767682552 -10.486229 1.104670 14.091994 0.220477 0.592021 0.143812 0.761722
1520616926.817684412 -10.486229 1.104670 14.091994 0.220477 0.592021 0.143812 0.761722
1520616926.867686749 -10.470687 1.105227 14.104569 0.220477 0.592021 0.143812 0.761722
1520616926.917687654 -0.367954 -0.103281 -0.924090 0.000831 -0.078749 -0.038728 0.996142
1520616926.967689514 -0.488246 -0.109886 -1.427926 -0.011873 -0.121473 -0.051308 0.991197
1520616927.017690659 -0.545135 -0.132570 -1.958459 -0.027598 -0.162922 -0.062081 0.984297
1520616927.067692518 -0.514249 -0.127654 -2.512225 -0.038423 -0.203251 -0.070002 0.975865
1520616927.117693663 -0.442904 -0.134579 -3.057435 -0.044255 -0.245174 -0.075966 0.965485
1520616927.172907591 -0.421517 -0.137588 -3.155074 -0.050002 -0.286622 -0.081784 0.953236
1520616927.222909451 -0.421517 -0.137588 -3.155074 -0.050002 -0.286622 -0.081784 0.953236
1520616927.272910357 -0.425795 -0.136986 -3.135546 -0.050002 -0.286622 -0.081784 0.953236
1520616927.322912455 0.300735 0.050321 -0.952379 -0.017963 -0.095353 -0.024085 0.994990
1520616927.372913361 0.495817 0.157538 -1.357091 -0.028779 -0.140540 -0.036256 0.988992
1520616927.422914505 0.509861 0.149889 -1.806870 -0.044180 -0.177655 -0.046650 0.981993
1520616927.472916365 0.596570 0.098805 -2.236377 -0.062843 -0.212652 -0.055504 0.973524
1520616927.522918463 0.701819 0.065961 -2.633491 -0.079137 -0.248013 -0.065216 0.963314
1520616927.572919607 0.819041 -0.009867 -3.027850 -0.090115 -0.285685 -0.067010 0.951721
1520616927.622921467 0.967263 -0.024574 -3.395758 -0.097678 -0.318623 -0.070692 0.940182
1520616927.672922373 1.112505 -0.064163 -3.748297 -0.104586 -0.345485 -0.076424 0.929441
1520616927.722924471 1.311358 -0.067037 -4.073860 -0.109254 -0.372089 -0.084065 0.917903
1520616927.772925377 1.497651 -0.135476 -4.381162 -0.116205 -0.400840 -0.092477 0.904031
1520616927.822927475 1.752149 -0.261152 -4.683991 -0.124687 -0.434774 -0.097373 0.886534
1520616927.872929573 2.054441 -0.391449 -4.970132 -0.133301 -0.468147 -0.102250 0.867533
1520616927.922930479 2.383488 -0.561093 -5.221635 -0.144395 -0.499403 -0.110813 0.847034
1520616927.972932339 2.752413 -0.761481 -5.439620 -0.157125 -0.530467 -0.117490 0.824690
1520616928.022933483 3.055304 -0.996097 -5.635956 -0.172365 -0.558130 -0.120144 0.802712
1520616928.072935343 3.387502 -1.214170 -5.804393 -0.184684 -0.584665 -0.118480 0.781039
1520616928.122936487 3.768167 -1.342428 -5.964920 -0.191143 -0.610596 -0.116107 0.759708
1520616928.172938585 4.135149 -1.423071 -6.096523 -0.194798 -0.635346 -0.118363 0.737821
1520616928.222940445 4.463398 -1.488489 -6.214482 -0.197619 -0.659221 -0.122468 0.715106
1520616928.272941589 4.796635 -1.546319 -6.342753 -0.198712 -0.679751 -0.126645 0.694559
1520616928.322943449 5.110979 -1.577265 -6.462215 0.198981 0.698006 0.131808 -0.675145
1520616928.372945309 5.394649 -1.593693 -6.607050 0.199463 0.712816 0.136827 -0.658320
1520616928.418319702 5.645204 -1.570206 -6.671897 0.198347 0.725135 0.139455 -0.644507
1520616928.468320847 5.873292 -1.551708 -6.804837 0.197254 0.735730 0.138379 -0.632964
1520616928.518322706 5.958105 -1.591713 -7.021466 0.197788 0.742585 0.131383 -0.626248
1520616928.568324566 6.036821 -1.567053 -7.256729 0.196562 0.748299 0.119907 -0.622120
1520616928.618325710 6.150480 -1.486505 -7.476210 0.191811 0.755415 0.104512 -0.617766
1520616928.668327570 6.240425 -1.308565 -7.696781 0.182087 0.763067 0.085261 -0.614251
1520616928.718328476 6.321679 -1.216243 -7.899881 0.177039 0.769883 0.070389 -0.609083
1520616928.768330812 6.407945 -1.073807 -8.096936 0.169919 0.777125 0.055179 -0.603456
1520616928.816122532 6.639251 -1.041620 -8.103630 0.164307 0.786418 0.038902 -0.594169
1520616928.866124868 6.710078 -1.019409 -8.295033 0.160646 0.794107 0.022267 -0.585741
1520616928.916126728 6.859968 -0.925945 -8.440683 0.153546 0.803864 0.005353 -0.574629
1520616928.966127634 6.981546 -0.863624 -8.617679 0.146443 0.812229 -0.012697 -0.564514
1520616929.016128778 7.084481 -0.868077 -8.811971 0.141466 0.819049 -0.033780 -0.554982
1520616929.066235542 7.143786 -0.879687 -9.045909 0.136024 0.823750 -0.057963 -0.547334
1520616929.116132498 7.109694 -0.846931 -9.338155 0.127409 0.825551 -0.086521 -0.542905
1520616929.166133642 7.013360 -0.904407 -9.680358 0.121054 0.822746 -0.116732 -0.542963
1520616929.215279818 6.718673 -1.045284 -10.094050 0.116760 0.814418 -0.146879 -0.549106
1520616929.265280724 6.495942 -1.189913 -10.485106 0.110847 0.807101 -0.174871 -0.552920
1520616929.315282583 6.301592 -1.256301 -10.835575 0.104636 0.801423 -0.196286 -0.555198
1520616929.365283728 6.128551 -1.386446 -11.161180 0.102085 0.796356 -0.213173 -0.556734
1520616929.415285826 6.036332 -1.596959 -11.439049 0.102832 0.792995 -0.227028 -0.555916
1520616929.465287685 5.918607 -1.846529 -11.718161 0.104200 0.789256 -0.241093 -0.555060
1520616929.515288830 5.826887 -2.085491 -11.991903 0.104056 0.785326 -0.257011 -0.553517
1520616929.565290689 5.643743 -2.328893 -12.325282 0.102208 0.778802 -0.273513 -0.555168
1520616929.614524364 5.367111 -2.612433 -12.707345 0.100178 0.769881 -0.289059 -0.560082
1520616929.664526224 5.036779 -3.095576 -13.056141 0.101138 0.757999 -0.308360 -0.565794
1520616929.714527607 4.654754 -3.551174 -13.400826 0.101972 0.744449 -0.326961 -0.573144
1520616929.764529467 4.262657 -3.952539 -13.744342 0.101979 0.730727 -0.343056 -0.581336
1520616929.814530611 3.754154 -4.268335 -14.109306 0.099641 0.716467 -0.356363 -0.591398
1520616929.864532471 3.225838 -4.503638 -14.468536 0.094985 0.702400 -0.367758 -0.601969
1520616929.914534330 2.743636 -4.757559 -14.818536 0.088944 0.688898 -0.378563 -0.611718
1520616929.964535475 2.304506 -4.964364 -15.149858 0.079564 0.676489 -0.390606 -0.619241
1520616930.014537573 1.898143 -5.314175 -15.427624 0.069373 0.662237 -0.407486 -0.624968
1520616930.064171791 1.414581 -5.824808 -15.642543 0.058767 0.643652 -0.428328 -0.631501
1520616930.114172697 0.735987 -6.487309 -15.777905 -0.048635 -0.619861 0.449550 0.641336
1520616930.164174795 -0.023237 -7.030684 -15.895046 -0.037991 -0.595834 0.465158 0.653580
1520616930.214175701 -0.895974 -7.436375 -16.012560 -0.028635 -0.572703 0.472718 0.669126
1520616930.264177561 -1.984523 -7.689843 -16.115972 -0.022899 -0.549836 0.469841 0.690222
1520616930.314179897 -3.205869 -7.864339 -16.148000 -0.017324 -0.525163 0.462603 0.714074
1520616930.364180803 -4.649955 -7.959405 -16.035526 -0.008379 -0.495493 0.453894 0.740538
1520616930.414182901 -6.225355 -8.009084 -15.748633 -0.001688 -0.462744 0.442107 0.768379
1520616930.464092970 -7.780955 -7.880145 -15.289801 0.005942 -0.428560 0.429107 0.795090
1520616930.514094114 -9.419153 -7.948168 -14.513783 0.008972 -0.387267 0.416858 0.822298
1520616930.564095974 -10.930984 -8.256710 -13.449863 0.008701 -0.341101 0.409377 0.846159
1520616930.614097834 -12.168758 -8.741242 -12.232540 0.008973 -0.293653 0.409793 0.863572
1520616930.664098978 -13.348286 -9.055683 -10.887536 0.002958 -0.246187 0.404156 0.880932
1520616930.714184046 -14.547236 -9.166605 -9.292591 -0.003231 -0.194055 0.394422 0.898200
1520616930.764102221 -15.638279 -9.097354 -7.470599 -0.006757 -0.137847 0.382751 0.913485
1520616930.814104080 -16.558185 -8.937398 -5.492068 -0.002723 -0.079023 0.372551 0.924637
1520616930.864392042 -17.298488 -8.624750 -3.388976 0.005853 -0.018662 0.360922 0.932391
1520616930.914393902 -17.794294 -8.084935 -1.494400 0.014481 0.033975 0.344331 0.938122
1520616930.964395046 -18.169399 -7.227102 0.133778 0.019819 0.078682 0.319800 0.944004
1520616931.014396906 -18.409696 -6.285989 1.624410 0.024602 0.119506 0.294013 0.947982
1520616931.064398766 -18.509402 -5.383229 2.685615 0.026870 0.149506 0.269354 0.950986
1520616931.114399910 -18.602842 -4.465132 3.236974 0.029482 0.166717 0.244680 0.954708
1520616931.164402008 -18.726084 -3.549486 3.262143 0.033879 0.170432 0.220288 0.959832
1520616931.214402914 -18.910029 -2.429185 3.021048 0.040852 0.167044 0.191736 0.966263
1520616931.265215397 -19.036246 -1.261049 2.414837 0.041568 0.154975 0.162919 0.973505
1520616931.315216541 -19.085699 -0.151098 1.555039 0.028101 0.137909 0.134596 0.980855
1520616931.365218639 -19.080438 0.978399 0.569758 0.006631 0.119539 0.104491 0.987293
1520616931.415219784 -18.969841 1.948072 -0.504256 -0.016878 0.099973 0.076630 0.991891
1520616931.465221643 -18.819671 2.833585 -1.387509 -0.035141 0.085052 0.050553 0.994473
1520616931.515223503 -18.625217 3.334050 -2.312198 -0.048781 0.068184 0.034298 0.995889
1520616931.565224648 -18.402914 3.712190 -3.187781 -0.060991 0.052336 0.020265 0.996559
1520616931.615226507 -18.125127 4.209646 -3.973432 -0.070108 0.038329 0.002935 0.996798
1520616931.666054964 -17.782484 4.644628 -4.815810 -0.077560 0.022324 -0.013239 0.996650
1520616931.716056108 -17.425135 5.175155 -5.568685 -0.083461 0.008677 -0.032237 0.995952
1520616931.766057968 -17.031184 5.617210 -6.392955 -0.090116 -0.007367 -0.049609 0.994668
1520616931.816059828 -16.565490 5.915693 -7.394649 -0.095719 -0.029512 -0.063494 0.992943
1520616931.866060972 -16.020756 6.190649 -8.451212 -0.101273 -0.053905 -0.077493 0.990370
1520616931.916063070 -15.377199 6.611835 -9.449761 -0.104849 -0.077709 -0.095495 0.986838
1520616931.966063976 -14.776321 6.896928 -10.343382 -0.105980 -0.100353 -0.108706 0.983301
1520616932.016065121 -14.247284 7.121410 -11.097169 -0.105671 -0.120174 -0.119190 0.979891
1520616932.066485405 -13.677995 7.104958 -11.957175 -0.104724 -0.144544 -0.122754 0.976254
1520616932.116487503 -13.107924 6.876788 -12.865633 -0.112489 -0.168743 -0.125473 0.971148
1520616932.166488409 -12.261401 6.588318 -13.980395 -0.124495 -0.199368 -0.130871 0.963133
1520616932.216489553 -11.081634 6.098929 -15.308403 -0.138596 -0.239529 -0.134516 0.951484
1520616932.266491413 -9.670582 5.346647 -16.659500 -0.160324 -0.283091 -0.138714 0.935369
1520616932.316493273 -8.132723 4.503288 -17.874659 -0.187256 -0.325070 -0.147879 0.915094
1520616932.366553307 -6.536199 3.538053 -18.900439 -0.218296 -0.363897 -0.160771 0.891111
1520616932.416496277 -4.783615 2.497281 -19.729913 -0.242309 -0.405906 -0.168388 0.864970
1520616932.466497421 -3.047065 1.444301 -20.319776 -0.262666 -0.446303 -0.173444 0.837698
1520616932.516465902 -1.343385 0.473888 -20.681144 -0.279598 -0.483435 -0.178461 0.810103
1520616932.566466808 0.275381 -0.552214 -20.854729 -0.296354 -0.517596 -0.182336 0.781679
1520616932.616468668 1.809953 -1.645374 -20.866526 -0.313985 -0.548839 -0.185765 0.752117
1520616932.666471004 3.042450 -2.736440 -20.745661 -0.331446 -0.574336 -0.185832 0.725084
1520616932.716471910 4.111912 -3.879272 -20.520815 -0.349596 -0.596729 -0.184138 0.698420
1520616932.766473770 5.116727 -4.902123 -20.209205 -0.365654 -0.616969 -0.182981 0.672432
1520616932.816474915 5.890486 -5.921190 -19.869575 -0.381709 -0.633042 -0.179417 0.649127
1520616932.866476774 6.475384 -6.827555 -19.533530 0.397739 0.644650 0.178243 -0.628060
1520616932.915743589 7.195052 -7.617454 -19.120923 0.407521 0.659779 0.172251 -0.607411
1520616932.965745449 7.811005 -8.305297 -18.718713 0.415100 0.673606 0.164484 -0.588975
1520616933.015746355 8.433539 -8.985166 -18.250883 0.424843 0.685910 0.161858 -0.568188
1520616933.065748453 8.983062 -9.870749 -17.651945 0.437322 0.698073 0.154666 -0.545456
1520616933.115750313 9.570747 -10.802611 -16.908611 0.449889 0.711161 0.145125 -0.520374
1520616933.165751219 10.035446 -11.795374 -16.069697 0.464631 0.722155 0.134433 -0.494508
1520616933.215753555 10.617496 -12.671339 -15.103135 0.476368 0.734917 0.123010 -0.466733
1520616933.265754461 11.287596 -13.446045 -14.049792 0.484144 0.749269 0.107539 -0.438903
1520616933.314913273 11.947387 -14.067996 -13.004305 0.488855 0.763390 0.091861 -0.412091
1520616933.364915133 12.443428 -14.240185 -12.323584 0.489794 0.772794 0.087354 -0.394031
1520616933.414917231 12.811645 -14.448061 -11.692606 0.492262 0.780065 0.083791 -0.377036
1520616933.464918375 13.343285 -14.783633 -10.718441 0.494595 0.790714 0.075306 -0.352810
1520616933.514920235 13.994383 -15.104181 -9.452537 0.496260 0.803504 0.067406 -0.321814
1520616933.564921141 14.483544 -15.438484 -8.158695 0.499934 0.813589 0.061867 -0.290364
1520616933.614923239 14.996774 -15.660057 -6.774636 0.501405 0.824119 0.056403 -0.257372
1520616933.664924145 15.369291 -15.814902 -5.452372 0.502595 0.832845 0.051872 -0.226001
1520616933.714437008 15.624279 -15.950328 -4.235759 0.504296 0.839414 0.049923 -0.196412
1520616933.764437914 15.721580 -16.146235 -2.974626 0.508240 0.843704 0.047546 -0.166117
1520616933.814439058 15.669244 -16.354989 -1.815871 0.513502 0.845710 0.043904 -0.138431
1520616933.864441156 15.454011 -16.623443 -0.696835 0.521311 0.845087 0.040606 -0.111418
1520616933.914443016 15.194003 -16.836977 0.516795 0.528434 0.844189 0.036766 -0.082160
1520616933.964444160 14.655996 -17.193580 1.705124 0.540771 0.838846 0.032837 -0.053155
1520616934.014483929 13.935120 -17.554660 3.061455 0.554913 0.831186 0.028287 -0.020030
1520616934.064446926 13.393652 -17.570004 4.636078 0.560871 0.827295 0.025203 0.019270
1520616934.114621401 12.753396 -17.542174 6.086279 0.567237 0.821432 0.019852 0.055661
1520616934.164622545 12.085317 -17.352566 7.622262 0.571119 0.815389 0.011600 0.093968
1520616934.214624405 11.534655 -16.912263 9.093528 0.569071 0.811594 0.004965 0.132092
1520616934.264626503 10.811732 -16.463340 10.485616 0.568515 0.804934 -0.000960 0.169913
1520616934.314627647 9.970092 -15.885451 11.920477 0.567856 0.796041 -0.010750 0.209149
1520616934.364629507 9.054440 -15.222697 13.250970 0.567128 0.785359 -0.021870 0.247181
1520616934.414630413 8.261142 -14.367901 14.504410 0.561200 0.776438 -0.033084 0.284789
1520616934.464632511 7.517448 -13.387349 15.655990 0.550803 0.768828 -0.041576 0.322166
1520616934.514633417 6.541291 -12.390566 16.741043 0.541508 0.757564 -0.048456 0.361272
1520616934.566385984 6.482596 -12.330695 16.795544 0.531244 0.744944 -0.055249 0.399731
1520616934.616386890 6.482596 -12.330695 16.795544 0.531244 0.744944 -0.055249 0.399731
1520616934.666388750 -0.156621 0.165909 -0.973624 -0.031890 -0.033342 0.003502 0.998929
1520616934.716390848 -0.181939 0.327697 -1.942364 -0.066098 -0.067897 0.008343 0.995465
1520616934.766391754 -0.201064 0.373876 -2.941574 -0.102645 -0.104082 0.017438 0.989104
1520616934.816393614 -0.178930 0.288162 -3.940468 -0.137790 -0.138839 0.025046 0.980362
1520616934.866394997 -0.003200 0.130856 -4.919468 -0.170093 -0.171267 0.030301 0.969958
1520616934.916396856 -0.013548 -0.111125 -5.825679 -0.198901 -0.199082 0.039140 0.958787
1520616934.967000246 0.331243 -0.242429 -6.691818 -0.221947 -0.228174 0.053319 0.946485
1520616935.017002344 0.362915 -0.453587 -7.472615 -0.243016 -0.250598 0.069398 0.934520
1520616935.067003489 0.470258 -0.714866 -8.222879 -0.261687 -0.276110 0.089350 0.920489
1520616935.117005348 0.633409 -0.937361 -8.962096 -0.278947 -0.299237 0.104867 0.906448
1520616935.167006493 0.929106 -1.082946 -9.658399 -0.292971 -0.323885 0.124354 0.890956
1520616935.217008352 1.223187 -1.229171 -10.293882 -0.304444 -0.349489 0.148800 0.873516
1520616935.267009258 1.489473 -1.345980 -10.886480 -0.314083 -0.373027 0.174633 0.855398
1520616935.317011356 1.735254 -1.434945 -11.444225 -0.324354 -0.394649 0.198191 0.836521
1520616935.366678238 1.969041 -1.654093 -11.988453 -0.334993 -0.411436 0.223789 0.817569
1520616935.416680098 2.341580 -1.904292 -12.539243 -0.344679 -0.426990 0.249873 0.797771
1520616935.466681242 2.719785 -2.074415 -13.098912 -0.349891 -0.441770 0.278683 0.777658
1520616935.516683340 3.119551 -2.274219 -13.632698 -0.354777 -0.452916 0.305931 0.758555
1520616935.566684246 3.456076 -2.466849 -14.190753 -0.360604 -0.459298 0.330009 0.741690
1520616935.616686344 3.814406 -2.762417 -14.756071 -0.369298 -0.460659 0.351702 0.726442
1520616935.666701317 4.257240 -3.067471 -15.311478 -0.379073 -0.458144 0.372127 0.712692
1520616935.716689110 4.610947 -3.286795 -15.876978 -0.388928 -0.451271 0.391304 0.701406
1520616935.765532970 4.478908 -4.064454 -16.202203 -0.400116 -0.435257 0.413633 0.692363
1520616935.815534830 3.969340 -4.852427 -16.428548 -0.408692 -0.410177 0.432539 0.691111
1520616935.865536690 3.272869 -5.369970 -16.708412 -0.413076 -0.382357 0.444452 0.696874
1520616935.915537834 2.609082 -5.734855 -16.954838 -0.413896 -0.356362 0.450596 0.706158
1520616935.965539932 1.746332 -5.944424 -17.307705 -0.409167 -0.329620 0.451717 0.721030
1520616936.015540838 0.526568 -5.709460 -17.793948 -0.394746 -0.299984 0.447080 0.744516
1520616936.065542936 -0.742504 -5.474352 -18.108512 -0.379111 -0.267473 0.437311 0.770384
1520616936.115543842 -2.042682 -4.931075 -18.484161 -0.357079 -0.237626 0.423417 0.797964
1520616936.165092707 -3.153538 -4.161590 -18.888599 -0.329782 -0.213555 0.409621 0.823316
1520616936.215093613 -3.231151 -4.102116 -18.909553 -0.301773 -0.189023 0.394941 0.846891
1520616936.265095472 -3.231151 -4.102116 -18.909553 -0.301773 -0.189023 0.394941 0.846891
1520616936.315097570 -3.215628 -4.114011 -18.905362 -0.301773 -0.189023 0.394941 0.846891
1520616936.365098476 0.338370 -0.520002 -0.784286 0.031873 0.039126 -0.040691 0.997897
1520616936.415100336 0.471413 -0.736934 -1.217836 0.052600 0.050388 -0.051061 0.996036
1520616936.465101480 0.528065 -0.882611 -1.669512 0.076778 0.057614 -0.052238 0.994011
1520616936.515103579 0.465394 -0.913999 -2.056577 0.102178 0.066372 -0.054336 0.991061
1520616936.570525169 0.447912 -0.916795 -2.154997 0.127503 0.075080 -0.056393 0.987383
1520616936.620527029 0.447912 -0.916795 -2.154997 0.127503 0.075080 -0.056393 0.987383
1520616936.670529127 0.451408 -0.916236 -2.135313 0.127503 0.075080 -0.056393 0.987383
1520616936.720531225 0.454205 -0.915788 -2.119566 0.127503 0.075080 -0.056393 0.987383
1520616936.770532131 0.456443 -0.915430 -2.106968 0.127503 0.075080 -0.056393 0.987383
1520616936.820533991 -0.267171 -0.371715 -0.889071 -0.006053 -0.026186 0.040139 0.998833
1520616936.870535135 -0.361368 -0.375858 -1.085718 -0.006346 -0.034883 0.056103 0.997795
1520616936.920536995 -0.387038 -0.398794 -1.296149 -0.007013 -0.046483 0.070146 0.996428
1520616936.970537901 -0.431779 -0.421984 -1.507419 -0.008438 -0.060591 0.079694 0.994940
1520616937.023215294 -0.483302 -0.367128 -1.753463 -0.008100 -0.078081 0.082517 0.993493
1520616937.073216438 -0.501609 -0.240318 -1.986054 -0.003629 -0.095765 0.083386 0.991899
1520616937.123218536 -0.535640 -0.238911 -2.211538 -0.005729 -0.110476 0.082715 0.990414
1520616937.173219442 -0.568713 -0.215793 -2.413256 -0.008208 -0.123617 0.088257 0.988363
1520616937.223221540 -0.611128 -0.234771 -2.611366 -0.016420 -0.132519 0.097807 0.986206
1520616937.273223400 -0.620955 -0.249878 -2.826254 -0.030531 -0.139367 0.105989 0.984079
1520616937.323225260 -0.650748 -0.298124 -3.033158 -0.050242 -0.142812 0.112986 0.981995
1520616937.373225451 -0.677650 -0.329089 -3.234522 -0.071354 -0.145162 0.114860 0.980124
1520616937.423227310 -0.601357 -0.400851 -3.442735 -0.093862 -0.151769 0.109395 0.977849
1520616937.473229647 -0.515065 -0.444743 -3.644137 -0.109795 -0.157066 0.101859 0.976166
1520616937.523230553 -0.493257 -0.409976 -3.829145 -0.115743 -0.156820 0.090859 0.976604
1520616937.573232412 -0.446809 -0.355922 -4.006182 -0.115175 -0.156590 0.079513 0.977697
1520616937.623233557 -0.414142 -0.274637 -4.191206 -0.110541 -0.158853 0.069078 0.978660
1520616937.673235416 -0.315063 -0.255822 -4.379160 -0.108776 -0.165055 0.055904 0.978672
1520616937.723236322 -0.278223 -0.249587 -4.561667 -0.105942 -0.164676 0.043635 0.979670
1520616937.773238420 -0.285172 -0.215233 -4.745938 -0.101018 -0.159682 0.033369 0.981419
1520616937.823239326 -0.329844 -0.186635 -4.933695 -0.096940 -0.151122 0.024055 0.983456
1520616937.873241425 -0.407290 -0.132614 -5.124862 -0.093525 -0.142830 0.018550 0.985144
1520616937.923243523 -0.486143 -0.162368 -5.310667 -0.097459 -0.133654 0.010959 0.986163
1520616937.973244429 -0.612221 -0.155721 -5.497408 -0.102921 -0.123684 0.002672 0.986966
1520616938.023246288 -0.646582 -0.174475 -5.695940 -0.111300 -0.121036 -0.005723 0.986372
1520616938.073248625 -0.664482 -0.223613 -5.897070 -0.121304 -0.123542 -0.012306 0.984820
1520616938.123249292 -0.634851 -0.249382 -6.107764 -0.130523 -0.130053 -0.020705 0.982660
1520616938.173250675 -0.600317 -0.260693 -6.317987 -0.138296 -0.138830 -0.029270 0.980175
1520616938.223252535 -0.583889 -0.305252 -6.522946 -0.147793 -0.147299 -0.037662 0.977262
1520616938.273254395 -0.616592 -0.374255 -6.717066 -0.159056 -0.153201 -0.045221 0.974262
1520616938.323255539 -0.660420 -0.491099 -6.906007 -0.172459 -0.160989 -0.048339 0.970569
1520616938.373257399 -0.673028 -0.690774 -7.091034 -0.189088 -0.172593 -0.047771 0.965492
1520616938.423259497 -0.596640 -0.961263 -7.264147 -0.207411 -0.190610 -0.041807 0.958593
1520616938.473260641 -0.530125 -1.255426 -7.416111 -0.226295 -0.208162 -0.037991 0.950798
1520616938.523262501 -0.382827 -1.491341 -7.577710 -0.240340 -0.229859 -0.037244 0.942345
1520616938.573263407 -0.029397 -1.642684 -7.747810 -0.244965 -0.263494 -0.031269 0.932515
1520616938.623264551 0.525164 -1.711946 -7.885044 -0.242067 -0.307908 -0.024193 0.919789
1520616938.673266411 1.138498 -1.697008 -7.986762 -0.234475 -0.353664 -0.021923 0.905241
1520616938.723268270 1.744106 -1.451125 -8.063802 -0.217531 -0.396573 -0.026380 0.891468
1520616938.773270607 2.316387 -1.194283 -8.098661 -0.197896 -0.436959 -0.027702 0.877004
1520616938.823271513 2.931887 -0.985877 -8.063699 -0.180984 -0.478600 -0.027639 0.858734
1520616938.873275280 3.585346 -0.930498 -7.949507 -0.173085 -0.519322 -0.028264 0.836389
1520616938.923274517 4.091234 -0.933246 -7.805896 -0.169930 -0.553356 -0.026758 0.814988
1520616938.973276377 4.652512 -0.934460 -7.583655 -0.165961 -0.589724 -0.020065 0.790114
1520616939.023277521 5.176362 -0.855174 -7.318222 -0.159134 -0.623506 -0.014897 0.765307
1520616939.073279381 5.659197 -0.727439 -7.018875 -0.150357 -0.654988 -0.013199 0.740411
1520616939.123280287 6.178554 -0.482768 -6.633257 -0.135766 -0.687287 -0.013400 0.713460
1520616939.173282623 6.658102 -0.260143 -6.202688 0.122384 0.717697 0.013739 -0.685379
1520616939.223283529 7.036526 -0.106865 -5.802664 0.114370 0.742604 0.016430 -0.659688
1520616939.273285389 7.320963 0.013490 -5.470066 0.108199 0.762623 0.013804 -0.637580
1520616939.323286533 7.548076 0.124892 -5.188787 0.103266 0.779642 0.003722 -0.617641
1520616939.373288393 7.726047 0.231756 -4.959203 0.099930 0.794109 -0.013589 -0.599350
1520616939.423289299 7.875798 0.319395 -4.779713 0.099371 0.805937 -0.036057 -0.582486
1520616939.473291636 7.967919 0.400158 -4.712967 0.099492 0.813048 -0.062748 -0.570190
1520616939.523293495 7.993727 0.557297 -4.767360 0.095059 0.815755 -0.089733 -0.563432
1520616939.573294401 7.973436 0.766986 -4.909322 0.087135 0.815225 -0.113759 -0.561137
1520616939.623296499 7.901990 0.845608 -5.166849 0.084706 0.809709 -0.130835 -0.565755
1520616939.673298359 7.845189 0.799332 -5.439207 0.087929 0.802709 -0.138863 -0.573275
1520616939.723299265 7.765321 0.675087 -5.746328 0.093895 0.793950 -0.140277 -0.584080
1520616939.773300409 7.610824 0.566142 -6.127072 0.098376 0.782219 -0.136241 -0.599912
1520616939.823302507 7.418097 0.485600 -6.517856 0.100336 0.769630 -0.133432 -0.616278
1520616939.871281385 7.240749 0.306346 -6.845482 0.107128 0.757194 -0.127148 -0.631675
1520616939.921282291 7.004483 0.110889 -7.216597 0.113743 0.742932 -0.123630 -0.647943
1520616939.971284389 6.808185 -0.149827 -7.522442 0.124153 0.730173 -0.116390 -0.661730
1520616940.021286488 6.596190 -0.384318 -7.812167 0.133516 0.717773 -0.108779 -0.674643
1520616940.071287394 6.413643 -0.586854 -8.053724 0.141535 0.707571 -0.099161 -0.685185
1520616940.121289492 6.298148 -0.638798 -8.238877 0.143420 0.701389 -0.086595 -0.692810
1520616940.171291351 6.223850 -0.608828 -8.394102 -0.142883 -0.697043 0.067127 0.699435
1520616940.221292257 6.069580 -0.510075 -8.595602 -0.140115 -0.689487 0.044136 0.709244
1520616940.268473387 5.926827 -0.441320 -8.774752 -0.139707 -0.681429 0.021348 0.718109
1520616940.318474293 5.883148 -0.248571 -8.900388 -0.133897 -0.678199 0.003232 0.722570
1520616940.368476152 5.858752 -0.079707 -8.995136 -0.126683 -0.677876 -0.005937 0.724155
1520616940.418477297 5.877765 -0.059330 -9.060754 -0.126860 -0.678798 -0.014475 0.723140
1520616940.468478203 5.942906 -0.103228 -9.082746 -0.128044 -0.682851 -0.015619 0.719080
1520616940.518480062 6.075879 -0.231923 -9.060964 -0.133170 -0.689025 -0.017655 0.712179
1520616940.568482399 6.169427 -0.337986 -9.046454 -0.137405 -0.695179 -0.015760 0.705406
1520616940.618483305 6.324973 -0.419242 -8.986247 0.139299 0.704524 0.007350 -0.695836
1520616940.667239189 6.471495 -0.510390 -8.932100 0.140914 0.713268 -0.005754 -0.686556
1520616940.717152119 6.573341 -0.453702 -8.919826 0.136313 0.721515 -0.023204 -0.678451
1520616940.767154217 6.635295 -0.319504 -8.911931 0.125866 0.729765 -0.047155 -0.670356
1520616940.817155123 6.730652 -0.249060 -8.895976 0.120872 0.736999 -0.063351 -0.661974
1520616940.867156982 6.841892 -0.174903 -8.863096 0.115646 0.744762 -0.078927 -0.652477
1520616940.917158127 6.949601 -0.075291 -8.831239 0.109309 0.752273 -0.093382 -0.642975
1520616940.967159986 7.052914 0.024540 -8.807211 0.103100 0.759155 -0.105259 -0.634015
1520616941.017160892 7.154963 0.116662 -8.791780 0.097871 0.765424 -0.113267 -0.625874
1520616941.066149235 7.216375 0.285750 -8.777387 0.090478 0.770921 -0.116561 -0.619603
1520616941.116151333 7.268107 0.330062 -8.805786 0.088759 0.774608 -0.117071 -0.615142
1520616941.166152239 7.349364 0.412523 -8.816580 0.085031 0.779160 -0.120254 -0.609277
1520616941.216154099 7.465260 0.467604 -8.801530 0.083042 0.784379 -0.123830 -0.602096
1520616941.266155243 7.577509 0.439489 -8.802372 0.084970 0.788469 -0.128335 -0.595505
1520616941.316157103 7.657355 0.298119 -8.846145 0.091486 0.790150 -0.133585 -0.591142
1520616941.366159439 7.822121 0.148051 -8.823627 0.098799 0.794215 -0.140238 -0.582919
1520616941.416160345 8.002682 0.011106 -8.793734 0.103631 0.798362 -0.152116 -0.573358
1520616941.466162205 8.094028 -0.100377 -8.850898 0.106309 0.799219 -0.162551 -0.568792
1520616941.515747070 8.081844 -0.307923 -9.009304 0.112785 0.795750 -0.165615 -0.571518
1520616941.565748930 8.007187 -0.592450 -9.228005 0.123889 0.790091 -0.157917 -0.579198
1520616941.615750074 7.918299 -0.784193 -9.456848 0.131222 0.784982 -0.145893 -0.587622
1520616941.665752172 7.769305 -0.864010 -9.733109 0.133471 0.778971 -0.132964 -0.598089
1520616941.715754032 7.523797 -0.821272 -10.077111 0.131178 0.770884 -0.119770 -0.611707
1520616941.765755892 7.197420 -0.678133 -10.473107 0.124209 0.760323 -0.110009 -0.627996
1520616941.815757036 6.810528 -0.527111 -10.879399 0.117280 0.748236 -0.101448 -0.645056
1520616941.865758896 6.386401 -0.475436 -11.278003 0.115726 0.734139 -0.093981 -0.662431
1520616941.916064978 6.049304 -0.589259 -11.600244 0.120277 0.721987 -0.090045 -0.675396
1520616941.966065884 5.672298 -0.709344 -11.910595 0.124621 0.708877 -0.088280 -0.688599
1520616942.016067743 5.280633 -0.742673 -12.209175 -0.125001 -0.696026 0.089248 0.701397
1520616942.066070080 4.762083 -0.739053 -12.538503 -0.123649 -0.679905 0.089192 0.717276
1520616942.116070986 4.034789 -0.614705 -12.909117 -0.118583 -0.658413 0.086252 0.738235
1520616942.166072845 3.204942 -0.377482 -13.252191 -0.109285 -0.634696 0.082925 0.760487
1520616942.216076136 2.294333 -0.121469 -13.546015 -0.100009 -0.608791 0.078383 0.783089
1520616942.266075850 1.378283 0.132430 -13.768500 -0.088407 -0.583319 0.079406 0.803503
1520616942.317450047 0.430582 0.349216 -13.911533 -0.080508 -0.556444 0.079216 0.823173
1520616942.367389917 -0.477358 0.484375 -14.001755 -0.078227 -0.530104 0.076721 0.840823
1520616942.417390823 -1.339592 0.539127 -14.040091 -0.078880 -0.504533 0.074671 0.856533
1520616942.467392921 -2.024575 0.492171 -14.057163 -0.082375 -0.484181 0.074407 0.867898
1520616942.517393827 -2.607940 0.377635 -14.063283 -0.090173 -0.466365 0.072346 0.877005
1520616942.567395926 -3.212708 0.324123 -14.033137 -0.099782 -0.447528 0.065436 0.886273
1520616942.617397070 -3.739808 0.371089 -13.999104 -0.106196 -0.431589 0.058253 0.893902
1520616942.667398930 -4.237739 0.446777 -13.955321 -0.119671 -0.414367 0.041451 0.901255
1520616942.716712475 -4.788461 0.608138 -13.867280 -0.126580 -0.396287 0.029894 0.908867
1520616942.766713381 -5.325855 0.669609 -13.772318 -0.133149 -0.379617 0.024188 0.915192
1520616942.816715479 -5.689375 0.642619 -13.735474 -0.148644 -0.366497 0.012852 0.918379
1520616942.866716385 -5.736058 0.495973 -13.832691 -0.165262 -0.364963 0.004481 0.916226
1520616942.916718245 -5.070924 0.081765 -14.183640 -0.182085 -0.388365 0.003583 0.903330
1520616942.966719389 -3.890293 -0.553693 -14.631608 -0.190278 -0.430356 0.019240 0.882166
1520616943.016721487 -2.524070 -1.144854 -14.988380 -0.195122 -0.475438 0.037233 0.857030
1520616943.066723347 -1.138617 -1.528388 -15.209272 -0.196110 -0.518050 0.051164 0.830992
1520616943.117306709 0.251654 -1.761515 -15.322414 -0.192986 -0.559045 0.063192 0.803886
1520616943.167308807 1.581016 -1.858026 -15.310015 -0.189392 -0.596323 0.069971 0.776939
1520616943.217309713 3.031551 -1.836720 -15.178790 -0.180323 -0.635961 0.080556 0.746021
1520616943.267311573 4.717812 -1.699100 -14.853623 -0.170962 -0.679421 0.087479 0.708171
1520616943.317313910 6.256800 -1.503809 -14.385648 0.163909 0.717866 -0.088781 -0.670761
1520616943.367315769 7.741949 -1.343657 -13.746273 0.158287 0.754075 -0.090946 -0.630908
1520616943.417316675 9.071756 -1.186011 -13.004761 0.152289 0.786113 -0.097273 -0.591078
1520616943.467318773 10.290921 -1.018771 -12.164134 0.146234 0.815019 -0.107711 -0.550235
1520616943.516673803 11.388688 -0.681153 -11.239493 0.134663 0.841410 -0.124672 -0.508283
1520616943.566674948 12.167351 -0.348250 -10.481608 0.123893 0.860023 -0.141587 -0.474304
1520616943.616675854 12.704304 0.194374 -9.903428 0.107214 0.874048 -0.156017 -0.447441
1520616943.666677713 12.969289 0.784221 -9.601608 0.089143 0.882470 -0.165375 -0.431221
1520616943.716678858 12.944263 1.300582 -9.663415 0.071787 0.884241 -0.171550 -0.428410
1520616943.766680717 12.712790 1.896162 -9.950224 0.049649 0.881895 -0.181793 -0.432144
1520616943.816681623 12.306852 2.520266 -10.393683 0.023727 0.875818 -0.198688 -0.439206
1520616943.866683960 11.692101 3.104718 -11.004596 -0.005882 0.864659 -0.225145 -0.449043
1520616943.916684866 10.902528 3.567802 -11.731362 -0.036433 0.848465 -0.257300 -0.461061
1520616943.965534925 10.829250 3.599852 -11.791387 -0.066898 0.830256 -0.288844 -0.471984
1520616944.015502930 10.829250 3.599852 -11.791387 -0.066898 0.830256 -0.288844 -0.471984
1520616944.065505028 10.843905 3.593442 -11.779382 -0.066898 0.830256 -0.288844 -0.471984
1520616944.115505934 10.843905 3.593442 -11.779382 -0.066898 0.830256 -0.288844 -0.471984
1520616944.165507793 10.855630 3.588314 -11.769778 -0.066898 0.830256 -0.288844 -0.471984
1520616944.215508938 10.855630 3.588314 -11.769778 -0.066898 0.830256 -0.288844 -0.471984
1520616944.265510798 10.865010 3.584211 -11.762095 -0.066898 0.830256 -0.288844 -0.471984
1520616944.315512896 0.273650 -0.093935 -0.957231 -0.023355 0.085615 -0.015284 0.995937
1520616944.365164280 0.300066 -0.207090 -1.455808 -0.037854 0.119216 -0.028329 0.991742
1520616944.415166378 0.253200 -0.336586 -1.962401 -0.051727 0.150987 -0.054103 0.985698
1520616944.465167284 0.145377 -0.513197 -2.466496 -0.064974 0.176530 -0.087837 0.978213
1520616944.515169382 -0.051059 -0.671556 -2.956487 -0.073410 0.200137 -0.129173 0.968437
1520616944.565170527 -0.345861 -0.733065 -3.416744 -0.073724 0.225352 -0.173454 0.955874
1520616944.615172386 -0.675209 -0.735533 -3.848388 -0.070555 0.247411 -0.219359 0.941112
1520616944.665174246 -1.004194 -0.721120 -4.258172 -0.067936 0.260625 -0.264754 0.925940
1520616944.715175390 -1.314755 -0.711278 -4.655806 -0.066297 0.265041 -0.311125 0.910252
1520616944.766013861 -1.376628 -0.705065 -4.734120 -0.064497 0.268816 -0.356743 0.892363
1520616944.816014767 -1.376628 -0.705065 -4.734120 -0.064497 0.268816 -0.356743 0.892363
1520616944.866017103 -0.470986 -0.110573 -0.875183 -0.019019 -0.017081 -0.040932 0.998835
1520616944.916018963 -1.054515 -0.240027 -1.751286 -0.036449 -0.035843 -0.080740 0.995423
1520616944.966019869 -1.556698 -0.303803 -2.725676 -0.048107 -0.059946 -0.115661 0.990310
1520616945.016021967 -1.905708 -0.273703 -3.692267 -0.052987 -0.089857 -0.145819 0.983796
1520616945.066023827 -2.076272 -0.175006 -4.732330 -0.055283 -0.124309 -0.174571 0.975200
1520616945.116024733 -2.113374 0.045255 -5.821331 -0.058479 -0.159558 -0.199894 0.964968
1520616945.167651892 -2.108593 0.063719 -5.919495 -0.061557 -0.194487 -0.224817 0.952808
1520616945.217653751 -2.108593 0.063719 -5.919495 -0.061557 -0.194487 -0.224817 0.952808
1520616945.267654657 -2.109549 0.060026 -5.899863 -0.061557 -0.194487 -0.224817 0.952808
1520616945.317655802 -2.109549 0.060026 -5.899863 -0.061557 -0.194487 -0.224817 0.952808
1520616945.367658854 -2.110314 0.057072 -5.884156 -0.061557 -0.194487 -0.224817 0.952808
1520616945.417658567 -2.110314 0.057072 -5.884156 -0.061557 -0.194487 -0.224817 0.952808
1520616945.467660904 -2.110926 0.054709 -5.871591 -0.061557 -0.194487 -0.224817 0.952808
1520616945.517661810 -2.111415 0.052818 -5.861539 -0.061557 -0.194487 -0.224817 0.952808
1520616945.572168112 -2.111415 0.052818 -5.861539 -0.061557 -0.194487 -0.224817 0.952808
1520616945.622176170 -2.111807 0.051305 -5.853498 -0.061557 -0.194487 -0.224817 0.952808
1520616945.672171116 0.278216 -0.140660 -0.950163 -0.047078 -0.055220 0.066192 0.995165
1520616945.722172260 0.491758 -0.212663 -1.362492 -0.072259 -0.075512 0.104302 0.989039
1520616945.772174120 0.724963 -0.280624 -1.740287 -0.092839 -0.090325 0.142546 0.981276
1520616945.822175264 0.974367 -0.335340 -2.109792 -0.107800 -0.099476 0.181252 0.972436
1520616945.872177124 1.203335 -0.440765 -2.487299 -0.119375 -0.099053 0.221366 0.962775
1520616945.922178984 1.472505 -0.476768 -2.844679 -0.122469 -0.090705 0.252093 0.955627
1520616945.972037554 1.628551 -0.527209 -3.278308 -0.121077 -0.072578 0.282429 0.948845
1520616946.023311377 1.718349 -0.546577 -3.794211 -0.117025 -0.047294 0.314022 0.940988
1520616946.073312283 1.765635 -0.584926 -4.199792 -0.115090 -0.020956 0.346603 0.930689
1520616946.123314381 1.771765 -0.599079 -4.622364 -0.115628 0.008234 0.382160 0.916797
1520616946.173315287 1.727861 -0.685594 -5.049661 -0.118986 0.040726 0.411315 0.902776
1520616946.223317146 1.618782 -0.835376 -5.464909 -0.123619 0.073986 0.433440 0.889592
1520616946.273319483 1.488937 -0.912881 -5.866875 -0.124016 0.106542 0.453441 0.876162
1520616946.323320389 1.161420 -0.977597 -6.306890 -0.115662 0.146823 0.471253 0.861966
1520616946.373322248 0.789079 -1.040927 -6.694588 -0.100859 0.189433 0.481065 0.850011
1520616946.423508406 0.320184 -1.180766 -7.038468 -0.083833 0.233835 0.481587 0.840456
1520616946.473510504 -0.174561 -1.347664 -7.338141 -0.068914 0.275961 0.477725 0.831189
1520616946.523511648 -0.624914 -1.568768 -7.596632 -0.058480 0.313575 0.468653 0.823781
1520616946.573513508 -1.128642 -1.803434 -7.816822 -0.047390 0.350631 0.450803 0.819505
1520616946.623515368 -1.627316 -2.043663 -8.015476 -0.039317 0.382877 0.428862 0.817274
1520616946.673517466 -2.118385 -2.259615 -8.193403 -0.032110 0.411461 0.403940 0.816395
1520616946.723518372 -2.629276 -2.409734 -8.355739 -0.023020 0.435923 0.374210 0.818174
1520616946.773519278 -3.226617 -2.412825 -8.501938 -0.007610 0.459567 0.342158 0.819554
1520616946.823521614 -3.821479 -2.322035 -8.640641 0.010704 0.478716 0.311416 0.820815
1520616946.873523474 -4.342387 -2.089622 -8.821852 0.032420 0.491142 0.280731 0.823965
1520616946.923524380 -4.838252 -1.749756 -9.004745 0.057004 0.500056 0.251556 0.826689
1520616946.973526478 -5.240758 -1.357879 -9.218379 0.081415 0.504269 0.222823 0.830322
1520616947.023527384 -5.540818 -0.975571 -9.490814 0.102165 0.504131 0.197027 0.834622
1520616947.073529243 -5.802880 -0.648085 -9.787452 0.121121 0.501947 0.164620 0.840404
1520616947.123530388 -5.978966 -0.294000 -10.147759 0.137847 0.495599 0.128465 0.847866
1520616947.173532486 -5.983407 -0.104527 -10.604111 0.145790 0.483602 0.093080 0.858027
1520616947.223534346 -5.839812 -0.094524 -11.179158 0.145031 0.465925 0.059338 0.870838
1520616947.273535490 -5.582793 -0.242386 -11.794588 0.138550 0.444537 0.032666 0.884378
1520616947.323536396 -5.152566 -0.355489 -12.437865 0.132821 0.419282 0.016573 0.897934
1520616947.373538494 -4.458655 -0.394585 -13.115915 0.130365 0.387553 0.009797 0.912530
1520616947.423539400 -3.516855 -0.319915 -13.793469 0.133030 0.349027 0.003707 0.927615
1520616947.473541260 -2.537234 -0.175863 -14.392840 0.138695 0.309005 0.000512 0.940893
1520616947.523543596 -1.367973 -0.048655 -14.904435 0.144421 0.265974 -0.000232 0.953100
1520616947.573544502 -0.170867 -0.143516 -15.313671 0.144890 0.223276 -0.001022 0.963926
1520616947.621969700 1.026115 -0.260217 -15.634925 0.141978 0.182836 0.000942 0.972837
1520616947.671970606 2.123078 -0.675656 -15.865118 0.129703 0.145976 0.003591 0.980742
1520616947.721972704 3.233647 -1.206452 -15.993141 0.111475 0.111344 0.012689 0.987428
1520616947.771973610 4.308300 -1.759561 -16.042418 0.089590 0.080673 0.027622 0.992322
1520616947.821975470 5.446595 -2.175943 -15.976231 0.068605 0.049985 0.047354 0.995265
1520616947.871977806 6.707935 -2.427588 -15.782483 0.050442 0.017096 0.070293 0.996104
1520616947.921978712 7.833826 -2.464633 -15.563894 0.038298 -0.013059 0.088895 0.995219
1520616947.971980810 8.798928 -2.363439 -15.350703 0.028117 -0.037650 0.110304 0.992786
1520616948.021053553 9.636417 -2.154095 -15.241475 0.017469 -0.055835 0.137453 0.988779
1520616948.071054220 10.313100 -1.892664 -15.176664 0.005892 -0.068580 0.167440 0.983477
1520616948.121055126 10.883746 -1.673599 -15.173706 -0.009188 -0.076676 0.201424 0.976455
1520616948.171057463 11.327463 -1.542789 -15.291878 -0.028258 -0.078654 0.239311 0.967339
1520616948.221059322 11.592966 -1.336112 -15.540146 -0.046570 -0.074522 0.275937 0.957150
1520616948.271061182 11.537466 -1.358897 -16.018935 -0.065225 -0.059497 0.306570 0.947745
1520616948.321062326 11.222998 -1.649988 -16.654018 -0.083301 -0.034960 0.334065 0.938211
1520616948.371063232 10.692750 -1.553785 -17.382799 -0.090128 -0.009909 0.362865 0.927420
1520616948.421172142 9.998604 -1.379961 -18.206858 -0.090442 0.017101 0.393374 0.914760
1520616948.470330477 8.842969 -1.062531 -19.191048 -0.079899 0.049553 0.415909 0.904533
1520616948.520331621 7.169452 -0.949636 -20.167842 -0.062005 0.090305 0.426550 0.897806
1520616948.570333481 5.457952 -0.921389 -20.983265 -0.041137 0.130120 0.425202 0.894751
1520616948.620338440 3.901242 -1.104915 -21.594804 -0.023198 0.165942 0.412975 0.895197
1520616948.670336485 2.655463 -1.383782 -22.047318 -0.010035 0.194245 0.393557 0.898488
1520616948.720337391 1.500469 -1.874687 -22.393786 -0.001459 0.220062 0.366014 0.904215
1520616948.770339251 0.670622 -2.504088 -22.655454 0.001499 0.238803 0.331920 0.912579
1520616948.820340395 0.191743 -3.035398 -22.883618 0.001895 0.248710 0.299330 0.921163
1520616948.867841244 0.091920 -3.319115 -23.047393 0.004853 0.248446 0.263579 0.932082
1520616948.917842150 0.118249 -3.518832 -23.284835 0.010657 0.243079 0.221754 0.944259
1520616948.967948198 0.696041 -3.558776 -23.522300 0.016194 0.224587 0.183435 0.956896
1520616949.017845154 1.693754 -3.745286 -23.684060 0.017515 0.197447 0.148112 0.968902
1520616949.067847252 3.225378 -4.026619 -23.707545 0.013559 0.160083 0.120497 0.979628
1520616949.117849112 5.209535 -4.727754 -23.459288 -0.000481 0.115153 0.100667 0.988234
1520616949.167850256 7.608195 -5.647721 -22.828530 -0.021710 0.061776 0.088056 0.993961
1520616949.217852116 10.134419 -6.497556 -21.838934 -0.041925 0.003627 0.077848 0.996077
1520616949.266531467 12.493708 -6.837496 -20.619161 -0.053969 -0.053719 0.076683 0.994143
1520616949.316533566 15.055806 -6.661901 -19.033375 -0.058747 -0.115727 0.079557 0.988345
1520616949.366534710 17.136965 -6.366524 -17.411097 -0.063642 -0.169406 0.087601 0.979580
1520616949.416536570 18.859998 -5.859738 -15.847226 -0.072556 -0.213252 0.108188 0.968274
1520616949.466538429 20.341364 -5.040059 -14.350243 -0.086606 -0.249144 0.143168 0.953902
1520616949.516539574 21.465205 -3.863408 -13.149311 -0.103657 -0.274346 0.189407 0.937078
1520616949.566541672 22.263821 -2.658884 -12.234307 -0.125923 -0.290258 0.240227 0.917706
1520616949.616542578 22.700284 -1.348044 -11.778534 -0.148398 -0.296013 0.294186 0.896554
1520616949.665871620 22.790494 -0.125474 -11.781545 -0.168252 -0.292760 0.346523 0.875160
1520616949.715872526 22.505261 0.952071 -12.385629 -0.178104 -0.280247 0.391525 0.858166
1520616949.765874624 21.927647 1.633197 -13.441378 -0.178356 -0.260474 0.423316 0.849203
1520616949.815876722 21.068223 2.023583 -14.827265 -0.170092 -0.234585 0.444879 0.847420
1520616949.865877390 20.011095 1.765206 -16.357453 -0.158780 -0.202964 0.449871 0.855109
1520616949.915879726 18.972479 1.075396 -17.706574 -0.147124 -0.172829 0.439556 0.869066
1520616949.965881586 18.097440 -0.020606 -18.731609 -0.138735 -0.147361 0.414752 0.887141
1520616950.015882492 17.480146 -1.345313 -19.352955 -0.132210 -0.131173 0.375591 0.907880
1520616950.065271616 17.115760 -2.351781 -19.646910 -0.121886 -0.126849 0.331536 0.926896
1520616950.115273476 17.239189 -3.166858 -19.517543 -0.109830 -0.137743 0.281240 0.943328
1520616950.165274620 17.751592 -3.985012 -18.979679 -0.101152 -0.159984 0.229969 0.954614
1520616950.215276480 18.504304 -4.927709 -18.090907 -0.100595 -0.187888 0.185892 0.959178
1520616950.265277386 19.428612 -5.972255 -16.834099 -0.107116 -0.221146 0.148667 0.957872
1520616950.315278530 20.451394 -6.982153 -15.228608 -0.116868 -0.259724 0.117479 0.951359
1520616950.365280628 21.574192 -7.470704 -13.417855 -0.122782 -0.302180 0.098621 0.940152
1520616950.415284395 22.626824 -7.561862 -11.559344 -0.125717 -0.343871 0.089370 0.926262
1520616950.465303898 23.670553 -7.059454 -9.697197 -0.123963 -0.384578 0.092712 0.910020
1520616950.515306711 24.669142 -5.771612 -7.968787 -0.116068 -0.421940 0.111434 0.892232
1520616950.565306902 25.433734 -3.782418 -6.718482 -0.103518 -0.449362 0.144980 0.875408
1520616950.615384817 25.887871 -1.058672 -6.002138 -0.087697 -0.466176 0.194578 0.858562
1520616950.665309906 25.960237 2.010183 -5.574224 -0.074883 -0.475979 0.254964 0.838349
1520616950.715311766 25.535802 4.669308 -6.096826 -0.067935 -0.468279 0.315149 0.822667
1520616950.765312672 24.753596 6.880380 -7.311967 -0.062803 -0.448542 0.371579 0.810429
1520616950.815315008 23.745592 8.595401 -8.860517 -0.059362 -0.422512 0.422472 0.799673
1520616950.865315914 22.575788 9.668905 -10.768494 -0.056158 -0.389111 0.464310 0.793634
1520616950.915428638 21.324104 10.175237 -12.818521 -0.053648 -0.351274 0.497775 0.791169
1520616950.965429544 20.027349 10.102248 -14.936432 -0.052656 -0.309432 0.522892 0.792504
1520616951.015431404 18.606105 9.673351 -17.037074 -0.051467 -0.264688 0.542645 0.795505
1520616951.065433502 17.078713 8.784309 -19.106118 -0.050549 -0.216203 0.554218 0.802212
1520616951.115434408 15.288956 7.506104 -21.152898 -0.049469 -0.162232 0.560260 0.810767
1520616951.165436506 13.324785 5.981886 -22.976446 -0.047506 -0.106615 0.559498 0.820572
1520616951.215437651 11.224433 4.567791 -24.454183 -0.041396 -0.053703 0.553176 0.830300
1520616951.265439510 9.205826 3.336988 -25.544799 -0.034794 -0.006800 0.545399 0.837427
1520616951.315726757 7.325805 2.099246 -26.338528 -0.029507 0.035944 0.532425 0.845199
1520616951.365729094 5.707987 1.052142 -26.864467 -0.023939 0.071369 0.514665 0.854080
1520616951.415730953 4.051421 0.115046 -27.248281 -0.016290 0.105296 0.490810 0.864727
1520616951.465731859 2.392118 -0.629854 -27.501753 -0.006772 0.136871 0.463378 0.875500
1520616951.515733957 0.813935 -1.162125 -27.640245 0.003048 0.165094 0.437815 0.883772
1520616951.565734863 -0.587241 -1.735502 -27.679496 0.009927 0.190391 0.407225 0.893208
1520616951.615736723 -1.937663 -2.225625 -27.645816 0.016255 0.213751 0.373835 0.902382
1520616951.665739059 -3.175042 -2.682395 -27.552294 0.020308 0.234808 0.342100 0.909627
1520616951.717198133 -3.270263 -2.710710 -27.540841 0.024331 0.255508 0.309844 0.915489
1520616951.767200232 -3.270263 -2.710710 -27.540841 0.024331 0.255508 0.309844 0.915489
1520616951.817202091 -3.251219 -2.705047 -27.543132 0.024331 0.255508 0.309844 0.915489
1520616951.867202997 -0.236523 0.129042 -0.963019 -0.026129 0.013062 -0.048602 0.998391
1520616951.917204142 -0.385043 0.196038 -1.440267 -0.034294 0.010389 -0.071257 0.996814
1520616951.967206240 -0.501959 0.222190 -1.908036 -0.040295 0.000305 -0.094095 0.994747
1520616952.017208099 -0.590297 0.220884 -2.385029 -0.045162 -0.015739 -0.112833 0.992462
1520616952.067211151 -0.631374 0.134083 -2.871839 -0.052213 -0.037856 -0.124514 0.990120
1520616952.118067980 -0.635793 0.114881 -2.969879 -0.059229 -0.059948 -0.136111 0.987103
1520616952.168070078 -0.635793 0.114881 -2.969879 -0.059229 -0.059948 -0.136111 0.987103
1520616952.218072176 -0.634909 0.118721 -2.950271 -0.059229 -0.059948 -0.136111 0.987103
1520616952.268123150 -0.634202 0.121794 -2.934585 -0.059229 -0.059948 -0.136111 0.987103
1520616952.318075180 -0.634202 0.121794 -2.934585 -0.059229 -0.059948 -0.136111 0.987103
1520616952.368076086 -0.633637 0.124251 -2.922036 -0.059229 -0.059948 -0.136111 0.987103
1520616952.418077946 -0.633184 0.126218 -2.911996 -0.059229 -0.059948 -0.136111 0.987103
1520616952.468079090 -0.633184 0.126218 -2.911996 -0.059229 -0.059948 -0.136111 0.987103
1520616952.516940832 -0.632822 0.127791 -2.903965 -0.059229 -0.059948 -0.136111 0.987103
1520616952.566941977 -0.632822 0.127791 -2.903965 -0.059229 -0.059948 -0.136111 0.987103
1520616952.616943836 -0.632532 0.129049 -2.897540 -0.059229 -0.059948 -0.136111 0.987103
1520616952.666945934 -0.041786 0.005139 -0.999113 -0.033633 -0.077405 -0.005060 0.996419
1520616952.716946840 -0.009445 -0.051080 -1.476751 -0.062433 -0.114391 0.000111 0.991472
1520616952.766948938 0.045161 -0.166567 -1.955763 -0.097034 -0.148503 0.011125 0.984077
1520616952.816950083 0.145239 -0.305407 -2.375532 -0.133138 -0.179792 0.026477 0.974294
1520616952.866951942 0.274062 -0.477205 -2.785418 -0.167658 -0.212769 0.043744 0.961617
1520616952.915787458 0.421100 -0.840000 -3.247695 -0.198564 -0.249744 0.067218 0.945348
1520616952.965788364 0.682182 -1.089018 -3.591440 -0.225297 -0.287314 0.083937 0.927171
1520616953.015789509 0.980796 -1.279217 -3.885720 -0.248573 -0.328139 0.095300 0.906341
1520616953.065791607 1.372203 -1.480090 -4.097432 -0.269770 -0.373515 0.107538 0.880991
1520616953.115793705 1.812903 -1.605654 -4.245210 -0.288251 -0.423294 0.112261 0.851546
1520616953.165794611 2.263167 -1.755220 -4.319066 -0.306376 -0.473114 0.117510 0.817611
1520616953.215796471 2.701909 -1.909947 -4.317871 -0.324590 -0.521380 0.119996 0.780003
1520616953.265798569 3.183714 -2.062492 -4.225580 -0.338998 -0.568668 0.124269 0.739090
1520616953.315800667 3.625491 -2.174969 -4.079299 -0.349762 -0.614031 0.124098 0.696586
1520616953.365205050 3.991314 -2.251300 -3.921051 0.357508 0.655458 -0.118627 -0.654592
1520616953.415205956 4.359199 -2.305613 -3.713224 0.363203 0.693759 -0.112500 -0.611658
1520616953.465208054 4.639430 -2.345312 -3.490843 0.369316 0.726309 -0.106623 -0.569836
1520616953.515209913 4.907955 -2.329232 -3.230333 0.372986 0.757338 -0.102547 -0.526123
1520616953.565210819 5.105971 -2.348188 -2.959322 0.379880 0.782857 -0.098046 -0.482921
1520616953.615213156 5.209484 -2.411357 -2.676774 0.391684 0.803034 -0.091151 -0.439786
1520616953.665214062 5.289854 -2.454658 -2.394215 0.402720 0.821130 -0.087347 -0.394883
1520616953.715215206 5.357029 -2.447804 -2.138221 0.409562 0.838343 -0.084412 -0.349736
1520616953.765325308 5.349694 -2.443152 -1.943995 0.417047 0.851043 -0.078200 -0.309326
1520616953.815323353 5.300863 -2.431027 -1.819371 0.423018 0.861369 -0.070982 -0.272141
1520616953.865325212 5.240275 -2.426728 -1.755689 0.427923 0.869458 -0.064117 -0.238358
1520616953.915348530 5.168154 -2.404168 -1.750199 0.431765 0.875817 -0.058743 -0.207540
1520616953.965328455 5.055879 -2.386012 -1.809459 0.432584 0.881282 -0.058532 -0.181072
1520616954.015330315 4.984434 -2.319382 -1.914213 0.427760 0.887963 -0.062271 -0.157050
1520616954.065331459 4.909233 -2.251629 -2.076838 0.420903 0.894280 -0.066283 -0.136784
1520616954.115333319 4.825684 -2.157381 -2.305515 0.410492 0.900868 -0.070542 -0.122300
1520616954.165450573 4.715483 -2.081576 -2.579395 0.402926 0.905300 -0.073753 -0.112441
1520616954.215452433 4.695051 -2.025902 -2.800532 0.392672 0.911320 -0.078821 -0.095346
1520616954.265454292 4.700244 -2.016373 -2.968734 0.382751 0.916859 -0.085987 -0.074017
1520616954.315455437 4.722997 -2.038981 -3.100693 0.377445 0.920310 -0.090268 -0.049170
1520616954.365457296 4.783926 -2.058651 -3.198571 0.372671 0.923181 -0.091570 -0.021634
1520616954.415458202 4.890340 -2.041818 -3.298208 0.361500 0.927806 -0.092001 0.005521
1520616954.465460539 5.025863 -1.945997 -3.435883 0.344662 0.933985 -0.089828 0.028490
1520616954.515461445 5.185293 -1.844067 -3.621531 0.325388 0.940269 -0.088692 0.046378
1520616954.565722227 5.388709 -1.671464 -3.826010 0.301873 0.947208 -0.088123 0.062476
1520616954.615724087 5.558914 -1.451585 -4.065811 0.271697 0.955178 -0.090419 0.075105
1520616954.665724993 5.714867 -1.158194 -4.336152 0.240746 0.962629 -0.091266 0.084009
1520616954.715727091 5.883775 -0.860110 -4.592398 0.212450 0.968357 -0.092702 0.092497
1520616954.765727997 5.984793 -0.573696 -4.916576 0.185740 0.973337 -0.096377 0.093949
1520616954.815729856 6.034853 -0.319504 -5.295125 0.161266 0.977627 -0.100742 0.089946
1520616954.865732193 5.991523 -0.024831 -5.752050 0.133159 0.982289 -0.105201 0.079436
1520616954.915733099 5.873790 0.243402 -6.269859 0.110196 0.986096 -0.107820 0.062019
1520616954.966292381 5.696442 0.477644 -6.807209 0.091977 0.988922 -0.109398 0.040073
1520616955.016293526 5.404635 0.504265 -7.390428 0.082349 0.990006 -0.113643 0.013827
1520616955.066295624 5.112075 0.513005 -7.952766 0.076294 0.989972 -0.118203 -0.012780
1520616955.116297483 4.774909 0.372429 -8.515886 0.077271 0.988135 -0.126439 -0.040398
1520616955.166298628 4.354249 0.012871 -9.095822 0.092514 0.983336 -0.138767 -0.072351
1520616955.216299534 3.960296 -0.522358 -9.620139 0.118938 0.975606 -0.154524 -0.100846
1520616955.266301394 3.565088 -1.046293 -10.069877 0.149679 0.966186 -0.168877 -0.124745
1520616955.316306353 3.152611 -1.536349 -10.438513 0.181934 0.955700 -0.180077 -0.145291
1520616955.366151571 2.777556 -1.925826 -10.772056 0.212976 0.945827 -0.184139 -0.161697
1520616955.416152716 2.548454 -2.083521 -11.092888 0.245980 0.937013 -0.177031 -0.173669
1520616955.466153622 2.299628 -2.169687 -11.406271 0.283393 0.926636 -0.163250 -0.185429
1520616955.516155720 2.240818 -2.184985 -11.686642 0.320350 0.916888 -0.144845 -0.188976
1520616955.566157818 2.326018 -2.316039 -11.919334 0.357292 0.906597 -0.129309 -0.183583
1520616955.616158724 2.647080 -2.742583 -12.042199 0.387368 0.898847 -0.123700 -0.163459
1520616955.666159868 2.976919 -3.455389 -12.069517 0.415961 0.889857 -0.127428 -0.137450
1520616955.716161728 3.506433 -4.094366 -12.006836 0.439241 0.882860 -0.129270 -0.104478
1520616955.766162634 4.248985 -4.633831 -11.866997 0.459307 0.876959 -0.125905 -0.064249
1520616955.816668272 5.033838 -5.217271 -11.575505 0.480388 0.868598 -0.119777 -0.020437
1520616955.866670132 6.138975 -5.685560 -11.077538 0.495597 0.861101 -0.108720 0.032685
1520616955.916671038 7.364448 -6.001312 -10.324852 0.504247 0.853811 -0.090944 0.092035
1520616955.966673136 8.602640 -6.204677 -9.379796 0.499246 0.849679 -0.072613 0.153382
1520616956.016674042 9.723658 -6.271148 -8.375981 0.495353 0.841202 -0.051535 0.210594
1520616956.066675901 10.744986 -6.138078 -7.349760 0.488889 0.831527 -0.026752 0.262364
1520616956.116677046 11.653793 -5.838157 -6.300474 0.473940 0.823994 -0.003069 0.310492
1520616956.166679144 12.423506 -5.387732 -5.284568 0.451132 0.819256 0.015717 0.353629
1520616956.217821836 12.471765 -5.350178 -5.205443 0.427081 0.812259 0.034459 0.395791
1520616956.267823935 12.471765 -5.350178 -5.205443 0.427081 0.812259 0.034459 0.395791
1520616956.317826033 12.462113 -5.357689 -5.221268 0.427081 0.812259 0.034459 0.395791
1520616956.367827892 0.099884 -0.134468 -0.985871 -0.056317 -0.055682 0.068512 0.994502
1520616956.417828798 0.201290 -0.200876 -1.433488 -0.078891 -0.085160 0.109545 0.987180
1520616956.467829943 0.352391 -0.277306 -1.845993 -0.095826 -0.111936 0.148701 0.977842
1520616956.517832041 0.470835 -0.285595 -2.250589 -0.104009 -0.131173 0.185808 0.968221
1520616956.567833900 0.554252 -0.341597 -2.655857 -0.104577 -0.142448 0.218095 0.959795
1520616956.616280079 0.576815 -0.354256 -2.752453 -0.105016 -0.153547 0.250113 0.950178
1520616956.666282177 0.576815 -0.354256 -2.752453 -0.105016 -0.153547 0.250113 0.950178
1520616956.716284275 0.572302 -0.351724 -2.733134 -0.105016 -0.153547 0.250113 0.950178
1520616956.766286135 -0.063868 -0.231993 -0.970618 0.038544 0.029719 -0.019006 0.998634
1520616956.816287279 -0.125877 -0.238505 -1.442763 0.056107 0.032836 -0.033054 0.997337
1520616956.866288185 -0.199197 -0.181335 -1.931110 0.062076 0.028394 -0.053949 0.996208
1520616956.916289091 -0.270678 -0.102862 -2.431598 0.057553 0.019199 -0.086855 0.994372
1520616956.966292143 -0.289942 0.023500 -2.945642 0.051482 -0.003502 -0.116678 0.991828
1520616957.016060591 -0.178168 -0.007721 -3.443654 0.040541 -0.035673 -0.151153 0.987034
1520616957.066062689 -0.017844 -0.015772 -3.963544 0.031242 -0.077545 -0.181665 0.979800
1520616957.116064548 0.231649 -0.068576 -4.435797 0.024707 -0.123549 -0.217284 0.967943
1520616957.166065693 0.566529 -0.141597 -4.913371 0.022241 -0.168936 -0.255545 0.951663
1520616957.216067553 0.945464 -0.207477 -5.352959 0.026038 -0.212402 -0.290459 0.932653
1520616957.266068459 1.326813 -0.317924 -5.760634 0.030342 -0.253678 -0.314605 0.914194
1520616957.316070557 1.650908 -0.495771 -6.137263 0.031299 -0.291087 -0.327731 0.898265
1520616957.366071463 1.979115 -0.698159 -6.504167 0.027564 -0.326344 -0.334486 0.883662
1520616957.416187763 2.293687 -0.948269 -6.863195 0.021546 -0.359833 -0.332513 0.871488
1520616957.466189861 2.604019 -1.118449 -7.206022 0.018933 -0.393320 -0.323341 0.860460
1520616957.516190767 3.053616 -1.233177 -7.496181 0.025496 -0.430056 -0.307637 0.848388
1520616957.566192627 3.692788 -1.224314 -7.695076 0.038931 -0.469426 -0.285872 0.834506
1520616957.616193771 4.363410 -1.211110 -7.801022 0.049239 -0.507192 -0.265102 0.818568
1520616957.666195631 4.996823 -1.275978 -7.875509 0.053236 -0.541751 -0.242168 0.803135
1520616957.716196775 5.626406 -1.369347 -7.929804 0.054059 -0.574315 -0.209839 0.789435
1520616957.766198874 6.184430 -1.537215 -7.999737 0.048906 -0.601502 -0.171338 0.778747
1520616957.816199780 6.671703 -1.797895 -8.126912 0.039209 -0.621434 -0.122636 0.772815
1520616957.867722511 6.761041 -1.840096 -8.142332 0.029398 -0.639566 -0.073579 0.764642
1520616957.917724371 6.761041 -1.840096 -8.142332 0.029398 -0.639566 -0.073579 0.764642
1520616957.967725515 6.743173 -1.831656 -8.139248 0.029398 -0.639566 -0.073579 0.764642
1520616958.017727375 6.728879 -1.824904 -8.136781 0.029398 -0.639566 -0.073579 0.764642
1520616958.067729473 0.392881 -0.144769 -0.908123 -0.039982 0.022047 0.094118 0.994514
1520616958.117730618 0.515296 -0.096210 -1.209877 -0.029802 0.030373 0.119248 0.991952
1520616958.167732477 0.629040 -0.043617 -1.507200 -0.018105 0.040362 0.134943 0.989865
1520616958.217733383 0.711346 0.006644 -1.800997 -0.008162 0.056666 0.141869 0.988229
1520616958.267894745 0.746773 0.040304 -2.118836 -0.000970 0.080057 0.149485 0.985517
1520616958.317895651 0.688841 0.060011 -2.397949 0.005325 0.108913 0.154711 0.981924
1520616958.367897511 0.661621 0.031831 -2.672719 0.010289 0.133168 0.161775 0.977747
1520616958.417899847 0.636405 0.033878 -2.966495 0.020625 0.153765 0.165954 0.973853
1520616958.467900753 0.544306 0.015880 -3.231219 0.036074 0.175499 0.161510 0.970471
1520616958.517901659 0.437705 0.027793 -3.539850 0.056456 0.198574 0.145331 0.967605
1520616958.567903757 0.345701 0.043194 -3.824643 0.076740 0.220800 0.117778 0.965136
1520616958.617905617 0.173541 0.073335 -4.104776 0.096223 0.245892 0.081802 0.961034
1520616958.668426514 0.022209 0.127330 -4.366359 0.111936 0.266382 0.046229 0.956229
1520616958.718428612 -0.114640 0.142368 -4.622802 0.124787 0.281900 0.006721 0.951270
1520616958.768429518 -0.247820 0.176322 -4.859249 0.137564 0.293941 -0.031882 0.945335
1520616958.818431377 -0.345730 0.183777 -5.105967 0.147149 0.298993 -0.070371 0.940212
1520616958.868432522 -0.364769 0.168547 -5.349392 0.154377 0.297283 -0.105456 0.936307
1520616958.918524742 -0.338969 0.089092 -5.632560 0.158518 0.287484 -0.136633 0.934643
1520616958.968435764 -0.223487 0.023426 -5.913334 0.164250 0.269411 -0.164359 0.934572
1520616959.018437624 0.006814 -0.014345 -6.206520 0.172633 0.242549 -0.188065 0.935948
1520616959.068471909 0.397834 -0.045067 -6.490490 0.183204 0.206599 -0.200692 0.939934
1520616959.118472815 0.892722 -0.042504 -6.725001 0.196018 0.167108 -0.203256 0.944637
1520616959.168474674 1.481185 0.054362 -6.911120 0.211133 0.126135 -0.199166 0.948602
1520616959.218475819 2.119930 0.125236 -7.020729 0.221531 0.082310 -0.186611 0.953585
1520616959.268477678 2.824599 0.115099 -7.059561 0.223207 0.034720 -0.168304 0.959503
1520616959.318478823 3.500084 0.065017 -7.023628 0.215879 -0.010852 -0.140104 0.966255
1520616959.368480682 4.079266 0.064857 -6.981985 0.203164 -0.050322 -0.106517 0.972032
1520616959.418481588 4.538805 0.037187 -6.971597 0.185897 -0.078864 -0.072056 0.976745
1520616959.467776537 4.811941 0.022909 -7.048681 0.170146 -0.092732 -0.040394 0.980214
1520616959.517778635 4.938191 0.115775 -7.193916 0.159593 -0.096000 -0.008662 0.982466
1520616959.567779541 4.958517 0.352605 -7.418154 0.152206 -0.089228 0.030920 0.983827
1520616959.617781401 4.812682 0.532202 -7.732858 0.141251 -0.072407 0.071963 0.984696
1520616959.667782545 4.536388 0.652789 -8.113581 0.127136 -0.048327 0.111606 0.984401
1520616959.717784643 4.145963 0.718652 -8.541837 0.111407 -0.018681 0.149296 0.982319
1520616959.767785549 3.671703 0.684255 -8.947638 0.093154 0.013611 0.187174 0.977805
1520616959.817787647 3.135104 0.545708 -9.341649 0.074871 0.049794 0.216803 0.972065
1520616959.867022991 2.507643 0.243388 -9.720265 0.058057 0.090785 0.233555 0.966354
1520616959.917025089 1.820918 -0.119970 -10.040938 0.043863 0.133299 0.240988 0.960329
1520616959.967025995 1.127604 -0.507780 -10.295095 0.030986 0.174011 0.244849 0.953315
1520616960.017028093 0.389637 -0.927066 -10.487676 0.022702 0.214311 0.233146 0.948261
1520616960.067028999 -0.401445 -1.274040 -10.614102 0.019672 0.253152 0.213643 0.943337
1520616960.117030859 -1.182680 -1.522465 -10.684133 0.021262 0.288098 0.190041 0.938313
1520616960.167033195 -1.927509 -1.660609 -10.719293 0.026227 0.318431 0.161975 0.933637
1520616960.217032909 -2.628970 -1.673759 -10.720726 0.035266 0.343221 0.125447 0.930171
1520616960.267034769 -3.248848 -1.489206 -10.735211 0.050224 0.361611 0.083799 0.927196
1520616960.316322327 -3.635323 -1.199495 -10.779585 0.065806 0.369682 0.046214 0.925672
1520616960.366324425 -3.796234 -0.862367 -10.915698 0.081308 0.369180 0.010647 0.925733
1520616960.416325331 -3.798066 -0.661333 -11.080305 0.091789 0.361802 -0.021565 0.927475
1520616960.466327190 -3.609743 -0.355471 -11.317133 0.106330 0.346849 -0.054267 0.930293
1520616960.516328335 -3.234950 -0.068020 -11.599436 0.121924 0.324885 -0.083813 0.934109
1520616960.566392422 -2.639684 0.244408 -11.905679 0.140274 0.295114 -0.112046 0.938444
1520616960.616331577 -1.889631 0.502506 -12.202960 0.158113 0.260876 -0.135284 0.942678
1520616960.666333437 -1.078263 0.649630 -12.455294 0.172198 0.225116 -0.152381 0.946811
1520616960.717009783 -0.216594 0.615897 -12.664062 0.179505 0.188849 -0.162869 0.951624
1520616960.767011642 0.727736 0.508160 -12.812900 0.182505 0.150895 -0.163365 0.957724
1520616960.817012787 1.674868 0.313124 -12.885634 0.179696 0.113618 -0.152819 0.965115
1520616960.867014647 2.603788 0.139774 -12.885526 0.174601 0.078760 -0.134142 0.972274
1520616960.917015553 3.454044 0.004489 -12.839185 0.166039 0.048861 -0.107146 0.979063
1520616960.967017651 4.182227 -0.092411 -12.776905 0.154737 0.024911 -0.074695 0.984813
1520616961.017018557 4.734617 -0.042037 -12.742824 0.145335 0.008665 -0.041430 0.988477
1520616961.067020655 5.007461 0.020726 -12.792852 0.134589 0.002980 -0.007323 0.990870
1520616961.121177912 5.102082 0.048733 -12.809053 0.123665 -0.002709 0.026794 0.991958
1520616961.171178818 5.102082 0.048733 -12.809053 0.123665 -0.002709 0.026794 0.991958
1520616961.221180677 5.083157 0.043132 -12.805813 0.123665 -0.002709 0.026794 0.991958
1520616961.271181822 5.068018 0.038651 -12.803221 0.123665 -0.002709 0.026794 0.991958
1520616961.321183681 5.055906 0.035066 -12.801147 0.123665 -0.002709 0.026794 0.991958
1520616961.371185780 0.268119 -0.024377 -0.963077 -0.042739 0.041873 0.148864 0.987046
1520616961.421186924 0.252116 0.013630 -1.215394 -0.037840 0.067967 0.181009 0.980400
1520616961.471188784 0.248552 0.042712 -1.465925 -0.031277 0.101688 0.195940 0.974828
1520616961.523094177 -0.124756 0.113810 -1.669600 -0.021216 0.155464 0.191500 0.968870
1520616961.573096514 -0.138983 -0.090192 -1.954560 -0.023045 0.196889 0.166709 0.965874
1520616961.623098373 -0.217535 -0.268232 -2.182934 -0.028162 0.239547 0.138729 0.960510
1520616961.673099279 -0.327646 -0.436176 -2.411136 -0.035549 0.275432 0.102072 0.955225
1520616961.723101377 -0.496860 -0.659105 -2.568507 -0.046803 0.305382 0.060789 0.949134
1520616961.773102283 -0.628925 -0.851004 -2.751465 -0.060107 0.324770 0.022580 0.943611
1520616961.823104143 -0.683385 -0.933121 -2.987881 -0.066672 0.335493 -0.016650 0.939533
1520616961.873105526 -0.801094 -0.965542 -3.201009 -0.063439 0.341841 -0.052871 0.936122
1520616961.923438072 -0.898244 -0.935656 -3.384660 -0.049273 0.344917 -0.085077 0.933470
1520616961.973438978 -0.993308 -0.810868 -3.559261 -0.027224 0.345133 -0.113406 0.931279
1520616962.023441076 -0.993151 -0.660622 -3.754613 -0.003297 0.337208 -0.139943 0.930965
1520616962.073441982 -0.930367 -0.540020 -3.948797 0.017953 0.321034 -0.168976 0.931698
1520616962.123444080 -0.741163 -0.440918 -4.142274 0.036551 0.292100 -0.199037 0.934733
1520616962.173445225 -0.453333 -0.432689 -4.335347 0.048892 0.251691 -0.224334 0.940178
1520616962.223482132 -0.108148 -0.505606 -4.509850 0.055690 0.204509 -0.244506 0.946198
1520616962.273448944 0.300859 -0.607866 -4.641401 0.059419 0.152307 -0.258123 0.952179
1520616962.323450089 0.748251 -0.761301 -4.718873 0.060156 0.097140 -0.266628 0.957003
1520616962.374007463 1.216745 -0.894344 -4.754323 0.061716 0.039337 -0.276025 0.958360
1520616962.424008369 1.749146 -1.015988 -4.715866 0.063665 -0.023435 -0.280156 0.957554
1520616962.474010468 2.291125 -1.152305 -4.597685 0.063091 -0.086401 -0.282461 0.953295
1520616962.524011612 2.823364 -1.327480 -4.386795 0.059218 -0.150110 -0.279993 0.946342
1520616962.574013472 3.369458 -1.471786 -4.071459 0.054191 -0.215656 -0.273360 0.935858
1520616962.624014378 3.805918 -1.605091 -3.712409 0.043845 -0.273033 -0.262356 0.924500
1520616962.674016476 4.210554 -1.674301 -3.361488 0.032932 -0.325938 -0.237595 0.914455
1520616962.724018335 4.574337 -1.606485 -3.033770 0.025951 -0.370468 -0.204089 0.905775
1520616962.770084620 4.641139 -1.585467 -2.962385 0.018886 -0.413801 -0.169924 0.894169
1520616962.820086479 4.641139 -1.585467 -2.962385 0.018886 -0.413801 -0.169924 0.894169
1520616962.870088816 4.627779 -1.589670 -2.976662 0.018886 -0.413801 -0.169924 0.894169
1520616962.920089483 0.082439 -0.258395 -0.962515 -0.056876 -0.025625 0.061362 0.996164
1520616962.970090866 0.178567 -0.396736 -1.397231 -0.081431 -0.032105 0.092175 0.991888
1520616963.020092726 0.252708 -0.444925 -1.807632 -0.097758 -0.036081 0.120095 0.987278
1520616963.070094585 0.279153 -0.517735 -2.195371 -0.107446 -0.038876 0.153951 0.981450
1520616963.120095730 0.340844 -0.507702 -2.566856 -0.109485 -0.037525 0.183799 0.976126
1520616963.166457891 0.356264 -0.504867 -2.665619 -0.111422 -0.036140 0.213478 0.969900
1520616963.216459036 0.356264 -0.504867 -2.665619 -0.111422 -0.036140 0.213478 0.969900
1520616963.266461849 0.353180 -0.505434 -2.645866 -0.111422 -0.036140 0.213478 0.969900
1520616963.316462755 0.350713 -0.505887 -2.630064 -0.111422 -0.036140 0.213478 0.969900
1520616963.366463900 0.055184 -0.004217 -0.998467 0.011301 0.052272 0.022826 0.998308
1520616963.416465998 0.055486 0.015669 -1.343916 0.007523 0.073812 0.010909 0.997184
1520616963.466467857 0.038252 0.023412 -1.700278 -0.001351 0.093011 -0.010102 0.995613
1520616963.516469002 0.005647 -0.004829 -2.062997 -0.013034 0.111103 -0.039777 0.992927
1520616963.565768242 -0.031974 -0.039646 -2.417810 -0.024030 0.127973 -0.072335 0.988844
1520616963.615774155 -0.172013 -0.040982 -2.739487 -0.031259 0.147030 -0.106238 0.982913
1520616963.665771961 -0.258818 0.010625 -3.045088 -0.034193 0.164081 -0.138997 0.976006
1520616963.715773106 -0.361331 0.070848 -3.341399 -0.036027 0.178521 -0.173020 0.967934
1520616963.765775204 -0.419336 0.114739 -3.632022 -0.037777 0.189683 -0.207901 0.958838
1520616963.815776110 -0.522692 0.143884 -3.917328 -0.036605 0.205245 -0.244801 0.946893
1520616963.865787029 -0.641632 0.207626 -4.175827 -0.031097 0.226196 -0.276881 0.933384
1520616963.915779114 -0.837218 0.341536 -4.406149 -0.020757 0.254622 -0.302934 0.918133
1520616963.965762615 -1.150654 0.559573 -4.582628 -0.008868 0.293154 -0.317614 0.901722
1520616964.015763760 -1.521159 0.754157 -4.714258 -0.000422 0.334574 -0.326791 0.883894
1520616964.065765619 -1.981782 0.898896 -4.775522 0.001296 0.378555 -0.328787 0.865213
1520616964.115766525 -2.516463 1.029205 -4.772456 -0.002817 0.425402 -0.326256 0.844146
1520616964.165768623 -3.061096 1.126039 -4.701906 -0.011195 0.472269 -0.313988 0.823558
1520616964.215769529 -3.638870 1.146976 -4.572345 -0.021936 0.515974 -0.291116 0.805320
1520616964.265771627 -4.103312 1.113919 -4.426242 -0.030363 0.554277 -0.268459 0.787264
1520616964.315773726 -4.547031 1.094470 -4.258611 -0.036297 0.588921 -0.245686 0.769086
1520616964.367578268 -4.637228 1.086263 -4.216218 -0.042156 0.622336 -0.222400 0.749305
1520616964.417580605 -4.637228 1.086263 -4.216218 -0.042156 0.622336 -0.222400 0.749305
1520616964.467581511 -4.619189 1.087904 -4.224697 -0.042156 0.622336 -0.222400 0.749305
1520616964.517583370 -4.619189 1.087904 -4.224697 -0.042156 0.622336 -0.222400 0.749305
1520616964.567584515 -4.604757 1.089217 -4.231480 -0.042156 0.622336 -0.222400 0.749305
1520616964.617586374 -4.604757 1.089217 -4.231480 -0.042156 0.622336 -0.222400 0.749305
1520616964.667588234 -4.593212 1.090268 -4.236906 -0.042156 0.622336 -0.222400 0.749305
1520616964.717589617 -4.593212 1.090268 -4.236906 -0.042156 0.622336 -0.222400 0.749305
1520616964.767591476 -4.583976 1.091108 -4.241247 -0.042156 0.622336 -0.222400 0.749305
1520616964.819689035 -4.583976 1.091108 -4.241247 -0.042156 0.622336 -0.222400 0.749305
1520616964.869689941 -4.576587 1.091780 -4.244720 -0.042156 0.622336 -0.222400 0.749305
1520616964.919692039 -4.570676 1.092318 -4.247498 -0.042156 0.622336 -0.222400 0.749305
1520616964.969693899 -4.565947 1.092749 -4.249720 -0.042156 0.622336 -0.222400 0.749305
1520616965.019694805 -4.565947 1.092749 -4.249720 -0.042156 0.622336 -0.222400 0.749305
1520616965.069695950 -4.562163 1.093093 -4.251498 -0.042156 0.622336 -0.222400 0.749305
1520616965.119697809 -4.559137 1.093368 -4.252921 -0.042156 0.622336 -0.222400 0.749305
1520616965.169698715 -4.559137 1.093368 -4.252921 -0.042156 0.622336 -0.222400 0.749305
1520616965.221404314 -4.556716 1.093588 -4.254059 -0.042156 0.622336 -0.222400 0.749305
1520616965.271406651 -4.556716 1.093588 -4.254059 -0.042156 0.622336 -0.222400 0.749305
1520616965.321407557 -4.554779 1.093765 -4.254969 -0.042156 0.622336 -0.222400 0.749305
1520616965.371409416 -4.554779 1.093765 -4.254969 -0.042156 0.622336 -0.222400 0.749305
1520616965.421410561 -4.553229 1.093906 -4.255698 -0.042156 0.622336 -0.222400 0.749305
1520616965.471412420 -4.553229 1.093906 -4.255698 -0.042156 0.622336 -0.222400 0.749305
1520616965.521413565 -4.551989 1.094018 -4.256280 -0.042156 0.622336 -0.222400 0.749305
1520616965.571415663 -4.551989 1.094018 -4.256280 -0.042156 0.622336 -0.222400 0.749305
1520616965.624039173 -4.550998 1.094109 -4.256746 -0.042156 0.622336 -0.222400 0.749305
1520616965.674041271 -4.550998 1.094109 -4.256746 -0.042156 0.622336 -0.222400 0.749305
1520616965.724042177 -4.550204 1.094181 -4.257119 -0.042156 0.622336 -0.222400 0.749305
1520616965.774044275 -4.549570 1.094239 -4.257418 -0.042156 0.622336 -0.222400 0.749305
1520616965.824045420 -4.549062 1.094285 -4.257656 -0.042156 0.622336 -0.222400 0.749305
1520616965.874047279 -4.548656 1.094322 -4.257847 -0.042156 0.622336 -0.222400 0.749305
1520616965.924049139 -4.548656 1.094322 -4.257847 -0.042156 0.622336 -0.222400 0.749305
1520616965.974050283 -4.548331 1.094351 -4.258000 -0.042156 0.622336 -0.222400 0.749305
1520616966.024121284 -4.548071 1.094375 -4.258122 -0.042156 0.622336 -0.222400 0.749305
1520616966.074122429 -4.547863 1.094394 -4.258220 -0.042156 0.622336 -0.222400 0.749305
1520616966.124124527 -0.359767 0.214903 -0.907956 0.001780 -0.028208 -0.067862 0.997294
1520616966.174125671 -0.405881 0.268557 -1.173779 -0.007036 -0.039452 -0.080178 0.995975
1520616966.224127531 -0.502543 0.288670 -1.431325 -0.018794 -0.046375 -0.092329 0.994470
1520616966.274129391 -0.594223 0.311127 -1.698762 -0.030886 -0.058063 -0.099219 0.992890
1520616966.324130535 -0.655878 0.280852 -1.991051 -0.044611 -0.075534 -0.103972 0.990704
1520616966.374132395 -0.648234 0.378098 -2.304086 -0.053052 -0.094996 -0.120458 0.986738
1520616966.424133301 -0.682574 0.428312 -2.610377 -0.063329 -0.109319 -0.141006 0.981915
1520616966.474135637 -0.626690 0.466910 -2.928241 -0.074856 -0.130862 -0.155977 0.976188
1520616966.524137497 -0.570693 0.411962 -3.271312 -0.092184 -0.153228 -0.171811 0.968764
1520616966.574138403 -0.502603 0.356180 -3.637113 -0.107940 -0.178297 -0.183736 0.960625
1520616966.624139547 -0.401203 0.287639 -3.983150 -0.121112 -0.204246 -0.192093 0.952216
1520616966.674142361 -0.313975 0.170422 -4.331497 -0.130807 -0.230181 -0.192544 0.944898
1520616966.724143267 -0.188726 0.055641 -4.665582 -0.135719 -0.256196 -0.190467 0.937905
1520616966.774145603 -0.110352 -0.101457 -4.999544 -0.140200 -0.280554 -0.186700 0.931009
1520616966.823094368 -0.001053 -0.223236 -5.309644 -0.144785 -0.307158 -0.182329 0.922739
1520616966.873099327 0.170016 -0.389409 -5.634764 -0.151183 -0.337659 -0.174026 0.912603
1520616966.923097372 0.313374 -0.641005 -5.936748 -0.161667 -0.365559 -0.163896 0.901869
1520616966.973099232 0.542544 -0.842772 -6.220166 -0.170054 -0.395798 -0.151733 0.889608
1520616967.023100138 0.881103 -1.039854 -6.460944 -0.175943 -0.431734 -0.137683 0.873895
1520616967.073102236 1.321996 -1.237443 -6.676949 -0.182601 -0.470934 -0.127688 0.853566
1520616967.123103142 1.861705 -1.409706 -6.823567 -0.186612 -0.512692 -0.118131 0.829679
1520616967.173105240 2.437987 -1.525125 -6.911389 -0.186746 -0.555230 -0.106188 0.803474
1520616967.223106384 2.978798 -1.663405 -6.941255 -0.186470 -0.594102 -0.095865 0.776583
1520616967.270091057 3.308684 -2.137221 -6.844593 -0.193791 -0.624480 -0.086925 0.751607
1520616967.320091963 3.364535 -2.216760 -6.821049 -0.200787 -0.653809 -0.077839 0.725368
1520616967.370094061 3.364535 -2.216760 -6.821049 -0.200787 -0.653809 -0.077839 0.725368
1520616967.420094967 3.353365 -2.200852 -6.825758 -0.200787 -0.653809 -0.077839 0.725368
1520616967.470096827 3.344429 -2.188126 -6.829525 -0.200787 -0.653809 -0.077839 0.725368
1520616967.520099163 3.344429 -2.188126 -6.829525 -0.200787 -0.653809 -0.077839 0.725368
1520616967.570100069 3.337280 -2.177945 -6.832539 -0.200787 -0.653809 -0.077839 0.725368
1520616967.620101929 3.331561 -2.169800 -6.834949 -0.200787 -0.653809 -0.077839 0.725368
1520616967.668639421 3.326985 -2.163284 -6.836878 -0.200787 -0.653809 -0.077839 0.725368
1520616967.718641520 3.326985 -2.163284 -6.836878 -0.200787 -0.653809 -0.077839 0.725368
1520616967.768642187 3.323325 -2.158071 -6.838421 -0.200787 -0.653809 -0.077839 0.725368
1520616967.818644524 3.320397 -2.153901 -6.839656 -0.200787 -0.653809 -0.077839 0.725368
1520616967.868646383 3.318055 -2.150565 -6.840643 -0.200787 -0.653809 -0.077839 0.725368
1520616967.918647289 3.316181 -2.147896 -6.841433 -0.200787 -0.653809 -0.077839 0.725368
1520616967.968649387 3.316181 -2.147896 -6.841433 -0.200787 -0.653809 -0.077839 0.725368
1520616968.018650293 3.314681 -2.145761 -6.842065 -0.200787 -0.653809 -0.077839 0.725368
1520616968.068082571 3.313482 -2.144053 -6.842571 -0.200787 -0.653809 -0.077839 0.725368
1520616968.118083954 3.312522 -2.142687 -6.842975 -0.200787 -0.653809 -0.077839 0.725368
1520616968.168085814 3.312522 -2.142687 -6.842975 -0.200787 -0.653809 -0.077839 0.725368
1520616968.218087673 3.311755 -2.141593 -6.843299 -0.200787 -0.653809 -0.077839 0.725368
1520616968.268088818 3.311141 -2.140719 -6.843558 -0.200787 -0.653809 -0.077839 0.725368
1520616968.318090677 0.280523 0.092757 -0.955355 -0.027076 0.044042 0.036001 0.998014
1520616968.368092775 0.390309 0.073747 -1.282384 -0.037927 0.063512 0.035303 0.996635
1520616968.418093920 0.454217 0.035515 -1.647097 -0.049516 0.082996 0.041985 0.994433
1520616968.468092203 0.560546 -0.009497 -2.009593 -0.060190 0.103304 0.050077 0.991563
1520616968.518093348 0.608842 -0.086372 -2.363157 -0.074386 0.127714 0.059429 0.987230
1520616968.568095207 0.607667 -0.152194 -2.730247 -0.089966 0.155475 0.069067 0.981307
1520616968.618096113 0.608301 -0.234955 -3.081787 -0.104964 0.183956 0.078685 0.974141
1520616968.668099403 0.543568 -0.302057 -3.405307 -0.117765 0.215841 0.088851 0.965220
1520616968.718099117 0.452919 -0.354999 -3.720309 -0.125957 0.252992 0.094174 0.954600
1520616968.768101215 0.302121 -0.386386 -4.040214 -0.130062 0.291843 0.100469 0.942241
1520616968.818102360 0.100211 -0.388675 -4.355481 -0.129342 0.330166 0.106580 0.928925
1520616968.868913889 -0.105279 -0.356379 -4.687911 -0.127833 0.365971 0.111601 0.915024
1520616968.918832779 -0.347535 -0.358245 -5.023084 -0.131558 0.397532 0.119205 0.900250
1520616968.968834877 -0.626927 -0.407138 -5.341362 -0.140063 0.428610 0.125766 0.883662
1520616969.018836021 -0.839028 -0.563867 -5.629058 -0.152556 0.457588 0.125941 0.866879
1520616969.068837881 -1.000103 -0.791769 -5.896537 -0.167170 0.482175 0.121678 0.851326
1520616969.118839741 -1.210107 -0.960478 -6.150926 -0.179366 0.505889 0.115359 0.835821
1520616969.168840885 -1.478925 -1.063712 -6.386617 -0.184771 0.530257 0.107412 0.820457
1520616969.218842983 -1.794267 -1.071594 -6.593727 -0.185594 0.554404 0.101423 0.804925
1520616969.268844128 -2.087576 -1.119227 -6.781409 -0.185295 0.577519 0.092935 0.789621
1520616969.321067095 -2.290475 -1.180914 -7.097878 -0.185616 0.597243 0.081278 0.776042
1520616969.371068001 -2.549478 -1.039025 -7.369217 -0.181924 0.616946 0.070711 0.762418
1520616969.421069860 -2.822660 -1.073571 -7.654482 -0.175655 0.639057 0.056502 0.746699
1520616969.471071959 -3.132460 -1.106066 -7.938549 -0.168646 0.659948 0.044233 0.730802
1520616969.521072865 -3.447609 -1.181549 -8.239538 -0.164697 0.677848 0.036555 0.715584
1520616969.571074724 -3.833766 -1.257495 -8.496542 -0.160477 0.697590 0.028064 0.697731
1520616969.621077061 -4.261348 -1.325449 -8.726453 -0.159384 0.717238 0.021549 0.678013
1520616969.671077967 -4.672244 -1.508221 -8.919193 -0.164027 0.734528 0.015723 0.658268
1520616969.720777988 -5.158004 -1.670490 -9.027095 -0.168865 0.753252 0.008564 0.635628
1520616969.770780087 -5.766763 -1.787463 -9.045894 -0.173518 0.773682 0.004629 0.609332
1520616969.820782185 -6.449262 -1.865254 -8.955937 -0.176671 0.795491 0.001656 0.579637
1520616969.870784044 -7.137563 -1.919425 -8.803851 -0.179154 0.817035 -0.001550 0.548047
1520616969.920785189 -7.822979 -1.996894 -8.581883 -0.181848 0.837699 -0.005717 0.514935
1520616969.970786095 -8.401831 -2.200598 -8.366910 -0.189678 0.853486 -0.007800 0.485307
1520616970.020787954 -8.813426 -2.439808 -8.265402 -0.199261 0.863723 -0.006704 0.462853
1520616970.070790052 -9.238046 -2.565973 -8.182825 -0.202675 0.873492 -0.007301 0.442584
1520616970.119721651 -9.916317 -2.550688 -7.965909 -0.203864 0.884903 -0.005310 0.418758
1520616970.169722557 -10.306886 -2.626315 -7.903658 -0.205896 0.892671 -0.006650 0.400874
1520616970.219723463 -10.712073 -2.692893 -7.744649 -0.205650 0.901942 -0.012648 0.379538
1520616970.269725800 -11.188448 -2.788457 -7.450404 -0.207951 0.911446 -0.018515 0.354514
1520616970.319726706 -11.632185 -3.001349 -7.058404 -0.214992 0.919856 -0.022962 0.327285
1520616970.369728565 -12.059287 -3.222437 -6.554659 -0.224300 0.927828 -0.025132 0.296972
1520616970.419730663 -12.516601 -3.422844 -5.920890 -0.231757 0.935587 -0.029122 0.264795
1520616970.469731569 -12.960803 -3.510071 -5.195161 -0.235601 0.943455 -0.031087 0.231124
1520616970.519141674 -13.233794 -3.588281 -4.595017 -0.239216 0.949262 -0.028459 0.202156
1520616970.569087505 -13.496244 -3.750634 -3.775545 -0.243665 0.954854 -0.026779 0.167822
1520616970.619088650 -13.721555 -3.877990 -2.757554 -0.248033 0.959933 -0.023381 0.128305
1520616970.669090509 -13.836255 -4.085950 -1.615583 -0.255064 0.962876 -0.019499 0.086207
1520616970.719092369 -13.859181 -4.251067 -0.412742 -0.261587 0.964123 -0.014510 0.042756
1520616970.769093513 -13.808644 -4.375360 0.842577 -0.265863 0.963946 -0.010899 -0.002400
1520616970.819095612 -13.612509 -4.522062 2.166262 -0.271844 0.961082 -0.007493 -0.048636
1520616970.869096756 -13.307209 -4.540554 3.522425 -0.274340 0.956790 -0.005366 -0.096237
1520616970.919779301 -13.276268 -4.539636 3.617514 -0.276207 0.950302 -0.003226 -0.143617
1520616970.969780445 -13.276268 -4.539636 3.617514 -0.276207 0.950302 -0.003226 -0.143617
1520616971.019782305 -13.282456 -4.539819 3.598496 -0.276207 0.950302 -0.003226 -0.143617
1520616971.069784403 -13.282456 -4.539819 3.598496 -0.276207 0.950302 -0.003226 -0.143617
1520616971.119785547 -13.287407 -4.539966 3.583282 -0.276207 0.950302 -0.003226 -0.143617
1520616971.169787407 -13.287407 -4.539966 3.583282 -0.276207 0.950302 -0.003226 -0.143617
1520616971.219788551 -13.291367 -4.540084 3.571110 -0.276207 0.950302 -0.003226 -0.143617
1520616971.269790411 -13.291367 -4.540084 3.571110 -0.276207 0.950302 -0.003226 -0.143617
1520616971.319962978 -13.294536 -4.540178 3.561373 -0.276207 0.950302 -0.003226 -0.143617
1520616971.369965076 -13.294536 -4.540178 3.561373 -0.276207 0.950302 -0.003226 -0.143617
1520616971.419965982 -13.297070 -4.540253 3.553584 -0.276207 0.950302 -0.003226 -0.143617
1520616971.469967842 -13.299098 -4.540313 3.547352 -0.276207 0.950302 -0.003226 -0.143617
1520616971.519969940 -13.299098 -4.540313 3.547352 -0.276207 0.950302 -0.003226 -0.143617
1520616971.569972038 -13.300720 -4.540361 3.542367 -0.276207 0.950302 -0.003226 -0.143617
1520616971.619972944 0.835699 0.324618 -0.442979 -0.011944 0.048616 0.000942 0.998746
1520616971.669975042 1.189744 0.444407 -0.750744 -0.018335 0.070963 0.000226 0.997310
1520616971.719975948 1.498560 0.567964 -1.105145 -0.024949 0.090971 -0.004589 0.995530
1520616971.769199371 1.823865 0.629928 -1.435542 -0.033825 0.107889 -0.010616 0.993531
1520616971.819200516 1.944978 0.627124 -1.777265 -0.045350 0.127180 -0.015781 0.990717
1520616971.869202375 1.981916 0.628995 -2.141958 -0.059899 0.146960 -0.020277 0.987119
1520616971.919203281 2.005304 0.545281 -2.534678 -0.077950 0.166787 -0.027522 0.982522
1520616971.969205618 1.996068 0.475188 -2.915083 -0.095247 0.186953 -0.033652 0.977161
1520616972.019207478 1.871972 0.389393 -3.291590 -0.111821 0.208947 -0.039714 0.970701
1520616972.069208384 1.696112 0.289909 -3.661001 -0.126501 0.229544 -0.049231 0.963786
1520616972.119210482 1.503635 0.216829 -3.998097 -0.139770 0.246985 -0.060223 0.956993
1520616972.170724154 1.215484 0.291888 -4.385365 -0.150142 0.265082 -0.076569 0.949382
1520616972.220695019 1.298899 0.210634 -4.701845 -0.165648 0.272271 -0.089312 0.943638
1520616972.270696878 1.164187 0.136562 -5.011180 -0.176998 0.282079 -0.102123 0.937376
1520616972.320699215 1.106127 0.105995 -5.313437 -0.184283 0.286584 -0.116170 0.932960
1520616972.370700121 1.021637 0.048898 -5.609696 -0.188166 0.287289 -0.134010 0.929570
1520616972.420702219 1.111105 0.006313 -5.890597 -0.187141 0.278543 -0.154524 0.929255
1520616972.470703125 1.220954 0.029851 -6.152263 -0.180671 0.264832 -0.175971 0.930729
1520616972.520704985 1.348247 -0.033162 -6.410077 -0.174717 0.244991 -0.197582 0.932960
1520616972.572062016 1.743764 -0.083100 -6.332837 -0.170832 0.214283 -0.213227 0.937781
1520616972.622064114 2.245651 -0.240377 -6.243171 -0.170320 0.177505 -0.228850 0.941865
1520616972.672065973 2.751985 -0.410027 -6.105791 -0.171219 0.135846 -0.244693 0.944646
1520616972.722066879 3.263823 -0.646880 -5.906664 -0.176475 0.090536 -0.260331 0.944927
1520616972.772069216 3.736653 -0.990299 -5.629144 -0.190467 0.041821 -0.271820 0.942384
1520616972.822070122 4.129313 -1.179394 -5.336979 -0.194552 0.000406 -0.284803 0.938636
1520616972.872071981 4.487425 -1.419781 -5.009668 -0.199601 -0.039987 -0.300600 0.931773
1520616972.922073126 4.842267 -1.606448 -4.639295 -0.201175 -0.082079 -0.313387 0.924435
1520616972.970898628 5.117942 -1.859619 -4.223177 -0.205056 -0.122619 -0.329193 0.913536
1520616973.020899773 5.384278 -2.098365 -3.761062 -0.207895 -0.162859 -0.344247 0.900972
1520616973.070901871 5.588984 -2.324993 -3.300505 -0.211777 -0.200339 -0.357687 0.887172
1520616973.120903730 5.779419 -2.492252 -2.825012 -0.214183 -0.237568 -0.366998 0.873498
1520616973.170905828 5.940647 -2.607609 -2.359220 -0.217773 -0.272914 -0.371428 0.860311
1520616973.220906734 6.037932 -2.685890 -2.007891 -0.226641 -0.299397 -0.369782 0.849857
1520616973.270908833 6.112242 -2.703093 -1.746506 -0.234817 -0.319497 -0.364510 0.842565
1520616973.320909739 6.231208 -2.593620 -1.470431 -0.236546 -0.342372 -0.353272 0.837870
1520616973.369652033 6.320430 -2.488898 -1.244952 -0.234726 -0.360622 -0.345474 0.833969
1520616973.419653177 6.386229 -2.423658 -1.025057 -0.232880 -0.377845 -0.341156 0.828621
1520616973.469655037 6.473962 -2.284330 -0.762754 -0.227951 -0.398677 -0.332924 0.823563
1520616973.519655943 6.550032 -2.132612 -0.491495 -0.223778 -0.419981 -0.323306 0.817932
1520616973.569659233 6.615641 -1.966508 -0.204163 -0.219181 -0.442133 -0.313007 0.811483
1520616973.619660139 6.675290 -1.752482 0.105359 -0.211719 -0.465954 -0.300836 0.804711
1520616973.669661045 6.732349 -1.445142 0.447383 -0.201712 -0.492748 -0.283016 0.797755
1520616973.719662189 6.765877 -1.116191 0.760950 -0.194401 -0.518217 -0.262123 0.790539
1520616973.772500038 6.766858 -1.042025 0.828021 -0.186857 -0.543068 -0.240918 0.782381
1520616973.822505951 6.766858 -1.042025 0.828021 -0.186857 -0.543068 -0.240918 0.782381
1520616973.872503042 6.766662 -1.056858 0.814607 -0.186857 -0.543068 -0.240918 0.782381
1520616973.922504902 6.766505 -1.068724 0.803875 -0.186857 -0.543068 -0.240918 0.782381
1520616973.972506046 6.766505 -1.068724 0.803875 -0.186857 -0.543068 -0.240918 0.782381
1520616974.022508144 6.766379 -1.078218 0.795290 -0.186857 -0.543068 -0.240918 0.782381
1520616974.072509289 6.766279 -1.085812 0.788422 -0.186857 -0.543068 -0.240918 0.782381
1520616974.122511148 6.766198 -1.091888 0.782928 -0.186857 -0.543068 -0.240918 0.782381
1520616974.172512054 6.766134 -1.096749 0.778532 -0.186857 -0.543068 -0.240918 0.782381
1520616974.223019600 6.766134 -1.096749 0.778532 -0.186857 -0.543068 -0.240918 0.782381
1520616974.273021460 6.766083 -1.100637 0.775016 -0.186857 -0.543068 -0.240918 0.782381
1520616974.323022604 6.766041 -1.103748 0.772203 -0.186857 -0.543068 -0.240918 0.782381
1520616974.373024464 0.042678 0.191843 -0.980497 0.024208 0.060676 0.075373 0.995013
1520616974.423025370 -0.020420 0.319697 -1.231027 0.037287 0.091705 0.095377 0.990507
1520616974.473027468 -0.038954 0.401955 -1.454718 0.052538 0.123213 0.107616 0.985128
1520616974.523028374 -0.116281 0.503304 -1.676622 0.070592 0.160243 0.110096 0.978375
1520616974.573030472 -0.141606 0.621511 -1.885358 0.089572 0.197238 0.106870 0.970388
1520616974.623537302 -0.211410 0.757651 -2.119142 0.105883 0.229467 0.107267 0.961576
1520616974.673539400 -0.282143 0.923453 -2.328050 0.118068 0.257804 0.106751 0.952996
1520616974.723541260 -0.380128 1.029311 -2.568486 0.126779 0.289738 0.097326 0.943667
1520616974.773542404 -0.488149 1.067486 -2.844246 0.129872 0.321528 0.082027 0.934358
1520616974.823544264 -0.594819 1.129632 -3.126760 0.129611 0.347794 0.063957 0.926364
1520616974.873546124 -0.750146 1.148577 -3.394157 0.124208 0.372276 0.046127 0.918616
1520616974.923547506 -0.876764 1.156954 -3.683637 0.115739 0.391976 0.024466 0.912338
1520616974.973549366 -1.005437 1.190221 -3.949610 0.111030 0.408721 -0.001323 0.905880
1520616975.024249077 -1.098275 1.310298 -4.226720 0.111782 0.422055 -0.028937 0.899187
1520616975.074250937 -1.177630 1.381345 -4.463484 0.115214 0.431092 -0.057137 0.893096
1520616975.124252081 -1.219532 1.451444 -4.709232 0.120551 0.435990 -0.085314 0.887751
1520616975.174254179 -1.258692 1.506033 -4.928279 0.124222 0.438807 -0.106572 0.883549
1520616975.224256039 -1.313256 1.500255 -5.167897 0.124141 0.441283 -0.127981 0.879477
1520616975.274257183 -1.380100 1.514136 -5.417957 0.123420 0.442820 -0.152678 0.874853
1520616975.324259043 -1.375669 1.442573 -5.709871 0.118768 0.438475 -0.176461 0.873210
1520616975.374260187 -1.377878 1.319314 -6.024508 0.110010 0.430549 -0.197741 0.873741
1520616975.424300909 -1.311631 1.145587 -6.353396 0.098482 0.418294 -0.217132 0.876462
1520616975.474306107 -1.234947 0.997091 -6.676288 0.087506 0.404713 -0.233214 0.879865
1520616975.524303913 -1.094387 0.804435 -6.991796 0.077897 0.387902 -0.243750 0.885466
1520616975.574305058 -0.886969 0.639656 -7.282761 0.071352 0.369034 -0.250559 0.892156
1520616975.624306917 -0.681345 0.581987 -7.542512 0.071497 0.352405 -0.260849 0.895911
1520616975.674307823 -0.459304 0.631537 -7.783288 0.078169 0.336598 -0.275826 0.896946
1520616975.724309921 -0.143751 0.581863 -8.028924 0.084014 0.316076 -0.286904 0.900402
1520616975.774310827 0.229612 0.509462 -8.268787 0.089000 0.293178 -0.296271 0.904627
1520616975.824274063 0.550540 0.399464 -8.484182 0.090311 0.272390 -0.304570 0.908232
1520616975.874276161 0.831333 0.186727 -8.718545 0.086692 0.251867 -0.310174 0.912600
1520616975.924277067 1.173661 -0.106940 -8.934191 0.078560 0.227174 -0.310151 0.919797
1520616975.974279165 1.618918 -0.397285 -9.124902 0.067947 0.198882 -0.304167 0.929146
1520616976.024280071 2.047804 -0.690734 -9.279573 0.056244 0.169875 -0.295826 0.938332
1520616976.074282169 2.637234 -0.957983 -9.345010 0.046463 0.136289 -0.283047 0.948236
1520616976.124283075 3.253174 -1.120014 -9.367486 0.039673 0.103986 -0.267659 0.957064
1520616976.174285173 3.769244 -1.197648 -9.376499 0.032971 0.076867 -0.249690 0.964707
1520616976.222925901 4.311774 -1.255784 -9.307488 0.026062 0.050952 -0.228538 0.971851
1520616976.272927999 4.646669 -1.314915 -9.293404 0.014846 0.034356 -0.204434 0.978165
1520616976.322929859 4.907293 -1.379956 -9.283116 0.002032 0.021583 -0.179510 0.983517
1520616976.372930765 5.108451 -1.378484 -9.326623 -0.009501 0.014178 -0.152776 0.988114
1520616976.422933102 5.115245 -1.300235 -9.475864 -0.017533 0.016438 -0.128984 0.991355
1520616976.472934961 5.032823 -1.217151 -9.680294 -0.025455 0.023987 -0.104716 0.993887
1520616976.522935867 4.871727 -1.202202 -9.927764 -0.034273 0.035683 -0.085470 0.995112
1520616976.572937965 4.622519 -1.188181 -10.197262 -0.043755 0.050827 -0.066547 0.995527
1520616976.622938871 4.367637 -1.166515 -10.455901 -0.053630 0.066110 -0.045647 0.995324
1520616976.671810627 3.979896 -1.170812 -10.738157 -0.063871 0.087343 -0.024178 0.993834
1520616976.721812487 3.432413 -1.178594 -11.046496 -0.069985 0.114489 -0.009073 0.990915
1520616976.771813631 2.793105 -1.184312 -11.340396 -0.072343 0.144703 -0.000937 0.986827
1520616976.821814537 2.133623 -1.193944 -11.596911 -0.073274 0.174562 0.004561 0.981905
1520616976.871816397 1.551375 -1.194006 -11.800765 -0.073574 0.200452 0.011818 0.976866
1520616976.921818733 1.073273 -1.198214 -11.967316 -0.075441 0.221450 0.024093 0.971951
1520616976.971819639 0.619163 -1.277060 -12.093694 -0.081052 0.241153 0.038001 0.966350
1520616977.021821499 0.287248 -1.430146 -12.194433 -0.089891 0.255783 0.053043 0.961083
1520616977.070591927 0.115644 -1.530120 -12.294369 -0.097768 0.263696 0.070921 0.957014
1520616977.120594025 -0.111842 -1.391943 -12.407668 -0.095348 0.272449 0.088801 0.953307
1520616977.170696020 -0.310535 -1.020745 -12.534787 -0.082167 0.278713 0.104339 0.951147
1520616977.220597029 -0.549375 -0.408567 -12.658211 -0.058552 0.284849 0.116140 0.949707
1520616977.270597935 -0.735085 0.245109 -12.746793 -0.031485 0.288786 0.118663 0.949490
1520616977.320600033 -0.863001 0.824743 -12.810052 -0.006307 0.291454 0.113488 0.949808
1520616977.370600939 -0.948235 1.207745 -12.872813 0.012723 0.294286 0.098831 0.950508
1520616977.420602798 -0.947917 1.282850 -12.966533 0.021396 0.295921 0.076412 0.951911
1520616977.469717264 -0.890651 1.162565 -13.086230 0.022894 0.295964 0.049962 0.953617
1520616977.519718409 -0.824691 0.858595 -13.224509 0.018516 0.295203 0.018034 0.955085
1520616977.569720268 -0.729250 0.437543 -13.364469 0.010626 0.292490 -0.016998 0.956059
1520616977.619721413 -0.642946 -0.026386 -13.481267 0.000455 0.288416 -0.047713 0.956315
1520616977.669723511 -0.435189 -0.451772 -13.589205 -0.008775 0.278968 -0.072852 0.957493
1520616977.719724178 -0.063141 -0.709647 -13.687317 -0.012381 0.263842 -0.091452 0.960141
1520616977.769726515 0.366536 -0.800515 -13.773768 -0.009485 0.247046 -0.110191 0.962671
1520616977.819727421 0.899870 -0.900672 -13.838389 -0.006374 0.226721 -0.126138 0.965736
1520616977.868643522 1.388551 -1.031861 -13.869533 -0.005261 0.207529 -0.136629 0.968626
1520616977.918645859 2.018857 -1.211354 -13.870285 -0.005139 0.183225 -0.147059 0.971996
1520616977.968646765 2.762855 -1.421547 -13.813156 -0.006343 0.155149 -0.153853 0.975816
1520616978.018648624 3.519142 -1.631110 -13.708000 -0.006631 0.126204 -0.161440 0.978757
1520616978.068650723 4.240788 -1.870438 -13.563252 -0.005988 0.097741 -0.173145 0.980016
1520616978.118651628 4.979086 -2.191919 -13.354636 -0.008209 0.067703 -0.183196 0.980708
1520616978.168652534 5.790517 -2.531260 -13.054521 -0.011882 0.034351 -0.190144 0.981083
1520616978.218655825 6.537809 -2.977371 -12.686208 -0.017545 0.001254 -0.200456 0.979545
1520616978.267195463 7.317085 -3.218895 -12.264460 -0.017701 -0.032122 -0.206323 0.977796
1520616978.317196369 8.096350 -3.652630 -11.722548 -0.022626 -0.068961 -0.213597 0.974222
1520616978.367198229 8.917883 -3.895516 -11.112532 -0.022571 -0.106911 -0.217303 0.969969
1520616978.417200327 9.665160 -4.088980 -10.472907 -0.021830 -0.142834 -0.218880 0.964994
1520616978.467201233 10.261256 -4.332275 -9.867462 -0.021521 -0.174807 -0.224239 0.958486
1520616978.517203569 10.781468 -4.593629 -9.258339 -0.024065 -0.204615 -0.226846 0.951890
1520616978.567204237 11.220367 -4.876174 -8.655665 -0.029570 -0.232046 -0.227788 0.945195
1520616978.617206335 11.558635 -5.235560 -8.065449 -0.038480 -0.257040 -0.229569 0.937949
1520616978.666617870 11.819512 -5.572783 -7.538312 -0.047081 -0.279001 -0.232609 0.930502
1520616978.716622829 12.019637 -5.882776 -7.040374 -0.056325 -0.298448 -0.233973 0.923587
1520616978.766620636 12.197451 -6.190513 -6.529276 -0.065116 -0.317652 -0.236058 0.916042
1520616978.816694736 12.394453 -6.395626 -6.006544 -0.070750 -0.337351 -0.236716 0.908380
1520616978.866623640 12.581586 -6.513568 -5.544742 -0.074494 -0.354842 -0.235470 0.901716
1520616978.916625738 12.707556 -6.647777 -5.152600 -0.078828 -0.369516 -0.235020 0.895550
1520616978.966626883 12.876067 -6.633598 -4.814459 -0.081156 -0.382553 -0.229780 0.891217
1520616979.016628742 13.086879 -6.508045 -4.474589 -0.081113 -0.395862 -0.221360 0.887532
1520616979.066630602 13.306163 -6.383205 -4.063376 -0.079137 -0.411806 -0.214525 0.882118
1520616979.116288185 13.481477 -6.298067 -3.672379 -0.076794 -0.426940 -0.210140 0.876165
1520616979.166290283 13.596665 -6.234111 -3.374757 -0.073812 -0.438893 -0.208371 0.870923
1520616979.216291428 13.724488 -6.139121 -3.082833 -0.071723 -0.450694 -0.203883 0.866119
1520616979.266293287 13.853860 -6.034490 -2.706189 -0.071435 -0.464394 -0.197625 0.860337
1520616979.316294432 13.957887 -5.962287 -2.333430 -0.073893 -0.477344 -0.190846 0.854553
1520616979.366296291 14.046850 -5.912307 -1.938531 -0.079098 -0.490315 -0.183383 0.848354
1520616979.416297197 14.186048 -5.678899 -1.561286 -0.081444 -0.502930 -0.170632 0.843394
1520616979.466299295 14.306707 -5.443397 -1.175509 -0.080880 -0.516113 -0.160130 0.837523
1520616979.515959978 14.413169 -5.228416 -0.781128 -0.076484 -0.530316 -0.153662 0.830243
1520616979.565960884 14.459233 -5.114000 -0.449637 -0.073097 -0.542317 -0.150039 0.823430
1520616979.615963221 14.492986 -5.002419 -0.200087 -0.068842 -0.551815 -0.147716 0.817888
1520616979.665964127 14.498914 -4.959295 -0.033757 -0.066160 -0.558798 -0.147284 0.813434
1520616979.715965986 14.515184 -4.870492 0.119726 -0.063601 -0.565483 -0.144477 0.809512
1520616979.765968084 14.517548 -4.813065 0.238862 -0.062653 -0.570882 -0.142013 0.806226
1520616979.815969944 14.509354 -4.807510 0.268885 -0.063365 -0.573933 -0.140319 0.804299
1520616979.865970850 14.490311 -4.807531 0.288359 -0.063551 -0.576518 -0.139839 0.802517
1520616979.915788651 14.476849 -4.787075 0.264822 -0.059755 -0.578699 -0.142295 0.800805
1520616979.965790510 14.497012 -4.683715 0.304850 -0.052197 -0.582972 -0.143048 0.798095
1520616980.015792370 14.541982 -4.506049 0.311607 -0.041653 -0.586729 -0.142811 0.796002
1520616980.065794468 14.557375 -4.411904 0.305915 -0.034890 -0.589589 -0.143769 0.794039
1520616980.115795374 14.569267 -4.318098 0.305527 -0.032189 -0.591994 -0.142074 0.792668
1520616980.165799379 14.615607 -4.104578 0.282144 -0.031648 -0.593450 -0.133479 0.793095
1520616980.215798616 14.681480 -3.808206 0.244552 -0.030772 -0.594558 -0.121456 0.794231
1520616980.265799522 14.715598 -3.601702 0.097014 -0.028797 -0.592832 -0.114251 0.796660
1520616980.316151857 14.693448 -3.598328 -0.211889 -0.028340 -0.586877 -0.114146 0.801089
1520616980.366152763 14.676321 -3.571377 -0.485856 -0.024624 -0.582118 -0.115795 0.804440
1520616980.416154861 14.656742 -3.544237 -0.671646 -0.021309 -0.579626 -0.116974 0.806162
1520616980.466203928 14.655343 -3.439312 -0.766563 -0.018004 -0.579501 -0.114851 0.806638
1520616980.516157627 14.680620 -3.233824 -0.684685 -0.011958 -0.584201 -0.110344 0.803984
1520616980.566159964 14.690617 -3.055955 -0.560189 -0.003181 -0.590103 -0.109391 0.799877
1520616980.616160870 14.690548 -2.924237 -0.266766 0.005606 -0.600385 -0.109784 0.792120
1520616980.666162968 14.663243 -2.901415 0.076847 0.013391 -0.612005 -0.113736 0.782518
1520616980.716924906 14.594906 -3.032775 0.351437 0.017170 -0.621652 -0.120312 0.773808
1520616980.766926765 14.540738 -3.041808 0.530970 0.023246 -0.628792 -0.124870 0.767129
1520616980.816927910 14.502638 -3.023375 0.652742 0.026978 -0.634306 -0.126102 0.762251
1520616980.866930008 14.459983 -3.025698 0.610446 0.028490 -0.635543 -0.127651 0.760907
1520616980.916930914 14.442180 -2.973238 0.508585 0.029755 -0.635121 -0.126666 0.761374
1520616980.966933012 14.420354 -2.916461 0.275528 0.031730 -0.631109 -0.126553 0.764643
1520616981.016933918 14.395346 -2.891679 -0.049663 0.035400 -0.624682 -0.130002 0.769167
1520616981.066936016 14.346412 -2.885504 -0.396919 0.039193 -0.617679 -0.134826 0.773795
1520616981.116937876 14.304129 -2.852479 -0.605884 0.043239 -0.614080 -0.138493 0.775794
1520616981.166481972 14.246208 -2.884432 -0.860782 0.042755 -0.609136 -0.141656 0.779140
1520616981.216484070 14.146722 -3.035879 -1.198448 0.036804 -0.601959 -0.146520 0.784106
1520616981.266485929 14.053268 -3.175284 -1.488796 0.028105 -0.595857 -0.147670 0.788897
1520616981.316486835 14.017285 -3.052884 -1.653292 0.022604 -0.592738 -0.138416 0.793090
1520616981.366487980 13.987308 -2.888456 -1.841450 0.017170 -0.588837 -0.126635 0.798085
1520616981.416490078 13.933262 -2.754671 -2.117291 0.013546 -0.582550 -0.118236 0.804035
1520616981.466491938 13.882193 -2.591345 -2.325228 0.013429 -0.578130 -0.111196 0.808221
1520616981.516494036 13.868761 -2.411674 -2.331938 0.016550 -0.579759 -0.105434 0.807768
1520616981.566054821 13.832937 -2.338125 -2.279756 0.020055 -0.583093 -0.105774 0.805241
1520616981.616055965 13.787434 -2.292188 -2.265565 0.022897 -0.585457 -0.107024 0.803282
1520616981.666058064 13.783391 -2.081290 -2.184346 0.029465 -0.589669 -0.103177 0.800486
1520616981.716059923 13.784221 -1.819973 -2.023791 0.035700 -0.595888 -0.096404 0.796461
1520616981.766061068 13.762291 -1.753301 -1.839448 0.035927 -0.602974 -0.093495 0.791448
1520616981.816062927 13.706392 -1.909240 -1.697134 0.031139 -0.609109 -0.096832 0.786537
1520616981.866064787 13.586032 -2.254263 -1.672440 0.021963 -0.611997 -0.105718 0.783454
1520616981.916065931 13.465595 -2.604581 -1.640761 0.013131 -0.614953 -0.115265 0.779984
1520616981.965775251 13.326932 -2.957686 -1.700617 0.002046 -0.615206 -0.122325 0.778816
1520616982.015775442 13.206678 -3.082043 -1.842838 -0.004375 -0.612576 -0.123219 0.780736
1520616982.065777302 13.129297 -3.051463 -1.974704 -0.007996 -0.610009 -0.118528 0.783439
1520616982.115798473 13.020943 -3.057250 -2.189703 -0.012377 -0.604747 -0.115163 0.787950
1520616982.165780544 12.898967 -3.126391 -2.422005 -0.015562 -0.598870 -0.116805 0.792129
1520616982.215781450 12.812603 -3.104431 -2.540858 -0.012832 -0.596780 -0.119027 0.793424
1520616982.265783548 12.769285 -3.025619 -2.516832 -0.005346 -0.599347 -0.122371 0.791062
1520616982.315784454 12.717926 -3.003445 -2.441286 0.001720 -0.603514 -0.128200 0.786977
1520616982.365703821 12.700212 -2.926963 -2.257912 0.010451 -0.610876 -0.132287 0.780527
1520616982.415704727 12.683981 -2.861787 -2.063764 0.017968 -0.618408 -0.135426 0.773892
1520616982.465707064 12.657956 -2.799843 -1.899942 0.022103 -0.624731 -0.134976 0.768768
1520616982.515707970 12.635496 -2.694526 -1.777171 0.023333 -0.629571 -0.129212 0.765768
1520616982.565710068 12.580109 -2.602444 -1.824495 0.022593 -0.629387 -0.123101 0.766947
1520616982.615710974 12.551499 -2.412697 -1.862250 0.025184 -0.629293 -0.114721 0.768242
1520616982.665712833 12.535142 -2.173701 -1.850574 0.033058 -0.630770 -0.110125 0.767404
1520616982.715715170 12.467643 -2.194212 -1.866519 0.034333 -0.631617 -0.113111 0.766216
1520616982.765817642 12.373694 -2.262231 -1.960665 0.035122 -0.630165 -0.119195 0.766454
1520616982.815819502 12.316701 -2.249891 -1.964471 0.037318 -0.631373 -0.121519 0.764989
1520616982.865820408 12.275847 -2.190094 -1.898539 0.039164 -0.634518 -0.120323 0.762480
1520616982.915822506 12.264778 -2.101011 -1.695329 0.040252 -0.641825 -0.115570 0.757023
1520616982.965823412 12.224368 -2.052954 -1.545586 0.038315 -0.647453 -0.110432 0.753088
1520616983.015825510 12.183230 -1.990748 -1.447354 0.035276 -0.651418 -0.103701 0.750771
1520616983.065827608 12.142210 -1.902889 -1.407972 0.031514 -0.653483 -0.094799 0.750320
1520616983.115829468 12.110549 -1.747457 -1.392897 0.029063 -0.654726 -0.083389 0.750690
1520616983.165883303 12.078361 -1.555779 -1.381059 0.027455 -0.655737 -0.070783 0.751163
1520616983.215885401 12.049664 -1.416285 -1.358081 0.024315 -0.657219 -0.059782 0.750932
1520616983.265887499 12.029059 -1.197579 -1.343490 0.024627 -0.658360 -0.048033 0.750765
1520616983.315888405 12.015156 -0.906176 -1.335780 0.026615 -0.659183 -0.033788 0.750751
1520616983.365890265 11.990373 -0.649970 -1.414759 0.025057 -0.657216 -0.018159 0.753066
1520616983.415891409 11.956991 -0.373411 -1.557262 0.020946 -0.653064 0.001371 0.757011
1520616983.465892315 11.931965 -0.006485 -1.663225 0.016759 -0.649901 0.027057 0.759352
1520616983.515894413 11.894519 0.384585 -1.793463 0.013481 -0.645865 0.053551 0.761452
1520616983.565895319 11.870194 0.722627 -1.788898 0.011808 -0.646297 0.075205 0.759279
1520616983.615723848 11.921505 0.984075 -1.383312 0.010968 -0.659567 0.090453 0.746102
1520616983.665724993 11.961791 1.248533 -0.811001 0.013340 -0.678024 0.101406 0.727889
1520616983.715726852 11.979287 1.402501 -0.214609 0.015413 -0.696565 0.104973 0.709605
1520616983.765728712 11.970080 1.509930 0.306253 -0.015535 0.712152 -0.108796 -0.693369
1520616983.815729856 11.919002 1.775185 0.828259 -0.019403 0.727191 -0.117614 -0.676006
1520616983.865731955 11.827151 2.183766 1.206060 -0.027461 0.737466 -0.131458 -0.661897
1520616983.915733099 11.704276 2.765115 1.307435 -0.043751 0.739358 -0.148739 -0.655219
1520616983.965734959 11.610207 3.274674 0.911321 -0.062105 0.726728 -0.162324 -0.664575
1520616984.015578270 11.532302 3.681322 0.090712 -0.078676 0.701395 -0.172960 -0.686979
1520616984.065580368 11.376606 4.017502 -1.043498 0.089509 -0.665682 0.186873 0.716892
1520616984.115581274 11.128963 4.153000 -2.386183 0.095554 -0.621702 0.195504 0.752419
1520616984.165583372 10.739206 4.234590 -3.704303 0.100988 -0.575413 0.202939 0.785823
1520616984.215585232 10.308413 3.871935 -5.084572 0.096833 -0.524646 0.192611 0.823572
1520616984.265586138 9.724094 3.344243 -6.436894 0.092111 -0.469886 0.169367 0.861416
1520616984.315588236 9.007477 2.817080 -7.633180 0.090551 -0.415449 0.135203 0.894943
1520616984.365589142 8.204336 2.396550 -8.623127 0.091201 -0.363816 0.098437 0.921754
1520616984.415640831 7.413406 2.034953 -9.398118 0.092234 -0.317642 0.056854 0.942000
1520616984.465641975 6.758296 1.682229 -9.944177 0.089917 -0.281325 0.015383 0.955267
1520616984.515643835 6.370500 1.201287 -10.269922 0.079751 -0.259521 -0.022640 0.962173
1520616984.565645933 6.223975 0.754994 -10.412843 0.070076 -0.250745 -0.059884 0.963654
1520616984.615647078 6.331663 0.233579 -10.384834 0.058099 -0.255335 -0.094138 0.960503
1520616984.665648937 6.663572 -0.197314 -10.203356 0.051493 -0.270966 -0.125640 0.952964
1520616984.715649843 7.192828 -0.411688 -9.863520 0.054219 -0.295527 -0.148149 0.942218
1520616984.765651941 7.832145 -0.440071 -9.396517 0.063616 -0.324945 -0.160756 0.929796
1520616984.815819025 8.476131 -0.242410 -8.851430 0.079274 -0.354550 -0.162406 0.917406
1520616984.865819931 9.017897 -0.145693 -8.319372 0.087223 -0.381647 -0.156712 0.906741
1520616984.915822029 9.545069 0.001909 -7.734530 0.091818 -0.409857 -0.139548 0.896724
1520616984.965823889 9.939675 0.244140 -7.235855 0.093721 -0.432219 -0.113297 0.889701
1520616985.015824795 10.280439 0.702981 -6.737969 0.095971 -0.453114 -0.072456 0.883305
1520616985.065825939 10.453438 1.177014 -6.416698 0.091837 -0.466231 -0.024410 0.879545
1520616985.115828037 10.379175 1.427978 -6.505513 0.075489 -0.463476 0.022950 0.882590
1520616985.165829182 10.096646 1.582109 -6.927205 0.054789 -0.446381 0.071433 0.890303
1520616985.215872049 9.718633 1.699360 -7.446143 0.036517 -0.423404 0.117262 0.897577
1520616985.265873909 9.143065 1.673020 -8.181727 0.023617 -0.388656 0.148130 0.909091
1520616985.315875053 8.311903 1.647803 -9.056443 0.022123 -0.342868 0.163628 0.924758
1520616985.365876913 7.346236 1.691211 -9.873234 0.032565 -0.294386 0.160988 0.941466
1520616985.415880919 6.273176 1.865093 -10.577640 0.052439 -0.244607 0.145007 0.957283
1520616985.465880156 5.152509 2.079796 -11.142748 0.075525 -0.194250 0.114637 0.971299
1520616985.515881062 4.027554 2.267343 -11.574785 0.094696 -0.144105 0.080716 0.981708
1520616985.565882921 3.145254 2.260625 -11.861259 0.102405 -0.103857 0.044721 0.988295
1520616985.615884066 2.602584 1.944829 -12.067418 0.094454 -0.078027 0.011901 0.992395
1520616985.665736437 2.283881 1.394582 -12.227843 0.075898 -0.062505 -0.021340 0.994926
1520616985.715737581 2.240079 0.773127 -12.309844 0.054387 -0.059840 -0.054935 0.995210
1520616985.765739441 2.458550 0.128411 -12.310127 0.033690 -0.069616 -0.091035 0.992840
1520616985.815741777 2.981250 -0.297552 -12.207962 0.023724 -0.092285 -0.124392 0.987647
1520616985.865742683 3.688446 -0.438702 -12.023580 0.027999 -0.121832 -0.158547 0.979406
1520616985.915744543 4.493143 -0.515878 -11.757657 0.037734 -0.155153 -0.191202 0.968476
1520616985.965745687 5.331065 -0.632253 -11.409774 0.047747 -0.190617 -0.219162 0.955695
1520616986.015747547 6.262697 -0.759448 -10.931674 0.058012 -0.230936 -0.237200 0.941828
1520616986.065976143 7.313354 -0.816189 -10.268326 0.069752 -0.277326 -0.240730 0.927510
1520616986.115978003 8.259317 -0.902215 -9.533131 0.075885 -0.321984 -0.232640 0.914574
1520616986.165978909 9.069350 -0.860441 -8.782771 0.080898 -0.362026 -0.214031 0.903650
1520616986.215981007 9.667625 -0.719314 -8.145994 0.083720 -0.392930 -0.189935 0.895836
1520616986.265982866 10.095188 -0.437872 -7.643576 0.085889 -0.415459 -0.159391 0.891410
1520616986.315983772 10.345094 -0.080667 -7.326766 0.085400 -0.428961 -0.123863 0.890706
1520616986.365986109 10.472293 0.266757 -7.151358 0.081343 -0.436389 -0.086517 0.891887
1520616986.415987968 10.475123 0.608265 -7.135654 0.073490 -0.437118 -0.045545 0.895239
1520616986.466095209 10.359456 0.938910 -7.277263 0.064739 -0.431180 -0.004069 0.899931
1520616986.516097069 10.075393 1.296116 -7.606333 0.061394 -0.416038 0.031284 0.906733
1520616986.566097975 9.678695 1.612413 -8.060290 0.063564 -0.394598 0.054371 0.915039
1520616986.616100073 9.153755 1.931476 -8.597859 0.070786 -0.367306 0.069923 0.924763
1520616986.666101933 8.460229 2.146741 -9.243666 0.079378 -0.332035 0.074630 0.936954
1520616986.716102839 7.604124 2.218891 -9.950067 0.087026 -0.289578 0.067259 0.950814
1520616986.766103983 6.665381 2.019308 -10.646390 0.087022 -0.243675 0.046836 0.964809
1520616986.816106081 5.819441 1.667983 -11.191216 0.082149 -0.203352 0.015509 0.975530
1520616986.865979433 5.172896 1.443050 -11.534081 0.081717 -0.173396 -0.020580 0.981240
1520616986.915982246 4.854487 1.630487 -11.643217 0.096947 -0.157616 -0.055475 0.981163
1520616986.965983152 4.887419 2.222879 -11.522514 0.127841 -0.155315 -0.083206 0.976018
1520616987.015984297 5.229477 3.038009 -11.171093 0.168307 -0.164730 -0.103067 0.966392
1520616987.065986395 5.749324 3.880233 -10.627604 0.210613 -0.182173 -0.113560 0.953708
1520616987.116074324 6.231632 4.714553 -9.980647 0.253387 -0.198960 -0.119808 0.939072
1520616987.165989399 6.580181 5.533130 -9.289697 0.295973 -0.211015 -0.123434 0.923383
1520616987.215990305 6.826280 6.242808 -8.611841 0.333765 -0.220151 -0.124023 0.908159
1520616987.266605377 6.847958 6.307703 -8.538912 0.370976 -0.228903 -0.124396 0.891351
1520616987.316606283 6.847958 6.307703 -8.538912 0.370976 -0.228903 -0.124396 0.891351
1520616987.366608381 6.843622 6.294724 -8.553498 0.370976 -0.228903 -0.124396 0.891351
1520616987.416609287 -0.649162 0.626412 0.431505 -0.076194 -0.007170 -0.012218 0.996992
1520616987.466611147 -1.005497 1.118448 0.534551 -0.141952 -0.008888 -0.021540 0.989599
1520616987.516613483 -1.342147 1.770479 0.509288 -0.212248 -0.008787 -0.033404 0.976605
1520616987.566614389 -1.654374 2.397086 0.341735 -0.279506 -0.012167 -0.043648 0.959074
1520616987.616616249 -1.976513 3.004046 0.117689 -0.338233 -0.016667 -0.052848 0.939430
1520616987.666622162 -2.331916 3.601094 -0.165799 -0.387512 -0.015518 -0.062274 0.919628
1520616987.716624022 -2.525051 4.170608 -0.396272 -0.427117 -0.013202 -0.072466 0.901191
1520616987.766624928 -2.930183 4.549725 -0.607542 -0.458267 -0.009461 -0.079976 0.885159
1520616987.816627264 -3.378678 4.791197 -0.705414 -0.475404 -0.008867 -0.083124 0.875787
1520616987.866629124 -3.883010 4.824613 -0.575308 -0.475101 -0.008990 -0.083396 0.875924
1520616987.916630030 -4.367732 4.732790 -0.167700 -0.452545 -0.006716 -0.080385 0.888086
1520616987.966632128 -4.898855 4.477899 0.542532 -0.408703 -0.001611 -0.075730 0.909519
1520616988.016633034 -5.511784 3.857550 1.220122 -0.353511 -0.000389 -0.070169 0.932795
1520616988.066636086 -6.114999 3.246822 1.806002 -0.290517 -0.002724 -0.064351 0.954700
1520616988.115684748 -6.172531 3.180246 1.853516 -0.226220 -0.005048 -0.058243 0.972320
1520616988.165687799 -6.172531 3.180246 1.853516 -0.226220 -0.005048 -0.058243 0.972320
1520616988.215688944 -6.161024 3.193561 1.844013 -0.226220 -0.005048 -0.058243 0.972320
1520616988.265690804 -0.871651 -0.377629 0.312443 0.087866 -0.010481 0.016976 0.995932
1520616988.315691710 -1.336138 -0.620083 0.436264 0.117462 -0.015531 0.022741 0.992695
1520616988.365694046 -1.797024 -0.776080 0.501509 0.131530 -0.019444 0.027611 0.990737
1520616988.415694952 -2.272725 -0.765228 0.609679 0.124376 -0.022623 0.032270 0.991452
1520616988.465696812 -2.746783 -0.605427 0.702654 0.088615 -0.022550 0.033564 0.995245
1520616988.516410828 -2.840011 -0.572865 0.718409 0.052739 -0.022447 0.034814 0.997749
1520616988.566412687 -2.840011 -0.572865 0.718409 0.052739 -0.022447 0.034814 0.997749
1520616988.616414070 -2.821365 -0.579377 0.715258 0.052739 -0.022447 0.034814 0.997749
1520616988.666416883 -2.821365 -0.579377 0.715258 0.052739 -0.022447 0.034814 0.997749
1520616988.716416836 -2.806449 -0.584587 0.712737 0.052739 -0.022447 0.034814 0.997749
1520616988.766474724 -2.806449 -0.584587 0.712737 0.052739 -0.022447 0.034814 0.997749
1520616988.816419840 -2.794516 -0.588755 0.710720 0.052739 -0.022447 0.034814 0.997749
1520616988.866421700 -0.942219 0.233434 -0.240275 -0.045584 0.003409 -0.020208 0.998750
1520616988.915898561 -1.371785 0.234431 -0.317747 -0.047300 0.005668 -0.026618 0.998510
1520616988.965900898 -1.798040 0.256881 -0.369842 -0.030131 0.008436 -0.028706 0.999098
1520616989.015902758 -2.247642 0.174263 -0.389785 0.004872 0.012376 -0.026664 0.999556
1520616989.065903664 -2.722010 0.036260 -0.357854 0.058118 0.016677 -0.020108 0.997968
1520616989.115905762 -3.204807 -0.126767 -0.341831 0.123776 0.018065 -0.008519 0.992109
1520616989.165906668 -3.740304 -0.589755 -0.274545 0.185129 0.020273 -0.000475 0.982505
1520616989.215908527 -4.226139 -0.655374 -0.262392 0.246946 0.019564 0.005656 0.968815
1520616989.265909672 -4.724674 -0.667463 -0.192665 0.295105 0.017918 0.010646 0.955238
1520616989.315804243 -5.127320 -0.867472 -0.371151 0.325076 0.013747 0.016226 0.945449
1520616989.365805149 -5.546380 -0.930900 -0.504436 0.349346 0.009550 0.024853 0.936615
1520616989.415807009 -5.963116 -1.093733 -0.664874 0.371906 0.004033 0.034890 0.927606
1520616989.465809107 -6.418204 -1.266809 -0.789068 0.396458 -0.000173 0.042338 0.917076
1520616989.515810013 -6.917404 -1.451174 -0.889887 0.415610 -0.004226 0.048340 0.908247
1520616989.565811872 -7.385766 -1.489628 -1.026077 0.416940 -0.010093 0.052826 0.907341
1520616989.615814209 -7.849931 -1.455052 -1.123820 0.391044 -0.015849 0.055479 0.918562
1520616989.665815115 -8.425710 -1.235384 -1.098852 0.340135 -0.022040 0.052933 0.938627
1520616989.717325211 -8.518599 -1.198369 -1.100091 0.288192 -0.028164 0.050227 0.955840
1520616989.767327309 -8.518599 -1.198369 -1.100091 0.288192 -0.028164 0.050227 0.955840
1520616989.817328453 0.072127 -0.257705 -0.963528 -0.071541 -0.025118 -0.007496 0.997093
1520616989.867330313 0.112169 -0.571119 -1.530060 -0.123596 -0.044079 -0.012333 0.991276
1520616989.917331457 -0.066165 -1.052404 -1.980979 -0.156024 -0.059086 -0.015678 0.985860
1520616989.967333317 -0.298370 -1.355180 -2.308359 -0.165735 -0.071673 -0.018831 0.983382
1520616990.017334223 -0.415793 -1.528366 -2.628594 -0.154028 -0.087490 -0.016021 0.984055
1520616990.067335367 -0.477691 -1.610369 -3.063195 -0.123100 -0.104660 -0.010052 0.986809
1520616990.115924835 -0.488018 -1.623110 -3.161841 -0.092012 -0.121695 -0.004070 0.988285
1520616990.165926695 -0.488018 -1.623110 -3.161841 -0.092012 -0.121695 -0.004070 0.988285
1520616990.215927601 -0.485952 -1.620562 -3.142112 -0.092012 -0.121695 -0.004070 0.988285
1520616990.265929699 -0.946825 0.085475 -0.310188 0.064311 -0.034442 0.020785 0.997119
1520616990.315930605 -1.152694 0.111580 -0.501447 0.071451 -0.072249 0.026827 0.994462
1520616990.365932465 -1.192335 0.091868 -0.736889 0.063653 -0.121127 0.033875 0.990015
1520616990.415960550 -1.221051 0.054724 -0.951318 0.047506 -0.166436 0.041002 0.984053
1520616990.465935707 -1.193476 -0.002698 -1.155353 0.029122 -0.207132 0.050368 0.976581
1520616990.515936613 -1.152353 -0.044888 -1.311877 0.013444 -0.241155 0.059570 0.968563
1520616990.566101313 -1.090462 -0.068997 -1.405322 0.003733 -0.263294 0.066060 0.962444
1520616990.616102457 -1.099162 -0.053946 -1.412052 0.001485 -0.257685 0.063469 0.964141
1520616990.666104317 -1.186158 -0.016766 -1.340602 0.007107 -0.219322 0.053926 0.974135
1520616990.716106176 -1.294881 0.031128 -1.176989 0.021202 -0.164900 0.044690 0.985069
1520616990.766107321 -1.399757 0.079689 -0.970864 0.037143 -0.103479 0.040233 0.993123
1520616990.816109419 -1.478451 0.098226 -0.728013 0.043812 -0.033621 0.034444 0.997880
1520616990.866110563 -1.503612 0.130950 -0.464625 0.040945 0.039829 0.024939 0.998056
1520616990.916112423 -1.497953 0.184091 -0.159538 0.029715 0.122678 0.009708 0.991954
1520616990.966139793 -1.432933 0.231408 0.144630 0.012658 0.204956 -0.005157 0.978676
1520616991.016142130 -1.336382 0.305448 0.419312 -0.003170 0.274177 -0.018133 0.961503
1520616991.066143990 -1.241352 0.352791 0.593612 -0.014362 0.329078 -0.030326 0.943706
1520616991.116144896 -1.147253 0.396636 0.737463 -0.013903 0.362886 -0.036869 0.931000
1520616991.166146994 -1.112150 0.399532 0.795418 -0.004981 0.369562 -0.033926 0.928573
1520616991.216149092 -1.149101 0.360298 0.749493 0.008328 0.355671 -0.026340 0.934203
1520616991.266149998 -1.194341 0.335599 0.665972 0.020098 0.327895 -0.021488 0.944256
1520616991.316151142 -1.236779 0.330290 0.559966 0.021364 0.294545 -0.022370 0.955137
1520616991.366085291 -1.275727 0.344574 0.436061 0.010595 0.259365 -0.025272 0.965391
1520616991.416087389 -1.300003 0.354534 0.318360 -0.011521 0.225888 -0.029916 0.973626
1520616991.466088295 -1.317092 0.361385 0.214639 -0.037993 0.194977 -0.034698 0.979457
1520616991.516091347 -1.325921 0.358045 0.106926 -0.066785 0.164823 -0.037065 0.983361
1520616991.566092253 -1.329339 0.339362 0.020530 -0.091976 0.135173 -0.037101 0.985846
1520616991.616093159 -1.327810 0.346081 -0.054369 -0.103493 0.104441 -0.040621 0.988297
1520616991.666095257 -1.321208 0.354611 -0.104783 -0.103130 0.079667 -0.044574 0.990470
1520616991.716096163 -1.313898 0.383511 -0.111788 -0.091304 0.069688 -0.052615 0.991987
1520616991.765949011 -1.305986 0.412435 -0.117996 -0.079450 0.059688 -0.060640 0.993201
1520616991.815950871 -1.305986 0.412435 -0.117996 -0.079450 0.059688 -0.060640 0.993201
1520616991.865952015 0.999681 -0.015127 0.020249 0.012820 0.048568 0.002189 0.998735
1520616991.915952921 1.828204 0.021259 -0.028384 0.021902 0.099550 0.002565 0.994788
1520616991.965954781 2.655796 0.068014 -0.263716 0.025880 0.154519 0.000453 0.987651
1520616992.015956879 3.437402 0.050401 -0.657981 0.023290 0.217352 -0.006995 0.975790
1520616992.065957785 4.148866 0.049982 -1.186330 0.017635 0.276891 -0.018552 0.960561
1520616992.115958691 4.761884 0.234826 -1.826029 0.015153 0.331142 -0.029964 0.942983
1520616992.165961027 5.359681 0.185917 -2.508963 0.014541 0.377067 -0.046238 0.924917
1520616992.215962887 5.822922 0.132751 -3.318034 0.015269 0.421053 -0.058787 0.905000
1520616992.265963793 6.287538 0.180893 -4.045116 0.019742 0.454876 -0.069598 0.887612
1520616992.315965891 6.705383 0.010280 -4.813486 0.022379 0.481312 -0.076889 0.872884
1520616992.365966797 7.201223 -0.078432 -5.360110 0.024404 0.490683 -0.076883 0.867596
1520616992.415968657 7.881499 -0.124860 -5.572463 0.025519 0.478948 -0.070187 0.874661
1520616992.465969801 8.826177 -0.036202 -5.374415 0.027903 0.448572 -0.062641 0.891112
1520616992.515971899 9.778787 -0.063171 -4.903419 0.026531 0.409937 -0.058733 0.909834
1520616992.565972805 10.659770 -0.054110 -4.255362 0.022634 0.367555 -0.057061 0.927974
1520616992.615977526 11.478450 -0.081596 -3.467163 0.016242 0.324751 -0.057295 0.943923
1520616992.665979385 12.097551 0.002629 -2.686894 0.007413 0.285112 -0.052857 0.957007
1520616992.715980291 12.653814 0.179251 -1.827653 -0.000603 0.246176 -0.042702 0.968284
1520616992.765982389 13.121360 0.472328 -0.935981 -0.001044 0.207674 -0.030441 0.977724
1520616992.815983295 13.533701 0.601774 0.021847 0.002213 0.172121 -0.021479 0.984839
1520616992.865985394 13.904531 0.816605 0.974387 0.008834 0.139770 -0.012398 0.990067
1520616992.915986538 14.189765 0.891578 1.987621 0.014646 0.104970 -0.004146 0.994359
1520616992.965988398 14.476055 0.912130 2.903513 0.019178 0.073341 0.001381 0.997122
1520616993.015919924 14.863464 1.078561 3.493134 0.021327 0.055220 0.006021 0.998228
1520616993.065922022 15.458099 1.046465 3.351622 0.019043 0.060746 0.003386 0.997966
1520616993.115922928 16.285274 0.867950 2.442090 0.016801 0.090327 -0.005619 0.995755
1520616993.165924072 17.125703 0.655497 1.187661 0.017114 0.127848 -0.016633 0.991507
1520616993.215925932 17.891570 0.480275 -0.258649 0.016614 0.167216 -0.025189 0.985458
1520616993.265928030 18.524514 0.341126 -1.945084 0.017122 0.210190 -0.032708 0.976963
1520616993.315929174 18.914095 0.039546 -3.966905 0.020508 0.259620 -0.041869 0.964585
1520616993.365930080 18.969663 -0.367900 -6.200696 0.027402 0.311484 -0.051774 0.948444
1520616993.415955544 18.887345 -0.697876 -8.353740 0.035220 0.360547 -0.059743 0.930159
1520616993.465957642 18.483811 -1.128804 -10.567505 0.044186 0.407735 -0.071199 0.909247
1520616993.515958548 17.888271 -1.441626 -12.627468 0.050218 0.451703 -0.081907 0.886980
1520616993.565960407 17.185296 -1.927662 -14.405535 0.050176 0.487029 -0.092444 0.867029
1520616993.615962505 16.689275 -2.337361 -15.725136 0.049039 0.511258 -0.100373 0.852136
1520616993.665963411 16.693983 -2.622756 -16.412889 0.047511 0.518968 -0.103640 0.847156
1520616993.715964556 17.598888 -2.676708 -16.208396 0.047539 0.504159 -0.099310 0.856564
1520616993.765966654 19.037249 -2.420391 -15.345251 0.051701 0.472458 -0.090385 0.875180
1520616993.816106081 20.711187 -2.308461 -13.712847 0.053303 0.428179 -0.081794 0.898405
1520616993.866106987 22.447053 -2.023433 -11.391609 0.051195 0.374921 -0.070795 0.922931
1520616993.916108847 23.947503 -1.731304 -8.678020 0.047784 0.316100 -0.062872 0.945434
1520616993.966109991 24.876370 -1.679526 -5.865443 0.037118 0.258580 -0.058961 0.963474
1520616994.016111851 25.398330 -1.535628 -3.085942 0.019606 0.204465 -0.055448 0.977105
1520616994.066112757 25.610579 -1.218147 -0.523539 0.000098 0.154867 -0.050878 0.986624
1520616994.116114855 25.571333 -0.529049 1.734038 -0.016059 0.111024 -0.040567 0.992860
1520616994.166115761 25.405648 0.103573 3.463792 -0.019836 0.076935 -0.029590 0.996399
1520616994.216082096 25.298103 0.496300 4.175773 -0.012872 0.063081 -0.020474 0.997715
1520616994.266084194 25.368149 0.897614 3.665878 -0.001892 0.073565 -0.009847 0.997240
1520616994.316085339 25.477109 1.544731 2.531380 0.005249 0.096238 0.004513 0.995334
1520616994.366087198 25.473939 2.676097 1.346604 0.004035 0.119467 0.026627 0.992473
1520616994.416088104 25.339970 3.969872 -0.013077 -0.008374 0.144986 0.050246 0.988122
1520616994.466090202 25.056044 5.149808 -1.868376 -0.029484 0.178477 0.071422 0.980905
1520616994.516091108 24.529441 6.387215 -3.912509 -0.053666 0.214311 0.095386 0.970614
1520616994.566092968 23.798148 7.388482 -6.066003 -0.073337 0.252584 0.117174 0.957650
1520616994.616054296 22.927241 8.059906 -8.186929 -0.084142 0.292132 0.134326 0.943152
1520616994.666056156 21.994190 8.465138 -10.116776 -0.079726 0.331869 0.146194 0.928512
1520616994.716058254 21.075854 8.551871 -11.843375 -0.063471 0.371153 0.150024 0.914172
1520616994.766059160 20.350998 8.218575 -13.257091 -0.038111 0.406270 0.142432 0.901779
1520616994.816061258 19.664547 7.390599 -14.696333 -0.004489 0.442772 0.121609 0.888338
1520616994.866063356 19.139689 6.309033 -15.841594 0.031620 0.471646 0.092840 0.876317
1520616994.916064262 18.860629 5.028267 -16.611941 0.064264 0.489518 0.059291 0.867598
1520616994.966066360 18.803824 3.496972 -17.055488 0.091275 0.497107 0.021722 0.862602
1520616995.016067266 19.098420 1.860523 -16.975347 0.113202 0.491043 -0.015516 0.863610
1520616995.066224098 19.632103 0.000304 -16.454535 0.135989 0.473599 -0.055258 0.868423
1520616995.116225004 20.078744 -1.963477 -15.771348 0.162269 0.451216 -0.096168 0.872252
1520616995.166226864 20.683501 -3.861371 -14.579202 0.188099 0.417335 -0.132203 0.879188
1520616995.216229200 21.401634 -5.458283 -12.916271 0.208844 0.375071 -0.158007 0.889236
1520616995.266230106 22.104014 -6.784319 -10.923063 0.223750 0.328161 -0.175148 0.900872
1520616995.316231966 22.880417 -7.551605 -8.506700 0.229952 0.277203 -0.178369 0.915677
1520616995.366233110 23.629952 -7.806684 -5.692252 0.225239 0.223175 -0.170398 0.932966
1520616995.416327238 24.221829 -7.479408 -2.789276 0.207606 0.172002 -0.153474 0.950663
1520616995.466610193 24.231092 -7.463127 -2.691046 0.189240 0.120223 -0.136008 0.965006
1520616995.516612291 24.231092 -7.463127 -2.691046 0.189240 0.120223 -0.136008 0.965006
1520616995.566613197 -0.870053 0.413546 -0.268307 -0.055463 -0.035940 0.048248 0.996647
1520616995.616615057 -1.717985 0.724824 -0.402167 -0.106686 -0.057778 0.099997 0.987563
1520616995.666616201 -2.705822 1.093185 -0.627527 -0.143163 -0.065385 0.154156 0.975431
1520616995.716618299 -3.578460 0.872315 -0.783947 -0.170217 -0.056261 0.198872 0.963489
1520616995.766619444 -4.316941 0.573001 -0.769988 -0.182588 -0.039258 0.240527 0.952506
1520616995.816621304 -4.832940 0.178878 -0.625106 -0.183085 -0.014915 0.279694 0.942353
1520616995.866175175 -5.244951 -0.096288 -0.146728 -0.175618 0.018811 0.309975 0.934195
1520616995.916176319 -5.786412 -0.068977 0.531239 -0.157682 0.063370 0.331740 0.927938
1520616995.966178417 -5.866003 -0.146286 1.250036 -0.139960 0.113158 0.336629 0.924277
1520616996.016179085 -5.693736 0.047470 1.906361 -0.109813 0.164158 0.326435 0.924356
1520616996.066181421 -5.469735 0.326474 2.469709 -0.075246 0.207639 0.305196 0.926326
1520616996.116182327 -5.245901 0.655955 2.877873 -0.043202 0.238675 0.275716 0.930133
1520616996.166184187 -5.022282 1.010770 3.172740 -0.011325 0.259235 0.239643 0.935543
1520616996.216185331 -4.815098 1.290739 3.397318 0.026693 0.268568 0.204402 0.940946
1520616996.266077995 -4.603031 1.516661 3.610635 0.069827 0.272745 0.168767 0.944591
1520616996.316079855 -4.409590 1.784780 3.746860 0.106027 0.269884 0.128313 0.948397
1520616996.366080999 -4.239014 2.082880 3.801105 0.136898 0.258704 0.084869 0.952433
1520616996.416084051 -4.151576 2.382979 3.734635 0.158807 0.236590 0.045708 0.957453
1520616996.466084957 -4.159506 2.677756 3.540783 0.169789 0.204582 0.014173 0.963907
1520616996.516086102 -4.245561 2.929260 3.240246 0.174381 0.164535 -0.007915 0.970802
1520616996.566087961 -4.368765 3.144323 2.861672 0.175622 0.119459 -0.023239 0.976907
1520616996.616088867 -4.493312 3.351418 2.410314 0.171863 0.070877 -0.034368 0.981967
1520616996.666722536 -4.507888 3.391345 2.319797 0.167671 0.022115 -0.045410 0.984548
1520616996.716723442 -4.507888 3.391345 2.319797 0.167671 0.022115 -0.045410 0.984548
1520616996.766725302 -0.821111 0.566455 0.070034 -0.018876 -0.025886 0.025531 0.999161
1520616996.816727638 -1.794531 1.022336 -0.026230 -0.048577 -0.052262 0.066710 0.995218
1520616996.866728544 -2.827616 1.381285 -0.242267 -0.090203 -0.075337 0.116645 0.986196
1520616996.916730404 -3.892075 1.417587 -0.638525 -0.137466 -0.092710 0.170865 0.971243
1520616996.966731548 -4.704358 1.368885 -0.980293 -0.180577 -0.098347 0.218634 0.953897
1520616997.016732454 -5.239452 0.917082 -1.221460 -0.215389 -0.089394 0.262422 0.936350
1520616997.066610575 -5.730298 0.519259 -1.067277 -0.231519 -0.071220 0.303598 0.921496
1520616997.116547823 -6.094171 0.172070 -0.584343 -0.229718 -0.035739 0.331753 0.914271
1520616997.166548729 -6.304082 0.054762 0.120727 -0.214886 0.009327 0.348284 0.912379
1520616997.216550589 -6.361784 0.181998 0.958702 -0.191578 0.060621 0.347952 0.915725
1520616997.266551733 -6.299801 0.475021 1.740900 -0.163508 0.111936 0.332873 0.921917
1520616997.316553831 -6.101508 0.821529 2.420513 -0.133606 0.157419 0.307533 0.928866
1520616997.366554976 -5.768557 1.368185 2.968361 -0.100022 0.196235 0.266926 0.938210
1520616997.416556835 -5.444476 1.941148 3.301982 -0.075526 0.221255 0.220474 0.946960
1520616997.466558695 -5.196849 2.463868 3.404789 -0.063529 0.230020 0.176884 0.954865
1520616997.516136885 -5.044584 2.919456 3.297958 -0.065109 0.225154 0.135968 0.962590
1520616997.566138983 -5.037806 3.265533 3.015722 -0.076155 0.207264 0.104869 0.969662
1520616997.616139889 -5.156461 3.505793 2.628790 -0.090714 0.180206 0.085906 0.975662
1520616997.666141987 -5.333021 3.648807 2.165532 -0.112978 0.151235 0.074874 0.979162
1520616997.716142893 -5.528729 3.700346 1.697821 -0.138316 0.123467 0.071058 0.980090
1520616997.766144753 -5.747848 3.630046 1.301204 -0.162343 0.100095 0.076547 0.978655
1520616997.816146851 -6.008560 3.389572 0.989501 -0.178224 0.076929 0.093670 0.976496
1520616997.866147757 -6.227777 3.106414 0.856834 -0.181626 0.060595 0.112429 0.975039
1520616997.916203260 -6.419138 2.830090 0.786569 -0.176751 0.044694 0.129084 0.974730
1520616997.966204405 -6.556608 2.612494 0.785199 -0.166793 0.033036 0.140289 0.975401
1520616998.016206264 -6.675726 2.409632 0.798284 -0.154247 0.021808 0.150026 0.976332
1520616998.066208363 -6.795573 2.187756 0.800635 -0.141430 0.009966 0.160566 0.976789
1520616998.116209507 -6.894558 2.008690 0.784158 -0.129362 -0.002081 0.167857 0.977285
1520616998.166211367 -6.977055 1.863727 0.795781 -0.118171 -0.011142 0.173363 0.977679
1520616998.216213226 -7.055147 1.719015 0.810649 -0.110119 -0.018438 0.179493 0.977403
1520616998.266214371 -7.118640 1.607136 0.821662 -0.105166 -0.024232 0.183944 0.976994
1520616998.316222906 -7.175236 1.547572 0.823970 -0.101840 -0.029770 0.185684 0.976864
1520616998.366224051 -7.225962 1.500702 0.828855 -0.098607 -0.034759 0.186771 0.976824
1520616998.416226149 -7.269327 1.514339 0.888219 -0.092453 -0.036944 0.184979 0.977686
1520616998.466227055 -7.301302 1.512363 0.939239 -0.087494 -0.039330 0.184710 0.978100
1520616998.516229153 -7.326984 1.509871 0.963963 -0.086292 -0.041784 0.184760 0.978096
1520616998.566230059 -7.364125 1.534601 0.996179 -0.082691 -0.044202 0.184187 0.978409
1520616998.616231918 -7.376850 1.581251 1.028974 -0.075490 -0.047679 0.180771 0.979464
1520616998.666233063 -7.397251 1.616611 1.064180 -0.065812 -0.052087 0.178404 0.980371
1520616998.716419220 -7.395308 1.636385 1.012530 -0.065739 -0.057631 0.174893 0.980698
1520616998.766381264 -7.416595 1.651705 0.958664 -0.067784 -0.062000 0.174031 0.980446
1520616998.816383123 -7.434778 1.668377 0.840572 -0.077498 -0.067557 0.174665 0.979246
1520616998.866384029 -7.452920 1.687197 0.776604 -0.091930 -0.068795 0.177383 0.977421
1520616998.916386366 -7.477010 1.693905 0.692906 -0.114340 -0.067130 0.181605 0.974392
1520616998.966387272 -7.499516 1.677613 0.617676 -0.140839 -0.063097 0.187813 0.970005
1520616999.016389132 -7.535286 1.602925 0.532506 -0.168072 -0.059951 0.197403 0.963945
1520616999.066391230 -7.550863 1.578370 0.510870 -0.191333 -0.053655 0.203521 0.958693
1520616999.116468668 -7.547531 1.593269 0.519002 -0.208083 -0.047214 0.205871 0.955034
1520616999.166470766 -7.538071 1.606231 0.609976 -0.213928 -0.039468 0.208120 0.953605
1520616999.216471434 -7.511430 1.644805 0.776607 -0.213325 -0.029160 0.207472 0.954252
1520616999.266473770 -7.464668 1.739708 0.979728 -0.206796 -0.018091 0.203759 0.956760
1520616999.316474676 -7.411856 1.838746 1.143492 -0.199384 -0.009881 0.198948 0.959462
1520616999.366476536 -7.370455 1.892791 1.301435 -0.194822 -0.000833 0.197218 0.960806
1520616999.416477680 -7.337038 1.879145 1.394366 -0.195516 0.004906 0.199604 0.960160
1520616999.466479540 -7.291985 1.930923 1.497876 -0.195820 0.012395 0.198068 0.960349
1520616999.516481638 -7.227241 2.020481 1.609363 -0.195897 0.020985 0.193864 0.961041
1520616999.566754341 -7.169593 2.056530 1.792299 -0.190199 0.031313 0.192774 0.962124
1520616999.616756439 -7.124205 2.031052 1.957081 -0.182497 0.038995 0.194384 0.963010
1520616999.666757345 -7.063180 2.048577 2.106394 -0.170416 0.044577 0.191765 0.965504
1520616999.716760397 -7.010091 2.062872 2.214823 -0.152584 0.044569 0.186303 0.969548
1520616999.766761541 -6.975485 2.026150 2.310146 -0.130507 0.041072 0.182380 0.973662
1520616999.816763401 -6.942408 1.938885 2.434057 -0.107552 0.039100 0.181422 0.976724
1520616999.866764307 -6.907066 1.852010 2.553792 -0.086918 0.038234 0.180858 0.978915
1520616999.916766405 -6.885291 1.747644 2.647772 -0.070861 0.037689 0.182486 0.979927
1520616999.966792822 -6.881365 1.657949 2.680966 -0.058778 0.034530 0.183993 0.980561
1520617000.016797781 -6.880550 1.529707 2.730651 -0.046910 0.032759 0.188397 0.980425
1520617000.066795588 -6.911786 1.316478 2.734774 -0.033070 0.026779 0.197611 0.979356
1520617000.116797686 -6.939527 1.063922 2.749437 -0.018298 0.021827 0.209344 0.977427
1520617000.166798592 -6.988642 0.818387 2.687787 -0.008289 0.013575 0.221968 0.974924
1520617000.216799736 -7.031268 0.654290 2.601518 -0.004161 0.006031 0.231380 0.972836
1520617000.266801596 -7.101758 0.541461 2.411108 -0.009516 -0.005956 0.240159 0.970669
1520617000.316803694 -7.190781 0.499413 2.127418 -0.023223 -0.021825 0.246316 0.968666
1520617000.366745234 -7.269222 0.423584 1.841560 -0.038547 -0.037385 0.254837 0.965492
1520617000.416735411 -7.314107 0.389535 1.638008 -0.051010 -0.047576 0.259775 0.963147
1520617000.466736317 -7.333412 0.430638 1.509092 -0.058477 -0.054044 0.258804 0.962642
1520617000.516738653 -7.329742 0.555611 1.450439 -0.068015 -0.054431 0.253390 0.963434
1520617000.566739559 -7.325328 0.630294 1.397262 -0.082401 -0.052907 0.252664 0.962586
1520617000.616741419 -7.312836 0.704304 1.375716 -0.098031 -0.048461 0.252634 0.961362
1520617000.666743517 -7.279219 0.860005 1.408584 -0.112786 -0.039768 0.247543 0.961468
1520617000.716744423 -7.220703 1.066771 1.496288 -0.125657 -0.027092 0.239350 0.962387
1520617000.766617060 -7.165541 1.214110 1.580482 -0.138699 -0.014631 0.234998 0.961938
1520617000.816617966 -7.093893 1.368152 1.703095 -0.151653 0.001166 0.230698 0.961134
1520617000.866620064 -7.013531 1.500995 1.850359 -0.161544 0.017683 0.227641 0.960089
1520617000.916620970 -6.919472 1.665553 1.986068 -0.167946 0.032688 0.221170 0.960109
1520617000.966623068 -6.799832 1.872192 2.141500 -0.170913 0.048707 0.210995 0.961196
1520617001.016624212 -6.679080 2.039428 2.289483 -0.170706 0.062623 0.202055 0.962347
1520617001.066626072 -6.533952 2.241352 2.439342 -0.168547 0.076822 0.189549 0.964242
1520617001.116627932 -6.368003 2.428970 2.620832 -0.162343 0.091843 0.176646 0.966440
1520617001.166698694 -6.190305 2.563183 2.842560 -0.151921 0.107543 0.166009 0.968399
1520617001.216700554 -6.033500 2.621173 3.059128 -0.138633 0.120563 0.159139 0.970010
1520617001.266701460 -5.901826 2.636833 3.244302 -0.126535 0.131238 0.154674 0.971000
1520617001.316703796 -5.788514 2.657124 3.378713 -0.116339 0.138893 0.149326 0.972047
1520617001.366705656 -5.691485 2.649955 3.500100 -0.106615 0.145480 0.145843 0.972728
1520617001.416706562 -5.622554 2.599778 3.605992 -0.095923 0.149752 0.144784 0.973350
1520617001.466708660 -5.587470 2.491521 3.695386 -0.085574 0.152053 0.147855 0.973497
1520617001.516710758 -5.588476 2.326842 3.767132 -0.071237 0.150262 0.153245 0.974096
1520617001.566704273 -5.604810 2.163226 3.809906 -0.058314 0.146979 0.158839 0.974560
1520617001.616706371 -5.630085 2.023906 3.823282 -0.047984 0.142919 0.163703 0.974922
1520617001.666707516 -5.670055 1.879662 3.815701 -0.040826 0.138684 0.170635 0.974671
1520617001.716709375 -5.719765 1.741968 3.793977 -0.037327 0.135007 0.179094 0.973809
1520617001.766710281 -5.774958 1.643794 3.740811 -0.039852 0.131625 0.187153 0.972656
1520617001.816712379 -5.857390 1.596267 3.623309 -0.043585 0.123435 0.191310 0.972761
1520617001.866713285 -5.934258 1.598893 3.493018 -0.046164 0.114068 0.191117 0.973823
1520617001.916715145 -6.009081 1.611110 3.356121 -0.046966 0.103578 0.189448 0.975282
1520617001.966679811 -6.065968 1.612821 3.254404 -0.046367 0.095574 0.188494 0.976312
1520617002.016645670 -6.117328 1.568032 3.181808 -0.050410 0.091774 0.193584 0.975480
1520617002.066646814 -6.213861 1.582764 2.989246 -0.067779 0.083892 0.198746 0.974099
1520617002.116648674 -6.334676 1.625994 2.708694 -0.095994 0.073994 0.204416 0.971352
1520617002.166649580 -6.471984 1.604713 2.387153 -0.124003 0.060598 0.212731 0.967314
1520617002.216651678 -6.594426 1.544307 2.080237 -0.143106 0.044594 0.219875 0.963943
1520617002.266653776 -6.666464 1.538294 1.851001 -0.154548 0.032387 0.221273 0.962343
1520617002.316654682 -6.714680 1.546792 1.669465 -0.160821 0.021963 0.220827 0.961712
1520617002.366656780 -6.729828 1.624087 1.537264 -0.167806 0.016639 0.216407 0.961630
1520617002.416535378 -6.721676 1.754089 1.439954 -0.178484 0.016479 0.209809 0.961172
1520617002.466537237 -6.695025 1.917904 1.352042 -0.194012 0.020072 0.201969 0.959773
1520617002.516538143 -6.656279 2.062374 1.336964 -0.209657 0.029578 0.196696 0.957329
1520617002.566540241 -6.617445 2.167643 1.356958 -0.226168 0.042109 0.194880 0.953466
1520617002.616541147 -6.568157 2.278879 1.406538 -0.240419 0.056338 0.192611 0.949698
1520617002.666543007 -6.510503 2.400941 1.458768 -0.249930 0.068835 0.188270 0.947286
1520617002.716545343 -6.413630 2.567656 1.577557 -0.251856 0.083910 0.180038 0.947161
1520617002.766546249 -6.278327 2.761723 1.765929 -0.244362 0.100420 0.168353 0.949663
1520617002.816246271 -6.134506 2.935882 1.957182 -0.231177 0.113776 0.155355 0.953665
1520617002.866247177 -5.993420 3.042010 2.196575 -0.212383 0.126556 0.145868 0.957914
1520617002.916249275 -5.891623 3.068718 2.406720 -0.194894 0.135915 0.141238 0.961039
1520617002.966250181 -5.816256 3.053895 2.586724 -0.181787 0.144536 0.140102 0.962515
1520617003.016253233 -5.772181 3.000898 2.733002 -0.172667 0.151770 0.142527 0.962724
1520617003.066254377 -5.723046 2.942292 2.887762 -0.167197 0.161938 0.146702 0.961405
1520617003.116255283 -5.684355 2.914903 2.986007 -0.160821 0.167110 0.146870 0.961582
1520617003.166257143 -5.644460 2.897227 3.077185 -0.152644 0.170901 0.145302 0.962486
1520617003.216340065 -5.698928 2.759253 3.112337 -0.145307 0.167245 0.152549 0.963143
1520617003.266340971 -5.770061 2.617563 3.118937 -0.140020 0.162204 0.160610 0.963477
1520617003.316343069 -5.862285 2.528622 3.033593 -0.140345 0.152940 0.165193 0.964170
1520617003.366344929 -5.947768 2.490971 2.918420 -0.143832 0.143659 0.166746 0.964816
1520617003.416344881 -6.022577 2.434691 2.840699 -0.146227 0.136855 0.169973 0.964882
1520617003.466346979 -6.089689 2.354606 2.795424 -0.145594 0.131186 0.174141 0.965022
1520617003.516348839 -6.166314 2.212637 2.784024 -0.137303 0.123482 0.180712 0.966045
1520617003.566349983 -6.240103 2.095936 2.751005 -0.128371 0.114457 0.184844 0.967602
1520617003.616839647 -6.280727 2.083052 2.702277 -0.122600 0.107219 0.182141 0.969690
1520617003.666840553 -6.320780 2.071064 2.652852 -0.116817 0.099970 0.179420 0.971683
1520617003.716842651 -6.320780 2.071064 2.652852 -0.116817 0.099970 0.179420 0.971683
1520617003.766843557 -6.312769 2.073461 2.662737 -0.116817 0.099970 0.179420 0.971683
1520617003.816845655 -0.997786 0.063111 0.020965 0.010484 -0.011351 0.006498 0.999860
1520617003.866847754 -1.462892 0.159701 -0.007113 0.017523 -0.020791 0.006899 0.999606
1520617003.916848660 -1.934528 0.284430 -0.056651 0.023957 -0.031831 0.005757 0.999190
1520617003.966850519 -2.373806 0.440883 -0.126327 0.028640 -0.043176 0.005487 0.998642
1520617004.017410755 -2.676302 0.684736 -0.217957 0.031626 -0.056820 0.005793 0.997867
1520617004.067412853 -2.990642 0.865830 -0.331809 0.025769 -0.067276 0.009618 0.997355
1520617004.117413998 -3.314490 1.077721 -0.391872 0.013950 -0.071360 0.011390 0.997288
1520617004.167415857 -3.555541 1.350824 -0.421283 -0.002821 -0.069212 0.008810 0.997559
1520617004.217417002 -3.748913 1.647885 -0.396130 -0.021678 -0.059696 0.001952 0.997979
1520617004.267418861 -3.888168 1.963423 -0.338470 -0.037990 -0.048760 -0.004820 0.998076
1520617004.317420721 -4.021748 2.259182 -0.268033 -0.052758 -0.037741 -0.011525 0.997827
1520617004.367421865 -4.080094 2.538258 -0.158450 -0.067037 -0.023578 -0.021461 0.997241
1520617004.417423964 -4.125437 2.727559 -0.023008 -0.080511 -0.008194 -0.028949 0.996300
1520617004.467167854 -4.146700 2.783316 0.081467 -0.093775 0.006374 -0.034844 0.994963
1520617004.517169714 -4.171636 2.857084 0.308753 -0.095476 0.022772 -0.039936 0.994370
1520617004.567170858 -4.160768 2.849445 0.540047 -0.088687 0.033740 -0.044194 0.994506
1520617004.617172718 -4.217272 2.702295 0.834338 -0.080989 0.044941 -0.047140 0.994585
1520617004.667174578 -4.246378 2.525181 1.137870 -0.070844 0.055741 -0.049055 0.994720
1520617004.717175722 -4.294785 2.304602 1.416114 -0.062122 0.064709 -0.051464 0.994638
1520617004.767177820 -4.374508 2.056437 1.690341 -0.052686 0.072581 -0.053617 0.994526
1520617004.817179680 -4.471616 1.792865 1.965874 -0.042683 0.079014 -0.054717 0.994455
1520617004.866488695 -4.428146 1.846013 2.343349 -0.019947 0.081866 -0.061740 0.994529
1520617004.916490555 -4.551558 1.551852 2.591452 -0.006741 0.079486 -0.062462 0.994854
1520617004.966491461 -4.888295 1.247914 2.750681 0.004156 0.073548 -0.058322 0.995576
1520617005.016493559 -5.231825 0.967561 2.860725 0.013616 0.064641 -0.056612 0.996208
1520617005.066495419 -5.648912 0.731224 2.912284 0.023141 0.052763 -0.055142 0.996815
1520617005.116496325 -6.109159 0.488761 2.915956 0.032683 0.039157 -0.052962 0.997293
1520617005.166499615 -6.613946 0.205085 2.836210 0.043426 0.022484 -0.046389 0.997726
1520617005.216499567 -7.122637 -0.066903 2.708704 0.053244 0.005498 -0.038985 0.997805
1520617005.266826391 -7.598567 -0.354463 2.533921 0.057632 -0.011144 -0.032570 0.997744
1520617005.316826582 -8.063046 -0.520530 2.396378 0.062241 -0.027271 -0.028492 0.997282
1520617005.366903543 -8.518897 -0.645599 2.150921 0.064977 -0.045269 -0.023537 0.996582
1520617005.416829586 -8.974094 -0.774225 1.831276 0.067275 -0.066191 -0.017063 0.995390
1520617005.466831684 -9.434453 -0.937375 1.423313 0.066394 -0.090801 -0.008690 0.993615
1520617005.516832590 -9.856992 -0.990460 0.876704 0.066714 -0.120541 -0.003783 0.990457
1520617005.566834688 -10.241965 -1.006827 0.241369 0.068331 -0.152845 0.000565 0.985885
1520617005.616835594 -10.543120 -0.938560 -0.439490 0.070758 -0.185456 0.002919 0.980097
1520617005.667318821 -10.777288 -0.860532 -1.160150 0.074513 -0.217218 0.008511 0.973238
1520617005.717319965 -10.783686 -0.817166 -1.893524 0.068207 -0.250597 0.009950 0.965634
1520617005.767321825 -10.616325 -0.959179 -2.597309 0.058057 -0.282682 0.020824 0.957229
1520617005.817322731 -10.478920 -0.996469 -3.134055 0.039916 -0.308084 0.025450 0.950181
1520617005.867324829 -10.367419 -1.048260 -3.464226 0.017526 -0.325575 0.030283 0.944869
1520617005.917326927 -10.269994 -1.051742 -3.731280 -0.007970 -0.339191 0.031811 0.940146
1520617005.967327833 -10.191182 -1.109417 -3.897749 -0.031280 -0.348477 0.035471 0.936124
1520617006.017329931 -10.142120 -1.148413 -3.977757 -0.052174 -0.353840 0.038262 0.933065
1520617006.066761732 -10.174162 -1.144606 -3.955644 -0.075469 -0.352360 0.038089 0.932039
1520617006.116763830 -10.252663 -1.058464 -3.786449 -0.102382 -0.345218 0.034437 0.932286
1520617006.166764736 -10.392696 -0.956612 -3.395620 -0.127015 -0.328049 0.032205 0.935529
1520617006.216767073 -10.539327 -0.998305 -2.865551 -0.148029 -0.305402 0.038007 0.939879
1520617006.266768932 -10.698496 -0.919729 -2.214279 -0.168363 -0.276543 0.040577 0.945268
1520617006.316769838 -10.829922 -0.816965 -1.512286 -0.186546 -0.244712 0.043365 0.950493
1520617006.366771936 -10.921903 -0.540577 -0.813884 -0.201570 -0.212572 0.039309 0.955321
1520617006.416773796 -10.961617 -0.259354 -0.112230 -0.208897 -0.180121 0.034786 0.960577
1520617006.466332436 -10.960186 -0.220996 -0.019891 -0.215984 -0.147463 0.030222 0.964724
1520617006.516334295 -10.960186 -0.220996 -0.019891 -0.215984 -0.147463 0.030222 0.964724
1520617006.566335440 -10.960472 -0.228667 -0.038358 -0.215984 -0.147463 0.030222 0.964724
1520617006.616337299 0.962828 -0.110689 0.246393 0.027526 0.042424 -0.011427 0.998655
1520617006.666338205 1.461253 -0.254761 0.423821 0.042497 0.062710 -0.020923 0.996907
1520617006.716341496 2.040457 -0.307836 0.570113 0.061487 0.080313 -0.027846 0.994482
1520617006.766341448 2.581397 -0.526820 0.795231 0.073066 0.098530 -0.036495 0.991777
1520617006.816347361 3.228397 -0.650661 1.001987 0.091200 0.114021 -0.045955 0.988215
1520617006.866345406 3.887018 -0.877241 1.154559 0.111877 0.128841 -0.055985 0.983743
1520617006.916496277 4.519965 -1.248446 1.255477 0.132309 0.140607 -0.070868 0.978622
1520617006.966498613 5.097136 -1.541715 1.313252 0.150792 0.155155 -0.086172 0.972503
1520617007.016545534 5.658144 -1.719189 1.306741 0.166200 0.172898 -0.099036 0.965751
1520617007.066501379 6.196660 -1.782421 1.300120 0.176170 0.187287 -0.108898 0.960223
1520617007.116502523 6.658309 -1.721131 1.243743 0.180569 0.199733 -0.116821 0.955957
1520617007.166504383 7.085010 -1.610613 1.125426 0.178794 0.213183 -0.124898 0.952358
1520617007.216505527 7.452944 -1.499322 0.918649 0.170551 0.227238 -0.135920 0.949105
1520617007.266507626 7.744413 -1.330296 0.708802 0.159699 0.238384 -0.145985 0.946762
1520617007.316927671 8.053373 -1.248912 0.588731 0.149960 0.243393 -0.154735 0.945689
1520617007.366930008 8.210821 -0.970003 0.513848 0.143296 0.243783 -0.158013 0.946080
1520617007.416930914 8.255248 -0.725348 0.505288 0.136494 0.241119 -0.158362 0.947709
1520617007.466932774 8.245945 -0.483348 0.529486 0.131910 0.236695 -0.156429 0.949792
1520617007.516934872 8.170963 -0.287443 0.593813 0.127404 0.231128 -0.153057 0.952324
1520617007.566935778 8.033897 -0.136122 0.647055 0.124595 0.227004 -0.148627 0.954388
1520617007.616937637 7.859640 -0.056967 0.726150 0.124703 0.222149 -0.143220 0.956340
1520617007.666938782 7.639760 -0.003304 0.842615 0.126817 0.216639 -0.134059 0.958652
1520617007.716563463 7.432505 0.035506 1.003512 0.128522 0.209557 -0.125649 0.961135
1520617007.766564369 7.101438 0.050592 1.221191 0.129293 0.201296 -0.117680 0.963802
1520617007.816566229 6.795172 0.047837 1.406794 0.133804 0.192486 -0.107338 0.966191
1520617007.866568565 6.450386 -0.017314 1.591156 0.144019 0.185830 -0.097226 0.967095
1520617007.916569233 6.031176 -0.104917 1.781531 0.156934 0.176161 -0.086473 0.967916
1520617007.966571331 5.594831 -0.257429 1.978964 0.168552 0.162788 -0.075755 0.969201
1520617008.016573429 5.100044 -0.351005 2.184959 0.180981 0.148885 -0.064853 0.969986
1520617008.066574335 4.576363 -0.466520 2.368632 0.195368 0.134217 -0.054021 0.969999
1520617008.116702557 4.031484 -0.519046 2.598218 0.213029 0.121304 -0.041887 0.968581
1520617008.166703701 3.529600 -0.570327 2.751242 0.224651 0.103830 -0.035271 0.968250
1520617008.216705561 3.065802 -0.470135 2.859647 0.229418 0.087161 -0.027935 0.969015
1520617008.266706705 2.654578 -0.213407 2.901524 0.222047 0.071259 -0.015648 0.972303
1520617008.316708565 2.289003 0.207690 2.925613 0.203488 0.057946 -0.003424 0.977355
1520617008.366709471 2.045341 0.690531 2.865100 0.177543 0.050393 0.003486 0.982816
1520617008.416711569 1.956704 1.204663 2.745952 0.151466 0.050509 0.006428 0.987150
1520617008.466712475 1.990326 1.712408 2.619142 0.128378 0.056268 0.006168 0.990109
1520617008.517258644 2.290933 2.006460 2.323753 0.110827 0.062493 0.005950 0.991855
1520617008.567260742 2.447807 2.389189 2.253367 0.103599 0.072132 0.001326 0.991999
1520617008.617261648 2.770174 2.570905 2.195849 0.100663 0.083204 -0.005861 0.991418
1520617008.667280674 3.197360 2.567641 2.153100 0.104120 0.097262 -0.014032 0.989698
1520617008.717264652 3.633842 2.392052 2.130692 0.111387 0.111087 -0.020351 0.987339
1520617008.767266512 4.070792 2.063685 2.116486 0.121970 0.125498 -0.028050 0.984168
1520617008.817267656 4.513382 1.634628 2.094246 0.135839 0.140241 -0.034223 0.980158
1520617008.867269516 4.925723 1.151150 2.064105 0.150862 0.155007 -0.040664 0.975479
1520617008.917270422 5.314755 0.674094 2.020450 0.165138 0.168040 -0.047541 0.970686
1520617008.966611624 5.376434 0.596154 2.009449 0.179341 0.180999 -0.054396 0.965462
1520617009.016612768 5.376434 0.596154 2.009449 0.179341 0.180999 -0.054396 0.965462
1520617009.066614866 5.364098 0.611742 2.011649 0.179341 0.180999 -0.054396 0.965462
1520617009.116616726 0.360032 0.308617 0.880416 0.047659 0.030397 -0.018985 0.998220
1520617009.166617870 0.393471 0.346213 1.148797 0.064910 0.044279 -0.026677 0.996551
1520617009.216619730 0.524076 0.401975 1.280180 0.070894 0.053615 -0.030400 0.995578
1520617009.266620874 0.541546 0.407997 1.369994 0.061884 0.062500 -0.029690 0.995682
1520617009.316622734 0.605655 0.527402 1.399630 0.045162 0.069848 -0.030480 0.996069
1520617009.367223024 0.613366 0.285506 1.235040 0.024226 0.071868 -0.019216 0.996935
1520617009.417223930 0.617916 0.200761 1.182146 0.003275 0.073847 -0.007942 0.997233
1520617009.467226028 0.617916 0.200761 1.182146 0.003275 0.073847 -0.007942 0.997233
1520617009.517226934 0.617006 0.217710 1.192725 0.003275 0.073847 -0.007942 0.997233
1520617009.567229033 0.616278 0.231269 1.201188 0.003275 0.073847 -0.007942 0.997233
1520617009.617230177 0.615696 0.242117 1.207958 0.003275 0.073847 -0.007942 0.997233
1520617009.667232990 0.615230 0.250794 1.213375 0.003275 0.073847 -0.007942 0.997233
1520617009.717233181 -0.895087 -0.416055 -0.160367 0.005561 -0.037112 0.005779 0.999279
1520617009.766969919 -0.952868 -0.619867 -0.195894 0.012460 -0.047293 0.008004 0.998771
1520617009.816970825 -1.052564 -0.659535 -0.148213 0.020159 -0.050425 0.005512 0.998509
1520617009.866972685 -1.126095 -0.635183 -0.183012 0.023434 -0.055945 0.004991 0.998146
1520617009.916973829 -1.201946 -0.562297 -0.193577 0.020942 -0.061030 0.004294 0.997907
1520617009.966975689 -1.207275 -0.473027 -0.221293 0.011611 -0.064673 0.004411 0.997829
1520617010.016976595 -1.228034 -0.338869 -0.210430 -0.000658 -0.064287 0.004869 0.997919
1520617010.066979885 -1.206819 -0.235886 -0.195972 -0.011842 -0.062517 0.008862 0.997934
1520617010.116979599 -1.193328 -0.204297 -0.172774 -0.019720 -0.059421 0.013400 0.997948
1520617010.167055130 -1.170000 -0.271541 -0.170568 -0.021343 -0.055131 0.017874 0.998091
1520617010.217056274 -1.154559 -0.298986 -0.120048 -0.014818 -0.050597 0.019120 0.998426
1520617010.267058134 -1.084273 -0.475788 -0.100299 -0.007042 -0.047964 0.018783 0.998648
1520617010.317059994 -1.043780 -0.571460 -0.076571 0.002600 -0.044341 0.016669 0.998874
1520617010.367061138 -0.978396 -0.658675 -0.071732 0.008483 -0.040862 0.013537 0.999037
1520617010.417062044 -0.930745 -0.685990 -0.065948 0.010651 -0.037241 0.010173 0.999198
1520617010.467064142 -0.883501 -0.657955 -0.047093 0.010109 -0.034055 0.009120 0.999327
1520617010.517065287 -0.849209 -0.626721 -0.039368 0.006442 -0.032460 0.010434 0.999398
1520617010.566926479 -0.843676 -0.591947 -0.058185 0.001711 -0.032037 0.012428 0.999408
1520617010.616927862 -0.842231 -0.564620 -0.035642 -0.000830 -0.031435 0.013860 0.999409
1520617010.666929722 -0.859507 -0.598915 -0.025988 -0.001638 -0.031646 0.015098 0.999384
1520617010.716931820 -0.889475 -0.652627 -0.002958 0.001306 -0.033387 0.015990 0.999314
1520617010.766932726 -0.927181 -0.700299 0.015432 0.006367 -0.035960 0.016584 0.999195
1520617010.816934586 -0.967591 -0.708582 0.044179 0.011443 -0.039417 0.016574 0.999020
1520617010.866935730 -0.998833 -0.740597 0.034469 0.012646 -0.043615 0.015756 0.998844
1520617010.916937828 -1.031721 -0.754987 0.028749 0.011007 -0.047306 0.015392 0.998701
1520617010.966972828 -1.062680 -0.749866 0.031505 0.008991 -0.050290 0.016184 0.998563
1520617011.016974926 -1.078510 -0.737269 0.026755 0.007540 -0.052086 0.016440 0.998479
1520617011.066977024 -1.100544 -0.722527 0.032073 0.006422 -0.052944 0.015811 0.998452
1520617011.116977930 -1.114643 -0.724362 0.033035 0.004922 -0.053811 0.015939 0.998412
1520617011.166979790 -1.127667 -0.721243 0.035676 0.003907 -0.054780 0.016732 0.998351
1520617011.216980934 -1.132947 -0.726034 0.039880 0.002866 -0.055236 0.017563 0.998315
1520617011.266982794 -1.138248 -0.732560 0.046153 0.001518 -0.054900 0.017973 0.998329
1520617011.316984892 -1.137455 -0.745647 0.055466 -0.001397 -0.054500 0.020148 0.998309
1520617011.366986036 -1.143242 -0.758646 0.056901 -0.008085 -0.055735 0.023737 0.998131
1520617011.417001724 -1.141829 -0.755714 0.067608 -0.018187 -0.056197 0.023442 0.997979
1520617011.467003584 -1.145663 -0.720017 0.084872 -0.025855 -0.054601 0.019917 0.997975
1520617011.517005682 -1.150294 -0.715297 0.095240 -0.028937 -0.053030 0.017317 0.998023
1520617011.567006826 -1.153464 -0.722684 0.091638 -0.027519 -0.054678 0.015681 0.998002
1520617011.617007732 -1.159052 -0.721331 0.068783 -0.022972 -0.058699 0.012684 0.997931
1520617011.667009592 -1.173101 -0.724889 0.057210 -0.014008 -0.060281 0.007615 0.998054
1520617011.717010736 -1.176638 -0.735794 0.051494 -0.005773 -0.061058 0.003544 0.998111
1520617011.767012596 -1.183717 -0.749724 0.031186 -0.002724 -0.063537 0.003117 0.997971
1520617011.816890717 -1.195965 -0.748354 -0.002462 -0.006932 -0.067016 0.005582 0.997712
1520617011.866893530 -1.208942 -0.733399 -0.022346 -0.014382 -0.070736 0.009962 0.997342
1520617011.916892767 -1.212543 -0.744443 -0.029848 -0.020105 -0.073408 0.016846 0.996957
1520617011.966894627 -1.226273 -0.763070 -0.031240 -0.022448 -0.074998 0.019654 0.996737
1520617012.016895771 -1.228579 -0.761590 -0.017483 -0.018820 -0.073920 0.018391 0.996917
1520617012.066897631 -1.223035 -0.792451 -0.010574 -0.010727 -0.072707 0.018876 0.997117
1520617012.116898537 -1.203920 -0.813377 -0.007299 -0.004051 -0.071386 0.018362 0.997272
1520617012.166900635 -1.216744 -0.815131 0.020902 -0.002893 -0.071625 0.018256 0.997260
1520617012.216942549 -1.221872 -0.823558 0.016170 -0.006576 -0.074076 0.020424 0.997022
1520617012.266944408 -1.225359 -0.820203 0.016591 -0.011883 -0.075863 0.020737 0.996832
1520617012.316946507 -1.240398 -0.811541 0.049264 -0.013026 -0.074663 0.021922 0.996883
1520617012.366947651 -1.232642 -0.830244 0.098352 -0.008573 -0.068998 0.020428 0.997371
1520617012.416949511 -1.233343 -0.831677 0.127274 -0.005019 -0.068122 0.018794 0.997487
1520617012.466950655 -1.243737 -0.803715 0.123538 -0.003211 -0.068663 0.016398 0.997500
1520617012.516952515 -1.246352 -0.816992 0.132686 -0.002202 -0.070050 0.017020 0.997396
1520617012.566953421 -1.251824 -0.874533 0.154364 -0.001813 -0.071814 0.022301 0.997167
1520617012.616968632 -1.241788 -0.900015 0.154614 -0.002144 -0.073570 0.024196 0.996994
1520617012.666970730 -1.237103 -0.915649 0.141710 -0.000901 -0.077735 0.026304 0.996627
1520617012.716971874 -1.246426 -0.927554 0.141203 0.001656 -0.080075 0.026356 0.996439
1520617012.766973734 -1.232549 -0.919699 0.129739 0.006427 -0.079566 0.023890 0.996523
1520617012.816974640 -1.215441 -0.937371 0.118244 0.010316 -0.080677 0.021633 0.996452
1520617012.866976738 -1.226265 -0.964779 0.100318 0.012648 -0.084450 0.024595 0.996044
1520617012.916977644 -1.245178 -0.975359 0.089549 0.011266 -0.087958 0.026078 0.995719
1520617012.966979504 -1.241804 -0.968365 0.080592 0.008438 -0.090695 0.026156 0.995499
1520617013.017035484 -1.256054 -0.987435 0.079478 0.007183 -0.091772 0.027335 0.995379
1520617013.067037344 -1.231361 -0.981831 0.057462 0.008427 -0.091641 0.030257 0.995297
1520617013.117038250 -1.238163 -1.002594 0.084620 0.006686 -0.090007 0.031598 0.995417
1520617013.167040586 -1.233551 -0.994057 0.097436 0.004636 -0.088167 0.032326 0.995570
1520617013.217041492 -1.229307 -0.987237 0.103978 0.003017 -0.087104 0.031649 0.995692
1520617013.267043352 -1.240651 -0.967261 0.095451 0.003661 -0.087905 0.030910 0.995642
1520617013.317044497 -1.230368 -0.974842 0.075926 0.004907 -0.088767 0.031661 0.995537
1520617013.367046356 -1.222867 -0.962301 0.068629 0.004953 -0.088952 0.030985 0.995542
1520617013.417049646 -1.223410 -0.948500 0.072821 0.002165 -0.089527 0.032540 0.995450
1520617013.467054605 -1.205860 -0.944411 0.064147 -0.002149 -0.088777 0.034267 0.995460
1520617013.517052650 -1.181869 -0.929477 0.086977 -0.004557 -0.084625 0.036359 0.995739
1520617013.567054510 -1.162632 -0.903743 0.140720 -0.007610 -0.077696 0.038442 0.996207
1520617013.617055655 -1.147319 -0.882733 0.162473 -0.013118 -0.072340 0.038495 0.996551
1520617013.667143583 -1.120062 -0.846419 0.183690 -0.018177 -0.068377 0.037076 0.996805
1520617013.717058659 -1.082933 -0.821296 0.177319 -0.020113 -0.066072 0.035904 0.996966
1520617013.767060757 -1.062193 -0.807755 0.188817 -0.020446 -0.063785 0.034800 0.997147
1520617013.817061663 -1.036621 -0.808672 0.191867 -0.020625 -0.060923 0.035970 0.997281
1520617013.866967440 -1.012069 -0.777845 0.194798 -0.020391 -0.056826 0.035576 0.997542
1520617013.916969538 -0.997534 -0.760629 0.207845 -0.017929 -0.054709 0.035619 0.997706
1520617013.966970682 -0.983934 -0.764801 0.204743 -0.016236 -0.053431 0.035166 0.997820
1520617014.016972542 -0.968990 -0.760141 0.205599 -0.016162 -0.052882 0.035754 0.997830
1520617014.066973448 -0.949856 -0.763016 0.196321 -0.017544 -0.052618 0.037488 0.997757
1520617014.116975546 -0.943827 -0.756710 0.211207 -0.020246 -0.052355 0.039809 0.997629
1520617014.166976452 -0.929034 -0.759475 0.200008 -0.022982 -0.052286 0.041215 0.997517
1520617014.216978550 -0.917232 -0.770441 0.203930 -0.022413 -0.052572 0.042905 0.997443
1520617014.266916513 -0.913895 -0.767083 0.211911 -0.019245 -0.052319 0.043441 0.997500
1520617014.316917419 -0.906271 -0.790837 0.220843 -0.014343 -0.051755 0.043695 0.997600
1520617014.366919518 -0.906658 -0.797018 0.232678 -0.008949 -0.050029 0.042104 0.997820
1520617014.416920662 -0.912921 -0.818173 0.252093 -0.005135 -0.048642 0.040562 0.997979
