1520616724.357818365 0.0 0.0 0.0 0.0 0.0 0.0 1.0
1520616724.407773018 0.000000 0.000000 0.000000 0.000000 0.000000 0.000000 1.000000
1520616724.457774878 -0.000646 -0.003359 -0.001093 -0.001235 -0.000539 0.003116 0.999994
1520616724.507776022 0.000527 -0.007407 -0.002044 -0.003337 -0.000281 0.007836 0.999964
1520616724.557777882 0.002753 -0.008346 -0.001011 -0.002645 0.004474 0.010395 0.999932
1520616724.607778788 0.002681 -0.005159 0.000555 -0.000347 0.009968 0.011898 0.999879
1520616724.657780886 0.008510 -0.010803 0.001607 -0.000764 0.015325 0.010914 0.999823
1520616724.707781792 0.009875 -0.012523 0.002511 -0.001650 0.017880 0.016080 0.999709
1520616724.757783890 0.008872 -0.012243 0.003050 -0.006917 0.021284 0.022409 0.999498
1520616724.807788849 0.010689 -0.011202 0.003293 -0.015177 0.023761 0.025000 0.999290
1520616724.857789755 0.009580 -0.010236 0.001806 -0.022303 0.022266 0.026144 0.999161
1520616724.907791853 0.008619 -0.010050 -0.000208 -0.026777 0.017215 0.029013 0.999072
1520616724.957894802 0.008399 -0.012243 -0.001412 -0.026695 0.015997 0.030501 0.999050
1520616725.007794619 0.008853 -0.013338 -0.001561 -0.024024 0.015048 0.032098 0.999083
1520616725.057795763 0.006849 -0.015134 -0.002806 -0.021325 0.013603 0.034919 0.999070
1520616725.107797861 0.008157 -0.017900 -0.003430 -0.019109 0.015553 0.032555 0.999166
1520616725.157799006 0.009569 -0.020153 -0.003317 -0.015727 0.017770 0.029571 0.999281
1520616725.207800865 0.010327 -0.020826 -0.004504 -0.013152 0.017496 0.028419 0.999356
1520616725.257856369 0.010220 -0.020218 -0.005483 -0.011798 0.016247 0.028535 0.999391
1520616725.307858467 0.011038 -0.021282 -0.006958 -0.011588 0.014898 0.029445 0.999388
1520616725.357859373 0.012053 -0.019312 -0.007982 -0.014149 0.015045 0.027357 0.999412
1520616725.407861233 0.011630 -0.017031 -0.009097 -0.020540 0.014279 0.025486 0.999362
1520616725.457863331 0.010729 -0.015136 -0.010050 -0.029161 0.012027 0.026228 0.999158
1520616725.507864237 0.008878 -0.013808 -0.011211 -0.036975 0.009335 0.029805 0.998828
1520616725.557866335 0.007567 -0.013647 -0.012090 -0.042237 0.007124 0.032673 0.998548
1520616725.607868433 0.006926 -0.012952 -0.012221 -0.045288 0.005959 0.032932 0.998413
1520616725.657862425 0.005970 -0.012971 -0.011988 -0.046564 0.004324 0.031602 0.998406
1520616725.707863331 0.004959 -0.013030 -0.011125 -0.046002 0.003729 0.029704 0.998493
1520616725.757865429 0.004554 -0.013081 -0.010498 -0.043772 0.002807 0.027339 0.998663
1520616725.807866335 0.003430 -0.012980 -0.009656 -0.040326 0.001935 0.026177 0.998842
1520616725.857868195 0.003242 -0.013750 -0.009082 -0.036499 0.001960 0.024302 0.999036
1520616725.907871485 0.003599 -0.015248 -0.008244 -0.033330 0.001918 0.023388 0.999169
1520616725.957871437 0.002790 -0.014843 -0.006794 -0.030962 0.002271 0.022603 0.999262
1520616726.007873297 0.002141 -0.012554 -0.005617 -0.029331 0.003188 0.022579 0.999310
1520616726.057950258 0.002637 -0.012696 -0.004624 -0.029359 0.003271 0.023925 0.999277
1520616726.107951164 0.002660 -0.013173 -0.003688 -0.029460 0.003768 0.025157 0.999242
1520616726.157953262 0.003711 -0.013092 -0.003717 -0.028377 0.004016 0.024605 0.999286
1520616726.207954168 0.004295 -0.012840 -0.002852 -0.025360 0.004451 0.023130 0.999401
1520616726.257956028 0.004687 -0.013951 -0.002217 -0.022099 0.005364 0.022040 0.999498
1520616726.307958364 0.006652 -0.013837 -0.001785 -0.021005 0.008068 0.020392 0.999539
1520616726.357959270 0.007033 -0.011090 -0.001823 -0.023377 0.008589 0.018833 0.999512
1520616726.407961130 0.008512 -0.010071 -0.002251 -0.029533 0.010405 0.016535 0.999373
1520616726.457912922 0.009673 -0.007725 -0.003196 -0.036729 0.011508 0.015435 0.999140
1520616726.507915020 0.010598 -0.007588 -0.003759 -0.041771 0.010639 0.016887 0.998928
1520616726.557915926 0.011309 -0.007619 -0.003122 -0.040763 0.011351 0.017548 0.998950
1520616726.607916832 0.012802 -0.008821 -0.001678 -0.033999 0.013962 0.016542 0.999187
1520616726.657918930 0.013397 -0.011810 -0.000281 -0.025856 0.015686 0.016696 0.999403
1520616726.707920790 0.014119 -0.013794 -0.000045 -0.020885 0.017034 0.018232 0.999470
1520616726.757921934 0.014595 -0.014715 -0.000201 -0.021406 0.018178 0.020156 0.999402
1520616726.807924032 0.014727 -0.014733 -0.000397 -0.024765 0.019265 0.020774 0.999292
1520616726.857948065 0.014873 -0.013111 -0.000272 -0.026655 0.019638 0.020518 0.999241
1520616726.907950163 0.013791 -0.013541 0.000190 -0.025056 0.018592 0.020086 0.999311
1520616726.957951307 0.013937 -0.014241 0.000258 -0.020266 0.017779 0.020082 0.999435
1520616727.007953167 0.013835 -0.014731 0.000531 -0.014616 0.017995 0.021097 0.999509
1520616727.057955027 0.014555 -0.015147 0.000543 -0.008486 0.019692 0.022206 0.999523
1520616727.107956171 0.014906 -0.016949 0.000479 -0.003056 0.020070 0.024202 0.999501
1520616727.157958031 0.014992 -0.017827 0.000275 0.000171 0.020641 0.024094 0.999497
1520616727.207958937 0.014651 -0.016695 -0.000601 -0.000293 0.021149 0.025555 0.999450
1520616727.257899046 0.014252 -0.015586 -0.001513 -0.003605 0.021320 0.026703 0.999410
1520616727.307899952 0.013367 -0.015354 -0.002410 -0.009335 0.021469 0.027231 0.999355
1520616727.357901812 0.013815 -0.013558 -0.003180 -0.015563 0.020141 0.027706 0.999292
1520616727.407903910 0.013724 -0.011712 -0.004350 -0.020639 0.020607 0.026688 0.999218
1520616727.457904816 0.013244 -0.012192 -0.005183 -0.023088 0.020703 0.025569 0.999192
1520616727.507906914 0.014752 -0.012186 -0.005995 -0.022118 0.020913 0.024392 0.999239
1520616727.557909012 0.014149 -0.012197 -0.005791 -0.018750 0.022068 0.023339 0.999308
1520616727.607909918 0.014494 -0.015501 -0.006337 -0.015960 0.022672 0.022646 0.999359
1520616727.657911777 0.013311 -0.015011 -0.006196 -0.012777 0.022878 0.022862 0.999395
1520616727.707913160 0.012129 -0.014435 -0.006364 -0.010770 0.022784 0.022781 0.999423
1520616727.757913351 0.011334 -0.015520 -0.006593 -0.010926 0.022253 0.023386 0.999419
1520616727.807916403 0.009877 -0.014729 -0.007672 -0.010690 0.021791 0.023592 0.999427
1520616727.857917070 0.009323 -0.014172 -0.008575 -0.010090 0.021343 0.023459 0.999446
1520616727.907918453 0.006873 -0.015387 -0.009229 -0.009178 0.020459 0.023844 0.999464
1520616727.957920313 0.006713 -0.014997 -0.010272 -0.007765 0.019110 0.024323 0.999491
1520616728.007921219 0.005313 -0.016664 -0.010789 -0.008841 0.018230 0.024258 0.999500
1520616728.057923317 0.003216 -0.014847 -0.011687 -0.011466 0.016988 0.024047 0.999501
1520616728.107905865 0.003594 -0.015059 -0.013535 -0.015693 0.015648 0.023021 0.999489
1520616728.157907724 0.001972 -0.013065 -0.013980 -0.018798 0.015194 0.021631 0.999474
1520616728.207920551 0.002623 -0.014345 -0.015143 -0.021401 0.013760 0.021647 0.999442
1520616728.257910728 0.001321 -0.014078 -0.015494 -0.021991 0.012644 0.022157 0.999433
1520616728.307912588 0.001067 -0.014146 -0.015539 -0.021885 0.012134 0.022353 0.999437
1520616728.357913494 0.001167 -0.014711 -0.016053 -0.021528 0.011732 0.022666 0.999442
1520616728.407915831 0.000533 -0.014143 -0.016260 -0.020621 0.011899 0.022423 0.999465
1520616728.457916737 0.000503 -0.014153 -0.016625 -0.020217 0.011627 0.022600 0.999473
1520616728.507941723 0.000258 -0.013631 -0.016755 -0.020420 0.011580 0.022772 0.999465
1520616728.557942867 -0.000586 -0.015032 -0.017127 -0.021650 0.011609 0.022739 0.999440
1520616728.607944727 -0.001037 -0.017645 -0.017848 -0.022949 0.011223 0.022800 0.999414
1520616728.657946587 -0.002479 -0.014599 -0.018105 -0.022464 0.010769 0.022703 0.999432
1520616728.707947731 -0.002198 -0.014908 -0.018426 -0.022897 0.009937 0.022736 0.999430
1520616728.757949591 -0.002574 -0.016319 -0.018681 -0.023973 0.009377 0.022933 0.999406
1520616728.807950497 -0.002505 -0.018083 -0.018822 -0.025403 0.008898 0.023164 0.999369
1520616728.857952833 -0.002512 -0.019553 -0.018812 -0.026495 0.009201 0.023085 0.999340
1520616728.907965422 -0.002465 -0.017442 -0.018730 -0.026541 0.009712 0.023777 0.999318
1520616728.957967281 -0.002097 -0.014983 -0.019112 -0.026679 0.010155 0.024451 0.999293
1520616729.007968426 -0.001710 -0.013506 -0.019156 -0.027495 0.010154 0.025438 0.999247
1520616729.057970524 -0.001246 -0.017857 -0.019139 -0.029800 0.010328 0.026222 0.999158
1520616729.107972622 -0.000475 -0.015829 -0.019326 -0.029876 0.010313 0.026635 0.999145
1520616729.157973528 -0.000014 -0.015868 -0.018935 -0.030182 0.010790 0.026559 0.999133
1520616729.207975388 0.000373 -0.014572 -0.018644 -0.030511 0.011286 0.025863 0.999136
1520616729.257977486 0.002196 -0.015999 -0.018644 -0.031976 0.010933 0.025184 0.999111
1520616729.307996511 0.002159 -0.013633 -0.017991 -0.032157 0.011224 0.024365 0.999123
1520616729.357998610 0.002879 -0.013043 -0.018101 -0.032331 0.011253 0.023768 0.999131
1520616729.408000469 0.002805 -0.013686 -0.018306 -0.032149 0.012021 0.023475 0.999135
1520616729.458001375 0.003721 -0.015983 -0.018071 -0.031920 0.012611 0.023780 0.999128
1520616729.508002520 0.006130 -0.016294 -0.018146 -0.030678 0.012829 0.024016 0.999158
1520616729.558004379 0.005435 -0.015882 -0.018043 -0.029314 0.013537 0.024219 0.999185
1520616729.608006477 0.007589 -0.014888 -0.018235 -0.028537 0.013159 0.024670 0.999202
1520616729.658007622 0.007624 -0.014485 -0.018255 -0.028736 0.012981 0.024867 0.999193
1520616729.708018541 0.007075 -0.015199 -0.017553 -0.029890 0.012848 0.024141 0.999179
1520616729.758019209 0.007711 -0.015247 -0.018072 -0.030919 0.011749 0.023776 0.999170
1520616729.808020592 0.006966 -0.012538 -0.017465 -0.031388 0.011151 0.022966 0.999181
1520616729.858068466 0.006275 -0.011673 -0.018489 -0.032331 0.010642 0.022813 0.999160
1520616729.908024311 0.005015 -0.012506 -0.017860 -0.033504 0.010369 0.022816 0.999124
1520616729.958025455 0.005423 -0.013845 -0.017834 -0.034431 0.010001 0.022886 0.999095
1520616730.008027315 0.005261 -0.013688 -0.017805 -0.034498 0.009910 0.023198 0.999086
1520616730.058028221 0.004693 -0.014951 -0.017853 -0.034548 0.010051 0.023301 0.999081
1520616730.108030558 0.004692 -0.013488 -0.017656 -0.033633 0.009848 0.023314 0.999114
1520616730.158037663 0.004490 -0.011822 -0.017688 -0.032565 0.009652 0.022946 0.999160
1520616730.208039761 0.003947 -0.013793 -0.017934 -0.032395 0.009316 0.021972 0.999190
1520616730.258041859 0.003629 -0.013479 -0.017789 -0.031737 0.008657 0.020798 0.999242
1520616730.308042765 0.003106 -0.013986 -0.017763 -0.031730 0.008186 0.019579 0.999271
1520616730.358044624 0.003338 -0.013615 -0.018145 -0.031887 0.007596 0.018710 0.999287
1520616730.408045769 0.003655 -0.012710 -0.018374 -0.031851 0.007437 0.018327 0.999297
1520616730.458047628 0.003898 -0.012881 -0.018383 -0.031660 0.007701 0.018282 0.999302
1520616730.508049726 0.003795 -0.014097 -0.018184 -0.031339 0.008768 0.018402 0.999301
1520616730.558050871 0.004037 -0.012510 -0.018370 -0.029818 0.009970 0.018830 0.999328
1520616730.608051777 0.004728 -0.015536 -0.017991 -0.029481 0.010894 0.019127 0.999323
1520616730.658053637 0.005415 -0.013841 -0.018009 -0.028172 0.011248 0.019331 0.999353
1520616730.708055735 0.006491 -0.013664 -0.018134 -0.027964 0.011690 0.019288 0.999354
1520616730.758056641 0.006636 -0.015488 -0.018414 -0.028726 0.012419 0.019337 0.999323
1520616730.808058739 0.006371 -0.016766 -0.017936 -0.029525 0.012878 0.019110 0.999298
1520616730.858060837 0.005863 -0.013667 -0.017409 -0.029613 0.012836 0.017906 0.999319
1520616730.908062696 0.005064 -0.015335 -0.016437 -0.031923 0.011942 0.016299 0.999286
1520616730.958051682 0.004057 -0.014928 -0.014971 -0.034095 0.010488 0.014773 0.999254
1520616731.008053780 -0.000937 -0.018776 -0.012269 -0.036655 0.009539 0.013952 0.999185
1520616731.058054686 -0.006492 -0.022361 -0.008882 -0.035949 0.006856 0.013955 0.999233
1520616731.108055592 -0.014490 -0.032959 -0.003436 -0.032418 0.003615 0.014558 0.999362
1520616731.158057690 -0.022711 -0.043956 0.001894 -0.024687 -0.000013 0.014200 0.999594
1520616731.208058596 -0.034342 -0.058798 0.009016 -0.015265 -0.004335 0.012129 0.999801
1520616731.258060694 -0.048966 -0.079455 0.016113 -0.007069 -0.008008 0.009751 0.999895
1520616731.308061600 -0.066031 -0.099234 0.023358 0.000499 -0.011138 0.006196 0.999919
1520616731.358057022 -0.086605 -0.118829 0.029847 0.006393 -0.014851 0.004179 0.999861
1520616731.408058882 -0.110474 -0.139101 0.035573 0.011141 -0.018290 0.005064 0.999758
1520616731.458060026 -0.135614 -0.159067 0.040277 0.017324 -0.019899 0.006911 0.999628
1520616731.508141756 -0.163535 -0.178301 0.044398 0.026792 -0.023129 0.011595 0.999306
1520616731.558062792 -0.193483 -0.195364 0.047028 0.038437 -0.029088 0.019844 0.998640
1520616731.608065128 -0.224089 -0.206604 0.048100 0.049529 -0.037649 0.029673 0.997622
1520616731.658066034 -0.254276 -0.212023 0.047621 0.054940 -0.047847 0.039023 0.996579
1520616731.708067894 -0.282795 -0.208867 0.044927 0.052724 -0.057076 0.046076 0.995911
1520616731.757885695 -0.308089 -0.197907 0.041306 0.043288 -0.065963 0.050815 0.995587
1520616731.807887793 -0.331431 -0.180492 0.034979 0.029904 -0.073754 0.052737 0.995432
1520616731.857889891 -0.349968 -0.160361 0.028696 0.016792 -0.082505 0.053621 0.995005
1520616731.907890797 -0.365437 -0.137610 0.021877 0.006185 -0.091853 0.054529 0.994259
1520616731.957892895 -0.376450 -0.115504 0.014957 -0.001121 -0.102347 0.055300 0.993210
1520616732.007893801 -0.384058 -0.094317 0.008732 -0.005657 -0.112802 0.055374 0.992057
1520616732.057895660 -0.385852 -0.071927 0.003577 -0.008629 -0.120730 0.051186 0.991327
1520616732.107896805 -0.382683 -0.049272 -0.000995 -0.013710 -0.124991 0.045433 0.991022
1520616732.157942772 -0.375702 -0.026730 -0.005113 -0.023227 -0.126111 0.041029 0.990895
1520616732.207943678 -0.364430 -0.003764 -0.008971 -0.035098 -0.126086 0.037853 0.990675
1520616732.257945538 -0.348142 0.015895 -0.012252 -0.045927 -0.125537 0.034584 0.990422
1520616732.307947874 -0.327784 0.033386 -0.014710 -0.053693 -0.124399 0.030587 0.990306
1520616732.357948780 -0.303083 0.048786 -0.016459 -0.058313 -0.122227 0.027034 0.990419
1520616732.407950640 -0.274489 0.061623 -0.017473 -0.061409 -0.118775 0.025297 0.990698
1520616732.457952738 -0.242285 0.073115 -0.018084 -0.064274 -0.115253 0.026440 0.990902
1520616732.507953644 -0.205417 0.080958 -0.018128 -0.067261 -0.110419 0.027979 0.991212
1520616732.557955742 -0.164841 0.086582 -0.018088 -0.068391 -0.106511 0.028387 0.991550
1520616732.608239174 -0.119548 0.092656 -0.017523 -0.066598 -0.104205 0.027390 0.991946
1520616732.658241034 -0.071813 0.095109 -0.017411 -0.064096 -0.102082 0.023969 0.992420
1520616732.708242178 -0.022743 0.095911 -0.018403 -0.061475 -0.099788 0.019320 0.992920
1520616732.758244038 0.028863 0.097289 -0.019203 -0.058738 -0.096300 0.014423 0.993513
1520616732.808248043 0.081316 0.098743 -0.021096 -0.056813 -0.092525 0.011303 0.994024
1520616732.858247280 0.134077 0.098863 -0.023922 -0.056583 -0.088940 0.009124 0.994387
1520616732.908249140 0.186843 0.099162 -0.027872 -0.058433 -0.085015 0.006014 0.994647
1520616732.958250046 0.239269 0.100091 -0.033461 -0.063612 -0.081484 0.001696 0.994641
1520616733.008350372 0.293352 0.100830 -0.040265 -0.071497 -0.076311 -0.002827 0.994513
1520616733.058351278 0.344018 0.101667 -0.049189 -0.079295 -0.068937 -0.005171 0.994451
1520616733.108353376 0.394212 0.103364 -0.058970 -0.083950 -0.060257 -0.006034 0.994628
1520616733.158354521 0.441403 0.103790 -0.070079 -0.085378 -0.052330 -0.003419 0.994968
1520616733.208356380 0.488011 0.103181 -0.081702 -0.082523 -0.042979 0.003776 0.995655
1520616733.258357286 0.534582 0.100864 -0.094283 -0.076920 -0.031534 0.008552 0.996502
1520616733.308359385 0.582422 0.098901 -0.107999 -0.070474 -0.020552 0.009597 0.997256
1520616733.358360291 0.631625 0.097264 -0.123265 -0.064951 -0.011551 0.006583 0.997800
1520616733.408395529 0.681064 0.098001 -0.140200 -0.060854 -0.004327 0.001507 0.998136
1520616733.458397388 0.729893 0.097962 -0.159608 -0.060732 0.001434 -0.005571 0.998138
1520616733.508398533 0.778207 0.099095 -0.179436 -0.064727 0.008385 -0.011251 0.997804
1520616733.558400631 0.825373 0.099765 -0.198929 -0.072496 0.015967 -0.014435 0.997136
1520616733.608401775 0.870707 0.099576 -0.216832 -0.082704 0.024816 -0.015551 0.996144
1520616733.658403635 0.915128 0.097585 -0.232426 -0.091475 0.036327 -0.015680 0.995021
1520616733.708404541 0.958528 0.092869 -0.244347 -0.096327 0.049407 -0.015261 0.994006
1520616733.758406639 0.998735 0.085204 -0.252601 -0.097970 0.062562 -0.014053 0.993122
1520616733.808284521 1.034919 0.075572 -0.258914 -0.098203 0.073991 -0.013831 0.992316
1520616733.858286381 1.068592 0.065243 -0.261080 -0.098142 0.083048 -0.016265 0.991568
1520616733.908288240 1.098542 0.054397 -0.259914 -0.098349 0.090552 -0.019466 0.990832
1520616733.958289385 1.124696 0.041495 -0.255266 -0.098697 0.097472 -0.023027 0.990065
1520616734.008291245 1.145233 0.026456 -0.248139 -0.098320 0.102893 -0.027598 0.989437
1520616734.058292389 1.159878 0.008094 -0.239240 -0.094037 0.105735 -0.032568 0.989402
1520616734.108294487 1.167496 -0.014523 -0.227246 -0.083995 0.104871 -0.039122 0.990160
1520616734.158296347 1.169154 -0.040353 -0.213401 -0.068752 0.100924 -0.045474 0.991473
1520616734.208430290 1.163760 -0.068294 -0.198490 -0.051405 0.093915 -0.049309 0.993029
1520616734.258431435 1.150658 -0.098028 -0.184983 -0.034328 0.085150 -0.049180 0.994561
1520616734.308432341 1.131465 -0.129514 -0.172176 -0.020304 0.080859 -0.048337 0.995346
1520616734.358434677 1.107980 -0.158360 -0.160059 -0.009716 0.077226 -0.046819 0.995866
1520616734.408436537 1.080142 -0.185154 -0.149206 -0.002506 0.073246 -0.047483 0.996180
1520616734.458437443 1.047223 -0.205909 -0.138699 0.003643 0.068883 -0.048592 0.996434
1520616734.508438587 1.009554 -0.225712 -0.129530 0.008564 0.063342 -0.046737 0.996860
1520616734.558440447 0.968750 -0.243944 -0.121947 0.012294 0.059960 -0.042860 0.997204
1520616734.608036041 0.919287 -0.258984 -0.113690 0.015481 0.058957 -0.036115 0.997487
1520616734.658036947 0.870333 -0.273660 -0.109465 0.015563 0.055357 -0.025569 0.998018
1520616734.708039284 0.820551 -0.277831 -0.106406 0.013821 0.051542 -0.017324 0.998425
1520616734.758039951 0.768774 -0.279604 -0.105576 0.010003 0.043425 -0.010701 0.998949
1520616734.808042049 0.714090 -0.272347 -0.104488 0.007497 0.032998 -0.004746 0.999416
1520616734.858043194 0.658689 -0.259043 -0.104846 0.005438 0.021447 0.003287 0.999750
1520616734.908045053 0.603284 -0.241572 -0.105774 0.002839 0.010182 0.009877 0.999895
1520616734.958045959 0.549933 -0.224128 -0.108220 -0.003752 0.002017 0.011538 0.999924
1520616735.008048058 0.495300 -0.196014 -0.110678 -0.015036 -0.005434 0.010015 0.999822
1520616735.057911396 0.447204 -0.169858 -0.113961 -0.031684 -0.015357 0.005458 0.999365
1520616735.107912540 0.396087 -0.135713 -0.117127 -0.047694 -0.023527 -0.002019 0.998583
1520616735.157914400 0.347583 -0.099847 -0.120280 -0.062073 -0.031613 -0.008507 0.997535
1520616735.207915306 0.298502 -0.063381 -0.123425 -0.075298 -0.041238 -0.011882 0.996237
1520616735.257917404 0.247918 -0.026953 -0.126896 -0.085605 -0.052190 -0.014757 0.994852
1520616735.307918310 0.200303 0.007794 -0.129538 -0.091817 -0.062437 -0.020279 0.993610
1520616735.357920170 0.150081 0.038820 -0.134634 -0.096860 -0.076132 -0.027592 0.991998
1520616735.407921314 0.095353 0.067629 -0.143073 -0.103309 -0.092199 -0.031004 0.989882
1520616735.458164930 0.038098 0.102763 -0.153593 -0.109891 -0.107744 -0.036076 0.987428
1520616735.508167028 -0.016105 0.121754 -0.168699 -0.123631 -0.124829 -0.042559 0.983525
1520616735.558168173 -0.070164 0.136198 -0.184446 -0.139756 -0.139785 -0.047603 0.979113
1520616735.608170033 -0.123276 0.143680 -0.200192 -0.153889 -0.154732 -0.052447 0.974487
1520616735.658170938 -0.175858 0.145326 -0.213331 -0.160768 -0.171599 -0.055285 0.970387
1520616735.708173037 -0.230332 0.141228 -0.224807 -0.161127 -0.189243 -0.052412 0.967201
1520616735.758174896 -0.286077 0.132199 -0.234838 -0.158172 -0.206625 -0.045416 0.964482
1520616735.808175802 -0.341401 0.119785 -0.243986 -0.152247 -0.224670 -0.038616 0.961693
1520616735.858806133 -0.392208 0.094791 -0.252189 -0.144598 -0.243992 -0.034829 0.958304
1520616735.908808231 -0.449959 0.081119 -0.260608 -0.130637 -0.259710 -0.032127 0.956270
1520616735.958809137 -0.502802 0.059645 -0.267387 -0.115237 -0.270865 -0.028517 0.955269
1520616736.008810997 -0.555129 0.032929 -0.272595 -0.097745 -0.277101 -0.019508 0.955657
1520616736.058812141 -0.604315 -0.000357 -0.276741 -0.077033 -0.283868 -0.008933 0.955722
1520616736.108814001 -0.651168 -0.036201 -0.280981 -0.053229 -0.293140 0.000331 0.954587
1520616736.158814907 -0.692915 -0.074748 -0.285257 -0.032857 -0.303433 0.008578 0.952247
1520616736.208817244 -0.729481 -0.113048 -0.288360 -0.020438 -0.312403 0.014969 0.949612
1520616736.258398294 -0.760758 -0.146990 -0.291249 -0.014903 -0.323406 0.021510 0.945898
1520616736.308400154 -0.788438 -0.179453 -0.293662 -0.011606 -0.338283 0.026947 0.940587
1520616736.358401060 -0.812576 -0.208746 -0.295564 -0.005704 -0.354938 0.032237 0.934316
1520616736.408424139 -0.831497 -0.237242 -0.296143 0.003502 -0.374297 0.038862 0.926488
1520616736.458404064 -0.846299 -0.264927 -0.295835 0.014258 -0.394880 0.047335 0.917402
1520616736.508405924 -0.855946 -0.290237 -0.294030 0.024650 -0.416509 0.057510 0.906976
1520616736.558407068 -0.863356 -0.311083 -0.291830 0.032889 -0.436084 0.065989 0.896881
1520616736.608409166 -0.866137 -0.326661 -0.286719 0.035523 -0.452667 0.071791 0.888075
1520616736.658056974 -0.864106 -0.337411 -0.273080 0.032956 -0.458486 0.075983 0.884834
1520616736.708058119 -0.860222 -0.348596 -0.255224 0.028755 -0.449330 0.080553 0.889262
1520616736.758059978 -0.852886 -0.356166 -0.231063 0.031133 -0.421665 0.083327 0.902378
1520616736.808060884 -0.841690 -0.365877 -0.205284 0.039748 -0.379052 0.083769 0.920718
1520616736.858063221 -0.822938 -0.364404 -0.175350 0.052104 -0.328582 0.081480 0.939510
1520616736.908063889 -0.803241 -0.365234 -0.150672 0.060372 -0.271871 0.071573 0.957767
1520616736.958065987 -0.775824 -0.359825 -0.131924 0.060585 -0.218519 0.059008 0.972161
1520616737.008067131 -0.748687 -0.352538 -0.120640 0.050986 -0.170799 0.051784 0.982622
1520616737.058068991 -0.719822 -0.340646 -0.114924 0.037603 -0.129304 0.053559 0.989443
1520616737.107939482 -0.692833 -0.325222 -0.115089 0.025242 -0.093792 0.058519 0.993550
1520616737.157940388 -0.665866 -0.303601 -0.117327 0.015694 -0.060979 0.064974 0.995898
1520616737.207942724 -0.635516 -0.279452 -0.122565 0.006706 -0.030349 0.070364 0.997037
1520616737.257943630 -0.604865 -0.251505 -0.130618 -0.002825 -0.001285 0.071758 0.997417
1520616737.307945490 -0.573835 -0.217538 -0.140610 -0.012045 0.022946 0.067240 0.997400
1520616737.357947588 -0.545353 -0.181911 -0.154017 -0.021926 0.031527 0.057128 0.997628
1520616737.407948494 -0.517014 -0.148425 -0.169296 -0.033673 0.024501 0.043217 0.998197
1520616737.457950354 -0.489482 -0.116096 -0.186939 -0.047077 0.003683 0.029596 0.998446
1520616737.508017063 -0.459388 -0.091962 -0.206535 -0.064112 -0.024199 0.017611 0.997494
1520616737.558018208 -0.428613 -0.066692 -0.226341 -0.082840 -0.054073 0.010374 0.995041
1520616737.608020306 -0.398467 -0.044845 -0.245306 -0.100064 -0.086318 0.009990 0.991179
1520616737.658022165 -0.368672 -0.030201 -0.263793 -0.112860 -0.122957 0.016873 0.985829
1520616737.708023310 -0.339902 -0.020924 -0.280933 -0.116652 -0.163654 0.025894 0.979254
1520616737.758024216 -0.311907 -0.018611 -0.296917 -0.113108 -0.204095 0.038604 0.971628
1520616737.808026075 -0.281625 -0.017358 -0.312417 -0.104463 -0.243507 0.051057 0.962904
1520616737.858027220 -0.246580 -0.014760 -0.326697 -0.095259 -0.276784 0.056640 0.954520
1520616737.908360243 -0.200535 -0.012281 -0.335127 -0.089883 -0.306083 0.060781 0.945801
1520616737.958361149 -0.158752 -0.002237 -0.345983 -0.087406 -0.326332 0.058645 0.939377
1520616738.008363247 -0.112232 0.008342 -0.355983 -0.090627 -0.335696 0.054121 0.936037
1520616738.058416128 -0.063254 0.021634 -0.364030 -0.100398 -0.331840 0.051749 0.936549
1520616738.108366013 -0.010156 0.035415 -0.368850 -0.112452 -0.311127 0.047796 0.942481
1520616738.158367157 0.047205 0.047213 -0.368095 -0.119519 -0.271980 0.038028 0.954094
1520616738.208369255 0.107401 0.055847 -0.368039 -0.118557 -0.225429 0.028512 0.966599
1520616738.258371115 0.166559 0.057481 -0.370307 -0.111166 -0.177697 0.022865 0.977519
1520616738.308404922 0.225226 0.057778 -0.374520 -0.098213 -0.128318 0.016467 0.986721
1520616738.358407021 0.283322 0.058526 -0.381788 -0.086124 -0.082062 0.010767 0.992841
1520616738.408407927 0.341325 0.056700 -0.392714 -0.078571 -0.039227 0.003095 0.996132
1520616738.458410025 0.398732 0.062077 -0.407112 -0.075137 0.002012 -0.005391 0.997157
1520616738.508410931 0.451915 0.065272 -0.424166 -0.075944 0.039533 -0.012711 0.996247
1520616738.558412790 0.503706 0.073024 -0.442466 -0.077378 0.068918 -0.022074 0.994372
1520616738.608413935 0.550686 0.083482 -0.461679 -0.079364 0.081609 -0.027487 0.993119
1520616738.658415794 0.591941 0.094532 -0.480555 -0.080526 0.076122 -0.028866 0.993422
1520616738.708337307 0.631395 0.103790 -0.500170 -0.081775 0.055954 -0.026976 0.994713
1520616738.758338451 0.665052 0.116995 -0.520197 -0.085609 0.022594 -0.021235 0.995846
1520616738.808340549 0.695030 0.130891 -0.541720 -0.094338 -0.017795 -0.016037 0.995252
1520616738.858341455 0.726206 0.146239 -0.564355 -0.108664 -0.059270 -0.008527 0.992273
1520616738.908343554 0.754450 0.165130 -0.587684 -0.124335 -0.095289 0.000048 0.987654
1520616738.958344460 0.786487 0.180760 -0.610176 -0.138553 -0.122653 0.007002 0.982706
1520616739.008346319 0.816326 0.197771 -0.632487 -0.149222 -0.142160 0.012220 0.978455
1520616739.058348656 0.847687 0.215118 -0.651791 -0.155534 -0.154514 0.015765 0.975544
1520616739.108448744 0.880076 0.228857 -0.668920 -0.157886 -0.165778 0.021371 0.973207
1520616739.158450603 0.910094 0.242119 -0.685499 -0.154913 -0.173362 0.024935 0.972279
1520616739.208452940 0.941662 0.249982 -0.701286 -0.147849 -0.174397 0.020302 0.973301
1520616739.258454800 0.974014 0.255095 -0.713856 -0.141333 -0.163911 0.008443 0.976262
1520616739.308455706 1.006405 0.256829 -0.722978 -0.137648 -0.137612 -0.013269 0.980785
1520616739.358456850 1.039813 0.251184 -0.729462 -0.138537 -0.100377 -0.036014 0.984599
1520616739.408457756 1.069092 0.243021 -0.732656 -0.143739 -0.059052 -0.047668 0.986701
1520616739.458460569 1.094395 0.229345 -0.733428 -0.147020 -0.022591 -0.053312 0.987437
1520616739.508461714 1.115565 0.214383 -0.729882 -0.146610 0.010056 -0.059407 0.987358
1520616739.558614731 1.128447 0.192488 -0.719522 -0.141633 0.041863 -0.072487 0.986374
1520616739.608616590 1.143912 0.170477 -0.707776 -0.133500 0.066976 -0.090666 0.984618
1520616739.658618927 1.156383 0.146263 -0.693264 -0.122966 0.086803 -0.109479 0.982527
1520616739.708699703 1.161492 0.117350 -0.675417 -0.111102 0.094720 -0.115610 0.982506
1520616739.758620739 1.161711 0.085206 -0.656618 -0.098761 0.089925 -0.110122 0.984903
1520616739.808622837 1.156115 0.050854 -0.637382 -0.087316 0.073618 -0.094922 0.988912
1520616739.858624697 1.148928 0.014405 -0.619552 -0.079821 0.050195 -0.075377 0.992687
1520616739.908625603 1.139747 -0.020899 -0.602714 -0.078860 0.022113 -0.052172 0.995274
1520616739.958545208 1.130725 -0.053549 -0.586886 -0.081923 -0.004829 -0.030874 0.996149
1520616740.008546352 1.122721 -0.086741 -0.570645 -0.086019 -0.026807 -0.014021 0.995834
1520616740.058548212 1.118007 -0.116977 -0.554092 -0.087612 -0.047246 0.000920 0.995033
1520616740.108549118 1.114713 -0.143023 -0.536487 -0.085440 -0.069326 0.016582 0.993790
1520616740.158551216 1.111554 -0.168445 -0.518794 -0.080436 -0.086264 0.029254 0.992589
1520616740.208552122 1.113085 -0.192676 -0.496861 -0.073264 -0.086444 0.033755 0.992986
1520616740.258554459 1.118208 -0.214507 -0.470148 -0.061614 -0.067981 0.026427 0.995432
1520616740.308556318 1.126111 -0.238159 -0.439894 -0.047553 -0.034449 0.012825 0.998192
1520616740.358345270 1.138039 -0.260154 -0.409045 -0.033117 0.003676 -0.000008 0.999445
1520616740.408347130 1.146695 -0.279537 -0.378707 -0.020742 0.037466 -0.008129 0.999050
1520616740.458348989 1.155559 -0.296595 -0.349115 -0.011160 0.068195 -0.015326 0.997492
1520616740.508350134 1.162825 -0.312655 -0.318297 -0.005837 0.095819 -0.023352 0.995108
1520616740.558351040 1.166542 -0.328866 -0.286087 -0.003461 0.117286 -0.033017 0.992543
1520616740.608353138 1.167154 -0.343128 -0.253057 -0.002760 0.129333 -0.046124 0.990524
1520616740.658355236 1.163283 -0.353304 -0.221223 -0.003452 0.125711 -0.059711 0.990262
1520616740.708357096 1.154509 -0.359766 -0.191897 -0.003311 0.108549 -0.078305 0.990997
1520616740.758201122 1.145862 -0.366703 -0.164197 -0.001451 0.083099 -0.106046 0.990882
1520616740.808202982 1.137873 -0.367995 -0.137282 0.002635 0.058973 -0.145845 0.987545
1520616740.858203888 1.128059 -0.366402 -0.110245 0.006306 0.034970 -0.192425 0.980668
1520616740.908205986 1.114256 -0.360940 -0.084842 0.010988 0.009485 -0.239130 0.970879
1520616740.958208084 1.097776 -0.354893 -0.059957 0.019317 -0.017889 -0.282065 0.959034
1520616741.008208990 1.076973 -0.345918 -0.035908 0.025823 -0.049688 -0.315984 0.947111
1520616741.058211088 1.047577 -0.333468 -0.014147 0.025714 -0.084812 -0.336580 0.937475
1520616741.108211994 1.017129 -0.314115 0.004922 0.017320 -0.117074 -0.339827 0.933012
1520616741.158144951 0.979983 -0.291152 0.019500 0.000326 -0.145761 -0.322812 0.935171
1520616741.208147049 0.939069 -0.269673 0.033764 -0.019103 -0.174559 -0.288474 0.941248
1520616741.258147955 0.895380 -0.252895 0.047067 -0.033012 -0.200990 -0.241290 0.948837
1520616741.308150053 0.851758 -0.237825 0.061442 -0.036086 -0.222034 -0.188386 0.955986
1520616741.358150959 0.807297 -0.226594 0.074152 -0.032975 -0.239755 -0.133755 0.961010
1520616741.408152819 0.762193 -0.214324 0.083924 -0.031202 -0.251254 -0.078515 0.964227
1520616741.458154917 0.721142 -0.204384 0.096212 -0.037328 -0.252755 -0.027575 0.966417
1520616741.508155823 0.682673 -0.194876 0.110202 -0.047458 -0.240024 0.017985 0.969439
1520616741.558157921 0.645301 -0.188587 0.126407 -0.057106 -0.218349 0.063007 0.972159
1520616741.608344793 0.609647 -0.184003 0.143985 -0.062394 -0.187045 0.107681 0.974436
1520616741.658346653 0.579590 -0.178659 0.165075 -0.062063 -0.147049 0.142308 0.976869
1520616741.708347797 0.554528 -0.175075 0.187161 -0.057021 -0.101255 0.162571 0.979830
1520616741.758349895 0.534612 -0.170827 0.209071 -0.047278 -0.050692 0.165393 0.983789
1520616741.808350801 0.519528 -0.171730 0.229878 -0.035042 -0.005747 0.154706 0.987322
1520616741.858352900 0.503837 -0.174108 0.247414 -0.021924 0.032635 0.134024 0.990198
1520616741.908354759 0.485605 -0.179995 0.260842 -0.012624 0.059781 0.109065 0.992155
1520616741.958355665 0.466564 -0.186717 0.271066 -0.005855 0.076882 0.077830 0.993981
1520616742.008559942 0.444917 -0.197409 0.279817 -0.001541 0.088391 0.042195 0.995191
1520616742.058561087 0.423975 -0.206718 0.286184 0.002098 0.098093 0.000317 0.995175
1520616742.108562946 0.398557 -0.215283 0.293130 0.005127 0.098769 -0.042783 0.994177
1520616742.158563852 0.367712 -0.222312 0.298727 0.006914 0.083378 -0.082928 0.993037
1520616742.208565950 0.331012 -0.226759 0.301801 0.010548 0.044111 -0.111410 0.992739
1520616742.258568048 0.288720 -0.230777 0.301665 0.014828 -0.006672 -0.128157 0.991621
1520616742.308569908 0.243302 -0.236399 0.296776 0.020855 -0.061901 -0.135298 0.988649
1520616742.358571053 0.191673 -0.241331 0.287095 0.030508 -0.117761 -0.129162 0.984133
1520616742.408459663 0.143505 -0.246639 0.275352 0.041579 -0.166571 -0.109877 0.979006
1520616742.458460569 0.101442 -0.254160 0.263994 0.050845 -0.204232 -0.080337 0.974295
1520616742.508462667 0.058050 -0.263238 0.250494 0.055756 -0.234250 -0.042706 0.969636
1520616742.558463812 0.017222 -0.272541 0.236542 0.054800 -0.260544 0.003856 0.963898
1520616742.608464718 -0.022484 -0.279912 0.219262 0.049577 -0.280918 0.055439 0.956846
1520616742.658466816 -0.057768 -0.284423 0.200559 0.041662 -0.291009 0.105526 0.949970
1520616742.708468676 -0.088447 -0.288781 0.182109 0.033952 -0.286249 0.151719 0.945457
1520616742.758469582 -0.115683 -0.287377 0.165517 0.030261 -0.263450 0.189268 0.945440
1520616742.808308840 -0.138910 -0.283396 0.150164 0.029465 -0.225746 0.216397 0.949391
1520616742.858310699 -0.155872 -0.276912 0.137106 0.029894 -0.178625 0.236339 0.954643
1520616742.908311605 -0.169192 -0.270736 0.121767 0.031429 -0.123974 0.252507 0.959105
1520616742.958312750 -0.178997 -0.265336 0.103040 0.033000 -0.067558 0.266814 0.960811
1520616743.008314610 -0.182841 -0.257927 0.082501 0.035763 -0.006976 0.271447 0.961764
1520616743.058316469 -0.186525 -0.257979 0.059275 0.039682 0.055938 0.260787 0.962957
1520616743.108317614 -0.188985 -0.248287 0.031082 0.046495 0.114899 0.238169 0.963282
1520616743.158319712 -0.190702 -0.240605 0.000785 0.049798 0.166109 0.204533 0.963377
1520616743.208206177 -0.196057 -0.226084 -0.029442 0.051361 0.206782 0.159556 0.963922
1520616743.258208036 -0.203028 -0.222827 -0.058334 0.045556 0.235375 0.108768 0.964724
1520616743.308209181 -0.216036 -0.224783 -0.083316 0.042993 0.249668 0.065294 0.965171
1520616743.358211040 -0.232471 -0.241407 -0.108640 0.060730 0.247650 0.035293 0.966300
1520616743.408211946 -0.253904 -0.264286 -0.133165 0.098422 0.232936 0.020121 0.967289
1520616743.458214045 -0.281628 -0.290106 -0.157424 0.141540 0.214338 0.014581 0.966340
1520616743.508216143 -0.312155 -0.315125 -0.183346 0.182795 0.195917 0.014527 0.963323
1520616743.558217049 -0.341997 -0.338263 -0.211170 0.217041 0.180994 0.014764 0.959123
1520616743.608169317 -0.372837 -0.361570 -0.240636 0.245178 0.168761 0.015143 0.954557
1520616743.658170462 -0.407540 -0.377817 -0.267150 0.269922 0.159410 0.012962 0.949507
1520616743.708172321 -0.443214 -0.388307 -0.292987 0.289259 0.154391 0.009594 0.944670
1520616743.758173227 -0.480802 -0.392181 -0.315319 0.298526 0.150964 0.011353 0.942318
1520616743.808175325 -0.518568 -0.387581 -0.335830 0.290714 0.146534 0.020557 0.945299
1520616743.858177185 -0.559218 -0.373747 -0.353364 0.266234 0.144091 0.031851 0.952545
1520616743.908178091 -0.600681 -0.355124 -0.370658 0.234824 0.138549 0.041887 0.961201
1520616743.958180428 -0.643120 -0.335652 -0.389254 0.202657 0.128293 0.048785 0.969583
1520616744.008182287 -0.685347 -0.311402 -0.406704 0.170819 0.114970 0.052812 0.977146
1520616744.058113337 -0.726291 -0.288443 -0.427242 0.134254 0.099070 0.055000 0.984447
1520616744.108115435 -0.767272 -0.259236 -0.448793 0.092504 0.083715 0.055787 0.990617
1520616744.158116341 -0.807666 -0.228986 -0.473147 0.045139 0.070001 0.056747 0.994908
1520616744.208118200 -0.846580 -0.199711 -0.499223 -0.000698 0.058080 0.056981 0.996684
1520616744.258119345 -0.882044 -0.173522 -0.526930 -0.040594 0.047551 0.056781 0.996427
1520616744.308121443 -0.912665 -0.150084 -0.555851 -0.073298 0.038137 0.055730 0.995021
1520616744.358123302 -0.944174 -0.126096 -0.583390 -0.103965 0.030546 0.057673 0.992437
1520616744.408124447 -0.975103 -0.101994 -0.611793 -0.139159 0.020876 0.061498 0.988138
1520616744.458283663 -1.005883 -0.079550 -0.640306 -0.177950 0.005884 0.067233 0.981722
1520616744.508284569 -1.035540 -0.058392 -0.668511 -0.216801 -0.009794 0.070175 0.973641
1520616744.558285713 -1.064192 -0.038370 -0.693750 -0.248455 -0.023655 0.071777 0.965691
1520616744.608300686 -1.090341 -0.023167 -0.717073 -0.273318 -0.034040 0.072779 0.958562
1520616744.658289671 -1.117835 -0.008549 -0.737690 -0.294394 -0.042166 0.072801 0.951974
1520616744.708290815 -1.144548 0.007058 -0.758843 -0.316967 -0.049865 0.070746 0.944479
1520616744.758292675 -1.170643 0.022913 -0.778764 -0.338085 -0.057360 0.068939 0.936833
1520616744.808293581 -1.196254 0.037697 -0.795290 -0.354205 -0.060779 0.066215 0.930838
1520616744.859205723 -1.215963 0.031271 -0.808345 -0.353297 -0.058906 0.064600 0.931417
1520616744.909206867 -1.237251 0.034841 -0.807876 -0.324515 -0.050965 0.065962 0.942200
1520616744.959208727 -1.247586 0.035251 -0.803102 -0.281040 -0.041618 0.068786 0.956323
1520616745.009209633 -1.257921 0.028852 -0.797501 -0.239908 -0.036304 0.073143 0.967355
1520616745.059211731 -1.265732 0.018130 -0.795016 -0.202411 -0.035382 0.080411 0.975352
1520616745.109213591 -1.268759 0.002812 -0.794194 -0.167595 -0.035703 0.083976 0.981624
1520616745.159214497 -1.266484 -0.016510 -0.793963 -0.135539 -0.035261 0.084196 0.986558
1520616745.209216833 -1.258169 -0.039995 -0.794771 -0.103666 -0.033616 0.082679 0.990600
1520616745.259242058 -1.245413 -0.067761 -0.795497 -0.066188 -0.033785 0.083145 0.993763
1520616745.309243917 -1.228974 -0.098329 -0.795429 -0.023165 -0.032726 0.083050 0.995738
1520616745.359245062 -1.208130 -0.135302 -0.796996 0.023999 -0.030339 0.083501 0.995757
1520616745.409246922 -1.184874 -0.167716 -0.797950 0.072216 -0.026614 0.082924 0.993579
1520616745.459249258 -1.158977 -0.201788 -0.802363 0.117749 -0.022883 0.081252 0.989449
1520616745.509250164 -1.131296 -0.233908 -0.806920 0.157459 -0.020607 0.077175 0.984290
1520616745.559252024 -1.101828 -0.263525 -0.814468 0.186122 -0.021945 0.072450 0.979606
1520616745.609254122 -1.074022 -0.285396 -0.821691 0.197022 -0.026070 0.068930 0.977625
1520616745.658396721 -1.036835 -0.295695 -0.833311 0.190890 -0.035950 0.065454 0.978767
1520616745.708398581 -1.008895 -0.300945 -0.839419 0.172984 -0.043499 0.061951 0.982011
1520616745.758399725 -0.979307 -0.296930 -0.844607 0.143948 -0.049441 0.058301 0.986628
1520616745.808401585 -0.950014 -0.278959 -0.847773 0.103542 -0.055482 0.056352 0.991476
1520616745.858402491 -0.919357 -0.259603 -0.849775 0.051933 -0.059574 0.053710 0.995424
1520616745.908404827 -0.885344 -0.235108 -0.852303 -0.003288 -0.064308 0.051904 0.996574
1520616745.958405733 -0.848110 -0.211156 -0.852994 -0.057248 -0.064560 0.047570 0.995134
1520616746.008407593 -0.812056 -0.184762 -0.850613 -0.102030 -0.062500 0.044693 0.991810
1520616746.058375597 -0.772721 -0.158409 -0.846371 -0.133911 -0.059142 0.042120 0.988330
1520616746.108376503 -0.730062 -0.137148 -0.840789 -0.155462 -0.058624 0.039714 0.985301
1520616746.158377647 -0.685227 -0.114994 -0.835133 -0.172442 -0.057248 0.040110 0.982536
1520616746.208379745 -0.634675 -0.092682 -0.830781 -0.191715 -0.050903 0.039616 0.979329
1520616746.258422613 -0.578259 -0.070450 -0.828835 -0.215937 -0.036250 0.035547 0.975086
1520616746.308382750 -0.515351 -0.049118 -0.827390 -0.237693 -0.012273 0.028771 0.970837
1520616746.358384609 -0.447884 -0.029624 -0.826305 -0.252924 0.014760 0.023447 0.967089
1520616746.408385515 -0.376720 -0.019839 -0.823804 -0.261023 0.044256 0.018078 0.964148
1520616746.458387613 -0.301600 -0.015336 -0.820678 -0.260907 0.078227 0.010025 0.962137
1520616746.508872509 -0.301600 -0.015336 -0.820678 -0.260907 0.078227 0.010025 0.962137
1520616746.558874369 -0.225842 -0.015880 -0.811049 -0.248860 0.111312 0.008420 0.962085
1520616746.608875275 -0.152190 -0.023112 -0.800803 -0.232087 0.139546 0.007979 0.962600
1520616746.658877373 -0.079752 -0.035733 -0.791137 -0.208750 0.161602 0.000775 0.964525
1520616746.708879471 -0.013701 -0.059822 -0.778822 -0.178163 0.176273 -0.009068 0.968041
1520616746.758880138 0.043682 -0.089235 -0.762518 -0.142397 0.185582 -0.020303 0.972044
1520616746.808882475 0.092167 -0.124057 -0.743637 -0.105842 0.189881 -0.031060 0.975591
1520616746.858883381 0.134088 -0.159738 -0.724115 -0.073521 0.189201 -0.041981 0.978282
1520616746.909000874 0.166744 -0.193247 -0.703658 -0.049680 0.183898 -0.048383 0.980496
1520616746.959001780 0.189037 -0.224396 -0.681153 -0.033357 0.170311 -0.046457 0.983729
1520616747.009004116 0.201048 -0.254500 -0.654940 -0.018335 0.149300 -0.040070 0.987810
1520616747.059005976 0.207682 -0.282841 -0.628739 -0.000716 0.122940 -0.031868 0.991902
1520616747.109007120 0.212237 -0.308691 -0.601515 0.017238 0.097786 -0.023730 0.994775
1520616747.159008980 0.213434 -0.321624 -0.574862 0.032239 0.079823 -0.017222 0.996139
1520616747.209010839 0.213102 -0.330927 -0.548115 0.037316 0.067803 -0.010045 0.996950
1520616747.259011984 0.209455 -0.337523 -0.522871 0.033398 0.057386 -0.001279 0.997792
1520616747.308444977 0.208487 -0.346215 -0.502914 0.024312 0.048396 0.003594 0.998526
1520616747.358445883 0.199862 -0.347619 -0.478138 0.019119 0.039705 0.007725 0.998999
1520616747.408447981 0.189207 -0.342375 -0.453791 0.017454 0.033305 0.011048 0.999232
1520616747.458448887 0.179680 -0.334518 -0.430091 0.018444 0.028714 0.013977 0.999320
1520616747.508450747 0.169180 -0.321753 -0.409416 0.019084 0.021461 0.015882 0.999461
1520616747.558451891 0.156318 -0.302736 -0.389709 0.015006 0.013190 0.018402 0.999631
1520616747.608453989 0.146441 -0.274215 -0.372607 0.004093 0.000965 0.022851 0.999730
1520616747.658455849 0.138027 -0.236605 -0.358760 -0.011815 -0.011690 0.029587 0.999424
1520616747.708350182 0.131893 -0.196577 -0.347745 -0.029345 -0.024519 0.036696 0.998595
1520616747.758352041 0.129899 -0.153868 -0.338493 -0.045276 -0.038604 0.044185 0.997250
1520616747.808353186 0.134482 -0.116240 -0.330024 -0.057214 -0.052624 0.046986 0.995866
1520616747.858355284 0.146998 -0.081154 -0.321345 -0.066192 -0.067476 0.044833 0.994513
1520616747.908423185 0.167639 -0.051024 -0.312221 -0.075524 -0.082925 0.041359 0.992829
1520616747.958358288 0.197249 -0.027306 -0.301052 -0.084246 -0.096324 0.038657 0.991025
1520616748.008359194 0.234142 -0.007070 -0.286704 -0.089161 -0.107470 0.037416 0.989495
1520616748.058361053 0.274836 0.006513 -0.270216 -0.092451 -0.116974 0.038302 0.988080
1520616748.108475208 0.322390 0.021090 -0.247285 -0.092576 -0.118964 0.041131 0.987717
1520616748.158477306 0.370288 0.029149 -0.221053 -0.088650 -0.114232 0.048361 0.988308
1520616748.208478212 0.421164 0.034218 -0.190504 -0.080258 -0.106485 0.053793 0.989609
1520616748.258480072 0.473902 0.037139 -0.157100 -0.070065 -0.097817 0.054937 0.991214
1520616748.308482409 0.528726 0.041377 -0.121557 -0.059992 -0.084749 0.048047 0.993433
1520616748.358483315 0.585953 0.046333 -0.083171 -0.054536 -0.066741 0.037407 0.995576
1520616748.408485174 0.644367 0.050219 -0.043449 -0.053902 -0.041971 0.027857 0.997275
1520616748.458486319 0.704853 0.056969 -0.004013 -0.054414 -0.011430 0.021024 0.998232
1520616748.508488178 0.762724 0.060559 0.034488 -0.053478 0.023590 0.017175 0.998143
1520616748.558605909 0.822025 0.062425 0.073135 -0.047449 0.060964 0.009454 0.996967
1520616748.608607769 0.880621 0.061791 0.109610 -0.037009 0.097191 0.001418 0.994576
1520616748.658609867 0.936847 0.059786 0.142459 -0.027258 0.132102 -0.006408 0.990841
1520616748.708610773 0.991985 0.058950 0.171786 -0.023286 0.164888 -0.010117 0.985985
1520616748.758613110 1.043559 0.059993 0.200193 -0.022670 0.191173 -0.009735 0.981246
1520616748.808613777 1.090311 0.060756 0.226832 -0.024413 0.207698 -0.006803 0.977865
1520616748.858615875 1.136036 0.064267 0.254648 -0.025491 0.217170 -0.001856 0.975799
1520616748.908617020 1.178786 0.068148 0.283646 -0.022455 0.221416 0.007430 0.974893
1520616748.958832502 1.221703 0.072383 0.315211 -0.012491 0.223266 0.017334 0.974523
1520616749.008834362 1.264301 0.075631 0.348457 0.006210 0.226051 0.024724 0.973782
1520616749.058835506 1.309504 0.076877 0.383479 0.030799 0.232422 0.023934 0.971833
1520616749.108837366 1.356771 0.078430 0.417195 0.053451 0.241056 0.015512 0.968914
1520616749.158838272 1.402476 0.081856 0.451327 0.061782 0.250017 0.003971 0.966260
1520616749.208840370 1.445080 0.087189 0.486350 0.053883 0.256771 -0.001312 0.964968
1520616749.258842468 1.482721 0.090665 0.522248 0.041017 0.256961 0.003084 0.965546
1520616749.308843374 1.515370 0.090151 0.561988 0.032642 0.248250 0.012309 0.968068
1520616749.358798265 1.545868 0.088768 0.603132 0.031462 0.236268 0.019366 0.970985
1520616749.408799171 1.575075 0.089798 0.646747 0.033395 0.225836 0.021435 0.973357
1520616749.458801270 1.603301 0.093746 0.692394 0.036245 0.214682 0.020956 0.975786
1520616749.508802414 1.631614 0.100820 0.740723 0.040467 0.205519 0.017227 0.977664
1520616749.558894396 1.659139 0.111976 0.791439 0.043246 0.198470 0.011706 0.979082
1520616749.608805418 1.685277 0.122144 0.842998 0.041815 0.191357 0.010884 0.980569
1520616749.658807278 1.710382 0.131713 0.894933 0.035163 0.186298 0.010252 0.981810
1520616749.708808184 1.735772 0.139315 0.947163 0.023024 0.186721 0.002840 0.982139
1520616749.759188414 1.761531 0.143623 0.999707 0.006983 0.183858 -0.002058 0.982926
1520616749.809189558 1.781352 0.144754 1.050894 -0.008242 0.174813 -0.000361 0.984567
1520616749.859191656 1.802051 0.145670 1.100198 -0.019711 0.168689 -0.001049 0.985472
1520616749.909193516 1.825437 0.146335 1.150217 -0.025447 0.167888 -0.003100 0.985473
1520616749.959194660 1.848305 0.148094 1.200334 -0.026972 0.166432 0.000401 0.985684
1520616750.009196520 1.871586 0.152086 1.250904 -0.025385 0.164836 0.008687 0.985956
1520616750.059197664 1.895333 0.159664 1.304120 -0.021822 0.160644 0.017987 0.986607
1520616750.109199524 1.916060 0.170197 1.356771 -0.019017 0.152562 0.025183 0.987790
1520616750.160123825 1.916060 0.170197 1.356771 -0.019017 0.152562 0.025183 0.987790
1520616750.210124731 1.938509 0.182957 1.406601 -0.021085 0.138622 0.023934 0.989832
1520616750.260126829 1.963078 0.192862 1.454605 -0.025011 0.121785 0.017490 0.992087
1520616750.310127974 1.986051 0.204603 1.505894 -0.031574 0.106321 0.009623 0.993784
1520616750.360129833 1.993795 0.198859 1.557713 -0.041994 0.092202 0.009476 0.994809
1520616750.410130978 1.992209 0.188790 1.611871 -0.050084 0.074597 0.014362 0.995852
1520616750.460132837 1.991998 0.177629 1.664806 -0.054927 0.055624 0.017964 0.996778
1520616750.510133743 1.990964 0.181789 1.714200 -0.054700 0.040027 0.016562 0.997563
1520616750.560396433 1.994009 0.184931 1.769457 -0.054532 0.023246 0.013126 0.998155
1520616750.610397577 1.991945 0.194798 1.822998 -0.053429 0.007223 0.008853 0.998506
1520616750.660399675 1.989008 0.204674 1.877026 -0.052910 -0.010333 0.006544 0.998524
1520616750.710400581 1.983266 0.216111 1.930368 -0.051814 -0.028617 0.005081 0.998234
1520616750.760402679 1.974819 0.223933 1.984682 -0.051686 -0.045046 0.003275 0.997642
1520616750.810403585 1.960839 0.229495 2.037895 -0.051785 -0.060495 0.001717 0.996823
1520616750.860408545 1.945254 0.228390 2.091151 -0.052248 -0.076719 0.000977 0.995682
1520616750.910406590 1.925489 0.225948 2.140419 -0.051246 -0.097375 -0.000790 0.993927
1520616750.960407495 1.904941 0.222535 2.189363 -0.048244 -0.116483 -0.006267 0.992000
1520616751.010886908 1.882412 0.223715 2.234280 -0.044853 -0.136874 -0.009734 0.989525
1520616751.060889006 1.857831 0.222343 2.277691 -0.044637 -0.161524 -0.008311 0.985824
1520616751.110889912 1.830447 0.226110 2.319639 -0.044467 -0.188812 -0.004164 0.980997
1520616751.160892010 1.800296 0.234078 2.359721 -0.043588 -0.217390 -0.001517 0.975110
1520616751.210893154 1.768445 0.244373 2.400237 -0.042854 -0.247660 -0.001096 0.967898
1520616751.260895014 1.732854 0.254443 2.437098 -0.042353 -0.280265 0.000030 0.958988
1520616751.310896158 1.694882 0.264198 2.470381 -0.040813 -0.314049 0.001811 0.948527
1520616751.360898018 1.657143 0.272921 2.500206 -0.037858 -0.346737 -0.000359 0.937198
1520616751.413728952 1.657143 0.272921 2.500206 -0.037858 -0.346737 -0.000359 0.937198
1520616751.463731050 1.611613 0.278899 2.520079 -0.042098 -0.382214 -0.000625 0.923114
1520616751.513732910 1.560372 0.283553 2.538437 -0.051869 -0.419096 0.000238 0.906459
1520616751.563734055 1.514290 0.288824 2.554804 -0.061050 -0.453970 -0.000630 0.888923
1520616751.613735914 1.468737 0.295158 2.569974 -0.066116 -0.485198 -0.004680 0.871888
1520616751.663736820 1.418779 0.303757 2.585557 -0.066666 -0.513394 -0.009078 0.855511
1520616751.713738918 1.366154 0.316760 2.602400 -0.062227 -0.539348 -0.012339 0.839690
1520616751.763739824 1.313195 0.330456 2.619223 -0.057652 -0.562910 -0.012179 0.824415
1520616751.816833973 1.241048 0.338474 2.656718 -0.057759 -0.588166 -0.006469 0.806649
1520616751.866836071 1.174078 0.342379 2.696626 -0.056064 -0.603730 -0.004262 0.795204
1520616751.916836977 1.118031 0.338331 2.714494 -0.055409 -0.611061 -0.003641 0.789634
1520616751.966839075 1.062529 0.330264 2.731534 -0.054811 -0.617327 -0.001529 0.784793
1520616752.016839981 1.006834 0.319171 2.747921 -0.051436 -0.623507 0.003582 0.780116
1520616752.066841841 0.950725 0.306769 2.764793 -0.044585 -0.629406 0.011346 0.775713
1520616752.116842985 0.894952 0.295733 2.780616 -0.040138 -0.636474 0.021966 0.769940
1520616752.166844845 0.837582 0.289363 2.795955 -0.039291 -0.644628 0.033354 0.762758
1520616752.217440605 0.779796 0.292819 2.813113 -0.037376 -0.652950 0.040789 0.755378
1520616752.267441511 0.719067 0.298240 2.829879 -0.034627 -0.658653 0.040868 0.750538
1520616752.317443371 0.658284 0.304624 2.846398 -0.034386 -0.664294 0.038687 0.745677
1520616752.367445469 0.597903 0.310238 2.863761 -0.036709 -0.669408 0.037622 0.741033
1520616752.417446375 0.536545 0.310547 2.881322 -0.039267 -0.672705 0.035178 0.738030
1520616752.467448473 0.476117 0.305881 2.897323 -0.042487 -0.675859 0.031813 0.735117
1520616752.517449379 0.416818 0.295347 2.909200 -0.046045 -0.683207 0.030934 0.728115
1520616752.567450285 0.357102 0.282622 2.918131 -0.050125 -0.693630 0.032614 0.717845
1520616752.617172480 0.299220 0.272857 2.925131 -0.053932 -0.703841 0.032892 0.707543
1520616752.667174578 0.239518 0.268038 2.930568 0.054560 0.710906 -0.028816 -0.700575
1520616752.717175484 0.176540 0.270197 2.935004 0.051789 0.714825 -0.023993 -0.696970
1520616752.767177582 0.110338 0.276395 2.939441 0.048072 0.717047 -0.023216 -0.694978
1520616752.817178726 0.042134 0.285700 2.943360 0.046622 0.717936 -0.027943 -0.693984
1520616752.867180586 -0.025875 0.290776 2.945439 0.045826 0.717588 -0.033921 -0.694130
1520616752.917181730 -0.092370 0.290946 2.947699 0.042993 0.715081 -0.037844 -0.696691
1520616752.967183590 -0.157646 0.286903 2.949062 0.043457 0.711965 -0.041267 -0.699653
1520616753.017464638 -0.219016 0.275993 2.949134 0.047458 0.711815 -0.043773 -0.699393
1520616753.067466497 -0.278676 0.261610 2.948944 0.047321 0.711634 -0.041730 -0.699712
1520616753.117468357 -0.339910 0.250948 2.950486 0.043932 0.710520 -0.038638 -0.701241
1520616753.167469501 -0.398411 0.239657 2.951509 0.043383 0.710098 -0.039910 -0.701631
1520616753.217471600 -0.454149 0.233640 2.949476 0.044772 0.709675 -0.042969 -0.701791
1520616753.267472267 -0.512410 0.232749 2.947698 0.046748 0.709743 -0.047259 -0.701318
1520616753.317474604 -0.574087 0.236650 2.946447 0.047050 0.709946 -0.050813 -0.700843
1520616753.367475510 -0.636383 0.241566 2.944481 0.044578 0.710726 -0.051443 -0.700168
1520616753.417477369 -0.699771 0.247313 2.943476 0.042414 0.712182 -0.051813 -0.698794
1520616753.467479467 -0.762158 0.249978 2.941964 0.042295 0.713644 -0.053913 -0.697149
1520616753.517480373 -0.823830 0.247968 2.939929 0.045343 0.715570 -0.056481 -0.694776
1520616753.567482471 -0.882688 0.241711 2.935637 0.052428 0.719767 -0.060409 -0.689592
1520616753.617483616 -0.938112 0.235358 2.928361 0.060807 0.725268 -0.064341 -0.682751
1520616753.667485476 -0.994113 0.230559 2.921631 0.065433 0.729840 -0.064734 -0.677393
1520616753.717486382 -1.050744 0.226297 2.913180 0.067069 0.731086 -0.064511 -0.675909
1520616753.767488480 -1.110717 0.229161 2.909175 0.061907 0.728356 -0.063739 -0.679413
1520616753.817489386 -1.175058 0.234661 2.909186 0.055304 0.723050 -0.066496 -0.685360
1520616753.867492437 -1.238497 0.243592 2.911576 0.055054 0.716628 -0.077080 -0.690993
1520616753.917493582 -1.300595 0.251953 2.917080 0.058193 0.704690 -0.090438 -0.701318
1520616753.967494488 -1.363350 0.256498 2.931576 -0.060090 -0.684202 0.102906 0.719491
1520616754.017496586 -1.423294 0.253091 2.948687 -0.065347 -0.657201 0.117932 0.741558
1520616754.067498446 -1.478104 0.244394 2.970634 -0.071968 -0.624613 0.134091 0.765963
1520616754.117499352 -1.528921 0.234256 3.000893 -0.079945 -0.585646 0.149222 0.792692
1520616754.167500496 -1.571087 0.220767 3.035158 -0.088088 -0.541990 0.159895 0.820317
1520616754.217502356 -1.609503 0.215332 3.076817 -0.096452 -0.498057 0.169641 0.844901
1520616754.266214132 -1.647686 0.194678 3.113673 -0.105441 -0.453523 0.181793 0.866112
1520616754.316215038 -1.683725 0.206232 3.159642 -0.103767 -0.408392 0.195210 0.885630
1520616754.366216898 -1.714425 0.206037 3.208114 -0.098656 -0.367387 0.207587 0.901222
1520616754.416219234 -1.742870 0.207675 3.258021 -0.088606 -0.328208 0.214604 0.915627
1520616754.466228008 -1.766309 0.209494 3.310109 -0.078732 -0.290844 0.217196 0.928459
1520616754.516221285 -1.785370 0.212126 3.364758 -0.074209 -0.254246 0.220156 0.938820
1520616754.566223145 -1.801387 0.215056 3.418763 -0.075828 -0.217690 0.221996 0.947406
1520616754.616225004 -1.812111 0.218112 3.472067 -0.078077 -0.183473 0.218532 0.955241
1520616754.665354967 -1.819405 0.216986 3.522129 -0.079035 -0.151940 0.215078 0.961462
1520616754.715356827 -1.825190 0.219613 3.572635 -0.077887 -0.121660 0.208778 0.967235
1520616754.765357733 -1.827202 0.225606 3.624922 -0.075495 -0.090764 0.204923 0.971632
1520616754.815360069 -1.829221 0.231779 3.679139 -0.070462 -0.057130 0.201458 0.975288
1520616754.865360975 -1.829895 0.241582 3.734694 -0.064006 -0.024076 0.196285 0.978159
1520616754.915362835 -1.828693 0.252717 3.789807 -0.057098 0.006399 0.191785 0.979754
1520616754.965363979 -1.826778 0.262284 3.845948 -0.049733 0.036021 0.186981 0.980442
1520616755.015365839 -1.822127 0.268293 3.901235 -0.044484 0.065257 0.183978 0.979752
1520616755.062586308 -1.817996 0.270323 3.945626 -0.041575 0.088432 0.184085 0.978041
1520616755.112587452 -1.809399 0.270667 3.995050 -0.043642 0.114623 0.182097 0.975601
1520616755.162589550 -1.795297 0.269145 4.044414 -0.047389 0.145473 0.178146 0.972037
1520616755.212590218 -1.775639 0.269310 4.093735 -0.047820 0.177578 0.175330 0.967181
1520616755.262592554 -1.753711 0.269086 4.143136 -0.044497 0.207530 0.179120 0.960660
1520616755.312594414 -1.729068 0.271505 4.192601 -0.039774 0.237250 0.183578 0.953116
1520616755.362595320 -1.702764 0.278830 4.242075 -0.031987 0.265526 0.187416 0.945171
1520616755.412597418 -1.673735 0.290405 4.291641 -0.023611 0.290905 0.191322 0.937130
1520616755.460411787 -1.638407 0.291146 4.346157 -0.020521 0.313068 0.195165 0.929235
1520616755.510414124 -1.638407 0.291146 4.346157 -0.020521 0.313068 0.195165 0.929235
1520616755.560415983 -1.604616 0.299392 4.393603 -0.015328 0.329485 0.202709 0.922016
1520616755.610416889 -1.564533 0.303827 4.438132 -0.014569 0.346932 0.199607 0.916287
1520616755.660418987 -1.523201 0.304016 4.478178 -0.012304 0.365095 0.192920 0.910679
1520616755.710419893 -1.478432 0.301514 4.515703 -0.007513 0.383824 0.186203 0.904407
1520616755.760420799 -1.432303 0.301457 4.550856 -0.001843 0.402145 0.181836 0.897336
1520616755.810423136 -1.384407 0.303160 4.583541 0.001245 0.423720 0.177971 0.888136
1520616755.860424995 -1.334621 0.309978 4.616591 0.003758 0.447910 0.172574 0.877257
1520616755.909451723 -1.272265 0.341050 4.677605 0.010501 0.476653 0.164838 0.863435
1520616755.959454060 -1.217862 0.360114 4.707104 0.013707 0.497259 0.159596 0.852687
1520616756.009454966 -1.164457 0.370891 4.734772 0.014639 0.516528 0.154981 0.842001
1520616756.059456825 -1.109384 0.380390 4.759701 0.015062 0.536156 0.146657 0.831144
1520616756.109493732 -1.053524 0.385892 4.779989 0.016541 0.554744 0.138412 0.820261
1520616756.159459829 -0.997195 0.391727 4.798412 0.015424 0.578192 0.125584 0.806030
1520616756.209461689 -0.938753 0.394180 4.809563 0.013955 0.605946 0.111604 0.787515
1520616756.259462833 -0.880084 0.395358 4.815316 0.013902 0.633986 0.101020 0.766592
1520616756.309029341 -0.822371 0.399797 4.823965 0.018058 0.658273 0.099543 0.745950
1520616756.359030485 -0.766040 0.409096 4.831317 0.025029 0.678306 0.103130 0.727075
1520616756.409032345 -0.710529 0.408473 4.831256 0.032819 0.697136 0.107677 0.708047
1520616756.459033251 -0.651288 0.410852 4.827713 0.044408 0.715093 0.108778 0.689084
1520616756.509035587 -0.591198 0.414199 4.823003 0.056915 0.731550 0.106529 0.671005
1520616756.559036493 -0.532193 0.421477 4.815186 0.069741 0.744847 0.103752 0.655419
1520616756.609038353 -0.473515 0.426029 4.805024 0.079045 0.755384 0.102804 0.642323
1520616756.659040451 -0.415264 0.430200 4.790921 0.083558 0.765758 0.104090 0.629124
1520616756.709247589 -0.358184 0.431078 4.772227 0.080190 0.777967 0.104089 0.614413
1520616756.759249687 -0.303900 0.427162 4.750699 0.078540 0.790655 0.103682 0.598287
1520616756.809250593 -0.252257 0.416457 4.726096 0.081125 0.802380 0.100009 0.582755
1520616756.859252453 -0.200842 0.405771 4.698602 0.084991 0.813580 0.093998 0.567476
1520616756.909253597 -0.149698 0.398961 4.669947 0.088087 0.826028 0.088914 0.549557
1520616756.959255457 -0.095560 0.398577 4.637526 0.091452 0.841440 0.082590 0.526112
1520616757.009257555 -0.040295 0.401832 4.601211 0.096096 0.857733 0.076638 0.499185
1520616757.059258699 0.002141 0.403021 4.560780 0.100382 0.873205 0.074449 0.471056
1520616757.111738443 0.002141 0.403021 4.560780 0.100382 0.873205 0.074449 0.471056
1520616757.161740303 0.033483 0.408917 4.509307 0.115643 0.887299 0.066601 0.441465
1520616757.211741209 0.033483 0.408917 4.509307 0.115643 0.887299 0.066601 0.441465
1520616757.261743307 0.072346 0.415418 4.463575 0.118188 0.903987 0.053672 0.407381
1520616757.311744213 0.106782 0.415921 4.414164 0.118104 0.921028 0.045962 0.368302
1520616757.361746073 0.138133 0.413893 4.361385 0.117824 0.936703 0.042896 0.326902
1520616757.411747217 0.166246 0.416841 4.307624 0.120664 0.949181 0.040249 0.287880
1520616757.461749315 0.193034 0.416583 4.252480 0.125286 0.959207 0.035052 0.250991
1520616757.517490864 0.193034 0.416583 4.252480 0.125286 0.959207 0.035052 0.250991
1520616757.567494869 0.217571 0.409142 4.201094 0.130014 0.966131 0.028087 0.221131
1520616757.617495060 0.237083 0.403293 4.149210 0.135600 0.970853 0.023261 0.196257
1520616757.667496920 0.248983 0.391655 4.098066 0.140373 0.974485 0.020253 0.173967
1520616757.717497826 0.260265 0.376435 4.046606 0.146713 0.977363 0.018888 0.151265
1520616757.767557859 0.269809 0.364219 3.992552 0.151993 0.979912 0.016714 0.128028
1520616757.817500830 0.276852 0.358768 3.937958 0.151872 0.983126 0.011149 0.101363
1520616757.867501736 0.279560 0.340461 3.885184 0.155290 0.984977 0.008340 0.075071
1520616757.917504072 0.273411 0.326139 3.835345 0.161083 0.985624 0.004585 0.050750
1520616757.967064142 0.253050 0.321425 3.778531 0.166421 0.985742 -0.003810 0.024560
1520616758.017066002 0.241641 0.306811 3.725727 0.171495 0.985038 -0.012511 -0.011533
1520616758.067067146 0.225130 0.298242 3.668941 0.174060 0.983193 -0.021606 -0.050674
1520616758.117069006 0.202547 0.305540 3.607480 0.176980 0.979877 -0.029667 -0.087401
1520616758.167070150 0.172648 0.313001 3.549817 0.178361 0.975154 -0.034968 -0.126648
1520616758.217072010 0.135600 0.301305 3.506632 0.174572 0.968619 -0.036649 -0.173085
1520616758.267074108 0.099590 0.290220 3.462954 0.171661 0.958645 -0.046517 -0.222191
1520616758.317075253 0.055793 0.276139 3.420979 0.166717 0.946366 -0.061123 -0.269928
1520616758.367632389 0.008594 0.259752 3.381277 0.157330 0.930891 -0.071723 -0.321785
1520616758.417634487 -0.045325 0.262633 3.332733 0.152986 0.912668 -0.078853 -0.370695
1520616758.467635393 -0.096478 0.255413 3.313671 0.153373 0.895618 -0.069064 -0.411796
1520616758.517637491 -0.142189 0.250719 3.290514 0.160488 0.878986 -0.060137 -0.444983
1520616758.567638636 -0.187655 0.249703 3.267207 0.164790 0.863052 -0.057335 -0.474023
1520616758.617639542 -0.236594 0.252313 3.244097 0.162726 0.848197 -0.058318 -0.500681
1520616758.667641401 -0.290098 0.257975 3.221354 0.162555 0.835605 -0.061746 -0.521084
1520616758.717643499 -0.343763 0.264600 3.200093 0.166900 0.824341 -0.065466 -0.536956
1520616758.767645359 -0.398412 0.270488 3.180777 0.173218 0.813827 -0.067587 -0.550558
1520616758.817646265 -0.453572 0.271565 3.162552 0.182993 0.803935 -0.069577 -0.561571
1520616758.867648602 -0.512321 0.265948 3.148197 0.190450 0.796238 -0.070807 -0.569842
1520616758.917649508 -0.565897 0.254483 3.138654 0.187022 0.786515 -0.070844 -0.584293
1520616758.967651367 -0.628028 0.242429 3.134565 0.178240 0.775322 -0.076206 -0.601081
1520616759.017653465 -0.690344 0.231073 3.133668 0.169377 0.762380 -0.085208 -0.618731
1520616759.067654371 -0.753305 0.225478 3.134671 0.165316 0.747462 -0.094544 -0.636421
1520616759.117655516 -0.817416 0.226694 3.136746 0.162769 0.732131 -0.101433 -0.653607
1520616759.167657375 -0.883033 0.234740 3.139681 0.160689 0.716040 -0.104557 -0.671218
1520616759.217659473 -0.951165 0.247282 3.145735 0.160695 0.699237 -0.105673 -0.688533
1520616759.267660618 -1.018866 0.260809 3.156344 -0.159731 -0.679968 0.104761 0.707923
1520616759.317661524 -1.086696 0.269197 3.172869 -0.155166 -0.657252 0.102267 0.730400
1520616759.367663383 -1.152310 0.270501 3.195220 -0.152445 -0.632676 0.103998 0.752108
1520616759.417750597 -1.214430 0.262946 3.219852 -0.149030 -0.606489 0.107685 0.773541
1520616759.467666388 -1.272833 0.251828 3.249546 -0.143988 -0.577200 0.109641 0.796295
1520616759.517668247 -1.328979 0.240663 3.284125 -0.140067 -0.546580 0.111078 0.818103
1520616759.565589428 -1.385223 0.269673 3.352187 -0.136329 -0.518000 0.119192 0.835992
1520616759.615591526 -1.433980 0.271107 3.392801 -0.137650 -0.487624 0.130799 0.852154
1520616759.665592670 -1.484726 0.272739 3.435504 -0.136274 -0.457458 0.142727 0.867059
1520616759.715594530 -1.533115 0.278537 3.480920 -0.132318 -0.427042 0.151376 0.881597
1520616759.765595675 -1.579159 0.287963 3.525309 -0.130480 -0.401032 0.158507 0.892762
1520616759.815597534 -1.621239 0.297705 3.570573 -0.128819 -0.378843 0.163940 0.901669
1520616759.865599394 -1.660426 0.304351 3.619915 -0.125026 -0.356321 0.164135 0.911298
1520616759.915600538 -1.693649 0.307235 3.671461 -0.122388 -0.331865 0.158628 0.921805
1520616759.963820457 -1.715368 0.307561 3.722668 -0.120824 -0.307256 0.151900 0.931623
1520616760.013821363 -1.734624 0.302906 3.775936 -0.119217 -0.277813 0.148963 0.941498
1520616760.063823700 -1.749784 0.296938 3.831629 -0.116368 -0.246475 0.146454 0.950926
1520616760.113824606 -1.762766 0.292621 3.887503 -0.114226 -0.213047 0.143403 0.959687
1520616760.163826466 -1.774200 0.292726 3.944038 -0.110426 -0.176260 0.142907 0.967634
1520616760.213827610 -1.782411 0.296544 4.001658 -0.102287 -0.136940 0.145134 0.974536
1520616760.263829470 -1.789662 0.302536 4.058632 -0.091804 -0.098156 0.154290 0.978842
1520616760.313831568 -1.793250 0.310337 4.114544 -0.082868 -0.058876 0.167694 0.980584
1520616760.363833666 -1.790718 0.319061 4.171086 -0.075425 -0.015652 0.177834 0.981041
1520616760.412088394 -1.781856 0.323635 4.224802 -0.067809 0.025505 0.186536 0.979773
1520616760.462090254 -1.767795 0.325929 4.275566 -0.055692 0.067894 0.191948 0.977468
1520616760.512091398 -1.744991 0.323678 4.325299 -0.043456 0.114601 0.191823 0.973746
1520616760.562093258 -1.716891 0.321013 4.371298 -0.038065 0.162038 0.189845 0.967602
1520616760.612094164 -1.684910 0.321565 4.411561 -0.039010 0.203214 0.190971 0.959538
1520616760.662096500 -1.650265 0.321883 4.449421 -0.041952 0.241030 0.194311 0.949941
1520616760.712097168 -1.610624 0.325608 4.486391 -0.039627 0.280953 0.194553 0.938959
1520616760.762099266 -1.566942 0.335150 4.520788 -0.030692 0.318403 0.194576 0.927264
1520616760.809893608 -1.566942 0.335150 4.520788 -0.030692 0.318403 0.194576 0.927264
1520616760.859894753 -1.520519 0.344610 4.555793 -0.025016 0.348708 0.196550 0.916049
1520616760.909896612 -1.470320 0.354947 4.584957 -0.022181 0.376171 0.198058 0.904863
1520616760.959897757 -1.420721 0.358873 4.613738 -0.020113 0.400592 0.201017 0.893708
1520616761.009899855 -1.369494 0.361189 4.641213 -0.016792 0.421442 0.198928 0.884608
1520616761.059900761 -1.316118 0.361869 4.666912 -0.012287 0.440871 0.190137 0.877114
1520616761.109902859 -1.260729 0.361343 4.690621 -0.008145 0.458621 0.181575 0.869845
1520616761.159903765 -1.204336 0.359351 4.710864 -0.009540 0.475046 0.175388 0.862252
1520616761.209287643 -1.144737 0.370945 4.723889 -0.012831 0.489949 0.174301 0.854052
1520616761.259288549 -1.081937 0.379845 4.739794 -0.016298 0.510137 0.172892 0.842380
1520616761.309290648 -1.014329 0.389531 4.754966 -0.013243 0.532783 0.171758 0.828532
1520616761.359291553 -0.944952 0.400153 4.766448 -0.004185 0.555621 0.170196 0.813819
1520616761.409293652 -0.872965 0.409261 4.773889 0.006107 0.579821 0.166175 0.797594
1520616761.459295750 -0.799650 0.416830 4.775097 0.013646 0.605516 0.159717 0.779522
1520616761.509296656 -0.726533 0.422817 4.771706 0.016889 0.629696 0.154448 0.761146
1520616761.559298515 -0.656192 0.421049 4.762312 0.017809 0.652708 0.149591 0.742481
1520616761.609656572 -0.583405 0.412721 4.757198 0.016596 0.678376 0.142000 0.720671
1520616761.659658432 -0.512088 0.404235 4.735985 0.019504 0.706577 0.136653 0.694042
1520616761.709659576 -0.441763 0.401037 4.714868 0.032339 0.733271 0.139651 0.664654
1520616761.759661674 -0.369737 0.400577 4.688629 0.048904 0.758945 0.142074 0.633582
1520616761.809662819 -0.296348 0.402051 4.656636 0.066066 0.783864 0.137371 0.601931
1520616761.859664679 -0.226095 0.409074 4.622461 0.081449 0.806397 0.127861 0.571613
1520616761.909666538 -0.160069 0.420370 4.589785 0.090796 0.825637 0.118027 0.544196
1520616761.959667683 -0.097225 0.427396 4.551032 0.095587 0.842726 0.111027 0.518023
1520616762.014317036 -0.097225 0.427396 4.551032 0.095587 0.842726 0.111027 0.518023
1520616762.064318895 -0.048185 0.419797 4.506292 0.085906 0.860822 0.101324 0.491262
1520616762.114320040 -0.001021 0.430709 4.460671 0.078063 0.876818 0.086718 0.466451
1520616762.164322138 0.047924 0.426028 4.417917 0.072152 0.887983 0.077473 0.447524
1520616762.214323997 0.090900 0.410958 4.376069 0.061409 0.897388 0.065067 0.432077
1520616762.264325142 0.135716 0.400835 4.333131 0.050161 0.904781 0.048086 0.420171
1520616762.314326048 0.182929 0.395861 4.293631 0.035708 0.909937 0.030950 0.412045
1520616762.364327908 0.232712 0.390898 4.259164 0.020937 0.911785 0.017629 0.409754
1520616762.416154385 0.290082 0.383379 4.222624 0.004739 0.912031 0.008869 0.409999
1520616762.466155291 0.346391 0.389131 4.195902 -0.007994 0.910556 0.003795 0.413292
1520616762.516157150 0.402043 0.384342 4.169227 -0.020411 0.905358 0.003135 0.424146
1520616762.566158295 0.459204 0.375778 4.147150 -0.036104 0.896858 0.000706 0.440843
1520616762.616159201 0.517859 0.366964 4.126458 -0.048671 0.885136 -0.000566 0.462781
1520616762.666161060 0.576406 0.359262 4.109994 -0.056695 0.872248 0.001432 0.485764
1520616762.716163397 0.632937 0.356278 4.098337 -0.062998 0.857341 0.003332 0.510869
1520616762.766164303 0.689953 0.356871 4.087730 -0.070429 0.839429 0.002934 0.538878
1520616762.816166162 0.748185 0.361609 4.081362 -0.076273 0.818214 0.002996 0.569824
1520616762.864167929 0.807718 0.359729 4.065505 -0.080637 0.794239 0.007828 0.602180
1520616762.914169788 0.864909 0.372413 4.065489 -0.084869 0.767920 0.014447 0.634734
1520616762.964170933 0.920727 0.384547 4.066841 -0.088200 0.742838 0.023927 0.663204
1520616763.014173031 0.979332 0.394298 4.068489 -0.089686 0.721047 0.033255 0.686252
1520616763.064174891 1.038682 0.400780 4.066950 -0.091643 0.703396 0.039088 0.703781
1520616763.114176035 1.097954 0.403456 4.067746 -0.096755 0.684142 0.037080 0.721951
1520616763.164177895 1.153534 0.401527 4.071745 -0.100126 0.662909 0.033795 0.741204
1520616763.214178801 1.209614 0.399319 4.076432 -0.103480 0.640574 0.032789 0.760186
1520616763.262399197 1.264810 0.395693 4.081465 -0.104212 0.617406 0.039460 0.778712
1520616763.312401295 1.319118 0.398063 4.087795 -0.103902 0.598587 0.043927 0.793075
1520616763.362402201 1.376935 0.408068 4.094387 -0.102725 0.587514 0.043715 0.801476
1520616763.412403345 1.436482 0.419195 4.101549 -0.099164 0.581394 0.045292 0.806286
1520616763.462405443 1.498550 0.429293 4.109126 -0.093416 0.578746 0.048704 0.808675
1520616763.512407303 1.562339 0.438183 4.115282 -0.088714 0.582065 0.047737 0.806877
1520616763.562408447 1.628123 0.442365 4.122066 -0.088549 0.591245 0.044654 0.800372
1520616763.612410307 1.693510 0.439344 4.128701 -0.091824 0.600971 0.049041 0.792463
1520616763.661420345 1.756391 0.425363 4.137093 -0.092472 0.604746 0.058097 0.788895
1520616763.711421490 1.820330 0.412570 4.147995 -0.088644 0.608272 0.059304 0.786531
1520616763.761423349 1.885654 0.400856 4.159873 -0.079258 0.612520 0.055935 0.784480
1520616763.811425209 1.951072 0.394135 4.172895 -0.065456 0.615117 0.054817 0.783800
1520616763.861426353 2.017071 0.395552 4.186861 -0.053321 0.616358 0.055725 0.783680
1520616763.911427259 2.086410 0.402860 4.202161 -0.045108 0.616890 0.056703 0.783707
1520616763.961429358 2.154893 0.415934 4.218910 -0.042263 0.615764 0.057805 0.784670
1520616764.011431456 2.221793 0.428882 4.239160 -0.043207 0.611715 0.061418 0.787506
1520616764.060730219 2.280051 0.435435 4.269304 -0.044665 0.606601 0.067280 0.790895
1520616764.110732079 2.346371 0.438325 4.293307 -0.044018 0.597900 0.073205 0.797007
1520616764.160734177 2.408406 0.434710 4.318082 -0.046226 0.587985 0.075101 0.804050
1520616764.210734129 2.467535 0.426320 4.346928 -0.047903 0.575752 0.075765 0.812696
1520616764.260735989 2.524142 0.415995 4.376006 -0.049348 0.564293 0.076569 0.820533
1520616764.310744047 2.581123 0.408479 4.405466 -0.051610 0.554884 0.073734 0.827045
1520616764.360738993 2.640113 0.406575 4.436175 -0.051877 0.546586 0.068088 0.833017
1520616764.410741091 2.701637 0.412329 4.465235 -0.049064 0.540326 0.060358 0.837853
1520616764.461071968 2.764800 0.422697 4.496138 -0.043719 0.534359 0.053747 0.842414
1520616764.511073828 2.830594 0.434244 4.527632 -0.038731 0.530234 0.048886 0.845554
1520616764.561074972 2.898671 0.444575 4.555917 -0.037868 0.531392 0.044331 0.845117
1520616764.611076832 2.963290 0.448615 4.582234 -0.039976 0.535765 0.046843 0.842119
1520616764.661078691 3.026740 0.445351 4.609259 -0.042904 0.540165 0.057789 0.838476
1520616764.711079836 3.092899 0.438443 4.633728 -0.045808 0.549803 0.063645 0.831606
1520616764.761081934 3.160478 0.430258 4.655666 -0.047195 0.564366 0.064875 0.821617
1520616764.811082840 3.226077 0.423620 4.673836 -0.046942 0.576999 0.065704 0.812743
1520616764.861084938 3.290568 0.421651 4.693319 -0.043314 0.584355 0.070620 0.807258
1520616764.912136555 3.359952 0.426095 4.712343 -0.037622 0.588890 0.073996 0.803939
1520616764.962138414 3.428680 0.435830 4.733847 -0.032246 0.592102 0.074641 0.801750
1520616765.012140274 3.495930 0.451112 4.754674 -0.031514 0.592315 0.074223 0.801662
1520616765.062141418 3.561174 0.465223 4.776759 -0.032793 0.588687 0.076881 0.804029
1520616765.112143278 3.625633 0.474117 4.800322 -0.033082 0.581506 0.080391 0.808884
1520616765.162144184 3.690387 0.478053 4.824599 -0.037406 0.574397 0.078739 0.813922
1520616765.212146521 3.752583 0.474754 4.850124 -0.047957 0.567567 0.075126 0.818489
1520616765.262148380 3.812509 0.468863 4.875562 -0.057794 0.557658 0.077049 0.824464
1520616765.312943459 3.874323 0.464270 4.901500 -0.065748 0.548308 0.079067 0.829930
1520616765.362945557 3.934199 0.461049 4.926874 -0.069235 0.540406 0.078135 0.834903
1520616765.412946463 3.996554 0.463901 4.952908 -0.070299 0.532675 0.073859 0.840155
1520616765.462948561 4.061750 0.472655 4.979793 -0.070917 0.525123 0.067844 0.845349
1520616765.512949467 4.127206 0.485256 5.006035 -0.070382 0.517435 0.065189 0.850328
1520616765.562951326 4.194551 0.498017 5.032593 -0.067869 0.512296 0.064879 0.853661
1520616765.612954378 4.265515 0.507300 5.055872 -0.067838 0.516950 0.060339 0.851187
1520616765.662954569 4.336747 0.511949 5.075341 -0.071950 0.527986 0.058367 0.844185
1520616765.712478876 4.404617 0.509738 5.092921 -0.076940 0.539394 0.065776 0.835947
1520616765.762481213 4.474154 0.502073 5.110547 -0.080670 0.550831 0.071058 0.827665
1520616765.812484026 4.545512 0.494216 5.124491 -0.084057 0.563181 0.070320 0.819034
1520616765.862483263 4.613906 0.487489 5.138843 -0.083694 0.572567 0.072431 0.812352
1520616765.912485123 4.683590 0.484069 5.153139 -0.078179 0.578052 0.078173 0.808476
1520616765.962517023 4.755456 0.486118 5.167330 -0.070301 0.583418 0.079195 0.805239
1520616766.012488127 4.829174 0.494611 5.182897 -0.063261 0.589799 0.074985 0.801568
1520616766.062489033 4.903075 0.505870 5.199500 -0.057648 0.593440 0.071801 0.799594
1520616766.111555099 4.974306 0.515419 5.215787 -0.052624 0.593422 0.069938 0.800119
1520616766.161556244 5.044467 0.520742 5.232986 -0.050152 0.590452 0.067031 0.802719
1520616766.211558104 5.112262 0.519799 5.253425 -0.054253 0.587601 0.061766 0.804964
1520616766.261559963 5.176982 0.513944 5.273744 -0.062610 0.583401 0.057210 0.807744
1520616766.311561108 5.239347 0.504568 5.296360 -0.067864 0.575491 0.056300 0.813040
1520616766.361563206 5.302278 0.495469 5.321179 -0.069474 0.566140 0.055683 0.819487
1520616766.411564112 5.364946 0.490744 5.347329 -0.069978 0.556964 0.050888 0.826017
1520616766.461566210 5.428514 0.491451 5.374383 -0.068861 0.548429 0.043542 0.832219
1520616766.510795593 5.490425 0.499367 5.400191 -0.067115 0.539048 0.036072 0.838821
1520616766.560797453 5.553105 0.512508 5.424986 -0.066330 0.530037 0.030881 0.844812
1520616766.610798359 5.616015 0.523747 5.451701 -0.066472 0.522591 0.026219 0.849584
1520616766.660800457 5.680129 0.530610 5.479706 -0.066153 0.518783 0.022118 0.852056
1520616766.710802317 5.742773 0.532670 5.509361 -0.067476 0.518226 0.021524 0.852306
1520616766.760803223 5.802634 0.529503 5.537297 -0.072545 0.516552 0.026291 0.852772
1520616766.810805559 5.862962 0.521741 5.568259 -0.076169 0.516488 0.031400 0.852322
1520616766.860806465 5.924549 0.514343 5.596836 -0.077788 0.520397 0.032310 0.849760
1520616766.910776615 5.985989 0.508382 5.626228 -0.076098 0.523074 0.034048 0.848200
1520616766.960778475 6.047199 0.505328 5.656614 -0.069184 0.521315 0.039678 0.849629
1520616767.010780334 6.108153 0.507010 5.687834 -0.060532 0.515759 0.040307 0.853641
1520616767.060781479 6.172720 0.513077 5.719818 -0.052031 0.507616 0.035633 0.859273
1520616767.110782385 6.235242 0.522777 5.753977 -0.045581 0.497027 0.031316 0.865971
1520616767.160784483 6.295331 0.530539 5.790348 -0.041177 0.481554 0.030723 0.874909
1520616767.210786581 6.352984 0.533350 5.827155 -0.039680 0.462346 0.029364 0.885324
1520616767.260787487 6.410021 0.532977 5.866027 -0.042328 0.444324 0.024129 0.894540
1520616767.310789347 6.463713 0.529093 5.905710 -0.047713 0.424429 0.019383 0.903996
1520616767.361924648 6.509872 0.527535 5.947904 -0.053443 0.399609 0.022239 0.914856
1520616767.411925554 6.552692 0.524062 5.991494 -0.060604 0.375542 0.026422 0.924444
1520616767.461927652 6.595126 0.521022 6.036072 -0.066008 0.351604 0.027550 0.933412
1520616767.511929512 6.639994 0.524641 6.081850 -0.067105 0.328476 0.023756 0.941826
1520616767.561930418 6.684349 0.532161 6.128681 -0.064156 0.307709 0.014923 0.949198
1520616767.611988544 6.728859 0.543265 6.177466 -0.060289 0.285344 0.005563 0.956511
1520616767.661933661 6.770885 0.553871 6.228745 -0.058867 0.263110 -0.004010 0.962960
1520616767.711935520 6.809912 0.563622 6.279110 -0.060154 0.243074 -0.012344 0.968062
1520616767.762353420 6.846893 0.570459 6.333811 -0.061370 0.223108 -0.015973 0.972729
1520616767.812355280 6.879346 0.570420 6.387977 -0.062824 0.202414 -0.018436 0.977109
1520616767.862357616 6.908201 0.565600 6.444292 -0.061007 0.181803 -0.020815 0.981220
1520616767.912358284 6.934353 0.557976 6.499837 -0.055302 0.162009 -0.022731 0.984976
1520616767.962360620 6.953825 0.552385 6.555498 -0.048856 0.136513 -0.025562 0.989103
1520616768.012361526 6.968696 0.547916 6.609160 -0.044968 0.103805 -0.025719 0.993248
1520616768.062363386 6.979102 0.552334 6.665395 -0.042532 0.067094 -0.022017 0.996597
1520616768.112364531 6.988404 0.563112 6.724122 -0.041819 0.032509 -0.018938 0.998417
1520616768.160436153 7.001234 0.578391 6.778687 -0.044933 0.001048 -0.015066 0.998876
1520616768.210437059 7.007997 0.591076 6.835643 -0.048609 -0.032216 -0.011482 0.998232
1520616768.260439396 7.009576 0.601395 6.891102 -0.051346 -0.060789 -0.007149 0.996803
1520616768.310441256 7.006992 0.607086 6.945383 -0.051699 -0.089339 -0.002566 0.994655
1520616768.360442162 6.995085 0.607009 7.000567 -0.049292 -0.123466 0.002745 0.991120
1520616768.410444260 6.980749 0.601113 7.047706 -0.047614 -0.161671 0.008716 0.985657
1520616768.460445166 6.961166 0.597282 7.095538 -0.049655 -0.197992 0.012532 0.978865
1520616768.510447025 6.940912 0.592309 7.138687 -0.054299 -0.229441 0.011195 0.971742
1520616768.559714317 6.919850 0.593991 7.185247 -0.056005 -0.255324 0.006512 0.965210
1520616768.609716177 6.894882 0.599522 7.231619 -0.055485 -0.279712 0.004684 0.958468
1520616768.659717321 6.868096 0.607663 7.279578 -0.054330 -0.299290 0.003292 0.952609
1520616768.709719181 6.842104 0.615213 7.327020 -0.053553 -0.315315 0.003459 0.947469
1520616768.759721279 6.814761 0.620931 7.373578 -0.052503 -0.327802 0.004881 0.943274
1520616768.809722424 6.786167 0.622458 7.421681 -0.051059 -0.336187 0.005220 0.940396
1520616768.859723330 6.756798 0.617679 7.470711 -0.050631 -0.340735 0.006952 0.938769
1520616768.909724236 6.725728 0.609072 7.518180 -0.048259 -0.343838 0.010902 0.937725
1520616768.959624052 6.700449 0.599313 7.566687 -0.042529 -0.343471 0.014745 0.938084
1520616769.009624720 6.669817 0.587941 7.613326 -0.033754 -0.346404 0.017712 0.937311
1520616769.059627056 6.635554 0.579467 7.655048 -0.023479 -0.362931 0.020658 0.931291
1520616769.109628916 6.599184 0.575862 7.695092 -0.013145 -0.387345 0.019807 0.921628
1520616769.159633875 6.561314 0.577661 7.732515 -0.004420 -0.416057 0.017258 0.909164
1520616769.209631920 6.520467 0.584469 7.768660 0.001716 -0.443126 0.012385 0.896372
1520616769.259711981 6.478288 0.593301 7.802539 0.003558 -0.469275 0.007458 0.883014
1520616769.309634924 6.433598 0.600045 7.830618 0.002788 -0.497301 0.003625 0.867566
1520616769.359636068 6.388309 0.603263 7.853223 0.002482 -0.526540 -0.001003 0.850146
1520616769.409698486 6.344568 0.603455 7.870443 0.002138 -0.557714 -0.005282 0.830014
1520616769.459700584 6.300888 0.601506 7.877257 0.000736 -0.595967 -0.004299 0.802997
1520616769.509701729 6.254991 0.600667 7.881012 -0.001159 -0.633186 -0.002808 0.773994
1520616769.559703588 6.210057 0.599635 7.878952 -0.004237 -0.665634 -0.005756 0.746244
1520616769.609704494 6.161898 0.604087 7.875992 -0.008939 -0.694024 -0.008847 0.719842
1520616769.659706593 6.114173 0.611731 7.870985 0.011575 0.718181 0.011082 -0.695672
1520616769.709707499 6.064975 0.625981 7.862843 0.009670 0.739883 0.010799 -0.672580
1520616769.759709597 6.014853 0.640465 7.853357 0.007476 0.759384 0.008193 -0.650549
1520616769.810701132 6.014853 0.640465 7.853357 0.007476 0.759384 0.008193 -0.650549
1520616769.860703230 5.964512 0.645882 7.839515 0.009552 0.771946 0.010661 -0.635527
1520616769.910705090 5.912221 0.647912 7.827117 0.017476 0.782100 0.011146 -0.622808
1520616769.960705996 5.861320 0.647245 7.813629 0.023328 0.791492 0.010399 -0.610646
1520616770.010708332 5.812522 0.640788 7.796204 0.027181 0.799842 0.003924 -0.599582
1520616770.060710192 5.764805 0.631566 7.778178 0.028937 0.807638 -0.007441 -0.588922
1520616770.110711336 5.719422 0.623192 7.759909 0.028731 0.814846 -0.016940 -0.578717
1520616770.160712242 5.672153 0.619503 7.740070 0.029831 0.822301 -0.022092 -0.567841
1520616770.211903811 5.672153 0.619503 7.740070 0.029831 0.822301 -0.022092 -0.567841
1520616770.261905670 5.612051 0.606442 7.733389 0.038151 0.830018 -0.017453 -0.556156
1520616770.311907768 5.561184 0.611477 7.709835 0.039863 0.832928 -0.017082 -0.551679
1520616770.361908674 5.507600 0.613561 7.686828 0.041020 0.832828 -0.018376 -0.551705
1520616770.411910772 5.453553 0.609324 7.667281 0.043299 0.829461 -0.020046 -0.556523
1520616770.461911917 5.398085 0.602697 7.647262 0.052121 0.824703 -0.023063 -0.562687
1520616770.511913776 5.343844 0.593043 7.631908 0.054122 0.817890 -0.022510 -0.572382
1520616770.561914682 5.287782 0.581156 7.615525 0.048908 0.809559 -0.023463 -0.584528
1520616770.612808228 5.230891 0.561387 7.600041 0.046014 0.801111 -0.027129 -0.596127
1520616770.662810326 5.172383 0.549566 7.586919 0.042580 0.791430 -0.031549 -0.608958
1520616770.712812185 5.113178 0.540671 7.576687 0.038333 0.777404 -0.033334 -0.626947
1520616770.762813091 5.053295 0.538194 7.569334 0.034016 0.760999 -0.033874 -0.646974
1520616770.812815428 4.992202 0.537524 7.565129 0.031951 0.741639 -0.032448 -0.669252
1520616770.862817287 4.930564 0.537859 7.565299 0.032658 0.718415 -0.030419 -0.694181
1520616770.912921429 4.871444 0.540889 7.571514 -0.035416 -0.690219 0.029018 0.722151
1520616770.962820292 4.813849 0.540670 7.584490 -0.038414 -0.657645 0.030413 0.751733
1520616771.012594700 4.758295 0.536558 7.601338 -0.039977 -0.623021 0.034776 0.780408
1520616771.062596798 4.705216 0.528315 7.625408 -0.039691 -0.584520 0.038497 0.809493
1520616771.112597704 4.658022 0.515892 7.660449 -0.035810 -0.540709 0.037925 0.839591
1520616771.162599564 4.612549 0.504422 7.698291 -0.033174 -0.493387 0.035815 0.868439
1520616771.212600946 4.574209 0.496241 7.739288 -0.036044 -0.445706 0.034159 0.893801
1520616771.262602806 4.539149 0.488647 7.783607 -0.041781 -0.396014 0.034520 0.916644
1520616771.312603712 4.508099 0.484122 7.830842 -0.045865 -0.344532 0.039564 0.936819
1520616771.362605810 4.483048 0.478779 7.880809 -0.045185 -0.295123 0.050088 0.953075
1520616771.411128283 4.457424 0.474315 7.936824 -0.039094 -0.248086 0.062373 0.965937
1520616771.461130142 4.440790 0.466406 7.992694 -0.024123 -0.199930 0.072812 0.976803
1520616771.511132240 4.434551 0.454728 8.049741 -0.007733 -0.149635 0.079205 0.985533
1520616771.561133385 4.436467 0.447670 8.105322 0.003493 -0.096922 0.082000 0.991902
1520616771.611135244 4.447481 0.445485 8.157117 0.004782 -0.043950 0.082670 0.995596
1520616771.661136150 4.464543 0.443693 8.205224 -0.001171 0.010078 0.081924 0.996587
1520616771.711138248 4.488422 0.443296 8.251779 -0.005441 0.063227 0.080462 0.994735
1520616771.761139154 4.516757 0.442855 8.294930 -0.005393 0.119420 0.078465 0.989724
1520616771.811141014 4.551024 0.444933 8.335453 -0.001144 0.177716 0.075332 0.981194
1520616771.860009193 4.590806 0.448126 8.369006 0.004190 0.232781 0.073499 0.969739
1520616771.910011292 4.635445 0.468202 8.404947 0.012376 0.288924 0.071806 0.954575
1520616771.960012197 4.679574 0.474566 8.427175 0.015063 0.342753 0.072551 0.936499
1520616772.010014296 4.725444 0.481144 8.442645 0.015282 0.392633 0.074522 0.916543
1520616772.060015440 4.773242 0.488256 8.450567 0.013222 0.439735 0.078669 0.894578
1520616772.110017300 4.822616 0.493609 8.454457 0.011074 0.481833 0.082384 0.872312
1520616772.160018444 4.873075 0.498305 8.453381 0.008633 0.520848 0.082420 0.849617
1520616772.210020304 4.924501 0.502740 8.448612 0.006254 0.556342 0.080647 0.827007
1520616772.259750128 4.976341 0.506448 8.438936 0.006183 0.585547 0.083131 0.806341
1520616772.309751987 5.031017 0.512096 8.430847 0.008273 0.613105 0.085775 0.785287
1520616772.359752893 5.086363 0.516501 8.417661 0.009455 0.638451 0.087012 0.764669
1520616772.409755230 5.141510 0.523961 8.404709 0.008325 0.660177 0.085371 0.746196
1520616772.459757090 5.198781 0.530497 8.388943 0.005858 0.677184 0.081770 0.731233
1520616772.509758949 5.254218 0.536275 8.372779 0.001961 0.688553 0.074432 0.721353
1520616772.559759140 5.309406 0.541223 8.355915 -0.005908 0.695971 0.063558 0.715228
1520616772.609761000 5.364058 0.542492 8.336425 -0.013147 0.702511 0.056613 0.709295
1520616772.659722090 5.417702 0.546128 8.317075 -0.018339 0.709699 0.052552 0.702303
1520616772.709722996 5.472864 0.549013 8.297408 -0.023259 0.719040 0.050455 0.692745
1520616772.759724855 5.528030 0.553706 8.277912 -0.025195 0.730797 0.051900 0.680152
1520616772.809726000 5.584702 0.559158 8.259009 -0.024249 0.743708 0.055078 0.665790
1520616772.859727859 5.643199 0.568254 8.238613 -0.022184 0.758656 0.057302 0.648587
1520616772.909729004 5.702761 0.578513 8.217890 -0.021937 0.774151 0.058939 0.629870
1520616772.959730864 5.763065 0.588759 8.196177 -0.021944 0.789169 0.062939 0.610549
1520616773.009731770 5.823158 0.597319 8.172692 -0.020231 0.804140 0.067939 0.590198
1520616773.060005426 5.883505 0.602870 8.147956 -0.015283 0.819689 0.069778 0.568338
1520616773.110007286 5.942142 0.602432 8.119683 -0.008742 0.833406 0.069342 0.548224
1520616773.160008430 5.997900 0.598931 8.088113 -0.005143 0.847441 0.066349 0.526703
1520616773.210010290 6.050883 0.592009 8.053475 -0.004492 0.860823 0.064300 0.504807
1520616773.260011196 6.101994 0.585716 8.018410 -0.005002 0.872770 0.066394 0.483569
1520616773.310013533 6.152028 0.580283 7.979249 -0.003999 0.883942 0.072530 0.461919
1520616773.360015392 6.202230 0.578678 7.940689 0.000311 0.894469 0.079365 0.440029
1520616773.410016298 6.251496 0.580389 7.898057 0.005534 0.903328 0.084135 0.420583
1520616773.461805344 6.251496 0.580389 7.898057 0.005534 0.903328 0.084135 0.420583
1520616773.511806250 6.296729 0.594123 7.854946 0.009289 0.910574 0.080145 0.405396
1520616773.561808348 6.343814 0.602984 7.812394 0.008160 0.916828 0.076589 0.391784
1520616773.611810207 6.391636 0.606238 7.770371 0.006954 0.921107 0.077707 0.381411
1520616773.661811113 6.439664 0.608043 7.727369 0.002440 0.923529 0.079104 0.375274
1520616773.711813450 6.487562 0.607466 7.679246 -0.008296 0.927265 0.076813 0.366347
1520616773.761815310 6.534006 0.605176 7.638761 -0.016592 0.929717 0.070432 0.361095
1520616773.811816216 6.579247 0.602061 7.595421 -0.023501 0.930774 0.061088 0.359688
1520616773.863090992 6.628463 0.595555 7.554839 -0.027619 0.931253 0.050527 0.359794
1520616773.913092852 6.673191 0.601871 7.516682 -0.031147 0.931590 0.041208 0.359822
1520616773.963093758 6.722013 0.601153 7.477164 -0.034787 0.931997 0.037790 0.358807
1520616774.013095856 6.770029 0.609034 7.439378 -0.039799 0.932098 0.039128 0.357880
1520616774.063096762 6.817659 0.617858 7.399347 -0.046570 0.932371 0.042037 0.356018
1520616774.113098860 6.866634 0.621693 7.357165 -0.053131 0.932535 0.043171 0.354531
1520616774.163100958 6.915700 0.623317 7.318678 -0.059271 0.932424 0.040196 0.354200
1520616774.213101864 6.963039 0.621723 7.278320 -0.067571 0.931575 0.035856 0.355409
1520616774.263103724 7.009106 0.612833 7.240802 -0.073376 0.930620 0.031164 0.357199
1520616774.312895060 7.053145 0.600314 7.202109 -0.074759 0.929945 0.026125 0.359069
1520616774.362896919 7.096253 0.591127 7.164076 -0.075536 0.929120 0.023257 0.361232
1520616774.412898064 7.139723 0.582515 7.127163 -0.073440 0.927331 0.024243 0.366165
1520616774.462899923 7.183983 0.578127 7.091790 -0.070572 0.923955 0.024627 0.375128
1520616774.512900829 7.232421 0.575240 7.051460 -0.069437 0.919038 0.021067 0.387432
1520616774.562902927 7.280787 0.577518 7.015222 -0.070305 0.912301 0.014916 0.403164
1520616774.612903833 7.330059 0.581563 6.982767 -0.072521 0.904230 0.010217 0.420719
1520616774.662905931 7.381447 0.584978 6.953298 -0.072741 0.894064 0.006853 0.441941
1520616774.713839531 7.434150 0.587949 6.924425 -0.074030 0.881297 0.002420 0.466721
1520616774.763840675 7.487319 0.585233 6.901302 -0.078789 0.867311 0.001253 0.491490
1520616774.813842773 7.539276 0.581702 6.881413 -0.083328 0.852537 0.004990 0.515958
1520616774.863843679 7.593799 0.577737 6.865481 -0.086530 0.836108 0.009581 0.541613
1520616774.913845778 7.648194 0.573177 6.854047 -0.084217 0.819052 0.015229 0.567301
1520616774.963847637 7.702377 0.570023 6.844671 -0.077160 0.801865 0.019247 0.592190
1520616775.013848543 7.762378 0.569177 6.836642 -0.065291 0.784962 0.018956 0.615802
1520616775.063850641 7.822994 0.571736 6.829283 -0.051041 0.770422 0.014416 0.635324
1520616775.116383314 7.873876 0.575242 6.825871 -0.037481 0.757574 0.013139 0.651540
1520616775.166384220 7.933116 0.582561 6.819251 -0.029552 0.747701 0.016437 0.663174
1520616775.216386080 7.995646 0.586604 6.810207 -0.026574 0.742302 0.022398 0.669163
1520616775.266387224 8.058229 0.588669 6.801899 -0.023847 0.741921 0.031335 0.669330
1520616775.316389084 8.118621 0.584623 6.794905 -0.018248 0.742530 0.044746 0.668067
1520616775.366390944 8.178200 0.576529 6.788334 -0.012682 0.742447 0.056337 0.667411
1520616775.416392088 8.238798 0.565228 6.780983 -0.006704 0.746221 0.062716 0.662704
1520616775.466395140 8.298619 0.554946 6.770008 0.000240 0.752158 0.066055 0.655664
1520616775.518124104 8.356065 0.556298 6.759298 0.012547 0.757788 0.071088 0.648495
1520616775.568128109 8.417366 0.554005 6.745554 0.026122 0.762659 0.076647 0.641712
1520616775.618127108 8.478390 0.556008 6.731915 0.039076 0.768484 0.079460 0.633713
1520616775.668128014 8.542165 0.562028 6.713869 0.050407 0.774674 0.079518 0.625313
1520616775.718130112 8.605085 0.566586 6.692042 0.058432 0.781657 0.077310 0.616134
1520616775.768131018 8.665499 0.566626 6.671000 0.064366 0.787813 0.075329 0.607893
1520616775.818147182 8.723027 0.564780 6.650598 0.069644 0.794340 0.075380 0.598741
1520616775.868135214 8.779839 0.559396 6.627941 0.070990 0.802209 0.071922 0.588428
1520616775.918136120 8.835079 0.553051 6.603644 0.070706 0.810286 0.064982 0.578113
1520616775.968137980 8.888294 0.544567 6.577631 0.068613 0.818910 0.057270 0.566920
1520616776.018139124 8.941215 0.538888 6.549393 0.067250 0.828333 0.050764 0.553863
1520616776.068140984 8.993873 0.536003 6.520408 0.069735 0.838437 0.046989 0.538472
1520616776.118142128 9.048021 0.537534 6.486683 0.072560 0.849118 0.041770 0.521526
1520616776.168144226 9.103960 0.543110 6.450420 0.073847 0.860585 0.034201 0.502763
1520616776.218145132 9.159165 0.550344 6.413497 0.075360 0.871442 0.026940 0.483926
1520616776.268147230 9.212280 0.556048 6.375661 0.072603 0.883062 0.020824 0.463139
1520616776.318193436 9.264005 0.559405 6.336579 0.066634 0.894201 0.017823 0.442321
1520616776.368176222 9.312970 0.558869 6.298656 0.061040 0.902373 0.020081 0.426139
1520616776.418178082 9.357840 0.554579 6.261608 0.051627 0.908908 0.025101 0.413027
1520616776.468179226 9.402382 0.553053 6.220238 0.040014 0.915065 0.027206 0.400392
1520616776.518181086 9.443533 0.546694 6.180446 0.031364 0.919269 0.026355 0.391493
1520616776.568181992 9.487352 0.540991 6.141573 0.026870 0.921310 0.024491 0.387126
1520616776.618184090 9.532788 0.537895 6.102632 0.023337 0.921604 0.021630 0.386826
1520616776.668186188 9.577286 0.537902 6.066416 0.021920 0.919487 0.018746 0.392060
1520616776.718187094 9.624241 0.540099 6.028426 0.017483 0.914995 0.014496 0.402825
1520616776.767155170 9.674215 0.543571 5.992703 0.012683 0.907967 0.010243 0.418725
1520616776.817157030 9.725743 0.545010 5.959215 0.008717 0.896484 0.006875 0.442936
1520616776.867158175 9.776108 0.542673 5.930655 0.001495 0.883317 0.005266 0.468743
1520616776.917160273 9.827518 0.536047 5.910013 -0.008900 0.869739 0.005787 0.493398
1520616776.967161417 9.878947 0.524687 5.892757 -0.013470 0.853721 0.007367 0.520505
1520616777.017162323 9.932263 0.515609 5.878824 -0.012984 0.836822 0.006807 0.547279
1520616777.067164183 9.982739 0.508653 5.867122 -0.009278 0.818160 0.004335 0.574899
1520616777.117166281 10.034416 0.502316 5.858264 -0.004907 0.800001 0.001266 0.599977
1520616777.166659117 10.089025 0.504551 5.850598 0.002116 0.783920 -0.001052 0.620858
1520616777.216660976 10.145979 0.505859 5.844795 0.010107 0.771191 -0.000816 0.636524
1520616777.266661882 10.203703 0.508475 5.836561 0.020957 0.761834 0.003529 0.647424
1520616777.316663980 10.262009 0.507829 5.827682 0.032570 0.759221 0.009500 0.649948
1520616777.366666079 10.319643 0.505255 5.815958 0.043491 0.761745 0.015650 0.646226
1520616777.416666985 10.378687 0.501221 5.804733 0.053698 0.767221 0.024534 0.638660
1520616777.466703892 10.438033 0.494429 5.794208 0.063634 0.772428 0.037046 0.630819
1520616777.516669989 10.495164 0.485129 5.780451 0.070039 0.780879 0.049313 0.618782
1520616777.566918135 10.552180 0.477500 5.762768 0.075490 0.790668 0.059912 0.604612
1520616777.616919041 10.607766 0.471528 5.745817 0.083067 0.797884 0.071645 0.592746
1520616777.666921139 10.664771 0.471156 5.727611 0.092841 0.803078 0.081486 0.582929
1520616777.716922045 10.723065 0.471715 5.706524 0.102694 0.808587 0.087144 0.572753
1520616777.766924143 10.782115 0.472006 5.681825 0.112446 0.815158 0.089467 0.561131
1520616777.816925287 10.839105 0.471701 5.654454 0.123071 0.821594 0.088472 0.549554
1520616777.866927147 10.894287 0.468926 5.623928 0.135121 0.828979 0.083769 0.536208
1520616777.916929007 10.950234 0.464531 5.590920 0.149614 0.839747 0.076306 0.516351
1520616777.965325832 10.998714 0.457401 5.556593 0.161575 0.851468 0.069745 0.493996
1520616778.015327692 11.042600 0.450309 5.518040 0.170036 0.863368 0.066656 0.470361
1520616778.065328598 11.084221 0.443831 5.477281 0.175397 0.876531 0.065906 0.443381
1520616778.115330935 11.121364 0.438055 5.436341 0.179431 0.889066 0.068678 0.415511
1520616778.165331602 11.157157 0.436150 5.391742 0.182984 0.901525 0.072231 0.385424
1520616778.215333700 11.192007 0.438957 5.341958 0.184293 0.915004 0.072369 0.351521
1520616778.265335798 11.223285 0.444506 5.290080 0.184713 0.928238 0.068518 0.315534
1520616778.315336704 11.251279 0.449604 5.236323 0.185932 0.939638 0.061429 0.280599
1520616778.362357855 11.267258 0.452376 5.183258 0.185950 0.949230 0.052400 0.248273
1520616778.412359715 11.285763 0.453095 5.131643 0.182871 0.959754 0.042740 0.208813
1520616778.462360859 11.297394 0.452118 5.077596 0.177791 0.967783 0.033777 0.175062
1520616778.512361765 11.305478 0.449013 5.023769 0.163870 0.975880 0.026016 0.141874
1520616778.562363625 11.308695 0.445402 4.969990 0.149680 0.982712 0.019821 0.107144
1520616778.612364769 11.307884 0.439521 4.917440 0.136808 0.987617 0.013055 0.075663
1520616778.662366629 11.306835 0.435516 4.865891 0.123376 0.991213 0.005159 0.047414
1520616778.712368727 11.301699 0.435001 4.812107 0.108802 0.993839 -0.001568 0.021086
1520616778.762369871 11.295394 0.437015 4.757725 0.095138 0.995441 -0.006420 -0.002164
1520616778.810536385 11.286322 0.455093 4.691534 0.085084 0.996096 -0.014860 -0.018262
1520616778.860534430 11.277412 0.468434 4.632093 0.074231 0.996472 -0.025039 -0.030103
1520616778.910535574 11.273071 0.467754 4.575456 0.060847 0.996715 -0.037025 -0.038541
1520616778.960536480 11.272362 0.461229 4.520373 0.047198 0.996841 -0.048671 -0.041360
1520616779.010538578 11.274321 0.457151 4.465955 0.035498 0.997007 -0.057208 -0.038009
1520616779.060540676 11.278134 0.450573 4.414693 0.021938 0.997369 -0.060958 -0.032529
1520616779.110597610 11.285140 0.443750 4.364663 0.010743 0.997764 -0.061857 -0.022934
1520616779.160543442 11.294021 0.438241 4.315966 0.000690 0.998064 -0.060821 -0.012993
1520616779.209789038 11.304686 0.440462 4.266413 -0.007014 0.998384 -0.056316 -0.002888
1520616779.259790897 11.316520 0.441867 4.216702 -0.012926 0.998694 -0.049093 0.005760
1520616779.309792042 11.329807 0.445572 4.165713 -0.015789 0.998823 -0.043914 0.013207
1520616779.359793901 11.345958 0.450942 4.113035 -0.018176 0.998745 -0.041457 0.021430
1520616779.409794807 11.363815 0.457309 4.059132 -0.022301 0.998344 -0.042076 0.032275
1520616779.459796906 11.384163 0.461543 4.005488 -0.029291 0.997609 -0.044457 0.044072
1520616779.509799004 11.404129 0.462646 3.951592 -0.037871 0.996647 -0.047228 0.055043
1520616779.559799910 11.424121 0.461740 3.897293 -0.043237 0.995809 -0.047218 0.065310
1520616779.609575510 11.449913 0.454781 3.847180 -0.045570 0.995169 -0.042214 0.076024
1520616779.659576416 11.474904 0.447638 3.800215 -0.049257 0.993676 -0.039190 0.092980
1520616779.709578276 11.500076 0.439766 3.752554 -0.054917 0.991944 -0.039029 0.107279
1520616779.759579420 11.525517 0.431143 3.707013 -0.061045 0.990367 -0.038304 0.118235
1520616779.809581280 11.557376 0.423741 3.663268 -0.063966 0.988981 -0.034988 0.128844
1520616779.859583139 11.587429 0.418434 3.616625 -0.066345 0.987124 -0.032940 0.141771
1520616779.909584284 11.621332 0.413072 3.572820 -0.062029 0.984696 -0.030609 0.159965
1520616779.959586382 11.656811 0.412359 3.529145 -0.055668 0.980845 -0.027804 0.184584
1520616780.010064602 11.703045 0.412792 3.488220 -0.049960 0.975591 -0.027192 0.212102
1520616780.060065508 11.743923 0.414301 3.451231 -0.045986 0.968170 -0.030059 0.244189
1520616780.110067606 11.789451 0.412535 3.417440 -0.042327 0.958287 -0.034893 0.280495
1520616780.160068512 11.838521 0.405291 3.388673 -0.037576 0.946813 -0.040594 0.316996
1520616780.210070610 11.887484 0.394902 3.367476 -0.029884 0.933781 -0.043264 0.353960
1520616780.260071754 11.938202 0.385396 3.352781 -0.021943 0.917397 -0.045313 0.394776
1520616780.310073614 11.988248 0.376852 3.341968 -0.019211 0.897541 -0.049056 0.437772
1520616780.360074520 12.039703 0.369196 3.336860 -0.018113 0.875708 -0.051262 0.479770
1520616780.411785364 12.039703 0.369196 3.336860 -0.018113 0.875708 -0.051262 0.479770
1520616780.461786270 12.086773 0.358378 3.338030 -0.027893 0.852078 -0.055828 0.519681
1520616780.511788607 12.138151 0.360833 3.339739 -0.031636 0.825631 -0.061758 0.559928
1520616780.561790466 12.177367 0.362208 3.346137 -0.030380 0.795210 -0.069163 0.601610
1520616780.611791372 12.217073 0.365097 3.358683 -0.028185 0.761724 -0.077775 0.642599
1520616780.661796331 12.254561 0.364621 3.380381 -0.026748 0.726095 -0.086694 0.681583
1520616780.711794376 12.287341 0.360542 3.405440 -0.022287 0.682793 -0.091456 0.724523
1520616780.761875391 12.315387 0.358234 3.434093 -0.016149 0.635086 -0.096494 0.766221
1520616780.810660362 12.315387 0.358234 3.434093 -0.016149 0.635086 -0.096494 0.766221
1520616780.860662460 12.334834 0.362254 3.471352 -0.010488 0.583302 -0.102103 0.805744
1520616780.910663366 12.349932 0.356871 3.512586 -0.011419 0.526948 -0.100951 0.843803
1520616780.960665226 12.356254 0.359191 3.555254 -0.010392 0.465509 -0.098085 0.879530
1520616781.010666609 12.356484 0.366267 3.599502 -0.009484 0.400914 -0.093192 0.911314
1520616781.060668468 12.349072 0.373649 3.644255 -0.008036 0.336236 -0.089520 0.937479
1520616781.110670567 12.336352 0.382843 3.688926 -0.005374 0.269783 -0.089385 0.958748
1520616781.160671473 12.316550 0.389773 3.728761 -0.001601 0.202734 -0.087555 0.975311
1520616781.210673332 12.287674 0.392979 3.763075 0.001784 0.134936 -0.081585 0.987488
1520616781.261108637 12.254101 0.394528 3.793956 0.005357 0.068242 -0.072539 0.995014
1520616781.311110735 12.219830 0.393800 3.820401 0.008728 0.006797 -0.065277 0.997806
1520616781.361111879 12.177412 0.390944 3.841747 0.011857 -0.046693 -0.057817 0.997164
1520616781.411113739 12.133282 0.388678 3.863054 0.013166 -0.094084 -0.046283 0.994401
1520616781.461115837 12.087068 0.390826 3.885285 0.014577 -0.137803 -0.034202 0.989762
1520616781.511116743 12.040512 0.393763 3.905294 0.015703 -0.176491 -0.023264 0.983902
1520616781.561118603 11.991948 0.399152 3.922525 0.013335 -0.210130 -0.010348 0.977528
1520616781.611119986 11.945884 0.404289 3.939077 0.007622 -0.237628 -0.001063 0.971326
1520616781.664535999 11.945884 0.404289 3.939077 0.007622 -0.237628 -0.001063 0.971326
1520616781.714537144 11.903284 0.403704 3.958058 0.000886 -0.249910 0.012321 0.968190
1520616781.764540195 11.862496 0.402339 3.977757 -0.003512 -0.257545 0.027285 0.965875
1520616781.814541101 11.824618 0.399826 4.000254 -0.005469 -0.259719 0.040473 0.964820
1520616781.864543200 11.788874 0.394718 4.023918 -0.008246 -0.258171 0.055012 0.964496
1520616781.914544106 11.754179 0.391234 4.047028 -0.011812 -0.257224 0.069458 0.963780
1520616781.964545250 11.721299 0.391460 4.072203 -0.015451 -0.257204 0.079615 0.962948
1520616782.014547110 11.691306 0.394801 4.102481 -0.019865 -0.255594 0.085410 0.962799
1520616782.066580296 11.664380 0.399846 4.135871 -0.027500 -0.250610 0.091676 0.963345
1520616782.116582394 11.638005 0.407597 4.174365 -0.037054 -0.240050 0.096436 0.965248
1520616782.166584253 11.613367 0.414212 4.214990 -0.046976 -0.223777 0.101085 0.968245
1520616782.216585159 11.591134 0.419814 4.259110 -0.053729 -0.202780 0.105529 0.972038
1520616782.266587496 11.572932 0.422219 4.307068 -0.055823 -0.177900 0.113264 0.975913
1520616782.316588402 11.555472 0.419582 4.358734 -0.054800 -0.147995 0.119040 0.980267
1520616782.366590261 11.542088 0.413344 4.409389 -0.050869 -0.112921 0.115951 0.985503
1520616782.416692257 11.534531 0.410997 4.461481 -0.042632 -0.077885 0.111196 0.989824
1520616782.467311859 11.535141 0.409392 4.513634 -0.033050 -0.042411 0.103384 0.993187
1520616782.517313004 11.536470 0.406756 4.565208 -0.024081 -0.008915 0.096430 0.995009
1520616782.567314863 11.538288 0.405415 4.617896 -0.015774 0.022933 0.091063 0.995456
1520616782.617315769 11.545524 0.408211 4.670041 -0.007239 0.052164 0.084186 0.995057
1520616782.667318106 11.554403 0.412951 4.723433 0.000605 0.080012 0.080060 0.993573
1520616782.717319965 11.563716 0.418718 4.776316 0.005845 0.106225 0.075191 0.991478
1520616782.767320871 11.573285 0.423880 4.828044 0.009369 0.130393 0.069489 0.988980
1520616782.817322969 11.580583 0.425788 4.880122 0.013816 0.154672 0.064722 0.985747
1520616782.868397474 11.593055 0.426204 4.930109 0.021362 0.175301 0.059609 0.982476
1520616782.918399572 11.604778 0.422554 4.979299 0.029544 0.190896 0.051412 0.979818
1520616782.968400478 11.617311 0.415426 5.026280 0.037111 0.204091 0.042672 0.977317
1520616783.018402576 11.633926 0.407630 5.072318 0.042884 0.212732 0.029775 0.975715
1520616783.068404436 11.652227 0.402422 5.118102 0.046789 0.218577 0.016230 0.974562
1520616783.118405342 11.669654 0.399216 5.163456 0.048350 0.219133 0.002833 0.974492
1520616783.168407440 11.682934 0.395661 5.209161 0.048778 0.215268 -0.014464 0.975229
1520616783.218408346 11.695945 0.395301 5.257333 0.050964 0.203000 -0.032056 0.977326
1520616783.268410444 11.707385 0.396021 5.307120 0.054366 0.182184 -0.050592 0.980456
1520616783.318411589 11.712983 0.393817 5.356869 0.059396 0.151981 -0.068249 0.984234
1520616783.368413448 11.714935 0.393779 5.407307 0.068748 0.113187 -0.085070 0.987535
1520616783.418414354 11.707518 0.383793 5.457056 0.082920 0.067000 -0.103030 0.988949
1520616783.468417645 11.688158 0.371524 5.506319 0.105266 0.018406 -0.122932 0.986645
1520616783.518418550 11.658765 0.362814 5.555368 0.132117 -0.035582 -0.137125 0.981058
1520616783.568419218 11.629660 0.351130 5.596187 0.154236 -0.096130 -0.146202 0.972417
1520616783.618421555 11.596261 0.340326 5.632562 0.169290 -0.155000 -0.150098 0.961658
1520616783.668423414 11.559003 0.327184 5.663185 0.176397 -0.211796 -0.146912 0.949970
1520616783.718424559 11.520280 0.321974 5.690355 0.180381 -0.261769 -0.142084 0.937418
1520616783.768426418 11.481791 0.321089 5.720835 0.182176 -0.304906 -0.137600 0.924614
1520616783.818427324 11.441635 0.324150 5.746528 0.182579 -0.343458 -0.132269 0.911705
1520616783.868429661 11.400070 0.328767 5.769760 0.184327 -0.375627 -0.126707 0.899374
1520616783.918430567 11.359505 0.332853 5.792862 0.185581 -0.401642 -0.119267 0.888830
1520616783.968432426 11.318372 0.335286 5.811652 0.183511 -0.424502 -0.105625 0.880321
1520616784.018434525 11.278546 0.336327 5.830538 0.178667 -0.445457 -0.089497 0.872718
1520616784.068435431 11.239600 0.337622 5.844795 0.171092 -0.471503 -0.074517 0.861893
1520616784.118436337 11.200237 0.340107 5.853804 0.162927 -0.498085 -0.061350 0.849472
1520616784.168438435 11.162561 0.342638 5.863859 0.154308 -0.523245 -0.050947 0.836545
1520616784.218439341 11.123910 0.347635 5.868550 0.142149 -0.550847 -0.038458 0.821512
1520616784.268441439 11.084070 0.353170 5.871544 0.126417 -0.580248 -0.024402 0.804199
1520616784.318443537 11.043031 0.365150 5.877170 0.110598 -0.603692 -0.010092 0.789444
1520616784.368444443 11.001336 0.375496 5.886238 0.092156 -0.621741 0.008153 0.777740
1520616784.418446302 10.960135 0.385996 5.895207 0.071300 -0.636630 0.030510 0.767260
1520616784.468447447 10.917002 0.394319 5.904070 0.054103 -0.644047 0.054012 0.761156
1520616784.518264294 10.873129 0.400132 5.921014 0.043840 -0.643620 0.075805 0.760319
1520616784.568265200 10.827162 0.402224 5.941032 0.033345 -0.636649 0.099207 0.764018
1520616784.618267298 10.781651 0.400486 5.964339 0.020806 -0.624028 0.120290 0.771807
1520616784.668269396 10.737427 0.396247 5.988595 0.010534 -0.608793 0.138515 0.781072
1520616784.718270302 10.691603 0.391850 6.016459 0.003568 -0.588228 0.152228 0.794230
1520616784.768272400 10.647490 0.389783 6.048357 -0.000145 -0.562757 0.164120 0.810166
1520616784.818273306 10.604433 0.388477 6.080976 -0.003886 -0.533562 0.177103 0.827001
1520616784.868275166 10.561047 0.392012 6.115035 -0.007501 -0.503064 0.185908 0.843984
1520616784.918461323 10.516913 0.399645 6.151428 -0.012176 -0.474582 0.192311 0.858860
1520616784.968463421 10.475463 0.409529 6.191149 -0.017724 -0.446002 0.196002 0.873127
1520616785.018465519 10.433733 0.419484 6.232706 -0.022557 -0.418289 0.198804 0.886004
1520616785.068466425 10.397767 0.431552 6.276348 -0.025152 -0.390834 0.202052 0.897659
1520616785.118468285 10.361277 0.429742 6.326446 -0.026751 -0.361078 0.204794 0.909377
1520616785.168469429 10.325542 0.432994 6.373169 -0.023638 -0.330994 0.206762 0.920399
1520616785.218471527 10.298783 0.433198 6.424113 -0.018238 -0.299992 0.206378 0.931171
1520616785.268473387 10.276775 0.430727 6.477329 -0.013621 -0.269633 0.203717 0.941070
1520616785.318474531 10.256089 0.429100 6.529743 -0.011231 -0.243193 0.202164 0.948610
1520616785.368476391 10.236876 0.432255 6.581205 -0.010621 -0.219465 0.201960 0.954429
1520616785.418477535 10.216567 0.439246 6.634670 -0.009794 -0.197004 0.202587 0.959193
1520616785.468479395 10.196335 0.447077 6.687798 -0.008583 -0.175583 0.205624 0.962713
1520616785.518480301 10.176510 0.455784 6.742650 -0.005992 -0.154887 0.209083 0.965535
1520616785.568482637 10.159351 0.463350 6.798257 -0.001918 -0.136166 0.214360 0.967215
1520616785.618483543 10.146225 0.469119 6.855010 0.003518 -0.118164 0.222696 0.967694
1520616785.668485403 10.138132 0.472676 6.913183 0.010142 -0.098873 0.226453 0.968938
1520616785.718486547 10.131556 0.475236 6.971132 0.017117 -0.075946 0.219765 0.972442
1520616785.768488407 10.128879 0.473609 7.025760 0.021123 -0.055335 0.221727 0.973308
1520616785.818489313 10.129327 0.471241 7.080626 0.023148 -0.033843 0.227232 0.972977
1520616785.868491411 10.134618 0.469286 7.135677 0.024443 -0.012091 0.228689 0.973117
1520616785.918493509 10.144017 0.471134 7.191427 0.026847 0.012908 0.225800 0.973718
1520616785.968494415 10.155413 0.475366 7.249683 0.032541 0.042262 0.222370 0.973502
1520616786.018496513 10.172111 0.478959 7.308325 0.040009 0.072903 0.222862 0.971297
1520616786.068497419 10.190053 0.480613 7.365909 0.048352 0.105637 0.223727 0.967703
1520616786.118499279 10.213918 0.482021 7.422067 0.057503 0.140810 0.223553 0.962751
1520616786.168500423 10.245703 0.484629 7.476911 0.067726 0.177467 0.222294 0.956297
1520616786.218502283 10.279414 0.488795 7.527571 0.078760 0.213677 0.221249 0.948255
1520616786.268504620 10.316789 0.486221 7.571529 0.085538 0.249297 0.215440 0.940276
1520616786.318505526 10.358647 0.489188 7.613919 0.089550 0.287212 0.209028 0.930482
1520616786.368507385 10.399969 0.494421 7.646622 0.087772 0.325945 0.202905 0.919177
1520616786.418508530 10.447236 0.499140 7.681602 0.085185 0.360139 0.199113 0.907413
1520616786.468510389 10.496835 0.504705 7.716666 0.084723 0.391519 0.197796 0.894657
1520616786.518511295 10.547740 0.512274 7.750983 0.086843 0.421101 0.193839 0.881793
1520616786.568513632 10.599325 0.519703 7.784419 0.089436 0.447098 0.189644 0.869563
1520616786.618514538 10.656414 0.527821 7.819464 0.092721 0.468065 0.187498 0.858582
1520616786.668516397 10.713839 0.537549 7.849791 0.095227 0.485610 0.186231 0.848783
1520616786.718518496 10.770924 0.543829 7.877514 0.099235 0.498819 0.186244 0.840622
1520616786.768520355 10.827491 0.544898 7.902544 0.096420 0.513083 0.178827 0.833948
1520616786.818521261 10.889323 0.544367 7.924920 0.089153 0.526269 0.169830 0.828402
1520616786.868523598 10.946053 0.539175 7.944722 0.083365 0.536826 0.165394 0.823112
1520616786.918525457 11.008630 0.536357 7.961552 0.077415 0.546185 0.157376 0.819098
1520616786.967437506 11.060691 0.533005 7.981607 0.073885 0.553969 0.147556 0.816019
1520616787.017439842 11.124825 0.535350 7.995981 0.071153 0.563363 0.133549 0.812234
1520616787.067444801 11.189556 0.541100 8.009089 0.069113 0.572790 0.116103 0.808490
1520616787.117441893 11.254797 0.546905 8.020662 0.070115 0.580765 0.104284 0.804314
1520616787.167443752 11.319421 0.554391 8.032996 0.073108 0.588607 0.098827 0.799019
1520616787.217445612 11.387054 0.558028 8.046961 0.074940 0.601319 0.092896 0.790044
1520616787.267446756 11.453822 0.560325 8.053827 0.072768 0.618557 0.084378 0.777799
1520616787.317462683 11.518656 0.557480 8.059799 0.066996 0.635243 0.079086 0.765325
1520616787.365852118 11.574796 0.551025 8.063496 0.060025 0.649801 0.076058 0.753904
1520616787.415853024 11.638387 0.544379 8.060876 0.054318 0.666708 0.071985 0.739843
1520616787.465855122 11.702123 0.535794 8.054817 0.051847 0.684127 0.066472 0.724475
1520616787.515857220 11.768540 0.529299 8.044979 0.054451 0.699726 0.059244 0.709865
1520616787.565858126 11.833015 0.525655 8.036410 0.058775 0.711932 0.049674 0.698019
1520616787.615860224 11.899596 0.525981 8.027069 0.060482 0.721345 0.039353 0.688807
1520616787.665861130 11.966487 0.530938 8.017572 0.059346 0.727703 0.032151 0.682563
1520616787.715862989 12.034296 0.534708 8.009128 0.056546 0.731702 0.030065 0.678609
1520616787.764108181 12.088473 0.545415 7.998031 0.053292 0.732910 0.031507 0.677503
1520616787.814110279 12.158615 0.538148 7.991079 0.044827 0.732530 0.033822 0.678414
1520616787.864112139 12.226644 0.529757 7.983966 0.032723 0.731676 0.034616 0.679986
1520616787.914113283 12.293289 0.519028 7.976726 0.026520 0.729302 0.036907 0.682680
1520616787.964115143 12.357792 0.507416 7.970011 0.024965 0.725522 0.036793 0.686761
1520616788.014116049 12.422908 0.495287 7.965765 0.028452 0.720544 0.033039 0.692037
1520616788.064118385 12.488898 0.487131 7.961260 0.032003 0.714736 0.022494 0.698299
1520616788.114120245 12.555744 0.483150 7.955724 0.034199 0.710129 0.007444 0.703201
1520616788.164121151 12.624783 0.482939 7.951328 0.037007 0.706679 -0.004976 0.706548
1520616788.212737322 12.690065 0.494330 7.948681 0.040248 0.705169 -0.013754 0.707762
1520616788.262739182 12.762578 0.493358 7.943659 0.039912 0.706517 -0.020029 0.706286
1520616788.312742472 12.830705 0.492531 7.939032 0.037998 0.711128 -0.020969 0.701722
1520616788.362743378 12.896431 0.487846 7.936913 0.034942 0.713664 -0.014288 0.699471
1520616788.412744284 12.959709 0.478977 7.937996 0.027737 0.715013 -0.009391 0.698497
1520616788.462746382 13.022493 0.470492 7.935527 0.021340 0.717946 -0.008602 0.695718
1520616788.512747288 13.084766 0.462377 7.933907 0.018259 0.720352 -0.009756 0.693299
1520616788.562749147 13.147094 0.457319 7.931991 0.019819 0.720492 -0.010580 0.693099
1520616788.611556292 13.208174 0.456191 7.930898 0.022225 0.719529 -0.010003 0.694035
1520616788.661558390 13.270486 0.459591 7.931618 0.023953 0.717730 -0.009902 0.695839
1520616788.711559057 13.338180 0.466306 7.930351 0.023133 0.714957 -0.010714 0.698704
1520616788.761561394 13.406453 0.472281 7.928782 0.020120 0.710632 -0.011257 0.703186
1520616788.811563253 13.474651 0.475282 7.929430 0.015991 0.706063 -0.012278 0.707862
1520616788.861564159 13.542847 0.472931 7.930498 0.011927 0.701123 -0.013143 0.712820
1520616788.911565304 13.609872 0.466185 7.934433 0.006580 0.693538 -0.014736 0.720239
1520616788.961603403 13.675198 0.456616 7.940249 0.000559 0.682463 -0.017498 0.730711
1520616789.010904312 13.733429 0.450495 7.944425 -0.005841 0.669841 -0.021198 0.742179
1520616789.060905218 13.795369 0.444056 7.954131 -0.012872 0.658380 -0.026449 0.752111
1520616789.110907316 13.857608 0.440465 7.963854 -0.017429 0.647068 -0.030209 0.761634
1520616789.160908222 13.922495 0.443161 7.972923 -0.020603 0.638293 -0.036366 0.768658
1520616789.210910320 13.989494 0.449209 7.980857 -0.023211 0.630807 -0.044211 0.774331
1520616789.260911465 14.056374 0.455881 7.990237 -0.024056 0.623646 -0.049402 0.779773
1520616789.310913324 14.123299 0.460444 7.999223 -0.026554 0.619678 -0.053295 0.782594
1520616789.360914230 14.190549 0.462445 8.008500 -0.029183 0.618869 -0.053974 0.783094
1520616789.411003113 14.255925 0.458694 8.018378 -0.031069 0.618400 -0.049398 0.783694
1520616789.461004972 14.318940 0.451387 8.030516 -0.034469 0.617565 -0.044988 0.784475
1520616789.511006117 14.380583 0.442712 8.042195 -0.037781 0.617759 -0.041019 0.784387
1520616789.561008215 14.443008 0.433244 8.051217 -0.041213 0.618907 -0.038958 0.783414
1520616789.611009121 14.504239 0.424618 8.063031 -0.041631 0.617284 -0.038709 0.784684
1520616789.661011219 14.567034 0.421629 8.076306 -0.039727 0.612647 -0.043260 0.788171
1520616789.711012125 14.631288 0.421240 8.088517 -0.036936 0.604995 -0.052211 0.793657
1520616789.761013985 14.694895 0.423563 8.102356 -0.034177 0.593315 -0.061964 0.801854
1520616789.812219620 14.760894 0.426439 8.121078 -0.032714 0.577127 -0.072613 0.812762
1520616789.862221479 14.822352 0.428543 8.140536 -0.030434 0.556804 -0.081559 0.826069
1520616789.912223577 14.882846 0.426778 8.163748 -0.028287 0.535201 -0.088648 0.839584
1520616789.962224722 14.941069 0.422752 8.188040 -0.029146 0.516192 -0.093966 0.850804
1520616790.012227535 14.994137 0.416190 8.216142 -0.033009 0.497700 -0.095220 0.861474
1520616790.062228441 15.043351 0.410132 8.247760 -0.038752 0.476024 -0.092123 0.873735
1520616790.112229586 15.090235 0.406179 8.282534 -0.046705 0.453246 -0.090397 0.885559
1520616790.162231445 15.136283 0.405806 8.318369 -0.053843 0.431139 -0.091774 0.895990
1520616790.212306976 15.182708 0.409794 8.356872 -0.056123 0.409496 -0.095198 0.905594
1520616790.262307882 15.229383 0.419489 8.396808 -0.054316 0.388505 -0.100139 0.914377
1520616790.312308788 15.273445 0.430935 8.438116 -0.052844 0.365889 -0.105231 0.923179
1520616790.362310886 15.315775 0.442149 8.480701 -0.054260 0.344687 -0.112438 0.930379
1520616790.412312746 15.354017 0.449698 8.524980 -0.055838 0.322992 -0.118275 0.937320
1520616790.462313652 15.387500 0.454866 8.570093 -0.055710 0.300267 -0.122590 0.944303
1520616790.512315989 15.415241 0.453519 8.616246 -0.056478 0.276162 -0.124610 0.951324
1520616790.562316895 15.438739 0.449350 8.664005 -0.055661 0.249477 -0.124911 0.958677
1520616790.612377882 15.459546 0.444163 8.712918 -0.052818 0.223007 -0.122842 0.965602
1520616790.660989523 15.505172 0.401404 8.714228 -0.058399 0.193791 -0.107851 0.973346
1520616790.710991621 15.523533 0.404930 8.763778 -0.054290 0.167229 -0.108708 0.978402
1520616790.760992527 15.538801 0.410684 8.813596 -0.050503 0.138784 -0.107938 0.983127
1520616790.810994387 15.554041 0.420117 8.860642 -0.050412 0.109578 -0.104987 0.987132
1520616790.860995531 15.564854 0.430225 8.907559 -0.053710 0.080938 -0.100370 0.990197
1520616790.910997391 15.574924 0.438142 8.954537 -0.056074 0.054757 -0.097088 0.992185
1520616790.960998297 15.582574 0.444782 9.004117 -0.053957 0.030070 -0.092897 0.993758
1520616791.011000633 15.587624 0.445217 9.053182 -0.048727 0.009243 -0.083846 0.995244
1520616791.060411215 15.591194 0.439817 9.099794 -0.042956 -0.011514 -0.070812 0.996498
1520616791.110412121 15.590912 0.431237 9.145912 -0.037266 -0.031853 -0.060842 0.996943
1520616791.160413980 15.586854 0.420936 9.191700 -0.033300 -0.050373 -0.053934 0.996717
1520616791.210415125 15.582668 0.413328 9.236401 -0.028753 -0.069720 -0.048213 0.995986
1520616791.260416985 15.579758 0.409132 9.282504 -0.020835 -0.088704 -0.046288 0.994764
1520616791.310417891 15.575506 0.409412 9.330748 -0.012031 -0.107137 -0.048388 0.992993
1520616791.360419989 15.572085 0.413746 9.378712 -0.006501 -0.126896 -0.054445 0.990399
1520616791.410422087 15.563907 0.420720 9.425816 -0.005113 -0.148704 -0.061756 0.986938
1520616791.460058212 15.550481 0.427389 9.473130 -0.004584 -0.170834 -0.069386 0.982843
1520616791.510060310 15.533758 0.431248 9.519848 -0.002864 -0.192608 -0.077672 0.978193
1520616791.560062170 15.514782 0.431409 9.564804 -0.001930 -0.212666 -0.087819 0.973169
1520616791.610063314 15.492439 0.429663 9.606269 -0.005568 -0.237740 -0.092036 0.966943
1520616791.660065174 15.466805 0.426651 9.644888 -0.008163 -0.264823 -0.094118 0.959658
1520616791.710066080 15.439180 0.423539 9.682137 -0.007060 -0.289060 -0.096431 0.952416
1520616791.760068417 15.409309 0.420863 9.716678 -0.004748 -0.314533 -0.095684 0.944400
1520616791.810069323 15.377807 0.422112 9.749749 -0.000451 -0.343552 -0.092029 0.934614
1520616791.860033035 15.342145 0.428137 9.784270 0.006845 -0.374511 -0.088234 0.922989
1520616791.910034895 15.305743 0.436397 9.815302 0.012858 -0.406690 -0.084502 0.909559
1520616791.960036039 15.267539 0.446891 9.843679 0.014790 -0.439791 -0.081779 0.894247
1520616792.010037899 15.228678 0.458206 9.870565 0.014840 -0.471631 -0.081521 0.877894
1520616792.060043097 15.188432 0.466292 9.892757 0.014724 -0.502871 -0.081936 0.860343
1520616792.110039949 15.147274 0.471292 9.910867 0.012839 -0.532448 -0.079683 0.842606
1520616792.160047054 15.105615 0.471129 9.922633 0.007573 -0.562813 -0.077108 0.822945
1520616792.210043907 15.065663 0.474132 9.929905 0.002934 -0.596240 -0.073468 0.799432
1520616792.260229826 15.022152 0.472491 9.928959 -0.001387 -0.627058 -0.071173 0.775713
1520616792.310152054 14.980213 0.473928 9.930923 -0.005365 -0.655404 -0.068441 0.752152
1520616792.360153198 14.934893 0.479359 9.931036 -0.007240 -0.678812 -0.065171 0.731378
1520616792.410155058 14.889551 0.488035 9.931263 -0.007770 -0.699322 -0.061743 0.712093
1520616792.460155964 14.843049 0.497752 9.928776 0.010291 0.716281 0.057721 -0.695345
1520616792.510158062 14.795800 0.508132 9.925564 0.013428 0.729004 0.055720 -0.682106
1520616792.560158968 14.747254 0.516066 9.923831 0.016827 0.736575 0.055739 -0.673845
1520616792.610160828 14.700005 0.522262 9.925846 0.021620 0.738518 0.053641 -0.671748
1520616792.660163164 14.651746 0.526048 9.926815 0.028039 0.739147 0.046731 -0.671335
1520616792.710271120 14.593907 0.503042 9.910402 0.038007 0.737444 0.042080 -0.673024
1520616792.760273218 14.540450 0.494982 9.904864 0.041709 0.734291 0.030189 -0.676880
1520616792.810274363 14.485678 0.485459 9.900144 0.043243 0.729045 0.016244 -0.682905
1520616792.860276222 14.433449 0.474950 9.897967 0.045087 0.723989 0.001192 -0.688335
1520616792.910277367 14.380744 0.469471 9.895285 0.048346 0.720154 -0.014328 -0.691979
1520616792.960279226 14.330083 0.463751 9.897070 0.051800 0.716159 -0.028019 -0.695448
1520616793.010280132 14.274041 0.465000 9.893657 0.053713 0.709516 -0.041360 -0.701421
1520616793.060282469 14.216716 0.469092 9.894889 -0.056275 -0.702475 0.055233 0.707326
1520616793.110411406 14.158261 0.470812 9.894716 -0.059620 -0.693477 0.069665 0.714620
1520616793.160412312 14.101048 0.468991 9.895695 -0.064834 -0.681790 0.082362 0.723999
1520616793.210414648 14.044902 0.463085 9.900130 -0.073018 -0.669405 0.094430 0.733245
1520616793.260416508 13.988639 0.455904 9.906162 -0.077100 -0.656926 0.102377 0.742983
1520616793.310418367 13.937406 0.451058 9.914943 -0.077665 -0.645144 0.108268 0.752354
1520616793.360419512 13.885052 0.444481 9.925888 -0.078123 -0.633264 0.111520 0.761864
1520616793.410421610 13.832580 0.439982 9.937114 -0.079078 -0.619141 0.114055 0.772918
1520616793.460422516 13.779402 0.439267 9.951701 -0.079020 -0.603077 0.116403 0.785178
1520616793.510510445 13.726129 0.442913 9.969344 -0.077422 -0.586365 0.120553 0.797276
1520616793.560512304 13.671888 0.447419 9.988822 -0.076682 -0.567101 0.128615 0.809923
1520616793.610514402 13.616411 0.451661 10.012358 -0.074976 -0.544535 0.138873 0.823756
1520616793.660515308 13.563771 0.454620 10.040199 -0.071408 -0.518346 0.149068 0.839045
1520616793.710516453 13.513409 0.454858 10.070150 -0.068415 -0.489535 0.159398 0.854557
1520616793.760518312 13.466039 0.453218 10.102716 -0.066869 -0.460753 0.166218 0.869257
1520616793.810520411 13.423390 0.451787 10.138220 -0.065076 -0.428253 0.167165 0.885675
1520616793.860521555 13.386716 0.450479 10.179163 -0.065151 -0.390841 0.168624 0.902532
1520616793.910856009 13.349141 0.450177 10.220732 -0.065817 -0.352280 0.168866 0.918178
1520616793.960752964 13.316362 0.449908 10.266575 -0.066326 -0.314798 0.169891 0.931472
1520616794.010754824 13.285445 0.451006 10.315410 -0.064346 -0.278412 0.174699 0.942246
1520616794.060755968 13.257994 0.452935 10.367445 -0.057936 -0.241628 0.178997 0.951956
1520616794.110757828 13.234842 0.455358 10.419098 -0.050018 -0.205240 0.185444 0.959680
1520616794.160758972 13.213284 0.457326 10.472702 -0.040958 -0.171549 0.193796 0.965058
1520616794.210761070 13.196762 0.456483 10.527154 -0.030801 -0.140246 0.200331 0.969149
1520616794.260762930 13.184732 0.452816 10.582760 -0.023441 -0.106969 0.206188 0.972365
1520616794.310711861 13.175794 0.449094 10.638335 -0.017803 -0.071302 0.207784 0.975410
1520616794.360713959 13.171815 0.441280 10.692408 -0.012433 -0.036514 0.214062 0.976058
1520616794.410714865 13.171335 0.433827 10.746275 -0.004061 -0.003026 0.218020 0.975931
1520616794.460716724 13.174775 0.427962 10.800043 0.005329 0.033863 0.215737 0.975850
1520616794.510717869 13.183022 0.425452 10.851550 0.013550 0.075550 0.210124 0.974657
1520616794.560719967 13.196182 0.426533 10.900988 0.020547 0.119914 0.203877 0.971408
1520616794.610720873 13.212717 0.430739 10.948623 0.028162 0.165323 0.201501 0.965025
1520616794.660722971 13.233156 0.436592 10.993735 0.037413 0.211609 0.201299 0.955668
1520616794.710424423 13.257137 0.441896 11.035047 0.048405 0.260040 0.203078 0.942759
1520616794.760425568 13.284621 0.445108 11.070952 0.059828 0.310845 0.204311 0.926311
1520616794.810427427 13.314482 0.445716 11.100760 0.072167 0.359496 0.205886 0.907285
1520616794.860428333 13.347577 0.446692 11.125004 0.082362 0.408677 0.202437 0.886126
1520616794.910430431 13.382975 0.447949 11.143052 0.089989 0.457521 0.197248 0.862363
1520616794.960432291 13.419974 0.450543 11.155378 0.094928 0.505506 0.191607 0.835906
1520616795.010434389 13.456357 0.453223 11.161575 0.096358 0.551384 0.185094 0.807732
1520616795.060435534 13.493232 0.456630 11.162541 0.098733 0.594163 0.180622 0.777559
1520616795.110436440 13.530509 0.460812 11.158875 0.106036 0.632516 0.176911 0.746580
1520616795.160324574 13.568166 0.464970 11.150754 0.117039 0.666110 0.172939 0.716025
1520616795.210326433 13.604883 0.469347 11.138406 0.129290 0.696978 0.167881 0.685071
1520616795.260327578 13.641759 0.476714 11.121590 0.137542 0.727450 0.159034 0.653152
1520616795.310329676 13.674845 0.482241 11.099879 0.143430 0.754848 0.150675 0.622036
1520616795.360330582 13.705764 0.485072 11.073754 0.148203 0.779267 0.139911 0.592624
1520616795.410332680 13.732536 0.487849 11.042657 0.144890 0.804191 0.124573 0.562819
1520616795.460333586 13.754415 0.489887 11.009619 0.140866 0.826013 0.114148 0.533694
1520616795.510339499 13.774260 0.492461 10.972958 0.138202 0.846048 0.107990 0.503429
1520616795.560231924 13.792723 0.495712 10.932730 0.134327 0.866671 0.100355 0.469857
1520616795.610233784 13.808616 0.500187 10.890661 0.125769 0.887117 0.087071 0.435459
1520616795.660234690 13.822729 0.504048 10.846506 0.116426 0.905154 0.073121 0.402238
1520616795.710237026 13.833243 0.506771 10.801733 0.110506 0.919655 0.061299 0.371842
1520616795.760237932 13.841862 0.509182 10.756554 0.104762 0.932313 0.047504 0.342872
1520616795.810239792 13.847403 0.509400 10.710490 0.096984 0.943349 0.029994 0.315890
1520616795.860241890 13.850997 0.506243 10.666508 0.085668 0.952733 0.010488 0.291292
1520616795.910242796 13.852105 0.502379 10.620637 0.073787 0.959132 -0.008701 0.273030
1520616795.960320950 13.854016 0.496907 10.575619 0.062740 0.963022 -0.027431 0.260577
1520616796.010322094 13.857098 0.492946 10.530949 0.049930 0.964467 -0.046054 0.255322
1520616796.060324192 13.861905 0.489920 10.488520 0.037045 0.963272 -0.059986 0.259108
1520616796.110325336 13.869106 0.490285 10.448814 0.020782 0.960668 -0.069366 0.268094
1520616796.160327196 13.877486 0.493183 10.407396 -0.001255 0.956618 -0.075287 0.281448
1520616796.210329056 13.888679 0.496237 10.365788 -0.023974 0.949380 -0.077918 0.303368
1520616796.260330200 13.903532 0.500286 10.327955 -0.044839 0.939420 -0.079982 0.330277
1520616796.310332060 13.923078 0.503640 10.293127 -0.065204 0.925082 -0.083697 0.364645
1520616796.360354662 13.944886 0.505008 10.260529 -0.088426 0.908397 -0.086412 0.399411
1520616796.410356760 13.970002 0.506464 10.233709 -0.110491 0.889844 -0.085665 0.434317
1520616796.460357666 13.997593 0.507470 10.212275 -0.131269 0.868235 -0.085250 0.470817
1520616796.510359526 14.030098 0.508230 10.193887 -0.145990 0.845777 -0.084466 0.506176
1520616796.560361624 14.065390 0.511775 10.180519 -0.154588 0.821959 -0.084610 0.541597
1520616796.610362530 14.103108 0.518107 10.173309 -0.156226 0.800265 -0.083383 0.572902
1520616796.660364628 14.145022 0.523627 10.166545 -0.152899 0.780269 -0.079666 0.601211
1520616796.710366726 14.189712 0.529690 10.162919 -0.145788 0.761401 -0.072859 0.627459
1520616796.760537863 14.236226 0.536556 10.163577 -0.136603 0.744588 -0.063798 0.650275
1520616796.810539007 14.282345 0.543312 10.168241 -0.126659 0.729602 -0.053574 0.669902
1520616796.860540867 14.331282 0.546517 10.173894 -0.114924 0.717950 -0.041827 0.685267
1520616796.910541773 14.381348 0.547385 10.181205 -0.100120 0.709805 -0.030085 0.696597
1520616796.960544109 14.433509 0.546114 10.188211 -0.082030 0.705557 -0.022587 0.703527
1520616797.010545969 14.486509 0.539567 10.193080 -0.060155 0.704941 -0.014379 0.706564
1520616797.060546875 14.538445 0.530664 10.196303 -0.032593 0.706244 -0.005279 0.707198
1520616797.110548973 14.590407 0.523057 10.196540 -0.005074 0.707925 0.003807 0.706259
1520616797.160543203 14.643956 0.519898 10.194694 0.020424 0.711766 0.013635 0.701987
1520616797.210545063 14.698472 0.519282 10.189369 0.043227 0.716711 0.024505 0.695598
1520616797.260545969 14.754625 0.520860 10.180459 0.063249 0.723177 0.035381 0.686850
1520616797.310548306 14.811690 0.520714 10.165078 0.080749 0.731200 0.044950 0.675874
1520616797.360549212 14.870005 0.519313 10.146186 0.096371 0.741905 0.050569 0.661614
1520616797.410551071 14.928188 0.516122 10.122317 0.110652 0.756405 0.055285 0.642301
1520616797.460553169 14.985688 0.508830 10.094354 0.121392 0.773181 0.059340 0.619624
1520616797.510554075 15.040258 0.501049 10.061700 0.128153 0.792326 0.060174 0.593444
1520616797.560555935 15.096274 0.493360 10.024825 0.135371 0.810932 0.062241 0.565854
1520616797.610662460 15.151091 0.487845 9.983279 0.140986 0.828797 0.062574 0.537868
1520616797.660664558 15.201970 0.485487 9.940527 0.145606 0.847219 0.062593 0.507052
1520616797.710665464 15.249503 0.489968 9.893386 0.149578 0.866388 0.060062 0.472642
1520616797.760667324 15.294894 0.496379 9.843488 0.151127 0.885975 0.056378 0.434775
1520616797.810668468 15.337636 0.505602 9.790144 0.152538 0.903613 0.052665 0.396789
1520616797.860670567 15.376308 0.514920 9.736169 0.149294 0.920281 0.045090 0.358833
1520616797.910672426 15.410205 0.522531 9.680064 0.143544 0.936998 0.036493 0.316383
1520616797.960673571 15.440373 0.526089 9.624307 0.136278 0.951251 0.026663 0.275388
1520616798.012466431 15.440373 0.526089 9.624307 0.136278 0.951251 0.026663 0.275388
1520616798.062467575 15.440373 0.526089 9.624307 0.136278 0.951251 0.026663 0.275388
1520616798.112469435 15.468045 0.519013 9.576477 0.122080 0.961522 0.021835 0.245143
1520616798.162471533 15.494296 0.517371 9.530104 0.107865 0.969395 0.019179 0.219707
1520616798.212473392 15.522124 0.515538 9.484360 0.096813 0.975116 0.016515 0.198752
1520616798.262474537 15.550763 0.517525 9.437003 0.086146 0.979047 0.009566 0.184266
1520616798.312475443 15.579959 0.521510 9.388589 0.072809 0.981598 -0.000241 0.176532
1520616798.362477541 15.613286 0.523381 9.340538 0.057822 0.982539 -0.009761 0.176576
1520616798.412919998 15.651458 0.522043 9.294655 0.043110 0.981614 -0.017931 0.185079
1520616798.462923050 15.690217 0.523835 9.248984 0.027084 0.978765 -0.028639 0.201158
1520616798.512923241 15.733892 0.521468 9.206001 0.010449 0.974109 -0.040794 0.222124
1520616798.562928200 15.778731 0.515906 9.166348 -0.007273 0.968167 -0.051534 0.244836
1520616798.612926006 15.825657 0.509386 9.128211 -0.024571 0.960188 -0.059669 0.271799
1520616798.662927151 15.877276 0.501734 9.095187 -0.035697 0.950395 -0.066416 0.301768
1520616798.712929010 15.930179 0.496230 9.063662 -0.044959 0.937963 -0.072772 0.336017
1520616798.762929916 15.985701 0.495459 9.034620 -0.055828 0.923156 -0.078623 0.372135
1520616798.812694788 16.043705 0.498823 9.006949 -0.065548 0.907085 -0.082610 0.407525
1520616798.862678766 16.104093 0.506843 8.981471 -0.072105 0.890180 -0.082521 0.442233
1520616798.912680626 16.168220 0.513529 8.960027 -0.075447 0.872464 -0.080414 0.476076
1520616798.962681532 16.232264 0.518863 8.941816 -0.074283 0.853388 -0.079431 0.509805
1520616799.012683868 16.298645 0.519876 8.928764 -0.063667 0.833508 -0.081066 0.542807
1520616799.062685728 16.366052 0.519232 8.916400 -0.044747 0.813905 -0.081567 0.573501
1520616799.112686634 16.430434 0.512948 8.907682 -0.025088 0.796099 -0.083018 0.598920
1520616799.162688732 16.492754 0.507147 8.901459 -0.003489 0.779224 -0.081767 0.621379
1520616799.213303566 16.554185 0.501802 8.898656 0.018847 0.760546 -0.073209 0.644868
1520616799.263305664 16.612845 0.499374 8.897401 0.041142 0.743968 -0.059567 0.664282
1520616799.313306570 16.671257 0.499364 8.895865 0.063989 0.730904 -0.043011 0.678111
1520616799.363308430 16.733065 0.500480 8.892564 0.089211 0.723574 -0.027667 0.683898
1520616799.413309813 16.796718 0.504083 8.885045 0.113759 0.720252 -0.014387 0.684170
1520616799.463311672 16.860562 0.506030 8.874696 0.138319 0.718746 -0.003412 0.681367
1520616799.513313532 16.924043 0.501980 8.862752 0.161967 0.717966 0.004768 0.676955
1520616799.563314676 16.986262 0.494637 8.848721 0.183895 0.719225 0.011995 0.669891
1520616799.613316536 17.046752 0.481989 8.833323 0.204002 0.721621 0.019075 0.661274
1520616799.661990404 17.104092 0.464295 8.817275 0.220096 0.725915 0.024815 0.651144
1520616799.711991549 17.161577 0.444457 8.798054 0.236427 0.730841 0.032941 0.639444
1520616799.761993408 17.219642 0.426150 8.777206 0.251294 0.738499 0.041727 0.624284
1520616799.811994314 17.275749 0.411715 8.751181 0.259922 0.750366 0.046294 0.606010
1520616799.861996651 17.332978 0.402313 8.723647 0.266174 0.763390 0.048842 0.586517
1520616799.911998510 17.391074 0.397186 8.692757 0.270546 0.777707 0.049927 0.565230
1520616799.961999416 17.449904 0.394203 8.659370 0.274922 0.792540 0.051461 0.541894
1520616800.012001514 17.508348 0.394880 8.624495 0.279261 0.807516 0.052618 0.516879
1520616800.061088324 17.577117 0.409813 8.595883 0.282068 0.823654 0.049331 0.489489
1520616800.111089230 17.630538 0.410166 8.559125 0.281272 0.839375 0.045874 0.462851
1520616800.161091328 17.681430 0.409672 8.518433 0.280870 0.853269 0.045464 0.437009
1520616800.211093187 17.729130 0.407146 8.475877 0.278310 0.868148 0.047400 0.408185
1520616800.261095285 17.774351 0.406519 8.431309 0.273230 0.883396 0.050838 0.377323
1520616800.311096430 17.815135 0.408060 8.386016 0.264338 0.897909 0.055760 0.347529
1520616800.361097097 17.852789 0.411220 8.340536 0.254353 0.910476 0.060913 0.320356
1520616800.411099195 17.888722 0.419093 8.295234 0.246016 0.920439 0.064545 0.296820
1520616800.460901976 17.923778 0.426163 8.251313 0.236666 0.929216 0.066667 0.275867
1520616800.510863781 17.955506 0.441177 8.203309 0.222976 0.937796 0.063925 0.258331
1520616800.560864925 17.987172 0.455498 8.155220 0.205833 0.945840 0.056092 0.244689
1520616800.610867023 18.016298 0.462923 8.107010 0.188265 0.952128 0.043901 0.236813
1520616800.660868883 18.046998 0.465191 8.060251 0.168049 0.958197 0.028578 0.229784
1520616800.710870028 18.074903 0.464583 8.012926 0.143307 0.962925 0.013927 0.228134
1520616800.760871887 18.101964 0.463117 7.967829 0.113337 0.966371 0.002987 0.230807
1520616800.810873032 18.130009 0.461598 7.925738 0.085323 0.967918 -0.003743 0.236306
1520616800.860626221 18.158356 0.459179 7.882831 0.060112 0.967908 -0.008812 0.243850
1520616800.910627365 18.185401 0.454578 7.840193 0.032856 0.967502 -0.014326 0.250311
1520616800.960629225 18.215354 0.455496 7.796975 0.006265 0.966873 -0.021835 0.254243
1520616801.010630131 18.246794 0.453949 7.752914 -0.015039 0.964872 -0.028572 0.260729
1520616801.060632229 18.280383 0.451508 7.708077 -0.032988 0.961437 -0.035183 0.270764
1520616801.110634327 18.319830 0.449279 7.665481 -0.048896 0.957169 -0.043284 0.282071
1520616801.160635233 18.360230 0.444458 7.623321 -0.062556 0.952125 -0.052018 0.294683
1520616801.210637331 18.405688 0.434758 7.584664 -0.075531 0.946025 -0.062940 0.308821
1520616801.260342836 18.453905 0.426499 7.547790 -0.082862 0.937948 -0.073992 0.328501
1520616801.310343981 18.504737 0.413918 7.515566 -0.087719 0.928249 -0.083832 0.351612
1520616801.360344887 18.557795 0.402135 7.486820 -0.089055 0.917920 -0.091558 0.375646
1520616801.410346746 18.612367 0.392986 7.463388 -0.088739 0.906395 -0.096253 0.401632
1520616801.460348845 18.666924 0.386779 7.443377 -0.088071 0.893405 -0.097926 0.429514
1520616801.510349751 18.724753 0.388897 7.429119 -0.084362 0.878683 -0.095750 0.460034
1520616801.560352802 18.781734 0.396136 7.417251 -0.079239 0.862533 -0.089488 0.491681
1520616801.610353947 18.841361 0.405156 7.409101 -0.071534 0.846008 -0.080839 0.522129
1520616801.660317421 18.899160 0.417014 7.402144 -0.059721 0.828085 -0.069860 0.553017
1520616801.710319281 18.959151 0.428912 7.396782 -0.045303 0.809739 -0.059072 0.582048
1520616801.760321379 19.021145 0.436768 7.395406 -0.030080 0.791896 -0.051157 0.607765
1520616801.810322523 19.080135 0.442855 7.398297 -0.013725 0.773687 -0.046316 0.631724
1520616801.860323429 19.136720 0.441648 7.406073 0.004003 0.754674 -0.040737 0.654822
1520616801.910325527 19.189849 0.436991 7.416903 0.019303 0.735224 -0.031591 0.676812
1520616801.960326433 19.240862 0.434401 7.431147 0.027840 0.715859 -0.020331 0.697393
1520616802.010328293 19.291401 0.431333 7.445910 0.030151 0.698564 -0.008334 0.714863
1520616802.060329437 19.341665 0.426857 7.458962 0.032795 0.683684 0.003083 0.729035
1520616802.110533476 19.394177 0.419498 7.471606 0.036993 0.674340 0.011652 0.737402
1520616802.160471201 19.447460 0.415812 7.484085 0.049313 0.670433 0.016584 0.740144
1520616802.210473299 19.502836 0.409789 7.494847 0.068168 0.667691 0.018714 0.741075
1520616802.260475159 19.558852 0.401758 7.504329 0.086564 0.668959 0.017286 0.738039
1520616802.310476303 19.616788 0.395601 7.513570 0.103387 0.674945 0.016156 0.730411
1520616802.360478163 19.672234 0.387750 7.519947 0.115945 0.680315 0.018856 0.723445
1520616802.410479307 19.726233 0.373373 7.528939 0.123034 0.684986 0.031196 0.717415
1520616802.460481167 19.779213 0.362143 7.534482 0.126086 0.689768 0.049072 0.711277
1520616802.510607958 19.832732 0.350823 7.536676 0.127510 0.699521 0.068623 0.699787
1520616802.560610056 19.887934 0.339322 7.536681 0.132166 0.712228 0.085210 0.684108
1520616802.610610962 19.944561 0.328469 7.534302 0.142484 0.723204 0.099357 0.668433
1520616802.660612822 20.000320 0.318797 7.527868 0.156614 0.733506 0.109579 0.652252
1520616802.710615158 20.056699 0.311213 7.518286 0.174048 0.742848 0.116576 0.635841
1520616802.760615826 20.112798 0.306262 7.504607 0.193042 0.752055 0.121445 0.618384
1520616802.810617924 20.169423 0.298370 7.487708 0.211190 0.761953 0.126069 0.599110
1520616802.860619068 20.223039 0.293876 7.468563 0.225492 0.772787 0.129907 0.578859
1520616802.911119223 20.278533 0.290695 7.443338 0.237963 0.783639 0.133736 0.558031
1520616802.961119890 20.333165 0.291648 7.418087 0.247486 0.796245 0.136666 0.534852
1520616803.011122227 20.384974 0.284430 7.387044 0.253709 0.809981 0.139543 0.509991
1520616803.061124086 20.435035 0.277282 7.354526 0.262802 0.821531 0.142084 0.485627
1520616803.111125946 20.482444 0.271577 7.317571 0.270019 0.834259 0.140052 0.459877
1520616803.161127090 20.526580 0.266974 7.276916 0.278227 0.847530 0.137158 0.430662
1520616803.211127996 20.571246 0.265221 7.232535 0.284801 0.861835 0.132710 0.398142
1520616803.261130333 20.612900 0.266257 7.186511 0.289256 0.875172 0.126580 0.366582
1520616803.311525345 20.656482 0.269736 7.139834 0.295164 0.886135 0.118194 0.337153
1520616803.361527205 20.696145 0.273167 7.092303 0.300561 0.896219 0.107539 0.308042
1520616803.411528111 20.731327 0.273440 7.042385 0.302240 0.908014 0.093677 0.274567
1520616803.461529255 20.760599 0.271626 6.994165 0.304036 0.917982 0.079766 0.241885
1520616803.511531353 20.786500 0.268206 6.945560 0.307081 0.925396 0.068651 0.211259
1520616803.561533213 20.809666 0.264073 6.897183 0.308176 0.932636 0.060894 0.177510
1520616803.611534357 20.829695 0.261105 6.846830 0.307712 0.939476 0.055588 0.140032
1520616803.661536217 20.843883 0.259249 6.794968 0.310974 0.943479 0.052225 0.102057
1520616803.710872173 20.849545 0.249449 6.753887 0.315321 0.945340 0.051711 0.065054
1520616803.760961056 20.855212 0.254321 6.701992 0.321396 0.945379 0.047398 0.026779
1520616803.810874939 20.860317 0.258005 6.649838 0.326981 0.944099 0.040583 -0.010646
1520616803.860877037 20.859008 0.264425 6.598064 0.329742 0.942299 0.031549 -0.048454
1520616803.910877943 20.852894 0.270493 6.547958 0.330542 0.939675 0.021381 -0.085412
1520616803.960879803 20.842867 0.276506 6.500467 0.330905 0.935609 0.011739 -0.122477
1520616804.010880947 20.826766 0.282326 6.456053 0.328430 0.929689 0.005503 -0.166679
1520616804.060883045 20.806401 0.288240 6.416732 0.327561 0.921130 0.000823 -0.210291
1520616804.110660791 20.781268 0.292193 6.381106 0.328608 0.909289 -0.004363 -0.255327
1520616804.160663128 20.751069 0.297975 6.350913 0.327689 0.894437 -0.010991 -0.304107
1520616804.210664034 20.716482 0.302639 6.327089 0.324732 0.876185 -0.019671 -0.355616
1520616804.260665894 20.678243 0.309988 6.308070 0.318203 0.854003 -0.030886 -0.410452
1520616804.310667992 20.639100 0.315027 6.297751 0.309976 0.829223 -0.045356 -0.462868
1520616804.360668898 20.599337 0.320931 6.293552 0.298405 0.801780 -0.061446 -0.514128
1520616804.410670757 20.560614 0.327280 6.296216 0.283986 0.771194 -0.076707 -0.564561
1520616804.460673094 20.523154 0.334532 6.306602 0.271942 0.736927 -0.091975 -0.611986
1520616804.510674000 20.487679 0.342627 6.322491 0.261155 0.699377 -0.107591 -0.656578
1520616804.560965300 20.458570 0.350725 6.351629 -0.249937 -0.658342 0.118956 0.699976
1520616804.610967398 20.434441 0.352707 6.386482 -0.244185 -0.615526 0.127097 0.738477
1520616804.660969496 20.413597 0.356188 6.422589 -0.241848 -0.573307 0.134855 0.771131
1520616804.710970402 20.394026 0.360817 6.462359 -0.235995 -0.531615 0.137073 0.801812
1520616804.760972261 20.377860 0.369241 6.502963 -0.225472 -0.492694 0.135530 0.829485
1520616804.810974360 20.362385 0.377024 6.547706 -0.212604 -0.459439 0.132067 0.852217
1520616804.860975266 20.349461 0.385158 6.597203 -0.197208 -0.431250 0.126259 0.871315
1520616804.910977364 20.337990 0.394573 6.648510 -0.180020 -0.406465 0.118112 0.887935
1520616804.961272717 20.327777 0.409340 6.710497 -0.161903 -0.385741 0.106759 0.901994
1520616805.011274099 20.321022 0.419450 6.768530 -0.143686 -0.366637 0.092518 0.914534
1520616805.061274767 20.314003 0.427107 6.822188 -0.126662 -0.351453 0.079755 0.924163
1520616805.111277103 20.306558 0.432093 6.875283 -0.106826 -0.338435 0.065428 0.932614
1520616805.161278963 20.297471 0.436070 6.925588 -0.084697 -0.330313 0.048858 0.938793
1520616805.211279869 20.287887 0.436591 6.976370 -0.062552 -0.326291 0.029919 0.942723
1520616805.261281013 20.273881 0.436815 7.023135 -0.039808 -0.326487 0.012888 0.944275
1520616805.311282873 20.256085 0.435653 7.067411 -0.018188 -0.333036 -0.001051 0.942738
1520616805.361480713 20.234956 0.434245 7.109760 0.001743 -0.341121 -0.017433 0.939856
1520616805.411481619 20.209410 0.433575 7.148743 0.019515 -0.352962 -0.033547 0.934833
1520616805.461483717 20.181825 0.432245 7.186690 0.036834 -0.367945 -0.051742 0.927676
1520616805.511484623 20.147876 0.429151 7.217112 0.054318 -0.385973 -0.069009 0.918321
1520616805.561486483 20.110367 0.425087 7.242806 0.073528 -0.410179 -0.086998 0.904863
1520616805.611487627 20.068244 0.418526 7.263631 0.090656 -0.438584 -0.103916 0.888047
1520616805.661489725 20.026544 0.409942 7.278814 0.106488 -0.469999 -0.121191 0.867798
1520616805.711490631 19.984048 0.398965 7.289148 0.120941 -0.502129 -0.134612 0.845647
1520616805.761115789 19.939732 0.387994 7.295103 0.127795 -0.536121 -0.136817 0.823118
1520616805.811116695 19.894484 0.379879 7.294488 0.128250 -0.571486 -0.133046 0.799534
1520616805.861118793 19.850136 0.378885 7.286984 0.121571 -0.609641 -0.121304 0.773850
1520616805.911120892 19.805824 0.388727 7.277526 0.108604 -0.649178 -0.103377 0.745712
1520616805.961121798 19.762185 0.393336 7.267150 0.090590 -0.686427 -0.084848 0.716528
1520616806.011123657 19.719853 0.398013 7.254039 -0.067520 0.720833 0.062987 -0.686931
1520616806.061124802 19.678367 0.405629 7.240128 -0.044474 0.749639 0.041268 -0.659060
1520616806.111126900 19.637776 0.413360 7.228304 -0.022544 0.771746 0.020917 -0.635187
1520616806.160843372 19.596268 0.416867 7.215714 0.000671 0.789684 -0.000232 -0.613513
1520616806.210845232 19.557012 0.417951 7.202778 0.025835 0.803407 -0.021691 -0.594474
1520616806.260847330 19.519657 0.416220 7.188885 0.050397 0.815951 -0.040570 -0.574489
1520616806.310848236 19.481079 0.414388 7.176700 0.070897 0.824218 -0.057670 -0.558849
1520616806.360850096 19.438538 0.410947 7.167425 0.089469 0.825684 -0.073052 -0.552181
1520616806.410852432 19.394015 0.406825 7.158972 0.110879 0.822718 -0.090073 -0.550207
1520616806.460854292 19.345345 0.404526 7.151353 0.133141 0.813781 -0.106116 -0.555674
1520616806.510855198 19.294175 0.406629 7.144698 0.154256 0.802051 -0.122607 -0.563814
1520616806.560826778 19.239117 0.407970 7.141622 0.169250 0.786259 -0.135094 -0.578706
1520616806.610829115 19.181528 0.411824 7.142335 0.180193 0.767183 -0.146443 -0.597926
1520616806.660830021 19.122267 0.414900 7.148360 0.186085 0.744314 -0.155802 -0.622169
1520616806.710831881 19.063704 0.415275 7.158901 0.194043 0.717981 -0.166863 -0.647308
1520616806.760833025 19.006320 0.413403 7.174501 0.201665 0.692012 -0.177152 -0.670125
1520616806.810834885 18.950316 0.411526 7.194082 -0.210370 -0.663619 0.187247 0.693032
1520616806.860835791 18.894022 0.410600 7.219508 -0.217237 -0.632104 0.194883 0.717825
1520616806.910838127 18.836970 0.413500 7.249079 -0.218162 -0.598817 0.199675 0.744281
1520616806.960838795 18.779670 0.417652 7.282742 -0.213315 -0.566954 0.204576 0.768901
1520616807.011441469 18.729612 0.427424 7.306178 -0.206143 -0.535123 0.212473 0.791204
1520616807.061438560 18.672256 0.432737 7.335466 -0.196160 -0.504170 0.216100 0.812794
1520616807.111439466 18.614186 0.439692 7.370945 -0.185926 -0.473761 0.216285 0.833188
1520616807.161441326 18.557707 0.444209 7.406996 -0.175954 -0.444803 0.214686 0.851528
1520616807.211442471 18.502739 0.441989 7.443721 -0.166730 -0.418727 0.212134 0.867103
1520616807.261444330 18.454060 0.449398 7.483271 -0.154475 -0.391810 0.201560 0.884305
1520616807.311445475 18.405582 0.452021 7.524775 -0.137860 -0.365956 0.187554 0.901052
1520616807.361447334 18.357643 0.449824 7.566158 -0.119177 -0.341516 0.177359 0.915264
1520616807.413039207 18.357643 0.449824 7.566158 -0.119177 -0.341516 0.177359 0.915264
1520616807.463041067 18.315307 0.461901 7.608112 -0.099697 -0.322769 0.169458 0.925832
1520616807.513043165 18.275789 0.476816 7.653173 -0.084726 -0.300961 0.160966 0.936127
1520616807.563044071 18.237118 0.482570 7.698156 -0.076753 -0.277725 0.155531 0.944874
1520616807.613045931 18.200908 0.490956 7.744942 -0.071896 -0.253005 0.156239 0.952055
1520616807.663047075 18.169545 0.499186 7.794382 -0.067082 -0.225439 0.162521 0.958261
1520616807.713049173 18.140405 0.502601 7.845447 -0.060327 -0.193537 0.170806 0.964225
1520616807.763050318 18.117953 0.506558 7.897982 -0.051415 -0.160105 0.172196 0.970604
1520616807.811882734 18.117953 0.506558 7.897982 -0.051415 -0.160105 0.172196 0.970604
1520616807.861884832 18.095549 0.503785 7.950332 -0.048384 -0.129701 0.173195 0.975110
1520616807.911885738 18.076071 0.501210 8.004781 -0.048277 -0.097659 0.170658 0.979290
1520616807.961887836 18.067420 0.502155 8.058813 -0.048651 -0.066194 0.167233 0.982489
1520616808.011888981 18.060028 0.505005 8.114339 -0.046144 -0.033640 0.170340 0.983729
1520616808.061890841 18.057907 0.508463 8.172023 -0.038080 -0.001679 0.174705 0.983883
1520616808.111892700 18.059263 0.514335 8.227599 -0.025386 0.027367 0.182609 0.982477
1520616808.161894798 18.061372 0.519380 8.285845 -0.013433 0.053939 0.190230 0.980165
1520616808.211580515 18.066031 0.524864 8.341517 -0.005321 0.078993 0.197638 0.977073
1520616808.261582375 18.070527 0.527412 8.402039 -0.000706 0.104212 0.207374 0.972695
1520616808.311583281 18.080719 0.529812 8.460012 -0.001431 0.132024 0.207618 0.969259
1520616808.361584425 18.095135 0.530595 8.515091 -0.003460 0.155564 0.208691 0.965524
1520616808.411588430 18.112338 0.527379 8.568787 -0.003384 0.175171 0.214460 0.960891
1520616808.461588144 18.133753 0.523957 8.621589 -0.000204 0.195499 0.218922 0.955957
1520616808.511589289 18.159667 0.523010 8.675869 0.005527 0.220633 0.219492 0.950323
1520616808.561590195 18.190628 0.525316 8.732996 0.013264 0.248535 0.216766 0.943963
1520616808.612308502 18.219993 0.545343 8.790831 0.023890 0.274095 0.217586 0.936460
1520616808.662310600 18.259209 0.549854 8.849408 0.029004 0.300758 0.217330 0.928154
1520616808.712311506 18.300327 0.555710 8.902118 0.034046 0.329187 0.213031 0.919290
1520616808.762313366 18.344905 0.560012 8.952365 0.040909 0.356603 0.203657 0.910870
1520616808.812314510 18.392613 0.560159 8.997342 0.047235 0.379495 0.188526 0.904550
1520616808.862316608 18.443673 0.559352 9.037229 0.048512 0.403854 0.168439 0.897873
1520616808.912317514 18.499369 0.559206 9.072792 0.045508 0.432325 0.150593 0.887888
1520616808.962319613 18.557046 0.558581 9.105266 0.041519 0.459417 0.136934 0.876619
1520616809.012320518 18.614129 0.559647 9.135081 0.040754 0.484443 0.133299 0.863647
1520616809.065271139 18.614129 0.559647 9.135081 0.040754 0.484443 0.133299 0.863647
1520616809.115273237 18.671992 0.567948 9.165577 0.045822 0.504671 0.126877 0.852707
1520616809.165274143 18.731227 0.576293 9.195517 0.053439 0.520261 0.118218 0.844095
1520616809.215276003 18.789476 0.583071 9.223551 0.061730 0.532549 0.109609 0.836999
1520616809.265277147 18.847384 0.586628 9.251322 0.066938 0.542756 0.102936 0.830867
1520616809.315279007 18.904503 0.587047 9.278993 0.065348 0.549910 0.099313 0.826720
1520616809.365281105 18.958022 0.583111 9.305459 0.054236 0.555582 0.096275 0.824086
1520616809.415282249 19.010513 0.579616 9.331069 0.042299 0.558715 0.096296 0.822664
1520616809.468603611 19.067875 0.578184 9.348449 0.032513 0.559531 0.092660 0.822971
1520616809.518604755 19.067875 0.578184 9.348449 0.032513 0.559531 0.092660 0.822971
1520616809.568606615 19.125674 0.580551 9.375434 0.035515 0.558563 0.081259 0.824708
1520616809.618608713 19.186326 0.583284 9.404232 0.041171 0.558687 0.067263 0.825621
1520616809.668609858 19.246834 0.587598 9.432808 0.045975 0.559668 0.056023 0.825542
1520616809.718611717 19.309542 0.591424 9.461766 0.047596 0.562186 0.047841 0.824253
1520616809.768612623 19.373469 0.593149 9.489700 0.046391 0.569132 0.040214 0.819951
1520616809.818614721 19.437409 0.591716 9.516693 0.041847 0.577068 0.032392 0.814980
1520616809.869241238 19.500499 0.584512 9.543877 0.034327 0.582133 0.028341 0.811875
1520616809.919243574 19.558044 0.575684 9.567726 0.026843 0.586540 0.026279 0.809049
1520616809.969247580 19.617448 0.566817 9.590161 0.020766 0.592319 0.023987 0.805079
1520616810.019246340 19.677008 0.559583 9.613565 0.019863 0.596640 0.024299 0.801895
1520616810.069248438 19.736411 0.556590 9.637884 0.021741 0.599899 0.024558 0.799403
1520616810.119249344 19.798415 0.557137 9.662473 0.026055 0.602335 0.023311 0.797477
1520616810.169250488 19.860493 0.562218 9.689060 0.031196 0.603169 0.024222 0.796635
1520616810.219252586 19.925189 0.567805 9.717716 0.035214 0.602657 0.026184 0.796793
1520616810.269254446 19.986890 0.572209 9.744271 0.039668 0.599008 0.029110 0.799230
1520616810.319278240 20.050143 0.573241 9.773383 0.044964 0.593821 0.032541 0.802681
1520616810.369257450 20.107839 0.572030 9.800914 0.047445 0.589843 0.034858 0.805369
1520616810.419258356 20.164491 0.566759 9.826888 0.044784 0.587762 0.034981 0.807036
1520616810.469260454 20.216992 0.562292 9.848904 0.039739 0.584461 0.035886 0.809653
1520616810.519261360 20.269274 0.559848 9.874530 0.034748 0.579150 0.038734 0.813558
1520616810.569263458 20.323360 0.554817 9.903279 0.029975 0.574204 0.041684 0.817101
1520616810.619264603 20.379526 0.556815 9.934023 0.028235 0.568775 0.043911 0.820835
1520616810.669266462 20.437090 0.562658 9.966207 0.027216 0.564799 0.043278 0.823644
1520616810.719268322 20.496427 0.572675 9.997356 0.027649 0.563305 0.042297 0.824702
1520616810.769269466 20.555211 0.580624 10.026056 0.030160 0.564055 0.040193 0.824207
1520616810.819271326 20.615212 0.584887 10.052147 0.031773 0.567909 0.036911 0.821649
1520616810.869272470 20.674491 0.590918 10.077308 0.032658 0.571498 0.036080 0.819159
1520616810.919274569 20.730364 0.585013 10.104502 0.027443 0.571745 0.034990 0.819226
1520616810.969275475 20.783877 0.576667 10.128603 0.017354 0.573482 0.032406 0.818393
1520616811.019277573 20.839855 0.572072 10.153885 0.006270 0.577802 0.030045 0.815600
1520616811.069279432 20.898347 0.568124 10.178034 -0.002501 0.578426 0.027686 0.815261
1520616811.119280338 20.953826 0.567532 10.204428 -0.006946 0.576667 0.021349 0.816671
1520616811.169282675 21.013347 0.567921 10.231789 -0.006808 0.573265 0.010734 0.819271
1520616811.219283342 21.072694 0.570837 10.261672 -0.002125 0.567965 -0.002299 0.823047
1520616811.269285440 21.135146 0.573117 10.294773 0.003345 0.559689 -0.017663 0.828508
1520616811.319287539 21.195597 0.575182 10.328003 0.008515 0.548770 -0.031987 0.835318
1520616811.369288445 21.255430 0.573166 10.362780 0.011809 0.537572 -0.044857 0.841941
1520616811.419290304 21.313153 0.569674 10.397587 0.007794 0.526541 -0.058963 0.848067
1520616811.469291449 21.367382 0.561947 10.434244 -0.000799 0.514180 -0.071089 0.854731
1520616811.519293547 21.418136 0.550811 10.471268 -0.007823 0.500376 -0.081358 0.861942
1520616811.569294453 21.468282 0.542625 10.511090 -0.010857 0.484682 -0.092268 0.869743
1520616811.619296551 21.517246 0.537080 10.553073 -0.012587 0.467140 -0.107284 0.877560
1520616811.669297457 21.565832 0.534723 10.596576 -0.013233 0.449419 -0.121527 0.884917
1520616811.719299316 21.614668 0.534228 10.641704 -0.014490 0.432412 -0.134320 0.891498
1520616811.769301414 21.665740 0.535174 10.690587 -0.014760 0.416353 -0.146922 0.897132
1520616811.819302320 21.714682 0.533867 10.738714 -0.013531 0.401460 -0.160107 0.901672
1520616811.869304657 21.760772 0.530390 10.786653 -0.011536 0.387138 -0.173890 0.905402
1520616811.918231726 21.805506 0.525015 10.837635 -0.007627 0.372322 -0.184679 0.909512
1520616811.968276024 21.845697 0.516034 10.892964 -0.003553 0.354261 -0.191557 0.915310
1520616812.018234968 21.881063 0.505457 10.946974 -0.001722 0.334595 -0.201116 0.920649
1520616812.068236828 21.914449 0.495833 11.002294 -0.001328 0.315956 -0.212394 0.924694
1520616812.118237972 21.944681 0.488402 11.058455 -0.000240 0.296958 -0.221375 0.928875
1520616812.168239832 21.971906 0.483981 11.116811 0.000032 0.274951 -0.229016 0.933784
1520616812.218240976 21.997757 0.484975 11.176651 0.002229 0.250074 -0.233955 0.939533
1520616812.268242836 22.022720 0.490884 11.237247 0.006053 0.223920 -0.238254 0.945018
1520616812.317203283 22.045139 0.495664 11.298537 0.011263 0.199514 -0.241475 0.949609
1520616812.367204189 22.066440 0.503060 11.361055 0.018442 0.174615 -0.239812 0.954809
1520616812.417206287 22.084021 0.509666 11.422872 0.027122 0.150718 -0.239214 0.958815
1520616812.467207193 22.097175 0.513856 11.485467 0.036764 0.127978 -0.237597 0.962194
1520616812.517209053 22.106886 0.517430 11.546460 0.043426 0.103486 -0.234849 0.965531
1520616812.567210197 22.111990 0.520794 11.605134 0.043654 0.077165 -0.230269 0.969080
1520616812.617212057 22.113432 0.523379 11.660515 0.036427 0.050371 -0.227457 0.971802
1520616812.667214155 22.113192 0.529658 11.721232 0.025838 0.025155 -0.228348 0.972912
1520616812.715496540 22.112186 0.538673 11.776577 0.017294 0.001684 -0.230887 0.972825
1520616812.765498400 22.109903 0.551660 11.836238 0.011994 -0.022281 -0.234479 0.971792
1520616812.815499544 22.105247 0.565305 11.898319 0.009738 -0.047041 -0.234050 0.971037
1520616812.865501404 22.094343 0.579737 11.958727 0.010322 -0.072435 -0.232186 0.969916
1520616812.915502548 22.081160 0.591673 12.018253 0.012118 -0.095526 -0.228678 0.968728
1520616812.965504408 22.064162 0.602507 12.077224 0.011879 -0.119371 -0.219915 0.968115
1520616813.015506506 22.041130 0.612215 12.135063 0.007585 -0.143532 -0.204805 0.968192
1520616813.065507650 22.014257 0.619815 12.188588 0.002717 -0.167798 -0.186185 0.968076
1520616813.112667084 21.971491 0.625461 12.227027 0.000295 -0.186015 -0.167502 0.968164
1520616813.162668943 21.952196 0.628061 12.281380 -0.001693 -0.209675 -0.142160 0.967380
1520616813.212670326 21.916062 0.636307 12.328113 -0.004572 -0.229279 -0.117111 0.966279
1520616813.262672186 21.880539 0.645906 12.376399 -0.009453 -0.248002 -0.091246 0.964406
1520616813.312673092 21.840117 0.657728 12.420876 -0.014971 -0.265394 -0.066415 0.961733
1520616813.362675190 21.799467 0.670588 12.466043 -0.021282 -0.279792 -0.045323 0.958754
1520616813.412676096 21.755385 0.680471 12.506969 -0.031415 -0.290701 -0.025357 0.955962
1520616813.462677956 21.711388 0.688664 12.548595 -0.045758 -0.299747 -0.002516 0.952917
1520616813.511425018 21.669347 0.692817 12.588938 -0.063062 -0.307303 0.020478 0.949299
1520616813.561426878 21.623365 0.691653 12.626969 -0.082174 -0.312332 0.038437 0.945632
1520616813.611492872 21.581603 0.685021 12.665555 -0.099319 -0.318120 0.050505 0.941480
1520616813.661430120 21.537443 0.674499 12.701100 -0.113594 -0.324523 0.061900 0.936990
1520616813.711431026 21.491516 0.662896 12.735570 -0.124410 -0.328986 0.071106 0.933399
1520616813.761432886 21.447697 0.649942 12.770012 -0.134225 -0.331436 0.078401 0.930584
1520616813.811434031 21.405511 0.638222 12.808595 -0.141415 -0.332188 0.086680 0.928515
1520616813.861435890 21.361611 0.628512 12.848128 -0.143144 -0.332865 0.096494 0.927038
1520616813.911437750 21.314616 0.614695 12.889296 -0.138592 -0.335090 0.106348 0.925849
1520616813.961328983 21.266645 0.596522 12.932920 -0.129749 -0.339949 0.116484 0.924138
1520616814.011330843 21.218743 0.574042 12.976111 -0.117041 -0.345899 0.124715 0.922552
1520616814.061331987 21.172547 0.546867 13.020889 -0.099451 -0.351969 0.132499 0.921233
1520616814.111333847 21.129612 0.512281 13.067663 -0.079464 -0.355524 0.142418 0.920329
1520616814.161334753 21.092642 0.479617 13.115147 -0.058461 -0.357130 0.152276 0.919702
1520616814.211336851 21.058279 0.441812 13.164700 -0.040643 -0.360325 0.159451 0.918199
1520616814.261338949 21.027744 0.409653 13.213632 -0.028638 -0.362619 0.164067 0.916935
1520616814.311339855 21.000034 0.380850 13.263939 -0.024047 -0.366991 0.171533 0.913956
1520616814.361090660 20.973308 0.359007 13.314988 -0.023996 -0.372266 0.177723 0.910635
1520616814.411091566 20.950634 0.338254 13.369635 -0.024635 -0.378366 0.181145 0.907424
1520616814.461093426 20.929415 0.322805 13.425374 -0.021584 -0.388060 0.182183 0.903191
1520616814.511094570 20.911082 0.313221 13.483467 -0.013712 -0.400598 0.178866 0.898521
1520616814.561096430 20.895219 0.306539 13.543384 -0.002840 -0.413816 0.172654 0.893834
1520616814.611098289 20.881738 0.306232 13.605717 0.010816 -0.424054 0.162750 0.890828
1520616814.661100626 20.868223 0.307729 13.668092 0.022456 -0.429580 0.151221 0.889994
1520616814.711101532 20.856836 0.313124 13.732679 0.031659 -0.432795 0.138196 0.890274
1520616814.760954142 20.844424 0.324967 13.793606 0.037477 -0.435811 0.125091 0.890514
1520616814.810956240 20.831537 0.334999 13.850404 0.038677 -0.439641 0.112871 0.890213
1520616814.860958099 20.818148 0.353345 13.908207 0.037628 -0.444713 0.099848 0.889294
1520616814.910959005 20.804301 0.377673 13.965285 0.036033 -0.446286 0.083256 0.890280
1520616814.960960150 20.789753 0.402881 14.024201 0.036445 -0.444189 0.063630 0.892927
1520616815.010962248 20.772198 0.432414 14.082598 0.037102 -0.441692 0.048653 0.895078
1520616815.060964108 20.751767 0.461338 14.136431 0.035292 -0.441464 0.039692 0.895706
1520616815.110965252 20.727947 0.488634 14.185062 0.033033 -0.442058 0.035034 0.895693
1520616815.160938740 20.702579 0.519239 14.235818 0.033494 -0.438180 0.026567 0.897870
1520616815.210939646 20.672097 0.546521 14.280529 0.030248 -0.432223 0.019265 0.901053
1520616815.261025906 20.636777 0.570420 14.319740 0.019350 -0.431372 0.016868 0.901809
1520616815.310942650 20.599577 0.595675 14.350569 0.003121 -0.437217 0.015107 0.899224
1520616815.360944748 20.558103 0.622571 14.376833 -0.012429 -0.444554 0.010591 0.895603
1520616815.410945892 20.513252 0.651691 14.401062 -0.024670 -0.452225 0.007382 0.891532
1520616815.460947752 20.464437 0.682076 14.421026 -0.033143 -0.463444 0.001312 0.885505
1520616815.510949612 20.411420 0.711840 14.433900 -0.041559 -0.478025 -0.006857 0.877336
1520616815.560867310 20.356497 0.738337 14.439897 -0.051739 -0.498744 -0.011843 0.865123
1520616815.610869408 20.299298 0.761616 14.441548 -0.060479 -0.518458 -0.017715 0.852778
1520616815.660870314 20.240926 0.778271 14.437494 -0.065919 -0.540012 -0.021484 0.838797
1520616815.710872412 20.182786 0.786980 14.426702 -0.065626 -0.562570 -0.023267 0.823812
1520616815.760873556 20.127068 0.787635 14.408483 -0.063835 -0.585397 -0.023511 0.807888
1520616815.810875416 20.074616 0.778215 14.385380 -0.064269 -0.612110 -0.019372 0.787919
1520616815.860877275 20.026150 0.766148 14.358023 -0.063235 -0.640047 -0.013719 0.765606
1520616815.910878420 19.982003 0.744682 14.328972 -0.064902 -0.667987 -0.005179 0.741320
1520616815.960880280 19.941401 0.722388 14.300680 -0.066713 -0.693893 0.002131 0.716978
1520616816.011795282 19.941401 0.722388 14.300680 -0.066713 -0.693893 0.002131 0.716978
1520616816.061797142 19.905627 0.700995 14.278128 0.077952 0.716609 -0.000791 -0.693105
1520616816.111799240 19.869849 0.684932 14.255664 0.085351 0.738535 0.003577 -0.668782
1520616816.161800146 19.832963 0.669310 14.237401 0.083649 0.758350 0.007083 -0.646419
1520616816.211802006 19.793540 0.647284 14.220990 0.073426 0.778010 0.006799 -0.623909
1520616816.261803150 19.753418 0.623519 14.207864 0.055760 0.797085 0.000242 -0.601287
1520616816.311805248 19.712901 0.596136 14.200242 0.038974 0.816361 -0.012545 -0.576089
1520616816.361807108 19.674317 0.564151 14.192921 0.021324 0.832278 -0.024693 -0.553398
1520616816.412320852 19.630074 0.539756 14.187247 0.004690 0.846267 -0.034424 -0.531625
1520616816.462322712 19.603012 0.533999 14.190949 -0.008155 0.859801 -0.047761 -0.508325
1520616816.512323856 19.579344 0.555226 14.193544 -0.024271 0.872733 -0.060346 -0.483845
1520616816.562324762 19.544271 0.560273 14.191308 -0.033694 0.884552 -0.060888 -0.461221
1520616816.612326622 19.505270 0.567712 14.183152 -0.041472 0.895630 -0.055293 -0.439396
1520616816.662328720 19.475099 0.585517 14.167142 -0.051793 0.903746 -0.048821 -0.422111
1520616816.712329626 19.436216 0.605633 14.151988 -0.059453 0.911056 -0.041952 -0.405810
1520616816.762331724 19.400728 0.625137 14.132721 -0.065472 0.920524 -0.035886 -0.383486
1520616816.812090158 19.366612 0.649501 14.107085 -0.070888 0.929655 -0.032399 -0.360092
1520616816.862092018 19.338224 0.671962 14.076727 -0.074903 0.937792 -0.031353 -0.337568
1520616816.912197113 19.322018 0.691920 14.042114 -0.077624 0.944950 -0.033693 -0.316083
1520616816.962095022 19.307952 0.713708 14.002525 -0.079441 0.952809 -0.034630 -0.290937
1520616817.012095928 19.297658 0.739548 13.959123 -0.081042 0.960821 -0.032399 -0.263068
1520616817.062098265 19.299175 0.765862 13.913786 -0.080955 0.968646 -0.025561 -0.233491
1520616817.112100124 19.306766 0.792346 13.865719 -0.078257 0.975395 -0.018838 -0.205247
1520616817.162101030 19.321880 0.819341 13.814284 -0.070323 0.981853 -0.012123 -0.175707
1520616817.212283134 19.343332 0.845362 13.760623 -0.066027 0.986811 -0.004513 -0.147732
1520616817.262284040 19.372578 0.872825 13.705785 -0.065398 0.990721 0.003947 -0.119074
1520616817.312285900 19.412766 0.893830 13.652926 -0.061208 0.994024 0.011637 -0.089635
1520616817.362287045 19.457219 0.909353 13.599561 -0.054098 0.996708 0.013844 -0.058775
1520616817.412289143 19.509145 0.914500 13.549317 -0.045608 0.998572 0.013117 -0.024520
1520616817.462291002 19.565010 0.913220 13.501299 -0.037280 0.999126 0.011558 0.014976
1520616817.512292147 19.625765 0.906241 13.458704 -0.029842 0.997857 0.009825 0.057396
1520616817.562294006 19.689105 0.891715 13.420594 -0.021203 0.994673 0.008623 0.100504
1520616817.613727570 19.754023 0.871973 13.387670 -0.015166 0.989710 0.009843 0.141944
1520616817.663729429 19.821461 0.852314 13.359772 -0.006139 0.983292 0.016510 0.181179
1520616817.713730574 19.884203 0.829710 13.332974 0.004480 0.975061 0.023399 0.220655
1520616817.763732433 19.945736 0.808655 13.309373 0.013017 0.964831 0.034479 0.260275
1520616817.813733339 20.003195 0.789299 13.287597 0.013088 0.952408 0.045165 0.301178
1520616817.863735437 20.057347 0.767889 13.263869 0.011893 0.938106 0.050434 0.342451
1520616817.913737535 20.107470 0.742594 13.239669 0.010766 0.923363 0.046603 0.380938
1520616817.963739395 20.156665 0.715229 13.213146 0.014933 0.908418 0.036059 0.416238
1520616818.014805079 20.204473 0.683460 13.190180 0.022777 0.892168 0.020791 0.450649
1520616818.064806938 20.244360 0.650297 13.164076 0.028766 0.875749 0.004822 0.481884
1520616818.114807844 20.283115 0.619531 13.139863 0.038201 0.858189 -0.004775 0.511888
1520616818.164808989 20.318026 0.593375 13.110386 0.043602 0.843874 -0.010244 0.534669
1520616818.214810848 20.351736 0.574314 13.075406 0.046662 0.833000 -0.010083 0.551209
1520616818.264812708 20.383881 0.566500 13.038162 0.040249 0.825268 -0.010622 0.563205
1520616818.314813852 20.418209 0.565145 12.997824 0.030671 0.822461 -0.011383 0.567880
1520616818.364815950 20.452785 0.570899 12.955058 0.019133 0.823085 -0.014969 0.567398
1520616818.414816856 20.488365 0.579797 12.911827 0.013407 0.824052 -0.017385 0.566088
1520616818.462631464 20.488365 0.579797 12.911827 0.013407 0.824052 -0.017385 0.566088
1520616818.512632370 20.525190 0.598091 12.872358 0.016071 0.826204 -0.019183 0.562815
1520616818.562634230 20.562692 0.617372 12.830850 0.018779 0.828880 -0.016535 0.558867
1520616818.612636328 20.602888 0.640427 12.795767 0.019747 0.833388 -0.008080 0.552277
1520616818.662637234 20.643514 0.669410 12.766203 0.018006 0.836895 0.005142 0.547043
1520616818.712639570 20.685578 0.701518 12.739031 0.010721 0.841614 0.017815 0.539679
1520616818.762640476 20.729554 0.736051 12.715864 0.002388 0.846057 0.028723 0.532312
1520616818.812642336 20.778358 0.772560 12.697460 -0.001095 0.849851 0.038571 0.525608
1520616818.865568161 20.778358 0.772560 12.697460 -0.001095 0.849851 0.038571 0.525608
1520616818.915570259 20.829439 0.802152 12.685962 0.008349 0.850339 0.043997 0.524326
1520616818.965571404 20.883898 0.835954 12.677986 0.016102 0.849989 0.046619 0.524487
1520616819.015573263 20.942372 0.865481 12.673781 0.021718 0.847416 0.052539 0.527876
1520616819.065575123 20.999458 0.885335 12.673282 0.025453 0.842982 0.061644 0.533792
1520616819.115576267 21.057826 0.894435 12.674678 0.029475 0.836423 0.074303 0.542225
1520616819.165578127 21.118308 0.891340 12.677258 0.030253 0.829783 0.085026 0.550740
1520616819.215580225 21.177968 0.879638 12.676858 0.030151 0.822542 0.094797 0.559937
1520616819.267743349 21.233621 0.866647 12.671272 0.028269 0.813569 0.102390 0.571684
1520616819.317744493 21.284803 0.855895 12.660068 0.020717 0.805919 0.103175 0.582597
1520616819.367746353 21.338016 0.838249 12.644922 0.015467 0.799879 0.101456 0.591322
1520616819.417747259 21.393955 0.818574 12.625347 0.014734 0.796039 0.095062 0.597551
1520616819.467749357 21.455411 0.802859 12.599019 0.023937 0.793503 0.084338 0.602218
1520616819.517751217 21.515440 0.782083 12.565970 0.035071 0.793228 0.069209 0.603961
1520616819.567753315 21.574200 0.757052 12.527255 0.050044 0.793962 0.051255 0.603733
1520616819.617754459 21.628407 0.731075 12.484159 0.066673 0.794488 0.036161 0.602525
1520616819.668343306 21.675803 0.709483 12.430903 0.076036 0.797940 0.022906 0.597482
1520616819.718344212 21.721427 0.692355 12.375932 0.078074 0.803043 0.012091 0.590661
1520616819.768346071 21.761887 0.672403 12.320013 0.076091 0.808520 0.005696 0.583501
1520616819.818347216 21.796595 0.664286 12.259242 0.071549 0.813556 0.000036 0.577068
1520616819.868349075 21.829722 0.656344 12.195722 0.068041 0.818483 -0.002258 0.570483
1520616819.918349981 21.863985 0.651494 12.134503 0.066745 0.823188 -0.003114 0.563823
1520616819.968352318 21.899496 0.654431 12.076336 0.066425 0.827431 -0.006428 0.557587
1520616820.018354177 21.932317 0.654116 12.015169 0.069776 0.829139 -0.008863 0.554600
1520616820.069560528 21.963475 0.665588 11.959064 0.077128 0.825104 -0.010854 0.559586
1520616820.119561434 21.991714 0.680943 11.900633 0.082505 0.819818 -0.012835 0.566504
1520616820.169563293 22.019375 0.695621 11.840944 0.088115 0.817553 -0.011626 0.568953
1520616820.219565630 22.047513 0.712219 11.779651 0.091156 0.820135 -0.003434 0.564852
1520616820.269566536 22.076897 0.730281 11.718730 0.089284 0.831803 0.007927 0.547786
1520616820.319568396 22.109276 0.751456 11.660428 0.091413 0.849929 0.020358 0.518507
1520616820.369569540 22.142029 0.771642 11.602675 0.088674 0.872278 0.030520 0.479933
1520616820.419571400 22.171677 0.795008 11.541653 0.083116 0.896086 0.039088 0.434274
1520616820.469572306 22.205226 0.820160 11.487825 0.078187 0.917118 0.048520 0.387849
1520616820.517346621 22.249668 0.810553 11.432160 0.072212 0.936056 0.066506 0.337877
1520616820.567347765 22.284245 0.839239 11.382340 0.060433 0.951122 0.071593 0.294259
1520616820.617349625 22.310594 0.866050 11.331749 0.044332 0.962141 0.072942 0.258840
1520616820.667351484 22.343856 0.878859 11.287536 0.019571 0.970752 0.070779 0.228579
1520616820.717352629 22.385070 0.883764 11.248574 -0.012242 0.976314 0.063150 0.206577
1520616820.767354727 22.429394 0.884491 11.213212 -0.042480 0.977432 0.054649 0.199589
1520616820.817355633 22.480682 0.880532 11.182077 -0.071464 0.975289 0.046949 0.203715
1520616820.867357731 22.538269 0.869753 11.157547 -0.098482 0.969490 0.038057 0.221227
1520616820.919586658 22.592139 0.860139 11.128569 -0.129101 0.958344 0.017135 0.254196
1520616820.969588518 22.652822 0.839824 11.108658 -0.158319 0.943152 -0.009734 0.292069
1520616821.019590378 22.713897 0.818646 11.093279 -0.176454 0.922984 -0.039052 0.339763
1520616821.069591522 22.776545 0.798268 11.081671 -0.184353 0.897640 -0.068159 0.394475
1520616821.119593382 22.843131 0.783411 11.079250 -0.181512 0.867917 -0.093714 0.452760
1520616821.169595480 22.908303 0.772248 11.077330 -0.176726 0.830649 -0.121171 0.513915
1520616821.219596624 22.970713 0.761900 11.087827 -0.168056 0.788890 -0.145279 0.572978
1520616821.269598484 23.024610 0.757231 11.107541 -0.157906 0.741699 -0.165749 0.630457
1520616821.317485094 23.122617 0.735023 11.139293 -0.143894 0.688308 -0.172281 0.689816
1520616821.367486238 23.151068 0.742063 11.164870 -0.128445 0.632189 -0.166758 0.745675
1520616821.417488098 23.195299 0.743084 11.190680 -0.108084 0.574301 -0.145102 0.798399
1520616821.467489243 23.235310 0.745935 11.224005 -0.087688 0.520458 -0.114190 0.841662
1520616821.517490149 23.270933 0.750266 11.258049 -0.065192 0.470726 -0.073845 0.876763
1520616821.567492008 23.301081 0.755489 11.294157 -0.042723 0.424967 -0.029210 0.903728
1520616821.617493153 23.332884 0.763071 11.329752 -0.021569 0.389314 0.011788 0.920777
1520616821.667495251 23.366207 0.771515 11.364883 -0.002582 0.364530 0.046031 0.930050
1520616821.713176489 23.366207 0.771515 11.364883 -0.002582 0.364530 0.046031 0.930050
1520616821.763178587 23.399168 0.783489 11.402425 0.015762 0.351696 0.074845 0.932984
1520616821.813185453 23.433080 0.791247 11.438917 0.034724 0.346132 0.096527 0.932561
1520616821.863181591 23.468867 0.794950 11.473319 0.054086 0.349664 0.110758 0.928731
1520616821.913183451 23.505383 0.796271 11.506444 0.069908 0.359534 0.120157 0.922719
1520616821.963184595 23.540151 0.797992 11.535678 0.078097 0.374358 0.124423 0.915574
1520616822.013186455 23.574911 0.802816 11.561494 0.074723 0.393007 0.118720 0.908773
1520616822.063187361 23.607903 0.809212 11.586044 0.059111 0.409407 0.101836 0.904722
1520616822.111990929 23.640035 0.811181 11.615478 0.035171 0.418611 0.076673 0.904240
1520616822.161991835 23.671476 0.828900 11.641652 0.010302 0.417429 0.047158 0.907426
1520616822.211994171 23.702632 0.837571 11.673164 -0.013862 0.408123 0.009608 0.912771
1520616822.261996031 23.731994 0.844796 11.705714 -0.033522 0.391227 -0.033657 0.919067
1520616822.311996937 23.759308 0.851374 11.740001 -0.047155 0.365536 -0.077118 0.926398
1520616822.361999035 23.780894 0.856763 11.779417 -0.055038 0.333807 -0.118503 0.933542
1520616822.411999941 23.796318 0.860211 11.820430 -0.057893 0.291726 -0.155013 0.942080
1520616822.462002039 23.803896 0.860046 11.865391 -0.057718 0.243002 -0.185221 0.950427
1520616822.511841774 23.799210 0.860753 11.915188 -0.053682 0.186546 -0.207591 0.958762
1520616822.561843872 23.788913 0.860022 11.966357 -0.047337 0.124689 -0.223578 0.965518
1520616822.611844778 23.770392 0.861164 12.013022 -0.040885 0.060804 -0.225422 0.971502
1520616822.661846876 23.749007 0.855884 12.051488 -0.037680 -0.002721 -0.213723 0.976164
1520616822.711848974 23.724787 0.857639 12.092583 -0.034206 -0.060430 -0.195834 0.978175
1520616822.761849880 23.699205 0.863983 12.137671 -0.029157 -0.111932 -0.175266 0.977703
1520616822.811851740 23.668765 0.872151 12.183883 -0.023897 -0.157417 -0.148059 0.976078
1520616822.861853838 23.635868 0.879162 12.229642 -0.019086 -0.196375 -0.113585 0.973741
1520616822.911854744 23.601445 0.881432 12.275053 -0.017396 -0.227821 -0.076508 0.970537
1520616822.961549520 23.568647 0.887415 12.323053 -0.017355 -0.251331 -0.040971 0.966878
1520616823.011550665 23.531598 0.888071 12.371313 -0.021854 -0.270039 -0.005000 0.962588
1520616823.061552525 23.494797 0.879181 12.414677 -0.027968 -0.285516 0.029152 0.957522
1520616823.111553431 23.460899 0.870182 12.460389 -0.029993 -0.295686 0.059750 0.952943
1520616823.161555767 23.428006 0.860629 12.506426 -0.026320 -0.302415 0.090500 0.948505
1520616823.211557627 23.394660 0.849147 12.551893 -0.022186 -0.306244 0.121660 0.943886
1520616823.261558533 23.361815 0.836460 12.596963 -0.018448 -0.309488 0.153572 0.938239
1520616823.311560631 23.327315 0.825433 12.641666 -0.015890 -0.311616 0.185476 0.931795
1520616823.361238003 23.289292 0.816565 12.685570 -0.011187 -0.315563 0.211010 0.925078
1520616823.411239862 23.257514 0.813904 12.733300 -0.006614 -0.319633 0.227430 0.919819
1520616823.461263180 23.222970 0.807234 12.779147 -0.003213 -0.323509 0.236598 0.916162
1520616823.511243105 23.188420 0.798354 12.825129 -0.003654 -0.328586 0.243279 0.912597
1520616823.561244011 23.148429 0.788233 12.871744 -0.010355 -0.332689 0.250167 0.909190
1520616823.611246109 23.111750 0.774663 12.916872 -0.022692 -0.333813 0.257308 0.906557
1520616823.661247015 23.081607 0.762049 12.962176 -0.035676 -0.336546 0.266515 0.902460
1520616823.711248875 23.047583 0.749764 13.010193 -0.047192 -0.335373 0.275384 0.899701
1520616823.761011600 23.016645 0.741204 13.057997 -0.056764 -0.331320 0.281058 0.898895
1520616823.811013699 22.986360 0.733499 13.110173 -0.064475 -0.325109 0.287946 0.898462
1520616823.861015558 22.954513 0.728961 13.162321 -0.068662 -0.315718 0.297330 0.898444
1520616823.911016703 22.924543 0.729788 13.216139 -0.072122 -0.303577 0.307766 0.898844
1520616823.961018562 22.897610 0.739493 13.276290 -0.075484 -0.288869 0.316363 0.900428
1520616824.011019707 22.868028 0.751497 13.338776 -0.078538 -0.270413 0.318342 0.905189
1520616824.061021805 22.842441 0.764641 13.403447 -0.078349 -0.249205 0.312325 0.913352
1520616824.111022711 22.822178 0.778150 13.471306 -0.074349 -0.228177 0.297899 0.923939
1520616824.161719322 22.806317 0.791804 13.547317 -0.069300 -0.206198 0.276351 0.936114
1520616824.211720228 22.794434 0.806325 13.618494 -0.062556 -0.182881 0.252739 0.948032
1520616824.261722326 22.790763 0.820137 13.688302 -0.056145 -0.156245 0.228007 0.959400
1520616824.311724186 22.790206 0.832207 13.757649 -0.050045 -0.127556 0.204655 0.969196
1520616824.361725092 22.794852 0.847033 13.826978 -0.042441 -0.102817 0.182483 0.976897
1520616824.411727428 22.800861 0.861920 13.895482 -0.032216 -0.078107 0.154909 0.984309
1520616824.461729288 22.809165 0.878114 13.963471 -0.021986 -0.056522 0.126988 0.990048
1520616824.511730194 22.816928 0.892409 14.029123 -0.014972 -0.039343 0.099195 0.994177
1520616824.561630011 22.824819 0.904099 14.092817 -0.011151 -0.025716 0.068787 0.997237
1520616824.611630917 22.832850 0.909238 14.154675 -0.006924 -0.017964 0.040894 0.998978
1520616824.661632776 22.837718 0.904109 14.214152 0.001623 -0.016493 0.019139 0.999679
1520616824.711633921 22.840594 0.894113 14.270947 0.014725 -0.017932 -0.004261 0.999722
1520616824.761635780 22.837605 0.877362 14.324618 0.029232 -0.023376 -0.028488 0.998893
1520616824.811636925 22.831258 0.860472 14.375206 0.043557 -0.031951 -0.054645 0.997044
1520616824.861639023 22.819803 0.844466 14.425677 0.054271 -0.040312 -0.080472 0.994462
1520616824.911640882 22.805286 0.831150 14.474427 0.058948 -0.050740 -0.099421 0.992001
1520616824.961117744 22.787746 0.834358 14.524782 0.061515 -0.063394 -0.111664 0.989812
1520616825.011119604 22.766007 0.832035 14.576003 0.058868 -0.078430 -0.122729 0.987583
1520616825.061120749 22.740149 0.831760 14.625431 0.055339 -0.095717 -0.130924 0.985208
1520616825.111160755 22.707069 0.836462 14.675582 0.054138 -0.113263 -0.133945 0.983005
1520616825.161123753 22.668609 0.841673 14.724275 0.053999 -0.132425 -0.130793 0.981041
1520616825.211125851 22.623179 0.847338 14.771512 0.052413 -0.153034 -0.121952 0.979266
1520616825.261126757 22.571453 0.855001 14.816573 0.046932 -0.175496 -0.111861 0.976978
1520616825.311128855 22.522938 0.864915 14.858307 0.036945 -0.198359 -0.097511 0.974567
1520616825.361129761 22.475406 0.873671 14.898339 0.025576 -0.219214 -0.080951 0.971977
1520616825.410990953 22.430225 0.881169 14.938031 0.016575 -0.236458 -0.061948 0.969523
1520616825.460992813 22.383870 0.893837 14.976104 0.010488 -0.250048 -0.041366 0.967292
1520616825.510993719 22.339534 0.902156 15.013909 0.003957 -0.264550 -0.017693 0.964202
1520616825.560995817 22.295624 0.911580 15.050239 -0.001685 -0.277543 0.008056 0.960678
1520616825.610996723 22.248249 0.923326 15.088275 -0.005904 -0.286667 0.031093 0.957507
1520616825.660998583 22.206193 0.940990 15.126223 -0.007273 -0.295451 0.054304 0.953785
1520616825.710999727 22.162474 0.947784 15.166540 -0.011444 -0.303681 0.075392 0.949717
1520616825.761001825 22.123159 0.950564 15.205393 -0.015781 -0.312002 0.095238 0.945164
1520616825.811155796 22.077804 0.953102 15.245323 -0.018212 -0.317408 0.111616 0.941521
1520616825.861157656 22.040677 0.951832 15.285872 -0.019565 -0.317989 0.124541 0.939675
1520616825.911159515 22.004992 0.945493 15.326530 -0.020388 -0.313613 0.138703 0.939145
1520616825.961160660 21.973407 0.937402 15.368050 -0.020120 -0.304995 0.150556 0.940163
1520616826.011162519 21.946185 0.927654 15.412142 -0.017664 -0.286691 0.156217 0.945036
1520616826.061164618 21.923444 0.920303 15.459407 -0.012570 -0.262760 0.163043 0.950903
1520616826.111165762 21.902846 0.912207 15.506894 -0.005976 -0.237231 0.173046 0.955898
1520616826.161167622 21.887026 0.906555 15.556227 0.002012 -0.210657 0.181574 0.960547
1520616826.211901665 21.868089 0.898234 15.606448 0.010164 -0.174817 0.184370 0.967131
1520616826.261902809 21.860172 0.894765 15.658025 0.019475 -0.139021 0.188251 0.972037
1520616826.311903715 21.860695 0.890657 15.708943 0.029595 -0.100256 0.192979 0.975619
1520616826.361905575 21.867878 0.884364 15.757992 0.040153 -0.057779 0.197948 0.977684
1520616826.411907911 21.882035 0.876053 15.804385 0.051298 -0.014383 0.203497 0.977625
1520616826.461908817 21.901208 0.868106 15.847934 0.063618 0.030774 0.206135 0.975968
1520616826.511909723 21.925905 0.860971 15.889081 0.075348 0.078947 0.206842 0.972269
1520616826.561912775 21.956366 0.854781 15.926897 0.086581 0.127951 0.204238 0.966654
1520616826.612506151 21.991045 0.849413 15.963029 0.097862 0.176029 0.200824 0.958700
1520616826.662507057 22.027552 0.843453 15.993235 0.109243 0.220168 0.195631 0.949379
1520616826.712509155 22.064129 0.836656 16.018323 0.122421 0.259022 0.188054 0.939445
1520616826.762565136 22.101514 0.828042 16.037788 0.136713 0.292695 0.182504 0.928618
1520616826.812511921 22.141010 0.818859 16.052256 0.150770 0.326554 0.176532 0.916225
1520616826.862513065 22.181950 0.810698 16.061225 0.162440 0.363686 0.168674 0.901607
1520616826.912515163 22.222736 0.804245 16.066073 0.171609 0.398797 0.161288 0.886283
1520616826.962517023 22.263848 0.799655 16.065584 0.177259 0.434258 0.154142 0.869620
1520616827.011626482 22.301892 0.799664 16.059371 0.181424 0.471424 0.148369 0.850195
1520616827.061628342 22.344510 0.799429 16.047823 0.183514 0.510702 0.143733 0.827555
1520616827.111629486 22.385283 0.799575 16.030644 0.184919 0.551288 0.137570 0.801848
1520616827.161631584 22.425216 0.800590 16.008477 0.186102 0.592818 0.127965 0.773018
1520616827.211632490 22.461598 0.800590 15.980404 0.186727 0.634556 0.114910 0.741126
1520616827.261634588 22.496441 0.803179 15.947420 0.187874 0.675259 0.098171 0.706464
1520616827.311635494 22.528893 0.808386 15.908371 0.186226 0.718108 0.080574 0.665694
1520616827.361637354 22.554937 0.813151 15.866396 0.184093 0.756091 0.066397 0.624522
1520616827.411665440 22.575188 0.817070 15.823637 0.183130 0.785447 0.054918 0.588660
1520616827.461434364 22.591451 0.819396 15.781232 0.179960 0.809817 0.042820 0.556756
1520616827.511436224 22.602713 0.821044 15.733880 0.174631 0.832302 0.029015 0.525296
1520616827.561437368 22.612176 0.821585 15.682212 0.169552 0.854314 0.016600 0.491043
1520616827.611439466 22.619987 0.819815 15.629066 0.167318 0.871853 0.006947 0.460249
1520616827.661440611 22.626404 0.818109 15.574462 0.164341 0.885647 -0.003166 0.434295
1520616827.711442471 22.630390 0.817961 15.516841 0.157114 0.898362 -0.016328 0.409871
1520616827.761444330 22.633502 0.820342 15.458355 0.144656 0.910656 -0.029187 0.385912
1520616827.811445475 22.635255 0.824493 15.399924 0.129123 0.921219 -0.037408 0.365080
1520616827.861900806 22.636476 0.829817 15.340642 0.112470 0.928946 -0.040583 0.350375
1520616827.911902666 22.635947 0.835488 15.283729 0.094810 0.935399 -0.040248 0.338260
1520616827.961904526 22.635352 0.839374 15.227511 0.078793 0.941524 -0.040307 0.325114
1520616828.011905909 22.635334 0.841372 15.170448 0.066069 0.946856 -0.044296 0.311667
1520616828.061906576 22.636905 0.842458 15.113457 0.055098 0.951873 -0.051779 0.297020
1520616828.111908674 22.639203 0.843892 15.056276 0.045938 0.956403 -0.059618 0.282187
1520616828.161909819 22.643134 0.847234 15.000279 0.038451 0.960151 -0.064479 0.269212
1520616828.211911678 22.647857 0.852771 14.943338 0.032461 0.963829 -0.065441 0.256314
1520616828.261740446 22.653100 0.860270 14.885665 0.024817 0.967567 -0.064993 0.242845
1520616828.311742544 22.659377 0.868939 14.827149 0.017244 0.971344 -0.062707 0.228609
1520616828.361743689 22.665163 0.875147 14.766530 0.011009 0.973395 -0.059017 0.221129
1520616828.411818504 22.673243 0.879018 14.708977 0.003163 0.975069 -0.061329 0.213233
1520616828.461746454 22.676558 0.877999 14.648831 -0.003906 0.976095 -0.069920 0.205754
1520616828.511748552 22.683270 0.874840 14.592199 -0.008539 0.977219 -0.079251 0.196696
1520616828.561749458 22.684558 0.871254 14.534585 -0.018129 0.978643 -0.085184 0.186209
1520616828.611751318 22.684504 0.868880 14.478119 -0.031984 0.980359 -0.085518 0.174816
1520616828.661351204 22.684165 0.867773 14.425103 -0.044527 0.981510 -0.081773 0.167236
1520616828.711352348 22.686596 0.867594 14.370696 -0.052343 0.981808 -0.076800 0.165574
1520616828.761354208 22.689188 0.869698 14.316052 -0.058278 0.981401 -0.075011 0.166818
1520616828.811355352 22.692725 0.872393 14.258356 -0.063609 0.980026 -0.077841 0.171592
1520616828.861357212 22.698824 0.873792 14.201567 -0.070132 0.977877 -0.086116 0.177262
1520616828.911358118 22.708005 0.874323 14.147690 -0.076780 0.974684 -0.098451 0.185483
1520616828.961360455 22.717734 0.872086 14.094029 -0.082384 0.969805 -0.111155 0.200837
1520616829.011361361 22.730104 0.868575 14.045289 -0.088947 0.963171 -0.122947 0.221976
1520616829.061174631 22.745488 0.865394 13.998539 -0.094577 0.955128 -0.133312 0.247010
1520616829.111176491 22.765617 0.863279 13.954960 -0.101513 0.945139 -0.139908 0.277186
1520616829.161177635 22.790762 0.862889 13.916911 -0.108551 0.934567 -0.142636 0.307337
1520616829.211179495 22.817654 0.863477 13.882870 -0.111728 0.924402 -0.138793 0.337245
1520616829.261180401 22.847275 0.865648 13.851831 -0.117777 0.913897 -0.130536 0.365899
1520616829.311182499 22.879066 0.870429 13.821242 -0.124622 0.903031 -0.124528 0.391788
1520616829.361184597 22.914301 0.877700 13.791637 -0.129859 0.891719 -0.123405 0.415626
1520616829.411185503 22.953950 0.885531 13.760160 -0.132924 0.879036 -0.125768 0.440239
1520616829.461228371 22.996722 0.891352 13.731969 -0.132164 0.863983 -0.126131 0.469208
1520616829.511229277 23.041958 0.899011 13.706416 -0.131058 0.847911 -0.125595 0.498093
1520616829.561231136 23.089437 0.903202 13.684160 -0.128203 0.831801 -0.122186 0.526062
1520616829.611233234 23.139474 0.904977 13.667018 -0.118954 0.815597 -0.115726 0.554310
1520616829.661234140 23.189673 0.906419 13.654297 -0.106473 0.799133 -0.109341 0.581459
1520616829.711235285 23.241032 0.904111 13.643629 -0.093391 0.781106 -0.102489 0.608808
1520616829.761237144 23.291483 0.902903 13.637370 -0.077424 0.764359 -0.096136 0.632865
1520616829.811238050 23.341684 0.905145 13.633141 -0.059870 0.747960 -0.086629 0.655337
1520616829.861240387 23.391864 0.911502 13.631890 -0.041628 0.730417 -0.072230 0.677894
1520616829.912132502 23.391864 0.911502 13.631890 -0.041628 0.730417 -0.072230 0.677894
1520616829.962133408 23.443931 0.915061 13.633163 -0.019881 0.713617 -0.050420 0.698437
1520616830.012135506 23.497888 0.920499 13.636457 0.001911 0.698976 -0.029431 0.714536
1520616830.062225342 23.554308 0.928695 13.637195 0.021205 0.683174 -0.010404 0.729874
1520616830.112138510 23.608510 0.937379 13.639491 0.035927 0.666657 0.005128 0.744481
1520616830.162139654 23.661820 0.943197 13.642179 0.048265 0.650006 0.022118 0.758072
1520616830.212141514 23.714037 0.944062 13.649224 0.063109 0.634129 0.046111 0.769267
1520616830.262143373 23.763397 0.942399 13.659470 0.077924 0.618809 0.074669 0.778093
1520616830.313514233 23.809659 0.940981 13.653985 0.086092 0.602182 0.101159 0.787231
1520616830.363516092 23.851171 0.952827 13.668184 0.092916 0.594317 0.116229 0.790344
1520616830.413516998 23.902476 0.951718 13.678766 0.097961 0.592791 0.132068 0.788391
1520616830.463519335 23.953682 0.953137 13.689586 0.101429 0.596645 0.141866 0.783326
1520616830.513520241 24.007984 0.957478 13.699142 0.104360 0.604930 0.142595 0.776425
1520616830.563522100 24.063480 0.961806 13.706453 0.105633 0.616308 0.134856 0.768648
1520616830.613523245 24.119908 0.966116 13.712182 0.105547 0.630721 0.118764 0.759570
1520616830.663525105 24.177457 0.968364 13.715777 0.104331 0.647141 0.097449 0.748884
1520616830.714658022 24.234469 0.968232 13.718759 0.096362 0.666507 0.071596 0.735770
1520616830.764658928 24.291276 0.967313 13.720547 0.080723 0.688384 0.045076 0.719430
1520616830.814660788 24.344927 0.964735 13.722975 0.061437 0.706663 0.020207 0.704588
1520616830.864661932 24.395318 0.959852 13.726569 0.041933 0.720389 -0.003652 0.692291
1520616830.914664030 24.444620 0.954363 13.731687 0.024066 0.728565 -0.027051 0.684019
1520616830.964664936 24.492704 0.947023 13.740695 0.009055 0.728166 -0.051101 0.683433
1520616831.014667988 24.541291 0.940089 13.752956 -0.004694 0.720027 -0.080458 0.689250
1520616831.064668894 24.589832 0.933278 13.769110 -0.014861 0.702953 -0.109910 0.702535
1520616831.116019964 24.637595 0.932217 13.791927 -0.023433 0.680272 -0.139996 0.719084
1520616831.166021824 24.686938 0.928470 13.814725 -0.032281 0.653600 -0.166533 0.737585
1520616831.216024160 24.731761 0.927137 13.843561 -0.038928 0.623470 -0.190464 0.757293
1520616831.266025066 24.770617 0.927145 13.880537 -0.043712 0.592471 -0.213667 0.775509
1520616831.316025972 24.805269 0.926811 13.924137 -0.044859 0.558751 -0.232988 0.794671
1520616831.366029024 24.838467 0.921461 13.961798 -0.042241 0.517778 -0.247424 0.817865
1520616831.416029930 24.859956 0.916248 14.012938 -0.038053 0.480482 -0.255951 0.837961
1520616831.466031075 24.878806 0.911446 14.057345 -0.029551 0.430765 -0.257200 0.864533
1520616831.515218973 24.878806 0.911446 14.057345 -0.029551 0.430765 -0.257200 0.864533
1520616831.565220118 24.893244 0.910904 14.096066 -0.025299 0.375338 -0.252495 0.891475
1520616831.615221977 24.928603 0.898779 14.125075 -0.026227 0.312765 -0.245759 0.917111
1520616831.665222883 24.929060 0.910770 14.165954 -0.023054 0.264727 -0.245802 0.932186
1520616831.715224981 24.937756 0.918208 14.205274 -0.015275 0.217726 -0.242796 0.945205
1520616831.765225887 24.945743 0.923754 14.248103 -0.006122 0.173474 -0.239949 0.955141
1520616831.815227985 24.949166 0.929613 14.290737 0.003433 0.128172 -0.236710 0.963083
1520616831.865230083 24.949133 0.934011 14.333507 0.012118 0.082260 -0.232180 0.969112
1520616831.912727594 24.949133 0.934011 14.333507 0.012118 0.082260 -0.232180 0.969112
1520616831.962729454 24.946650 0.937921 14.369219 0.017908 0.034857 -0.226427 0.973240
1520616832.012730598 24.938918 0.942827 14.399118 0.021449 -0.017825 -0.219590 0.975193
1520616832.062732458 24.927180 0.946558 14.423221 0.024549 -0.078289 -0.208937 0.974481
1520616832.112733364 24.908846 0.950250 14.444517 0.029076 -0.140281 -0.194884 0.970307
1520616832.162735701 24.886697 0.955106 14.462752 0.034205 -0.202812 -0.178162 0.962266
1520616832.212736607 24.863013 0.960737 14.477060 0.037097 -0.262253 -0.159336 0.951031
1520616832.262738466 24.839197 0.969474 14.488857 0.036394 -0.319502 -0.139979 0.936483
1520616832.312740564 24.815081 0.979241 14.495452 0.033328 -0.371701 -0.123977 0.919433
1520616832.361881971 24.797008 0.981626 14.493512 0.026155 -0.423437 -0.111487 0.898659
1520616832.411883831 24.773898 0.991047 14.488710 0.018788 -0.474547 -0.095936 0.874785
1520616832.461884737 24.751860 0.998461 14.479271 0.010009 -0.524714 -0.078870 0.847558
1520616832.511886835 24.728711 1.006969 14.466684 0.000434 -0.574312 -0.060449 0.816401
1520616832.561888695 24.706389 1.013543 14.450052 -0.009709 -0.620651 -0.041628 0.782921
1520616832.611889601 24.685046 1.016743 14.428680 -0.021242 -0.660892 -0.019750 0.749920
1520616832.661891937 24.663942 1.019071 14.403927 -0.033136 -0.695821 0.001097 0.717449
1520616832.711893797 24.641787 1.020616 14.373413 0.046067 0.726510 -0.026089 -0.685113
1520616832.761738777 24.621117 1.021400 14.339978 0.061415 0.755730 -0.054125 -0.649747
1520616832.811740875 24.599553 1.019533 14.301804 0.076176 0.780837 -0.080070 -0.614882
1520616832.861741781 24.577397 1.016552 14.261995 0.087536 0.798917 -0.103194 -0.586020
1520616832.911743641 24.554547 1.012265 14.223896 0.097542 0.811824 -0.123928 -0.562201
1520616832.961744785 24.528439 1.009437 14.186377 0.108310 0.820351 -0.143668 -0.542819
1520616833.011745691 24.503309 1.004691 14.149100 0.123244 0.825565 -0.163818 -0.525754
1520616833.061748743 24.477296 0.999691 14.112616 0.139314 0.828650 -0.183410 -0.510188
1520616833.111749887 24.452084 0.993188 14.077257 0.150850 0.829771 -0.195750 -0.500406
1520616833.161661148 24.425224 0.987856 14.044747 0.159014 0.828841 -0.208359 -0.494291
1520616833.211663008 24.399897 0.977890 14.011558 0.164095 0.828534 -0.223957 -0.486259
1520616833.261665106 24.372414 0.969398 13.980280 0.167215 0.826389 -0.237830 -0.482242
1520616833.311668873 24.341914 0.965141 13.950468 0.174766 0.824671 -0.244657 -0.479080
1520616833.361667156 24.310966 0.966018 13.919583 0.186246 0.822429 -0.244356 -0.478762
1520616833.411669016 24.277171 0.962963 13.890166 0.201011 0.819952 -0.242269 -0.478100
1520616833.461671114 24.243509 0.958086 13.860653 0.215278 0.817824 -0.240811 -0.476266
1520616833.511672020 24.206632 0.950849 13.831089 0.225468 0.813610 -0.240833 -0.478751
1520616833.561607838 24.166829 0.942269 13.801005 0.232802 0.806778 -0.246861 -0.483707
1520616833.611608982 24.126417 0.930921 13.775612 0.238569 0.797370 -0.256830 -0.491249
1520616833.661611080 24.083706 0.917828 13.751046 0.242126 0.784541 -0.263965 -0.506155
1520616833.711611986 24.040228 0.907238 13.729087 0.243308 0.769853 -0.268013 -0.525640
1520616833.761614084 23.996579 0.898202 13.712352 0.241831 0.754315 -0.268949 -0.547899
1520616833.811614990 23.952224 0.891959 13.699290 0.236397 0.738900 -0.263812 -0.573190
1520616833.861616850 23.906138 0.888292 13.688076 0.228312 0.723611 -0.254775 -0.599459
1520616833.911619186 23.858946 0.886171 13.681225 0.216534 0.709360 -0.242560 -0.625369
1520616833.961606026 23.811813 0.891323 13.676869 0.200080 0.694520 -0.228767 -0.652132
1520616834.011608124 23.762034 0.897950 13.671133 -0.179098 -0.678712 0.213568 0.679457
1520616834.061609268 23.713645 0.906248 13.669507 -0.153418 -0.663030 0.197103 0.705694
1520616834.111611128 23.665041 0.914822 13.668721 -0.123143 -0.648636 0.178477 0.729557
1520616834.161612272 23.617238 0.916673 13.668423 -0.089040 -0.639430 0.157006 0.747363
1520616834.211614132 23.571143 0.917120 13.668231 -0.049092 -0.633550 0.132422 0.760703
1520616834.261616230 23.525157 0.915314 13.666838 -0.005421 -0.628400 0.106154 0.770594
1520616834.311617374 23.482549 0.908285 13.664334 0.036010 -0.627103 0.082640 0.773702
1520616834.361657619 23.439713 0.901763 13.655745 0.075062 -0.627691 0.062312 0.772325
1520616834.411658525 23.401353 0.893797 13.652202 0.112888 -0.632785 0.041402 0.764935
1520616834.461659431 23.362247 0.886796 13.643855 0.149885 -0.639399 0.023647 0.753754
1520616834.511660576 23.324609 0.880153 13.632327 0.186396 -0.649301 0.010405 0.737263
1520616834.561663389 23.290094 0.869331 13.615690 0.220304 -0.663939 0.002630 0.714593
1520616834.611664295 23.256302 0.861080 13.592941 0.253365 -0.681247 0.001392 0.686809
1520616834.661666632 23.226572 0.851639 13.564807 -0.286994 0.699741 -0.002325 -0.654211
1520616834.711667538 23.203494 0.841736 13.532870 -0.320293 0.719208 -0.003962 -0.616553
1520616834.761668682 23.179092 0.834930 13.494730 -0.352833 0.738482 -0.009528 -0.574511
1520616834.811499596 23.157152 0.830207 13.455135 -0.384149 0.758163 -0.017788 -0.526594
1520616834.861500502 23.144135 0.824346 13.412994 -0.413259 0.775500 -0.023545 -0.476720
1520616834.911502361 23.135056 0.819677 13.370370 -0.437546 0.792286 -0.028798 -0.424272
1520616834.961504459 23.135056 0.819677 13.370370 -0.437546 0.792286 -0.028798 -0.424272
1520616835.011505365 23.126459 0.820762 13.325212 -0.445206 0.810298 -0.031515 -0.379757
1520616835.061507225 23.122930 0.832527 13.278874 -0.448658 0.826467 -0.033403 -0.338442
1520616835.111508369 23.119975 0.839882 13.227752 -0.454449 0.839039 -0.033733 -0.297241
1520616835.161510468 23.114747 0.839975 13.175872 -0.463404 0.847274 -0.036698 -0.256977
1520616835.212774992 23.114747 0.839975 13.175872 -0.463404 0.847274 -0.036698 -0.256977
1520616835.262776852 23.130579 0.848989 13.116315 -0.466398 0.854039 -0.046232 -0.225729
1520616835.312777996 23.140964 0.850767 13.059007 -0.466122 0.861433 -0.053928 -0.194309
1520616835.362779856 23.157008 0.849057 13.003445 -0.457841 0.872230 -0.057898 -0.162000
1520616835.412780762 23.169066 0.848217 12.949692 -0.445799 0.883503 -0.062622 -0.129477
1520616835.462782860 23.185131 0.847714 12.892067 -0.430071 0.894871 -0.070049 -0.096636
1520616835.512784958 23.206292 0.849998 12.835305 -0.411561 0.905846 -0.078693 -0.062200
1520616835.562786102 23.227875 0.842714 12.779459 -0.390296 0.916193 -0.087065 -0.026072
1520616835.613473654 23.246036 0.859921 12.719594 -0.369422 0.923779 -0.100487 0.007887
1520616835.663474321 23.251917 0.870932 12.665770 -0.348236 0.929683 -0.112362 0.042382
1520616835.713476419 23.269709 0.870743 12.608577 -0.324789 0.935310 -0.119064 0.074374
1520616835.763478518 23.284574 0.875785 12.549668 -0.301864 0.938763 -0.128337 0.105502
1520616835.813479424 23.303474 0.876541 12.492637 -0.278731 0.940765 -0.137048 0.135968
1520616835.863481283 23.327517 0.875319 12.439662 -0.251817 0.942023 -0.143546 0.169041
1520616835.913483620 23.354402 0.872040 12.390355 -0.223125 0.941305 -0.145203 0.207550
1520616835.963484526 23.385724 0.866019 12.346375 -0.199165 0.937329 -0.145576 0.246081
1520616836.012619972 23.414181 0.856168 12.305399 -0.177824 0.931008 -0.144141 0.284299
1520616836.062621117 23.452387 0.860243 12.267915 -0.155636 0.922775 -0.141795 0.322735
1520616836.112623215 23.494899 0.865317 12.233567 -0.134109 0.912196 -0.135090 0.362855
1520616836.162625074 23.537159 0.875729 12.198472 -0.119163 0.900178 -0.127182 0.399130
1520616836.212626219 23.580881 0.884791 12.165495 -0.103746 0.888438 -0.117458 0.431415
1520616836.262627125 23.627165 0.896310 12.137774 -0.084874 0.877806 -0.104015 0.459819
1520616836.312628984 23.673815 0.903296 12.114347 -0.070939 0.868454 -0.090247 0.482297
1520616836.362630129 23.721718 0.906377 12.089656 -0.062300 0.858716 -0.076839 0.502813
1520616836.412460089 23.767738 0.906780 12.068259 -0.060128 0.850931 -0.063038 0.518003
1520616836.462462187 23.809522 0.905870 12.048694 -0.054660 0.844472 -0.046276 0.530790
1520616836.512463093 23.853967 0.899648 12.035402 -0.047897 0.838375 -0.027686 0.542279
1520616836.562464952 23.896846 0.892700 12.025934 -0.040980 0.831802 -0.011265 0.553443
1520616836.612475157 23.938644 0.880234 12.016204 -0.031201 0.823513 0.002961 0.566431
1520616836.662468195 23.979963 0.868314 12.008431 -0.019412 0.813488 0.014342 0.581081
1520616836.712469101 24.022173 0.855350 11.998772 -0.010034 0.802311 0.023362 0.596364
1520616836.762471199 24.065618 0.841314 11.982264 -0.004469 0.789595 0.028815 0.612935
1520616836.812472105 24.105956 0.825179 11.969097 -0.002548 0.775516 0.030297 0.630596
1520616836.863658190 24.114629 0.821942 11.950626 -0.000444 0.760612 0.025859 0.648692
1520616836.913659334 24.154015 0.800364 11.936882 0.004182 0.745112 0.020065 0.666625
1520616836.963661194 24.192890 0.771637 11.920273 0.009924 0.731058 0.014908 0.682081
1520616837.013662100 24.228940 0.742061 11.906290 0.016545 0.717454 0.011681 0.696312
1520616837.063664436 24.265493 0.710608 11.889484 0.021040 0.705824 0.006026 0.708049
1520616837.113666296 24.302456 0.683987 11.868173 0.022368 0.696940 -0.003202 0.716774
1520616837.163667202 24.340911 0.660776 11.846059 0.024969 0.690744 -0.011394 0.722579
1520616837.213669300 24.379148 0.641711 11.823849 0.026759 0.684907 -0.018820 0.727896
1520616837.264724493 24.406056 0.628803 11.793861 0.026008 0.681436 -0.026583 0.730932
1520616837.314726353 24.444503 0.619250 11.762604 0.025974 0.680418 -0.034362 0.731557
1520616837.364727259 24.488605 0.611181 11.732055 0.023519 0.680894 -0.043420 0.730715
1520616837.414729357 24.532787 0.606489 11.697114 0.016464 0.685342 -0.054967 0.725958
1520616837.464731455 24.577985 0.603057 11.661124 0.007457 0.691512 -0.067938 0.719124
1520616837.514732361 24.622663 0.600945 11.625558 -0.000439 0.698311 -0.080192 0.711288
1520616837.564734459 24.667010 0.598692 11.590967 -0.008708 0.705122 -0.091925 0.703049
1520616837.614735365 24.709975 0.596013 11.557228 -0.016439 0.711013 -0.102236 0.695512
1520616837.665124178 24.752878 0.593724 11.528477 -0.022541 0.716728 -0.110269 0.688211
1520616837.715126038 24.794893 0.591743 11.502475 -0.027620 0.720278 -0.117106 0.683171
1520616837.765127897 24.838103 0.594006 11.475387 -0.036813 0.721532 -0.127996 0.679451
1520616837.815128088 24.879739 0.599199 11.449017 -0.047996 0.722176 -0.139262 0.675844
1520616837.865129948 24.922867 0.605612 11.423044 -0.058890 0.722942 -0.143455 0.673281
1520616837.915131807 24.966417 0.612563 11.397741 -0.070662 0.723210 -0.141150 0.672347
1520616837.965132952 25.010555 0.619393 11.371401 -0.082732 0.725069 -0.136863 0.669850
1520616838.015135050 25.056407 0.621988 11.347051 -0.094571 0.725740 -0.132875 0.668357
1520616838.065293789 25.102170 0.620025 11.323412 -0.104796 0.726546 -0.132800 0.665967
1520616838.115294933 25.149853 0.613566 11.303042 -0.113655 0.726709 -0.137843 0.663306
1520616838.165296793 25.197480 0.603224 11.285056 -0.120106 0.724345 -0.147002 0.662789
1520616838.215297699 25.247489 0.590731 11.274756 -0.122667 0.718196 -0.155591 0.667038
1520616838.265329838 25.295250 0.576356 11.267737 -0.123312 0.710499 -0.162647 0.673448
1520616838.315300941 25.344411 0.563577 11.264243 -0.122329 0.703377 -0.167948 0.679772
1520616838.365302801 25.393785 0.551798 11.262154 -0.121599 0.697294 -0.173363 0.684792
1520616838.415303946 25.446045 0.540876 11.263045 -0.120197 0.692217 -0.179345 0.688639
1520616838.464853287 25.499969 0.534892 11.267554 -0.119803 0.686630 -0.186914 0.692278
1520616838.514854431 25.556182 0.527367 11.275073 -0.118577 0.680536 -0.192768 0.696887
1520616838.564856291 25.612993 0.521907 11.285802 -0.115018 0.674507 -0.196054 0.702406
1520616838.614857197 25.669641 0.513659 11.298670 -0.111062 0.668746 -0.199317 0.707614
1520616838.664859295 25.726889 0.504987 11.314705 -0.108416 0.661488 -0.203722 0.713566
1520616838.714861393 25.784065 0.498294 11.331976 -0.104953 0.652932 -0.206632 0.721088
1520616838.764862299 25.841133 0.493200 11.352776 -0.097537 0.646164 -0.202316 0.729401
1520616838.814864397 25.895874 0.493434 11.373854 -0.089928 0.639463 -0.191416 0.739161
1520616838.864038229 25.948918 0.500361 11.394171 -0.083442 0.633428 -0.176608 0.748743
1520616838.914040089 26.002008 0.511249 11.414158 -0.078250 0.628334 -0.159686 0.757347
1520616838.964040995 26.056294 0.529678 11.434382 -0.071612 0.623015 -0.140379 0.766171
1520616839.014043093 26.111273 0.552896 11.455296 -0.063141 0.616771 -0.116950 0.775841
1520616839.064044952 26.167112 0.579253 11.477449 -0.051740 0.610038 -0.090110 0.785530
1520616839.114045858 26.222007 0.605037 11.499672 -0.042113 0.602942 -0.064970 0.794019
1520616839.164048195 26.275296 0.628884 11.521386 -0.037770 0.594183 -0.044169 0.802228
1520616839.214049101 26.326056 0.647796 11.544047 -0.036350 0.583546 -0.026943 0.810818
1520616839.264050961 26.374762 0.660600 11.569574 -0.032512 0.571242 -0.009648 0.820081
1520616839.313209295 26.420215 0.665411 11.593880 -0.027696 0.561777 0.007005 0.826795
1520616839.363210201 26.463151 0.662061 11.617096 -0.021541 0.551815 0.024033 0.833342
1520616839.413212061 26.507729 0.655155 11.640042 -0.016689 0.544085 0.035523 0.838112
1520616839.463213205 26.552872 0.646049 11.662417 -0.012937 0.539445 0.042136 0.840866
1520616839.513216257 26.600284 0.634698 11.681566 -0.005605 0.534169 0.046361 0.844087
1520616839.563216448 26.651495 0.621779 11.698271 0.006446 0.530136 0.048421 0.846504
1520616839.613218307 26.705386 0.608944 11.711792 0.023693 0.526614 0.048757 0.848375
1520616839.663219213 26.761560 0.595081 11.721516 0.045200 0.525694 0.048898 0.848063
1520616839.712883234 26.816556 0.578707 11.725875 0.066111 0.528811 0.049125 0.844734
1520616839.762885094 26.876410 0.562892 11.727436 0.086678 0.535160 0.050480 0.838774
1520616839.812886238 26.936248 0.548812 11.722822 0.102830 0.543725 0.050637 0.831399
1520616839.862888098 26.998361 0.536084 11.714810 0.112776 0.557907 0.048544 0.820771
1520616839.912935257 27.060430 0.528283 11.700667 0.117056 0.578399 0.045703 0.806017
1520616839.962891340 27.122744 0.524779 11.679431 0.116414 0.602842 0.042108 0.788198
1520616840.012892246 27.183312 0.525308 11.654943 0.114482 0.625392 0.036843 0.770987
1520616840.062894344 27.243313 0.531114 11.626021 0.112402 0.644907 0.026399 0.755489
1520616840.112398863 27.302386 0.539998 11.594603 0.108960 0.662169 0.011134 0.741307
1520616840.162400723 27.362133 0.551754 11.559656 0.100826 0.678981 -0.008083 0.727155
1520616840.212401867 27.420230 0.564803 11.522822 0.088399 0.693433 -0.022675 0.714718
1520616840.262403727 27.476308 0.577957 11.487292 0.072024 0.703189 -0.030150 0.706703
1520616840.312405825 27.528807 0.588341 11.455721 0.054600 0.709426 -0.034213 0.701829
1520616840.362406969 27.582614 0.593288 11.423791 0.037939 0.712455 -0.041869 0.699439
1520616840.412408829 27.635641 0.593265 11.392656 0.020325 0.713729 -0.059025 0.697634
1520616840.462409973 27.688546 0.586548 11.365637 0.005093 0.712352 -0.080612 0.697159
1520616840.512948751 27.741355 0.574352 11.341154 -0.006859 0.707311 -0.103867 0.699197
1520616840.562949896 27.794499 0.561317 11.320143 -0.017740 0.701357 -0.128983 0.700819
1520616840.612951756 27.848568 0.550104 11.302476 -0.028282 0.694438 -0.150987 0.702964
1520616840.662953615 27.905004 0.538039 11.289563 -0.041266 0.687613 -0.171083 0.704426
1520616840.712954998 27.962256 0.528162 11.279514 -0.054166 0.678679 -0.190940 0.707109
1520616840.762956858 28.020738 0.518482 11.274954 -0.066656 0.664915 -0.214399 0.712375
1520616840.812958002 28.077220 0.507369 11.275902 -0.075501 0.645888 -0.241542 0.720268
1520616840.862959862 28.133750 0.495676 11.283632 -0.078807 0.622296 -0.271565 0.729925
1520616840.913885593 28.193774 0.481737 11.307139 -0.078472 0.593401 -0.299549 0.742959
1520616840.963887930 28.246969 0.467202 11.332221 -0.079086 0.559687 -0.326174 0.757698
1520616841.013888836 28.292546 0.454369 11.358656 -0.077433 0.523012 -0.350346 0.773124
1520616841.063889742 28.335058 0.442752 11.389742 -0.073469 0.484094 -0.370435 0.789325
1520616841.113891840 28.375228 0.437491 11.423445 -0.070595 0.444574 -0.385879 0.805275
1520616841.163893700 28.413225 0.436998 11.460211 -0.072549 0.402685 -0.397096 0.821521
1520616841.213894606 28.447474 0.445106 11.499247 -0.073422 0.359833 -0.399583 0.839919
1520616841.263895750 28.481528 0.456494 11.539427 -0.072933 0.319122 -0.395082 0.858343
1520616841.313215733 28.510433 0.464498 11.575110 -0.072365 0.278725 -0.386511 0.876176
1520616841.363217592 28.536285 0.477005 11.614074 -0.069167 0.240660 -0.376696 0.891851
1520616841.413218498 28.566247 0.495296 11.657377 -0.062891 0.204350 -0.365440 0.905947
1520616841.463220835 28.590516 0.514373 11.700801 -0.051978 0.169315 -0.352400 0.918937
1520616841.513221741 28.612093 0.532667 11.746046 -0.039964 0.133602 -0.336796 0.931194
1520616841.563284636 28.628943 0.552137 11.791550 -0.030652 0.096962 -0.317275 0.942865
1520616841.613224745 28.641773 0.570836 11.835887 -0.026632 0.059153 -0.298551 0.952187
1520616841.663226604 28.651830 0.589260 11.880490 -0.024961 0.025078 -0.276295 0.960421
1520616841.713227749 28.659155 0.610156 11.925281 -0.024238 -0.003305 -0.251179 0.967631
1520616841.762059927 28.664185 0.638351 11.962571 -0.024033 -0.026023 -0.227404 0.973156
1520616841.812060833 28.670357 0.665575 12.007639 -0.026351 -0.049716 -0.202127 0.977742
1520616841.862063169 28.671544 0.692310 12.051140 -0.029272 -0.075408 -0.173083 0.981580
1520616841.912065029 28.670444 0.719702 12.094981 -0.028614 -0.096872 -0.147391 0.983907
1520616841.962065935 28.667847 0.745560 12.139624 -0.025993 -0.114067 -0.123371 0.985440
1520616842.012068033 28.663092 0.768318 12.183715 -0.023826 -0.126826 -0.100193 0.986564
1520616842.062068939 28.654826 0.786478 12.227534 -0.025199 -0.138812 -0.072773 0.987320
1520616842.112070799 28.646306 0.801181 12.268720 -0.031251 -0.151943 -0.047099 0.986772
1520616842.161650658 28.634055 0.815370 12.308814 -0.040739 -0.164651 -0.029675 0.985063
1520616842.211652517 28.622705 0.828602 12.347228 -0.053416 -0.176945 -0.014236 0.982667
1520616842.261654854 28.607328 0.841123 12.385331 -0.069339 -0.189959 0.009689 0.979293
1520616842.311655760 28.594510 0.852637 12.421376 -0.084595 -0.204552 0.038976 0.974414
1520616842.361657619 28.577398 0.864414 12.456962 -0.096765 -0.219982 0.070659 0.968117
1520616842.411658764 28.556353 0.878978 12.492891 -0.104973 -0.235815 0.100046 0.960918
1520616842.461660624 28.536568 0.893858 12.529316 -0.110989 -0.251740 0.122672 0.953551
1520616842.511662483 28.514157 0.906742 12.564783 -0.118559 -0.269523 0.139442 0.945440
1520616842.561522484 28.493006 0.916054 12.598140 -0.127546 -0.290583 0.153073 0.935875
1520616842.611523628 28.471521 0.919616 12.630880 -0.137262 -0.312959 0.163185 0.925520
1520616842.661525488 28.451728 0.920153 12.663964 -0.147769 -0.331446 0.169481 0.916288
1520616842.711527348 28.431656 0.916443 12.696913 -0.156500 -0.350170 0.175889 0.906615
1520616842.761529446 28.411358 0.911844 12.731552 -0.162200 -0.367500 0.182497 0.897402
1520616842.811530590 28.391159 0.909600 12.767769 -0.165660 -0.384517 0.186701 0.888733
1520616842.861531496 28.370071 0.908460 12.803710 -0.169006 -0.402612 0.184903 0.880427
1520616842.911533594 28.348793 0.912952 12.840673 -0.170786 -0.419822 0.175360 0.873974
1520616842.961702824 28.328522 0.920343 12.878937 -0.169838 -0.436161 0.162888 0.868554
1520616843.011703968 28.306185 0.929522 12.917851 -0.163072 -0.453129 0.147458 0.863908
1520616843.061706066 28.281076 0.939448 12.956664 -0.150994 -0.470436 0.130840 0.859518
1520616843.111707926 28.256092 0.949762 12.996712 -0.133778 -0.485999 0.112103 0.856353
1520616843.161709070 28.229834 0.956756 13.036624 -0.114348 -0.500108 0.094269 0.853188
1520616843.211785078 28.201251 0.961105 13.074751 -0.094593 -0.515367 0.077594 0.848191
1520616843.261711836 28.170789 0.963272 13.111005 -0.071742 -0.530313 0.056554 0.842866
1520616843.311712980 28.139068 0.964116 13.143486 -0.044942 -0.544718 0.031902 0.836806
1520616843.361652851 28.105559 0.968160 13.171822 -0.022634 -0.562182 0.013458 0.826594
1520616843.411653996 28.069949 0.974698 13.195270 -0.007571 -0.582494 -0.002798 0.812795
1520616843.461655855 28.030578 0.984095 13.216605 0.005545 -0.599022 -0.021539 0.800424
1520616843.511657715 27.987259 0.995634 13.235889 0.016186 -0.611588 -0.038841 0.790056
1520616843.561658859 27.941279 1.009707 13.253255 0.023874 -0.622125 -0.051188 0.780878
1520616843.611660719 27.893778 1.024119 13.266111 0.027605 -0.632871 -0.059019 0.771511
1520616843.661661625 27.843862 1.036861 13.274855 0.029811 -0.644200 -0.061654 0.761785
1520616843.711663961 27.794349 1.046169 13.280492 0.034566 -0.655595 -0.061581 0.751803
1520616843.761664867 27.744362 1.053558 13.281799 0.036319 -0.670189 -0.054972 0.739260
1520616843.811615705 27.694247 1.054181 13.276592 0.032907 -0.686208 -0.041748 0.725460
1520616843.861617565 27.645576 1.053474 13.269719 0.028217 -0.699518 -0.026032 0.713583
1520616843.911618710 27.596169 1.048291 13.257467 -0.017770 0.709017 0.006852 -0.704934
1520616843.961620808 27.545127 1.045406 13.245102 -0.006860 0.714167 -0.013983 -0.699802
1520616844.011621952 27.492685 1.041238 13.232942 0.005427 0.715253 -0.034730 -0.697981
1520616844.061623812 27.438942 1.036984 13.219016 0.021075 0.713073 -0.050430 -0.698956
1520616844.111624718 27.385845 1.037350 13.207788 0.039229 0.709004 -0.062714 -0.701314
1520616844.161626816 27.331883 1.038673 13.197125 -0.059907 -0.703639 0.070678 0.704491
1520616844.211800814 27.278268 1.033567 13.186848 -0.083777 -0.696487 0.076276 0.708568
1520616844.261802673 27.223516 1.030869 13.181577 -0.102183 -0.687325 0.081325 0.714513
1520616844.311803579 27.167267 1.021091 13.181622 -0.116221 -0.671365 0.087585 0.726698
1520616844.361805916 27.111477 1.007935 13.187908 -0.126583 -0.648707 0.098085 0.744000
1520616844.411806822 27.055682 0.993992 13.198967 -0.134580 -0.621988 0.112454 0.763134
1520616844.461808681 26.999396 0.980168 13.215479 -0.142209 -0.588230 0.125567 0.786127
1520616844.511809826 26.946221 0.968059 13.238428 -0.150875 -0.547599 0.135725 0.811758
1520616844.561810732 26.896278 0.956494 13.263054 -0.161311 -0.507482 0.145569 0.833817
1520616844.612122536 26.842203 0.949322 13.290008 -0.171466 -0.465773 0.153876 0.854387
1520616844.662124634 26.792967 0.945565 13.318706 -0.181406 -0.426061 0.160532 0.871661
1520616844.712125540 26.746301 0.946682 13.349800 -0.189266 -0.388073 0.165666 0.886641
1520616844.762127638 26.700811 0.951025 13.383542 -0.196143 -0.348778 0.170410 0.900468
1520616844.812128544 26.657738 0.955207 13.419619 -0.200288 -0.312431 0.176908 0.911578
1520616844.862220526 26.617669 0.959600 13.457824 -0.200559 -0.277339 0.181822 0.921846
1520616844.912131548 26.580193 0.962704 13.497871 -0.196718 -0.244792 0.185174 0.931176
1520616844.962133408 26.546967 0.966258 13.540861 -0.192487 -0.208253 0.187289 0.940480
1520616845.012325048 26.516691 0.968891 13.585047 -0.188972 -0.170876 0.193573 0.947428
1520616845.062327385 26.491112 0.972586 13.628815 -0.183280 -0.135946 0.199568 0.952943
1520616845.112329245 26.472544 0.979098 13.673763 -0.175468 -0.097078 0.198229 0.959423
1520616845.162330151 26.458455 0.986174 13.719022 -0.162507 -0.062066 0.196209 0.965008
1520616845.212332249 26.447050 0.995605 13.764398 -0.144268 -0.030879 0.191234 0.970393
1520616845.262333155 26.439996 1.007016 13.809425 -0.122718 -0.002320 0.181295 0.975739
1520616845.312335014 26.435489 1.019203 13.853804 -0.100496 0.022820 0.170261 0.979995
1520616845.362336159 26.431916 1.031692 13.897244 -0.080639 0.044396 0.159461 0.982903
1520616845.412337303 26.430234 1.044942 13.939878 -0.064475 0.063371 0.145926 0.985156
1520616845.462339640 26.430826 1.058504 13.983177 -0.052434 0.081939 0.130030 0.986726
1520616845.512340546 26.432883 1.069903 14.027443 -0.042513 0.099008 0.116035 0.987383
1520616845.562342405 26.435209 1.078662 14.072629 -0.033745 0.115022 0.102883 0.987444
1520616845.612343550 26.442409 1.086480 14.117219 -0.026920 0.133333 0.085523 0.987007
1520616845.662345409 26.452654 1.093565 14.161489 -0.023132 0.150934 0.064503 0.986166
1520616845.712346554 26.463824 1.100829 14.204977 -0.023724 0.166908 0.045349 0.984643
1520616845.762348652 26.474079 1.109632 14.247876 -0.027545 0.178928 0.028106 0.983075
1520616845.812120676 26.482859 1.120208 14.294173 -0.033731 0.193009 0.016479 0.980478
1520616845.862122536 26.497917 1.131128 14.337596 -0.038503 0.206157 0.008614 0.977723
1520616845.912123680 26.514051 1.145019 14.382697 -0.040299 0.220795 0.001625 0.974486
1520616845.962124586 26.530511 1.159668 14.429883 -0.040523 0.232888 -0.002791 0.971655
1520616846.012126446 26.546756 1.176711 14.479088 -0.040881 0.246464 -0.003072 0.968284
1520616846.062128544 26.561903 1.190925 14.529240 -0.041441 0.258625 -0.007353 0.965061
1520616846.112129450 26.571256 1.199046 14.580576 -0.040226 0.262657 -0.014353 0.963944
1520616846.162130356 26.578252 1.203079 14.632391 -0.038223 0.268829 -0.020145 0.962218
1520616846.212132692 26.582887 1.202820 14.685076 -0.035419 0.273662 -0.021928 0.960923
1520616846.261890650 26.588857 1.201761 14.736972 -0.032273 0.274447 -0.023562 0.960772
1520616846.311891556 26.595388 1.202202 14.789927 -0.030014 0.277134 -0.025971 0.960011
1520616846.361893415 26.600315 1.205127 14.844427 -0.027300 0.278741 -0.027647 0.959580
1520616846.411895514 26.602694 1.208961 14.901486 -0.024172 0.281748 -0.029778 0.958721
1520616846.461896420 26.606132 1.216456 14.958430 -0.019181 0.284490 -0.034300 0.957873
1520616846.512002468 26.611018 1.224796 15.018769 -0.012320 0.290174 -0.040262 0.956047
1520616846.561899424 26.617343 1.233151 15.076749 -0.004564 0.296958 -0.046182 0.953762
1520616846.611900330 26.624629 1.242042 15.134884 0.002794 0.304529 -0.051050 0.951130
1520616846.661718130 26.630858 1.250256 15.193161 0.008274 0.310856 -0.054581 0.948852
1520616846.711720228 26.638488 1.258201 15.250208 0.008433 0.321555 -0.058440 0.945048
1520616846.761721134 26.645564 1.264587 15.305116 0.004201 0.332905 -0.060962 0.940978
1520616846.811722994 26.656474 1.272049 15.357996 -0.000825 0.346304 -0.063049 0.936001
1520616846.861724138 26.669501 1.280011 15.408938 -0.007159 0.364926 -0.067607 0.928551
1520616846.911725998 26.682859 1.289382 15.458443 -0.012797 0.383981 -0.068967 0.920673
1520616846.961727142 26.698048 1.300421 15.508093 -0.017071 0.403505 -0.069258 0.912193
1520616847.011729240 26.713191 1.312688 15.559286 -0.018560 0.423258 -0.069105 0.903179
1520616847.061585426 26.727076 1.324472 15.611209 -0.016636 0.438502 -0.067403 0.896044
1520616847.111586332 26.742341 1.336786 15.663576 -0.012384 0.449775 -0.067464 0.890504
1520616847.161588192 26.757482 1.347474 15.716664 -0.008714 0.460583 -0.069015 0.884887
1520616847.211589336 26.770633 1.354864 15.769899 -0.006832 0.472529 -0.069855 0.878516
1520616847.261591196 26.786646 1.361004 15.819619 -0.006555 0.489495 -0.070138 0.869156
1520616847.311593294 26.801520 1.365354 15.867899 -0.006221 0.505766 -0.067368 0.860014
1520616847.361594439 26.813904 1.368463 15.916999 -0.006843 0.516834 -0.065791 0.853527
1520616847.411595345 26.826267 1.372032 15.965848 -0.009810 0.526811 -0.068016 0.847200
1520616847.461848021 26.840299 1.374535 16.010286 -0.013210 0.538225 -0.073876 0.839453
1520616847.511848927 26.857179 1.380127 16.055658 -0.014534 0.551084 -0.082328 0.830251
1520616847.561851025 26.875902 1.385659 16.099347 -0.012389 0.560986 -0.091367 0.822674
1520616847.611853123 26.895767 1.388603 16.143406 -0.004358 0.570251 -0.103671 0.814891
1520616847.661854029 26.917973 1.387893 16.184446 0.011821 0.581829 -0.121094 0.804159
1520616847.711855173 26.941387 1.381939 16.225223 0.033142 0.592245 -0.142167 0.792424
1520616847.761857033 26.963654 1.370743 16.263002 0.055120 0.597439 -0.163576 0.783117
1520616847.811857939 26.986477 1.360218 16.300638 0.074246 0.604335 -0.179695 0.772642
1520616847.862051487 27.008142 1.346375 16.334040 0.085911 0.612351 -0.187598 0.763185
1520616847.912052631 27.029517 1.334072 16.366840 0.090039 0.621806 -0.191542 0.754030
1520616847.962054729 27.051686 1.323456 16.395557 0.090688 0.629478 -0.194865 0.746700
1520616848.012055874 27.074814 1.313182 16.423099 0.094160 0.637274 -0.198108 0.738762
1520616848.062057734 27.098219 1.301059 16.450535 0.105883 0.645397 -0.201609 0.729113
1520616848.112060785 27.121606 1.288315 16.472494 0.124976 0.653063 -0.203313 0.718717
1520616848.162060738 27.143318 1.277013 16.493913 0.148436 0.660261 -0.200152 0.708493
1520616848.212061644 27.164231 1.254595 16.511594 0.171914 0.669205 -0.191705 0.697036
1520616848.262063503 27.184236 1.236862 16.523129 0.192378 0.680405 -0.180774 0.683638
1520616848.311651230 27.224464 1.271830 16.550315 0.218478 0.699063 -0.175371 0.657893
1520616848.361652136 27.243370 1.258440 16.547432 0.233430 0.718840 -0.164060 0.633927
1520616848.411654472 27.263052 1.248430 16.541944 0.246037 0.738070 -0.155351 0.608756
1520616848.461655378 27.280658 1.237180 16.528807 0.254814 0.758520 -0.148131 0.581184
1520616848.511657238 27.296807 1.228955 16.509807 0.262416 0.780906 -0.141738 0.548848
1520616848.561658382 27.309250 1.221743 16.483529 0.272466 0.803111 -0.136269 0.512060
1520616848.611660242 27.317864 1.215838 16.454819 0.286049 0.823258 -0.132852 0.471988
1520616848.661662102 27.321181 1.213203 16.421058 0.299614 0.842684 -0.133775 0.426872
1520616848.711436749 27.318237 1.211341 16.383992 0.308739 0.863278 -0.135528 0.375585
1520616848.761439085 27.308844 1.216009 16.341782 0.315884 0.880816 -0.134482 0.326030
1520616848.811439991 27.294859 1.223931 16.300350 0.320656 0.895536 -0.130662 0.279505
1520616848.861441851 27.277532 1.234238 16.258461 0.321433 0.908056 -0.126888 0.236675
1520616848.911442995 27.256192 1.248167 16.213030 0.318562 0.919342 -0.123830 0.194921
1520616848.961444855 27.230947 1.263736 16.163941 0.312228 0.930117 -0.122815 0.149375
1520616849.011445761 27.198917 1.277628 16.115875 0.303596 0.938973 -0.124803 0.102875
1520616849.061447859 27.162719 1.291078 16.067983 0.290722 0.946395 -0.129561 0.055054
1520616849.111587048 27.123495 1.305174 16.019773 0.274926 0.951762 -0.135939 0.009289
1520616849.161587954 27.082659 1.320675 15.973036 0.255683 0.955639 -0.142442 -0.033018
1520616849.211589813 27.041228 1.336900 15.926407 0.232044 0.958963 -0.146439 -0.071424
1520616849.261592150 26.999884 1.353281 15.882886 0.207104 0.962054 -0.145858 -0.101420
1520616849.311594009 26.960124 1.370446 15.840462 0.182291 0.964666 -0.140721 -0.128010
1520616849.361594915 26.920330 1.385880 15.799455 0.154094 0.966799 -0.133987 -0.153630
1520616849.411596060 26.881481 1.398342 15.761235 0.122980 0.968268 -0.126695 -0.176862
1520616849.461597919 26.844273 1.407718 15.724264 0.092005 0.968770 -0.121572 -0.195552
1520616849.512424469 26.844273 1.407718 15.724264 0.092005 0.968770 -0.121572 -0.195552
1520616849.562426329 26.813873 1.410146 15.685642 0.059122 0.968585 -0.123868 -0.207375
1520616849.612427473 26.785854 1.409781 15.645866 0.023725 0.967415 -0.129279 -0.216407
1520616849.662429333 26.759946 1.405801 15.605213 -0.008284 0.965989 -0.136271 -0.219607
1520616849.712430239 26.739857 1.398463 15.564719 -0.037144 0.964309 -0.143721 -0.219255
1520616849.762432575 26.721996 1.385453 15.525202 -0.066407 0.962034 -0.150836 -0.217554
1520616849.812433481 26.704923 1.367576 15.483161 -0.097132 0.959639 -0.158905 -0.210731
1520616849.862435341 26.693920 1.347110 15.440921 -0.131115 0.956160 -0.168209 -0.200679
1520616849.912245035 26.686823 1.324189 15.399186 -0.159885 0.952920 -0.177001 -0.187216
1520616849.962246180 26.686961 1.297562 15.359776 -0.178910 0.951678 -0.183909 -0.168754
1520616850.012248039 26.694794 1.271782 15.320601 -0.189464 0.952172 -0.191016 -0.144859
1520616850.062249184 26.705464 1.243570 15.283709 -0.197210 0.952253 -0.199850 -0.119930
1520616850.112251043 26.721604 1.217868 15.244968 -0.201562 0.951653 -0.211830 -0.094117
1520616850.162251949 26.741631 1.193959 15.206735 -0.202006 0.951084 -0.224931 -0.063554
1520616850.212254286 26.766283 1.174393 15.168461 -0.196002 0.950744 -0.238402 -0.028874
1520616850.262256145 26.795256 1.159575 15.130380 -0.185742 0.949962 -0.251032 0.007382
1520616850.311941862 26.825332 1.147997 15.093462 -0.171120 0.948421 -0.263421 0.042717
1520616850.361943960 26.853656 1.137773 15.056035 -0.150762 0.946729 -0.273638 0.078080
1520616850.411944866 26.881587 1.127410 15.021313 -0.129054 0.944448 -0.279902 0.114096
1520616850.461947203 26.906424 1.117312 14.988766 -0.105705 0.941665 -0.281854 0.150503
1520616850.511948109 26.930260 1.107495 14.959734 -0.079996 0.937730 -0.279168 0.190600
1520616850.561949968 26.954371 1.097673 14.932956 -0.053888 0.933431 -0.273297 0.226076
1520616850.611952066 26.975594 1.087848 14.906021 -0.027983 0.928144 -0.266056 0.258803
1520616850.661952972 26.995126 1.073423 14.882057 -0.001248 0.922342 -0.257951 0.287655
1520616850.711954832 27.010224 1.056794 14.854611 0.022720 0.915683 -0.251006 0.313056
1520616850.761771679 27.025695 1.042657 14.824907 0.043864 0.907816 -0.245113 0.337441
1520616850.811773777 27.036303 1.024719 14.793391 0.063145 0.900255 -0.238597 0.358645
1520616850.861775637 27.043293 1.003892 14.759440 0.082014 0.893116 -0.232362 0.376333
1520616850.911776781 27.047535 0.982582 14.724877 0.099922 0.885598 -0.226788 0.392808
1520616850.961778641 27.051892 0.967316 14.684774 0.111771 0.879035 -0.221602 0.407060
1520616851.011780500 27.050460 0.948117 14.639515 0.116284 0.874534 -0.218114 0.417246
1520616851.061781645 27.049986 0.933967 14.594726 0.117780 0.869736 -0.219859 0.425851
1520616851.111782551 27.043016 0.917759 14.542932 0.116796 0.865109 -0.224754 0.432932
1520616851.161723852 27.028080 0.899446 14.479577 0.110665 0.861797 -0.232500 0.437038
1520616851.211726189 27.013596 0.884375 14.422565 0.100810 0.860172 -0.241361 0.437820
1520616851.261727095 26.998699 0.877029 14.365314 0.091970 0.859499 -0.250149 0.436153
1520616851.311729193 26.984055 0.870279 14.307370 0.083575 0.857121 -0.254616 0.439919
1520616851.361730099 26.967643 0.883423 14.244548 0.073240 0.854634 -0.258455 0.444341
1520616851.411731958 26.951041 0.890822 14.182494 0.060299 0.852001 -0.258450 0.451290
1520616851.461733103 26.935152 0.899278 14.122736 0.048746 0.849472 -0.256361 0.458585
1520616851.511734962 26.921462 0.912671 14.064549 0.037263 0.848565 -0.250991 0.464277
1520616851.561553717 26.909343 0.937535 13.999443 0.028035 0.846784 -0.242799 0.472461
1520616851.611555576 26.898848 0.958229 13.936427 0.021265 0.843611 -0.230545 0.484476
1520616851.661556721 26.888983 0.958869 13.885924 0.014621 0.837952 -0.217812 0.500180
1520616851.711558580 26.884446 0.972450 13.834262 0.010430 0.832020 -0.215715 0.510980
1520616851.761559486 26.883777 0.985976 13.780147 0.004058 0.826099 -0.218292 0.519512
1520616851.811561823 26.887209 1.002513 13.730033 -0.004791 0.819869 -0.214149 0.530972
1520616851.861563683 26.895040 1.022770 13.684072 -0.019907 0.819265 -0.200886 0.536706
1520616851.911564589 26.909318 1.046079 13.642441 -0.038146 0.820891 -0.179411 0.540828
1520616851.961753368 26.928359 1.072260 13.606366 -0.046452 0.820162 -0.150409 0.550049
1520616852.011754513 26.956814 1.092662 13.576500 -0.046978 0.819290 -0.125834 0.557426
1520616852.061756372 26.990292 1.113927 13.550866 -0.040470 0.818567 -0.112591 0.561813
1520616852.111757278 27.023339 1.128075 13.537087 -0.032558 0.818495 -0.106130 0.563686
1520616852.161759377 27.056040 1.127272 13.526599 -0.029456 0.818689 -0.101490 0.564430
1520616852.211760283 27.090418 1.124284 13.522361 -0.023497 0.816378 -0.093081 0.569483
1520616852.261762381 27.127149 1.124461 13.523002 -0.016613 0.813614 -0.081865 0.575373
1520616852.311764479 27.164301 1.120893 13.521856 -0.015523 0.810085 -0.072744 0.581575
1520616852.362338543 27.164301 1.120893 13.521856 -0.015523 0.810085 -0.072744 0.581575
1520616852.412341833 27.201978 1.114843 13.526593 -0.009843 0.804698 -0.058642 0.590699
1520616852.462342739 27.241399 1.100545 13.538024 0.001542 0.795753 -0.042227 0.604145
1520616852.512343645 27.275400 1.076973 13.550669 0.010412 0.781354 -0.030180 0.623271
1520616852.562344790 27.315204 1.056675 13.568001 0.014009 0.764739 -0.030269 0.643476
1520616852.612347603 27.353961 1.027678 13.580177 0.015410 0.749256 -0.037277 0.661050
1520616852.662348509 27.398769 1.002239 13.587867 0.019648 0.737283 -0.046090 0.673724
1520616852.712349653 27.447340 0.974395 13.594426 0.030213 0.726645 -0.049318 0.684575
1520616852.762365103 27.497943 0.943935 13.600285 0.044750 0.716628 -0.047354 0.694406
1520616852.812367201 27.547567 0.912665 13.604359 0.062437 0.706008 -0.043401 0.704110
1520616852.862368345 27.600015 0.887265 13.600900 0.080398 0.697394 -0.045045 0.710739
1520616852.912370205 27.653510 0.858488 13.594769 0.095594 0.692931 -0.052416 0.712714
1520616852.962371111 27.705258 0.830044 13.582065 0.108009 0.689695 -0.059566 0.713517
1520616853.012373209 27.754990 0.798300 13.565908 0.112676 0.692527 -0.063246 0.709726
1520616853.062377214 27.808749 0.772941 13.543449 0.108645 0.703151 -0.072400 0.698951
1520616853.112375975 27.863768 0.753247 13.515621 0.102926 0.714968 -0.086243 0.686141
1520616853.162377119 27.918040 0.737015 13.484530 0.098843 0.729977 -0.098048 0.669142
1520616853.211991310 27.972798 0.728049 13.454630 0.097700 0.745938 -0.104098 0.650535
1520616853.261992455 28.025838 0.720543 13.418841 0.096843 0.759323 -0.104000 0.635007
1520616853.311994314 28.079331 0.723286 13.379182 0.092224 0.772579 -0.106207 0.619142
1520616853.361995220 28.133259 0.727342 13.341868 0.083531 0.782621 -0.110470 0.606897
1520616853.411997557 28.185886 0.730881 13.305497 0.069296 0.786891 -0.121601 0.601011
1520616853.461999416 28.236393 0.730382 13.275114 0.050179 0.785136 -0.140974 0.600975
1520616853.512000322 28.283544 0.724563 13.250698 0.026488 0.776856 -0.167728 0.606351
1520616853.562002420 28.330383 0.714231 13.231538 0.003479 0.762226 -0.195620 0.617035
1520616853.612024307 28.376234 0.702601 13.216227 -0.023222 0.745613 -0.228796 0.625440
1520616853.662026167 28.422086 0.693249 13.207199 -0.047305 0.728119 -0.259086 0.632834
1520616853.712027073 28.467495 0.685092 13.201766 -0.065039 0.706623 -0.277953 0.647453
1520616853.762029409 28.512468 0.680238 13.198650 -0.079094 0.681397 -0.290988 0.666910
1520616853.812030315 28.558913 0.681079 13.201406 -0.087047 0.652583 -0.295133 0.692427
1520616853.862032175 28.606075 0.687039 13.207870 -0.093304 0.620232 -0.294576 0.720993
1520616853.912034273 28.653670 0.694647 13.214848 -0.099122 0.587991 -0.295686 0.746332
1520616853.962035179 28.700697 0.705861 13.226394 -0.104112 0.553302 -0.295295 0.771893
1520616854.012084723 28.746790 0.716141 13.241244 -0.107405 0.515580 -0.292684 0.798109
1520616854.062086821 28.789937 0.726057 13.259674 -0.108893 0.475140 -0.291308 0.823118
1520616854.112087727 28.830872 0.735152 13.281916 -0.107015 0.432171 -0.286867 0.848224
1520616854.162089825 28.861724 0.745023 13.308638 -0.104085 0.387792 -0.277537 0.872787
1520616854.212091923 28.887329 0.752644 13.337233 -0.101047 0.341334 -0.261774 0.897081
1520616854.262092829 28.911118 0.760496 13.369136 -0.099953 0.293827 -0.243469 0.918911
1520616854.312094688 28.931669 0.769949 13.402273 -0.099159 0.246487 -0.223295 0.937844
1520616854.362095833 28.951308 0.782787 13.434787 -0.096729 0.201015 -0.200794 0.953896
1520616854.412400961 28.967036 0.794038 13.470069 -0.093450 0.156878 -0.178746 0.966802
1520616854.462402105 28.981305 0.807484 13.506140 -0.087253 0.116155 -0.156707 0.976902
1520616854.512403011 28.993242 0.821650 13.543002 -0.078725 0.077963 -0.134336 0.984722
1520616854.562404871 29.001928 0.834160 13.580007 -0.069521 0.043248 -0.111096 0.990431
1520616854.612406969 29.008199 0.844002 13.618775 -0.060155 0.009946 -0.088161 0.994238
1520616854.662407875 29.011635 0.849721 13.656823 -0.051108 -0.018265 -0.064362 0.996450
1520616854.712421894 29.013986 0.852981 13.694490 -0.045233 -0.040597 -0.040679 0.997322
1520616854.762411118 29.015826 0.855106 13.732232 -0.044382 -0.057479 -0.016221 0.997228
1520616854.812415838 29.016171 0.860018 13.770627 -0.046771 -0.065118 0.006085 0.996762
1520616854.862416744 29.019027 0.864223 13.808838 -0.053659 -0.067435 0.025533 0.995952
1520616854.912418604 29.023895 0.870461 13.847769 -0.063216 -0.067308 0.045303 0.994696
1520616854.962419748 29.028584 0.877954 13.887942 -0.070367 -0.063877 0.065245 0.993333
1520616855.012421608 29.034357 0.887414 13.929022 -0.073957 -0.055895 0.081474 0.992355
1520616855.062423468 29.044234 0.897800 13.971454 -0.074881 -0.044582 0.089430 0.992173
1520616855.112424612 29.054822 0.912147 14.015681 -0.073320 -0.030484 0.089963 0.992775
1520616855.162426710 29.073462 0.923890 14.061044 -0.070143 -0.013963 0.077166 0.994450
1520616855.212262869 29.092980 0.934151 14.106323 -0.068618 0.005492 0.055819 0.996065
1520616855.262264729 29.109584 0.939820 14.150948 -0.068921 0.019242 0.033671 0.996868
1520616855.312265873 29.124717 0.945070 14.197184 -0.067905 0.026470 0.009447 0.997296
1520616855.362267971 29.137119 0.947620 14.244508 -0.065063 0.027219 -0.020713 0.997295
1520616855.412268877 29.144951 0.947691 14.291201 -0.059616 0.013934 -0.052892 0.996722
1520616855.462270975 29.147766 0.948870 14.337249 -0.051893 -0.009454 -0.084034 0.995066
1520616855.512272835 29.145353 0.953131 14.382952 -0.043709 -0.035507 -0.110903 0.992235
1520616855.562273741 29.138598 0.960305 14.427635 -0.038015 -0.065680 -0.128834 0.988758
1520616855.612276077 29.130074 0.969265 14.471218 -0.033864 -0.096674 -0.143154 0.984385
1520616855.662197828 29.116907 0.983792 14.515231 -0.030300 -0.129790 -0.150609 0.979568
1520616855.712200880 29.099919 0.997763 14.556144 -0.028953 -0.167168 -0.149121 0.974156
1520616855.762201786 29.079598 1.010962 14.595275 -0.028683 -0.205828 -0.141105 0.967937
1520616855.812203884 29.056467 1.021041 14.631720 -0.029094 -0.244094 -0.120212 0.961832
1520616855.862205029 29.031334 1.027923 14.666104 -0.032768 -0.281061 -0.086896 0.955186
1520616855.912206888 29.006198 1.031256 14.696935 -0.039100 -0.314961 -0.051233 0.946914
1520616855.962207794 28.982105 1.034213 14.727347 -0.045503 -0.341601 -0.016079 0.938605
1520616856.012212038 28.960681 1.036926 14.760467 -0.052654 -0.356702 0.017032 0.932578
1520616856.062116861 28.941194 1.042418 14.794697 -0.061238 -0.363857 0.047112 0.928245
1520616856.112118959 28.923344 1.050611 14.831685 -0.071115 -0.360762 0.077151 0.926737
1520616856.162119865 28.908075 1.062317 14.871469 -0.080240 -0.349893 0.103487 0.927592
1520616856.212121964 28.896032 1.078360 14.916106 -0.087567 -0.327056 0.122799 0.932892
1520616856.262123108 28.888492 1.097580 14.966243 -0.091741 -0.296632 0.136880 0.940668
1520616856.312124968 28.884716 1.117881 15.019844 -0.091824 -0.259189 0.144500 0.950531
1520616856.362148762 28.885461 1.138263 15.076444 -0.089305 -0.220302 0.150284 0.959639
1520616856.412127972 28.891046 1.156901 15.134938 -0.084538 -0.181856 0.154156 0.967480
1520616856.462024689 28.899537 1.175058 15.192702 -0.076988 -0.141498 0.145969 0.976086
1520616856.512026787 28.914553 1.191701 15.253710 -0.071387 -0.096814 0.129687 0.984232
1520616856.562027693 28.935462 1.205387 15.315960 -0.065970 -0.051954 0.106225 0.990790
1520616856.612029791 28.958160 1.212778 15.374660 -0.060980 -0.010926 0.086242 0.994346
1520616856.662031889 28.982840 1.217707 15.432015 -0.055269 0.028011 0.063516 0.996055
1520616856.712032795 29.008349 1.219212 15.485495 -0.050347 0.060064 0.036989 0.996238
1520616856.762034893 29.030244 1.221836 15.539149 -0.045252 0.083378 0.011212 0.995427
1520616856.812035799 29.051139 1.225267 15.592624 -0.039948 0.096175 -0.014870 0.994451
1520616856.862337828 29.072307 1.230404 15.646438 -0.034950 0.101724 -0.043551 0.993244
1520616856.912338734 29.086475 1.236415 15.700044 -0.030171 0.104245 -0.072925 0.991415
1520616856.962340832 29.098461 1.242947 15.754089 -0.026028 0.103987 -0.100247 0.989171
1520616857.012341738 29.106968 1.250645 15.809273 -0.022089 0.102876 -0.122427 0.986884
1520616857.062343597 29.110991 1.254389 15.865379 -0.017548 0.099823 -0.139065 0.985083
1520616857.112345934 29.109333 1.256213 15.921051 -0.014397 0.088598 -0.149735 0.984643
1520616857.162346840 29.102587 1.254885 15.974804 -0.013532 0.066607 -0.155611 0.985477
1520616857.212348700 29.089329 1.249150 16.023839 -0.011733 0.033325 -0.158599 0.986711
1520616857.263871670 29.089329 1.249150 16.023839 -0.011733 0.033325 -0.158599 0.986711
1520616857.313873768 29.068028 1.241738 16.064553 -0.009612 -0.019164 -0.151249 0.988263
1520616857.363875628 29.051582 1.249569 16.101146 -0.005198 -0.079775 -0.143864 0.986363
1520616857.413877726 29.027168 1.245344 16.131004 -0.001489 -0.143074 -0.133636 0.980647
1520616857.463878632 29.000507 1.244931 16.155422 0.004115 -0.209036 -0.124097 0.969993
1520616857.513879538 28.973510 1.246676 16.172495 0.010631 -0.277722 -0.111110 0.954155
1520616857.563881636 28.947839 1.252526 16.182230 0.016874 -0.348557 -0.093041 0.932506
1520616857.613883734 28.923663 1.262523 16.186129 0.022018 -0.418119 -0.077499 0.904812
1520616857.663657665 28.906300 1.268299 16.182363 0.022370 -0.483162 -0.065043 0.872825
1520616857.713659763 28.886150 1.284490 16.173504 0.016871 -0.547158 -0.050319 0.835345
1520616857.763660431 28.875434 1.288689 16.155157 0.003908 -0.611281 -0.038624 0.790461
1520616857.813661814 28.867256 1.300660 16.133800 -0.004637 -0.667918 -0.033962 0.743445
1520616857.863668680 28.861432 1.311790 16.108457 0.015912 0.719055 0.028723 -0.694177
1520616857.913665533 28.860537 1.320259 16.075381 0.030604 0.766464 0.024222 -0.641101
1520616857.963666677 28.862785 1.326350 16.036748 0.042986 0.808353 0.021603 -0.586729
1520616858.013697624 28.870768 1.327247 15.994037 0.054195 0.846800 0.016208 -0.528896
1520616858.063669443 28.878304 1.329711 15.944401 0.062889 0.880034 0.006889 -0.470678
1520616858.112437963 28.878304 1.329711 15.944401 0.062889 0.880034 0.006889 -0.470678
1520616858.162438869 28.879372 1.330763 15.887469 0.068059 0.905914 -0.003367 -0.417944
1520616858.212440729 28.885305 1.327135 15.832099 0.074775 0.926776 -0.011235 -0.367926
1520616858.262443066 28.890951 1.324181 15.773885 0.079895 0.943226 -0.016905 -0.321955
1520616858.312443972 28.895412 1.320739 15.714246 0.086867 0.955488 -0.023663 -0.280958
1520616858.362445831 28.898569 1.315492 15.654458 0.096063 0.963792 -0.030993 -0.246812
1520616858.412446976 28.900404 1.307794 15.595322 0.104043 0.969136 -0.037302 -0.220363
1520616858.462448835 28.901999 1.296364 15.536770 0.110914 0.972598 -0.044650 -0.199394
1520616858.512493134 28.905763 1.281201 15.477956 0.118786 0.974601 -0.055163 -0.181656
1520616858.562494993 28.908833 1.263791 15.421215 0.125727 0.975912 -0.067311 -0.165101
1520616858.612495899 28.911310 1.245518 15.366870 0.131846 0.976674 -0.079712 -0.149569
1520616858.662497997 28.910933 1.228117 15.314237 0.137309 0.976769 -0.091482 -0.136744
1520616858.712499857 28.909413 1.211746 15.263915 0.143923 0.976301 -0.101790 -0.125547
1520616858.762500763 28.907482 1.195985 15.214562 0.153402 0.975196 -0.110161 -0.115438
1520616858.812503099 28.901064 1.183331 15.165229 0.161894 0.973860 -0.115759 -0.109482
1520616858.862504005 28.890899 1.172968 15.114211 0.171447 0.971690 -0.120049 -0.109603
1520616858.912207603 28.876345 1.167665 15.060515 0.176683 0.969647 -0.123700 -0.115175
1520616858.962209463 28.861218 1.160337 15.008926 0.175043 0.968806 -0.124904 -0.123185
1520616859.012211561 28.847712 1.152178 14.957572 0.164425 0.969762 -0.126789 -0.128260
1520616859.062212706 28.833303 1.143382 14.908099 0.146762 0.972210 -0.129700 -0.128247
1520616859.112214565 28.820872 1.131488 14.859290 0.123594 0.976027 -0.131305 -0.121881
1520616859.162215471 28.811166 1.117886 14.811925 0.094476 0.980448 -0.133198 -0.109795
1520616859.212217569 28.805283 1.103084 14.765669 0.063749 0.984316 -0.136737 -0.091434
1520616859.262218475 28.801978 1.089382 14.718850 0.029770 0.987253 -0.139944 -0.069725
1520616859.312074661 28.799040 1.079458 14.674026 0.000742 0.988623 -0.143004 -0.046635
1520616859.362076759 28.802730 1.073822 14.623071 -0.019425 0.989164 -0.143756 -0.022635
1520616859.412078619 28.807146 1.070980 14.573299 -0.029073 0.989527 -0.141382 0.001594
1520616859.462079763 28.815056 1.070406 14.522544 -0.029097 0.989945 -0.136292 0.024209
1520616859.512081623 28.822678 1.071267 14.471274 -0.023719 0.990380 -0.129390 0.042933
1520616859.562082529 28.831813 1.072088 14.419174 -0.008526 0.990595 -0.122060 0.061243
1520616859.612084627 28.842761 1.070852 14.366711 0.015507 0.990059 -0.115479 0.078790
1520616859.662123680 28.853701 1.067271 14.312213 0.044505 0.988752 -0.109916 0.091139
1520616859.712145090 28.860573 1.062248 14.253871 0.075759 0.987228 -0.105326 0.092458
1520616859.762147427 28.863292 1.053166 14.196842 0.110950 0.984804 -0.102690 0.085479
1520616859.812148333 28.861328 1.041584 14.141144 0.142737 0.981618 -0.102934 0.073869
1520616859.862150431 28.854641 1.030234 14.085268 0.173354 0.977921 -0.104431 0.052094
1520616859.912151337 28.839308 1.018824 14.029042 0.201759 0.973342 -0.106461 0.023760
1520616859.962153196 28.822686 1.008409 13.972405 0.226551 0.967885 -0.108600 -0.008955
1520616860.012154341 28.800080 1.003551 13.916825 0.246215 0.962004 -0.108916 -0.045420
1520616860.062156200 28.773241 1.002708 13.861203 0.262122 0.955343 -0.109150 -0.081846
1520616860.112157106 28.742374 1.005657 13.806270 0.274508 0.948017 -0.108654 -0.118758
1520616860.162389517 28.710031 1.013167 13.752242 0.281624 0.941071 -0.104345 -0.155518
1520616860.212391376 28.674990 1.022518 13.698955 0.289102 0.933117 -0.096466 -0.190805
1520616860.262392282 28.636507 1.031148 13.651958 0.293842 0.924402 -0.087540 -0.226881
1520616860.312394381 28.594048 1.037349 13.608138 0.294938 0.915372 -0.079833 -0.262169
1520616860.362395287 28.548488 1.042531 13.570083 0.288642 0.906589 -0.075472 -0.298473
1520616860.412397385 28.500160 1.043827 13.536272 0.277790 0.897679 -0.074668 -0.333811
1520616860.462398529 28.452329 1.044884 13.506039 0.261780 0.889742 -0.072944 -0.366755
1520616860.512400389 28.402327 1.043812 13.480255 0.244901 0.882307 -0.069063 -0.395965
1520616860.563588381 28.402327 1.043812 13.480255 0.244901 0.882307 -0.069063 -0.395965
1520616860.613591671 28.354926 1.040065 13.454377 0.226117 0.880231 -0.066595 -0.411860
1520616860.663592339 28.307380 1.033515 13.426753 0.199525 0.881662 -0.060704 -0.423294
1520616860.713593245 28.259555 1.031318 13.395324 0.167348 0.885362 -0.054690 -0.430277
1520616860.763595581 28.212425 1.022342 13.361353 0.132182 0.889910 -0.051672 -0.433495
1520616860.813597441 28.168345 1.004640 13.323901 0.095686 0.895538 -0.055280 -0.431046
1520616860.863598585 28.126479 0.981596 13.282492 0.057123 0.902113 -0.063519 -0.422959
1520616860.913600445 28.091949 0.953493 13.238667 0.019738 0.910131 -0.072132 -0.407515
1520616860.963305712 28.063605 0.921508 13.190712 -0.015397 0.918872 -0.077233 -0.386616
1520616861.013307810 28.041143 0.896364 13.140190 -0.043818 0.926822 -0.079481 -0.364368
1520616861.063308716 28.016811 0.875741 13.085744 -0.065584 0.933684 -0.078275 -0.343228
1520616861.113310814 27.997207 0.859393 13.029375 -0.077936 0.940240 -0.073107 -0.323312
1520616861.163311958 27.982014 0.849396 12.968851 -0.084534 0.946451 -0.067706 -0.304139
1520616861.213313818 27.966509 0.845431 12.902958 -0.089850 0.952016 -0.064905 -0.285271
1520616861.263315678 27.954712 0.848096 12.831765 -0.090135 0.957680 -0.066946 -0.265034
1520616861.313361883 27.943652 0.853729 12.756915 -0.083027 0.963511 -0.071528 -0.244208
1520616861.363450527 27.936479 0.861103 12.682622 -0.068677 0.969451 -0.076935 -0.222553
1520616861.413452625 27.933665 0.867038 12.607245 -0.045902 0.975071 -0.086303 -0.199200
1520616861.463454485 27.933023 0.870152 12.531723 -0.015744 0.978482 -0.097820 -0.180985
1520616861.513455629 27.932194 0.871897 12.457861 0.010289 0.980025 -0.104822 -0.168691
1520616861.563457489 27.931327 0.866149 12.387743 0.031141 0.981009 -0.107839 -0.158185
1520616861.613458395 27.937666 0.857238 12.320260 0.056941 0.981706 -0.108217 -0.145948
1520616861.663460493 27.945912 0.847163 12.253730 0.080510 0.982819 -0.103437 -0.129948
1520616861.713461399 27.955912 0.838534 12.187602 0.095224 0.984016 -0.096240 -0.115680
1520616861.763943434 27.962736 0.826877 12.119437 0.104877 0.985260 -0.089748 -0.101036
1520616861.813945293 27.968383 0.815091 12.054272 0.113650 0.985788 -0.089300 -0.085622
1520616861.863946438 27.970706 0.801448 11.988352 0.116987 0.985833 -0.095634 -0.072816
1520616861.913948298 27.970348 0.782406 11.924176 0.121161 0.984975 -0.107013 -0.060771
1520616861.963949203 27.962536 0.756722 11.863221 0.121750 0.983844 -0.120044 -0.053070
1520616862.013951540 27.949593 0.726170 11.804228 0.121571 0.982805 -0.130524 -0.047730
1520616862.063952446 27.931347 0.692739 11.746998 0.117541 0.982444 -0.137490 -0.045659
1520616862.113954306 27.907780 0.658102 11.693866 0.114887 0.981842 -0.144077 -0.045051
1520616862.164565325 27.880672 0.622213 11.641562 0.116020 0.980619 -0.151034 -0.045976
1520616862.214567184 27.848727 0.589562 11.592195 0.120120 0.978720 -0.158893 -0.049305
1520616862.264569283 27.816602 0.561081 11.542987 0.127689 0.976402 -0.166328 -0.051671
1520616862.314571381 27.782057 0.538800 11.492973 0.131783 0.974960 -0.170756 -0.054114
1520616862.364572048 27.746185 0.524334 11.440158 0.133349 0.974206 -0.171881 -0.059988
1520616862.414574385 27.707321 0.516046 11.386949 0.130481 0.974580 -0.169660 -0.066213
1520616862.464575291 27.669942 0.512101 11.333273 0.127696 0.975241 -0.165382 -0.072444
1520616862.514576435 27.632037 0.511368 11.279951 0.123646 0.975949 -0.161135 -0.079193
1520616862.564579248 27.592142 0.511081 11.226245 0.121295 0.975726 -0.159154 -0.088977
1520616862.613606930 27.555909 0.516474 11.182045 0.117023 0.975097 -0.159218 -0.100707
1520616862.663607836 27.521782 0.515742 11.131344 0.114045 0.975185 -0.156143 -0.107833
1520616862.713609695 27.493015 0.517105 11.081122 0.113235 0.975672 -0.149742 -0.113224
1520616862.763611794 27.467670 0.521524 11.029736 0.113833 0.976638 -0.139994 -0.116715
1520616862.813612700 27.447314 0.528470 10.978806 0.112563 0.978344 -0.126751 -0.118772
1520616862.863613605 27.430734 0.537202 10.924675 0.110514 0.979729 -0.113575 -0.122552
1520616862.913615942 27.415775 0.546523 10.869166 0.108231 0.980366 -0.104987 -0.127066
1520616862.963667631 27.401561 0.554175 10.812196 0.105158 0.980461 -0.102007 -0.131271
1520616863.012676716 27.393087 0.560170 10.759719 0.105530 0.980109 -0.102490 -0.133209
1520616863.062678576 27.388443 0.560283 10.699249 0.106056 0.979671 -0.101447 -0.136765
1520616863.112679720 27.385290 0.554911 10.639785 0.112129 0.978752 -0.099470 -0.139917
1520616863.162681580 27.386002 0.544414 10.580643 0.123898 0.977763 -0.096170 -0.139214
1520616863.212682724 27.388363 0.528472 10.521975 0.131821 0.977285 -0.091239 -0.138612
1520616863.262684584 27.390088 0.511635 10.462350 0.134073 0.977526 -0.087426 -0.137204
1520616863.312685490 27.391612 0.490453 10.405888 0.134347 0.978149 -0.086316 -0.133138
1520616863.362687826 27.393191 0.466477 10.348698 0.135185 0.978662 -0.089284 -0.126389
1520616863.412424564 27.391976 0.443522 10.290818 0.137886 0.978601 -0.095400 -0.119277
1520616863.462426424 27.389523 0.423499 10.233323 0.141915 0.977881 -0.103268 -0.113778
1520616863.512428284 27.381966 0.403753 10.172889 0.146917 0.976696 -0.111797 -0.109461
1520616863.562429428 27.373473 0.383275 10.113658 0.152275 0.975360 -0.120721 -0.104460
1520616863.612431288 27.362976 0.361574 10.055430 0.153957 0.974676 -0.129426 -0.097743
1520616863.662432432 27.348977 0.336640 10.000599 0.152095 0.974479 -0.138842 -0.089340
1520616863.712434530 27.333001 0.309154 9.945592 0.148646 0.974068 -0.148547 -0.083841
1520616863.762435436 27.311684 0.281370 9.892322 0.141807 0.974212 -0.155051 -0.082223
1520616863.812206030 27.289783 0.256534 9.841887 0.138953 0.974258 -0.159961 -0.076982
1520616863.862207890 27.262153 0.228982 9.792423 0.139728 0.974248 -0.161985 -0.071254
1520616863.912209988 27.234420 0.211620 9.743766 0.142443 0.974603 -0.160468 -0.064093
1520616863.962211132 27.205727 0.200871 9.694881 0.142839 0.975854 -0.152783 -0.062949
1520616864.012212992 27.174150 0.199742 9.642573 0.141537 0.977564 -0.142852 -0.062689
1520616864.062214136 27.141349 0.202733 9.590423 0.137573 0.979345 -0.134053 -0.063146
1520616864.112215996 27.108253 0.208885 9.537486 0.129096 0.980860 -0.129792 -0.066346
1520616864.162216902 27.074350 0.212991 9.483785 0.118812 0.981956 -0.131022 -0.066926
1520616864.212391853 27.041514 0.215510 9.432066 0.101602 0.983231 -0.135340 -0.067946
1520616864.262392998 27.011274 0.214172 9.383509 0.079735 0.984538 -0.140992 -0.066700
1520616864.312397003 26.985023 0.206668 9.336092 0.058179 0.985193 -0.148477 -0.062967
1520616864.362396002 26.964365 0.194752 9.291491 0.036597 0.985345 -0.156832 -0.056209
1520616864.412399054 26.947664 0.180526 9.248624 0.012747 0.984966 -0.165454 -0.048008
1520616864.462399006 26.937957 0.166291 9.206180 -0.013959 0.983982 -0.174522 -0.033571
1520616864.512401104 26.935635 0.150961 9.163290 -0.045344 0.981906 -0.183514 -0.011314
1520616864.562402964 26.942968 0.138312 9.118995 -0.074990 0.977836 -0.194193 0.022424
1520616864.612951756 26.960101 0.130026 9.075174 -0.100956 0.970813 -0.206568 0.068266
1520616864.662897825 26.984020 0.124560 9.037939 -0.125949 0.959893 -0.219607 0.120476
1520616864.712898731 27.014016 0.121586 9.005506 -0.149453 0.943874 -0.234170 0.178690
1520616864.762900829 27.050515 0.121100 8.984258 -0.163066 0.923485 -0.248916 0.242127
1520616864.812901974 27.091357 0.122930 8.968211 -0.170122 0.899451 -0.259522 0.307725
1520616864.862903833 27.138136 0.128137 8.960541 -0.170183 0.873842 -0.264732 0.370615
1520616864.912904739 27.187960 0.135703 8.962098 -0.164207 0.846535 -0.263767 0.432251
1520616864.962906837 27.238547 0.144363 8.970926 -0.155059 0.818056 -0.259687 0.489188
1520616865.012907743 27.287614 0.152287 8.987677 -0.142028 0.790121 -0.253036 0.539916
1520616865.062542915 27.337981 0.163813 9.012722 -0.126359 0.761723 -0.243136 0.587108
1520616865.112544775 27.388476 0.174345 9.037769 -0.110634 0.733963 -0.233420 0.628151
1520616865.162545681 27.436043 0.183817 9.069932 -0.094030 0.709555 -0.222293 0.662024
1520616865.212547779 27.482948 0.192105 9.105404 -0.076994 0.689606 -0.208962 0.689094
1520616865.262548685 27.529445 0.201596 9.141513 -0.060344 0.674317 -0.195447 0.709546
1520616865.312550545 27.572902 0.211003 9.176489 -0.044137 0.663377 -0.181272 0.724654
1520616865.362551689 27.614743 0.218461 9.211332 -0.026356 0.654721 -0.166199 0.736901
1520616865.412553787 27.656318 0.224156 9.246206 -0.006572 0.647202 -0.150166 0.747353
1520616865.462522507 27.696869 0.226870 9.278998 0.013555 0.643582 -0.136429 0.752997
1520616865.512523413 27.739245 0.226827 9.309132 0.035966 0.644690 -0.121934 0.753799
1520616865.562525749 27.781381 0.224887 9.337246 0.057141 0.648046 -0.105298 0.752119
1520616865.612527609 27.823914 0.222124 9.362968 0.074473 0.652255 -0.088794 0.749088
1520616865.662528515 27.868996 0.219017 9.385548 0.088470 0.657835 -0.072789 0.744398
1520616865.712529659 27.913252 0.216184 9.404036 0.099309 0.664652 -0.058893 0.738179
1520616865.762532711 27.961016 0.212741 9.417232 0.107601 0.674212 -0.050225 0.728929
1520616865.812533617 28.009999 0.208091 9.426516 0.116358 0.683495 -0.046196 0.719140
1520616865.862553835 28.062064 0.202599 9.429373 0.127666 0.695111 -0.045168 0.706033
1520616865.912555695 28.111033 0.190958 9.430021 0.138595 0.710328 -0.045443 0.688594
1520616865.962556601 28.159001 0.176087 9.426864 0.148161 0.726243 -0.049199 0.669477
1520616866.012558937 28.204137 0.156768 9.421097 0.158787 0.743040 -0.054048 0.647886
1520616866.062562704 28.247221 0.136113 9.411878 0.168426 0.758728 -0.058333 0.626547
1520616866.112561703 28.289497 0.116589 9.398496 0.173960 0.774894 -0.064399 0.604260
1520616866.162563801 28.331350 0.098328 9.381157 0.178568 0.792194 -0.068493 0.579526
1520616866.212564707 28.373379 0.083670 9.359783 0.181605 0.808583 -0.071877 0.555021
1520616866.262473822 28.415867 0.071867 9.336015 0.185053 0.822699 -0.074217 0.532366
1520616866.312415838 28.458896 0.062823 9.308090 0.185640 0.838083 -0.078641 0.506922
1520616866.362417698 28.501320 0.053742 9.276775 0.186830 0.852717 -0.085751 0.480225
1520616866.412418842 28.542013 0.042116 9.243828 0.190564 0.864792 -0.094678 0.454813
1520616866.462420702 28.578841 0.028221 9.207763 0.192279 0.877889 -0.107180 0.425267
1520616866.512421846 28.612313 0.013132 9.168364 0.191998 0.890126 -0.123694 0.394351
1520616866.562423706 28.639004 -0.005503 9.126031 0.189236 0.903881 -0.139729 0.357303
1520616866.612424612 28.660648 -0.023456 9.080437 0.189454 0.916640 -0.151771 0.317558
1520616866.662434816 28.677793 -0.042613 9.033744 0.190126 0.928783 -0.157414 0.276469
1520616866.712436676 28.691461 -0.057434 8.984960 0.188235 0.940907 -0.158250 0.232849
1520616866.762437820 28.705435 -0.069932 8.936218 0.186359 0.950484 -0.157225 0.192692
1520616866.812439919 28.717124 -0.078555 8.884176 0.185137 0.957702 -0.157332 0.154199
1520616866.862440586 28.728680 -0.086003 8.833328 0.186004 0.961982 -0.160066 0.119886
1520616866.912442923 28.738182 -0.093219 8.782462 0.189383 0.963843 -0.164332 0.090201
1520616866.962443829 28.748065 -0.101178 8.732887 0.193325 0.964017 -0.170202 0.065787
1520616867.012445688 28.757360 -0.110161 8.683592 0.193333 0.963834 -0.177572 0.045990
1520616867.062447786 28.764508 -0.121120 8.633460 0.191031 0.964176 -0.182425 0.024338
1520616867.112743139 28.768152 -0.131105 8.583223 0.189580 0.964720 -0.182688 -0.000868
1520616867.162745237 28.770455 -0.143107 8.535913 0.192328 0.964116 -0.181661 -0.022113
1520616867.212747335 28.771016 -0.154895 8.488614 0.187842 0.964302 -0.180644 -0.046957
1520616867.262748480 28.768949 -0.164302 8.441479 0.179428 0.964382 -0.179755 -0.073906
1520616867.312749386 28.765660 -0.171131 8.393509 0.173581 0.963233 -0.179051 -0.099963
1520616867.362751245 28.761664 -0.176724 8.345121 0.168218 0.960912 -0.179183 -0.127452
1520616867.412753344 28.756421 -0.181661 8.296180 0.164541 0.957405 -0.181094 -0.153319
1520616867.462755442 28.748889 -0.186469 8.246113 0.161876 0.952349 -0.183580 -0.182004
1520616867.512772322 28.739105 -0.193238 8.195748 0.159987 0.945475 -0.186798 -0.213510
1520616867.562773228 28.727518 -0.201099 8.146419 0.155832 0.938138 -0.190878 -0.243266
1520616867.612774134 28.712736 -0.210041 8.098700 0.148087 0.930724 -0.193173 -0.272961
1520616867.662775278 28.695385 -0.220181 8.053973 0.142014 0.922250 -0.191807 -0.304133
1520616867.712778330 28.674069 -0.230637 8.011595 0.139970 0.910918 -0.186695 -0.340267
1520616867.762778044 28.649896 -0.240427 7.971267 0.140102 0.897147 -0.181946 -0.377352
1520616867.812780380 28.621004 -0.247040 7.933176 0.138357 0.881167 -0.177325 -0.415882
1520616867.862782240 28.589088 -0.251525 7.896928 0.136415 0.862907 -0.175088 -0.454011
1520616867.912523746 28.556169 -0.254745 7.862619 0.131953 0.842645 -0.175439 -0.491690
1520616867.962460756 28.522843 -0.256983 7.828993 0.125614 0.821084 -0.177048 -0.527917
1520616868.012461662 28.490455 -0.259372 7.796487 0.121777 0.801227 -0.181790 -0.556918
1520616868.062463760 28.458622 -0.260893 7.763248 0.119494 0.783866 -0.186634 -0.580038
1520616868.112464666 28.428435 -0.264598 7.733285 0.117076 0.769978 -0.191521 -0.597283
1520616868.162466526 28.397357 -0.268889 7.709009 0.114583 0.752725 -0.192583 -0.619021
1520616868.212467670 28.363995 -0.271166 7.691164 0.114206 0.728130 -0.189490 -0.648750
1520616868.262469530 28.331811 -0.274065 7.676661 0.117314 0.703762 -0.190121 -0.674396
1520616868.312474966 28.299898 -0.276981 7.666706 -0.114859 -0.678492 0.187461 0.700939
1520616868.362476110 28.268275 -0.278377 7.661994 -0.109173 -0.651764 0.181079 0.728351
1520616868.412477970 28.235987 -0.274848 7.663011 -0.106128 -0.618411 0.170757 0.759701
1520616868.462479115 28.204886 -0.269425 7.668837 -0.106048 -0.581431 0.160053 0.790617
1520616868.512480974 28.177913 -0.261889 7.679615 -0.105860 -0.543619 0.149682 0.819065
1520616868.562481880 28.154094 -0.253150 7.694976 -0.105056 -0.502869 0.141473 0.846210
1520616868.612483978 28.134180 -0.244581 7.714753 -0.101138 -0.457816 0.135442 0.872829
1520616868.662486076 28.119057 -0.237088 7.740869 -0.092991 -0.407130 0.128756 0.899455
1520616868.712622643 28.105412 -0.216805 7.766916 -0.081916 -0.351494 0.122045 0.924579
1520616868.762624502 28.101233 -0.204672 7.798474 -0.073811 -0.302241 0.119694 0.942802
1520616868.812625647 28.101703 -0.197621 7.832478 -0.065872 -0.257273 0.113115 0.957432
1520616868.862627506 28.105143 -0.190622 7.867763 -0.058954 -0.215500 0.102823 0.969284
1520616868.912629604 28.114752 -0.181922 7.906644 -0.055261 -0.172052 0.087845 0.979606
1520616868.962631702 28.125754 -0.169816 7.946167 -0.055777 -0.126631 0.075450 0.987502
1520616869.012632608 28.143994 -0.158059 7.987303 -0.058431 -0.081994 0.067959 0.992595
1520616869.062633514 28.166201 -0.144263 8.028897 -0.057153 -0.039016 0.059600 0.995821
1520616869.112386465 28.192908 -0.133433 8.072557 -0.052782 0.001520 0.049119 0.997396
1520616869.162388802 28.224673 -0.122753 8.117267 -0.045996 0.036929 0.036548 0.997590
1520616869.212389708 28.256801 -0.111084 8.160349 -0.039370 0.069916 0.021871 0.996536
1520616869.262390614 28.293602 -0.096733 8.200078 -0.034090 0.101732 0.006804 0.994204
1520616869.312392712 28.329131 -0.086920 8.239081 -0.030689 0.129973 -0.004249 0.991033
1520616869.362394571 28.365928 -0.076947 8.277025 -0.027427 0.156558 -0.017367 0.987135
1520616869.412395477 28.403989 -0.067475 8.313495 -0.023907 0.183302 -0.032507 0.982228
1520616869.462397814 28.441451 -0.058125 8.349038 -0.018529 0.205692 -0.044213 0.977442
1520616869.512398481 28.475285 -0.048847 8.385875 -0.011677 0.222267 -0.055507 0.973334
1520616869.562289000 28.508656 -0.041323 8.421784 -0.003272 0.235087 -0.070035 0.969442
1520616869.612219810 28.541260 -0.035373 8.458690 0.006147 0.244366 -0.088238 0.965640
1520616869.662222147 28.570867 -0.029882 8.495261 0.016328 0.248356 -0.106728 0.962633
1520616869.712223053 28.595683 -0.029946 8.531940 0.026647 0.245245 -0.123163 0.961236
1520616869.762224913 28.615201 -0.033671 8.570344 0.036792 0.234950 -0.138213 0.961427
1520616869.812226057 28.629404 -0.040502 8.609893 0.045942 0.215012 -0.152192 0.963585
1520616869.862227917 28.636964 -0.048857 8.650803 0.054042 0.190806 -0.167257 0.965763
1520616869.912229776 28.639674 -0.060448 8.689989 0.058167 0.161645 -0.182032 0.968169
1520616869.962232351 28.636556 -0.069234 8.729245 0.059416 0.134221 -0.193702 0.970017
1520616870.012234449 28.631440 -0.075516 8.768119 0.055333 0.108492 -0.204129 0.971339
1520616870.062235355 28.623316 -0.075718 8.807839 0.046803 0.080035 -0.206825 0.973975
1520616870.112237215 28.609799 -0.069733 8.847384 0.034674 0.046868 -0.209787 0.976008
1520616870.162238359 28.592657 -0.059137 8.887712 0.021295 0.009807 -0.209007 0.977633
1520616870.212240458 28.570063 -0.043476 8.928782 0.009149 -0.027313 -0.206479 0.978027
1520616870.262242556 28.545543 -0.023029 8.970858 0.001039 -0.064380 -0.203785 0.976896
1520616870.312243462 28.518604 -0.002601 9.015056 -0.003858 -0.098324 -0.198956 0.975056
1520616870.362413168 28.487173 0.020105 9.057399 -0.006285 -0.130056 -0.188743 0.973356
1520616870.412413836 28.452042 0.039959 9.097613 -0.009824 -0.164647 -0.173017 0.971010
1520616870.462415934 28.411936 0.059124 9.132549 -0.013479 -0.198297 -0.153951 0.967882
1520616870.512418032 28.370602 0.076468 9.166868 -0.019372 -0.237138 -0.132689 0.962177
1520616870.562418938 28.325511 0.091197 9.194227 -0.026374 -0.279102 -0.108060 0.953798
1520616870.612420797 28.278591 0.106014 9.217065 -0.034231 -0.318896 -0.087553 0.943116
1520616870.662423134 28.230731 0.121726 9.235629 -0.044511 -0.356507 -0.068474 0.930716
1520616870.712424040 28.183095 0.140131 9.252207 -0.056087 -0.388615 -0.053065 0.918159
1520616870.762804031 28.141557 0.169063 9.272278 -0.065172 -0.417061 -0.043285 0.905505
1520616870.812805176 28.093273 0.192270 9.287069 -0.074299 -0.440500 -0.032711 0.894075
1520616870.862807035 28.048934 0.213165 9.301866 -0.082667 -0.461415 -0.019563 0.883108
1520616870.912807941 28.005736 0.226306 9.316419 -0.089069 -0.481134 -0.006228 0.872089
1520616870.962810040 27.961549 0.235451 9.332220 -0.092390 -0.496654 0.007528 0.862984
1520616871.012812138 27.917415 0.236281 9.349054 -0.094524 -0.505832 0.017311 0.857263
1520616871.062813044 27.877161 0.242917 9.364250 -0.097205 -0.516348 0.030150 0.850310
1520616871.112814188 27.834230 0.238680 9.377588 -0.104015 -0.522294 0.044147 0.845246
1520616871.162855625 27.793266 0.238768 9.392633 -0.111461 -0.523534 0.057553 0.842719
1520616871.212930918 27.751389 0.236748 9.409495 -0.120803 -0.523998 0.067820 0.840377
1520616871.262858868 27.708751 0.235544 9.427978 -0.133414 -0.524002 0.079499 0.837438
1520616871.312859535 27.666716 0.240365 9.448741 -0.145212 -0.517097 0.090244 0.838677
1520616871.362861872 27.626083 0.249036 9.472845 -0.154807 -0.506523 0.099813 0.842322
1520616871.412862778 27.586988 0.261776 9.498590 -0.161091 -0.496116 0.109842 0.846081
1520616871.462864637 27.550677 0.271691 9.527783 -0.163239 -0.482426 0.117654 0.852511
1520616871.512866735 27.513707 0.282383 9.562530 -0.162135 -0.463794 0.126730 0.861711
1520616871.562867641 27.478815 0.292102 9.602902 -0.159496 -0.437195 0.134567 0.874822
1520616871.613183022 27.445078 0.294589 9.647576 -0.156045 -0.405522 0.138826 0.889904
1520616871.663184166 27.415228 0.301657 9.695671 -0.146162 -0.374279 0.142435 0.904579
1520616871.713186026 27.386328 0.310364 9.745754 -0.131661 -0.342290 0.142816 0.919297
1520616871.763186932 27.360118 0.319054 9.796339 -0.119317 -0.308448 0.141500 0.933060
1520616871.813189030 27.338992 0.330265 9.848934 -0.109512 -0.271364 0.138216 0.946185
1520616871.863191128 27.323095 0.347534 9.898500 -0.098992 -0.236872 0.137344 0.956676
1520616871.913192034 27.307786 0.364986 9.950417 -0.090280 -0.202197 0.134504 0.965854
1520616871.963194132 27.292933 0.382719 10.004008 -0.083427 -0.168933 0.130461 0.973387
1520616872.014108896 27.272952 0.402121 10.059698 -0.077615 -0.131694 0.124593 0.980362
1520616872.064110994 27.261719 0.414383 10.119404 -0.070257 -0.092727 0.117841 0.986194
1520616872.114113092 27.258711 0.427616 10.171647 -0.061182 -0.057060 0.108906 0.990525
1520616872.164114952 27.261308 0.435987 10.225450 -0.055264 -0.019596 0.091611 0.994067
1520616872.214116096 27.267569 0.442440 10.275304 -0.050275 0.016004 0.075431 0.995754
1520616872.264117002 27.276881 0.449417 10.324956 -0.046910 0.051402 0.061916 0.995652
1520616872.314118862 27.291306 0.456044 10.375025 -0.047535 0.088718 0.048945 0.993717
1520616872.364121199 27.303833 0.463978 10.421386 -0.050468 0.117630 0.042594 0.990859
1520616872.414278030 27.319508 0.473123 10.465907 -0.051712 0.146484 0.037134 0.987162
1520616872.464280128 27.336060 0.482418 10.510780 -0.046998 0.169995 0.033391 0.983757
1520616872.514281034 27.354878 0.492305 10.553891 -0.039319 0.195032 0.026421 0.979652
1520616872.564283133 27.375633 0.499734 10.595532 -0.027791 0.217167 0.020985 0.975513
1520616872.614284039 27.393728 0.501646 10.636611 -0.012481 0.234487 0.017822 0.971876
1520616872.664287090 27.413258 0.502109 10.674904 0.000086 0.252999 0.011930 0.967393
1520616872.714287043 27.434319 0.504314 10.709663 0.004283 0.272817 0.003978 0.962048
1520616872.764289141 27.456290 0.509500 10.742052 0.001291 0.293159 -0.002745 0.956059
1520616872.814480305 27.479289 0.516397 10.771823 -0.008062 0.313969 -0.006453 0.949377
1520616872.864556313 27.503627 0.524158 10.801678 -0.019125 0.332235 -0.004995 0.942989
1520616872.914483547 27.531759 0.533614 10.830539 -0.026210 0.352074 -0.005477 0.935589
1520616872.964485407 27.564206 0.541221 10.859795 -0.026695 0.375349 -0.009244 0.926453
1520616873.014487267 27.600099 0.546791 10.887497 -0.019371 0.403340 -0.016786 0.914691
1520616873.064488411 27.636120 0.548449 10.913298 -0.004694 0.428048 -0.020241 0.903517
1520616873.114490271 27.673178 0.548952 10.937747 0.009383 0.451286 -0.019785 0.892110
1520616873.164491177 27.712289 0.549441 10.960262 0.017470 0.477529 -0.017259 0.878273
1520616873.216315508 27.749891 0.564903 10.980727 0.020451 0.500077 -0.011188 0.865667
1520616873.266316652 27.787930 0.564475 11.000939 0.020153 0.521709 -0.006383 0.852862
1520616873.316318512 27.826533 0.561957 11.015235 0.020652 0.544755 -0.004386 0.838329
1520616873.366319418 27.869368 0.560008 11.029057 0.020490 0.570492 -0.005232 0.821031
1520616873.416321516 27.912921 0.559517 11.038442 0.021165 0.594439 -0.005959 0.803840
1520616873.466323376 27.959963 0.562566 11.044111 0.021715 0.615789 -0.006425 0.787586
1520616873.516324520 28.006716 0.568216 11.050103 0.021435 0.631498 -0.006470 0.775054
1520616873.566326618 28.054624 0.574720 11.056072 0.020161 0.643793 -0.008548 0.764886
1520616873.617853880 28.102762 0.582417 11.058662 0.022968 0.650953 -0.012848 0.758662
1520616873.667855978 28.147814 0.585311 11.064409 0.030397 0.656283 -0.016596 0.753719
1520616873.717856884 28.193760 0.583364 11.066687 0.036603 0.666350 -0.019609 0.744482
1520616873.767858982 28.239827 0.580514 11.067626 0.040915 0.676642 -0.018998 0.734929
1520616873.817860842 28.283044 0.578902 11.066442 0.037448 0.690196 -0.020123 0.722372
1520616873.867862701 28.328234 0.577398 11.060304 0.030561 0.703186 -0.022108 0.710005
1520616873.917863846 28.375966 0.576834 11.051484 0.021603 0.713643 -0.027530 0.699635
1520616873.967865944 28.425570 0.576595 11.040363 0.010429 0.721362 -0.040271 0.691308
1520616874.017866850 28.476085 0.577053 11.027504 -0.000041 0.727099 -0.059470 0.683952
1520616874.067867994 28.527096 0.573739 11.016338 -0.004242 0.731180 -0.080574 0.677396
1520616874.117869854 28.579194 0.568598 11.005818 -0.003080 0.734160 -0.101863 0.671286
1520616874.167871714 28.630655 0.558431 10.997281 -0.001331 0.733931 -0.121360 0.668293
1520616874.217872858 28.680823 0.545026 10.991868 -0.001965 0.728929 -0.138754 0.670378
1520616874.267874718 28.729515 0.531118 10.989466 -0.008600 0.721259 -0.157517 0.674463
1520616874.317879915 28.777042 0.513113 10.989545 -0.017608 0.710118 -0.177280 0.681171
1520616874.367877960 28.824127 0.493981 10.989950 -0.024668 0.699896 -0.198288 0.685725
1520616874.417882919 28.871942 0.479427 10.992519 -0.027932 0.687988 -0.211421 0.693681
1520616874.467142820 28.919148 0.467344 10.996776 -0.034222 0.672713 -0.218748 0.705999
1520616874.517223835 28.968327 0.465293 11.002478 -0.040792 0.655772 -0.220920 0.720759
1520616874.567145824 29.017090 0.467989 11.010391 -0.049167 0.636534 -0.221922 0.736992
1520616874.617146969 29.067244 0.473557 11.020985 -0.058925 0.616667 -0.225737 0.751859
1520616874.667148829 29.112708 0.477870 11.036279 -0.063002 0.593436 -0.226717 0.769717
1520616874.717150688 29.155471 0.482629 11.056618 -0.062819 0.563675 -0.226528 0.791839
1520616874.767151833 29.196147 0.487125 11.081281 -0.057628 0.533533 -0.223542 0.813665
1520616874.817153692 29.237997 0.491156 11.109416 -0.054871 0.505056 -0.220093 0.832746
1520616874.865250349 29.269727 0.506773 11.160821 -0.056790 0.475469 -0.210235 0.852353
1520616874.915252209 29.303171 0.503924 11.192275 -0.065612 0.441552 -0.196096 0.873083
1520616874.965253353 29.333235 0.512274 11.227914 -0.077195 0.408570 -0.185490 0.890340
1520616875.015255213 29.362682 0.523193 11.261641 -0.086748 0.376620 -0.178988 0.904763
1520616875.065257549 29.391535 0.536528 11.301135 -0.090981 0.346583 -0.174142 0.917212
1520616875.115258455 29.425731 0.553223 11.341198 -0.089751 0.319605 -0.167779 0.928250
1520616875.165260315 29.450743 0.567606 11.381874 -0.085721 0.297731 -0.159591 0.937304
1520616875.215262413 29.476667 0.574114 11.420957 -0.083926 0.282754 -0.151221 0.943472
1520616875.263584137 29.487559 0.591190 11.456027 -0.083588 0.277587 -0.139051 0.946902
1520616875.313585043 29.515336 0.600638 11.500461 -0.083972 0.272642 -0.123229 0.950489
1520616875.363587141 29.538857 0.603898 11.547446 -0.082440 0.264313 -0.107770 0.954844
1520616875.413588285 29.554730 0.597819 11.593952 -0.078975 0.254126 -0.098267 0.958919
1520616875.463590145 29.575360 0.601029 11.639857 -0.074375 0.242919 -0.093552 0.962656
1520616875.513592005 29.592657 0.604165 11.683511 -0.070924 0.229541 -0.084930 0.966989
1520616875.563593149 29.613109 0.611222 11.727556 -0.068265 0.217136 -0.075672 0.970807
1520616875.613595247 29.635643 0.625334 11.775197 -0.064866 0.207959 -0.066183 0.973738
1520616875.662979841 29.659490 0.644675 11.822274 -0.062044 0.202620 -0.062077 0.975316
1520616875.712980747 29.683770 0.657734 11.869913 -0.059907 0.200552 -0.061760 0.975897
1520616875.762982607 29.705886 0.668145 11.918096 -0.057456 0.199034 -0.058982 0.976527
1520616875.812983751 29.729135 0.676916 11.971764 -0.056029 0.200357 -0.056341 0.976495
1520616875.862985611 29.750870 0.679719 12.024353 -0.056703 0.203238 -0.048489 0.976283
1520616875.912986517 29.773576 0.680734 12.074847 -0.059379 0.207556 -0.044910 0.975386
1520616875.962988853 29.794941 0.681469 12.129929 -0.060724 0.211845 -0.041272 0.974541
1520616876.012990713 29.814409 0.678429 12.182548 -0.060168 0.214419 -0.037611 0.974161
1520616876.062645674 29.836462 0.681107 12.236815 -0.056339 0.220752 -0.037980 0.972960
1520616876.112646818 29.861769 0.681585 12.290445 -0.049594 0.233449 -0.036527 0.970416
1520616876.162730694 29.886030 0.683636 12.345785 -0.039289 0.253128 -0.033690 0.966047
1520616876.212649822 29.917307 0.688480 12.400450 -0.027007 0.278640 -0.031606 0.959495
1520616876.262651920 29.950755 0.693150 12.455847 -0.013952 0.307366 -0.029636 0.951028
1520616876.312653780 29.989739 0.698581 12.508819 -0.001159 0.338686 -0.029113 0.940448
1520616876.362654686 30.029233 0.703281 12.559904 0.009639 0.371385 -0.031867 0.927882
1520616876.412656784 30.073596 0.705585 12.608816 0.016718 0.407269 -0.033842 0.912528
1520616876.462657690 30.119801 0.705053 12.653010 0.020681 0.443228 -0.033271 0.895552
1520616876.512599468 30.167923 0.703990 12.690227 0.021448 0.479484 -0.033102 0.876664
1520616876.562600374 30.219618 0.700992 12.721499 0.018458 0.515256 -0.033013 0.856201
1520616876.612602472 30.275190 0.699815 12.746845 0.013684 0.549660 -0.030793 0.834709
1520616876.662604570 30.332612 0.701068 12.767962 0.010181 0.582921 -0.023885 0.812114
1520616876.712605476 30.391945 0.704263 12.785876 0.009034 0.612761 -0.017897 0.790014
1520616876.762607336 30.453273 0.706777 12.799882 0.011039 0.638904 -0.014778 0.769065
1520616876.812608480 30.514877 0.707766 12.810122 0.015558 0.662397 -0.018393 0.748766
1520616876.862610340 30.577086 0.707731 12.818468 0.021169 0.681251 -0.028468 0.731190
1520616876.912892342 30.639753 0.708804 12.829079 0.026338 0.697977 -0.041330 0.714441
1520616876.962894440 30.700006 0.707453 12.832430 0.030275 0.713334 -0.051324 0.698286
1520616877.012895346 30.759699 0.702192 12.832963 0.030087 0.729110 -0.062614 0.680862
1520616877.062897444 30.817252 0.694100 12.829519 0.029812 0.740412 -0.073482 0.667459
1520616877.112899303 30.876171 0.682301 12.825256 0.030076 0.748326 -0.084642 0.657220
1520616877.162901163 30.932788 0.670360 12.819194 0.032189 0.754672 -0.095476 0.648320
1520616877.212902308 30.990172 0.661488 12.811090 0.036010 0.758459 -0.107711 0.641749
1520616877.262904406 31.047104 0.653614 12.805251 0.038705 0.759929 -0.122014 0.637277
1520616877.312801123 31.104715 0.648813 12.798053 0.038713 0.759318 -0.137153 0.634922
1520616877.362802982 31.163906 0.642212 12.789954 0.036984 0.756059 -0.150552 0.635878
1520616877.412805080 31.222312 0.635358 12.780325 0.034061 0.751118 -0.161769 0.639134
1520616877.462805986 31.283110 0.625227 12.779257 0.027331 0.747469 -0.172252 0.640994
1520616877.512806892 31.340171 0.616732 12.775536 0.021700 0.741319 -0.179162 0.646433
1520616877.562808990 31.392566 0.605301 12.765758 0.016881 0.733453 -0.182419 0.654587
1520616877.612811089 31.443669 0.594356 12.756244 0.010369 0.724302 -0.185122 0.664085
1520616877.662811995 31.492991 0.583384 12.746149 0.004595 0.714843 -0.185458 0.674228
1520616877.712680101 31.538341 0.571046 12.739318 0.002869 0.703415 -0.179370 0.687768
1520616877.762681246 31.587196 0.564347 12.738262 0.004261 0.689251 -0.170695 0.704115
1520616877.812769175 31.636540 0.560086 12.736549 0.010279 0.671268 -0.162777 0.723047
1520616877.862684250 31.687199 0.559270 12.734197 0.016667 0.652121 -0.160252 0.740797
1520616877.912686348 31.723215 0.524494 12.741613 0.014806 0.634112 -0.158441 0.756690
1520616877.962687254 31.755980 0.490791 12.756190 0.010314 0.616320 -0.158349 0.771342
1520616878.012689114 31.790179 0.478772 12.771602 0.004617 0.599339 -0.161027 0.784119
1520616878.062690258 31.834805 0.474591 12.779047 -0.001824 0.581369 -0.160606 0.797629
1520616878.112839699 31.882375 0.473912 12.787889 -0.009901 0.563277 -0.158070 0.810947
1520616878.162840843 31.926780 0.471334 12.803548 -0.017460 0.543937 -0.155908 0.824331
1520616878.212842703 31.966642 0.466745 12.818432 -0.021838 0.518645 -0.152457 0.841004
1520616878.262844563 32.002775 0.462599 12.837022 -0.023725 0.489105 -0.149141 0.859052
1520616878.312845707 32.043148 0.467767 12.859056 -0.024034 0.456969 -0.151442 0.876166
1520616878.362847805 32.078548 0.472149 12.885160 -0.022920 0.423995 -0.154480 0.892098
1520616878.412848711 32.110085 0.477896 12.911886 -0.023836 0.389088 -0.160322 0.906829
1520616878.462850809 32.137176 0.486213 12.938538 -0.027063 0.351073 -0.167606 0.920828
1520616878.512989521 32.158941 0.497343 12.967111 -0.031181 0.309143 -0.174692 0.934313
1520616878.562991381 32.171360 0.504928 12.995679 -0.034318 0.264097 -0.180423 0.946849
1520616878.612992525 32.181426 0.512531 13.025235 -0.032966 0.216900 -0.180190 0.958853
1520616878.662994385 32.183146 0.517376 13.055314 -0.029551 0.167202 -0.176219 0.969596
1520616878.712996244 32.179023 0.521643 13.082686 -0.025163 0.117363 -0.167169 0.978595
1520616878.762998581 32.168977 0.522713 13.107237 -0.020726 0.068691 -0.155764 0.985185
1520616878.812999487 32.152263 0.523784 13.126043 -0.018683 0.015037 -0.145453 0.989074
1520616878.863001347 32.129685 0.526659 13.138610 -0.019261 -0.043954 -0.134957 0.989689
1520616878.913002491 32.103269 0.531502 13.145659 -0.019235 -0.105627 -0.123918 0.986467
1520616878.962867737 32.071840 0.538612 13.146929 -0.016993 -0.168009 -0.111380 0.979326
1520616879.012868881 32.038250 0.544063 13.140261 -0.013814 -0.229723 -0.096710 0.968341
1520616879.062870741 32.003925 0.548806 13.126594 -0.012956 -0.288729 -0.080592 0.953925
1520616879.112871885 31.970423 0.552672 13.107698 -0.014038 -0.340786 -0.066926 0.937651
1520616879.162873745 31.938368 0.555508 13.086219 -0.017377 -0.386523 -0.051787 0.920661
1520616879.212875843 31.905294 0.558595 13.062070 -0.024151 -0.426799 -0.034787 0.903355
1520616879.262876987 31.871457 0.560050 13.034096 -0.034865 -0.463671 -0.018117 0.885136
1520616879.312878847 31.835454 0.563628 13.005391 -0.046336 -0.495983 -0.003514 0.867088
1520616879.362925291 31.798546 0.566704 12.974622 -0.060191 -0.524430 0.009267 0.849273
1520616879.412927151 31.759066 0.573055 12.943764 -0.075860 -0.548622 0.022029 0.832331
1520616879.463019371 31.720095 0.581477 12.915733 -0.090903 -0.566325 0.030026 0.818603
1520616879.512930393 31.679990 0.587969 12.889360 -0.103837 -0.576710 0.032160 0.809685
1520616879.562931299 31.636191 0.597701 12.865912 -0.114532 -0.582804 0.035095 0.803736
1520616879.612933397 31.590440 0.604134 12.844369 -0.123106 -0.585663 0.040512 0.800127
1520616879.662934303 31.543846 0.605616 12.826801 -0.129582 -0.585232 0.049060 0.798940
1520616879.712936163 31.498342 0.603308 12.811730 -0.134118 -0.584813 0.060679 0.797699
1520616879.762993097 31.451139 0.597329 12.801440 -0.134808 -0.582829 0.073142 0.797990
1520616879.812995434 31.404100 0.592721 12.795050 -0.130722 -0.578366 0.084296 0.800811
1520616879.862997293 31.354194 0.588891 12.792356 -0.125264 -0.571625 0.091584 0.805709
1520616879.912998199 31.304465 0.590436 12.789218 -0.123110 -0.564780 0.094852 0.810476
1520616879.963000298 31.253698 0.595764 12.786837 -0.127334 -0.560857 0.098844 0.812068
1520616880.013001204 31.203839 0.604368 12.788606 -0.132297 -0.557248 0.102089 0.813358
1520616880.063003063 31.151921 0.615302 12.793681 -0.134073 -0.553582 0.104707 0.815235
1520616880.113005400 31.098754 0.627170 12.801634 -0.133995 -0.549285 0.108272 0.817685
1520616880.162970781 31.044246 0.636420 12.811451 -0.131229 -0.543551 0.110494 0.821658
1520616880.212971687 30.988137 0.642938 12.826110 -0.129431 -0.538197 0.115248 0.824809
1520616880.262974024 30.931960 0.643513 12.839975 -0.131242 -0.532186 0.119577 0.827801
1520616880.312975883 30.875922 0.642585 12.855430 -0.131778 -0.525167 0.119257 0.832233
1520616880.362976789 30.822783 0.641015 12.871985 -0.129862 -0.516657 0.113489 0.838643
1520616880.412978888 30.773627 0.641446 12.889101 -0.127677 -0.508301 0.108337 0.844744
1520616880.462980747 30.721216 0.643753 12.903927 -0.125027 -0.499920 0.105326 0.850502
1520616880.512981653 30.664562 0.648206 12.916764 -0.120338 -0.490805 0.103672 0.856669
1520616880.563005924 30.609427 0.658424 12.930621 -0.114771 -0.482831 0.104584 0.861837
1520616880.613008022 30.553616 0.669361 12.945571 -0.109485 -0.474106 0.106234 0.867151
1520616880.663008928 30.496974 0.681187 12.960388 -0.103709 -0.463920 0.108148 0.873113
1520616880.713009834 30.438999 0.689642 12.975290 -0.097561 -0.453478 0.109113 0.879167
1520616880.763012171 30.386589 0.700233 12.991604 -0.092405 -0.443385 0.107682 0.885029
1520616880.813013077 30.335412 0.710129 13.009489 -0.093106 -0.433195 0.104376 0.890381
1520616880.863015175 30.285814 0.714961 13.028841 -0.098001 -0.423848 0.097820 0.895086
1520616880.913016081 30.239728 0.718160 13.050569 -0.104203 -0.411618 0.093109 0.900579
1520616880.963162899 30.201013 0.721803 13.075923 -0.107915 -0.394470 0.086397 0.908451
1520616881.013163805 30.157840 0.724143 13.099775 -0.110405 -0.375299 0.085174 0.916355
1520616881.063165903 30.118187 0.730412 13.129305 -0.111089 -0.355174 0.087649 0.924028
1520616881.113262892 30.079386 0.740441 13.162672 -0.109129 -0.334981 0.091068 0.931442
1520616881.163168669 30.042665 0.750768 13.195203 -0.107595 -0.315549 0.094834 0.938008
1520616881.213171005 30.006845 0.763086 13.229558 -0.105237 -0.297077 0.099326 0.943825
1520616881.263171911 29.973296 0.772710 13.263414 -0.102411 -0.281636 0.107004 0.948021
1520616881.313174009 29.941527 0.780864 13.298909 -0.097726 -0.266884 0.113161 0.952059
1520616881.363174915 29.912614 0.787702 13.337080 -0.093657 -0.249909 0.116801 0.956625
1520616881.413449764 29.893998 0.797576 13.379349 -0.090155 -0.231052 0.116801 0.961688
1520616881.463451624 29.872412 0.803743 13.418995 -0.089208 -0.209012 0.120613 0.966338
1520616881.513452768 29.853335 0.806836 13.460560 -0.085092 -0.185869 0.122170 0.971230
1520616881.563454628 29.839194 0.809873 13.504942 -0.077577 -0.155550 0.118654 0.977603
1520616881.613455534 29.828722 0.813981 13.548406 -0.067783 -0.123417 0.114957 0.983341
1520616881.663457870 29.822039 0.822030 13.592791 -0.058283 -0.090235 0.109105 0.988209
1520616881.713458776 29.818673 0.831711 13.636439 -0.051164 -0.055305 0.102551 0.991870
1520616881.763460636 29.819925 0.842247 13.681259 -0.043781 -0.016644 0.096868 0.994195
1520616881.813375235 29.825494 0.850678 13.724078 -0.033359 0.026059 0.093575 0.994712
1520616881.863377094 29.837793 0.858643 13.767272 -0.017654 0.073493 0.090679 0.993008
1520616881.913378954 29.857671 0.864337 13.806161 0.001720 0.125102 0.085750 0.988430
1520616881.963380337 29.880274 0.865345 13.840672 0.021112 0.178531 0.080700 0.980392
1520616882.013382196 29.910071 0.866289 13.869531 0.036448 0.234064 0.072914 0.968798
1520616882.063384056 29.945644 0.866276 13.892302 0.044773 0.294591 0.062684 0.952514
1520616882.113385201 29.986059 0.866343 13.909152 0.047659 0.355476 0.053084 0.931959
1520616882.163387060 30.029542 0.866579 13.918625 0.048225 0.414180 0.044212 0.907840
1520616882.213105679 30.075444 0.864201 13.918927 0.049565 0.467251 0.040629 0.881799
1520616882.263106823 30.123588 0.863105 13.914140 0.052046 0.522205 0.036574 0.850444
1520616882.313107729 30.171682 0.860849 13.904550 0.059243 0.571914 0.033472 0.817486
1520616882.363109827 30.221276 0.857246 13.887725 0.069478 0.615127 0.026590 0.784910
1520616882.413110733 30.269666 0.852112 13.865919 0.079248 0.655779 0.015298 0.750626
1520616882.463112593 30.318907 0.846921 13.839470 0.089698 0.694343 0.002370 0.714029
1520616882.513114929 30.365968 0.838331 13.808010 0.102548 0.730477 -0.006939 0.675158
1520616882.563115835 30.410980 0.828386 13.771986 0.118596 0.763719 -0.012830 0.634432
1520616882.613003016 30.455256 0.819536 13.732709 0.136085 0.794015 -0.019328 0.592156
1520616882.663003922 30.492262 0.807939 13.686331 0.149139 0.822664 -0.029418 0.547829
1520616882.713006020 30.527965 0.794895 13.637064 0.159604 0.849342 -0.039682 0.501568
1520616882.763103008 30.557161 0.783107 13.581340 0.169416 0.871682 -0.046732 0.457477
1520616882.813009262 30.585055 0.771769 13.524310 0.177345 0.891409 -0.050605 0.413977
1520616882.863009930 30.609737 0.760947 13.464854 0.183553 0.908071 -0.054210 0.372528
1520616882.913012028 30.628547 0.750235 13.403372 0.189987 0.921589 -0.059763 0.333178
1520616882.963013172 30.645040 0.739066 13.341166 0.197138 0.934038 -0.068497 0.289860
1520616883.012995481 30.654345 0.726189 13.276409 0.207692 0.944274 -0.078641 0.242952
1520616883.062997580 30.658922 0.712152 13.212079 0.222981 0.951407 -0.091089 0.191850
1520616883.112998724 30.656256 0.697473 13.145596 0.234467 0.956579 -0.107767 0.135529
1520616883.163000584 30.646668 0.681452 13.082139 0.246937 0.957783 -0.121492 0.083146
1520616883.213001490 30.629294 0.667304 13.022120 0.258444 0.956804 -0.128758 0.033963
1520616883.263003588 30.606920 0.654866 12.962115 0.263623 0.955473 -0.131456 -0.017143
1520616883.313004494 30.579292 0.648683 12.904743 0.264416 0.952982 -0.131050 -0.068811
1520616883.363006353 30.549502 0.644090 12.850519 0.267505 0.947350 -0.130346 -0.118232
1520616883.413008690 30.513739 0.641378 12.796022 0.269721 0.939376 -0.131514 -0.165914
1520616883.463502645 30.513739 0.641378 12.796022 0.269721 0.939376 -0.131514 -0.165914
1520616883.513504505 30.476677 0.641850 12.743498 0.264147 0.932353 -0.136568 -0.205656
1520616883.563505411 30.438149 0.639818 12.695365 0.253705 0.927386 -0.138354 -0.237585
1520616883.613507509 30.401978 0.636093 12.648034 0.245404 0.924108 -0.139843 -0.257383
1520616883.663509607 30.364586 0.632335 12.601878 0.228874 0.923562 -0.140449 -0.273724
1520616883.713511467 30.325560 0.626860 12.557167 0.212780 0.923141 -0.141377 -0.287312
1520616883.763511658 30.284854 0.620088 12.516331 0.196715 0.923229 -0.144374 -0.296828
1520616883.813514471 30.249126 0.616059 12.473298 0.177664 0.923450 -0.148275 -0.306088
1520616883.865299225 30.249126 0.616059 12.473298 0.177664 0.923450 -0.148275 -0.306088
1520616883.915301085 30.220230 0.630052 12.426796 0.153954 0.926258 -0.157053 -0.306070
1520616883.965302229 30.185613 0.639544 12.381687 0.133039 0.930251 -0.161965 -0.301165
1520616884.015304089 30.148095 0.640173 12.340656 0.116442 0.934740 -0.159452 -0.295428
1520616884.065305233 30.114775 0.637384 12.294066 0.101332 0.940392 -0.152705 -0.286491
1520616884.115307331 30.084164 0.632759 12.245332 0.085616 0.947036 -0.144137 -0.273893
1520616884.165308237 30.053754 0.629496 12.196827 0.067780 0.953167 -0.135383 -0.261822
1520616884.215310335 30.022752 0.623339 12.150832 0.054527 0.957977 -0.129007 -0.250329
1520616884.266736984 30.022752 0.623339 12.150832 0.054527 0.957977 -0.129007 -0.250329
1520616884.316738844 29.992075 0.615457 12.108737 0.039488 0.962141 -0.126102 -0.238379
1520616884.366740942 29.960980 0.604657 12.066687 0.030593 0.965281 -0.125718 -0.226918
1520616884.416838884 29.934128 0.592789 12.020955 0.029268 0.967597 -0.126362 -0.216638
1520616884.466742754 29.908329 0.582471 11.976418 0.025383 0.970302 -0.127034 -0.204285
1520616884.516744852 29.890045 0.580623 11.922685 0.022591 0.972157 -0.133343 -0.191363
1520616884.566745758 29.870996 0.572679 11.871829 0.016987 0.974602 -0.140798 -0.173317
1520616884.616748095 29.855700 0.565149 11.819578 0.005970 0.976467 -0.150008 -0.154836
1520616884.668346167 29.842669 0.564099 11.765362 -0.006856 0.978168 -0.160773 -0.131501
1520616884.718347073 29.842376 0.555003 11.708268 -0.019539 0.979859 -0.167331 -0.107218
1520616884.768349171 29.841745 0.539766 11.656313 -0.031672 0.981959 -0.169324 -0.077993
1520616884.818350077 29.844821 0.526735 11.603321 -0.046569 0.983344 -0.169326 -0.046840
1520616884.868351936 29.849087 0.511919 11.547917 -0.059428 0.983710 -0.169172 -0.012760
1520616884.918353081 29.854013 0.489419 11.499907 -0.068509 0.983161 -0.166946 0.028800
1520616884.968355179 29.867453 0.474175 11.449156 -0.079126 0.979842 -0.169226 0.070793
1520616885.018356323 29.892526 0.457797 11.405703 -0.089871 0.975079 -0.171409 0.108455
1520616885.069706202 29.916609 0.449389 11.353173 -0.102522 0.967489 -0.177012 0.148733
1520616885.119708061 29.953277 0.450718 11.307428 -0.108282 0.959716 -0.183807 0.182853
1520616885.169709206 29.990920 0.442422 11.261023 -0.113459 0.952040 -0.192364 0.209148
1520616885.219711304 30.029639 0.429271 11.212640 -0.115832 0.944777 -0.200915 0.231542
1520616885.269712210 30.073225 0.414557 11.170109 -0.110259 0.938319 -0.206152 0.254759
1520616885.319714308 30.119655 0.395197 11.129995 -0.103875 0.931551 -0.211790 0.276710
1520616885.369716167 30.168085 0.372535 11.093872 -0.097603 0.924062 -0.219731 0.297154
1520616885.419718027 30.219372 0.346877 11.060022 -0.085088 0.916251 -0.230142 0.316670
1520616885.471258402 30.274755 0.315581 11.029689 -0.065091 0.906995 -0.240775 0.339340
1520616885.521259308 30.327440 0.297463 11.003264 -0.046980 0.895935 -0.253451 0.361740
1520616885.571261406 30.381473 0.279086 10.971408 -0.029283 0.882958 -0.264614 0.386660
1520616885.621263266 30.436630 0.272980 10.947627 -0.014975 0.869200 -0.270539 0.413612
1520616885.671264172 30.499522 0.269598 10.920220 -0.003989 0.856665 -0.269121 0.440094
1520616885.721266508 30.558719 0.263842 10.892015 0.007665 0.844837 -0.263417 0.465621
1520616885.771267414 30.620358 0.255645 10.868735 0.022273 0.832997 -0.256964 0.489478
1520616885.821269274 30.679247 0.242825 10.850381 0.039187 0.820902 -0.247357 0.513225
1520616885.871270418 30.741245 0.229093 10.836241 0.053422 0.810059 -0.236397 0.533916
1520616885.920545101 30.796958 0.210727 10.832480 0.064487 0.799898 -0.224540 0.552799
1520616885.970546007 30.861116 0.192124 10.830078 0.075580 0.788135 -0.210551 0.573411
1520616886.020547867 30.918653 0.177749 10.828170 0.082089 0.776585 -0.198766 0.592174
1520616886.070646763 30.978205 0.167858 10.823997 0.080321 0.768688 -0.189680 0.605548
1520616886.120550871 31.038747 0.164060 10.819705 0.073657 0.760210 -0.178463 0.620328
1520616886.170551777 31.102082 0.163219 10.817108 0.067486 0.750918 -0.165952 0.635631
1520616886.220553875 31.164626 0.161469 10.811451 0.062656 0.742201 -0.157719 0.648334
1520616886.270555973 31.228295 0.156464 10.804004 0.058178 0.737565 -0.155448 0.654560
1520616886.318944216 31.281096 0.143158 10.798708 0.053960 0.736607 -0.155648 0.655952
1520616886.368946075 31.343426 0.125359 10.789105 0.054839 0.737604 -0.153004 0.655380
1520616886.418946981 31.404210 0.100311 10.779495 0.054344 0.738730 -0.153907 0.653939
1520616886.468949318 31.459985 0.074753 10.770226 0.054924 0.742015 -0.154705 0.649972
1520616886.518950224 31.515992 0.049753 10.756301 0.056737 0.747208 -0.153833 0.644047
1520616886.568952084 31.572103 0.027451 10.742117 0.060563 0.752099 -0.153741 0.638000
1520616886.618953228 31.631018 0.008755 10.723268 0.068955 0.755355 -0.155737 0.632796
1520616886.668955088 31.693280 -0.005579 10.703404 0.078260 0.757271 -0.157554 0.628962
1520616886.717357397 31.754266 -0.013189 10.683683 0.081468 0.757491 -0.161044 0.627403
1520616886.767358303 31.818104 -0.019183 10.663911 0.081093 0.757427 -0.159881 0.627827
1520616886.817360163 31.883717 -0.025357 10.643158 0.074828 0.757015 -0.152155 0.631013
1520616886.867361307 31.945078 -0.028782 10.628521 0.059581 0.757352 -0.141599 0.634680
1520616886.917363167 32.006698 -0.035961 10.614733 0.042018 0.756592 -0.125556 0.640342
1520616886.967364073 32.066161 -0.046861 10.603360 0.027125 0.755712 -0.108208 0.645333
1520616887.017367363 32.125234 -0.060438 10.597523 0.021160 0.750676 -0.092701 0.653792
1520616887.067368269 32.183069 -0.075808 10.595395 0.027328 0.741066 -0.074659 0.666708
1520616887.115808010 32.242903 -0.090673 10.593100 0.031443 0.733089 -0.063604 0.676422
1520616887.165809155 32.305771 -0.100142 10.590247 0.036849 0.726575 -0.055103 0.683882
1520616887.215811014 32.371536 -0.106082 10.583866 0.039671 0.722563 -0.050092 0.688345
1520616887.265812874 32.438492 -0.110256 10.578642 0.040393 0.718370 -0.044375 0.693068
1520616887.315814257 32.505488 -0.114236 10.572191 0.042047 0.715845 -0.038930 0.695904
1520616887.365816116 32.574684 -0.121775 10.563938 0.044700 0.719297 -0.038885 0.692172
1520616887.415817261 32.642329 -0.136541 10.554571 0.049671 0.726687 -0.041061 0.683939
1520616887.465818167 32.707946 -0.157463 10.546956 0.056138 0.733964 -0.043404 0.675472
1520616887.514790773 32.772361 -0.182847 10.543460 0.058308 0.739477 -0.047806 0.668946
1520616887.564791918 32.832404 -0.205363 10.533561 0.056022 0.747456 -0.053868 0.659749
1520616887.614793777 32.893038 -0.227593 10.522429 0.053021 0.757897 -0.057854 0.647638
1520616887.664794922 32.955661 -0.246317 10.508554 0.054161 0.766662 -0.057135 0.637206
1520616887.714894772 33.018879 -0.260780 10.495422 0.060689 0.772037 -0.054927 0.630284
1520616887.764797688 33.083162 -0.270832 10.479666 0.067068 0.775606 -0.055704 0.625167
1520616887.814799786 33.148883 -0.277049 10.465950 0.072178 0.777270 -0.056700 0.622436
1520616887.864801884 33.215521 -0.278368 10.453770 0.076097 0.775247 -0.057524 0.624414
1520616887.914802790 33.281125 -0.284399 10.443731 0.078915 0.770626 -0.057717 0.629744
1520616887.964260578 33.344554 -0.294387 10.433525 0.077683 0.765287 -0.058903 0.636264
1520616888.014261723 33.403814 -0.308637 10.428238 0.071787 0.760610 -0.059833 0.642448
1520616888.064263582 33.459761 -0.326618 10.424627 0.067246 0.753792 -0.055366 0.651315
1520616888.114264488 33.517308 -0.343434 10.422927 0.063789 0.746899 -0.050636 0.659931
1520616888.164266825 33.574061 -0.359828 10.421221 0.059823 0.742577 -0.050231 0.665190
1520616888.214267731 33.630908 -0.372568 10.415658 0.058076 0.740761 -0.052165 0.667218
1520616888.264269829 33.693934 -0.380470 10.406786 0.060388 0.743101 -0.056249 0.664071
1520616888.314271688 33.758222 -0.387783 10.395575 0.065858 0.749883 -0.061293 0.655424
1520616888.364781380 33.826385 -0.391460 10.383750 0.075921 0.758117 -0.065021 0.644412
1520616888.414783239 33.895051 -0.398357 10.370480 0.088349 0.768545 -0.066971 0.630118
1520616888.464784145 33.961476 -0.409498 10.352658 0.098796 0.781927 -0.070148 0.611480
1520616888.514786243 34.023570 -0.426010 10.334833 0.109715 0.793791 -0.071541 0.593919
1520616888.564788342 34.081728 -0.447226 10.319183 0.121192 0.803757 -0.070333 0.578222
1520616888.614789009 34.136423 -0.469128 10.299437 0.132736 0.817135 -0.066675 0.556979
1520616888.664791346 34.190269 -0.491834 10.275004 0.144362 0.833142 -0.060832 0.530408
1520616888.714793205 34.241797 -0.513988 10.249225 0.155268 0.849090 -0.055484 0.501856
1520616888.766263723 34.293034 -0.532825 10.221732 0.169141 0.863070 -0.051217 0.473157
1520616888.816265821 34.343470 -0.546874 10.191001 0.186285 0.874015 -0.048571 0.446134
1520616888.866266727 34.393313 -0.562860 10.155983 0.206779 0.882213 -0.048387 0.420239
1520616888.916268826 34.442922 -0.579457 10.119147 0.229195 0.887559 -0.050166 0.396474
1520616888.966270685 34.490923 -0.597151 10.081976 0.249434 0.890088 -0.055718 0.377388
1520616889.016271591 34.537831 -0.616780 10.045645 0.265592 0.890549 -0.062743 0.363931
1520616889.066272736 34.583049 -0.636716 10.007178 0.274668 0.893347 -0.066839 0.349316
1520616889.116274595 34.623320 -0.659189 9.967566 0.277066 0.899001 -0.068327 0.332211
1520616889.165064812 34.660328 -0.679620 9.931149 0.284282 0.901873 -0.067119 0.318283
1520616889.215065718 34.693773 -0.700145 9.891324 0.289682 0.906096 -0.065452 0.301316
1520616889.265066385 34.724361 -0.717393 9.848374 0.292998 0.911511 -0.063630 0.281517
1520616889.315068722 34.755226 -0.733095 9.802596 0.295281 0.917771 -0.063610 0.257797
1520616889.365166664 34.782849 -0.742531 9.749829 0.295806 0.924905 -0.065379 0.229727
1520616889.415071487 34.807544 -0.751179 9.695619 0.299890 0.930139 -0.066763 0.201120
1520616889.465073586 34.829051 -0.758682 9.640326 0.308056 0.933120 -0.068790 0.172211
1520616889.515074492 34.845156 -0.767379 9.583747 0.317298 0.935055 -0.072230 0.140631
1520616889.563895226 34.857306 -0.782426 9.534726 0.325582 0.935761 -0.078138 0.110648
1520616889.613896132 34.867918 -0.799653 9.488132 0.333134 0.935631 -0.084731 0.080232
1520616889.663898468 34.868904 -0.812592 9.433644 0.333670 0.937167 -0.090631 0.046558
1520616889.713899374 34.863684 -0.824964 9.379241 0.335362 0.937716 -0.090307 0.008087
1520616889.763901234 34.854792 -0.836198 9.326029 0.336468 0.937325 -0.085890 -0.028872
1520616889.813902378 34.842321 -0.842614 9.273531 0.337336 0.935910 -0.079846 -0.062460
1520616889.863904238 34.828067 -0.846511 9.221617 0.337349 0.933856 -0.075245 -0.091912
1520616889.913906097 34.810493 -0.846852 9.168491 0.334770 0.931647 -0.073836 -0.120459
1520616889.963425398 34.792400 -0.846995 9.117518 0.330144 0.929697 -0.076017 -0.144534
1520616890.013427496 34.772248 -0.845842 9.064062 0.324420 0.928056 -0.078835 -0.165069
1520616890.063428402 34.748831 -0.845078 9.013810 0.316861 0.927383 -0.079451 -0.182338
1520616890.113430262 34.721893 -0.844494 8.964019 0.308899 0.927485 -0.078460 -0.195440
1520616890.163431406 34.692851 -0.847143 8.916382 0.299285 0.928142 -0.075921 -0.207888
1520616890.213433266 34.658469 -0.849926 8.871237 0.280808 0.930368 -0.072501 -0.224289
1520616890.263435364 34.624024 -0.856151 8.829341 0.263460 0.931753 -0.073922 -0.238665
1520616890.313436508 34.588312 -0.863880 8.789401 0.244443 0.932958 -0.081366 -0.251429
1520616890.363438368 34.550195 -0.872596 8.751108 0.221680 0.934351 -0.093051 -0.263037
1520616890.413210154 34.514161 -0.880216 8.713813 0.196191 0.935803 -0.104711 -0.273529
1520616890.463211060 34.478951 -0.887421 8.674708 0.171684 0.937675 -0.113602 -0.279973
1520616890.513212204 34.446235 -0.896156 8.634827 0.154107 0.940454 -0.123453 -0.276687
1520616890.563214064 34.417428 -0.904940 8.592528 0.134738 0.943941 -0.133207 -0.270326
1520616890.613214970 34.390561 -0.915371 8.548863 0.109687 0.948047 -0.139792 -0.263882
1520616890.663217068 34.364499 -0.927664 8.501207 0.082024 0.952833 -0.144698 -0.253857
1520616890.713219166 34.341954 -0.941541 8.452305 0.054905 0.958431 -0.149318 -0.236854
1520616890.763220072 34.321555 -0.957634 8.405188 0.029660 0.964446 -0.150813 -0.214989
1520616890.812941313 34.307167 -0.977918 8.356915 0.007020 0.970183 -0.149481 -0.190660
1520616890.862942219 34.295218 -0.997816 8.309407 -0.010170 0.975220 -0.147003 -0.165023
1520616890.912944078 34.288682 -1.016961 8.261346 -0.019597 0.979696 -0.142775 -0.139381
1520616890.962945223 34.287845 -1.033919 8.212688 -0.024905 0.983972 -0.137296 -0.111039
1520616891.013042212 34.290276 -1.046567 8.160517 -0.028989 0.987760 -0.130841 -0.079817
1520616891.062949181 34.293873 -1.056848 8.106468 -0.030371 0.990535 -0.124358 -0.049520
1520616891.112950325 34.298951 -1.066146 8.050973 -0.030119 0.991796 -0.122082 -0.023006
1520616891.162952185 34.308072 -1.077420 7.993541 -0.026321 0.991534 -0.127115 0.002906
1520616891.213149786 34.319051 -1.089826 7.936229 -0.020915 0.989830 -0.137238 0.031054
1520616891.263151884 34.329093 -1.101627 7.883065 -0.012331 0.986776 -0.149788 0.060696
1520616891.313152790 34.347477 -1.123449 7.832552 0.003358 0.982788 -0.159520 0.093118
1520616891.363154650 34.372118 -1.143445 7.784727 0.022081 0.978172 -0.166775 0.121976
1520616891.413156748 34.390674 -1.162427 7.737187 0.040290 0.973423 -0.170730 0.147229
1520616891.463157654 34.411442 -1.182606 7.692427 0.059125 0.968527 -0.171546 0.170387
1520616891.513159752 34.436937 -1.199866 7.644720 0.073614 0.963940 -0.171927 0.189320
1520616891.563160896 34.461756 -1.214628 7.594783 0.088319 0.959496 -0.173116 0.203957
1520616891.613391161 34.491222 -1.233245 7.541780 0.108757 0.954303 -0.174178 0.217116
1520616891.663392305 34.519428 -1.242267 7.485909 0.128874 0.948371 -0.178271 0.228482
1520616891.713394165 34.543024 -1.256050 7.429703 0.150003 0.942743 -0.185097 0.233395
1520616891.763395071 34.559936 -1.265889 7.370724 0.170952 0.938003 -0.193794 0.231019
1520616891.813397169 34.574640 -1.283937 7.311840 0.190128 0.934783 -0.202269 0.221630
1520616891.863399267 34.593469 -1.313959 7.257840 0.208616 0.932699 -0.209846 0.206195
1520616891.913400173 34.607210 -1.340656 7.202730 0.228065 0.930349 -0.217427 0.187519
1520616891.963402271 34.615860 -1.369697 7.150597 0.245370 0.928885 -0.222370 0.165886
1520616892.013287067 34.621904 -1.392578 7.096180 0.257913 0.929355 -0.224694 0.138899
1520616892.063287973 34.627098 -1.415203 7.041187 0.266997 0.929867 -0.226101 0.113745
1520616892.113290310 34.632451 -1.435021 6.985564 0.278197 0.928677 -0.226402 0.094379
1520616892.163292170 34.637439 -1.449651 6.928864 0.288033 0.927688 -0.223854 0.079504
1520616892.213293076 34.642452 -1.462074 6.869918 0.292970 0.928426 -0.218862 0.065522
1520616892.263295174 34.645827 -1.475404 6.811660 0.295425 0.929418 -0.214592 0.053437
1520616892.313296080 34.647294 -1.491665 6.755111 0.293579 0.930411 -0.215554 0.041019
1520616892.363296986 34.641874 -1.512417 6.698223 0.289470 0.931631 -0.218676 0.021232
1520616892.413119316 34.634876 -1.535066 6.640749 0.284162 0.932801 -0.221617 -0.004574
1520616892.463120461 34.625220 -1.559045 6.587808 0.279455 0.932602 -0.226420 -0.029891
1520616892.513122320 34.613754 -1.581168 6.535062 0.277285 0.931233 -0.230134 -0.054378
1520616892.563123226 34.600710 -1.599885 6.483646 0.272221 0.931087 -0.229196 -0.080265
1520616892.613125324 34.587667 -1.615543 6.430969 0.267444 0.931003 -0.223367 -0.108696
1520616892.663224220 34.572288 -1.626780 6.377173 0.263938 0.929752 -0.216280 -0.138276
1520616892.713128090 34.553693 -1.635562 6.321923 0.259050 0.926956 -0.210147 -0.171710
1520616892.763130426 34.533837 -1.642809 6.268114 0.254380 0.922153 -0.205746 -0.206382
1520616892.813131332 34.511919 -1.649021 6.215116 0.248390 0.915299 -0.202158 -0.244257
1520616892.862972736 34.486523 -1.653642 6.164526 0.242125 0.905818 -0.198723 -0.285270
1520616892.912973642 34.458514 -1.658467 6.120171 0.237673 0.893934 -0.196655 -0.325147
1520616892.962975502 34.427974 -1.664488 6.080354 0.234373 0.879819 -0.193572 -0.365399
1520616893.012977600 34.396607 -1.672867 6.045711 0.231697 0.863244 -0.187853 -0.407231
1520616893.062978506 34.363470 -1.682130 6.016556 0.230800 0.843975 -0.180116 -0.449440
1520616893.112980366 34.327359 -1.685248 5.991976 0.228610 0.821132 -0.167560 -0.495382
1520616893.162981749 34.289311 -1.687926 5.974320 0.224426 0.794021 -0.152115 -0.544082
1520616893.212983608 34.250288 -1.687768 5.961250 0.223048 0.762969 -0.142953 -0.589654
1520616893.263007402 34.210372 -1.686552 5.952343 0.222779 0.730496 -0.142337 -0.629671
1520616893.313009501 34.169900 -1.684605 5.947782 0.219901 0.695994 -0.146204 -0.667727
1520616893.363010645 34.129706 -1.679901 5.948295 -0.215035 -0.658527 0.150983 0.705199
1520616893.413012505 34.091632 -1.672452 5.953536 -0.212265 -0.622824 0.155475 0.736791
1520616893.463014364 34.055618 -1.663018 5.960537 -0.212714 -0.589849 0.156817 0.763046
1520616893.513015509 34.022192 -1.650550 5.972903 -0.217635 -0.555910 0.151096 0.787889
1520616893.563017368 33.992353 -1.636033 5.990485 -0.224603 -0.519838 0.142185 0.811853
1520616893.613019466 33.965547 -1.623431 6.010883 -0.229008 -0.484579 0.136697 0.833098
1520616893.663285017 33.942310 -1.605763 6.036895 -0.224924 -0.447691 0.129704 0.855663
1520616893.713286877 33.922651 -1.588987 6.066949 -0.218190 -0.406223 0.117575 0.879518
1520616893.763288736 33.906649 -1.569642 6.101880 -0.213855 -0.361855 0.105426 0.901228
1520616893.813289881 33.893243 -1.549554 6.139555 -0.209927 -0.315993 0.094634 0.920393
1520616893.863291979 33.884554 -1.531048 6.180120 -0.203621 -0.270093 0.083242 0.937368
1520616893.913293123 33.879842 -1.512878 6.222972 -0.195548 -0.223043 0.071887 0.952284
1520616893.963294029 33.880453 -1.496006 6.267509 -0.185636 -0.174651 0.060613 0.965071
1520616894.013295889 33.885171 -1.482943 6.311291 -0.172945 -0.127677 0.051604 0.975257
1520616894.063311100 33.893165 -1.471607 6.355363 -0.155849 -0.085906 0.042973 0.983099
1520616894.113312244 33.905106 -1.458711 6.397943 -0.136702 -0.046094 0.027128 0.989167
1520616894.163314104 33.920011 -1.444542 6.438192 -0.122831 -0.010736 0.012566 0.992290
1520616894.213315010 33.937757 -1.430918 6.476377 -0.116936 0.017171 0.004112 0.992983
1520616894.263317347 33.958149 -1.415916 6.513983 -0.114782 0.042582 -0.004580 0.992467
1520616894.313416243 33.982311 -1.399914 6.552110 -0.113301 0.066422 -0.013112 0.991251
1520616894.363320112 34.008587 -1.383429 6.589677 -0.111821 0.088383 -0.019370 0.989601
1520616894.413321257 34.038117 -1.367137 6.628046 -0.110262 0.108651 -0.024142 0.987651
1520616894.463086843 34.076447 -1.347992 6.666852 -0.108651 0.127131 -0.031786 0.985405
1520616894.513087749 34.113721 -1.329474 6.704627 -0.109330 0.144080 -0.045045 0.982476
1520616894.563089848 34.150070 -1.313269 6.741721 -0.113579 0.153698 -0.061707 0.979627
1520616894.613090754 34.181785 -1.298470 6.780651 -0.118997 0.151659 -0.081333 0.977867
1520616894.663092852 34.210460 -1.291212 6.822689 -0.123549 0.138642 -0.106287 0.976840
1520616894.713094950 34.239631 -1.285430 6.862529 -0.120995 0.123844 -0.137453 0.975259
1520616894.763095856 34.265809 -1.285227 6.905019 -0.113980 0.108018 -0.165638 0.973604
1520616894.813097715 34.283923 -1.282660 6.947059 -0.105998 0.091466 -0.184462 0.972817
1520616894.863098860 34.299893 -1.278735 6.990080 -0.097336 0.072215 -0.196369 0.973011
1520616894.913094759 34.315478 -1.273649 7.034988 -0.091560 0.053744 -0.210867 0.971732
1520616894.963095903 34.329297 -1.263365 7.079392 -0.091169 0.036893 -0.224645 0.969465
1520616895.013097763 34.338289 -1.248803 7.124340 -0.096118 0.018927 -0.236794 0.966608
1520616895.063099623 34.343823 -1.232945 7.170470 -0.104941 0.000510 -0.245446 0.963713
1520616895.113100767 34.345944 -1.215644 7.217837 -0.115288 -0.017653 -0.250793 0.960989
1520616895.163102627 34.345525 -1.199435 7.266972 -0.126301 -0.035029 -0.253665 0.958371
1520616895.213103771 34.341165 -1.183210 7.314562 -0.139981 -0.050765 -0.254821 0.955455
1520616895.263105869 34.332250 -1.168301 7.360401 -0.157527 -0.065618 -0.246225 0.954072
1520616895.313102961 34.321301 -1.153723 7.404901 -0.174748 -0.078680 -0.234019 0.953157
1520616895.363103628 34.308596 -1.139352 7.449486 -0.190732 -0.090152 -0.216346 0.953251
1520616895.413105965 34.293731 -1.123641 7.494603 -0.202747 -0.096903 -0.195324 0.954647
1520616895.463106871 34.278946 -1.107248 7.540963 -0.211791 -0.102060 -0.171115 0.956790
1520616895.513108730 34.263112 -1.087179 7.587367 -0.219420 -0.106061 -0.144557 0.959015
1520616895.563109875 34.249486 -1.065500 7.634287 -0.226181 -0.108533 -0.119030 0.960674
1520616895.613111734 34.237024 -1.046148 7.684515 -0.232150 -0.106490 -0.093538 0.962298
1520616895.663112879 34.227206 -1.025523 7.737305 -0.232609 -0.100817 -0.069972 0.964797
1520616895.713941097 34.227206 -1.025523 7.737305 -0.232609 -0.100817 -0.069972 0.964797
1520616895.763942957 34.217117 -1.012998 7.797469 -0.219975 -0.094479 -0.045144 0.969869
1520616895.813944101 34.208841 -1.003904 7.858998 -0.206576 -0.087550 -0.019232 0.974316
1520616895.863945961 34.205161 -0.996982 7.918540 -0.197907 -0.076499 0.001414 0.977230
1520616895.913946867 34.204069 -0.991509 7.979977 -0.191361 -0.060180 0.019624 0.979476
1520616895.964045048 34.202922 -0.987253 8.041881 -0.186263 -0.042830 0.044786 0.980544
1520616896.013949871 34.206007 -0.981878 8.104447 -0.179779 -0.020665 0.066134 0.981264
1520616896.063951969 34.212550 -0.973115 8.167765 -0.171949 0.005064 0.084210 0.981487
1520616896.114513636 34.224203 -0.956831 8.229890 -0.162099 0.032278 0.099912 0.981172
1520616896.164515495 34.237771 -0.939288 8.293066 -0.151127 0.060978 0.110333 0.980443
1520616896.214516640 34.254374 -0.920856 8.355552 -0.138162 0.090473 0.113002 0.979774
1520616896.264518738 34.275943 -0.903186 8.418937 -0.123713 0.123509 0.108076 0.978652
1520616896.314520597 34.301654 -0.890140 8.475723 -0.111396 0.154857 0.097545 0.976778
1520616896.364521742 34.327339 -0.876229 8.534786 -0.102458 0.184492 0.080856 0.974129
1520616896.414523602 34.359904 -0.861694 8.586091 -0.098312 0.216267 0.059196 0.969566
1520616896.464524508 34.393034 -0.851395 8.632914 -0.099137 0.247669 0.038113 0.963005
1520616896.515709400 34.407172 -0.923195 8.710024 -0.119972 0.276546 0.015572 0.953355
1520616896.565711498 34.407172 -0.923195 8.710024 -0.119972 0.276546 0.015572 0.953355
1520616896.615712404 34.441120 -0.926057 8.759889 -0.131985 0.289953 -0.011770 0.947823
1520616896.665714502 34.481354 -0.901949 8.792511 -0.137645 0.296192 -0.040180 0.944304
1520616896.715715647 34.521698 -0.881396 8.828950 -0.142342 0.297820 -0.068344 0.941473
1520616896.765717506 34.560753 -0.864910 8.867725 -0.146814 0.298982 -0.096709 0.937925
1520616896.815718412 34.600139 -0.849423 8.908397 -0.151013 0.297802 -0.129861 0.933619
1520616896.865720510 34.635658 -0.838826 8.952603 -0.153040 0.291596 -0.164613 0.929760
1520616896.916612387 34.663983 -0.835353 9.001236 -0.150058 0.278798 -0.188620 0.929611
1520616896.966613293 34.682318 -0.834597 9.054123 -0.142886 0.261384 -0.199018 0.933624
1520616897.016614437 34.694002 -0.837569 9.108715 -0.134428 0.240513 -0.198662 0.940540
1520616897.066616297 34.700337 -0.836559 9.163719 -0.127500 0.218528 -0.185922 0.949433
1520616897.116618156 34.704467 -0.831578 9.218182 -0.122083 0.199728 -0.164114 0.958265
1520616897.166620255 34.710145 -0.821289 9.271823 -0.116171 0.184925 -0.127458 0.967503
1520616897.216621399 34.723516 -0.808193 9.324219 -0.110247 0.180254 -0.100010 0.972292
1520616897.266622305 34.742010 -0.791537 9.375458 -0.104643 0.181775 -0.074564 0.974909
1520616897.316624403 34.761451 -0.774145 9.424684 -0.101659 0.183711 -0.042316 0.976793
1520616897.366303921 34.785718 -0.759261 9.471450 -0.099861 0.190822 -0.005788 0.976515
1520616897.416306019 34.816316 -0.747296 9.515504 -0.096727 0.206854 0.027422 0.973192
1520616897.466308117 34.853023 -0.739553 9.557703 -0.091993 0.228793 0.053649 0.967633
1520616897.516309023 34.896003 -0.732198 9.596607 -0.084573 0.253902 0.071015 0.960905
1520616897.566310883 34.945946 -0.727952 9.631461 -0.077099 0.284219 0.079475 0.952344
1520616897.616409063 35.001066 -0.722463 9.659778 -0.071742 0.320723 0.082112 0.940876
1520616897.666313887 35.059741 -0.714986 9.679614 -0.069776 0.354204 0.082815 0.928877
1520616897.716315031 35.125274 -0.709831 9.691525 -0.071001 0.388330 0.080027 0.915289
1520616897.767572165 35.197487 -0.704074 9.697564 -0.072730 0.421306 0.071075 0.901199
1520616897.817573071 35.270563 -0.700864 9.700514 -0.070813 0.450739 0.059691 0.887838
1520616897.867575407 35.345837 -0.696889 9.699783 -0.065777 0.477614 0.041832 0.875105
1520616897.917577267 35.420484 -0.698118 9.697530 -0.059968 0.500426 0.019246 0.863486
1520616897.967578173 35.492255 -0.707787 9.697668 -0.054980 0.516759 -0.004210 0.854354
1520616898.017580271 35.560121 -0.719444 9.697681 -0.053884 0.525729 -0.032086 0.848337
1520616898.067581177 35.625134 -0.736250 9.698389 -0.057574 0.533308 -0.065419 0.841421
1520616898.117583036 35.684327 -0.758682 9.705127 -0.060127 0.535773 -0.090988 0.837289
1520616898.166028976 35.743252 -0.783608 9.717814 -0.063838 0.534526 -0.111337 0.835351
1520616898.216031075 35.802034 -0.804689 9.730779 -0.067694 0.531068 -0.129945 0.834565
1520616898.266033173 35.860825 -0.819224 9.747068 -0.073948 0.524185 -0.148351 0.835316
1520616898.316034079 35.919206 -0.830771 9.762261 -0.081894 0.516498 -0.166742 0.835895
1520616898.366035938 35.975763 -0.837028 9.781646 -0.089253 0.505775 -0.183065 0.838280
1520616898.416038036 36.032251 -0.843122 9.805337 -0.095137 0.492242 -0.195829 0.842792
1520616898.466038942 36.085736 -0.849485 9.832572 -0.099855 0.478278 -0.207480 0.847485
1520616898.516040087 36.136534 -0.855286 9.863089 -0.104030 0.464524 -0.217050 0.852223
1520616898.564525127 36.189231 -0.862839 9.896913 -0.107954 0.450266 -0.222189 0.858044
1520616898.614526987 36.234156 -0.867667 9.932718 -0.110018 0.439066 -0.219713 0.864201
1520616898.664528847 36.276787 -0.866997 9.972292 -0.109622 0.430962 -0.210840 0.870518
1520616898.714529991 36.317406 -0.864636 10.014498 -0.108755 0.422786 -0.198632 0.877479
1520616898.764530897 36.356790 -0.857955 10.057679 -0.108508 0.412308 -0.184108 0.885625
1520616898.814532757 36.395037 -0.846051 10.103001 -0.107406 0.398466 -0.169311 0.894999
1520616898.864535093 36.430021 -0.829839 10.151177 -0.104541 0.382067 -0.153092 0.905350
1520616898.914535999 36.466239 -0.811937 10.200098 -0.102117 0.363980 -0.137290 0.915556
1520616898.963912010 36.501221 -0.794933 10.247732 -0.100407 0.346552 -0.121753 0.924660
1520616899.013913870 36.534046 -0.780440 10.296753 -0.099711 0.325322 -0.104258 0.934534
1520616899.063915968 36.562048 -0.764223 10.350203 -0.098245 0.300758 -0.085229 0.944790
1520616899.113916874 36.587961 -0.751523 10.403179 -0.097534 0.276418 -0.068315 0.953632
1520616899.163918734 36.608752 -0.743199 10.457130 -0.099698 0.256449 -0.054426 0.959861
1520616899.213921070 36.626324 -0.737625 10.510593 -0.104339 0.236537 -0.042067 0.965088
1520616899.264013767 36.642660 -0.732353 10.564958 -0.108550 0.217905 -0.031258 0.969411
1520616899.313922882 36.658612 -0.722625 10.619557 -0.108541 0.201169 -0.025525 0.973190
1520616899.363557577 36.676194 -0.712498 10.673785 -0.102662 0.184380 -0.024264 0.977178
1520616899.413559914 36.692238 -0.702109 10.728834 -0.092345 0.172241 -0.027233 0.980339
1520616899.463560820 36.708648 -0.690780 10.783047 -0.080845 0.157704 -0.027294 0.983793
1520616899.513562679 36.723280 -0.678638 10.834154 -0.072741 0.140521 -0.028405 0.986993
1520616899.563563824 36.740355 -0.663999 10.886070 -0.069473 0.125700 -0.031318 0.989137
1520616899.613565683 36.760091 -0.648485 10.938527 -0.071149 0.115127 -0.039210 0.990023
1520616899.663566828 36.781351 -0.636074 10.991994 -0.077060 0.109973 -0.051914 0.989582
1520616899.713568687 36.800375 -0.623533 11.043906 -0.085547 0.103414 -0.068890 0.988555
1520616899.763569593 36.819949 -0.615885 11.095935 -0.092630 0.094687 -0.087447 0.987323
1520616899.813286304 36.837795 -0.610126 11.148632 -0.098023 0.085780 -0.102939 0.986122
1520616899.863288403 36.856163 -0.602734 11.200224 -0.099320 0.077534 -0.121135 0.984607
1520616899.913289309 36.872148 -0.591849 11.254136 -0.094301 0.065559 -0.134246 0.984270
1520616899.963291407 36.885256 -0.579217 11.309030 -0.084869 0.049639 -0.140588 0.985174
1520616900.013292313 36.894388 -0.562519 11.364220 -0.075102 0.034143 -0.146744 0.985728
1520616900.063294172 36.902612 -0.544470 11.419855 -0.067999 0.016954 -0.151671 0.985943
1520616900.113295317 36.904947 -0.525836 11.476875 -0.064107 -0.001774 -0.152006 0.986297
1520616900.163297176 36.900639 -0.508922 11.536137 -0.061730 -0.021691 -0.147924 0.986832
1520616900.213426352 36.896014 -0.495824 11.591595 -0.057978 -0.045306 -0.138336 0.987648
1520616900.263428450 36.884022 -0.485567 11.649804 -0.051539 -0.067180 -0.125396 0.988487
1520616900.313429356 36.868104 -0.477509 11.707305 -0.043881 -0.088374 -0.111646 0.988838
1520616900.363430500 36.849571 -0.471713 11.760219 -0.036500 -0.110291 -0.093024 0.988863
1520616900.413432360 36.826244 -0.463991 11.815666 -0.029837 -0.126451 -0.072730 0.988853
1520616900.463434219 36.804438 -0.453194 11.871922 -0.024470 -0.135821 -0.056885 0.988796
1520616900.513435364 36.785548 -0.439712 11.929219 -0.019327 -0.138563 -0.039649 0.989371
1520616900.563436270 36.767865 -0.423131 11.986665 -0.014859 -0.137760 -0.020399 0.990144
1520616900.613787889 36.748789 -0.406640 12.048058 -0.013408 -0.131332 -0.000771 0.991247
1520616900.663789988 36.730752 -0.389589 12.107902 -0.015844 -0.122426 0.014067 0.992251
1520616900.713796139 36.713364 -0.368709 12.168307 -0.021114 -0.113173 0.021855 0.993111
1520616900.763792992 36.703617 -0.347308 12.232108 -0.028575 -0.099136 0.023903 0.994376
1520616900.813795090 36.692666 -0.335829 12.296536 -0.038098 -0.078967 0.022853 0.995887
1520616900.863795996 36.684056 -0.326828 12.360009 -0.049386 -0.055335 0.029278 0.996816
1520616900.913883924 36.680951 -0.316426 12.420305 -0.062449 -0.028984 0.040014 0.996824
1520616900.963799000 36.679074 -0.301604 12.479799 -0.074733 -0.007827 0.050864 0.995875
1520616901.013764858 36.677125 -0.286302 12.540872 -0.086728 0.008493 0.063490 0.994171
1520616901.063766718 36.677888 -0.268044 12.600541 -0.096624 0.022330 0.077215 0.992070
1520616901.113769054 36.677818 -0.248518 12.662642 -0.103932 0.035672 0.092168 0.989662
1520616901.163769960 36.683702 -0.227180 12.725269 -0.107420 0.048436 0.106477 0.987308
1520616901.213771820 36.687941 -0.205103 12.790140 -0.107256 0.062243 0.120064 0.984991
1520616901.263772964 36.695019 -0.185690 12.853799 -0.104789 0.076334 0.130109 0.982987
1520616901.313774824 36.705870 -0.168593 12.918584 -0.100876 0.093766 0.134618 0.981280
1520616901.363775969 36.713673 -0.154075 12.984464 -0.100116 0.118686 0.130054 0.979273
1520616901.413644791 36.729766 -0.141040 13.043533 -0.100392 0.137124 0.122565 0.977802
1520616901.463646650 36.746413 -0.129895 13.101257 -0.101941 0.153702 0.111053 0.976551
1520616901.513647795 36.764998 -0.116290 13.158015 -0.101734 0.164597 0.098458 0.976148
1520616901.563649893 36.786224 -0.104002 13.210204 -0.100301 0.173180 0.082768 0.976267
1520616901.613650799 36.811004 -0.087141 13.264400 -0.096888 0.181050 0.060726 0.976804
1520616901.663652897 36.834463 -0.070862 13.321499 -0.092761 0.186425 0.037521 0.977360
1520616901.713653803 36.856691 -0.054687 13.378500 -0.088764 0.189445 0.012559 0.977790
1520616901.763655663 36.878574 -0.038546 13.436847 -0.084887 0.193825 -0.012263 0.977280
1520616901.813576460 36.900177 -0.024865 13.493021 -0.081860 0.197741 -0.035988 0.976167
1520616901.863579273 36.918977 -0.012825 13.551181 -0.081172 0.198343 -0.056475 0.975132
1520616901.913580656 36.937602 -0.003740 13.607149 -0.086505 0.199991 -0.076886 0.972938
1520616901.963581324 36.956279 0.004513 13.660444 -0.096384 0.204043 -0.092634 0.969792
1520616902.013583422 36.975514 0.013211 13.713986 -0.109119 0.215088 -0.101052 0.965204
1520616902.063585520 36.998146 0.022966 13.764987 -0.122881 0.231515 -0.107935 0.958984
1520616902.113586426 37.020795 0.032939 13.816185 -0.132736 0.245901 -0.106380 0.954252
1520616902.163588524 37.043882 0.043468 13.868085 -0.134786 0.260580 -0.100610 0.950689
1520616902.213590622 37.068976 0.053419 13.921085 -0.129216 0.276866 -0.095444 0.947385
1520616902.263770342 37.096053 0.060452 13.974443 -0.118378 0.289742 -0.087025 0.945761
1520616902.313771248 37.124347 0.065266 14.027655 -0.103635 0.303921 -0.083426 0.943362
1520616902.363774538 37.153234 0.068633 14.079776 -0.087098 0.319097 -0.083734 0.939989
1520616902.413774252 37.182827 0.067563 14.129204 -0.073292 0.333913 -0.082351 0.936135
1520616902.463776350 37.209009 0.064830 14.176321 -0.065534 0.346757 -0.078491 0.932365
1520616902.513777494 37.234290 0.059832 14.219530 -0.062065 0.358706 -0.073270 0.928498
1520616902.563861132 37.257883 0.052124 14.256975 -0.061271 0.369472 -0.070164 0.924561
1520616902.613780499 37.281763 0.043118 14.292577 -0.058121 0.381998 -0.070401 0.919643
1520616902.664466619 37.309872 0.033199 14.325641 -0.047709 0.398387 -0.073246 0.913043
1520616902.714468718 37.337608 0.020720 14.352459 -0.033276 0.418183 -0.079967 0.904224
1520616902.764469862 37.367926 0.006532 14.374527 -0.016361 0.440696 -0.085865 0.893391
1520616902.814471722 37.397779 -0.008698 14.391632 0.003275 0.464740 -0.090951 0.880757
1520616902.864472628 37.428518 -0.025452 14.402082 0.025402 0.494504 -0.099880 0.863044
1520616902.914474726 37.457646 -0.045486 14.406162 0.050086 0.527631 -0.109751 0.840864
1520616902.964475632 37.484350 -0.064971 14.401915 0.072957 0.560330 -0.121013 0.816127
1520616903.014477491 37.505820 -0.085162 14.393481 0.091564 0.591968 -0.129905 0.790136
1520616903.064349651 37.519399 -0.103331 14.381342 0.106791 0.620622 -0.134065 0.765147
1520616903.114350796 37.528960 -0.123645 14.361881 0.120328 0.647081 -0.138699 0.739980
1520616903.164352655 37.534731 -0.143615 14.338604 0.133605 0.673230 -0.147108 0.712229
1520616903.214353561 37.537191 -0.162353 14.308950 0.144840 0.698832 -0.161808 0.681523
1520616903.264355898 37.534071 -0.182042 14.274147 0.154343 0.722406 -0.179510 0.649680
1520616903.314356804 37.525796 -0.200685 14.235202 0.163075 0.743988 -0.197301 0.617220
1520616903.364358664 37.512518 -0.217648 14.191867 0.171043 0.763935 -0.214022 0.584246
1520616903.414359808 37.493698 -0.232405 14.144110 0.175947 0.782984 -0.229283 0.550825
1520616903.463482141 37.493698 -0.232405 14.144110 0.175947 0.782984 -0.229283 0.550825
1520616903.513484240 37.471855 -0.244512 14.095555 0.176336 0.799823 -0.237738 0.522178
1520616903.563485146 37.448916 -0.250793 14.043782 0.175954 0.815843 -0.242388 0.494660
1520616903.613487005 37.424930 -0.256262 13.994477 0.176415 0.830181 -0.242959 0.469732
1520616903.663488150 37.401924 -0.258207 13.946642 0.177871 0.841575 -0.241408 0.449262
1520616903.713491201 37.379178 -0.258085 13.901028 0.179191 0.850686 -0.239274 0.432403
1520616903.763492107 37.357547 -0.257058 13.856289 0.180020 0.859901 -0.237125 0.414651
1520616903.813493252 37.337091 -0.254926 13.809190 0.179745 0.870036 -0.234424 0.394682
1520616903.863390446 37.316573 -0.251278 13.761107 0.178259 0.881184 -0.228741 0.373386
1520616903.913391352 37.298601 -0.246249 13.712805 0.175417 0.892593 -0.220018 0.352275
1520616903.963393450 37.280485 -0.240076 13.661693 0.171911 0.904588 -0.211754 0.327610
1520616904.013394356 37.262663 -0.235068 13.607866 0.168688 0.915829 -0.205762 0.300773
1520616904.063396454 37.247628 -0.226893 13.549550 0.163562 0.926431 -0.202759 0.271776
1520616904.113399506 37.230165 -0.221898 13.492831 0.157185 0.935832 -0.198247 0.245375
1520616904.163399458 37.212201 -0.217048 13.435133 0.147172 0.944449 -0.192716 0.221848
1520616904.213477373 37.190959 -0.215119 13.377872 0.132503 0.952962 -0.187729 0.197648
1520616904.263402462 37.167451 -0.216257 13.322369 0.119137 0.960621 -0.183347 0.171459
1520616904.313627720 37.141896 -0.222020 13.269692 0.107444 0.967101 -0.177651 0.147009
1520616904.363628626 37.116684 -0.230134 13.218730 0.096209 0.972820 -0.173316 0.119696
1520616904.413630486 37.090685 -0.238311 13.167962 0.086371 0.977298 -0.169822 0.092677
1520616904.463631630 37.066777 -0.246847 13.117623 0.075846 0.980371 -0.167500 0.071161
1520616904.513633490 37.043880 -0.254564 13.065050 0.065715 0.982097 -0.168418 0.052932
1520616904.563634396 37.025770 -0.263396 13.012640 0.055661 0.982597 -0.173058 0.038167
1520616904.613636494 37.008696 -0.274507 12.957880 0.046393 0.981835 -0.181625 0.029340
1520616904.663638592 36.997607 -0.285108 12.902588 0.037504 0.979987 -0.193440 0.028282
1520616904.713527918 36.994608 -0.297093 12.848854 0.032462 0.977419 -0.205944 0.034439
1520616904.763529778 36.996788 -0.311632 12.796849 0.029715 0.974548 -0.216357 0.050619
1520616904.813531637 37.009353 -0.328537 12.750421 0.029614 0.970837 -0.224824 0.077804
1520616904.863532782 37.028701 -0.345078 12.705855 0.029936 0.966679 -0.230323 0.107642
1520616904.913533688 37.052764 -0.358884 12.665911 0.028105 0.962155 -0.231547 0.140901
1520616904.963535547 37.081114 -0.370126 12.629786 0.029976 0.956631 -0.227079 0.179981
1520616905.013536692 37.115447 -0.378830 12.599188 0.038929 0.950196 -0.215445 0.221799
1520616905.063538790 37.149663 -0.386450 12.570820 0.052643 0.941694 -0.198367 0.266630
1520616905.113356352 37.185460 -0.387412 12.537201 0.067372 0.932757 -0.182347 0.303604
1520616905.163357496 37.221028 -0.387207 12.502906 0.080492 0.924550 -0.168193 0.332325
1520616905.213359356 37.253717 -0.388153 12.466433 0.096524 0.916221 -0.155255 0.356536
1520616905.263360500 37.284682 -0.390404 12.426186 0.109918 0.910222 -0.145868 0.371666
1520616905.313362360 37.314819 -0.397173 12.384380 0.122937 0.905202 -0.138294 0.382584
1520616905.363363266 37.339735 -0.410243 12.342048 0.140424 0.900329 -0.132928 0.389897
1520616905.413365602 37.361664 -0.431142 12.297165 0.161549 0.897829 -0.127040 0.389444
1520616905.463367462 37.378884 -0.452494 12.248665 0.179366 0.898269 -0.119908 0.382834
1520616905.513424635 37.390769 -0.477476 12.198047 0.199054 0.898804 -0.111477 0.374301
1520616905.563426733 37.399030 -0.503240 12.143609 0.225715 0.897814 -0.105678 0.363062
1520616905.613427639 37.406413 -0.527860 12.083222 0.250558 0.897649 -0.107124 0.346369
1520616905.663429976 37.411510 -0.549759 12.016281 0.269175 0.900031 -0.112317 0.323842
1520616905.713430882 37.415054 -0.568840 11.947538 0.284847 0.902990 -0.115702 0.300141
1520616905.763432741 37.419110 -0.581536 11.875553 0.302588 0.903831 -0.115343 0.279688
1520616905.813434839 37.421211 -0.592744 11.804355 0.321311 0.902601 -0.112187 0.263600
1520616905.863501787 37.420287 -0.602150 11.731586 0.329754 0.904692 -0.111517 0.245682
1520616905.913759470 37.414191 -0.616494 11.659965 0.329963 0.910981 -0.113283 0.220011
1520616905.963760376 37.405522 -0.628433 11.586623 0.328085 0.917829 -0.119574 0.188816
1520616906.013762474 37.395392 -0.636843 11.515846 0.321365 0.925303 -0.128273 0.155194
1520616906.063763380 37.382808 -0.647065 11.448845 0.318473 0.929688 -0.134015 0.127653
1520616906.113765478 37.371232 -0.654153 11.381378 0.311209 0.935314 -0.135334 0.100109
1520616906.163766623 37.356660 -0.656515 11.314464 0.298861 0.942463 -0.131727 0.071368
1520616906.213768482 37.339335 -0.654484 11.249348 0.285235 0.948888 -0.126852 0.046482
1520616906.263770342 37.325747 -0.647409 11.182772 0.273031 0.953725 -0.123170 0.026296
1520616906.314519644 37.325747 -0.647409 11.182772 0.273031 0.953725 -0.123170 0.026296
1520616906.364521503 37.320725 -0.637786 11.112223 0.263309 0.956869 -0.121719 0.015970
1520616906.414522648 37.314539 -0.620948 11.041326 0.250330 0.960264 -0.123328 0.004401
1520616906.464524508 37.299179 -0.624331 10.977085 0.233251 0.964787 -0.121301 -0.008133
1520616906.514525414 37.282077 -0.631008 10.913952 0.217353 0.968596 -0.118404 -0.023673
1520616906.564527512 37.262956 -0.645442 10.855025 0.205118 0.971217 -0.113338 -0.042649
1520616906.614529610 37.240840 -0.661450 10.799716 0.198095 0.972248 -0.107426 -0.062864
1520616906.664530516 37.216026 -0.676712 10.746735 0.196922 0.971499 -0.101074 -0.084821
1520616906.714532614 37.189334 -0.690022 10.693349 0.199901 0.969012 -0.096768 -0.108123
1520616906.764706612 37.161505 -0.700037 10.639460 0.204787 0.964685 -0.097740 -0.133760
1520616906.814708471 37.135468 -0.708503 10.581673 0.212200 0.958265 -0.105504 -0.159901
1520616906.864710569 37.107351 -0.715203 10.523372 0.222605 0.950247 -0.117247 -0.183661
1520616906.914711475 37.078196 -0.721153 10.465390 0.233547 0.941520 -0.127325 -0.206842
1520616906.964713573 37.047301 -0.727635 10.410650 0.239754 0.933522 -0.133732 -0.230588
1520616907.014715672 37.012543 -0.735471 10.358797 0.239907 0.926617 -0.139219 -0.253858
1520616907.064716578 36.976620 -0.747976 10.309226 0.239163 0.919768 -0.142989 -0.276372
1520616907.114718437 36.940867 -0.764784 10.263758 0.236917 0.913954 -0.145905 -0.295416
1520616907.165342569 36.903186 -0.783049 10.219676 0.243179 0.907262 -0.152520 -0.307373
1520616907.215344429 36.863069 -0.798208 10.178150 0.243915 0.901198 -0.158129 -0.321471
1520616907.265345573 36.819963 -0.810467 10.137892 0.237799 0.894895 -0.160330 -0.341920
1520616907.315347433 36.775738 -0.815551 10.096926 0.236030 0.886776 -0.164533 -0.361729
1520616907.365348339 36.729643 -0.817405 10.054975 0.237099 0.877125 -0.171340 -0.380891
1520616907.415350437 36.681617 -0.816085 10.015257 0.242321 0.865529 -0.178876 -0.400180
1520616907.465351343 36.631585 -0.811729 9.976456 0.247103 0.853085 -0.185854 -0.420290
1520616907.515402555 36.579159 -0.804369 9.941881 0.248225 0.840023 -0.189016 -0.443868
1520616907.566855907 36.519360 -0.797473 9.905715 0.249024 0.825742 -0.188928 -0.469514
1520616907.616857767 36.464272 -0.794408 9.878844 0.254388 0.811337 -0.187999 -0.491605
1520616907.666858912 36.408069 -0.791826 9.856271 0.254850 0.794785 -0.188319 -0.517594
1520616907.716861010 36.350284 -0.786961 9.839616 0.248580 0.774656 -0.185027 -0.551254
1520616907.766861916 36.293709 -0.778856 9.826992 0.241501 0.754118 -0.181032 -0.583276
1520616907.816864014 36.238248 -0.768850 9.815351 0.236960 0.733758 -0.178413 -0.611243
1520616907.866865873 36.182245 -0.754437 9.804580 0.235145 0.713842 -0.175114 -0.635981
1520616907.916866779 36.126595 -0.737076 9.792826 0.235611 0.695552 -0.172350 -0.656499
1520616907.966459036 36.069881 -0.718783 9.780602 0.236331 0.681317 -0.171273 -0.671283
1520616908.016459942 36.011414 -0.699673 9.767400 -0.237543 -0.670215 0.173422 0.681403
1520616908.066462278 35.951293 -0.681511 9.754715 -0.237778 -0.661337 0.174755 0.689606
1520616908.116463184 35.891412 -0.666123 9.745874 -0.237928 -0.653392 0.172809 0.697572
1520616908.166465044 35.833081 -0.653022 9.740389 -0.232923 -0.646938 0.160212 0.708202
1520616908.216466188 35.777156 -0.642670 9.737819 -0.222422 -0.643722 0.146227 0.717473
1520616908.266468048 35.722256 -0.635205 9.736177 -0.213474 -0.639539 0.138512 0.725420
1520616908.316469908 35.667204 -0.625949 9.734269 -0.204193 -0.637713 0.133913 0.730545
1520616908.365616083 35.615178 -0.615228 9.733300 -0.199375 -0.637780 0.130850 0.732369
1520616908.415617943 35.562067 -0.600809 9.730164 -0.199083 -0.639352 0.127156 0.731729
1520616908.465620041 35.508180 -0.584466 9.729077 -0.203817 -0.642201 0.118616 0.729360
1520616908.515621185 35.453953 -0.567667 9.730262 -0.206354 -0.645723 0.106216 0.727446
1520616908.565623045 35.397548 -0.553403 9.734777 -0.203795 -0.647821 0.090803 0.728389
1520616908.615623951 35.341083 -0.542847 9.742333 -0.197339 -0.647056 0.071228 0.733010
1520616908.665626049 35.284517 -0.538838 9.749725 -0.195317 -0.647190 0.058893 0.734526
1520616908.715626955 35.228707 -0.540765 9.756044 -0.194261 -0.649445 0.051824 0.733347
1520616908.765069008 35.172334 -0.543628 9.765414 -0.189411 -0.645151 0.045104 0.738830
1520616908.815070868 35.113788 -0.543403 9.775565 -0.182075 -0.637055 0.038467 0.748017
1520616908.865072012 35.054447 -0.541309 9.784396 -0.175428 -0.628602 0.030461 0.757072
1520616908.915072918 34.993956 -0.537953 9.790190 -0.171349 -0.620711 0.023053 0.764739
1520616908.965075016 34.931472 -0.533206 9.791039 -0.169398 -0.615571 0.020980 0.769374
1520616909.015076160 34.863334 -0.526367 9.790806 -0.164984 -0.612633 0.022747 0.772621
1520616909.065078020 34.790947 -0.519324 9.789772 -0.155694 -0.612307 0.022852 0.774801
1520616909.115079880 34.716216 -0.514286 9.786788 -0.146287 -0.614529 0.022632 0.774882
1520616909.165117025 34.640979 -0.510746 9.780668 -0.139240 -0.619199 0.023146 0.772444
1520616909.214703083 34.566069 -0.509886 9.771378 -0.133231 -0.627057 0.025040 0.767087
1520616909.264703989 34.490336 -0.511136 9.759275 -0.128787 -0.634534 0.030482 0.761480
1520616909.314706087 34.414519 -0.512036 9.742433 -0.128957 -0.643302 0.041154 0.753550
1520616909.364706993 34.338833 -0.508240 9.721592 -0.131949 -0.650693 0.053022 0.745907
1520616909.414709091 34.265594 -0.500143 9.699694 -0.135002 -0.655947 0.062151 0.740030
1520616909.464711189 34.193617 -0.487230 9.677029 -0.137752 -0.660215 0.072284 0.734789
1520616909.514712095 34.122846 -0.468274 9.654381 -0.139362 -0.663265 0.083689 0.730516
1520616909.564713955 34.052268 -0.446119 9.630814 -0.141283 -0.665124 0.094475 0.727134
1520616909.614852428 33.984316 -0.421630 9.608877 -0.142243 -0.667205 0.099667 0.724342
1520616909.664854288 33.917745 -0.394434 9.586282 -0.143543 -0.670398 0.098304 0.721317
1520616909.714855433 33.855626 -0.368105 9.565444 -0.150696 -0.676364 0.095219 0.714672
1520616909.764857292 33.795172 -0.346448 9.545842 -0.166316 -0.683439 0.092025 0.704828
1520616909.814858198 33.744556 -0.327432 9.522138 -0.183827 -0.688704 0.085082 0.696173
1520616909.864860535 33.690846 -0.312996 9.502842 0.198866 0.693293 -0.077132 -0.688366
1520616909.914862394 33.635088 -0.296629 9.490715 0.211298 0.696441 -0.073287 -0.681874
1520616909.964863300 33.579489 -0.282091 9.477122 0.221950 0.698246 -0.071799 -0.676783
1520616910.017195463 33.579489 -0.282091 9.477122 0.221950 0.698246 -0.071799 -0.676783
1520616910.067196608 33.521786 -0.270628 9.464617 0.234631 0.705527 -0.072566 -0.664766
1520616910.117198706 33.454228 -0.264088 9.460631 0.246663 0.715912 -0.073214 -0.649051
1520616910.167200565 33.398483 -0.262671 9.459498 0.252170 0.728277 -0.077214 -0.632504
1520616910.217202663 33.337989 -0.269339 9.461052 0.251405 0.740300 -0.085193 -0.617652
1520616910.267203569 33.274204 -0.281599 9.470981 0.247250 0.748708 -0.097812 -0.607236
1520616910.317204475 33.208332 -0.295116 9.486421 0.241116 0.755711 -0.111551 -0.598598
1520616910.367206573 33.144534 -0.308171 9.504830 0.237977 0.762691 -0.128486 -0.587503
1520616910.419890642 33.144534 -0.308171 9.504830 0.237977 0.762691 -0.128486 -0.587503
1520616910.469892979 33.080277 -0.307045 9.527904 0.235330 0.763191 -0.136547 -0.586100
1520616910.519893646 33.013732 -0.296437 9.553497 0.233580 0.761326 -0.139003 -0.588643
1520616910.569894552 32.943980 -0.276528 9.581800 0.229698 0.756692 -0.136676 -0.596637
1520616910.619896889 32.873987 -0.252736 9.610026 0.224256 0.751091 -0.134191 -0.606271
1520616910.669899702 32.802445 -0.223688 9.638385 0.219117 0.747101 -0.133804 -0.613127
1520616910.719899654 32.729347 -0.191032 9.668157 0.212565 0.741304 -0.129280 -0.623355
1520616910.769900799 32.653841 -0.155897 9.701938 0.205818 0.731365 -0.118202 -0.639353
1520616910.821620464 32.556101 -0.121252 9.747552 0.203063 0.716693 -0.101973 -0.659332
1520616910.871600389 32.483749 -0.083558 9.778713 0.205635 0.701908 -0.084836 -0.676641
1520616910.921602488 32.417144 -0.044372 9.810358 -0.210147 -0.688785 0.067188 0.690579
1520616910.971603394 32.352595 -0.002277 9.842993 -0.216846 -0.675247 0.052099 0.703069
1520616911.021605492 32.291102 0.040148 9.874057 -0.224144 -0.664464 0.042899 0.711623
1520616911.071607590 32.230764 0.081928 9.903685 -0.227136 -0.654121 0.036591 0.720553
1520616911.121608496 32.170322 0.124662 9.935723 -0.228340 -0.644836 0.033349 0.728653
1520616911.171610355 32.111164 0.164379 9.967238 -0.226044 -0.636286 0.027822 0.737069
1520616911.221611500 32.052596 0.197887 9.998856 -0.220415 -0.628147 0.022714 0.745877
1520616911.272410393 31.988908 0.225630 10.034077 -0.213334 -0.620824 0.021539 0.754057
1520616911.322411537 31.926477 0.243823 10.067926 -0.206662 -0.615715 0.021392 0.760084
1520616911.372413397 31.864257 0.255100 10.100027 -0.197186 -0.613297 0.016728 0.764660
1520616911.422414303 31.800103 0.261034 10.131222 -0.187203 -0.611674 0.009088 0.768588
1520616911.472416401 31.735251 0.263754 10.155513 -0.180424 -0.610831 0.001507 0.770928
1520616911.522418499 31.671222 0.266809 10.175351 -0.175919 -0.610562 -0.006236 0.772158
1520616911.572419405 31.604070 0.270249 10.191958 -0.171839 -0.609418 -0.012130 0.773908
1520616911.622421503 31.534828 0.278285 10.206033 -0.164735 -0.607817 -0.017451 0.776606
1520616911.671751499 31.465139 0.286254 10.216706 -0.151576 -0.606097 -0.023222 0.780469
1520616911.721753597 31.392362 0.290133 10.222708 -0.134869 -0.606917 -0.023013 0.782900
1520616911.771755457 31.314701 0.288875 10.226722 -0.114748 -0.607124 -0.020268 0.786017
1520616911.821756363 31.237441 0.284952 10.224756 -0.099367 -0.608336 -0.014801 0.787296
1520616911.871758699 31.161733 0.282883 10.216453 -0.097930 -0.611925 -0.006337 0.784804
1520616911.921760559 31.088123 0.284532 10.206146 -0.106969 -0.612523 -0.001175 0.783181
1520616911.971761465 31.015162 0.292016 10.192672 -0.122410 -0.613747 0.001650 0.779954
1520616912.021763563 30.943870 0.302789 10.174776 -0.137651 -0.617696 0.001576 0.774275
1520616912.070742369 30.876934 0.317314 10.153487 -0.150397 -0.622518 0.004814 0.768003
1520616912.120743275 30.806715 0.340987 10.129360 -0.159762 -0.629414 0.014041 0.760340
1520616912.170745134 30.737775 0.369972 10.104336 -0.164607 -0.637346 0.028286 0.752260
1520616912.220748186 30.670232 0.402728 10.078833 -0.167262 -0.645506 0.044599 0.743879
1520616912.270748138 30.599598 0.435225 10.051358 -0.168924 -0.652571 0.057724 0.736399
1520616912.320749998 30.531919 0.467390 10.026610 -0.165626 -0.659011 0.062159 0.731032
1520616912.370751143 30.465616 0.492282 9.998363 -0.164444 -0.666304 0.068765 0.724064
1520616912.420753241 30.401924 0.510372 9.968110 -0.169388 -0.674678 0.077186 0.714254
1520616912.468755722 30.335729 0.523974 9.936425 -0.176881 -0.684191 0.080743 0.702906
1520616912.518751860 30.277907 0.535416 9.905671 0.186171 0.697138 -0.080038 -0.687701
1520616912.568752527 30.223889 0.550147 9.875805 0.195616 0.707773 -0.074331 -0.674734
1520616912.618754864 30.169021 0.565113 9.848620 0.205184 0.717427 -0.067228 -0.662328
1520616912.668756723 30.113858 0.582555 9.821964 0.216714 0.725908 -0.061806 -0.649825
1520616912.718757629 30.055308 0.601322 9.796393 0.225736 0.735814 -0.057621 -0.635846
1520616912.768759727 29.992962 0.614785 9.774596 0.226115 0.746449 -0.051777 -0.623702
1520616912.818760633 29.928279 0.625245 9.757131 0.221693 0.756171 -0.049821 -0.613657
1520616912.868078232 29.857992 0.625547 9.745035 0.219168 0.763594 -0.055027 -0.604865
1520616912.918079138 29.783695 0.620502 9.739555 0.217141 0.768327 -0.061075 -0.598994
1520616912.968081236 29.708970 0.611058 9.740095 0.213511 0.769664 -0.064800 -0.598190
1520616913.018082380 29.631401 0.599988 9.748375 0.210058 0.768824 -0.069422 -0.599971
1520616913.068084240 29.554165 0.591448 9.761051 0.207069 0.765465 -0.074545 -0.604672
1520616913.118086338 29.477172 0.586142 9.775839 0.206579 0.761491 -0.083293 -0.608703
1520616913.168087244 29.400368 0.584218 9.792675 0.205874 0.757965 -0.095035 -0.611616
1520616913.218089104 29.324233 0.585920 9.812457 0.202478 0.756399 -0.108472 -0.612452
1520616913.267685413 29.247414 0.592183 9.835191 0.194091 0.755879 -0.119625 -0.613731
1520616913.317687511 29.169009 0.603077 9.861045 0.181095 0.755327 -0.126593 -0.616976
1520616913.367688417 29.092791 0.615829 9.889188 0.164445 0.754576 -0.128822 -0.622075
1520616913.417690277 29.017777 0.628789 9.921479 0.148463 0.752329 -0.130565 -0.628421
1520616913.467692614 28.944907 0.641987 9.955577 0.131822 0.746451 -0.129153 -0.639338
1520616913.517694473 28.873613 0.656947 9.991430 0.118681 0.736987 -0.125125 -0.653536
1520616913.567696333 28.805543 0.676678 10.027637 0.111687 0.724421 -0.116215 -0.670249
1520616913.617697477 28.740618 0.700596 10.060198 0.108198 0.712853 -0.099169 -0.685784
1520616913.667699337 28.677571 0.729644 10.090339 0.113290 0.702005 -0.083638 -0.698112
1520616913.716314316 28.615747 0.764939 10.116936 -0.120665 -0.691147 0.072101 0.708913
1520616913.766316175 28.551316 0.803753 10.144670 -0.124177 -0.678805 0.062114 0.721072
1520616913.816317558 28.486445 0.842167 10.170436 -0.123980 -0.665175 0.055371 0.734238
1520616913.866318226 28.420470 0.878816 10.196255 -0.120106 -0.649611 0.050937 0.748989
1520616913.916320562 28.357003 0.910669 10.217012 -0.113338 -0.634892 0.050313 0.762584
1520616913.966321468 28.294232 0.939778 10.234136 -0.111390 -0.622715 0.052303 0.772711
1520616914.016323328 28.230423 0.967931 10.248110 -0.118243 -0.612462 0.057307 0.779503
1520616914.066324472 28.169739 0.997996 10.256457 -0.125660 -0.602941 0.062598 0.785336
1520616914.114924908 28.088383 1.023198 10.263070 -0.130237 -0.590075 0.062721 0.794302
1520616914.164926052 28.000946 1.053444 10.262560 -0.135234 -0.577193 0.055915 0.803389
1520616914.214927912 27.943528 1.091679 10.258728 -0.145626 -0.571149 0.053415 0.806057
1520616914.264930010 27.883768 1.132240 10.250967 -0.157598 -0.568509 0.054631 0.805590
1520616914.314930916 27.821272 1.173485 10.239213 -0.170457 -0.567915 0.055237 0.803347
1520616914.364932775 27.757498 1.212348 10.225377 -0.184682 -0.570621 0.050960 0.798553
1520616914.414933920 27.692366 1.243291 10.208468 -0.195683 -0.577705 0.042949 0.791278
1520616914.464936018 27.625238 1.265686 10.190098 -0.202553 -0.587946 0.036457 0.782280
1520616914.514795303 27.557579 1.278060 10.168977 -0.205307 -0.599930 0.029099 0.772714
1520616914.564797401 27.488182 1.283541 10.146325 -0.208510 -0.610211 0.027014 0.763830
1520616914.614799261 27.419709 1.284169 10.120325 -0.212691 -0.622300 0.031006 0.752691
1520616914.664800167 27.352225 1.283845 10.091419 -0.215351 -0.635844 0.035798 0.740300
1520616914.714802504 27.286033 1.285235 10.060988 -0.217213 -0.651484 0.037224 0.725949
1520616914.764803410 27.221249 1.288266 10.029841 -0.218002 -0.668800 0.034920 0.709903
1520616914.814805508 27.158534 1.291830 10.000534 -0.219654 -0.687823 0.033711 0.691024
1520616914.864806414 27.091067 1.291646 9.971387 0.220313 0.708223 -0.035986 -0.669767
1520616914.916097164 27.016221 1.291993 9.958052 0.212698 0.728620 -0.037210 -0.649991
1520616914.966098070 26.958948 1.288618 9.937827 0.198221 0.746991 -0.039919 -0.633340
1520616915.016100407 26.882722 1.268761 9.924857 0.186659 0.763425 -0.047637 -0.616499
1520616915.066102266 26.806944 1.246221 9.919046 0.172294 0.777607 -0.056419 -0.602045
1520616915.116103172 26.734029 1.221988 9.917604 0.162971 0.790188 -0.064569 -0.587261
1520616915.166105270 26.663042 1.200115 9.921471 0.158968 0.799793 -0.068634 -0.574761
1520616915.216107368 26.592451 1.181410 9.926965 0.163188 0.805654 -0.076202 -0.564345
1520616915.266108513 26.521831 1.166817 9.933856 0.171392 0.810563 -0.088300 -0.553006
1520616915.317066908 26.461222 1.160657 9.939859 0.178512 0.815848 -0.100805 -0.540707
1520616915.367069006 26.389440 1.154177 9.954161 0.182336 0.822391 -0.114001 -0.526716
1520616915.417069912 26.319280 1.150574 9.971542 0.176994 0.829341 -0.127131 -0.514494
1520616915.467071056 26.249208 1.149474 9.994032 0.163655 0.835603 -0.140500 -0.505218
1520616915.517072916 26.178374 1.149653 10.021562 0.146702 0.839795 -0.154253 -0.499428
1520616915.567074776 26.108433 1.150929 10.050493 0.130321 0.841489 -0.164794 -0.497751
1520616915.617075920 26.036767 1.155269 10.080682 0.120826 0.842631 -0.170047 -0.496445
1520616915.667078972 25.970821 1.168907 10.111802 0.116147 0.843693 -0.165723 -0.497220
1520616915.717643499 25.915219 1.190212 10.144168 0.118219 0.845430 -0.151503 -0.498316
1520616915.767645359 25.853761 1.217628 10.175769 0.123539 0.845867 -0.131768 -0.501881
1520616915.817646503 25.789689 1.252784 10.207116 0.130947 0.842241 -0.112287 -0.510759
1520616915.867648602 25.723785 1.291825 10.236854 0.136014 0.835122 -0.096628 -0.524152
1520616915.917649508 25.662234 1.332263 10.265110 0.138169 0.826236 -0.086356 -0.539246
1520616915.967651606 25.598461 1.370594 10.292129 0.139718 0.815344 -0.081056 -0.555989
1520616916.017652512 25.535988 1.408096 10.317881 0.144343 0.803146 -0.077885 -0.572761
1520616916.067654371 25.474469 1.447144 10.343036 0.151022 0.789090 -0.070309 -0.591258
1520616916.117655516 25.416371 1.487036 10.365341 0.166623 0.773568 -0.058782 -0.608583
1520616916.167499304 25.362757 1.528282 10.384312 0.189044 0.753725 -0.045021 -0.627801
1520616916.217501163 25.309282 1.568350 10.403929 0.218164 0.729848 -0.034352 -0.646951
1520616916.267502308 25.259109 1.611148 10.423764 0.242769 0.705220 -0.022280 -0.665756
1520616916.317504168 25.211917 1.654051 10.442196 -0.261661 -0.679492 0.012342 0.685326
1520616916.367505312 25.165084 1.694156 10.462355 -0.275469 -0.653178 0.007791 0.705276
1520616916.417507410 25.115999 1.733014 10.485579 -0.279096 -0.628950 0.004045 0.725611
1520616916.467508316 25.065238 1.767080 10.511167 -0.273414 -0.609633 -0.002682 0.744034
1520616916.517510414 25.011576 1.793704 10.538312 -0.260448 -0.595148 -0.014394 0.760104
1520616916.566380739 24.954208 1.809180 10.562166 -0.242017 -0.585921 -0.027247 0.772905
1520616916.616382837 24.894579 1.812706 10.583436 -0.217212 -0.585283 -0.036562 0.780337
1520616916.666384697 24.826826 1.805077 10.602334 -0.191194 -0.588662 -0.044858 0.784162
1520616916.716385841 24.757190 1.794690 10.615704 -0.165065 -0.595475 -0.055237 0.784291
1520616916.766387701 24.685608 1.784626 10.621775 -0.139998 -0.605359 -0.066478 0.780719
1520616916.816389561 24.611310 1.778668 10.624486 -0.114671 -0.617687 -0.077249 0.774175
1520616916.866390705 24.537002 1.779002 10.622582 -0.090931 -0.630868 -0.086861 0.765632
1520616916.916392803 24.462623 1.784671 10.615471 -0.070200 -0.642127 -0.095355 0.757398
1520616916.965620518 24.390385 1.793967 10.604733 -0.058451 -0.653098 -0.093657 0.749183
1520616917.015622377 24.316917 1.803954 10.586070 -0.056832 -0.663341 -0.080492 0.741802
1520616917.065623522 24.245685 1.814372 10.562993 -0.061992 -0.670532 -0.060823 0.736779
1520616917.115625381 24.173929 1.825716 10.537262 -0.071933 -0.674918 -0.037185 0.733436
1520616917.165627718 24.102838 1.835555 10.510416 -0.084192 -0.678314 -0.011528 0.729842
1520616917.215628624 24.032592 1.844310 10.484635 -0.100375 -0.678775 0.015185 0.727295
1520616917.265630484 23.965346 1.852920 10.458629 -0.120072 -0.676351 0.038033 0.725731
1520616917.315631628 23.900095 1.862697 10.433521 -0.149421 -0.671995 0.057245 0.723063
1520616917.365025759 23.836316 1.871938 10.408687 -0.189581 -0.663884 0.076627 0.719337
1520616917.415026665 23.771384 1.885548 10.382286 -0.227695 -0.652275 0.095023 0.716703
1520616917.465127707 23.704407 1.897140 10.361758 -0.257567 -0.641128 0.115102 0.713699
1520616917.515029669 23.636372 1.905769 10.347042 -0.275320 -0.631956 0.135956 0.711581
1520616917.565031767 23.567281 1.912106 10.337467 -0.286438 -0.622157 0.160107 0.710802
1520616917.615032911 23.499627 1.914072 10.333022 -0.294068 -0.608555 0.184784 0.713470
1520616917.665034771 23.433736 1.914242 10.334679 -0.298851 -0.592551 0.207879 0.718581
1520616917.715035915 23.367164 1.912196 10.346043 -0.304693 -0.573956 0.227433 0.725266
1520616917.766720533 23.367164 1.912196 10.346043 -0.304693 -0.573956 0.227433 0.725266
1520616917.816721439 23.304498 1.913244 10.365960 -0.305389 -0.551816 0.235192 0.739542
1520616917.866723299 23.244298 1.916089 10.389361 -0.302773 -0.527536 0.243340 0.755526
1520616917.916725397 23.185637 1.923582 10.420228 -0.299862 -0.499626 0.254332 0.771863
1520616917.966726303 23.129688 1.937715 10.454603 -0.294235 -0.467872 0.263480 0.790633
1520616918.016728401 23.074337 1.952131 10.491439 -0.287116 -0.433990 0.271422 0.809659
1520616918.066729546 23.020744 1.975741 10.530373 -0.277259 -0.401812 0.279571 0.826750
1520616918.116731405 22.970572 2.003026 10.572253 -0.268117 -0.370858 0.287437 0.841402
1520616918.166733265 22.923828 2.031673 10.617311 -0.257717 -0.341415 0.285895 0.857486
1520616918.217488050 22.882570 2.063049 10.666576 -0.246412 -0.315231 0.276527 0.873752
1520616918.267490149 22.845617 2.093225 10.714976 -0.235561 -0.289888 0.260507 0.890287
1520616918.317491293 22.814279 2.123843 10.767104 -0.227115 -0.258953 0.240499 0.907481
1520616918.367493153 22.789196 2.151874 10.822808 -0.219053 -0.225173 0.221105 0.923269
1520616918.417495012 22.770115 2.179807 10.879692 -0.212896 -0.190664 0.206699 0.935734
1520616918.467496157 22.754629 2.208176 10.936247 -0.207524 -0.160998 0.196620 0.944645
1520616918.517498016 22.742724 2.236097 10.993808 -0.202566 -0.136142 0.187924 0.951376
1520616918.567499161 22.733153 2.266337 11.051080 -0.198085 -0.117173 0.174329 0.957414
1520616918.615232706 22.724368 2.304568 11.100419 -0.193787 -0.106016 0.158953 0.962258
1520616918.665235043 22.720317 2.335196 11.161501 -0.188313 -0.100232 0.141094 0.966739
1520616918.715236902 22.719268 2.359531 11.220093 -0.181813 -0.096336 0.120411 0.971166
1520616918.765237093 22.723866 2.386221 11.280371 -0.174804 -0.094413 0.099573 0.974995
1520616918.815238953 22.730022 2.403236 11.341382 -0.168830 -0.086941 0.074345 0.978984
1520616918.865239859 22.739825 2.415025 11.401108 -0.162848 -0.078166 0.050954 0.982229
1520616918.915241957 22.749117 2.424819 11.459293 -0.155042 -0.073354 0.027330 0.984802
1520616918.965242863 22.761260 2.434773 11.517296 -0.144006 -0.071857 -0.000660 0.986964
1520616919.014601231 22.769327 2.442383 11.574191 -0.129602 -0.071079 -0.033389 0.988451
1520616919.064603329 22.777689 2.452518 11.631800 -0.111326 -0.070735 -0.065272 0.989112
1520616919.114684343 22.782967 2.463647 11.693282 -0.094144 -0.072239 -0.089463 0.988896
1520616919.164606094 22.786343 2.472259 11.753590 -0.081438 -0.075013 -0.112313 0.987485
1520616919.214607477 22.783211 2.475978 11.813973 -0.071167 -0.078051 -0.135246 0.985166
1520616919.264609337 22.780986 2.484003 11.877918 -0.059556 -0.085543 -0.156659 0.982137
1520616919.314610243 22.766135 2.484507 11.939092 -0.048798 -0.096959 -0.171633 0.979163
1520616919.364612341 22.749019 2.481003 11.997746 -0.038549 -0.110200 -0.177565 0.977159
1520616919.414170980 22.728079 2.483446 12.054402 -0.028364 -0.117891 -0.172624 0.977496
1520616919.464172840 22.710137 2.486539 12.113087 -0.021564 -0.123134 -0.162326 0.978787
1520616919.514174700 22.690904 2.492040 12.170675 -0.019858 -0.127545 -0.149932 0.980234
1520616919.564175844 22.677147 2.506181 12.223363 -0.022833 -0.133986 -0.139195 0.980893
1520616919.614177704 22.655495 2.524876 12.281999 -0.031484 -0.140897 -0.122812 0.981873
1520616919.664178610 22.638425 2.548705 12.338210 -0.043716 -0.150464 -0.103507 0.982210
1520616919.714180946 22.622045 2.573625 12.396431 -0.056181 -0.159979 -0.080862 0.982197
1520616919.764182806 22.602151 2.594301 12.455837 -0.065661 -0.167023 -0.051522 0.982414
1520616919.814201832 22.582837 2.606756 12.515544 -0.071190 -0.173292 -0.015067 0.982179
1520616919.864203930 22.566746 2.616111 12.576973 -0.072101 -0.176222 0.018904 0.981524
1520616919.914204836 22.550345 2.622826 12.640454 -0.069002 -0.171386 0.046242 0.981696
1520616919.964206934 22.533358 2.623432 12.702977 -0.065735 -0.164941 0.074509 0.981286
1520616920.014208078 22.520519 2.623432 12.763379 -0.063675 -0.152571 0.101981 0.980952
1520616920.064209938 22.506759 2.627001 12.825545 -0.064210 -0.133937 0.127896 0.980602
1520616920.114211798 22.497787 2.634187 12.891644 -0.068033 -0.107474 0.152969 0.980011
1520616920.164214134 22.492837 2.649468 12.959391 -0.073210 -0.076039 0.175193 0.978859
1520616920.214800119 22.489299 2.668404 13.029180 -0.077990 -0.042034 0.194889 0.976816
1520616920.264801025 22.492220 2.687885 13.099109 -0.078640 -0.006734 0.205570 0.975454
1520616920.314802885 22.499623 2.704475 13.167563 -0.075488 0.028143 0.207705 0.974868
1520616920.364804029 22.513755 2.718688 13.233774 -0.068594 0.059459 0.201012 0.975374
1520616920.414806128 22.531873 2.730227 13.298987 -0.061173 0.091760 0.184919 0.976546
1520616920.464807987 22.555605 2.741576 13.360475 -0.055002 0.126147 0.163130 0.976960
1520616920.514809132 22.584053 2.752989 13.417558 -0.050625 0.159250 0.136773 0.976407
1520616920.564810991 22.616779 2.766355 13.470633 -0.050398 0.192646 0.104666 0.974368
1520616920.614812136 22.652723 2.779668 13.520094 -0.051506 0.220381 0.074715 0.971183
1520616920.664451122 22.685739 2.795036 13.568641 -0.051514 0.237115 0.047506 0.968951
1520616920.714452267 22.723932 2.811188 13.614453 -0.052102 0.245137 0.018214 0.967916
1520616920.764512300 22.757325 2.825514 13.662798 -0.051431 0.245818 -0.011959 0.967877
1520616920.814455271 22.786937 2.835699 13.712958 -0.046322 0.237647 -0.040476 0.969402
1520616920.864457130 22.811271 2.838938 13.764261 -0.038125 0.221397 -0.067946 0.972066
1520616920.914459229 22.837441 2.837044 13.816024 -0.029920 0.201708 -0.099701 0.973899
1520616920.964460373 22.855278 2.831395 13.869610 -0.024751 0.180058 -0.125603 0.975290
1520616921.014461279 22.867950 2.826492 13.925477 -0.023539 0.155864 -0.145995 0.976646
1520616921.064152718 22.871923 2.819195 13.980478 -0.024574 0.126778 -0.159779 0.978670
1520616921.114154816 22.870508 2.814282 14.037580 -0.025912 0.090560 -0.169564 0.981007
1520616921.164155960 22.866639 2.813432 14.094335 -0.026603 0.056339 -0.182552 0.981220
1520616921.214157820 22.861634 2.818617 14.153904 -0.026063 0.028183 -0.191177 0.980805
1520616921.264158726 22.855716 2.826940 14.213241 -0.026609 0.002584 -0.193499 0.980736
1520616921.314160824 22.847394 2.838264 14.274100 -0.027066 -0.021685 -0.190529 0.981069
1520616921.364161730 22.837277 2.850128 14.335293 -0.027240 -0.043472 -0.182701 0.981829
1520616921.414163828 22.821803 2.860437 14.395054 -0.027257 -0.059585 -0.171173 0.983060
1520616921.463944435 22.798288 2.870806 14.455717 -0.026957 -0.072347 -0.158107 0.984399
1520616921.513945341 22.779452 2.881603 14.513360 -0.027410 -0.089340 -0.140112 0.985716
1520616921.563947439 22.761884 2.891614 14.568297 -0.028865 -0.102438 -0.118046 0.987288
1520616921.613948345 22.743790 2.904944 14.626228 -0.030557 -0.108388 -0.095211 0.989067
1520616921.663950682 22.726453 2.917424 14.683432 -0.032689 -0.110105 -0.073982 0.990623
1520616921.713952541 22.709629 2.931358 14.739479 -0.032574 -0.112507 -0.054155 0.991639
1520616921.763954401 22.691834 2.946779 14.795015 -0.027621 -0.115581 -0.032320 0.992388
1520616921.813955545 22.677080 2.962536 14.852652 -0.017898 -0.114112 -0.008908 0.993267
1520616921.864132166 22.665413 2.975936 14.911754 -0.004348 -0.103756 0.016032 0.994464
1520616921.914133072 22.658858 2.984894 14.972731 0.012746 -0.082592 0.040988 0.995659
1520616921.964133978 22.657346 2.990465 15.035343 0.033180 -0.053680 0.062996 0.996017
1520616922.014136076 22.659921 2.992402 15.096126 0.054961 -0.018227 0.077877 0.995280
1520616922.064137936 22.665506 2.989578 15.150655 0.075026 0.018085 0.087177 0.993199
1520616922.114138842 22.673635 2.984238 15.200090 0.093809 0.057073 0.090996 0.989779
1520616922.164140940 22.684600 2.979967 15.246070 0.108326 0.097857 0.092811 0.984924
1520616922.214143038 22.698759 2.976200 15.288346 0.111626 0.141195 0.092211 0.979337
1520616922.264728308 22.717466 2.977793 15.329011 0.106814 0.190250 0.091284 0.971629
1520616922.314729214 22.748528 2.983242 15.363340 0.102653 0.244190 0.086476 0.960393
1520616922.364731312 22.783013 2.981808 15.388738 0.108258 0.300517 0.081863 0.944070
1520616922.414774179 22.820531 2.975884 15.404245 0.124557 0.360813 0.072486 0.921437
1520616922.464734316 22.859787 2.967767 15.411713 0.146841 0.421943 0.056788 0.892848
1520616922.514735460 22.897435 2.958483 15.410075 0.170190 0.481826 0.038613 0.858713
1520616922.564737320 22.933794 2.949032 15.396314 0.187858 0.538427 0.021830 0.821175
1520616922.614738226 22.966784 2.941671 15.375014 0.196976 0.591221 0.007820 0.782047
1520616922.664919376 22.996292 2.933450 15.348442 0.197191 0.641181 -0.003841 0.741611
1520616922.714921236 23.018479 2.925076 15.313457 0.193440 0.686771 -0.010072 0.700589
1520616922.764922142 23.037227 2.917771 15.273516 0.189331 0.728387 -0.014736 0.658323
1520616922.814924240 23.053634 2.911929 15.225572 0.185644 0.768616 -0.020905 0.611824
1520616922.864925146 23.064976 2.903829 15.173652 0.185121 0.803142 -0.027297 0.565640
1520616922.914927006 23.073297 2.895825 15.119409 0.187286 0.832257 -0.034816 0.520634
1520616922.964928150 23.078628 2.888308 15.064643 0.190933 0.855518 -0.043136 0.479346
1520616923.014930248 23.080953 2.882150 15.007973 0.191586 0.875534 -0.050460 0.440668
1520616923.064932108 23.079946 2.878233 14.949276 0.187386 0.895319 -0.058468 0.399840
1520616923.114657879 23.075804 2.876872 14.889803 0.177785 0.913170 -0.065325 0.360896
1520616923.164659739 23.070207 2.876825 14.830191 0.166975 0.927004 -0.067737 0.328931
1520616923.214660883 23.062666 2.876391 14.772142 0.154150 0.939577 -0.066961 0.298244
1520616923.264662743 23.052498 2.876710 14.712710 0.145980 0.950505 -0.060756 0.267468
1520616923.314663649 23.043142 2.878428 14.652630 0.143648 0.958855 -0.051395 0.239419
1520616923.364665747 23.033272 2.878644 14.592967 0.142842 0.964364 -0.044422 0.218232
1520616923.414667845 23.023369 2.878486 14.531778 0.139176 0.968726 -0.043399 0.200792
1520616923.464668751 23.013233 2.879081 14.468957 0.130787 0.972995 -0.043636 0.185127
1520616923.515052795 23.002734 2.880810 14.403222 0.123773 0.976673 -0.039255 0.171026
1520616923.565054893 22.992525 2.882006 14.338971 0.119213 0.979711 -0.030975 0.158100
1520616923.615055799 22.980223 2.880512 14.275253 0.111846 0.983216 -0.025631 0.141843
1520616923.665057898 22.963401 2.875634 14.210011 0.105054 0.986497 -0.026449 0.122831
1520616923.715061903 22.944925 2.867792 14.145083 0.098915 0.989358 -0.032689 0.101574
1520616923.765060902 22.923683 2.857729 14.081062 0.092189 0.991651 -0.041382 0.080105
1520616923.815062046 22.899842 2.848210 14.017039 0.084291 0.993398 -0.050791 0.058959
1520616923.865063906 22.875136 2.839910 13.954730 0.073230 0.994631 -0.058570 0.043784
1520616923.914721251 22.853063 2.838165 13.893129 0.061947 0.995457 -0.062428 0.036487
1520616923.964723110 22.827527 2.839471 13.831148 0.051318 0.996236 -0.060607 0.034750
1520616924.014724255 22.804651 2.838541 13.770961 0.045518 0.996727 -0.055953 0.036518
1520616924.064745188 22.785649 2.836403 13.707938 0.040209 0.996868 -0.053141 0.042577
1520616924.114727259 22.767613 2.833455 13.648487 0.033201 0.996141 -0.056963 0.057924
1520616924.164729357 22.754159 2.825756 13.593300 0.020583 0.993915 -0.070073 0.082461
1520616924.214730263 22.745994 2.807422 13.543671 0.005368 0.988763 -0.093366 0.116622
1520616924.264732122 22.742078 2.783100 13.495169 -0.011477 0.980455 -0.125559 0.151035
1520616924.314501286 22.740698 2.763390 13.450795 -0.023729 0.969796 -0.156882 0.185256
1520616924.364502192 22.744220 2.742610 13.408555 -0.031076 0.957417 -0.180795 0.222936
1520616924.414504528 22.755514 2.725646 13.370383 -0.032544 0.944362 -0.195139 0.262760
1520616924.464505434 22.769040 2.714961 13.330712 -0.031878 0.930467 -0.198942 0.306001
1520616924.514507294 22.786000 2.707925 13.289991 -0.030996 0.916799 -0.194882 0.347188
1520616924.564508438 22.807085 2.704451 13.246959 -0.024183 0.903942 -0.187401 0.383647
1520616924.614510298 22.830892 2.705430 13.200610 -0.012892 0.891979 -0.181358 0.413904
1520616924.664512157 22.855666 2.702098 13.155911 0.007206 0.881624 -0.173508 0.438841
1520616924.714418888 22.882269 2.699107 13.112094 0.032941 0.873136 -0.167498 0.456610
1520616924.764421225 22.906584 2.684345 13.066543 0.067430 0.867149 -0.160798 0.466529
1520616924.814422131 22.929155 2.664868 13.021354 0.111088 0.860619 -0.153397 0.472720
1520616924.864423990 22.950834 2.639529 12.975838 0.159311 0.853970 -0.144971 0.473644
1520616924.914425135 22.970522 2.614399 12.926521 0.202299 0.850379 -0.138018 0.465706
1520616924.964426994 22.988214 2.590668 12.873561 0.238355 0.850882 -0.131466 0.449337
1520616925.014427900 23.003970 2.569941 12.817845 0.269500 0.852081 -0.126122 0.430605
1520616925.064429998 23.017819 2.553705 12.758453 0.292345 0.855693 -0.122794 0.408957
1520616925.114371538 23.029599 2.539567 12.698631 0.311272 0.858856 -0.120798 0.388439
1520616925.164938688 23.040066 2.526936 12.634770 0.328103 0.862071 -0.119802 0.367192
1520616925.214939594 23.046447 2.515212 12.570049 0.345189 0.865165 -0.118986 0.343769
1520616925.264941931 23.049415 2.500902 12.503884 0.362926 0.867223 -0.120886 0.318742
1520616925.314942837 23.049531 2.488907 12.435848 0.375899 0.871275 -0.124553 0.289941
1520616925.364943504 23.044130 2.477454 12.366686 0.381868 0.878587 -0.123822 0.258707
1520616925.414945841 23.039360 2.466595 12.297125 0.384128 0.887258 -0.119594 0.225644
1520616925.464947701 23.034620 2.455561 12.229069 0.385103 0.894827 -0.113005 0.195476
1520616925.514948606 23.030631 2.443808 12.161404 0.385576 0.901340 -0.104522 0.167310
1520616925.565721512 23.037027 2.449762 12.090207 0.385927 0.906264 -0.098414 0.141635
1520616925.615722656 23.028704 2.435352 12.023659 0.383880 0.911819 -0.088467 0.115740
1520616925.665724754 23.020159 2.434550 11.954664 0.376005 0.918473 -0.085115 0.088226
1520616925.715725660 23.012956 2.437479 11.883603 0.362891 0.925624 -0.087580 0.062134
1520616925.765727758 23.001143 2.442551 11.813505 0.345353 0.933100 -0.090419 0.043353
1520616925.815728664 22.993638 2.470401 11.737125 0.318350 0.943208 -0.092400 0.021779
1520616925.865730524 22.978758 2.476671 11.670008 0.296367 0.950857 -0.089594 0.003337
1520616925.915732622 22.962902 2.476672 11.606236 0.277561 0.956380 -0.090611 -0.009338
1520616925.966017962 22.942890 2.465695 11.546563 0.248769 0.963750 -0.094188 -0.020699
1520616926.016020298 22.918548 2.443518 11.490857 0.210048 0.971913 -0.100445 -0.034295
1520616926.066021204 22.890354 2.425849 11.436114 0.168858 0.978219 -0.109386 -0.051078
1520616926.116023064 22.863870 2.409731 11.381763 0.130814 0.982062 -0.118182 -0.066893
1520616926.166024208 22.839853 2.395045 11.326485 0.107340 0.983118 -0.125763 -0.078360
1520616926.216026068 22.814307 2.390343 11.270287 0.091716 0.983471 -0.130783 -0.085258
1520616926.266027927 22.788601 2.394231 11.210590 0.077157 0.984195 -0.129140 -0.093438
1520616926.316029072 22.762130 2.397329 11.150647 0.065069 0.985604 -0.118913 -0.101046
1520616926.365901470 22.732683 2.393548 11.093088 0.059445 0.986734 -0.106971 -0.106677
1520616926.415902615 22.704844 2.388603 11.037312 0.064915 0.986302 -0.103202 -0.111103
1520616926.465904713 22.673326 2.381437 10.985697 0.076429 0.984281 -0.106589 -0.118276
1520616926.515905857 22.640742 2.371136 10.935706 0.088893 0.980860 -0.111178 -0.132861
1520616926.565907717 22.606704 2.364318 10.888567 0.106736 0.977075 -0.114319 -0.144443
1520616926.615908623 22.571731 2.357923 10.842366 0.121710 0.973291 -0.112357 -0.158957
1520616926.665910721 22.530595 2.357890 10.796644 0.128898 0.968490 -0.109723 -0.182685
1520616926.715912819 22.486235 2.363427 10.751698 0.129748 0.962091 -0.106939 -0.214733
1520616926.767682552 22.486235 2.363427 10.751698 0.129748 0.962091 -0.106939 -0.214733
1520616926.817684412 22.442182 2.373475 10.708475 0.147717 0.952369 -0.095748 -0.249007
1520616926.867686749 22.394631 2.381433 10.663069 0.172508 0.938374 -0.090876 -0.285373
1520616926.917687654 22.342329 2.390369 10.625137 0.193635 0.921101 -0.095412 -0.323998
1520616926.967689514 22.283571 2.398478 10.591547 0.207186 0.901359 -0.106766 -0.365002
1520616927.017690659 22.221318 2.404584 10.564527 0.217204 0.880669 -0.119036 -0.403825
1520616927.067692518 22.156729 2.408632 10.542189 0.225530 0.859901 -0.126746 -0.440047
1520616927.117693663 22.092702 2.415790 10.528101 0.232540 0.838042 -0.127972 -0.476691
1520616927.172907591 22.092702 2.415790 10.528101 0.232540 0.838042 -0.127972 -0.476691
1520616927.222909451 22.026007 2.426405 10.513341 0.245674 0.813131 -0.123572 -0.513023
1520616927.272910357 21.957016 2.437943 10.501883 0.254604 0.787007 -0.124135 -0.548077
1520616927.322912455 21.891876 2.453520 10.496601 0.263202 0.758686 -0.130324 -0.581495
1520616927.372913361 21.825636 2.471839 10.493675 0.268361 0.728921 -0.137829 -0.614540
1520616927.422914505 21.756964 2.486706 10.495362 0.271388 0.699764 -0.147847 -0.644065
1520616927.472916365 21.689210 2.503621 10.501239 -0.270424 -0.671113 0.159894 0.671500
1520616927.522918463 21.620941 2.519926 10.515503 -0.270983 -0.640766 0.170282 0.697847
1520616927.572919607 21.556580 2.535377 10.534670 -0.269561 -0.609911 0.171418 0.725232
1520616927.622921467 21.495295 2.547349 10.557181 -0.270081 -0.581472 0.171494 0.748022
1520616927.672922373 21.434515 2.560677 10.580452 -0.272698 -0.556435 0.173278 0.765500
1520616927.722924471 21.377671 2.575676 10.607474 -0.276852 -0.531273 0.174811 0.781372
1520616927.772925377 21.323462 2.595574 10.638609 -0.280987 -0.501888 0.177421 0.798546
1520616927.822927475 21.270206 2.618879 10.672349 -0.281400 -0.467880 0.177497 0.818778
1520616927.872929573 21.218190 2.644905 10.708839 -0.280937 -0.432627 0.178541 0.837873
1520616927.922930479 21.167515 2.672056 10.747542 -0.281486 -0.396551 0.183137 0.854385
1520616927.972932339 21.117618 2.697745 10.789919 -0.279213 -0.359338 0.188926 0.870186
1520616928.022933483 21.074669 2.717443 10.834962 -0.272894 -0.324428 0.193219 0.884840
1520616928.072935343 21.031702 2.736077 10.884389 -0.264751 -0.291555 0.193305 0.898630
1520616928.122936487 20.993624 2.752976 10.936600 -0.258782 -0.260807 0.189627 0.910523
1520616928.172938585 20.957947 2.767287 10.990495 -0.257803 -0.228481 0.185774 0.920230
1520616928.222940445 20.930464 2.789214 11.051223 -0.258205 -0.195621 0.181428 0.928518
1520616928.272941589 20.903800 2.810587 11.110243 -0.259748 -0.166609 0.177504 0.934486
1520616928.322943449 20.882313 2.833800 11.169599 -0.262112 -0.139602 0.173460 0.939000
1520616928.372945309 20.866377 2.862105 11.228485 -0.263305 -0.117652 0.170780 0.942158
1520616928.418319702 20.849408 2.876583 11.275719 -0.263848 -0.099075 0.168137 0.944615
1520616928.468320847 20.837432 2.904745 11.336517 -0.261163 -0.084841 0.163821 0.947501
1520616928.518322706 20.827909 2.930055 11.395261 -0.254926 -0.076768 0.157323 0.950983
1520616928.568324566 20.819096 2.951254 11.456017 -0.245718 -0.072869 0.148543 0.955117
1520616928.618325710 20.815694 2.969240 11.521264 -0.235535 -0.070187 0.134695 0.959924
1520616928.668327570 20.812726 2.982732 11.583018 -0.224982 -0.068427 0.114621 0.965175
1520616928.718328476 20.812138 2.992794 11.644299 -0.215825 -0.064107 0.100361 0.969143
1520616928.768330812 20.811502 3.002217 11.704618 -0.206715 -0.059151 0.084105 0.972983
1520616928.816122532 20.820260 3.012760 11.764046 -0.196659 -0.054409 0.068570 0.976557
1520616928.866124868 20.824008 3.025901 11.827309 -0.184287 -0.046005 0.053356 0.980344
1520616928.916126728 20.833393 3.040505 11.891532 -0.172717 -0.035957 0.034966 0.983694
1520616928.966127634 20.841920 3.055308 11.955456 -0.160504 -0.027255 0.016901 0.986514
1520616929.016128778 20.849559 3.068083 12.020279 -0.144959 -0.020376 -0.000934 0.989227
1520616929.066235542 20.855512 3.076765 12.085083 -0.126975 -0.016641 -0.020002 0.991565
1520616929.116132498 20.860064 3.080917 12.149718 -0.107084 -0.018199 -0.043430 0.993134
1520616929.166133642 20.860877 3.080451 12.213049 -0.085095 -0.027230 -0.063704 0.993961
1520616929.215279818 20.861570 3.071831 12.272819 -0.063561 -0.043134 -0.081543 0.993705
1520616929.265280724 20.865970 3.062831 12.334489 -0.045195 -0.057523 -0.098807 0.992414
1520616929.315282583 20.867981 3.056761 12.391536 -0.030247 -0.067580 -0.112226 0.990921
1520616929.365283728 20.869506 3.052880 12.448664 -0.017035 -0.074976 -0.122474 0.989489
1520616929.415285826 20.872317 3.051506 12.506736 -0.004902 -0.078788 -0.128868 0.988515
1520616929.465287685 20.875863 3.052866 12.567375 0.008088 -0.082166 -0.134707 0.987440
1520616929.515288830 20.878619 3.055591 12.629806 0.022796 -0.086372 -0.142996 0.985684
1520616929.565290689 20.878823 3.057254 12.693015 0.036627 -0.095034 -0.151924 0.983131
1520616929.614524364 20.884177 3.056691 12.758070 0.049790 -0.108166 -0.159469 0.979995
1520616929.664526224 20.880668 3.047952 12.821465 0.063606 -0.123664 -0.165324 0.976386
1520616929.714527607 20.871732 3.042026 12.887190 0.078656 -0.141215 -0.171329 0.971863
1520616929.764529467 20.856210 3.033807 12.949081 0.091200 -0.159145 -0.175640 0.967216
1520616929.814530611 20.840274 3.026728 13.009842 0.100885 -0.177712 -0.179997 0.962207
1520616929.864532471 20.820622 3.023548 13.069370 0.108278 -0.196504 -0.184524 0.956877
1520616929.914534330 20.801474 3.023989 13.129818 0.113544 -0.215136 -0.190587 0.951052
1520616929.964535475 20.781733 3.026252 13.187666 0.118472 -0.231649 -0.200005 0.944617
1520616930.014537573 20.761304 3.032814 13.246984 0.127345 -0.249198 -0.212578 0.936213
1520616930.064171791 20.739455 3.040256 13.304154 0.139733 -0.270801 -0.228080 0.924728
1520616930.114172697 20.716076 3.051376 13.359379 0.151823 -0.296707 -0.242234 0.911174
1520616930.164174795 20.688536 3.065194 13.411012 0.158896 -0.323838 -0.252784 0.897765
1520616930.214175701 20.657383 3.079852 13.457619 0.159190 -0.350920 -0.257734 0.886052
1520616930.264177561 20.625579 3.098003 13.503074 0.151966 -0.379701 -0.253206 0.876710
1520616930.314179897 20.593022 3.117351 13.543126 0.140276 -0.411285 -0.245708 0.866484
1520616930.364180803 20.558622 3.140907 13.575972 0.126257 -0.446983 -0.238812 0.852780
1520616930.414182901 20.523217 3.169141 13.604383 0.111651 -0.483791 -0.227200 0.837771
1520616930.464092970 20.488161 3.200110 13.625758 0.098322 -0.522271 -0.212708 0.819952
1520616930.514094114 20.451727 3.232443 13.640170 0.087333 -0.562805 -0.196873 0.798038
1520616930.564095974 20.410979 3.282360 13.649728 0.084675 -0.603952 -0.182173 0.771288
1520616930.614097834 20.369059 3.321599 13.653610 0.088385 -0.641639 -0.171553 0.742332
1520616930.664098978 20.326384 3.358895 13.650631 0.090015 -0.677296 -0.152616 0.714056
1520616930.714184046 20.286404 3.392069 13.639505 -0.089767 0.714686 0.130363 -0.681301
1520616930.764102221 20.250025 3.413670 13.618008 -0.086330 0.753109 0.109619 -0.642929
1520616930.814104080 20.217855 3.436633 13.591776 -0.083821 0.789855 0.094582 -0.600131
1520616930.864392042 20.187718 3.457199 13.561932 -0.077556 0.824204 0.079789 -0.555254
1520616930.914393902 20.162083 3.471230 13.522058 -0.065782 0.853003 0.065049 -0.513640
1520616930.964395046 20.134749 3.481719 13.481454 -0.049763 0.876996 0.046294 -0.475667
1520616931.014396906 20.107006 3.488489 13.440177 -0.031412 0.896378 0.026311 -0.441393
1520616931.064398766 20.079582 3.496840 13.395584 -0.014832 0.909768 0.008414 -0.414767
1520616931.114399910 20.051188 3.504923 13.352483 0.003827 0.917209 -0.006793 -0.398331
1520616931.164402008 20.021673 3.509902 13.309157 0.026477 0.919307 -0.016975 -0.392283
1520616931.214402914 19.990288 3.509735 13.265801 0.054706 0.916615 -0.027627 -0.395045
1520616931.265215397 19.959669 3.505715 13.221260 0.081899 0.910332 -0.042977 -0.403412
1520616931.315216541 19.919026 3.485323 13.182468 0.103817 0.901688 -0.062544 -0.415052
1520616931.365218639 19.880437 3.471302 13.145309 0.120311 0.888709 -0.091521 -0.432834
1520616931.415219784 19.842807 3.452125 13.109044 0.136035 0.873531 -0.120094 -0.451680
1520616931.465221643 19.804321 3.435326 13.075170 0.150307 0.858818 -0.144741 -0.467857
1520616931.515223503 19.762945 3.419419 13.045425 0.159308 0.846441 -0.160958 -0.481924
1520616931.565224648 19.719871 3.407579 13.014020 0.167428 0.834787 -0.174888 -0.494482
1520616931.615226507 19.675411 3.396023 12.983738 0.179228 0.823525 -0.187473 -0.504517
1520616931.666054964 19.625987 3.383572 12.960396 0.192593 0.814011 -0.197129 -0.511306
1520616931.716056108 19.578328 3.373677 12.936102 0.207884 0.802344 -0.207588 -0.519553
1520616931.766057968 19.527878 3.363963 12.913989 0.221792 0.789009 -0.216110 -0.530631
1520616931.816059828 19.477578 3.358289 12.898464 0.234016 0.773279 -0.222068 -0.545859
1520616931.866060972 19.423697 3.346183 12.887593 0.248206 0.754835 -0.225268 -0.563802
1520616931.916063070 19.369947 3.335915 12.882689 0.265784 0.734791 -0.228763 -0.580610
1520616931.966063976 19.316410 3.329641 12.879905 0.281022 0.716014 -0.227663 -0.597093
1520616932.016065121 19.264361 3.328284 12.880345 0.293979 0.698935 -0.223583 -0.612435
1520616932.066485405 19.208503 3.325520 12.882728 0.303278 0.682344 -0.213599 -0.629925
1520616932.116487503 19.155192 3.331338 12.890629 0.307325 0.663889 -0.209101 -0.648907
1520616932.166488409 19.098426 3.337683 12.904458 -0.309903 -0.640025 0.209158 0.671254
1520616932.216489553 19.046099 3.350864 12.927725 -0.306244 -0.610581 0.214988 0.697987
1520616932.266491413 18.998417 3.356907 12.959548 -0.301006 -0.575053 0.223373 0.727196
1520616932.316493273 18.947120 3.362210 12.995298 -0.296273 -0.530958 0.234627 0.758456
1520616932.366553307 18.898728 3.369275 13.034108 -0.289295 -0.484722 0.248494 0.787149
1520616932.416496277 18.851812 3.392290 13.079110 -0.277278 -0.437665 0.257905 0.815507
1520616932.466497421 18.817452 3.399670 13.129573 -0.268030 -0.390901 0.263052 0.840333
1520616932.516465902 18.789160 3.407759 13.181353 -0.259202 -0.347100 0.268747 0.860297
1520616932.566466808 18.760689 3.421302 13.237769 -0.249108 -0.304148 0.274170 0.877650
1520616932.616468668 18.734557 3.435128 13.296402 -0.237479 -0.263181 0.279567 0.892290
1520616932.666471004 18.711229 3.447627 13.356882 -0.222916 -0.226529 0.284992 0.904308
1520616932.716471910 18.691198 3.459627 13.420563 -0.207679 -0.191883 0.291377 0.913865
1520616932.766473770 18.673965 3.473027 13.486204 -0.191543 -0.159429 0.296288 0.922013
1520616932.816474915 18.659684 3.481303 13.551105 -0.175850 -0.132730 0.301454 0.927677
1520616932.866476774 18.648574 3.487378 13.618231 -0.161342 -0.109456 0.309100 0.930831
1520616932.915743589 18.640291 3.491189 13.684380 -0.148133 -0.085687 0.309185 0.935478
1520616932.965745449 18.635814 3.494533 13.751039 -0.136010 -0.063059 0.306657 0.939939
1520616933.015746355 18.636370 3.498888 13.818574 -0.123453 -0.039311 0.307828 0.942579
1520616933.065748453 18.642319 3.504651 13.884056 -0.107663 -0.015461 0.310243 0.944415
1520616933.115750313 18.650120 3.512970 13.949191 -0.087955 0.010117 0.310636 0.946397
1520616933.165751219 18.659102 3.519750 14.013278 -0.065579 0.035947 0.311592 0.947268
1520616933.215753555 18.671260 3.529276 14.076209 -0.041687 0.063478 0.308750 0.948107
1520616933.265754461 18.685339 3.539171 14.138956 -0.019255 0.089979 0.302203 0.948792
1520616933.314913273 18.701153 3.546927 14.197007 -0.000617 0.115906 0.292731 0.949144
1520616933.364915133 18.718741 3.555270 14.254146 0.014826 0.139156 0.283928 0.948578
1520616933.414917231 18.737863 3.565718 14.312056 0.029590 0.159297 0.277669 0.946915
1520616933.464918375 18.763031 3.570968 14.365867 0.043780 0.183802 0.271237 0.943785
1520616933.514920235 18.792864 3.575372 14.415446 0.058021 0.214049 0.262501 0.939100
1520616933.564921141 18.825731 3.575527 14.461391 0.072011 0.244034 0.257538 0.932167
1520616933.614923239 18.863721 3.574302 14.503097 0.084554 0.274209 0.251333 0.924387
1520616933.664924145 18.903638 3.574169 14.541508 0.096222 0.304226 0.245344 0.915420
1520616933.714437008 18.945882 3.571329 14.578955 0.107055 0.331123 0.242538 0.905578
1520616933.764437914 18.992954 3.573585 14.615133 0.119404 0.357118 0.240371 0.894668
1520616933.814439058 19.043040 3.573862 14.648594 0.132985 0.380394 0.239714 0.883263
1520616933.864441156 19.096321 3.573009 14.679690 0.148393 0.401433 0.241485 0.870928
1520616933.914443016 19.153034 3.569495 14.707916 0.163597 0.424076 0.243263 0.856866
1520616933.964444160 19.213841 3.562893 14.729775 0.181464 0.443448 0.249728 0.841463
1520616934.014483929 19.277619 3.550167 14.747647 0.200945 0.465200 0.259351 0.822160
1520616934.064446926 19.345190 3.539075 14.760330 0.216620 0.493699 0.261437 0.800617
1520616934.114621401 19.411805 3.530543 14.775143 0.234470 0.519002 0.262671 0.778887
1520616934.164622545 19.478822 3.517451 14.777560 0.250616 0.544093 0.263672 0.756063
1520616934.214624405 19.548181 3.504085 14.772790 0.262859 0.571818 0.259236 0.732616
1520616934.264626503 19.617311 3.493069 14.763745 0.276950 0.598258 0.254813 0.707430
1520616934.314627647 19.687930 3.484540 14.750997 0.294097 0.624090 0.247995 0.680086
1520616934.364629507 19.756169 3.474314 14.732521 0.312655 0.647171 0.240861 0.652229
1520616934.414630413 19.824807 3.469170 14.710937 0.328935 0.669412 0.229899 0.625169
1520616934.464632511 19.889572 3.465754 14.684279 0.339467 0.693327 0.217235 0.597385
1520616934.514633417 19.954836 3.459641 14.652971 0.348088 0.718368 0.206755 0.565716
1520616934.566385984 19.954836 3.459641 14.652971 0.348088 0.718368 0.206755 0.565716
1520616934.616386890 20.011630 3.457936 14.615830 0.358827 0.741585 0.195500 0.532048
1520616934.666388750 20.062831 3.455313 14.570925 0.367591 0.765435 0.180336 0.496452
1520616934.716390848 20.110006 3.447745 14.522675 0.375612 0.789148 0.162635 0.457942
1520616934.766391754 20.150945 3.441006 14.469374 0.380132 0.813648 0.141829 0.416366
1520616934.816393614 20.187686 3.437820 14.411667 0.384092 0.834883 0.122029 0.374904
1520616934.866394997 20.219876 3.439226 14.350315 0.388577 0.851658 0.103603 0.336085
1520616934.916396856 20.244406 3.444644 14.286207 0.388353 0.866885 0.085282 0.300699
1520616934.967000246 20.267556 3.448607 14.226977 0.380900 0.882430 0.065389 0.268246
1520616935.017002344 20.284496 3.453475 14.162103 0.371285 0.895992 0.045713 0.239283
1520616935.067003489 20.294437 3.456389 14.097161 0.357430 0.909930 0.026974 0.208669
1520616935.117005348 20.297177 3.456163 14.033258 0.345845 0.920764 0.010926 0.180182
1520616935.167006493 20.295121 3.452558 13.969881 0.329030 0.931954 -0.005538 0.152218
1520616935.217008352 20.285761 3.442164 13.910503 0.306400 0.943617 -0.020817 0.123585
1520616935.267009258 20.272335 3.428518 13.855062 0.282371 0.953719 -0.036235 0.096824
1520616935.317011356 20.257322 3.415858 13.801956 0.260193 0.961578 -0.052878 0.069794
1520616935.366678238 20.244714 3.396227 13.750238 0.237863 0.967592 -0.071117 0.046137
1520616935.416680098 20.233096 3.376704 13.700172 0.213899 0.972396 -0.089773 0.025178
1520616935.466681242 20.225287 3.355364 13.651021 0.185818 0.976671 -0.107463 0.006052
1520616935.516683340 20.220776 3.329547 13.603254 0.159240 0.979309 -0.124498 -0.009816
1520616935.566684246 20.221129 3.297779 13.557098 0.137737 0.979972 -0.142065 -0.022394
1520616935.616686344 20.229345 3.258853 13.511808 0.121095 0.978931 -0.161279 -0.031918
1520616935.666701317 20.245221 3.212465 13.469887 0.107671 0.976604 -0.182326 -0.037535
1520616935.716689110 20.267556 3.160211 13.431434 0.095808 0.973341 -0.204554 -0.039831
1520616935.765532970 20.297282 3.112557 13.398266 0.087036 0.969519 -0.225631 -0.039361
1520616935.815534830 20.331974 3.055116 13.367302 0.083286 0.966517 -0.240669 -0.031400
1520616935.865536690 20.377694 3.007181 13.332079 0.084596 0.963313 -0.253887 -0.020324
1520616935.915537834 20.427580 2.966600 13.295590 0.088390 0.961329 -0.260701 -0.008276
1520616935.965539932 20.483241 2.934903 13.258680 0.094513 0.960594 -0.261275 0.007921
1520616936.015540838 20.543513 2.910949 13.221706 0.105069 0.960273 -0.256613 0.031419
1520616936.065542936 20.607300 2.896984 13.183193 0.118010 0.959950 -0.246853 0.060280
1520616936.115543842 20.672677 2.892426 13.142215 0.130735 0.959705 -0.231726 0.090429
1520616936.165092707 20.736771 2.891966 13.102126 0.143460 0.959005 -0.213436 0.119055
1520616936.215093613 20.798604 2.897671 13.059794 0.154597 0.956620 -0.196981 0.148915
1520616936.265095472 20.855905 2.902508 13.014795 0.163647 0.952913 -0.184918 0.176018
1520616936.315097570 20.912281 2.909150 12.972070 0.176391 0.947922 -0.172960 0.201036
1520616936.365098476 20.960110 2.910365 12.932134 0.185901 0.944350 -0.156224 0.221897
1520616936.415100336 21.008098 2.916444 12.890642 0.189736 0.942957 -0.137549 0.236460
1520616936.465101480 21.047350 2.919738 12.846542 0.186466 0.944110 -0.115618 0.246006
1520616936.515103579 21.086295 2.926735 12.801857 0.179831 0.945391 -0.094348 0.254943
1520616936.570525169 21.086295 2.926735 12.801857 0.179831 0.945391 -0.094348 0.254943
1520616936.620527029 21.115408 2.942529 12.744492 0.174070 0.947426 -0.084911 0.254704
1520616936.670529127 21.140424 2.951712 12.684137 0.166713 0.950051 -0.081331 0.250987
1520616936.720531225 21.157568 2.962695 12.620123 0.157677 0.953429 -0.082601 0.243493
1520616936.770532131 21.168486 2.969154 12.557333 0.147171 0.957010 -0.087201 0.234241
1520616936.820533991 21.181509 2.975086 12.493236 0.135420 0.961453 -0.093360 0.220348
1520616936.870535135 21.184246 2.974638 12.432594 0.122458 0.965486 -0.097762 0.208048
1520616936.920536995 21.186010 2.970682 12.372821 0.109571 0.969414 -0.100552 0.195242
1520616936.970537901 21.191713 2.967727 12.313760 0.102995 0.973131 -0.102721 0.178486
1520616937.023215294 21.229597 2.925568 12.249955 0.103711 0.978007 -0.097946 0.152162
1520616937.073216438 21.230476 2.891737 12.195291 0.106867 0.981214 -0.091783 0.131810
1520616937.123218536 21.218502 2.877303 12.139218 0.109220 0.983163 -0.089349 0.116092
1520616937.173219442 21.209933 2.859429 12.082697 0.106455 0.985064 -0.090741 0.100407
1520616937.223221540 21.206900 2.840287 12.024347 0.101005 0.986180 -0.099062 0.086219
1520616937.273223400 21.198772 2.814718 11.965702 0.096449 0.985961 -0.113890 0.074889
1520616937.323225260 21.193563 2.784330 11.907805 0.094690 0.984179 -0.134842 0.065136
1520616937.373225451 21.192286 2.742562 11.853835 0.099396 0.981062 -0.156372 0.056442
1520616937.423227310 21.193318 2.697002 11.803751 0.110105 0.977482 -0.173778 0.046977
1520616937.473229647 21.198106 2.657033 11.755892 0.120703 0.974332 -0.185641 0.040573
1520616937.523230553 21.204538 2.616875 11.712008 0.133509 0.972118 -0.188444 0.040642
1520616937.573232412 21.213428 2.583102 11.667959 0.144556 0.971098 -0.185026 0.042876
1520616937.623233557 21.224575 2.554778 11.619513 0.154543 0.970837 -0.178514 0.041524
1520616937.673235416 21.236582 2.537381 11.566859 0.167209 0.969939 -0.172744 0.037666
1520616937.723236322 21.251410 2.525130 11.512614 0.178959 0.968784 -0.166846 0.039913
1520616937.773238420 21.267242 2.514876 11.457790 0.187932 0.967570 -0.162188 0.046744
1520616937.823239326 21.282751 2.497875 11.401006 0.195516 0.966247 -0.157850 0.056786
1520616937.873241425 21.297057 2.480799 11.344424 0.201023 0.964757 -0.157218 0.064152
1520616937.923243523 21.306080 2.457309 11.289335 0.207318 0.962274 -0.160640 0.072403
1520616937.973244429 21.308803 2.428405 11.234526 0.215826 0.958631 -0.167647 0.079623
1520616938.023246288 21.303825 2.394739 11.180932 0.225662 0.954979 -0.174593 0.081301
1520616938.073248625 21.292706 2.361927 11.127404 0.233806 0.952083 -0.182068 0.075653
1520616938.123249292 21.270174 2.329766 11.075699 0.244270 0.948860 -0.187970 0.068300
1520616938.173250675 21.245489 2.302211 11.021985 0.254556 0.945870 -0.192904 0.057603
1520616938.223252535 21.213275 2.277936 10.968348 0.264951 0.942317 -0.199016 0.047235
1520616938.273254395 21.175850 2.255143 10.914828 0.274502 0.938173 -0.207355 0.038520
1520616938.323255539 21.132457 2.237167 10.862612 0.280358 0.934390 -0.218223 0.026328
1520616938.373257399 21.080685 2.224055 10.810894 0.283640 0.930366 -0.232100 0.009803
1520616938.423259497 21.024004 2.217555 10.760355 0.282473 0.926668 -0.247645 -0.012906
1520616938.473260641 20.962609 2.213945 10.712492 0.283297 0.922032 -0.261424 -0.035464
1520616938.523262501 20.897333 2.217464 10.667021 0.286032 0.917463 -0.270064 -0.059264
1520616938.573263407 20.829496 2.231754 10.620980 0.283841 0.915176 -0.270747 -0.092642
1520616938.623264551 20.758694 2.257717 10.570946 0.281674 0.912355 -0.264776 -0.134767
1520616938.673266411 20.687153 2.288666 10.526859 0.283518 0.908255 -0.251681 -0.177049
1520616938.723268270 20.616324 2.326513 10.482705 0.288909 0.903057 -0.233269 -0.215882
1520616938.773270607 20.544379 2.369416 10.440515 0.293991 0.897351 -0.211376 -0.252291
1520616938.823271513 20.470302 2.419582 10.404668 0.296201 0.889749 -0.190317 -0.290501
1520616938.873275280 20.394342 2.469181 10.372248 0.297975 0.878968 -0.175135 -0.328562
1520616938.923274517 20.321906 2.511681 10.346313 0.299423 0.865923 -0.165968 -0.364661
1520616938.973276377 20.246314 2.558147 10.329333 0.296562 0.851273 -0.156792 -0.403486
1520616939.023277521 20.170649 2.595625 10.318298 0.292874 0.836353 -0.144412 -0.440322
1520616939.073279381 20.103159 2.631790 10.312025 0.290921 0.820721 -0.127435 -0.474913
1520616939.123280287 20.039517 2.664628 10.313442 0.287573 0.804677 -0.103398 -0.509024
1520616939.173282623 19.975709 2.693857 10.321301 0.285936 0.786522 -0.081677 -0.541251
1520616939.223283529 19.915235 2.717267 10.332706 0.284152 0.768458 -0.064793 -0.569677
1520616939.273285389 19.857731 2.736590 10.343708 0.279377 0.753096 -0.052857 -0.593297
1520616939.323286533 19.799288 2.751024 10.355524 0.268124 0.740601 -0.044479 -0.614525
1520616939.373288393 19.740109 2.761089 10.364867 0.250115 0.729590 -0.039926 -0.635254
1520616939.423289299 19.678317 2.763473 10.371851 0.226184 0.720341 -0.039999 -0.654485
1520616939.473291636 19.614393 2.760254 10.373735 0.199668 0.714999 -0.043275 -0.668608
1520616939.523293495 19.548588 2.750068 10.371232 0.172374 0.714641 -0.042698 -0.676574
1520616939.573294401 19.482891 2.731746 10.363013 0.148084 0.718092 -0.040036 -0.678831
1520616939.623296499 19.417140 2.705825 10.345618 0.132058 0.724810 -0.042936 -0.674810
1520616939.673298359 19.351711 2.676774 10.321219 0.125468 0.732335 -0.049957 -0.667419
1520616939.723299265 19.292371 2.649747 10.288635 0.127041 0.740427 -0.058967 -0.657382
1520616939.773300409 19.234590 2.631396 10.250608 0.132310 0.751212 -0.067479 -0.643134
1520616939.823302507 19.180356 2.621473 10.209291 0.136505 0.763253 -0.073688 -0.627201
1520616939.871281385 19.129121 2.614666 10.163930 0.143601 0.773323 -0.082653 -0.611980
1520616939.921282291 19.080051 2.617546 10.115657 0.150005 0.783844 -0.093324 -0.595297
1520616939.971284389 19.030237 2.626688 10.060629 0.158867 0.791560 -0.106692 -0.580355
1520616940.021286488 18.979888 2.640793 10.009100 0.168278 0.798119 -0.118872 -0.566178
1520616940.071287394 18.930571 2.656281 9.957537 0.179111 0.802939 -0.127139 -0.554115
1520616940.121289492 18.882410 2.671876 9.908254 0.192841 0.805849 -0.128403 -0.544915
1520616940.171291351 18.836458 2.688849 9.862569 0.210652 0.808368 -0.125176 -0.535255
1520616940.221292257 18.796019 2.703414 9.820511 0.231912 0.812321 -0.120345 -0.521410
1520616940.268473387 18.765125 2.703515 9.783862 0.251849 0.815031 -0.113874 -0.509244
1520616940.318474293 18.724670 2.723693 9.752424 0.264192 0.817134 -0.104322 -0.501609
1520616940.368476152 18.677917 2.742103 9.730582 0.271305 0.818095 -0.094214 -0.498235
1520616940.418477297 18.627336 2.763647 9.714615 0.277912 0.816448 -0.090648 -0.497956
1520616940.468478203 18.571970 2.789165 9.703699 0.280227 0.812714 -0.089766 -0.502903
1520616940.518480062 18.509758 2.816885 9.699252 0.283088 0.806973 -0.091753 -0.510134
1520616940.568482399 18.445061 2.844788 9.700438 0.281591 0.801363 -0.093582 -0.519390
1520616940.618483305 18.376735 2.873274 9.706842 0.273763 0.795218 -0.094585 -0.532668
1520616940.667239189 18.311185 2.899034 9.718467 0.261157 0.790940 -0.094953 -0.545156
1520616940.717152119 18.236783 2.917120 9.733958 0.243986 0.787911 -0.092524 -0.557769
1520616940.767154217 18.165835 2.934807 9.751749 0.221821 0.785521 -0.084443 -0.571508
1520616940.817155123 18.097138 2.946824 9.768568 0.205066 0.782208 -0.080642 -0.582748
1520616940.867156982 18.030110 2.957425 9.785401 0.189659 0.777465 -0.076404 -0.594760
1520616940.917158127 17.964197 2.967596 9.801231 0.175800 0.772305 -0.071086 -0.606288
1520616940.967159986 17.899473 2.979132 9.815491 0.164316 0.767330 -0.064520 -0.616475
1520616941.017160892 17.834762 2.992059 9.827797 0.156580 0.762524 -0.058234 -0.625019
1520616941.066149235 17.771772 3.008108 9.839905 0.150095 0.758114 -0.051152 -0.632549
1520616941.116151333 17.709142 3.023429 9.848753 0.146831 0.754085 -0.046352 -0.638473
1520616941.166152239 17.643211 3.034465 9.855670 0.142903 0.749586 -0.042571 -0.644893
1520616941.216154099 17.577182 3.040516 9.861214 0.137394 0.743948 -0.039333 -0.652776
1520616941.266155243 17.511851 3.038777 9.863833 0.131316 0.738378 -0.039995 -0.660269
1520616941.316157103 17.445507 3.031890 9.862526 0.126946 0.733954 -0.046867 -0.665582
1520616941.366159439 17.378551 3.024510 9.855430 0.119786 0.726123 -0.054074 -0.674887
1520616941.416160345 17.311855 3.020495 9.842878 0.108389 0.718981 -0.059299 -0.683961
1520616941.466162205 17.247180 3.021606 9.821770 0.097368 0.716071 -0.063325 -0.688296
1520616941.515747070 17.186197 3.027924 9.792503 0.095347 0.718136 -0.071188 -0.685654
1520616941.565748930 17.128333 3.043501 9.755035 0.105415 0.721558 -0.082896 -0.679242
1520616941.615750074 17.071363 3.067315 9.715663 0.119116 0.725882 -0.089558 -0.671480
1520616941.665752172 17.019375 3.101897 9.673133 0.134025 0.731990 -0.091732 -0.661675
1520616941.715754032 16.960501 3.131414 9.623819 0.147740 0.740731 -0.089930 -0.649156
1520616941.765755892 16.906587 3.156547 9.576183 0.158163 0.753602 -0.085522 -0.632261
1520616941.815757036 16.855918 3.172453 9.529598 0.166257 0.766726 -0.080738 -0.614794
1520616941.865758896 16.802445 3.178645 9.483665 0.174582 0.779268 -0.083550 -0.596056
1520616941.916064978 16.748278 3.176982 9.439164 0.180058 0.788223 -0.090282 -0.581492
1520616941.966065884 16.697496 3.169229 9.397187 0.181710 0.797865 -0.096866 -0.566578
1520616942.016067743 16.649041 3.161712 9.355195 0.181991 0.807638 -0.102408 -0.551464
1520616942.066070080 16.602973 3.155750 9.311934 0.182551 0.819886 -0.105840 -0.532222
1520616942.116070986 16.559596 3.152250 9.269809 0.184856 0.835600 -0.107113 -0.506090
1520616942.166072845 16.516086 3.151758 9.230350 0.186771 0.852662 -0.104907 -0.476527
1520616942.216076136 16.470298 3.151722 9.193224 0.189528 0.869470 -0.102510 -0.444514
1520616942.266075850 16.421503 3.152032 9.160284 0.186263 0.885333 -0.100149 -0.414080
1520616942.317450047 16.368490 3.145419 9.131746 0.184701 0.899294 -0.103619 -0.382648
1520616942.367389917 16.307875 3.134133 9.119076 0.184598 0.910697 -0.109341 -0.352987
1520616942.417390823 16.247013 3.119910 9.102636 0.185647 0.919889 -0.118573 -0.324469
1520616942.467392921 16.182406 3.103226 9.088796 0.185297 0.926274 -0.126851 -0.302638
1520616942.517393827 16.116073 3.086633 9.076874 0.187020 0.930442 -0.136435 -0.284054
1520616942.567395926 16.049627 3.071434 9.066022 0.193141 0.933216 -0.147739 -0.264534
1520616942.617397070 15.981120 3.063348 9.055752 0.199468 0.934727 -0.158142 -0.247969
1520616942.667398930 15.914560 3.057022 9.043921 0.215492 0.933423 -0.172227 -0.229397
1520616942.716712475 15.849638 3.056337 9.031954 0.224605 0.933066 -0.186241 -0.210368
1520616942.766713381 15.778171 3.056617 9.020227 0.230064 0.931979 -0.201115 -0.195034
1520616942.816715479 15.706825 3.057060 9.009557 0.240674 0.928014 -0.218264 -0.182282
1520616942.866716385 15.632472 3.058446 8.999149 0.250440 0.921368 -0.234114 -0.183173
1520616942.916718245 15.548491 3.059128 8.987100 0.255264 0.911469 -0.244057 -0.210954
1520616942.966719389 15.462696 3.063024 8.975307 0.245077 0.900948 -0.246063 -0.260159
1520616943.016721487 15.375600 3.068175 8.964651 0.231264 0.887946 -0.245754 -0.312529
1520616943.066723347 15.292667 3.075551 8.954372 0.219931 0.873269 -0.241240 -0.361711
1520616943.117306709 15.212863 3.086012 8.944410 0.209191 0.857980 -0.229628 -0.409121
1520616943.167308807 15.135831 3.100333 8.934153 0.201384 0.841401 -0.215955 -0.452606
1520616943.217309713 15.056425 3.120417 8.923099 0.189448 0.822073 -0.199166 -0.498637
1520616943.267311573 14.974435 3.141871 8.911509 0.179482 0.797424 -0.180366 -0.547146
1520616943.317313910 14.896534 3.162413 8.899973 0.173826 0.769788 -0.163120 -0.592117
1520616943.367315769 14.818993 3.183276 8.891649 0.168294 0.738412 -0.146145 -0.636449
1520616943.417316675 14.745355 3.196012 8.885089 0.160016 0.706117 -0.131020 -0.677221
1520616943.467318773 14.675415 3.203418 8.879595 -0.147070 -0.672798 0.116980 0.715562
1520616943.516673803 14.607628 3.207876 8.878399 -0.126420 -0.639473 0.099300 0.751819
1520616943.566674948 14.539958 3.209900 8.880614 -0.106538 -0.612274 0.083380 0.778985
1520616943.616675854 14.477016 3.213080 8.879541 -0.087768 -0.591486 0.064263 0.798944
1520616943.666677713 14.414289 3.217707 8.877191 -0.074142 -0.579035 0.045556 0.810646
1520616943.716678858 14.350557 3.224337 8.871753 -0.064807 -0.577910 0.029175 0.813000
1520616943.766680717 14.286392 3.231815 8.864129 -0.051015 -0.583408 0.009703 0.810517
1520616943.816681623 14.219599 3.241518 8.855022 -0.030190 -0.592912 -0.010419 0.804634
1520616943.866683960 14.150545 3.250306 8.844996 0.000994 -0.606590 -0.032858 0.794335
1520616943.916684866 14.082541 3.255657 8.833113 0.037692 -0.623983 -0.052317 0.778773
1520616943.965534925 14.082541 3.255657 8.833113 0.037692 -0.623983 -0.052317 0.778773
1520616944.015502930 14.082541 3.255657 8.833113 0.037692 -0.623983 -0.052317 0.778773
1520616944.065505028 14.017310 3.248963 8.812867 0.060997 -0.651946 -0.054896 0.753811
1520616944.115505934 13.964989 3.247952 8.783220 0.072324 -0.686570 -0.049665 0.721751
1520616944.165507793 13.908799 3.245243 8.752954 -0.074110 0.724141 0.041567 -0.684397
1520616944.215508938 13.853497 3.243442 8.719016 -0.074807 0.758780 0.035481 -0.646063
1520616944.265510798 13.799936 3.244684 8.685359 -0.076170 0.789343 0.027855 -0.608572
1520616944.315512896 13.747068 3.249177 8.651343 -0.076408 0.814168 0.017286 -0.575320
1520616944.365164280 13.693430 3.253684 8.618806 -0.075561 0.834660 0.001733 -0.545556
1520616944.415166378 13.640107 3.257872 8.587436 -0.064360 0.853754 -0.022899 -0.516175
1520616944.465167284 13.584995 3.257801 8.554774 -0.046781 0.868419 -0.051353 -0.490940
1520616944.515169382 13.529704 3.255626 8.524133 -0.020187 0.880334 -0.081763 -0.466819
1520616944.565170527 13.474065 3.251500 8.496548 0.014728 0.891128 -0.110344 -0.439884
1520616944.615172386 13.418987 3.245119 8.472150 0.053539 0.898436 -0.137004 -0.413735
1520616944.665174246 13.362400 3.239650 8.451952 0.090645 0.899715 -0.164602 -0.393958
1520616944.715175390 13.303536 3.235430 8.433126 0.127841 0.894781 -0.194588 -0.380998
1520616944.766013861 13.303536 3.235430 8.433126 0.127841 0.894781 -0.194588 -0.380998
1520616944.816014767 13.239292 3.233539 8.418835 0.162283 0.882537 -0.224139 -0.380203
1520616944.866017103 13.171532 3.237349 8.408232 0.193053 0.865908 -0.250562 -0.387496
1520616944.916018963 13.100003 3.244731 8.397984 0.222631 0.846116 -0.273704 -0.399511
1520616944.966019869 13.024970 3.254170 8.387881 0.252557 0.824250 -0.290293 -0.415401
1520616945.016021967 12.945787 3.259913 8.377312 0.285333 0.800507 -0.300794 -0.432777
1520616945.066023827 12.867391 3.266371 8.375764 0.316402 0.775661 -0.305350 -0.452771
1520616945.116024733 12.792851 3.267251 8.370264 0.343132 0.748462 -0.310526 -0.475014
1520616945.167651892 12.696430 3.284907 8.376544 0.362111 0.716416 -0.317414 -0.504849
1520616945.217653751 12.696430 3.284907 8.376544 0.362111 0.716416 -0.317414 -0.504849
1520616945.267654657 12.625960 3.287255 8.374897 0.367465 0.684532 -0.326583 -0.538264
1520616945.317655802 12.552427 3.294735 8.378146 0.367539 0.653186 -0.331090 -0.573273
1520616945.367658854 12.480173 3.307818 8.383205 0.363230 0.623899 -0.326882 -0.609888
1520616945.417658567 12.408168 3.325143 8.388273 -0.355319 -0.597665 0.317112 0.644969
1520616945.467660904 12.336476 3.344825 8.393387 -0.345609 -0.573567 0.305932 0.676743
1520616945.517661810 12.265328 3.365439 8.397514 -0.329059 -0.551188 0.288653 0.710346
1520616945.572168112 12.265328 3.365439 8.397514 -0.329059 -0.551188 0.288653 0.710346
1520616945.622176170 12.196012 3.372981 8.398608 -0.303714 -0.533553 0.269663 0.741863
1520616945.672171116 12.129324 3.377201 8.402825 -0.271805 -0.517614 0.249320 0.772034
1520616945.722172260 12.065890 3.378839 8.407581 -0.236265 -0.505056 0.227957 0.798206
1520616945.772174120 12.005202 3.377421 8.410453 -0.202651 -0.496237 0.204652 0.819023
1520616945.822175264 11.944712 3.375855 8.409818 -0.171045 -0.492279 0.179605 0.834354
1520616945.872177124 11.882434 3.376461 8.406647 -0.140775 -0.495813 0.154876 0.842832
1520616945.922178984 11.819270 3.379465 8.398804 -0.113726 -0.507996 0.133608 0.843300
1520616945.972037554 11.753986 3.382795 8.383144 -0.090468 -0.526386 0.113847 0.837718
1520616946.023311377 11.693277 3.384831 8.357782 -0.068130 -0.549374 0.095031 0.827355
1520616946.073312283 11.626501 3.386274 8.336524 -0.040924 -0.573350 0.074844 0.814858
1520616946.123314381 11.557471 3.385555 8.314043 -0.008397 -0.597385 0.054811 0.800035
1520616946.173315287 11.493794 3.381037 8.290930 0.023287 -0.621114 0.041249 0.782287
1520616946.223317146 11.435445 3.375891 8.270157 0.053226 -0.643120 0.032438 0.763225
1520616946.273319483 11.376826 3.365319 8.242738 0.077878 -0.665119 0.023989 0.742278
1520616946.323320389 11.320571 3.355128 8.212132 0.096039 -0.693458 0.015165 0.713906
1520616946.373322248 11.265939 3.347339 8.178224 -0.106964 0.725543 -0.008713 -0.679757
1520616946.423508406 11.215724 3.344766 8.137329 -0.110482 0.757610 -0.009234 -0.643223
1520616946.473510504 11.168218 3.346699 8.102668 -0.112382 0.786264 -0.014102 -0.607421
1520616946.523511648 11.125144 3.348974 8.067541 -0.113381 0.809732 -0.024412 -0.575224
1520616946.573513508 11.077745 3.350341 8.033178 -0.108115 0.832188 -0.041654 -0.542254
1520616946.623515368 11.026409 3.346496 7.997461 -0.099475 0.849669 -0.062916 -0.514012
1520616946.673517466 10.973587 3.339562 7.960708 -0.089279 0.863913 -0.085924 -0.488160
1520616946.723518372 10.920724 3.331117 7.928753 -0.073516 0.875663 -0.110830 -0.464248
1520616946.773519278 10.869264 3.321356 7.900073 -0.051408 0.887608 -0.134153 -0.437621
1520616946.823521614 10.815798 3.310057 7.873043 -0.027525 0.897491 -0.151757 -0.413185
1520616946.873523474 10.763063 3.305039 7.848645 0.001621 0.904479 -0.167399 -0.392292
1520616946.923524380 10.711564 3.301944 7.825118 0.033639 0.909948 -0.179507 -0.372344
1520616946.973526478 10.658080 3.303502 7.803110 0.066343 0.912858 -0.190195 -0.355127
1520616947.023527384 10.600591 3.305398 7.778553 0.096241 0.912778 -0.199827 -0.342991
1520616947.073529243 10.538842 3.307039 7.759734 0.130008 0.910062 -0.213120 -0.330856
1520616947.123530388 10.478276 3.312833 7.733364 0.164921 0.903121 -0.230296 -0.322703
1520616947.173532486 10.409874 3.316055 7.713087 0.196861 0.891566 -0.250885 -0.321579
1520616947.223534346 10.338599 3.314540 7.694555 0.223754 0.875361 -0.274256 -0.329333
1520616947.273535490 10.265652 3.308820 7.680356 0.244906 0.857347 -0.293807 -0.344461
1520616947.323536396 10.192813 3.304837 7.668110 0.261626 0.840176 -0.304738 -0.364403
1520616947.373538494 10.118225 3.302801 7.655044 0.277652 0.822890 -0.305516 -0.390412
1520616947.423539400 10.050664 3.303978 7.640231 0.298587 0.802929 -0.300386 -0.419428
1520616947.473541260 9.982412 3.308505 7.629472 0.321239 0.781745 -0.290299 -0.448784
1520616947.523543596 9.911268 3.317957 7.615700 0.343653 0.758550 -0.277515 -0.479051
1520616947.573544502 9.837093 3.330716 7.602800 0.361861 0.734045 -0.265715 -0.509538
1520616947.621969700 9.752524 3.349614 7.580432 0.371662 0.709660 -0.257663 -0.540241
1520616947.671970606 9.680449 3.361403 7.567579 0.375034 0.684093 -0.252398 -0.572417
1520616947.721972704 9.610313 3.374258 7.557628 0.369590 0.659759 -0.246735 -0.606007
1520616947.771973610 9.538378 3.383856 7.551148 -0.357517 -0.638038 0.240488 0.638165
1520616947.821975470 9.473079 3.392201 7.548649 -0.342189 -0.617101 0.229446 0.670409
1520616947.871977806 9.406005 3.399603 7.547962 -0.327746 -0.596158 0.212734 0.701372
1520616947.921978712 9.343076 3.403300 7.547201 -0.316590 -0.576102 0.195033 0.727901
1520616947.971980810 9.282188 3.405607 7.545770 -0.304796 -0.559812 0.177192 0.749875
1520616948.021053553 9.213010 3.409904 7.542448 -0.288596 -0.548855 0.158036 0.768437
1520616948.071054220 9.154650 3.417253 7.537708 -0.265605 -0.542345 0.137331 0.785147
1520616948.121055126 9.094382 3.424210 7.532621 -0.236180 -0.538597 0.115966 0.800428
1520616948.171057463 9.033449 3.429594 7.527425 -0.200867 -0.537753 0.095151 0.813278
1520616948.221059322 8.970114 3.432253 7.520728 -0.161795 -0.540683 0.077879 0.821839
1520616948.271061182 8.906626 3.434649 7.509593 -0.121960 -0.549895 0.069326 0.823368
1520616948.321062326 8.841768 3.431147 7.495992 -0.084795 -0.566220 0.064523 0.817338
1520616948.371063232 8.780908 3.425672 7.478881 -0.053072 -0.585146 0.052747 0.807468
1520616948.421172142 8.722682 3.421975 7.460266 -0.025825 -0.607207 0.034646 0.793368
1520616948.470330477 8.672660 3.419944 7.434377 -0.009195 -0.633961 0.021692 0.773006
1520616948.520331621 8.621290 3.416107 7.408417 -0.002656 -0.667307 0.014811 0.744631
1520616948.570333481 8.571161 3.412575 7.380849 -0.005851 -0.699861 0.016321 0.714068
1520616948.620338440 8.517938 3.409134 7.353943 0.014660 0.727571 -0.025897 -0.685387
1520616948.670336485 8.465048 3.407306 7.328383 0.026736 0.747882 -0.042740 -0.661915
1520616948.720337391 8.409044 3.404763 7.304120 0.041919 0.763200 -0.067174 -0.641293
1520616948.770339251 8.353512 3.402973 7.283343 0.059452 0.771235 -0.097856 -0.626168
1520616948.820340395 8.294462 3.397429 7.266301 0.076408 0.772985 -0.126359 -0.617001
1520616948.867841244 8.235752 3.399525 7.269380 0.096922 0.770435 -0.154020 -0.610995
1520616948.917842150 8.176430 3.394376 7.259244 0.128365 0.762233 -0.182399 -0.607663
1520616948.967948198 8.115779 3.393072 7.256345 0.163244 0.744653 -0.206379 -0.613392
1520616949.017845154 8.054978 3.392150 7.259829 0.194731 0.720389 -0.226102 -0.626097
1520616949.067847252 7.994080 3.394266 7.270498 0.219905 0.688706 -0.240507 -0.647674
1520616949.117849112 7.936511 3.403568 7.285662 -0.235652 -0.650761 0.251820 0.676435
1520616949.167850256 7.878983 3.416121 7.305593 -0.244112 -0.605290 0.258786 0.712083
1520616949.217852116 7.824009 3.433346 7.330480 -0.252171 -0.556285 0.260343 0.747782
1520616949.266531467 7.773503 3.475660 7.360013 -0.258667 -0.508669 0.250162 0.782155
1520616949.316533566 7.726058 3.497883 7.379203 -0.268289 -0.457916 0.233434 0.814765
1520616949.366534710 7.683353 3.520863 7.409015 -0.272701 -0.414117 0.211454 0.842276
1520616949.416536570 7.640684 3.539907 7.442913 -0.264792 -0.378878 0.184184 0.867417
1520616949.466538429 7.604219 3.555471 7.479807 -0.243004 -0.351606 0.150614 0.891425
1520616949.516539574 7.566504 3.565060 7.517831 -0.207769 -0.332898 0.112861 0.912838
1520616949.566541672 7.528561 3.571359 7.560703 -0.163479 -0.320179 0.075985 0.930046
1520616949.616542578 7.493269 3.582836 7.601591 -0.113091 -0.314174 0.041428 0.941695
1520616949.665871620 7.455678 3.586463 7.634783 -0.065363 -0.314081 0.005308 0.947129
1520616949.715872526 7.419419 3.588318 7.667789 -0.028357 -0.323586 -0.023829 0.945473
1520616949.765874624 7.379889 3.598308 7.701406 -0.004214 -0.342602 -0.045978 0.938345
1520616949.815876722 7.339904 3.615398 7.730682 0.008520 -0.369255 -0.059092 0.927408
1520616949.865877390 7.297791 3.634345 7.756465 0.009340 -0.400440 -0.058053 0.914435
1520616949.915879726 7.255992 3.651521 7.780672 0.000034 -0.429455 -0.044421 0.901995
1520616949.965881586 7.215783 3.666224 7.805425 -0.017722 -0.452327 -0.017881 0.891497
1520616950.015882492 7.175022 3.680394 7.829660 -0.045192 -0.464592 0.017577 0.884196
1520616950.065271616 7.137890 3.695558 7.858120 -0.080682 -0.464863 0.052097 0.880158
1520616950.115273476 7.099741 3.714879 7.886093 -0.124082 -0.454233 0.084499 0.878143
1520616950.165274620 7.064494 3.734435 7.919691 -0.167088 -0.430776 0.114520 0.879431
1520616950.215276480 7.031101 3.758167 7.955008 -0.200555 -0.399260 0.140430 0.883543
1520616950.265277386 6.999232 3.784925 7.994856 -0.225331 -0.361100 0.161438 0.890377
1520616950.315278530 6.968755 3.817384 8.035787 -0.243072 -0.317448 0.175729 0.899590
1520616950.365280628 6.941047 3.851592 8.078032 -0.257052 -0.273337 0.177695 0.909745
1520616950.415284395 6.917418 3.889256 8.121545 -0.267340 -0.231297 0.169081 0.920023
1520616950.465303898 6.894865 3.926281 8.165429 -0.273721 -0.194127 0.148254 0.930275
1520616950.515306711 6.875218 3.959174 8.209617 -0.274882 -0.164962 0.114082 0.940326
1520616950.565306902 6.855954 3.986473 8.253516 -0.269578 -0.149578 0.069771 0.948729
1520616950.615384817 6.835156 4.007877 8.300252 -0.255154 -0.147919 0.014325 0.955412
1520616950.665309906 6.810215 4.023056 8.349666 -0.230159 -0.153111 -0.045569 0.959952
1520616950.715311766 6.780504 4.031791 8.395288 -0.198026 -0.171524 -0.095601 0.960326
1520616950.765312672 6.747095 4.039516 8.439468 -0.162704 -0.200564 -0.137589 0.956227
1520616950.815315008 6.707523 4.043573 8.474401 -0.128457 -0.231594 -0.173303 0.948593
1520616950.865315914 6.659603 4.056640 8.510465 -0.097362 -0.267284 -0.197063 0.938214
1520616950.915428638 6.604873 4.068326 8.541784 -0.069845 -0.305301 -0.212243 0.925671
1520616950.965429544 6.547102 4.081133 8.566517 -0.046683 -0.345383 -0.217944 0.911610
1520616951.015431404 6.486537 4.095064 8.585811 -0.024907 -0.386773 -0.219196 0.895399
1520616951.065433502 6.423985 4.107876 8.600315 -0.007057 -0.430227 -0.211350 0.877603
1520616951.115434408 6.360132 4.118356 8.608467 0.007668 -0.476026 -0.198344 0.856738
1520616951.165436506 6.292459 4.126442 8.610631 0.017390 -0.521789 -0.181383 0.833387
1520616951.215437651 6.227723 4.137720 8.611215 0.021921 -0.565759 -0.161164 0.808370
1520616951.265439510 6.167406 4.144715 8.611670 0.023419 -0.603535 -0.142806 0.784094
1520616951.315726757 6.109513 4.150569 8.606986 0.021399 -0.636514 -0.122352 0.761198
1520616951.365729094 6.052095 4.155968 8.600540 0.014873 -0.664280 -0.098618 0.740801
1520616951.415730953 5.996279 4.164160 8.587941 0.003314 -0.689674 -0.071358 0.720588
1520616951.465731859 5.940677 4.174319 8.575866 0.011824 0.713565 0.042396 -0.699206
1520616951.515733957 5.884388 4.186344 8.565827 0.025700 0.734332 0.017355 -0.678082
1520616951.565734863 5.827857 4.197711 8.555768 0.042307 0.751765 -0.012732 -0.657949
1520616951.615736723 5.769234 4.203925 8.548649 0.060643 0.766121 -0.043837 -0.638325
1520616951.665739059 5.710796 4.202623 8.536711 0.078053 0.775741 -0.072084 -0.622043
1520616951.717198133 5.710796 4.202623 8.536711 0.078053 0.775741 -0.072084 -0.622043
1520616951.767200232 5.652475 4.192228 8.535915 0.092409 0.779599 -0.100032 -0.611293
1520616951.817202091 5.595939 4.184840 8.533642 0.103424 0.778731 -0.129706 -0.605027
1520616951.867202997 5.542216 4.184454 8.536240 0.111849 0.775505 -0.157345 -0.601103
1520616951.917204142 5.488363 4.187000 8.541261 0.122111 0.767985 -0.181556 -0.601935
1520616951.967206240 5.431351 4.188244 8.543964 0.136406 0.754894 -0.202207 -0.608803
1520616952.017208099 5.372467 4.190749 8.547993 0.150212 0.737981 -0.218165 -0.620665
1520616952.067211151 5.312020 4.197704 8.555041 0.158705 0.718264 -0.230014 -0.637184
1520616952.118067980 5.312020 4.197704 8.555041 0.158705 0.718264 -0.230014 -0.637184
1520616952.168070078 5.250651 4.204814 8.557965 0.162681 0.686921 -0.245432 -0.664407
1520616952.218072176 5.185105 4.205317 8.562251 -0.164515 -0.652214 0.261527 0.692210
1520616952.268123150 5.125967 4.203710 8.578140 -0.165391 -0.618188 0.277104 0.716730
1520616952.318075180 5.070259 4.204476 8.598788 -0.166664 -0.585909 0.289123 0.738473
1520616952.368076086 5.020784 4.205496 8.624959 -0.172076 -0.552382 0.291992 0.761580
1520616952.418077946 4.970847 4.211324 8.654199 -0.180399 -0.516423 0.288949 0.785667
1520616952.468079090 4.922412 4.216180 8.686650 -0.192020 -0.478729 0.282372 0.808834
1520616952.516940832 4.877624 4.218449 8.716762 -0.203072 -0.441108 0.273706 0.830223
1520616952.566941977 4.832429 4.221446 8.751800 -0.211856 -0.403359 0.272430 0.847467
1520616952.616943836 4.794067 4.233038 8.791443 -0.213004 -0.365201 0.274930 0.863522
1520616952.666945934 4.759010 4.246117 8.834479 -0.204271 -0.325358 0.276430 0.880910
1520616952.716946840 4.730583 4.259161 8.879938 -0.186356 -0.285405 0.275033 0.898984
1520616952.766948938 4.703200 4.269568 8.928262 -0.160326 -0.246038 0.270819 0.916743
1520616952.816950083 4.681515 4.277234 8.977505 -0.129726 -0.208547 0.263153 0.932968
1520616952.866951942 4.665832 4.283973 9.028508 -0.099683 -0.169758 0.252411 0.947383
1520616952.915787458 4.671441 4.315639 9.077543 -0.068841 -0.132831 0.234985 0.960416
1520616952.965788364 4.672738 4.333456 9.127995 -0.044835 -0.092918 0.219934 0.970044
1520616953.015789509 4.673107 4.336053 9.177166 -0.027846 -0.046239 0.207098 0.976830
1520616953.065791607 4.679816 4.339604 9.225664 -0.013166 0.005284 0.191307 0.981428
1520616953.115793705 4.692136 4.342577 9.271754 -0.002992 0.063252 0.177147 0.982145
1520616953.165794611 4.711066 4.347946 9.315275 0.007891 0.123258 0.162229 0.978993
1520616953.215796471 4.735470 4.355147 9.355497 0.018691 0.184598 0.147128 0.971559
1520616953.265798569 4.765812 4.362988 9.390228 0.027428 0.244042 0.130857 0.960504
1520616953.315800667 4.799759 4.372099 9.420437 0.032180 0.303421 0.116755 0.945129
1520616953.365205050 4.837992 4.382241 9.443520 0.034094 0.359549 0.104005 0.926685
1520616953.415205956 4.877966 4.389201 9.461203 0.034902 0.412768 0.093494 0.905353
1520616953.465208054 4.919465 4.394801 9.472402 0.037600 0.460781 0.083776 0.882751
1520616953.515209913 4.963651 4.400210 9.477311 0.040554 0.506588 0.070711 0.858326
1520616953.565210819 5.008547 4.401682 9.476424 0.046869 0.548525 0.060952 0.832592
1520616953.615213156 5.053973 4.401676 9.470394 0.057471 0.587878 0.055138 0.805019
1520616953.665214062 5.098814 4.394846 9.458073 0.068971 0.625452 0.046937 0.775790
1520616953.715215206 5.145564 4.388760 9.438637 0.079557 0.660411 0.037341 0.745743
1520616953.765325308 5.193094 4.383134 9.412567 0.089037 0.690702 0.031208 0.716958
1520616953.815323353 5.240330 4.376924 9.383202 0.096584 0.717501 0.026934 0.689303
1520616953.865325212 5.285723 4.369763 9.349256 0.103074 0.740258 0.024052 0.663939
1520616953.915348530 5.330076 4.361821 9.314485 0.109081 0.760087 0.020533 0.640271
1520616953.965328455 5.374626 4.354179 9.274312 0.114051 0.776084 0.013211 0.620089
1520616954.015330315 5.419999 4.346301 9.231799 0.115026 0.789543 0.000570 0.602819
1520616954.065331459 5.464243 4.340341 9.186692 0.113110 0.800428 -0.012303 0.588532
1520616954.115333319 5.509795 4.334404 9.140414 0.107482 0.808697 -0.025308 0.577768
1520616954.165450573 5.554993 4.326898 9.094658 0.103331 0.814198 -0.035044 0.570243
1520616954.215452433 5.599788 4.323427 9.048860 0.098648 0.821764 -0.050572 0.558940
1520616954.265454292 5.643276 4.316154 9.001065 0.095936 0.830666 -0.067142 0.544319
1520616954.315455437 5.685509 4.308681 8.953638 0.097649 0.840944 -0.081304 0.525993
1520616954.365457296 5.727227 4.301986 8.906692 0.099048 0.852816 -0.094232 0.503999
1520616954.415458202 5.769117 4.296422 8.860682 0.094706 0.864739 -0.108277 0.481180
1520616954.465460539 5.811760 4.291782 8.817186 0.083354 0.875419 -0.122485 0.460098
1520616954.515461445 5.855806 4.287424 8.777494 0.068969 0.883007 -0.136248 0.443822
1520616954.565722227 5.902556 4.280845 8.741543 0.050642 0.889191 -0.152531 0.428380
1520616954.615724087 5.947151 4.271099 8.709147 0.026813 0.892948 -0.171394 0.415391
1520616954.665724993 5.993005 4.258591 8.681175 0.001150 0.895010 -0.189612 0.403737
1520616954.715727091 6.038606 4.240655 8.656274 -0.021527 0.895766 -0.206331 0.393151
1520616954.765727997 6.084365 4.220702 8.636901 -0.043134 0.893031 -0.222241 0.388901
1520616954.815729856 6.130246 4.201652 8.620979 -0.063911 0.887918 -0.235417 0.389995
1520616954.865732193 6.176520 4.186538 8.605830 -0.089482 0.879244 -0.249775 0.395645
1520616954.915733099 6.222384 4.172722 8.594241 -0.113703 0.868057 -0.258010 0.408630
1520616954.966292381 6.270774 4.163007 8.584910 -0.132759 0.855649 -0.262032 0.426122
1520616955.016293526 6.318909 4.155649 8.575824 -0.146525 0.842357 -0.262216 0.447447
1520616955.066295624 6.370175 4.150601 8.568372 -0.155437 0.828199 -0.261566 0.470647
1520616955.116297483 6.423161 4.146263 8.562634 -0.156693 0.813351 -0.260233 0.496171
1520616955.166298628 6.476321 4.139094 8.561049 -0.145257 0.797240 -0.254364 0.527833
1520616955.216299534 6.529923 4.128951 8.560210 -0.122197 0.781804 -0.247159 0.559252
1520616955.266301394 6.583275 4.115832 8.560677 -0.092943 0.768530 -0.238923 0.586207
1520616955.316306353 6.634871 4.100965 8.559676 -0.062177 0.757162 -0.227492 0.609169
1520616955.366151571 6.685206 4.086227 8.555434 -0.036294 0.749778 -0.210345 0.626315
1520616955.416152716 6.735518 4.075593 8.547981 -0.011187 0.746949 -0.186053 0.638221
1520616955.466153622 6.784723 4.066319 8.540228 0.015332 0.746197 -0.152844 0.647760
1520616955.516155720 6.833349 4.058822 8.530179 0.041388 0.749851 -0.118231 0.649640
1520616955.566157818 6.887867 4.049457 8.515046 0.071105 0.756589 -0.088496 0.643961
1520616955.616158724 6.942055 4.047106 8.489428 0.101448 0.767446 -0.074986 0.628580
1520616955.666159868 6.993400 4.033564 8.462968 0.134581 0.778127 -0.068540 0.609679
1520616955.716161728 7.043162 4.024847 8.427619 0.163732 0.791397 -0.067929 0.585037
1520616955.766162634 7.087723 4.010200 8.391594 0.189081 0.808544 -0.067544 0.553121
1520616955.816668272 7.133000 3.998202 8.347644 0.213684 0.826676 -0.066226 0.516295
1520616955.866670132 7.170665 3.979334 8.302731 0.234615 0.847771 -0.064325 0.471278
1520616955.916671038 7.203349 3.968832 8.248023 0.248805 0.871932 -0.064363 0.416759
1520616955.966673136 7.227311 3.954514 8.191845 0.254367 0.895987 -0.064763 0.358204
1520616956.016674042 7.251457 3.940157 8.137449 0.256726 0.916293 -0.063796 0.300714
1520616956.066675901 7.273356 3.930905 8.079968 0.255240 0.932756 -0.062937 0.246695
1520616956.116677046 7.289082 3.923427 8.021297 0.246173 0.947333 -0.065064 0.194229
1520616956.166679144 7.301995 3.914878 7.961278 0.230760 0.959237 -0.073443 0.145673
1520616956.217821836 7.301995 3.914878 7.961278 0.230760 0.959237 -0.073443 0.145673
1520616956.267823935 7.309124 3.902929 7.903779 0.204236 0.968970 -0.091208 0.105191
1520616956.317826033 7.316678 3.892705 7.846432 0.178427 0.974825 -0.114839 0.068491
1520616956.367827892 7.320448 3.874613 7.790507 0.147633 0.978629 -0.139361 0.032689
1520616956.417828798 7.320402 3.856751 7.735891 0.111668 0.981028 -0.158383 -0.005408
1520616956.467829943 7.315867 3.838430 7.684710 0.075062 0.981560 -0.171429 -0.038966
1520616956.517832041 7.312521 3.821298 7.633892 0.040835 0.980904 -0.178994 -0.064203
1520616956.567833900 7.307240 3.811681 7.582512 0.009164 0.980424 -0.179806 -0.079710
1520616956.616280079 7.307240 3.811681 7.582512 0.009164 0.980424 -0.179806 -0.079710
1520616956.666282177 7.308829 3.805332 7.528524 -0.007772 0.982752 -0.168255 -0.076348
1520616956.716284275 7.309192 3.801166 7.474975 -0.008460 0.986629 -0.149652 -0.063993
1520616956.766286135 7.306442 3.796373 7.423072 0.007181 0.990523 -0.128064 -0.049108
1520616956.816287279 7.298849 3.786824 7.370250 0.022579 0.992445 -0.111921 -0.044901
1520616956.866288185 7.287620 3.769864 7.319003 0.045050 0.992042 -0.108028 -0.046410
1520616956.916289091 7.274791 3.748638 7.268152 0.079705 0.988799 -0.115840 -0.050049
1520616956.966292143 7.255970 3.726956 7.217374 0.113141 0.983126 -0.126678 -0.067930
1520616957.016060591 7.231585 3.705553 7.168126 0.151424 0.974283 -0.139311 -0.091850
1520616957.066062689 7.203808 3.687580 7.117482 0.188733 0.961650 -0.152245 -0.128183
1520616957.116064548 7.172909 3.674460 7.069040 0.231097 0.944708 -0.162121 -0.166845
1520616957.166065693 7.139721 3.665267 7.023630 0.276548 0.924266 -0.167610 -0.202881
1520616957.216067553 7.104378 3.662682 6.978252 0.319865 0.901982 -0.167028 -0.237098
1520616957.266068459 7.068390 3.666191 6.935565 0.352048 0.880578 -0.164296 -0.271388
1520616957.316070557 7.027994 3.673293 6.892809 0.372977 0.861112 -0.163597 -0.304320
1520616957.366071463 6.984331 3.681657 6.853345 0.385794 0.842659 -0.167650 -0.336127
1520616957.416187763 6.936398 3.689910 6.816624 0.390211 0.826007 -0.173236 -0.368018
1520616957.466189861 6.885272 3.700700 6.784125 0.386961 0.810985 -0.174494 -0.402638
1520616957.516190767 6.833576 3.713228 6.756139 0.380006 0.795969 -0.165414 -0.441210
1520616957.566192627 6.781018 3.724031 6.734095 0.367461 0.780805 -0.148779 -0.482887
1520616957.616193771 6.728437 3.734107 6.714925 0.353696 0.763211 -0.134946 -0.523638
1520616957.666195631 6.674924 3.741369 6.698693 0.337062 0.744977 -0.126653 -0.561567
1520616957.716196775 6.619501 3.747960 6.685738 0.310986 0.728086 -0.121393 -0.598700
1520616957.766198874 6.562890 3.751854 6.673105 0.277555 0.712998 -0.121549 -0.632316
1520616957.816199780 6.504740 3.753730 6.660173 0.233890 0.702419 -0.125585 -0.660402
1520616957.867722511 6.459815 3.770731 6.654751 0.176626 0.697008 -0.130331 -0.682640
1520616957.917724371 6.408390 3.772121 6.638072 0.124928 0.695047 -0.135212 -0.694997
1520616957.967725515 6.353549 3.767631 6.615341 -0.084228 -0.697423 0.134086 0.698948
1520616958.017727375 6.299230 3.762994 6.590623 0.052844 0.703454 -0.120002 -0.698541
1520616958.067729473 6.245949 3.757159 6.564370 0.033215 0.711550 -0.098612 -0.694888
1520616958.117730618 6.194104 3.749113 6.538824 0.020834 0.719818 -0.074489 -0.689840
1520616958.167732477 6.143933 3.740540 6.511472 0.016800 0.728722 -0.056254 -0.682288
1520616958.217733383 6.095134 3.733334 6.485419 0.016490 0.741307 -0.046106 -0.669378
1520616958.267894745 6.051179 3.726264 6.452296 0.012275 0.757096 -0.037293 -0.652122
1520616958.317895651 6.009182 3.722947 6.421135 0.008505 0.775509 -0.031717 -0.630482
1520616958.367897511 5.964127 3.726565 6.386161 0.002990 0.790729 -0.024647 -0.611663
1520616958.417899847 5.917302 3.734920 6.350912 0.004296 0.804334 -0.016258 -0.593940
1520616958.467900753 5.870423 3.745175 6.311931 0.014678 0.818029 -0.009649 -0.574909
1520616958.517901659 5.823833 3.755958 6.273142 0.036476 0.832760 -0.008762 -0.552362
1520616958.567903757 5.777087 3.762489 6.233419 0.065860 0.846670 -0.015579 -0.527797
1520616958.617905617 5.734427 3.764326 6.196662 0.100561 0.859803 -0.029451 -0.499759
1520616958.668426514 5.690497 3.762907 6.157944 0.132233 0.868923 -0.045344 -0.474796
1520616958.718428612 5.645969 3.757127 6.120395 0.166257 0.873682 -0.064135 -0.452686
1520616958.768429518 5.603305 3.752581 6.087453 0.199398 0.875427 -0.082706 -0.432467
1520616958.818431377 5.558801 3.749510 6.053253 0.230491 0.872392 -0.102450 -0.418701
1520616958.868432522 5.512277 3.751299 6.017867 0.259687 0.865398 -0.122428 -0.410683
1520616958.918524742 5.461446 3.756861 5.982687 0.285928 0.854385 -0.140138 -0.410649
1520616958.968435764 5.406519 3.766185 5.948763 0.311735 0.839191 -0.154850 -0.417853
1520616959.018437624 5.348887 3.777177 5.916004 0.337403 0.819759 -0.164296 -0.432621
1520616959.068471909 5.289001 3.788970 5.884174 0.359109 0.797455 -0.163050 -0.456642
1520616959.118472815 5.226048 3.800952 5.857355 0.376577 0.774422 -0.152567 -0.484957
1520616959.168474674 5.164362 3.809837 5.835017 0.390578 0.751228 -0.136244 -0.514337
1520616959.218475819 5.101221 3.817616 5.817447 0.396547 0.726394 -0.116957 -0.549020
1520616959.268477678 5.034253 3.828603 5.807838 0.392842 0.699963 -0.098954 -0.588162
1520616959.318478823 4.966513 3.838936 5.804940 0.377555 0.674453 -0.080990 -0.629290
1520616959.368480682 4.902644 3.849352 5.803116 -0.352233 -0.651768 0.062894 0.668711
1520616959.418481588 4.838358 3.861154 5.801076 -0.321794 -0.635525 0.048337 0.700157
1520616959.467776537 4.782813 3.877862 5.796699 -0.292212 -0.628401 0.036131 0.720013
1520616959.517778635 4.722322 3.892844 5.789129 -0.262958 -0.629436 0.019798 0.730938
1520616959.567779541 4.659267 3.908676 5.782997 -0.230635 -0.638438 -0.000566 0.734305
1520616959.617781401 4.598262 3.920609 5.774411 -0.194006 -0.653090 -0.020557 0.731718
1520616959.667782545 4.535505 3.926100 5.765218 -0.153671 -0.672142 -0.036410 0.723384
1520616959.717784643 4.471907 3.926615 5.752938 -0.111156 -0.693316 -0.048826 0.710333
1520616959.767785549 4.410136 3.922656 5.738475 0.067346 0.714324 0.060098 -0.693970
1520616959.817787647 4.354642 3.916759 5.718515 0.027345 0.736959 0.064840 -0.672264
1520616959.867022991 4.302240 3.910483 5.694956 -0.001463 0.762120 0.061533 -0.644503
1520616959.917025089 4.248389 3.903026 5.666666 -0.024539 0.788022 0.053838 -0.612797
1520616959.967025995 4.196408 3.901726 5.634958 -0.043603 0.811081 0.044155 -0.581633
1520616960.017028093 4.144943 3.903203 5.598560 -0.048869 0.834032 0.027429 -0.548862
1520616960.067028999 4.094318 3.907391 5.561058 -0.043719 0.855478 0.008011 -0.515929
1520616960.117030859 4.041977 3.913498 5.522681 -0.032873 0.874354 -0.009563 -0.484080
1520616960.167033195 3.990779 3.918546 5.484775 -0.014735 0.890029 -0.028533 -0.454771
1520616960.217032909 3.939792 3.922311 5.449905 0.012639 0.902114 -0.049649 -0.428445
1520616960.267034769 3.885685 3.922992 5.415757 0.048594 0.910109 -0.070160 -0.405485
1520616960.316322327 3.829899 3.925547 5.386845 0.084963 0.912032 -0.088684 -0.391297
1520616960.366324425 3.773382 3.923837 5.359660 0.120971 0.909330 -0.105181 -0.383955
1520616960.416325331 3.717429 3.924615 5.332779 0.152409 0.902573 -0.119439 -0.384537
1520616960.466327190 3.660739 3.929315 5.306509 0.186681 0.891769 -0.132453 -0.390327
1520616960.516328335 3.602134 3.935067 5.282132 0.221763 0.877242 -0.140676 -0.401842
1520616960.566392422 3.541944 3.947908 5.255559 0.258475 0.858060 -0.145865 -0.419103
1520616960.616331577 3.479316 3.964381 5.229839 0.292638 0.836304 -0.147162 -0.439661
1520616960.666333437 3.416561 3.983440 5.206457 0.319879 0.813533 -0.146875 -0.462892
1520616960.717009783 3.350406 4.000442 5.183084 0.338013 0.791194 -0.145678 -0.488403
1520616960.767011642 3.284467 4.017129 5.165320 0.346187 0.769306 -0.141860 -0.517879
1520616960.817012787 3.217033 4.029813 5.151785 0.343938 0.748466 -0.132667 -0.551275
1520616960.867014647 3.149048 4.042515 5.141231 0.333613 0.730139 -0.120206 -0.584081
1520616960.917015553 3.091541 4.046580 5.130514 0.314168 0.715734 -0.105098 -0.614799
1520616960.967017651 3.032183 4.049437 5.119593 0.288585 0.705259 -0.087840 -0.641570
1520616961.017018557 2.974304 4.055243 5.106264 0.260176 0.699496 -0.070078 -0.661893
1520616961.067020655 2.919233 4.062239 5.090364 0.229337 0.699016 -0.052803 -0.675272
1520616961.121177912 2.919233 4.062239 5.090364 0.229337 0.699016 -0.052803 -0.675272
1520616961.171178818 2.863580 4.075723 5.059993 0.197994 0.703639 -0.039356 -0.681279
1520616961.221180677 2.823948 4.129802 5.019116 0.151429 0.712252 -0.028720 -0.684793
1520616961.271181822 2.765789 4.140285 4.991566 0.114095 0.719937 -0.013743 -0.684459
1520616961.321183681 2.706712 4.145686 4.964637 0.077020 0.731998 0.004466 -0.676925
1520616961.371185780 2.649398 4.152285 4.937341 0.046763 0.749043 0.026016 -0.660357
1520616961.421186924 2.596319 4.159902 4.911097 0.024496 0.767312 0.047745 -0.639024
1520616961.471188784 2.543811 4.163107 4.881266 0.015881 0.789845 0.057780 -0.610372
1520616961.523094177 2.492964 4.178678 4.832850 0.013950 0.815520 0.055687 -0.575874
1520616961.573096514 2.448501 4.183415 4.789635 0.028328 0.840096 0.037273 -0.540413
1520616961.623098373 2.408784 4.176987 4.747725 0.048018 0.861136 0.009873 -0.506006
1520616961.673099279 2.367673 4.173186 4.702292 0.068300 0.876474 -0.024327 -0.475958
1520616961.723101377 2.320846 4.169060 4.661427 0.089189 0.885721 -0.063333 -0.451145
1520616961.773102283 2.270133 4.164454 4.623601 0.106796 0.888869 -0.101460 -0.433834
1520616961.823104143 2.221192 4.159504 4.587520 0.128863 0.887808 -0.137167 -0.419973
1520616961.873105526 2.166896 4.158451 4.557226 0.155441 0.883986 -0.161957 -0.410093
1520616961.923438072 2.115715 4.155535 4.526388 0.187382 0.878969 -0.174397 -0.402351
1520616961.973438978 2.060240 4.152433 4.497554 0.223294 0.872217 -0.178447 -0.396905
1520616962.023441076 2.006210 4.150448 4.470683 0.258876 0.862143 -0.179505 -0.396825
1520616962.073441982 1.950882 4.152702 4.443672 0.295324 0.846300 -0.182028 -0.404259
1520616962.123444080 1.893625 4.156241 4.421939 0.331342 0.822977 -0.186552 -0.422041
1520616962.173445225 1.833522 4.159653 4.409150 0.361888 0.794023 -0.190386 -0.449797
1520616962.223482132 1.768878 4.170728 4.395852 0.385240 0.761579 -0.192438 -0.484309
1520616962.273448944 1.703948 4.186321 4.385791 0.400500 0.727277 -0.191400 -0.523482
1520616962.323450089 1.639523 4.203478 4.378494 0.410912 0.690559 -0.188579 -0.564551
1520616962.374007463 1.575271 4.228213 4.369433 0.419519 0.648833 -0.185694 -0.607073
1520616962.424008369 1.510408 4.245775 4.374143 -0.425226 -0.604041 0.177268 0.650303
1520616962.474010468 1.444935 4.263062 4.387318 -0.427186 -0.556896 0.170148 0.691685
1520616962.524011612 1.382317 4.278586 4.405118 -0.424048 -0.507423 0.160763 0.732708
1520616962.574013472 1.326958 4.293840 4.429362 -0.414910 -0.456082 0.149501 0.772974
1520616962.624014378 1.277199 4.307966 4.458660 -0.398726 -0.409681 0.138416 0.808715
1520616962.674016476 1.229465 4.324793 4.491977 -0.374420 -0.370317 0.118271 0.841835
1520616962.724018335 1.182239 4.345775 4.524636 -0.345306 -0.339182 0.090639 0.870347
1520616962.770084620 1.140501 4.319265 4.601736 -0.325611 -0.318581 0.061787 0.888069
1520616962.820086479 1.102750 4.338284 4.655668 -0.294102 -0.308032 0.033468 0.904157
1520616962.870088816 1.062898 4.362584 4.691058 -0.261674 -0.300833 0.008181 0.917038
1520616962.920089483 1.019161 4.379327 4.724585 -0.230300 -0.296462 -0.016248 0.926719
1520616962.970090866 0.979683 4.399874 4.760065 -0.199926 -0.296983 -0.040205 0.932852
1520616963.020092726 0.940681 4.417066 4.797364 -0.175940 -0.299034 -0.064065 0.935692
1520616963.070094585 0.903917 4.431118 4.835337 -0.157574 -0.302518 -0.093230 0.935394
1520616963.120095730 0.869927 4.443832 4.870875 -0.146209 -0.310151 -0.119866 0.931698
1520616963.166457891 0.869927 4.443832 4.870875 -0.146209 -0.310151 -0.119866 0.931698
1520616963.216459036 0.839238 4.458487 4.907633 -0.150733 -0.326390 -0.135236 0.923288
1520616963.266461849 0.808654 4.476616 4.942104 -0.155481 -0.342947 -0.147847 0.914524
1520616963.316462755 0.777133 4.498124 4.976404 -0.158156 -0.358987 -0.155696 0.906573
1520616963.366463900 0.740881 4.518036 5.007783 -0.161673 -0.375552 -0.152964 0.899680
1520616963.416465998 0.701223 4.535682 5.038379 -0.164788 -0.394360 -0.137930 0.893476
1520616963.466467857 0.658063 4.552392 5.067452 -0.165426 -0.409902 -0.112893 0.889871
1520616963.516469002 0.614476 4.566416 5.096815 -0.166604 -0.423628 -0.079068 0.886865
1520616963.565768242 0.580228 4.589017 5.121704 -0.167175 -0.436246 -0.042453 0.883142
1520616963.615774155 0.539738 4.595128 5.150129 -0.173123 -0.447290 -0.005996 0.877453
1520616963.665771961 0.492359 4.603926 5.177637 -0.180937 -0.456266 0.028481 0.870788
1520616963.715773106 0.448252 4.610645 5.207250 -0.190085 -0.462454 0.063802 0.863674
1520616963.765775204 0.406066 4.617032 5.233552 -0.199508 -0.465463 0.100251 0.856440
1520616963.815776110 0.365185 4.624555 5.256755 -0.212338 -0.471070 0.137509 0.845042
1520616963.865787029 0.322676 4.632190 5.274531 -0.228744 -0.480980 0.170581 0.828998
1520616963.915779114 0.280036 4.643048 5.290107 -0.248556 -0.497172 0.197858 0.807398
1520616963.965762615 0.238432 4.654902 5.304050 -0.266841 -0.522583 0.215554 0.780538
1520616964.015763760 0.196698 4.665046 5.315296 -0.280874 -0.551739 0.228745 0.751246
1520616964.065765619 0.155445 4.674938 5.325125 -0.287753 -0.584402 0.238355 0.720319
1520616964.115766525 0.115097 4.682918 5.334511 -0.286897 -0.620994 0.244689 0.687156
1520616964.165768623 0.075710 4.691245 5.341665 0.278942 0.660576 -0.243943 -0.652934
1520616964.215769529 0.039437 4.701564 5.345235 0.266356 0.698986 -0.234147 -0.621005
1520616964.265771627 0.001039 4.711100 5.350583 0.254181 0.734430 -0.220971 -0.589217
1520616964.315773726 -0.035067 4.717400 5.351904 0.245274 0.764540 -0.206867 -0.559040
1520616964.367578268 -0.035067 4.717400 5.351904 0.245274 0.764540 -0.206867 -0.559040
1520616964.417580605 -0.072422 4.733833 5.356514 0.238767 0.789163 -0.198511 -0.529910
1520616964.467581511 -0.115078 4.762640 5.342588 0.229629 0.809900 -0.195711 -0.503021
1520616964.517583370 -0.152122 4.782658 5.339291 0.223499 0.828850 -0.191307 -0.475875
1520616964.567584515 -0.191623 4.795462 5.333301 0.215722 0.845479 -0.184762 -0.452209
1520616964.617586374 -0.231671 4.808355 5.326453 0.206346 0.859675 -0.178947 -0.431693
1520616964.667588234 -0.274358 4.818330 5.319012 0.197612 0.871140 -0.175259 -0.413942
1520616964.717589617 -0.317386 4.823187 5.311150 0.188736 0.882053 -0.173889 -0.395124
1520616964.767591476 -0.357278 4.821261 5.302333 0.179171 0.893475 -0.174035 -0.373245
1520616964.819689035 -0.357278 4.821261 5.302333 0.179171 0.893475 -0.174035 -0.373245
1520616964.869689941 -0.394353 4.820908 5.290641 0.170700 0.903404 -0.175528 -0.352013
1520616964.919692039 -0.431798 4.824436 5.278514 0.165204 0.911913 -0.181406 -0.328958
1520616964.969693899 -0.468331 4.821445 5.266190 0.159973 0.920093 -0.185607 -0.305594
1520616965.019694805 -0.505046 4.822686 5.249361 0.155656 0.927730 -0.188936 -0.281764
1520616965.069695950 -0.542571 4.823017 5.231008 0.152101 0.934750 -0.190363 -0.258591
1520616965.119697809 -0.579490 4.825175 5.210434 0.145861 0.941837 -0.189429 -0.236186
1520616965.169698715 -0.615285 4.827560 5.188495 0.137340 0.949215 -0.187072 -0.212443
1520616965.221404314 -0.653789 4.812389 5.163299 0.134901 0.955452 -0.184820 -0.186424
1520616965.271406651 -0.677927 4.819826 5.134343 0.136237 0.959305 -0.188588 -0.160022
1520616965.321407557 -0.704248 4.804431 5.110100 0.144122 0.962459 -0.189729 -0.130017
1520616965.371409416 -0.723013 4.789355 5.084935 0.144448 0.965967 -0.190445 -0.098859
1520616965.421410561 -0.735801 4.764406 5.058881 0.144802 0.968463 -0.191844 -0.065638
1520616965.471412420 -0.734975 4.746372 5.025325 0.148067 0.969006 -0.194872 -0.033590
1520616965.521413565 -0.726663 4.683622 4.995423 0.152625 0.969691 -0.190669 -0.007139
1520616965.571415663 -0.750712 4.668978 4.957331 0.152051 0.969173 -0.192659 0.021598
1520616965.624039173 -0.750712 4.668978 4.957331 0.152051 0.969173 -0.192659 0.021598
1520616965.674041271 -0.773474 4.666441 4.910855 0.149901 0.967386 -0.201395 0.033670
1520616965.724042177 -0.791916 4.647527 4.867303 0.149997 0.965005 -0.210898 0.042285
1520616965.774044275 -0.809467 4.628572 4.823433 0.151295 0.962116 -0.221669 0.048013
1520616965.824045420 -0.823594 4.601984 4.782461 0.157045 0.958737 -0.230276 0.055973
1520616965.874047279 -0.834098 4.576540 4.743098 0.163759 0.955031 -0.237599 0.068158
1520616965.924049139 -0.844913 4.547688 4.704104 0.173896 0.951892 -0.240433 0.076512
1520616965.974050283 -0.859156 4.522126 4.661801 0.190922 0.948641 -0.239351 0.079622
1520616966.024121284 -0.874467 4.498290 4.617229 0.209298 0.946068 -0.235326 0.075969
1520616966.074122429 -0.890411 4.477685 4.567731 0.228605 0.942621 -0.233542 0.068284
1520616966.124124527 -0.908665 4.458891 4.515705 0.247638 0.937564 -0.237087 0.058648
1520616966.174125671 -0.930463 4.441143 4.462105 0.263942 0.931199 -0.246606 0.048864
1520616966.224127531 -0.953593 4.423290 4.408468 0.278236 0.924403 -0.257582 0.041418
1520616966.274129391 -0.979522 4.406540 4.352229 0.289091 0.918192 -0.269396 0.027846
1520616966.324130535 -1.009687 4.389997 4.296438 0.299430 0.912102 -0.279886 0.008626
1520616966.374132395 -1.044503 4.369839 4.244801 0.318170 0.903792 -0.286108 -0.008337
1520616966.424133301 -1.077203 4.348841 4.197805 0.340819 0.893040 -0.293151 -0.019596
1520616966.474135637 -1.112966 4.327484 4.150743 0.360098 0.882204 -0.300872 -0.039002
1520616966.524137497 -1.152756 4.299679 4.105774 0.381398 0.868581 -0.310786 -0.059287
1520616966.574138403 -1.197735 4.278857 4.059739 0.399054 0.855274 -0.320059 -0.082610
1520616966.624139547 -1.243966 4.262611 4.012214 0.412723 0.843228 -0.327219 -0.107488
1520616966.674142361 -1.292191 4.253130 3.963101 0.419889 0.834481 -0.330962 -0.133411
1520616966.724143267 -1.342758 4.249624 3.915394 0.423963 0.828275 -0.330616 -0.157828
1520616966.774145603 -1.395316 4.248637 3.869639 0.426964 0.822807 -0.327900 -0.182133
1520616966.823094368 -1.447957 4.248618 3.830478 0.429383 0.816169 -0.324791 -0.209785
1520616966.873099327 -1.507254 4.248874 3.789820 0.428960 0.807985 -0.323337 -0.242089
1520616966.923097372 -1.569559 4.248934 3.754855 0.426277 0.798915 -0.324219 -0.273688
1520616966.973099232 -1.634025 4.247303 3.720245 0.421680 0.788711 -0.324397 -0.308039
1520616967.023100138 -1.700725 4.244994 3.694236 0.416981 0.776297 -0.320129 -0.347862
1520616967.073102236 -1.765816 4.248249 3.669982 0.415812 0.759044 -0.314877 -0.389622
1520616967.123103142 -1.836685 4.254964 3.653280 0.414700 0.739514 -0.305925 -0.433073
1520616967.173105240 -1.906026 4.267736 3.637755 0.410816 0.718798 -0.293183 -0.478125
1520616967.223106384 -1.972348 4.283694 3.623257 0.408775 0.695781 -0.280799 -0.519561
1520616967.270091057 -2.011413 4.334770 3.618402 0.408322 0.672769 -0.272816 -0.553377
1520616967.320091963 -2.085821 4.354622 3.604870 0.401342 0.647250 -0.262735 -0.592420
1520616967.370094061 -2.159785 4.373894 3.594839 -0.390037 -0.621891 0.254756 0.629462
1520616967.420094967 -2.230579 4.389464 3.588546 -0.375925 -0.598997 0.250367 0.661210
1520616967.470096827 -2.298901 4.400077 3.583861 -0.363867 -0.579711 0.247831 0.685650
1520616967.520099163 -2.359077 4.411685 3.582604 -0.347528 -0.564782 0.230441 0.712140
1520616967.570100069 -2.416929 4.421422 3.584462 -0.329363 -0.553618 0.207348 0.736229
1520616967.620101929 -2.474029 4.431160 3.584887 -0.312855 -0.543972 0.187899 0.755586
1520616967.668639421 -2.532134 4.438837 3.589058 -0.295222 -0.537578 0.173072 0.770649
1520616967.718641520 -2.587784 4.448879 3.592358 -0.270446 -0.534918 0.157848 0.784733
1520616967.768642187 -2.645014 4.458066 3.598070 -0.240375 -0.534459 0.142334 0.797693
1520616967.818644524 -2.702469 4.467109 3.601021 -0.208413 -0.535572 0.129847 0.808002
1520616967.868646383 -2.757803 4.474789 3.606576 -0.176083 -0.537567 0.117510 0.816216
1520616967.918647289 -2.816966 4.482092 3.608560 -0.148944 -0.538998 0.105678 0.822271
1520616967.968649387 -2.876262 4.488568 3.609434 -0.129987 -0.541466 0.090113 0.825710
1520616968.018650293 -2.937104 4.492771 3.608692 -0.119137 -0.546279 0.071598 0.825990
1520616968.068082571 -2.994492 4.493763 3.608718 -0.111762 -0.551186 0.051341 0.825268
1520616968.118083954 -3.053212 4.494882 3.613552 -0.098272 -0.558271 0.028348 0.823330
1520616968.168085814 -3.109666 4.493673 3.616142 -0.083816 -0.566438 0.010554 0.819763
1520616968.218087673 -3.165934 4.490536 3.616219 -0.067695 -0.576272 -0.000814 0.814449
1520616968.268088818 -3.221799 4.486701 3.613178 -0.051679 -0.588414 -0.005103 0.806890
1520616968.318090677 -3.278241 4.483477 3.607765 -0.039533 -0.602260 -0.001501 0.797319
1520616968.368092775 -3.337012 4.477922 3.599708 -0.030996 -0.617983 0.005410 0.785562
1520616968.418093920 -3.397023 4.482434 3.588257 -0.018330 -0.632874 0.007991 0.773996
1520616968.468092203 -3.457209 4.484305 3.571894 -0.004160 -0.648567 0.008209 0.761102
1520616968.518093348 -3.515853 4.477094 3.553169 0.012187 -0.666636 0.008128 0.745239
1520616968.568095207 -3.574867 4.472390 3.531816 0.031159 -0.686383 0.010046 0.726503
1520616968.618096113 -3.632505 4.467672 3.506368 -0.049932 0.706727 -0.011653 -0.705626
1520616968.668099403 -3.686895 4.459202 3.478363 -0.066820 0.729290 -0.011707 -0.680834
1520616968.718099117 -3.738622 4.452338 3.443946 -0.078171 0.754614 -0.014204 -0.651341
1520616968.768101215 -3.786269 4.445511 3.406969 -0.086312 0.780024 -0.013375 -0.619624
1520616968.818102360 -3.829908 4.439712 3.363564 -0.090737 0.803758 -0.009694 -0.587916
1520616968.868913889 -3.875382 4.437721 3.322338 -0.095521 0.825875 -0.006869 -0.555661
1520616968.918832779 -3.919931 4.434084 3.274732 -0.105955 0.843670 -0.005278 -0.526277
1520616968.968834877 -3.960151 4.433932 3.226117 -0.117592 0.859623 -0.009241 -0.497127
1520616969.018836021 -4.000252 4.425687 3.176285 -0.129720 0.874283 -0.017535 -0.467433
1520616969.068837881 -4.037443 4.415732 3.126561 -0.140774 0.886045 -0.030020 -0.440687
1520616969.118839741 -4.074023 4.401370 3.076373 -0.149414 0.896732 -0.043867 -0.414275
1520616969.168840885 -4.105600 4.383036 3.028816 -0.151950 0.907486 -0.055064 -0.387747
1520616969.218842983 -4.132958 4.363843 2.980113 -0.150933 0.918024 -0.063097 -0.361206
1520616969.268844128 -4.157349 4.345253 2.932232 -0.147958 0.927833 -0.071031 -0.334947
1520616969.321067095 -4.178493 4.330037 2.880210 -0.143518 0.935506 -0.081714 -0.312336
1520616969.371068001 -4.198008 4.311869 2.831654 -0.136267 0.943098 -0.091092 -0.289307
1520616969.421069860 -4.214843 4.296158 2.779556 -0.124662 0.951703 -0.100011 -0.262144
1520616969.471071959 -4.233764 4.280604 2.728616 -0.114154 0.959258 -0.106130 -0.235647
1520616969.521072865 -4.254424 4.269663 2.675493 -0.107513 0.965102 -0.110382 -0.211743
1520616969.571074724 -4.272467 4.258985 2.622497 -0.101597 0.970620 -0.115514 -0.185020
1520616969.621077061 -4.291243 4.245206 2.569562 -0.099435 0.975132 -0.121394 -0.156504
1520616969.671077967 -4.305726 4.229955 2.517137 -0.102467 0.977726 -0.129366 -0.129678
1520616969.720777988 -4.317737 4.210604 2.467824 -0.105254 0.979713 -0.138432 -0.099603
1520616969.770780087 -4.326309 4.189292 2.419462 -0.109265 0.981020 -0.145601 -0.066790
1520616969.820782185 -4.330426 4.166511 2.374694 -0.113177 0.981602 -0.150703 -0.030600
1520616969.870784044 -4.330635 4.143339 2.331085 -0.115452 0.980972 -0.155913 0.007498
1520616969.920785189 -4.328234 4.120440 2.287793 -0.118126 0.978735 -0.161235 0.046129
1520616969.970786095 -4.324992 4.098930 2.244863 -0.126208 0.974648 -0.167178 0.078644
1520616970.020787954 -4.322089 4.081241 2.198122 -0.136846 0.970087 -0.172219 0.102685
1520616970.070790052 -4.317427 4.064495 2.149893 -0.141605 0.966315 -0.175165 0.124503
1520616970.119721651 -4.312386 4.050246 2.102374 -0.143901 0.962855 -0.177463 0.143908
1520616970.169722557 -4.305099 4.033665 2.055069 -0.145366 0.959026 -0.180863 0.162562
1520616970.219723463 -4.295480 4.015761 2.012546 -0.143888 0.954107 -0.185511 0.185910
1520616970.269725800 -4.284711 3.996352 1.972076 -0.144271 0.947392 -0.191996 0.211593
1520616970.319726706 -4.273217 3.977292 1.935423 -0.149794 0.938457 -0.199888 0.238546
1520616970.369728565 -4.260987 3.957101 1.905490 -0.158197 0.927170 -0.208145 0.268337
1520616970.419730663 -4.249809 3.938897 1.877776 -0.165865 0.914697 -0.216274 0.298403
1520616970.469731569 -4.237641 3.923031 1.853799 -0.171224 0.902128 -0.220160 0.329206
1520616970.519141674 -4.223592 3.912097 1.829769 -0.178247 0.888892 -0.220338 0.359931
1520616970.569087505 -4.212775 3.903540 1.811225 -0.186642 0.873120 -0.218750 0.393667
1520616970.619088650 -4.202496 3.898389 1.794252 -0.194633 0.853872 -0.216776 0.431311
1520616970.669090509 -4.190154 3.895607 1.778810 -0.204249 0.831804 -0.215049 0.469188
1520616970.719092369 -4.182844 3.899559 1.767406 -0.214726 0.806071 -0.216245 0.507326
1520616970.769093513 -4.177035 3.908952 1.760334 -0.226109 0.778167 -0.218140 0.543825
1520616970.819095612 -4.177721 3.921914 1.755314 -0.239768 0.746052 -0.222362 0.580063
1520616970.869096756 -4.189412 3.924546 1.747026 -0.250373 0.708697 -0.222099 0.621075
1520616970.919779301 -4.192008 3.928406 1.749206 -0.262093 0.670711 -0.220149 0.658018
1520616970.969780445 -4.192008 3.928406 1.749206 -0.262093 0.670711 -0.220149 0.658018
1520616971.019782305 -4.290950 3.899427 1.682732 -0.281000 0.583288 -0.220546 0.729502
1520616971.069784403 -4.290950 3.899427 1.682732 -0.281000 0.583288 -0.220546 0.729502
1520616971.119785547 -4.290950 3.899427 1.682732 -0.281000 0.583288 -0.220546 0.729502
1520616971.169787407 -4.290950 3.899427 1.682732 -0.281000 0.583288 -0.220546 0.729502
1520616971.219788551 -4.291139 3.915519 1.714637 -0.293233 0.543977 -0.220198 0.754730
1520616971.269790411 -4.297190 3.922337 1.747577 -0.303856 0.506036 -0.217772 0.777287
1520616971.319962978 -4.303329 3.938399 1.787926 -0.315673 0.470511 -0.217485 0.794777
1520616971.369965076 -4.306886 3.955285 1.818695 -0.325140 0.436086 -0.215252 0.811036
1520616971.419965982 -4.314319 3.970990 1.851849 -0.332188 0.403865 -0.212543 0.825451
1520616971.469967842 -4.323124 3.985479 1.889682 -0.335048 0.374473 -0.207711 0.839267
1520616971.519969940 -4.331185 4.002081 1.927250 -0.335259 0.346402 -0.200759 0.852820
1520616971.569972038 -4.337014 4.024740 1.960440 -0.334391 0.318898 -0.194480 0.865254
1520616971.619972944 -4.342445 4.045301 1.992110 -0.334849 0.292460 -0.190111 0.875329
1520616971.669975042 -4.348022 4.065516 2.028007 -0.333795 0.267924 -0.182935 0.885061
1520616971.719975948 -4.352613 4.081009 2.064438 -0.330952 0.246382 -0.173624 0.894215
1520616971.769199371 -4.360389 4.101279 2.098572 -0.325717 0.227313 -0.164662 0.902842
1520616971.819200516 -4.360345 4.119289 2.135921 -0.318740 0.207266 -0.157750 0.911351
1520616971.869202375 -4.358081 4.136790 2.173469 -0.307960 0.186759 -0.151317 0.920535
1520616971.919203281 -4.355720 4.153952 2.211016 -0.294714 0.166002 -0.144279 0.929930
1520616971.969205618 -4.351261 4.167786 2.247444 -0.281428 0.143793 -0.136736 0.938842
1520616972.019207478 -4.346660 4.181805 2.285229 -0.268154 0.121910 -0.127855 0.947040
1520616972.069208384 -4.340008 4.192087 2.322582 -0.255250 0.103581 -0.117710 0.954077
1520616972.119210482 -4.334244 4.200984 2.363662 -0.241124 0.089114 -0.105590 0.960608
1520616972.170724154 -4.323533 4.205256 2.410915 -0.223842 0.076222 -0.088770 0.967577
1520616972.220695019 -4.317418 4.208578 2.456109 -0.206319 0.066549 -0.075127 0.973324
1520616972.270696878 -4.309573 4.212230 2.500283 -0.191090 0.058434 -0.064620 0.977699
1520616972.320699215 -4.301817 4.215947 2.543561 -0.177984 0.056116 -0.052781 0.981013
1520616972.370700121 -4.290770 4.219490 2.587276 -0.166978 0.061823 -0.038064 0.983284
1520616972.420702219 -4.272753 4.222239 2.631235 -0.158386 0.075056 -0.022340 0.984267
1520616972.470703125 -4.251147 4.226669 2.676505 -0.152381 0.096962 -0.006894 0.983530
1520616972.520704985 -4.221602 4.234118 2.720341 -0.146626 0.125258 0.005531 0.981214
1520616972.572062016 -4.156217 4.247100 2.786917 -0.138934 0.158166 0.017881 0.977426
1520616972.622064114 -4.119168 4.252486 2.825666 -0.128607 0.196093 0.027074 0.971738
1520616972.672065973 -4.075672 4.252649 2.863125 -0.115197 0.238092 0.033263 0.963813
1520616972.722066879 -4.020611 4.251715 2.898751 -0.097273 0.280578 0.036669 0.954185
1520616972.772069216 -3.962936 4.244579 2.931881 -0.077794 0.323990 0.035943 0.942171
1520616972.822070122 -3.902077 4.234410 2.962351 -0.058619 0.364400 0.032412 0.928830
1520616972.872071981 -3.838161 4.224283 2.988408 -0.040028 0.403349 0.030722 0.913654
1520616972.922073126 -3.771516 4.214439 3.009906 -0.022860 0.443324 0.029960 0.895569
1520616972.970898628 -3.688214 4.190356 2.995043 -0.006151 0.479019 0.032142 0.877194
1520616973.020899773 -3.620528 4.187667 3.005574 0.013383 0.514675 0.034756 0.856576
1520616973.070901871 -3.541819 4.187187 3.011557 0.033669 0.546595 0.035969 0.835947
1520616973.120903730 -3.467972 4.180682 3.017523 0.052699 0.576427 0.035507 0.814674
1520616973.170905828 -3.387062 4.169630 3.022685 0.069364 0.602783 0.029421 0.794340
1520616973.220906734 -3.313293 4.152929 3.023878 0.084174 0.619921 0.019360 0.779896
1520616973.270908833 -3.241759 4.133254 3.025737 0.096142 0.632017 0.007521 0.768931
1520616973.320909739 -3.169918 4.112992 3.023587 0.098506 0.646968 -0.009612 0.756066
1520616973.369652033 -3.100871 4.092318 3.018688 0.099765 0.659586 -0.020086 0.744708
1520616973.419653177 -3.029620 4.076596 3.008300 0.099903 0.671677 -0.029202 0.733496
1520616973.469655037 -2.960279 4.060840 2.997469 0.098535 0.686002 -0.040537 0.719756
1520616973.519655943 -2.886891 4.051141 2.979052 0.097088 0.700227 -0.054082 0.705218
1520616973.569659233 -2.827083 4.044440 2.955834 0.096082 0.714335 -0.067729 0.689860
1520616973.619660139 -2.757511 4.037756 2.935873 0.092943 0.730309 -0.082568 0.671709
1520616973.669661045 -2.691270 4.033291 2.912909 0.086358 0.747301 -0.102742 0.650790
1520616973.719662189 -2.621919 4.023805 2.890009 0.081273 0.761329 -0.124519 0.631084
1520616973.772500038 -2.458100 3.985988 2.848400 0.079489 0.776357 -0.144825 0.608258
1520616973.822505951 -2.406529 3.965795 2.849633 0.075741 0.791787 -0.163565 0.583595
1520616973.872503042 -2.347659 3.946539 2.829071 0.070473 0.804969 -0.178407 0.561453
1520616973.922504902 -2.292568 3.922163 2.805398 0.058886 0.817642 -0.191023 0.539912
1520616973.972506046 -2.241149 3.903231 2.788923 0.043147 0.828738 -0.201581 0.520286
1520616974.022508144 -2.186528 3.885932 2.765844 0.024382 0.837231 -0.211596 0.503663
1520616974.072509289 -2.135401 3.871919 2.742705 0.005216 0.842639 -0.220971 0.491023
1520616974.122511148 -2.084623 3.861173 2.720486 -0.014631 0.845102 -0.230587 0.482097
1520616974.172512054 -2.031231 3.849262 2.697625 -0.035050 0.845745 -0.239169 0.475695
1520616974.223019600 -1.974705 3.838618 2.675019 -0.057685 0.842920 -0.245940 0.475048
1520616974.273021460 -1.919210 3.829029 2.656759 -0.082140 0.837380 -0.249315 0.479468
1520616974.323022604 -1.861754 3.813445 2.642246 -0.111152 0.828452 -0.251644 0.487839
1520616974.373024464 -1.806264 3.801203 2.634858 -0.140951 0.816637 -0.251844 0.499811
1520616974.423025370 -1.751449 3.790425 2.632221 -0.169352 0.801595 -0.247113 0.517397
1520616974.473027468 -1.693396 3.782341 2.633694 -0.195247 0.785642 -0.237113 0.537050
1520616974.523028374 -1.645338 3.774674 2.638453 -0.215024 0.767626 -0.219007 0.562629
1520616974.573030472 -1.591346 3.768414 2.646650 -0.231268 0.747676 -0.197604 0.590295
1520616974.623537302 -1.534930 3.765882 2.654772 -0.246521 0.728964 -0.180123 0.612694
1520616974.673539400 -1.478626 3.766620 2.661335 -0.257556 0.710621 -0.167010 0.633080
1520616974.723541260 -1.417756 3.769369 2.672595 -0.260671 0.689875 -0.151374 0.658186
1520616974.773542404 -1.354234 3.770493 2.685926 -0.258412 0.668056 -0.137820 0.684054
1520616974.823544264 -1.290791 3.767996 2.699324 -0.249981 0.648979 -0.127360 0.707188
1520616974.873546124 -1.227266 3.762750 2.715210 -0.238436 0.630227 -0.120777 0.728954
1520616974.923547506 -1.162042 3.751751 2.732318 -0.221616 0.613841 -0.115358 0.748851
1520616974.973549366 -1.096479 3.739812 2.752239 -0.201587 0.599915 -0.104553 0.767160
1520616975.024249077 -1.033362 3.724639 2.771862 -0.181800 0.589052 -0.088272 0.782416
1520616975.074250937 -0.972861 3.711249 2.790714 -0.162235 0.581344 -0.069326 0.794300
1520616975.124252081 -0.912541 3.699093 2.806505 -0.142835 0.576713 -0.049525 0.802837
1520616975.174254179 -0.852949 3.690260 2.819002 -0.127517 0.573251 -0.034843 0.808646
1520616975.224256039 -0.791445 3.682498 2.830751 -0.110691 0.569269 -0.022682 0.814350
1520616975.274257183 -0.727971 3.676933 2.841568 -0.088747 0.565527 -0.010633 0.819872
1520616975.324259043 -0.661582 3.672030 2.849069 -0.065565 0.565429 -0.003456 0.822179
1520616975.374260187 -0.593537 3.663219 2.852884 -0.041610 0.568084 -0.001773 0.821916
1520616975.424300909 -0.526147 3.649937 2.858718 -0.017449 0.573677 -0.004365 0.818884
1520616975.474306107 -0.459039 3.632736 2.864184 0.005677 0.580298 -0.007723 0.814348
1520616975.524303913 -0.392349 3.614764 2.870779 0.022349 0.591023 -0.012149 0.806254
1520616975.574305058 -0.326990 3.595872 2.875271 0.034304 0.604303 -0.016354 0.795848
1520616975.624306917 -0.267116 3.578962 2.878638 0.047405 0.615806 -0.013632 0.786352
1520616975.674307823 -0.203791 3.563995 2.883353 0.062130 0.626480 -0.004073 0.776947
1520616975.724309921 -0.143692 3.551498 2.884029 0.074131 0.640448 0.004634 0.764401
1520616975.774310827 -0.081274 3.540620 2.886261 0.085741 0.655824 0.010907 0.749950
1520616975.824274063 -0.016926 3.534401 2.881272 0.097541 0.669023 0.012897 0.736700
1520616975.874276161 0.051459 3.527710 2.877195 0.109302 0.681603 0.010076 0.723442
1520616975.924277067 0.122017 3.518498 2.867185 0.118527 0.697291 0.000288 0.706920
1520616975.974279165 0.190867 3.509097 2.854012 0.126023 0.715347 -0.016030 0.687125
1520616976.024280071 0.258549 3.496292 2.837845 0.132537 0.734131 -0.034103 0.665074
1520616976.074282169 0.324032 3.479629 2.820577 0.133708 0.755406 -0.052924 0.639283
1520616976.124283075 0.387332 3.461906 2.801621 0.132704 0.775495 -0.069619 0.613311
1520616976.174285173 0.449771 3.441515 2.779003 0.129094 0.792442 -0.086909 0.589760
1520616976.222925901 0.497285 3.424121 2.756577 0.119234 0.807023 -0.108863 0.568020
1520616976.272927999 0.555583 3.413547 2.735929 0.109405 0.816747 -0.131962 0.550946
1520616976.322929859 0.617745 3.400139 2.713236 0.095910 0.823323 -0.156796 0.536988
1520616976.372930765 0.679952 3.386033 2.694830 0.080141 0.826586 -0.179651 0.527313
1520616976.422933102 0.740743 3.380525 2.677022 0.063025 0.825519 -0.199721 0.524079
1520616976.472934961 0.801379 3.371953 2.661562 0.044341 0.821439 -0.217899 0.525158
1520616976.522935867 0.861217 3.360885 2.651551 0.027864 0.813798 -0.234635 0.530945
1520616976.572937965 0.919403 3.345895 2.644749 0.012388 0.803780 -0.251372 0.539070
1520616976.622938871 0.976189 3.330169 2.641282 -0.005160 0.792789 -0.269361 0.546720
1520616976.671810627 1.028423 3.316563 2.644798 -0.023833 0.778005 -0.285465 0.559151
1520616976.721812487 1.081567 3.307082 2.649661 -0.041700 0.760670 -0.295945 0.576246
1520616976.771813631 1.135799 3.298910 2.656926 -0.055596 0.742145 -0.299023 0.597256
1520616976.821814537 1.187735 3.294171 2.662674 -0.067852 0.723618 -0.299307 0.618214
1520616976.871816397 1.243043 3.291569 2.668171 -0.081557 0.706828 -0.299855 0.635475
1520616976.921818733 1.301314 3.293352 2.671992 -0.096832 0.691892 -0.304650 0.647378
1520616976.971819639 1.358511 3.294066 2.677181 -0.110889 0.675943 -0.313456 0.657686
1520616977.021821499 1.421209 3.294018 2.681659 -0.123128 0.661258 -0.326018 0.664296
1520616977.070591927 1.475764 3.290693 2.684302 -0.136878 0.650642 -0.339804 0.665179
1520616977.120594025 1.534734 3.286969 2.687195 -0.155666 0.643081 -0.345726 0.665349
1520616977.170696020 1.591020 3.284135 2.688918 -0.177119 0.641269 -0.340524 0.664414
1520616977.220597029 1.644730 3.280393 2.688056 -0.198866 0.642776 -0.325931 0.664124
1520616977.270597935 1.697972 3.277379 2.686961 -0.214995 0.647579 -0.304307 0.664693
1520616977.320600033 1.751383 3.273131 2.686431 -0.222665 0.653399 -0.280582 0.666907
1520616977.370600939 1.806125 3.268344 2.686027 -0.220016 0.657990 -0.258315 0.672246
1520616977.420602798 1.863290 3.262139 2.686900 -0.206335 0.661459 -0.240021 0.679917
1520616977.469717264 1.923536 3.254923 2.688465 -0.184573 0.664022 -0.226594 0.688232
1520616977.519718409 1.986663 3.245431 2.688670 -0.155424 0.665521 -0.215937 0.697349
1520616977.569720268 2.050684 3.232871 2.688363 -0.121783 0.666366 -0.207038 0.705876
1520616977.619721413 2.114895 3.216901 2.687270 -0.089274 0.667216 -0.201281 0.711575
1520616977.669723511 2.176756 3.198047 2.682444 -0.061400 0.671359 -0.197509 0.711687
1520616977.719724178 2.237097 3.178271 2.676946 -0.039938 0.680697 -0.192782 0.705614
1520616977.769726515 2.294340 3.157575 2.670516 -0.020568 0.691961 -0.184290 0.697713
1520616977.819727421 2.350340 3.137591 2.662484 -0.002836 0.705365 -0.176239 0.686579
1520616977.868643522 2.404606 3.118317 2.654373 0.012205 0.719300 -0.171234 0.673155
1520616977.918645859 2.460739 3.101088 2.639890 0.027920 0.734489 -0.168903 0.656672
1520616977.968646765 2.515727 3.085570 2.623337 0.041740 0.750973 -0.170039 0.636698
1520616978.018648624 2.571126 3.073212 2.604310 0.056205 0.767419 -0.170122 0.615604
1520616978.068650723 2.625515 3.060551 2.585345 0.073258 0.782481 -0.167564 0.595214
1520616978.118651628 2.680047 3.047861 2.563810 0.091339 0.797262 -0.167378 0.572726
1520616978.168652534 2.732056 3.033096 2.539715 0.109059 0.812523 -0.170202 0.546758
1520616978.218655825 2.780045 3.014039 2.514922 0.129284 0.826569 -0.171184 0.520351
1520616978.267195463 2.818483 2.992704 2.491920 0.146143 0.840882 -0.171465 0.492096
1520616978.317196369 2.854511 2.968997 2.469674 0.162400 0.855903 -0.169804 0.460676
1520616978.367198229 2.888385 2.946752 2.440695 0.176336 0.870623 -0.168083 0.427399
1520616978.417200327 2.919077 2.925493 2.407739 0.187232 0.884093 -0.165905 0.394715
1520616978.467201233 2.948026 2.906279 2.373647 0.199830 0.894299 -0.162936 0.365718
1520616978.517203569 2.976462 2.889203 2.336717 0.211744 0.902267 -0.163561 0.338121
1520616978.567204237 3.003734 2.873835 2.297521 0.223124 0.908201 -0.167483 0.311986
1520616978.617206335 3.029027 2.858125 2.258470 0.235202 0.911958 -0.173074 0.288197
1520616978.666617870 3.053060 2.841888 2.218075 0.247644 0.913985 -0.179104 0.266882
1520616978.716622829 3.074323 2.824434 2.178494 0.258955 0.915087 -0.185582 0.247219
1520616978.766620636 3.093523 2.804602 2.138294 0.270518 0.915688 -0.190984 0.227728
1520616978.816694736 3.109611 2.784236 2.097769 0.279646 0.917121 -0.194514 0.207007
1520616978.866623640 3.123001 2.764445 2.058491 0.285568 0.918714 -0.197338 0.188343
1520616978.916625738 3.135419 2.744653 2.016734 0.291700 0.919309 -0.200128 0.172427
1520616978.966626883 3.145039 2.726551 1.975605 0.292340 0.920882 -0.204051 0.157726
1520616979.016628742 3.153111 2.711254 1.931839 0.289225 0.923675 -0.207358 0.142040
1520616979.066630602 3.160428 2.698817 1.883347 0.287215 0.926657 -0.208479 0.123901
1520616979.116288185 3.165406 2.685906 1.835435 0.286705 0.929064 -0.207761 0.107119
1520616979.166290283 3.170501 2.675568 1.785696 0.287584 0.930527 -0.206796 0.093010
1520616979.216291428 3.177709 2.670820 1.724404 0.286730 0.931775 -0.208282 0.078741
1520616979.266293287 3.178666 2.662152 1.669313 0.284557 0.933105 -0.210998 0.061825
1520616979.316294432 3.176865 2.647324 1.618870 0.283570 0.933329 -0.215395 0.045726
1520616979.366296291 3.169793 2.629845 1.569444 0.283712 0.932225 -0.222625 0.030038
1520616979.416297197 3.161277 2.610562 1.521085 0.277969 0.932582 -0.229893 0.013118
1520616979.466299295 3.149832 2.591900 1.473185 0.272520 0.933579 -0.232684 -0.004568
1520616979.515959978 3.135144 2.578331 1.428342 0.269563 0.934459 -0.231657 -0.021366
1520616979.565960884 3.119925 2.562360 1.381810 0.268216 0.935269 -0.228068 -0.036296
1520616979.615963221 3.105673 2.552439 1.331293 0.267265 0.935789 -0.224744 -0.048572
1520616979.665964127 3.090575 2.541124 1.280540 0.267739 0.935729 -0.222285 -0.057590
1520616979.715965986 3.073224 2.531771 1.230749 0.266511 0.935789 -0.220999 -0.066562
1520616979.765968084 3.055244 2.522060 1.177164 0.265327 0.935709 -0.220294 -0.074301
1520616979.815969944 3.034676 2.511355 1.126684 0.265052 0.935396 -0.220570 -0.078304
1520616979.865970850 3.013336 2.494905 1.076362 0.265300 0.935153 -0.219729 -0.082607
1520616979.915788651 2.991377 2.480916 1.024380 0.266548 0.934931 -0.217971 -0.085696
1520616979.965790510 2.968788 2.462731 0.973823 0.264746 0.936611 -0.210614 -0.091165
1520616980.015792370 2.943156 2.440346 0.927499 0.260966 0.939381 -0.200361 -0.096515
1520616980.065794468 2.919848 2.420793 0.880021 0.260188 0.940505 -0.194132 -0.100320
1520616980.115795374 2.896353 2.404173 0.830683 0.258728 0.940651 -0.193368 -0.104134
1520616980.165799379 2.872695 2.389483 0.780201 0.251558 0.941404 -0.196918 -0.108168
1520616980.215798616 2.847484 2.374971 0.730120 0.241114 0.942709 -0.201319 -0.112407
1520616980.265799522 2.823782 2.364878 0.676226 0.233676 0.943986 -0.203932 -0.112683
1520616980.316151857 2.798712 2.354657 0.622765 0.231205 0.945466 -0.202775 -0.107337
1520616980.366152763 2.775718 2.350367 0.568645 0.229520 0.946918 -0.200168 -0.102954
1520616980.416154861 2.749414 2.343425 0.519013 0.228495 0.948028 -0.197016 -0.101087
1520616980.466203928 2.720426 2.335285 0.471833 0.225119 0.949064 -0.195160 -0.102529
1520616980.516157627 2.693290 2.321464 0.423109 0.220135 0.950171 -0.191023 -0.110567
1520616980.566159964 2.659939 2.312075 0.378475 0.217305 0.951136 -0.184066 -0.119323
1520616980.616160870 2.622437 2.299935 0.335845 0.216860 0.951228 -0.174487 -0.133011
1520616980.666162968 2.582216 2.291578 0.292183 0.220362 0.950107 -0.164593 -0.147130
1520616980.716924906 2.539732 2.291245 0.249682 0.226798 0.948381 -0.155897 -0.157583
1520616980.766926765 2.498034 2.288816 0.203843 0.229946 0.947064 -0.149313 -0.167033
1520616980.816927910 2.454517 2.287421 0.158636 0.230872 0.946189 -0.145248 -0.174148
1520616980.866930008 2.411070 2.285785 0.113385 0.231106 0.945873 -0.144421 -0.176230
1520616980.916930914 2.366925 2.279851 0.070486 0.229678 0.946302 -0.144255 -0.175927
1520616980.966933012 2.321969 2.278633 0.028278 0.226695 0.948024 -0.143286 -0.171260
1520616981.016933918 2.278435 2.270534 -0.010067 0.226122 0.950159 -0.139873 -0.162797
1520616981.066936016 2.234356 2.263003 -0.049548 0.225909 0.952066 -0.135892 -0.155144
1520616981.116937876 2.188601 2.251187 -0.083932 0.225951 0.953367 -0.131362 -0.150936
1520616981.166481972 2.149908 2.246675 -0.123348 0.226912 0.953886 -0.133067 -0.144589
1520616981.216484070 2.104501 2.235239 -0.155829 0.231514 0.953516 -0.138208 -0.134563
1520616981.266485929 2.059564 2.224522 -0.187898 0.233870 0.952943 -0.146030 -0.126017
1520616981.316486835 2.011974 2.219129 -0.222842 0.226790 0.953363 -0.156152 -0.123618
1520616981.366487980 1.964142 2.216703 -0.259114 0.217095 0.954098 -0.167248 -0.120810
1520616981.416490078 1.916431 2.215330 -0.295140 0.208995 0.955090 -0.175945 -0.114749
1520616981.466491938 1.866798 2.212895 -0.327045 0.201458 0.956405 -0.179960 -0.110985
1520616981.516494036 1.814622 2.214757 -0.360893 0.195494 0.957179 -0.180625 -0.113862
1520616981.566054821 1.765567 2.212290 -0.394545 0.194887 0.956972 -0.180100 -0.117420
1520616981.616055965 1.712797 2.206427 -0.425553 0.195791 0.956878 -0.177750 -0.120232
1520616981.666058064 1.656660 2.199042 -0.452520 0.191427 0.957746 -0.173607 -0.126251
1520616981.716059923 1.600789 2.191335 -0.478762 0.185182 0.958023 -0.171197 -0.136349
1520616981.766061068 1.541714 2.182169 -0.501227 0.185105 0.956592 -0.172091 -0.145093
1520616981.816062927 1.482673 2.176003 -0.523892 0.192548 0.953812 -0.174775 -0.150403
1520616981.866064787 1.424848 2.176871 -0.548939 0.204461 0.950379 -0.178508 -0.152020
1520616981.916065931 1.367667 2.179821 -0.574471 0.217706 0.946584 -0.182451 -0.152627
1520616981.965775251 1.316676 2.187995 -0.601474 0.227648 0.943384 -0.187665 -0.151609
1520616982.015775442 1.259586 2.191976 -0.620786 0.230518 0.942292 -0.191946 -0.148673
1520616982.065777302 1.202525 2.199795 -0.639938 0.227193 0.942362 -0.197412 -0.146170
1520616982.115798473 1.146259 2.206574 -0.656528 0.224744 0.942638 -0.202422 -0.141240
1520616982.165780544 1.091785 2.214218 -0.669943 0.225645 0.943152 -0.204626 -0.132953
1520616982.215781450 1.036659 2.224929 -0.682587 0.225688 0.944324 -0.200897 -0.130218
1520616982.265783548 0.979407 2.237043 -0.694446 0.226480 0.945661 -0.191902 -0.132687
1520616982.315784454 0.922681 2.250719 -0.708208 0.229764 0.946054 -0.182464 -0.137470
1520616982.365703821 0.864844 2.263452 -0.719861 0.232013 0.946177 -0.172053 -0.146005
1520616982.415704727 0.806306 2.279621 -0.732455 0.233495 0.946045 -0.163397 -0.154205
1520616982.465707064 0.749848 2.295173 -0.745357 0.233164 0.945607 -0.158746 -0.162052
1520616982.515707970 0.692692 2.309866 -0.758376 0.229672 0.945262 -0.159041 -0.168629
1520616982.565710068 0.635976 2.324438 -0.771198 0.224432 0.945694 -0.162082 -0.170362
1520616982.615710974 0.580113 2.338845 -0.784789 0.215782 0.947305 -0.162751 -0.171941
1520616982.665712833 0.521769 2.352026 -0.795732 0.209251 0.948709 -0.160591 -0.174288
1520616982.715715170 0.464523 2.360660 -0.805265 0.211294 0.948610 -0.158352 -0.174409
1520616982.765817642 0.407900 2.365432 -0.813416 0.215757 0.948577 -0.154974 -0.172146
1520616982.815819502 0.350218 2.369231 -0.819673 0.217006 0.948756 -0.151542 -0.172641
1520616982.865820408 0.291712 2.372350 -0.823859 0.216142 0.948538 -0.149876 -0.176342
1520616982.915822506 0.233750 2.376694 -0.829329 0.214634 0.947122 -0.150523 -0.185029
1520616982.965823412 0.174142 2.380593 -0.832307 0.212789 0.945466 -0.153244 -0.193212
1520616983.015825510 0.116666 2.385475 -0.837103 0.209622 0.943999 -0.158863 -0.199217
1520616983.065827608 0.058605 2.389870 -0.839920 0.204169 0.943326 -0.165405 -0.202712
1520616983.115829468 0.002626 2.393492 -0.843388 0.195625 0.943176 -0.172498 -0.205901
1520616983.165883303 -0.052343 2.394137 -0.846280 0.185762 0.942998 -0.179169 -0.210109
1520616983.215885401 -0.105384 2.389831 -0.847676 0.177829 0.942371 -0.186456 -0.213419
1520616983.265887499 -0.155804 2.380544 -0.847756 0.167686 0.942399 -0.191270 -0.217213
1520616983.315888405 -0.204172 2.367486 -0.846741 0.154576 0.942853 -0.195657 -0.221029
1520616983.365890265 -0.247158 2.348176 -0.844499 0.140900 0.943129 -0.203863 -0.221573
1520616983.415891409 -0.284644 2.324676 -0.843419 0.124372 0.942796 -0.216598 -0.220799
1520616983.465892315 -0.315991 2.298348 -0.842481 0.103165 0.941340 -0.231350 -0.222963
1520616983.515894413 -0.339962 2.272218 -0.844175 0.080605 0.939108 -0.246447 -0.225485
1520616983.565895319 -0.358627 2.245943 -0.847699 0.063832 0.935836 -0.256491 -0.233128
1520616983.615723848 -0.371681 2.218859 -0.853665 0.054744 0.930759 -0.259148 -0.252058
1520616983.665724993 -0.382486 2.199707 -0.861815 0.050568 0.924249 -0.257756 -0.277071
1520616983.715726852 -0.387253 2.183074 -0.870231 0.052587 0.916942 -0.255039 -0.302335
1520616983.765728712 -0.383299 2.166966 -0.878982 0.056093 0.909428 -0.252571 -0.325581
1520616983.815729856 -0.375840 2.151601 -0.885535 0.052666 0.901315 -0.249545 -0.350122
1520616983.865731955 -0.367275 2.140109 -0.889500 0.041742 0.894871 -0.244989 -0.370733
1520616983.915733099 -0.355227 2.127097 -0.891610 0.022253 0.893251 -0.235325 -0.382400
1520616983.965734959 -0.329999 2.113802 -0.896524 0.000839 0.898188 -0.224641 -0.377880
1520616984.015578270 -0.297832 2.097850 -0.900615 -0.021177 0.908830 -0.216631 -0.355880
1520616984.065580368 -0.258504 2.080946 -0.905459 -0.047276 0.920051 -0.215092 -0.324048
1520616984.115581274 -0.213832 2.067430 -0.908988 -0.070751 0.932047 -0.216981 -0.281429
1520616984.165583372 -0.167593 2.055504 -0.908811 -0.091484 0.942014 -0.219874 -0.236424
1520616984.215585232 -0.115363 2.047920 -0.908543 -0.096829 0.952216 -0.225066 -0.182357
1520616984.265586138 -0.060120 2.041710 -0.906228 -0.092556 0.962302 -0.225154 -0.121301
1520616984.315588236 -0.001855 2.041602 -0.903139 -0.079436 0.970522 -0.219500 -0.059977
1520616984.365589142 0.056297 2.043307 -0.898672 -0.063805 0.975505 -0.210501 -0.002773
1520616984.415640831 0.112183 2.049376 -0.892382 -0.041847 0.977399 -0.201656 0.047701
1520616984.465641975 0.166979 2.054640 -0.886781 -0.017842 0.976721 -0.195277 0.086981
1520616984.515643835 0.221269 2.058046 -0.884785 0.012293 0.974463 -0.193670 0.112969
1520616984.565645933 0.271921 2.060001 -0.883863 0.045100 0.971720 -0.194519 0.126049
1520616984.615647078 0.319654 2.058792 -0.885780 0.079921 0.969716 -0.193055 0.126467
1520616984.665648937 0.366697 2.055990 -0.890118 0.114231 0.968767 -0.186047 0.117592
1520616984.715649843 0.410834 2.055579 -0.896156 0.142083 0.969504 -0.174155 0.097695
1520616984.765651941 0.454721 2.055125 -0.904499 0.159870 0.971490 -0.160764 0.069306
1520616984.815819025 0.497579 2.054750 -0.914049 0.166139 0.974184 -0.148850 0.034753
1520616984.865819931 0.536323 2.050674 -0.923055 0.166876 0.975634 -0.142444 0.000497
1520616984.915822029 0.571879 2.043033 -0.931238 0.158766 0.976316 -0.142361 -0.036532
1520616984.965823889 0.604302 2.032451 -0.938099 0.141180 0.976354 -0.147891 -0.070210
1520616985.015824795 0.632413 2.018576 -0.944448 0.110600 0.975660 -0.157565 -0.105013
1520616985.065825939 0.658264 2.002764 -0.949918 0.073324 0.972533 -0.175264 -0.134483
1520616985.115828037 0.688324 1.981859 -0.956322 0.033756 0.967568 -0.202693 -0.146932
1520616985.165829182 0.721973 1.953657 -0.959397 -0.009026 0.961418 -0.233888 -0.144535
1520616985.215872049 0.757045 1.927607 -0.962907 -0.051928 0.954134 -0.261796 -0.135626
1520616985.265873909 0.794604 1.903909 -0.959461 -0.086003 0.949818 -0.280470 -0.108561
1520616985.315875053 0.839531 1.888347 -0.959848 -0.112022 0.949175 -0.286153 -0.068079
1520616985.365876913 0.886423 1.879474 -0.960395 -0.126739 0.952524 -0.276045 -0.020858
1520616985.415880919 0.933079 1.876529 -0.959613 -0.132908 0.957726 -0.253439 0.029412
1520616985.465880156 0.978297 1.872310 -0.955427 -0.128119 0.962842 -0.222664 0.083319
1520616985.515881062 1.027181 1.873073 -0.950032 -0.117663 0.964199 -0.194524 0.136512
1520616985.565882921 1.075626 1.873182 -0.947944 -0.099266 0.962201 -0.176921 0.181698
1520616985.615884066 1.122858 1.868604 -0.946907 -0.075458 0.958130 -0.174744 0.213908
1520616985.665736437 1.172591 1.860909 -0.943211 -0.043962 0.953381 -0.181573 0.236987
1520616985.715737581 1.215652 1.851295 -0.941566 -0.007830 0.949088 -0.192354 0.249338
1520616985.765739441 1.255019 1.842515 -0.942389 0.033334 0.946662 -0.199818 0.250585
1520616985.815741777 1.290538 1.836430 -0.944989 0.073879 0.947755 -0.199362 0.237818
1520616985.865742683 1.323186 1.832859 -0.948479 0.112618 0.951711 -0.186813 0.216019
1520616985.915744543 1.351652 1.830722 -0.954493 0.149950 0.955580 -0.167817 0.190315
1520616985.965745687 1.377898 1.829955 -0.961944 0.183459 0.958410 -0.149365 0.159634
1520616986.015747547 1.399563 1.829059 -0.972189 0.209255 0.960892 -0.134296 0.121913
1520616986.065976143 1.421956 1.828855 -0.983847 0.223751 0.963769 -0.124402 0.074893
1520616986.115978003 1.432097 1.826546 -0.996762 0.228319 0.965684 -0.120305 0.029178
1520616986.165978909 1.444885 1.826878 -1.010715 0.221785 0.967284 -0.121895 -0.017744
1520616986.215981007 1.455190 1.823597 -1.023966 0.208176 0.968259 -0.126373 -0.056273
1520616986.265982866 1.466899 1.819602 -1.037381 0.185784 0.969436 -0.133439 -0.088728
1520616986.315983772 1.478022 1.813008 -1.048943 0.157073 0.970572 -0.143616 -0.112658
1520616986.365986109 1.488645 1.803370 -1.060396 0.125960 0.970701 -0.157408 -0.130753
1520616986.415987968 1.500272 1.791854 -1.069411 0.090015 0.969908 -0.175352 -0.142921
1520616986.466095209 1.515228 1.780336 -1.077050 0.052998 0.968363 -0.193480 -0.148427
1520616986.516097069 1.534056 1.769267 -1.081714 0.018828 0.967815 -0.204956 -0.144818
1520616986.566097975 1.554705 1.760537 -1.087246 -0.008340 0.969140 -0.208724 -0.130894
1520616986.616100073 1.576554 1.756113 -1.091129 -0.033081 0.971850 -0.206529 -0.108436
1520616986.666101933 1.600842 1.754956 -1.092876 -0.050143 0.975480 -0.200678 -0.075189
1520616986.716102839 1.629302 1.757989 -1.093459 -0.057870 0.978842 -0.193363 -0.033612
1520616986.766103983 1.651817 1.758719 -1.085173 -0.052066 0.980750 -0.187289 0.018453
1520616986.816106081 1.672266 1.761815 -1.074178 -0.033200 0.980177 -0.183225 0.067667
1520616986.865979433 1.689917 1.767784 -1.061552 -0.008385 0.978900 -0.174357 0.106224
1520616986.915982246 1.701707 1.781359 -1.050413 0.015169 0.979992 -0.151420 0.128283
1520616986.965983152 1.705503 1.801496 -1.039625 0.032433 0.983737 -0.114852 0.134235
1520616987.015984297 1.703894 1.827738 -1.028234 0.043580 0.988419 -0.072580 0.125943
1520616987.065986395 1.696766 1.857666 -1.016178 0.047906 0.992638 -0.029353 0.107295
1520616987.116074324 1.685218 1.889795 -1.003454 0.048271 0.994940 0.013183 0.087119
1520616987.165989399 1.668988 1.920499 -0.988210 0.044925 0.994911 0.057492 0.069485
1520616987.215990305 1.650696 1.949300 -0.971350 0.039014 0.993098 0.096200 0.054596
1520616987.266605377 1.616136 1.948989 -0.946770 0.040198 0.989899 0.126684 0.049342
1520616987.316606283 1.616136 1.948989 -0.946770 0.040198 0.989899 0.126684 0.049342
1520616987.366608381 1.593609 1.942246 -0.936573 0.045659 0.993029 0.098885 0.045067
1520616987.416609287 1.569456 1.923915 -0.928330 0.055255 0.996409 0.049360 0.040989
1520616987.466611147 1.546690 1.899178 -0.918972 0.067021 0.996978 -0.015124 0.036253
1520616987.516613483 1.522313 1.866104 -0.907102 0.081639 0.992595 -0.083861 0.032522
1520616987.566614389 1.493989 1.836803 -0.892673 0.094314 0.983745 -0.150534 0.026278
1520616987.616616249 1.465516 1.816034 -0.875626 0.104321 0.971706 -0.211006 0.019507
1520616987.666622162 1.435701 1.795904 -0.856626 0.115226 0.958171 -0.261390 0.017526
1520616987.716624022 1.404712 1.780154 -0.837014 0.126191 0.944457 -0.302847 0.018974
1520616987.766624928 1.373247 1.771508 -0.820458 0.134918 0.932391 -0.334720 0.020154
1520616987.816627264 1.342232 1.770122 -0.809007 0.138836 0.925266 -0.352437 0.019913
1520616987.866629124 1.312990 1.776440 -0.802865 0.139456 0.925739 -0.350949 0.019833
1520616987.916630030 1.287524 1.793892 -0.802150 0.136266 0.934696 -0.327428 0.023778
1520616987.966632128 1.263225 1.817910 -0.803262 0.131145 0.949941 -0.281868 0.031050
1520616988.016633034 1.239379 1.847135 -0.804741 0.124309 0.966369 -0.222352 0.035190
1520616988.066636086 1.213464 1.878492 -0.802919 0.117370 0.979726 -0.158307 0.036073
1520616988.115684748 1.213464 1.878492 -0.802919 0.117370 0.979726 -0.158307 0.036073
1520616988.165687799 1.186553 1.912691 -0.801512 0.106795 0.987879 -0.107120 0.034857
1520616988.215688944 1.160052 1.945281 -0.797778 0.096248 0.992780 -0.063182 0.033656
1520616988.265690804 1.127542 1.973317 -0.792759 0.087145 0.995397 -0.025194 0.030909
1520616988.315691710 1.094956 1.998824 -0.787635 0.080907 0.996322 0.002866 0.028065
1520616988.365694046 1.061503 2.018795 -0.782716 0.075775 0.996676 0.015706 0.025476
1520616988.415694952 1.026537 2.032141 -0.780012 0.071643 0.997179 0.005853 0.021621
1520616988.465696812 0.992385 2.027491 -0.778776 0.071801 0.996800 -0.029809 0.018583
1520616988.516410828 0.992385 2.027491 -0.778776 0.071801 0.996800 -0.029809 0.018583
1520616988.566412687 0.954355 2.007881 -0.778756 0.083652 0.991812 -0.095861 0.011077
1520616988.616414070 0.916146 1.988393 -0.775499 0.095534 0.982543 -0.159572 0.004493
1520616988.666416883 0.875903 1.969365 -0.767825 0.104089 0.971038 -0.215062 0.000107
1520616988.716416836 0.835345 1.956398 -0.765573 0.110848 0.958278 -0.263466 -0.001227
1520616988.766474724 0.795481 1.945163 -0.763046 0.117065 0.946486 -0.300759 -0.002014
1520616988.816419840 0.755759 1.935685 -0.761338 0.125481 0.936711 -0.326845 0.000524
1520616988.866421700 0.715383 1.931582 -0.762416 0.133324 0.930305 -0.341664 0.004695
1520616988.915898561 0.679137 1.941863 -0.769459 0.136972 0.929049 -0.343520 0.010063
1520616988.965900898 0.643091 1.948098 -0.779340 0.138102 0.934441 -0.327884 0.015496
1520616989.015902758 0.607928 1.962888 -0.793042 0.135240 0.945393 -0.295693 0.022555
1520616989.065903664 0.573065 1.986175 -0.807188 0.128200 0.960129 -0.246629 0.029855
1520616989.115905762 0.542086 2.016594 -0.823022 0.116379 0.975153 -0.185540 0.033280
1520616989.165906668 0.507136 2.051609 -0.833554 0.106038 0.986090 -0.122054 0.038529
1520616989.215908527 0.471527 2.079687 -0.839446 0.100096 0.992058 -0.063690 0.041786
1520616989.265909672 0.434571 2.106940 -0.842906 0.094926 0.994373 -0.019151 0.042941
1520616989.315804243 0.393197 2.132096 -0.842462 0.089889 0.994924 0.011301 0.043792
1520616989.365805149 0.353228 2.158387 -0.845031 0.082983 0.995149 0.032004 0.042043
1520616989.415807009 0.312579 2.185821 -0.846789 0.074833 0.995082 0.052328 0.038389
1520616989.465809107 0.271269 2.212210 -0.846592 0.068412 0.994076 0.076259 0.036288
1520616989.515810013 0.229007 2.235602 -0.845458 0.063049 0.992875 0.095371 0.033591
1520616989.565811872 0.186129 2.249724 -0.846681 0.060604 0.993190 0.095237 0.028816
1520616989.615814209 0.141873 2.251463 -0.852032 0.061750 0.995586 0.067005 0.022468
1520616989.665815115 0.097875 2.243554 -0.860336 0.069046 0.997464 0.011786 0.012625
1520616989.717325211 0.097875 2.243554 -0.860336 0.069046 0.997464 0.011786 0.012625
1520616989.767327309 0.056199 2.213221 -0.870217 0.084235 0.994788 -0.057302 -0.004304
1520616989.817328453 0.014013 2.196332 -0.873147 0.095366 0.987901 -0.120929 -0.018224
1520616989.867330313 -0.031858 2.177681 -0.874182 0.103674 0.980335 -0.165536 -0.028163
1520616989.917331457 -0.076339 2.167918 -0.877547 0.111445 0.974788 -0.189913 -0.036078
1520616989.967333317 -0.122059 2.167098 -0.882979 0.118221 0.972750 -0.194997 -0.041933
1520616990.017334223 -0.166559 2.174342 -0.891375 0.119465 0.974864 -0.181705 -0.048488
1520616990.067335367 -0.209747 2.191748 -0.902433 0.118230 0.979708 -0.152212 -0.054996
1520616990.115924835 -0.209747 2.191748 -0.902433 0.118230 0.979708 -0.152212 -0.054996
1520616990.165926695 -0.254465 2.213575 -0.916398 0.118262 0.984713 -0.108284 -0.068032
1520616990.215927601 -0.300024 2.235399 -0.929523 0.116517 0.986486 -0.071110 -0.090625
1520616990.265929699 -0.343327 2.251067 -0.942784 0.113741 0.984825 -0.046921 -0.122400
1520616990.315930605 -0.381608 2.260858 -0.955350 0.112010 0.979456 -0.037341 -0.163476
1520616990.365932465 -0.418829 2.264459 -0.963788 0.111954 0.970615 -0.038523 -0.209495
1520616990.415960550 -0.453624 2.265503 -0.969288 0.109850 0.959730 -0.047045 -0.254241
1520616990.465935707 -0.483952 2.264412 -0.972134 0.105731 0.948339 -0.057834 -0.293478
1520616990.515936613 -0.507877 2.262419 -0.973746 0.099541 0.937457 -0.067047 -0.326757
1520616990.566101313 -0.522535 2.260314 -0.975642 0.094175 0.929964 -0.072650 -0.347879
1520616990.616102457 -0.523256 2.256948 -0.981525 0.096044 0.931385 -0.076030 -0.342808
1520616990.666104317 -0.511047 2.252386 -0.987818 0.101565 0.943252 -0.076042 -0.306883
1520616990.716106176 -0.489335 2.247844 -0.993174 0.105753 0.958333 -0.069825 -0.256005
1520616990.766107321 -0.463528 2.243250 -0.994321 0.102824 0.972580 -0.062393 -0.199054
1520616990.816109419 -0.432600 2.232708 -0.995285 0.100025 0.983733 -0.062250 -0.135608
1520616990.866110563 -0.404040 2.222148 -0.990499 0.099139 0.990166 -0.072778 -0.066675
1520616990.916112423 -0.366709 2.208905 -0.982395 0.100085 0.990708 -0.091683 0.008679
1520616990.966139793 -0.321983 2.198672 -0.974477 0.099542 0.984862 -0.115965 0.081797
1520616991.016142130 -0.280906 2.192408 -0.962869 0.096575 0.975238 -0.138779 0.142563
1520616991.066143990 -0.238684 2.184550 -0.951945 0.092409 0.965868 -0.152653 0.187767
1520616991.116144896 -0.197096 2.179023 -0.941295 0.087550 0.960851 -0.153303 0.213537
1520616991.166146994 -0.157916 2.176570 -0.934889 0.080812 0.963500 -0.143556 0.211019
1520616991.216149092 -0.120195 2.173249 -0.931186 0.075247 0.971488 -0.128274 0.184647
1520616991.266149998 -0.086551 2.168466 -0.927587 0.074673 0.979802 -0.114287 0.146121
1520616991.316151142 -0.053529 2.160682 -0.923374 0.077978 0.985553 -0.110523 0.101931
1520616991.366085291 -0.021765 2.150543 -0.921962 0.080854 0.987914 -0.120175 0.055196
1520616991.416087389 0.004903 2.134339 -0.916041 0.084669 0.986899 -0.136814 0.011958
1520616991.466088295 0.036515 2.120703 -0.913716 0.086213 0.983096 -0.158609 -0.030551
1520616991.516091347 0.064448 2.108631 -0.908519 0.085256 0.977130 -0.181744 -0.070128
1520616991.566092253 0.092757 2.100504 -0.903517 0.082359 0.969942 -0.201529 -0.108702
1520616991.616093159 0.123167 2.094196 -0.899369 0.084039 0.962563 -0.211069 -0.147853
1520616991.666095257 0.157574 2.088544 -0.897057 0.090651 0.956702 -0.208967 -0.181209
1520616991.716096163 0.193831 2.086478 -0.898800 0.098985 0.954522 -0.198338 -0.199378
1520616991.765949011 0.237932 2.083929 -0.904418 0.104089 0.957543 -0.183055 -0.196897
1520616991.815950871 0.289867 2.074458 -0.911434 0.101985 0.966300 -0.168894 -0.165345
1520616991.865952015 0.344640 2.064185 -0.918423 0.093773 0.975814 -0.159632 -0.116240
1520616991.915952921 0.399255 2.056108 -0.923873 0.085456 0.981918 -0.155165 -0.066772
1520616991.965954781 0.455028 2.043646 -0.924833 0.076922 0.984940 -0.154298 -0.012977
1520616992.015956879 0.507961 2.029323 -0.918657 0.070659 0.983403 -0.159293 0.050506
1520616992.065957785 0.560014 2.020457 -0.912219 0.069118 0.976697 -0.169939 0.111380
1520616992.115958691 0.609722 2.010754 -0.901925 0.068235 0.966924 -0.179704 0.167658
1520616992.165961027 0.661787 1.991837 -0.881283 0.072424 0.956228 -0.182391 0.217062
1520616992.215962887 0.711083 1.983361 -0.868038 0.073606 0.943586 -0.185399 0.264301
1520616992.265963793 0.758188 1.975274 -0.857530 0.076017 0.931908 -0.185120 0.302487
1520616992.315965891 0.807674 1.972416 -0.847226 0.075724 0.922049 -0.184980 0.331472
1520616992.365966797 0.855249 1.969442 -0.841886 0.072983 0.919069 -0.183321 0.341143
1520616992.415968657 0.899068 1.967263 -0.843347 0.069365 0.924773 -0.180977 0.327461
1520616992.465969801 0.941391 1.962982 -0.845123 0.070287 0.936053 -0.178754 0.294807
1520616992.515971899 0.979269 1.955090 -0.845204 0.076081 0.947552 -0.178695 0.253821
1520616992.565972805 1.011790 1.945069 -0.846538 0.083984 0.957031 -0.181568 0.209933
1520616992.615977526 1.043500 1.934401 -0.847173 0.093253 0.963913 -0.186435 0.165581
1520616992.665979385 1.072454 1.923937 -0.849321 0.096569 0.968977 -0.192110 0.121870
1520616992.715980291 1.100009 1.916590 -0.853339 0.094339 0.973061 -0.194830 0.079331
1520616992.765982389 1.127854 1.912286 -0.856253 0.090328 0.976533 -0.191918 0.037314
1520616992.815983295 1.157058 1.910765 -0.856548 0.089652 0.978741 -0.184467 -0.000504
1520616992.865985394 1.187987 1.912502 -0.858240 0.088704 0.979701 -0.176309 -0.035104
1520616992.915986538 1.218470 1.912358 -0.860168 0.089240 0.979375 -0.166659 -0.071310
1520616992.965988398 1.251138 1.913437 -0.864215 0.091880 0.977396 -0.159759 -0.103600
1520616993.015919924 1.286830 1.910113 -0.871742 0.092366 0.975426 -0.157720 -0.123037
1520616993.065922022 1.329022 1.902924 -0.880819 0.093605 0.975194 -0.161426 -0.119065
1520616993.115922928 1.379538 1.893741 -0.891780 0.096465 0.976638 -0.168938 -0.091284
1520616993.165924072 1.430599 1.881230 -0.900094 0.098669 0.978153 -0.174775 -0.054177
1520616993.215925932 1.479503 1.865585 -0.904623 0.098539 0.978707 -0.179489 -0.014360
1520616993.265928030 1.528994 1.850944 -0.906612 0.095966 0.977937 -0.183221 0.029308
1520616993.315929174 1.592463 1.839213 -0.906106 0.093386 0.975499 -0.184041 0.076218
1520616993.365930080 1.641451 1.829382 -0.904290 0.091690 0.970766 -0.179927 0.129742
1520616993.415955544 1.690722 1.823235 -0.901499 0.089509 0.963562 -0.174046 0.182330
1520616993.465957642 1.738905 1.818684 -0.898890 0.090233 0.953432 -0.168454 0.233344
1520616993.515958548 1.783051 1.817532 -0.896388 0.090421 0.940349 -0.166818 0.282382
1520616993.565960407 1.827262 1.815704 -0.893491 0.091243 0.927770 -0.167767 0.320579
1520616993.615962505 1.866695 1.811688 -0.893734 0.091632 0.917452 -0.169643 0.348004
1520616993.665963411 1.905908 1.809708 -0.897871 0.092052 0.913852 -0.171597 0.356308
1520616993.715964556 1.943552 1.805349 -0.906797 0.091536 0.920565 -0.170239 0.339410
1520616993.765966654 1.977974 1.801849 -0.918459 0.092538 0.933709 -0.166671 0.303060
1520616993.816106081 2.008806 1.797534 -0.933293 0.094672 0.948551 -0.163708 0.253945
1520616993.866106987 2.033463 1.789963 -0.942748 0.096743 0.962314 -0.162688 0.195258
1520616993.916108847 2.052375 1.779212 -0.953359 0.102152 0.971925 -0.164590 0.133554
1520616993.966109991 2.064561 1.770295 -0.962278 0.107865 0.976673 -0.171558 0.071010
1520616994.016111851 2.070799 1.757138 -0.967728 0.112162 0.976810 -0.181982 0.012012
1520616994.066112757 2.077158 1.745768 -0.970736 0.112731 0.973513 -0.194468 -0.041799
1520616994.116114855 2.083481 1.739437 -0.974433 0.107708 0.968891 -0.203302 -0.091199
1520616994.166115761 2.089080 1.735608 -0.975794 0.102956 0.965563 -0.201944 -0.127695
1520616994.216082096 2.095927 1.735342 -0.975960 0.098963 0.965815 -0.192275 -0.142964
1520616994.266084194 2.105883 1.732752 -0.978180 0.088812 0.970251 -0.179477 -0.136063
1520616994.316085339 2.113352 1.727118 -0.980387 0.071603 0.975858 -0.169525 -0.117620
1520616994.366087198 2.114706 1.720998 -0.981293 0.045828 0.980153 -0.165173 -0.099586
1520616994.416088104 2.114519 1.713444 -0.982397 0.015532 0.981931 -0.170870 -0.079840
1520616994.466090202 2.113541 1.704162 -0.980209 -0.016258 0.981150 -0.185421 -0.051957
1520616994.516091108 2.109347 1.698844 -0.976774 -0.051906 0.977570 -0.203036 -0.020947
1520616994.566092968 2.106481 1.697819 -0.973865 -0.085093 0.972274 -0.217403 0.013385
1520616994.616054296 2.104707 1.699671 -0.968290 -0.112501 0.966850 -0.223694 0.050057
1520616994.666056156 2.099576 1.712107 -0.964079 -0.130862 0.962107 -0.221155 0.091188
1520616994.716058254 2.095281 1.730117 -0.959389 -0.140075 0.958381 -0.210804 0.132086
1520616994.766059160 2.088330 1.749102 -0.954099 -0.136401 0.956037 -0.193964 0.172529
1520616994.816061258 2.079396 1.766998 -0.947191 -0.118789 0.953356 -0.171041 0.218511
1520616994.866063356 2.068647 1.785227 -0.940133 -0.090975 0.950198 -0.146445 0.259619
1520616994.916064262 2.057595 1.801945 -0.931298 -0.056617 0.946602 -0.125848 0.291378
1520616994.966066360 2.044224 1.814350 -0.926054 -0.016218 0.943841 -0.110524 0.310943
1520616995.016067266 2.027527 1.824088 -0.923645 0.026900 0.942952 -0.099054 0.316711
1520616995.066224098 2.005757 1.830204 -0.921143 0.073579 0.943126 -0.084997 0.312850
1520616995.116225004 1.979192 1.834186 -0.921564 0.124324 0.942747 -0.066515 0.302238
1520616995.166226864 1.950539 1.840039 -0.924928 0.172249 0.943279 -0.047154 0.279879
1520616995.216229200 1.916742 1.846143 -0.929104 0.212825 0.945008 -0.029328 0.246588
1520616995.266230106 1.876831 1.856231 -0.936623 0.242217 0.948409 -0.015387 0.203997
1520616995.316231966 1.830240 1.869849 -0.945418 0.259587 0.953884 -0.006086 0.150611
1520616995.366233110 1.778126 1.885691 -0.954581 0.264174 0.960365 -0.004929 0.088806
1520616995.416327238 1.722075 1.902164 -0.959407 0.257408 0.965799 -0.016457 0.026495
1520616995.466610193 1.665387 1.912213 -0.955511 0.237781 0.969884 -0.040468 -0.033881
1520616995.516612291 1.665387 1.912213 -0.955511 0.237781 0.969884 -0.040468 -0.033881
1520616995.566613197 1.603791 1.916388 -0.951329 0.194695 0.973829 -0.086141 -0.079560
1520616995.616615057 1.545284 1.919388 -0.945249 0.145528 0.974155 -0.131971 -0.111476
1520616995.666616201 1.494536 1.916190 -0.938369 0.093098 0.972672 -0.168419 -0.129912
1520616995.716618299 1.452495 1.912655 -0.933617 0.044500 0.971149 -0.194203 -0.131050
1520616995.766619444 1.420169 1.912216 -0.930728 -0.000297 0.970692 -0.207689 -0.120921
1520616995.816621304 1.391640 1.914873 -0.929101 -0.041723 0.971162 -0.212618 -0.099481
1520616995.866175175 1.363465 1.912986 -0.921268 -0.075940 0.972198 -0.211502 -0.065815
1520616995.916176319 1.344390 1.917631 -0.917713 -0.100162 0.972679 -0.208104 -0.023587
1520616995.966178417 1.330743 1.924205 -0.914995 -0.108337 0.972945 -0.201983 0.029048
1520616996.016179085 1.321391 1.937150 -0.913173 -0.100553 0.972769 -0.189233 0.088324
1520616996.066181421 1.312629 1.952829 -0.911250 -0.082290 0.971296 -0.171797 0.142471
1520616996.116182327 1.303974 1.971036 -0.909870 -0.054930 0.968932 -0.154863 0.184852
1520616996.166184187 1.295889 1.989193 -0.908249 -0.018994 0.966532 -0.134946 0.217357
1520616996.216185331 1.287124 2.012442 -0.908143 0.017951 0.964298 -0.107643 0.241290
1520616996.266077995 1.277003 2.034411 -0.907531 0.056689 0.960901 -0.073318 0.260923
1520616996.316079855 1.264901 2.056799 -0.906757 0.097482 0.956237 -0.043338 0.272453
1520616996.366080999 1.251421 2.076845 -0.903566 0.140157 0.950716 -0.015173 0.276161
1520616996.416084051 1.233306 2.093501 -0.903443 0.181656 0.946195 0.006286 0.267724
1520616996.466084957 1.209591 2.105850 -0.905915 0.217423 0.944028 0.021309 0.247153
1520616996.516086102 1.178843 2.118597 -0.909655 0.245339 0.943597 0.032861 0.219894
1520616996.566087961 1.144243 2.131637 -0.911232 0.268531 0.943859 0.043591 0.187404
1520616996.616088867 1.101134 2.140800 -0.914731 0.287140 0.944222 0.051823 0.152673
1520616996.666722536 1.101134 2.140800 -0.914731 0.287140 0.944222 0.051823 0.152673
1520616996.716723442 1.054633 2.148138 -0.919756 0.281135 0.950637 0.047427 0.122488
1520616996.766725302 1.003341 2.154716 -0.924809 0.258990 0.960863 0.030367 0.093509
1520616996.816727638 0.946429 2.158334 -0.928447 0.222887 0.972909 0.001571 0.061375
1520616996.866728544 0.890079 2.150731 -0.932551 0.178108 0.982871 -0.038196 0.027993
1520616996.916730404 0.834181 2.141433 -0.934232 0.128188 0.988050 -0.085568 -0.001689
1520616996.966731548 0.788574 2.128720 -0.935746 0.082426 0.987627 -0.131978 -0.019497
1520616997.016732454 0.740003 2.118023 -0.928618 0.039690 0.984372 -0.170750 -0.016734
1520616997.066610575 0.705570 2.116558 -0.929392 -0.001742 0.980414 -0.196921 -0.002797
1520616997.116547823 0.684389 2.117437 -0.929867 -0.030178 0.977306 -0.207217 0.031983
1520616997.166548729 0.668771 2.124450 -0.929449 -0.047366 0.973694 -0.208096 0.079827
1520616997.216550589 0.654804 2.131835 -0.925845 -0.047798 0.969018 -0.200171 0.136571
1520616997.266551733 0.640272 2.139820 -0.920970 -0.034778 0.962231 -0.186568 0.195176
1520616997.316553831 0.626183 2.150991 -0.915881 -0.011016 0.953753 -0.168405 0.248743
1520616997.366554976 0.612101 2.166250 -0.912355 0.027385 0.942742 -0.145936 0.298647
1520616997.416556835 0.594975 2.179212 -0.913023 0.073090 0.931559 -0.126569 0.332921
1520616997.466558695 0.575220 2.193077 -0.916748 0.118168 0.922459 -0.114903 0.349146
1520616997.516136885 0.555695 2.203730 -0.924804 0.157206 0.917703 -0.109785 0.347928
1520616997.566138983 0.532970 2.219615 -0.932048 0.188435 0.918266 -0.110040 0.330411
1520616997.616139889 0.506380 2.237798 -0.945712 0.211871 0.922180 -0.115054 0.302418
1520616997.666141987 0.478552 2.258602 -0.957272 0.226489 0.927359 -0.128373 0.268755
1520616997.716142893 0.447965 2.283229 -0.967048 0.234176 0.931874 -0.145400 0.235861
1520616997.766144753 0.416601 2.308904 -0.973867 0.232356 0.936150 -0.164393 0.206417
1520616997.816146851 0.384546 2.339587 -0.979338 0.218748 0.942111 -0.178323 0.181045
1520616997.866147757 0.354686 2.374750 -0.981668 0.201813 0.948060 -0.181919 0.165405
1520616997.916203260 0.321799 2.411330 -0.980446 0.185192 0.954695 -0.176138 0.152437
1520616997.966204405 0.291277 2.448777 -0.975827 0.173135 0.960128 -0.164769 0.145017
1520616998.016206264 0.262004 2.487779 -0.970795 0.162357 0.965095 -0.151479 0.138874
1520616998.066208363 0.233195 2.525353 -0.962282 0.150613 0.970090 -0.137401 0.131763
1520616998.116209507 0.204935 2.562427 -0.950693 0.142023 0.974193 -0.123768 0.124336
1520616998.166211367 0.177277 2.598690 -0.935275 0.135151 0.977213 -0.112125 0.119239
1520616998.216213226 0.152005 2.633847 -0.917834 0.128159 0.979584 -0.104184 0.114617
1520616998.266214371 0.125014 2.663648 -0.896794 0.123245 0.981181 -0.098689 0.111154
1520616998.316222906 0.098853 2.689184 -0.873439 0.121059 0.982323 -0.094807 0.106765
1520616998.366224051 0.070796 2.707606 -0.847944 0.119323 0.983375 -0.089938 0.103180
1520616998.416226149 0.044282 2.719787 -0.821331 0.120811 0.983860 -0.083592 0.102157
1520616998.466227055 0.018440 2.725661 -0.794121 0.120416 0.984367 -0.078311 0.101931
1520616998.516229153 -0.007229 2.725708 -0.767739 0.120202 0.984652 -0.075187 0.101774
1520616998.566230059 -0.033730 2.720411 -0.742164 0.120174 0.985132 -0.071386 0.099887
1520616998.616231918 -0.058800 2.711920 -0.717074 0.122257 0.985490 -0.062084 0.100046
1520616998.666233063 -0.078257 2.702929 -0.693462 0.123452 0.986062 -0.052215 0.098563
1520616998.716419220 -0.098870 2.694068 -0.674998 0.125365 0.986424 -0.044924 0.096084
1520616998.766381264 -0.121174 2.676452 -0.652809 0.125592 0.986891 -0.041059 0.092661
1520616998.816383123 -0.140762 2.651614 -0.630469 0.126279 0.987187 -0.044698 0.086699
1520616998.866384029 -0.157773 2.623900 -0.608262 0.124748 0.987279 -0.055384 0.081553
1520616998.916386366 -0.169038 2.591693 -0.585085 0.122124 0.986962 -0.072732 0.075508
1520616998.966387272 -0.178686 2.554883 -0.559866 0.118001 0.986008 -0.093952 0.070967
1520616999.016389132 -0.184138 2.518234 -0.534397 0.109999 0.984980 -0.116361 0.064607
1520616999.066391230 -0.185262 2.481478 -0.506691 0.105515 0.983209 -0.135206 0.062336
1520616999.116468668 -0.179494 2.447889 -0.477547 0.102834 0.981798 -0.147184 0.061916
1520616999.166470766 -0.169004 2.420175 -0.449539 0.101813 0.981125 -0.150844 0.065378
1520616999.216471434 -0.150800 2.398576 -0.421845 0.102704 0.981127 -0.147395 0.071526
1520616999.266473770 -0.126036 2.383915 -0.395149 0.106155 0.981099 -0.141047 0.079259
1520616999.316474676 -0.099561 2.374436 -0.369623 0.108398 0.981004 -0.135873 0.086141
1520616999.366476536 -0.066265 2.371070 -0.346588 0.107707 0.980844 -0.134720 0.090522
1520616999.416477680 -0.027066 2.372282 -0.326569 0.105622 0.980541 -0.136976 0.092848
1520616999.466479540 0.014821 2.377834 -0.309784 0.106022 0.979691 -0.141006 0.095298
1520616999.516481638 0.063971 2.389088 -0.294760 0.108976 0.978438 -0.144852 0.098996
1520616999.566754341 0.115122 2.406656 -0.280104 0.113162 0.977137 -0.146329 0.104813
1520616999.616756439 0.163886 2.426155 -0.268311 0.115216 0.976614 -0.143650 0.110971
1520616999.666757345 0.217105 2.450756 -0.258500 0.117302 0.976697 -0.136395 0.117042
1520616999.716760397 0.272504 2.481518 -0.250404 0.122620 0.977400 -0.123137 0.120376
1520616999.766761541 0.325035 2.511821 -0.242441 0.125936 0.978932 -0.104868 0.121797
1520616999.816763401 0.375632 2.542516 -0.234546 0.126145 0.980290 -0.085629 0.125646
1520616999.866764307 0.423573 2.573822 -0.226745 0.126854 0.980901 -0.069239 0.130182
1520616999.916766405 0.469926 2.605683 -0.221503 0.125219 0.981516 -0.057067 0.133000
1520616999.966792822 0.512085 2.632980 -0.217413 0.124156 0.982177 -0.047756 0.132788
1520617000.016797781 0.550092 2.660096 -0.215503 0.120200 0.982959 -0.039409 0.133383
1520617000.066795588 0.580979 2.681668 -0.216302 0.110544 0.984738 -0.027660 0.131553
1520617000.116797686 0.606214 2.699072 -0.221418 0.098623 0.986345 -0.015110 0.131027
1520617000.166798592 0.626489 2.711659 -0.230962 0.085474 0.988333 -0.006189 0.125913
1520617000.216799736 0.642187 2.713458 -0.243473 0.075798 0.989855 -0.003011 0.120140
1520617000.266801596 0.653000 2.705259 -0.259488 0.067176 0.991854 -0.006641 0.108024
1520617000.316803694 0.661962 2.685831 -0.277266 0.061142 0.994044 -0.016289 0.088734
1520617000.366745234 0.670965 2.656452 -0.290347 0.054117 0.995723 -0.027594 0.069610
1520617000.416735411 0.683087 2.619036 -0.300418 0.049467 0.996576 -0.035550 0.055906
1520617000.466736317 0.700391 2.578187 -0.307745 0.050947 0.996821 -0.039194 0.047069
1520617000.516738653 0.724138 2.530326 -0.310620 0.056759 0.996450 -0.045517 0.042367
1520617000.566739559 0.749242 2.480741 -0.309880 0.058562 0.995832 -0.057914 0.039170
1520617000.616741419 0.777886 2.427768 -0.306587 0.059703 0.994798 -0.073041 0.038430
1520617000.666743517 0.813299 2.371647 -0.301453 0.066020 0.993094 -0.087823 0.041140
1520617000.716744423 0.851392 2.315269 -0.289515 0.075107 0.990653 -0.102367 0.049869
1520617000.766617060 0.891525 2.254464 -0.274821 0.080364 0.988474 -0.115016 0.056857
1520617000.816617966 0.942216 2.202265 -0.258417 0.085440 0.985781 -0.128681 0.066154
1520617000.866620064 0.994297 2.153507 -0.237216 0.089457 0.982950 -0.140533 0.077831
1520617000.916620970 1.051725 2.110764 -0.214029 0.096714 0.980183 -0.148048 0.089274
1520617000.966623068 1.113852 2.072283 -0.190397 0.107053 0.977212 -0.152208 0.102119
1520617001.016624212 1.179115 2.046223 -0.169898 0.116127 0.974469 -0.153829 0.115157
1520617001.066626072 1.246955 2.024568 -0.151618 0.128474 0.971397 -0.152413 0.129048
1520617001.116627932 1.316675 2.016004 -0.136616 0.141193 0.967958 -0.148710 0.144941
1520617001.166698694 1.388822 2.016001 -0.122332 0.151366 0.964557 -0.142113 0.162856
1520617001.216700554 1.457503 2.024361 -0.112269 0.157686 0.961868 -0.133576 0.179174
1520617001.266701460 1.524376 2.040113 -0.105453 0.160840 0.959907 -0.125041 0.192544
1520617001.316703796 1.589797 2.060442 -0.102616 0.165129 0.958155 -0.116679 0.202628
1520617001.366705656 1.651693 2.084764 -0.105558 0.167878 0.956579 -0.108991 0.211882
1520617001.416706562 1.710064 2.112068 -0.112873 0.168071 0.955957 -0.100069 0.218824
1520617001.466708660 1.763959 2.143520 -0.124446 0.163730 0.956455 -0.089596 0.224408
1520617001.516710758 1.813221 2.176892 -0.140867 0.157106 0.958187 -0.076379 0.226630
1520617001.566704273 1.855706 2.207999 -0.161962 0.150525 0.960036 -0.063262 0.227311
1520617001.616706371 1.891372 2.234587 -0.187152 0.144518 0.961754 -0.052438 0.226702
1520617001.666707516 1.918220 2.258144 -0.217235 0.137529 0.963378 -0.045859 0.225580
1520617001.716709375 1.939302 2.274735 -0.249814 0.128878 0.965508 -0.043449 0.222029
1520617001.766710281 1.951042 2.282791 -0.285361 0.121072 0.967257 -0.044306 0.218614
1520617001.816712379 1.956989 2.287513 -0.324410 0.117203 0.969588 -0.046108 0.209848
1520617001.866713285 1.956979 2.281920 -0.364941 0.117398 0.971795 -0.046170 0.199250
1520617001.916715145 1.952760 2.269605 -0.405831 0.119411 0.973776 -0.043841 0.188625
1520617001.966679811 1.944931 2.252025 -0.445834 0.120395 0.975329 -0.040426 0.180565
1520617002.016645670 1.936131 2.228432 -0.483140 0.115595 0.976800 -0.042966 0.175080
1520617002.066646814 1.921769 2.197112 -0.525734 0.111366 0.978655 -0.058692 0.162442
1520617002.116648674 1.904418 2.155352 -0.569113 0.107359 0.980104 -0.083307 0.144675
1520617002.166649580 1.887533 2.111450 -0.612298 0.101213 0.981480 -0.105834 0.123503
1520617002.216651678 1.870918 2.066455 -0.652162 0.095034 0.982782 -0.120116 0.103346
1520617002.266653776 1.858455 2.018563 -0.686919 0.094651 0.983388 -0.127077 0.088549
1520617002.316654682 1.848552 1.968742 -0.718464 0.095396 0.983926 -0.130186 0.076422
1520617002.366656780 1.839447 1.916454 -0.745867 0.100331 0.983330 -0.134866 0.069327
1520617002.416535378 1.831849 1.858978 -0.767454 0.108446 0.981390 -0.144395 0.065290
1520617002.466537237 1.824822 1.802594 -0.785707 0.117355 0.978101 -0.159212 0.064796
1520617002.516538143 1.820130 1.749871 -0.800254 0.123608 0.974088 -0.176422 0.068917
1520617002.566540241 1.818248 1.703228 -0.812746 0.125974 0.969689 -0.194949 0.076353
1520617002.616541147 1.819888 1.662819 -0.825260 0.128637 0.965016 -0.212068 0.084996
1520617002.666543007 1.824000 1.631613 -0.838500 0.133058 0.960876 -0.224059 0.093866
1520617002.716545343 1.832306 1.610472 -0.852474 0.141447 0.956942 -0.229398 0.107848
1520617002.766546249 1.843185 1.601621 -0.867680 0.153443 0.953735 -0.226212 0.125195
1520617002.816246271 1.856588 1.603202 -0.887013 0.164708 0.951929 -0.215871 0.141783
1520617002.866247177 1.874428 1.614428 -0.904888 0.172913 0.951024 -0.201685 0.158040
1520617002.916249275 1.889241 1.634091 -0.924464 0.176048 0.950890 -0.188320 0.171319
1520617002.966250181 1.901870 1.658982 -0.944960 0.175585 0.950838 -0.178145 0.182597
1520617003.016253233 1.911555 1.688305 -0.965653 0.171613 0.950917 -0.172219 0.191433
1520617003.066254377 1.917600 1.722386 -0.985711 0.166198 0.950385 -0.169196 0.201293
1520617003.116255283 1.918222 1.757866 -1.005987 0.164781 0.950141 -0.163826 0.207945
1520617003.166257143 1.910825 1.794000 -1.024959 0.165289 0.950128 -0.155930 0.213594
1520617003.216340065 1.897255 1.831688 -1.044476 0.157862 0.952799 -0.148450 0.212643
1520617003.266340971 1.877562 1.868458 -1.063020 0.150230 0.955564 -0.143223 0.209323
1520617003.316343069 1.852819 1.903767 -1.082418 0.144987 0.958216 -0.141916 0.201643
1520617003.366344929 1.821372 1.937398 -1.101063 0.143055 0.959992 -0.144064 0.192861
1520617003.416344881 1.784163 1.970781 -1.119425 0.139727 0.961336 -0.146269 0.186857
1520617003.466346979 1.742768 2.004847 -1.136874 0.134912 0.963337 -0.143221 0.182395
1520617003.516348839 1.696778 2.038684 -1.155041 0.127789 0.966419 -0.134455 0.177838
1520617003.566349983 1.647195 2.069372 -1.173056 0.122053 0.969677 -0.123423 0.172034
1520617003.616839647 1.583940 2.092343 -1.201158 0.118221 0.971393 -0.116734 0.169685
1520617003.666840553 1.526791 2.109080 -1.214552 0.111535 0.973923 -0.113025 0.162046
1520617003.716842651 1.465684 2.124333 -1.231903 0.104512 0.976119 -0.110939 0.154798
1520617003.766843557 1.402815 2.133276 -1.249987 0.100647 0.978002 -0.106510 0.148452
1520617003.816845655 1.337640 2.135669 -1.266898 0.097853 0.980055 -0.099926 0.141182
1520617003.866847754 1.272411 2.132231 -1.282612 0.097762 0.981950 -0.092283 0.133045
1520617003.916848660 1.207422 2.124397 -1.297780 0.099255 0.983886 -0.084221 0.122571
1520617003.966850519 1.144549 2.113294 -1.312089 0.100381 0.985475 -0.078666 0.112137
1520617004.017410755 1.081034 2.097856 -1.331045 0.100414 0.986838 -0.076790 0.100849
1520617004.067412853 1.019812 2.075545 -1.338791 0.097527 0.987664 -0.080187 0.092625
1520617004.117413998 0.967594 2.043611 -1.340625 0.096866 0.987339 -0.089624 0.088009
1520617004.167415857 0.920762 2.008652 -1.338253 0.100475 0.985370 -0.103761 0.090472
1520617004.217417002 0.881322 1.974169 -1.334168 0.108359 0.981808 -0.119826 0.099764
1520617004.267418861 0.846171 1.943054 -1.327222 0.116031 0.977743 -0.135038 0.111000
1520617004.317420721 0.814503 1.916736 -1.317901 0.123271 0.973567 -0.149013 0.121521
1520617004.367421865 0.789839 1.897444 -1.306365 0.133215 0.968252 -0.162231 0.135729
1520617004.417423964 0.769792 1.886402 -1.294831 0.140510 0.962840 -0.174691 0.150596
1520617004.467167854 0.754802 1.884075 -1.285374 0.145778 0.957740 -0.184633 0.165508
1520617004.517169714 0.742880 1.891943 -1.275929 0.148935 0.953783 -0.187483 0.181567
1520617004.567170858 0.737289 1.915982 -1.271280 0.150817 0.951626 -0.184458 0.194006
1520617004.617172718 0.730336 1.945755 -1.265690 0.150837 0.950855 -0.176409 0.204946
1520617004.667174578 0.724459 1.981403 -1.259618 0.149787 0.950072 -0.167418 0.216559
1520617004.717175722 0.717200 2.020090 -1.253793 0.149657 0.949321 -0.158727 0.226269
1520617004.767177820 0.707729 2.062179 -1.248000 0.149263 0.948858 -0.149480 0.234617
1520617004.817179680 0.693724 2.106182 -1.242502 0.148093 0.948682 -0.139961 0.241831
1520617004.866488695 0.677400 2.168621 -1.246635 0.147007 0.948619 -0.133064 0.246585
1520617004.916490555 0.652232 2.215017 -1.244277 0.144569 0.950626 -0.121117 0.246458
1520617004.966491461 0.621802 2.260872 -1.244523 0.140700 0.953905 -0.110829 0.240803
1520617005.016493559 0.583471 2.301125 -1.245854 0.139124 0.957119 -0.100612 0.233335
1520617005.066495419 0.541278 2.339530 -1.249066 0.138373 0.960806 -0.090640 0.222462
1520617005.116496325 0.495301 2.377686 -1.255007 0.136892 0.964801 -0.080619 0.209571
1520617005.166499615 0.444577 2.413722 -1.262652 0.131685 0.969631 -0.070020 0.193837
1520617005.216499567 0.392861 2.445780 -1.270696 0.125721 0.974239 -0.060194 0.177285
1520617005.266826391 0.341116 2.479829 -1.281004 0.121054 0.977918 -0.054644 0.161358
1520617005.316826582 0.289241 2.507028 -1.289191 0.119696 0.980777 -0.050619 0.145561
1520617005.366903543 0.237444 2.532284 -1.296553 0.117716 0.983434 -0.048651 0.128969
1520617005.416829586 0.185863 2.555222 -1.302858 0.114639 0.986300 -0.047938 0.108502
1520617005.466831684 0.134605 2.573061 -1.307318 0.110278 0.989264 -0.047720 0.083179
1520617005.516832590 0.084284 2.586195 -1.309088 0.110086 0.991366 -0.046374 0.054081
1520617005.566834688 0.035921 2.593779 -1.308656 0.110352 0.992734 -0.042748 0.021771
1520617005.616835594 -0.009068 2.592363 -1.306599 0.112339 0.992917 -0.037252 -0.010362
1520617005.667318821 -0.055550 2.580486 -1.304706 0.110378 0.992499 -0.031139 -0.042351
1520617005.717319965 -0.098135 2.558205 -1.298239 0.109627 0.991005 -0.027062 -0.071830
1520617005.767321825 -0.129613 2.534282 -1.295063 0.109366 0.988599 -0.029906 -0.099076
1520617005.817322731 -0.154503 2.503673 -1.293544 0.111388 0.985582 -0.037448 -0.121730
1520617005.867324829 -0.170161 2.465422 -1.292353 0.113670 0.982455 -0.048936 -0.139523
1520617005.917326927 -0.180918 2.422686 -1.291679 0.117790 0.978952 -0.062636 -0.154452
1520617005.967327833 -0.185940 2.376350 -1.290992 0.118432 0.976041 -0.074706 -0.166546
1520617006.017329931 -0.181933 2.328134 -1.290971 0.118454 0.973268 -0.085423 -0.177260
1520617006.066761732 -0.172668 2.281163 -1.290151 0.120285 0.970707 -0.097752 -0.183587
1520617006.116763830 -0.156988 2.234391 -1.292270 0.125721 0.968070 -0.113339 -0.184905
1520617006.166764736 -0.128526 2.182898 -1.292260 0.128666 0.967046 -0.127934 -0.178605
1520617006.216767073 -0.090841 2.138583 -1.295795 0.126025 0.967163 -0.142461 -0.168577
1520617006.266768932 -0.045022 2.099255 -1.301494 0.122692 0.967500 -0.158339 -0.154336
1520617006.316769838 0.004354 2.065102 -1.306983 0.118806 0.967876 -0.173287 -0.138105
1520617006.366771936 0.059187 2.038944 -1.313173 0.116739 0.967949 -0.186117 -0.121684
1520617006.416773796 0.118236 2.020814 -1.318087 0.115439 0.968684 -0.193200 -0.104877
1520617006.466332436 0.185827 2.007028 -1.322679 0.115865 0.970066 -0.194041 -0.088853
1520617006.516334295 0.258085 2.006516 -1.327350 0.116418 0.972023 -0.192408 -0.067797
1520617006.566335440 0.337270 2.014305 -1.333861 0.119250 0.973788 -0.187509 -0.048547
1520617006.616337299 0.421118 2.029137 -1.339819 0.125421 0.974921 -0.181237 -0.030856
1520617006.666338205 0.502739 2.045640 -1.339683 0.132849 0.975777 -0.173399 -0.011983
1520617006.716341496 0.588529 2.064827 -1.339239 0.139564 0.976043 -0.166862 0.004297
1520617006.766341448 0.667951 2.081865 -1.330470 0.146618 0.975860 -0.160459 0.021311
1520617006.816347361 0.747477 2.096757 -1.314484 0.154709 0.975514 -0.151455 0.038710
1520617006.866345406 0.827245 2.110581 -1.300711 0.164773 0.974917 -0.138851 0.055747
1520617006.916496277 0.900299 2.117328 -1.280411 0.179556 0.973196 -0.123816 0.072926
1520617006.966498613 0.966653 2.120006 -1.258109 0.193887 0.970269 -0.111502 0.092488
1520617007.016545534 1.024145 2.116716 -1.234432 0.203030 0.967030 -0.103259 0.113886
1520617007.066501379 1.072129 2.104899 -1.211440 0.209016 0.964027 -0.098931 0.131058
1520617007.116502523 1.110839 2.085836 -1.191011 0.212353 0.961411 -0.098837 0.144311
1520617007.166504383 1.141420 2.060422 -1.172916 0.215653 0.957960 -0.103733 0.158261
1520617007.216505527 1.163435 2.030676 -1.157123 0.220435 0.953064 -0.113676 0.173655
1520617007.266507626 1.176701 1.998365 -1.142606 0.225234 0.948100 -0.125508 0.186074
1520617007.316927671 1.185898 1.978231 -1.138933 0.227797 0.944159 -0.138849 0.193373
1520617007.366930008 1.186144 1.951470 -1.132590 0.229461 0.942251 -0.147264 0.194486
1520617007.416930914 1.180974 1.929533 -1.129582 0.229714 0.941885 -0.153528 0.191084
1520617007.466932774 1.173405 1.914847 -1.130552 0.228638 0.942431 -0.158563 0.185487
1520617007.516934872 1.161708 1.906203 -1.133130 0.226842 0.943477 -0.162588 0.178772
1520617007.566935778 1.148478 1.904794 -1.138004 0.223660 0.944887 -0.164944 0.173082
1520617007.616937637 1.133666 1.910563 -1.144691 0.220246 0.946828 -0.164400 0.167275
1520617007.666938782 1.118200 1.923410 -1.154265 0.213873 0.950098 -0.161400 0.159758
1520617007.716563463 1.103608 1.945672 -1.167944 0.208045 0.952908 -0.161023 0.150849
1520617007.766564369 1.083515 1.965816 -1.179114 0.202171 0.956104 -0.159673 0.139634
1520617007.816566229 1.063779 1.990099 -1.192098 0.195822 0.959529 -0.155830 0.129129
1520617007.866568565 1.043731 2.017778 -1.204504 0.188741 0.963478 -0.146553 0.120865
1520617007.916569233 1.020654 2.046039 -1.217466 0.182496 0.967833 -0.134389 0.109245
1520617007.966571331 0.993686 2.074570 -1.230369 0.177742 0.971814 -0.121931 0.095493
1520617008.016573429 0.964018 2.101978 -1.242672 0.172896 0.975503 -0.109738 0.080363
1520617008.066574335 0.929697 2.127150 -1.252697 0.168355 0.979016 -0.094326 0.065474
1520617008.116702557 0.893576 2.151642 -1.261733 0.163026 0.982226 -0.077728 0.051114
1520617008.166703701 0.856832 2.165135 -1.266445 0.163343 0.983830 -0.064623 0.034958
1520617008.216705561 0.820795 2.169768 -1.269838 0.162581 0.984785 -0.058563 0.018358
1520617008.266706705 0.787181 2.163339 -1.273965 0.155816 0.985767 -0.063120 -0.000757
1520617008.316708565 0.757400 2.146738 -1.276365 0.147160 0.985767 -0.078767 -0.020060
1520617008.366709471 0.734437 2.120473 -1.276607 0.140463 0.984270 -0.101993 -0.032860
1520617008.416711569 0.718920 2.089577 -1.274033 0.135419 0.981913 -0.126962 -0.037262
1520617008.466712475 0.711701 2.057653 -1.269348 0.132222 0.979114 -0.150437 -0.034968
1520617008.517258644 0.711437 2.029662 -1.261196 0.129983 0.976989 -0.167039 -0.026367
1520617008.567260742 0.720556 2.006012 -1.256631 0.129633 0.975534 -0.176556 -0.018862
1520617008.617261648 0.736783 1.988071 -1.250700 0.132104 0.974530 -0.181077 -0.007192
1520617008.667280674 0.758733 1.979353 -1.245992 0.135533 0.974262 -0.179890 0.009171
1520617008.717264652 0.785072 1.979965 -1.243465 0.138066 0.974639 -0.174274 0.025414
1520617008.767266512 0.813752 1.989113 -1.243578 0.141591 0.975059 -0.165403 0.043049
1520617008.817267656 0.845700 2.003970 -1.244920 0.143828 0.975808 -0.152978 0.060916
1520617008.867269516 0.875552 2.022447 -1.245177 0.146404 0.976180 -0.139124 0.079258
1520617008.917270422 0.904742 2.040568 -1.242475 0.149643 0.975972 -0.125860 0.096147
1520617008.966611624 0.952643 2.038263 -1.231289 0.157103 0.975434 -0.111191 0.107158
1520617009.016612768 0.991106 2.024073 -1.208467 0.161674 0.975569 -0.091815 0.117031
1520617009.066614866 1.015468 2.038644 -1.203397 0.164248 0.974892 -0.077944 0.128582
1520617009.116616726 1.037532 2.046741 -1.197152 0.166849 0.974137 -0.062347 0.139035
1520617009.166617870 1.054873 2.048864 -1.189968 0.170284 0.972860 -0.049187 0.148752
1520617009.216619730 1.068106 2.043051 -1.183332 0.170397 0.971967 -0.044070 0.155892
1520617009.266620874 1.075851 2.030628 -1.178371 0.169011 0.971265 -0.049699 0.160031
1520617009.316622734 1.079721 2.015328 -1.174548 0.167802 0.970056 -0.063258 0.163807
1520617009.367223024 1.084009 1.996112 -1.171135 0.166786 0.968933 -0.079037 0.164636
1520617009.417223930 1.082862 1.983642 -1.170469 0.167636 0.967441 -0.095143 0.164023
1520617009.467226028 1.077348 1.973911 -1.170359 0.168535 0.966780 -0.105428 0.160680
1520617009.517226934 1.070493 1.968750 -1.171188 0.168835 0.966995 -0.109823 0.156056
1520617009.567229033 1.062818 1.970403 -1.173245 0.168872 0.967875 -0.109672 0.150573
1520617009.617230177 1.054787 1.977465 -1.176741 0.168953 0.969193 -0.106372 0.144236
1520617009.667232990 1.046870 1.988859 -1.181130 0.167618 0.970941 -0.102069 0.136968
1520617009.717233181 1.039915 2.002892 -1.186433 0.165162 0.973039 -0.096638 0.128753
1520617009.766969919 1.031832 2.017407 -1.190960 0.164468 0.974556 -0.089998 0.122845
1520617009.816970825 1.024898 2.025993 -1.192791 0.166317 0.975154 -0.082707 0.120719
1520617009.866972685 1.017154 2.029341 -1.195539 0.167557 0.975725 -0.079034 0.116788
1520617009.916973829 1.010186 2.024694 -1.197209 0.169519 0.975945 -0.080670 0.110843
1520617009.966975689 1.003364 2.014246 -1.196765 0.171592 0.975411 -0.088009 0.106693
1520617010.016976595 0.998849 2.001946 -1.195321 0.172690 0.974316 -0.099359 0.104950
1520617010.066979885 0.995825 1.992566 -1.193557 0.170775 0.973395 -0.111219 0.104728
1520617010.116979599 0.995655 1.987664 -1.191543 0.167086 0.972932 -0.119590 0.105755
1520617010.167055130 0.998116 1.989798 -1.189369 0.162410 0.973038 -0.121831 0.109439
1520617010.217056274 1.004131 1.997033 -1.187919 0.159308 0.973507 -0.118116 0.113815
1520617010.267058134 1.012113 2.007106 -1.186599 0.157932 0.974194 -0.109981 0.117931
1520617010.317059994 1.019809 2.015455 -1.184627 0.157699 0.974572 -0.101213 0.122864
1520617010.367061138 1.027407 2.020740 -1.183582 0.159112 0.974326 -0.095406 0.127550
1520617010.417062044 1.032554 2.021148 -1.181641 0.161467 0.973613 -0.092944 0.131786
1520617010.467064142 1.036184 2.018740 -1.179968 0.162292 0.972959 -0.094054 0.134780
1520617010.517065287 1.036807 2.014567 -1.178094 0.161336 0.972622 -0.097779 0.135709
1520617010.566926479 1.036043 2.011369 -1.177581 0.160352 0.972324 -0.102603 0.135450
1520617010.616927862 1.034658 2.009664 -1.176063 0.159320 0.972178 -0.105533 0.135461
1520617010.666929722 1.033870 2.013866 -1.177464 0.158140 0.972324 -0.106632 0.134935
1520617010.716931820 1.032229 2.019916 -1.177781 0.156780 0.973032 -0.103825 0.133603
1520617010.766932726 1.031188 2.027611 -1.179477 0.155610 0.973957 -0.099595 0.131431
1520617010.816934586 1.028222 2.031415 -1.178347 0.155557 0.974818 -0.094725 0.128685
1520617010.866935730 1.026418 2.035656 -1.179892 0.156679 0.975293 -0.093014 0.124917
1520617010.916937828 1.023344 2.038333 -1.181838 0.157552 0.975485 -0.094174 0.121399
1520617010.966972828 1.021447 2.037033 -1.181918 0.157775 0.975757 -0.095500 0.117832
1520617011.016974926 1.018959 2.037451 -1.183104 0.157991 0.975805 -0.096906 0.115989
1520617011.066977024 1.017145 2.036506 -1.182690 0.158802 0.975723 -0.097584 0.114994
1520617011.116977930 1.015517 2.036620 -1.182867 0.158964 0.975687 -0.098838 0.114000
1520617011.166979790 1.014581 2.036974 -1.183573 0.158511 0.975802 -0.099917 0.112700
1520617011.216980934 1.013853 2.037417 -1.183234 0.157877 0.975878 -0.100874 0.112079
1520617011.266982794 1.013816 2.038262 -1.183440 0.157654 0.975758 -0.102435 0.112018
1520617011.316984892 1.013798 2.039415 -1.183662 0.155801 0.975750 -0.105666 0.111683
1520617011.366986036 1.012907 2.039961 -1.184298 0.153625 0.975621 -0.112493 0.109128
1520617011.417001724 1.011907 2.039282 -1.184259 0.155255 0.974412 -0.121842 0.107573
1520617011.467003584 1.011796 2.038050 -1.184042 0.159809 0.972615 -0.129396 0.108343
1520617011.517005682 1.011376 2.038121 -1.182766 0.162615 0.971618 -0.132122 0.109810
1520617011.567006826 1.011951 2.039575 -1.183008 0.164212 0.971724 -0.130363 0.108591
1520617011.617007732 1.011904 2.040492 -1.183901 0.166935 0.972260 -0.125069 0.105830
1520617011.667009592 1.012265 2.043816 -1.185282 0.170748 0.972686 -0.115977 0.106187
1520617011.717010736 1.012327 2.046255 -1.184913 0.173404 0.973078 -0.107330 0.107376
1520617011.767012596 1.012533 2.047567 -1.186215 0.173712 0.973598 -0.103935 0.105495
1520617011.816890717 1.010260 2.047267 -1.187661 0.172408 0.973789 -0.108122 0.101585
1520617011.866893530 1.008188 2.046018 -1.189281 0.169641 0.973961 -0.115560 0.096268
1520617011.916892767 1.005839 2.046642 -1.190294 0.164191 0.974516 -0.121943 0.092135
1520617011.966894627 1.005205 2.046579 -1.191407 0.161991 0.974852 -0.124053 0.089623
1520617012.016895771 1.004840 2.048008 -1.190022 0.162673 0.974973 -0.120804 0.091499
1520617012.066897631 1.005140 2.050924 -1.188362 0.160674 0.975985 -0.113071 0.094087
1520617012.116898537 1.006007 2.054069 -1.187400 0.159836 0.976542 -0.107029 0.096764
1520617012.166900635 1.005704 2.055407 -1.186305 0.159972 0.976660 -0.106021 0.096457
1520617012.216942549 1.004290 2.055377 -1.186085 0.158678 0.976796 -0.109386 0.093408
1520617012.266944408 1.003636 2.055002 -1.186063 0.159331 0.976371 -0.114255 0.090882
1520617012.316946507 1.002878 2.056181 -1.184775 0.158305 0.976263 -0.116055 0.091546
1520617012.366947651 1.003970 2.058951 -1.181654 0.158397 0.976048 -0.112549 0.097843
1520617012.416949511 1.003763 2.061627 -1.179824 0.159367 0.976058 -0.109504 0.099613
1520617012.466950655 1.003212 2.063268 -1.178624 0.161816 0.975730 -0.108666 0.099794
1520617012.516952515 1.003102 2.065529 -1.177647 0.161177 0.976072 -0.107707 0.098516
1520617012.566953421 1.002584 2.067988 -1.176295 0.156036 0.977210 -0.107133 0.096099
1520617012.616968632 1.003383 2.070930 -1.176413 0.154123 0.977667 -0.107558 0.094049
1520617012.666970730 1.002585 2.073250 -1.176848 0.152818 0.978349 -0.106443 0.090282
1520617012.716971874 1.002609 2.075682 -1.176599 0.152750 0.978818 -0.103812 0.088352
1520617012.766973734 1.003895 2.077673 -1.175078 0.154595 0.978778 -0.100077 0.089883
1520617012.816974640 1.004679 2.079617 -1.174364 0.156344 0.978883 -0.096025 0.090131
1520617012.866976738 1.004066 2.081840 -1.175166 0.153441 0.979915 -0.093700 0.086275
1520617012.916977644 1.003026 2.083075 -1.176144 0.152650 0.980288 -0.094687 0.082261
1520617012.966979504 1.002171 2.082796 -1.176958 0.153645 0.980127 -0.097164 0.079400
1520617013.017035484 1.002467 2.083883 -1.177783 0.152472 0.980333 -0.098189 0.077834
1520617013.067037344 1.002726 2.084557 -1.177708 0.149617 0.980731 -0.098350 0.078157
1520617013.117038250 1.002994 2.083934 -1.176606 0.148221 0.980741 -0.099611 0.079095
1520617013.167040586 1.003519 2.083231 -1.176528 0.147747 0.980443 -0.102211 0.080342
1520617013.217041492 1.003293 2.081158 -1.175822 0.148545 0.980126 -0.103373 0.081251
1520617013.267043352 1.002633 2.080466 -1.176353 0.149134 0.980158 -0.102703 0.080626
1520617013.317044497 1.002656 2.079745 -1.176554 0.148304 0.980498 -0.101123 0.080023
1520617013.367046356 1.002943 2.077967 -1.176014 0.148945 0.980437 -0.100785 0.080010
1520617013.417049646 1.002784 2.075853 -1.175972 0.148093 0.980387 -0.103513 0.078713
1520617013.467054605 1.002503 2.073512 -1.174986 0.147022 0.980077 -0.107655 0.079021
1520617013.517052650 1.003376 2.071329 -1.173322 0.144878 0.979740 -0.110991 0.082468
1520617013.567054510 1.004202 2.068850 -1.171508 0.142448 0.979109 -0.115164 0.088274
1520617013.617055655 1.004920 2.064058 -1.169430 0.142476 0.978060 -0.120632 0.092452
1520617013.667143583 1.006372 2.059938 -1.167861 0.144280 0.976831 -0.125716 0.095813
1520617013.717058659 1.008289 2.056498 -1.166263 0.145530 0.976183 -0.127490 0.098152
1520617013.767060757 1.010405 2.053959 -1.164993 0.146411 0.975790 -0.127777 0.100355
1520617013.817061663 1.012439 2.052615 -1.163466 0.144903 0.975671 -0.128302 0.102998
1520617013.866967440 1.013444 2.050759 -1.162186 0.144779 0.975174 -0.128701 0.107288
1520617013.916969538 1.014355 2.049805 -1.161237 0.144070 0.975260 -0.126796 0.109704
1520617013.966970682 1.016654 2.049642 -1.161688 0.144677 0.975173 -0.125598 0.111046
1520617014.016972542 1.017721 2.049533 -1.161764 0.144032 0.975184 -0.125871 0.111480
1520617014.066973448 1.018575 2.048890 -1.161557 0.142445 0.975224 -0.127434 0.111391
1520617014.116975546 1.018835 2.048172 -1.160943 0.140562 0.975171 -0.130455 0.110748
1520617014.166976452 1.019079 2.047234 -1.160030 0.139536 0.975001 -0.133012 0.110498
1520617014.216978550 1.019594 2.048279 -1.159774 0.137951 0.975290 -0.132796 0.110197
1520617014.266916513 1.020644 2.050354 -1.159749 0.136722 0.975725 -0.130509 0.110617
1520617014.316917419 1.021433 2.052316 -1.158477 0.135846 0.976265 -0.126050 0.112086
1520617014.366919518 1.022454 2.055310 -1.158792 0.136319 0.976505 -0.121443 0.114484
1520617014.416920662 1.022419 2.057243 -1.157194 0.136954 0.976616 -0.117571 0.116797
