1520616724.357818365 0.000000 0.000000 0.000000 0.000000 0.000000 0.000000 1.000000
1520616724.407773018 0.000930 0.001197 -0.000312 0.000176 0.000982 0.002425 0.999997
1520616724.457774878 0.004169 0.001617 0.000348 0.000023 -0.000163 0.004827 0.999988
1520616724.507776022 0.003562 -0.002654 -0.002389 -0.002295 0.000011 0.009467 0.999953
1520616724.557778120 0.008445 -0.003141 -0.000643 -0.001624 0.004570 0.011441 0.999923
1520616724.607779026 0.012257 -0.000583 0.002332 -0.000050 0.009357 0.012805 0.999874
1520616724.657781124 0.014536 0.001283 0.004915 0.001349 0.015454 0.011972 0.999808
1520616724.707782030 0.016283 0.000923 0.007029 0.001217 0.018214 0.016809 0.999692
1520616724.757783890 0.019300 0.000692 0.006540 -0.004418 0.021085 0.022937 0.999505
1520616724.807788849 0.017461 -0.000848 0.003470 -0.013518 0.023682 0.026065 0.999288
1520616724.857789755 0.013578 -0.000708 0.002718 -0.020847 0.022097 0.027690 0.999155
1520616724.907791853 0.012324 0.002104 0.003616 -0.024135 0.017153 0.030578 0.999094
1520616724.957895041 0.013734 0.002610 0.003264 -0.023406 0.016193 0.031378 0.999102
1520616725.007794857 0.014907 0.004263 0.002401 -0.021039 0.015454 0.032145 0.999142
1520616725.057796001 0.012795 0.002885 0.000626 -0.018659 0.013937 0.035046 0.999114
1520616725.107797861 0.011083 -0.001711 -0.005425 -0.017541 0.016413 0.032772 0.999174
1520616725.157799006 0.012508 -0.005164 -0.007142 -0.014618 0.018754 0.029808 0.999273
1520616725.207800865 0.011496 -0.007358 -0.008956 -0.012823 0.018977 0.028833 0.999322
1520616725.257856369 0.013143 -0.007066 -0.010794 -0.011979 0.017919 0.028904 0.999350
1520616725.307858467 0.015071 -0.006099 -0.012374 -0.011714 0.017038 0.029085 0.999363
1520616725.357859373 0.013192 -0.007870 -0.013194 -0.014880 0.017444 0.027666 0.999354
1520616725.407861233 0.012032 -0.011919 -0.016921 -0.022871 0.016835 0.026289 0.999251
1520616725.457863569 0.011098 -0.010941 -0.021261 -0.032149 0.014562 0.026973 0.999013
1520616725.507864475 0.000827 -0.005025 -0.019872 -0.038595 0.013301 0.031829 0.998659
1520616725.557866335 0.004134 -0.000301 -0.017883 -0.042549 0.010833 0.034577 0.998437
1520616725.607868433 0.005134 -0.004598 -0.018034 -0.045857 0.009533 0.035093 0.998286
1520616725.657862425 0.007545 -0.010130 -0.017708 -0.047403 0.007917 0.034257 0.998257
1520616725.707863331 0.005591 -0.015315 -0.018764 -0.048039 0.007648 0.032892 0.998274
1520616725.757865667 0.005312 -0.010435 -0.013992 -0.044488 0.006833 0.030320 0.998526
1520616725.807866573 0.005558 -0.010236 -0.016620 -0.042052 0.006151 0.028860 0.998680
1520616725.857868433 0.006479 -0.009249 -0.018293 -0.038588 0.006133 0.026573 0.998883
1520616725.907871485 0.005799 -0.007334 -0.018795 -0.035382 0.006320 0.025415 0.999031
1520616725.957871437 0.002489 -0.007303 -0.019733 -0.034171 0.006966 0.024806 0.999084
1520616726.007873297 0.000817 -0.005962 -0.018339 -0.033135 0.007832 0.024852 0.999111
1520616726.057950258 0.001375 -0.007809 -0.018871 -0.033664 0.007894 0.025677 0.999072
1520616726.107951164 0.001809 -0.005102 -0.018180 -0.033271 0.008128 0.026542 0.999061
1520616726.157953262 0.002970 -0.001242 -0.016991 -0.031893 0.008325 0.025818 0.999123
1520616726.207954168 -0.000734 -0.002192 -0.017922 -0.029364 0.008842 0.024902 0.999219
1520616726.257956266 0.000398 -0.001491 -0.018793 -0.026345 0.009913 0.023631 0.999324
1520616726.307958364 0.000571 -0.001005 -0.018292 -0.025249 0.012845 0.022435 0.999347
1520616726.357959270 -0.000404 0.000867 -0.016037 -0.027032 0.013287 0.021444 0.999316
1520616726.407961130 -0.003008 -0.000280 -0.017209 -0.033582 0.015658 0.019560 0.999122
1520616726.457912922 -0.005593 0.001824 -0.014003 -0.039663 0.016659 0.019248 0.998889
1520616726.507915020 -0.001708 0.001512 -0.013383 -0.044169 0.015665 0.020881 0.998683
1520616726.557915926 -0.002511 0.004671 -0.013185 -0.043316 0.016260 0.021316 0.998702
1520616726.607916832 0.005762 0.004731 -0.013921 -0.036860 0.018291 0.019165 0.998969
1520616726.657919168 0.006847 0.006296 -0.009122 -0.026998 0.019836 0.019007 0.999258
1520616726.707921028 0.006580 0.008142 -0.009899 -0.022138 0.021216 0.020254 0.999325
1520616726.757922173 0.008806 0.009408 -0.009419 -0.022139 0.022142 0.021447 0.999280
1520616726.807924032 0.006155 0.011507 -0.007940 -0.024396 0.023015 0.022571 0.999182
1520616726.857948303 0.004571 0.011208 -0.007275 -0.026091 0.023359 0.022409 0.999135
1520616726.907950163 0.005991 0.014825 -0.006700 -0.023936 0.022351 0.021892 0.999224
1520616726.957951307 0.008755 0.020782 -0.006379 -0.018473 0.021450 0.020799 0.999383
1520616727.007953167 0.008920 0.019979 -0.005100 -0.012573 0.021604 0.021754 0.999451
1520616727.057955265 0.009736 0.022882 -0.003448 -0.006021 0.023362 0.022544 0.999455
1520616727.107956409 0.007161 0.021215 -0.004374 -0.000663 0.023727 0.025180 0.999401
1520616727.157958269 0.010460 0.023434 -0.005040 0.002722 0.023880 0.024609 0.999408
1520616727.207959175 0.010159 0.024344 -0.005298 0.002534 0.024036 0.025838 0.999374
1520616727.257899046 0.010773 0.025733 -0.003918 0.000191 0.023643 0.027018 0.999355
1520616727.307899952 0.010487 0.025686 -0.005291 -0.005457 0.023495 0.027629 0.999327
1520616727.357901812 0.008664 0.021361 -0.008415 -0.012913 0.022515 0.028860 0.999246
1520616727.407904148 0.005932 0.021980 -0.008547 -0.017889 0.023029 0.028295 0.999174
1520616727.457905054 0.005134 0.019882 -0.008134 -0.019857 0.023152 0.027565 0.999155
1520616727.507906914 0.005741 0.017094 -0.009910 -0.019621 0.023650 0.026418 0.999179
1520616727.557909012 0.005430 0.016799 -0.012562 -0.017165 0.024807 0.025052 0.999231
1520616727.607909918 0.005496 0.018457 -0.015079 -0.014077 0.025711 0.024297 0.999275
1520616727.657912016 0.006470 0.018881 -0.015779 -0.011458 0.025467 0.024140 0.999318
1520616727.707913399 0.008363 0.019783 -0.017481 -0.010201 0.025225 0.023770 0.999347
1520616727.757913351 0.007718 0.020933 -0.017130 -0.009968 0.025154 0.023964 0.999347
1520616727.807916403 0.007472 0.021124 -0.016601 -0.009790 0.025153 0.024061 0.999346
1520616727.857917309 0.007016 0.022033 -0.017150 -0.009568 0.024975 0.024063 0.999353
1520616727.907918453 0.007538 0.023805 -0.019104 -0.008780 0.024127 0.024221 0.999377
1520616727.957920313 0.008593 0.026674 -0.018033 -0.006940 0.023121 0.024493 0.999409
1520616728.007921219 0.010056 0.025614 -0.018635 -0.007393 0.022443 0.024309 0.999425
1520616728.057923317 0.007603 0.020321 -0.017537 -0.010347 0.021120 0.024451 0.999424
1520616728.107905865 0.006221 0.019805 -0.017043 -0.014120 0.020207 0.023669 0.999416
1520616728.157907724 0.005281 0.016780 -0.015810 -0.017393 0.019718 0.022718 0.999396
1520616728.207920790 0.005997 0.016100 -0.014057 -0.018793 0.018505 0.022981 0.999388
1520616728.257910967 0.008068 0.013453 -0.014650 -0.019713 0.017364 0.022971 0.999391
1520616728.307912827 0.008287 0.013527 -0.014693 -0.019711 0.017328 0.022926 0.999393
1520616728.357913733 0.008385 0.014169 -0.015093 -0.019604 0.017238 0.022875 0.999397
1520616728.407915831 0.008150 0.016613 -0.014500 -0.018638 0.017367 0.022667 0.999418
1520616728.457916737 0.008160 0.016812 -0.014669 -0.018604 0.017329 0.022653 0.999420
1520616728.507941723 0.008160 0.016812 -0.014669 -0.018604 0.017329 0.022653 0.999420
1520616728.557942867 0.007176 0.014752 -0.014356 -0.019089 0.017260 0.022778 0.999409
1520616728.607944727 0.007294 0.013790 -0.014693 -0.019428 0.017114 0.022739 0.999406
1520616728.657946825 0.008715 0.011895 -0.014592 -0.019740 0.016640 0.022556 0.999412
1520616728.707947969 0.010255 0.009793 -0.015053 -0.020266 0.016136 0.022337 0.999415
1520616728.757949829 0.010664 0.010283 -0.015264 -0.020653 0.015613 0.022635 0.999409
1520616728.807950735 0.009664 0.008341 -0.015142 -0.021497 0.015484 0.022749 0.999390
1520616728.857952833 0.009315 0.007829 -0.014459 -0.021746 0.015775 0.022717 0.999381
1520616728.907965422 0.009098 0.006412 -0.012973 -0.021999 0.015961 0.023147 0.999363
1520616728.957967520 0.008673 0.006883 -0.011630 -0.022185 0.016304 0.023896 0.999335
1520616729.007968664 0.008270 0.004226 -0.012313 -0.023775 0.016225 0.024874 0.999276
1520616729.057970524 0.007254 0.003945 -0.012145 -0.024562 0.016281 0.025839 0.999232
1520616729.107972622 0.008569 0.003297 -0.011749 -0.024814 0.016201 0.025962 0.999224
1520616729.157973528 0.008081 0.001501 -0.011967 -0.025218 0.016446 0.026128 0.999205
1520616729.207975626 0.008708 0.000465 -0.011571 -0.025492 0.016656 0.026039 0.999197
1520616729.257977724 0.008716 -0.001064 -0.011130 -0.026399 0.016618 0.025747 0.999182
1520616729.307996511 0.007869 -0.002215 -0.011126 -0.027077 0.017092 0.025698 0.999157
1520616729.357998610 0.007784 -0.002012 -0.010945 -0.027116 0.017141 0.025644 0.999156
1520616729.408000708 0.007350 -0.000442 -0.009858 -0.026469 0.017518 0.025529 0.999170
1520616729.458001614 0.007491 0.000249 -0.010372 -0.025933 0.017874 0.025797 0.999171
1520616729.508002758 0.008651 0.000119 -0.011392 -0.025164 0.018223 0.026021 0.999178
1520616729.558004618 0.008547 0.002631 -0.011934 -0.024104 0.018509 0.026215 0.999194
1520616729.608006477 0.009963 0.001328 -0.012572 -0.024188 0.018370 0.026302 0.999193
1520616729.658007622 0.010412 0.000993 -0.012331 -0.024204 0.018182 0.026279 0.999196
1520616729.708018541 0.011160 -0.002352 -0.011886 -0.025243 0.018020 0.026021 0.999180
1520616729.758019447 0.010424 -0.003789 -0.010632 -0.025827 0.017487 0.026089 0.999173
1520616729.808020592 0.008359 -0.004641 -0.009924 -0.026581 0.017386 0.025878 0.999160
1520616729.858068466 0.010838 -0.008165 -0.010156 -0.027927 0.016693 0.025277 0.999151
1520616729.908024311 0.010766 -0.010607 -0.010150 -0.028735 0.016262 0.025443 0.999131
1520616729.958025455 0.010632 -0.010386 -0.009367 -0.028556 0.016160 0.025509 0.999136
1520616730.008027554 0.010578 -0.009920 -0.009387 -0.028517 0.016157 0.025564 0.999136
1520616730.058028460 0.010599 -0.009391 -0.009481 -0.028453 0.016101 0.025525 0.999139
1520616730.108030558 0.010852 -0.009705 -0.009820 -0.028374 0.015993 0.025447 0.999145
1520616730.158037901 0.009639 -0.008845 -0.009773 -0.028020 0.016023 0.025277 0.999159
1520616730.208039761 0.011898 -0.007936 -0.010607 -0.027801 0.015483 0.024182 0.999201
1520616730.258041859 0.011442 -0.006262 -0.010413 -0.026875 0.015214 0.023410 0.999249
1520616730.308042765 0.011494 -0.006387 -0.011144 -0.026852 0.014531 0.022549 0.999279
1520616730.358044863 0.012757 -0.004843 -0.012445 -0.026956 0.014084 0.021867 0.999298
1520616730.408046007 0.012721 -0.004524 -0.012082 -0.026842 0.014082 0.021850 0.999302
1520616730.458047867 0.012928 -0.004574 -0.012528 -0.026943 0.014136 0.021807 0.999299
1520616730.508049726 0.010291 -0.001427 -0.011297 -0.025737 0.015113 0.022227 0.999307
1520616730.558050871 0.010955 0.002368 -0.011095 -0.024297 0.015880 0.022166 0.999333
1520616730.608051777 0.008649 0.003134 -0.012191 -0.023834 0.016938 0.022683 0.999315
1520616730.658053637 0.008162 0.006445 -0.011516 -0.022778 0.017313 0.022838 0.999330
1520616730.708055973 0.007379 0.006703 -0.011531 -0.022728 0.017470 0.022996 0.999325
1520616730.758056879 0.006913 0.005305 -0.011786 -0.023072 0.017677 0.023072 0.999311
1520616730.808058739 0.006641 0.005143 -0.011501 -0.023115 0.017742 0.023103 0.999308
1520616730.858060837 0.005092 0.003880 -0.010753 -0.023950 0.017676 0.022573 0.999302
1520616730.908062696 0.002787 0.002728 -0.008048 -0.025465 0.017006 0.021313 0.999304
1520616730.958051682 -0.000900 -0.001729 -0.005471 -0.028193 0.016142 0.020098 0.999270
1520616731.008053780 -0.006872 -0.005949 -0.002609 -0.030565 0.015159 0.019728 0.999223
1520616731.058054686 -0.012690 -0.014043 -0.004023 -0.031925 0.012916 0.019361 0.999219
1520616731.108055592 -0.017711 -0.024583 -0.004146 -0.029449 0.009538 0.019463 0.999331
1520616731.158057928 -0.026066 -0.035991 0.003761 -0.021442 0.006551 0.018759 0.999573
1520616731.208058834 -0.039719 -0.052598 0.010292 -0.012512 0.002723 0.016883 0.999775
1520616731.258060932 -0.049489 -0.069970 0.018812 -0.003469 -0.001201 0.013756 0.999899
1520616731.308061838 -0.062672 -0.083834 0.027212 0.005373 -0.004671 0.009688 0.999928
1520616731.358057022 -0.085916 -0.104177 0.034752 0.011513 -0.008180 0.008203 0.999867
1520616731.408058882 -0.112567 -0.124482 0.044995 0.017648 -0.011957 0.009766 0.999725
1520616731.458060026 -0.140254 -0.139955 0.056214 0.025905 -0.013003 0.011649 0.999512
1520616731.508141994 -0.168620 -0.157768 0.064175 0.036510 -0.016099 0.016389 0.999069
1520616731.558063030 -0.195910 -0.173588 0.067043 0.048626 -0.022575 0.024190 0.998269
1520616731.608065128 -0.232481 -0.181596 0.073721 0.061710 -0.030558 0.035017 0.997011
1520616731.658066034 -0.257939 -0.191813 0.066498 0.064891 -0.041079 0.044186 0.996067
1520616731.708067894 -0.291289 -0.182319 0.069712 0.065149 -0.049616 0.052040 0.995282
1520616731.757885695 -0.322943 -0.170311 0.065275 0.056188 -0.057749 0.057497 0.995089
1520616731.807888031 -0.345376 -0.159363 0.058724 0.041252 -0.065670 0.059697 0.995199
1520616731.857889891 -0.368658 -0.135278 0.052722 0.028510 -0.073932 0.061631 0.994949
1520616731.907890797 -0.379773 -0.111060 0.051092 0.018747 -0.084246 0.061812 0.994349
1520616731.957892895 -0.393425 -0.084900 0.047750 0.013222 -0.094834 0.063410 0.993384
1520616732.007893801 -0.406736 -0.058750 0.047344 0.010843 -0.104620 0.064400 0.992366
1520616732.057895660 -0.410077 -0.042781 0.038708 0.005810 -0.112386 0.060172 0.991824
1520616732.107897043 -0.413048 -0.020177 0.034504 0.001094 -0.115115 0.055034 0.991826
1520616732.157942772 -0.406393 -0.001173 0.031158 -0.008648 -0.116670 0.050755 0.991835
1520616732.207943678 -0.390419 0.020965 0.028857 -0.020856 -0.117400 0.047311 0.991738
1520616732.257945776 -0.372762 0.036233 0.028218 -0.032509 -0.117315 0.044309 0.991573
1520616732.307947874 -0.348423 0.057451 0.027528 -0.039508 -0.116656 0.039883 0.991584
1520616732.357948780 -0.320709 0.071349 0.026946 -0.044838 -0.114962 0.035801 0.991711
1520616732.407950640 -0.286815 0.083261 0.028584 -0.048164 -0.112318 0.033276 0.991946
1520616732.457952976 -0.254681 0.094651 0.025371 -0.051295 -0.108415 0.034220 0.992191
1520616732.507953644 -0.214831 0.108266 0.030671 -0.052896 -0.104433 0.035015 0.992507
1520616732.557955980 -0.177704 0.118796 0.030272 -0.053128 -0.100401 0.036239 0.992866
1520616732.608239174 -0.133262 0.120418 0.028504 -0.052513 -0.097571 0.034652 0.993238
1520616732.658241034 -0.088081 0.123368 0.028102 -0.050020 -0.094797 0.031357 0.993745
1520616732.708242178 -0.038366 0.126242 0.026178 -0.046842 -0.092562 0.027124 0.994235
1520616732.758244276 0.011969 0.126521 0.023662 -0.044616 -0.088821 0.022243 0.994799
1520616732.808248043 0.063449 0.125998 0.021638 -0.042946 -0.085141 0.019256 0.995257
1520616732.858247280 0.116640 0.127845 0.017277 -0.043169 -0.081629 0.017032 0.995582
1520616732.908249140 0.172347 0.128960 0.011976 -0.045813 -0.078194 0.013592 0.995792
1520616732.958250046 0.222788 0.132495 0.007163 -0.050263 -0.074677 0.009278 0.995897
1520616733.008350611 0.282112 0.132941 -0.002964 -0.058989 -0.069700 0.004051 0.995814
1520616733.058351517 0.332922 0.137816 -0.013767 -0.066054 -0.062477 0.001371 0.995857
1520616733.108353376 0.381042 0.151965 -0.010650 -0.066230 -0.053627 0.000914 0.996362
1520616733.158354521 0.429918 0.152618 -0.024425 -0.067327 -0.046117 0.003114 0.996660
1520616733.208356380 0.477577 0.149251 -0.040670 -0.066102 -0.037123 0.010504 0.997067
1520616733.258357286 0.524603 0.138124 -0.058570 -0.062828 -0.025955 0.015848 0.997561
1520616733.308359623 0.575884 0.140667 -0.069553 -0.055215 -0.015463 0.015996 0.998227
1520616733.358360529 0.621764 0.137570 -0.084370 -0.049404 -0.005857 0.012668 0.998681
1520616733.408395529 0.667975 0.137812 -0.102023 -0.045540 0.001991 0.007962 0.998929
1520616733.458397627 0.715558 0.140029 -0.121594 -0.045113 0.007634 0.000728 0.998952
1520616733.508398771 0.759692 0.140524 -0.143432 -0.049570 0.014909 -0.004673 0.998648
1520616733.558400631 0.808810 0.149185 -0.158840 -0.055563 0.022406 -0.008519 0.998167
1520616733.608401775 0.849156 0.148321 -0.181917 -0.066857 0.031288 -0.008861 0.997233
1520616733.658403635 0.896985 0.144474 -0.202784 -0.076680 0.042345 -0.008842 0.996117
1520616733.708404541 0.940909 0.135003 -0.217345 -0.082294 0.055253 -0.008143 0.995042
1520616733.758406639 0.987189 0.131957 -0.225609 -0.082958 0.067709 -0.007813 0.994220
1520616733.808284521 1.024518 0.130752 -0.231384 -0.082115 0.079099 -0.008292 0.993444
1520616733.858286381 1.058361 0.123877 -0.233190 -0.081576 0.087867 -0.010570 0.992730
1520616733.908288240 1.087789 0.118943 -0.230000 -0.080644 0.095670 -0.013931 0.992043
1520616733.958289385 1.113855 0.108145 -0.226257 -0.080982 0.102826 -0.017859 0.991236
1520616734.008291483 1.131486 0.092848 -0.220015 -0.080455 0.108489 -0.022060 0.990591
1520616734.058292627 1.144409 0.077199 -0.210243 -0.075688 0.111634 -0.026844 0.990499
1520616734.108294487 1.151717 0.055360 -0.198135 -0.065170 0.111303 -0.033496 0.991081
1520616734.158296347 1.149188 0.026265 -0.183963 -0.050249 0.108020 -0.039832 0.992079
1520616734.208430529 1.140912 -0.004499 -0.170266 -0.032808 0.101370 -0.043845 0.993341
1520616734.258431673 1.123790 -0.039592 -0.153542 -0.015692 0.093557 -0.043590 0.994535
1520616734.308432579 1.102765 -0.066235 -0.141768 -0.000296 0.089243 -0.043099 0.995077
1520616734.358434677 1.078387 -0.096064 -0.131408 0.010484 0.085903 -0.041509 0.995383
1520616734.408436537 1.050181 -0.126799 -0.120296 0.016950 0.082224 -0.042350 0.995569
1520616734.458437443 1.012411 -0.153475 -0.110483 0.021923 0.078553 -0.043505 0.995719
1520616734.508438587 0.973584 -0.178549 -0.102812 0.025971 0.072956 -0.041493 0.996133
1520616734.558440447 0.932556 -0.194459 -0.094780 0.029903 0.069722 -0.037211 0.996424
1520616734.608036280 0.888661 -0.207311 -0.088217 0.034187 0.067372 -0.031188 0.996654
1520616734.658037186 0.839842 -0.213646 -0.081992 0.036412 0.063678 -0.019597 0.997113
1520616734.708039284 0.789692 -0.225340 -0.076583 0.034116 0.059443 -0.011479 0.997583
1520616734.758040190 0.739337 -0.227009 -0.072479 0.030848 0.051018 -0.005125 0.998208
1520616734.808042049 0.686698 -0.220844 -0.071451 0.027907 0.040249 0.000734 0.998800
1520616734.858043194 0.633180 -0.212393 -0.069353 0.025197 0.028028 0.008472 0.999254
1520616734.908045053 0.585997 -0.201625 -0.068665 0.021655 0.015404 0.014327 0.999544
1520616734.958045959 0.533743 -0.182794 -0.074413 0.014460 0.006734 0.016651 0.999734
1520616735.008048296 0.483857 -0.160109 -0.078372 0.001228 -0.001434 0.014908 0.999887
1520616735.057911396 0.431120 -0.130358 -0.080633 -0.014292 -0.010233 0.010720 0.999788
1520616735.107912540 0.382652 -0.093297 -0.081134 -0.029691 -0.018613 0.003387 0.999380
1520616735.157914400 0.334462 -0.056642 -0.081041 -0.043623 -0.027175 -0.002976 0.998674
1520616735.207915306 0.291981 -0.016413 -0.077197 -0.054752 -0.037300 -0.006641 0.997781
1520616735.257917643 0.245105 0.012658 -0.073877 -0.064897 -0.048765 -0.009468 0.996655
1520616735.307918549 0.197246 0.040304 -0.088875 -0.074963 -0.058954 -0.015569 0.995320
1520616735.357920408 0.143345 0.079333 -0.083487 -0.077066 -0.072055 -0.022914 0.994155
1520616735.407921553 0.069800 0.087978 -0.101475 -0.088350 -0.087027 -0.024270 0.991984
1520616735.458165169 0.013826 0.105120 -0.116909 -0.099527 -0.102404 -0.030363 0.989286
1520616735.508167028 -0.046997 0.122597 -0.131644 -0.113559 -0.118930 -0.035483 0.985749
1520616735.558168173 -0.099963 0.130513 -0.150167 -0.131355 -0.133512 -0.040838 0.981454
1520616735.608170033 -0.153248 0.144123 -0.162246 -0.143909 -0.148580 -0.045231 0.977327
1520616735.658170938 -0.208635 0.138741 -0.175320 -0.152108 -0.165363 -0.047699 0.973264
1520616735.708173037 -0.264755 0.141995 -0.186641 -0.150989 -0.182804 -0.044425 0.970470
1520616735.758175135 -0.326773 0.133684 -0.197894 -0.147508 -0.199156 -0.036503 0.968115
1520616735.808176041 -0.387908 0.123065 -0.205078 -0.140395 -0.216986 -0.029398 0.965579
1520616735.858806133 -0.447402 0.113353 -0.213920 -0.127995 -0.234819 -0.024503 0.963264
1520616735.908808231 -0.500331 0.097332 -0.220809 -0.114012 -0.251107 -0.021604 0.960979
1520616735.958809137 -0.556657 0.076276 -0.228655 -0.097887 -0.261707 -0.018172 0.959999
1520616736.008810997 -0.608866 0.047825 -0.237798 -0.080412 -0.267951 -0.010252 0.960016
1520616736.058812141 -0.649193 0.012238 -0.240430 -0.059215 -0.275770 0.000429 0.959398
1520616736.108814240 -0.685919 -0.027848 -0.243138 -0.036153 -0.285968 0.009809 0.957507
1520616736.158815145 -0.717271 -0.076805 -0.248077 -0.017512 -0.297764 0.017458 0.954319
1520616736.208817244 -0.755331 -0.112014 -0.249547 -0.003826 -0.306335 0.024293 0.951606
1520616736.258398294 -0.781348 -0.150763 -0.248623 0.001741 -0.317713 0.030873 0.947683
1520616736.308400154 -0.808979 -0.181320 -0.249368 0.005796 -0.332244 0.035733 0.942499
1520616736.358401060 -0.828054 -0.220267 -0.252268 0.009539 -0.349597 0.040260 0.935986
1520616736.408424377 -0.845269 -0.250602 -0.255524 0.017937 -0.369460 0.046574 0.927905
1520616736.458404303 -0.871703 -0.271105 -0.257003 0.031550 -0.388082 0.056721 0.919337
1520616736.508406162 -0.887650 -0.295009 -0.254311 0.043141 -0.408500 0.066486 0.909311
1520616736.558407307 -0.897837 -0.319231 -0.255671 0.050970 -0.427613 0.075305 0.899377
1520616736.608409166 -0.902365 -0.333963 -0.249608 0.053582 -0.444276 0.079908 0.890709
1520616736.658056974 -0.896624 -0.346448 -0.240857 0.050096 -0.450369 0.084197 0.887451
1520616736.708058119 -0.884549 -0.357575 -0.223456 0.045564 -0.442581 0.087693 0.891266
1520616736.758060217 -0.873147 -0.365354 -0.197763 0.047137 -0.415073 0.091151 0.903982
1520616736.808061123 -0.847751 -0.397714 -0.170437 0.049555 -0.375767 0.094260 0.920575
1520616736.858063221 -0.829598 -0.398664 -0.141525 0.061083 -0.324901 0.091403 0.939337
1520616736.908064127 -0.806081 -0.401717 -0.117133 0.068257 -0.267644 0.082864 0.957518
1520616736.958065987 -0.770931 -0.384983 -0.086303 0.072090 -0.217128 0.067840 0.971111
1520616737.008067131 -0.741449 -0.376371 -0.074544 0.062854 -0.170026 0.060477 0.981572
1520616737.058068991 -0.719766 -0.365900 -0.068442 0.049181 -0.127382 0.064805 0.988512
1520616737.107939720 -0.681510 -0.342189 -0.066820 0.038204 -0.094285 0.068367 0.992460
1520616737.157940626 -0.657958 -0.321055 -0.068584 0.028416 -0.060807 0.074630 0.994950
1520616737.207942724 -0.627842 -0.301443 -0.076649 0.017753 -0.030033 0.079409 0.996231
1520616737.257943630 -0.592843 -0.270604 -0.082336 0.009069 -0.001864 0.080198 0.996736
1520616737.307945490 -0.556699 -0.242111 -0.098808 -0.003754 0.022469 0.074911 0.996930
1520616737.357947826 -0.526752 -0.202724 -0.110444 -0.013045 0.031256 0.064013 0.997374
1520616737.407948732 -0.511873 -0.161884 -0.120805 -0.022638 0.026009 0.051548 0.998075
1520616737.457950592 -0.486231 -0.129828 -0.139790 -0.036713 0.005428 0.038011 0.998588
1520616737.508017302 -0.448973 -0.111489 -0.157038 -0.053601 -0.023521 0.023489 0.998009
1520616737.558018446 -0.425022 -0.075222 -0.175721 -0.071135 -0.052909 0.017325 0.995912
1520616737.608020306 -0.393422 -0.053524 -0.192579 -0.087797 -0.085055 0.016354 0.992366
1520616737.658022165 -0.367788 -0.027227 -0.206785 -0.097883 -0.121877 0.023737 0.987422
1520616737.708023310 -0.344250 -0.010597 -0.219008 -0.099843 -0.163382 0.033417 0.980929
1520616737.758024216 -0.326630 -0.002938 -0.235876 -0.093687 -0.202639 0.046041 0.973674
1520616737.808026314 -0.290425 0.005835 -0.250514 -0.083424 -0.243687 0.058233 0.964503
1520616737.858027458 -0.251418 0.010226 -0.263289 -0.074161 -0.278142 0.062758 0.955614
1520616737.908360243 -0.206698 0.011663 -0.272799 -0.070099 -0.306332 0.067026 0.946971
1520616737.958361149 -0.167054 0.037082 -0.279092 -0.064050 -0.326141 0.062601 0.941069
1520616738.008363247 -0.117052 0.050387 -0.289157 -0.066979 -0.336014 0.056677 0.937761
1520616738.058416128 -0.069695 0.063612 -0.297887 -0.076941 -0.331897 0.054263 0.938605
1520616738.108366251 -0.012223 0.070206 -0.305279 -0.091526 -0.311828 0.050686 0.944361
1520616738.158367395 0.039764 0.083640 -0.314044 -0.100085 -0.271659 0.042230 0.956243
1520616738.208369255 0.099418 0.089551 -0.316718 -0.100946 -0.224112 0.032085 0.968790
1520616738.258371115 0.155809 0.113971 -0.315193 -0.089225 -0.175872 0.026913 0.979992
1520616738.308405161 0.225382 0.116971 -0.318722 -0.076149 -0.127185 0.020289 0.988743
1520616738.358407021 0.298783 0.127178 -0.326038 -0.062531 -0.082158 0.016500 0.994519
1520616738.408407927 0.366232 0.132897 -0.328595 -0.052628 -0.041147 0.008798 0.997727
1520616738.458410025 0.436164 0.145904 -0.344677 -0.048635 -0.000843 0.000011 0.998816
1520616738.508410931 0.479859 0.196201 -0.340004 -0.039058 0.036935 -0.004231 0.998545
1520616738.558412790 0.540989 0.211205 -0.349402 -0.038362 0.066367 -0.013316 0.996969
1520616738.608413935 0.582543 0.220673 -0.370892 -0.041507 0.079327 -0.017310 0.995834
1520616738.658416033 0.619248 0.231803 -0.384760 -0.042062 0.074084 -0.018218 0.996198
1520616738.708337545 0.663579 0.236714 -0.395052 -0.042155 0.053923 -0.017869 0.997495
1520616738.758338690 0.701282 0.245895 -0.418168 -0.046921 0.019231 -0.013440 0.998623
1520616738.808340549 0.735610 0.240176 -0.459370 -0.062435 -0.021965 -0.008923 0.997767
1520616738.858341455 0.762175 0.245031 -0.489178 -0.079525 -0.063623 -0.002201 0.994798
1520616738.908343554 0.794555 0.267163 -0.509796 -0.095461 -0.100916 0.005643 0.990289
1520616738.958344460 0.824961 0.279964 -0.534010 -0.110729 -0.128694 0.012849 0.985399
1520616739.008346558 0.848621 0.293740 -0.556520 -0.122619 -0.148448 0.018533 0.981114
1520616739.058348656 0.879515 0.312524 -0.575972 -0.129118 -0.161196 0.021529 0.978203
1520616739.108448744 0.912935 0.327945 -0.593012 -0.131255 -0.172771 0.026687 0.975813
1520616739.158450842 0.944050 0.346231 -0.606484 -0.127549 -0.180745 0.029712 0.974772
1520616739.208452940 0.966749 0.364325 -0.619457 -0.118255 -0.180891 0.025885 0.976025
1520616739.258454800 1.007054 0.364330 -0.629380 -0.112224 -0.170287 0.013284 0.978893
1520616739.308455706 1.035809 0.382775 -0.637652 -0.106066 -0.143214 -0.007569 0.983963
1520616739.358456850 1.069969 0.375722 -0.640177 -0.106713 -0.106440 -0.029315 0.988141
1520616739.408457756 1.101118 0.345171 -0.655081 -0.117949 -0.064642 -0.040642 0.990080
1520616739.458460808 1.126557 0.322349 -0.664799 -0.123458 -0.027578 -0.044701 0.990959
1520616739.508461952 1.143910 0.307708 -0.659775 -0.122860 0.005382 -0.050455 0.991126
1520616739.558614969 1.162301 0.290928 -0.650155 -0.116996 0.036672 -0.063551 0.990418
1520616739.608616829 1.181703 0.272813 -0.639180 -0.108435 0.062779 -0.081331 0.988780
1520616739.658618927 1.189205 0.247379 -0.620531 -0.097506 0.084185 -0.098941 0.986720
1520616739.708699703 1.190751 0.218129 -0.605308 -0.084938 0.093121 -0.104879 0.986466
1520616739.758620739 1.189204 0.186786 -0.588517 -0.072025 0.088474 -0.099777 0.988448
1520616739.808622837 1.182294 0.150356 -0.570939 -0.060295 0.071419 -0.084749 0.992009
1520616739.858624935 1.167550 0.108216 -0.553755 -0.053762 0.047915 -0.065095 0.995277
1520616739.908625841 1.158087 0.077936 -0.540724 -0.051922 0.019299 -0.042552 0.997558
1520616739.958545208 1.146067 0.042450 -0.518074 -0.053963 -0.007034 -0.021618 0.998284
1520616740.008546352 1.146089 0.015873 -0.509549 -0.057433 -0.031587 -0.005911 0.997832
1520616740.058548212 1.135037 -0.012341 -0.493590 -0.058238 -0.052169 0.008759 0.996900
1520616740.108549118 1.128010 -0.034500 -0.478387 -0.055263 -0.073409 0.024196 0.995476
1520616740.158551455 1.126163 -0.068953 -0.467299 -0.052153 -0.090261 0.035953 0.993902
1520616740.208552361 1.121585 -0.097805 -0.449287 -0.045769 -0.089918 0.040536 0.994071
1520616740.258554459 1.124495 -0.124273 -0.424811 -0.035102 -0.071117 0.032849 0.996309
1520616740.308556318 1.130559 -0.145395 -0.400581 -0.021658 -0.036706 0.020997 0.998871
1520616740.358345270 1.139895 -0.159191 -0.368249 -0.005444 0.002375 0.009733 0.999935
1520616740.408347130 1.150099 -0.170338 -0.334905 0.009157 0.036398 0.001771 0.999294
1520616740.458349228 1.154342 -0.190056 -0.301162 0.019265 0.068450 -0.003818 0.997461
1520616740.508350372 1.161729 -0.210730 -0.271064 0.023622 0.096268 -0.010918 0.995015
1520616740.558351278 1.164024 -0.231548 -0.239918 0.024793 0.118375 -0.019394 0.992470
1520616740.608353138 1.165179 -0.249555 -0.212765 0.024159 0.130550 -0.031578 0.990644
1520616740.658355236 1.161087 -0.261952 -0.181227 0.023986 0.127454 -0.045362 0.990516
1520616740.708357096 1.154586 -0.276579 -0.154090 0.022895 0.109899 -0.064397 0.991590
1520616740.758201122 1.146201 -0.281650 -0.125168 0.026707 0.085640 -0.092671 0.991647
1520616740.808203220 1.131597 -0.290392 -0.101045 0.030241 0.063091 -0.132673 0.988688
1520616740.858203888 1.126456 -0.283282 -0.074946 0.035443 0.041160 -0.179515 0.982255
1520616740.908206224 1.111845 -0.271661 -0.048278 0.042368 0.017253 -0.226462 0.972945
1520616740.958208084 1.086479 -0.276321 -0.029341 0.047822 -0.009106 -0.269900 0.961657
1520616741.008208990 1.069796 -0.272761 -0.012938 0.052112 -0.041575 -0.305271 0.949929
1520616741.058211088 1.049160 -0.269966 0.006619 0.051035 -0.078039 -0.327990 0.940068
1520616741.108211994 1.030814 -0.250942 0.029066 0.043797 -0.111427 -0.333332 0.935177
1520616741.158145189 0.986992 -0.226233 0.047311 0.027807 -0.140126 -0.315684 0.938049
1520616741.208147049 0.948070 -0.210455 0.068802 0.008851 -0.170605 -0.281934 0.944102
1520616741.258147955 0.898846 -0.214771 0.066734 -0.009837 -0.198127 -0.236799 0.951091
1520616741.308150053 0.840320 -0.221301 0.059890 -0.020141 -0.219615 -0.181733 0.958299
1520616741.358150959 0.796464 -0.202486 0.080029 -0.013862 -0.238652 -0.127170 0.962643
1520616741.408152819 0.749992 -0.181496 0.097813 -0.009799 -0.250589 -0.072471 0.965327
1520616741.458155155 0.715498 -0.184627 0.102051 -0.019717 -0.253038 -0.021743 0.967011
1520616741.508156061 0.668426 -0.178702 0.112196 -0.030025 -0.239186 0.025092 0.970185
1520616741.558157921 0.629426 -0.171144 0.121847 -0.039475 -0.218981 0.070809 0.972355
1520616741.608345032 0.589230 -0.172606 0.134874 -0.047118 -0.186765 0.115107 0.974499
1520616741.658346891 0.562346 -0.184247 0.149741 -0.051025 -0.146580 0.148367 0.976677
1520616741.708348036 0.533927 -0.182226 0.169576 -0.046468 -0.100408 0.169482 0.979303
1520616741.758349895 0.520393 -0.166506 0.189491 -0.034433 -0.049737 0.172041 0.983231
1520616741.808350801 0.503043 -0.179234 0.210609 -0.023792 -0.003159 0.161151 0.986638
1520616741.858352900 0.479449 -0.186184 0.231837 -0.011339 0.036500 0.140284 0.989373
1520616741.908354998 0.454881 -0.191249 0.248897 -0.002086 0.064805 0.115699 0.991166
1520616741.958355904 0.437047 -0.199350 0.260888 0.004766 0.082399 0.084179 0.993026
1520616742.008559942 0.416145 -0.198655 0.271181 0.012541 0.094019 0.048428 0.994313
1520616742.058561087 0.395323 -0.211828 0.277452 0.015458 0.104454 0.006993 0.994385
1520616742.108562946 0.370557 -0.220583 0.283510 0.017726 0.105270 -0.037129 0.993592
1520616742.158563852 0.338142 -0.227648 0.290311 0.019742 0.090471 -0.077354 0.992694
1520616742.208566189 0.295724 -0.228084 0.294488 0.024061 0.052509 -0.105067 0.992786
1520616742.258568048 0.236965 -0.232163 0.293938 0.028313 0.002653 -0.121181 0.992223
1520616742.308569908 0.192624 -0.236858 0.286513 0.034777 -0.052565 -0.129214 0.989612
1520616742.358571053 0.148120 -0.244153 0.279998 0.044774 -0.111539 -0.123920 0.984986
1520616742.408459902 0.103536 -0.251876 0.271108 0.056507 -0.161685 -0.105483 0.979560
1520616742.458460808 0.058637 -0.261289 0.260126 0.066168 -0.198829 -0.075189 0.974903
1520616742.508462667 0.014540 -0.271345 0.244151 0.071218 -0.229712 -0.038169 0.969899
1520616742.558463812 -0.020569 -0.274174 0.231064 0.071755 -0.257064 0.008479 0.963689
1520616742.608464718 -0.063419 -0.278273 0.217852 0.068689 -0.278783 0.058678 0.956096
1520616742.658466816 -0.099127 -0.281290 0.199065 0.061433 -0.289984 0.108978 0.948820
1520616742.708468914 -0.125091 -0.279539 0.181919 0.054854 -0.286709 0.154392 0.943903
1520616742.758469820 -0.153266 -0.286099 0.164901 0.049112 -0.264147 0.191754 0.943952
1520616742.808308840 -0.179284 -0.287353 0.150173 0.047954 -0.226543 0.220984 0.947388
1520616742.858310699 -0.196710 -0.283827 0.133594 0.047777 -0.179357 0.242555 0.952216
1520616742.908311605 -0.207656 -0.266832 0.121586 0.051396 -0.124934 0.258636 0.956482
1520616742.958312750 -0.231976 -0.260583 0.104193 0.054643 -0.066273 0.275425 0.957478
1520616743.008314610 -0.241885 -0.256839 0.079984 0.054587 -0.003650 0.280799 0.958206
1520616743.058316708 -0.242906 -0.235593 0.060785 0.064179 0.057334 0.269910 0.959032
1520616743.108317852 -0.243030 -0.225862 0.038768 0.070667 0.115565 0.247807 0.959293
1520616743.158319712 -0.243608 -0.207275 0.012160 0.076222 0.166733 0.215313 0.959182
1520616743.208206177 -0.247597 -0.197230 -0.015732 0.075229 0.208537 0.171042 0.959999
1520616743.258208036 -0.252751 -0.199941 -0.046373 0.067603 0.238367 0.121634 0.961153
1520616743.308209181 -0.268808 -0.203642 -0.072462 0.064001 0.253908 0.079240 0.961850
1520616743.358211279 -0.292287 -0.225253 -0.095771 0.080131 0.253964 0.049115 0.962637
1520616743.408211946 -0.312390 -0.251078 -0.121466 0.116955 0.240218 0.033126 0.963078
1520616743.458214283 -0.341190 -0.278241 -0.144243 0.159797 0.222531 0.027463 0.961348
1520616743.508216143 -0.378029 -0.314123 -0.167728 0.198633 0.204675 0.026540 0.958096
1520616743.558217049 -0.406368 -0.333075 -0.189173 0.233477 0.190071 0.025623 0.953260
1520616743.608169317 -0.443373 -0.360562 -0.219323 0.259447 0.180215 0.025042 0.948463
1520616743.658170462 -0.467477 -0.373371 -0.248385 0.284614 0.169898 0.022958 0.943188
1520616743.708172321 -0.506734 -0.385861 -0.270015 0.302790 0.165508 0.019061 0.938383
1520616743.758173227 -0.545555 -0.382066 -0.292226 0.313685 0.162195 0.021884 0.935316
1520616743.808175564 -0.584548 -0.376466 -0.314530 0.305772 0.157545 0.031426 0.938454
1520616743.858177423 -0.616080 -0.366599 -0.336696 0.280179 0.153331 0.042449 0.946672
1520616743.908178329 -0.652084 -0.340927 -0.353346 0.250806 0.145893 0.052590 0.955534
1520616743.958180428 -0.695307 -0.317279 -0.366932 0.220291 0.135416 0.059702 0.964142
1520616744.008182287 -0.737254 -0.296616 -0.382552 0.187496 0.121491 0.063551 0.972649
1520616744.058113337 -0.782337 -0.283736 -0.398062 0.150147 0.105757 0.065500 0.980806
1520616744.108115435 -0.826494 -0.241559 -0.413624 0.111540 0.090496 0.066996 0.987361
1520616744.158116341 -0.859892 -0.215304 -0.456078 0.060178 0.075511 0.067390 0.993043
1520616744.208118439 -0.897368 -0.192561 -0.484018 0.012359 0.062825 0.067865 0.995638
1520616744.258119583 -0.932914 -0.149557 -0.511509 -0.024636 0.052684 0.068770 0.995936
1520616744.308121443 -0.963828 -0.107169 -0.526527 -0.051721 0.042068 0.068726 0.995405
1520616744.358123302 -0.987358 -0.085940 -0.554473 -0.083765 0.033796 0.070509 0.993413
1520616744.408124447 -1.016186 -0.039212 -0.583913 -0.116459 0.022743 0.073951 0.990177
1520616744.458283901 -1.043774 -0.020469 -0.612820 -0.156525 0.006542 0.079089 0.984481
1520616744.508284807 -1.077010 -0.001508 -0.637928 -0.195696 -0.009121 0.082683 0.977130
1520616744.558285952 -1.108146 0.007205 -0.664588 -0.230056 -0.023297 0.083560 0.969303
1520616744.608300924 -1.141570 0.022319 -0.689712 -0.255303 -0.032897 0.085471 0.962514
1520616744.658289671 -1.158545 0.036741 -0.709815 -0.276284 -0.043497 0.085295 0.956295
1520616744.708290815 -1.191797 0.046565 -0.725683 -0.300577 -0.050222 0.082583 0.948847
1520616744.758292913 -1.227245 0.069175 -0.743106 -0.320211 -0.056778 0.081639 0.942113
1520616744.808293819 -1.246818 0.092178 -0.750319 -0.335144 -0.062961 0.079371 0.936704
1520616744.859205723 -1.270693 0.104476 -0.757220 -0.330287 -0.061138 0.078413 0.938629
1520616744.909206867 -1.291243 0.111620 -0.754396 -0.300873 -0.052947 0.080326 0.948799
1520616744.959208727 -1.288532 0.103703 -0.751916 -0.258906 -0.045353 0.082208 0.961328
1520616745.009209633 -1.296166 0.090655 -0.745389 -0.219129 -0.039656 0.087242 0.970978
1520616745.059211969 -1.302588 0.079780 -0.746081 -0.181802 -0.038261 0.094406 0.978045
1520616745.109213829 -1.304270 0.063019 -0.747441 -0.147214 -0.038051 0.097959 0.983506
1520616745.159214735 -1.303154 0.035230 -0.750725 -0.116711 -0.036687 0.098027 0.987635
1520616745.209216833 -1.297340 0.014667 -0.750684 -0.083379 -0.034477 0.096522 0.991233
1520616745.259242058 -1.287728 -0.004374 -0.746841 -0.042655 -0.034290 0.097337 0.993746
1520616745.309243917 -1.263875 -0.025826 -0.749679 0.001328 -0.033062 0.096612 0.994772
1520616745.359245062 -1.249970 -0.061480 -0.749599 0.047693 -0.028513 0.097386 0.993694
1520616745.409247160 -1.218161 -0.088914 -0.754213 0.098317 -0.024941 0.097628 0.990041
1520616745.459249258 -1.195212 -0.105786 -0.756624 0.146702 -0.020498 0.095059 0.984389
1520616745.509250164 -1.165756 -0.127917 -0.759245 0.187837 -0.017806 0.091458 0.977771
1520616745.559252024 -1.132651 -0.152818 -0.772384 0.215745 -0.018942 0.086121 0.972460
1520616745.609254122 -1.105793 -0.168973 -0.782114 0.227905 -0.022273 0.082529 0.969924
1520616745.658396721 -1.076842 -0.184058 -0.797632 0.220385 -0.029741 0.079189 0.971738
1520616745.708398581 -1.049520 -0.189712 -0.807890 0.201551 -0.037342 0.075689 0.975835
1520616745.758399725 -1.013712 -0.179791 -0.808263 0.174840 -0.045103 0.072551 0.980884
1520616745.808401823 -0.990139 -0.176784 -0.814670 0.131241 -0.050153 0.070149 0.987593
1520616745.858402729 -0.961405 -0.145730 -0.819956 0.081245 -0.056206 0.068647 0.992737
1520616745.908404827 -0.928659 -0.081978 -0.806459 0.035267 -0.062742 0.067044 0.995151
1520616745.958405733 -0.881550 -0.073737 -0.820384 -0.024728 -0.064898 0.062025 0.995655
1520616746.008407593 -0.851212 -0.046890 -0.812953 -0.069307 -0.064253 0.059649 0.993735
1520616746.058375835 -0.807828 -0.013949 -0.806178 -0.100417 -0.062154 0.057632 0.991328
1520616746.108376741 -0.766562 0.018006 -0.794137 -0.120030 -0.062686 0.055473 0.989235
1520616746.158377886 -0.714781 0.034868 -0.786476 -0.138035 -0.062914 0.055541 0.986865
1520616746.208379745 -0.671290 0.062624 -0.778474 -0.157013 -0.056395 0.055474 0.984423
1520616746.258422613 -0.638258 0.084468 -0.775211 -0.180391 -0.037514 0.053383 0.981429
1520616746.308382750 -0.573252 0.113358 -0.767123 -0.201707 -0.014547 0.046431 0.978237
1520616746.358384848 -0.500286 0.122896 -0.768981 -0.220886 0.013092 0.040753 0.974360
1520616746.408385515 -0.429928 0.152991 -0.768282 -0.225667 0.042108 0.036785 0.972599
1520616746.458387852 -0.355013 0.161962 -0.767078 -0.226210 0.076711 0.029942 0.970592
1520616746.508872509 -0.271921 0.177688 -0.765839 -0.217193 0.112722 0.022873 0.969329
1520616746.558874369 -0.196229 0.173448 -0.758988 -0.205244 0.146128 0.021543 0.967501
1520616746.608875275 -0.125761 0.172518 -0.751900 -0.186636 0.174893 0.021180 0.966505
1520616746.658877611 -0.049391 0.159046 -0.746459 -0.163042 0.196998 0.013772 0.966654
1520616746.708879471 0.013706 0.135886 -0.742013 -0.132203 0.212657 0.003590 0.968136
1520616746.758880377 0.072443 0.100926 -0.736515 -0.097182 0.221399 -0.008747 0.970289
1520616746.808882475 0.123243 0.067781 -0.726325 -0.060044 0.226004 -0.020772 0.972052
1520616746.858883381 0.161009 0.029983 -0.713613 -0.028244 0.226432 -0.032245 0.973083
1520616746.909001112 0.191173 -0.005299 -0.696530 -0.003813 0.221552 -0.039883 0.974325
1520616746.959002018 0.213742 -0.034880 -0.681413 0.014190 0.208035 -0.039338 0.977227
1520616747.009004116 0.230977 -0.064912 -0.661086 0.030651 0.186761 -0.034623 0.981316
1520616747.059005976 0.237076 -0.090707 -0.637803 0.049353 0.160244 -0.027241 0.985466
1520616747.109007120 0.237289 -0.119071 -0.613517 0.067875 0.134792 -0.020886 0.988326
1520616747.159009218 0.242710 -0.140005 -0.587359 0.081676 0.116913 -0.016786 0.989636
1520616747.209011078 0.243459 -0.154907 -0.560142 0.086249 0.104252 -0.010598 0.990747
1520616747.259012222 0.244431 -0.161607 -0.535000 0.082930 0.093240 -0.002303 0.992181
1520616747.308444977 0.229975 -0.166817 -0.508232 0.076176 0.085458 0.004195 0.993417
1520616747.358445883 0.223838 -0.173362 -0.485563 0.070073 0.076218 0.008213 0.994592
1520616747.408447981 0.215653 -0.170581 -0.456256 0.068504 0.069521 0.011325 0.995161
1520616747.458448887 0.204519 -0.168377 -0.432202 0.068068 0.065006 0.014311 0.995458
1520616747.508450985 0.190881 -0.158606 -0.408652 0.069351 0.058135 0.016229 0.995765
1520616747.558452129 0.183956 -0.138065 -0.385945 0.066643 0.049597 0.018220 0.996377
1520616747.608453989 0.169815 -0.120117 -0.369856 0.054080 0.038309 0.022042 0.997558
1520616747.658455849 0.153679 -0.099331 -0.352601 0.034657 0.025770 0.029012 0.998646
1520616747.708350420 0.147294 -0.068270 -0.342166 0.015575 0.013406 0.036588 0.999119
1520616747.758352280 0.145707 -0.036147 -0.329429 -0.002326 -0.000857 0.043318 0.999058
1520616747.808353424 0.138238 0.001644 -0.318228 -0.013536 -0.013595 0.047273 0.998698
1520616747.858355284 0.150579 0.031139 -0.307425 -0.023693 -0.028629 0.045227 0.998285
1520616747.908423185 0.164438 0.066740 -0.296818 -0.032502 -0.042689 0.042751 0.997644
1520616747.958358288 0.190369 0.082802 -0.287584 -0.042619 -0.055498 0.040548 0.996724
1520616748.008359194 0.227065 0.102654 -0.273838 -0.046949 -0.065796 0.038994 0.995965
1520616748.058361292 0.265857 0.117407 -0.253489 -0.048109 -0.074974 0.040352 0.995207
1520616748.108475208 0.317059 0.123702 -0.235729 -0.049476 -0.076649 0.042824 0.994909
1520616748.158477306 0.367144 0.130541 -0.217496 -0.046214 -0.071963 0.049686 0.995096
1520616748.208478212 0.427538 0.140276 -0.186255 -0.035843 -0.065226 0.054449 0.995739
1520616748.258480310 0.485510 0.146253 -0.154418 -0.024146 -0.056581 0.056048 0.996531
1520616748.308482409 0.544454 0.145232 -0.126755 -0.015906 -0.043685 0.049164 0.997708
1520616748.358483315 0.601680 0.143959 -0.094065 -0.011263 -0.025001 0.038703 0.998874
1520616748.408485174 0.663643 0.150211 -0.056898 -0.009261 -0.000064 0.029652 0.999517
1520616748.458486319 0.730814 0.147962 -0.023199 -0.011562 0.030699 0.023648 0.999182
1520616748.508488178 0.794011 0.148868 0.011435 -0.010236 0.065882 0.020229 0.997570
1520616748.558605909 0.846710 0.142503 0.043316 -0.004150 0.104800 0.014381 0.994381
1520616748.608607769 0.909979 0.133836 0.072591 0.005089 0.141145 0.007796 0.989945
1520616748.658610106 0.969395 0.125349 0.102400 0.013861 0.176030 0.001512 0.984286
1520616748.708611012 1.027148 0.122880 0.124423 0.017977 0.209208 -0.000685 0.977706
1520616748.758613110 1.082913 0.121492 0.142636 0.018013 0.234490 0.000364 0.971952
1520616748.808614016 1.132798 0.124378 0.166968 0.018024 0.250903 0.003962 0.967836
1520616748.858615875 1.181649 0.123608 0.192082 0.017131 0.260026 0.009565 0.965402
1520616748.908617020 1.225938 0.127735 0.220350 0.020697 0.264240 0.018901 0.964049
1520616748.958832502 1.267892 0.133214 0.249901 0.031993 0.266271 0.027089 0.962986
1520616749.008834362 1.314739 0.135344 0.281292 0.051674 0.268472 0.033349 0.961322
1520616749.058835506 1.363600 0.134609 0.314325 0.077189 0.274428 0.031601 0.957984
1520616749.108837366 1.419505 0.137505 0.341782 0.100139 0.282601 0.021845 0.953746
1520616749.158838272 1.463450 0.138053 0.375351 0.107872 0.292553 0.010484 0.950088
1520616749.208840609 1.510624 0.148362 0.411086 0.101315 0.300200 0.004359 0.948470
1520616749.258842468 1.548215 0.145397 0.445328 0.089277 0.300677 0.009151 0.949494
1520616749.308843374 1.580763 0.143737 0.482237 0.081162 0.291872 0.018943 0.952819
1520616749.358798504 1.614730 0.142677 0.522341 0.081100 0.279635 0.025396 0.956338
1520616749.408799410 1.647658 0.136700 0.564198 0.084048 0.269376 0.026542 0.958993
1520616749.458801270 1.673856 0.135242 0.608881 0.086301 0.259560 0.025274 0.961531
1520616749.508802414 1.709781 0.141115 0.654252 0.091312 0.250026 0.021577 0.963682
1520616749.558894396 1.740932 0.150886 0.710755 0.096547 0.242762 0.015374 0.965147
1520616749.608805418 1.770485 0.151186 0.754871 0.093221 0.236782 0.013952 0.966980
1520616749.658807278 1.799710 0.156953 0.805090 0.085750 0.232142 0.013935 0.968795
1520616749.708808184 1.828298 0.159844 0.859561 0.074246 0.233030 0.007374 0.969603
1520616749.759188652 1.854225 0.157850 0.911400 0.058281 0.231442 0.003493 0.971095
1520616749.809189796 1.877966 0.154919 0.961656 0.043860 0.222038 0.005745 0.974034
1520616749.859191656 1.903038 0.152250 1.011345 0.033135 0.216209 0.006161 0.975765
1520616749.909193516 1.933457 0.142680 1.054918 0.025541 0.215483 0.002959 0.976169
1520616749.959194660 1.953655 0.139130 1.102828 0.023817 0.215641 0.007322 0.976155
1520616750.009196520 1.986015 0.138279 1.148189 0.026707 0.212759 0.014950 0.976625
1520616750.059197903 2.017536 0.139709 1.194711 0.032614 0.206916 0.022733 0.977551
1520616750.109199762 2.039622 0.146950 1.245625 0.034732 0.200029 0.031963 0.978652
1520616750.160124063 2.066808 0.151013 1.296808 0.033537 0.186774 0.034699 0.981217
1520616750.210124969 2.076220 0.145763 1.346833 0.026155 0.180854 0.036214 0.982495
1520616750.260126829 2.098429 0.147661 1.397903 0.021959 0.166203 0.028737 0.985428
1520616750.310127974 2.096932 0.149330 1.450503 0.014662 0.157497 0.028531 0.986998
1520616750.360129833 2.081981 0.137490 1.478616 0.001106 0.146603 0.033738 0.988619
1520616750.410130978 2.102700 0.092709 1.532957 -0.011427 0.125195 0.039821 0.991267
1520616750.460133076 2.078056 0.156867 1.575536 0.002044 0.112478 0.043054 0.992719
1520616750.510133743 2.099873 0.144301 1.563536 -0.003400 0.087741 0.038497 0.995393
1520616750.560396671 2.100036 0.157613 1.611891 -0.002066 0.072413 0.034170 0.996787
1520616750.610397816 2.128115 0.078715 1.641847 -0.018194 0.052034 0.034659 0.997878
1520616750.660399675 2.123213 0.093544 1.697578 -0.014145 0.035919 0.031557 0.998756
1520616750.710400581 2.123900 0.097423 1.746993 -0.013763 0.017616 0.030343 0.999290
1520616750.760402679 2.124035 0.104410 1.804551 -0.012121 0.000953 0.027816 0.999539
1520616750.810403585 2.121504 0.103800 1.858716 -0.013248 -0.015051 0.025049 0.999485
1520616750.860408783 2.110191 0.068388 1.902190 -0.021451 -0.031269 0.027831 0.998893
1520616750.910406828 2.092972 0.102207 1.973521 -0.011277 -0.053218 0.024416 0.998221
1520616750.960407734 2.092820 0.067973 2.017006 -0.015520 -0.074653 0.019676 0.996895
1520616751.010886908 2.078516 0.068974 2.061340 -0.012578 -0.095437 0.017451 0.995203
1520616751.060889244 2.063461 0.052102 2.104388 -0.014364 -0.121362 0.018872 0.992325
1520616751.110890150 2.060703 0.035771 2.151414 -0.019099 -0.150859 0.022941 0.988105
1520616751.160892010 2.038747 0.033398 2.192372 -0.019433 -0.180608 0.025559 0.983031
1520616751.210893154 1.999301 0.035109 2.228290 -0.017532 -0.210451 0.024610 0.977137
1520616751.260895014 1.960987 0.026097 2.262538 -0.019072 -0.243166 0.024806 0.969480
1520616751.310896158 1.918169 0.042244 2.291958 -0.014244 -0.276430 0.024959 0.960604
1520616751.360898256 1.841422 0.084634 2.303045 -0.003088 -0.301461 0.020193 0.953260
1520616751.413729191 1.840571 0.063414 2.371526 -0.004211 -0.342707 0.012943 0.939344
1520616751.463731050 1.804455 0.072677 2.362787 -0.007863 -0.376069 0.011774 0.926484
1520616751.513732910 1.762891 0.073198 2.388526 -0.015320 -0.414187 0.009084 0.910017
1520616751.563734055 1.731207 0.079144 2.404011 -0.026896 -0.449697 0.008183 0.892738
1520616751.613735914 1.679192 0.077434 2.408573 -0.032582 -0.477773 0.004611 0.877867
1520616751.663736820 1.639495 0.082412 2.441557 -0.032606 -0.509815 -0.001527 0.859665
1520616751.713739157 1.590221 0.115418 2.453646 -0.022985 -0.534095 -0.006458 0.845087
1520616751.763740063 1.532837 0.121936 2.485875 -0.019927 -0.559223 -0.005721 0.828758
1520616751.816834211 1.484903 0.112109 2.515121 -0.021694 -0.584237 -0.001806 0.811291
1520616751.866836071 1.422766 0.108225 2.531657 -0.022000 -0.600016 -0.000917 0.799685
1520616751.916836977 1.367132 0.107160 2.543342 -0.021898 -0.607363 0.001257 0.794121
1520616751.966839075 1.310779 0.086948 2.573274 -0.021812 -0.614565 0.001306 0.788563
1520616752.016839981 1.267861 0.062082 2.607482 -0.019046 -0.622990 0.003202 0.781992
1520616752.066841841 1.210765 0.044212 2.620267 -0.013543 -0.628891 0.009856 0.777313
1520616752.116842985 1.144460 0.027245 2.623300 -0.008431 -0.635066 0.021338 0.772117
1520616752.166845083 1.098762 0.028924 2.646015 -0.006888 -0.644703 0.032824 0.763697
1520616752.217440605 1.054100 0.043120 2.676792 -0.003315 -0.654815 0.040233 0.754711
1520616752.267441511 0.986521 0.054548 2.696119 0.001620 -0.660052 0.041026 0.750097
1520616752.317443371 0.924234 0.061050 2.715251 0.001889 -0.665593 0.039078 0.745289
1520616752.367445707 0.861843 0.065672 2.728277 -0.000167 -0.670502 0.037891 0.740940
1520616752.417446613 0.797417 0.073472 2.748818 -0.000791 -0.673506 0.036283 0.738291
1520616752.467448711 0.736540 0.069910 2.761539 -0.002804 -0.676656 0.033336 0.735539
1520616752.517449617 0.674504 0.067188 2.778253 -0.003075 -0.685276 0.034077 0.727480
1520616752.567450523 0.616118 0.052432 2.782008 -0.007296 -0.695564 0.035819 0.717534
1520616752.617172480 0.558583 0.048319 2.780823 -0.007807 -0.705828 0.038054 0.707317
1520616752.667174816 0.497469 0.048553 2.778062 -0.007915 -0.712621 0.033865 0.700686
1520616752.717175722 0.435122 0.052728 2.773297 -0.002382 -0.716361 0.029956 0.697083
1520616752.767177582 0.427647 0.057934 2.786649 0.001918 -0.718638 0.028877 0.694782
1520616752.817178726 0.307874 0.090099 2.791002 0.006228 -0.719968 0.040366 0.692804
1520616752.867180586 0.241050 0.094572 2.807072 0.007301 -0.720683 0.047065 0.691627
1520616752.917181730 0.171384 0.089581 2.819028 0.011050 -0.719492 0.051127 0.692528
1520616752.967183828 0.106191 0.085390 2.839856 0.012125 -0.720236 0.055616 0.691390
1520616753.017464638 0.045641 0.072841 2.833394 0.009043 -0.719150 0.059171 0.692271
1520616753.067466497 -0.016724 0.060272 2.830046 0.010978 -0.718578 0.059808 0.692783
1520616753.117468596 -0.075348 0.045689 2.834924 0.013063 -0.718197 0.058875 0.693222
1520616753.167469740 -0.133564 0.034449 2.832616 0.015235 -0.718094 0.060665 0.693130
1520616753.217471600 -0.171543 0.026192 2.806732 0.012999 -0.716936 0.065366 0.693946
1520616753.267472506 -0.226932 0.042401 2.813658 0.015388 -0.718238 0.069922 0.692104
1520616753.317474604 -0.300766 0.049649 2.804794 0.018928 -0.717058 0.072895 0.692933
1520616753.367475510 -0.368489 0.053768 2.783049 0.022337 -0.715064 0.072892 0.694889
1520616753.417477369 -0.415806 0.002816 2.762004 0.014020 -0.714103 0.073253 0.696057
1520616753.467479706 -0.478097 0.023019 2.750680 0.019154 -0.713484 0.076470 0.696223
1520616753.517480612 -0.544735 0.032298 2.733582 0.019671 -0.713525 0.081662 0.695576
1520616753.567482471 -0.609688 0.020764 2.727042 0.013384 -0.717441 0.084804 0.691309
1520616753.617483616 -0.663033 0.017984 2.732914 0.008326 -0.724397 0.089789 0.683460
1520616753.667485476 -0.711667 -0.002719 2.724480 0.002473 -0.729811 0.090472 0.677632
1520616753.717486382 -0.763406 0.001327 2.739615 0.003051 -0.733242 0.090550 0.673905
1520616753.767488718 -0.814202 -0.016885 2.741675 0.006201 -0.731075 0.090677 0.676217
1520616753.817489386 -0.878821 -0.012965 2.745504 0.013944 -0.725708 0.093484 0.681479
1520616753.867492437 -0.932561 -0.032148 2.738863 0.010169 -0.720077 0.104436 0.685915
1520616753.917493582 -1.001622 -0.036716 2.744764 0.005659 -0.707603 0.119877 0.696344
1520616753.967494488 -1.067953 -0.016892 2.746805 0.007097 -0.686532 0.134934 0.714435
1520616754.017496586 -1.126356 -0.025425 2.753667 0.001803 -0.658578 0.155395 0.736291
1520616754.067498684 -1.182816 -0.014081 2.785694 -0.001103 -0.627853 0.173666 0.758709
1520616754.117499590 -1.225655 -0.019090 2.818032 -0.008331 -0.591250 0.193480 0.782892
1520616754.167500734 -1.270561 -0.032283 2.848202 -0.016391 -0.548667 0.206610 0.809943
1520616754.217502594 -1.313433 -0.035165 2.889069 -0.025216 -0.504987 0.219802 0.834290
1520616754.266214132 -1.348711 -0.062045 2.917484 -0.036910 -0.461604 0.234831 0.854643
1520616754.316215038 -1.387907 -0.043880 2.945491 -0.037443 -0.415384 0.252416 0.873121
1520616754.366217136 -1.420972 -0.032800 2.993890 -0.029873 -0.374070 0.270158 0.886676
1520616754.416219234 -1.448265 -0.016100 3.043674 -0.019970 -0.334747 0.278506 0.899989
1520616754.466228008 -1.467985 -0.013504 3.086922 -0.013368 -0.296840 0.283795 0.911684
1520616754.516221285 -1.490537 -0.007280 3.138955 -0.008706 -0.261087 0.289324 0.920896
1520616754.566223145 -1.497158 -0.003007 3.199685 -0.011914 -0.225333 0.292818 0.929161
1520616754.616225004 -1.517050 -0.003703 3.248843 -0.015574 -0.190198 0.292039 0.937174
1520616754.665355206 -1.524280 -0.001577 3.298909 -0.017828 -0.158298 0.289342 0.943878
1520616754.715357065 -1.517163 -0.001254 3.351506 -0.019012 -0.128975 0.283921 0.949944
1520616754.765357971 -1.498338 -0.057283 3.396166 -0.027550 -0.099849 0.286059 0.952597
1520616754.815360069 -1.490384 -0.078785 3.452079 -0.028763 -0.067061 0.286613 0.955264
1520616754.865360975 -1.489635 -0.085814 3.514271 -0.026062 -0.032349 0.284009 0.957921
1520616754.915362835 -1.478721 -0.073863 3.567553 -0.022176 -0.002314 0.280964 0.959459
1520616754.965363979 -1.484520 -0.119099 3.633541 -0.021372 0.031537 0.283083 0.958338
1520616755.015366077 -1.479984 -0.121986 3.689078 -0.020272 0.061115 0.281146 0.957503
1520616755.062586546 -1.486866 -0.142757 3.738759 -0.022917 0.087602 0.284173 0.954488
1520616755.112587690 -1.478622 -0.140363 3.780907 -0.029152 0.112650 0.282867 0.952075
1520616755.162589550 -1.463597 -0.129874 3.837177 -0.034696 0.144241 0.279771 0.948535
1520616755.212590456 -1.454384 -0.133178 3.891483 -0.038286 0.178780 0.277696 0.943110
1520616755.262592554 -1.445592 -0.148017 3.952140 -0.039180 0.213582 0.283752 0.933987
1520616755.312594414 -1.415766 -0.141770 3.992137 -0.037602 0.241103 0.286914 0.926356
1520616755.362595320 -1.391649 -0.131857 4.043174 -0.032908 0.271105 0.289882 0.917272
1520616755.412597656 -1.357760 -0.111400 4.096300 -0.025038 0.295934 0.292919 0.908842
1520616755.460412025 -1.315312 -0.085986 4.136938 -0.017241 0.317952 0.296200 0.900486
1520616755.510414124 -1.280927 -0.073720 4.182170 -0.014536 0.337231 0.301823 0.891609
1520616755.560415983 -1.251169 -0.075590 4.243480 -0.011688 0.357865 0.310675 0.880498
1520616755.610416889 -1.205102 -0.065771 4.279518 -0.013126 0.374108 0.307171 0.874938
1520616755.660419226 -1.165748 -0.067445 4.318862 -0.014225 0.393915 0.300836 0.868404
1520616755.710420132 -1.114742 -0.066536 4.351317 -0.011118 0.413078 0.294551 0.861674
1520616755.760421038 -1.064723 -0.060784 4.378095 -0.007462 0.431683 0.291094 0.853732
1520616755.810423136 -1.015121 -0.046897 4.401516 -0.006533 0.452674 0.286541 0.844357
1520616755.860424995 -0.971044 -0.037900 4.432200 -0.007232 0.476855 0.282280 0.832391
1520616755.909451962 -0.920632 -0.012294 4.460921 -0.005491 0.500944 0.274272 0.820853
1520616755.959454060 -0.870810 0.000739 4.496254 -0.005851 0.523591 0.271121 0.807658
1520616756.009454966 -0.822053 0.032591 4.528289 -0.006049 0.544626 0.263966 0.796032
1520616756.059456825 -0.763952 0.047547 4.540110 -0.009944 0.562859 0.253734 0.786581
1520616756.109493971 -0.709213 0.077107 4.564215 -0.008299 0.581527 0.243918 0.776055
1520616756.159459829 -0.650737 0.097473 4.583910 -0.011505 0.606040 0.229799 0.761430
1520616756.209461927 -0.586428 0.126731 4.591316 -0.014310 0.632732 0.212534 0.744496
1520616756.259463072 -0.528915 0.134516 4.593037 -0.019561 0.659768 0.202088 0.723522
1520616756.309029579 -0.469746 0.120469 4.582140 -0.023772 0.680919 0.200889 0.703866
1520616756.359030724 -0.426755 0.118986 4.576281 -0.023678 0.700512 0.206075 0.682829
1520616756.409032583 -0.372325 0.117396 4.563389 -0.021779 0.718988 0.208666 0.662602
1520616756.459033489 -0.314329 0.140637 4.560318 -0.010854 0.737288 0.207649 0.642783
1520616756.509035587 -0.265471 0.142153 4.543593 -0.005415 0.754389 0.204001 0.623900
1520616756.559036493 -0.209051 0.164458 4.541551 0.006225 0.769815 0.198940 0.606440
1520616756.609038353 -0.158873 0.168337 4.529321 0.011133 0.782307 0.196998 0.590816
1520616756.659040689 -0.107611 0.174981 4.508351 0.011327 0.793302 0.197183 0.575902
1520616756.709247589 -0.049001 0.217131 4.481130 0.010887 0.803110 0.193713 0.563357
1520616756.759249687 0.004768 0.237910 4.455952 0.010016 0.814488 0.190967 0.547760
1520616756.809250593 0.052884 0.231297 4.421106 0.007626 0.825807 0.185625 0.532474
1520616756.859252691 0.102609 0.237259 4.394560 0.010549 0.837745 0.178561 0.515934
1520616756.909253836 0.156014 0.249055 4.371487 0.013191 0.850233 0.172747 0.497080
1520616756.959255695 0.208785 0.257454 4.342128 0.012301 0.867565 0.165513 0.468813
1520616757.009257555 0.247192 0.278012 4.288055 0.016022 0.880666 0.157817 0.446390
1520616757.059258699 0.293543 0.299862 4.244944 0.016764 0.895714 0.151632 0.417639
1520616757.111738443 0.331785 0.351365 4.181089 0.024503 0.910498 0.142356 0.387463
1520616757.161740303 0.370671 0.372843 4.122626 0.032771 0.925625 0.127893 0.354667
1520616757.211741209 0.413923 0.347010 4.077072 0.039136 0.940057 0.117855 0.317603
1520616757.261743546 0.433223 0.341678 4.050877 0.040698 0.953524 0.104213 0.279777
1520616757.311744452 0.450938 0.349887 3.986801 0.037992 0.965511 0.089046 0.241693
1520616757.361746311 0.389310 0.413729 3.915019 0.025431 0.974314 0.070828 0.212246
1520616757.411747456 0.421966 0.386095 3.860273 0.028931 0.982681 0.070109 0.169072
1520616757.461749315 0.465667 0.356438 3.810513 0.037293 0.989037 0.067894 0.125720
1520616757.517491102 0.428888 0.352990 3.750086 0.036316 0.993555 0.056050 0.091582
1520616757.567495108 0.295359 0.381190 3.722881 0.032388 0.994742 0.039552 0.088744
1520616757.617495060 0.294686 0.413899 3.668491 0.034270 0.996904 0.025227 0.066118
1520616757.667497158 0.305987 0.395704 3.628039 0.040408 0.998100 0.021932 0.041030
1520616757.717498064 0.300694 0.389259 3.572451 0.044319 0.998719 0.015702 0.018706
1520616757.767558098 0.289641 0.401556 3.520577 0.048320 0.998811 0.006131 -0.001827
1520616757.817501068 0.276052 0.382243 3.463845 0.046855 0.998503 -0.000720 -0.028205
1520616757.867501974 0.263305 0.364997 3.418270 0.049025 0.997341 -0.006147 -0.053562
1520616757.917504072 0.236035 0.340030 3.369730 0.053153 0.995438 -0.011742 -0.078355
1520616757.967064142 0.233487 0.328317 3.305890 0.058479 0.992153 -0.023483 -0.107983
1520616758.017066002 0.208602 0.335777 3.253099 0.061202 0.987268 -0.043792 -0.140137
1520616758.067067146 0.164423 0.346685 3.191818 0.061295 0.980782 -0.065675 -0.173195
1520616758.117069244 0.120772 0.354234 3.130102 0.062588 0.972806 -0.081723 -0.207490
1520616758.167070389 0.080592 0.346001 3.074695 0.064650 0.962492 -0.092608 -0.246686
1520616758.217072248 0.033369 0.330788 3.023273 0.060724 0.948727 -0.105927 -0.291563
1520616758.267074108 -0.016076 0.306925 2.972629 0.057726 0.931176 -0.122262 -0.338572
1520616758.317075253 -0.077159 0.274713 2.938098 0.053502 0.911824 -0.140544 -0.382050
1520616758.367632389 -0.138467 0.255981 2.920549 0.045758 0.889739 -0.154032 -0.427252
1520616758.417634726 -0.212767 0.220346 2.910285 0.045250 0.864915 -0.158858 -0.473962
1520616758.467635632 -0.255198 0.202164 2.876564 -0.052184 -0.840687 0.155238 0.516163
1520616758.517637491 -0.304186 0.192697 2.864297 -0.063394 -0.820111 0.153708 0.547516
1520616758.567638636 -0.355848 0.176597 2.849976 -0.071782 -0.799935 0.153836 0.575574
1520616758.617639542 -0.413753 0.163685 2.828583 -0.076194 -0.780102 0.159714 0.600105
1520616758.667641401 -0.473361 0.152009 2.825692 -0.076956 -0.764545 0.162495 0.618986
1520616758.717643499 -0.532932 0.152640 2.814719 -0.081499 -0.750855 0.167877 0.633556
1520616758.767645597 -0.562187 0.134382 2.791650 -0.089520 -0.737851 0.170654 0.646868
1520616758.817646503 -0.607800 0.116460 2.775684 -0.101007 -0.725148 0.175867 0.658049
1520616758.867648602 -0.651582 0.089920 2.762466 -0.108784 -0.715537 0.177904 0.666726
1520616758.917649508 -0.708127 0.062687 2.791045 -0.106341 -0.705714 0.176732 0.677810
1520616758.967651367 -0.766159 0.054706 2.796428 -0.095492 -0.689715 0.183977 0.693777
1520616759.017653704 -0.829952 0.043028 2.808508 -0.085338 -0.671620 0.195159 0.709617
1520616759.067654610 -0.884031 0.071717 2.861424 -0.074554 -0.660084 0.205197 0.718766
1520616759.117655754 -0.917388 0.043383 2.893117 -0.077334 -0.645404 0.211757 0.729816
1520616759.167657614 -0.967915 0.030934 2.915624 -0.078938 -0.627453 0.215042 0.744196
1520616759.217659473 -1.031499 0.030945 2.936692 -0.081579 -0.607763 0.217554 0.759367
1520616759.267660618 -1.091035 0.039628 2.961342 -0.082709 -0.586998 0.218647 0.775104
1520616759.317661524 -1.141716 0.047844 3.002657 -0.079203 -0.563516 0.217661 0.792970
1520616759.367663383 -1.195147 0.039733 3.045095 -0.077899 -0.536616 0.221357 0.810540
1520616759.417750597 -1.244690 0.024010 3.090510 -0.076052 -0.507662 0.225842 0.827944
1520616759.467666626 -1.285620 -0.007789 3.132591 -0.076680 -0.474717 0.229532 0.846215
1520616759.517668486 -1.327364 -0.037875 3.171696 -0.078057 -0.439948 0.234445 0.863359
1520616759.565589666 -1.358893 -0.043520 3.221504 -0.079208 -0.411707 0.242923 0.874764
1520616759.615591526 -1.391573 -0.052554 3.275810 -0.083050 -0.379510 0.255842 0.885223
1520616759.665592670 -1.424868 -0.046119 3.334193 -0.081408 -0.347555 0.267558 0.894981
1520616759.715594530 -1.451372 -0.049351 3.390045 -0.080777 -0.316212 0.275993 0.904053
1520616759.765595675 -1.481898 -0.046251 3.442884 -0.081604 -0.289148 0.283534 0.910683
1520616759.815597773 -1.510183 -0.044262 3.493514 -0.082160 -0.266222 0.289470 0.915741
1520616759.865599632 -1.529916 -0.029642 3.546781 -0.080076 -0.244785 0.288588 0.922164
1520616759.915600777 -1.550394 -0.036348 3.604464 -0.082073 -0.219206 0.283575 0.929945
1520616759.963820696 -1.564262 -0.044470 3.657367 -0.084976 -0.192386 0.278951 0.936991
1520616760.013821602 -1.566530 -0.047327 3.715925 -0.087330 -0.161985 0.275659 0.943476
1520616760.063823700 -1.575681 -0.048056 3.774732 -0.087018 -0.127923 0.273112 0.949460
1520616760.113824606 -1.565816 -0.046508 3.831359 -0.089081 -0.094240 0.268911 0.954395
1520616760.163826466 -1.556316 -0.034350 3.886042 -0.088455 -0.058228 0.265560 0.958261
1520616760.213827610 -1.549697 -0.019002 3.944472 -0.083109 -0.018046 0.265349 0.960394
1520616760.263829708 -1.541224 -0.014934 4.005156 -0.075356 0.021558 0.272684 0.958906
1520616760.313831806 -1.539763 -0.010002 4.063075 -0.069497 0.063473 0.285311 0.953802
1520616760.363833666 -1.517220 0.001758 4.097877 -0.066760 0.102609 0.292780 0.948311
1520616760.412088394 -1.503027 0.013691 4.152401 -0.060965 0.146813 0.300238 0.940525
1520616760.462090254 -1.475337 0.013561 4.197813 -0.054933 0.189405 0.302703 0.932459
1520616760.512091398 -1.439474 0.014962 4.235772 -0.049238 0.234821 0.299677 0.923379
1520616760.562093496 -1.392261 0.034785 4.274965 -0.046061 0.280296 0.293497 0.912782
1520616760.612094402 -1.355979 0.044166 4.308586 -0.051621 0.321493 0.292830 0.899015
1520616760.662096500 -1.305267 0.048881 4.321869 -0.059388 0.354734 0.294996 0.885220
1520616760.712097406 -1.256892 0.063700 4.349676 -0.059986 0.391998 0.293524 0.869817
1520616760.762099266 -1.212209 0.064149 4.390264 -0.057563 0.433068 0.291499 0.850980
1520616760.809893608 -1.156554 0.091527 4.392511 -0.054336 0.460691 0.287548 0.837931
1520616760.859894991 -1.104769 0.116557 4.405564 -0.050808 0.488278 0.285233 0.823192
1520616760.909896851 -1.047982 0.145207 4.411004 -0.050496 0.513585 0.281629 0.808929
1520616760.959897995 -0.994527 0.130891 4.410770 -0.055248 0.534192 0.284508 0.794129
1520616761.009899855 -0.941401 0.143085 4.422844 -0.054273 0.554145 0.280748 0.781766
1520616761.059900761 -0.887422 0.151544 4.431728 -0.053356 0.572727 0.271604 0.771601
1520616761.109902859 -0.822629 0.171826 4.424133 -0.052432 0.587101 0.259795 0.764899
1520616761.159903765 -0.759803 0.191346 4.426807 -0.053673 0.601927 0.250956 0.756191
1520616761.209287882 -0.708692 0.203356 4.421584 -0.061443 0.615512 0.251278 0.744466
1520616761.259288788 -0.640648 0.223524 4.417982 -0.066464 0.633071 0.247549 0.730426
1520616761.309290886 -0.570279 0.258802 4.413618 -0.062799 0.653238 0.241155 0.714969
1520616761.359291792 -0.502463 0.261151 4.407398 -0.060279 0.676024 0.236280 0.695363
1520616761.409293652 -0.433936 0.300553 4.393600 -0.049561 0.699642 0.225632 0.676118
1520616761.459295750 -0.353512 0.395521 4.390856 -0.026348 0.722372 0.207807 0.659015
1520616761.509296656 -0.277484 0.406524 4.349811 -0.026827 0.740194 0.200393 0.641276
1520616761.559298754 -0.213277 0.420672 4.323287 -0.026994 0.760369 0.193552 0.619393
1520616761.609656572 -0.147865 0.468584 4.278280 -0.018751 0.779512 0.179733 0.599755
1520616761.659658670 -0.085717 0.484673 4.197809 -0.015445 0.800589 0.170671 0.574187
1520616761.709659815 -0.031956 0.481846 4.152895 -0.006168 0.823747 0.166932 0.541790
1520616761.759661674 0.029459 0.497650 4.101364 0.012909 0.843451 0.164872 0.511117
1520616761.809662819 0.090256 0.514653 4.065866 0.031879 0.864710 0.154043 0.477003
1520616761.859664679 0.155360 0.515728 3.997796 0.044269 0.882821 0.141796 0.445603
1520616761.909666538 0.164492 0.667619 3.937035 0.056657 0.898574 0.108785 0.421332
1520616761.959667921 0.223880 0.769186 3.901395 0.081426 0.913720 0.085771 0.388752
1520616762.014317036 0.912915 0.570363 4.192792 0.083367 0.964306 0.094777 0.232770
1520616762.064319134 0.933125 0.588452 4.135020 0.068418 0.974055 0.082060 0.199504
1520616762.114320278 0.947491 0.523626 4.068138 0.061597 0.980155 0.084640 0.168338
1520616762.164322138 0.968119 0.532742 4.011244 0.053165 0.984888 0.074869 0.146847
1520616762.214323997 0.974917 0.551293 3.950174 0.032888 0.989041 0.061472 0.130142
1520616762.264325142 0.994539 0.547629 3.889388 0.014680 0.992042 0.047042 0.115861
1520616762.314326048 0.986842 0.522760 3.824323 -0.001802 0.993050 0.037927 0.111400
1520616762.364328146 1.013832 0.511712 3.781292 -0.018712 0.993307 0.033186 0.109039
1520616762.416154385 1.025818 0.514626 3.719633 -0.036760 0.992745 0.027662 0.111094
1520616762.466155291 1.047974 0.511804 3.657346 -0.050809 0.991488 0.027739 0.116621
1520616762.516157389 1.075485 0.510512 3.611302 -0.063654 0.989131 0.032278 0.128555
1520616762.566158533 1.093731 0.542467 3.544964 -0.079467 0.985204 0.029843 0.148889
1520616762.616159439 1.121167 0.562340 3.499805 -0.089849 0.980283 0.030552 0.173316
1520616762.666161299 1.151957 0.570655 3.465664 -0.096029 0.975136 0.033788 0.196843
1520616762.716163397 1.185432 0.558187 3.421674 -0.101573 0.967882 0.040932 0.226299
1520616762.766164303 1.223149 0.560825 3.375225 -0.107768 0.958694 0.044026 0.259525
1520616762.816166162 1.276759 0.558267 3.330861 -0.113634 0.947252 0.048453 0.295724
1520616762.864167929 1.320304 0.565937 3.294309 -0.118000 0.934767 0.054510 0.330629
1520616762.914170027 1.366627 0.589413 3.258149 -0.117672 0.919115 0.063713 0.370570
1520616762.964171171 1.413643 0.599533 3.225589 -0.118859 0.903392 0.075483 0.405040
1520616763.014173031 1.462938 0.618695 3.187751 -0.116486 0.888670 0.085108 0.435261
1520616763.064174891 1.509815 0.635090 3.156717 -0.114542 0.878091 0.091241 0.455534
1520616763.114176035 1.556914 0.635336 3.121959 -0.118834 0.864462 0.092601 0.479592
1520616763.164178133 1.602735 0.633087 3.095048 -0.122160 0.850129 0.092244 0.503835
1520616763.214178801 1.652478 0.639253 3.076328 -0.123633 0.835739 0.094438 0.526627
1520616763.262399435 1.696721 0.654923 3.047713 -0.120253 0.819177 0.099854 0.551831
1520616763.312401533 1.750274 0.664148 3.032970 -0.116639 0.806201 0.105639 0.570330
1520616763.362402439 1.796239 0.675182 2.999724 -0.117146 0.797264 0.105682 0.582647
1520616763.412403584 1.848035 0.685935 2.973122 -0.113121 0.793175 0.107994 0.588569
1520616763.462405443 1.906604 0.700848 2.950266 -0.105725 0.792766 0.109518 0.590212
1520616763.512407303 1.959650 0.718810 2.919268 -0.101733 0.795508 0.106597 0.587753
1520616763.562408447 2.017559 0.722426 2.887718 -0.103164 0.802265 0.104396 0.578644
1520616763.612410545 2.072566 0.735077 2.850956 -0.105367 0.808970 0.107929 0.568169
1520616763.661420345 2.131854 0.727875 2.823645 -0.103594 0.812056 0.116756 0.562318
1520616763.711421490 2.197145 0.720607 2.798821 -0.098989 0.815728 0.116575 0.557852
1520616763.761423349 2.257438 0.716487 2.766352 -0.090607 0.819368 0.109719 0.555327
1520616763.811425447 2.319348 0.714977 2.737955 -0.078074 0.822177 0.104309 0.554121
1520616763.861426592 2.382245 0.725485 2.710334 -0.065286 0.824015 0.100663 0.553719
1520616763.911427498 2.446379 0.738033 2.686128 -0.056288 0.825333 0.098976 0.553047
1520616763.961429358 2.510722 0.756258 2.657093 -0.053074 0.825135 0.099030 0.553651
1520616764.011431456 2.573912 0.777625 2.636291 -0.051692 0.822522 0.100422 0.557405
1520616764.060730219 2.632294 0.785578 2.608444 -0.055869 0.817478 0.109922 0.562605
1520616764.110732079 2.698738 0.794774 2.602738 -0.050343 0.811816 0.117138 0.569824
1520616764.160734415 2.769803 0.792808 2.608666 -0.047290 0.806304 0.123514 0.576526
1520616764.210734129 2.835858 0.792421 2.599027 -0.046824 0.797766 0.124751 0.588059
1520616764.260735989 2.898365 0.791331 2.562555 -0.047925 0.785896 0.123253 0.604053
1520616764.310744047 2.974711 0.788649 2.568044 -0.049235 0.781580 0.121346 0.609905
1520616764.360739231 3.035819 0.802012 2.555763 -0.049800 0.775925 0.115451 0.618168
1520616764.410741091 3.094941 0.795555 2.533293 -0.052812 0.769399 0.110715 0.626880
1520616764.461071968 3.168554 0.820855 2.526906 -0.046540 0.766829 0.101152 0.632120
1520616764.511073828 3.232187 0.834596 2.507516 -0.043735 0.762720 0.094910 0.638230
1520616764.561074972 3.297955 0.850024 2.485168 -0.046595 0.762987 0.090423 0.638360
1520616764.611077070 3.364865 0.867451 2.445668 -0.049564 0.763846 0.088436 0.637387
1520616764.661078930 3.431918 0.865883 2.432335 -0.049930 0.766775 0.101070 0.631939
1520616764.711080074 3.502213 0.869482 2.420614 -0.049214 0.775639 0.106267 0.620218
1520616764.761081934 3.565248 0.869294 2.397249 -0.049924 0.785775 0.107293 0.607086
1520616764.811082840 3.625201 0.858644 2.374136 -0.049141 0.794451 0.109847 0.595288
1520616764.861084938 3.694543 0.859131 2.356161 -0.044721 0.801342 0.113809 0.585576
1520616764.912136555 3.754046 0.862687 2.314045 -0.038637 0.801849 0.116280 0.584829
1520616764.962138414 3.814061 0.875217 2.271530 -0.037200 0.801518 0.115048 0.585618
1520616765.012140274 3.880500 0.896277 2.250715 -0.036550 0.801941 0.113670 0.585349
1520616765.062141418 3.954054 0.908785 2.242542 -0.038460 0.800866 0.114693 0.586498
1520616765.112143517 3.995526 0.924913 2.230666 -0.035744 0.795544 0.116820 0.593453
1520616765.162144423 4.062628 0.926316 2.215223 -0.041280 0.791032 0.117320 0.598999
1520616765.212146521 4.118643 0.919147 2.212471 -0.054818 0.786500 0.117643 0.603799
1520616765.262148380 4.189661 0.914451 2.202090 -0.065548 0.779876 0.120046 0.610808
1520616765.312943459 4.251496 0.915524 2.188130 -0.070660 0.772464 0.124954 0.618621
1520616765.362945557 4.305349 0.909419 2.151186 -0.076550 0.762705 0.125032 0.629911
1520616765.412946463 4.369658 0.915850 2.133570 -0.081671 0.757295 0.119982 0.636741
1520616765.462948799 4.430686 0.914014 2.128792 -0.086736 0.752420 0.118114 0.642176
1520616765.512949705 4.483616 0.930632 2.107176 -0.088059 0.745541 0.117127 0.650150
1520616765.562951565 4.544748 0.932186 2.081666 -0.091855 0.741395 0.117315 0.654319
1520616765.612954378 4.599924 0.928067 2.049226 -0.096456 0.742412 0.115683 0.652792
1520616765.662954569 4.667938 0.938694 2.031971 -0.100100 0.751716 0.114727 0.641670
1520616765.712479115 4.740374 0.955565 2.005857 -0.100391 0.760200 0.120724 0.630430
1520616765.762481213 4.800188 0.957482 1.971981 -0.103336 0.767514 0.124866 0.620203
1520616765.812484264 4.865517 0.955567 1.951212 -0.107723 0.776682 0.125276 0.607838
1520616765.862483263 4.928437 0.961057 1.918891 -0.106617 0.782789 0.125749 0.600051
1520616765.912485123 4.991174 0.970220 1.892346 -0.098152 0.787834 0.127329 0.594534
1520616765.962517023 5.061897 0.977652 1.871901 -0.090908 0.794333 0.125539 0.587377
1520616766.012488365 5.127552 0.989154 1.854661 -0.085795 0.801402 0.121390 0.579360
1520616766.062489271 5.190972 1.008673 1.802670 -0.084850 0.802006 0.112054 0.580544
1520616766.111555099 5.262000 1.017273 1.774244 -0.082120 0.803246 0.109013 0.579800
1520616766.161556244 5.336038 1.040933 1.753821 -0.076888 0.801802 0.105221 0.583207
1520616766.211558342 5.392402 1.034434 1.718002 -0.087353 0.796943 0.103323 0.588707
1520616766.261560202 5.459668 1.041995 1.692058 -0.095313 0.791645 0.101788 0.594856
1520616766.311561346 5.529060 1.042972 1.679991 -0.098760 0.785832 0.102626 0.601816
1520616766.361563206 5.592825 1.033624 1.667440 -0.102632 0.779500 0.104315 0.609068
1520616766.411564112 5.655658 1.036829 1.660253 -0.103711 0.774044 0.099693 0.616572
1520616766.461566210 5.722076 1.043013 1.643152 -0.105856 0.767352 0.092431 0.625637
1520616766.510795593 5.791989 1.055657 1.641232 -0.105715 0.763024 0.083920 0.632121
1520616766.560797453 5.854449 1.061519 1.653853 -0.108445 0.760035 0.086431 0.634915
1520616766.610798359 5.923862 1.072155 1.632375 -0.114007 0.753058 0.084634 0.642451
1520616766.660800695 5.987581 1.087716 1.594094 -0.114288 0.745807 0.079149 0.651495
1520616766.710802555 6.059641 1.100291 1.601584 -0.114134 0.749029 0.080342 0.647669
1520616766.760803461 6.099794 1.121255 1.588123 -0.116314 0.743983 0.082891 0.652755
1520616766.810805559 6.163874 1.120080 1.565112 -0.119878 0.740890 0.087945 0.654964
1520616766.860806465 6.228425 1.125533 1.551953 -0.120734 0.743394 0.087923 0.651966
1520616766.910776615 6.281660 1.135843 1.539180 -0.118766 0.744086 0.090835 0.651137
1520616766.960778475 6.339978 1.131062 1.538014 -0.113686 0.745729 0.096158 0.649398
1520616767.010780573 6.401623 1.143798 1.525699 -0.103826 0.741499 0.094481 0.656104
1520616767.060781717 6.465504 1.166893 1.516766 -0.095672 0.735862 0.088077 0.664528
1520616767.110782623 6.536056 1.181505 1.508461 -0.090748 0.728094 0.082580 0.674407
1520616767.160784483 6.602885 1.196335 1.512885 -0.085522 0.717164 0.085472 0.686335
1520616767.210786581 6.671745 1.207590 1.505734 -0.083850 0.701292 0.086665 0.702601
1520616767.260787487 6.751322 1.223552 1.518009 -0.082109 0.686725 0.087565 0.716937
1520616767.310789585 6.779464 1.252955 1.524734 -0.080312 0.669264 0.084799 0.733788
1520616767.361924648 6.825130 1.285433 1.555684 -0.073365 0.650936 0.098710 0.749103
1520616767.411925554 6.889905 1.278856 1.570399 -0.083156 0.632556 0.096449 0.763973
1520616767.461927891 6.952056 1.276011 1.583389 -0.089488 0.611196 0.098830 0.780169
1520616767.511929750 7.004790 1.282904 1.574501 -0.097375 0.589696 0.091490 0.796496
1520616767.561930656 7.066516 1.293350 1.592903 -0.096419 0.573132 0.082180 0.809611
1520616767.611988544 7.134491 1.296308 1.597838 -0.095263 0.551779 0.076052 0.825034
1520616767.661933661 7.193280 1.298963 1.616485 -0.099183 0.532238 0.065799 0.838186
1520616767.711935520 7.254346 1.403603 1.638805 -0.088980 0.517737 0.052461 0.849281
1520616767.762353420 7.322837 1.407892 1.676654 -0.091515 0.499949 0.050820 0.859705
1520616767.812355518 7.376649 1.403257 1.682244 -0.094686 0.479005 0.049573 0.871281
1520616767.862357616 7.443720 1.389172 1.707363 -0.096220 0.459198 0.048229 0.881790
1520616767.912358522 7.492218 1.390434 1.744246 -0.089193 0.442563 0.044826 0.891164
1520616767.962360620 7.543634 1.403584 1.776011 -0.080120 0.419908 0.040173 0.903130
1520616768.012361526 7.589817 1.411776 1.812150 -0.072363 0.390531 0.037027 0.916994
1520616768.062363386 7.628910 1.427680 1.845017 -0.067603 0.356315 0.038775 0.931110
1520616768.112364531 7.677638 1.440151 1.886097 -0.064900 0.323564 0.043369 0.942981
1520616768.160436392 7.710166 1.467830 1.929448 -0.061500 0.294470 0.044652 0.952634
1520616768.210437298 7.736352 1.471271 1.967057 -0.064051 0.263597 0.050674 0.961169
1520616768.260439396 7.767138 1.471899 2.022941 -0.066052 0.236012 0.056170 0.967874
1520616768.310441256 7.792032 1.487218 2.067761 -0.062907 0.208847 0.059266 0.974122
1520616768.360442162 7.827108 1.478508 2.109190 -0.059271 0.173520 0.062553 0.981053
1520616768.410444498 7.858842 1.451737 2.164440 -0.056208 0.133701 0.064547 0.987319
1520616768.460445166 7.893330 1.441133 2.201946 -0.057120 0.094326 0.067416 0.991612
1520616768.510447264 7.901745 1.426490 2.243209 -0.062621 0.064004 0.069850 0.993531
1520616768.559714317 7.895448 1.436651 2.282642 -0.062127 0.038319 0.067108 0.995072
1520616768.609716415 7.890839 1.414875 2.320919 -0.066664 0.014587 0.068574 0.995309
1520616768.659717560 7.901767 1.429686 2.374991 -0.064767 -0.006821 0.067547 0.995588
1520616768.709719419 7.914849 1.442932 2.426571 -0.063479 -0.027195 0.068251 0.995275
1520616768.759721279 7.939117 1.430271 2.465616 -0.066344 -0.040131 0.065780 0.994817
1520616768.809722424 7.945529 1.416645 2.516494 -0.066239 -0.048695 0.066030 0.994425
1520616768.859723330 7.961094 1.463539 2.519026 -0.059722 -0.054923 0.066281 0.994497
1520616768.909724236 7.960140 1.440890 2.572654 -0.059511 -0.057813 0.070535 0.994053
1520616768.959624052 8.002044 1.436855 2.611847 -0.052344 -0.061959 0.070368 0.994218
1520616769.009624958 8.001038 1.439887 2.670839 -0.040013 -0.062813 0.068539 0.994865
1520616769.059627056 7.980449 1.421663 2.717055 -0.030941 -0.076279 0.070641 0.994100
1520616769.109628916 7.988544 1.434162 2.779087 -0.016309 -0.104272 0.070598 0.991906
1520616769.159634113 7.979669 1.423628 2.823637 -0.011582 -0.133249 0.067051 0.988744
1520616769.209632158 7.969575 1.432026 2.876979 -0.005378 -0.164580 0.060528 0.984490
1520616769.259711981 7.955456 1.442604 2.910947 -0.002661 -0.195738 0.055978 0.979054
1520616769.309634924 7.877797 1.470493 2.932108 0.001882 -0.214586 0.055473 0.975127
1520616769.359636068 7.847148 1.476665 2.963582 0.002590 -0.247161 0.053105 0.967515
1520616769.409698725 7.849106 1.459713 2.996811 0.000735 -0.288479 0.052220 0.956061
1520616769.459700584 7.638045 1.502500 2.955773 0.011127 -0.305279 0.052485 0.950750
1520616769.509701729 7.612714 1.527383 2.999507 0.017385 -0.353416 0.057251 0.933551
1520616769.559703588 7.591540 1.546019 3.032554 0.021765 -0.396148 0.056201 0.916207
1520616769.609704494 7.549751 1.545303 3.051059 0.017761 -0.429789 0.053311 0.901179
1520616769.659706831 7.506491 1.557587 3.075994 0.019416 -0.459676 0.054682 0.886189
1520616769.709707499 7.457206 1.559894 3.095047 0.022240 -0.486777 0.051893 0.871700
1520616769.759709835 7.426025 1.574922 3.135542 0.028276 -0.516000 0.053103 0.854473
1520616769.810701132 7.357000 1.509792 3.137414 0.013504 -0.530683 0.050347 0.845966
1520616769.860703230 7.304789 1.509747 3.156973 0.011039 -0.548559 0.047452 0.834691
1520616769.910705328 7.253033 1.514752 3.169313 0.007116 -0.561050 0.051800 0.826129
1520616769.960706234 7.205280 1.519084 3.185013 0.007764 -0.573785 0.057591 0.816942
1520616770.010708332 7.156620 1.511199 3.195749 0.008482 -0.584897 0.066148 0.808361
1520616770.060710192 7.108417 1.497412 3.208044 0.012223 -0.594907 0.079099 0.799800
1520616770.110711336 7.067417 1.490730 3.219521 0.018403 -0.604920 0.089618 0.791013
1520616770.160712242 7.014041 1.483242 3.228253 0.020999 -0.613956 0.095787 0.783225
1520616770.211903811 6.963673 1.484437 3.233313 0.017665 -0.622914 0.103344 0.775233
1520616770.261905670 6.906551 1.478513 3.238800 0.015936 -0.628929 0.102416 0.770523
1520616770.311908007 6.847260 1.476666 3.235335 0.014261 -0.631088 0.104739 0.768475
1520616770.361908913 6.802551 1.470971 3.247140 0.013231 -0.632860 0.105943 0.766870
1520616770.411910772 6.757038 1.463683 3.265176 0.012143 -0.629767 0.108023 0.769140
1520616770.461911917 6.648714 1.464564 3.216291 0.005109 -0.609228 0.110389 0.785258
1520616770.511913776 6.613241 1.483822 3.260013 0.013952 -0.607504 0.115795 0.785707
1520616770.561914682 6.559049 1.454989 3.275924 0.016370 -0.594900 0.116899 0.795086
1520616770.612808228 6.508718 1.435045 3.299748 0.021125 -0.583942 0.120778 0.802483
1520616770.662810564 6.466626 1.416531 3.324164 0.025195 -0.572066 0.125255 0.810196
1520616770.712812424 6.422543 1.402938 3.349433 0.028318 -0.553809 0.125985 0.822570
1520616770.762813330 6.368497 1.394757 3.378740 0.031333 -0.531238 0.126340 0.837164
1520616770.812815428 6.320278 1.380406 3.410967 0.030300 -0.507004 0.126318 0.852099
1520616770.862817287 6.275358 1.368699 3.445868 0.025251 -0.477968 0.127039 0.868775
1520616770.912921429 6.227221 1.363150 3.485213 0.019386 -0.442656 0.125734 0.887621
1520616770.962820530 6.191116 1.355496 3.533989 0.013772 -0.404794 0.130146 0.904994
1520616771.012594700 6.155241 1.340531 3.581411 0.007701 -0.362249 0.133907 0.922380
1520616771.062597036 6.165301 1.312315 3.724205 0.004621 -0.320611 0.136952 0.937247
1520616771.112597942 6.142928 1.286631 3.781899 0.003537 -0.269118 0.136983 0.953309
1520616771.162599802 6.134100 1.270522 3.865020 -0.000379 -0.214725 0.133341 0.967529
1520616771.212600946 6.128710 1.267297 3.918519 -0.005971 -0.162864 0.132169 0.977738
1520616771.262602806 6.126193 1.263490 3.971825 -0.013083 -0.109295 0.135949 0.984582
1520616771.312603712 6.126407 1.263055 4.032663 -0.019289 -0.053847 0.140378 0.988444
1520616771.362605810 6.087649 1.249499 4.101017 -0.022286 0.009011 0.146803 0.988874
1520616771.411128521 6.102291 1.242413 4.151691 -0.017042 0.057772 0.158006 0.985599
1520616771.461130381 6.126582 1.233431 4.197920 -0.003637 0.107224 0.164803 0.980474
1520616771.511132240 6.148865 1.220134 4.247300 0.010776 0.159891 0.166561 0.972921
1520616771.561133385 6.187133 1.221364 4.289169 0.018998 0.211956 0.165112 0.963043
1520616771.611135244 6.240791 1.217568 4.312245 0.016302 0.260103 0.169753 0.950402
1520616771.661136150 6.284325 1.219471 4.344391 0.002113 0.311711 0.169973 0.934848
1520616771.711138487 6.339410 1.213497 4.338747 -0.009004 0.354561 0.171180 0.919186
1520616771.761139393 6.396792 1.225637 4.350310 -0.015484 0.404732 0.167138 0.898898
1520616771.811141253 6.442553 1.237083 4.371209 -0.018039 0.459219 0.161462 0.873340
1520616771.860009193 6.498889 1.265597 4.384662 -0.015197 0.507754 0.153505 0.847580
1520616771.910011530 6.552529 1.307868 4.394115 -0.012032 0.558687 0.142891 0.816888
1520616771.960012436 6.599090 1.312325 4.383605 -0.016585 0.604407 0.141580 0.783819
1520616772.010014296 6.642913 1.331593 4.365975 -0.018679 0.645011 0.138343 0.751314
1520616772.060015440 6.686199 1.352121 4.347535 -0.021888 0.683865 0.137666 0.716169
1520616772.110017300 6.723644 1.358865 4.316184 -0.026846 0.716869 0.139056 0.682673
1520616772.160018444 6.767692 1.383582 4.292603 -0.031342 0.748210 0.134490 0.648931
1520616772.210020542 6.811357 1.393271 4.258260 -0.036204 0.775257 0.132226 0.616589
1520616772.259750128 6.845005 1.399191 4.222188 -0.038380 0.797778 0.131941 0.587085
1520616772.309752226 6.879537 1.409500 4.181348 -0.037925 0.818243 0.131111 0.558436
1520616772.359753132 6.917774 1.420885 4.138771 -0.037894 0.836635 0.129934 0.530775
1520616772.409755230 6.951896 1.432996 4.096810 -0.041183 0.852005 0.127457 0.506109
1520616772.459757090 6.986052 1.453560 4.050242 -0.044305 0.863281 0.121400 0.487899
1520616772.509759188 7.026773 1.464629 4.015525 -0.051913 0.871807 0.115850 0.473114
1520616772.559759140 7.062901 1.479776 3.969262 -0.062681 0.876185 0.106180 0.465937
1520616772.609761000 7.097632 1.490409 3.922077 -0.071462 0.880708 0.100034 0.457428
1520616772.659722090 7.134157 1.494558 3.876217 -0.077245 0.885229 0.098551 0.447985
1520616772.709722996 7.159373 1.499742 3.819692 -0.083297 0.889566 0.098325 0.438253
1520616772.759724855 7.186866 1.511518 3.771785 -0.084286 0.896211 0.098474 0.424269
1520616772.809726000 7.218482 1.525767 3.723576 -0.081784 0.904497 0.098095 0.406908
1520616772.859727859 7.251162 1.541967 3.673489 -0.080676 0.913397 0.097765 0.386833
1520616772.909729004 7.283386 1.559261 3.622949 -0.080970 0.922257 0.097450 0.365226
1520616772.959731102 7.313557 1.585618 3.569593 -0.079716 0.931123 0.095183 0.342922
1520616773.009732008 7.346196 1.602670 3.514412 -0.077501 0.939577 0.095523 0.319475
1520616773.060005426 7.382593 1.610321 3.463736 -0.072378 0.948231 0.095048 0.294252
1520616773.110007286 7.410533 1.615092 3.406208 -0.066310 0.955461 0.089512 0.273286
1520616773.160008430 7.439589 1.610835 3.350264 -0.063594 0.962577 0.085384 0.249220
1520616773.210010529 7.470639 1.603967 3.299011 -0.063803 0.969265 0.083489 0.222450
1520616773.260011435 7.494097 1.600459 3.241245 -0.064574 0.974324 0.084611 0.198405
1520616773.310013533 7.513905 1.596534 3.182853 -0.064067 0.978382 0.089450 0.175107
1520616773.360015392 7.534018 1.603133 3.124599 -0.059153 0.982672 0.091000 0.150255
1520616773.410016298 7.552082 1.602005 3.061477 -0.054198 0.985358 0.097270 0.129116
1520616773.461805344 7.544248 1.621595 3.020848 -0.054626 0.987863 0.094368 0.110620
1520616773.511806250 7.567153 1.639717 2.960128 -0.054724 0.990782 0.087855 0.087390
1520616773.561808586 7.578249 1.647462 2.896551 -0.056644 0.992142 0.084910 0.072363
1520616773.611810446 7.590251 1.650291 2.852491 -0.058523 0.992856 0.086180 0.058181
1520616773.661811352 7.607358 1.660517 2.797355 -0.063583 0.993164 0.084370 0.049644
1520616773.711813450 7.617636 1.654313 2.734957 -0.077123 0.992196 0.088110 0.042855
1520616773.761815310 7.637049 1.669572 2.695962 -0.087610 0.992174 0.082408 0.033535
1520616773.811816216 7.653457 1.646669 2.641964 -0.097275 0.991526 0.079844 0.032214
1520616773.863090992 7.640740 1.621197 2.637146 -0.105118 0.990733 0.078828 0.034411
1520616773.913092852 7.633999 1.639485 2.550978 -0.114800 0.990171 0.071018 0.036589
1520616773.963093758 7.676104 1.606501 2.498781 -0.115780 0.989686 0.079748 0.027501
1520616774.013096094 7.675582 1.615012 2.445448 -0.121797 0.988648 0.083306 0.028290
1520616774.063097000 7.709178 1.622804 2.391200 -0.125516 0.987612 0.091175 0.023563
1520616774.113098860 7.735033 1.617416 2.330568 -0.127338 0.986997 0.096080 0.019757
1520616774.163100958 7.746467 1.592248 2.272310 -0.130841 0.986142 0.099938 0.020400
1520616774.213101864 7.753612 1.617381 2.204508 -0.141537 0.985234 0.093981 0.021184
1520616774.263103724 7.753005 1.626325 2.142934 -0.149309 0.984593 0.087837 0.023818
1520616774.312895060 7.769399 1.601214 2.093289 -0.150752 0.984241 0.088994 0.024957
1520616774.362896919 7.773944 1.591896 2.036014 -0.152253 0.984051 0.087566 0.028179
1520616774.412898064 7.785556 1.598707 1.978365 -0.150579 0.984311 0.085830 0.033035
1520616774.462900162 7.801768 1.592057 1.924656 -0.146016 0.984406 0.088405 0.042524
1520616774.512901068 7.817679 1.603510 1.866730 -0.146035 0.984148 0.084171 0.055145
1520616774.562903166 7.831946 1.609464 1.812083 -0.147495 0.983048 0.081129 0.072660
1520616774.612904072 7.846169 1.615776 1.754062 -0.149425 0.981192 0.079934 0.092435
1520616774.662905931 7.870419 1.614015 1.703532 -0.147212 0.978759 0.083210 0.115913
1520616774.713839769 7.899616 1.615360 1.660461 -0.147993 0.974857 0.084558 0.143537
1520616774.763840914 7.928032 1.622556 1.610480 -0.151244 0.969667 0.086371 0.171499
1520616774.813842773 7.952446 1.640802 1.561545 -0.153387 0.963751 0.089625 0.199058
1520616774.863843679 8.002323 1.654656 1.536534 -0.153372 0.957484 0.095642 0.224844
1520616774.913845778 7.991013 1.659033 1.498033 -0.149879 0.949598 0.100016 0.256509
1520616774.963847876 8.056377 1.675949 1.453681 -0.134272 0.944328 0.102168 0.282449
1520616775.013848782 8.088081 1.679425 1.402035 -0.121527 0.936813 0.100603 0.312237
1520616775.063850880 8.126041 1.680130 1.350082 -0.107983 0.930409 0.097125 0.336518
1520616775.116383314 8.190244 1.692803 1.316174 -0.094077 0.926590 0.093022 0.352034
1520616775.166384220 8.221282 1.706010 1.269123 -0.082932 0.921817 0.095813 0.366326
1520616775.216386080 8.337872 1.694174 1.243919 -0.080571 0.920486 0.101909 0.368549
1520616775.266387224 8.382483 1.695521 1.213494 -0.076305 0.921346 0.107670 0.365658
1520616775.316389322 8.415214 1.698026 1.160905 -0.068378 0.921117 0.118893 0.364325
1520616775.366391182 8.447002 1.653142 1.085416 -0.062232 0.919575 0.133732 0.364178
1520616775.416392326 8.484887 1.665629 1.046931 -0.053905 0.922389 0.136153 0.357429
1520616775.466395140 8.501438 1.690347 0.959605 -0.042779 0.924642 0.134572 0.353691
1520616775.518124104 8.559431 1.743286 0.901018 -0.028230 0.929160 0.131952 0.344171
1520616775.568128109 8.601112 1.722852 0.865969 -0.015893 0.932925 0.135122 0.333376
1520616775.618127108 8.643405 1.724510 0.814425 -0.004179 0.936815 0.134706 0.322821
1520616775.668128014 8.682944 1.749452 0.765830 0.005839 0.941236 0.130171 0.311602
1520616775.718130350 8.714965 1.745850 0.703329 0.011139 0.945249 0.125856 0.300898
1520616775.768131256 8.738548 1.753190 0.656314 0.015038 0.949306 0.119898 0.290201
1520616775.818147182 8.781262 1.746769 0.614394 0.015717 0.953238 0.119449 0.277169
1520616775.868135214 8.802874 1.761698 0.565394 0.014095 0.957527 0.112736 0.265016
1520616775.918136120 8.838732 1.778085 0.527715 0.012197 0.962276 0.103697 0.251244
1520616775.968137980 8.852380 1.774939 0.485733 0.006255 0.966701 0.096106 0.237096
1520616776.018139124 8.863225 1.791729 0.427048 0.003004 0.971067 0.085232 0.223059
1520616776.068141222 8.870417 1.797464 0.368885 0.002831 0.975380 0.077715 0.206365
1520616776.118142366 8.880153 1.809698 0.311258 0.002926 0.979955 0.067989 0.187238
1520616776.168144226 8.887817 1.831614 0.242465 0.000499 0.984224 0.055930 0.167853
1520616776.218145132 8.902949 1.832579 0.190495 -0.001384 0.987869 0.050089 0.146983
1520616776.268147230 8.913804 1.843709 0.135028 -0.005930 0.991225 0.044062 0.124483
1520616776.318193436 8.918592 1.857610 0.071908 -0.014946 0.993828 0.039855 0.102442
1520616776.368176222 8.929428 1.858644 0.016023 -0.021508 0.995145 0.044137 0.085303
1520616776.418178082 8.948775 1.851010 -0.036270 -0.028946 0.995706 0.052913 0.070221
1520616776.468179226 8.929472 1.856919 -0.089909 -0.040071 0.995895 0.056587 0.058179
1520616776.518181324 8.917017 1.855141 -0.138663 -0.049289 0.995720 0.058922 0.051395
1520616776.568181992 8.926334 1.860353 -0.197095 -0.054410 0.995817 0.056903 0.046378
1520616776.618184328 8.922397 1.853240 -0.254251 -0.056994 0.995680 0.055601 0.047776
1520616776.668186188 8.921701 1.852017 -0.311971 -0.058926 0.995183 0.055152 0.055653
1520616776.718187094 8.917447 1.862383 -0.372529 -0.063345 0.994282 0.052005 0.068453
1520616776.767155409 8.932062 1.882732 -0.440215 -0.067839 0.992885 0.048239 0.085145
1520616776.817157269 8.937040 1.918875 -0.496459 -0.068737 0.990295 0.043368 0.112742
1520616776.867158413 8.941207 1.932224 -0.559638 -0.073505 0.985965 0.043305 0.143512
1520616776.917160273 8.964495 1.918363 -0.605315 -0.079421 0.980544 0.052170 0.171767
1520616776.967161417 8.979930 1.916859 -0.652510 -0.080772 0.974035 0.056100 0.203925
1520616777.017162323 9.000770 1.897780 -0.680384 -0.080648 0.966575 0.063397 0.234966
1520616777.067164183 9.054860 1.915285 -0.725648 -0.074165 0.959950 0.059283 0.263592
1520616777.117166519 9.091965 1.917623 -0.766231 -0.069320 0.951993 0.056597 0.292747
1520616777.166659117 9.130398 1.933461 -0.808635 -0.062180 0.944674 0.051382 0.317937
1520616777.216660976 9.175862 1.953848 -0.837808 -0.055344 0.939148 0.048561 0.335529
1520616777.266661882 9.210121 1.966838 -0.878670 -0.041890 0.934824 0.049944 0.349076
1520616777.316664219 9.271552 2.012350 -0.929812 -0.027194 0.935683 0.043510 0.349091
1520616777.366666079 9.303401 2.019765 -0.974787 -0.013350 0.937598 0.042271 0.344885
1520616777.416666985 9.327697 2.031155 -1.020730 -0.001696 0.940482 0.045172 0.336824
1520616777.466703892 9.357943 2.035766 -1.061090 0.010791 0.943164 0.052530 0.327973
1520616777.516669989 9.397108 2.036734 -1.099188 0.020359 0.947623 0.059955 0.313052
1520616777.566918135 9.423680 2.038693 -1.143329 0.026473 0.952428 0.067648 0.295980
1520616777.616919041 9.449709 2.042842 -1.193058 0.037634 0.955726 0.072870 0.282598
1520616777.666921377 9.476441 2.049058 -1.245989 0.049151 0.958144 0.077451 0.271192
1520616777.716922283 9.504973 2.061399 -1.300179 0.059642 0.960771 0.076969 0.259686
1520616777.766924143 9.522707 2.073401 -1.357895 0.068764 0.963424 0.074382 0.248097
1520616777.816925287 9.547426 2.075572 -1.415843 0.078154 0.966354 0.068745 0.235215
1520616777.866927147 9.567052 2.082900 -1.477344 0.086522 0.969704 0.057557 0.221078
1520616777.916929007 9.585357 2.084140 -1.535292 0.098116 0.973696 0.042930 0.201114
1520616777.965325832 9.610840 2.075580 -1.587795 0.107118 0.977984 0.031791 0.176246
1520616778.015327930 9.621995 2.062789 -1.647638 0.114820 0.981717 0.024230 0.149872
1520616778.065328836 9.621952 2.057722 -1.705385 0.120439 0.985063 0.019327 0.121537
1520616778.115330935 9.642795 2.052800 -1.762978 0.125118 0.988223 0.017706 0.086303
1520616778.165331841 9.639270 2.053717 -1.818375 0.128827 0.990016 0.017519 0.054451
1520616778.215333700 9.633485 2.061884 -1.878765 0.129358 0.991344 0.012579 0.018605
1520616778.265335798 9.620124 2.067952 -1.935570 0.128886 0.991493 0.004715 -0.017512
1520616778.315336704 9.611050 2.071631 -1.997011 0.127375 0.990336 -0.005182 -0.054623
1520616778.362357855 9.582018 2.080787 -2.047673 0.123564 0.988394 -0.019448 -0.086199
1520616778.412359715 9.561869 2.077516 -2.103882 0.117904 0.984438 -0.030592 -0.126664
1520616778.462360859 9.540725 2.069685 -2.152793 0.110508 0.980006 -0.039055 -0.160784
1520616778.512361765 9.501691 2.071800 -2.200588 0.093329 0.975545 -0.045920 -0.193632
1520616778.562363625 9.474730 2.062227 -2.245792 0.079110 0.968914 -0.048685 -0.229299
1520616778.612365007 9.441321 2.053442 -2.289846 0.065147 0.961492 -0.053493 -0.261588
1520616778.662366867 9.398492 2.047333 -2.326484 0.048305 0.954945 -0.058473 -0.286928
1520616778.712368727 9.355549 2.046469 -2.366114 0.032757 0.947587 -0.063880 -0.311329
1520616778.762369871 9.314269 2.046890 -2.404311 0.017149 0.940181 -0.067961 -0.333387
1520616778.810536623 9.278058 2.041549 -2.437299 0.005065 0.934470 -0.069591 -0.349138
1520616778.860534668 9.236898 2.044163 -2.475361 -0.007338 0.929336 -0.076120 -0.361228
1520616778.910535812 9.176764 2.046409 -2.513116 -0.024126 0.926868 -0.085855 -0.364640
1520616778.960536718 9.141576 2.040536 -2.558192 -0.040465 0.924079 -0.094967 -0.367997
1520616779.010538578 9.114123 2.025746 -2.601896 -0.054355 0.924161 -0.097814 -0.365246
1520616779.060540676 9.086883 2.014827 -2.643922 -0.069404 0.925080 -0.096978 -0.360563
1520616779.110597610 9.067771 2.011555 -2.693085 -0.080063 0.927388 -0.095502 -0.352734
1520616779.160543680 9.044953 1.992684 -2.731701 -0.090737 0.930161 -0.087996 -0.344708
1520616779.209789038 9.016311 1.998303 -2.774647 -0.095885 0.933615 -0.083168 -0.335041
1520616779.259790897 8.991971 1.999202 -2.818008 -0.099507 0.936852 -0.076213 -0.326493
1520616779.309792042 8.966959 2.005610 -2.872196 -0.099872 0.939614 -0.072495 -0.319210
1520616779.359793901 8.950915 1.997971 -2.922251 -0.101717 0.942257 -0.066956 -0.311966
1520616779.409794807 8.928277 1.998729 -2.976397 -0.106130 0.945251 -0.065769 -0.301515
1520616779.459797144 8.911248 2.001028 -3.029971 -0.113333 0.947786 -0.065143 -0.290885
1520616779.509799004 8.890241 1.999694 -3.075211 -0.123078 0.949977 -0.062650 -0.280126
1520616779.559799910 8.875242 1.991948 -3.125542 -0.128239 0.952188 -0.059448 -0.270849
1520616779.609575510 8.867345 1.987569 -3.183199 -0.129076 0.955222 -0.054630 -0.260587
1520616779.659576416 8.864193 1.974311 -3.229468 -0.129834 0.959644 -0.047081 -0.244969
1520616779.709578276 8.852385 1.966310 -3.277790 -0.134694 0.962773 -0.043465 -0.230296
1520616779.759579420 8.844006 1.954953 -3.332578 -0.140679 0.964612 -0.040588 -0.219284
1520616779.809581518 8.837169 1.951822 -3.389194 -0.141605 0.966989 -0.037495 -0.208503
1520616779.859583378 8.829122 1.946452 -3.443551 -0.143602 0.969251 -0.035062 -0.196726
1520616779.909584522 8.828544 1.937895 -3.493822 -0.140743 0.973534 -0.031997 -0.177196
1520616779.959586382 8.869559 1.986630 -3.620308 -0.132512 0.975683 -0.044756 -0.168758
1520616780.010064840 8.885071 2.045640 -3.647067 -0.133336 0.979796 -0.061015 -0.136006
1520616780.060065746 8.878434 2.054337 -3.709790 -0.136015 0.983547 -0.064500 -0.099874
1520616780.110067844 8.882280 2.048627 -3.760949 -0.135225 0.986662 -0.067132 -0.060871
1520616780.160068750 8.900085 2.043290 -3.811639 -0.132355 0.988257 -0.073351 -0.021191
1520616780.210070610 8.920459 2.035008 -3.858837 -0.129054 0.988600 -0.075100 0.019380
1520616780.260071754 8.954562 2.029951 -3.898597 -0.121169 0.987832 -0.075116 0.062155
1520616780.310073614 8.987753 2.025847 -3.935970 -0.119901 0.983946 -0.075624 0.108424
1520616780.360074520 9.019877 2.022196 -3.971777 -0.121165 0.977458 -0.072938 0.156767
1520616780.411785603 9.061518 2.018115 -4.003009 -0.128936 0.967708 -0.068510 0.205480
1520616780.461786509 9.101412 2.026086 -4.032792 -0.139010 0.955596 -0.069723 0.250301
1520616780.511788607 9.141104 2.036125 -4.056803 -0.143895 0.941608 -0.071608 0.295874
1520616780.561790466 9.170243 2.036934 -4.082413 -0.145332 0.923432 -0.071681 0.347871
1520616780.611791372 9.210855 2.032854 -4.097405 -0.150058 0.902374 -0.071096 0.397681
1520616780.661796331 9.256343 2.044928 -4.094332 -0.150091 0.879954 -0.076471 0.444191
1520616780.711794615 9.295222 2.052543 -4.094348 -0.147066 0.850146 -0.079618 0.499284
1520616780.761875629 9.341827 2.061981 -4.082996 -0.143208 0.818446 -0.080099 0.550655
1520616780.810660362 9.380937 2.063527 -4.067912 -0.140184 0.786085 -0.078582 0.596861
1520616780.860662699 9.412344 2.065386 -4.041443 -0.137553 0.747619 -0.073345 0.645574
1520616780.910663605 9.463187 2.054597 -4.006935 -0.147850 0.702999 -0.055108 0.693467
1520616780.960665464 9.493778 2.074363 -3.977995 -0.138921 0.652835 -0.041342 0.743504
1520616781.010666609 9.513320 2.073198 -3.985509 -0.128961 0.591052 -0.017126 0.796074
1520616781.060668468 9.519070 2.099686 -3.969124 -0.112957 0.526143 -0.010964 0.842790
1520616781.110670805 9.528814 2.102180 -3.925601 -0.107665 0.463753 -0.001800 0.879397
1520616781.160671473 9.527235 2.108438 -3.882945 -0.100094 0.399058 0.005235 0.911431
1520616781.210673571 9.509148 2.116532 -3.823900 -0.088155 0.347007 0.014942 0.933591
1520616781.261108875 9.513529 2.121469 -3.797940 -0.076483 0.279861 0.033805 0.956392
1520616781.311110735 9.515768 2.118008 -3.755256 -0.067086 0.218242 0.046752 0.972463
1520616781.361111879 9.485034 2.109317 -3.710778 -0.057912 0.167786 0.056671 0.982488
1520616781.411113739 9.433897 2.093331 -3.674659 -0.048205 0.124940 0.071215 0.988430
1520616781.461116076 9.395381 2.082686 -3.629713 -0.042074 0.083402 0.083449 0.992124
1520616781.511116982 9.350118 2.076278 -3.590673 -0.033954 0.048356 0.093638 0.993851
1520616781.561118841 9.320837 2.082216 -3.557157 -0.026773 0.013867 0.109556 0.993523
1520616781.611119986 9.282607 2.087230 -3.513575 -0.026791 -0.015676 0.122655 0.991964
1520616781.664536238 9.214130 2.040056 -3.455691 -0.048133 -0.029728 0.125960 0.990421
1520616781.714537382 9.178994 2.035661 -3.420291 -0.051044 -0.041627 0.141682 0.987719
1520616781.764540195 9.144237 2.032695 -3.382525 -0.050864 -0.048997 0.157778 0.984946
1520616781.814541101 9.123885 2.030204 -3.348501 -0.051134 -0.050452 0.171730 0.982522
1520616781.864543438 9.101894 2.025541 -3.312042 -0.051368 -0.048538 0.186179 0.979971
1520616781.914544106 9.076905 2.027008 -3.273776 -0.049920 -0.046413 0.199834 0.977456
1520616781.964545488 9.056351 2.026802 -3.236514 -0.050635 -0.046179 0.210743 0.975136
1520616782.014547348 9.038679 2.031258 -3.196822 -0.054036 -0.044551 0.216868 0.973685
1520616782.066580296 9.016612 2.039301 -3.153518 -0.060042 -0.038878 0.223661 0.972039
1520616782.116582394 9.004580 2.055345 -3.108052 -0.067716 -0.028064 0.228997 0.970663
1520616782.166584492 8.983248 2.070263 -3.050098 -0.076364 -0.007243 0.233415 0.969347
1520616782.216585398 8.975523 2.082681 -3.000869 -0.084591 0.014253 0.237258 0.967652
1520616782.266587496 8.970209 2.091370 -2.945218 -0.086964 0.041255 0.244753 0.964796
1520616782.316588402 8.982668 2.102418 -2.891963 -0.087550 0.070409 0.247879 0.962254
1520616782.366590261 9.005414 2.115115 -2.842570 -0.087632 0.103813 0.241352 0.960881
1520616782.416692257 9.014257 2.124488 -2.791143 -0.084721 0.138683 0.231829 0.959085
1520616782.467311859 9.028716 2.132697 -2.739882 -0.080890 0.175214 0.219882 0.956247
1520616782.517313004 9.048385 2.140877 -2.694186 -0.076441 0.208929 0.208815 0.952314
1520616782.567315102 9.080358 2.163916 -2.653686 -0.071651 0.239005 0.195431 0.948446
1520616782.617316008 9.110286 2.181151 -2.610830 -0.067791 0.267068 0.183080 0.943695
1520616782.667318106 9.139385 2.207676 -2.567542 -0.063069 0.295042 0.172099 0.937739
1520616782.717319965 9.161930 2.222750 -2.520052 -0.061947 0.321460 0.164193 0.930519
1520616782.767320871 9.186071 2.242350 -2.471803 -0.062322 0.346213 0.154576 0.923233
1520616782.817323208 9.212921 2.252732 -2.428759 -0.062392 0.368767 0.147110 0.915684
1520616782.868397713 9.245413 2.264452 -2.388155 -0.059126 0.389445 0.138116 0.908714
1520616782.918399572 9.277223 2.274271 -2.348689 -0.054671 0.404326 0.126363 0.904192
1520616782.968400478 9.310537 2.279771 -2.312183 -0.050545 0.416100 0.114648 0.900645
1520616783.018402576 9.343815 2.284136 -2.274929 -0.048394 0.424409 0.099818 0.898650
1520616783.068404675 9.376820 2.287543 -2.237226 -0.048144 0.429598 0.086150 0.897611
1520616783.118405581 9.414615 2.295262 -2.205652 -0.049177 0.428975 0.073252 0.898997
1520616783.168407679 9.446812 2.308250 -2.171384 -0.051252 0.423198 0.055267 0.902897
1520616783.218408585 9.481821 2.321973 -2.137351 -0.051357 0.409912 0.039914 0.909803
1520616783.268410444 9.512993 2.335921 -2.102674 -0.049643 0.388821 0.023776 0.919668
1520616783.318411589 9.536143 2.350935 -2.066279 -0.045183 0.359473 0.009802 0.932009
1520616783.368413448 9.552277 2.364410 -2.030605 -0.035083 0.323277 -0.007487 0.945624
1520616783.418414354 9.559879 2.369156 -1.987545 -0.018666 0.280546 -0.022936 0.959385
1520616783.468417645 9.567680 2.352358 -1.950997 -0.001234 0.232402 -0.040648 0.971769
1520616783.518418550 9.567076 2.347449 -1.892386 0.025989 0.176760 -0.055526 0.982343
1520616783.568419456 9.551193 2.343055 -1.839416 0.053186 0.119373 -0.060840 0.989555
1520616783.618421555 9.535958 2.322851 -1.793108 0.072854 0.062209 -0.063156 0.993395
1520616783.668423414 9.470850 2.279985 -1.775555 0.078409 0.012608 -0.053276 0.995417
1520616783.718424559 9.456089 2.269103 -1.721762 0.092957 -0.038480 -0.050144 0.993662
1520616783.768426657 9.430201 2.274648 -1.673918 0.104208 -0.081870 -0.044195 0.990194
1520616783.818427563 9.410538 2.273543 -1.629738 0.111831 -0.122701 -0.038395 0.985375
1520616783.868429661 9.385603 2.286239 -1.581394 0.122210 -0.156733 -0.030685 0.979570
1520616783.918430567 9.361795 2.279702 -1.543599 0.128287 -0.183225 -0.024403 0.974359
1520616783.968432426 9.334835 2.277953 -1.509771 0.133001 -0.205998 -0.010362 0.969416
1520616784.018434763 9.316590 2.273066 -1.471386 0.135274 -0.227208 0.005775 0.964388
1520616784.068435669 9.275079 2.258608 -1.462723 0.129627 -0.251342 0.022306 0.958920
1520616784.118436337 9.245115 2.248074 -1.439234 0.127990 -0.278243 0.036002 0.951264
1520616784.168438673 9.203167 2.246658 -1.423704 0.123872 -0.303788 0.050374 0.943309
1520616784.218439579 9.162786 2.296672 -1.405599 0.125746 -0.333503 0.072150 0.931536
1520616784.268441439 9.132961 2.295227 -1.392697 0.118877 -0.365106 0.088621 0.919082
1520616784.318443537 9.101105 2.268966 -1.350089 0.106840 -0.394577 0.103707 0.906719
1520616784.368444443 9.050829 2.277859 -1.334891 0.097913 -0.413349 0.126802 0.896369
1520616784.418446541 9.026701 2.281177 -1.309884 0.087288 -0.429888 0.152187 0.885673
1520616784.468447685 8.990109 2.287112 -1.276051 0.077939 -0.439600 0.178786 0.876762
1520616784.518264532 8.955717 2.288512 -1.233588 0.073797 -0.439736 0.202615 0.871856
1520616784.568265200 8.921058 2.274295 -1.178730 0.067656 -0.433118 0.226749 0.869722
1520616784.618267536 8.874818 2.282730 -1.143858 0.058689 -0.418966 0.252175 0.870305
1520616784.668269396 8.841728 2.264185 -1.103527 0.048175 -0.402396 0.271568 0.872930
1520616784.718270302 8.814902 2.263941 -1.056495 0.042453 -0.380244 0.287009 0.878202
1520616784.768272400 8.776119 2.291611 -0.999167 0.041985 -0.352385 0.302931 0.884474
1520616784.818273306 8.760803 2.285277 -0.957374 0.034207 -0.319449 0.315869 0.892753
1520616784.868275404 8.737131 2.321343 -0.895532 0.032949 -0.287465 0.324805 0.900433
1520616784.918461561 8.718668 2.322194 -0.841848 0.024346 -0.257066 0.330661 0.907738
1520616784.968463421 8.693283 2.330308 -0.784582 0.013560 -0.226534 0.333525 0.915019
1520616785.018465519 8.669426 2.340997 -0.731126 0.005296 -0.197118 0.336899 0.920660
1520616785.068466425 8.650987 2.346898 -0.680829 -0.003970 -0.166502 0.338932 0.925952
1520616785.118468523 8.629817 2.352441 -0.621748 -0.008670 -0.132877 0.339148 0.931261
1520616785.168469667 8.617387 2.353350 -0.557954 -0.008751 -0.099826 0.342219 0.934261
1520616785.218471527 8.612045 2.337551 -0.492473 -0.009179 -0.063385 0.343197 0.937077
1520616785.268473387 8.565810 2.265247 -0.405910 -0.021883 -0.011782 0.340705 0.939842
1520616785.318474531 8.588100 2.269554 -0.335307 -0.026131 0.015199 0.337716 0.940763
1520616785.368476629 8.600162 2.262841 -0.274896 -0.032455 0.040480 0.339526 0.939164
1520616785.418477774 8.608885 2.275821 -0.224441 -0.036126 0.062903 0.337653 0.938472
1520616785.468479633 8.600022 2.298324 -0.171543 -0.034522 0.085324 0.338195 0.936564
1520616785.518480539 8.608101 2.308665 -0.136664 -0.037996 0.104153 0.339899 0.933904
1520616785.568482637 8.606922 2.345046 -0.079429 -0.030587 0.123422 0.340302 0.931679
1520616785.618483543 8.617501 2.359258 -0.025618 -0.027025 0.143313 0.345276 0.927101
1520616785.668485403 8.629569 2.377617 0.026517 -0.021491 0.163927 0.345178 0.923861
1520616785.718486547 8.653688 2.389209 0.070515 -0.022024 0.187111 0.335373 0.923054
1520616785.768488646 8.677140 2.394562 0.116985 -0.022978 0.208279 0.335485 0.918445
1520616785.818489552 8.703339 2.408798 0.160451 -0.022293 0.229517 0.338457 0.912289
1520616785.868491650 8.727659 2.434621 0.202912 -0.020854 0.251282 0.335702 0.907594
1520616785.918493509 8.773994 2.451044 0.235611 -0.023075 0.274547 0.329327 0.903125
1520616785.968494415 8.825941 2.472766 0.267092 -0.023562 0.301494 0.321233 0.897416
1520616786.018496513 8.874821 2.485540 0.308189 -0.026717 0.333113 0.316290 0.887853
1520616786.068497419 8.913322 2.510030 0.349220 -0.021168 0.363886 0.310354 0.877963
1520616786.118499517 8.954448 2.543553 0.372073 -0.015791 0.395857 0.303178 0.866678
1520616786.168500662 8.999213 2.563974 0.391241 -0.013078 0.430032 0.293532 0.853663
1520616786.218502522 9.063803 2.594135 0.412514 -0.005422 0.463494 0.283331 0.839564
1520616786.268504620 9.112956 2.610959 0.434118 -0.004269 0.494748 0.271103 0.825657
1520616786.318505526 9.166316 2.642529 0.458660 -0.004490 0.529206 0.257327 0.808519
1520616786.368507385 9.222082 2.666556 0.460070 -0.012713 0.562996 0.245652 0.789005
1520616786.418508530 9.277264 2.684190 0.470132 -0.020712 0.593584 0.235821 0.769167
1520616786.468510628 9.319703 2.653998 0.469795 -0.026528 0.618129 0.234786 0.749725
1520616786.518511534 9.380825 2.680994 0.472912 -0.027067 0.642782 0.224905 0.731789
1520616786.568513632 9.445211 2.715090 0.483030 -0.023697 0.666243 0.214433 0.713847
1520616786.618514538 9.499940 2.739110 0.502999 -0.023364 0.685453 0.208940 0.697103
1520616786.668516397 9.552411 2.763238 0.486821 -0.021479 0.698116 0.205643 0.685481
1520616786.718518734 9.625595 2.769896 0.497662 -0.018724 0.710400 0.205634 0.672827
1520616786.768520594 9.672158 2.785016 0.483987 -0.024209 0.719453 0.198880 0.665017
1520616786.818521500 9.745238 2.792937 0.482002 -0.033914 0.729643 0.193081 0.655127
1520616786.868523598 9.817561 2.794050 0.486007 -0.040880 0.738332 0.189186 0.646067
1520616786.918525457 9.885047 2.778364 0.485289 -0.049974 0.744342 0.186399 0.639307
1520616786.967437744 9.940741 2.786402 0.477075 -0.057150 0.749754 0.176414 0.635201
1520616787.017439842 10.002546 2.793414 0.487665 -0.065783 0.757652 0.162472 0.628681
1520616787.067444801 10.066984 2.816588 0.484162 -0.073673 0.765028 0.144432 0.623253
1520616787.117441893 10.136052 2.825709 0.477224 -0.079950 0.770974 0.131479 0.617997
1520616787.167443752 10.193669 2.843613 0.456465 -0.080670 0.776462 0.123796 0.612596
1520616787.217445612 10.238375 2.878826 0.429326 -0.078597 0.785485 0.113641 0.603260
1520616787.267446995 10.287875 2.911820 0.395603 -0.082690 0.796589 0.099728 0.590477
1520616787.317462921 10.358355 2.917641 0.386594 -0.091343 0.809705 0.093578 0.572081
1520616787.365852356 10.409774 2.924404 0.348687 -0.099580 0.818539 0.089733 0.558592
1520616787.415853262 10.468446 2.916789 0.338378 -0.106828 0.831378 0.085828 0.538547
1520616787.465855360 10.534179 2.922313 0.308472 -0.112145 0.844243 0.077381 0.518352
1520616787.515857220 10.546470 2.977090 0.268364 -0.114261 0.853153 0.056274 0.505873
1520616787.565858126 10.633159 2.990124 0.226032 -0.110211 0.862779 0.042517 0.491587
1520616787.615860224 10.682549 3.016119 0.153006 -0.109737 0.865754 0.027027 0.487543
1520616787.665861130 10.750066 3.020498 0.095873 -0.111637 0.868365 0.020994 0.482741
1520616787.715863228 10.796385 3.025714 0.061912 -0.113633 0.869748 0.022499 0.479709
1520616787.764108419 10.847613 3.042455 0.044828 -0.116359 0.871954 0.022796 0.475013
1520616787.814110279 10.912822 3.053945 0.047186 -0.123030 0.874833 0.027536 0.467732
1520616787.864112139 10.985141 3.068296 0.021612 -0.131709 0.874731 0.029668 0.465423
1520616787.914113283 11.039571 3.075090 0.011199 -0.134672 0.875063 0.036087 0.463494
1520616787.964115381 11.088979 3.079817 -0.033862 -0.135207 0.871586 0.033992 0.470001
1520616788.014116287 11.152710 3.085871 -0.065981 -0.130802 0.868462 0.031277 0.477165
1520616788.064118385 11.218071 3.095817 -0.083637 -0.128351 0.865984 0.021970 0.482820
1520616788.114120245 11.278352 3.110880 -0.116520 -0.127031 0.862437 0.008018 0.489900
1520616788.164121151 11.346269 3.131665 -0.132270 -0.123875 0.861689 -0.004320 0.492066
1520616788.212737322 11.397586 3.146232 -0.171330 -0.122275 0.860151 -0.012741 0.495001
1520616788.262739182 11.459504 3.167567 -0.196215 -0.120182 0.863179 -0.018176 0.490049
1520616788.312742472 11.519884 3.177799 -0.232024 -0.121466 0.867532 -0.020233 0.481897
1520616788.362743378 11.576638 3.186121 -0.267784 -0.122633 0.869962 -0.014802 0.477397
1520616788.412744284 11.636020 3.192690 -0.303108 -0.127697 0.870370 -0.008604 0.475474
1520616788.462746382 11.694000 3.204333 -0.332186 -0.132034 0.872294 -0.007977 0.470752
1520616788.512747288 11.747424 3.203157 -0.367719 -0.135794 0.873914 -0.009573 0.466628
1520616788.562749386 11.791943 3.209649 -0.415773 -0.135357 0.872606 -0.012504 0.469128
1520616788.611556530 11.835567 3.218249 -0.454382 -0.134430 0.871069 -0.012881 0.472230
1520616788.661558390 11.885805 3.233116 -0.504666 -0.134087 0.867777 -0.014717 0.478296
1520616788.711559296 11.942369 3.242117 -0.545385 -0.135883 0.865210 -0.013946 0.482445
1520616788.761561394 11.994843 3.271181 -0.589095 -0.136686 0.861097 -0.014776 0.489501
1520616788.811563253 12.053791 3.282580 -0.631814 -0.141912 0.857185 -0.016350 0.494801
1520616788.861564159 12.110573 3.300362 -0.668628 -0.146158 0.853183 -0.018497 0.500374
1520616788.911565304 12.183568 3.317250 -0.685776 -0.148323 0.850529 -0.020200 0.504175
1520616788.961603403 12.240645 3.323942 -0.714800 -0.152785 0.841836 -0.018869 0.517314
1520616789.010904312 12.309958 3.328458 -0.722842 -0.157769 0.834641 -0.017725 0.527417
1520616789.060905218 12.367895 3.328113 -0.744186 -0.165697 0.825227 -0.016263 0.539705
1520616789.110907555 12.425651 3.334684 -0.769546 -0.172321 0.816410 -0.016698 0.550910
1520616789.160908461 12.479452 3.347194 -0.813662 -0.177195 0.806417 -0.022276 0.563735
1520616789.210910320 12.539279 3.368552 -0.847599 -0.180693 0.799269 -0.029721 0.572394
1520616789.260911465 12.597003 3.381224 -0.873976 -0.184022 0.793182 -0.031396 0.579665
1520616789.310913324 12.661418 3.400636 -0.897383 -0.185307 0.790669 -0.034303 0.582518
1520616789.360914230 12.725180 3.412108 -0.926834 -0.187843 0.789077 -0.034467 0.583853
1520616789.411003113 12.784260 3.420005 -0.942026 -0.186890 0.791306 -0.028349 0.581467
1520616789.461005211 12.842951 3.417966 -0.973425 -0.188889 0.788864 -0.023275 0.584357
1520616789.511006355 12.908676 3.423596 -0.983508 -0.189910 0.791744 -0.017432 0.580320
1520616789.561008215 12.968051 3.424856 -1.001388 -0.191889 0.793458 -0.014064 0.577412
1520616789.611009121 13.026620 3.427663 -1.025220 -0.192239 0.792365 -0.013116 0.578818
1520616789.661011219 13.084515 3.435315 -1.042940 -0.192184 0.789644 -0.015880 0.582473
1520616789.711012125 13.149918 3.419062 -1.049313 -0.192491 0.783746 -0.019310 0.590184
1520616789.761014223 13.190232 3.491126 -1.095968 -0.182895 0.774779 -0.034426 0.604221
1520616789.812219858 13.301873 3.489533 -1.026446 -0.184284 0.771193 -0.038033 0.608156
1520616789.862221718 13.365205 3.500003 -1.042181 -0.185293 0.755844 -0.044086 0.626436
1520616789.912223577 13.422465 3.505505 -1.055122 -0.186698 0.739118 -0.046491 0.645514
1520616789.962224722 13.486875 3.512778 -1.067720 -0.189604 0.723939 -0.047611 0.661585
1520616790.012227774 13.547803 3.507245 -1.075494 -0.194903 0.708238 -0.043771 0.677123
1520616790.062228680 13.602724 3.528076 -1.083318 -0.197625 0.691103 -0.037491 0.694201
1520616790.112229824 13.658380 3.537412 -1.087446 -0.204571 0.671294 -0.028952 0.711812
1520616790.162231684 13.717760 3.542433 -1.079114 -0.212863 0.653220 -0.022400 0.726286
1520616790.212306976 13.783985 3.539875 -1.063564 -0.217209 0.635552 -0.019772 0.740610
1520616790.262307882 13.845016 3.558950 -1.060164 -0.216056 0.617815 -0.020643 0.755777
1520616790.312308788 13.894717 3.580047 -1.051347 -0.214826 0.598185 -0.020915 0.771743
1520616790.362311125 13.948887 3.616627 -1.048200 -0.214448 0.578399 -0.026270 0.786623
1520616790.412312984 13.998874 3.640832 -1.036270 -0.215857 0.559627 -0.027951 0.799651
1520616790.462313890 14.052128 3.647788 -1.027247 -0.217656 0.538635 -0.027422 0.813478
1520616790.512315989 14.105055 3.639936 -1.011262 -0.220665 0.515648 -0.025074 0.827518
1520616790.562316895 14.148210 3.637875 -0.980496 -0.220613 0.492025 -0.020634 0.841912
1520616790.612377882 14.194255 3.664987 -0.951256 -0.212556 0.469486 -0.016135 0.856821
1520616790.660989523 14.227865 3.698936 -0.916929 -0.203357 0.448421 -0.012856 0.870287
1520616790.710991621 14.272252 3.693110 -0.892453 -0.201659 0.423804 -0.008956 0.882974
1520616790.760992527 14.313545 3.688747 -0.871104 -0.199167 0.397033 -0.004994 0.895920
1520616790.810994625 14.364281 3.676326 -0.830868 -0.201418 0.369531 0.001782 0.907124
1520616790.860995770 14.404289 3.657206 -0.794798 -0.207935 0.341443 0.011096 0.916546
1520616790.910997629 14.431374 3.681657 -0.771878 -0.206345 0.318166 0.017667 0.925138
1520616790.960998535 14.454992 3.686312 -0.734053 -0.203505 0.297593 0.024939 0.932417
1520616791.011000633 14.493182 3.692312 -0.700755 -0.196109 0.278184 0.035758 0.939615
1520616791.060411215 14.514387 3.703038 -0.665097 -0.184770 0.263297 0.047878 0.945644
1520616791.110412121 14.550769 3.689922 -0.633974 -0.178008 0.244954 0.058491 0.951257
1520616791.160413980 14.577830 3.685682 -0.595368 -0.172203 0.228459 0.066884 0.955866
1520616791.210415125 14.600914 3.693255 -0.554130 -0.163816 0.211409 0.072605 0.960832
1520616791.260417223 14.619349 3.691847 -0.510658 -0.155436 0.195326 0.075176 0.965420
1520616791.310418129 14.638364 3.701493 -0.464711 -0.146393 0.177871 0.074027 0.970284
1520616791.360420227 14.658832 3.719999 -0.421014 -0.140802 0.158165 0.069149 0.974873
1520616791.410422087 14.673109 3.748766 -0.377711 -0.136484 0.136148 0.065887 0.979027
1520616791.460058212 14.678292 3.759641 -0.331561 -0.135456 0.114487 0.062470 0.982162
1520616791.510060310 14.686619 3.775867 -0.282789 -0.133611 0.092427 0.055591 0.985147
1520616791.560062408 14.695083 3.786948 -0.238411 -0.133071 0.070073 0.048495 0.987436
1520616791.610063553 14.690438 3.793856 -0.187972 -0.133981 0.046187 0.047032 0.988789
1520616791.660065413 14.692140 3.806931 -0.142320 -0.133044 0.020104 0.047404 0.989772
1520616791.710066319 14.687966 3.808262 -0.093916 -0.130186 -0.005333 0.047356 0.990344
1520616791.760068417 14.669741 3.835635 -0.052177 -0.119671 -0.028287 0.050226 0.991139
1520616791.810069323 14.673715 3.860193 -0.005670 -0.108336 -0.060246 0.052992 0.990871
1520616791.860033035 14.659010 3.876679 0.036707 -0.095075 -0.091230 0.057293 0.989624
1520616791.910035133 14.642928 3.887061 0.082613 -0.083740 -0.124161 0.061553 0.986804
1520616791.960036278 14.630123 3.899299 0.125528 -0.076858 -0.160745 0.064836 0.981861
1520616792.010038137 14.620111 3.914722 0.173820 -0.071607 -0.198495 0.066570 0.975213
1520616792.060043097 14.597722 3.931374 0.211335 -0.064028 -0.232862 0.069229 0.967927
1520616792.110040188 14.573608 3.947524 0.252884 -0.058193 -0.264407 0.073710 0.959828
1520616792.160047293 14.552145 3.949088 0.284771 -0.057309 -0.299299 0.079318 0.949128
1520616792.210043907 14.533301 3.934874 0.296531 -0.061040 -0.336891 0.083095 0.935881
1520616792.260230064 14.513877 3.934634 0.327531 -0.058081 -0.377523 0.087178 0.920056
1520616792.310152054 14.482525 3.930438 0.357737 -0.053838 -0.412594 0.092017 0.904655
1520616792.360153198 14.443321 3.926606 0.384356 -0.050337 -0.441106 0.097250 0.890749
1520616792.410155058 14.397205 3.921516 0.404615 -0.045753 -0.463796 0.101581 0.878909
1520616792.460155964 14.349306 3.929462 0.429131 -0.039557 -0.483879 0.108238 0.867514
1520616792.510158062 14.310018 3.948449 0.448994 -0.035355 -0.500849 0.111579 0.857584
1520616792.560158968 14.266807 3.949505 0.474281 -0.035613 -0.510344 0.113382 0.851719
1520616792.610161066 14.227300 3.955816 0.502590 -0.037696 -0.512700 0.117170 0.849699
1520616792.660163164 14.188991 3.947907 0.530352 -0.042837 -0.513733 0.122636 0.848059
1520616792.710271358 14.157789 3.949823 0.560637 -0.043589 -0.515772 0.132363 0.845316
1520616792.760273218 14.141498 3.960407 0.599356 -0.041921 -0.515329 0.141037 0.844267
1520616792.810274363 14.096745 3.938118 0.627596 -0.041982 -0.507222 0.155233 0.846679
1520616792.860276222 14.047982 3.920207 0.655705 -0.041903 -0.498058 0.168767 0.849529
1520616792.910277367 14.009645 3.917060 0.682014 -0.041514 -0.492621 0.181894 0.850009
1520616792.960279465 13.981064 3.892600 0.705459 -0.043654 -0.486885 0.197174 0.849800
1520616793.010280371 13.946129 3.866963 0.734163 -0.046371 -0.478492 0.209697 0.851424
1520616793.060282469 13.900216 3.865487 0.770625 -0.046489 -0.469267 0.221714 0.853505
1520616793.110411644 13.857268 3.867925 0.803086 -0.047465 -0.458510 0.233530 0.856142
1520616793.160412550 13.805710 3.846497 0.833478 -0.052681 -0.442807 0.247128 0.860276
1520616793.210414648 13.766960 3.838260 0.863053 -0.059147 -0.428621 0.260131 0.863202
1520616793.260416508 13.732044 3.839310 0.895453 -0.062237 -0.414191 0.265867 0.868267
1520616793.310418606 13.692257 3.837344 0.927879 -0.062908 -0.399619 0.269922 0.873779
1520616793.360419750 13.661085 3.829373 0.967320 -0.066447 -0.386038 0.270564 0.879406
1520616793.410421610 13.617514 3.840447 1.011548 -0.068263 -0.369229 0.270341 0.886524
1520616793.460422516 13.574598 3.833179 1.050189 -0.070412 -0.348805 0.273384 0.893666
1520616793.510510445 13.543127 3.804419 1.087974 -0.075708 -0.328994 0.276603 0.899735
1520616793.560512304 13.514915 3.854176 1.142604 -0.071150 -0.309296 0.277649 0.906744
1520616793.610514641 13.479151 3.843988 1.189769 -0.072611 -0.283060 0.286781 0.912339
1520616793.660515308 13.452690 3.857043 1.240820 -0.071835 -0.253961 0.289556 0.920055
1520616793.710516691 13.439680 3.843939 1.279719 -0.072634 -0.224363 0.299030 0.924644
1520616793.760518551 13.414890 3.861398 1.327979 -0.070568 -0.193903 0.300765 0.931108
1520616793.810520411 13.392938 3.866479 1.374524 -0.073568 -0.158245 0.298383 0.938357
1520616793.860521555 13.382960 3.864686 1.432453 -0.080078 -0.117817 0.296430 0.944371
1520616793.910856009 13.372378 3.868918 1.490613 -0.086005 -0.076370 0.292460 0.949336
1520616793.960752964 13.353662 3.886571 1.554166 -0.089010 -0.035599 0.289529 0.952357
1520616794.010754824 13.342954 3.891339 1.615116 -0.091491 0.005093 0.290065 0.952610
1520616794.060755968 13.346565 3.905737 1.671273 -0.087570 0.042076 0.289558 0.952217
1520616794.110758066 13.348510 3.922525 1.727336 -0.081824 0.080353 0.288990 0.950438
1520616794.160759211 13.359931 3.939554 1.780352 -0.072079 0.115808 0.291736 0.946722
1520616794.210761070 13.366856 3.946893 1.839461 -0.063431 0.149798 0.292680 0.942272
1520616794.260762930 13.374639 3.945042 1.899076 -0.058961 0.188039 0.294405 0.935142
1520616794.310711861 13.417626 3.963330 1.937229 -0.054042 0.217266 0.291768 0.929917
1520616794.360714197 13.447865 3.960976 1.978409 -0.051771 0.249848 0.294336 0.921011
1520616794.410714865 13.482517 3.974115 2.024454 -0.044832 0.282085 0.292054 0.912755
1520616794.460716963 13.498792 3.969973 2.083755 -0.039399 0.321594 0.284646 0.902221
1520616794.510718107 13.530671 3.979178 2.123662 -0.035970 0.362153 0.273992 0.890213
1520616794.560719967 13.561400 3.980449 2.155266 -0.034912 0.402733 0.264855 0.875465
1520616794.610720873 13.598065 3.993405 2.178178 -0.032713 0.443040 0.256084 0.858526
1520616794.660722971 13.643020 4.018362 2.179177 -0.025565 0.478965 0.248691 0.841482
1520616794.710424423 13.682726 4.040836 2.194552 -0.016834 0.523105 0.239392 0.817783
1520616794.760425568 13.714341 4.053437 2.208745 -0.008196 0.567726 0.230107 0.790361
1520616794.810427427 13.756464 4.066805 2.220632 0.001501 0.611426 0.221402 0.759696
1520616794.860428333 13.785924 4.077165 2.228336 0.007626 0.654414 0.206150 0.727452
1520616794.910430670 13.820605 4.078050 2.221901 0.010105 0.695847 0.192214 0.691916
1520616794.960432529 13.858386 4.085806 2.213739 0.011084 0.734500 0.177311 0.654941
1520616795.010434389 13.889598 4.097908 2.193388 0.010241 0.769397 0.162057 0.617787
1520616795.060435534 13.918377 4.103836 2.173795 0.010611 0.801620 0.150372 0.578517
1520616795.110436440 13.949115 4.113297 2.153880 0.017094 0.830273 0.138285 0.539659
1520616795.160324812 13.979069 4.120168 2.137090 0.027388 0.855832 0.126046 0.500914
1520616795.210326672 14.003848 4.124896 2.106285 0.037860 0.877706 0.112144 0.464352
1520616795.260327816 14.033732 4.143187 2.073461 0.043193 0.899246 0.091962 0.425480
1520616795.310329676 14.032133 4.136926 2.034513 0.045361 0.915133 0.079296 0.392665
1520616795.360330582 14.052600 4.142851 2.000864 0.048884 0.930286 0.061240 0.358368
1520616795.410332680 14.087921 4.137364 1.966829 0.046777 0.945706 0.042129 0.318869
1520616795.460333586 14.089623 4.138915 1.922898 0.039064 0.957053 0.026307 0.286063
1520616795.510339737 14.083099 4.129581 1.889414 0.036987 0.966537 0.017968 0.253211
1520616795.560231924 14.089913 4.134370 1.857266 0.035333 0.976565 0.006071 0.212217
1520616795.610234022 14.073137 4.128915 1.810265 0.025354 0.984246 -0.009991 0.174692
1520616795.660234928 14.056199 4.112930 1.763578 0.013618 0.989809 -0.023744 0.139742
1520616795.710237026 14.046778 4.109597 1.725191 0.008170 0.993690 -0.037586 0.105359
1520616795.760237932 14.015937 4.093774 1.687838 -0.002013 0.995848 -0.050843 0.075477
1520616795.810239792 13.991463 4.087180 1.647415 -0.012785 0.996370 -0.069623 0.047278
1520616795.860242128 13.971872 4.060656 1.617755 -0.031162 0.995567 -0.086729 0.018802
1520616795.910242796 13.949674 4.048242 1.578270 -0.045260 0.993520 -0.104257 0.000746
1520616795.960321188 13.919378 4.031830 1.530144 -0.062060 0.990496 -0.122408 -0.009115
1520616796.010322332 13.897737 4.015634 1.491084 -0.079401 0.987220 -0.137496 -0.013700
1520616796.060324192 13.885627 4.005262 1.458926 -0.095163 0.984739 -0.145289 -0.011140
1520616796.110325336 13.868566 3.978982 1.425477 -0.116946 0.982190 -0.147033 -0.002654
1520616796.160327196 13.856885 3.972454 1.389785 -0.140645 0.979439 -0.144369 0.008688
1520616796.210329294 13.858345 3.970629 1.371764 -0.162856 0.977154 -0.134344 0.024499
1520616796.260330439 13.859146 3.973255 1.332816 -0.182074 0.973672 -0.127931 0.049450
1520616796.310332298 13.852514 3.968382 1.299297 -0.204446 0.967814 -0.119217 0.085593
1520616796.360354662 13.860612 3.962347 1.267339 -0.226588 0.960532 -0.108008 0.119880
1520616796.410356760 13.874039 3.972207 1.241151 -0.247770 0.951767 -0.095635 0.153631
1520616796.460357666 13.884312 3.970481 1.212414 -0.269618 0.939864 -0.083382 0.192378
1520616796.510359764 13.899733 3.973840 1.185550 -0.284113 0.928066 -0.072322 0.229659
1520616796.560361862 13.918840 3.948468 1.149148 -0.298858 0.912827 -0.060405 0.271629
1520616796.610362768 13.941373 3.959780 1.114811 -0.301419 0.900626 -0.055461 0.308130
1520616796.660364628 13.969364 3.970914 1.089874 -0.298172 0.891065 -0.048178 0.338786
1520616796.710366726 14.004553 3.982611 1.063765 -0.289586 0.882783 -0.039684 0.367777
1520616796.760537863 14.038367 4.002122 1.039308 -0.278439 0.875413 -0.030679 0.393931
1520616796.810539007 14.077520 4.018063 1.012886 -0.266079 0.868820 -0.022960 0.416925
1520616796.860541105 14.121770 4.039954 0.999362 -0.250517 0.865868 -0.014420 0.432789
1520616796.910542011 14.166161 4.057029 0.986520 -0.231985 0.865515 -0.006495 0.443874
1520616796.960544109 14.218129 4.062548 0.960013 -0.213156 0.865266 -0.003045 0.453730
1520616797.010545969 14.265552 4.065650 0.942637 -0.189932 0.869206 -0.002724 0.456509
1520616797.060546875 14.305533 4.059796 0.915658 -0.162420 0.873806 -0.003269 0.458336
1520616797.110548973 14.341020 4.048082 0.879468 -0.135461 0.877239 -0.001348 0.460543
1520616797.160543442 14.385776 4.034136 0.848415 -0.111041 0.882372 0.002309 0.457258
1520616797.210545301 14.420354 4.012101 0.814027 -0.090785 0.888323 0.010458 0.450034
1520616797.260546207 14.462156 4.008133 0.777138 -0.069529 0.895060 0.014370 0.440257
1520616797.310548306 14.503003 4.018947 0.735819 -0.050019 0.902345 0.015527 0.427821
1520616797.360549212 14.535954 4.024203 0.683091 -0.032907 0.909728 0.012584 0.413708
1520616797.410551071 14.573108 4.027027 0.630918 -0.017482 0.919716 0.008041 0.392114
1520616797.460553408 14.606538 4.023388 0.575343 -0.003597 0.930440 0.005068 0.366391
1520616797.510554314 14.631928 4.018404 0.517041 0.004618 0.941371 -0.002116 0.337336
1520616797.560556173 14.654533 4.007524 0.456090 0.012804 0.950975 -0.007751 0.308904
1520616797.610662460 14.672996 4.009552 0.393473 0.020955 0.959985 -0.015848 0.278815
1520616797.660664558 14.692754 4.003415 0.330839 0.027016 0.969047 -0.022258 0.244382
1520616797.710665464 14.686578 3.994927 0.257696 0.024907 0.977613 -0.030403 0.206709
1520616797.760667562 14.699323 3.991717 0.193186 0.024861 0.985326 -0.039443 0.164192
1520616797.810668707 14.685648 4.026293 0.047866 0.017936 0.989890 -0.056728 0.128759
1520616797.860670567 14.688163 4.003237 0.031604 0.014737 0.994041 -0.066113 0.085408
1520616797.910672426 14.690096 4.014291 -0.042232 0.012558 0.995768 -0.082545 0.038400
1520616797.960673571 14.681243 4.034990 -0.122752 0.000223 0.994704 -0.102598 -0.006105
1520616798.012466431 14.672076 4.010767 -0.191628 -0.011101 0.991842 -0.115987 -0.051702
1520616798.062467575 14.694495 3.987791 -0.245356 -0.020199 0.988024 -0.120509 -0.094227
1520616798.112469673 14.724554 4.016185 -0.338695 -0.029932 0.981241 -0.134061 -0.135272
1520616798.162471533 14.706269 4.013355 -0.396377 -0.041247 0.976164 -0.137922 -0.162420
1520616798.212473392 14.697089 4.027010 -0.468942 -0.051433 0.970042 -0.145880 -0.187330
1520616798.262474537 14.683622 4.020241 -0.516787 -0.061865 0.965692 -0.150997 -0.202021
1520616798.312475443 14.692182 4.011386 -0.565945 -0.075254 0.961471 -0.154113 -0.214849
1520616798.362477779 14.675848 3.995789 -0.613120 -0.091902 0.959519 -0.156643 -0.215270
1520616798.412920237 14.653814 3.981440 -0.661690 -0.110628 0.959320 -0.156730 -0.207129
1520616798.462923050 14.640307 3.959904 -0.716345 -0.131440 0.959675 -0.157589 -0.192130
1520616798.512923241 14.633918 3.951251 -0.770257 -0.154701 0.959643 -0.160185 -0.171737
1520616798.562928200 14.628036 3.933352 -0.825330 -0.177382 0.959569 -0.159154 -0.149777
1520616798.612926006 14.643234 3.921706 -0.882353 -0.199659 0.959347 -0.155347 -0.125125
1520616798.662927151 14.653147 3.905445 -0.941116 -0.215248 0.959839 -0.152986 -0.094727
1520616798.712929010 14.672949 3.879982 -0.991698 -0.228342 0.960861 -0.145088 -0.059636
1520616798.762929916 14.704827 3.869414 -1.049430 -0.243416 0.960062 -0.135849 -0.023989
1520616798.812694788 14.722192 3.867224 -1.106747 -0.256203 0.957927 -0.128679 0.013344
1520616798.862678766 14.735840 3.869366 -1.167473 -0.264985 0.955408 -0.119927 0.050960
1520616798.912680864 14.768619 3.889049 -1.231086 -0.270162 0.952316 -0.112277 0.086610
1520616798.962681770 14.817056 3.887878 -1.282632 -0.271905 0.948975 -0.103723 0.121477
1520616799.012683868 14.844481 3.867236 -1.343529 -0.270951 0.943396 -0.100271 0.162897
1520616799.062685728 14.873826 3.858145 -1.405806 -0.258758 0.939126 -0.101198 0.202104
1520616799.112686634 14.924250 3.875053 -1.448875 -0.240349 0.936562 -0.108378 0.230952
1520616799.162688971 14.973301 3.881144 -1.500872 -0.221102 0.933575 -0.110320 0.259580
1520616799.213303566 15.010101 3.874682 -1.546954 -0.200371 0.929540 -0.105069 0.291149
1520616799.263305902 15.044811 3.883488 -1.597586 -0.173876 0.926641 -0.097959 0.318603
1520616799.313306808 15.073283 3.894536 -1.647755 -0.144565 0.925298 -0.088696 0.339202
1520616799.363308668 15.112066 3.911592 -1.697590 -0.114283 0.926119 -0.083047 0.349781
1520616799.413309813 15.159913 3.919827 -1.749263 -0.086533 0.928658 -0.081592 0.351354
1520616799.463311672 15.195746 3.910973 -1.799186 -0.061872 0.931259 -0.078872 0.350297
1520616799.513313532 15.229923 3.900509 -1.858822 -0.040684 0.932216 -0.081425 0.350268
1520616799.563314676 15.266697 3.885358 -1.921076 -0.020372 0.934015 -0.082462 0.346989
1520616799.613316774 15.297395 3.865328 -1.973754 0.001366 0.936471 -0.083527 0.340650
1520616799.661990404 15.329690 3.848177 -2.025182 0.017777 0.939165 -0.086235 0.331988
1520616799.711991549 15.359642 3.822909 -2.074361 0.035298 0.942601 -0.087006 0.320449
1520616799.761993647 15.390251 3.803919 -2.132977 0.051731 0.946789 -0.088595 0.305068
1520616799.811994553 15.421138 3.790171 -2.182113 0.063832 0.952489 -0.091021 0.283557
1520616799.861996651 15.440525 3.784201 -2.245510 0.071868 0.957416 -0.097082 0.262231
1520616799.911998510 15.458784 3.756541 -2.303799 0.072786 0.963638 -0.098601 0.237449
1520616799.961999416 15.486646 3.748158 -2.361699 0.076826 0.969416 -0.103820 0.208691
1520616800.012001514 15.489109 3.743287 -2.428124 0.080000 0.973941 -0.109502 0.181793
1520616800.061088324 15.493354 3.746297 -2.495228 0.081890 0.977419 -0.118284 0.154774
1520616800.111089230 15.508362 3.673000 -2.545898 0.081633 0.982319 -0.116918 0.121309
1520616800.161091328 15.514778 3.650192 -2.593231 0.083560 0.985147 -0.119020 0.091314
1520616800.211093426 15.521059 3.661985 -2.649879 0.083652 0.986731 -0.126158 0.058724
1520616800.261095285 15.528665 3.637214 -2.717313 0.082954 0.988400 -0.124802 0.024650
1520616800.311096430 15.486871 3.617175 -2.752745 0.072521 0.990588 -0.116054 -0.002780
1520616800.361097336 15.474300 3.613244 -2.806379 0.067622 0.990774 -0.112307 -0.034367
1520616800.411099195 15.473789 3.557750 -2.839493 0.067068 0.990616 -0.101461 -0.062347
1520616800.460901976 15.471550 3.543488 -2.880646 0.066139 0.989199 -0.097628 -0.087066
1520616800.510864019 15.486377 3.502669 -2.917113 0.058567 0.987814 -0.089453 -0.113104
1520616800.560865164 15.443097 3.433982 -2.958375 0.032784 0.988256 -0.081306 -0.125159
1520616800.610867023 15.437965 3.371898 -2.984657 0.012291 0.988017 -0.074260 -0.134746
1520616800.660868883 15.452411 3.354065 -3.013926 -0.004870 0.985916 -0.076762 -0.148503
1520616800.710870028 15.456057 3.316702 -3.051882 -0.030382 0.984557 -0.075994 -0.154757
1520616800.760872126 15.439935 3.257271 -3.091479 -0.065001 0.984178 -0.065412 -0.151296
1520616800.810873270 15.424336 3.242923 -3.126241 -0.094882 0.982837 -0.059399 -0.146632
1520616800.860626221 15.415193 3.204873 -3.169131 -0.123454 0.981124 -0.048669 -0.140664
1520616800.910627365 15.416164 3.179270 -3.204141 -0.149615 0.978770 -0.037684 -0.134923
1520616800.960629225 15.398732 3.130746 -3.240415 -0.182613 0.974280 -0.026115 -0.129416
1520616801.010630131 15.393145 3.122092 -3.292736 -0.204017 0.970987 -0.022288 -0.122737
1520616801.060632467 15.376767 3.129554 -3.348656 -0.223172 0.968156 -0.021995 -0.111282
1520616801.110634327 15.374844 3.123165 -3.400874 -0.240474 0.965356 -0.019965 -0.099304
1520616801.160635233 15.364606 3.129036 -3.462534 -0.256802 0.962539 -0.023292 -0.083839
1520616801.210637331 15.374784 3.132385 -3.517900 -0.270088 0.960024 -0.025884 -0.068828
1520616801.260342836 15.386442 3.124882 -3.580128 -0.282315 0.957738 -0.029078 -0.046802
1520616801.310343981 15.415759 3.113293 -3.644026 -0.291659 0.955804 -0.029804 -0.022013
1520616801.360344887 15.433967 3.108256 -3.700124 -0.296346 0.954533 -0.031880 0.005434
1520616801.410346746 15.466859 3.106210 -3.749624 -0.296351 0.954042 -0.029526 0.033290
1520616801.460349083 15.490871 3.106918 -3.801651 -0.296104 0.952678 -0.024961 0.064063
1520616801.510349989 15.531605 3.128196 -3.854613 -0.289136 0.952311 -0.018937 0.095634
1520616801.560352802 15.558459 3.153333 -3.905224 -0.281056 0.951049 -0.008847 0.128198
1520616801.610353947 15.585727 3.155698 -3.939111 -0.269889 0.949452 0.007489 0.160138
1520616801.660317421 15.626192 3.176556 -3.974054 -0.254292 0.947877 0.022832 0.190641
1520616801.710319519 15.652881 3.211991 -4.021682 -0.233455 0.945955 0.030645 0.223001
1520616801.760321379 15.699557 3.255712 -4.072707 -0.214672 0.944077 0.033104 0.248072
1520616801.810322523 15.724693 3.278770 -4.117309 -0.197487 0.939533 0.035435 0.277526
1520616801.860323429 15.775140 3.296949 -4.146857 -0.177046 0.935798 0.038278 0.302442
1520616801.910325527 15.813624 3.316615 -4.181930 -0.155127 0.930466 0.042776 0.329150
1520616801.960326433 15.856131 3.325690 -4.202578 -0.141096 0.922358 0.055991 0.355264
1520616802.010328531 15.893786 3.339667 -4.238462 -0.131980 0.913693 0.068637 0.378200
1520616802.060329676 15.942468 3.346512 -4.264914 -0.124701 0.907336 0.081023 0.393224
1520616802.110533476 15.989346 3.356715 -4.293666 -0.114859 0.903952 0.088245 0.402357
1520616802.160471439 16.028973 3.396618 -4.326931 -0.099434 0.904522 0.081782 0.406527
1520616802.210473299 16.068574 3.397279 -4.345611 -0.082234 0.905871 0.079971 0.407725
1520616802.260475159 16.086030 3.415122 -4.385041 -0.065897 0.906973 0.067815 0.410436
1520616802.310476303 16.100000 3.415536 -4.421664 -0.055712 0.909389 0.063444 0.407286
1520616802.360478401 16.125699 3.424322 -4.462944 -0.044636 0.912710 0.058914 0.401866
1520616802.410479546 16.167761 3.438960 -4.498191 -0.032002 0.916723 0.062604 0.393287
1520616802.460481405 16.201825 3.446761 -4.537482 -0.022276 0.919777 0.075702 0.384426
1520616802.510607958 16.239671 3.463343 -4.570091 -0.012768 0.925440 0.088722 0.368138
1520616802.560610056 16.278155 3.459934 -4.612424 -0.003713 0.932117 0.101236 0.347701
1520616802.610610962 16.314353 3.476438 -4.654401 0.011454 0.938604 0.104176 0.328693
1520616802.660613060 16.331128 3.479169 -4.700631 0.025946 0.943795 0.105785 0.312069
1520616802.710615158 16.361935 3.492031 -4.746126 0.044692 0.949221 0.101318 0.294476
1520616802.760616064 16.388246 3.501881 -4.797993 0.062403 0.954510 0.093483 0.276182
1520616802.810617924 16.412855 3.507446 -4.850157 0.079225 0.959672 0.085946 0.255669
1520616802.860619068 16.445223 3.515813 -4.902339 0.095290 0.964894 0.077837 0.232038
1520616802.911119223 16.471645 3.511116 -4.950380 0.107920 0.969474 0.075013 0.206993
1520616802.961120129 16.489950 3.511297 -5.014306 0.117292 0.973999 0.070308 0.180624
1520616803.011122227 16.503052 3.524305 -5.076000 0.122749 0.978600 0.062326 0.152939
1520616803.061124086 16.498885 3.543335 -5.143506 0.132437 0.980627 0.051473 0.134842
1520616803.111126184 16.489408 3.530170 -5.177777 0.139341 0.983021 0.043223 0.111289
1520616803.161127329 16.494190 3.524744 -5.239888 0.144950 0.985629 0.032115 0.080578
1520616803.211128235 16.491958 3.524260 -5.305388 0.148696 0.987534 0.018511 0.048196
1520616803.261130333 16.488949 3.530496 -5.366558 0.150457 0.988470 0.004259 0.016486
1520616803.311525583 16.478244 3.521641 -5.421284 0.153924 0.987995 -0.009200 -0.009367
1520616803.361527443 16.385614 3.557405 -5.453483 0.149027 0.988249 -0.028749 -0.018143
1520616803.411528349 16.389651 3.555656 -5.518093 0.147486 0.986481 -0.049363 -0.051633
1520616803.461529493 16.388816 3.545764 -5.572634 0.146671 0.983293 -0.068686 -0.083093
1520616803.511531353 16.378827 3.538842 -5.631927 0.146228 0.979076 -0.086943 -0.111664
1520616803.561533213 16.368214 3.525136 -5.685269 0.146541 0.973416 -0.100403 -0.144589
1520616803.611534357 16.351802 3.516684 -5.732246 0.145447 0.966413 -0.111525 -0.180148
1520616803.661536455 16.340106 3.494875 -5.776528 0.151479 0.956962 -0.120893 -0.216016
1520616803.710872173 16.317844 3.483695 -5.817988 0.156344 0.946336 -0.131799 -0.250269
1520616803.760961056 16.284974 3.473086 -5.861047 0.164126 0.933358 -0.144030 -0.284887
1520616803.810874939 16.248839 3.466670 -5.885519 0.169425 0.920824 -0.156993 -0.314216
1520616803.860877037 16.212780 3.457939 -5.921481 0.172899 0.905262 -0.172671 -0.347551
1520616803.910877943 16.181998 3.449702 -5.942621 0.175305 0.889842 -0.187217 -0.377358
1520616803.960880041 16.137502 3.446118 -5.956748 0.174994 0.875329 -0.200494 -0.403707
1520616804.010881186 16.087638 3.435220 -5.966580 0.178503 0.855486 -0.212558 -0.437149
1520616804.060883045 16.038839 3.414916 -5.969826 0.182130 0.834511 -0.218813 -0.471742
1520616804.110661030 16.000140 3.399510 -5.970982 -0.187500 -0.809355 0.228337 0.507592
1520616804.160663128 15.969083 3.390068 -5.956236 -0.190388 -0.781688 0.237844 0.544194
1520616804.210664034 15.924855 3.376756 -5.960016 -0.189016 -0.746890 0.252624 0.585328
1520616804.260665894 15.874137 3.373126 -5.952202 -0.186592 -0.705837 0.268556 0.628375
1520616804.310668230 15.838499 3.367310 -5.939822 -0.182623 -0.662037 0.285374 0.668519
1520616804.360669136 15.799777 3.364927 -5.915956 -0.173231 -0.616620 0.303078 0.705631
1520616804.410670996 15.772788 3.369792 -5.885733 -0.164038 -0.568075 0.319555 0.740450
1520616804.460673094 15.749431 3.370835 -5.856033 -0.158505 -0.515957 0.335103 0.772250
1520616804.510674000 15.732631 3.374219 -5.822628 -0.151953 -0.463027 0.348921 0.800482
1520616804.560965538 15.714308 3.391574 -5.786935 -0.145879 -0.408008 0.361315 0.825651
1520616804.610967398 15.715213 3.393205 -5.752112 -0.148041 -0.352925 0.368781 0.847070
1520616804.660969496 15.725551 3.411007 -5.721820 -0.152174 -0.301494 0.377573 0.862197
1520616804.710970402 15.721279 3.435900 -5.749354 -0.154217 -0.246111 0.381062 0.877746
1520616804.760972500 15.702363 3.454892 -5.714427 -0.152042 -0.195972 0.378906 0.891576
1520616804.810974598 15.715517 3.471404 -5.671458 -0.148569 -0.154833 0.371444 0.903318
1520616804.860975504 15.732760 3.493577 -5.622657 -0.141281 -0.120664 0.362324 0.913346
1520616804.910977364 15.753031 3.518931 -5.576948 -0.132560 -0.090148 0.348768 0.923397
1520616804.961272955 15.769216 3.551026 -5.523019 -0.121039 -0.062708 0.333684 0.932777
1520616805.011274099 15.797136 3.573308 -5.478811 -0.113227 -0.038347 0.314192 0.941803
1520616805.061275005 15.825653 3.599623 -5.432429 -0.103476 -0.019014 0.296343 0.949269
1520616805.111277103 15.849438 3.617446 -5.389122 -0.093278 -0.001914 0.277114 0.956297
1520616805.161278963 15.874970 3.634897 -5.342285 -0.079029 0.009759 0.254461 0.963799
1520616805.211279869 15.898564 3.645854 -5.300654 -0.065907 0.016811 0.229574 0.970912
1520616805.261281013 15.918295 3.646810 -5.255416 -0.052153 0.019073 0.207241 0.976713
1520616805.311283112 15.930446 3.647115 -5.211142 -0.036523 0.015315 0.187006 0.981560
1520616805.361480713 15.936498 3.646080 -5.168762 -0.023995 0.009735 0.165945 0.985795
1520616805.411481619 15.938745 3.652482 -5.121551 -0.010182 -0.000668 0.144632 0.989433
1520616805.461483955 15.960790 3.645904 -5.065710 0.002747 -0.018752 0.118333 0.992793
1520616805.511484861 15.949612 3.643132 -5.024351 0.015493 -0.036317 0.097543 0.994448
1520616805.561486721 15.944089 3.631500 -4.981289 0.030527 -0.062429 0.073848 0.994845
1520616805.611487865 15.938081 3.614224 -4.940630 0.045248 -0.093769 0.050619 0.993276
1520616805.661489725 15.914411 3.599898 -4.912261 0.058799 -0.126525 0.028906 0.989797
1520616805.711490631 15.909641 3.561558 -4.871933 0.073443 -0.163515 0.005662 0.983787
1520616805.761116028 15.897914 3.533672 -4.799657 0.086486 -0.210011 -0.000831 0.973866
1520616805.811116934 15.862982 3.525992 -4.774627 0.096587 -0.249546 0.003471 0.963528
1520616805.861118793 15.834365 3.502410 -4.755591 0.100534 -0.293371 0.013699 0.950599
1520616805.911120892 15.791300 3.501430 -4.726404 0.105988 -0.341458 0.032874 0.933323
1520616805.961121798 15.743665 3.498971 -4.715373 0.104474 -0.385066 0.056636 0.915206
1520616806.011123896 15.700675 3.500679 -4.707202 0.099517 -0.427035 0.084783 0.894734
1520616806.061125040 15.657509 3.494543 -4.696412 0.092494 -0.463971 0.111380 0.873940
1520616806.111126900 15.611664 3.487521 -4.673161 0.086804 -0.495039 0.136120 0.853741
1520616806.160843372 15.575184 3.477377 -4.657302 0.076254 -0.519869 0.162290 0.835214
1520616806.210845232 15.531234 3.467187 -4.656491 0.064583 -0.538184 0.188895 0.818844
1520616806.260847569 15.497316 3.447243 -4.647304 0.051492 -0.558665 0.211191 0.800400
1520616806.310848236 15.459386 3.433725 -4.631102 0.041353 -0.573954 0.232601 0.784069
1520616806.360850334 15.424260 3.418278 -4.612969 0.029719 -0.579170 0.252236 0.774633
1520616806.410852432 15.378287 3.407721 -4.610177 0.016911 -0.577522 0.277376 0.767623
1520616806.460854292 15.334257 3.397272 -4.586114 0.001868 -0.569855 0.301786 0.764321
1520616806.510855198 15.304611 3.383006 -4.545018 -0.014484 -0.560688 0.323776 0.761963
1520616806.560827017 15.268347 3.362106 -4.518328 -0.029215 -0.541836 0.340814 0.767728
1520616806.610829115 15.228102 3.342115 -4.471807 -0.039558 -0.519693 0.354987 0.776105
1520616806.660830021 15.187107 3.332513 -4.431625 -0.047309 -0.490812 0.368548 0.788060
1520616806.710831881 15.154448 3.312915 -4.379183 -0.058874 -0.459278 0.380832 0.800353
1520616806.760833025 15.117675 3.299800 -4.330053 -0.068657 -0.429165 0.394312 0.809704
1520616806.810835123 15.091289 3.281171 -4.275349 -0.081401 -0.396677 0.405871 0.819323
1520616806.860836029 15.055477 3.274847 -4.217130 -0.090616 -0.360889 0.416646 0.829430
1520616806.910838127 15.034528 3.259105 -4.151174 -0.099823 -0.320632 0.420276 0.842970
1520616806.960839033 15.017534 3.251193 -4.084847 -0.103961 -0.284017 0.422477 0.854424
1520616807.011441469 15.007926 3.244109 -4.045358 -0.108927 -0.244823 0.422138 0.866023
1520616807.061438560 14.976933 3.242772 -3.983200 -0.102309 -0.207901 0.421089 0.876923
1520616807.111439466 14.949949 3.233420 -3.918691 -0.102417 -0.170014 0.417263 0.886847
1520616807.161441326 14.948089 3.233314 -3.853524 -0.096889 -0.138355 0.409782 0.896409
1520616807.211442471 14.941575 3.214661 -3.791066 -0.097374 -0.105574 0.401654 0.904459
1520616807.261444330 14.913521 3.193546 -3.722608 -0.096221 -0.069258 0.391465 0.912524
1520616807.311445713 14.830429 3.187170 -3.658130 -0.089301 -0.027093 0.378187 0.921013
1520616807.361447573 14.831229 3.207871 -3.609334 -0.077886 -0.000517 0.360502 0.929501
1520616807.413039207 14.704221 3.139876 -3.649827 -0.078738 0.043783 0.361197 0.928127
1520616807.463041067 14.699696 3.116855 -3.586650 -0.073735 0.070962 0.348121 0.931847
1520616807.513043404 14.710806 3.075375 -3.510287 -0.077280 0.099375 0.341394 0.931452
1520616807.563044310 14.728271 2.983411 -3.418434 -0.093449 0.132717 0.343976 0.924843
1520616807.613046169 14.780954 2.828917 -3.346962 -0.127129 0.161671 0.359960 0.910016
1520616807.663047314 14.801493 2.831338 -3.294471 -0.130362 0.189939 0.362197 0.903184
1520616807.713049173 14.800314 2.855720 -3.230455 -0.123449 0.226375 0.362994 0.895405
1520616807.763050318 14.831696 2.873508 -3.183164 -0.123850 0.257995 0.355953 0.889605
1520616807.811882734 14.863845 2.895323 -3.139810 -0.125876 0.286525 0.343226 0.885581
1520616807.861885071 14.884813 2.931425 -3.097091 -0.125153 0.313424 0.337923 0.878584
1520616807.911885977 14.905704 2.954639 -3.058805 -0.130602 0.343142 0.329923 0.869683
1520616807.961887836 14.931917 2.970685 -3.019894 -0.139539 0.372672 0.322224 0.858962
1520616808.011888981 14.968346 3.009161 -2.990720 -0.140245 0.401829 0.316458 0.847773
1520616808.061890841 15.004783 3.025632 -2.962399 -0.139899 0.431807 0.311245 0.834924
1520616808.111892939 15.045100 3.052188 -2.929404 -0.129041 0.459734 0.306999 0.823252
1520616808.161895037 15.090828 3.062638 -2.909127 -0.125711 0.484646 0.302483 0.811060
1520616808.211580515 15.132428 3.061763 -2.890157 -0.129341 0.506958 0.304006 0.796144
1520616808.261582375 15.126701 3.086080 -2.834217 -0.123850 0.538911 0.305049 0.775358
1520616808.311583281 15.164642 3.087524 -2.840014 -0.137016 0.559107 0.300122 0.760626
1520616808.361584425 15.266854 3.172626 -2.884174 -0.131731 0.556827 0.286511 0.768442
1520616808.411588430 15.306515 3.245349 -2.808073 -0.111328 0.576036 0.288877 0.756531
1520616808.461588383 15.355560 3.268942 -2.787617 -0.107721 0.593279 0.287646 0.744095
1520616808.511589527 15.407046 3.292292 -2.769709 -0.104709 0.614848 0.280242 0.729700
1520616808.561590433 15.463716 3.307260 -2.778410 -0.108391 0.635016 0.267341 0.716613
1520616808.612308502 15.521287 3.333823 -2.775375 -0.104551 0.657075 0.255151 0.701584
1520616808.662310839 15.583114 3.367418 -2.772736 -0.102572 0.677588 0.244413 0.686014
1520616808.712311745 15.696417 3.406722 -2.808536 -0.101069 0.698267 0.234258 0.668829
1520616808.762313604 15.793761 3.421289 -2.847979 -0.110509 0.717000 0.214790 0.653884
1520616808.812314749 15.856465 3.464585 -2.908803 -0.108372 0.730929 0.192890 0.645594
1520616808.862316608 15.916833 3.488655 -2.921981 -0.115725 0.746378 0.168301 0.633405
1520616808.912317514 15.976399 3.507628 -2.941506 -0.127287 0.764698 0.145597 0.614684
1520616808.962319613 16.035245 3.521849 -2.964692 -0.138989 0.780558 0.129040 0.595617
1520616809.012320518 16.095332 3.543665 -2.986093 -0.139955 0.798120 0.116595 0.574302
1520616809.065271139 16.146003 3.569630 -2.991138 -0.137942 0.814762 0.106068 0.553068
1520616809.115273237 16.153511 3.582633 -3.047383 -0.133120 0.824243 0.095958 0.541935
1520616809.165274143 16.204039 3.603734 -3.072070 -0.132427 0.833372 0.079017 0.530764
1520616809.215276241 16.259774 3.624502 -3.103136 -0.129517 0.840230 0.065162 0.522487
1520616809.265277386 16.305554 3.651398 -3.140076 -0.124938 0.845158 0.050910 0.517211
1520616809.315279245 16.367442 3.659296 -3.166967 -0.130475 0.848576 0.046635 0.510608
1520616809.365281105 16.421191 3.673571 -3.191427 -0.140486 0.850939 0.047541 0.503891
1520616809.415282249 16.451863 3.677475 -3.229990 -0.146965 0.850230 0.051289 0.502872
1520616809.468603849 16.518956 3.696665 -3.250759 -0.155215 0.850697 0.049040 0.499818
1520616809.518604994 16.568873 3.703801 -3.279010 -0.159362 0.848976 0.047129 0.501619
1520616809.568606853 16.621370 3.718326 -3.306881 -0.160408 0.847850 0.038279 0.503938
1520616809.618608713 16.685225 3.724100 -3.337395 -0.166842 0.845180 0.027424 0.507033
1520616809.668609858 16.743944 3.738404 -3.358805 -0.171303 0.844939 0.012819 0.506527
1520616809.718611717 16.803658 3.753447 -3.390887 -0.174763 0.844774 0.004216 0.505765
1520616809.768612623 16.863665 3.769204 -3.427260 -0.179264 0.847061 -0.004082 0.500336
1520616809.818614960 16.909712 3.785869 -3.474956 -0.190876 0.847875 -0.012874 0.494478
1520616809.869241476 16.968413 3.792365 -3.504694 -0.200721 0.850373 -0.013372 0.486208
1520616809.919243574 17.021842 3.789948 -3.538317 -0.209029 0.850772 -0.012293 0.482020
1520616809.969247580 17.077405 3.799815 -3.566754 -0.213319 0.853669 -0.014424 0.474906
1520616810.019246340 17.127896 3.814639 -3.599946 -0.212504 0.855739 -0.015120 0.471512
1520616810.069248676 17.178482 3.848185 -3.646970 -0.205781 0.857698 -0.018940 0.470797
1520616810.119249582 17.216220 3.884621 -3.713041 -0.197711 0.857978 -0.023712 0.473521
1520616810.169250727 17.262546 3.877687 -3.745996 -0.198590 0.857814 -0.024598 0.473406
1520616810.219252586 17.324243 3.876914 -3.766620 -0.199306 0.858429 -0.025527 0.471938
1520616810.269254446 17.372790 3.897295 -3.782650 -0.193957 0.859341 -0.022297 0.472669
1520616810.319278479 17.451693 3.867086 -3.808015 -0.197708 0.854752 -0.019357 0.479516
1520616810.369257450 17.498934 3.886311 -3.853298 -0.191608 0.852033 -0.016686 0.486875
1520616810.419258356 17.563076 3.897046 -3.871188 -0.195319 0.850364 -0.017599 0.488284
1520616810.469260693 17.601609 3.939016 -3.901379 -0.191310 0.848903 -0.017412 0.492404
1520616810.519261599 17.647328 3.962777 -3.933537 -0.190439 0.845695 -0.011782 0.498392
1520616810.569263458 17.698831 3.974869 -3.954852 -0.192588 0.842670 -0.006796 0.502763
1520616810.619264603 17.751491 3.993118 -3.981019 -0.193454 0.839117 -0.003510 0.508376
1520616810.669266462 17.805737 4.018430 -4.005053 -0.194594 0.836661 -0.003408 0.511976
1520616810.719268560 17.866942 4.043905 -4.027282 -0.195754 0.836244 -0.004709 0.512205
1520616810.769269705 17.928638 4.055107 -4.052404 -0.197221 0.836204 -0.007140 0.511680
1520616810.819271564 17.980849 4.084292 -4.083340 -0.194026 0.839088 -0.013531 0.508038
1520616810.869272709 18.036547 4.095933 -4.096392 -0.194319 0.843279 -0.016879 0.500834
1520616810.919274569 18.094395 4.119211 -4.129960 -0.193868 0.843384 -0.016549 0.500845
1520616810.969275475 18.145467 4.130564 -4.144821 -0.202770 0.842221 -0.018108 0.499219
1520616811.019277573 18.206188 4.144940 -4.166609 -0.213103 0.843646 -0.017214 0.492496
1520616811.069279671 18.258845 4.167456 -4.184200 -0.219868 0.844111 -0.015833 0.488758
1520616811.119280577 18.313600 4.193072 -4.187869 -0.225987 0.843054 -0.022043 0.487548
1520616811.169282675 18.365783 4.204938 -4.216314 -0.230219 0.838241 -0.029283 0.493450
1520616811.219283581 18.421332 4.219665 -4.255197 -0.232161 0.831514 -0.040099 0.503069
1520616811.269285440 18.470396 4.226998 -4.290901 -0.233892 0.823180 -0.049610 0.514984
1520616811.319287539 18.536889 4.241713 -4.304015 -0.238937 0.814054 -0.062177 0.525698
1520616811.369288445 18.594407 4.252770 -4.330742 -0.241979 0.804199 -0.074223 0.537775
1520616811.419290543 18.670400 4.270016 -4.352695 -0.252341 0.792826 -0.078632 0.549152
1520616811.469291687 18.729276 4.291158 -4.379922 -0.262336 0.780395 -0.084321 0.561296
1520616811.519293547 18.789548 4.295181 -4.393659 -0.273644 0.767875 -0.086726 0.572683
1520616811.569294453 18.844405 4.312982 -4.410838 -0.276657 0.754968 -0.091510 0.587461
1520616811.619296551 18.911104 4.322654 -4.421334 -0.284682 0.738842 -0.098044 0.602873
1520616811.669297457 18.975500 4.340454 -4.433663 -0.290482 0.722664 -0.106306 0.618123
1520616811.719299316 19.036315 4.366433 -4.450127 -0.294058 0.708002 -0.114336 0.631815
1520616811.769301653 19.098142 4.384820 -4.469537 -0.299290 0.691936 -0.123710 0.645248
1520616811.819302559 19.160464 4.404830 -4.463864 -0.303110 0.680196 -0.129092 0.654823
1520616811.869304657 19.225235 4.430473 -4.464788 -0.305703 0.667059 -0.138003 0.665231
1520616811.918231964 19.284167 4.459297 -4.465034 -0.302620 0.656460 -0.144195 0.675788
1520616811.968276024 19.351322 4.468249 -4.446349 -0.302679 0.643501 -0.146041 0.687724
1520616812.018234968 19.410569 4.481013 -4.437378 -0.305011 0.627259 -0.150414 0.700635
1520616812.068236828 19.473974 4.495557 -4.423498 -0.308731 0.610299 -0.156521 0.712546
1520616812.118237972 19.534888 4.516438 -4.409950 -0.311331 0.594149 -0.159579 0.724289
1520616812.168240070 19.591979 4.535356 -4.394194 -0.314234 0.574586 -0.160717 0.738429
1520616812.218241215 19.650386 4.566034 -4.382594 -0.312042 0.553500 -0.160858 0.755243
1520616812.268243074 19.705067 4.587920 -4.358077 -0.311893 0.533192 -0.157517 0.770466
1520616812.317203283 19.769503 4.603458 -4.343925 -0.309939 0.511786 -0.155029 0.786116
1520616812.367204189 19.827193 4.627388 -4.324141 -0.303562 0.491960 -0.150404 0.802000
1520616812.417206287 19.879776 4.651212 -4.298822 -0.295007 0.474085 -0.146420 0.816563
1520616812.467207193 19.934318 4.688232 -4.285860 -0.282832 0.455344 -0.143719 0.831873
1520616812.517209291 19.976101 4.727122 -4.250980 -0.271116 0.438062 -0.139331 0.845686
1520616812.567210436 20.020634 4.763519 -4.221014 -0.264248 0.419293 -0.129893 0.858775
1520616812.617212296 20.053931 4.807724 -4.189308 -0.264679 0.397206 -0.119188 0.870613
1520616812.667214155 20.088623 4.845772 -4.154155 -0.270732 0.375132 -0.110591 0.879630
1520616812.715496540 20.121802 4.897860 -4.127239 -0.274856 0.353482 -0.104175 0.888061
1520616812.765498400 20.154166 4.922545 -4.095221 -0.280210 0.331223 -0.102420 0.895144
1520616812.815499544 20.179951 4.954181 -4.059088 -0.280114 0.310982 -0.097224 0.902981
1520616812.865501642 20.202603 4.977906 -4.031435 -0.277676 0.292201 -0.093093 0.910411
1520616812.915502787 20.230882 5.007833 -3.995617 -0.272583 0.272957 -0.085729 0.918609
1520616812.965504646 20.242835 5.038701 -3.959151 -0.265752 0.258300 -0.074332 0.925814
1520616813.015506506 20.254738 5.063896 -3.918010 -0.262829 0.244367 -0.054545 0.931789
1520616813.065507650 20.253096 5.091595 -3.867748 -0.256646 0.231637 -0.031941 0.937794
1520616813.112667322 20.276963 5.107502 -3.821192 -0.248371 0.215656 -0.012802 0.944267
1520616813.162669182 20.289470 5.127067 -3.768882 -0.238538 0.201902 0.012552 0.949830
1520616813.212670326 20.292044 5.147544 -3.711595 -0.229402 0.189976 0.038050 0.953853
1520616813.262672186 20.291368 5.172562 -3.658449 -0.220284 0.179993 0.064327 0.956525
1520616813.312673092 20.291848 5.199736 -3.604487 -0.209601 0.168746 0.089310 0.958966
1520616813.362675190 20.292582 5.228528 -3.553982 -0.204940 0.159257 0.113269 0.959066
1520616813.412676096 20.292864 5.258981 -3.503022 -0.203789 0.151654 0.138621 0.957212
1520616813.462678194 20.296595 5.284968 -3.451592 -0.205154 0.145495 0.166907 0.953355
1520616813.511425018 20.285031 5.294756 -3.398427 -0.211047 0.142277 0.196876 0.946814
1520616813.561427116 20.290227 5.308481 -3.343087 -0.218190 0.138544 0.222291 0.940099
1520616813.611492872 20.279145 5.315592 -3.287919 -0.227210 0.134666 0.240366 0.934058
1520616813.661430120 20.273083 5.326988 -3.232493 -0.232209 0.129426 0.257834 0.928897
1520616813.711431026 20.270058 5.337111 -3.176598 -0.235108 0.125134 0.271905 0.924734
1520616813.761432886 20.273400 5.338471 -3.114455 -0.240263 0.121574 0.281971 0.920861
1520616813.811434031 20.269157 5.336456 -3.055276 -0.243390 0.122805 0.291756 0.916820
1520616813.861435890 20.276251 5.338925 -2.992986 -0.240640 0.123883 0.300988 0.914413
1520616813.911437988 20.280545 5.326869 -2.931050 -0.235769 0.124662 0.308206 0.913171
1520616813.961328983 20.279873 5.336041 -2.862947 -0.219198 0.125736 0.314610 0.914966
1520616814.011330843 20.295311 5.342922 -2.796162 -0.202781 0.121747 0.317007 0.918457
1520616814.061331987 20.305863 5.329038 -2.723235 -0.183964 0.119877 0.318243 0.922230
1520616814.111334085 20.321814 5.328680 -2.657379 -0.158861 0.122986 0.319014 0.926211
1520616814.161334991 20.355051 5.328284 -2.596855 -0.135483 0.124818 0.318208 0.929951
1520616814.211337090 20.375242 5.301353 -2.536892 -0.118909 0.127752 0.316282 0.932473
1520616814.261338949 20.400954 5.296889 -2.476785 -0.105195 0.128037 0.316301 0.934074
1520616814.311339855 20.434615 5.294123 -2.417602 -0.096875 0.124438 0.321659 0.933630
1520616814.361090660 20.459896 5.288008 -2.357248 -0.094652 0.121067 0.328081 0.932066
1520616814.411091566 20.493248 5.293630 -2.304976 -0.091152 0.115148 0.332785 0.931497
1520616814.461093426 20.530464 5.308513 -2.258727 -0.084594 0.105415 0.333931 0.932857
1520616814.511094570 20.563761 5.335218 -2.219897 -0.073007 0.090108 0.328502 0.937356
1520616814.561096430 20.584683 5.356431 -2.168043 -0.063031 0.080018 0.317405 0.942803
1520616814.611098528 20.623737 5.372884 -2.123599 -0.056923 0.068543 0.303677 0.948600
1520616814.661100626 20.659461 5.402349 -2.079464 -0.050230 0.063972 0.289333 0.953767
1520616814.711101532 20.679349 5.438882 -2.033054 -0.043258 0.064002 0.273142 0.958867
1520616814.760954142 20.723038 5.468151 -1.998801 -0.045012 0.058990 0.261402 0.962374
1520616814.810956478 20.746072 5.503910 -1.961735 -0.048123 0.053401 0.248840 0.965873
1520616814.860958338 20.774520 5.543857 -1.928141 -0.053760 0.046948 0.238429 0.968534
1520616814.910959244 20.800605 5.588816 -1.893952 -0.062747 0.043197 0.225289 0.971309
1520616814.960960388 20.815369 5.640971 -1.869701 -0.066295 0.044961 0.206697 0.975120
1520616815.010962248 20.841001 5.696928 -1.835431 -0.071686 0.045190 0.192769 0.977578
1520616815.060964108 20.850941 5.745154 -1.799062 -0.075894 0.045419 0.182792 0.979165
1520616815.110965252 20.856489 5.787759 -1.760139 -0.081810 0.047667 0.179285 0.979230
1520616815.160938740 20.870845 5.844227 -1.721299 -0.085259 0.049614 0.171886 0.980166
1520616815.210939646 20.877496 5.886796 -1.677302 -0.091923 0.054637 0.166941 0.980151
1520616815.261025906 20.905716 5.959986 -1.652706 -0.095048 0.046597 0.168775 0.979954
1520616815.310942888 20.914101 5.992418 -1.614385 -0.109230 0.036667 0.176076 0.977610
1520616815.360944748 20.901739 6.048866 -1.589975 -0.118627 0.025255 0.183368 0.975534
1520616815.410945892 20.859158 6.059974 -1.543764 -0.132254 0.021247 0.189030 0.972792
1520616815.460947752 20.821647 6.103487 -1.503499 -0.138329 0.011018 0.190808 0.971769
1520616815.510949612 20.799005 6.122970 -1.468024 -0.149303 -0.007744 0.189413 0.970449
1520616815.560867310 20.742283 6.169460 -1.447753 -0.149649 -0.030121 0.195813 0.968687
1520616815.610869646 20.710565 6.170427 -1.413350 -0.161001 -0.052428 0.194186 0.966241
1520616815.660870552 20.660885 6.212652 -1.382628 -0.155153 -0.079263 0.198585 0.964473
1520616815.710872412 20.552931 6.223769 -1.352064 -0.147170 -0.092825 0.203777 0.963431
1520616815.760873556 20.514834 6.220557 -1.309368 -0.137917 -0.122057 0.206155 0.961031
1520616815.810875416 20.475190 6.197727 -1.268224 -0.129703 -0.156279 0.215187 0.955222
1520616815.860877514 20.482620 6.170214 -1.205406 -0.120525 -0.204457 0.219812 0.946231
1520616815.910878658 20.452000 6.140236 -1.174251 -0.109124 -0.242497 0.229777 0.936210
1520616815.960880518 20.421021 6.103394 -1.146453 -0.100586 -0.276713 0.239490 0.925179
1520616816.011795282 20.421996 6.035766 -1.118742 -0.108147 -0.310562 0.250570 0.910533
1520616816.061797142 20.360202 5.997381 -1.120815 -0.110143 -0.332659 0.258306 0.900269
1520616816.111799479 20.327261 5.989846 -1.105136 -0.105743 -0.363942 0.261199 0.887772
1520616816.161800385 20.301039 5.963882 -1.070341 -0.102785 -0.393940 0.258406 0.876055
1520616816.211802244 20.275868 5.928401 -1.043209 -0.089071 -0.419824 0.253970 0.866784
1520616816.261803389 20.248783 5.882795 -1.015041 -0.069098 -0.442844 0.249652 0.858364
1520616816.311805248 20.225992 5.844887 -0.978838 -0.043531 -0.465876 0.252776 0.846858
1520616816.361807108 20.217865 5.820748 -0.929570 -0.015774 -0.487627 0.257968 0.833921
1520616816.412320852 20.197690 5.788984 -0.888467 0.006374 -0.506140 0.259159 0.822568
1520616816.462322712 20.179338 5.772156 -0.849396 0.024837 -0.526238 0.261893 0.808622
1520616816.512323856 20.158041 5.761084 -0.819221 0.040166 -0.547097 0.260302 0.794553
1520616816.562324762 20.129200 5.760243 -0.786251 0.051035 -0.567711 0.256022 0.780738
1520616816.612326860 20.096539 5.754646 -0.771545 0.059123 -0.586402 0.246191 0.769433
1520616816.662328959 20.059291 5.763888 -0.746808 0.066412 -0.604393 0.237020 0.757707
1520616816.712329865 20.016806 5.780662 -0.725760 0.073695 -0.618703 0.227842 0.748240
1520616816.762331724 19.978042 5.787354 -0.723678 0.080617 -0.635127 0.219417 0.736187
1520616816.812090158 19.923433 5.819435 -0.704758 0.092504 -0.654828 0.216108 0.718290
1520616816.862092018 19.863303 5.851518 -0.724637 0.099151 -0.669658 0.219853 0.702418
1520616816.912197113 19.816166 5.857272 -0.739796 0.106821 -0.683928 0.222728 0.686457
1520616816.962095261 19.769168 5.858963 -0.755066 0.115064 -0.701817 0.222749 0.666780
1520616817.012096167 19.689032 5.900675 -0.787561 0.123529 -0.720938 0.227820 0.642718
1520616817.062098265 19.630786 5.907207 -0.813165 0.130422 -0.743714 0.221949 0.616942
1520616817.112100124 19.611517 5.900496 -0.850525 0.129341 -0.762752 0.211549 0.597267
1520616817.162101030 19.587769 5.882927 -0.882890 0.126549 -0.784583 0.202724 0.572117
1520616817.212283134 19.574387 5.879336 -0.923667 0.124236 -0.801514 0.192451 0.552362
1520616817.262284040 19.538812 5.873709 -0.953900 0.127043 -0.822958 0.179618 0.523773
1520616817.312286139 19.516463 5.883720 -1.024369 -0.123785 0.839984 -0.176483 -0.497954
1520616817.362287283 19.507584 5.868984 -1.101842 -0.124839 0.855542 -0.174277 -0.471266
1520616817.412289143 19.509224 5.875133 -1.174460 -0.125897 0.870258 -0.179201 -0.441234
1520616817.462291002 19.512476 5.849157 -1.233097 -0.127779 0.887806 -0.179805 -0.403910
1520616817.512292147 19.528750 5.842957 -1.303910 -0.130686 0.903376 -0.183845 -0.364739
1520616817.562294006 19.518051 5.644512 -1.289173 -0.103407 0.936461 -0.139385 -0.304827
1520616817.613727570 19.536425 5.630426 -1.356004 -0.105149 0.948075 -0.141815 -0.264549
1520616817.663729429 19.557517 5.597260 -1.422394 -0.100267 0.960064 -0.135978 -0.223008
1520616817.713730574 19.587921 5.581280 -1.479909 -0.092086 0.969537 -0.134513 -0.182824
1520616817.763732672 19.623581 5.557157 -1.532998 -0.085884 0.978158 -0.124591 -0.142504
1520616817.813733578 19.648483 5.540615 -1.589101 -0.088389 0.984359 -0.114575 -0.100491
1520616817.863735676 19.661023 5.513717 -1.634974 -0.095460 0.988212 -0.106408 -0.054779
1520616817.913737535 19.703729 5.483550 -1.671919 -0.102977 0.988988 -0.105070 -0.016074
1520616817.963739395 19.726156 5.446217 -1.710071 -0.109554 0.987623 -0.109877 0.022927
1520616818.014805079 19.745998 5.409248 -1.753678 -0.112893 0.983908 -0.123311 0.063039
1520616818.064806938 19.761779 5.363291 -1.795737 -0.118045 0.978705 -0.134412 0.100670
1520616818.114807844 19.783045 5.318450 -1.828367 -0.118212 0.973350 -0.141326 0.136537
1520616818.164808989 19.791529 5.284176 -1.867584 -0.117992 0.968311 -0.145114 0.165512
1520616818.214811087 19.797041 5.253848 -1.909267 -0.117672 0.964918 -0.143637 0.185623
1520616818.264812946 19.793980 5.232520 -1.957829 -0.124877 0.961924 -0.139716 0.198968
1520616818.314814091 19.798380 5.220640 -2.001611 -0.135039 0.960710 -0.135908 0.200824
1520616818.364815950 19.787920 5.206535 -2.060019 -0.146731 0.959640 -0.134056 0.198972
1520616818.414816856 19.779398 5.201742 -2.118384 -0.151830 0.958979 -0.136347 0.196763
1520616818.462631464 19.768827 5.197031 -2.171519 -0.155495 0.957761 -0.138698 0.198186
1520616818.512632370 19.764810 5.195306 -2.230667 -0.153738 0.958649 -0.140091 0.194244
1520616818.562634230 19.756758 5.196975 -2.288407 -0.150622 0.960074 -0.139431 0.190081
1520616818.612636566 19.754835 5.201362 -2.344160 -0.143958 0.963726 -0.131803 0.182032
1520616818.662637472 19.750921 5.214782 -2.404709 -0.139681 0.967123 -0.119661 0.175623
1520616818.712639570 19.752285 5.237056 -2.461568 -0.140900 0.969964 -0.108282 0.166111
1520616818.762640476 19.759222 5.258221 -2.519793 -0.142527 0.972946 -0.095841 0.154524
1520616818.812642336 19.774791 5.282814 -2.573090 -0.141596 0.975385 -0.087071 0.144893
1520616818.865568399 19.782676 5.320157 -2.636066 -0.133755 0.976818 -0.085213 0.143787
1520616818.915570259 19.800720 5.349649 -2.690737 -0.122796 0.978134 -0.086309 0.143963
1520616818.965571404 19.828417 5.377013 -2.735065 -0.115318 0.978918 -0.089077 0.143129
1520616819.015573263 19.875509 5.393576 -2.766562 -0.109107 0.980545 -0.083070 0.140454
1520616819.065575361 19.919485 5.404697 -2.811209 -0.102292 0.981031 -0.074161 0.147016
1520616819.115576506 19.958659 5.411046 -2.854329 -0.093612 0.981181 -0.063069 0.156660
1520616819.165578365 20.004354 5.402679 -2.893927 -0.090392 0.980518 -0.051332 0.166671
1520616819.215580225 20.053779 5.388657 -2.935633 -0.088338 0.979502 -0.038160 0.176963
1520616819.267743349 20.086897 5.374436 -2.982726 -0.086304 0.977208 -0.028751 0.191807
1520616819.317744493 20.127056 5.347169 -3.021404 -0.095627 0.974772 -0.020885 0.200595
1520616819.367746353 20.166710 5.325026 -3.062710 -0.102027 0.973064 -0.018822 0.205869
1520616819.417747259 20.198216 5.300401 -3.111580 -0.105412 0.971251 -0.023738 0.212124
1520616819.467749357 20.218950 5.267324 -3.171614 -0.103854 0.969083 -0.034298 0.221170
1520616819.517751455 20.245191 5.232478 -3.221089 -0.102725 0.968024 -0.052382 0.222785
1520616819.567753315 20.260788 5.205401 -3.284541 -0.097573 0.965670 -0.078321 0.227653
1520616819.617754459 20.275980 5.155410 -3.335550 -0.090037 0.964735 -0.095137 0.228318
1520616819.668343306 20.275550 5.128570 -3.394336 -0.084833 0.963650 -0.115852 0.225299
1520616819.718344212 20.265908 5.086573 -3.448242 -0.085839 0.963206 -0.127284 0.220599
1520616819.768346310 20.258375 5.046049 -3.507027 -0.088648 0.963754 -0.134721 0.212531
1520616819.818347454 20.247794 4.998228 -3.562837 -0.095402 0.965286 -0.134536 0.202536
1520616819.868349314 20.235488 4.971357 -3.620940 -0.098616 0.966423 -0.138626 0.192576
1520616819.918350220 20.212407 4.940919 -3.687154 -0.099912 0.967296 -0.140721 0.185887
1520616819.968352318 20.180580 4.931314 -3.772294 -0.105148 0.967398 -0.146598 0.177747
1520616820.018354177 20.166554 4.937068 -3.841161 -0.107605 0.966745 -0.155009 0.172619
1520616820.069560766 20.047435 4.888416 -3.872316 -0.103678 0.962243 -0.151738 0.200788
1520616820.119561672 20.064114 4.861125 -3.870169 -0.092738 0.963450 -0.146985 0.203862
1520616820.169563532 19.994115 4.831914 -3.908324 -0.086338 0.961396 -0.144738 0.217519
1520616820.219565630 19.969853 4.820754 -3.979249 -0.078959 0.964138 -0.139008 0.211848
1520616820.269566536 19.968216 4.822934 -4.044383 -0.070385 0.971256 -0.132098 0.185090
1520616820.319568396 19.956524 4.847630 -4.107664 -0.061234 0.978399 -0.131086 0.147656
1520616820.369569540 19.936002 4.835079 -4.175381 -0.053954 0.985241 -0.126127 0.102377
1520616820.419571638 19.896614 4.818005 -4.249468 -0.048255 0.990155 -0.120870 0.051528
1520616820.469572544 19.864361 4.840716 -4.321222 -0.046557 0.991323 -0.122920 0.001296
1520616820.517346621 19.844877 4.846763 -4.363408 -0.044692 0.990151 -0.123429 -0.048675
1520616820.567347765 19.831179 4.861846 -4.421046 -0.046972 0.986577 -0.122572 -0.097141
1520616820.617349625 19.823029 4.855722 -4.478652 -0.052857 0.981734 -0.115668 -0.141510
1520616820.667351723 19.797568 4.863228 -4.553163 -0.072013 0.974655 -0.118931 -0.175263
1520616820.717352867 19.797506 4.842849 -4.597969 -0.098102 0.967975 -0.111708 -0.202294
1520616820.767354727 19.808094 4.813139 -4.653984 -0.127594 0.962228 -0.107698 -0.215032
1520616820.817355633 19.824021 4.797225 -4.701953 -0.155198 0.958507 -0.100399 -0.217019
1520616820.867357731 19.861068 4.776188 -4.750653 -0.184010 0.956527 -0.093735 -0.205938
1520616820.919586658 19.875330 4.751188 -4.802581 -0.224953 0.953699 -0.095296 -0.175423
1520616820.969588518 19.914993 4.730912 -4.850430 -0.266789 0.947426 -0.104301 -0.142578
1520616821.019590378 19.941691 4.686931 -4.913105 -0.302754 0.941503 -0.116621 -0.091169
1520616821.069591761 19.992793 4.669453 -4.962144 -0.325723 0.935327 -0.133388 -0.035727
1520616821.119593620 20.046272 4.654985 -5.010895 -0.340579 0.927770 -0.149509 0.029940
1520616821.169595480 20.095855 4.651789 -5.059286 -0.354421 0.914405 -0.168501 0.099279
1520616821.219596624 20.149732 4.640325 -5.100145 -0.365884 0.896272 -0.183838 0.170377
1520616821.269598484 20.206779 4.632124 -5.134039 -0.375589 0.872548 -0.191933 0.246483
1520616821.317485094 20.241761 4.617588 -5.126680 -0.374187 0.850255 -0.189872 0.317804
1520616821.367486238 20.297497 4.615708 -5.151526 -0.368445 0.823375 -0.174950 0.394581
1520616821.417488337 20.362828 4.611295 -5.164336 -0.349575 0.798797 -0.146552 0.467164
1520616821.467489481 20.408002 4.629732 -5.204345 -0.324107 0.773140 -0.118347 0.532168
1520616821.517490387 20.447372 4.657178 -5.208568 -0.290374 0.754050 -0.079302 0.583784
1520616821.567492247 20.501582 4.676060 -5.227437 -0.253231 0.732309 -0.041690 0.630761
1520616821.617493391 20.545911 4.698523 -5.227454 -0.218961 0.717361 -0.004938 0.661382
1520616821.667495251 20.592996 4.715773 -5.237703 -0.187492 0.705831 0.022471 0.682747
1520616821.713176727 20.601316 4.785083 -5.176221 -0.151657 0.706773 0.049399 0.689226
1520616821.763178587 20.648498 4.805684 -5.175210 -0.123064 0.702609 0.071014 0.697247
1520616821.813185692 20.703624 4.804939 -5.178909 -0.098808 0.702179 0.084461 0.700034
1520616821.863181591 20.750181 4.819894 -5.183801 -0.075713 0.707380 0.089046 0.697103
1520616821.913183689 20.794729 4.835469 -5.188818 -0.057919 0.716452 0.088974 0.689511
1520616821.963184834 20.837686 4.843492 -5.191536 -0.049442 0.728864 0.088552 0.677105
1520616822.013186693 20.878027 4.865815 -5.210934 -0.054002 0.740617 0.076729 0.665344
1520616822.063187599 20.915613 4.886045 -5.222816 -0.074247 0.749340 0.063420 0.654946
1520616822.111991167 20.950860 4.908111 -5.230415 -0.105700 0.752183 0.047492 0.648686
1520616822.161992073 20.986830 4.932128 -5.241567 -0.140751 0.745950 0.029851 0.650274
1520616822.211994171 21.025455 4.945815 -5.251542 -0.177297 0.731770 0.006835 0.658051
1520616822.261996031 21.065825 4.952042 -5.268913 -0.212861 0.710678 -0.018789 0.670279
1520616822.311996937 21.103840 4.967497 -5.270052 -0.241935 0.682820 -0.047731 0.687710
1520616822.361999273 21.134120 4.995018 -5.266325 -0.263924 0.651081 -0.075973 0.707578
1520616822.412000179 21.181492 5.004380 -5.249110 -0.281101 0.609770 -0.098907 0.734425
1520616822.462002039 21.206636 5.028099 -5.231724 -0.290077 0.564948 -0.117337 0.763493
1520616822.511841774 21.233283 5.045760 -5.191916 -0.292238 0.514891 -0.130537 0.795263
1520616822.561844110 21.268359 5.063674 -5.152826 -0.289580 0.460739 -0.139329 0.827315
1520616822.611845016 21.276576 5.084949 -5.106514 -0.280302 0.407623 -0.131284 0.859092
1520616822.661846876 21.303299 5.092094 -5.068412 -0.268489 0.350557 -0.110951 0.890344
1520616822.711848974 21.313849 5.071160 -5.041065 -0.259761 0.298057 -0.084575 0.914622
1520616822.761849880 21.359000 5.095983 -4.993698 -0.242909 0.247419 -0.062539 0.935878
1520616822.811851978 21.389846 5.123575 -4.962727 -0.224834 0.205251 -0.035401 0.951876
1520616822.861854076 21.397805 5.139158 -4.936538 -0.207582 0.172809 0.001262 0.962832
1520616822.911854982 21.410582 5.120576 -4.874742 -0.193843 0.147753 0.040700 0.968988
1520616822.961549759 21.408845 5.133170 -4.835403 -0.179375 0.130061 0.081654 0.971721
1520616823.011550903 21.436749 5.119184 -4.783691 -0.174075 0.114394 0.118216 0.970895
1520616823.061552763 21.450910 5.141716 -4.738794 -0.163117 0.102396 0.153689 0.969169
1520616823.111553669 21.474521 5.162917 -4.710249 -0.153241 0.090932 0.181162 0.967176
1520616823.161555767 21.473808 5.177744 -4.650497 -0.136908 0.090250 0.208610 0.964154
1520616823.211557627 21.481986 5.163782 -4.586340 -0.123183 0.091519 0.238499 0.958941
1520616823.261558533 21.506309 5.153373 -4.517152 -0.108697 0.092835 0.265278 0.953517
1520616823.311560869 21.516575 5.165272 -4.467304 -0.093496 0.092585 0.293218 0.946948
1520616823.361238003 21.523597 5.169529 -4.411742 -0.078484 0.090376 0.316401 0.941044
1520616823.411240101 21.530979 5.170245 -4.351666 -0.068876 0.089466 0.331710 0.936600
1520616823.461263180 21.538847 5.188258 -4.295590 -0.059697 0.086041 0.339775 0.934658
1520616823.511243105 21.545381 5.206806 -4.237401 -0.055488 0.081044 0.345500 0.933265
1520616823.561244011 21.554926 5.231095 -4.185061 -0.057311 0.074640 0.351890 0.931299
1520616823.611246109 21.551596 5.231193 -4.112831 -0.063027 0.076352 0.364708 0.925843
1520616823.661247015 21.562218 5.237467 -4.061312 -0.068549 0.071789 0.378201 0.920387
1520616823.711248875 21.564977 5.253313 -3.999683 -0.075203 0.073286 0.387991 0.915662
1520616823.761011839 21.571065 5.266380 -3.934675 -0.082139 0.078812 0.394975 0.911612
1520616823.811013699 21.594871 5.291696 -3.873543 -0.085384 0.084525 0.402999 0.907280
1520616823.861015558 21.611529 5.322625 -3.817923 -0.083918 0.093932 0.410224 0.903244
1520616823.911016703 21.645462 5.376549 -3.768536 -0.079561 0.102719 0.417225 0.899468
1520616823.961018801 21.662174 5.420892 -3.719292 -0.077600 0.115241 0.423089 0.895373
1520616824.011019945 21.681293 5.445714 -3.665274 -0.080520 0.133102 0.425125 0.891666
1520616824.061021805 21.704837 5.481817 -3.607622 -0.083954 0.155140 0.417087 0.891584
1520616824.111022711 21.735213 5.527784 -3.558648 -0.086739 0.173917 0.400112 0.895623
1520616824.161719322 21.762475 5.558262 -3.503136 -0.093457 0.196533 0.376627 0.900440
1520616824.211720228 21.800854 5.599085 -3.472773 -0.097724 0.213976 0.350391 0.906582
1520616824.261722565 21.846067 5.647320 -3.433437 -0.100663 0.236274 0.322302 0.911133
1520616824.311724424 21.882361 5.667276 -3.387328 -0.108397 0.263671 0.296847 0.911378
1520616824.361725330 21.930113 5.715380 -3.344832 -0.112090 0.287060 0.268229 0.912735
1520616824.411727428 21.975474 5.765921 -3.305337 -0.113907 0.309749 0.233287 0.914690
1520616824.461729288 22.010045 5.786214 -3.274474 -0.117907 0.327607 0.203857 0.914994
1520616824.511730194 22.054016 5.816184 -3.244835 -0.121682 0.337993 0.175689 0.916563
1520616824.561630011 22.097849 5.839538 -3.212761 -0.131417 0.346574 0.145809 0.917254
1520616824.611630917 22.141848 5.861461 -3.175226 -0.137959 0.350256 0.117817 0.918916
1520616824.661632776 22.186207 5.877887 -3.136891 -0.136681 0.349328 0.094526 0.922146
1520616824.711633921 22.214499 5.872394 -3.086473 -0.134864 0.348362 0.069392 0.925008
1520616824.761636019 22.229316 5.846748 -3.020860 -0.134755 0.346129 0.044267 0.927403
1520616824.811637163 22.270620 5.851225 -2.985075 -0.128955 0.333171 0.014752 0.933890
1520616824.861639023 22.293143 5.856856 -2.937942 -0.125796 0.321846 -0.012091 0.938320
1520616824.911640882 22.321594 5.862943 -2.890788 -0.125314 0.308655 -0.029815 0.942412
1520616824.961117744 22.335363 5.863588 -2.834625 -0.128614 0.296291 -0.038225 0.945626
1520616825.011119604 22.350753 5.885866 -2.772273 -0.135911 0.282861 -0.048669 0.948235
1520616825.061120749 22.368342 5.900463 -2.720504 -0.140506 0.263158 -0.051871 0.953056
1520616825.111160994 22.382452 5.935862 -2.666673 -0.138041 0.244282 -0.052803 0.958375
1520616825.161123991 22.372456 5.912067 -2.589408 -0.145652 0.228465 -0.042575 0.961653
1520616825.211125851 22.368485 5.911544 -2.529612 -0.144540 0.211651 -0.026355 0.966239
1520616825.261126757 22.364326 5.935121 -2.466057 -0.142430 0.190572 -0.009566 0.971239
1520616825.311128855 22.353870 5.948833 -2.405575 -0.143805 0.168820 0.014009 0.974999
1520616825.361129761 22.344077 5.970417 -2.353109 -0.146195 0.147454 0.036185 0.977535
1520616825.410990953 22.311009 5.937128 -2.283351 -0.155865 0.140137 0.061390 0.975858
1520616825.460992813 22.290830 5.967819 -2.220318 -0.151719 0.134614 0.084710 0.975543
1520616825.510993719 22.273338 5.961043 -2.174682 -0.156516 0.127280 0.113322 0.972862
1520616825.560995817 22.259323 5.975669 -2.112464 -0.151386 0.121199 0.142236 0.970650
1520616825.610996723 22.245788 5.991296 -2.054468 -0.145924 0.115118 0.166567 0.968354
1520616825.660998821 22.228235 6.028409 -1.990063 -0.137195 0.115526 0.187301 0.965790
1520616825.710999966 22.215150 6.020450 -1.912531 -0.137449 0.117715 0.211543 0.960469
1520616825.761001825 22.248165 6.042680 -1.849514 -0.134316 0.105228 0.232059 0.957619
1520616825.811155796 22.248689 6.063514 -1.784633 -0.127701 0.103130 0.248893 0.954520
1520616825.861157656 22.253116 6.094900 -1.728726 -0.119219 0.102636 0.259981 0.952713
1520616825.911159754 22.254953 6.104335 -1.668572 -0.112147 0.111215 0.272893 0.948991
1520616825.961160898 22.258589 6.105356 -1.606913 -0.110290 0.124849 0.280113 0.945402
1520616826.011162758 22.270316 6.112306 -1.559512 -0.107648 0.144838 0.280989 0.942592
1520616826.061164618 22.290648 6.119026 -1.514422 -0.104949 0.168575 0.281179 0.938886
1520616826.111165762 22.307171 6.124791 -1.465116 -0.099061 0.197179 0.281892 0.933726
1520616826.161167622 22.334853 6.137692 -1.421848 -0.090137 0.226124 0.282165 0.927969
1520616826.211901903 22.359845 6.157305 -1.383823 -0.081246 0.259341 0.274512 0.922380
1520616826.261903048 22.393959 6.179407 -1.350582 -0.073036 0.293632 0.268353 0.914567
1520616826.311903954 22.431118 6.198197 -1.309057 -0.067052 0.333772 0.258963 0.903902
1520616826.361905813 22.471987 6.203993 -1.293095 -0.057741 0.371424 0.254435 0.891052
1520616826.411907911 22.510191 6.223629 -1.274804 -0.045789 0.412386 0.244663 0.876346
1520616826.461908817 22.555174 6.229054 -1.255253 -0.035871 0.453643 0.235728 0.858693
1520616826.511909723 22.603356 6.241531 -1.257638 -0.026626 0.494891 0.223005 0.839430
1520616826.561913013 22.651207 6.242703 -1.255387 -0.021591 0.536558 0.208627 0.817383
1520616826.612506151 22.700283 6.244289 -1.261246 -0.016883 0.576266 0.193353 0.793881
1520616826.662507057 22.745875 6.251247 -1.268556 -0.011686 0.612429 0.174303 0.770982
1520616826.712509394 22.791030 6.257522 -1.280694 -0.004096 0.641707 0.154560 0.751203
1520616826.762565136 22.831346 6.267037 -1.293455 0.006409 0.668461 0.134680 0.731423
1520616826.812512159 22.866216 6.268268 -1.310982 0.016968 0.692791 0.114517 0.711785
1520616826.862513304 22.907131 6.270923 -1.328964 0.023472 0.721369 0.093628 0.685791
1520616826.912515163 22.937345 6.273628 -1.359358 0.031197 0.744723 0.073388 0.662592
1520616826.962517023 22.966229 6.268951 -1.384928 0.033507 0.769703 0.057115 0.634959
1520616827.011626482 22.990300 6.265959 -1.411905 0.034059 0.794600 0.040002 0.604856
1520616827.061628580 23.008725 6.269185 -1.449745 0.035875 0.819906 0.023606 0.570885
1520616827.111629725 23.026238 6.265016 -1.486077 0.036105 0.845890 0.006437 0.532096
1520616827.161631584 23.040013 6.262531 -1.532173 0.036051 0.869988 -0.014816 0.491529
1520616827.211632490 23.049459 6.256936 -1.578079 0.035368 0.893213 -0.038685 0.446568
1520616827.261634588 23.049349 6.254246 -1.630163 0.034542 0.913014 -0.066716 0.400951
1520616827.311635494 23.044632 6.253808 -1.676369 0.033575 0.932115 -0.096228 0.347525
1520616827.361637354 23.033928 6.242831 -1.727369 0.031817 0.947681 -0.117156 0.295233
1520616827.411665440 23.018233 6.227708 -1.768622 0.030631 0.958088 -0.134881 0.250870
1520616827.461434364 22.993812 6.210481 -1.806801 0.028408 0.964849 -0.150277 0.213722
1520616827.511436462 22.975487 6.192298 -1.845676 0.021364 0.970477 -0.166167 0.173513
1520616827.561437607 22.946028 6.170813 -1.886694 0.016092 0.974452 -0.179619 0.133874
1520616827.611439466 22.920530 6.142864 -1.919888 0.012545 0.976819 -0.189698 0.098395
1520616827.661440611 22.872687 6.124498 -1.955304 0.011314 0.976155 -0.203657 0.074282
1520616827.711442471 22.844903 6.097169 -1.983938 0.000023 0.975731 -0.214237 0.045293
1520616827.761444330 22.794149 6.070591 -2.020619 -0.009763 0.974249 -0.224274 0.021094
1520616827.811445713 22.739056 6.068561 -2.056325 -0.023197 0.971993 -0.233860 -0.000114
1520616827.861900806 22.723270 6.039809 -2.079552 -0.037985 0.972105 -0.229997 -0.025892
1520616827.911902905 22.686065 6.025683 -2.129100 -0.052648 0.971564 -0.226434 -0.044930
1520616827.961904764 22.636447 6.006834 -2.156834 -0.062710 0.970938 -0.223115 -0.059723
1520616828.011905909 22.601828 5.990006 -2.195978 -0.074082 0.968676 -0.224039 -0.077365
1520616828.061906815 22.566115 5.962284 -2.234627 -0.086041 0.965674 -0.225983 -0.094880
1520616828.111908674 22.532411 5.939681 -2.273523 -0.096470 0.961952 -0.229917 -0.111716
1520616828.161909819 22.488539 5.920384 -2.309604 -0.100889 0.959027 -0.233898 -0.124021
1520616828.211911678 22.446320 5.906442 -2.345251 -0.105491 0.955858 -0.237223 -0.137593
1520616828.261740685 22.409030 5.898936 -2.379621 -0.110456 0.951650 -0.240855 -0.155402
1520616828.311742544 22.372550 5.887711 -2.406375 -0.114482 0.947472 -0.242115 -0.174847
1520616828.361743689 22.328646 5.873488 -2.457870 -0.115755 0.946515 -0.239189 -0.183026
1520616828.411818504 22.294619 5.849268 -2.485756 -0.124637 0.942810 -0.238846 -0.196286
1520616828.461746454 22.242632 5.809077 -2.484899 -0.138342 0.939901 -0.236618 -0.203615
1520616828.511748791 22.304210 5.833479 -2.529917 -0.126742 0.934756 -0.244155 -0.224848
1520616828.561749697 22.248153 5.796129 -2.526549 -0.141618 0.931243 -0.239804 -0.235001
1520616828.611751556 22.233664 5.763214 -2.531187 -0.145867 0.928315 -0.231624 -0.251602
1520616828.661351204 22.217241 5.744335 -2.557577 -0.152563 0.925411 -0.222193 -0.266402
1520616828.711352348 22.183854 5.714509 -2.568020 -0.157492 0.926370 -0.208396 -0.271305
1520616828.761354446 22.162366 5.725228 -2.600680 -0.158682 0.924826 -0.207106 -0.276810
1520616828.811355591 22.135735 5.703710 -2.634480 -0.164719 0.924129 -0.206183 -0.276301
1520616828.861357450 22.122741 5.675257 -2.662353 -0.168954 0.924213 -0.205285 -0.274121
1520616828.911358356 22.080601 5.659465 -2.706611 -0.184432 0.921721 -0.215791 -0.264289
1520616828.961360455 22.062185 5.632825 -2.737918 -0.197583 0.921406 -0.219834 -0.252281
1520616829.011361361 22.061896 5.626399 -2.767130 -0.206749 0.922104 -0.223207 -0.239076
1520616829.061174631 22.079783 5.620005 -2.795469 -0.210774 0.925734 -0.223296 -0.220748
1520616829.111176491 22.081959 5.608127 -2.893557 -0.220052 0.926711 -0.229353 -0.200450
1520616829.161177635 22.075658 5.579303 -2.932320 -0.231383 0.930933 -0.223127 -0.173320
1520616829.211179733 22.079468 5.540026 -2.963130 -0.233342 0.937971 -0.211304 -0.145299
1520616829.261180401 22.114807 5.522491 -3.016533 -0.230691 0.944850 -0.196046 -0.124923
1520616829.311182737 22.110011 5.584371 -3.060142 -0.234809 0.946558 -0.197029 -0.100361
1520616829.361184597 22.119325 5.545974 -3.137389 -0.239739 0.949124 -0.188506 -0.078448
1520616829.411185503 22.107801 5.544518 -3.192190 -0.247437 0.949019 -0.188664 -0.050432
1520616829.461228371 22.104570 5.537498 -3.243246 -0.251029 0.949383 -0.187939 -0.018295
1520616829.511229277 22.070481 5.537687 -3.319210 -0.256646 0.947227 -0.190729 0.022705
1520616829.561231136 22.073109 5.529459 -3.370695 -0.258112 0.946303 -0.186446 0.055921
1520616829.611233473 22.064820 5.592647 -3.472890 -0.251903 0.941892 -0.202633 0.091233
1520616829.661234379 21.990198 5.514239 -3.548690 -0.259190 0.932949 -0.201064 0.148324
1520616829.711235523 22.009654 5.517228 -3.601875 -0.248725 0.929695 -0.200707 0.183083
1520616829.761237383 22.084358 5.545536 -3.609196 -0.226644 0.932475 -0.197184 0.200602
1520616829.811238289 22.105397 5.533440 -3.662215 -0.212223 0.928010 -0.195713 0.235490
1520616829.861240387 22.140870 5.533413 -3.699565 -0.194336 0.925634 -0.187963 0.264772
1520616829.912132740 22.166277 5.551434 -3.742262 -0.170049 0.922541 -0.177891 0.297247
1520616829.962133646 22.211557 5.545670 -3.778597 -0.145155 0.920529 -0.162950 0.324043
1520616830.012135506 22.246164 5.554211 -3.828664 -0.119358 0.915721 -0.154380 0.351249
1520616830.062225580 22.285761 5.553053 -3.868531 -0.098535 0.911327 -0.140629 0.374163
1520616830.112138510 22.320731 5.537422 -3.919572 -0.082831 0.904675 -0.124994 0.398848
1520616830.162139654 22.357415 5.533437 -3.961199 -0.067064 0.897435 -0.112680 0.421208
1520616830.212141752 22.406116 5.513758 -3.989984 -0.047904 0.893019 -0.090006 0.438316
1520616830.262143612 22.445777 5.505770 -4.027626 -0.023819 0.886791 -0.068490 0.456447
1520616830.313514233 22.493169 5.507581 -4.048973 -0.004995 0.884142 -0.048783 0.464638
1520616830.363516331 22.536690 5.505186 -4.078882 0.011734 0.881327 -0.034030 0.471135
1520616830.413517237 22.575066 5.502999 -4.114219 0.023891 0.881429 -0.022453 0.471178
1520616830.463519335 22.612241 5.496593 -4.147171 0.030034 0.883619 -0.014019 0.467033
1520616830.513520241 22.653640 5.501864 -4.175173 0.035038 0.888473 -0.018203 0.457227
1520616830.563522100 22.695750 5.501513 -4.213037 0.035252 0.893869 -0.029017 0.445997
1520616830.613523245 22.736695 5.501010 -4.245002 0.029071 0.901019 -0.045463 0.430410
1520616830.663525105 22.779792 5.489933 -4.280914 0.020299 0.908649 -0.065373 0.411911
1520616830.714658260 22.817436 5.482266 -4.323037 0.002517 0.916385 -0.088196 0.390453
1520616830.764658928 22.855422 5.466663 -4.363741 -0.019643 0.925501 -0.105009 0.363367
1520616830.814661026 22.889630 5.457435 -4.399720 -0.044678 0.932032 -0.120618 0.338781
1520616830.864662170 22.925538 5.449282 -4.430519 -0.070816 0.935168 -0.136428 0.319113
1520616830.914664030 22.963623 5.435702 -4.462022 -0.092602 0.936107 -0.149348 0.304671
1520616830.964664936 23.004150 5.419551 -4.489011 -0.117036 0.932290 -0.162601 0.301164
1520616831.014668226 23.047368 5.409139 -4.510719 -0.142396 0.923617 -0.181112 0.306356
1520616831.064669132 23.094882 5.402378 -4.535332 -0.166085 0.909821 -0.201152 0.322769
1520616831.116019964 23.143596 5.405373 -4.554549 -0.188431 0.893098 -0.220618 0.343799
1520616831.166022062 23.189100 5.409347 -4.573995 -0.208980 0.874138 -0.238139 0.368104
1520616831.216024160 23.234171 5.414077 -4.591004 -0.227506 0.852376 -0.253294 0.396910
1520616831.266025066 23.287580 5.412887 -4.606171 -0.245056 0.827728 -0.266216 0.428886
1520616831.316025972 23.335614 5.415767 -4.604451 -0.257916 0.801912 -0.276611 0.462497
1520616831.366029263 23.381153 5.418876 -4.601130 -0.266735 0.774498 -0.284738 0.497925
1520616831.416029930 23.426985 5.428595 -4.587218 -0.269017 0.745817 -0.289880 0.536056
1520616831.466031313 23.477578 5.432061 -4.571418 -0.267357 0.712617 -0.286966 0.581677
1520616831.515218973 23.520445 5.442512 -4.551414 -0.260724 0.678320 -0.277748 0.628300
1520616831.565220118 23.555539 5.446038 -4.528288 -0.259526 0.641789 -0.266482 0.670627
1520616831.615222216 23.592662 5.476299 -4.504073 -0.255552 0.604554 -0.253615 0.710554
1520616831.665223122 23.621006 5.514838 -4.473168 -0.250369 0.569235 -0.244706 0.743913
1520616831.715225220 23.655644 5.540119 -4.444403 -0.242164 0.534671 -0.234332 0.774966
1520616831.765226126 23.674847 5.539362 -4.422677 -0.236178 0.502565 -0.231083 0.798905
1520616831.815227985 23.694399 5.550549 -4.390359 -0.227303 0.467076 -0.228695 0.823330
1520616831.865230083 23.723121 5.563439 -4.362222 -0.218341 0.428368 -0.221760 0.848322
1520616831.912727594 23.749706 5.585142 -4.332565 -0.208232 0.390924 -0.214234 0.870587
1520616831.962729454 23.776369 5.602933 -4.303651 -0.200081 0.347862 -0.205076 0.892695
1520616832.012730837 23.778730 5.601170 -4.278894 -0.196645 0.301420 -0.198865 0.911553
1520616832.062732697 23.793655 5.622901 -4.253299 -0.187566 0.245713 -0.180978 0.933644
1520616832.112733603 23.779723 5.625201 -4.219997 -0.179511 0.192142 -0.163249 0.950898
1520616832.162735701 23.774274 5.640021 -4.184953 -0.168358 0.133395 -0.141467 0.966358
1520616832.212736607 23.767762 5.660654 -4.158948 -0.155528 0.077500 -0.113887 0.978179
1520616832.262738466 23.754729 5.676461 -4.142063 -0.142517 0.022705 -0.089248 0.985499
1520616832.312740803 23.739679 5.695090 -4.123804 -0.133976 -0.028930 -0.066093 0.988355
1520616832.361881971 23.720563 5.701784 -4.107172 -0.133694 -0.081836 -0.044003 0.986657
1520616832.411883831 23.698503 5.713095 -4.098779 -0.129572 -0.135150 -0.020967 0.982093
1520616832.461884737 23.672207 5.710205 -4.097362 -0.129555 -0.186255 0.006619 0.973900
1520616832.511886835 23.640328 5.695291 -4.099877 -0.132811 -0.237900 0.033961 0.961567
1520616832.561888933 23.604071 5.697945 -4.101712 -0.130201 -0.286891 0.061390 0.947086
1520616832.611889839 23.564359 5.685878 -4.106454 -0.128551 -0.330929 0.091845 0.930336
1520616832.661891937 23.526406 5.677930 -4.113078 -0.128106 -0.371538 0.120849 0.911561
1520616832.711893797 23.487293 5.659884 -4.116775 -0.129036 -0.408083 0.152357 0.890845
1520616832.761738777 23.444058 5.636323 -4.132691 -0.130409 -0.442304 0.186286 0.867559
1520616832.811741114 23.397270 5.623022 -4.162658 -0.128899 -0.470660 0.220496 0.844539
1520616832.861742020 23.349708 5.603088 -4.181395 -0.127943 -0.493360 0.249987 0.823245
1520616832.911743879 23.301546 5.586531 -4.203743 -0.124566 -0.508133 0.274503 0.806804
1520616832.961745024 23.254138 5.564178 -4.220159 -0.126844 -0.518604 0.296279 0.791946
1520616833.011745930 23.207380 5.549331 -4.234635 -0.129510 -0.525354 0.321055 0.777274
1520616833.061748743 23.161781 5.533381 -4.243426 -0.134257 -0.531113 0.345388 0.761972
1520616833.111749887 23.116876 5.528797 -4.246947 -0.136730 -0.533992 0.362365 0.751564
1520616833.161661386 23.072412 5.514392 -4.257379 -0.137469 -0.532008 0.377060 0.745584
1520616833.211663246 23.027029 5.492627 -4.266010 -0.134707 -0.530836 0.394572 0.737822
1520616833.261665106 22.982259 5.472194 -4.265731 -0.131290 -0.527363 0.407996 0.733615
1520616833.311669111 22.934282 5.460277 -4.269702 -0.133523 -0.523695 0.417774 0.730329
1520616833.361667156 22.886919 5.431669 -4.275743 -0.147109 -0.518235 0.422461 0.728916
1520616833.411669016 22.823804 5.440478 -4.275304 -0.155306 -0.513424 0.426825 0.728077
1520616833.461671352 22.785790 5.433417 -4.259058 -0.169045 -0.515199 0.429775 0.722002
1520616833.511672258 22.735915 5.418444 -4.253275 -0.178168 -0.508450 0.433723 0.722232
1520616833.561608076 22.689111 5.407146 -4.240928 -0.182679 -0.500140 0.441301 0.722316
1520616833.611609221 22.643506 5.394017 -4.227878 -0.186123 -0.486855 0.450686 0.724715
1520616833.661611080 22.599186 5.359022 -4.204495 -0.193795 -0.466628 0.456412 0.732386
1520616833.711611986 22.560601 5.360873 -4.181806 -0.196634 -0.448003 0.457215 0.742686
1520616833.761614084 22.536813 5.342581 -4.154478 -0.203816 -0.425332 0.451560 0.757394
1520616833.811614990 22.495234 5.337871 -4.135709 -0.206111 -0.401772 0.441835 0.775164
1520616833.861617088 22.448031 5.331689 -4.106491 -0.207690 -0.377283 0.426265 0.795500
1520616833.911619186 22.452663 5.364419 -4.051117 -0.204728 -0.366352 0.406834 0.811393
1520616833.961606264 22.420627 5.372810 -4.027236 -0.200290 -0.344859 0.384873 0.832364
1520616834.011608124 22.377318 5.373261 -3.999604 -0.194676 -0.322626 0.358906 0.853932
1520616834.061609268 22.343257 5.370586 -3.972324 -0.184747 -0.301642 0.330099 0.875166
1520616834.111611128 22.307139 5.386476 -3.939102 -0.168223 -0.283061 0.296902 0.896341
1520616834.161612272 22.279050 5.402256 -3.904442 -0.146782 -0.272891 0.262379 0.913862
1520616834.211614370 22.248078 5.408846 -3.873880 -0.122013 -0.267524 0.223269 0.929352
1520616834.261616230 22.219058 5.421819 -3.845784 -0.093519 -0.265391 0.180984 0.942373
1520616834.311617374 22.190287 5.414357 -3.813617 -0.066495 -0.268337 0.143468 0.950258
1520616834.361657619 22.164467 5.409369 -3.785563 -0.040971 -0.276301 0.108183 0.954084
1520616834.411658525 22.135279 5.403362 -3.761797 -0.013436 -0.286999 0.076460 0.954780
1520616834.461659431 22.100416 5.401217 -3.741454 0.015898 -0.299112 0.048444 0.952855
1520616834.511660576 22.072413 5.401407 -3.721329 0.048169 -0.316619 0.020995 0.947096
1520616834.561663628 22.042459 5.409467 -3.700621 0.083782 -0.341423 0.005286 0.936153
1520616834.611664534 22.000855 5.403000 -3.686959 0.118416 -0.368175 -0.005137 0.922170
1520616834.661666632 21.969559 5.389480 -3.679481 0.151566 -0.400693 -0.013322 0.903491
1520616834.711667538 21.924777 5.369138 -3.683577 0.185843 -0.431020 -0.021009 0.882747
1520616834.761668682 21.903753 5.361015 -3.680466 0.222544 -0.471501 -0.024396 0.852975
1520616834.811499596 21.865465 5.361962 -3.673014 0.266706 -0.508382 -0.024345 0.818427
1520616834.861500502 21.816310 5.363606 -3.691985 0.309150 -0.530963 -0.018065 0.788783
1520616834.911502361 21.792126 5.353730 -3.716937 0.337945 -0.566377 -0.023339 0.751309
1520616834.961504698 21.736392 5.337795 -3.767374 0.358784 -0.593725 -0.013845 0.720120
1520616835.011505604 21.718828 5.325981 -3.785858 0.365938 -0.630912 -0.018729 0.683878
1520616835.061507463 21.713513 5.309406 -3.852128 0.360607 -0.664736 -0.022828 0.653887
1520616835.111508608 21.720477 5.299277 -3.916511 0.355544 -0.693559 -0.029268 0.625866
1520616835.161510468 21.587272 5.163705 -3.866344 0.392900 -0.722884 -0.038803 0.567065
1520616835.212774992 21.566843 5.098924 -3.933995 0.394055 -0.745699 -0.040643 0.535726
1520616835.262776852 21.546208 5.190362 -4.072769 0.400950 -0.749783 -0.014817 0.526162
1520616835.312777996 21.375368 5.144564 -4.078693 -0.432360 0.764889 -0.004258 -0.477484
1520616835.362780094 21.343654 5.143826 -4.151394 -0.438633 0.775801 -0.016892 -0.453264
1520616835.412781000 21.396398 5.141226 -4.246442 -0.422934 0.792392 -0.020925 -0.439093
1520616835.462783098 21.318515 5.126522 -4.276374 -0.420415 0.814030 -0.037708 -0.398979
1520616835.512784958 21.317675 5.109539 -4.326827 -0.410159 0.832443 -0.048422 -0.369410
1520616835.562786102 21.345616 5.121866 -4.396852 -0.394218 0.847982 -0.065703 -0.348140
1520616835.613473654 21.256123 5.183130 -4.486580 -0.386678 0.861965 -0.103551 -0.311084
1520616835.663474560 21.173081 5.123929 -4.496607 -0.381962 0.880498 -0.111483 -0.257683
1520616835.713476419 21.145693 5.116108 -4.555753 -0.366656 0.894318 -0.127169 -0.222680
1520616835.763478518 21.134555 5.116256 -4.615564 -0.349336 0.905645 -0.143182 -0.193057
1520616835.813479424 21.097158 5.122721 -4.717260 -0.337543 0.911728 -0.168711 -0.162334
1520616835.863481522 21.094942 5.127220 -4.775855 -0.315875 0.922043 -0.182779 -0.129038
1520616835.913483620 21.150210 5.104483 -4.795701 -0.284277 0.936412 -0.182487 -0.094964
1520616835.963484526 21.151617 5.091207 -4.846944 -0.267368 0.943364 -0.188638 -0.054728
1520616836.012620211 21.144815 5.060214 -4.898534 -0.256736 0.946864 -0.193137 -0.015276
1520616836.062621355 21.156553 5.052120 -5.029520 -0.243343 0.946142 -0.211941 0.026100
1520616836.112623215 21.125436 5.032299 -5.082010 -0.230051 0.947118 -0.211401 0.073173
1520616836.162625074 21.179087 5.030008 -5.157299 -0.216840 0.947145 -0.209601 0.109378
1520616836.212626219 21.200747 5.025327 -5.205276 -0.205956 0.947073 -0.200713 0.142652
1520616836.262627125 21.229496 5.022963 -5.250839 -0.187164 0.947894 -0.190485 0.173729
1520616836.312628984 21.256016 5.019021 -5.293873 -0.173416 0.948255 -0.176204 0.199228
1520616836.362630129 21.276625 5.012651 -5.340070 -0.164571 0.946417 -0.165017 0.223562
1520616836.412460089 21.310153 5.007176 -5.380206 -0.158958 0.946019 -0.151359 0.238476
1520616836.462462187 21.355056 5.003258 -5.418573 -0.145428 0.946880 -0.138821 0.250993
1520616836.512463093 21.388892 4.988375 -5.452712 -0.131951 0.947439 -0.121611 0.264876
1520616836.562465191 21.415549 4.972686 -5.489374 -0.122937 0.945966 -0.107680 0.280072
1520616836.612475157 21.443606 4.954882 -5.518839 -0.111071 0.943404 -0.094994 0.297706
1520616836.662468195 21.482514 4.943664 -5.539167 -0.096383 0.940315 -0.085578 0.314953
1520616836.712469101 21.512960 4.921455 -5.567209 -0.087022 0.935215 -0.077354 0.334389
1520616836.762471199 21.545113 4.901264 -5.595788 -0.081360 0.929012 -0.072315 0.353676
1520616836.812472105 21.616842 4.879383 -5.594054 -0.081959 0.924190 -0.068407 0.366710
1520616836.863658428 21.636794 4.847062 -5.626524 -0.086033 0.915017 -0.068538 0.388129
1520616836.913659573 21.659644 4.817591 -5.658905 -0.085494 0.904309 -0.074548 0.411532
1520616836.963661432 21.702983 4.790951 -5.663206 -0.081334 0.898968 -0.080169 0.422866
1520616837.013662338 21.727102 4.754119 -5.685913 -0.077427 0.890277 -0.082471 0.441147
1520616837.063664436 21.759761 4.720175 -5.706033 -0.073861 0.883255 -0.088637 0.454476
1520616837.113666296 21.776200 4.692216 -5.749298 -0.077141 0.875367 -0.099659 0.466743
1520616837.163667202 21.810337 4.668941 -5.797598 -0.082602 0.870196 -0.107727 0.473636
1520616837.213669538 21.814122 4.662724 -5.854855 -0.082526 0.863990 -0.116653 0.482806
1520616837.264724493 21.859098 4.663850 -5.862084 -0.080898 0.864949 -0.123532 0.479644
1520616837.314726591 21.884353 4.637065 -5.879035 -0.078019 0.864596 -0.129725 0.479122
1520616837.364727497 21.883171 4.555097 -5.858052 -0.083436 0.865464 -0.122733 0.478483
1520616837.414729595 21.885490 4.532999 -5.914423 -0.098206 0.865585 -0.130402 0.473406
1520616837.464731455 21.915255 4.535855 -5.964970 -0.109713 0.867208 -0.144339 0.463767
1520616837.514732361 21.924010 4.519622 -6.019292 -0.121730 0.868912 -0.152586 0.454852
1520616837.564734459 21.933668 4.504540 -6.079581 -0.134007 0.870018 -0.162316 0.445829
1520616837.614735365 21.938389 4.479539 -6.141783 -0.145399 0.869347 -0.170010 0.440672
1520616837.665124178 21.955494 4.465892 -6.189949 -0.153540 0.871489 -0.175565 0.431405
1520616837.715126038 21.972789 4.459156 -6.232747 -0.159868 0.872351 -0.182772 0.424311
1520616837.765128136 22.001177 4.452322 -6.265572 -0.171114 0.872438 -0.188365 0.417241
1520616837.815128088 22.018017 4.446049 -6.312445 -0.186474 0.870443 -0.194032 0.412198
1520616837.865130186 22.031547 4.431935 -6.367962 -0.201537 0.867514 -0.195454 0.410609
1520616837.915132046 22.050299 4.422748 -6.416146 -0.215161 0.866635 -0.190005 0.408102
1520616837.965133190 22.063639 4.415736 -6.484339 -0.226948 0.864688 -0.184181 0.408518
1520616838.015135050 22.086292 4.419906 -6.542810 -0.233612 0.864033 -0.178530 0.408656
1520616838.065294027 22.112340 4.410388 -6.593683 -0.242000 0.862776 -0.177660 0.406805
1520616838.115295172 22.147876 4.396951 -6.623827 -0.252769 0.862653 -0.178473 0.400106
1520616838.165297031 22.168905 4.386872 -6.657670 -0.258715 0.859230 -0.183263 0.401504
1520616838.215297937 22.197887 4.362480 -6.693358 -0.265836 0.853004 -0.190588 0.406684
1520616838.265330076 22.240264 4.343531 -6.690907 -0.271488 0.850596 -0.190454 0.408054
1520616838.315300941 22.317515 4.343196 -6.688473 -0.270135 0.849302 -0.194633 0.409672
1520616838.365302801 22.374709 4.340194 -6.690684 -0.269399 0.847833 -0.198380 0.411398
1520616838.415303946 22.405503 4.331371 -6.719756 -0.270470 0.843142 -0.203922 0.417580
1520616838.464853287 22.452273 4.325416 -6.750125 -0.270798 0.838254 -0.210582 0.423857
1520616838.514854431 22.507307 4.327401 -6.775199 -0.269222 0.834488 -0.216299 0.429376
1520616838.564856529 22.553735 4.328333 -6.797495 -0.265818 0.831080 -0.220508 0.435916
1520616838.614857197 22.617794 4.330470 -6.812536 -0.261623 0.828953 -0.224692 0.440344
1520616838.664859533 22.661402 4.327696 -6.845044 -0.259511 0.822363 -0.229994 0.451084
1520616838.714861393 22.719812 4.331648 -6.871197 -0.253369 0.816310 -0.235291 0.462689
1520616838.764862299 22.779474 4.331010 -6.881243 -0.245703 0.814340 -0.233288 0.471230
1520616838.814864397 22.836083 4.331628 -6.899314 -0.236878 0.812101 -0.225458 0.483269
1520616838.864038229 22.887981 4.332538 -6.936309 -0.227867 0.806981 -0.214118 0.501011
1520616838.914040089 22.942322 4.337634 -6.961250 -0.221684 0.805003 -0.198357 0.513304
1520616838.964040995 22.990624 4.357580 -6.972919 -0.211455 0.807790 -0.182309 0.519159
1520616839.014043331 23.038650 4.377218 -6.999258 -0.198819 0.806708 -0.164519 0.531627
1520616839.064045191 23.100548 4.412202 -7.013949 -0.178043 0.808250 -0.144548 0.542346
1520616839.114046097 23.157553 4.439376 -7.035516 -0.161689 0.807271 -0.123991 0.553891
1520616839.164048195 23.215797 4.474035 -7.044629 -0.149043 0.807574 -0.107548 0.560395
1520616839.214049101 23.263504 4.489031 -7.068970 -0.142332 0.800278 -0.092544 0.575093
1520616839.264050961 23.306925 4.475177 -7.082009 -0.139350 0.791616 -0.069200 0.590878
1520616839.313209534 23.366138 4.491039 -7.097386 -0.128214 0.785109 -0.057056 0.603249
1520616839.363210440 23.417676 4.494073 -7.105211 -0.115825 0.779649 -0.045062 0.613761
1520616839.413212299 23.470731 4.492463 -7.112009 -0.105324 0.774830 -0.036222 0.622280
1520616839.463213444 23.520511 4.480256 -7.121171 -0.100325 0.771703 -0.030183 0.627295
1520616839.513216257 23.572812 4.473654 -7.127277 -0.090888 0.768852 -0.028527 0.632291
1520616839.563216448 23.628006 4.464390 -7.137947 -0.076042 0.765760 -0.029912 0.637914
1520616839.613218307 23.681878 4.444364 -7.154916 -0.062444 0.762662 -0.033519 0.642903
1520616839.663219213 23.740520 4.430007 -7.177102 -0.039954 0.761242 -0.041014 0.645935
1520616839.712883234 23.794800 4.410175 -7.198769 -0.018089 0.763302 -0.047129 0.644066
1520616839.762885332 23.845247 4.391988 -7.231855 0.004032 0.767125 -0.052360 0.639344
1520616839.812886477 23.889374 4.373771 -7.262583 0.022295 0.772207 -0.057839 0.632340
1520616839.862888336 23.938943 4.351871 -7.302608 0.032060 0.782831 -0.063594 0.618145
1520616839.912935257 23.980634 4.334969 -7.350370 0.036182 0.797261 -0.070296 0.598435
1520616839.962891340 24.016192 4.327227 -7.398284 0.035867 0.814946 -0.076927 0.573288
1520616840.012892246 24.033403 4.310963 -7.458739 0.031698 0.828900 -0.083387 0.552238
1520616840.062894344 24.070779 4.304788 -7.516137 0.031353 0.841025 -0.096872 0.531328
1520616840.112398863 24.104079 4.297469 -7.578115 0.026646 0.851270 -0.111637 0.512022
1520616840.162400961 24.127158 4.292203 -7.642441 0.014590 0.860140 -0.127216 0.493724
1520616840.212402105 24.150582 4.284752 -7.707214 0.002993 0.868636 -0.137353 0.476022
1520616840.262403965 24.172664 4.289323 -7.777413 -0.011791 0.874132 -0.142035 0.464307
1520616840.312405825 24.194027 4.286107 -7.841610 -0.028451 0.878178 -0.140016 0.456497
1520616840.362406969 24.219983 4.278073 -7.901146 -0.046007 0.879500 -0.144187 0.451191
1520616840.412408829 24.246750 4.284145 -7.958018 -0.063996 0.877706 -0.158656 0.447620
1520616840.462409973 24.280495 4.270959 -8.013870 -0.082904 0.873488 -0.176136 0.446230
1520616840.512948751 24.314014 4.247008 -8.056951 -0.101069 0.867216 -0.193776 0.447407
1520616840.562949896 24.350225 4.233652 -8.107288 -0.117049 0.858621 -0.216388 0.449717
1520616840.612951994 24.381982 4.214188 -8.150034 -0.135056 0.850464 -0.233773 0.451466
1520616840.662953854 24.415181 4.192172 -8.197353 -0.152968 0.841487 -0.249982 0.453882
1520616840.712954998 24.456046 4.177429 -8.242367 -0.171918 0.831322 -0.265743 0.456868
1520616840.762956858 24.509069 4.165975 -8.274661 -0.190750 0.817466 -0.283994 0.463369
1520616840.812958002 24.553349 4.147538 -8.301342 -0.208791 0.799538 -0.304300 0.473864
1520616840.862959862 24.612693 4.138577 -8.321800 -0.221728 0.776280 -0.331531 0.488173
1520616840.913885832 24.680492 4.113582 -8.322811 -0.235804 0.749253 -0.353576 0.507937
1520616840.963887930 24.741054 4.097179 -8.339182 -0.248632 0.717532 -0.374403 0.532121
1520616841.013888836 24.794043 4.089286 -8.349520 -0.255014 0.684940 -0.393353 0.557762
1520616841.063889742 24.866549 4.062428 -8.333934 -0.263202 0.650941 -0.404710 0.585841
1520616841.113891840 24.919645 4.052027 -8.319410 -0.270543 0.616109 -0.415114 0.612288
1520616841.163893938 24.971319 4.050701 -8.308859 -0.278373 0.579066 -0.420977 0.640288
1520616841.213894844 25.022855 4.055385 -8.298720 -0.284612 0.541704 -0.417811 0.671556
1520616841.263895988 25.074891 4.069990 -8.284333 -0.285983 0.509445 -0.408139 0.701499
1520616841.313215733 25.131089 4.073664 -8.269400 -0.288018 0.477203 -0.394412 0.730590
1520616841.363217831 25.194318 4.065609 -8.242338 -0.290931 0.445834 -0.377739 0.757565
1520616841.413218737 25.251946 4.086967 -8.232137 -0.284912 0.415944 -0.363680 0.783296
1520616841.463220835 25.295904 4.111354 -8.221974 -0.272140 0.388162 -0.350754 0.807614
1520616841.513221741 25.389338 4.145848 -8.191613 -0.255762 0.351725 -0.339875 0.833883
1520616841.563284874 25.433783 4.152876 -8.164186 -0.247320 0.320036 -0.321769 0.856081
1520616841.613224745 25.444894 4.174623 -8.123925 -0.241930 0.295599 -0.297186 0.875084
1520616841.663226604 25.486072 4.191603 -8.097861 -0.237537 0.267859 -0.274822 0.892357
1520616841.713227987 25.498492 4.217916 -8.064512 -0.232580 0.250675 -0.250070 0.905833
1520616841.762060165 25.531462 4.222966 -8.037362 -0.232375 0.232597 -0.223436 0.917593
1520616841.812061071 25.576269 4.255155 -8.032286 -0.226057 0.212296 -0.193704 0.930757
1520616841.862063169 25.599044 4.262026 -8.009247 -0.225149 0.191994 -0.158881 0.941914
1520616841.912065029 25.614989 4.258403 -7.977585 -0.224746 0.175548 -0.126409 0.950102
1520616841.962065935 25.633457 4.268997 -7.945706 -0.219949 0.162906 -0.098931 0.956711
1520616842.012068272 25.643011 4.269433 -7.922735 -0.217925 0.155808 -0.074842 0.960537
1520616842.062069178 25.669417 4.296259 -7.892208 -0.210921 0.148232 -0.045949 0.965105
1520616842.112071037 25.691452 4.311561 -7.863698 -0.210070 0.136493 -0.016214 0.967976
1520616842.161650896 25.699667 4.328716 -7.825893 -0.214758 0.127279 0.006910 0.968314
1520616842.211652756 25.705016 4.360248 -7.796624 -0.220920 0.117848 0.027183 0.967764
1520616842.261654854 25.717423 4.376996 -7.756572 -0.228626 0.108007 0.057324 0.965805
1520616842.311655760 25.721783 4.409640 -7.724915 -0.230430 0.097750 0.092421 0.963746
1520616842.361657619 25.728513 4.446863 -7.682959 -0.229753 0.088716 0.128442 0.960649
1520616842.411658764 25.689535 4.420198 -7.602496 -0.234303 0.083655 0.165385 0.954333
1520616842.461660862 25.694084 4.440445 -7.569871 -0.232497 0.071678 0.191539 0.950852
1520616842.511662722 25.706904 4.480950 -7.532156 -0.230456 0.055436 0.210746 0.948368
1520616842.561522484 25.705502 4.501492 -7.500197 -0.234077 0.035144 0.229174 0.944167
1520616842.611523628 25.724919 4.489987 -7.460042 -0.244771 0.009617 0.245368 0.937971
1520616842.661525488 25.709024 4.515109 -7.411602 -0.248004 -0.005624 0.257379 0.933926
1520616842.711527586 25.723725 4.534948 -7.371509 -0.251241 -0.030096 0.267700 0.929682
1520616842.761529446 25.725366 4.554099 -7.336968 -0.251888 -0.047559 0.278117 0.925711
1520616842.811530590 25.726708 4.560491 -7.294440 -0.253431 -0.063052 0.284844 0.922313
1520616842.861531496 25.720021 4.571898 -7.257656 -0.255395 -0.079028 0.287127 0.919829
1520616842.911533594 25.726614 4.595705 -7.220936 -0.257455 -0.099935 0.281454 0.918974
1520616842.961703062 25.718200 4.621828 -7.178809 -0.257706 -0.116976 0.272594 0.919563
1520616843.011704206 25.706189 4.650581 -7.141237 -0.252745 -0.134455 0.260054 0.922179
1520616843.061706066 25.717566 4.666935 -7.102882 -0.248426 -0.156685 0.243207 0.924438
1520616843.111707926 25.724541 4.693200 -7.057767 -0.237801 -0.176504 0.222926 0.928763
1520616843.161709070 25.727227 4.718984 -7.011359 -0.223837 -0.194493 0.201861 0.933446
1520616843.211785078 25.721628 4.742177 -6.964763 -0.207598 -0.212434 0.182506 0.937265
1520616843.261712074 25.716507 4.759640 -6.919491 -0.191805 -0.230999 0.158830 0.940544
1520616843.311713219 25.710404 4.776257 -6.873935 -0.172740 -0.250631 0.129961 0.943639
1520616843.361652851 25.697134 4.795537 -6.832949 -0.156086 -0.272870 0.108852 0.943043
1520616843.411653996 25.683642 4.812180 -6.788516 -0.147717 -0.300311 0.090532 0.937975
1520616843.461655855 25.668070 4.833189 -6.753689 -0.139706 -0.323860 0.072023 0.932957
1520616843.511657715 25.643285 4.842899 -6.717532 -0.135776 -0.343132 0.055701 0.927751
1520616843.561658859 25.612905 4.859906 -6.682380 -0.132628 -0.357497 0.044460 0.923379
1520616843.611660957 25.577594 4.887332 -6.647755 -0.129801 -0.371043 0.038318 0.918700
1520616843.661661863 25.540275 4.906693 -6.620878 -0.127552 -0.384454 0.037571 0.913517
1520616843.711663961 25.496380 4.920667 -6.584704 -0.123114 -0.397728 0.038528 0.908389
1520616843.761664867 25.462376 4.934657 -6.559449 -0.116328 -0.415274 0.048015 0.900950
1520616843.811615944 25.417730 4.944522 -6.541118 -0.112318 -0.432109 0.063680 0.892531
1520616843.861617804 25.373230 4.941487 -6.521698 -0.110774 -0.445665 0.082094 0.884518
1520616843.911618948 25.329528 4.944013 -6.504680 -0.112676 -0.454733 0.104516 0.877268
1520616843.961620808 25.282013 4.945285 -6.481360 -0.116219 -0.457343 0.128559 0.872240
1520616844.011621952 25.235079 4.937346 -6.457300 -0.122799 -0.455369 0.152923 0.868432
1520616844.061623812 25.188570 4.935928 -6.436786 -0.132768 -0.450513 0.172652 0.865796
1520616844.111624718 25.138146 4.935543 -6.420902 -0.146783 -0.443430 0.188451 0.863893
1520616844.161627054 25.087964 4.933891 -6.399990 -0.165914 -0.435460 0.200969 0.861660
1520616844.211800814 25.036024 4.943818 -6.378491 -0.182995 -0.426337 0.213014 0.859869
1520616844.261802912 24.987746 4.948418 -6.354679 -0.199190 -0.414521 0.221933 0.859792
1520616844.311803818 24.943941 4.952834 -6.321818 -0.209988 -0.395109 0.228668 0.864584
1520616844.361805916 24.901493 4.948546 -6.277865 -0.219886 -0.365993 0.237001 0.872657
1520616844.411806822 24.861477 4.948797 -6.236001 -0.224773 -0.333221 0.248811 0.881212
1520616844.461808681 24.831355 4.956036 -6.190729 -0.229969 -0.294604 0.256328 0.891414
1520616844.511809826 24.801471 4.968442 -6.146626 -0.236155 -0.247725 0.260568 0.902755
1520616844.561810732 24.779731 4.972053 -6.097784 -0.246525 -0.201516 0.265888 0.909901
1520616844.612122774 24.767519 4.964184 -6.011160 -0.263417 -0.158075 0.266564 0.913546
1520616844.662124634 24.730960 4.940876 -5.925756 -0.284116 -0.109311 0.264002 0.915222
1520616844.712125540 24.714949 4.977398 -5.885198 -0.285467 -0.072526 0.264230 0.918385
1520616844.762127638 24.703179 5.013338 -5.851196 -0.288094 -0.035881 0.263458 0.919948
1520616844.812128544 24.690468 5.036398 -5.801551 -0.291728 0.001701 0.264615 0.919168
1520616844.862220526 24.684342 5.066792 -5.757636 -0.289168 0.036421 0.262228 0.919941
1520616844.912131786 24.670716 5.084186 -5.706738 -0.285491 0.070745 0.259060 0.919988
1520616844.962133646 24.684280 5.117324 -5.619838 -0.281925 0.109911 0.253113 0.918897
1520616845.012325287 24.722962 5.157637 -5.554321 -0.275349 0.143689 0.251193 0.916754
1520616845.062327385 24.734295 5.195922 -5.530221 -0.264570 0.172870 0.249499 0.915352
1520616845.112329245 24.769071 5.179620 -5.512275 -0.260851 0.199308 0.248675 0.911259
1520616845.162330151 24.787152 5.204132 -5.477420 -0.248725 0.229104 0.238376 0.910398
1520616845.212332487 24.802513 5.228582 -5.443240 -0.232096 0.257297 0.224938 0.910677
1520616845.262333393 24.814541 5.248873 -5.404042 -0.215727 0.284567 0.205967 0.911077
1520616845.312335253 24.831714 5.276341 -5.368949 -0.196544 0.307801 0.186418 0.912073
1520616845.362336397 24.847702 5.301106 -5.339027 -0.180935 0.325702 0.168078 0.912650
1520616845.412337542 24.866668 5.323372 -5.312799 -0.168510 0.340936 0.148588 0.912846
1520616845.462339640 24.887624 5.343399 -5.284085 -0.161199 0.355720 0.128099 0.911630
1520616845.512340546 24.910671 5.359214 -5.263614 -0.154792 0.367085 0.110887 0.910490
1520616845.562342405 24.934550 5.373723 -5.241529 -0.149223 0.377501 0.094432 0.909015
1520616845.612343550 24.966566 5.394007 -5.221899 -0.144836 0.389681 0.073440 0.906519
1520616845.662345648 24.996095 5.408812 -5.193622 -0.147715 0.402371 0.050204 0.902085
1520616845.712346792 25.029034 5.421724 -5.166883 -0.150977 0.414452 0.032994 0.896854
1520616845.762348652 25.067050 5.446291 -5.152576 -0.156719 0.418494 0.014447 0.894479
1520616845.812120676 25.090315 5.441331 -5.135933 -0.171283 0.427553 0.003550 0.887608
1520616845.862122536 25.134265 5.471044 -5.120337 -0.174671 0.435281 -0.003184 0.883182
1520616845.912123680 25.176477 5.490393 -5.118261 -0.176310 0.442257 -0.008728 0.879345
1520616845.962124586 25.214083 5.513311 -5.116194 -0.174856 0.448653 -0.013267 0.876333
1520616846.012126446 25.255503 5.542459 -5.098463 -0.173526 0.457777 -0.013852 0.871858
1520616846.062128782 25.293190 5.555581 -5.082242 -0.176370 0.465406 -0.017817 0.867164
1520616846.112129688 25.324913 5.580841 -5.040064 -0.175585 0.468677 -0.026426 0.865340
1520616846.162130594 25.347706 5.596609 -4.995030 -0.175783 0.474103 -0.034195 0.862066
1520616846.212132692 25.376506 5.608958 -4.971324 -0.172778 0.476021 -0.038072 0.861454
1520616846.261890650 25.411146 5.618213 -4.951837 -0.169638 0.471810 -0.042106 0.864202
1520616846.311891556 25.427609 5.627062 -4.892880 -0.169287 0.479170 -0.044579 0.860088
1520616846.361893415 25.456444 5.642505 -4.853125 -0.166574 0.479220 -0.046326 0.860497
1520616846.411895752 25.484204 5.657781 -4.809015 -0.164820 0.481051 -0.049611 0.859630
1520616846.461896658 25.513990 5.679847 -4.769050 -0.160172 0.481384 -0.054336 0.860036
1520616846.512002707 25.546892 5.701828 -4.729857 -0.154485 0.483791 -0.060568 0.859309
1520616846.561899662 25.576252 5.726418 -4.687872 -0.147004 0.488645 -0.067133 0.857385
1520616846.611900568 25.604755 5.746086 -4.653998 -0.141614 0.494271 -0.074046 0.854493
1520616846.661718130 25.640268 5.773955 -4.618990 -0.134444 0.496832 -0.080389 0.853593
1520616846.711720228 25.669617 5.794449 -4.574530 -0.134789 0.506254 -0.085937 0.847439
1520616846.761721134 25.707345 5.824742 -4.548468 -0.136425 0.512742 -0.090769 0.842760
1520616846.811722994 25.744355 5.854371 -4.522825 -0.138673 0.521465 -0.094927 0.836560
1520616846.861724138 25.775243 5.872833 -4.483908 -0.145759 0.538198 -0.100113 0.824060
1520616846.911726236 25.802455 5.889950 -4.446526 -0.151823 0.554421 -0.103183 0.811739
1520616846.961727381 25.834384 5.912061 -4.411962 -0.154950 0.571595 -0.105690 0.798811
1520616847.011729240 25.867640 5.937922 -4.379441 -0.154912 0.589013 -0.108880 0.785628
1520616847.061585426 25.900901 5.961799 -4.343055 -0.151883 0.602483 -0.109461 0.775864
1520616847.111586332 25.933640 5.983759 -4.303270 -0.146275 0.612634 -0.111398 0.768683
1520616847.161588430 25.965534 6.002091 -4.256523 -0.143560 0.623560 -0.115346 0.759775
1520616847.211589575 25.996833 6.020561 -4.225527 -0.140471 0.631490 -0.117744 0.753408
1520616847.261591434 26.028003 6.038545 -4.199925 -0.139301 0.643876 -0.119976 0.742714
1520616847.311593294 26.060838 6.055631 -4.165991 -0.136618 0.658038 -0.119806 0.730731
1520616847.361594439 26.088404 6.067985 -4.132034 -0.136615 0.666627 -0.119027 0.723033
1520616847.411595345 26.115686 6.081796 -4.097933 -0.139335 0.673366 -0.121110 0.715888
1520616847.461848259 26.146085 6.091529 -4.069680 -0.143332 0.681294 -0.126957 0.706524
1520616847.511849165 26.175382 6.100711 -4.039310 -0.145255 0.689709 -0.134544 0.696492
1520616847.561851263 26.209174 6.112970 -4.013272 -0.145524 0.696011 -0.143761 0.688276
1520616847.611853123 26.245603 6.121771 -3.981440 -0.141065 0.701868 -0.157081 0.680300
1520616847.661854029 26.286179 6.130382 -3.940438 -0.127955 0.711297 -0.179183 0.667516
1520616847.711855173 26.322960 6.122907 -3.916670 -0.113044 0.717361 -0.199887 0.657768
1520616847.761857033 26.359801 6.111728 -3.877927 -0.098064 0.720732 -0.222291 0.649243
1520616847.811857939 26.407356 6.094550 -3.843217 -0.084495 0.724747 -0.239159 0.640628
1520616847.862051725 26.440812 6.076795 -3.802493 -0.079449 0.733230 -0.245881 0.628970
1520616847.912052870 26.482643 6.071179 -3.785762 -0.077088 0.740677 -0.250670 0.618562
1520616847.962054729 26.522480 6.058154 -3.760525 -0.080041 0.748357 -0.251897 0.608361
1520616848.012055874 26.552528 6.058753 -3.745559 -0.076007 0.753253 -0.257433 0.600467
1520616848.062057734 26.584974 6.048042 -3.729352 -0.064254 0.759671 -0.263028 0.591259
1520616848.112060785 26.617559 6.036403 -3.721923 -0.045706 0.765175 -0.268914 0.583185
1520616848.162060976 26.651491 6.021791 -3.703748 -0.022559 0.771988 -0.269777 0.575106
1520616848.212061882 26.683513 6.010027 -3.693581 0.003064 0.780173 -0.269458 0.564547
1520616848.262063742 26.711952 5.998003 -3.685152 0.026363 0.791437 -0.265351 0.550019
1520616848.311651468 26.735294 5.991608 -3.689307 0.048015 0.806528 -0.261419 0.528079
1520616848.361652374 26.757661 5.988934 -3.697315 0.067308 0.823043 -0.260408 0.500258
1520616848.411654472 26.779920 5.979780 -3.705863 0.081327 0.839359 -0.259522 0.470650
1520616848.461655378 26.794690 5.958518 -3.715146 0.093553 0.856167 -0.256593 0.438618
1520616848.511657238 26.800804 5.938435 -3.732826 0.105487 0.872709 -0.253895 0.403472
1520616848.561658382 26.794465 5.924208 -3.759447 0.120627 0.887139 -0.254667 0.365484
1520616848.611660480 26.791159 5.913515 -3.785852 0.136422 0.899228 -0.260510 0.323903
1520616848.661662340 26.779932 5.902159 -3.817887 0.152662 0.909012 -0.270190 0.278189
1520616848.711436987 26.766496 5.907075 -3.860524 0.164235 0.917543 -0.284471 0.224094
1520616848.761439085 26.730057 5.907858 -3.897830 0.176106 0.923765 -0.292083 0.174160
1520616848.811439991 26.695163 5.915569 -3.938141 0.186042 0.927894 -0.297381 0.126351
1520616848.861441851 26.659878 5.912743 -3.969004 0.192694 0.931655 -0.297011 0.081681
1520616848.911442995 26.621925 5.905471 -3.997213 0.195436 0.934345 -0.295595 0.037774
1520616848.961444855 26.581315 5.903603 -4.030417 0.194692 0.934319 -0.298379 -0.010632
1520616849.011445761 26.515218 5.897586 -4.042175 0.195827 0.931706 -0.301289 -0.052931
1520616849.061448097 26.444007 5.893116 -4.062487 0.184228 0.929253 -0.304262 -0.099865
1520616849.111587048 26.398585 5.898224 -4.091094 0.171802 0.922249 -0.312888 -0.148463
1520616849.161587954 26.346758 5.895490 -4.120794 0.158267 0.914422 -0.318344 -0.193495
1520616849.211590052 26.287273 5.893411 -4.147595 0.139926 0.906774 -0.320800 -0.235092
1520616849.261592150 26.230031 5.893221 -4.171203 0.120243 0.901807 -0.317011 -0.267935
1520616849.311594009 26.169540 5.898771 -4.198914 0.097448 0.897415 -0.310728 -0.297654
1520616849.361594915 26.113724 5.902060 -4.218789 0.073329 0.893553 -0.300137 -0.325734
1520616849.411596060 26.055620 5.899366 -4.235874 0.045382 0.889506 -0.287843 -0.351947
1520616849.461598158 26.015041 5.900785 -4.257478 0.019082 0.884120 -0.276731 -0.376016
1520616849.512424469 25.958541 5.893376 -4.273893 -0.012404 0.878401 -0.270210 -0.394011
1520616849.562426567 25.909836 5.879749 -4.291710 -0.044443 0.872288 -0.266481 -0.407586
1520616849.612427711 25.868827 5.863381 -4.311767 -0.077672 0.865039 -0.263303 -0.419936
1520616849.662429571 25.834306 5.843797 -4.327992 -0.108601 0.860381 -0.261018 -0.424052
1520616849.712430477 25.793978 5.821352 -4.345849 -0.138690 0.856176 -0.260694 -0.423989
1520616849.762432575 25.765152 5.795203 -4.369917 -0.169264 0.851079 -0.260442 -0.423302
1520616849.812433481 25.733909 5.771536 -4.399944 -0.203710 0.844850 -0.262599 -0.419252
1520616849.862435341 25.714599 5.736889 -4.422181 -0.238429 0.839821 -0.261243 -0.411831
1520616849.912245035 25.696000 5.708033 -4.458405 -0.268357 0.835625 -0.263031 -0.400662
1520616849.962246180 25.680998 5.671181 -4.483049 -0.291764 0.836263 -0.264018 -0.381881
1520616850.012248278 25.679334 5.648051 -4.514718 -0.306875 0.839072 -0.268688 -0.359990
1520616850.062249422 25.676395 5.614821 -4.545964 -0.319186 0.842809 -0.273935 -0.335786
1520616850.112251282 25.682997 5.586339 -4.588223 -0.328793 0.845436 -0.283207 -0.311332
1520616850.162252188 25.692076 5.560719 -4.631152 -0.337138 0.848682 -0.294791 -0.281381
1520616850.212254286 25.711281 5.539604 -4.678096 -0.339742 0.853544 -0.306906 -0.248691
1520616850.262256145 25.731807 5.516336 -4.717706 -0.336884 0.861000 -0.316432 -0.212269
1520616850.311942101 25.743669 5.502986 -4.763029 -0.329875 0.867383 -0.329523 -0.173910
1520616850.361944199 25.755433 5.484072 -4.802742 -0.315318 0.875288 -0.340412 -0.136253
1520616850.411945105 25.764984 5.472713 -4.847435 -0.301342 0.881759 -0.349229 -0.098651
1520616850.461947203 25.778165 5.460278 -4.886309 -0.283880 0.888755 -0.354675 -0.061088
1520616850.511948109 25.797301 5.447854 -4.925965 -0.262560 0.897249 -0.354216 -0.023177
1520616850.561949968 25.804727 5.433299 -4.959418 -0.240281 0.904689 -0.351495 0.015953
1520616850.611952305 25.815363 5.422641 -4.997354 -0.217865 0.910453 -0.348080 0.049501
1520616850.661953211 25.825361 5.406255 -5.024860 -0.192723 0.914976 -0.344888 0.082036
1520616850.711955070 25.833599 5.386410 -5.055283 -0.171486 0.917296 -0.342209 0.109785
1520616850.761771917 25.848876 5.367735 -5.085783 -0.152711 0.918675 -0.338952 0.133515
1520616850.811773777 25.852491 5.343975 -5.116834 -0.135175 0.919639 -0.334421 0.155419
1520616850.861775637 25.851895 5.318006 -5.154037 -0.117440 0.918768 -0.333910 0.174866
1520616850.911776781 25.851708 5.290994 -5.182231 -0.100399 0.917911 -0.331593 0.193407
1520616850.961778879 25.838168 5.260502 -5.216603 -0.089568 0.916926 -0.326575 0.211125
1520616851.011780739 25.820996 5.230310 -5.249639 -0.085673 0.916027 -0.322780 0.222188
1520616851.061781883 25.801626 5.193201 -5.283220 -0.086829 0.913597 -0.322069 0.232537
1520616851.111782789 25.788193 5.151846 -5.305705 -0.092111 0.911316 -0.323295 0.237694
1520616851.161724091 25.757492 5.120295 -5.344529 -0.099368 0.907553 -0.329081 0.241204
1520616851.211726189 25.726162 5.090997 -5.385062 -0.110757 0.903304 -0.336172 0.242410
1520616851.261727095 25.689754 5.059458 -5.423053 -0.121134 0.900478 -0.341481 0.240534
1520616851.311729193 25.655943 5.035591 -5.464939 -0.130267 0.897604 -0.343783 0.243211
1520616851.361730099 25.622408 5.021391 -5.509819 -0.141265 0.895454 -0.343048 0.246016
1520616851.411731958 25.582610 5.003295 -5.553099 -0.155296 0.893761 -0.337536 0.251285
1520616851.461733103 25.541890 4.991417 -5.602006 -0.167343 0.891853 -0.332113 0.257481
1520616851.511735201 25.493288 4.982142 -5.651553 -0.178230 0.891516 -0.323431 0.262346
1520616851.561553717 25.447829 4.972223 -5.685367 -0.190024 0.891948 -0.312082 0.266317
1520616851.611555576 25.402451 4.975927 -5.747559 -0.194203 0.892171 -0.298119 0.278282
1520616851.661556721 25.363049 4.967650 -5.789800 -0.199959 0.890959 -0.285198 0.291325
1520616851.711558819 25.334522 4.973399 -5.844687 -0.203577 0.887075 -0.283916 0.301737
1520616851.761559725 25.306941 4.960874 -5.886393 -0.212916 0.883095 -0.282028 0.308660
1520616851.811561823 25.281498 4.955185 -5.932325 -0.222288 0.879629 -0.273989 0.319014
1520616851.861563683 25.260382 4.967011 -5.972135 -0.233909 0.880824 -0.259157 0.319802
1520616851.911564589 25.247579 4.986550 -6.027438 -0.244645 0.884646 -0.234813 0.320020
1520616851.961753368 25.249048 5.021282 -6.102833 -0.239654 0.888021 -0.209028 0.332101
1520616852.011754513 25.249283 5.033791 -6.152530 -0.235430 0.891364 -0.185995 0.339776
1520616852.061756611 25.256708 5.036975 -6.188594 -0.229319 0.894443 -0.172393 0.343024
1520616852.111757517 25.274539 5.048926 -6.231700 -0.219628 0.895772 -0.168733 0.347684
1520616852.161759615 25.297128 5.064365 -6.273553 -0.212679 0.896058 -0.168985 0.351129
1520616852.211760521 25.322626 5.080015 -6.308106 -0.202672 0.895789 -0.165143 0.359463
1520616852.261762381 25.349499 5.091583 -6.341523 -0.192012 0.895481 -0.157262 0.369478
1520616852.311764479 25.381494 5.103228 -6.363085 -0.187383 0.895269 -0.150366 0.375194
1520616852.362338543 25.413868 5.105615 -6.374482 -0.187864 0.893734 -0.140792 0.382261
1520616852.412341833 25.455273 5.116653 -6.384726 -0.178397 0.893471 -0.127528 0.391945
1520616852.462342739 25.506985 5.106649 -6.392527 -0.165298 0.890436 -0.111302 0.409161
1520616852.512343645 25.558945 5.109857 -6.394117 -0.153632 0.884185 -0.099012 0.429895
1520616852.562344790 25.604006 5.090897 -6.389862 -0.154495 0.872637 -0.095675 0.453301
1520616852.612347841 25.648533 5.084208 -6.390350 -0.155588 0.861106 -0.100515 0.473482
1520616852.662348747 25.699731 5.064720 -6.398780 -0.154604 0.851309 -0.106963 0.489826
1520616852.712349892 25.750582 5.047879 -6.404411 -0.146537 0.844315 -0.110544 0.503426
1520616852.762365341 25.804962 5.028626 -6.409983 -0.133303 0.838651 -0.108919 0.516750
1520616852.812367201 25.859738 5.010184 -6.423627 -0.115537 0.832558 -0.107674 0.530947
1520616852.862368345 25.920046 5.015770 -6.435260 -0.095545 0.828163 -0.113519 0.540491
1520616852.912370205 25.971371 4.971395 -6.465074 -0.085348 0.823117 -0.119194 0.548622
1520616852.962371111 26.022319 4.977751 -6.487742 -0.068911 0.821746 -0.129902 0.550554
1520616853.012373447 26.065489 4.951383 -6.518682 -0.064974 0.823123 -0.136847 0.547284
1520616853.062377214 26.108306 4.925619 -6.551296 -0.069102 0.829956 -0.147708 0.533461
1520616853.112376213 26.148605 4.898418 -6.597408 -0.076734 0.835160 -0.163238 0.519590
1520616853.162377357 26.189214 4.883727 -6.649973 -0.080403 0.842818 -0.178531 0.501318
1520616853.211991310 26.188091 4.861417 -6.687981 -0.083878 0.854637 -0.185413 0.477684
1520616853.261992455 26.228555 4.869528 -6.750790 -0.079416 0.862876 -0.194739 0.459582
1520616853.311994553 26.261830 4.857792 -6.812693 -0.082405 0.871598 -0.195361 0.441996
1520616853.361995459 26.294950 4.863335 -6.871706 -0.088869 0.876606 -0.204726 0.426322
1520616853.411997557 26.336859 4.891127 -6.946134 -0.097676 0.875025 -0.223917 0.417914
1520616853.461999416 26.368553 4.889317 -6.995915 -0.118124 0.868901 -0.240035 0.416462
1520616853.512000322 26.408209 4.886022 -7.039672 -0.145500 0.856266 -0.263294 0.419899
1520616853.562002420 26.440443 4.863085 -7.064168 -0.176106 0.840133 -0.279136 0.430403
1520616853.612024307 26.479084 4.846771 -7.092596 -0.210763 0.819769 -0.301093 0.439204
1520616853.662026405 26.518366 4.838592 -7.119088 -0.240606 0.797962 -0.321925 0.449144
1520616853.712027311 26.537758 4.852017 -7.165730 -0.258380 0.775693 -0.338155 0.466037
1520616853.762029409 26.573455 4.844086 -7.175956 -0.279074 0.755665 -0.339758 0.485440
1520616853.812030315 26.620904 4.838563 -7.194131 -0.292816 0.733054 -0.333360 0.515521
1520616853.862032175 26.661374 4.846924 -7.197108 -0.303486 0.711950 -0.322751 0.544845
1520616853.912034512 26.708037 4.853983 -7.213680 -0.312660 0.686907 -0.313259 0.576431
1520616853.962035179 26.751134 4.864250 -7.227665 -0.320269 0.658917 -0.304041 0.608946
1520616854.012084723 26.798114 4.884731 -7.233962 -0.324782 0.629450 -0.294629 0.641485
1520616854.062087059 26.840762 4.896711 -7.241002 -0.327012 0.597473 -0.283727 0.674973
1520616854.112087965 26.883756 4.918602 -7.232331 -0.326711 0.565906 -0.271333 0.706674
1520616854.162089825 26.927588 4.939706 -7.229119 -0.321401 0.530649 -0.253249 0.742279
1520616854.212091923 26.965827 4.960577 -7.219783 -0.314557 0.495280 -0.230151 0.776390
1520616854.262092829 26.997968 4.976940 -7.204379 -0.309960 0.459482 -0.202793 0.807265
1520616854.312094927 27.029174 4.995319 -7.189050 -0.305264 0.422197 -0.174037 0.835628
1520616854.362096071 27.056286 5.014843 -7.175023 -0.298446 0.386796 -0.145220 0.860366
1520616854.412400961 27.087817 5.035334 -7.155636 -0.290355 0.351159 -0.116632 0.882484
1520616854.462402105 27.116202 5.052684 -7.133121 -0.281557 0.318165 -0.087851 0.900988
1520616854.512403011 27.138170 5.080413 -7.114586 -0.266259 0.288439 -0.062295 0.917621
1520616854.562404871 27.162347 5.104336 -7.093842 -0.250741 0.260921 -0.035949 0.931535
1520616854.612407207 27.165870 5.133183 -7.058092 -0.235132 0.237447 -0.012808 0.942427
1520616854.662408113 27.186005 5.151852 -7.034760 -0.217457 0.216176 0.011617 0.951759
1520616854.712421894 27.204585 5.173790 -7.006838 -0.204080 0.199179 0.037641 0.957738
1520616854.762411118 27.216219 5.189769 -6.977340 -0.195531 0.187718 0.062678 0.960521
1520616854.812415838 27.233689 5.203477 -6.951134 -0.190906 0.184288 0.085110 0.960390
1520616854.862416744 27.245861 5.218610 -6.928695 -0.191489 0.186186 0.105104 0.957925
1520616854.912418604 27.265542 5.230957 -6.901731 -0.196128 0.189200 0.124646 0.954044
1520616854.962419748 27.285576 5.253943 -6.879770 -0.197383 0.195598 0.145498 0.949532
1520616855.012421608 27.304982 5.274538 -6.850199 -0.197091 0.205527 0.160271 0.945107
1520616855.062423706 27.331305 5.293012 -6.829904 -0.195117 0.218238 0.164995 0.941848
1520616855.112424850 27.370214 5.312371 -6.808081 -0.193958 0.230995 0.161456 0.939656
1520616855.162426710 27.398176 5.332459 -6.787520 -0.194613 0.246027 0.146209 0.938200
1520616855.212263107 27.436350 5.354465 -6.766516 -0.198834 0.262418 0.122001 0.936332
1520616855.262264967 27.469914 5.378434 -6.745709 -0.202302 0.272010 0.098164 0.935654
1520616855.312266111 27.503163 5.386445 -6.718503 -0.209086 0.275992 0.071936 0.935380
1520616855.362267971 27.549306 5.399341 -6.695517 -0.214387 0.270440 0.041160 0.937660
1520616855.412268877 27.581207 5.393321 -6.664927 -0.219510 0.253884 0.009747 0.941946
1520616855.462270975 27.612415 5.405591 -6.626588 -0.220290 0.225519 -0.017896 0.948838
1520616855.512273073 27.627999 5.424567 -6.584584 -0.217890 0.195909 -0.043402 0.955123
1520616855.562273979 27.634538 5.440686 -6.547861 -0.215444 0.165028 -0.058678 0.960680
1520616855.612276077 27.654995 5.457183 -6.506572 -0.215287 0.129849 -0.068784 0.965432
1520616855.662197828 27.655332 5.480903 -6.477974 -0.209091 0.100186 -0.072929 0.970013
1520616855.712201118 27.654189 5.516294 -6.444052 -0.201870 0.064599 -0.065597 0.975076
1520616855.762202024 27.659546 5.541779 -6.405707 -0.195767 0.026330 -0.051146 0.978962
1520616855.812203884 27.653407 5.566540 -6.369078 -0.186464 -0.007004 -0.023958 0.982145
1520616855.862205029 27.641433 5.589418 -6.329125 -0.176553 -0.038830 0.014526 0.983418
1520616855.912206888 27.629126 5.604660 -6.295785 -0.168293 -0.066820 0.054859 0.981938
1520616855.962207794 27.616499 5.618909 -6.260030 -0.162348 -0.089113 0.093729 0.978221
1520616856.012212038 27.607954 5.634980 -6.229328 -0.155302 -0.098347 0.128351 0.974544
1520616856.062116861 27.602828 5.651355 -6.195409 -0.153963 -0.102759 0.160723 0.969486
1520616856.112119198 27.607789 5.663531 -6.156000 -0.156871 -0.096903 0.190758 0.964164
1520616856.162120104 27.610269 5.688099 -6.118346 -0.157949 -0.082978 0.216148 0.959920
1520616856.212121964 27.623519 5.717267 -6.082879 -0.160690 -0.056501 0.234645 0.957041
1520616856.262123108 27.633998 5.757881 -6.040218 -0.161946 -0.024315 0.246390 0.955235
1520616856.312124968 27.656388 5.799116 -5.995141 -0.163361 0.014510 0.249353 0.954424
1520616856.362149000 27.678209 5.839626 -5.950323 -0.161608 0.055379 0.248083 0.953557
1520616856.412128210 27.699310 5.902968 -5.907373 -0.152711 0.096843 0.245275 0.952440
1520616856.462024689 27.734242 5.944538 -5.869927 -0.149070 0.136416 0.231197 0.951692
1520616856.512027025 27.780437 5.977120 -5.836953 -0.151566 0.177421 0.208383 0.949803
1520616856.562027931 27.829455 6.007807 -5.798385 -0.154965 0.218928 0.178213 0.946729
1520616856.612029791 27.873107 6.005145 -5.761615 -0.163808 0.257849 0.152156 0.939962
1520616856.662031889 27.922160 6.040975 -5.728283 -0.163537 0.294476 0.122361 0.933578
1520616856.712032795 27.962884 6.073297 -5.696822 -0.162769 0.324752 0.091146 0.927219
1520616856.762035131 28.002498 6.087142 -5.663294 -0.167095 0.345582 0.063243 0.921223
1520616856.812036037 28.063118 6.101165 -5.703263 -0.165831 0.344853 0.035795 0.923198
1520616856.862337828 28.110922 6.116061 -5.670714 -0.168988 0.345151 0.007157 0.923181
1520616856.912338734 28.153103 6.137422 -5.636167 -0.171230 0.342945 -0.022954 0.923332
1520616856.962341070 28.196656 6.158746 -5.601570 -0.173006 0.337687 -0.048859 0.923931
1520616857.012341738 28.232490 6.182774 -5.564159 -0.172650 0.333728 -0.069931 0.924082
1520616857.062343836 28.268190 6.195990 -5.517877 -0.172668 0.327465 -0.085795 0.924982
1520616857.112345934 28.297408 6.212439 -5.474479 -0.171186 0.313888 -0.094907 0.929065
1520616857.162346840 28.318734 6.223128 -5.426839 -0.170190 0.292074 -0.097591 0.936058
1520616857.212348700 28.326845 6.230358 -5.377103 -0.167118 0.261851 -0.097691 0.945496
1520616857.263871908 28.341411 6.234401 -5.327740 -0.163103 0.217072 -0.088141 0.958388
1520616857.313873768 28.329486 6.235376 -5.279921 -0.155516 0.170872 -0.079512 0.969688
1520616857.363875628 28.326089 6.249346 -5.234833 -0.146036 0.113231 -0.064420 0.980664
1520616857.413877964 28.324615 6.247484 -5.194293 -0.136808 0.047738 -0.049815 0.988192
1520616857.463878632 28.313563 6.254897 -5.156323 -0.121889 -0.016438 -0.033734 0.991834
1520616857.513879538 28.299763 6.257423 -5.129831 -0.108087 -0.085328 -0.015987 0.990344
1520616857.563881874 28.279955 6.265610 -5.104716 -0.091512 -0.157719 0.006765 0.983211
1520616857.613883734 28.241213 6.287553 -5.097336 -0.071855 -0.223783 0.028178 0.971578
1520616857.663657904 28.218153 6.304120 -5.097631 -0.057175 -0.290916 0.044778 0.953988
1520616857.713659763 28.192229 6.315429 -5.104651 -0.050861 -0.357133 0.065969 0.930332
1520616857.763660669 28.168265 6.324759 -5.114012 -0.050175 -0.428666 0.085994 0.897960
1520616857.813661814 28.151276 6.328545 -5.131123 -0.049901 -0.495489 0.095815 0.861870
1520616857.863668919 28.132372 6.331121 -5.161816 -0.051126 -0.553544 0.106886 0.824348
1520616857.913665533 28.102198 6.335924 -5.187932 -0.056479 -0.613681 0.117528 0.778712
1520616857.963666677 28.086241 6.334823 -5.228893 -0.058305 -0.665686 0.125596 0.733272
1520616858.013697624 28.078547 6.331827 -5.263228 -0.060507 -0.716200 0.135435 0.681948
1520616858.063669682 28.057877 6.326144 -5.335595 -0.056733 -0.757354 0.147571 0.633577
1520616858.112438202 28.051193 6.311604 -5.377529 -0.053023 -0.794999 0.156651 0.583631
1520616858.162439108 28.040353 6.301960 -5.420949 -0.047558 -0.828038 0.166838 0.533157
1520616858.212440968 28.033080 6.282628 -5.467530 0.045809 0.855274 -0.172934 -0.486314
1520616858.262443066 28.023443 6.266234 -5.522183 0.042808 0.878108 -0.178117 -0.442005
1520616858.312443972 28.003712 6.248072 -5.564144 0.041736 0.896548 -0.183116 -0.401159
1520616858.362445831 28.001417 6.225281 -5.617993 0.045018 0.909016 -0.188139 -0.369144
1520616858.412446976 27.996291 6.199277 -5.681937 0.049003 0.916918 -0.195033 -0.344705
1520616858.462449074 27.983583 6.170419 -5.726404 0.051982 0.923522 -0.201513 -0.322176
1520616858.512493134 27.975380 6.135047 -5.769879 0.055773 0.927745 -0.211245 -0.302579
1520616858.562494993 27.971781 6.088557 -5.810773 0.061037 0.930982 -0.221052 -0.284046
1520616858.612495899 27.966035 6.059021 -5.858212 0.062321 0.932756 -0.232925 -0.268007
1520616858.662498236 27.958024 6.031606 -5.904166 0.064186 0.933285 -0.246054 -0.253607
1520616858.712500095 27.944682 6.000916 -5.949533 0.068620 0.933544 -0.256866 -0.240432
1520616858.762501001 27.935319 5.973753 -5.993956 0.075289 0.933377 -0.266918 -0.227801
1520616858.812503099 27.917200 5.951654 -6.035421 0.081916 0.932575 -0.274532 -0.219603
1520616858.862504005 27.905038 5.926502 -6.069955 0.091234 0.931046 -0.278247 -0.217734
1520616858.912207603 27.884464 5.899069 -6.114252 0.097911 0.927966 -0.282187 -0.222852
1520616858.962209702 27.866658 5.871035 -6.160953 0.097961 0.925283 -0.284307 -0.231139
1520616859.012211561 27.844106 5.844347 -6.198691 0.088436 0.924555 -0.285189 -0.236739
1520616859.062212706 27.831772 5.806054 -6.210900 0.073385 0.927045 -0.280317 -0.237959
1520616859.112214565 27.794290 5.794835 -6.247824 0.045963 0.929935 -0.280692 -0.233066
1520616859.162215471 27.787561 5.765526 -6.276463 0.016188 0.934171 -0.276911 -0.224461
1520616859.212217808 27.770225 5.735103 -6.318998 -0.017135 0.937433 -0.275963 -0.211589
1520616859.262218475 27.760669 5.718449 -6.364960 -0.054680 0.939540 -0.275621 -0.195721
1520616859.312074900 27.750515 5.691902 -6.399762 -0.086532 0.941734 -0.272492 -0.177193
1520616859.362076759 27.747780 5.675100 -6.452720 -0.109431 0.943644 -0.270570 -0.156055
1520616859.412078619 27.740079 5.661625 -6.479334 -0.121842 0.948116 -0.263239 -0.130135
1520616859.462079763 27.736669 5.640575 -6.503009 -0.126694 0.953871 -0.250545 -0.106329
1520616859.512081861 27.732880 5.627898 -6.537491 -0.122668 0.958879 -0.241609 -0.084430
1520616859.562082767 27.743279 5.635048 -6.580132 -0.109119 0.962913 -0.237181 -0.068094
1520616859.612084866 27.769919 5.651590 -6.608649 -0.082970 0.966791 -0.236326 -0.050809
1520616859.662123919 27.764225 5.641097 -6.659064 -0.056808 0.969600 -0.235787 -0.032467
1520616859.712145329 27.766487 5.626745 -6.697241 -0.025536 0.971437 -0.234261 -0.027932
1520616859.762147427 27.752173 5.601306 -6.741458 0.008322 0.970936 -0.237485 -0.028544
1520616859.812148333 27.737592 5.577029 -6.777440 0.040222 0.969419 -0.239634 -0.034403
1520616859.862150431 27.731143 5.545694 -6.805482 0.074750 0.965840 -0.242814 -0.051063
1520616859.912151337 27.707598 5.517103 -6.847137 0.105191 0.959810 -0.248947 -0.075664
1520616859.962153196 27.667613 5.480222 -6.859446 0.128621 0.954805 -0.247778 -0.102032
1520616860.012154579 27.632106 5.465274 -6.896794 0.150785 0.945651 -0.252099 -0.139479
1520616860.062156439 27.593991 5.451513 -6.937263 0.170454 0.936018 -0.254720 -0.173011
1520616860.112157345 27.551975 5.442252 -6.986712 0.187757 0.924295 -0.259251 -0.207881
1520616860.162389517 27.499271 5.426347 -7.070023 0.200902 0.910892 -0.263399 -0.246039
1520616860.212391615 27.463363 5.386173 -7.114500 0.219119 0.897941 -0.257527 -0.281726
1520616860.262392521 27.407717 5.386912 -7.154658 0.228962 0.885250 -0.254003 -0.315263
1520616860.312394619 27.352291 5.381913 -7.185420 0.235409 0.872303 -0.248264 -0.349335
1520616860.362395525 27.295391 5.363167 -7.196424 0.236453 0.858584 -0.243752 -0.384070
1520616860.412397385 27.250901 5.353131 -7.226595 0.229708 0.843521 -0.244433 -0.419475
1520616860.462398529 27.208175 5.332520 -7.244118 0.220272 0.829758 -0.241867 -0.452197
1520616860.512400389 27.163560 5.309270 -7.251446 0.210664 0.817260 -0.235397 -0.481970
1520616860.563588381 27.108041 5.297881 -7.251279 -0.199408 -0.807524 0.233450 0.503630
1520616860.613591671 27.046181 5.287421 -7.253316 -0.181606 -0.801370 0.229858 0.521528
1520616860.663592577 26.994197 5.260974 -7.274069 -0.158749 -0.798044 0.221714 0.537370
1520616860.713593483 26.944622 5.259279 -7.291641 -0.125764 -0.799191 0.211752 0.548305
1520616860.763595581 26.893275 5.201912 -7.314177 -0.097545 -0.798478 0.203755 0.558033
1520616860.813597441 26.840187 5.174975 -7.324988 -0.059426 -0.801347 0.202835 0.559616
1520616860.863598585 26.794967 5.130328 -7.351007 -0.019558 -0.803895 0.206005 0.557613
1520616860.913600683 26.755985 5.098344 -7.378324 0.023052 -0.809568 0.209403 0.547922
1520616860.963305712 26.721998 5.059973 -7.395935 0.061135 -0.819948 0.206629 0.530333
1520616861.013308048 26.693360 5.016341 -7.428173 0.091836 -0.828883 0.203940 0.512764
1520616861.063308954 26.654922 4.982915 -7.467730 -0.116629 0.837376 -0.199225 -0.495489
1520616861.113310814 26.627924 4.954056 -7.508405 -0.130707 0.846820 -0.191698 -0.478605
1520616861.163311958 26.588216 4.941402 -7.535500 -0.142937 0.857261 -0.188259 -0.457418
1520616861.213313818 26.557986 4.948060 -7.603973 -0.159654 0.861346 -0.188659 -0.443848
1520616861.263315916 26.515582 4.945221 -7.685377 -0.170186 0.868509 -0.189683 -0.425147
1520616861.313362122 26.492561 4.908698 -7.752524 -0.169245 0.876938 -0.186986 -0.409112
1520616861.363450766 26.454364 4.914308 -7.815746 -0.162835 0.886265 -0.193326 -0.388131
1520616861.413452625 26.409776 4.930975 -7.897425 -0.153506 0.895155 -0.206969 -0.363727
1520616861.463454485 26.487635 4.854765 -7.970582 -0.111652 0.903487 -0.203841 -0.360131
1520616861.513455629 26.483198 4.826844 -8.032804 -0.084011 0.909639 -0.212278 -0.347039
1520616861.563457727 26.473323 4.794817 -8.097363 -0.062218 0.914490 -0.216270 -0.336250
1520616861.613458633 26.425949 4.808704 -8.155890 -0.047614 0.919647 -0.223988 -0.319080
1520616861.663460732 26.423745 4.757067 -8.198515 -0.021985 0.928312 -0.215065 -0.302489
1520616861.713461637 26.418751 4.738158 -8.265216 -0.003569 0.933607 -0.211459 -0.289224
1520616861.763943434 26.397695 4.708364 -8.323948 0.005891 0.939224 -0.205550 -0.274904
1520616861.813945532 26.385136 4.704158 -8.386698 0.012460 0.942735 -0.209110 -0.259555
1520616861.863946676 26.365229 4.670829 -8.434079 0.014189 0.945565 -0.212500 -0.246068
1520616861.913948536 26.339969 4.636604 -8.493269 0.014656 0.946654 -0.223960 -0.231244
1520616861.963949442 26.321201 4.598280 -8.537245 0.013046 0.946140 -0.234780 -0.222546
1520616862.013951540 26.280968 4.557494 -8.581661 0.008107 0.945098 -0.245983 -0.214980
1520616862.063952446 26.239035 4.508153 -8.615508 0.002186 0.944792 -0.249998 -0.211813
1520616862.113954306 26.198882 4.452711 -8.642716 0.000334 0.944179 -0.253816 -0.210007
1520616862.164565325 26.157274 4.405393 -8.672451 -0.000756 0.942364 -0.260845 -0.209544
1520616862.214567184 26.108304 4.352227 -8.694216 0.002300 0.940117 -0.267796 -0.210857
1520616862.264569521 26.073930 4.316356 -8.723217 0.007422 0.937423 -0.276547 -0.211434
1520616862.314571381 26.028471 4.281300 -8.747761 0.010085 0.935580 -0.282275 -0.211918
1520616862.364572287 25.975310 4.235537 -8.778301 0.015563 0.933978 -0.282674 -0.218035
1520616862.414574385 25.923924 4.207149 -8.808216 0.015038 0.933195 -0.279829 -0.224979
1520616862.464575291 25.868031 4.180803 -8.839736 0.015754 0.932806 -0.275206 -0.232132
1520616862.514576435 25.819847 4.165209 -8.881742 0.013281 0.931461 -0.271723 -0.241600
1520616862.564579487 25.761119 4.149039 -8.914079 0.013253 0.929431 -0.269711 -0.251474
1520616862.613606930 25.714694 4.117268 -8.936427 0.016805 0.927512 -0.266533 -0.261532
1520616862.663607836 25.657103 4.092647 -8.956668 0.012638 0.927321 -0.261669 -0.267293
1520616862.713609934 25.614211 4.066436 -8.984099 0.016546 0.928163 -0.254455 -0.271094
1520616862.763612032 25.568853 4.026706 -8.999097 0.018081 0.931398 -0.240373 -0.272748
1520616862.813612938 25.553068 3.995757 -9.049242 0.023887 0.933298 -0.223113 -0.280365
1520616862.863613844 25.534553 3.953001 -9.076237 0.029224 0.936121 -0.203702 -0.285182
1520616862.913615942 25.513989 3.915897 -9.107290 0.030748 0.937220 -0.189451 -0.291172
1520616862.963667870 25.497267 3.889621 -9.146707 0.030881 0.936853 -0.181960 -0.297058
1520616863.012676716 25.467671 3.900250 -9.215074 0.030105 0.935066 -0.186193 -0.300129
1520616863.062678576 25.453516 3.880998 -9.262270 0.031644 0.934077 -0.183912 -0.304427
1520616863.112679720 25.422223 3.874758 -9.323453 0.034827 0.932816 -0.185874 -0.306746
1520616863.162681580 25.397099 3.864439 -9.373010 0.046338 0.932301 -0.186622 -0.306332
1520616863.212682962 25.387976 3.828478 -9.419353 0.055303 0.933361 -0.179644 -0.305788
1520616863.262684822 25.378690 3.804043 -9.470680 0.058272 0.934122 -0.175696 -0.305207
1520616863.312685728 25.374231 3.769518 -9.520374 0.059120 0.935387 -0.173314 -0.302519
1520616863.362687826 25.375449 3.734457 -9.563021 0.061122 0.936868 -0.172882 -0.297749
1520616863.412424564 25.358249 3.696058 -9.610900 0.060822 0.938008 -0.178521 -0.290813
1520616863.462426424 25.335342 3.670128 -9.663034 0.062848 0.937958 -0.187434 -0.284875
1520616863.512428284 25.310198 3.635419 -9.709286 0.066327 0.937503 -0.195226 -0.280312
1520616863.562429428 25.285142 3.602439 -9.756100 0.070526 0.936991 -0.203279 -0.275231
1520616863.612431526 25.264116 3.568640 -9.801552 0.071492 0.937301 -0.210416 -0.268479
1520616863.662432671 25.228258 3.538682 -9.850089 0.065541 0.938150 -0.219857 -0.259310
1520616863.712434530 25.194308 3.512711 -9.892997 0.060895 0.937884 -0.229506 -0.252965
1520616863.762435436 25.163084 3.470879 -9.926015 0.053328 0.938129 -0.232128 -0.251370
1520616863.812206268 25.121003 3.444907 -9.971185 0.048490 0.938456 -0.239048 -0.244551
1520616863.862208128 25.083207 3.410000 -9.998867 0.048031 0.939629 -0.239487 -0.239658
1520616863.912209988 25.041061 3.386431 -10.032761 0.050781 0.941528 -0.238693 -0.232318
1520616863.962211132 24.993017 3.370106 -10.068157 0.051803 0.943398 -0.232386 -0.230898
1520616864.012212992 24.946346 3.356434 -10.102704 0.052077 0.945821 -0.221945 -0.231197
1520616864.062214136 24.883854 3.331832 -10.127252 0.049617 0.948785 -0.209062 -0.231601
1520616864.112216234 24.827112 3.336342 -10.159621 0.042107 0.949045 -0.206323 -0.234460
1520616864.162217140 24.781979 3.329312 -10.195007 0.031041 0.948930 -0.207011 -0.236039
1520616864.212392092 24.730913 3.320480 -10.235398 0.013007 0.948524 -0.208820 -0.237755
1520616864.262393236 24.681989 3.308563 -10.270133 -0.009994 0.948310 -0.210614 -0.237171
1520616864.312397242 24.647264 3.273121 -10.289447 -0.031716 0.948523 -0.210253 -0.234716
1520616864.362396002 24.616086 3.250144 -10.316095 -0.054450 0.948128 -0.213527 -0.229117
1520616864.412399292 24.591521 3.219876 -10.337505 -0.080418 0.947589 -0.215221 -0.222009
1520616864.462399006 24.564145 3.197132 -10.362413 -0.109002 0.947360 -0.217498 -0.208141
1520616864.512401342 24.550892 3.180501 -10.407853 -0.144872 0.946174 -0.219432 -0.188723
1520616864.562403202 24.545152 3.163166 -10.461194 -0.177489 0.946301 -0.221826 -0.154291
1520616864.612951994 24.547464 3.157355 -10.509374 -0.206232 0.945437 -0.227526 -0.108857
1520616864.662898064 24.557526 3.152861 -10.554513 -0.235474 0.941774 -0.232939 -0.057908
1520616864.712898970 24.576060 3.161047 -10.599915 -0.263288 0.933639 -0.242896 0.000274
1520616864.762900829 24.604502 3.169046 -10.640581 -0.282153 0.923415 -0.251883 0.065191
1520616864.812901974 24.635333 3.171386 -10.670091 -0.293649 0.911559 -0.254311 0.134748
1520616864.862903833 24.669371 3.179569 -10.698350 -0.295987 0.898178 -0.254804 0.201849
1520616864.912904739 24.714181 3.189804 -10.716659 -0.290412 0.884100 -0.248797 0.268567
1520616864.962907076 24.764370 3.201797 -10.712469 -0.283735 0.869185 -0.240158 0.326091
1520616865.012907982 24.819365 3.223559 -10.717490 -0.269606 0.853469 -0.232302 0.380709
1520616865.062542915 24.870497 3.249638 -10.722121 -0.250484 0.835655 -0.223521 0.434715
1520616865.112544775 24.931743 3.266114 -10.707388 -0.235097 0.818757 -0.211562 0.479175
1520616865.162545681 24.989829 3.284419 -10.694582 -0.216848 0.803165 -0.199757 0.517687
1520616865.212548018 25.041487 3.302157 -10.675670 -0.198526 0.791588 -0.187017 0.546810
1520616865.262548923 25.101483 3.319075 -10.670890 -0.179775 0.779850 -0.174518 0.573636
1520616865.312550783 25.153692 3.336371 -10.653903 -0.161892 0.774223 -0.162136 0.589985
1520616865.362551928 25.205757 3.353182 -10.639021 -0.141058 0.770200 -0.149296 0.603825
1520616865.412553787 25.255636 3.366454 -10.620991 -0.119021 0.767474 -0.135878 0.615106
1520616865.462522745 25.305465 3.370850 -10.602356 -0.097733 0.767809 -0.123995 0.620921
1520616865.512523651 25.356188 3.379673 -10.591449 -0.073433 0.771764 -0.114021 0.621279
1520616865.562525749 25.407914 3.389961 -10.586112 -0.049428 0.777000 -0.102726 0.619093
1520616865.612527609 25.458359 3.396446 -10.578487 -0.029152 0.782940 -0.090762 0.614750
1520616865.662528515 25.509849 3.402619 -10.573488 -0.012485 0.789185 -0.078113 0.609040
1520616865.712529659 25.558817 3.409396 -10.577182 0.000717 0.795719 -0.068235 0.601809
1520616865.762532711 25.610948 3.412641 -10.581279 0.011386 0.804761 -0.062778 0.590160
1520616865.812533617 25.674479 3.408201 -10.584848 0.023697 0.813183 -0.062399 0.578168
1520616865.862553835 25.720452 3.400918 -10.600704 0.035045 0.822894 -0.063558 0.563540
1520616865.912555933 25.755435 3.399863 -10.630160 0.044452 0.833429 -0.067719 0.546657
1520616865.962556839 25.826946 3.350515 -10.615711 0.055655 0.850025 -0.067526 0.519423
1520616866.012558937 25.870179 3.323522 -10.631724 0.062289 0.863786 -0.074690 0.494384
1520616866.062562943 25.859798 3.267756 -10.781029 0.061851 0.870541 -0.083790 0.480949
1520616866.112561703 25.841257 3.225098 -10.887312 0.060107 0.876326 -0.091922 0.469031
1520616866.162564039 25.880126 3.207041 -10.913636 0.064032 0.889284 -0.099371 0.441814
1520616866.212564945 25.901769 3.192901 -10.952012 0.065039 0.900377 -0.105019 0.417208
1520616866.262473822 25.918434 3.192133 -10.991760 0.067435 0.909341 -0.111187 0.395208
1520616866.312415838 25.947180 3.174395 -11.017605 0.067540 0.920496 -0.115002 0.367288
1520616866.362417698 25.984226 3.156647 -11.058871 0.069148 0.929964 -0.124633 0.338899
1520616866.412418842 26.013106 3.143030 -11.099649 0.069232 0.937714 -0.135196 0.312443
1520616866.462420940 26.043194 3.121968 -11.141790 0.070616 0.944772 -0.150742 0.282305
1520616866.512422085 26.067639 3.113004 -11.189631 0.067366 0.950364 -0.171711 0.250570
1520616866.562423944 26.081270 3.101789 -11.248323 0.061227 0.956115 -0.192948 0.211815
1520616866.612424850 26.085748 3.071631 -11.291759 0.059618 0.961435 -0.206234 0.171919
1520616866.662434816 26.076873 3.061695 -11.338767 0.059685 0.965068 -0.218674 0.131386
1520616866.712436914 26.077538 3.042878 -11.390453 0.058175 0.968999 -0.224094 0.086243
1520616866.762438059 26.075572 3.034826 -11.447470 0.059571 0.970458 -0.229394 0.045177
1520616866.812439919 26.064251 3.023829 -11.501288 0.059767 0.970635 -0.232907 0.007071
1520616866.862440825 26.070404 3.013230 -11.554716 0.061522 0.968227 -0.240536 -0.029915
1520616866.912442923 26.069623 3.002152 -11.604614 0.066612 0.964439 -0.248870 -0.059018
1520616866.962443829 26.061372 2.990269 -11.652856 0.071067 0.959866 -0.258753 -0.081568
1520616867.012445688 26.049988 2.976802 -11.701881 0.070751 0.955726 -0.267729 -0.099519
1520616867.062448025 26.043159 2.956522 -11.747720 0.068848 0.951669 -0.273712 -0.121114
1520616867.112743378 26.038488 2.935283 -11.796469 0.068672 0.947681 -0.274609 -0.147564
1520616867.162745476 26.028854 2.920023 -11.843186 0.073018 0.943395 -0.276550 -0.167911
1520616867.212747335 26.020157 2.902369 -11.888486 0.069675 0.938698 -0.276705 -0.193458
1520616867.262748480 26.005222 2.886061 -11.935553 0.063300 0.932729 -0.277845 -0.220934
1520616867.312749386 25.983117 2.869369 -11.975369 0.059094 0.926859 -0.277006 -0.246392
1520616867.362751245 25.966196 2.861420 -12.022411 0.053733 0.918526 -0.279920 -0.273985
1520616867.412753582 25.946140 2.858056 -12.075339 0.051581 0.909050 -0.286052 -0.298565
1520616867.462755442 25.917871 2.849666 -12.112323 0.049038 0.898688 -0.292206 -0.323375
1520616867.512772560 25.887124 2.840140 -12.167868 0.047515 0.885454 -0.299696 -0.351988
1520616867.562773228 25.850255 2.829187 -12.203403 0.045765 0.872758 -0.306256 -0.377368
1520616867.612774134 25.823563 2.809878 -12.239278 0.041408 0.859343 -0.310075 -0.404561
1520616867.662775278 25.792963 2.787942 -12.270896 0.037843 0.845756 -0.309065 -0.433294
1520616867.712778330 25.759867 2.766804 -12.302218 0.041009 0.828184 -0.306682 -0.467307
1520616867.762778282 25.693036 2.786910 -12.324378 0.041672 0.810140 -0.312005 -0.494561
1520616867.812780380 25.664539 2.751977 -12.339877 -0.046693 -0.789501 0.305720 0.530135
1520616867.862782240 25.625146 2.732441 -12.355386 -0.048992 -0.764860 0.304726 0.565447
1520616867.912523985 25.583883 2.719499 -12.373325 -0.048592 -0.738096 0.306926 0.598874
1520616867.962460756 25.537238 2.706790 -12.391473 -0.046431 -0.710048 0.309862 0.630605
1520616868.012461662 25.491317 2.697728 -12.408599 -0.044874 -0.685609 0.316851 0.653859
1520616868.062463760 25.445498 2.689083 -12.429529 -0.045101 -0.664309 0.322116 0.672979
1520616868.112464666 25.404435 2.679209 -12.445711 -0.043341 -0.647046 0.326929 0.687438
1520616868.162466764 25.368478 2.662719 -12.457084 -0.044885 -0.625203 0.328378 0.706594
1520616868.212467909 25.331679 2.648522 -12.468815 -0.050519 -0.594779 0.325955 0.733103
1520616868.262469769 25.299165 2.638450 -12.468785 -0.058640 -0.566296 0.327435 0.754093
1520616868.312474966 25.271561 2.629702 -12.465667 -0.060502 -0.536673 0.324660 0.776478
1520616868.362476110 25.249000 2.616283 -12.460264 -0.060527 -0.504265 0.316576 0.801145
1520616868.412477970 25.215068 2.617959 -12.445477 -0.063975 -0.467414 0.307213 0.826469
1520616868.462479115 25.182131 2.632725 -12.426920 -0.069460 -0.427848 0.299700 0.849883
1520616868.512481213 25.157261 2.637269 -12.411184 -0.076033 -0.385712 0.289095 0.872851
1520616868.562482119 25.136796 2.650397 -12.387027 -0.081550 -0.342321 0.281178 0.892807
1520616868.612484217 25.116577 2.657535 -12.362094 -0.085353 -0.292499 0.274529 0.912027
1520616868.662486076 25.111638 2.659532 -12.333874 -0.087253 -0.237834 0.264180 0.930608
1520616868.712622643 25.107942 2.677085 -12.304262 -0.084870 -0.178984 0.253201 0.946917
1520616868.762624502 25.109023 2.686590 -12.276606 -0.085574 -0.125731 0.246539 0.957124
1520616868.812625647 25.118705 2.694303 -12.251321 -0.083516 -0.078877 0.237186 0.964648
1520616868.862627745 25.143007 2.709276 -12.219634 -0.084456 -0.037375 0.225743 0.969799
1520616868.912629604 25.157308 2.721574 -12.186007 -0.089343 0.007456 0.207174 0.974187
1520616868.962631702 25.179323 2.745605 -12.156260 -0.096276 0.052293 0.193063 0.975050
1520616869.012632608 25.207482 2.771786 -12.128572 -0.103290 0.095493 0.182838 0.973028
1520616869.062633514 25.235558 2.795033 -12.100505 -0.107629 0.137027 0.170662 0.969801
1520616869.112386703 25.281214 2.814207 -12.076190 -0.109640 0.174199 0.156464 0.965998
1520616869.162388802 25.320591 2.841735 -12.058375 -0.106488 0.207037 0.140529 0.962314
1520616869.212389708 25.370157 2.884890 -12.035014 -0.102484 0.237229 0.119676 0.958591
1520616869.262390614 25.422278 2.898773 -12.015842 -0.105206 0.265790 0.101323 0.952902
1520616869.312392712 25.460204 2.928238 -11.986607 -0.104825 0.293645 0.088027 0.946063
1520616869.362394810 25.500903 2.943049 -11.964232 -0.107662 0.319219 0.073292 0.938689
1520616869.412395716 25.582981 2.962434 -11.975987 -0.108623 0.333505 0.052821 0.934979
1520616869.462397814 25.622325 2.979390 -11.956167 -0.108368 0.354962 0.038588 0.927777
1520616869.512398720 25.658405 2.983687 -11.938901 -0.108777 0.369546 0.027140 0.922424
1520616869.562289000 25.697890 3.004014 -11.916780 -0.103857 0.382022 0.011646 0.918225
1520616869.612220049 25.736502 3.012925 -11.896194 -0.100316 0.388867 -0.008317 0.915778
1520616869.662222147 25.776941 3.027934 -11.874199 -0.093886 0.391301 -0.028773 0.915009
1520616869.712223053 25.809804 3.034457 -11.851116 -0.087470 0.387303 -0.046493 0.916616
1520616869.762224913 25.844946 3.032699 -11.826107 -0.081170 0.376711 -0.062065 0.920678
1520616869.812226057 25.869704 3.038597 -11.790889 -0.072689 0.357453 -0.075074 0.928067
1520616869.862228155 25.895557 3.028756 -11.757615 -0.067346 0.331448 -0.089497 0.936801
1520616869.912230015 25.913463 3.031037 -11.721416 -0.062381 0.302802 -0.102878 0.945429
1520616869.962232351 25.922904 3.036912 -11.678102 -0.058804 0.275039 -0.111954 0.953080
1520616870.012234688 25.933086 3.036426 -11.640629 -0.061684 0.248093 -0.119897 0.959307
1520616870.062235594 25.928847 3.050729 -11.596571 -0.066999 0.222423 -0.118641 0.965383
1520616870.112237453 25.927386 3.065396 -11.552290 -0.074330 0.188685 -0.117081 0.972196
1520616870.162238598 25.917125 3.091333 -11.503633 -0.081133 0.150680 -0.110239 0.979061
1520616870.212240458 25.902273 3.098606 -11.461485 -0.092011 0.113115 -0.104775 0.983748
1520616870.262242556 25.866997 3.121378 -11.365396 -0.098534 0.077697 -0.097591 0.987284
1520616870.312243462 25.893811 3.149852 -11.334522 -0.098522 0.032529 -0.089308 0.990585
1520616870.362413168 25.862720 3.156847 -11.242294 -0.100230 -0.002748 -0.075710 0.992076
1520616870.412414074 25.818482 3.134744 -11.190250 -0.106675 -0.033734 -0.058394 0.992004
1520616870.462415934 25.778264 3.157640 -11.153311 -0.102299 -0.063000 -0.038003 0.992029
1520616870.512418032 25.743913 3.171986 -11.115238 -0.100640 -0.100677 -0.015871 0.989689
1520616870.562418938 25.686114 3.182664 -11.078971 -0.096895 -0.135675 0.011418 0.985938
1520616870.612421036 25.650536 3.185963 -11.030295 -0.100238 -0.180856 0.035215 0.977754
1520616870.662423134 25.598943 3.188967 -11.005607 -0.102819 -0.215261 0.057718 0.969412
1520616870.712424040 25.556370 3.205296 -10.976646 -0.107226 -0.248320 0.076972 0.959643
1520616870.762804031 25.506327 3.217053 -10.949780 -0.114360 -0.275477 0.088292 0.950389
1520616870.812805176 25.461539 3.230867 -10.926384 -0.119209 -0.299295 0.100953 0.941286
1520616870.862807035 25.417421 3.246787 -10.907588 -0.122636 -0.320437 0.115869 0.932124
1520616870.912807941 25.378401 3.258067 -10.883141 -0.123251 -0.341854 0.131039 0.922374
1520616870.962810278 25.337549 3.267172 -10.859002 -0.120901 -0.357175 0.145252 0.914719
1520616871.012812138 25.299294 3.269210 -10.833240 -0.119274 -0.366490 0.155951 0.909471
1520616871.062813044 25.269293 3.269138 -10.807924 -0.119258 -0.376696 0.168242 0.903090
1520616871.112814188 25.220147 3.280029 -10.798347 -0.117341 -0.380263 0.186392 0.898270
1520616871.162855864 25.183683 3.278511 -10.778751 -0.121484 -0.380485 0.200690 0.894537
1520616871.212930918 25.159689 3.271009 -10.747678 -0.130304 -0.383104 0.210603 0.889887
1520616871.262858868 25.131262 3.268154 -10.714698 -0.141669 -0.384895 0.223133 0.884306
1520616871.312859774 25.105931 3.265345 -10.679117 -0.154012 -0.378694 0.234394 0.882004
1520616871.362861872 25.065898 3.280295 -10.645065 -0.161091 -0.368095 0.246179 0.882016
1520616871.412862778 25.056164 3.275950 -10.596837 -0.173196 -0.358980 0.252871 0.881585
1520616871.462864637 25.034474 3.285252 -10.552825 -0.176382 -0.345018 0.259347 0.884642
1520616871.512866974 25.002141 3.300876 -10.512032 -0.174687 -0.324169 0.268268 0.890186
1520616871.562867880 24.986943 3.315312 -10.464969 -0.175665 -0.296540 0.273065 0.898132
1520616871.613183022 24.965572 3.329795 -10.415436 -0.172679 -0.263052 0.276417 0.908063
1520616871.663184166 24.960638 3.333724 -10.370163 -0.169333 -0.229750 0.275784 0.917870
1520616871.713186026 24.952652 3.335370 -10.314690 -0.163305 -0.194679 0.268556 0.929144
1520616871.763186932 24.949358 3.349544 -10.262106 -0.156955 -0.160450 0.263019 0.938319
1520616871.813189268 24.946191 3.366947 -10.206778 -0.153282 -0.121885 0.253527 0.947297
1520616871.863191128 24.946237 3.390292 -10.154815 -0.148546 -0.085472 0.248674 0.953305
1520616871.913192034 24.896164 3.407573 -10.152858 -0.140423 -0.039094 0.250170 0.957167
1520616871.963194132 24.886014 3.349903 -10.087384 -0.152387 -0.001052 0.240870 0.958519
1520616872.014109135 24.864366 3.431740 -10.064635 -0.140418 0.034957 0.227740 0.962910
1520616872.064111233 24.865566 3.481787 -10.012293 -0.133713 0.075073 0.215050 0.964489
1520616872.114113092 24.891791 3.481533 -9.920917 -0.133254 0.113414 0.198015 0.964454
1520616872.164114952 24.914882 3.521006 -9.889043 -0.129160 0.146781 0.175990 0.964780
1520616872.214116096 24.938838 3.562163 -9.857837 -0.127585 0.179250 0.152012 0.963579
1520616872.264117002 24.962321 3.560297 -9.803715 -0.132260 0.214363 0.134522 0.958363
1520616872.314119101 25.003338 3.592876 -9.792033 -0.134157 0.244301 0.116183 0.953321
1520616872.364121199 25.029170 3.610594 -9.755715 -0.139784 0.271525 0.105900 0.946319
1520616872.414278269 25.150115 3.589473 -9.817114 -0.147766 0.283478 0.099948 0.942240
1520616872.464280128 25.196763 3.603223 -9.814416 -0.147022 0.301875 0.094807 0.937159
1520616872.514281034 25.247412 3.612279 -9.786430 -0.144163 0.323006 0.085303 0.931454
1520616872.564283133 25.271167 3.637235 -9.754184 -0.132039 0.345357 0.075279 0.926082
1520616872.614284039 25.297283 3.634185 -9.721426 -0.120922 0.361480 0.064729 0.922237
1520616872.664287090 25.321991 3.653919 -9.686291 -0.107598 0.379620 0.054642 0.917238
1520616872.714287281 25.350132 3.670730 -9.657524 -0.103797 0.398273 0.043016 0.910360
1520616872.764289141 25.375468 3.671126 -9.628075 -0.112052 0.417132 0.034647 0.901246
1520616872.814480543 25.407989 3.676210 -9.611018 -0.125329 0.436265 0.030587 0.890522
1520616872.864556313 25.440072 3.700417 -9.598345 -0.134923 0.452267 0.030732 0.881082
1520616872.914483547 25.472430 3.728179 -9.587705 -0.139693 0.469804 0.028374 0.871186
1520616872.964485407 25.503873 3.747382 -9.568077 -0.140657 0.492045 0.022000 0.858850
1520616873.014487505 25.540532 3.762125 -9.557621 -0.134211 0.518774 0.009817 0.844254
1520616873.064488649 25.588258 3.774993 -9.547027 -0.121274 0.542082 0.000703 0.831528
1520616873.114490509 25.627917 3.782313 -9.508086 -0.110474 0.566298 -0.002718 0.816758
1520616873.164491415 25.670284 3.787495 -9.490441 -0.105838 0.591970 -0.005853 0.798959
1520616873.216315508 25.710170 3.787647 -9.467728 -0.105446 0.613434 -0.001632 0.782673
1520616873.266316652 25.748051 3.798263 -9.459073 -0.104367 0.632845 -0.000657 0.767212
1520616873.316318512 25.778043 3.817164 -9.451546 -0.101613 0.654959 -0.002458 0.748798
1520616873.366319418 25.823072 3.824080 -9.455310 -0.102500 0.677826 -0.006727 0.728012
1520616873.416321516 25.867841 3.835730 -9.463729 -0.100164 0.698219 -0.013280 0.708718
1520616873.466323614 25.905484 3.847826 -9.473114 -0.098875 0.717093 -0.017414 0.689708
1520616873.516324759 25.945433 3.855443 -9.484431 -0.097728 0.731683 -0.020697 0.674286
1520616873.566326618 25.991090 3.868614 -9.487869 -0.095833 0.743024 -0.028112 0.661771
1520616873.617854118 26.040939 3.870641 -9.504729 -0.094774 0.748101 -0.034077 0.655897
1520616873.667855978 26.088652 3.878266 -9.519327 -0.086475 0.751885 -0.040470 0.652345
1520616873.717856884 26.131189 3.875423 -9.528752 -0.081798 0.760983 -0.044810 0.642033
1520616873.767858982 26.178905 3.884561 -9.531458 -0.074563 0.771551 -0.044923 0.630183
1520616873.817860842 26.223826 3.883553 -9.541812 -0.077633 0.783839 -0.046562 0.614331
1520616873.867862940 26.263477 3.865827 -9.581662 -0.091566 0.794214 -0.051479 0.598490
1520616873.917864084 26.297168 3.851904 -9.600106 -0.101750 0.802100 -0.054887 0.585892
1520616873.967865944 26.371918 3.835443 -9.615362 -0.119012 0.807359 -0.064606 0.574312
1520616874.017866850 26.348468 3.848377 -9.727211 -0.124953 0.804007 -0.083226 0.575355
1520616874.067867994 26.402015 3.847857 -9.748711 -0.132716 0.805345 -0.104631 0.568206
1520616874.117869854 26.451832 3.841421 -9.773458 -0.134287 0.805074 -0.125459 0.563989
1520616874.167871952 26.495888 3.823382 -9.781184 -0.135702 0.803635 -0.142507 0.561647
1520616874.217873096 26.550985 3.813181 -9.808853 -0.139442 0.797473 -0.157181 0.565586
1520616874.267874956 26.600106 3.797075 -9.828309 -0.148774 0.787856 -0.172967 0.572041
1520616874.317879915 26.676361 3.754132 -9.821520 -0.165317 0.775406 -0.187216 0.579971
1520616874.367877960 26.722534 3.744492 -9.832923 -0.174433 0.763327 -0.206098 0.586880
1520616874.417882919 26.765932 3.751301 -9.852898 -0.177783 0.751622 -0.218568 0.596394
1520616874.467143059 26.828966 3.729140 -9.831737 -0.188947 0.740030 -0.217140 0.607869
1520616874.517224073 26.894693 3.740057 -9.853228 -0.194666 0.724878 -0.214396 0.625053
1520616874.567145824 26.959663 3.763033 -9.856227 -0.202791 0.707243 -0.213660 0.642676
1520616874.617146969 27.005668 3.754922 -9.861089 -0.214863 0.688794 -0.211966 0.659142
1520616874.667148829 27.053904 3.742041 -9.816423 -0.223841 0.671038 -0.205682 0.676238
1520616874.717150927 27.100729 3.736961 -9.805564 -0.227073 0.644315 -0.201711 0.701861
1520616874.767152071 27.137819 3.751445 -9.811308 -0.221398 0.618256 -0.194170 0.728725
1520616874.817153931 27.183066 3.737602 -9.753862 -0.223398 0.596382 -0.182271 0.749132
1520616874.865250349 27.215517 3.746494 -9.742176 -0.225640 0.570368 -0.165403 0.772275
1520616874.915252209 27.252953 3.769301 -9.720924 -0.229085 0.542749 -0.143909 0.795131
1520616874.965253353 27.288969 3.771759 -9.702110 -0.239119 0.513786 -0.125161 0.814359
1520616875.015255451 27.320055 3.798488 -9.676142 -0.245620 0.486280 -0.111630 0.831109
1520616875.065257549 27.352179 3.804794 -9.627513 -0.250621 0.460653 -0.098731 0.845719
1520616875.115258455 27.389406 3.820531 -9.591312 -0.249134 0.437383 -0.086496 0.859737
1520616875.165260315 27.427239 3.820024 -9.548342 -0.245287 0.419371 -0.073017 0.870994
1520616875.215262651 27.467592 3.835666 -9.520345 -0.240853 0.407669 -0.062251 0.878590
1520616875.263584375 27.495576 3.864709 -9.505011 -0.236721 0.400299 -0.051364 0.883791
1520616875.313585281 27.675329 3.853131 -9.603643 -0.239506 0.359219 -0.050032 0.900608
1520616875.363587141 27.706649 3.839186 -9.553545 -0.241512 0.353175 -0.032439 0.903265
1520616875.413588285 27.729113 3.846709 -9.510646 -0.236526 0.344251 -0.021568 0.908340
1520616875.463590145 27.739922 3.830869 -9.447390 -0.236370 0.339041 -0.010078 0.910538
1520616875.513592243 27.750766 3.830559 -9.399342 -0.232420 0.330451 0.003090 0.914754
1520616875.563593388 27.764267 3.817742 -9.338394 -0.234348 0.322710 0.015592 0.916895
1520616875.613595247 27.786824 3.819577 -9.296547 -0.234955 0.316184 0.025194 0.918798
1520616875.662979841 27.817953 3.856621 -9.288677 -0.232374 0.307883 0.027496 0.922201
1520616875.712980747 27.821053 3.842938 -9.226041 -0.238794 0.312863 0.031696 0.918743
1520616875.762982845 27.857555 3.855460 -9.219077 -0.241137 0.306402 0.032524 0.920279
1520616875.812983990 27.894996 3.835482 -9.155964 -0.246405 0.311029 0.038051 0.917114
1520616875.862985849 27.918458 3.829717 -9.113183 -0.252085 0.315500 0.046533 0.913645
1520616875.912986755 27.948436 3.844073 -9.078281 -0.255856 0.318471 0.050159 0.911372
1520616875.962988853 27.983873 3.858239 -9.038194 -0.258024 0.322058 0.053745 0.909293
1520616876.012990713 28.014769 3.899780 -9.007314 -0.254432 0.325162 0.053602 0.909209
1520616876.062645912 28.052259 3.924247 -8.967853 -0.251314 0.331113 0.051292 0.908061
1520616876.112647057 28.093124 3.949476 -8.936799 -0.246044 0.343145 0.048303 0.905197
1520616876.162730932 28.132472 3.976758 -8.892609 -0.236408 0.364550 0.045446 0.899527
1520616876.212649822 28.174548 4.007978 -8.856478 -0.224921 0.389749 0.040265 0.892124
1520616876.262651920 28.217767 4.034696 -8.825084 -0.211546 0.416416 0.034817 0.883535
1520616876.312654018 28.267736 4.065158 -8.792749 -0.199558 0.447592 0.027834 0.871242
1520616876.362654924 28.313120 4.087629 -8.756314 -0.192108 0.478746 0.017891 0.856491
1520616876.412657022 28.366384 4.090497 -8.739921 -0.189943 0.509353 0.011036 0.839262
1520616876.462657928 28.422447 4.113540 -8.717156 -0.186920 0.541523 0.002407 0.819639
1520616876.512599707 28.472452 4.134484 -8.693790 -0.187411 0.574761 -0.004191 0.796561
1520616876.562600613 28.529735 4.151384 -8.676760 -0.191550 0.606872 -0.012043 0.771278
1520616876.612602472 28.588912 4.174722 -8.669084 -0.195864 0.637597 -0.017514 0.744849
1520616876.662604570 28.653170 4.172098 -8.689787 -0.202553 0.663873 -0.015810 0.719719
1520616876.712605476 28.710178 4.188541 -8.691920 -0.204965 0.690486 -0.017543 0.693477
1520616876.762607336 28.773320 4.223728 -8.697302 -0.199523 0.714138 -0.025000 0.670501
1520616876.812608719 28.832128 4.254986 -8.707164 -0.192698 0.734130 -0.037418 0.650016
1520616876.862610579 28.891553 4.259976 -8.724985 -0.189900 0.748196 -0.053190 0.633492
1520616876.912892580 28.949757 4.265398 -8.745038 -0.185557 0.758620 -0.071367 0.620460
1520616876.962894440 29.008402 4.266455 -8.758338 -0.182606 0.770796 -0.084580 0.604463
1520616877.012895346 29.067362 4.274423 -8.772223 -0.182911 0.782374 -0.100316 0.586831
1520616877.062897444 29.126419 4.274354 -8.786410 -0.183459 0.790595 -0.113926 0.572995
1520616877.112899542 29.184034 4.281150 -8.797825 -0.182882 0.796222 -0.127642 0.562399
1520616877.162901402 29.242061 4.279726 -8.820962 -0.181567 0.798664 -0.141238 0.556076
1520616877.212902546 29.299381 4.281493 -8.840975 -0.178721 0.800210 -0.155897 0.550835
1520616877.262904406 29.353726 4.285837 -8.862665 -0.176785 0.798588 -0.170668 0.549433
1520616877.312801123 29.403565 4.283105 -8.887343 -0.178416 0.794915 -0.184109 0.549892
1520616877.362802982 29.464880 4.264063 -8.903669 -0.184920 0.788911 -0.192316 0.553568
1520616877.412805319 29.519456 4.259703 -8.922790 -0.189856 0.782428 -0.199667 0.558476
1520616877.462806225 29.568243 4.265095 -8.942676 -0.196062 0.775361 -0.209277 0.562653
1520616877.512806892 29.621830 4.253116 -8.962606 -0.203174 0.766453 -0.211413 0.571467
1520616877.562809229 29.667754 4.252800 -8.978440 -0.207853 0.758574 -0.212712 0.579755
1520616877.612811089 29.714148 4.257414 -8.993353 -0.213254 0.749766 -0.212845 0.589127
1520616877.662811995 29.758607 4.261931 -9.008639 -0.217608 0.741059 -0.213102 0.598386
1520616877.712680340 29.800665 4.249244 -9.027388 -0.221589 0.731246 -0.200844 0.613058
1520616877.762681484 29.851443 4.260651 -9.040241 -0.219672 0.719820 -0.190367 0.630369
1520616877.812769413 29.898255 4.260601 -9.050871 -0.214931 0.706462 -0.175733 0.651026
1520616877.862684250 29.946302 4.276820 -9.063003 -0.206061 0.691129 -0.170181 0.671504
1520616877.912686348 29.995200 4.287577 -9.075003 -0.202103 0.675259 -0.167848 0.689208
1520616877.962687254 30.047590 4.295692 -9.091578 -0.201240 0.656982 -0.165448 0.707463
1520616878.012689352 30.096798 4.305863 -9.100512 -0.203837 0.638803 -0.161856 0.724005
1520616878.062690496 30.146115 4.310706 -9.107235 -0.209595 0.621044 -0.156096 0.738924
1520616878.112839699 30.190666 4.328066 -9.107280 -0.216702 0.605158 -0.147824 0.751646
1520616878.162840843 30.241470 4.351423 -9.103763 -0.220325 0.586345 -0.141753 0.766526
1520616878.212842941 30.287679 4.364369 -9.094383 -0.223158 0.562906 -0.131513 0.784884
1520616878.262844801 30.325431 4.370463 -9.081574 -0.224286 0.537352 -0.122879 0.803648
1520616878.312845945 30.364127 4.377913 -9.067999 -0.226119 0.507318 -0.119205 0.822976
1520616878.362847805 30.397551 4.396646 -9.056170 -0.223191 0.476867 -0.115426 0.842295
1520616878.412848711 30.435444 4.417147 -9.039873 -0.222255 0.442754 -0.114304 0.861108
1520616878.462850809 30.461856 4.427204 -9.028643 -0.225593 0.405597 -0.113238 0.878508
1520616878.512989521 30.484532 4.451141 -9.011602 -0.227884 0.364926 -0.111431 0.895813
1520616878.562991381 30.494403 4.484038 -8.992505 -0.223592 0.320789 -0.109780 0.913810
1520616878.612992525 30.511933 4.508209 -8.973957 -0.217187 0.276143 -0.100044 0.930895
1520616878.662994623 30.518291 4.516876 -8.951030 -0.209827 0.229293 -0.087357 0.946449
1520616878.712996483 30.520483 4.508224 -8.925579 -0.205167 0.183111 -0.071340 0.958795
1520616878.762998581 30.513866 4.520727 -8.900455 -0.193229 0.138543 -0.051079 0.969979
1520616878.812999487 30.498503 4.507568 -8.884393 -0.187416 0.089633 -0.033834 0.977597
1520616878.863001347 30.496698 4.501985 -8.864478 -0.184183 0.029560 -0.014170 0.982345
1520616878.913002491 30.458811 4.510767 -8.849513 -0.174355 -0.027497 0.006216 0.984279
1520616878.962867737 30.424720 4.512920 -8.837864 -0.164360 -0.086254 0.026714 0.982259
1520616879.012868881 30.389806 4.509341 -8.836243 -0.152181 -0.144956 0.048843 0.976444
1520616879.062870979 30.347211 4.517615 -8.841443 -0.137332 -0.198161 0.072648 0.967778
1520616879.112872124 30.323937 4.512975 -8.846155 -0.129703 -0.252923 0.094963 0.954038
1520616879.162873983 30.279724 4.518293 -8.859003 -0.119902 -0.297270 0.117487 0.939921
1520616879.212875843 30.241379 4.504641 -8.879052 -0.116929 -0.336655 0.139624 0.923848
1520616879.262876987 30.200789 4.499729 -8.891377 -0.117387 -0.374063 0.161116 0.905726
1520616879.312878847 30.155536 4.489560 -8.911599 -0.119422 -0.405481 0.181745 0.887858
1520616879.362925291 30.117994 4.480241 -8.930107 -0.125060 -0.435612 0.198137 0.869105
1520616879.412927389 30.072545 4.456469 -8.954639 -0.136217 -0.459682 0.215125 0.850798
1520616879.463019371 30.031224 4.446846 -8.972683 -0.145035 -0.480960 0.225153 0.834834
1520616879.512930393 29.991994 4.420089 -8.988275 -0.158436 -0.493257 0.229038 0.824098
1520616879.562931299 29.945135 4.404877 -9.003067 -0.168461 -0.501340 0.233077 0.816060
1520616879.612933397 29.889649 4.382744 -9.016058 -0.176699 -0.503502 0.240259 0.810888
1520616879.662934303 29.827713 4.361191 -9.026718 -0.180818 -0.500330 0.250258 0.808916
1520616879.712936401 29.778504 4.343525 -9.033753 -0.184316 -0.498327 0.261829 0.805694
1520616879.762993336 29.731414 4.317055 -9.033938 -0.185551 -0.493297 0.273950 0.804475
1520616879.812995434 29.683755 4.292055 -9.027634 -0.182293 -0.485539 0.284167 0.806393
1520616879.862997293 29.629907 4.273697 -9.021038 -0.177567 -0.475658 0.290389 0.811106
1520616879.912998199 29.585207 4.256544 -9.008224 -0.178807 -0.468032 0.291860 0.814734
1520616879.963000298 29.533895 4.246495 -8.998113 -0.183577 -0.463653 0.295882 0.814726
1520616880.013001204 29.479873 4.249303 -8.979454 -0.188872 -0.459583 0.299118 0.814641
1520616880.063003302 29.429314 4.261293 -8.967443 -0.189737 -0.455709 0.301621 0.815692
1520616880.113005400 29.373089 4.254233 -8.951954 -0.190708 -0.449670 0.305496 0.817374
1520616880.162971020 29.318277 4.257958 -8.931241 -0.188215 -0.442795 0.307235 0.821045
1520616880.212971926 29.266012 4.252307 -8.908113 -0.187521 -0.435340 0.311718 0.823497
1520616880.262974024 29.211708 4.252765 -8.878784 -0.188141 -0.428140 0.316094 0.825460
1520616880.312975883 29.159233 4.251828 -8.855249 -0.187125 -0.420014 0.316868 0.829559
1520616880.362976789 29.111627 4.246267 -8.823337 -0.188173 -0.412089 0.309898 0.835905
1520616880.412979126 29.065726 4.241608 -8.799749 -0.186595 -0.403030 0.304981 0.842458
1520616880.462980986 29.017452 4.244669 -8.776559 -0.185063 -0.394721 0.301126 0.848098
1520616880.512981892 28.973874 4.248760 -8.745768 -0.181696 -0.386687 0.298292 0.853511
1520616880.563006163 28.917257 4.250835 -8.718925 -0.178073 -0.377581 0.297298 0.858683
1520616880.613008261 28.865465 4.249141 -8.690214 -0.176136 -0.367760 0.297953 0.863107
1520616880.663009167 28.815851 4.254903 -8.668534 -0.173020 -0.357119 0.297863 0.868221
1520616880.713010073 28.764154 4.261664 -8.645198 -0.167977 -0.346417 0.297604 0.873619
1520616880.763012171 28.710354 4.259729 -8.619334 -0.165882 -0.334834 0.295122 0.879359
1520616880.813013077 28.660255 4.262082 -8.596110 -0.168992 -0.324475 0.291762 0.883761
1520616880.863015175 28.616767 4.265291 -8.565965 -0.175854 -0.316489 0.285685 0.887296
1520616880.913016081 28.576110 4.264629 -8.534689 -0.184393 -0.305536 0.280842 0.890940
1520616880.963162899 28.532390 4.265508 -8.500122 -0.190365 -0.287490 0.274836 0.897539
1520616881.013163805 28.497491 4.274009 -8.466901 -0.195733 -0.268084 0.271927 0.903258
1520616881.063166142 28.463696 4.280354 -8.431034 -0.199794 -0.247579 0.272190 0.908130
1520616881.113262892 28.429944 4.284683 -8.394230 -0.202659 -0.227056 0.273228 0.912536
1520616881.163168907 28.395648 4.318472 -8.354051 -0.199505 -0.204728 0.274256 0.918187
1520616881.213171005 28.362411 4.333978 -8.315699 -0.199888 -0.184758 0.276093 0.921782
1520616881.263171911 28.330573 4.346207 -8.272388 -0.200103 -0.166925 0.280583 0.923779
1520616881.313174009 28.306787 4.373308 -8.230605 -0.194258 -0.150298 0.284866 0.926567
1520616881.363174915 28.278140 4.366127 -8.185513 -0.198076 -0.131929 0.285821 0.928260
1520616881.413449764 28.259682 4.385218 -8.148799 -0.197739 -0.112132 0.282304 0.932003
1520616881.463451624 28.243522 4.398545 -8.107721 -0.200230 -0.089579 0.283695 0.933488
1520616881.513453007 28.234040 4.410235 -8.068990 -0.199539 -0.067315 0.282829 0.935767
1520616881.563454866 28.229463 4.419420 -8.026565 -0.198205 -0.036724 0.274891 0.940107
1520616881.613455772 28.223057 4.440151 -7.985466 -0.192252 -0.004407 0.265152 0.944836
1520616881.663457870 28.223060 4.456924 -7.943977 -0.188903 0.028617 0.254517 0.948007
1520616881.713458776 28.223484 4.478697 -7.902935 -0.187249 0.064502 0.241867 0.949883
1520616881.763460636 28.228340 4.506072 -7.864512 -0.185078 0.102736 0.228351 0.950288
1520616881.813375235 28.239391 4.538152 -7.830028 -0.178806 0.145057 0.216043 0.948848
1520616881.863377333 28.261307 4.561120 -7.800076 -0.168428 0.191969 0.205458 0.944758
1520616881.913379192 28.281523 4.579756 -7.768324 -0.154464 0.242475 0.190757 0.938594
1520616881.963380337 28.303591 4.590397 -7.739244 -0.141181 0.296773 0.175119 0.928077
1520616882.013382196 28.333783 4.609748 -7.727500 -0.130032 0.349983 0.156735 0.914351
1520616882.063384056 28.372151 4.631244 -7.723454 -0.127597 0.405699 0.133415 0.895169
1520616882.113385201 28.412465 4.633634 -7.717986 -0.130903 0.460392 0.113704 0.870618
1520616882.163387299 28.451419 4.644496 -7.713672 -0.135792 0.514178 0.093584 0.841679
1520616882.213105679 28.496263 4.656508 -7.721324 -0.136792 0.562908 0.076147 0.811557
1520616882.263106823 28.539431 4.657990 -7.736037 -0.137314 0.613118 0.061016 0.775570
1520616882.313107729 28.583459 4.659725 -7.748747 -0.134423 0.659382 0.046493 0.738230
1520616882.363110065 28.624084 4.657281 -7.778689 -0.124943 0.697929 0.028568 0.704605
1520616882.413110971 28.666487 4.655483 -7.815219 -0.116744 0.732762 0.005809 0.670371
1520616882.463112831 28.698062 4.646014 -7.850974 -0.108148 0.764701 -0.016491 0.635031
1520616882.513114929 28.740308 4.652895 -7.906714 -0.090993 0.793177 -0.040116 0.600817
1520616882.563115835 28.781317 4.643769 -7.946424 -0.075210 0.824168 -0.057925 0.558332
1520616882.613003016 28.809670 4.607404 -7.981288 -0.056950 0.850605 -0.069507 0.518071
1520616882.663003922 28.855922 4.594503 -8.026352 -0.040604 0.875896 -0.092881 0.471732
1520616882.713006258 28.883261 4.577629 -8.083471 -0.027619 0.896193 -0.114347 0.427786
1520616882.763103008 28.907765 4.549251 -8.137394 -0.015162 0.914635 -0.128890 0.382884
1520616882.813009262 28.922249 4.520239 -8.193669 -0.005305 0.929308 -0.140306 0.341574
1520616882.863010168 28.936825 4.493020 -8.254923 0.003194 0.941478 -0.151983 0.300848
1520616882.913012028 28.953869 4.472048 -8.306267 0.014104 0.951843 -0.163959 0.258678
1520616882.963013172 28.965277 4.458026 -8.370176 0.025505 0.958718 -0.182284 0.216753
1520616883.012995720 28.969053 4.436617 -8.420235 0.040619 0.964291 -0.198892 0.170105
1520616883.062997580 28.960528 4.409180 -8.484806 0.059812 0.965539 -0.221444 0.122963
1520616883.112998724 28.953491 4.380099 -8.544408 0.076334 0.963311 -0.247861 0.069067
1520616883.163000584 28.937316 4.345476 -8.596279 0.094343 0.958405 -0.268539 0.021136
1520616883.213001490 28.913948 4.314325 -8.649917 0.112230 0.951912 -0.283959 -0.025210
1520616883.263003826 28.884147 4.263929 -8.692756 0.122598 0.946462 -0.289058 -0.075005
1520616883.313004732 28.850443 4.207744 -8.755592 0.130684 0.938549 -0.293535 -0.126038
1520616883.363006592 28.815878 4.179339 -8.798531 0.141200 0.928090 -0.297909 -0.173096
1520616883.413008690 28.781850 4.153021 -8.847829 0.154787 0.912466 -0.308073 -0.220313
1520616883.463502645 28.737553 4.116332 -8.877753 0.160090 0.898172 -0.311377 -0.265900
1520616883.513504505 28.685719 4.106216 -8.909433 0.155422 0.885685 -0.322044 -0.296131
1520616883.563505411 28.635266 4.084682 -8.939022 0.149040 0.875036 -0.325187 -0.326118
1520616883.613507748 28.588109 4.067656 -8.971900 0.143111 0.866922 -0.329470 -0.345564
1520616883.663509607 28.540810 4.045425 -8.995913 0.129469 0.862195 -0.328875 -0.362903
1520616883.713511467 28.515003 4.023671 -9.034046 0.121819 0.855870 -0.330612 -0.378605
1520616883.763511658 28.476431 3.996892 -9.045524 0.105926 0.854197 -0.326939 -0.390178
1520616883.813514709 28.392890 3.963913 -9.083652 0.085454 0.851882 -0.328811 -0.398595
1520616883.865299225 28.345442 3.941852 -9.108078 0.065086 0.848863 -0.331220 -0.406803
1520616883.915301323 28.302666 3.909299 -9.149500 0.045717 0.846120 -0.338701 -0.408989
1520616883.965302467 28.268618 3.872996 -9.183638 0.031387 0.846672 -0.340512 -0.407691
1520616884.015304327 28.229519 3.860197 -9.218626 0.016241 0.847488 -0.343284 -0.404545
1520616884.065305471 28.123389 3.859247 -9.204843 -0.019249 0.860700 -0.324673 -0.391679
1520616884.115307331 28.077604 3.843807 -9.233725 -0.036540 0.868389 -0.313618 -0.382372
1520616884.165308237 28.040655 3.817926 -9.260141 -0.052949 0.875403 -0.300855 -0.374637
1520616884.215310335 28.008003 3.780867 -9.273873 -0.065463 0.882827 -0.288677 -0.364688
1520616884.266736984 27.983312 3.836376 -9.224376 -0.083391 0.890516 -0.285468 -0.344290
1520616884.316738844 27.961338 3.819537 -9.262703 -0.099688 0.892172 -0.282422 -0.338126
1520616884.366741180 27.958114 3.723503 -9.246473 -0.107709 0.901749 -0.260489 -0.327707
1520616884.416839123 27.929812 3.668685 -9.265857 -0.110088 0.907306 -0.252703 -0.317517
1520616884.466742992 27.975115 3.603923 -9.329556 -0.109983 0.910254 -0.243725 -0.316133
1520616884.516745090 27.953444 3.577963 -9.395975 -0.114902 0.911754 -0.247785 -0.306766
1520616884.566745996 27.919267 3.553711 -9.448947 -0.124543 0.914159 -0.255516 -0.288989
1520616884.616748095 27.893031 3.526443 -9.486317 -0.138569 0.916661 -0.258979 -0.271038
1520616884.668346167 27.868211 3.522630 -9.551453 -0.156187 0.917318 -0.268078 -0.249534
1520616884.718347073 27.857174 3.505671 -9.598393 -0.173402 0.919873 -0.269330 -0.226332
1520616884.768349171 27.845623 3.458851 -9.624170 -0.186814 0.926959 -0.259047 -0.196829
1520616884.818350077 27.839225 3.436651 -9.676438 -0.204798 0.930466 -0.252933 -0.168273
1520616884.868352175 27.854488 3.424049 -9.731969 -0.218371 0.933896 -0.246770 -0.138769
1520616884.918353319 27.866969 3.407753 -9.787394 -0.229308 0.937253 -0.241901 -0.102269
1520616884.968355179 27.884845 3.386468 -9.844101 -0.242168 0.938341 -0.238100 -0.064641
1520616885.018356323 27.901632 3.386894 -9.898133 -0.258153 0.935370 -0.239908 -0.029735
1520616885.069706440 27.915158 3.385483 -9.959682 -0.269805 0.932775 -0.238871 0.008715
1520616885.119708300 27.915759 3.380512 -10.034405 -0.278937 0.928210 -0.242079 0.044920
1520616885.169709444 27.940959 3.373356 -10.086468 -0.285468 0.923229 -0.246891 0.072117
1520616885.219711304 27.967901 3.357869 -10.145980 -0.289708 0.918494 -0.251642 0.095471
1520616885.269712210 27.997945 3.354238 -10.199293 -0.286540 0.915442 -0.256230 0.119189
1520616885.319714308 28.045989 3.313643 -10.260288 -0.283512 0.912784 -0.256543 0.143637
1520616885.369716406 28.084571 3.309628 -10.292355 -0.278308 0.909241 -0.262494 0.164080
1520616885.419718266 28.140221 3.310798 -10.318592 -0.267713 0.905416 -0.273176 0.184190
1520616885.471258402 28.186383 3.281592 -10.380735 -0.251251 0.900334 -0.285054 0.212167
1520616885.521259308 28.236543 3.269116 -10.426325 -0.235926 0.894201 -0.296346 0.238585
1520616885.571261644 28.289147 3.267100 -10.466111 -0.219035 0.887519 -0.305093 0.266931
1520616885.621263504 28.342359 3.281750 -10.494811 -0.203894 0.881800 -0.305631 0.295711
1520616885.671264410 28.391903 3.287165 -10.532863 -0.192489 0.876010 -0.301560 0.323444
1520616885.721266508 28.448168 3.297264 -10.561541 -0.179258 0.874003 -0.288237 0.347714
1520616885.771267414 28.496749 3.294715 -10.604180 -0.165100 0.868351 -0.281307 0.373597
1520616885.821269274 28.529871 3.272681 -10.658951 -0.154556 0.859027 -0.276166 0.402389
1520616885.871270418 28.595780 3.265316 -10.676053 -0.140261 0.855962 -0.261397 0.423471
1520616885.920545101 28.644630 3.261423 -10.705565 -0.127985 0.849926 -0.252395 0.444457
1520616885.970546007 28.735053 3.248402 -10.775120 -0.115788 0.840246 -0.240678 0.471861
1520616886.020547867 28.809627 3.253816 -10.771873 -0.105994 0.837068 -0.224723 0.487424
1520616886.070646763 28.856129 3.256100 -10.810226 -0.104168 0.830216 -0.213086 0.504464
1520616886.120551109 28.910871 3.263891 -10.836592 -0.107903 0.824077 -0.200040 0.518881
1520616886.170552015 28.955365 3.336550 -10.845125 -0.100382 0.819941 -0.188776 0.531022
1520616886.220554113 29.014434 3.346174 -10.867071 -0.105463 0.813399 -0.181323 0.542569
1520616886.270555973 29.076270 3.347758 -10.889033 -0.108923 0.808802 -0.177878 0.549849
1520616886.318944454 29.134681 3.353359 -10.916907 -0.109044 0.808043 -0.177592 0.551032
1520616886.368946314 29.195371 3.337993 -10.932794 -0.108777 0.809723 -0.175658 0.549236
1520616886.418947220 29.247168 3.327726 -10.961277 -0.107357 0.810300 -0.177455 0.548086
1520616886.468949318 29.294712 3.314011 -11.011660 -0.107514 0.809248 -0.183823 0.547510
1520616886.518950224 29.349892 3.290313 -11.029814 -0.108153 0.814478 -0.183253 0.539766
1520616886.568952084 29.405740 3.274297 -11.046247 -0.103423 0.820463 -0.183314 0.531546
1520616886.618953228 29.467489 3.289888 -11.065463 -0.091568 0.824243 -0.190881 0.525170
1520616886.668955326 29.515068 3.291092 -11.101513 -0.082442 0.824379 -0.197828 0.523895
1520616886.717357397 29.518660 3.214639 -11.165385 -0.094576 0.817970 -0.191684 0.534077
1520616886.767358303 29.534907 3.186500 -11.150108 -0.105480 0.821043 -0.186968 0.528966
1520616886.817360163 29.574844 3.205876 -11.142623 -0.108444 0.827492 -0.175072 0.522347
1520616886.867361307 29.628598 3.210497 -11.176349 -0.120709 0.827654 -0.161730 0.523700
1520616886.917363405 29.703603 3.220039 -11.195272 -0.132575 0.830084 -0.141675 0.522792
1520616886.967364073 29.750194 3.203883 -11.229807 -0.147730 0.829450 -0.121419 0.524829
1520616887.017367363 29.804335 3.207048 -11.257422 -0.149677 0.827143 -0.103496 0.531715
1520616887.067368269 29.854310 3.194443 -11.278770 -0.143980 0.821041 -0.083951 0.545998
1520616887.115808010 29.909451 3.194148 -11.301089 -0.136638 0.814943 -0.076045 0.558045
1520616887.165809155 29.983269 3.209140 -11.302257 -0.124959 0.814587 -0.067877 0.562340
1520616887.215811253 30.051304 3.226218 -11.328889 -0.119493 0.812686 -0.065684 0.566524
1520616887.265813112 30.107744 3.227541 -11.343436 -0.118502 0.811183 -0.058659 0.569648
1520616887.315814257 30.171298 3.234172 -11.372762 -0.115209 0.809776 -0.053707 0.572805
1520616887.365816116 30.232192 3.235681 -11.405517 -0.113695 0.812034 -0.054286 0.569848
1520616887.415817261 30.300887 3.232432 -11.431408 -0.107387 0.818407 -0.059728 0.561348
1520616887.465818167 30.369060 3.220913 -11.451640 -0.100568 0.825666 -0.064455 0.551369
1520616887.514790773 30.427559 3.203044 -11.475710 -0.100428 0.829388 -0.069087 0.545212
1520616887.564791918 30.485895 3.184373 -11.500745 -0.103931 0.834984 -0.075497 0.535070
1520616887.614793777 30.545362 3.175343 -11.526271 -0.105530 0.842986 -0.082333 0.521018
1520616887.664794922 30.598663 3.163296 -11.557819 -0.103088 0.848889 -0.084992 0.511406
1520616887.714895010 30.668207 3.167197 -11.579347 -0.093191 0.856374 -0.086241 0.500501
1520616887.764797688 30.730634 3.164573 -11.608430 -0.087376 0.860691 -0.088653 0.493677
1520616887.814800024 30.793053 3.170119 -11.644163 -0.080103 0.862610 -0.092917 0.490769
1520616887.864801884 30.853707 3.171519 -11.680411 -0.075017 0.860757 -0.095485 0.494321
1520616887.914802790 30.911549 3.174018 -11.712851 -0.070775 0.856288 -0.097274 0.502294
1520616887.964260817 30.966285 3.151157 -11.749428 -0.076159 0.850088 -0.095504 0.512278
1520616888.014261961 31.038559 3.140562 -11.756127 -0.080227 0.848658 -0.093113 0.514464
1520616888.064263821 31.085120 3.111201 -11.770444 -0.087204 0.844134 -0.083547 0.522354
1520616888.114264727 31.130022 3.093538 -11.803466 -0.091708 0.835720 -0.078887 0.535667
1520616888.164266825 31.179622 3.085877 -11.829644 -0.096129 0.830117 -0.077615 0.543729
1520616888.214267731 31.240118 3.092067 -11.851505 -0.098139 0.830066 -0.080504 0.543027
1520616888.264269829 31.295119 3.086928 -11.889774 -0.098309 0.830375 -0.089398 0.541130
1520616888.314271927 31.345510 3.080043 -11.927260 -0.096180 0.834557 -0.096274 0.533849
1520616888.364781380 31.407277 3.082001 -11.963842 -0.086259 0.840952 -0.105783 0.523612
1520616888.414783239 31.461469 3.081483 -12.006260 -0.074553 0.848245 -0.113875 0.511815
1520616888.464784145 31.517566 3.071200 -12.046014 -0.063884 0.858032 -0.122211 0.494736
1520616888.514786482 31.574217 3.063699 -12.088840 -0.055002 0.867682 -0.131574 0.476225
1520616888.564788342 31.624196 3.043549 -12.120664 -0.044342 0.875685 -0.133763 0.461862
1520616888.614789248 31.668735 2.995421 -12.155779 -0.029697 0.886933 -0.129773 0.442296
1520616888.664791346 31.721990 3.009274 -12.184374 -0.020333 0.901349 -0.134609 0.411141
1520616888.714793205 31.763376 2.987643 -12.221694 -0.008620 0.914372 -0.134683 0.381720
1520616888.766263962 31.807584 2.963150 -12.258245 0.009675 0.925548 -0.136391 0.353079
1520616888.816265821 31.848715 2.939985 -12.300524 0.030131 0.934036 -0.139684 0.327347
1520616888.866266727 31.883316 2.917598 -12.350138 0.052080 0.939849 -0.145646 0.304565
1520616888.916268826 31.917447 2.881613 -12.394531 0.077767 0.943372 -0.149842 0.285569
1520616888.966270924 31.959834 2.866546 -12.437544 0.099799 0.944158 -0.162050 0.268972
1520616889.016271830 32.005491 2.848972 -12.472942 0.117181 0.943670 -0.172780 0.256714
1520616889.066272974 32.039789 2.835197 -12.520850 0.126712 0.943997 -0.182626 0.243847
1520616889.116274834 32.079290 2.809276 -12.566639 0.130223 0.946780 -0.187738 0.226723
1520616889.165064812 32.108197 2.768074 -12.609928 0.138935 0.948550 -0.186826 0.214586
1520616889.215065718 32.135689 2.731377 -12.649981 0.145091 0.951593 -0.185718 0.197303
1520616889.265066624 32.164369 2.707246 -12.699508 0.150783 0.954369 -0.186890 0.177528
1520616889.315068722 32.194821 2.672185 -12.739698 0.154130 0.958332 -0.186339 0.152055
1520616889.365166664 32.206348 2.666206 -12.798574 0.155105 0.961303 -0.191015 0.123907
1520616889.415071487 32.214055 2.646895 -12.859387 0.160408 0.962429 -0.196919 0.096034
1520616889.465073824 32.222777 2.635240 -12.926528 0.172562 0.960645 -0.206269 0.069538
1520616889.515074730 32.230165 2.614806 -12.983611 0.183901 0.958192 -0.215548 0.039848
1520616889.563895464 32.227770 2.605125 -13.043690 0.194382 0.953735 -0.228957 0.013581
1520616889.613896370 32.226115 2.582566 -13.097420 0.204091 0.949015 -0.239815 -0.014331
1520616889.663898468 32.228312 2.545829 -13.137507 0.207583 0.945451 -0.246193 -0.049195
1520616889.713899374 32.223389 2.519586 -13.191340 0.215189 0.939512 -0.251121 -0.089154
1520616889.763901234 32.204918 2.466842 -13.205094 0.221645 0.935979 -0.242926 -0.125715
1520616889.813902378 32.195186 2.436121 -13.237074 0.228381 0.930612 -0.236545 -0.160782
1520616889.863904238 32.187387 2.409056 -13.266164 0.231210 0.925567 -0.230354 -0.191848
1520616889.913906336 32.190520 2.371257 -13.302423 0.237881 0.917356 -0.228282 -0.223066
1520616889.963425398 32.144358 2.371401 -13.319079 0.231280 0.914056 -0.227844 -0.243101
1520616890.013427496 32.133319 2.314010 -13.332449 0.234367 0.908234 -0.222526 -0.265828
1520616890.063428402 32.094734 2.312076 -13.345760 0.224917 0.906836 -0.221973 -0.278908
1520616890.113430262 32.099515 2.295566 -13.312007 0.220138 0.907834 -0.211617 -0.287394
1520616890.163431406 32.074138 2.258245 -13.326174 0.214534 0.907112 -0.203480 -0.299531
1520616890.213433504 32.050550 2.250840 -13.351175 0.198988 0.904456 -0.199899 -0.320005
1520616890.263435364 32.014635 2.251123 -13.402248 0.180027 0.900643 -0.204503 -0.338543
1520616890.313436508 31.988449 2.209681 -13.406490 0.163451 0.898339 -0.204030 -0.353048
1520616890.363438368 31.945844 2.179958 -13.433023 0.140538 0.894395 -0.212598 -0.367570
1520616890.413210154 31.922326 2.158654 -13.477574 0.117977 0.888978 -0.224047 -0.381579
1520616890.463211060 31.873242 2.133005 -13.499889 0.094017 0.887219 -0.229271 -0.389151
1520616890.513212204 31.838446 2.113760 -13.532861 0.075702 0.887661 -0.237407 -0.387253
1520616890.563214064 31.797647 2.089452 -13.553595 0.055702 0.890632 -0.242984 -0.380303
1520616890.613214970 31.770154 2.059371 -13.590780 0.031964 0.892610 -0.246112 -0.376369
1520616890.663217306 31.734473 2.034450 -13.623486 0.005529 0.895994 -0.247846 -0.368424
1520616890.713219166 31.708125 1.998789 -13.658641 -0.023442 0.901822 -0.245411 -0.354881
1520616890.763220072 31.678621 1.977796 -13.707317 -0.051802 0.907731 -0.244012 -0.337341
1520616890.812941313 31.652745 1.953450 -13.751516 -0.075541 0.914540 -0.241448 -0.315615
1520616890.862942219 31.660065 1.953378 -13.781064 -0.094100 0.921198 -0.236495 -0.294295
1520616890.912944317 31.650926 1.928462 -13.812023 -0.101570 0.929505 -0.229546 -0.270209
1520616890.962945461 31.627913 1.912030 -13.841477 -0.111777 0.938234 -0.224217 -0.238640
1520616891.013042212 31.606068 1.893092 -13.889750 -0.118423 0.946653 -0.216175 -0.207589
1520616891.062949181 31.607009 1.874824 -13.949662 -0.121635 0.953194 -0.208729 -0.181816
1520616891.112950325 31.595447 1.852964 -13.994552 -0.120752 0.958630 -0.207281 -0.153235
1520616891.162952185 31.590082 1.828598 -14.048443 -0.120010 0.962015 -0.210992 -0.124925
1520616891.213149786 31.566939 1.810803 -14.094102 -0.120352 0.964014 -0.219417 -0.089720
1520616891.263151884 31.563086 1.797001 -14.159321 -0.116971 0.963443 -0.233419 -0.060090
1520616891.313152790 31.577970 1.759245 -14.213599 -0.106337 0.964838 -0.238805 -0.027435
1520616891.363154888 31.592540 1.735693 -14.262440 -0.091178 0.964561 -0.247563 0.004597
1520616891.413156986 31.616593 1.695491 -14.301743 -0.071612 0.964997 -0.250334 0.031381
1520616891.463157892 31.631252 1.675769 -14.348706 -0.055620 0.964359 -0.252297 0.057137
1520616891.513159752 31.649347 1.650554 -14.401440 -0.041583 0.963129 -0.254185 0.077738
1520616891.563160896 31.670258 1.623602 -14.437100 -0.026790 0.962800 -0.251918 0.094002
1520616891.613391161 31.695867 1.595634 -14.487571 -0.005146 0.960871 -0.254614 0.108960
1520616891.663392305 31.713238 1.584087 -14.529104 0.013086 0.957792 -0.258530 0.125002
1520616891.713394165 31.716877 1.569311 -14.584608 0.031378 0.953328 -0.268226 0.135040
1520616891.763395071 31.724958 1.543531 -14.642791 0.052034 0.949283 -0.279283 0.134742
1520616891.813397408 31.729081 1.518912 -14.696877 0.070483 0.945541 -0.290780 0.128185
1520616891.863399267 31.738789 1.486102 -14.760020 0.087996 0.942324 -0.301971 0.114436
1520616891.913400173 31.736936 1.460495 -14.832631 0.104970 0.938228 -0.314946 0.097562
1520616891.963402271 31.744387 1.424067 -14.880604 0.121958 0.935664 -0.321731 0.078406
1520616892.013287306 31.741547 1.393645 -14.934015 0.136281 0.932900 -0.328962 0.053937
1520616892.063288212 31.736616 1.367243 -14.980649 0.146500 0.931286 -0.332095 0.030945
1520616892.113290310 31.723660 1.343184 -15.037278 0.158584 0.927930 -0.337059 0.013750
1520616892.163292170 31.711238 1.337769 -15.104436 0.166817 0.925123 -0.341049 0.002452
1520616892.213293076 31.705284 1.310417 -15.158023 0.175004 0.924620 -0.338122 -0.011184
1520616892.263295412 31.694261 1.289025 -15.211085 0.179447 0.924258 -0.336215 -0.022467
1520616892.313296318 31.683314 1.252104 -15.255603 0.180099 0.923520 -0.336859 -0.034650
1520616892.363297224 31.670476 1.219850 -15.306803 0.177413 0.921159 -0.342066 -0.054613
1520616892.413119316 31.642687 1.192751 -15.352335 0.172602 0.918739 -0.346659 -0.077163
1520616892.463120461 31.620143 1.163733 -15.392713 0.169757 0.914168 -0.354155 -0.100271
1520616892.513122320 31.591765 1.142870 -15.455384 0.166737 0.907741 -0.364330 -0.124370
1520616892.563123226 31.567764 1.118278 -15.504360 0.163732 0.903091 -0.367539 -0.150113
1520616892.613125563 31.552863 1.083011 -15.534424 0.164793 0.900413 -0.361129 -0.178004
1520616892.663224459 31.516650 1.067417 -15.584545 0.163773 0.895761 -0.358053 -0.206370
1520616892.713128328 31.485375 1.045313 -15.621817 0.165596 0.889007 -0.354898 -0.237258
1520616892.763130426 31.448912 1.024106 -15.655394 0.166648 0.880977 -0.352414 -0.268166
1520616892.813131332 31.425699 0.986490 -15.689703 0.170343 0.869922 -0.347717 -0.305470
1520616892.862972736 31.393283 0.965779 -15.723580 0.171157 0.855956 -0.346244 -0.343742
1520616892.912973642 31.358354 0.943756 -15.752963 0.173850 0.839672 -0.345067 -0.381650
1520616892.962975502 31.325891 0.922594 -15.783102 0.175078 0.821351 -0.343633 -0.420294
1520616893.012977839 31.289226 0.901674 -15.805456 0.179194 0.801001 -0.339933 -0.459056
1520616893.062978745 31.254591 0.883519 -15.825498 0.184884 0.778161 -0.334612 -0.498316
1520616893.112980604 31.215667 0.869552 -15.840857 -0.188409 -0.751886 0.322234 0.543446
1520616893.162981749 31.173983 0.854213 -15.844834 -0.195107 -0.721588 0.305324 0.589933
1520616893.212983608 31.134916 0.853491 -15.848189 -0.200309 -0.687521 0.298421 0.630980
1520616893.263007641 31.093997 0.848407 -15.848469 -0.206617 -0.650377 0.297456 0.667712
1520616893.313009501 31.056371 0.842289 -15.844213 -0.210122 -0.611464 0.300829 0.701044
1520616893.363010645 31.017714 0.841101 -15.836789 -0.210617 -0.568610 0.304557 0.734553
1520616893.413012505 30.980374 0.841183 -15.824401 -0.213157 -0.528694 0.307508 0.761896
1520616893.463014603 30.942957 0.849552 -15.809819 -0.218459 -0.493270 0.307458 0.783856
1520616893.513015747 30.907403 0.866219 -15.793714 -0.227392 -0.457980 0.303017 0.804194
1520616893.563017607 30.879381 0.875852 -15.772625 -0.241699 -0.420069 0.292873 0.824226
1520616893.613019466 30.851050 0.892151 -15.750531 -0.251112 -0.383462 0.286493 0.841321
1520616893.663285017 30.826742 0.911505 -15.722442 -0.255445 -0.343427 0.276687 0.860378
1520616893.713287115 30.805767 0.944533 -15.687287 -0.255509 -0.299805 0.262964 0.880728
1520616893.763288975 30.794481 0.953005 -15.653806 -0.262343 -0.253848 0.247109 0.897594
1520616893.813290119 30.790130 0.963026 -15.619606 -0.268262 -0.207912 0.232097 0.911559
1520616893.863291979 30.787700 0.987300 -15.582125 -0.270144 -0.161597 0.217349 0.923942
1520616893.913293123 30.794131 0.996261 -15.547871 -0.273436 -0.114908 0.200936 0.933624
1520616893.963294029 30.814386 1.027253 -15.509448 -0.271076 -0.068949 0.184317 0.942227
1520616894.013295889 30.832203 1.053026 -15.468746 -0.264992 -0.023758 0.168580 0.949103
1520616894.063311100 30.844483 1.085813 -15.433868 -0.251078 0.019344 0.153538 0.955516
1520616894.113312244 30.870895 1.106744 -15.396678 -0.238306 0.057091 0.132518 0.960411
1520616894.163314342 30.906713 1.107455 -15.367514 -0.232523 0.089171 0.117999 0.961279
1520616894.213315248 30.932718 1.133344 -15.333679 -0.231080 0.115687 0.105730 0.960229
1520616894.263317347 30.967126 1.156729 -15.303535 -0.232874 0.137224 0.095229 0.958056
1520616894.313416243 30.984102 1.209059 -15.274275 -0.227828 0.162072 0.083395 0.956489
1520616894.363320112 31.014307 1.240843 -15.246575 -0.228431 0.182838 0.074981 0.953293
1520616894.413321257 31.042819 1.275807 -15.219278 -0.227493 0.204122 0.066234 0.949839
1520616894.463086843 31.078810 1.313741 -15.195143 -0.226789 0.223520 0.055156 0.946342
1520616894.513087749 31.118593 1.352497 -15.168424 -0.229253 0.238532 0.040185 0.942831
1520616894.563090086 31.169059 1.381767 -15.142240 -0.236021 0.243251 0.021551 0.940563
1520616894.613090992 31.206724 1.442452 -15.118873 -0.236308 0.237487 0.001650 0.942208
1520616894.663092852 31.246461 1.453680 -15.089561 -0.243524 0.220071 -0.021389 0.944355
1520616894.713094950 31.271915 1.478498 -15.054858 -0.241370 0.203777 -0.049236 0.947518
1520616894.763095856 31.310238 1.491379 -15.022058 -0.235744 0.184875 -0.077556 0.950911
1520616894.813097715 31.328293 1.496821 -14.982618 -0.230199 0.168371 -0.094245 0.953823
1520616894.863098860 31.346946 1.519437 -14.948343 -0.220493 0.150474 -0.104718 0.958005
1520616894.913094759 31.378155 1.540396 -14.907410 -0.213186 0.129814 -0.119215 0.960983
1520616894.963095903 31.403897 1.560790 -14.868394 -0.212646 0.109642 -0.132803 0.961833
1520616895.013097763 31.418695 1.577335 -14.823376 -0.218038 0.089588 -0.143593 0.961153
1520616895.063099861 31.412012 1.583754 -14.790484 -0.230690 0.072377 -0.148817 0.958852
1520616895.113101006 31.401869 1.600974 -14.747881 -0.243756 0.055053 -0.149450 0.956670
1520616895.163102865 31.404963 1.631728 -14.708172 -0.252506 0.037085 -0.148805 0.955365
1520616895.213104010 31.412061 1.651613 -14.657298 -0.266187 0.018964 -0.148250 0.952264
1520616895.263105869 31.382761 1.677992 -14.631914 -0.282727 0.009199 -0.132752 0.949925
1520616895.313102961 31.381576 1.735895 -14.624060 -0.287252 0.000198 -0.115940 0.950812
1520616895.363103867 31.366654 1.756225 -14.577007 -0.299859 -0.009866 -0.097631 0.948923
1520616895.413105965 31.348846 1.776513 -14.535804 -0.310259 -0.014666 -0.074809 0.947591
1520616895.463106871 31.335064 1.801821 -14.515051 -0.315259 -0.012676 -0.048460 0.947683
1520616895.513108730 31.314051 1.815048 -14.486375 -0.323639 -0.010792 -0.021266 0.945880
1520616895.563109875 31.295731 1.851134 -14.448894 -0.325712 -0.008324 0.007766 0.945400
1520616895.613111973 31.300382 1.873979 -14.393956 -0.328843 -0.006192 0.031981 0.943823
1520616895.663113117 31.315469 1.929495 -14.370197 -0.319948 0.002988 0.056871 0.945722
1520616895.713941097 31.312357 1.954984 -14.320468 -0.309794 0.011836 0.080709 0.947298
1520616895.763942957 31.324020 1.980418 -14.265467 -0.293890 0.020502 0.102875 0.950066
1520616895.813944101 31.327101 1.995588 -14.204353 -0.278266 0.032219 0.126406 0.951605
1520616895.863945961 31.341115 2.016130 -14.144225 -0.267880 0.045625 0.143759 0.951573
1520616895.913946867 31.347414 2.037654 -14.096126 -0.259465 0.066787 0.159192 0.950197
1520616895.964045048 31.355825 2.068570 -14.033118 -0.249953 0.085335 0.183827 0.946810
1520616896.013950109 31.370736 2.090275 -13.986220 -0.241473 0.111993 0.202847 0.942338
1520616896.063951969 31.398553 2.099785 -13.932238 -0.235961 0.138980 0.216842 0.937009
1520616896.114513874 31.424922 2.131108 -13.881045 -0.227655 0.166358 0.226334 0.932347
1520616896.164515734 31.452038 2.159737 -13.827150 -0.219629 0.195489 0.232602 0.927062
1520616896.214516878 31.484629 2.202395 -13.778831 -0.206387 0.225363 0.233983 0.922967
1520616896.264518738 31.504326 2.214377 -13.743987 -0.194990 0.259019 0.221961 0.919577
1520616896.314520597 31.535035 2.246612 -13.702333 -0.185216 0.290620 0.206017 0.915856
1520616896.364521742 31.575313 2.275716 -13.660615 -0.182828 0.317095 0.186945 0.911634
1520616896.414523840 31.626422 2.299739 -13.625570 -0.183386 0.348581 0.165481 0.904144
1520616896.464524746 31.686273 2.295796 -13.600571 -0.193534 0.373563 0.140791 0.896199
1520616896.515709639 31.677924 2.369569 -13.561017 -0.192066 0.404034 0.120081 0.886255
1520616896.565711737 31.734005 2.384275 -13.542656 -0.207738 0.418851 0.094875 0.878867
1520616896.615712643 31.787628 2.340663 -13.500300 -0.233113 0.426183 0.066817 0.871528
1520616896.665714502 31.829547 2.340876 -13.470720 -0.250939 0.429260 0.037714 0.866800
1520616896.715715647 31.874260 2.342394 -13.445318 -0.266875 0.427560 0.011082 0.863625
1520616896.765717506 31.923557 2.324194 -13.392870 -0.286928 0.424453 -0.016874 0.858619
1520616896.815718412 31.950883 2.328394 -13.357772 -0.303433 0.421061 -0.047675 0.853442
1520616896.865720749 31.999896 2.357937 -13.329274 -0.309602 0.409907 -0.081188 0.854126
1520616896.916612387 32.039432 2.385913 -13.295331 -0.307863 0.395907 -0.103933 0.858881
1520616896.966613293 32.068460 2.399053 -13.246291 -0.302332 0.379989 -0.113197 0.866828
1520616897.016614437 32.095143 2.404422 -13.194377 -0.294143 0.361773 -0.110633 0.877702
1520616897.066616297 32.114076 2.410982 -13.138371 -0.286753 0.344373 -0.093939 0.889019
1520616897.116618395 32.136833 2.438518 -13.097854 -0.274630 0.330670 -0.070181 0.900173
1520616897.166620255 32.161904 2.468908 -13.062207 -0.259793 0.321781 -0.033489 0.909859
1520616897.216621399 32.188833 2.507850 -13.019602 -0.246724 0.321141 -0.006328 0.914306
1520616897.266622305 32.220984 2.534926 -12.982236 -0.237342 0.325192 0.016463 0.915231
1520616897.316624403 32.252393 2.572332 -12.948764 -0.227081 0.330337 0.047296 0.914918
1520616897.366304159 32.287086 2.603521 -12.923345 -0.219047 0.341021 0.082401 0.910457
1520616897.416306019 32.324472 2.637131 -12.895939 -0.209486 0.359928 0.112170 0.902211
1520616897.466308117 32.354074 2.667929 -12.862633 -0.200888 0.385296 0.134634 0.890542
1520616897.516309023 32.407924 2.686365 -12.851348 -0.192831 0.410056 0.146677 0.879293
1520616897.566311121 32.461709 2.709065 -12.842969 -0.183761 0.438738 0.150211 0.866705
1520616897.616409302 32.523819 2.719487 -12.851630 -0.182286 0.471281 0.147304 0.850275
1520616897.666314125 32.570982 2.752089 -12.849552 -0.178569 0.503169 0.145330 0.832955
1520616897.716315269 32.637534 2.754915 -12.869057 -0.185919 0.535001 0.140090 0.812147
1520616897.767572403 32.709880 2.763397 -12.899898 -0.193554 0.563048 0.127381 0.793277
1520616897.817573309 32.785450 2.763116 -12.918169 -0.194604 0.589669 0.115139 0.775347
1520616897.867575407 32.854922 2.773053 -12.946887 -0.194351 0.612432 0.093278 0.760561
1520616897.917577267 32.924821 2.768405 -12.962235 -0.193134 0.632649 0.070954 0.746606
1520616897.967578173 32.998591 2.775204 -12.984255 -0.191907 0.646682 0.042709 0.736987
1520616898.017580271 33.064539 2.771620 -13.007256 -0.196862 0.651231 0.013964 0.732768
1520616898.067581177 33.126462 2.759367 -13.037815 -0.207960 0.650700 -0.019078 0.730054
1520616898.117583275 33.194492 2.752830 -13.051337 -0.214502 0.649987 -0.045762 0.727607
1520616898.166029215 33.254301 2.719914 -13.057760 -0.223912 0.645096 -0.060671 0.728034
1520616898.216031075 33.326246 2.723002 -13.087000 -0.231623 0.637728 -0.084326 0.729755
1520616898.266033173 33.385754 2.724109 -13.090048 -0.239576 0.628573 -0.100434 0.733084
1520616898.316034079 33.450824 2.724722 -13.087988 -0.248844 0.620245 -0.114014 0.735101
1520616898.366036177 33.519918 2.737289 -13.093138 -0.257084 0.607003 -0.130427 0.740570
1520616898.416038275 33.585211 2.743965 -13.094738 -0.263544 0.592741 -0.142012 0.747687
1520616898.466039181 33.645968 2.743561 -13.078547 -0.270620 0.579654 -0.148722 0.754088
1520616898.516040325 33.697480 2.714774 -13.049744 -0.278595 0.565835 -0.148622 0.761661
1520616898.564525127 33.728542 2.683685 -12.961043 -0.289156 0.564391 -0.132626 0.761749
1520616898.614526987 33.787786 2.693977 -12.974363 -0.289660 0.551981 -0.128827 0.771244
1520616898.664529085 33.849032 2.673685 -12.987948 -0.289951 0.541828 -0.117264 0.780128
1520616898.714530230 33.895871 2.654740 -13.011727 -0.290999 0.531126 -0.104216 0.788900
1520616898.764531136 33.945099 2.667881 -12.987206 -0.289008 0.523555 -0.087015 0.796739
1520616898.814532995 33.963120 2.664711 -13.025039 -0.285315 0.509895 -0.067373 0.808742
1520616898.864535093 34.008641 2.686826 -13.002209 -0.279158 0.496645 -0.046071 0.820544
1520616898.914535999 34.033196 2.720862 -12.973798 -0.273374 0.483224 -0.027697 0.831261
1520616898.963912010 34.085284 2.747431 -12.951416 -0.267721 0.468521 -0.005290 0.841894
1520616899.013913870 34.117931 2.755024 -12.909951 -0.267432 0.452197 0.015038 0.850748
1520616899.063916206 34.151952 2.772098 -12.864605 -0.263754 0.433227 0.039552 0.860920
1520616899.113917112 34.184869 2.776694 -12.805586 -0.262073 0.414658 0.062074 0.869208
1520616899.163918972 34.225887 2.792536 -12.760626 -0.261365 0.396776 0.078073 0.876448
1520616899.213921070 34.248051 2.814690 -12.719373 -0.260858 0.381944 0.093051 0.881710
1520616899.264014006 34.275991 2.841505 -12.672318 -0.259214 0.367807 0.107996 0.886489
1520616899.313922882 34.307299 2.845918 -12.635154 -0.261357 0.352701 0.116700 0.890885
1520616899.363557816 34.336083 2.859145 -12.584977 -0.255269 0.339189 0.121389 0.897247
1520616899.413559914 34.366500 2.854232 -12.551363 -0.252281 0.327064 0.117311 0.903118
1520616899.463560820 34.378773 2.833803 -12.495968 -0.248708 0.319353 0.119892 0.906523
1520616899.513562679 34.405665 2.866316 -12.456608 -0.239151 0.306760 0.118945 0.913541
1520616899.563563824 34.432361 2.890266 -12.403716 -0.235544 0.294872 0.119342 0.918329
1520616899.613565683 34.468331 2.919823 -12.366583 -0.238184 0.282664 0.114519 0.922093
1520616899.663566828 34.496327 2.960638 -12.323443 -0.242684 0.276827 0.103644 0.923975
1520616899.713568926 34.528538 2.996937 -12.289799 -0.252816 0.266340 0.089114 0.925854
1520616899.763569832 34.559701 3.027629 -12.251138 -0.261250 0.255056 0.073298 0.928074
1520616899.813286543 34.592272 3.048280 -12.219286 -0.269471 0.243272 0.059662 0.929863
1520616899.863288403 34.624890 3.085918 -12.185656 -0.271686 0.232241 0.041281 0.933031
1520616899.913289309 34.653547 3.119223 -12.141291 -0.267389 0.221068 0.028780 0.937446
1520616899.963291407 34.674389 3.148705 -12.095787 -0.258204 0.208779 0.024054 0.942955
1520616900.013292313 34.689467 3.187871 -12.050007 -0.246415 0.197462 0.019786 0.948629
1520616900.063294411 34.708605 3.226891 -12.004033 -0.237147 0.182298 0.015911 0.954084
1520616900.113295555 34.729733 3.264495 -11.959807 -0.230380 0.162958 0.018052 0.959189
1520616900.163297415 34.742272 3.300997 -11.913208 -0.222726 0.143883 0.024426 0.963895
1520616900.213426590 34.753383 3.330724 -11.858128 -0.213767 0.120913 0.037513 0.968647
1520616900.263428450 34.775984 3.367086 -11.817840 -0.198757 0.098950 0.052459 0.973628
1520616900.313429356 34.770101 3.392672 -11.754369 -0.184387 0.084218 0.067663 0.976898
1520616900.363430500 34.763603 3.413697 -11.694762 -0.168998 0.067936 0.088745 0.979259
1520616900.413432360 34.757789 3.432034 -11.640038 -0.156934 0.057396 0.108877 0.979910
1520616900.463434219 34.749858 3.452684 -11.580422 -0.148245 0.052586 0.124240 0.979705
1520616900.513435602 34.743143 3.477373 -11.514923 -0.139339 0.054697 0.140893 0.978643
1520616900.563436270 34.745300 3.520590 -11.464476 -0.126110 0.058557 0.157816 0.977631
1520616900.613787889 34.748541 3.557820 -11.418608 -0.118891 0.065555 0.175553 0.975063
1520616900.663790226 34.751101 3.592899 -11.368136 -0.116250 0.074856 0.189848 0.972029
1520616900.713796139 34.750407 3.621678 -11.302749 -0.119431 0.086001 0.198925 0.968901
1520616900.763792992 34.752968 3.649170 -11.243116 -0.125729 0.099383 0.203204 0.965931
1520616900.813795090 34.764500 3.675961 -11.192403 -0.134271 0.116109 0.203363 0.962878
1520616900.863795996 34.779071 3.702806 -11.140459 -0.146272 0.135984 0.208740 0.957361
1520616900.913883924 34.799350 3.732228 -11.106368 -0.155201 0.156357 0.220466 0.950190
1520616900.963799238 34.812270 3.761726 -11.054917 -0.167467 0.175364 0.231618 0.942101
1520616901.013764858 34.832725 3.802621 -11.012023 -0.174572 0.188847 0.244245 0.934990
1520616901.063766956 34.851753 3.839640 -10.972170 -0.180416 0.198181 0.257693 0.928315
1520616901.113769054 34.862595 3.862334 -10.907445 -0.188276 0.212736 0.274030 0.918805
1520616901.163769960 34.880081 3.899672 -10.852337 -0.189471 0.226300 0.286908 0.911358
1520616901.213771820 34.899934 3.930150 -10.799721 -0.188725 0.239006 0.299661 0.904136
1520616901.263772964 34.912970 3.953613 -10.751421 -0.186750 0.252813 0.309257 0.897535
1520616901.313774824 34.940274 3.974926 -10.691917 -0.184349 0.272072 0.314703 0.890480
1520616901.363776207 34.966414 4.007506 -10.651632 -0.188474 0.291772 0.307904 0.885743
1520616901.413644791 34.990032 4.049257 -10.602357 -0.192819 0.308679 0.295223 0.883392
1520616901.463646889 35.015291 4.076370 -10.553126 -0.198290 0.323577 0.283934 0.880546
1520616901.513648033 35.053412 4.111546 -10.519306 -0.201793 0.331601 0.270760 0.880914
1520616901.563649893 35.086747 4.146527 -10.477351 -0.202543 0.338072 0.255787 0.882755
1520616901.613650799 35.122443 4.187484 -10.442233 -0.205506 0.344222 0.232267 0.886189
1520616901.663652897 35.157295 4.222490 -10.415278 -0.206626 0.345219 0.208129 0.891522
1520616901.713653803 35.182850 4.250262 -10.376159 -0.209208 0.345814 0.184991 0.895781
1520616901.763655663 35.218338 4.274627 -10.339428 -0.212462 0.344864 0.161790 0.899863
1520616901.813576460 35.257350 4.315698 -10.301233 -0.212966 0.346139 0.136074 0.903503
1520616901.863579512 35.287972 4.340132 -10.257450 -0.215889 0.343599 0.117154 0.906425
1520616901.913580656 35.318382 4.368155 -10.222116 -0.221318 0.340120 0.098993 0.908591
1520616901.963581562 35.349550 4.390134 -10.181037 -0.235218 0.340451 0.086308 0.906265
1520616902.013583422 35.388662 4.414901 -10.143163 -0.249570 0.345599 0.079432 0.901092
1520616902.063585520 35.427650 4.452847 -10.121610 -0.264587 0.353698 0.070968 0.894346
1520616902.113586426 35.456891 4.467797 -10.083440 -0.277425 0.364681 0.073696 0.885783
1520616902.163588762 35.492662 4.502501 -10.058840 -0.277645 0.375274 0.076740 0.881019
1520616902.213590622 35.528874 4.534919 -10.021701 -0.274300 0.392092 0.078061 0.874603
1520616902.263770580 35.567503 4.568301 -10.003960 -0.260635 0.402533 0.081723 0.873704
1520616902.313771248 35.606271 4.591735 -9.962781 -0.247777 0.418875 0.082592 0.869671
1520616902.363774538 35.644355 4.616327 -9.932880 -0.234341 0.433906 0.076742 0.866557
1520616902.413774490 35.685298 4.632914 -9.895981 -0.223200 0.450310 0.074541 0.861305
1520616902.463776350 35.723968 4.649113 -9.862727 -0.216512 0.464032 0.075435 0.855632
1520616902.513777494 35.763189 4.662411 -9.830514 -0.215019 0.475993 0.077593 0.849221
1520616902.563861370 35.793671 4.671539 -9.803576 -0.214815 0.485857 0.078186 0.843614
1520616902.613780499 35.829469 4.678539 -9.782940 -0.212995 0.496800 0.075826 0.837898
1520616902.664466858 35.869317 4.683469 -9.763802 -0.206041 0.512634 0.068370 0.830710
1520616902.714468718 35.906700 4.691651 -9.747573 -0.195418 0.532365 0.055245 0.821795
1520616902.764469862 35.945998 4.693245 -9.731057 -0.182477 0.556114 0.042731 0.809700
1520616902.814471722 35.985353 4.691465 -9.720325 -0.167279 0.581216 0.030514 0.795786
1520616902.864472628 36.020371 4.693384 -9.719976 -0.149316 0.610729 0.011281 0.777552
1520616902.914474964 36.060060 4.688577 -9.710181 -0.130812 0.647341 -0.010133 0.750823
1520616902.964475632 36.090340 4.679051 -9.721109 -0.114312 0.677951 -0.032893 0.725419
1520616903.014477730 36.115035 4.666671 -9.732010 -0.101014 0.707424 -0.052698 0.697546
1520616903.064349890 36.131903 4.652286 -9.747351 -0.089568 0.733394 -0.065124 0.670723
1520616903.114351034 36.142312 4.641663 -9.764168 -0.078185 0.757371 -0.081119 0.643192
1520616903.164352894 36.147648 4.627972 -9.784492 -0.068327 0.779245 -0.100296 0.614857
1520616903.214353800 36.139679 4.602048 -9.805109 -0.062352 0.798968 -0.124100 0.585117
1520616903.264355898 36.132553 4.573935 -9.828753 -0.059042 0.816987 -0.150281 0.553590
1520616903.314356804 36.122233 4.549892 -9.861603 -0.054696 0.832370 -0.177283 0.522244
1520616903.364358664 36.107420 4.518806 -9.894122 -0.052418 0.846750 -0.202361 0.489200
1520616903.414359808 36.084918 4.491796 -9.930621 -0.053208 0.859268 -0.225826 0.455884
1520616903.463482141 36.054565 4.464600 -9.962846 -0.054928 0.869107 -0.245900 0.425641
1520616903.513484478 36.022135 4.442480 -10.000830 -0.055636 0.878390 -0.262720 0.395364
1520616903.563485384 35.978392 4.419403 -10.037458 -0.055791 0.886901 -0.274348 0.367461
1520616903.613487244 35.944798 4.392461 -10.066992 -0.055520 0.896529 -0.279065 0.339522
1520616903.663488388 35.908866 4.374252 -10.094177 -0.053364 0.903843 -0.283048 0.316392
1520616903.713491201 35.869530 4.350961 -10.122254 -0.052796 0.909603 -0.284061 0.298570
1520616903.763492107 35.830899 4.330359 -10.154258 -0.052034 0.915560 -0.284709 0.279255
1520616903.813493252 35.792908 4.315858 -10.190133 -0.051212 0.921167 -0.286941 0.257862
1520616903.863390446 35.760395 4.305243 -10.225721 -0.050774 0.927760 -0.286849 0.233241
1520616903.913391352 35.722383 4.293191 -10.265829 -0.051589 0.934621 -0.282753 0.209459
1520616903.963393688 35.683780 4.282328 -10.307085 -0.052944 0.940905 -0.280633 0.182041
1520616904.013394594 35.643540 4.261590 -10.340560 -0.055856 0.946772 -0.277963 0.152449
1520616904.063396454 35.603417 4.242654 -10.384340 -0.060048 0.950465 -0.279687 0.121593
1520616904.113399744 35.562891 4.219636 -10.409783 -0.065331 0.953886 -0.278585 0.090689
1520616904.163399458 35.507320 4.184351 -10.441146 -0.073343 0.956658 -0.273313 0.068751
1520616904.213477373 35.462819 4.156748 -10.479477 -0.084398 0.958606 -0.268489 0.043194
1520616904.263402700 35.423743 4.134129 -10.518676 -0.095771 0.959155 -0.265810 0.013960
1520616904.313627720 35.388472 4.119922 -10.557276 -0.106478 0.958277 -0.264912 -0.013733
1520616904.363628626 35.351796 4.092642 -10.591113 -0.114429 0.956769 -0.263805 -0.043667
1520616904.413630486 35.316926 4.065579 -10.619903 -0.121538 0.954646 -0.261617 -0.073729
1520616904.463631630 35.282977 4.040476 -10.654106 -0.130114 0.951592 -0.260995 -0.097077
1520616904.513633728 35.245353 4.012405 -10.690747 -0.139121 0.947800 -0.262291 -0.116294
1520616904.563634634 35.208146 3.975098 -10.727707 -0.147885 0.943999 -0.264895 -0.129721
1520616904.613636732 35.185419 3.947728 -10.769993 -0.157017 0.939231 -0.271075 -0.140391
1520616904.663638592 35.161445 3.922482 -10.812906 -0.166813 0.935016 -0.279816 -0.140076
1520616904.713527918 35.140383 3.899315 -10.856494 -0.174585 0.931820 -0.289170 -0.132712
1520616904.763529778 35.123432 3.872170 -10.906186 -0.180388 0.931181 -0.295504 -0.114190
1520616904.813531637 35.118013 3.843309 -10.946723 -0.185442 0.932437 -0.298226 -0.085057
1520616904.863532782 35.115867 3.823723 -10.995021 -0.188262 0.934233 -0.298203 -0.053298
1520616904.913533688 35.124760 3.806665 -11.042535 -0.193883 0.935682 -0.294111 -0.020167
1520616904.963535786 35.123581 3.784856 -11.084259 -0.195003 0.939273 -0.281514 0.022136
1520616905.013536930 35.140635 3.785503 -11.129819 -0.186246 0.943226 -0.267500 0.063880
1520616905.063538790 35.163582 3.783051 -11.166956 -0.172459 0.948095 -0.245412 0.105577
1520616905.113356352 35.186199 3.785477 -11.212555 -0.157390 0.950866 -0.226303 0.140955
1520616905.163357496 35.206577 3.793611 -11.261901 -0.140873 0.952253 -0.211669 0.169010
1520616905.213359356 35.219099 3.788282 -11.309473 -0.124054 0.953277 -0.195500 0.194044
1520616905.263360500 35.231883 3.783410 -11.352969 -0.111254 0.953461 -0.186859 0.208852
1520616905.313362598 35.245006 3.767264 -11.398705 -0.099253 0.953758 -0.178296 0.220692
1520616905.363363504 35.257104 3.754476 -11.451876 -0.080170 0.953315 -0.176417 0.231603
1520616905.413365602 35.279499 3.754520 -11.514915 -0.056201 0.954126 -0.180253 0.232365
1520616905.463367462 35.267831 3.706726 -11.570511 -0.039179 0.955541 -0.175799 0.233454
1520616905.513424635 35.278072 3.684132 -11.617505 -0.017916 0.958447 -0.175756 0.223982
1520616905.563426971 35.280042 3.660751 -11.669925 0.012019 0.959983 -0.181507 0.212937
1520616905.613427877 35.288377 3.637428 -11.741504 0.040223 0.959076 -0.194158 0.202131
1520616905.663429976 35.269237 3.598953 -11.813358 0.057645 0.958475 -0.207427 0.187019
1520616905.713430882 35.263140 3.560990 -11.865352 0.074397 0.959566 -0.216575 0.163690
1520616905.763432741 35.257665 3.561748 -11.936979 0.095730 0.958108 -0.227397 0.145447
1520616905.813435078 35.242202 3.526693 -11.994982 0.116480 0.957444 -0.229118 0.131298
1520616905.863502026 35.222157 3.496558 -12.034754 0.127089 0.958956 -0.227918 0.110933
1520616905.913759470 35.184686 3.477941 -12.095960 0.128449 0.959064 -0.237301 0.085940
1520616905.963760376 35.148048 3.447070 -12.161305 0.127871 0.958105 -0.250003 0.056415
1520616906.013762712 35.112112 3.425376 -12.213411 0.122765 0.956098 -0.265290 0.020637
1520616906.063763618 35.092264 3.391388 -12.256293 0.123514 0.953631 -0.274208 -0.011957
1520616906.113765478 35.077228 3.359001 -12.310149 0.119189 0.951548 -0.279473 -0.047386
1520616906.163766623 35.073214 3.383501 -12.361008 0.116486 0.947308 -0.286127 -0.084674
1520616906.213768482 35.021146 3.342644 -12.387023 0.104478 0.949705 -0.275051 -0.107194
1520616906.263770580 34.982339 3.326832 -12.442268 0.098361 0.948529 -0.272390 -0.128143
1520616906.314519644 34.914121 3.324959 -12.488685 0.087722 0.948599 -0.271784 -0.136374
1520616906.364521503 34.890018 3.331236 -12.536292 0.083386 0.947508 -0.269036 -0.151308
1520616906.414522648 34.857213 3.309591 -12.583516 0.072132 0.947144 -0.266294 -0.163714
1520616906.464524746 34.817848 3.276606 -12.627388 0.055809 0.947202 -0.260699 -0.178126
1520616906.514525652 34.766740 3.280307 -12.673566 0.042272 0.945170 -0.260983 -0.191715
1520616906.564527750 34.722640 3.238486 -12.707240 0.032745 0.943253 -0.254625 -0.210634
1520616906.614529610 34.687389 3.212755 -12.759300 0.028849 0.938605 -0.253936 -0.231743
1520616906.664530516 34.646246 3.185624 -12.790743 0.034487 0.934370 -0.251124 -0.250402
1520616906.714532614 34.606301 3.122015 -12.791079 0.036847 0.931017 -0.239956 -0.272526
1520616906.764706612 34.574102 3.094708 -12.830169 0.044086 0.921771 -0.244865 -0.297383
1520616906.814708471 34.551067 3.027967 -12.878490 0.056475 0.910171 -0.254815 -0.321666
1520616906.864710808 34.515062 2.982542 -12.908145 0.066706 0.898251 -0.267268 -0.342437
1520616906.914711714 34.476757 2.952285 -12.937423 0.077496 0.886031 -0.278441 -0.362511
1520616906.964713573 34.435146 2.932947 -12.979374 0.085919 0.872765 -0.289884 -0.383232
1520616907.014715672 34.394790 2.891076 -13.011715 0.087837 0.860962 -0.295646 -0.404503
1520616907.064716578 34.346431 2.856269 -13.036492 0.088790 0.849116 -0.301158 -0.424761
1520616907.114718676 34.301793 2.826266 -13.064132 0.087935 0.838021 -0.306953 -0.442457
1520616907.165342569 34.258923 2.791760 -13.092974 0.093624 0.828338 -0.317954 -0.451658
1520616907.215344429 34.216574 2.755042 -13.113434 0.095809 0.818664 -0.325022 -0.463650
1520616907.265345573 34.167180 2.729808 -13.119474 0.092376 0.808110 -0.326474 -0.481498
1520616907.315347433 34.115378 2.703637 -13.127054 0.092346 0.796363 -0.330695 -0.497914
1520616907.365348339 34.056409 2.684909 -13.130735 -0.096217 -0.784303 0.338190 0.511115
1520616907.415350676 34.030075 2.663210 -13.161702 -0.103462 -0.769657 0.347169 0.525736
1520616907.465351582 33.966538 2.654713 -13.168552 -0.107895 -0.754726 0.355572 0.540663
1520616907.515402555 33.900045 2.650919 -13.169633 -0.112021 -0.738064 0.360956 0.558948
1520616907.566856146 33.838625 2.637843 -13.173046 -0.114861 -0.720058 0.363274 0.579961
1520616907.616858006 33.778748 2.631419 -13.143692 -0.123298 -0.706770 0.363089 0.594509
1520616907.666859150 33.718811 2.606959 -13.153903 -0.127599 -0.682990 0.367595 0.618156
1520616907.716861010 33.654455 2.591712 -13.156115 -0.125205 -0.653548 0.368968 0.648893
1520616907.766861916 33.595222 2.587385 -13.138483 -0.123141 -0.627530 0.368230 0.674869
1520616907.816864014 33.529667 2.593695 -13.110228 -0.121870 -0.604082 0.366726 0.696954
1520616907.866866112 33.470263 2.604652 -13.063635 -0.121414 -0.586581 0.364517 0.712958
1520616907.916867018 33.414868 2.598486 -13.044861 -0.127333 -0.567012 0.362673 0.728528
1520616907.966459274 33.359617 2.609784 -13.029505 -0.129419 -0.553180 0.363982 0.738079
1520616908.016460180 33.305380 2.604845 -13.003533 -0.135603 -0.544374 0.366210 0.742401
1520616908.066462278 33.239244 2.608385 -12.979740 -0.136016 -0.535412 0.368177 0.747850
1520616908.116463184 33.180770 2.597801 -12.955501 -0.140827 -0.529050 0.364954 0.753049
1520616908.166465044 33.120547 2.597581 -12.928946 -0.138187 -0.522470 0.353602 0.763476
1520616908.216466188 33.064194 2.589116 -12.902226 -0.132261 -0.518389 0.338705 0.773989
1520616908.266468287 33.008460 2.576653 -12.891304 -0.126660 -0.511939 0.330929 0.782535
1520616908.316470146 32.945661 2.572682 -12.871075 -0.117752 -0.509161 0.326427 0.787613
1520616908.365616322 32.901136 2.560537 -12.853996 -0.115508 -0.508454 0.322200 0.790139
1520616908.415618181 32.847516 2.559673 -12.833616 -0.115022 -0.511258 0.318148 0.790042
1520616908.465620041 32.788784 2.555808 -12.820159 -0.120625 -0.515323 0.310560 0.789585
1520616908.515621185 32.735855 2.545703 -12.804474 -0.126224 -0.519691 0.298211 0.790606
1520616908.565623045 32.678662 2.544288 -12.796646 -0.127252 -0.518025 0.285363 0.796257
1520616908.615623951 32.630119 2.551424 -12.757613 -0.122748 -0.519364 0.265906 0.802800
1520616908.665626287 32.578403 2.536213 -12.742515 -0.123650 -0.516067 0.255346 0.808198
1520616908.715627193 32.531921 2.517275 -12.711881 -0.124981 -0.519684 0.248314 0.807867
1520616908.765069246 32.483046 2.497594 -12.689239 -0.122856 -0.511732 0.242050 0.815137
1520616908.815071106 32.431355 2.486991 -12.657300 -0.117805 -0.501180 0.236753 0.823947
1520616908.865072250 32.379649 2.475305 -12.632950 -0.114418 -0.488956 0.231061 0.833331
1520616908.915073156 32.327142 2.468953 -12.604458 -0.110500 -0.479869 0.224633 0.840866
1520616908.965075016 32.266708 2.460278 -12.574777 -0.105250 -0.472822 0.222301 0.846135
1520616909.015076160 32.201614 2.446917 -12.554676 -0.100491 -0.466600 0.224833 0.849492
1520616909.065078020 32.131372 2.444333 -12.535913 -0.088788 -0.461500 0.227566 0.852847
1520616909.115080118 32.064192 2.419798 -12.517783 -0.081116 -0.458527 0.224169 0.856108
1520616909.165117025 31.995527 2.397489 -12.487668 -0.072127 -0.463257 0.222830 0.854715
1520616909.214703083 31.927363 2.375381 -12.459819 -0.061351 -0.471101 0.223124 0.851185
1520616909.264703989 31.849121 2.337024 -12.457993 -0.057622 -0.473084 0.229817 0.848561
1520616909.314706326 31.776948 2.308290 -12.442563 -0.053758 -0.482058 0.239068 0.841175
1520616909.364707232 31.706902 2.291199 -12.422926 -0.050891 -0.492522 0.251557 0.831596
1520616909.414709091 31.633976 2.272439 -12.409365 -0.049453 -0.499389 0.260283 0.824875
1520616909.464711189 31.557305 2.264530 -12.393111 -0.045663 -0.506404 0.270483 0.817501
1520616909.514712095 31.484267 2.251739 -12.388042 -0.045633 -0.509875 0.281497 0.811606
1520616909.564714193 31.408256 2.245367 -12.380893 -0.044925 -0.511600 0.291643 0.806965
1520616909.614852428 31.327298 2.235962 -12.383620 -0.045358 -0.510711 0.298368 0.805043
1520616909.664854288 31.259052 2.250627 -12.383981 -0.034896 -0.516496 0.296610 0.802519
1520616909.714855433 31.189366 2.261292 -12.376070 -0.032852 -0.524209 0.295606 0.797962
1520616909.764857531 31.126074 2.259649 -12.363309 -0.047501 -0.538073 0.293572 0.788693
1520616909.814858437 31.060175 2.252434 -12.365033 -0.063998 -0.545818 0.289709 0.783617
1520616909.864860535 31.003755 2.248356 -12.357866 -0.079246 -0.556033 0.283339 0.777346
1520616909.914862394 30.942702 2.239310 -12.350389 -0.090399 -0.562161 0.282757 0.771914
1520616909.964863300 30.896120 2.240290 -12.330817 -0.100530 -0.566394 0.285909 0.766386
1520616910.017195702 30.831968 2.204978 -12.318136 -0.113680 -0.568976 0.293980 0.759552
1520616910.067196846 30.770118 2.199745 -12.318289 -0.122892 -0.579740 0.295763 0.749215
1520616910.117198706 30.713369 2.197753 -12.321650 -0.126784 -0.594331 0.294698 0.737462
1520616910.167200565 30.676218 2.161373 -12.298483 -0.127399 -0.610132 0.294986 0.724218
1520616910.217202902 30.626414 2.130044 -12.248760 -0.122745 -0.625300 0.302283 0.708914
1520616910.267203569 30.576897 2.105804 -12.281539 -0.108902 -0.630843 0.308740 0.703461
1520616910.317204475 30.534934 2.071884 -12.219443 -0.099730 -0.638521 0.322026 0.691841
1520616910.367206812 30.493493 2.028685 -12.120438 -0.093345 -0.646500 0.347240 0.672866
1520616910.419890881 30.424475 2.052354 -12.075281 -0.072336 -0.652014 0.348577 0.669432
1520616910.469892979 30.380884 2.035770 -12.019329 -0.069179 -0.652795 0.354679 0.665790
1520616910.519893885 30.327616 2.031905 -11.961880 -0.065049 -0.651129 0.357806 0.666164
1520616910.569894791 30.267804 1.964906 -11.918181 -0.071722 -0.639088 0.366010 0.672651
1520616910.619896889 30.215950 1.960879 -11.874917 -0.071181 -0.631283 0.362423 0.681956
1520616910.669899940 30.194433 1.967177 -11.839200 -0.070509 -0.626160 0.359902 0.688058
1520616910.719899654 30.159312 1.986441 -11.738633 -0.066492 -0.622713 0.359116 0.691985
1520616910.769900799 30.087228 1.997782 -11.687679 -0.065948 -0.607600 0.345564 0.712080
1520616910.821620464 30.017412 2.011787 -11.616845 -0.071233 -0.589996 0.331724 0.732660
1520616910.871600389 29.944793 2.013479 -11.552855 -0.086638 -0.573742 0.317650 0.749942
1520616910.921602726 29.873104 2.046970 -11.512828 -0.093876 -0.559601 0.301785 0.766133
1520616910.971603632 29.812065 2.064939 -11.451434 -0.108628 -0.546325 0.290787 0.777928
1520616911.021605492 29.724161 2.037807 -11.376458 -0.129108 -0.533595 0.285524 0.785547
1520616911.071607590 29.656996 2.061686 -11.327389 -0.134189 -0.519598 0.282418 0.795142
1520616911.121608496 29.594086 2.077652 -11.293954 -0.138981 -0.505951 0.282359 0.803101
1520616911.171610355 29.541418 2.097360 -11.263618 -0.139986 -0.493626 0.278780 0.811800
1520616911.221611500 29.489115 2.109019 -11.213215 -0.139027 -0.481205 0.275659 0.820442
1520616911.272410393 29.431221 2.117120 -11.169044 -0.136054 -0.466559 0.274903 0.829603
1520616911.322411537 29.397598 2.117266 -11.103873 -0.133121 -0.461294 0.273885 0.833351
1520616911.372413635 29.348635 2.106926 -11.057414 -0.128021 -0.453265 0.266594 0.840886
1520616911.422414541 29.325438 2.107641 -10.979836 -0.119854 -0.454972 0.255932 0.844473
1520616911.472416639 29.280184 2.089853 -10.942418 -0.118560 -0.451324 0.250490 0.848236
1520616911.522418499 29.227387 2.070826 -10.904227 -0.118240 -0.448065 0.242678 0.852270
1520616911.572419405 29.172281 2.058361 -10.848234 -0.113445 -0.447291 0.236140 0.855160
1520616911.622421503 29.130340 2.047349 -10.784566 -0.109187 -0.448687 0.228496 0.857058
1520616911.671751499 29.072306 2.047862 -10.740635 -0.098980 -0.445045 0.223332 0.861546
1520616911.721753597 29.013666 2.023243 -10.738793 -0.079897 -0.436861 0.219871 0.868577
1520616911.771755695 28.949979 1.995621 -10.704584 -0.062445 -0.432185 0.219779 0.872361
1520616911.821756601 28.892688 1.959088 -10.674179 -0.048268 -0.428019 0.223277 0.874424
1520616911.871758699 28.858354 1.938275 -10.652814 -0.040889 -0.429942 0.230493 0.871981
1520616911.921760559 28.792278 1.900876 -10.631816 -0.051380 -0.432718 0.237626 0.868130
1520616911.971761465 28.725792 1.882504 -10.617780 -0.064536 -0.436892 0.244931 0.863116
1520616912.021763563 28.658113 1.863332 -10.595261 -0.079435 -0.447577 0.249340 0.855099
1520616912.070742369 28.584164 1.847282 -10.582838 -0.089794 -0.456909 0.254022 0.847729
1520616912.120743275 28.506486 1.833778 -10.572990 -0.094700 -0.466861 0.263683 0.838775
1520616912.170745134 28.426322 1.831161 -10.569952 -0.093243 -0.474749 0.280398 0.829033
1520616912.220748425 28.348290 1.828994 -10.565768 -0.089357 -0.482124 0.297420 0.819215
1520616912.270748138 28.263973 1.831759 -10.563199 -0.085293 -0.488491 0.311179 0.810722
1520616912.320750237 28.192641 1.826099 -10.562384 -0.079610 -0.494196 0.315350 0.806218
1520616912.370751381 28.117507 1.821999 -10.560334 -0.073198 -0.501938 0.321689 0.799510
1520616912.420753241 28.043297 1.802488 -10.562136 -0.072322 -0.511247 0.329788 0.790339
1520616912.468755722 27.955768 1.786052 -10.588258 -0.074442 -0.519301 0.335731 0.782349
1520616912.518751860 27.884982 1.764763 -10.593300 -0.079149 -0.536264 0.335190 0.770586
1520616912.568752766 27.825477 1.751226 -10.589725 -0.086139 -0.552985 0.331827 0.759393
1520616912.618754864 27.775274 1.732859 -10.571459 -0.095955 -0.570292 0.325376 0.748124
1520616912.668756723 27.705987 1.692303 -10.572050 -0.106455 -0.583451 0.318800 0.739337
1520616912.718757629 27.645007 1.675429 -10.572271 -0.113540 -0.598336 0.315903 0.727536
1520616912.768759966 27.597746 1.651066 -10.555164 -0.114332 -0.613769 0.311502 0.716368
1520616912.818760872 27.533655 1.627477 -10.535140 -0.108760 -0.625073 0.308812 0.708583
1520616912.868078470 27.479164 1.598693 -10.526638 -0.102401 -0.633879 0.312082 0.700226
1520616912.918079376 27.425206 1.572905 -10.495221 -0.096906 -0.640259 0.316799 0.693048
1520616912.968081236 27.339354 1.546539 -10.479001 -0.090023 -0.637874 0.321508 0.694007
1520616913.018082380 27.278302 1.506033 -10.448646 -0.085116 -0.633164 0.327181 0.696284
1520616913.068084240 27.241503 1.465031 -10.384615 -0.086188 -0.630132 0.331886 0.696675
1520616913.118086576 27.191723 1.440698 -10.365694 -0.084026 -0.624754 0.338727 0.698488
1520616913.168087482 27.148404 1.404054 -10.318854 -0.083819 -0.619972 0.349652 0.697390
1520616913.218089342 27.120070 1.395531 -10.275295 -0.077257 -0.618850 0.360459 0.693632
1520616913.267685413 27.050818 1.382354 -10.235177 -0.064358 -0.612063 0.374095 0.693751
1520616913.317687750 27.004736 1.381293 -10.185975 -0.048816 -0.607567 0.380722 0.695363
1520616913.367688656 26.944057 1.373081 -10.130706 -0.033493 -0.601815 0.379117 0.702116
1520616913.417690516 26.900181 1.361630 -10.079372 -0.020205 -0.595282 0.378550 0.708471
1520616913.467692614 26.852634 1.363540 -10.019555 -0.007718 -0.584391 0.375431 0.719360
1520616913.517694473 26.795209 1.355973 -9.956840 -0.000728 -0.569767 0.370043 0.733780
1520616913.567696571 26.747001 1.366895 -9.897277 0.001179 -0.553300 0.363629 0.749421
1520616913.617697716 26.696214 1.384637 -9.852184 -0.000190 -0.539491 0.351133 0.765281
1520616913.667699575 26.645029 1.396310 -9.802243 -0.011176 -0.529311 0.339797 0.777330
1520616913.716314554 26.586310 1.411005 -9.755874 -0.023700 -0.519591 0.331384 0.787177
1520616913.766316414 26.528443 1.433208 -9.712596 -0.031788 -0.506512 0.325419 0.797833
1520616913.816317558 26.465474 1.456389 -9.667426 -0.036827 -0.491343 0.321439 0.808643
1520616913.866318464 26.402678 1.477127 -9.618148 -0.038261 -0.473041 0.318025 0.820749
1520616913.916320562 26.349618 1.488231 -9.566379 -0.037747 -0.455640 0.318119 0.830522
1520616913.966321468 26.285848 1.496448 -9.524033 -0.038979 -0.440639 0.320975 0.837432
1520616914.016323328 26.224990 1.500058 -9.484880 -0.047690 -0.430293 0.327875 0.839685
1520616914.066324472 26.162687 1.511255 -9.447414 -0.056673 -0.420953 0.334949 0.841068
1520616914.114924908 26.097225 1.513075 -9.416397 -0.062207 -0.406899 0.334959 0.847565
1520616914.164926052 26.032482 1.523991 -9.394105 -0.070601 -0.394230 0.329287 0.855084
1520616914.214927912 25.965154 1.526586 -9.374229 -0.083529 -0.390099 0.330050 0.855519
1520616914.264930248 25.883026 1.531389 -9.362713 -0.092441 -0.388183 0.335220 0.853461
1520616914.314931154 25.788560 1.554361 -9.354434 -0.095192 -0.387401 0.343364 0.850271
1520616914.364933014 25.746831 1.566846 -9.340682 -0.109487 -0.395896 0.340223 0.845888
1520616914.414934158 25.678112 1.557054 -9.318508 -0.116501 -0.411051 0.332929 0.840609
1520616914.464936018 25.601446 1.543227 -9.314213 -0.121103 -0.422456 0.329825 0.835512
1520616914.514795303 25.526661 1.516000 -9.290285 -0.122398 -0.438392 0.321085 0.830503
1520616914.564797640 25.474857 1.467824 -9.281205 -0.124798 -0.450186 0.318157 0.824945
1520616914.614799500 25.393616 1.439467 -9.270684 -0.117674 -0.459235 0.319271 0.820562
1520616914.664800406 25.329904 1.412027 -9.261854 -0.112535 -0.475147 0.323349 0.810565
1520616914.714802504 25.269767 1.372684 -9.257672 -0.111183 -0.492030 0.322664 0.800895
1520616914.764803410 25.209810 1.341683 -9.253027 -0.105807 -0.515236 0.318225 0.788714
1520616914.814805508 25.166549 1.306540 -9.289162 -0.108332 -0.536470 0.319730 0.773458
1520616914.864806414 25.106154 1.265877 -9.283793 -0.103395 -0.560071 0.317711 0.758083
1520616914.916097403 25.062642 1.236755 -9.284370 -0.091690 -0.580937 0.317798 0.743714
1520616914.966098309 25.006476 1.182730 -9.264979 -0.075054 -0.597426 0.313909 0.734105
1520616915.016100407 24.949646 1.143267 -9.238303 -0.056016 -0.614636 0.319872 0.718865
1520616915.066102266 24.897417 1.095275 -9.204091 -0.034397 -0.627793 0.324657 0.706605
1520616915.116103172 24.847329 1.038534 -9.165528 -0.020789 -0.640732 0.328597 0.693581
1520616915.166105509 24.805252 0.998959 -9.123682 -0.012699 -0.651909 0.332191 0.681544
1520616915.216107368 24.760330 0.978740 -9.080067 -0.010768 -0.660631 0.344280 0.667024
1520616915.266108513 24.712771 0.934284 -9.040048 -0.015641 -0.668036 0.355967 0.653277
1520616915.317067146 24.664299 0.906292 -8.994057 -0.016806 -0.677063 0.367579 0.637329
1520616915.367069006 24.618571 0.878345 -8.952790 -0.013893 -0.685026 0.379601 0.621651
1520616915.417069912 24.568215 0.860497 -8.902635 -0.001581 -0.690770 0.392967 0.606969
1520616915.467071056 24.522175 0.840581 -8.848570 0.015587 -0.693760 0.398947 0.599412
1520616915.517072916 24.471034 0.834122 -8.790842 0.039064 -0.692378 0.408553 0.593440
1520616915.567075014 24.434402 0.814553 -8.759334 0.057052 -0.685866 0.418896 0.592334
1520616915.617076159 24.388892 0.789883 -8.706969 0.065437 -0.683023 0.423034 0.591811
1520616915.667078972 24.348494 0.746564 -8.663689 0.063287 -0.681184 0.418558 0.597321
1520616915.717643499 24.300273 0.745650 -8.607656 0.058082 -0.684834 0.405279 0.602808
1520616915.767645597 24.256310 0.731877 -8.536411 0.041799 -0.689572 0.388559 0.609726
1520616915.817646742 24.185140 0.756260 -8.501650 0.032455 -0.685928 0.375124 0.622681
1520616915.867648602 24.129009 0.756564 -8.461418 0.017179 -0.678687 0.364504 0.637358
1520616915.917649508 24.066218 0.766463 -8.435655 0.008044 -0.666176 0.358436 0.653963
1520616915.967651606 24.012652 0.800734 -8.377222 0.002943 -0.654286 0.356418 0.666984
1520616916.017652512 23.916658 0.847731 -8.326348 0.000365 -0.639708 0.356462 0.680962
1520616916.067654610 23.875710 0.871895 -8.255426 -0.013991 -0.630778 0.351427 0.691681
1520616916.117655754 23.823254 0.884522 -8.222648 -0.038545 -0.617551 0.345491 0.705536
1520616916.167499304 23.746973 0.888493 -8.216103 -0.071541 -0.595064 0.338789 0.725261
1520616916.217501163 23.703514 0.912862 -8.179989 -0.111292 -0.579133 0.338965 0.733022
1520616916.267502546 23.638958 0.943627 -8.152267 -0.142759 -0.557677 0.334063 0.746337
1520616916.317504406 23.573929 0.985199 -8.116378 -0.165747 -0.535779 0.334302 0.757437
1520616916.367505550 23.526795 1.002818 -8.086777 -0.191589 -0.509707 0.335174 0.768863
1520616916.417507410 23.472254 1.034063 -8.048791 -0.202043 -0.483758 0.336095 0.782430
1520616916.467508316 23.439239 1.043377 -7.994501 -0.209530 -0.463588 0.325610 0.796970
1520616916.517510414 23.404078 1.054423 -7.939569 -0.207461 -0.447956 0.310991 0.812146
1520616916.566380978 23.346258 1.060768 -7.901742 -0.196519 -0.434269 0.303404 0.825067
1520616916.616382837 23.322697 1.027477 -7.860452 -0.185153 -0.424791 0.287330 0.838280
1520616916.666384697 23.279894 1.010983 -7.799922 -0.159241 -0.424510 0.275045 0.847811
1520616916.716385841 23.229818 0.982672 -7.757363 -0.135129 -0.424947 0.262060 0.855853
1520616916.766387701 23.178014 0.950354 -7.712959 -0.109061 -0.431012 0.247788 0.860776
1520616916.816389799 23.123402 0.915849 -7.677787 -0.083131 -0.437590 0.232094 0.864718
1520616916.866390944 23.059405 0.872763 -7.660091 -0.061981 -0.442404 0.217304 0.867880
1520616916.916392803 22.997692 0.846208 -7.632510 -0.041702 -0.450563 0.204233 0.868068
1520616916.965620518 22.926848 0.809454 -7.625242 -0.026221 -0.454251 0.202651 0.867122
1520616917.015622377 22.855341 0.776535 -7.612155 -0.019128 -0.460470 0.214667 0.861115
1520616917.065623760 22.768473 0.713346 -7.641572 -0.027015 -0.456759 0.239793 0.856236
1520616917.115625620 22.693482 0.690777 -7.620179 -0.024593 -0.459167 0.264526 0.847695
1520616917.165627718 22.636484 0.654714 -7.618430 -0.027486 -0.458806 0.289778 0.839506
1520616917.215628624 22.547789 0.601752 -7.628388 -0.040199 -0.450960 0.323859 0.830744
1520616917.265630484 22.467316 0.541184 -7.634766 -0.059007 -0.440999 0.352751 0.823168
1520616917.315631628 22.402327 0.511915 -7.620527 -0.082654 -0.441347 0.379151 0.809089
1520616917.365025997 22.342638 0.489300 -7.601870 -0.114239 -0.442696 0.403992 0.792313
1520616917.415026665 22.291308 0.477182 -7.579454 -0.147158 -0.441595 0.426474 0.775537
1520616917.465127707 22.234119 0.448902 -7.562394 -0.174644 -0.436141 0.451797 0.758393
1520616917.515029907 22.176279 0.430857 -7.538109 -0.186031 -0.429859 0.472494 0.746567
1520616917.565031767 22.121934 0.410682 -7.512675 -0.191628 -0.419869 0.496905 0.734898
1520616917.615032911 22.056080 0.424254 -7.494867 -0.189087 -0.407121 0.519545 0.727029
1520616917.665034771 21.987908 0.446644 -7.479102 -0.184496 -0.389654 0.540613 0.722405
1520616917.715035915 21.947318 0.436001 -7.431350 -0.189895 -0.371132 0.557312 0.718056
1520616917.766720533 21.907360 0.418026 -7.381793 -0.197105 -0.347439 0.567304 0.720140
1520616917.816721439 21.875775 0.400212 -7.332208 -0.205045 -0.321915 0.573572 0.724805
1520616917.866723537 21.834889 0.408586 -7.292813 -0.207561 -0.294276 0.578463 0.731915
1520616917.916725636 21.789010 0.422048 -7.246437 -0.208323 -0.260880 0.586340 0.738070
1520616917.966726542 21.752967 0.412372 -7.179577 -0.214065 -0.220963 0.591918 0.744973
1520616918.016728401 21.723645 0.433235 -7.118340 -0.215792 -0.182897 0.595257 0.752098
1520616918.066729546 21.676407 0.474848 -7.068206 -0.209602 -0.144918 0.598939 0.759169
1520616918.116731405 21.674534 0.468996 -6.980309 -0.218641 -0.109325 0.601389 0.760642
1520616918.166733503 21.643968 0.496861 -6.919156 -0.220084 -0.075406 0.596045 0.768510
1520616918.217488289 21.626813 0.517611 -6.847147 -0.223295 -0.045504 0.585071 0.778306
1520616918.267490149 21.613411 0.541571 -6.783539 -0.230055 -0.016555 0.567781 0.790206
1520616918.317491293 21.599430 0.574832 -6.722450 -0.239824 0.015845 0.546854 0.801987
1520616918.367493153 21.587373 0.608488 -6.672036 -0.249554 0.049845 0.524217 0.812671
1520616918.417495251 21.584086 0.665177 -6.629455 -0.256420 0.083583 0.505538 0.819569
1520616918.467496395 21.587940 0.702545 -6.585415 -0.263070 0.111403 0.489874 0.823655
1520616918.517498255 21.579969 0.762607 -6.544307 -0.264405 0.134899 0.477406 0.827029
1520616918.567499399 21.588041 0.804482 -6.498739 -0.270863 0.152565 0.460909 0.831216
1520616918.615232944 21.586014 0.872251 -6.468143 -0.272165 0.162171 0.443110 0.838618
1520616918.665235043 21.603650 0.880253 -6.413839 -0.279237 0.167653 0.428946 0.842570
1520616918.715236902 21.612075 0.924024 -6.356418 -0.282305 0.173436 0.408612 0.850447
1520616918.765237093 21.640194 0.964394 -6.323581 -0.284953 0.170948 0.389077 0.859184
1520616918.815238953 21.652102 1.004578 -6.282604 -0.289410 0.177026 0.363116 0.867785
1520616918.865239859 21.687543 1.017553 -6.248858 -0.297449 0.180407 0.342204 0.872854
1520616918.915242195 21.720581 1.052582 -6.214704 -0.298111 0.182089 0.318841 0.881087
1520616918.965242863 21.745202 1.089124 -6.177498 -0.296351 0.182274 0.291372 0.891097
1520616919.014601231 21.775780 1.134327 -6.161167 -0.290466 0.177766 0.257563 0.904262
1520616919.064603567 21.799347 1.191912 -6.127413 -0.280910 0.176356 0.221981 0.916904
1520616919.114684582 21.820909 1.224402 -6.075530 -0.272181 0.176420 0.196139 0.925377
1520616919.164606333 21.840782 1.263084 -6.033965 -0.265513 0.171664 0.172238 0.932935
1520616919.214607477 21.864312 1.285113 -5.983462 -0.263283 0.166362 0.149782 0.938388
1520616919.264609337 21.900737 1.304427 -5.948770 -0.258820 0.154706 0.127518 0.944890
1520616919.314610243 21.905094 1.336201 -5.885455 -0.247095 0.145129 0.113326 0.951335
1520616919.364612341 21.931889 1.350168 -5.835020 -0.237015 0.129867 0.106082 0.956925
1520616919.414170980 21.934822 1.371192 -5.770784 -0.223199 0.129178 0.111428 0.959729
1520616919.464172840 21.944473 1.392889 -5.715108 -0.213155 0.128934 0.120485 0.960950
1520616919.514174700 21.946621 1.422137 -5.663394 -0.205463 0.128395 0.133071 0.961037
1520616919.564176083 21.955826 1.448998 -5.610704 -0.202785 0.123630 0.146151 0.960330
1520616919.614177942 21.950135 1.463725 -5.557644 -0.202917 0.119804 0.167344 0.957323
1520616919.664178848 21.947389 1.496730 -5.498217 -0.206086 0.112115 0.192358 0.952868
1520616919.714180946 21.950602 1.534613 -5.456859 -0.204692 0.104830 0.221543 0.947645
1520616919.764182806 21.945915 1.578283 -5.406360 -0.200118 0.099640 0.252149 0.941512
1520616919.814201832 21.950866 1.612832 -5.352081 -0.191336 0.098236 0.288588 0.932983
1520616919.864204168 21.962166 1.655613 -5.291354 -0.178917 0.101347 0.319714 0.924933
1520616919.914205074 21.964791 1.677844 -5.226973 -0.170327 0.112704 0.342924 0.916891
1520616919.964206934 21.976700 1.702374 -5.164608 -0.159915 0.125289 0.366773 0.907859
1520616920.014208078 21.990519 1.729049 -5.106513 -0.151217 0.142777 0.389240 0.897352
1520616920.064209938 22.012316 1.750833 -5.050696 -0.148203 0.163664 0.412141 0.883962
1520616920.114212036 22.029716 1.794767 -5.002767 -0.147676 0.190503 0.431089 0.869519
1520616920.164214134 22.051966 1.856530 -4.962787 -0.148208 0.218169 0.447013 0.854760
1520616920.214800119 22.081409 1.912162 -4.924155 -0.149825 0.247992 0.463322 0.837487
1520616920.264801025 22.102800 1.951967 -4.882696 -0.155218 0.278571 0.468876 0.823687
1520616920.314803123 22.126172 1.993507 -4.832026 -0.160383 0.312457 0.465376 0.812449
1520616920.364804268 22.166251 2.055350 -4.815259 -0.162233 0.336169 0.451887 0.810228
1520616920.414806128 22.201750 2.093829 -4.773353 -0.167804 0.365710 0.432476 0.806884
1520616920.464807987 22.240553 2.135706 -4.747582 -0.176657 0.393128 0.406808 0.805450
1520616920.514809132 22.282384 2.178134 -4.726456 -0.187746 0.418105 0.378686 0.804075
1520616920.564810991 22.319385 2.223050 -4.711527 -0.201796 0.440876 0.345736 0.803351
1520616920.614812136 22.355061 2.255779 -4.684600 -0.217399 0.461720 0.316786 0.799500
1520616920.664451122 22.395169 2.298911 -4.681665 -0.226188 0.469301 0.291052 0.802424
1520616920.714452267 22.438766 2.351757 -4.674280 -0.235856 0.471887 0.262792 0.807858
1520616920.764512300 22.484412 2.403130 -4.670580 -0.242765 0.465526 0.235146 0.817959
1520616920.814455509 22.527545 2.448970 -4.662941 -0.242425 0.453775 0.209305 0.831571
1520616920.864457369 22.561514 2.487369 -4.640274 -0.236816 0.437536 0.183808 0.847758
1520616920.914459229 22.595957 2.505730 -4.608249 -0.233813 0.419132 0.157106 0.863121
1520616920.964460373 22.635101 2.536203 -4.565572 -0.228974 0.399033 0.133114 0.877852
1520616921.014461279 22.666752 2.563623 -4.520992 -0.224787 0.375953 0.116942 0.891322
1520616921.064152956 22.695029 2.588833 -4.476928 -0.219595 0.348877 0.106566 0.904824
1520616921.114154816 22.730616 2.647180 -4.429657 -0.203675 0.311932 0.105155 0.922040
1520616921.164155960 22.756760 2.630072 -4.371360 -0.204702 0.281733 0.105265 0.931474
1520616921.214157820 22.779425 2.701135 -4.333543 -0.189942 0.253761 0.095406 0.943623
1520616921.264158726 22.796058 2.711667 -4.276688 -0.185563 0.229954 0.097987 0.950308
1520616921.314161062 22.809195 2.723091 -4.197453 -0.178540 0.212048 0.104585 0.955102
1520616921.364161968 22.819966 2.723290 -4.137292 -0.174400 0.193753 0.118487 0.958126
1520616921.414163828 22.830287 2.744988 -4.078708 -0.166295 0.180540 0.131992 0.960380
1520616921.463944435 22.835707 2.778554 -4.019252 -0.156817 0.169287 0.143927 0.962307
1520616921.513945341 22.842193 2.763475 -3.952847 -0.156112 0.159832 0.166329 0.960426
1520616921.563947678 22.845878 2.784083 -3.885758 -0.147829 0.153744 0.188812 0.958572
1520616921.613948584 22.827757 2.784946 -3.779741 -0.149603 0.162976 0.210750 0.952178
1520616921.663950682 22.843670 2.769857 -3.717817 -0.151812 0.163332 0.237089 0.945550
1520616921.713952541 22.861358 2.783051 -3.664599 -0.149545 0.162271 0.256013 0.941149
1520616921.763954639 22.867985 2.806078 -3.609039 -0.138209 0.163727 0.275872 0.937009
1520616921.813955784 22.878620 2.819092 -3.557792 -0.125282 0.168894 0.297925 0.931139
1520616921.864132166 22.889854 2.850613 -3.502967 -0.108249 0.185920 0.315532 0.924205
1520616921.914133072 22.909843 2.892192 -3.453552 -0.092240 0.212361 0.328206 0.915792
1520616921.964133978 22.932653 2.916920 -3.407409 -0.076411 0.245526 0.338497 0.905151
1520616922.014136076 22.956926 2.932198 -3.353908 -0.063245 0.286844 0.342147 0.892556
1520616922.064138174 22.983259 2.962956 -3.316475 -0.049707 0.325703 0.339383 0.881060
1520616922.114139080 23.013263 2.979964 -3.281490 -0.042386 0.366046 0.330923 0.868737
1520616922.164141178 23.043660 3.005896 -3.252930 -0.037996 0.406570 0.321845 0.854209
1520616922.214143038 23.075634 3.027490 -3.232656 -0.044637 0.444703 0.315123 0.837224
1520616922.264728308 23.102786 3.055682 -3.222206 -0.057908 0.482862 0.308672 0.817443
1520616922.314729214 23.139366 3.078595 -3.211775 -0.079466 0.526044 0.296381 0.793172
1520616922.364731550 23.175582 3.096662 -3.217738 -0.088905 0.571139 0.280122 0.766439
1520616922.414774418 23.210633 3.109621 -3.232188 -0.089598 0.622174 0.253030 0.735424
1520616922.464734316 23.245277 3.124662 -3.249185 -0.087666 0.674401 0.216280 0.700515
1520616922.514735460 23.276690 3.129452 -3.270005 -0.085671 0.723786 0.176862 0.661449
1520616922.564737320 23.298865 3.130446 -3.301706 -0.084904 0.767314 0.138467 0.620361
1520616922.614738226 23.312100 3.123371 -3.329952 -0.092460 0.806537 0.104878 0.574412
1520616922.664919376 23.324396 3.119128 -3.370458 -0.104763 0.838413 0.075925 0.529456
1520616922.714921236 23.329489 3.109481 -3.410353 -0.118832 0.866883 0.053249 0.481204
1520616922.764922142 23.331770 3.101984 -3.450577 -0.131892 0.891616 0.030425 0.432087
1520616922.814924479 23.329418 3.091000 -3.496820 -0.143240 0.914071 0.005894 0.379371
1520616922.864925385 23.319997 3.063879 -3.543895 -0.150023 0.931811 -0.017619 0.330017
1520616922.914927244 23.306507 3.039200 -3.593231 -0.153437 0.945430 -0.043032 0.284196
1520616922.964928389 23.292665 3.011269 -3.639349 -0.155391 0.955147 -0.066261 0.243224
1520616923.014930248 23.272634 2.984009 -3.688004 -0.157613 0.961988 -0.087084 0.205316
1520616923.064932108 23.252025 2.955241 -3.735688 -0.164299 0.966675 -0.107298 0.164412
1520616923.114657879 23.223428 2.931285 -3.781983 -0.175098 0.968532 -0.126152 0.123982
1520616923.164659739 23.207750 2.891429 -3.813353 -0.184479 0.969754 -0.132790 0.088946
1520616923.214660883 23.174083 2.860559 -3.849828 -0.194936 0.969307 -0.138393 0.057371
1520616923.264662981 23.136858 2.837451 -3.897707 -0.199895 0.969044 -0.142907 0.023950
1520616923.314663887 23.107358 2.804918 -3.930424 -0.200038 0.969568 -0.140932 -0.007823
1520616923.364665985 23.061448 2.786996 -3.972315 -0.196949 0.969371 -0.144419 -0.025963
1520616923.414667845 23.023745 2.766874 -4.011904 -0.200075 0.967462 -0.149196 -0.041554
1520616923.464668751 23.003952 2.737214 -4.052714 -0.205888 0.964980 -0.150635 -0.061094
1520616923.515052795 22.981165 2.696369 -4.078973 -0.209732 0.964133 -0.143349 -0.076876
1520616923.565055132 22.950953 2.679321 -4.134438 -0.213119 0.961968 -0.140977 -0.096558
1520616923.615056038 22.911775 2.642803 -4.178422 -0.219427 0.958961 -0.138219 -0.114634
1520616923.665057898 22.875056 2.602189 -4.220294 -0.223566 0.954927 -0.142533 -0.133484
1520616923.715062141 22.843571 2.564108 -4.263546 -0.229603 0.948818 -0.153786 -0.152894
1520616923.765060902 22.807493 2.515948 -4.298490 -0.234985 0.942533 -0.166155 -0.169725
1520616923.815062046 22.778608 2.463392 -4.327343 -0.240278 0.936487 -0.176682 -0.184505
1520616923.865064144 22.735846 2.413385 -4.360625 -0.250955 0.929770 -0.183922 -0.196779
1520616923.914721489 22.702874 2.375496 -4.395764 -0.260589 0.924798 -0.185551 -0.205945
1520616923.964723349 22.665420 2.342873 -4.435123 -0.269120 0.921665 -0.181695 -0.212358
1520616924.014724493 22.625181 2.302343 -4.451255 -0.277290 0.919398 -0.175372 -0.216939
1520616924.064745426 22.571200 2.277152 -4.487635 -0.285525 0.918928 -0.170959 -0.211705
1520616924.114727259 22.525892 2.250898 -4.539197 -0.295936 0.919053 -0.172081 -0.195322
1520616924.164729357 22.493339 2.211139 -4.554524 -0.316442 0.918299 -0.168322 -0.168106
1520616924.214730263 22.486183 2.183306 -4.596747 -0.336087 0.915716 -0.176475 -0.131779
1520616924.264732361 22.491372 2.147251 -4.638206 -0.360194 0.908417 -0.189423 -0.095702
1520616924.314501524 22.471669 2.135088 -4.646812 -0.386855 0.898573 -0.200191 -0.053225
1520616924.364502430 22.470835 2.103556 -4.681948 -0.400960 0.892547 -0.206095 -0.010749
1520616924.414504528 22.476735 2.083144 -4.721356 -0.407385 0.889406 -0.204757 0.032710
1520616924.464505434 22.486888 2.080370 -4.760080 -0.408925 0.889118 -0.192836 0.071160
1520616924.514507294 22.430447 2.041377 -4.817363 -0.409128 0.886110 -0.177294 0.126449
1520616924.564508438 22.432494 2.037727 -4.862918 -0.401355 0.887521 -0.159839 0.160225
1520616924.614510536 22.424269 2.020299 -4.919930 -0.389104 0.889045 -0.145133 0.192699
1520616924.664512396 22.426212 2.015991 -4.968890 -0.369266 0.893820 -0.133532 0.216561
1520616924.714419127 22.435299 2.011254 -5.018019 -0.343797 0.900045 -0.128258 0.235103
1520616924.764421225 22.475306 1.994899 -5.065304 -0.310705 0.909410 -0.127188 0.245478
1520616924.814422131 22.483878 1.971319 -5.116936 -0.268583 0.919527 -0.129238 0.256185
1520616924.864423990 22.491972 1.949622 -5.164699 -0.220579 0.929893 -0.134049 0.262060
1520616924.914425135 22.463042 1.912134 -5.234444 -0.178075 0.935844 -0.142412 0.268709
1520616924.964426994 22.447665 1.904539 -5.301699 -0.145469 0.941455 -0.156720 0.260652
1520616925.014427900 22.448121 1.871245 -5.361416 -0.113169 0.947641 -0.166606 0.247814
1520616925.064430237 22.452129 1.845624 -5.416380 -0.087532 0.953079 -0.178131 0.228578
1520616925.114371777 22.448460 1.805867 -5.466182 -0.069467 0.957487 -0.184584 0.210527
1520616925.164938927 22.426291 1.786322 -5.536383 -0.051336 0.958446 -0.199713 0.197129
1520616925.214939833 22.403284 1.758489 -5.581084 -0.030781 0.960111 -0.212883 0.178663
1520616925.264941931 22.385478 1.724224 -5.638661 -0.011924 0.960328 -0.228002 0.160136
1520616925.314942837 22.366254 1.686574 -5.697128 0.001484 0.959997 -0.244735 0.136046
1520616925.364943743 22.345796 1.649597 -5.752818 0.011276 0.960242 -0.258353 0.105176
1520616925.414945841 22.321831 1.626548 -5.801960 0.019515 0.959432 -0.272092 0.071236
1520616925.464947701 22.309319 1.601620 -5.856018 0.024726 0.958816 -0.280912 0.033891
1520616925.514948606 22.255689 1.609352 -5.905882 0.030446 0.955493 -0.293327 0.008063
1520616925.565721750 22.258135 1.553557 -5.966611 0.034933 0.955829 -0.290722 -0.025542
1520616925.615722895 22.210513 1.521457 -6.021694 0.038287 0.955098 -0.290161 -0.046136
1520616925.665724754 22.186434 1.479002 -6.071318 0.034182 0.952109 -0.293282 -0.079410
1520616925.715725660 22.153870 1.447218 -6.124207 0.022152 0.947214 -0.300851 -0.108552
1520616925.765727758 22.115184 1.417887 -6.177565 0.007192 0.943085 -0.305705 -0.130704
1520616925.815728664 21.969691 1.230231 -6.025512 -0.021035 0.960142 -0.247806 -0.127580
1520616925.865730762 21.957613 1.173912 -6.071463 -0.041208 0.957944 -0.238799 -0.153686
1520616925.915732861 21.836578 1.175180 -6.077981 -0.069335 0.955304 -0.244757 -0.150601
1520616925.966018200 21.791886 1.021935 -6.027900 -0.099696 0.960208 -0.213128 -0.150455
1520616926.016020298 21.757141 1.005500 -6.063598 -0.139073 0.951144 -0.222180 -0.163157
1520616926.066021204 21.615225 0.904522 -6.039624 -0.199454 0.943843 -0.215457 -0.151515
1520616926.116023064 21.621688 0.855485 -6.078077 -0.234145 0.932151 -0.218146 -0.169362
1520616926.166024208 21.616921 0.800347 -6.099563 -0.256063 0.924648 -0.215694 -0.181477
1520616926.216026306 21.578356 0.782851 -6.157408 -0.270906 0.916708 -0.227199 -0.186113
1520616926.266028166 21.531882 0.769132 -6.211238 -0.284279 0.909833 -0.231373 -0.194564
1520616926.316029310 21.501382 0.729185 -6.252034 -0.293003 0.907128 -0.219150 -0.207946
1520616926.365901709 21.461116 0.725390 -6.317962 -0.295811 0.904309 -0.218187 -0.217063
1520616926.415902853 21.433959 0.693157 -6.354570 -0.289164 0.905882 -0.215257 -0.222322
1520616926.465904713 21.375798 0.676262 -6.377699 -0.278364 0.905790 -0.228998 -0.222753
1520616926.515905857 21.378106 0.621107 -6.407921 -0.265668 0.905049 -0.232137 -0.237528
1520616926.565907717 21.325621 0.553835 -6.418179 -0.255264 0.906866 -0.236359 -0.237842
1520616926.615908623 21.275465 0.536962 -6.460887 -0.238162 0.904759 -0.252894 -0.246445
1520616926.665910959 21.216449 0.518682 -6.494974 -0.228311 0.898197 -0.266582 -0.264669
1520616926.715912819 21.170356 0.486121 -6.518142 -0.222837 0.887817 -0.274993 -0.294114
1520616926.767682552 21.118388 0.451145 -6.546791 -0.210311 0.876520 -0.282717 -0.327954
1520616926.817684650 21.045056 0.426288 -6.580101 -0.186270 0.865922 -0.297175 -0.356609
1520616926.867686749 20.987157 0.386216 -6.600837 -0.156350 0.855066 -0.309624 -0.385422
1520616926.917687654 20.932751 0.368163 -6.595609 -0.129817 0.841025 -0.327984 -0.410183
1520616926.967689514 20.872637 0.332246 -6.602056 -0.109348 0.820532 -0.350780 -0.437863
1520616927.017690659 20.823208 0.296265 -6.593758 -0.092169 0.798709 -0.372427 -0.463537
1520616927.067692757 20.770799 0.255718 -6.582118 -0.075144 0.775924 -0.392176 -0.488357
1520616927.117693901 20.716543 0.211858 -6.572018 0.057104 -0.751324 0.405507 0.517509
1520616927.172907591 20.663748 0.158847 -6.559167 0.028685 -0.722191 0.410990 0.555612
1520616927.222909451 20.592867 0.121715 -6.559056 0.004745 -0.693245 0.421174 0.584809
1520616927.272910357 20.534359 0.101868 -6.540006 -0.014095 -0.662550 0.434667 0.609831
1520616927.322912693 20.451810 0.069724 -6.527180 -0.031420 -0.627809 0.452622 0.632456
1520616927.372913599 20.372079 0.029452 -6.490068 -0.048178 -0.592644 0.466840 0.654609
1520616927.422914743 20.358533 0.049952 -6.422657 -0.059037 -0.564228 0.480915 0.668492
1520616927.472916603 20.303045 0.020373 -6.385563 -0.067836 -0.530972 0.495411 0.684130
1520616927.522918463 20.258024 -0.004732 -6.339300 -0.081223 -0.496995 0.509171 0.697956
1520616927.572919607 20.228908 -0.010559 -6.287539 -0.092988 -0.464384 0.514465 0.714861
1520616927.622921467 20.168460 -0.008288 -6.238111 -0.100827 -0.433560 0.519454 0.729402
1520616927.672922373 20.147368 -0.032731 -6.194762 -0.115323 -0.408337 0.524476 0.738164
1520616927.722924709 20.132642 -0.057302 -6.150857 -0.132991 -0.384102 0.528091 0.745587
1520616927.772925615 20.113914 -0.073047 -6.110187 -0.151171 -0.354760 0.532520 0.753468
1520616927.822927475 20.096006 -0.074995 -6.059107 -0.167248 -0.320972 0.534519 0.763737
1520616927.872929573 20.073925 -0.082816 -6.003734 -0.183316 -0.285675 0.535428 0.773370
1520616927.922930479 20.041308 -0.067750 -5.949159 -0.194515 -0.249710 0.542751 0.777965
1520616927.972932339 20.015296 -0.060015 -5.897892 -0.205769 -0.211776 0.548066 0.782581
1520616928.022933483 19.986828 -0.043386 -5.844031 -0.210905 -0.174670 0.550096 0.788926
1520616928.072935581 19.946452 -0.007159 -5.783828 -0.207554 -0.138520 0.549520 0.797346
1520616928.122936726 19.926715 0.020988 -5.718913 -0.208416 -0.106877 0.544999 0.805056
1520616928.172938585 19.912391 0.038408 -5.653878 -0.217945 -0.075672 0.539688 0.809636
1520616928.222940445 19.905300 0.063830 -5.592463 -0.227004 -0.044789 0.534205 0.813074
1520616928.272941589 19.893594 0.091112 -5.530332 -0.232180 -0.015999 0.530409 0.815170
1520616928.322943687 19.885953 0.122228 -5.471563 -0.239102 0.009248 0.526159 0.816028
1520616928.372945547 19.866111 0.171544 -5.408058 -0.243150 0.031974 0.521059 0.817529
1520616928.418319702 19.821016 0.214344 -5.361019 -0.242587 0.051836 0.513662 0.821350
1520616928.468320847 19.816092 0.227732 -5.314332 -0.248451 0.065610 0.510199 0.820771
1520616928.518322706 19.811793 0.252722 -5.265839 -0.247532 0.075282 0.502751 0.824804
1520616928.568324804 19.827410 0.251891 -5.217543 -0.246810 0.079875 0.496313 0.828479
1520616928.618325949 19.836610 0.276006 -5.161991 -0.243078 0.085915 0.481774 0.837512
1520616928.668327808 19.855402 0.290089 -5.114512 -0.240764 0.088447 0.464045 0.847863
1520616928.718328714 19.878210 0.313416 -5.064693 -0.238122 0.093967 0.449581 0.855771
1520616928.768330812 19.902106 0.323155 -5.016587 -0.238642 0.099624 0.435562 0.862213
1520616928.816122770 19.928442 0.340975 -4.974391 -0.237575 0.105062 0.422021 0.868572
1520616928.866124868 19.961051 0.368012 -4.924171 -0.234443 0.112816 0.407018 0.875583
1520616928.916126728 19.981194 0.401646 -4.872841 -0.231459 0.124521 0.389139 0.882888
1520616928.966127634 20.002649 0.415187 -4.831367 -0.230948 0.134373 0.373067 0.888498
1520616929.016128778 20.023268 0.439439 -4.780985 -0.226091 0.143666 0.355963 0.895284
1520616929.066235781 20.038797 0.460124 -4.732726 -0.217250 0.150986 0.335970 0.903952
1520616929.116132736 20.062492 0.489351 -4.680871 -0.203851 0.153802 0.311426 0.915316
1520616929.166133881 20.090133 0.524867 -4.635639 -0.183546 0.146530 0.289810 0.927820
1520616929.215280056 20.109434 0.534617 -4.573474 -0.161856 0.138915 0.270801 0.938708
1520616929.265280962 20.126390 0.547279 -4.521223 -0.143376 0.132405 0.253194 0.947526
1520616929.315282822 20.151221 0.565144 -4.470494 -0.127742 0.125819 0.237060 0.954806
1520616929.365283966 20.171111 0.581041 -4.417541 -0.114173 0.122635 0.224683 0.959918
1520616929.415285826 20.182884 0.597049 -4.368085 -0.103037 0.124114 0.217998 0.962526
1520616929.465287685 20.206327 0.617413 -4.317869 -0.090833 0.125243 0.210051 0.965372
1520616929.515288830 20.228908 0.630127 -4.268112 -0.079510 0.124074 0.200339 0.968580
1520616929.565290928 20.245106 0.653725 -4.210717 -0.065025 0.120498 0.188981 0.972388
1520616929.614524603 20.264200 0.673684 -4.152277 -0.049860 0.111948 0.178312 0.976313
1520616929.664526463 20.279205 0.711244 -4.088664 -0.027690 0.102462 0.168307 0.980004
1520616929.714527607 20.298522 0.721721 -4.017612 -0.007497 0.090555 0.159338 0.983034
1520616929.764529467 20.317944 0.714885 -3.957490 0.007161 0.076470 0.152676 0.985287
1520616929.814530611 20.325561 0.719786 -3.894304 0.022053 0.061645 0.146873 0.986986
1520616929.864532471 20.333218 0.711930 -3.830060 0.032722 0.045944 0.139929 0.988554
1520616929.914534569 20.337320 0.714948 -3.767873 0.041762 0.029514 0.134046 0.989655
1520616929.964535713 20.337410 0.709910 -3.707384 0.048296 0.014676 0.122367 0.991200
1520616930.014537573 20.337617 0.730381 -3.640165 0.062114 -0.002358 0.107803 0.992227
1520616930.064171791 20.330900 0.749254 -3.579667 0.079286 -0.021056 0.090912 0.992474
1520616930.114172697 20.320605 0.771307 -3.517652 0.099279 -0.045821 0.071828 0.991405
1520616930.164175034 20.307779 0.781438 -3.454327 0.113766 -0.072596 0.058136 0.989145
1520616930.214175940 20.296896 0.786069 -3.400451 0.121699 -0.099567 0.051427 0.986221
1520616930.264177799 20.269838 0.788594 -3.352014 0.124657 -0.125762 0.056874 0.982553
1520616930.314179897 20.247996 0.792681 -3.305367 0.126056 -0.158230 0.066330 0.977074
1520616930.364180803 20.235780 0.784289 -3.261621 0.124266 -0.200294 0.074089 0.968995
1520616930.414182901 20.201065 0.792098 -3.226789 0.127344 -0.239747 0.084572 0.958724
1520616930.464092970 20.171996 0.796463 -3.218402 0.132476 -0.280060 0.096831 0.945854
1520616930.514094114 20.143600 0.818855 -3.219199 0.140598 -0.318281 0.113967 0.930559
1520616930.564096212 20.106705 0.821807 -3.181950 0.153979 -0.365489 0.120073 0.910105
1520616930.614098072 20.057180 0.826460 -3.235123 0.164535 -0.393499 0.123696 0.895983
1520616930.664099216 20.010608 0.822674 -3.214583 0.182140 -0.433566 0.135892 0.871997
1520616930.714184046 19.968841 0.844578 -3.158040 0.208387 -0.480176 0.150698 0.838628
1520616930.764102221 19.905650 0.820741 -3.232933 0.221734 -0.512242 0.164363 0.813282
1520616930.814104080 19.842441 0.832150 -3.234145 0.244854 -0.552503 0.171407 0.778078
1520616930.864392042 19.852690 0.752025 -3.101293 0.268182 -0.619640 0.152093 0.721798
1520616930.914393902 19.828102 0.757490 -3.073703 0.278010 -0.664723 0.157466 0.675321
1520616930.964395046 19.791518 0.709177 -3.143129 0.272019 -0.694840 0.164886 0.644993
1520616931.014396906 19.754599 0.696059 -3.157693 0.269592 -0.725189 0.177974 0.608068
1520616931.064399004 19.706543 0.687564 -3.224217 0.261635 -0.741624 0.197570 0.585241
1520616931.114400148 19.673308 0.684236 -3.257759 0.250277 -0.752985 0.213459 0.569921
1520616931.164402008 19.570233 0.693895 -3.378437 0.235714 -0.747738 0.246647 0.569642
1520616931.214402914 19.547402 0.651303 -3.425135 0.205855 -0.749920 0.263892 0.570618
1520616931.265215635 19.450820 0.622716 -3.375849 0.199421 -0.756908 0.283371 0.554096
1520616931.315216780 19.392190 0.593713 -3.368286 0.186760 -0.753775 0.315277 0.545476
1520616931.365218639 19.371947 0.545278 -3.377315 0.170584 -0.740819 0.347921 0.548670
1520616931.415219784 19.355437 0.496239 -3.390056 0.154247 -0.724485 0.380552 0.553633
1520616931.465221643 19.328841 0.448520 -3.401159 0.140133 -0.710345 0.409212 0.555265
1520616931.515223742 19.289694 0.406479 -3.415110 0.131810 -0.695802 0.432205 0.558287
1520616931.565224886 19.265223 0.358394 -3.424432 0.121301 -0.683377 0.448504 0.563139
1520616931.615226746 19.233586 0.316664 -3.426260 0.108670 -0.673967 0.464204 0.564335
1520616931.666054964 19.191049 0.281288 -3.411157 0.097517 -0.668635 0.478183 0.561034
1520616931.716056108 19.164998 0.241814 -3.404316 0.079120 -0.661249 0.491350 0.561307
1520616931.766057968 19.141765 0.196962 -3.399451 0.060431 -0.649494 0.503842 0.566259
1520616931.816060066 19.103190 0.155548 -3.391256 0.043100 -0.636171 0.514588 0.573261
1520616931.866061211 19.062748 0.105859 -3.383268 0.022813 -0.617834 0.525527 0.584450
1520616931.916063070 19.031406 0.064180 -3.357510 -0.002091 -0.601247 0.536089 0.592543
1520616931.966063976 18.993246 0.022362 -3.343406 -0.023380 -0.584142 0.541198 0.604430
1520616932.016065121 18.959570 -0.013022 -3.318751 -0.044241 -0.570147 0.541623 0.616133
1520616932.066485643 18.935212 -0.048123 -3.251794 -0.068763 -0.559091 0.536834 0.628091
1520616932.116487503 18.886425 -0.074780 -3.238916 -0.078008 -0.537827 0.538234 0.644174
1520616932.166488409 18.844707 -0.096315 -3.208633 -0.087561 -0.510337 0.545710 0.658855
1520616932.216489553 18.819982 -0.110335 -3.162232 -0.097371 -0.476278 0.554249 0.675638
1520616932.266491413 18.804033 -0.116414 -3.107194 -0.103546 -0.432493 0.568484 0.692137
1520616932.316493511 18.779616 -0.096002 -3.062847 -0.099739 -0.382237 0.591032 0.703298
1520616932.366553545 18.755412 -0.118543 -2.983666 -0.115863 -0.328319 0.605113 0.715975
1520616932.416496515 18.722422 -0.163130 -2.888325 -0.131807 -0.265412 0.618092 0.728111
1520616932.466497660 18.693035 -0.160662 -2.824196 -0.139778 -0.209651 0.621305 0.741950
1520616932.516465902 18.660496 -0.153088 -2.759036 -0.143965 -0.156642 0.624717 0.751310
1520616932.566466808 18.653324 -0.133832 -2.690467 -0.148356 -0.110066 0.627745 0.756182
1520616932.616468906 18.696873 -0.121325 -2.622664 -0.158108 -0.071963 0.630621 0.756399
1520616932.666471004 18.676657 -0.122177 -2.550825 -0.158461 -0.023808 0.632349 0.757930
1520616932.716471910 18.661102 -0.105580 -2.477967 -0.154372 0.021166 0.631102 0.759889
1520616932.766473770 18.644398 -0.072445 -2.410678 -0.146144 0.060808 0.628573 0.761472
1520616932.816474915 18.649500 -0.046943 -2.345454 -0.140231 0.093555 0.626556 0.760927
1520616932.866477013 18.666746 -0.027687 -2.280777 -0.132538 0.121588 0.629255 0.756101
1520616932.915743589 18.682208 -0.006571 -2.216554 -0.128096 0.149235 0.624398 0.755941
1520616932.965745449 18.706318 0.012524 -2.159374 -0.125330 0.175378 0.617412 0.756530
1520616933.015746355 18.728052 0.047786 -2.100586 -0.120474 0.202479 0.612454 0.754579
1520616933.065748692 18.756865 0.081921 -2.047035 -0.111922 0.230441 0.609050 0.750619
1520616933.115750551 18.783489 0.115485 -2.001289 -0.102704 0.260052 0.602758 0.747334
1520616933.165751457 18.812915 0.150094 -1.957736 -0.090142 0.289941 0.596008 0.743359
1520616933.215753555 18.832847 0.189565 -1.902815 -0.076527 0.324142 0.583159 0.740946
1520616933.265754461 18.855705 0.233247 -1.859483 -0.063960 0.354912 0.568132 0.739711
1520616933.314913273 18.876527 0.280391 -1.817324 -0.053938 0.384039 0.550486 0.739303
1520616933.364915371 18.899574 0.328034 -1.774688 -0.046392 0.410745 0.533052 0.738236
1520616933.414917231 18.929532 0.370128 -1.739337 -0.040052 0.432126 0.521500 0.734643
1520616933.464918375 18.961346 0.408188 -1.711977 -0.035748 0.456794 0.508810 0.728817
1520616933.514920235 18.998383 0.449703 -1.687883 -0.034188 0.486817 0.492125 0.720870
1520616933.564921141 19.036058 0.484151 -1.670204 -0.032140 0.515836 0.478801 0.709669
1520616933.614923477 19.077140 0.521361 -1.654261 -0.029652 0.544704 0.464297 0.697744
1520616933.664924145 19.120473 0.554028 -1.632276 -0.030479 0.574343 0.448254 0.684302
1520616933.714437246 19.144617 0.591786 -1.582586 -0.024552 0.607028 0.428831 0.668595
1520616933.764438152 19.186972 0.635196 -1.582475 -0.018498 0.631005 0.416330 0.654340
1520616933.814439297 19.236787 0.664193 -1.580434 -0.012459 0.652631 0.408224 0.638178
1520616933.864441156 19.281475 0.699830 -1.585168 -0.001900 0.672674 0.398849 0.623238
1520616933.914443016 19.332699 0.735555 -1.582782 0.008319 0.696893 0.388893 0.602522
1520616933.964444160 19.387616 0.764258 -1.605805 0.022614 0.715293 0.384573 0.583051
1520616934.014484167 19.417165 0.816672 -1.670456 0.048073 0.729362 0.377994 0.568190
1520616934.064447165 19.486483 0.820372 -1.715728 0.049838 0.752305 0.372072 0.541401
1520616934.114621639 19.552203 0.840624 -1.746661 0.058656 0.776491 0.362712 0.511920
1520616934.164622784 19.607247 0.866349 -1.781632 0.066712 0.798193 0.349978 0.485750
1520616934.214624643 19.671689 0.887923 -1.829483 0.069305 0.822290 0.331201 0.457539
1520616934.264626503 19.692383 0.883309 -1.841733 0.072439 0.843131 0.316876 0.428337
1520616934.314627647 19.723568 0.984583 -1.857421 0.086822 0.867953 0.274997 0.404347
1520616934.364629507 19.773237 0.990797 -1.900316 0.097440 0.886936 0.255671 0.372133
1520616934.414630413 19.818036 1.009617 -1.948570 0.104905 0.904066 0.230585 0.344223
1520616934.464632750 19.809834 1.026860 -2.038667 0.100976 0.915451 0.210943 0.327500
1520616934.514633656 19.810689 1.033944 -2.106439 0.100763 0.927803 0.189645 0.305062
1520616934.566385984 19.844113 1.043627 -2.168457 0.103765 0.942673 0.166955 0.269679
1520616934.616386890 19.868733 1.050485 -2.226205 0.105538 0.955619 0.142089 0.235511
1520616934.666388750 19.894819 1.062219 -2.290279 0.105149 0.967906 0.111874 0.198963
1520616934.716391087 19.905723 1.065068 -2.352888 0.104440 0.977715 0.078416 0.164366
1520616934.766391993 19.911695 1.061639 -2.412922 0.099838 0.986074 0.043502 0.125692
1520616934.816393852 19.905752 1.040561 -2.469651 0.094915 0.991443 0.013460 0.088609
1520616934.866394997 19.903085 1.026991 -2.532148 0.092617 0.994104 -0.016604 0.053889
1520616934.916396856 19.898495 1.025804 -2.608365 0.085356 0.994908 -0.049344 0.020909
1520616934.967000484 19.888153 1.034337 -2.675574 0.069539 0.994425 -0.078882 -0.007848
1520616935.017002344 19.874315 1.039509 -2.745526 0.052446 0.992391 -0.106005 -0.034252
1520616935.067003489 19.862347 1.030944 -2.808858 0.031903 0.988896 -0.129509 -0.065530
1520616935.117005348 19.834434 1.004911 -2.862055 0.016354 0.984434 -0.148927 -0.091884
1520616935.167006493 19.789369 0.987856 -2.900247 -0.005174 0.978865 -0.169883 -0.113742
1520616935.217008591 19.758970 0.957555 -2.949978 -0.031730 0.971188 -0.188374 -0.142487
1520616935.267009258 19.731245 0.915879 -2.993044 -0.057089 0.962655 -0.203711 -0.168930
1520616935.317011595 19.701886 0.874456 -3.020248 -0.081441 0.952844 -0.219863 -0.192654
1520616935.366678476 19.649620 0.838522 -3.032211 -0.110612 0.942476 -0.238855 -0.206040
1520616935.416680336 19.610998 0.823125 -3.059955 -0.141113 0.929682 -0.260407 -0.219010
1520616935.466681480 19.578465 0.795379 -3.091843 -0.176006 0.915707 -0.273855 -0.235599
1520616935.516683340 19.567185 0.754961 -3.125014 -0.204943 0.902265 -0.286516 -0.248644
1520616935.566684246 19.568279 0.702445 -3.159363 -0.228571 0.890185 -0.298150 -0.257746
1520616935.616686344 19.576564 0.652959 -3.190246 -0.247512 0.879295 -0.311717 -0.261555
1520616935.666701317 19.597123 0.603771 -3.233029 -0.264728 0.868572 -0.327569 -0.261151
1520616935.716689348 19.627275 0.547815 -3.255674 -0.279418 0.860578 -0.341334 -0.254602
1520616935.765532970 19.715868 0.468858 -3.318468 -0.280112 0.855605 -0.348825 -0.260382
1520616935.815534830 19.754537 0.430775 -3.370975 -0.287787 0.851356 -0.361567 -0.248275
1520616935.865536928 19.785023 0.410475 -3.432141 -0.292717 0.849564 -0.372251 -0.232350
1520616935.915538073 19.826711 0.385133 -3.483194 -0.290594 0.852922 -0.374992 -0.217854
1520616935.965539932 19.865207 0.367441 -3.544366 -0.285075 0.859661 -0.372256 -0.202831
1520616936.015540838 19.903684 0.364883 -3.583139 -0.274885 0.872150 -0.364547 -0.175778
1520616936.065542936 19.929201 0.384863 -3.635434 -0.264916 0.884834 -0.354604 -0.145408
1520616936.115543842 20.017263 0.304507 -3.729356 -0.234137 0.908688 -0.316539 -0.138813
1520616936.165092707 20.018494 0.372991 -3.810403 -0.230127 0.915121 -0.310875 -0.113806
1520616936.215093613 20.027459 0.404550 -3.881386 -0.221763 0.925946 -0.292736 -0.088039
1520616936.265095472 20.050461 0.410807 -3.956029 -0.207654 0.935920 -0.276254 -0.067946
1520616936.315097809 20.060375 0.435100 -4.026018 -0.196008 0.943417 -0.263532 -0.045775
1520616936.365098476 20.076641 0.443830 -4.086318 -0.182046 0.951891 -0.244682 -0.029871
1520616936.415100574 20.081040 0.452975 -4.143660 -0.172987 0.958614 -0.225392 -0.018260
1520616936.465101719 20.069181 0.431940 -4.164722 -0.169743 0.965953 -0.194219 -0.020020
1520616936.515103579 20.063023 0.375527 -4.197491 -0.178106 0.969937 -0.165000 -0.016574
1520616936.570525169 19.935669 0.499118 -4.271469 -0.182438 0.969238 -0.165011 -0.008111
1520616936.620527267 19.896399 0.521463 -4.339428 -0.185423 0.969403 -0.160580 -0.009448
1520616936.670529127 19.847518 0.582244 -4.386856 -0.192940 0.966896 -0.166616 -0.011197
1520616936.720531225 19.821552 0.579916 -4.453475 -0.200806 0.964667 -0.169496 -0.019104
1520616936.770532131 19.774667 0.561827 -4.498563 -0.209180 0.961588 -0.175461 -0.028375
1520616936.820534229 19.738755 0.471910 -4.495130 -0.214697 0.961244 -0.169325 -0.035275
1520616936.870535374 19.699004 0.465802 -4.511050 -0.220423 0.958417 -0.175642 -0.044724
1520616936.920537233 19.680322 0.434995 -4.559964 -0.232426 0.954535 -0.176967 -0.059352
1520616936.970538139 19.660753 0.401385 -4.602404 -0.238509 0.951468 -0.179854 -0.073991
1520616937.023215532 19.657384 0.345877 -4.649141 -0.234895 0.950313 -0.180769 -0.095137
1520616937.073216677 19.555457 0.349964 -4.714305 -0.237373 0.945739 -0.197368 -0.101381
1520616937.123218536 19.541449 0.327507 -4.712091 -0.232630 0.944353 -0.199594 -0.119343
1520616937.173219442 19.503589 0.281100 -4.743902 -0.236088 0.940536 -0.205817 -0.131510
1520616937.223221540 19.494395 0.240963 -4.786195 -0.243957 0.934868 -0.213816 -0.144185
1520616937.273223400 19.489797 0.186257 -4.820891 -0.250597 0.928820 -0.226979 -0.151578
1520616937.323225498 19.485324 0.141139 -4.861850 -0.255080 0.921690 -0.248166 -0.154390
1520616937.373225451 19.489509 0.088678 -4.902361 -0.255167 0.915280 -0.270871 -0.154210
1520616937.423227549 19.495941 0.023381 -4.935786 -0.249524 0.910710 -0.289882 -0.155929
1520616937.473229647 19.517210 -0.026224 -4.974179 -0.241015 0.908582 -0.302776 -0.157217
1520616937.523230553 19.513061 -0.062324 -5.005346 -0.230097 0.909080 -0.311550 -0.153513
1520616937.573232412 19.527649 -0.088427 -5.056465 -0.218952 0.911692 -0.312983 -0.151394
1520616937.623233557 19.527928 -0.117595 -5.102059 -0.208340 0.914056 -0.312625 -0.152846
1520616937.673235655 19.531170 -0.132732 -5.158504 -0.195032 0.915849 -0.314169 -0.156464
1520616937.723236561 19.523820 -0.158122 -5.205222 -0.182940 0.919709 -0.311171 -0.154403
1520616937.773238659 19.522026 -0.180840 -5.259331 -0.173750 0.923816 -0.306919 -0.148915
1520616937.823239565 19.515208 -0.194744 -5.316999 -0.165965 0.927425 -0.305034 -0.138895
1520616937.873241425 19.509421 -0.225865 -5.366082 -0.161617 0.929946 -0.303289 -0.130751
1520616937.923243523 19.509277 -0.256266 -5.412802 -0.157239 0.930925 -0.306502 -0.121291
1520616937.973244429 19.511417 -0.296088 -5.456037 -0.151133 0.931280 -0.312165 -0.111483
1520616938.023246527 19.506236 -0.341780 -5.497380 -0.143305 0.929873 -0.322269 -0.104605
1520616938.073248625 19.494355 -0.393271 -5.532053 -0.136583 0.927066 -0.332991 -0.104932
1520616938.123249531 19.483187 -0.443705 -5.565953 -0.126417 0.924097 -0.343847 -0.108778
1520616938.173250675 19.466545 -0.501682 -5.601522 -0.115536 0.921483 -0.351790 -0.117319
1520616938.223252535 19.439809 -0.560562 -5.632601 -0.104598 0.917267 -0.363958 -0.123351
1520616938.273254395 19.410837 -0.614190 -5.662086 -0.095796 0.912392 -0.377041 -0.127296
1520616938.323255539 19.365607 -0.663945 -5.676388 -0.091790 0.905432 -0.393025 -0.131528
1520616938.373257637 19.315505 -0.714970 -5.691212 -0.090014 0.895862 -0.411990 -0.139973
1520616938.423259497 19.249050 -0.766158 -5.703646 -0.091831 0.884136 -0.430960 -0.155384
1520616938.473260641 19.196319 -0.823061 -5.708527 -0.089404 0.871961 -0.450426 -0.169727
1520616938.523262501 19.138286 -0.860021 -5.707260 -0.084879 0.860769 -0.466188 -0.185855
1520616938.573263407 19.057766 -0.917950 -5.703785 -0.081227 0.849019 -0.475241 -0.216136
1520616938.623264551 19.019270 -0.979981 -5.705617 -0.068980 0.834858 -0.482066 -0.256643
1520616938.673266411 18.898356 -1.020735 -5.651205 -0.057752 0.824244 -0.480061 -0.294666
1520616938.723268509 18.802011 -1.013371 -5.626056 -0.045499 0.816348 -0.470851 -0.331368
1520616938.773270607 18.709465 -1.027519 -5.628403 -0.028184 0.804227 -0.465592 -0.368305
1520616938.823271513 18.619649 -1.066835 -5.591527 -0.008930 0.791594 -0.456194 -0.406430
1520616938.873275518 18.525790 -1.082302 -5.558336 0.004726 0.776776 -0.449725 -0.440844
1520616938.923274517 18.452300 -1.103149 -5.537536 0.019420 0.756640 -0.452004 -0.472029
1520616938.973276615 18.344726 -1.087898 -5.493375 -0.024352 -0.734704 0.452059 0.505233
1520616939.023277760 18.267406 -1.089381 -5.470789 -0.033352 -0.709727 0.452997 0.538488
1520616939.073279619 18.156255 -1.066361 -5.472199 -0.043621 -0.683745 0.449329 0.573317
1520616939.123280525 18.074159 -1.021236 -5.442184 -0.051590 -0.660905 0.438301 0.606989
1520616939.173282623 18.021574 -1.024988 -5.434655 -0.068371 -0.633561 0.424863 0.642975
1520616939.223283529 17.958511 -1.026153 -5.395648 -0.077310 -0.608963 0.415333 0.671331
1520616939.273285389 17.910737 -1.023528 -5.359642 -0.081371 -0.589000 0.408214 0.692690
1520616939.323286533 17.873162 -1.039401 -5.315513 -0.081870 -0.568900 0.403673 0.711828
1520616939.373288631 17.835828 -1.059493 -5.272636 -0.074959 -0.548438 0.400442 0.730235
1520616939.423289537 17.792251 -1.090340 -5.224797 -0.059982 -0.526712 0.398487 0.748455
1520616939.473291636 17.756043 -1.126485 -5.186989 -0.040766 -0.508800 0.396760 0.762917
1520616939.523293495 17.708156 -1.165603 -5.150519 -0.015621 -0.496638 0.390403 0.775043
1520616939.573294401 17.661367 -1.210377 -5.124158 0.008400 -0.488065 0.383447 0.784021
1520616939.623296499 17.631737 -1.270932 -5.092360 0.024713 -0.490686 0.378790 0.784305
1520616939.673298597 17.601214 -1.327640 -5.059876 0.037262 -0.498338 0.379344 0.778697
1520616939.723299503 17.546832 -1.383788 -5.050784 0.045721 -0.506737 0.388397 0.768293
1520616939.773300648 17.509325 -1.447559 -5.063696 0.039040 -0.520334 0.398182 0.754440
1520616939.823302507 17.455708 -1.481522 -5.057976 0.045538 -0.537603 0.401775 0.739923
1520616939.871281385 17.387824 -1.526969 -5.067615 0.050848 -0.550242 0.410852 0.725154
1520616939.921282291 17.340673 -1.556349 -5.062467 0.055410 -0.567041 0.416637 0.708384
1520616939.971284628 17.278957 -1.591372 -5.077365 0.054195 -0.579009 0.428578 0.691471
1520616940.021286488 17.223935 -1.621411 -5.074604 0.053616 -0.592864 0.437452 0.673998
1520616940.071287394 17.159106 -1.670555 -5.084575 0.047686 -0.602965 0.445754 0.659896
1520616940.121289492 17.093392 -1.696411 -5.097113 0.039267 -0.612155 0.449544 0.649334
1520616940.171291590 17.035392 -1.716825 -5.097753 0.024215 -0.626465 0.447015 0.638070
1520616940.221292496 16.988706 -1.743710 -5.110778 0.006079 -0.642367 0.445084 0.623881
1520616940.268473387 16.942790 -1.750169 -5.118411 -0.008086 -0.656291 0.442687 0.610938
1520616940.318474293 16.897407 -1.773351 -5.105595 -0.021811 -0.667213 0.434502 0.604615
1520616940.368476152 16.837163 -1.798170 -5.102344 -0.030405 -0.670280 0.427965 0.605513
1520616940.418477297 16.771964 -1.818128 -5.121267 -0.037462 -0.666485 0.428947 0.608604
1520616940.468478203 16.719324 -1.835483 -5.105196 -0.042688 -0.662084 0.429353 0.612763
1520616940.518480301 16.657352 -1.848195 -5.077779 -0.047572 -0.655246 0.432509 0.617515
1520616940.568482399 16.605926 -1.862236 -5.041612 -0.050316 -0.647685 0.434711 0.623697
1520616940.618483305 16.558561 -1.877864 -4.995965 -0.048567 -0.636042 0.434861 0.635601
1520616940.667239189 16.497666 -1.876726 -4.944259 -0.037125 -0.624798 0.434479 0.647671
1520616940.717152119 16.450500 -1.891012 -4.885254 -0.025433 -0.614713 0.429627 0.660985
1520616940.767154217 16.407227 -1.917770 -4.835141 -0.011592 -0.600987 0.419295 0.680347
1520616940.817155123 16.363394 -1.942306 -4.778903 -0.000559 -0.590558 0.413486 0.693015
1520616940.867156982 16.319009 -1.957796 -4.721004 0.009452 -0.579485 0.407954 0.705465
1520616940.917158127 16.274971 -1.972433 -4.659523 0.019702 -0.568517 0.401294 0.717888
1520616940.967160225 16.226686 -1.981040 -4.601216 0.028953 -0.560161 0.394758 0.727700
1520616941.017161131 16.187577 -2.000292 -4.551004 0.029708 -0.553722 0.387955 0.736207
1520616941.066149235 16.136272 -2.018365 -4.506519 0.031386 -0.546366 0.383944 0.743697
1520616941.116151333 16.086379 -2.031218 -4.451170 0.033602 -0.541353 0.378153 0.750206
1520616941.166152239 16.036764 -2.049667 -4.402848 0.034654 -0.534920 0.374161 0.756745
1520616941.216154099 15.996457 -2.076685 -4.358393 0.036768 -0.527359 0.372046 0.762970
1520616941.266155243 15.955026 -2.108914 -4.311233 0.040454 -0.519973 0.372083 0.767819
1520616941.316157341 15.918849 -2.151788 -4.287196 0.040876 -0.509289 0.379389 0.771374
1520616941.366159439 15.875583 -2.190634 -4.245418 0.047651 -0.497231 0.384541 0.776285
1520616941.416160345 15.823725 -2.250203 -4.231486 0.051682 -0.485799 0.386895 0.782074
1520616941.466162205 15.772515 -2.291427 -4.212382 0.060850 -0.478371 0.387080 0.785893
1520616941.515747070 15.713271 -2.321882 -4.200046 0.068571 -0.478724 0.392885 0.782152
1520616941.565749168 15.654935 -2.365222 -4.226810 0.056774 -0.483727 0.406665 0.772922
1520616941.615750313 15.584778 -2.385097 -4.243371 0.050391 -0.489914 0.417605 0.763578
1520616941.665752172 15.529858 -2.399332 -4.241702 0.042827 -0.503413 0.418190 0.754890
1520616941.715754032 15.443179 -2.400654 -4.257773 0.035622 -0.517616 0.420771 0.744148
1520616941.765755892 15.362943 -2.414772 -4.277439 0.028763 -0.538031 0.419992 0.730275
1520616941.815757036 15.303227 -2.451947 -4.281955 0.027123 -0.558336 0.413450 0.718738
1520616941.865759134 15.244029 -2.495564 -4.287084 0.028177 -0.576093 0.413866 0.704300
1520616941.916065216 15.196847 -2.536457 -4.293049 0.029357 -0.589075 0.419004 0.690336
1520616941.966066122 15.154792 -2.591231 -4.300790 0.035511 -0.600797 0.421725 0.678182
1520616942.016067982 15.109559 -2.632296 -4.308939 0.041032 -0.612915 0.424355 0.665263
1520616942.066070080 15.072768 -2.690764 -4.312977 0.047617 -0.629261 0.421530 0.651211
1520616942.116070986 15.038173 -2.736712 -4.319782 0.052657 -0.650931 0.416157 0.632716
1520616942.166072845 14.991888 -2.767568 -4.342522 0.059488 -0.673581 0.411301 0.611213
1520616942.216076136 14.946260 -2.805377 -4.341782 0.065502 -0.699554 0.402781 0.586602
1520616942.266076088 14.903174 -2.852080 -4.337279 0.076297 -0.722192 0.391823 0.564882
1520616942.317450047 14.861829 -2.894983 -4.330336 0.085114 -0.742720 0.387138 0.539672
1520616942.367390156 14.815761 -2.943063 -4.315255 0.093775 -0.759121 0.388986 0.513450
1520616942.417391062 14.770968 -2.983936 -4.299071 -0.101529 0.774077 -0.391692 -0.486903
1520616942.467393160 14.729136 -3.025227 -4.271979 -0.109230 0.784243 -0.394929 -0.465900
1520616942.517394066 14.692037 -3.076129 -4.238837 -0.113756 0.792688 -0.397682 -0.447833
1520616942.567395926 14.637770 -3.121913 -4.198149 -0.116619 0.800732 -0.404850 -0.425823
1520616942.617397070 14.592548 -3.165638 -4.168641 -0.116313 0.807066 -0.410964 -0.407706
1520616942.667398930 14.555756 -3.218925 -4.138628 -0.104781 0.815269 -0.419028 -0.385711
1520616942.716712475 14.511246 -3.261999 -4.108084 -0.102133 0.821240 -0.427161 -0.364236
1520616942.766713381 14.450180 -3.296163 -4.074350 -0.104515 0.823697 -0.438215 -0.344337
1520616942.816715717 14.395589 -3.331489 -4.043751 -0.100264 0.824156 -0.453045 -0.324751
1520616942.866716623 14.337849 -3.365490 -4.012542 -0.094466 0.818058 -0.470297 -0.317299
1520616942.916718483 14.285091 -3.412308 -3.977728 -0.085065 0.801282 -0.486406 -0.337818
1520616942.966719627 14.223704 -3.457694 -3.928591 -0.084882 0.775182 -0.497607 -0.379836
1520616943.016721487 14.139312 -3.531945 -3.914452 -0.084192 0.739819 -0.509661 -0.431075
1520616943.066723347 14.074649 -3.554373 -3.853447 -0.084797 0.711649 -0.514009 -0.471339
1520616943.117306709 14.022786 -3.597952 -3.807488 0.076457 -0.683338 0.510164 0.516658
1520616943.167308807 13.965078 -3.629444 -3.759181 0.068097 -0.656822 0.504108 0.556617
1520616943.217309713 13.886374 -3.660584 -3.720980 0.061553 -0.623833 0.496249 0.600650
1520616943.267311811 13.817547 -3.687511 -3.671875 0.051129 -0.589387 0.483445 0.645205
1520616943.317313910 13.760806 -3.699063 -3.626375 0.038318 -0.554763 0.473788 0.682857
1520616943.367315769 13.710696 -3.737245 -3.568277 0.017641 -0.517175 0.462890 0.719688
1520616943.417316675 13.649239 -3.762183 -3.532541 0.005729 -0.475707 0.453589 0.753609
1520616943.467318773 13.600521 -3.794473 -3.488553 -0.003243 -0.434038 0.442675 0.784627
1520616943.516673803 13.541370 -3.829069 -3.449345 -0.001908 -0.388497 0.427546 0.816254
1520616943.566674948 13.486437 -3.855036 -3.411481 0.001047 -0.350700 0.412609 0.840691
1520616943.616675854 13.431794 -3.882299 -3.377480 0.005140 -0.321248 0.393935 0.861155
1520616943.666677952 13.386070 -3.903042 -3.341494 0.007407 -0.304206 0.375342 0.875512
1520616943.716679096 13.337377 -3.925930 -3.307326 0.010036 -0.301876 0.358187 0.883444
1520616943.766680956 13.279497 -3.956296 -3.276598 0.019653 -0.304897 0.337357 0.890417
1520616943.816681862 13.226567 -3.978473 -3.241339 0.036321 -0.312307 0.311980 0.896557
1520616943.866683960 13.167151 -4.005987 -3.209088 0.064708 -0.320257 0.282837 0.901805
1520616943.916684866 13.118292 -4.026569 -3.173739 0.100562 -0.331851 0.252987 0.903194
1520616943.965535164 13.061750 -4.062072 -3.147687 0.141235 -0.345469 0.226406 0.899691
1520616944.015502930 13.007834 -4.101033 -3.120676 0.181390 -0.363520 0.205390 0.890374
1520616944.065505028 12.959001 -4.147576 -3.104935 0.211378 -0.388509 0.189596 0.876603
1520616944.115505934 12.906166 -4.183972 -3.096308 0.235007 -0.423810 0.184678 0.855015
1520616944.165508032 12.853813 -4.221484 -3.086784 0.253126 -0.468463 0.180716 0.826929
1520616944.215509176 12.796355 -4.270480 -3.110209 0.263756 -0.505895 0.180484 0.801204
1520616944.265511036 12.750087 -4.306079 -3.117111 0.275042 -0.541938 0.177264 0.774101
1520616944.315512896 12.697755 -4.340159 -3.118266 0.285732 -0.573789 0.176817 0.746900
1520616944.365164280 12.646692 -4.375665 -3.121570 0.297381 -0.598017 0.181675 0.721757
1520616944.415166616 12.594251 -4.411654 -3.119023 0.300996 -0.626026 0.197322 0.691778
1520616944.465167522 12.551899 -4.445506 -3.101480 0.298835 -0.652931 0.214770 0.662006
1520616944.515169382 12.509484 -4.480667 -3.093251 0.284173 -0.679414 0.238484 0.633062
1520616944.565170527 12.452734 -4.517729 -3.096878 0.263387 -0.705483 0.270863 0.599629
1520616944.615172386 12.406174 -4.556126 -3.084355 0.239766 -0.729962 0.297090 0.566926
1520616944.665174484 12.360449 -4.595647 -3.073836 0.214970 -0.746236 0.325578 0.539369
1520616944.715175629 12.316622 -4.634815 -3.055298 0.188806 -0.755790 0.356064 0.516093
1520616944.766014099 12.301310 -4.695250 -3.052933 -0.155961 0.760934 -0.383300 -0.499737
1520616944.816015005 12.284406 -4.720423 -3.029163 -0.129643 0.761889 -0.405267 -0.488341
1520616944.866017103 12.205502 -4.746857 -3.020353 -0.096035 0.748574 -0.452431 -0.475101
1520616944.916018963 12.169391 -4.824690 -2.950580 -0.084984 0.742615 -0.445283 -0.492974
1520616944.966019869 12.110051 -4.848156 -2.910048 -0.054463 0.726941 -0.472132 -0.495664
1520616945.016022205 12.023047 -4.857276 -2.846061 -0.020433 0.715473 -0.490181 -0.497397
1520616945.066024065 11.928868 -4.872347 -2.793246 -0.010280 -0.695903 0.511756 0.503705
1520616945.116024971 11.871563 -4.912433 -2.764913 -0.043723 -0.672012 0.529297 0.516074
1520616945.167651892 11.819611 -4.957202 -2.729145 -0.073882 -0.641171 0.542445 0.537768
1520616945.217653751 11.761659 -4.996287 -2.700221 -0.091717 -0.604567 0.561590 0.557407
1520616945.267654657 11.719304 -5.006241 -2.648248 -0.099946 -0.568927 0.579398 0.575004
1520616945.317655802 11.651823 -5.034448 -2.586664 -0.109499 -0.528677 0.591603 0.598763
1520616945.367658854 11.580978 -5.037372 -2.550117 -0.107365 -0.490440 0.595119 0.627515
1520616945.417658806 11.520855 -5.048106 -2.495626 -0.109956 -0.455978 0.590253 0.656959
1520616945.467660904 11.463017 -5.060799 -2.451403 -0.111229 -0.423446 0.584710 0.682961
1520616945.517661810 11.392370 -5.077111 -2.422519 -0.103714 -0.386015 0.569855 0.717984
1520616945.572168350 11.344777 -5.116801 -2.396589 -0.100961 -0.348726 0.554708 0.748663
1520616945.622176409 11.288219 -5.133051 -2.364376 -0.086511 -0.315207 0.533716 0.779940
1520616945.672171116 11.244102 -5.172604 -2.328372 -0.072648 -0.278859 0.517486 0.805710
1520616945.722172260 11.204650 -5.193072 -2.284084 -0.048282 -0.250864 0.488809 0.834147
1520616945.772174120 11.165275 -5.213179 -2.239534 -0.026507 -0.228550 0.459081 0.858083
1520616945.822175264 11.126678 -5.243395 -2.209130 -0.011298 -0.213242 0.430031 0.877197
1520616945.872177362 11.087910 -5.272033 -2.175266 0.006764 -0.209073 0.401149 0.891809
1520616945.922179222 11.041288 -5.301760 -2.143800 0.024729 -0.214876 0.376036 0.901007
1520616945.972037792 10.985657 -5.329401 -2.119410 0.042538 -0.228629 0.350435 0.907257
1520616946.023311377 10.939171 -5.354294 -2.084155 0.061567 -0.251226 0.324667 0.909773
1520616946.073312283 10.885415 -5.373259 -2.056437 0.086645 -0.272490 0.297153 0.911012
1520616946.123314619 10.832423 -5.406845 -2.040969 0.113612 -0.291596 0.265852 0.911804
1520616946.173315525 10.779557 -5.442076 -2.007053 0.143384 -0.314656 0.239920 0.907122
1520616946.223317385 10.721266 -5.484979 -1.994527 0.172233 -0.335300 0.220375 0.899636
1520616946.273319483 10.664348 -5.524106 -1.980173 0.202372 -0.355417 0.201452 0.890023
1520616946.323320389 10.607419 -5.496433 -1.961140 0.227617 -0.388143 0.189374 0.872739
1520616946.373322248 10.556294 -5.539916 -1.966120 0.241967 -0.426941 0.172498 0.854059
1520616946.423508644 10.503912 -5.567019 -1.970666 0.252607 -0.467056 0.164812 0.831195
1520616946.473510504 10.438411 -5.589536 -1.975252 0.265053 -0.502438 0.165673 0.806136
1520616946.523511648 10.386850 -5.621149 -1.983341 0.275679 -0.531903 0.165320 0.783422
1520616946.573513508 10.332017 -5.655707 -1.977009 0.284106 -0.565561 0.173164 0.754611
1520616946.623515368 10.279613 -5.685931 -1.966079 0.290101 -0.593466 0.186941 0.727112
1520616946.673517704 10.271022 -5.708196 -1.951261 0.291544 -0.619981 0.204233 0.699224
1520616946.723518610 10.218621 -5.745179 -1.951397 0.287843 -0.640855 0.227507 0.674309
1520616946.773519516 10.199479 -5.782386 -1.940709 0.276278 -0.666968 0.243716 0.647632
1520616946.823521614 10.166945 -5.834111 -1.937729 0.262667 -0.687686 0.254854 0.627011
1520616946.873523474 10.145485 -5.858560 -1.928667 0.243398 -0.708256 0.270746 0.604836
1520616946.923524380 10.084921 -5.869107 -1.928306 0.221307 -0.724601 0.291105 0.584152
1520616946.973526716 10.044083 -5.892184 -1.920287 0.193801 -0.740803 0.307215 0.565041
1520616947.023527622 9.994271 -5.936855 -1.911952 0.167443 -0.750533 0.323097 0.551608
1520616947.073529482 9.917327 -5.970015 -1.908584 0.140619 -0.756074 0.346969 0.536834
1520616947.123530626 9.850129 -5.993323 -1.883934 0.113053 -0.759503 0.372659 0.521056
1520616947.173532486 9.773548 -6.014968 -1.860312 0.088025 -0.755695 0.399893 0.511138
1520616947.223534346 9.713714 -6.034226 -1.816599 0.068090 -0.745023 0.430756 0.504732
1520616947.273535490 9.654062 -6.090433 -1.788806 0.048472 -0.726074 0.458964 0.509724
1520616947.323536396 9.591594 -6.113638 -1.742209 0.033576 -0.707110 0.480580 0.517602
1520616947.373538733 9.529238 -6.148207 -1.690482 0.014298 -0.688957 0.488209 0.535524
1520616947.423539639 9.419466 -6.198125 -1.657305 -0.012853 -0.664138 0.497129 0.558228
1520616947.473541498 9.370737 -6.244732 -1.630902 -0.042626 -0.640403 0.498804 0.582462
1520616947.523543596 9.328752 -6.270622 -1.583929 -0.072234 -0.615526 0.497833 0.606690
1520616947.573544502 9.254254 -6.316578 -1.548691 -0.102666 -0.587481 0.495700 0.631353
1520616947.621969700 9.178433 -6.298564 -1.513368 -0.114980 -0.558399 0.502230 0.650181
1520616947.671970606 9.112102 -6.299061 -1.473068 -0.122007 -0.526204 0.506849 0.671809
1520616947.721972942 9.064843 -6.325448 -1.445915 -0.125638 -0.491111 0.506825 0.697247
1520616947.771973610 8.999165 -6.340169 -1.411171 -0.119142 -0.457070 0.504390 0.722830
1520616947.821975708 8.990942 -6.265917 -1.380962 -0.102547 -0.429287 0.501380 0.744187
1520616947.871977806 8.929370 -6.298735 -1.376669 -0.098157 -0.388910 0.490286 0.773779
1520616947.921978712 8.881778 -6.278855 -1.338156 -0.096377 -0.361805 0.482602 0.791773
1520616947.971980810 8.823340 -6.306047 -1.303213 -0.096505 -0.336076 0.467138 0.812109
1520616948.021053553 8.782145 -6.307599 -1.281821 -0.088623 -0.313832 0.450165 0.831268
1520616948.071054459 8.719749 -6.308607 -1.252860 -0.074030 -0.295174 0.429654 0.850170
1520616948.121055365 8.685493 -6.337100 -1.218057 -0.055544 -0.280966 0.402722 0.869360
1520616948.171057463 8.637074 -6.361975 -1.179136 -0.029831 -0.267015 0.375896 0.886857
1520616948.221059322 8.588818 -6.373616 -1.137093 0.003527 -0.258890 0.350521 0.900055
1520616948.271061420 8.529298 -6.408300 -1.124032 0.037901 -0.253783 0.330317 0.908322
1520616948.321062565 8.472732 -6.437094 -1.098067 0.075269 -0.260340 0.314750 0.909665
1520616948.371063471 8.422889 -6.465356 -1.068129 0.105936 -0.273798 0.293209 0.909858
1520616948.421172380 8.380955 -6.509692 -1.054400 0.129731 -0.290490 0.260889 0.911440
1520616948.470330477 8.321814 -6.526074 -1.039098 0.149050 -0.315739 0.242578 0.905123
1520616948.520331621 8.277167 -6.559118 -1.032237 0.160072 -0.352582 0.229238 0.893036
1520616948.570333481 8.236347 -6.579720 -1.008101 0.171362 -0.393405 0.222583 0.875400
1520616948.620338440 8.182267 -6.621079 -1.007853 0.173913 -0.427802 0.227656 0.857270
1520616948.670336723 8.147651 -6.661056 -0.992105 0.174814 -0.454987 0.237064 0.840374
1520616948.720337391 8.100049 -6.690053 -0.974517 0.174114 -0.478516 0.259644 0.820544
1520616948.770339489 8.049021 -6.735776 -0.970473 0.169490 -0.492333 0.289146 0.803291
1520616948.820340633 8.004631 -6.775008 -0.949842 0.163951 -0.499678 0.318565 0.788644
1520616948.867841482 7.964732 -6.803468 -0.921807 0.153050 -0.503936 0.352286 0.773640
1520616948.917842388 7.912592 -6.836180 -0.901616 0.134363 -0.503736 0.390303 0.758854
1520616948.967948437 7.870624 -6.867271 -0.859180 0.105835 -0.494941 0.423748 0.751179
1520616949.017845392 7.850723 -6.899381 -0.802913 0.073989 -0.479541 0.452565 0.748165
1520616949.067847252 7.836501 -6.922792 -0.744582 0.044210 -0.453309 0.474813 0.753067
1520616949.117849112 7.805443 -6.936833 -0.702633 0.023255 -0.412508 0.495829 0.763839
1520616949.167850256 7.770484 -6.956987 -0.641169 0.006007 -0.360336 0.511970 0.779749
1520616949.217852354 7.753178 -6.981521 -0.590160 -0.021568 -0.305978 0.521147 0.796441
1520616949.266531706 7.747976 -6.979992 -0.521550 -0.048654 -0.257652 0.518556 0.813847
1520616949.316533566 7.737112 -7.003056 -0.477869 -0.084629 -0.203428 0.512048 0.830218
1520616949.366534710 7.735298 -7.026464 -0.429419 -0.113703 -0.157497 0.498587 0.844794
1520616949.416536570 7.731211 -7.052344 -0.375409 -0.129424 -0.115900 0.475176 0.862568
1520616949.466538668 7.737267 -7.054029 -0.323172 -0.130082 -0.079960 0.441140 0.884353
1520616949.516539812 7.735910 -7.058734 -0.272252 -0.118030 -0.049967 0.398640 0.908107
1520616949.566541672 7.734792 -7.063404 -0.219024 -0.096095 -0.025249 0.353831 0.930017
1520616949.616542578 7.729224 -7.061282 -0.165431 -0.063598 -0.006075 0.307756 0.949318
1520616949.665871620 7.728062 -7.059671 -0.114758 -0.030049 0.004740 0.259856 0.965168
1520616949.715872526 7.718835 -7.058461 -0.061164 -0.000663 0.003447 0.220540 0.975372
1520616949.765874863 7.704220 -7.056754 -0.013042 0.019154 -0.011375 0.190373 0.981459
1520616949.815876722 7.688768 -7.059626 0.031997 0.031429 -0.037005 0.173299 0.983672
1520616949.865877628 7.676191 -7.057732 0.072119 0.039479 -0.069661 0.173212 0.981624
1520616949.915879726 7.654609 -7.057465 0.118100 0.041861 -0.101416 0.188218 0.975980
1520616949.965881586 7.633625 -7.043282 0.167027 0.041410 -0.128873 0.218279 0.966453
1520616950.015882492 7.618353 -7.053263 0.209539 0.029126 -0.147729 0.258947 0.954083
1520616950.065271616 7.599712 -7.062977 0.251187 0.006785 -0.155736 0.300984 0.940802
1520616950.115273476 7.601339 -7.069171 0.283886 -0.025860 -0.156504 0.345119 0.925057
1520616950.165274620 7.576888 -7.059476 0.322862 -0.059365 -0.140799 0.387212 0.909241
1520616950.215276718 7.562281 -7.042504 0.367223 -0.089442 -0.116916 0.421806 0.894657
1520616950.265277624 7.552677 -7.020196 0.414240 -0.112601 -0.085447 0.449982 0.881780
1520616950.315278769 7.541420 -6.993022 0.460017 -0.136222 -0.045949 0.467310 0.872326
1520616950.365280628 7.513310 -6.959912 0.521854 -0.156462 -0.002138 0.473751 0.866646
1520616950.415284634 7.526257 -6.933123 0.565269 -0.180898 0.035953 0.472127 0.862021
1520616950.465303898 7.504225 -6.900839 0.620676 -0.200477 0.074270 0.456485 0.863663
1520616950.515306950 7.498919 -6.863420 0.676701 -0.220431 0.101411 0.426307 0.871429
1520616950.565306902 7.477292 -6.833311 0.724143 -0.232847 0.120787 0.382098 0.886112
1520616950.615384817 7.488579 -6.806656 0.775948 -0.238082 0.124049 0.328409 0.905581
1520616950.665310144 7.489359 -6.785870 0.824726 -0.233382 0.124146 0.266503 0.926875
1520616950.715312004 7.482186 -6.796876 0.881654 -0.218214 0.116121 0.210131 0.945909
1520616950.765312910 7.480139 -6.795182 0.937419 -0.193255 0.096387 0.159585 0.963273
1520616950.815315008 7.463207 -6.797601 1.003846 -0.168392 0.074155 0.112563 0.976460
1520616950.865315914 7.436492 -6.794007 1.073407 -0.141112 0.047587 0.076636 0.985875
1520616950.915428638 7.427821 -6.788003 1.127348 -0.111908 0.011358 0.050946 0.992347
1520616950.965429544 7.400931 -6.772112 1.193985 -0.079708 -0.026946 0.034887 0.995843
1520616951.015431404 7.205325 -6.886934 1.192717 -0.069886 -0.038214 0.016964 0.996678
1520616951.065433741 7.118505 -6.943031 1.223246 -0.046401 -0.074198 0.013664 0.996070
1520616951.115434647 7.076398 -6.955363 1.273158 -0.018553 -0.118949 0.020225 0.992521
1520616951.165436506 7.025030 -6.946561 1.263109 0.013356 -0.166152 0.029766 0.985560
1520616951.215437651 6.984780 -6.947200 1.308847 0.036728 -0.213891 0.045062 0.975126
1520616951.265439510 6.847084 -6.902212 1.304923 0.066970 -0.240125 0.053102 0.966972
1520616951.315726995 6.815401 -6.901840 1.344670 0.084511 -0.279991 0.069762 0.953727
1520616951.365729094 6.773705 -6.904260 1.431588 0.095686 -0.317641 0.091838 0.938890
1520616951.415730953 6.743645 -6.895079 1.462197 0.109659 -0.353624 0.119437 0.921227
1520616951.465731859 6.751699 -6.915048 1.532210 0.112711 -0.394128 0.151206 0.899498
1520616951.515734196 6.566471 -6.952809 1.593524 0.107282 -0.401618 0.160807 0.895173
1520616951.565735102 6.522049 -6.971491 1.626688 0.108116 -0.428134 0.187602 0.877393
1520616951.615736961 6.514825 -6.994461 1.667405 0.103219 -0.460583 0.223974 0.852669
1520616951.665739059 6.451057 -7.022247 1.622069 0.099451 -0.472686 0.248318 0.839652
1520616951.717198133 6.413380 -7.041548 1.659175 0.097172 -0.487684 0.279383 0.821381
1520616951.767200232 6.325301 -7.190154 1.685866 0.064638 -0.478508 0.294909 0.824549
1520616951.817202330 6.291880 -7.232984 1.698979 0.059669 -0.477681 0.322729 0.814927
1520616951.867203236 6.261934 -7.283448 1.741958 0.052094 -0.472788 0.347930 0.807900
1520616951.917204380 6.233360 -7.274969 1.782489 0.054902 -0.467933 0.373817 0.798928
1520616951.967206240 6.201773 -7.302845 1.827628 0.043178 -0.454350 0.398854 0.795372
1520616952.017208099 6.171703 -7.314297 1.874811 0.032851 -0.436934 0.419386 0.795063
1520616952.067211390 6.131057 -7.311920 1.924750 0.028039 -0.414237 0.433997 0.799543
1520616952.118067980 6.092120 -7.329505 1.977197 0.018961 -0.383792 0.448215 0.807123
1520616952.168070316 6.052355 -7.325504 2.029674 0.016500 -0.347945 0.464502 0.814187
1520616952.218072176 6.022861 -7.324943 2.084202 0.014817 -0.309202 0.479247 0.821278
1520616952.268123150 6.008085 -7.330318 2.140412 0.012441 -0.271362 0.495293 0.825162
1520616952.318075180 5.989011 -7.330348 2.196783 0.009420 -0.235174 0.506175 0.829693
1520616952.368076086 5.976149 -7.328152 2.254086 -0.001286 -0.197023 0.511700 0.836267
1520616952.418077946 5.963587 -7.289653 2.272421 -0.010362 -0.163904 0.514160 0.841824
1520616952.468079090 5.952876 -7.295628 2.331356 -0.034126 -0.122333 0.514852 0.847819
1520616952.516940832 5.928176 -7.256509 2.387295 -0.046684 -0.084297 0.510381 0.854533
1520616952.566941977 5.905218 -7.232774 2.448088 -0.058739 -0.044448 0.513383 0.854992
1520616952.616944075 5.900846 -7.221330 2.504815 -0.064876 -0.003691 0.516354 0.853906
1520616952.666946173 5.907215 -7.214279 2.563050 -0.067063 0.041377 0.513547 0.854435
1520616952.716947079 5.911505 -7.199905 2.626735 -0.061108 0.089975 0.504585 0.856484
1520616952.766948938 5.920651 -7.182748 2.682722 -0.047487 0.138082 0.489254 0.859831
1520616952.816950083 5.931480 -7.168096 2.735121 -0.028650 0.184042 0.470171 0.862697
1520616952.866951942 5.954404 -7.153387 2.784851 -0.014350 0.230540 0.449232 0.863039
1520616952.915787697 5.982878 -7.141745 2.827840 -0.007464 0.276648 0.423376 0.862649
1520616952.965788603 6.017102 -7.122870 2.859424 -0.001735 0.320082 0.400496 0.858573
1520616953.015789747 6.050885 -7.105474 2.891587 -0.000786 0.366658 0.378665 0.849808
1520616953.065791607 6.087407 -7.076186 2.907474 -0.000501 0.414884 0.356258 0.837228
1520616953.115793705 6.130985 -7.056388 2.912674 -0.006754 0.463214 0.338368 0.819081
1520616953.165794611 6.166496 -7.018347 2.926658 -0.010401 0.517341 0.313038 0.796403
1520616953.215796471 6.207655 -6.986704 2.927842 -0.017796 0.569270 0.288197 0.769778
1520616953.265798807 6.250792 -6.963719 2.935906 -0.028765 0.620621 0.263669 0.737889
1520616953.315800667 6.285027 -6.936735 2.927313 -0.040018 0.666601 0.240825 0.704304
1520616953.365205050 6.318715 -6.907116 2.915353 -0.051005 0.708007 0.219555 0.669269
1520616953.415205956 6.352606 -6.880844 2.895284 -0.062501 0.746816 0.200287 0.631066
1520616953.465208054 6.382966 -6.855949 2.869214 -0.071272 0.780491 0.181987 0.593831
1520616953.515210152 6.408202 -6.843306 2.835049 -0.080651 0.810760 0.161463 0.556861
1520616953.565211058 6.433719 -6.833098 2.803705 -0.084898 0.838862 0.143402 0.518207
1520616953.615213156 6.459564 -6.827931 2.764955 -0.082358 0.865155 0.127720 0.477924
1520616953.665214062 6.480933 -6.825363 2.723363 -0.080548 0.888956 0.107810 0.437774
1520616953.715215206 6.500827 -6.826129 2.679076 -0.079381 0.909562 0.087673 0.398384
1520616953.765325308 6.509060 -6.826931 2.624378 -0.076255 0.926052 0.068404 0.363227
1520616953.815323591 6.514971 -6.818402 2.567771 -0.071598 0.939887 0.053291 0.329615
1520616953.865325451 6.520061 -6.814611 2.514651 -0.066570 0.951463 0.040030 0.297799
1520616953.915348530 6.526202 -6.814917 2.452825 -0.064363 0.960358 0.028254 0.269764
1520616953.965328455 6.519642 -6.809031 2.389793 -0.061193 0.966635 0.012237 0.248440
1520616954.015330315 6.519950 -6.818611 2.329379 -0.067233 0.971036 -0.003374 0.229253
1520616954.065331459 6.510732 -6.830673 2.265681 -0.074984 0.973402 -0.015696 0.215917
1520616954.115333557 6.497439 -6.840446 2.196438 -0.085992 0.974071 -0.028270 0.207344
1520616954.165450573 6.496845 -6.847680 2.130795 -0.094554 0.974680 -0.037401 0.199147
1520616954.215452433 6.495421 -6.857632 2.068997 -0.104776 0.975316 -0.050935 0.187579
1520616954.265454531 6.492782 -6.872284 2.013015 -0.114974 0.976142 -0.065643 0.172104
1520616954.315455675 6.485534 -6.879109 1.944809 -0.119244 0.977184 -0.083761 0.154518
1520616954.365457535 6.485249 -6.889042 1.890908 -0.123685 0.978639 -0.099896 0.130340
1520616954.415458441 6.476644 -6.900438 1.834871 -0.134799 0.978517 -0.112306 0.108260
1520616954.465460539 6.479568 -6.904982 1.779050 -0.150861 0.977149 -0.123731 0.084327
1520616954.515461445 6.478586 -6.909917 1.720377 -0.169247 0.974168 -0.132911 0.068462
1520616954.565722227 6.479549 -6.918623 1.661682 -0.194708 0.969157 -0.140990 0.054271
1520616954.615724087 6.476032 -6.928141 1.605129 -0.225198 0.961571 -0.150653 0.044400
1520616954.665724993 6.490355 -6.933813 1.553351 -0.255479 0.952870 -0.159956 0.034393
1520616954.715727091 6.505480 -6.944725 1.500870 -0.282490 0.943874 -0.169196 0.025957
1520616954.765727997 6.522625 -6.958259 1.456777 -0.307788 0.934888 -0.174889 0.025795
1520616954.815730095 6.543117 -6.969092 1.411115 -0.330583 0.926345 -0.177826 0.031272
1520616954.865732193 6.567002 -6.974174 1.366720 -0.357264 0.915767 -0.179299 0.039813
1520616954.915733099 6.592730 -6.974998 1.321708 -0.380727 0.906055 -0.176523 0.054329
1520616954.966292620 6.618375 -6.976612 1.278934 -0.398083 0.898812 -0.167871 0.074074
1520616955.016293764 6.647641 -6.969278 1.235456 -0.409207 0.893343 -0.159052 0.095860
1520616955.066295624 6.673365 -6.958150 1.194075 -0.415634 0.888671 -0.151917 0.120144
1520616955.116297483 6.704517 -6.940766 1.145269 -0.413779 0.886358 -0.147119 0.146669
1520616955.166298628 6.738540 -6.932133 1.098563 -0.400671 0.886506 -0.141727 0.182988
1520616955.216299534 6.775137 -6.926092 1.046337 -0.372679 0.890539 -0.138113 0.221304
1520616955.266301632 6.806691 -6.944529 1.012238 -0.346353 0.893538 -0.132433 0.253163
1520616955.316306591 6.839094 -6.961318 0.980278 -0.318103 0.897558 -0.124505 0.278744
1520616955.366151810 6.868225 -6.965963 0.939955 -0.288065 0.903103 -0.115335 0.296852
1520616955.416152954 6.901400 -6.975591 0.900667 -0.257406 0.911423 -0.099251 0.305285
1520616955.466153860 6.922591 -6.993670 0.866893 -0.225563 0.920649 -0.070466 0.310742
1520616955.516155720 6.936456 -6.997767 0.822829 -0.187116 0.931151 -0.048918 0.309115
1520616955.566157818 6.923759 -6.999614 0.772463 -0.155848 0.939701 -0.031516 0.302786
1520616955.616158724 6.933513 -7.005955 0.714389 -0.124237 0.949441 -0.035903 0.286073
1520616955.666159868 6.939726 -7.010097 0.659100 -0.094825 0.958102 -0.046560 0.266235
1520616955.716161966 6.940043 -7.005571 0.567342 -0.073876 0.965306 -0.065052 0.241858
1520616955.766162872 7.065297 -7.030936 0.554990 -0.033892 0.977115 -0.077681 0.195099
1520616955.816668272 7.065430 -7.033572 0.493941 -0.012394 0.983125 -0.094464 0.156168
1520616955.866670132 7.063657 -7.040310 0.419591 0.003518 0.988002 -0.112988 0.105232
1520616955.916671038 7.035442 -7.095983 0.410798 0.012025 0.992387 -0.112723 0.048135
1520616955.966673136 7.045501 -7.123524 0.354518 0.016994 0.991784 -0.125055 -0.020923
1520616956.016674042 7.017036 -7.147833 0.309792 0.016499 0.987476 -0.135840 -0.078522
1520616956.066676140 6.981997 -7.190021 0.292868 0.013745 0.982179 -0.135186 -0.129849
1520616956.116677284 6.981323 -7.249691 0.240530 0.010598 0.972797 -0.138168 -0.185645
1520616956.166679144 6.946343 -7.242112 0.186227 -0.011528 0.960772 -0.151398 -0.232083
1520616956.217822075 6.856277 -7.262524 0.185900 -0.044882 0.950610 -0.161120 -0.261472
1520616956.267823935 6.845442 -7.293724 0.122371 -0.074134 0.933869 -0.174473 -0.303235
1520616956.317826033 6.809819 -7.304065 0.070081 -0.105896 0.915643 -0.195333 -0.335005
1520616956.367828131 6.793299 -7.351541 0.040526 -0.140636 0.896757 -0.208607 -0.364050
1520616956.417829037 6.770123 -7.395109 0.013173 -0.178602 0.874518 -0.215476 -0.396094
1520616956.467830181 6.749877 -7.420666 -0.019646 -0.213897 0.851978 -0.219038 -0.424741
1520616956.517832041 6.717685 -7.439479 -0.050195 -0.247022 0.832348 -0.216701 -0.446337
1520616956.567833900 6.689178 -7.476290 -0.076658 -0.272108 0.819111 -0.204445 -0.461753
1520616956.616280079 6.720966 -7.552537 -0.094758 -0.285877 0.815994 -0.163525 -0.475065
1520616956.666282415 6.674698 -7.563298 -0.115010 -0.298739 0.817017 -0.145173 -0.471342
1520616956.716284275 6.632333 -7.574963 -0.147224 -0.290208 0.825670 -0.127123 -0.466785
1520616956.766286135 6.600946 -7.605641 -0.174490 -0.267250 0.838826 -0.107709 -0.461896
1520616956.816287279 6.572517 -7.629267 -0.194119 -0.245062 0.846279 -0.098120 -0.462741
1520616956.866288185 6.535187 -7.659830 -0.216586 -0.223060 0.850319 -0.105339 -0.464871
1520616956.916289091 6.502369 -7.703876 -0.236466 -0.194495 0.853563 -0.125557 -0.466731
1520616956.966292381 6.454084 -7.736680 -0.256827 -0.169297 0.848337 -0.158505 -0.475961
1520616957.016060829 6.408807 -7.763688 -0.284601 -0.139518 0.837349 -0.196113 -0.490838
1520616957.066062689 6.317801 -7.764765 -0.313991 0.116124 -0.816734 0.247868 0.507958
1520616957.116064548 6.265517 -7.800055 -0.323070 0.079689 -0.794283 0.284364 0.530944
1520616957.166065693 6.214759 -7.857537 -0.293779 0.035035 -0.773123 0.309279 0.552630
1520616957.216067791 6.161446 -7.870884 -0.298845 -0.006458 -0.745903 0.338498 0.573590
1520616957.266068459 6.111755 -7.892698 -0.286329 -0.037952 -0.720080 0.355541 0.594672
1520616957.316070795 6.065320 -7.912667 -0.270209 -0.061058 -0.695297 0.368671 0.613934
1520616957.366071701 6.006504 -7.931868 -0.265366 -0.075175 -0.666993 0.386849 0.632311
1520616957.416187763 5.955791 -7.952619 -0.245314 -0.081776 -0.639865 0.401368 0.650223
1520616957.466189861 5.904870 -7.969919 -0.227285 -0.082016 -0.609898 0.408223 0.674278
1520616957.516190767 5.855546 -7.985401 -0.199691 -0.084433 -0.578926 0.404237 0.703071
1520616957.566192627 5.801777 -7.998128 -0.175574 -0.083554 -0.541877 0.393867 0.737738
1520616957.616193771 5.756830 -8.004119 -0.140312 -0.078483 -0.506528 0.383411 0.768287
1520616957.666195869 5.702614 -8.033116 -0.088256 -0.071012 -0.470149 0.378014 0.794369
1520616957.716197014 5.656109 -8.042311 -0.056717 -0.051851 -0.432004 0.366469 0.822426
1520616957.766198874 5.653552 -8.058601 -0.030481 -0.033700 -0.400826 0.363007 0.840493
1520616957.816199780 5.612681 -8.077355 0.007781 0.004725 -0.370861 0.351291 0.859671
1520616957.867722511 5.521787 -8.122841 0.051062 0.057678 -0.333862 0.335424 0.879034
1520616957.917724609 5.482714 -8.144569 0.087739 0.104246 -0.316619 0.317265 0.887822
1520616957.967725754 5.426819 -8.160977 0.118769 0.145351 -0.305858 0.295598 0.893278
1520616958.017727613 5.384441 -8.192025 0.142189 0.166141 -0.305497 0.269639 0.897978
1520616958.067729473 5.340674 -8.219827 0.167751 0.175809 -0.310525 0.240905 0.902569
1520616958.117730618 5.288655 -8.246012 0.188113 0.179861 -0.314478 0.212620 0.907495
1520616958.167732477 5.240251 -8.276045 0.204013 0.175336 -0.323271 0.192747 0.909726
1520616958.217733383 5.190375 -8.304379 0.213547 0.176127 -0.337532 0.180864 0.906830
1520616958.267894983 5.137040 -8.320499 0.227601 0.183640 -0.355343 0.168010 0.900989
1520616958.317895889 5.099805 -8.349545 0.258312 0.187266 -0.383023 0.157209 0.890792
1520616958.367897749 5.044508 -8.368367 0.271061 0.191773 -0.401694 0.144000 0.883815
1520616958.417899847 4.979940 -8.385458 0.291197 0.192508 -0.419536 0.131505 0.877289
1520616958.467900753 4.852144 -8.382745 0.151750 0.183884 -0.417954 0.131818 0.879844
1520616958.517901659 4.790451 -8.413466 0.116346 0.160228 -0.439393 0.137370 0.873150
1520616958.567903757 4.684814 -8.410738 0.048719 0.141930 -0.453955 0.158412 0.865266
1520616958.617905855 4.647179 -8.431678 0.067852 0.122316 -0.488469 0.180132 0.844979
1520616958.668426514 4.623589 -8.383138 0.192144 0.126400 -0.529268 0.196287 0.815702
1520616958.718428850 4.574491 -8.446811 0.181961 0.100752 -0.550452 0.225146 0.797597
1520616958.768429756 4.540678 -8.474878 0.185563 0.078660 -0.568036 0.251078 0.779812
1520616958.818431616 4.505567 -8.491469 0.209852 0.062503 -0.582514 0.279962 0.760521
1520616958.868432760 4.458474 -8.508862 0.231930 0.046357 -0.588582 0.310592 0.744953
1520616958.918524742 4.400577 -8.538191 0.235671 0.028929 -0.582606 0.340886 0.737245
1520616958.968435764 4.346540 -8.565207 0.272375 0.008998 -0.573375 0.367170 0.732357
1520616959.018437624 4.277639 -8.580071 0.310592 -0.010983 -0.555249 0.390670 0.734136
1520616959.068471909 4.261419 -8.577630 0.354229 -0.035011 -0.535527 0.402665 0.741516
1520616959.118472815 4.211867 -8.603478 0.385135 -0.062319 -0.505738 0.409945 0.756499
1520616959.168474674 4.142145 -8.633298 0.410489 -0.085405 -0.468827 0.415875 0.774568
1520616959.218475819 4.099433 -8.657117 0.460099 -0.105777 -0.432369 0.411213 0.795470
1520616959.268477678 4.050277 -8.678083 0.490246 -0.120074 -0.387248 0.405301 0.819360
1520616959.318479061 4.014250 -8.679039 0.546051 -0.118953 -0.341900 0.394311 0.844674
1520616959.368480921 3.993137 -8.688235 0.610116 -0.111291 -0.300658 0.373500 0.870469
1520616959.418481827 3.967165 -8.702645 0.657607 -0.097927 -0.262484 0.351198 0.893405
1520616959.467776537 3.939886 -8.727143 0.695671 -0.086853 -0.238243 0.331159 0.908862
1520616959.517778873 3.905405 -8.734029 0.755786 -0.067659 -0.227615 0.303510 0.922765
1520616959.567779779 3.846989 -8.734046 0.808990 -0.043733 -0.221197 0.274617 0.934743
1520616959.617781639 3.797863 -8.749980 0.851703 -0.018880 -0.223079 0.241658 0.944182
1520616959.667782784 3.763817 -8.774336 0.899241 0.009809 -0.233643 0.206125 0.950172
1520616959.717784643 3.728141 -8.802511 0.946553 0.043268 -0.247797 0.171318 0.952562
1520616959.767785549 3.688434 -8.835265 0.983146 0.076954 -0.261921 0.137900 0.952081
1520616959.817787647 3.651888 -8.874018 1.012768 0.109565 -0.283157 0.110108 0.946411
1520616959.867023230 3.607615 -8.911340 1.038573 0.139180 -0.309503 0.092289 0.936120
1520616959.917025089 3.570108 -8.941789 1.073385 0.168949 -0.342275 0.078523 0.920944
1520616959.967025995 3.518661 -8.971434 1.098258 0.192898 -0.371778 0.071090 0.905272
1520616960.017028093 3.459963 -8.998260 1.112697 0.205075 -0.403314 0.075926 0.888548
1520616960.067028999 3.408568 -9.021866 1.139447 0.216433 -0.439192 0.086435 0.867638
1520616960.117031097 3.358075 -9.042499 1.164798 0.219012 -0.473030 0.099554 0.847564
1520616960.167033195 3.300253 -9.067003 1.190509 0.217500 -0.504484 0.118248 0.827168
1520616960.217033148 3.248120 -9.098761 1.208371 0.204147 -0.532347 0.142448 0.809098
1520616960.267035007 3.201733 -9.121614 1.226275 0.183724 -0.558769 0.173718 0.789838
1520616960.316322327 3.126894 -9.126800 1.283114 0.170920 -0.577654 0.208304 0.770527
1520616960.366324663 3.080589 -9.160948 1.311270 0.147487 -0.584452 0.238569 0.761412
1520616960.416325569 3.036218 -9.186828 1.336579 0.126308 -0.580112 0.267143 0.759046
1520616960.466327429 2.982540 -9.213564 1.371802 0.102256 -0.574053 0.299051 0.755364
1520616960.516328573 2.931624 -9.198628 1.440499 0.080358 -0.562267 0.324123 0.756533
1520616960.566392422 2.883157 -9.205493 1.486528 0.049210 -0.546668 0.349410 0.759372
1520616960.616331577 2.843536 -9.232252 1.525459 0.013449 -0.525972 0.371021 0.765190
1520616960.666333437 2.800808 -9.249120 1.583054 -0.014491 -0.502045 0.388760 0.772403
1520616960.717009783 2.753045 -9.260220 1.619906 -0.034633 -0.473354 0.402941 0.782544
1520616960.767011642 2.701759 -9.268991 1.673172 -0.045913 -0.441612 0.411125 0.796145
1520616960.817012787 2.660884 -9.272307 1.726397 -0.053349 -0.406153 0.410799 0.814517
1520616960.867014647 2.606600 -9.288796 1.792073 -0.056045 -0.374194 0.403243 0.833206
1520616960.917015553 2.579556 -9.303977 1.842118 -0.053272 -0.342821 0.387122 0.854268
1520616960.967017889 2.543101 -9.324495 1.898680 -0.042932 -0.316009 0.365415 0.874509
1520616961.017018795 2.504629 -9.348343 1.944230 -0.029691 -0.293319 0.339892 0.893060
1520616961.067020655 2.473852 -9.370869 1.998911 -0.014494 -0.281870 0.308392 0.908424
1520616961.121177912 2.437617 -9.393268 2.042524 0.003749 -0.270207 0.271717 0.923658
1520616961.171178818 2.418197 -9.410502 2.061815 0.021243 -0.263726 0.241011 0.933762
1520616961.221180677 2.373512 -9.408374 2.102679 0.046900 -0.260451 0.216453 0.939741
1520616961.271181822 2.425816 -9.468221 2.117444 0.060946 -0.267117 0.183070 0.944150
1520616961.321183920 2.375214 -9.469661 2.150472 0.089819 -0.272053 0.146796 0.946769
1520616961.371185780 2.331074 -9.495020 2.182569 0.105756 -0.287005 0.108204 0.945905
1520616961.421186924 2.285538 -9.537102 2.199941 0.112819 -0.303506 0.072947 0.943310
1520616961.471188784 2.246276 -9.548990 2.239485 0.117923 -0.338333 0.056139 0.931919
1520616961.523094416 2.195770 -9.575873 2.264553 0.120536 -0.380790 0.054478 0.915152
1520616961.573096514 2.157179 -9.586656 2.300177 0.122765 -0.427612 0.071555 0.892724
1520616961.623098373 2.099411 -9.620834 2.336237 0.122518 -0.469400 0.097229 0.869022
1520616961.673099279 2.046620 -9.662697 2.359823 0.123090 -0.504130 0.132761 0.844439
1520616961.723101616 1.996251 -9.670571 2.396826 0.129699 -0.531112 0.170113 0.819854
1520616961.773102522 1.961613 -9.695712 2.391926 0.136732 -0.546507 0.205709 0.800199
1520616961.823104382 1.962142 -9.715816 2.415442 0.133734 -0.564762 0.241779 0.777626
1520616961.873105526 1.917677 -9.742244 2.455721 0.121480 -0.573036 0.273536 0.762923
1520616961.923438072 1.857275 -9.773723 2.477060 0.099668 -0.576787 0.301441 0.752673
1520616961.973438978 1.790628 -9.821417 2.467412 0.069333 -0.576301 0.322746 0.747600
1520616962.023441315 1.737383 -9.848991 2.489930 0.037798 -0.573199 0.341547 0.743882
1520616962.073442221 1.701771 -9.860065 2.519192 0.006766 -0.563362 0.365441 0.740966
1520616962.123444080 1.661541 -9.870916 2.549460 -0.023000 -0.541853 0.391714 0.743254
1520616962.173445225 1.629446 -9.809375 2.682406 -0.041426 -0.518820 0.413385 0.747143
1520616962.223482132 1.599714 -9.812538 2.729191 -0.065359 -0.480643 0.435721 0.758194
1520616962.273448944 1.556868 -9.821383 2.785780 -0.082223 -0.435526 0.451570 0.774365
1520616962.323450089 1.510826 -9.761259 2.765313 -0.083351 -0.387631 0.462756 0.792875
1520616962.374007702 1.475657 -9.757685 2.820345 -0.098939 -0.334147 0.473566 0.808883
1520616962.424008608 1.452044 -9.770544 2.874088 -0.117042 -0.274474 0.478313 0.825943
1520616962.474010468 1.441864 -9.781783 2.925826 -0.130870 -0.215349 0.482800 0.838691
1520616962.524011612 1.409622 -9.758669 2.998692 -0.135532 -0.152083 0.484264 0.850876
1520616962.574013472 1.437441 -9.815091 3.033837 -0.152800 -0.086814 0.477514 0.860869
1520616962.624014378 1.436277 -9.818598 3.091545 -0.152571 -0.026121 0.467242 0.870474
1520616962.674016714 1.433164 -9.814813 3.148774 -0.148494 0.030338 0.445645 0.882287
1520616962.724018574 1.447582 -9.820980 3.196193 -0.145717 0.076953 0.414075 0.895202
1520616962.770084620 1.441790 -9.809849 3.246137 -0.137330 0.113429 0.385990 0.905144
1520616962.820086718 1.441319 -9.800609 3.301656 -0.126440 0.141068 0.353942 0.915881
1520616962.870088816 1.451960 -9.807145 3.352270 -0.117647 0.161891 0.317769 0.926808
1520616962.920089722 1.473102 -9.805372 3.406486 -0.106836 0.176055 0.283531 0.936590
1520616962.970090866 1.494868 -9.823229 3.456227 -0.096189 0.184038 0.250825 0.945497
1520616963.020092726 1.509701 -9.817472 3.503757 -0.087836 0.187145 0.216755 0.954085
1520616963.070094585 1.526853 -9.835184 3.551172 -0.091962 0.188403 0.187359 0.959658
1520616963.120095730 1.547403 -9.826453 3.594021 -0.095321 0.180572 0.155613 0.966485
1520616963.166457891 1.550251 -9.815202 3.640699 -0.100120 0.171322 0.135931 0.970643
1520616963.216459036 1.558543 -9.810345 3.676244 -0.109162 0.154394 0.122050 0.974346
1520616963.266462088 1.573810 -9.797675 3.711560 -0.116677 0.133496 0.107149 0.978307
1520616963.316462994 1.594013 -9.828329 3.756147 -0.128530 0.114299 0.102899 0.979708
1520616963.366464138 1.599585 -9.830468 3.796169 -0.132455 0.098025 0.106973 0.980512
1520616963.416465998 1.625581 -9.869830 3.833454 -0.134146 0.075829 0.124787 0.980144
1520616963.466467857 1.611920 -9.877435 3.894088 -0.121577 0.064816 0.148412 0.979281
1520616963.516469002 1.613753 -9.877891 3.950680 -0.104986 0.050678 0.176891 0.977302
1520616963.565768242 1.614678 -9.895535 4.002153 -0.090680 0.039551 0.211314 0.972399
1520616963.615774393 1.612433 -9.905609 4.059026 -0.077007 0.029414 0.245978 0.965764
1520616963.665772200 1.613445 -9.903667 4.105873 -0.063892 0.016088 0.277553 0.958448
1520616963.715773344 1.621552 -9.909587 4.157422 -0.052420 0.004177 0.311888 0.948662
1520616963.765775204 1.633478 -9.918690 4.207023 -0.040491 -0.005218 0.348837 0.936294
1520616963.815776110 1.646988 -9.933703 4.242757 -0.035677 -0.023237 0.384261 0.922242
1520616963.865787268 1.637933 -9.936088 4.284887 -0.031381 -0.042388 0.417424 0.907180
1520616963.915779114 1.641091 -9.921149 4.328586 -0.030461 -0.073411 0.446243 0.891375
1520616963.965762615 1.632021 -9.928947 4.371465 -0.033247 -0.109473 0.469115 0.875695
1520616964.015763760 1.622522 -9.927936 4.409380 -0.033232 -0.152701 0.481459 0.862424
1520616964.065765619 1.629672 -9.920893 4.437693 -0.028547 -0.200105 0.486708 0.849858
1520616964.115766525 1.621679 -9.922776 4.470098 -0.018709 -0.247891 0.486542 0.837542
1520616964.165768862 1.593872 -9.854693 4.525417 0.012121 -0.300755 0.476328 0.826143
1520616964.215769768 1.567469 -9.848175 4.563293 0.031138 -0.344036 0.454841 0.820847
1520616964.265771627 1.560353 -9.850849 4.600501 0.040482 -0.388201 0.433810 0.812078
1520616964.315773726 1.542807 -9.858889 4.645533 0.046671 -0.425348 0.412632 0.804136
1520616964.367578506 1.517960 -9.842933 4.671102 0.057688 -0.456931 0.392206 0.796280
1520616964.417580605 1.482788 -9.882022 4.712338 0.052795 -0.480079 0.383739 0.787071
1520616964.467581511 1.399694 -9.933938 4.732966 0.051793 -0.501196 0.363924 0.783377
1520616964.517583370 1.371281 -9.927130 4.773243 0.059736 -0.530052 0.351681 0.769284
1520616964.567584515 1.365882 -9.948110 4.845176 0.054621 -0.560816 0.334979 0.755176
1520616964.617586613 1.267734 -9.886815 4.828263 0.081916 -0.571293 0.321116 0.750866
1520616964.667588472 1.235408 -9.887381 4.866560 0.091416 -0.588190 0.309241 0.741650
1520616964.717589617 1.190877 -9.856619 4.933292 0.110169 -0.606272 0.296818 0.729518
1520616964.767591476 1.170661 -9.888262 4.955600 0.116306 -0.624246 0.287528 0.717019
1520616964.819689035 1.145756 -9.891490 4.942805 0.129672 -0.636516 0.278497 0.707440
1520616964.869689941 1.127002 -9.905398 4.975562 0.138894 -0.656886 0.270264 0.690048
1520616964.919692039 1.096122 -9.922942 4.999083 0.148207 -0.673503 0.267596 0.672920
1520616964.969694138 1.085808 -10.015983 5.036769 0.143269 -0.695485 0.258649 0.654886
1520616965.019695044 1.041718 -10.015746 5.063238 0.160344 -0.711672 0.250236 0.636549
1520616965.069696188 0.995236 -10.015408 5.091298 0.169669 -0.728709 0.245444 0.616403
1520616965.119698048 0.964797 -10.026790 5.106938 0.177689 -0.741648 0.237777 0.601537
1520616965.169698954 0.920457 -10.043138 5.116003 0.184953 -0.755212 0.230034 0.585262
1520616965.221404552 0.900345 -10.058816 5.131600 0.190680 -0.771002 0.222919 0.565247
1520616965.271406651 0.864683 -10.083846 5.142309 0.189790 -0.786920 0.217990 0.545176
1520616965.321407557 0.839040 -10.101768 5.142608 0.183685 -0.804997 0.217928 0.520334
1520616965.371409416 0.812359 -10.126469 5.112576 0.174454 -0.819058 0.220135 0.500250
1520616965.421410561 0.812219 -10.153825 5.096411 -0.170205 0.836157 -0.216922 -0.474148
1520616965.471412659 0.849552 -10.142213 5.089577 -0.166363 0.854622 -0.210199 -0.444702
1520616965.521413803 0.798953 -10.161522 5.093108 -0.168197 0.869912 -0.210021 -0.413345
1520616965.571415663 0.800678 -10.164771 5.079686 -0.170253 0.881655 -0.205805 -0.389028
1520616965.624039173 0.749311 -10.244680 5.055797 -0.167350 0.889018 -0.205653 -0.373294
1520616965.674041510 0.712713 -10.254967 5.029511 -0.170341 0.891657 -0.212121 -0.361852
1520616965.724042416 0.677455 -10.284957 5.020483 -0.174200 0.894539 -0.216786 -0.349941
1520616965.774044275 0.659306 -10.293419 5.037779 -0.180593 0.897291 -0.223489 -0.335122
1520616965.824045420 0.696626 -10.260012 4.972714 -0.179002 0.895081 -0.240072 -0.330384
1520616965.874047279 0.667542 -10.280447 4.953687 -0.177058 0.898486 -0.248352 -0.315745
1520616965.924049139 0.647848 -10.322069 4.935209 -0.168539 0.901937 -0.252484 -0.307175
1520616965.974050283 0.619465 -10.338791 4.901928 -0.154295 0.903363 -0.260552 -0.303712
1520616966.024121523 0.583185 -10.376403 4.886577 -0.135831 0.903550 -0.267060 -0.306312
1520616966.074122667 0.536655 -10.401062 4.861832 -0.119026 0.901139 -0.277875 -0.310753
1520616966.124124527 0.486147 -10.423675 4.841509 -0.105239 0.896650 -0.293419 -0.314404
1520616966.174125671 0.432633 -10.451350 4.824416 -0.095474 0.890430 -0.311944 -0.317347
1520616966.224127531 0.383085 -10.483385 4.805156 -0.087063 0.884099 -0.331844 -0.317283
1520616966.274129391 0.333025 -10.520517 4.795200 -0.082856 0.875833 -0.349474 -0.322365
1520616966.324130774 0.269384 -10.554670 4.800144 -0.077920 0.865903 -0.367546 -0.330227
1520616966.374132633 0.236734 -10.591462 4.778054 -0.061399 0.855200 -0.385286 -0.341200
1520616966.424133539 0.196179 -10.626862 4.787998 -0.043510 0.847651 -0.403414 -0.341837
1520616966.474135637 0.155384 -10.672026 4.799320 -0.027838 0.835776 -0.422044 -0.350117
1520616966.524137497 0.113792 -10.721893 4.809764 -0.010565 0.821085 -0.444756 -0.357631
1520616966.574138403 0.051932 -10.756649 4.815179 0.001365 0.803452 -0.468090 -0.367906
1520616966.624139547 -0.009615 -10.784833 4.818802 0.008707 0.786016 -0.486129 -0.381812
1520616966.674142599 -0.053387 -10.815187 4.829053 0.016188 0.770486 -0.497160 -0.398650
1520616966.724143505 -0.107156 -10.853026 4.847996 0.021450 0.756559 -0.504561 -0.415423
1520616966.774145603 -0.158789 -10.891482 4.859907 0.028064 0.742101 -0.510555 -0.433397
1520616966.823094368 -0.218331 -10.919395 4.874013 0.031837 0.725224 -0.515913 -0.454830
1520616966.873099327 -0.282733 -10.954532 4.894354 0.034358 0.703734 -0.522267 -0.480433
1520616966.923097372 -0.330044 -10.994172 4.917295 -0.034941 -0.681235 0.528763 0.505082
1520616966.973099470 -0.388318 -11.037021 4.932091 -0.034643 -0.653668 0.536025 0.533099
1520616967.023100138 -0.433473 -11.067570 4.981183 -0.034070 -0.626300 0.536627 0.564464
1520616967.073102474 -0.489349 -11.095229 5.018363 -0.037232 -0.592485 0.540332 0.596336
1520616967.123103380 -0.532727 -11.132385 5.066763 -0.046363 -0.555658 0.542371 0.628433
1520616967.173105240 -0.580544 -11.161360 5.106218 -0.055769 -0.516783 0.543083 0.659460
1520616967.223106384 -0.637551 -11.208730 5.134982 -0.070356 -0.471088 0.545704 0.689444
1520616967.270091057 -0.681215 -11.205139 5.201879 -0.077712 -0.440451 0.542449 0.711135
1520616967.320091963 -0.733825 -11.172135 5.265754 -0.076782 -0.403166 0.537523 0.736635
1520616967.370094061 -0.777834 -11.174539 5.319386 -0.074991 -0.362024 0.533626 0.760630
1520616967.420094967 -0.826860 -11.182976 5.375239 -0.067204 -0.325210 0.532083 0.778851
1520616967.470097065 -0.877821 -11.199331 5.426776 -0.061348 -0.294744 0.533076 0.790691
1520616967.520099163 -0.890845 -11.233446 5.493227 -0.058275 -0.268651 0.510727 0.814609
1520616967.570100069 -0.925279 -11.186655 5.534461 -0.046005 -0.249324 0.490320 0.833851
1520616967.620101929 -0.942568 -11.215232 5.568224 -0.043533 -0.225180 0.469125 0.852831
1520616967.668639660 -0.962632 -11.229108 5.590548 -0.036891 -0.206433 0.451577 0.867239
1520616967.718641520 -0.984623 -11.236463 5.624491 -0.021854 -0.189807 0.429966 0.882397
1520616967.768642426 -1.019729 -11.239377 5.646939 -0.002307 -0.172380 0.407065 0.896983
1520616967.818644524 -1.057692 -11.240738 5.670361 0.021122 -0.157294 0.385763 0.908845
1520616967.868646383 -1.129011 -11.231988 5.734664 0.048984 -0.147234 0.363444 0.918603
1520616967.918647289 -1.155523 -11.248044 5.794514 0.071048 -0.138628 0.339740 0.927530
1520616967.968649626 -1.168924 -11.314894 5.842644 0.075574 -0.137216 0.315020 0.936068
1520616968.018650532 -1.196145 -11.341197 5.886107 0.077021 -0.138638 0.293835 0.942607
1520616968.068082809 -1.227852 -11.361082 5.928552 0.075755 -0.140959 0.272518 0.948749
1520616968.118083954 -1.256855 -11.398589 5.954832 0.074636 -0.142082 0.247460 0.955513
1520616968.168085814 -1.295651 -11.413537 5.957304 0.073708 -0.146493 0.230031 0.959267
1520616968.218087673 -1.306269 -11.439988 6.009004 0.086324 -0.157832 0.208680 0.961296
1520616968.268088818 -1.327522 -11.472694 6.035086 0.097102 -0.167671 0.196431 0.961183
1520616968.318090916 -1.356506 -11.501989 6.069858 0.110236 -0.180912 0.192241 0.958208
1520616968.368092775 -1.388775 -11.529458 6.107982 0.123859 -0.196772 0.191082 0.953639
1520616968.418093920 -1.426596 -11.547233 6.146232 0.140615 -0.212099 0.184897 0.949239
1520616968.468092203 -1.504349 -11.574187 6.205925 0.160478 -0.225021 0.176691 0.944665
1520616968.518093348 -1.576153 -11.612701 6.247412 0.178922 -0.242693 0.169005 0.938362
1520616968.568095446 -1.635864 -11.629653 6.270936 0.201817 -0.259585 0.160230 0.930705
1520616968.618096113 -1.686471 -11.652939 6.300107 0.225553 -0.279161 0.149606 0.921310
1520616968.668099403 -1.742693 -11.659467 6.313056 0.245400 -0.302819 0.139686 0.910257
1520616968.718099356 -1.765909 -11.715855 6.327625 0.258075 -0.337295 0.124015 0.896800
1520616968.768101215 -1.792591 -11.768793 6.343938 0.268314 -0.375441 0.107776 0.880588
1520616968.818102360 -1.832652 -11.832417 6.363559 0.275667 -0.413059 0.090565 0.863243
1520616968.868914127 -1.903613 -11.842424 6.369380 0.285356 -0.443122 0.081174 0.845947
1520616968.918833017 -1.973614 -11.854584 6.370202 0.298835 -0.467238 0.071113 0.829053
1520616968.968834877 -2.040966 -11.869866 6.390241 0.319054 -0.488877 0.062834 0.809479
1520616969.018836021 -2.090672 -11.901118 6.391029 0.335143 -0.513444 0.056450 0.787951
1520616969.068837881 -2.147590 -11.940436 6.382037 0.352795 -0.533492 0.056323 0.766649
1520616969.118839979 -2.187503 -11.974919 6.378198 0.366843 -0.555046 0.055545 0.744489
1520616969.168841124 -2.186659 -12.088218 6.320566 0.370320 -0.577908 0.048606 0.725620
1520616969.218842983 -2.215015 -12.150710 6.306539 0.372454 -0.601447 0.045833 0.705293
1520616969.268844128 -2.260966 -12.182156 6.293300 0.375595 -0.621729 0.047461 0.685659
1520616969.321067095 -2.321832 -12.217246 6.276662 0.378283 -0.639812 0.054061 0.666799
1520616969.371068001 -2.373967 -12.249785 6.263280 0.379313 -0.658009 0.061216 0.647610
1520616969.421069860 -2.434049 -12.263326 6.230604 0.375243 -0.680038 0.070793 0.625883
1520616969.471072197 -2.492286 -12.300478 6.215900 0.371624 -0.701005 0.075488 0.603978
1520616969.521073103 -2.572782 -12.293478 6.221427 0.374047 -0.717468 0.083144 0.581735
1520616969.571074963 -2.617735 -12.332170 6.206850 0.371816 -0.736222 0.081747 0.559507
1520616969.621077061 -2.677564 -12.349002 6.188006 0.375715 -0.752227 0.082525 0.534960
1520616969.671077967 -2.710850 -12.385441 6.166873 0.380868 -0.766715 0.080916 0.510432
1520616969.720777988 -2.747339 -12.412121 6.145543 -0.388100 0.781298 -0.081626 -0.481964
1520616969.770780325 -2.796255 -12.425912 6.107551 -0.397712 0.792955 -0.085736 -0.453537
1520616969.820782185 -2.834319 -12.413118 6.052627 -0.403622 0.804694 -0.087336 -0.426532
1520616969.870784044 -2.863957 -12.457986 6.026933 -0.405805 0.823999 -0.080307 -0.387167
1520616969.920785189 -2.897718 -12.486193 5.983649 -0.412819 0.836502 -0.074679 -0.352516
1520616969.970786095 -2.924632 -12.482986 5.946588 -0.421991 0.843878 -0.072402 -0.323343
1520616970.020787954 -2.948935 -12.509271 5.916929 -0.432356 0.848176 -0.064531 -0.299168
1520616970.070790291 -2.985083 -12.527642 5.880966 -0.439199 0.852161 -0.060038 -0.278067
1520616970.119721889 -2.994449 -12.535704 5.833494 -0.439850 0.856876 -0.056580 -0.262858
1520616970.169722795 -3.024230 -12.555474 5.782738 -0.441360 0.861644 -0.057061 -0.243957
1520616970.219723701 -3.058201 -12.580592 5.759939 -0.445226 0.867077 -0.054408 -0.216777
1520616970.269725800 -3.064315 -12.584583 5.700807 -0.446331 0.870816 -0.057560 -0.197877
1520616970.319726706 -3.089165 -12.600904 5.660482 -0.455505 0.872737 -0.057430 -0.165973
1520616970.369728565 -3.066349 -12.641286 5.649647 -0.459611 0.876929 -0.044918 -0.133174
1520616970.419730902 -3.073911 -12.656572 5.617355 -0.466651 0.877604 -0.041424 -0.101649
1520616970.469731569 -3.075626 -12.683753 5.596645 -0.468734 0.880171 -0.032490 -0.067312
1520616970.519141674 -3.072165 -12.742226 5.575738 -0.467102 0.883502 -0.014885 -0.031915
1520616970.569087505 -3.013762 -12.743907 5.569022 -0.461633 0.887019 0.006661 -0.006977
1520616970.619088650 -3.010901 -12.752262 5.553115 -0.461564 0.886167 0.021985 0.034398
1520616970.669090748 -3.036454 -12.729274 5.522586 -0.464139 0.881793 0.027831 0.078999
1520616970.719092607 -3.045591 -12.731099 5.514196 -0.464150 0.876124 0.041502 0.123490
1520616970.769093752 -3.043838 -12.714545 5.508687 -0.464030 0.868270 0.054146 0.166885
1520616970.819095612 -3.041482 -12.712152 5.508086 -0.466179 0.856710 0.068516 0.209836
1520616970.869096756 -3.045702 -12.708938 5.509313 -0.464471 0.843994 0.081423 0.255560
1520616970.919779539 -3.044850 -12.700506 5.510667 -0.463816 0.826999 0.095718 0.302963
1520616970.969780684 -3.031667 -12.695040 5.527534 -0.468831 0.804466 0.108939 0.348086
1520616971.019782543 -3.018593 -12.689222 5.549906 -0.472094 0.780587 0.120795 0.391433
1520616971.069784403 -3.016337 -12.679656 5.558594 -0.472378 0.752508 0.136107 0.438252
1520616971.119785547 -2.980359 -12.745996 5.568698 -0.482178 0.715671 0.159080 0.479597
1520616971.169787407 -2.925301 -12.682382 5.501749 -0.473637 0.677008 0.164095 0.538889
1520616971.219788551 -2.910839 -12.689240 5.503252 -0.471643 0.642037 0.178021 0.577625
1520616971.269790649 -2.915661 -12.636155 5.669198 -0.453398 0.631181 0.201825 0.596077
1520616971.319962978 -2.896073 -12.622584 5.709066 -0.450206 0.602735 0.208364 0.624987
1520616971.369965076 -2.885982 -12.677060 5.839037 -0.451331 0.579928 0.228264 0.638654
1520616971.419965982 -2.889711 -12.720979 5.890360 -0.449435 0.552831 0.242734 0.658381
1520616971.469968081 -2.898557 -12.690181 5.936007 -0.434035 0.534101 0.251235 0.680611
1520616971.519970179 -2.885331 -12.740353 6.039246 -0.424983 0.519805 0.270661 0.689880
1520616971.569972038 -2.888191 -12.714562 6.069607 -0.411805 0.500798 0.276537 0.709327
1520616971.619972944 -2.894786 -12.679212 6.096021 -0.397980 0.482112 0.280218 0.728463
1520616971.669975042 -2.903262 -12.638582 6.123020 -0.382663 0.464273 0.284502 0.746377
1520616971.719975948 -2.897365 -12.627965 6.113885 -0.371953 0.442277 0.290835 0.762533
1520616971.769199371 -2.880020 -12.604187 6.157623 -0.355931 0.432209 0.298304 0.772996
1520616971.819200516 -2.866074 -12.583317 6.194027 -0.338682 0.421426 0.304208 0.784316
1520616971.869202614 -2.862873 -12.569662 6.213949 -0.322931 0.407651 0.307295 0.796935
1520616971.919203520 -2.856514 -12.532480 6.251627 -0.296313 0.399710 0.309400 0.810371
1520616971.969205618 -2.828475 -12.508355 6.278692 -0.271693 0.389023 0.312644 0.822860
1520616972.019207478 -2.799750 -12.488503 6.312716 -0.246954 0.378192 0.317146 0.833908
1520616972.069208384 -2.766758 -12.482189 6.329620 -0.228440 0.366907 0.323485 0.841755
1520616972.119210482 -2.737004 -12.466523 6.354478 -0.206360 0.359383 0.329820 0.848221
1520616972.170724154 -2.697926 -12.442524 6.412321 -0.181348 0.361085 0.337609 0.850147
1520616972.220695019 -2.697230 -12.452683 6.463450 -0.156799 0.364236 0.345144 0.850660
1520616972.270697117 -2.661548 -12.436330 6.488961 -0.135575 0.363336 0.348399 0.853361
1520616972.320699215 -2.624755 -12.435641 6.508884 -0.123039 0.364138 0.356412 0.851607
1520616972.370700121 -2.589253 -12.419783 6.534303 -0.109327 0.372387 0.366321 0.845686
1520616972.420702219 -2.556276 -12.396390 6.561049 -0.098317 0.386649 0.376934 0.835917
1520616972.470703125 -2.514883 -12.353686 6.539230 -0.091486 0.400805 0.387839 0.824965
1520616972.520705223 -2.502403 -12.303431 6.565406 -0.087627 0.426713 0.394422 0.809116
1520616972.572062016 -2.448311 -12.275354 6.579150 -0.090995 0.456981 0.404294 0.787042
1520616972.622064114 -2.407977 -12.243982 6.593807 -0.091569 0.490041 0.409135 0.764254
1520616972.672066212 -2.353403 -12.203777 6.587787 -0.090954 0.526834 0.408839 0.739611
1520616972.722067118 -2.279838 -12.172046 6.582335 -0.091676 0.566781 0.405205 0.711452
1520616972.772069216 -2.222107 -12.120528 6.580293 -0.090856 0.607529 0.392466 0.684561
1520616972.822070122 -2.170016 -12.089336 6.557483 -0.089961 0.643996 0.380570 0.657528
1520616972.872071981 -2.115706 -12.054942 6.526494 -0.089750 0.676786 0.370356 0.629875
1520616972.922073126 -2.066661 -12.016478 6.495493 -0.090580 0.709959 0.359183 0.598951
1520616972.970898867 -2.015613 -11.977255 6.460939 -0.088131 0.741776 0.349150 0.565769
1520616973.020900011 -1.953059 -11.921628 6.416725 -0.082167 0.771542 0.336461 0.533634
1520616973.070901871 -1.910355 -11.878216 6.371102 -0.076554 0.796904 0.324920 0.503498
1520616973.120903730 -1.864686 -11.839629 6.325384 -0.073582 0.820354 0.311983 0.473574
1520616973.170906067 -1.820133 -11.800549 6.274936 -0.072570 0.841225 0.294339 0.447703
1520616973.220906734 -1.775507 -11.760527 6.225612 -0.069819 0.857015 0.273913 0.430838
1520616973.270909071 -1.722185 -11.734974 6.178621 -0.068727 0.868558 0.256105 0.418682
1520616973.320909977 -1.687068 -11.696854 6.124482 -0.080531 0.878068 0.235044 0.408982
1520616973.369652033 -1.626355 -11.624149 6.065079 -0.088896 0.887960 0.214486 0.397015
1520616973.419653177 -1.601130 -11.590737 6.036317 -0.100971 0.893782 0.205413 0.385699
1520616973.469655037 -1.569628 -11.573044 5.965716 -0.115217 0.898883 0.195839 0.374674
1520616973.519655943 -1.541325 -11.527020 5.915322 -0.127245 0.905996 0.177363 0.362659
1520616973.569659233 -1.522287 -11.492900 5.846557 -0.138559 0.911941 0.159095 0.351930
1520616973.619660139 -1.508519 -11.450513 5.783880 -0.156857 0.917650 0.141121 0.336747
1520616973.669661045 -1.474271 -11.420529 5.710224 -0.173893 0.924296 0.118309 0.318499
1520616973.719662189 -1.448448 -11.390071 5.644334 -0.186564 0.929154 0.094899 0.304732
1520616973.772500038 -1.430194 -11.410153 5.536848 -0.207296 0.931007 0.073837 0.291209
1520616973.822506189 -1.400168 -11.381763 5.475973 -0.223629 0.934762 0.048227 0.271818
1520616973.872503042 -1.377583 -11.362924 5.417520 -0.239061 0.936900 0.030185 0.253291
1520616973.922505140 -1.350309 -11.353736 5.356716 -0.257450 0.937296 0.016646 0.234345
1520616973.972506285 -1.329365 -11.337204 5.306474 -0.280143 0.934785 0.005431 0.218327
1520616974.022508144 -1.305099 -11.315476 5.252862 -0.306936 0.929821 -0.000080 0.203033
1520616974.072509289 -1.279840 -11.327297 5.191038 -0.331548 0.924063 0.001006 0.190215
1520616974.122511148 -1.269849 -11.347620 5.157427 -0.353526 0.916220 0.005555 0.188494
1520616974.172512054 -1.250695 -11.328975 5.104446 -0.373405 0.908723 0.004331 0.186476
1520616974.223019600 -1.226524 -11.295300 5.059740 -0.393382 0.899728 0.004810 0.188991
1520616974.273021460 -1.200311 -11.271086 5.013150 -0.414040 0.888877 0.012783 0.195717
1520616974.323022604 -1.161337 -11.252943 4.972210 -0.436388 0.875250 0.026285 0.206909
1520616974.373024702 -1.110803 -11.236261 4.931559 -0.459479 0.858977 0.043027 0.221780
1520616974.423025608 -1.088395 -11.209603 4.887969 -0.476210 0.842715 0.064418 0.242706
1520616974.473027706 -1.050918 -11.183638 4.850550 -0.488968 0.826706 0.089403 0.263581
1520616974.523028612 -1.007726 -11.144005 4.830552 -0.489845 0.815046 0.121950 0.284395
1520616974.573030472 -0.969041 -11.119613 4.808817 -0.486828 0.801973 0.157925 0.308053
1520616974.623537540 -0.926885 -11.071991 4.769579 -0.484364 0.788421 0.183486 0.331838
1520616974.673539400 -0.917809 -11.020813 4.755128 -0.478853 0.778944 0.201258 0.351344
1520616974.723541260 -0.871891 -11.013436 4.733394 -0.470578 0.766977 0.224683 0.373926
1520616974.773542404 -0.825659 -10.998597 4.720909 -0.457592 0.757266 0.244714 0.396577
1520616974.823544502 -0.781320 -10.956825 4.698443 -0.438962 0.752728 0.256681 0.418124
1520616974.873546362 -0.738277 -10.908089 4.671728 -0.416719 0.749105 0.264122 0.442071
1520616974.923547506 -0.696076 -10.864070 4.635884 -0.392148 0.749441 0.266729 0.461966
1520616974.973549366 -0.634891 -10.841646 4.613692 -0.366239 0.750734 0.276256 0.475342
1520616975.024249077 -0.594635 -10.806410 4.577275 -0.338182 0.753269 0.285669 0.486428
1520616975.074251175 -0.542651 -10.788226 4.557715 -0.312186 0.756301 0.300065 0.490417
1520616975.124252319 -0.499420 -10.764079 4.527475 -0.287112 0.760350 0.313019 0.491379
1520616975.174254179 -0.464637 -10.725110 4.508254 -0.266095 0.765403 0.318987 0.491528
1520616975.224256039 -0.427563 -10.687929 4.484738 -0.244156 0.770112 0.323632 0.492521
1520616975.274257183 -0.380165 -10.651618 4.453744 -0.218828 0.775346 0.327323 0.493774
1520616975.324259281 -0.337357 -10.621908 4.413100 -0.197255 0.783147 0.325711 0.491614
1520616975.374260426 -0.308172 -10.578218 4.361905 -0.176263 0.792950 0.316293 0.490021
1520616975.424300909 -0.268323 -10.538633 4.321677 -0.156932 0.805664 0.301761 0.484993
1520616975.474306107 -0.220484 -10.506444 4.282274 -0.139816 0.817652 0.288265 0.478331
1520616975.524303913 -0.180552 -10.482892 4.231953 -0.130384 0.828655 0.276477 0.468925
1520616975.574305058 -0.139474 -10.457645 4.180378 -0.128093 0.840239 0.264488 0.455672
1520616975.624307156 -0.095863 -10.435820 4.141261 -0.121219 0.850494 0.261370 0.440059
1520616975.674307823 -0.052792 -10.419390 4.086828 -0.109639 0.859732 0.263313 0.423682
1520616975.724310160 -0.021062 -10.387444 4.047338 -0.100997 0.869937 0.261579 0.405693
1520616975.774311066 0.011667 -10.373220 3.983558 -0.092466 0.879528 0.262463 0.385998
1520616975.824274302 0.054914 -10.342139 3.944729 -0.084511 0.890691 0.256515 0.365687
1520616975.874276161 0.105243 -10.292437 3.906241 -0.082260 0.903755 0.242779 0.342810
1520616975.924277067 0.137051 -10.257291 3.849669 -0.085119 0.914957 0.225226 0.323855
1520616975.974279165 0.173509 -10.257530 3.778257 -0.092780 0.924948 0.207595 0.304578
1520616976.024280071 0.225354 -10.217253 3.727455 -0.096573 0.937907 0.180897 0.279787
1520616976.074282408 0.248719 -10.191514 3.676358 -0.110642 0.947374 0.156879 0.256183
1520616976.124283314 0.279234 -10.155819 3.622445 -0.126894 0.955910 0.131039 0.230135
1520616976.174285173 0.298436 -10.128563 3.564588 -0.143529 0.961183 0.109609 0.208594
1520616976.222925901 0.318757 -10.114112 3.513363 -0.167785 0.963302 0.087929 0.190175
1520616976.272927999 0.279856 -10.091354 3.440614 -0.186407 0.962179 0.066180 0.187307
1520616976.322930098 0.333658 -10.062776 3.400401 -0.210675 0.960705 0.044639 0.175129
1520616976.372931004 0.375752 -10.006332 3.366970 -0.229561 0.958247 0.026499 0.168409
1520616976.422933102 0.406301 -9.978991 3.322039 -0.253680 0.952032 0.016852 0.170286
1520616976.472934961 0.426952 -9.971513 3.271295 -0.281275 0.942669 0.011534 0.179237
1520616976.522935867 0.469636 -9.960347 3.241727 -0.303291 0.934173 0.009116 0.187758
1520616976.572937965 0.519745 -9.931240 3.199149 -0.319739 0.925544 0.002510 0.202801
1520616976.622938871 0.559034 -9.905204 3.165257 -0.337031 0.916272 -0.005284 0.216398
1520616976.671810627 0.608598 -9.888136 3.129641 -0.356129 0.903648 -0.006027 0.237814
1520616976.721812487 0.640306 -9.867877 3.091241 -0.368630 0.891385 -0.002140 0.263705
1520616976.771813631 0.700376 -9.836299 3.084498 -0.373665 0.883783 0.009040 0.281460
1520616976.821814537 0.782252 -9.815608 3.081453 -0.379901 0.875416 0.022895 0.297990
1520616976.871816635 0.835573 -9.780952 3.065003 -0.384569 0.867331 0.033460 0.314202
1520616976.921818733 0.897457 -9.751474 3.054809 -0.396987 0.857951 0.041004 0.323480
1520616976.971819639 0.920472 -9.724044 3.007211 -0.408931 0.843752 0.043144 0.344958
1520616977.021821499 0.943483 -9.685898 2.971096 -0.417233 0.833544 0.041140 0.359762
1520616977.070592165 0.957762 -9.652411 2.927531 -0.429007 0.823063 0.036673 0.370373
1520616977.120594025 0.977084 -9.614623 2.879183 -0.444757 0.811117 0.037660 0.377971
1520616977.170696020 1.014034 -9.583839 2.838190 -0.459859 0.803208 0.053145 0.374917
1520616977.220597029 1.010121 -9.548775 2.784269 -0.468280 0.797258 0.072575 0.373935
1520616977.270597935 1.031560 -9.501926 2.737741 -0.474180 0.794611 0.095394 0.366942
1520616977.320600271 1.045253 -9.469494 2.697977 -0.473031 0.795535 0.116281 0.360340
1520616977.370600939 1.076773 -9.452905 2.655771 -0.460479 0.801771 0.135987 0.355851
1520616977.420603037 1.107317 -9.412531 2.620343 -0.439812 0.812698 0.146008 0.353226
1520616977.469717264 1.148373 -9.381518 2.576739 -0.414946 0.825646 0.150279 0.351488
1520616977.519718409 1.195702 -9.357954 2.534719 -0.384483 0.840567 0.150689 0.350590
1520616977.569720507 1.215650 -9.330054 2.483636 -0.352221 0.854202 0.144958 0.353931
1520616977.619721651 1.249252 -9.305363 2.440778 -0.324441 0.866390 0.137314 0.353909
1520616977.669723511 1.261951 -9.287947 2.382814 -0.301934 0.876764 0.129530 0.351202
1520616977.719724417 1.291329 -9.275616 2.326837 -0.286399 0.887331 0.123849 0.339529
1520616977.769726515 1.317584 -9.270425 2.265110 -0.269713 0.898202 0.122006 0.324966
1520616977.819727421 1.342839 -9.256887 2.203039 -0.257242 0.908735 0.118196 0.306686
1520616977.868643761 1.362279 -9.241613 2.147120 -0.247267 0.918199 0.112124 0.288439
1520616977.918645859 1.378417 -9.246993 2.093483 -0.239585 0.926892 0.108676 0.267692
1520616977.968646765 1.400813 -9.228078 2.038647 -0.235152 0.936182 0.097417 0.242441
1520616978.018648624 1.433456 -9.198220 1.983668 -0.228959 0.945759 0.085595 0.213990
1520616978.068650961 1.446168 -9.171674 1.926840 -0.219858 0.954380 0.073450 0.188218
1520616978.118651628 1.463599 -9.154256 1.869035 -0.210993 0.962299 0.060966 0.160453
1520616978.168652534 1.475757 -9.142615 1.812751 -0.204224 0.969113 0.043953 0.131075
1520616978.218655825 1.494154 -9.137315 1.756994 -0.194192 0.975392 0.027709 0.100661
1520616978.267195463 1.504969 -9.127754 1.701437 -0.185242 0.980164 0.010092 0.069730
1520616978.317196369 1.509965 -9.132761 1.653396 -0.178714 0.983260 -0.003419 0.035343
1520616978.367198229 1.498393 -9.124790 1.599201 -0.174435 0.984489 -0.018773 0.000751
1520616978.417200565 1.495769 -9.115071 1.539299 -0.172600 0.983825 -0.033932 -0.033868
1520616978.467201471 1.498109 -9.120246 1.493569 -0.166644 0.982882 -0.044399 -0.064824
1520616978.517203569 1.497581 -9.129635 1.447599 -0.161353 0.980960 -0.055860 -0.092529
1520616978.567204475 1.494979 -9.141916 1.397479 -0.156533 0.978212 -0.070890 -0.116504
1520616978.617206335 1.476916 -9.136108 1.351139 -0.153442 0.974510 -0.090122 -0.136615
1520616978.666617870 1.467193 -9.151999 1.291577 -0.148554 0.971144 -0.104045 -0.154873
1520616978.716622829 1.455667 -9.140191 1.247283 -0.143162 0.967144 -0.123277 -0.170118
1520616978.766620874 1.441427 -9.141906 1.205304 -0.138126 0.962683 -0.139674 -0.186153
1520616978.816694975 1.427363 -9.152212 1.159595 -0.134415 0.957469 -0.153243 -0.204210
1520616978.866623878 1.411013 -9.164853 1.119928 -0.132789 0.952624 -0.163325 -0.219543
1520616978.916625738 1.387261 -9.170900 1.079920 -0.130945 0.947862 -0.174867 -0.232019
1520616978.966626883 1.368514 -9.186927 1.032062 -0.132522 0.942831 -0.185808 -0.242862
1520616979.016628742 1.359315 -9.199869 0.978115 -0.136936 0.936862 -0.192878 -0.257557
1520616979.066630840 1.336504 -9.216752 0.935593 -0.141326 0.930129 -0.198266 -0.274913
1520616979.116288424 1.298267 -9.232212 0.892076 -0.143944 0.923682 -0.204317 -0.290423
1520616979.166290283 1.273705 -9.246724 0.858100 -0.143867 0.918958 -0.207165 -0.303151
1520616979.216291428 1.228170 -9.257269 0.827299 -0.147820 0.913332 -0.211560 -0.314985
1520616979.266293287 1.187302 -9.268431 0.807069 -0.154532 0.906628 -0.216933 -0.327240
1520616979.316294432 1.168226 -9.293333 0.775624 -0.156689 0.899719 -0.225718 -0.339124
1520616979.366296530 1.129576 -9.319994 0.737432 -0.161131 0.891215 -0.237653 -0.351133
1520616979.416297197 1.099115 -9.344308 0.710457 -0.170905 0.882568 -0.245905 -0.362486
1520616979.466299534 1.090402 -9.382941 0.684556 -0.175964 0.874372 -0.249480 -0.377187
1520616979.515960217 1.051150 -9.400603 0.655055 -0.180153 0.865660 -0.252544 -0.392936
1520616979.565961123 1.020638 -9.433208 0.635789 -0.179937 0.858906 -0.251682 -0.408116
1520616979.615963221 0.980017 -9.461165 0.620084 -0.180697 0.853027 -0.250670 -0.420545
1520616979.665964127 0.936464 -9.464476 0.599188 -0.181227 0.849105 -0.251599 -0.427640
1520616979.715965986 0.909092 -9.490171 0.585078 -0.180494 0.845465 -0.250624 -0.435660
1520616979.765968323 0.879050 -9.518486 0.569644 -0.179799 0.842006 -0.248394 -0.443845
1520616979.815970182 0.874296 -9.558574 0.552191 -0.175459 0.840895 -0.243350 -0.450433
1520616979.865971088 0.830139 -9.585479 0.532824 -0.175024 0.838704 -0.244506 -0.454047
1520616979.915788651 0.789437 -9.617754 0.518786 -0.173662 0.837741 -0.243016 -0.457137
1520616979.965790510 0.740746 -9.654072 0.518015 -0.173148 0.835919 -0.236602 -0.463982
1520616980.015792370 0.696311 -9.689369 0.503391 -0.173177 0.833442 -0.228658 -0.472335
1520616980.065794706 0.654708 -9.725730 0.481500 -0.171726 0.831909 -0.225346 -0.477133
1520616980.115795612 0.612533 -9.754847 0.457963 -0.172314 0.829375 -0.226501 -0.480772
1520616980.165799618 0.565561 -9.785351 0.438177 -0.179807 0.826430 -0.228042 -0.482369
1520616980.215798616 0.516025 -9.811773 0.420326 -0.192660 0.822775 -0.229515 -0.482956
1520616980.265799522 0.467054 -9.839521 0.398206 -0.201236 0.821205 -0.228901 -0.482421
1520616980.316151857 0.417097 -9.862441 0.379624 -0.203648 0.823917 -0.226484 -0.477906
1520616980.366152763 0.366883 -9.890805 0.369913 -0.203972 0.826381 -0.221150 -0.476007
1520616980.416154861 0.316442 -9.912186 0.351836 -0.204401 0.827164 -0.218847 -0.475527
1520616980.466203928 0.272280 -9.942904 0.335630 -0.206461 0.825624 -0.215812 -0.478690
1520616980.516157866 0.231345 -9.974363 0.329593 -0.209577 0.821545 -0.211635 -0.486160
1520616980.566159964 0.185618 -10.004477 0.320602 -0.210559 0.816363 -0.207334 -0.496215
1520616980.616160870 0.138950 -10.037715 0.322028 0.208078 -0.809128 0.204445 0.510115
1520616980.666162968 0.092355 -10.072180 0.325258 0.202079 -0.802225 0.203165 0.523759
1520616980.716924906 0.039987 -10.105489 0.328909 0.194431 -0.796900 0.201762 0.535200
1520616980.766927004 -0.006584 -10.141549 0.341821 0.189728 -0.792345 0.202230 0.543412
1520616980.816928148 -0.059699 -10.178192 0.349235 0.187712 -0.788120 0.201904 0.550332
1520616980.866930008 -0.111617 -10.214831 0.355859 0.187463 -0.787041 0.201800 0.551997
1520616980.916930914 -0.164750 -10.244758 0.361218 0.189313 -0.787187 0.202201 0.551010
1520616980.966933012 -0.213197 -10.280266 0.367868 0.191346 -0.789630 0.198041 0.548317
1520616981.016933918 -0.258419 -10.319971 0.374133 0.189984 -0.795160 0.192216 0.542844
1520616981.066936255 -0.303052 -10.361353 0.378002 0.188177 -0.799883 0.185782 0.538759
1520616981.116938114 -0.341659 -10.399765 0.387271 0.186364 -0.802192 0.180794 0.537653
1520616981.166481972 -0.378109 -10.441731 0.399008 0.185325 -0.806224 0.178838 0.532611
1520616981.216484308 -0.411800 -10.488671 0.409269 0.182683 -0.812471 0.180632 0.523345
1520616981.266486168 -0.450550 -10.528102 0.426821 0.183508 -0.817555 0.185196 0.513451
1520616981.316487074 -0.493774 -10.565203 0.431568 0.194530 -0.817234 0.190027 0.508111
1520616981.366488218 -0.538761 -10.601860 0.445326 0.207550 -0.817057 0.193514 0.501889
1520616981.416490078 -0.579849 -10.636218 0.458629 -0.216883 0.819041 -0.194388 -0.494314
1520616981.466491938 -0.627144 -10.668116 0.478464 -0.225860 0.819704 -0.193416 -0.489554
1520616981.516494274 -0.669585 -10.703464 0.496096 -0.230938 0.817354 -0.190988 -0.492060
1520616981.566055059 -0.717498 -10.735598 0.515450 -0.232716 0.815418 -0.191252 -0.494327
1520616981.616056204 -0.759242 -10.772904 0.534952 -0.231481 0.814352 -0.190568 -0.496921
1520616981.666058064 -0.799856 -10.813540 0.551787 0.233936 -0.810166 0.187357 0.503788
1520616981.716059923 -0.826963 -10.855574 0.562051 0.237841 -0.803311 0.186013 0.513344
1520616981.766061068 -0.861691 -10.898894 0.583365 0.238624 -0.798241 0.190326 0.519275
1520616981.816063166 -0.884532 -10.944251 0.605648 0.231542 -0.796274 0.196138 0.523322
1520616981.866065025 -0.928047 -10.976389 0.635739 0.222913 -0.796135 0.206329 0.523361
1520616981.916066170 -0.972162 -11.005841 0.661791 0.213579 -0.796925 0.217272 0.521620
1520616981.965775490 -1.016671 -11.030753 0.686012 0.206327 -0.798489 0.227222 0.517894
1520616982.015775681 -1.059563 -11.059490 0.716647 0.206195 -0.800227 0.231713 0.513254
1520616982.065777540 -1.103559 -11.088040 0.750718 0.211578 -0.800502 0.234748 0.509239
1520616982.115798712 -1.147605 -11.113140 0.778717 0.215658 -0.802233 0.237878 0.503318
1520616982.165780544 -1.184454 -11.141502 0.813276 -0.215339 0.807070 -0.238210 -0.495503
1520616982.215781450 -1.224032 -11.161599 0.847000 -0.213117 0.809045 -0.235551 -0.494513
1520616982.265783548 -1.260742 -11.186220 0.883537 0.209083 -0.808468 0.229136 0.500160
1520616982.315784454 -1.297378 -11.211534 0.924989 0.202467 -0.807066 0.224136 0.507361
1520616982.365704060 -1.346386 -11.231188 0.964810 0.199834 -0.802489 0.219824 0.517450
1520616982.415704966 -1.381460 -11.260206 1.012000 0.195959 -0.798627 0.214726 0.526961
1520616982.465707064 -1.423075 -11.283937 1.050634 0.194855 -0.794372 0.213777 0.534139
1520616982.515707970 -1.462410 -11.308410 1.100304 0.198986 -0.790563 0.212747 0.538660
1520616982.565710068 -1.497829 -11.334768 1.135765 0.204050 -0.789249 0.212926 0.538620
1520616982.615710974 -1.530065 -11.361254 1.157871 0.211462 -0.786497 0.211162 0.540478
1520616982.665713072 -1.569548 -11.382813 1.208212 0.217692 -0.785129 0.206092 0.541950
1520616982.715715170 -1.585431 -11.424218 1.241522 0.211623 -0.785728 0.203685 0.544389
1520616982.765817642 -1.616519 -11.458069 1.277555 0.206640 -0.787667 0.202559 0.543922
1520616982.815819502 -1.645738 -11.488941 1.312313 0.204343 -0.787730 0.201095 0.545239
1520616982.865820408 -1.670892 -11.518619 1.349194 0.203767 -0.785783 0.200910 0.548323
1520616982.915822744 -1.699461 -11.548163 1.389537 0.206124 -0.780613 0.204331 0.553539
1520616982.965823650 -1.724542 -11.583865 1.428405 0.209813 -0.774625 0.208230 0.559084
1520616983.015825510 -1.743416 -11.623812 1.470976 0.214673 -0.770360 0.212114 0.561667
1520616983.065827608 -1.771742 -11.655452 1.510410 0.221950 -0.767146 0.216631 0.561512
1520616983.115829706 -1.792200 -11.690469 1.542836 0.231777 -0.763111 0.219672 0.561859
1520616983.165883541 -1.808122 -11.723920 1.574274 0.241655 -0.758910 0.221957 0.562488
1520616983.215885401 -1.824714 -11.766690 1.606654 0.251844 -0.755267 0.225226 0.561623
1520616983.265887499 -1.829862 -11.813109 1.633587 0.262197 -0.750999 0.224518 0.562889
1520616983.315888405 -1.844063 -11.853364 1.662383 0.276303 -0.745448 0.224052 0.563706
1520616983.365890503 -1.844937 -11.895706 1.673920 0.289300 -0.740587 0.226405 0.562651
1520616983.415891647 -1.847688 -11.930769 1.688499 0.308617 -0.735979 0.230153 0.556884
1520616983.465892553 -1.854282 -11.969737 1.702424 0.333535 -0.727965 0.234210 0.551332
1520616983.515894651 -1.849535 -12.006575 1.709027 0.358269 -0.719240 0.237206 0.545959
1520616983.565895557 -1.841347 -12.043761 1.720262 0.375469 -0.709754 0.238192 0.546385
1520616983.615723848 -1.841527 -12.073281 1.719836 0.385813 -0.694344 0.243167 0.556690
1520616983.665724993 -1.841186 -12.098541 1.709180 0.388531 -0.675594 0.247937 0.575450
1520616983.715726852 -1.832582 -12.117727 1.707331 0.384967 -0.658349 0.252042 0.595694
1520616983.765728951 -1.827728 -12.132691 1.683582 0.378341 -0.641970 0.260600 0.613856
1520616983.815730095 -1.811272 -12.138264 1.664060 0.376690 -0.623681 0.261634 0.632988
1520616983.865731955 -1.799513 -12.146629 1.633868 0.378333 -0.605028 0.261452 0.649960
1520616983.915733099 -1.791818 -12.151397 1.607027 0.388834 -0.590812 0.250804 0.660944
1520616983.965734959 -1.757834 -12.140397 1.575330 0.396781 -0.592840 0.225706 0.663447
1520616984.015578508 -1.760452 -12.134944 1.547291 0.417847 -0.603445 0.205543 0.647310
1520616984.065580368 -1.718624 -12.129363 1.492039 0.434596 -0.618463 0.179223 0.629689
1520616984.115581274 -1.695029 -12.119266 1.459619 0.455650 -0.642071 0.155607 0.596585
1520616984.165583372 -1.660209 -12.096971 1.412362 0.470426 -0.666725 0.132749 0.562632
1520616984.215585470 -1.644813 -12.081354 1.364783 0.477375 -0.696437 0.119065 0.522410
1520616984.265586376 -1.621659 -12.021593 1.317345 -0.473996 0.731511 -0.105510 -0.478631
1520616984.315588474 -1.621835 -11.996229 1.329718 -0.464199 0.770526 -0.086702 -0.428126
1520616984.365589380 -1.590238 -11.928787 1.289875 -0.444208 0.805004 -0.072469 -0.386518
1520616984.415640831 -1.576838 -11.879694 1.256911 -0.419540 0.835609 -0.062001 -0.349142
1520616984.465641975 -1.560310 -11.836856 1.223568 -0.393193 0.860158 -0.057725 -0.319680
1520616984.515644073 -1.541548 -11.810078 1.184036 -0.365739 0.879080 -0.061504 -0.299451
1520616984.565645933 -1.523925 -11.784907 1.148254 -0.338113 0.892498 -0.072998 -0.289478
1520616984.615647078 -1.506187 -11.762543 1.112422 -0.307760 0.901413 -0.088356 -0.291430
1520616984.665648937 -1.482994 -11.740979 1.081399 -0.275880 0.906528 -0.100025 -0.303466
1520616984.715649843 -1.462532 -11.716829 1.044811 -0.247466 0.905673 -0.108214 -0.326814
1520616984.765652180 -1.438351 -11.693421 1.009770 -0.226665 0.898583 -0.112104 -0.358614
1520616984.815819025 -1.433166 -11.675298 0.974470 -0.220460 0.885760 -0.116329 -0.391528
1520616984.865819931 -1.429788 -11.658330 0.936090 -0.220038 0.871190 -0.123588 -0.421114
1520616984.915822268 -1.445001 -11.622842 0.903266 -0.231254 0.852168 -0.136723 -0.449042
1520616984.965824127 -1.429824 -11.617222 0.875874 -0.250344 0.831701 -0.142331 -0.474704
1520616985.015825033 -1.428771 -11.616881 0.850756 -0.285223 0.806012 -0.147993 -0.497083
1520616985.065826178 -1.422986 -11.616473 0.815712 0.325802 -0.779072 0.156951 0.512119
1520616985.115828037 -1.411242 -11.623974 0.785219 0.370831 -0.758751 0.166430 0.509001
1520616985.165829182 -1.398001 -11.621962 0.739874 -0.419635 0.742989 -0.175839 -0.490871
1520616985.215872049 -1.373548 -11.621701 0.688256 -0.464659 0.729218 -0.178969 -0.469365
1520616985.265873909 -1.325978 -11.629805 0.665666 -0.495286 0.731539 -0.165375 -0.438398
1520616985.315875053 -1.300652 -11.612296 0.624270 -0.516754 0.742008 -0.146025 -0.401330
1520616985.365877151 -1.286943 -11.586694 0.590761 -0.523557 0.761065 -0.116456 -0.364837
1520616985.415881157 -1.257883 -11.562507 0.564391 -0.516157 0.786206 -0.076261 -0.331131
1520616985.465880156 -1.234728 -11.525490 0.521443 -0.497437 0.813441 -0.037327 -0.299127
1520616985.515881062 -1.202746 -11.471170 0.475050 -0.471734 0.840384 -0.004209 -0.266841
1520616985.565882921 -1.182423 -11.443591 0.439295 -0.445612 0.863689 0.015928 -0.234985
1520616985.615884066 -1.163925 -11.421947 0.401578 -0.421669 0.882235 0.015296 -0.208858
1520616985.665736437 -1.142914 -11.407319 0.367528 -0.395723 0.899257 0.002468 -0.186372
1520616985.715737581 -1.122534 -11.390928 0.330477 -0.368233 0.913389 -0.020534 -0.172347
1520616985.765739679 -1.103792 -11.370464 0.295081 -0.336619 0.924797 -0.046762 -0.171028
1520616985.815741777 -1.077106 -11.359860 0.266566 -0.303253 0.932091 -0.066583 -0.186578
1520616985.865742683 -1.053234 -11.346457 0.245680 -0.265523 0.936650 -0.077917 -0.214739
1520616985.915744543 -1.042993 -11.329735 0.218491 -0.228528 0.937152 -0.086974 -0.248912
1520616985.965745687 -1.022227 -11.319060 0.194339 -0.193027 0.933715 -0.094784 -0.286240
1520616986.015747786 -1.014647 -11.317273 0.172575 -0.167410 0.924605 -0.104208 -0.325914
1520616986.065976143 -1.051805 -11.356199 0.188624 -0.158602 0.911349 -0.110222 -0.363509
1520616986.115978003 -1.061406 -11.342904 0.168763 -0.157501 0.892407 -0.125711 -0.403732
1520616986.165978909 -1.058824 -11.351829 0.161188 -0.167252 0.870077 -0.134983 -0.443590
1520616986.215981245 -1.066096 -11.344144 0.142566 -0.183868 0.848600 -0.145242 -0.474315
1520616986.265983105 -1.070564 -11.350394 0.128800 -0.209502 0.828226 -0.149316 -0.497851
1520616986.315984011 -1.067833 -11.355566 0.110084 0.239199 -0.809908 0.150710 0.513926
1520616986.365986109 -1.066041 -11.359941 0.092719 0.272593 -0.793241 0.152705 0.522631
1520616986.415987968 -1.062693 -11.370037 0.084892 0.310634 -0.778173 0.152666 0.524067
1520616986.466095209 -1.060834 -11.374637 0.067680 0.349864 -0.764838 0.151751 0.519221
1520616986.516097069 -1.056088 -11.374960 0.042169 0.382291 -0.756475 0.144672 0.510558
1520616986.566097975 -1.046397 -11.374135 0.016437 -0.405673 0.756600 -0.130690 -0.495889
1520616986.616100073 -1.045435 -11.364801 0.002156 -0.424546 0.761720 -0.111077 -0.476660
1520616986.666102171 -1.028391 -11.370390 -0.011786 -0.434042 0.775684 -0.083789 -0.450445
1520616986.716103077 -1.027569 -11.347319 -0.029297 -0.435173 0.795388 -0.063395 -0.417089
1520616986.766104221 -1.009887 -11.321615 -0.046516 -0.425148 0.820951 -0.045077 -0.378493
1520616986.816106081 -1.004349 -11.302583 -0.052124 -0.405699 0.847991 -0.035374 -0.339216
1520616986.865979433 -0.994257 -11.281769 -0.049129 -0.376722 0.872076 -0.027990 -0.311094
1520616986.915982485 -0.990073 -11.267837 -0.041659 -0.345179 0.888739 -0.012635 -0.301387
1520616986.965983391 -0.987283 -11.242883 -0.033566 -0.313600 0.897174 0.009973 -0.310860
1520616987.015984535 -0.992135 -11.218099 -0.014129 -0.286603 0.897214 0.037046 -0.333907
1520616987.065986395 -0.998218 -11.208394 0.017620 -0.264295 0.890231 0.068523 -0.364612
1520616987.116074324 -1.009897 -11.188547 0.045484 -0.247372 0.879412 0.097056 -0.394995
1520616987.165989399 -1.021331 -11.174534 0.085797 -0.231371 0.866895 0.130681 -0.421761
1520616987.215990305 -1.016961 -11.151212 0.124144 -0.218114 0.852871 0.159916 -0.446614
1520616987.266605377 -1.017619 -11.145675 0.158779 -0.209703 0.844765 0.176854 -0.459477
1520616987.316606283 -1.018863 -11.147560 0.185106 -0.209705 0.843177 0.172416 -0.464058
1520616987.366608381 -1.014851 -11.157228 0.202952 -0.220238 0.847394 0.144644 -0.460974
1520616987.416609287 -0.998075 -11.180304 0.214010 -0.237522 0.853652 0.098715 -0.452898
1520616987.466611385 -0.990193 -11.201666 0.227411 -0.258798 0.860410 0.036153 -0.437505
1520616987.516613483 -0.976510 -11.230649 0.234750 -0.279514 0.864090 -0.030862 -0.417455
1520616987.566614389 -0.954632 -11.272730 0.245585 -0.296911 0.862107 -0.093542 -0.399832
1520616987.616616249 -0.942702 -11.309110 0.274710 -0.313425 0.856446 -0.150113 -0.381748
1520616987.666622400 -0.927638 -11.345605 0.299328 -0.323722 0.851252 -0.197284 -0.362840
1520616987.716624260 -0.914828 -11.379755 0.325609 -0.331597 0.846554 -0.236021 -0.343051
1520616987.766625166 -0.891625 -11.404712 0.343019 -0.333695 0.842508 -0.265638 -0.329036
1520616987.816627264 -0.894757 -11.423682 0.371728 -0.336751 0.839007 -0.282307 -0.320888
1520616987.866629124 -0.904585 -11.428119 0.390967 -0.336230 0.839049 -0.282447 -0.321200
1520616987.916630030 -0.914716 -11.435436 0.421429 -0.329226 0.846500 -0.258321 -0.329116
1520616987.966632366 -0.937055 -11.429202 0.452212 -0.316397 0.857718 -0.214427 -0.343852
1520616988.016633272 -0.958663 -11.426288 0.485363 -0.298560 0.867188 -0.158645 -0.365620
1520616988.066636086 -0.980564 -11.417294 0.521682 -0.277638 0.872134 -0.100847 -0.390038
1520616988.115684986 -0.997494 -11.382140 0.487834 -0.255455 0.870358 -0.059456 -0.416756
1520616988.165687799 -0.991479 -11.317677 0.527862 -0.236552 0.866932 -0.013140 -0.438520
1520616988.215688944 -1.000707 -11.312599 0.577837 -0.222999 0.862783 0.031121 -0.452668
1520616988.265691042 -1.012451 -11.309215 0.612876 -0.212076 0.856282 0.066309 -0.466271
1520616988.315691948 -1.001238 -11.299232 0.634527 -0.199713 0.849263 0.092634 -0.479881
1520616988.365694046 -1.076070 -11.260340 0.673276 -0.208272 0.847134 0.091560 -0.480212
1520616988.415694952 -1.089977 -11.226647 0.679032 -0.215646 0.845205 0.078440 -0.482672
1520616988.465696812 -1.238861 -11.193418 0.742488 -0.251312 0.849035 0.027661 -0.463914
1520616988.516411066 -1.248269 -11.208815 0.758064 -0.274902 0.849317 -0.029976 -0.449657
1520616988.566412926 -1.251310 -11.250646 0.785579 -0.295750 0.846974 -0.091745 -0.432146
1520616988.616414070 -1.240370 -11.287354 0.805782 -0.312592 0.841212 -0.151245 -0.414456
1520616988.666416883 -1.248238 -11.320794 0.824567 -0.328938 0.833041 -0.205035 -0.394718
1520616988.716416836 -1.243973 -11.357795 0.856424 -0.341693 0.825839 -0.246345 -0.374899
1520616988.766474962 -1.246045 -11.400173 0.882700 -0.349198 0.819393 -0.279025 -0.358889
1520616988.816419840 -1.246501 -11.421683 0.904420 -0.351033 0.815506 -0.302917 -0.346363
1520616988.866421938 -1.259534 -11.444001 0.923649 -0.349902 0.814058 -0.319152 -0.336185
1520616988.915898800 -1.275833 -11.460206 0.951129 -0.345702 0.817029 -0.321615 -0.330933
1520616988.965900898 -1.307102 -11.471274 0.978558 -0.340103 0.823762 -0.307602 -0.333358
1520616989.015902758 -1.340544 -11.481080 1.003134 -0.331311 0.834182 -0.277590 -0.342517
1520616989.065903664 -1.361418 -11.490729 1.050063 -0.316166 0.848117 -0.225297 -0.360524
1520616989.115906000 -1.383427 -11.484456 1.078790 -0.298099 0.857909 -0.164465 -0.384811
1520616989.165906668 -1.407072 -11.488412 1.115602 -0.278227 0.864186 -0.101767 -0.406714
1520616989.215908766 -1.436342 -11.492282 1.164868 -0.257489 0.866742 -0.047675 -0.424482
1520616989.265909910 -1.464875 -11.501724 1.211229 -0.241593 0.865807 -0.006225 -0.438147
1520616989.315804243 -1.481369 -11.505752 1.249281 -0.230806 0.863099 0.022492 -0.448646
1520616989.365805149 -1.575796 -11.558105 1.357018 -0.235581 0.861356 0.046991 -0.447615
1520616989.415807009 -1.605483 -11.557864 1.389389 -0.233318 0.855697 0.065487 -0.457228
1520616989.465809345 -1.633713 -11.562006 1.434784 -0.226700 0.850888 0.087772 -0.465717
1520616989.515810251 -1.701397 -11.522338 1.547915 -0.231947 0.847163 0.102420 -0.466932
1520616989.565812111 -1.723522 -11.534477 1.581013 -0.234095 0.844241 0.101577 -0.471316
1520616989.615814209 -1.721298 -11.614972 1.590995 -0.242693 0.842921 0.086299 -0.472374
1520616989.665815115 -1.728858 -11.651179 1.600612 -0.263485 0.843747 0.035747 -0.466251
1520616989.717325449 -1.765290 -11.710952 1.629120 -0.287447 0.843835 -0.034041 -0.451839
1520616989.767327309 -1.759875 -11.762445 1.654419 -0.304421 0.838866 -0.102015 -0.439574
1520616989.817328453 -1.760941 -11.812826 1.681431 -0.320059 0.830517 -0.161967 -0.426111
1520616989.867330313 -1.762976 -11.853734 1.711685 -0.330888 0.822458 -0.204121 -0.415224
1520616989.917331457 -1.778954 -11.892725 1.745790 -0.332904 0.817290 -0.230382 -0.410044
1520616989.967333555 -1.794923 -11.920501 1.774017 -0.328458 0.815341 -0.239711 -0.412156
1520616990.017334461 -1.820492 -11.940929 1.806016 -0.322799 0.814511 -0.231978 -0.422562
1520616990.067335606 -1.858195 -11.954293 1.839355 -0.312489 0.815623 -0.209773 -0.439437
1520616990.115924835 -1.898888 -11.957769 1.885903 -0.295331 0.819164 -0.179320 -0.457814
1520616990.165926695 -1.933099 -11.959946 1.915957 -0.275824 0.817144 -0.148189 -0.483980
1520616990.215927601 -1.959463 -11.993349 1.939211 0.258693 -0.806543 0.121054 0.517602
1520616990.265929937 -2.017521 -11.979049 2.006222 0.257402 -0.789100 0.108640 0.547049
1520616990.315930605 -2.055014 -12.001662 2.036665 0.254946 -0.764273 0.113697 0.581345
1520616990.365932703 -2.072144 -12.026038 2.067376 0.254412 -0.736589 0.128202 0.613413
1520616990.415960789 -2.092407 -12.044447 2.091460 0.258120 -0.707515 0.150378 0.640456
1520616990.465935707 -2.063084 -12.043146 2.188800 0.267015 -0.686233 0.159268 0.657587
1520616990.515936613 -2.058358 -12.066524 2.194145 0.271165 -0.659775 0.174426 0.678780
1520616990.566101313 -2.067227 -12.078716 2.205568 0.277805 -0.642134 0.183784 0.690443
1520616990.616102457 -2.071106 -12.080139 2.206321 0.278179 -0.646505 0.185651 0.685697
1520616990.666104317 -2.084663 -12.063852 2.174563 0.275378 -0.672127 0.182248 0.662721
1520616990.716106415 -2.075170 -12.053958 2.148661 0.270529 -0.709038 0.162220 0.630685
1520616990.766107559 -2.064646 -12.041216 2.161927 0.277839 -0.747982 0.130275 0.588520
1520616990.816109419 -2.042746 -12.039408 2.108170 0.276015 -0.782259 0.111179 0.547289
1520616990.866110563 -2.022064 -12.024898 2.073817 -0.281145 0.817763 -0.098046 -0.492553
1520616990.916112423 -1.952568 -11.975218 1.996986 -0.282417 0.849627 -0.094893 -0.435167
1520616990.966140032 -1.839339 -11.939321 1.973609 -0.282312 0.878929 -0.084642 -0.374993
1520616991.016142130 -1.734992 -11.900757 1.944821 -0.280584 0.900256 -0.074863 -0.324357
1520616991.066143990 -1.710063 -11.868944 1.918491 -0.284620 0.914391 -0.072217 -0.278686
1520616991.116144896 -1.687147 -11.844073 1.890934 -0.285795 0.921742 -0.063538 -0.254314
1520616991.166147232 -1.670757 -11.820014 1.861044 -0.287882 0.920057 -0.054044 -0.260189
1520616991.216149092 -1.659459 -11.794967 1.838210 -0.288615 0.911467 -0.047331 -0.289290
1520616991.266149998 -1.638122 -11.780932 1.810269 -0.286092 0.898539 -0.046003 -0.329640
1520616991.316151142 -1.606454 -11.757871 1.776819 -0.283884 0.881923 -0.058847 -0.371698
1520616991.366085529 -1.599158 -11.760404 1.751229 -0.292082 0.861838 -0.081589 -0.406530
1520616991.416087389 -1.563501 -11.755314 1.720508 -0.295759 0.841291 -0.109674 -0.439007
1520616991.466088295 -1.546893 -11.756100 1.700840 -0.307931 0.818373 -0.140291 -0.464503
1520616991.516091585 -1.524887 -11.754654 1.677806 -0.319294 0.794916 -0.170273 -0.486998
1520616991.566092491 -1.511358 -11.747014 1.650620 0.331569 -0.769473 0.197771 0.508783
1520616991.616093397 -1.485953 -11.740508 1.617902 0.331126 -0.745373 0.217502 0.536160
1520616991.666095495 -1.472046 -11.724975 1.593436 0.324114 -0.726661 0.228829 0.560849
1520616991.716096401 -1.448896 -11.708560 1.545035 0.307758 -0.716709 0.230715 0.581707
1520616991.765949011 -1.438914 -11.691413 1.515048 0.296593 -0.722469 0.219365 0.584765
1520616991.815950871 -1.424194 -11.678643 1.486931 0.292693 -0.745886 0.192517 0.566500
1520616991.865952015 -1.400617 -11.660651 1.435913 0.295787 -0.774467 0.164661 0.534413
1520616991.915952921 -1.383700 -11.632835 1.387852 -0.299072 0.800895 -0.142141 -0.498917
1520616991.965955019 -1.312282 -11.591554 1.321607 -0.299138 0.828275 -0.120197 -0.458290
1520616992.015957117 -1.290820 -11.571784 1.284018 -0.305797 0.856530 -0.103368 -0.402690
1520616992.065958023 -1.261170 -11.566577 1.240180 -0.308366 0.881298 -0.092414 -0.345954
1520616992.115958929 -1.242465 -11.538231 1.189991 -0.308939 0.901223 -0.087804 -0.290937
1520616992.165961027 -1.209965 -11.521984 1.157996 -0.301395 0.918828 -0.078026 -0.242544
1520616992.215962887 -1.172374 -11.496112 1.121826 -0.295567 0.932055 -0.067589 -0.198358
1520616992.265963793 -1.152084 -11.467890 1.087768 -0.288189 0.942026 -0.060668 -0.160790
1520616992.315966129 -1.123510 -11.434218 1.048882 -0.284530 0.948068 -0.054209 -0.131419
1520616992.365967035 -1.095300 -11.417363 1.018831 -0.284222 0.949646 -0.047086 -0.123176
1520616992.415968895 -1.084711 -11.396991 0.979365 -0.288511 0.946327 -0.048616 -0.137340
1520616992.465970039 -1.084568 -11.372705 0.943294 -0.293309 0.939284 -0.057490 -0.168552
1520616992.515971899 -1.076240 -11.374548 0.917608 -0.293690 0.930600 -0.070333 -0.206842
1520616992.565972805 -1.059888 -11.351415 0.887947 -0.293934 0.918699 -0.090030 -0.247972
1520616992.615977526 -1.034774 -11.357138 0.860084 -0.292337 0.905433 -0.108535 -0.288010
1520616992.665979385 -1.009051 -11.364281 0.836886 -0.293611 0.889793 -0.124985 -0.326252
1520616992.715980291 -0.993055 -11.352271 0.800331 -0.298663 0.870810 -0.139326 -0.364800
1520616992.765982628 -0.972115 -11.354253 0.779146 -0.301464 0.852032 -0.141775 -0.403807
1520616992.815983534 -0.962125 -11.343200 0.756168 -0.300155 0.833983 -0.146133 -0.439346
1520616992.865985394 -0.946356 -11.334668 0.736673 -0.299027 0.816888 -0.145945 -0.471145
1520616992.915986538 -0.930425 -11.322363 0.707376 0.293796 -0.797661 0.146726 0.505857
1520616992.965988398 -0.939892 -11.301927 0.681080 0.291907 -0.779716 0.154463 0.531954
1520616993.015919924 -0.937488 -11.275113 0.650271 0.290865 -0.768710 0.160300 0.546613
1520616993.065922260 -0.928986 -11.260305 0.618394 0.291349 -0.771377 0.161794 0.542140
1520616993.115922928 -0.883962 -11.259722 0.580251 0.287250 -0.788899 0.152922 0.521287
1520616993.165924072 -0.859857 -11.246476 0.525266 -0.283050 0.809751 -0.148284 -0.492137
1520616993.215926170 -0.849139 -11.241148 0.486994 -0.285144 0.830752 -0.139396 -0.457288
1520616993.265928030 -0.846358 -11.210630 0.408455 -0.286693 0.850492 -0.138301 -0.418740
1520616993.315929174 -0.809021 -11.197349 0.303988 -0.280179 0.871111 -0.126150 -0.383082
1520616993.365930080 -0.796697 -11.174097 0.260884 -0.276968 0.893192 -0.108629 -0.337189
1520616993.415955544 -0.812353 -11.161519 0.236180 -0.274262 0.913827 -0.091008 -0.285338
1520616993.465957642 -0.760792 -11.198933 0.174825 -0.260128 0.931754 -0.065358 -0.244739
1520616993.515958548 -0.737203 -11.186833 0.137167 -0.251637 0.946137 -0.050252 -0.197431
1520616993.565960646 -0.716815 -11.162016 0.100586 -0.245039 0.955184 -0.042362 -0.160576
1520616993.615962744 -0.700540 -11.140519 0.066433 -0.241109 0.960659 -0.037944 -0.132519
1520616993.665963650 -0.687678 -11.115498 0.029354 -0.239699 0.962243 -0.039199 -0.122867
1520616993.715964794 -0.679271 -11.088403 -0.008621 -0.242138 0.959043 -0.044404 -0.140124
1520616993.765966654 -0.672755 -11.088628 -0.047774 -0.245712 0.951935 -0.047559 -0.176588
1520616993.816106081 -0.669240 -11.082089 -0.075328 -0.248758 0.939812 -0.058710 -0.226774
1520616993.866106987 -0.671435 -11.065125 -0.107016 -0.252470 0.922596 -0.076882 -0.281364
1520616993.916108847 -0.655843 -11.078862 -0.115884 -0.253389 0.901297 -0.091750 -0.339175
1520616993.966109991 -0.651722 -11.047310 -0.152717 -0.258123 0.873035 -0.121503 -0.395499
1520616994.016111851 -0.646603 -11.049239 -0.170798 -0.264322 0.843241 -0.150702 -0.443133
1520616994.066112757 -0.652267 -11.046673 -0.180814 -0.273884 0.812618 -0.178336 -0.482531
1520616994.116115093 -0.651566 -11.051185 -0.181470 0.284588 -0.782832 0.196841 0.517143
1520616994.166115999 -0.648557 -11.054748 -0.187440 0.288788 -0.759948 0.202870 0.545824
1520616994.216082335 -0.641979 -11.052640 -0.191610 0.288172 -0.750823 0.196178 0.561014
1520616994.266084194 -0.639392 -11.045402 -0.204359 0.290787 -0.754419 0.179553 0.560406
1520616994.316085339 -0.625128 -11.050226 -0.217950 0.298994 -0.763581 0.156421 0.550526
1520616994.366087198 -0.626177 -11.046236 -0.222577 0.319063 -0.768745 0.135384 0.537495
1520616994.416088104 -0.624527 -11.056262 -0.230481 0.345673 -0.772753 0.120019 0.518612
1520616994.466090441 -0.614024 -11.072366 -0.227735 -0.376874 0.779133 -0.105387 -0.489705
1520616994.516091347 -0.612954 -11.080901 -0.226795 -0.413839 0.782575 -0.094128 -0.455471
1520616994.566093206 -0.605936 -11.091784 -0.211155 -0.444426 0.788212 -0.077251 -0.418618
1520616994.616054296 -0.604066 -11.089279 -0.203990 -0.467518 0.795350 -0.058839 -0.381291
1520616994.666056395 -0.602792 -11.075784 -0.199031 -0.477420 0.806281 -0.038331 -0.347148
1520616994.716058493 -0.625128 -11.065231 -0.178392 -0.477544 0.821271 -0.013529 -0.311900
1520616994.766059399 -0.624671 -11.042820 -0.170979 -0.464649 0.838688 0.009097 -0.283938
1520616994.816061258 -0.626857 -11.027744 -0.146790 -0.435967 0.862905 0.032657 -0.253500
1520616994.866063356 -0.636275 -10.993359 -0.135814 -0.396295 0.888473 0.045480 -0.226932
1520616994.916064262 -0.642689 -11.000021 -0.124518 -0.356594 0.909878 0.056556 -0.204361
1520616994.966066599 -0.648724 -11.007627 -0.108755 -0.314075 0.927843 0.055665 -0.193302
1520616995.016067505 -0.650467 -10.999297 -0.090965 -0.272755 0.941055 0.043626 -0.195238
1520616995.066224337 -0.660151 -10.999063 -0.076200 -0.227209 0.951889 0.030379 -0.203371
1520616995.116225004 -0.670046 -11.001109 -0.053623 -0.176104 0.959330 0.015838 -0.220051
1520616995.166227102 -0.687610 -11.007587 -0.027583 -0.128860 0.960868 -0.000374 -0.245208
1520616995.216229200 -0.703773 -11.019992 -0.002132 -0.088914 0.955767 -0.013880 -0.280019
1520616995.266230106 -0.728287 -11.025319 0.021415 -0.060677 0.944149 -0.028997 -0.322583
1520616995.316231966 -0.755889 -11.031583 0.056927 -0.046231 0.925593 -0.044873 -0.372997
1520616995.366233110 -0.760186 -11.073172 0.053617 -0.042970 0.894468 -0.056132 -0.441509
1520616995.416327238 -0.881810 -11.023339 0.116217 -0.071775 0.871401 -0.096404 -0.475620
1520616995.466610193 -0.901533 -11.048123 0.166265 0.104395 -0.840105 0.121865 0.518145
1520616995.516612530 -0.961369 -11.072587 0.221708 0.158579 -0.808072 0.154178 0.545986
1520616995.566613436 -0.966998 -11.110854 0.277029 0.219844 -0.772039 0.178054 0.569141
1520616995.616615295 -0.969174 -11.137737 0.312609 0.283960 -0.738684 0.195236 0.579306
1520616995.666616440 -0.961551 -11.166223 0.347030 0.343274 -0.710412 0.200524 0.580748
1520616995.716618299 -0.960530 -11.194679 0.381236 0.393810 -0.693808 0.193535 0.571042
1520616995.766619444 -0.957318 -11.219683 0.411113 0.435097 -0.685318 0.173540 0.557596
1520616995.816621304 -0.953584 -11.226954 0.420589 0.468341 -0.684115 0.147650 0.539298
1520616995.866175413 -0.978584 -11.223704 0.442598 0.496707 -0.689564 0.121871 0.512768
1520616995.916176558 -0.984787 -11.230877 0.457331 -0.513739 0.704463 -0.092396 -0.480903
1520616995.966178417 -0.981215 -11.229554 0.475409 -0.514751 0.731056 -0.064582 -0.443191
1520616996.016179323 -0.991665 -11.213653 0.492407 -0.501273 0.765549 -0.040353 -0.401287
1520616996.066181421 -0.995555 -11.205353 0.507519 -0.476391 0.799703 -0.018342 -0.364951
1520616996.116182327 -1.001058 -11.190158 0.516984 -0.443729 0.829877 -0.005445 -0.338199
1520616996.166184187 -1.007362 -11.181508 0.530651 -0.403622 0.857540 0.001787 -0.318923
1520616996.216185331 -1.020399 -11.160823 0.537840 -0.360148 0.880036 0.008375 -0.309450
1520616996.266077995 -1.042161 -11.143944 0.555620 -0.310291 0.900411 0.017073 -0.304446
1520616996.316079855 -1.059404 -11.135523 0.567566 -0.261873 0.916141 0.020830 -0.302779
1520616996.366081238 -1.079975 -11.123074 0.587774 -0.214168 0.927391 0.018256 -0.306179
1520616996.416084051 -1.096585 -11.115900 0.613131 -0.169924 0.932776 0.009525 -0.317749
1520616996.466084957 -1.108093 -11.114157 0.637109 -0.134103 0.931786 -0.006538 -0.337266
1520616996.516086102 -1.124065 -11.118113 0.661114 -0.107638 0.925398 -0.023337 -0.362641
1520616996.566087961 -1.109238 -11.127948 0.750594 -0.083108 0.915650 -0.031192 -0.392052
1520616996.616088867 -1.128267 -11.130108 0.791202 -0.066102 0.903019 -0.048732 -0.421677
1520616996.666722536 -1.189843 -11.195658 0.877708 -0.062194 0.893696 -0.059218 -0.440377
1520616996.716723442 -1.208220 -11.214173 0.920533 -0.072500 0.879634 -0.069608 -0.464911
1520616996.766725540 -1.243959 -11.244624 0.962313 -0.104935 0.864475 -0.081194 -0.484850
1520616996.816727638 -1.257944 -11.287430 1.005553 0.153330 -0.843112 0.090815 0.507351
1520616996.866728544 -1.276820 -11.320663 1.051906 0.214837 -0.817295 0.108694 0.523508
1520616996.916730404 -1.282367 -11.354131 1.078556 0.281950 -0.787214 0.126869 0.533575
1520616996.966731548 -1.282581 -11.394305 1.117139 0.343843 -0.762182 0.140917 0.530088
1520616997.016732454 -1.280860 -11.426517 1.148565 0.396890 -0.746758 0.145500 0.513479
1520616997.066610813 -1.272373 -11.447292 1.167266 -0.439889 0.738786 -0.135341 -0.492316
1520616997.116547823 -1.292966 -11.443022 1.198041 -0.469631 0.745878 -0.117812 -0.457420
1520616997.166548729 -1.281677 -11.441104 1.209094 -0.479134 0.765337 -0.090672 -0.420082
1520616997.216550827 -1.290986 -11.427393 1.218452 -0.473796 0.793076 -0.067220 -0.376868
1520616997.266551971 -1.290302 -11.433546 1.239866 -0.453346 0.825719 -0.044103 -0.332746
1520616997.316553831 -1.289375 -11.434210 1.256486 -0.420646 0.857744 -0.024895 -0.294470
1520616997.366554976 -1.289125 -11.422175 1.270710 -0.374031 0.890029 -0.014149 -0.260287
1520616997.416556835 -1.294169 -11.401508 1.288346 -0.324522 0.915708 -0.016632 -0.236405
1520616997.466558933 -1.314344 -11.398690 1.313357 -0.280917 0.933083 -0.029407 -0.222657
1520616997.516137123 -1.321489 -11.392919 1.331571 -0.247532 0.941505 -0.049746 -0.223208
1520616997.566138983 -1.341725 -11.393726 1.358275 -0.225674 0.942286 -0.073832 -0.236046
1520616997.616139889 -1.379912 -11.400889 1.392745 -0.213219 0.937368 -0.101114 -0.256231
1520616997.666141987 -1.406251 -11.397544 1.422897 -0.211112 0.927281 -0.130713 -0.280170
1520616997.716142893 -1.419903 -11.397296 1.448659 -0.215447 0.914519 -0.158060 -0.303734
1520616997.766144753 -1.452553 -11.392346 1.474322 -0.229694 0.900263 -0.183796 -0.320915
1520616997.816147089 -1.473577 -11.395116 1.524220 -0.249465 0.886519 -0.192596 -0.338759
1520616997.866147995 -1.499995 -11.379128 1.556961 -0.267170 0.876182 -0.192088 -0.352175
1520616997.916203260 -1.535757 -11.367363 1.605348 -0.281615 0.867504 -0.183636 -0.366616
1520616997.966204405 -1.564153 -11.350744 1.642983 -0.287993 0.862440 -0.173040 -0.378568
1520616998.016206503 -1.579918 -11.329578 1.677984 -0.289484 0.859046 -0.159382 -0.390942
1520616998.066208363 -1.598672 -11.307956 1.719128 -0.292916 0.854380 -0.144952 -0.404010
1520616998.116209507 -1.612371 -11.292145 1.757382 -0.293079 0.850104 -0.133290 -0.416728
1520616998.166211367 -1.622247 -11.276103 1.802379 -0.292989 0.847254 -0.122074 -0.425931
1520616998.216213226 -1.640883 -11.253585 1.843458 -0.296257 0.843857 -0.115859 -0.432104
1520616998.266214609 -1.638346 -11.237920 1.881935 -0.297186 0.841464 -0.110371 -0.437535
1520616998.316223145 -1.629199 -11.220267 1.921132 -0.296003 0.839490 -0.106686 -0.443008
1520616998.366224289 -1.624568 -11.206330 1.962596 -0.294965 0.837416 -0.103970 -0.448242
1520616998.416226149 -1.607909 -11.202913 1.997508 -0.289955 0.838061 -0.100233 -0.451146
1520616998.466227055 -1.596400 -11.195706 2.031516 -0.287465 0.838276 -0.096817 -0.453082
1520616998.516229153 -1.575003 -11.190900 2.061813 -0.285766 0.838046 -0.095220 -0.454918
1520616998.566230059 -1.553103 -11.204963 2.093173 -0.283203 0.837731 -0.091668 -0.457821
1520616998.616231918 -1.519560 -11.237358 2.121316 -0.275970 0.838940 -0.083353 -0.461597
1520616998.666233301 -1.494540 -11.247030 2.143989 -0.268889 0.839581 -0.076434 -0.465790
1520616998.716419458 -1.473181 -11.262911 2.168948 -0.263399 0.839313 -0.071618 -0.470154
1520616998.766381502 -1.470562 -11.263724 2.181316 -0.263024 0.837410 -0.074499 -0.473300
1520616998.816383362 -1.440946 -11.288087 2.200435 -0.264134 0.834807 -0.078665 -0.476595
1520616998.866384268 -1.393929 -11.317478 2.212082 -0.268008 0.832054 -0.085059 -0.478146
1520616998.916386366 -1.363388 -11.339380 2.215517 -0.279709 0.827671 -0.099594 -0.476240
1520616998.966387272 -1.333923 -11.352279 2.219490 -0.296036 0.822657 -0.117154 -0.471034
1520616999.016389132 -1.286506 -11.377333 2.210984 -0.313909 0.815672 -0.131171 -0.467905
1520616999.066391468 -1.246097 -11.391107 2.209430 -0.327459 0.811181 -0.144062 -0.462603
1520616999.116468906 -1.200103 -11.400960 2.201998 -0.335449 0.808872 -0.152313 -0.458258
1520616999.166470766 -1.173871 -11.407942 2.201255 -0.339694 0.809706 -0.153954 -0.453081
1520616999.216471672 -1.142972 -11.394490 2.188723 -0.337353 0.813336 -0.151303 -0.449205
1520616999.266473770 -1.110337 -11.381528 2.169949 -0.331358 0.818557 -0.145994 -0.445929
1520616999.316474676 -1.084776 -11.354323 2.144487 -0.327587 0.822528 -0.143236 -0.442287
1520616999.366476536 -1.060235 -11.328399 2.119163 -0.328130 0.824124 -0.141015 -0.439618
1520616999.416477680 -1.045983 -11.304883 2.097497 -0.330240 0.825216 -0.139896 -0.436336
1520616999.466479778 -1.025216 -11.273342 2.064592 -0.331430 0.825892 -0.141028 -0.433783
1520616999.516481638 -1.014871 -11.225979 2.027245 -0.332148 0.827474 -0.145330 -0.428770
1520616999.566754341 -0.999710 -11.196121 2.003175 -0.328140 0.832005 -0.144006 -0.423503
1520616999.616756678 -1.005351 -11.142743 1.971837 -0.326574 0.835287 -0.143187 -0.418500
1520616999.666757584 -1.002931 -11.077526 1.923904 -0.320822 0.838930 -0.138575 -0.417214
1520616999.716760397 -1.004478 -11.026697 1.899407 -0.309465 0.843344 -0.129619 -0.419762
1520616999.766761541 -1.006877 -10.966932 1.862269 -0.296989 0.846415 -0.117870 -0.426011
1520616999.816763401 -1.003662 -10.911250 1.830167 -0.286624 0.849422 -0.101908 -0.431212
1520616999.866764307 -1.002294 -10.857079 1.797189 -0.277197 0.852267 -0.088181 -0.434773
1520616999.916766644 -1.011618 -10.816651 1.786217 -0.272229 0.854578 -0.075552 -0.435752
1520616999.966792822 -1.019042 -10.765001 1.756029 -0.268717 0.854265 -0.068980 -0.439619
1520617000.016797781 -1.031225 -10.726988 1.738078 -0.267234 0.854162 -0.060357 -0.441984
1520617000.066795588 -1.041005 -10.696082 1.717756 -0.268119 0.851464 -0.046058 -0.448330
1520617000.116797686 -1.045163 -10.675151 1.700942 -0.270024 0.848233 -0.029394 -0.454669
1520617000.166798592 -1.056157 -10.658228 1.683813 -0.275088 0.842639 -0.017248 -0.462589
1520617000.216799736 -1.061082 -10.657817 1.666113 -0.280348 0.837321 -0.010647 -0.469238
1520617000.266801834 -1.074001 -10.665899 1.647760 -0.289882 0.828936 -0.013756 -0.478167
1520617000.316803694 -1.078862 -10.677863 1.616947 -0.300346 0.817319 -0.025685 -0.491042
1520617000.366745472 -1.079535 -10.712823 1.607072 0.314985 -0.804924 0.035619 0.501611
1520617000.416735649 -1.071893 -10.732016 1.578231 0.322884 -0.796115 0.044988 0.509826
1520617000.466736555 -1.051796 -10.752577 1.542271 0.323944 -0.791132 0.051915 0.516212
1520617000.516738653 -1.021155 -10.786212 1.505102 0.322122 -0.790832 0.059835 0.516954
1520617000.566739559 -0.981668 -10.817056 1.463755 0.325980 -0.789411 0.069535 0.515492
1520617000.616741419 -0.958060 -10.842481 1.427781 0.334254 -0.788303 0.082240 0.509989
1520617000.666743755 -0.911817 -10.875526 1.385067 0.335384 -0.791386 0.093938 0.502396
1520617000.716744661 -0.869893 -10.888759 1.333427 -0.336487 0.797013 -0.107795 -0.489823
1520617000.766617298 -0.835376 -10.903528 1.282675 -0.340271 0.801045 -0.120711 -0.477464
1520617000.816617966 -0.791693 -10.910727 1.234982 -0.344422 0.806073 -0.131289 -0.463015
1520617000.866620302 -0.742351 -10.906900 1.177088 -0.346782 0.811551 -0.138977 -0.449236
1520617000.916621208 -0.702362 -10.910641 1.128126 -0.344903 0.818859 -0.145484 -0.435139
1520617000.966623068 -0.659961 -10.896464 1.060824 -0.339454 0.826705 -0.152228 -0.422086
1520617001.016624212 -0.616156 -10.889610 1.008159 -0.332231 0.835788 -0.151663 -0.409974
1520617001.066626072 -0.583005 -10.887792 0.951011 -0.322859 0.846001 -0.150611 -0.396688
1520617001.116628170 -0.554721 -10.847496 0.884187 -0.309954 0.856252 -0.151124 -0.384608
1520617001.166698933 -0.539200 -10.809388 0.833507 -0.298383 0.867606 -0.145475 -0.370222
1520617001.216700792 -0.522776 -10.769657 0.788609 -0.287069 0.877365 -0.136637 -0.359379
1520617001.266701698 -0.515235 -10.718962 0.741745 -0.278925 0.884481 -0.127848 -0.351495
1520617001.316703796 -0.517291 -10.655435 0.691288 -0.270346 0.890296 -0.123271 -0.345095
1520617001.366705656 -0.523841 -10.603295 0.646679 -0.263166 0.895356 -0.115729 -0.340131
1520617001.416706562 -0.537827 -10.551141 0.604303 -0.258183 0.898964 -0.108364 -0.336843
1520617001.466708899 -0.556870 -10.506883 0.565355 -0.255190 0.901304 -0.095630 -0.336726
1520617001.516710758 -0.583934 -10.468938 0.530887 -0.253446 0.901962 -0.080692 -0.340175
1520617001.566704512 -0.611365 -10.422162 0.493837 -0.251908 0.901402 -0.068238 -0.345485
1520617001.616706371 -0.644538 -10.393331 0.462801 -0.251054 0.900539 -0.057703 -0.350246
1520617001.666707516 -0.678098 -10.375962 0.438826 -0.253043 0.898900 -0.048914 -0.354337
1520617001.716709375 -0.713222 -10.367253 0.414514 -0.258564 0.895592 -0.043481 -0.359401
1520617001.766710281 -0.744894 -10.372903 0.394632 -0.265796 0.892378 -0.040644 -0.362440
1520617001.816712618 -0.776532 -10.394410 0.381254 -0.269735 0.888072 -0.040772 -0.370011
1520617001.866713524 -0.801200 -10.424261 0.368248 -0.268749 0.884158 -0.042684 -0.379758
1520617001.916715384 -0.826306 -10.455818 0.354061 -0.265934 0.880391 -0.044718 -0.390117
1520617001.966679811 -0.852556 -10.480967 0.333491 -0.263553 0.876965 -0.046001 -0.399193
1520617002.016645670 -0.880264 -10.519664 0.314016 -0.269639 0.873388 -0.048413 -0.402671
1520617002.066646814 -0.882602 -10.566233 0.291163 -0.279443 0.866191 -0.060304 -0.409863
1520617002.116648912 -0.897249 -10.624995 0.282619 -0.297283 0.855615 -0.082119 -0.415696
1520617002.166649580 -0.921669 -10.681121 0.267910 -0.316360 0.842354 -0.103155 -0.423927
1520617002.216651917 -0.925442 -10.756178 0.253956 -0.328842 0.830315 -0.113654 -0.435342
1520617002.266653776 -0.932606 -10.814896 0.236050 -0.333534 0.822160 -0.124043 -0.444321
1520617002.316654682 -0.928139 -10.873428 0.220226 -0.334686 0.815864 -0.129549 -0.453395
1520617002.366656780 -0.920474 -10.934520 0.203347 -0.333206 0.813170 -0.136304 -0.457329
1520617002.416535378 -0.920994 -10.988331 0.189967 -0.333006 0.812173 -0.149713 -0.455048
1520617002.466537237 -0.918043 -11.044890 0.172408 -0.335041 0.812242 -0.166342 -0.447594
1520617002.516538143 -0.921114 -11.095021 0.147207 -0.341119 0.812555 -0.184718 -0.435054
1520617002.566540480 -0.910892 -11.135193 0.120150 -0.348648 0.813804 -0.198371 -0.420495
1520617002.616541386 -0.905431 -11.163050 0.100228 -0.355780 0.815596 -0.209921 -0.405164
1520617002.666543245 -0.907589 -11.184313 0.078757 -0.358394 0.818557 -0.220400 -0.391078
1520617002.716545343 -0.912512 -11.190547 0.053501 -0.354542 0.825362 -0.226372 -0.376607
1520617002.766546249 -0.911676 -11.202328 0.034318 -0.342060 0.836925 -0.223049 -0.364418
1520617002.816246271 -0.918296 -11.199244 0.007132 -0.326506 0.848553 -0.215973 -0.355959
1520617002.866247177 -0.932090 -11.187762 -0.004705 -0.312416 0.860343 -0.203111 -0.347783
1520617002.916249514 -0.960584 -11.168080 -0.024842 -0.302446 0.868622 -0.192367 -0.342078
1520617002.966250420 -0.990124 -11.152786 -0.035753 -0.297875 0.874549 -0.180074 -0.337649
1520617003.016253233 -1.024900 -11.132798 -0.038888 -0.297722 0.878228 -0.170641 -0.333105
1520617003.066254377 -1.061367 -11.102387 -0.041774 -0.301450 0.880914 -0.162960 -0.326438
1520617003.116255283 -1.101506 -11.079555 -0.040499 -0.299536 0.884458 -0.156827 -0.321585
1520617003.166257143 -1.133143 -11.066480 -0.030157 -0.294367 0.888048 -0.148698 -0.320323
1520617003.216340065 -1.171294 -11.063432 -0.001447 -0.297810 0.887470 -0.136433 -0.324178
1520617003.266340971 -1.215053 -11.056156 0.022202 -0.302979 0.884816 -0.129904 -0.329285
1520617003.316343069 -1.248530 -11.051150 0.051223 -0.306161 0.880969 -0.127331 -0.337558
1520617003.366345167 -1.285693 -11.049047 0.082578 -0.309316 0.876530 -0.131553 -0.344548
1520617003.416344881 -1.317902 -11.049295 0.120952 -0.313015 0.873094 -0.132344 -0.349589
1520617003.466347218 -1.366571 -11.056836 0.162294 -0.317362 0.870121 -0.129977 -0.353945
1520617003.516349077 -1.404929 -11.060333 0.206416 -0.318957 0.867352 -0.121372 -0.362264
1520617003.566350222 -1.439013 -11.071693 0.249307 -0.317481 0.864984 -0.112164 -0.372060
1520617003.616839886 -1.478098 -11.090143 0.304883 -0.315293 0.864493 -0.106235 -0.376770
1520617003.666840553 -1.508139 -11.109558 0.353398 -0.319225 0.860304 -0.102717 -0.383955
1520617003.716842890 -1.540000 -11.137617 0.405783 -0.324079 0.855504 -0.099835 -0.391304
1520617003.766843796 -1.567844 -11.169851 0.453733 -0.324890 0.852125 -0.096817 -0.398693
1520617003.816845655 -1.592684 -11.203639 0.500924 -0.323964 0.848673 -0.093607 -0.407478
1520617003.866847754 -1.613101 -11.250811 0.553520 -0.320235 0.845708 -0.090055 -0.417274
1520617003.916848660 -1.631343 -11.291223 0.597968 -0.315509 0.841524 -0.089156 -0.429352
1520617003.966850758 -1.647116 -11.326912 0.638178 -0.311646 0.837129 -0.091244 -0.440189
1520617004.017410994 -1.656365 -11.375407 0.683357 -0.311334 0.832021 -0.093048 -0.449616
1520617004.067412853 -1.660804 -11.425069 0.723153 -0.315642 0.827039 -0.096912 -0.454956
1520617004.117413998 -1.657365 -11.479115 0.758939 -0.322118 0.824123 -0.105504 -0.453795
1520617004.167415857 -1.646676 -11.521227 0.786029 -0.327137 0.824929 -0.118290 -0.445512
1520617004.217417002 -1.624473 -11.565596 0.805967 -0.328372 0.829956 -0.131499 -0.431338
1520617004.267418861 -1.606979 -11.606493 0.828695 -0.329470 0.835649 -0.143009 -0.415559
1520617004.317420959 -1.592497 -11.638801 0.848123 -0.331666 0.840158 -0.154324 -0.400395
1520617004.367422104 -1.572746 -11.653048 0.859005 -0.330025 0.846961 -0.165886 -0.382391
1520617004.417423964 -1.559669 -11.675465 0.879162 -0.330329 0.853723 -0.173526 -0.363219
1520617004.467167854 -1.559087 -11.681986 0.898239 -0.330958 0.860357 -0.179056 -0.343791
1520617004.517169714 -1.559304 -11.677308 0.910973 -0.329808 0.867208 -0.178195 -0.327755
1520617004.567170858 -1.558839 -11.665213 0.925689 -0.325188 0.873927 -0.170300 -0.318595
1520617004.617172718 -1.570387 -11.648667 0.949244 -0.320332 0.879912 -0.159735 -0.312452
1520617004.667174816 -1.587513 -11.622371 0.970418 -0.316878 0.885390 -0.148257 -0.306093
1520617004.717175961 -1.606614 -11.596615 0.994802 -0.312259 0.890258 -0.138057 -0.301454
1520617004.767177820 -1.629628 -11.566833 1.019833 -0.308283 0.894332 -0.128345 -0.297756
1520617004.817179680 -1.655749 -11.533856 1.046112 -0.304324 0.897867 -0.119659 -0.294793
1520617004.866488695 -1.677003 -11.494219 1.074682 -0.298403 0.900884 -0.111638 -0.294791
1520617004.916490555 -1.701552 -11.474083 1.116691 -0.293655 0.901925 -0.100654 -0.300278
1520617004.966491461 -1.730877 -11.455813 1.160050 -0.292200 0.899847 -0.092945 -0.310251
1520617005.016493559 -1.754764 -11.436989 1.200143 -0.287321 0.897672 -0.088236 -0.322253
1520617005.066495657 -1.771484 -11.429935 1.251995 -0.282609 0.894367 -0.082149 -0.336883
1520617005.116496563 -1.807082 -11.430350 1.304297 -0.280143 0.889833 -0.078007 -0.351613
1520617005.166499615 -1.842480 -11.426874 1.351357 -0.280252 0.882576 -0.073730 -0.370247
1520617005.216499567 -1.876424 -11.431645 1.405040 -0.281422 0.874605 -0.069392 -0.388654
1520617005.266826630 -1.909294 -11.442992 1.458202 -0.282481 0.867328 -0.067599 -0.404200
1520617005.316826820 -1.948667 -11.458980 1.510355 -0.284080 0.860638 -0.069361 -0.416881
1520617005.366903543 -1.977034 -11.469724 1.562245 -0.285642 0.852780 -0.072649 -0.431159
1520617005.416829824 -1.999042 -11.485501 1.612986 -0.287762 0.842887 -0.076627 -0.448178
1520617005.466831684 -2.025341 -11.495632 1.657804 -0.291831 0.829326 -0.085160 -0.468830
1520617005.516832590 -2.043959 -11.525248 1.716509 -0.291018 0.815978 -0.092908 -0.490770
1520617005.566834688 -2.050416 -11.560466 1.762680 0.288894 -0.800084 0.099125 0.516314
1520617005.616835594 -2.052144 -11.587293 1.796557 0.283240 -0.782566 0.107478 0.543888
1520617005.667318821 -2.054299 -11.621986 1.850986 0.283925 -0.764076 0.111470 0.568462
1520617005.717319965 -2.047447 -11.653782 1.874260 0.282145 -0.744929 0.120499 0.592415
1520617005.767322063 -2.030142 -11.683731 1.886822 0.281720 -0.726762 0.132089 0.612375
1520617005.817322731 -2.018004 -11.716299 1.897877 0.283013 -0.712366 0.147321 0.625088
1520617005.867325068 -1.998404 -11.754807 1.896522 0.286765 -0.700489 0.163720 0.632674
1520617005.917326927 -1.979080 -11.793924 1.892857 0.290612 -0.690952 0.181870 0.636438
1520617005.967327833 -1.945351 -11.831523 1.867290 0.292688 -0.680866 0.195390 0.642322
1520617006.017329931 -1.916691 -11.866655 1.851144 0.297702 -0.673373 0.206665 0.644385
1520617006.066761732 -1.877958 -11.904181 1.814965 0.298505 -0.668535 0.217267 0.645562
1520617006.116764069 -1.841412 -11.933678 1.774884 0.300417 -0.666345 0.231848 0.641857
1520617006.166764975 -1.811109 -11.955692 1.735532 0.307014 -0.669343 0.243180 0.631336
1520617006.216767073 -1.787020 -11.970221 1.686890 0.316995 -0.673864 0.249611 0.618963
1520617006.266768932 -1.761392 -11.979697 1.641603 0.328601 -0.682243 0.252811 0.602207
1520617006.316769838 -1.742225 -11.980913 1.583352 0.339421 -0.689619 0.256929 0.585839
1520617006.366772175 -1.737112 -11.970790 1.518991 0.349222 -0.697814 0.262703 0.567527
1520617006.416774035 -1.726559 -11.957946 1.453043 0.354395 -0.705809 0.262663 0.554297
1520617006.466332436 -1.707564 -11.938475 1.388924 0.355662 -0.716112 0.256925 0.542842
1520617006.516334534 -1.707576 -11.904226 1.336562 0.355245 -0.730175 0.248234 0.528229
1520617006.566335678 -1.702755 -11.863661 1.278316 0.350569 -0.744702 0.237440 0.515890
1520617006.616337538 -1.706810 -11.810701 1.215895 0.344824 -0.757344 0.228627 0.505229
1520617006.666338444 -1.709334 -11.753436 1.145621 -0.335851 0.771179 -0.221796 -0.493248
1520617006.716341496 -1.719189 -11.689112 1.065345 -0.328386 0.781519 -0.218687 -0.483287
1520617006.766341448 -1.707369 -11.634384 1.009925 -0.319330 0.793743 -0.210157 -0.473111
1520617006.816347599 -1.697444 -11.579491 0.957270 -0.308844 0.806135 -0.201448 -0.462797
1520617006.866345644 -1.687477 -11.522017 0.900033 -0.294366 0.819283 -0.192331 -0.452916
1520617006.916496515 -1.652824 -11.475213 0.845835 -0.273917 0.833095 -0.181666 -0.444881
1520617006.966498613 -1.612378 -11.430687 0.804087 -0.253598 0.847667 -0.170097 -0.433839
1520617007.016545534 -1.598063 -11.394011 0.769283 -0.243424 0.860293 -0.161660 -0.417740
1520617007.066501379 -1.567163 -11.370268 0.743211 -0.236144 0.869909 -0.153739 -0.404794
1520617007.116502523 -1.539218 -11.354869 0.712313 -0.232927 0.876589 -0.151288 -0.393000
1520617007.166504622 -1.507254 -11.353614 0.689421 -0.232709 0.882991 -0.150533 -0.378831
1520617007.216505766 -1.467316 -11.363651 0.668002 -0.232224 0.889953 -0.153339 -0.361307
1520617007.266507626 -1.444408 -11.378129 0.652380 -0.234937 0.894660 -0.161338 -0.344032
1520617007.316927910 -1.417839 -11.395672 0.640160 -0.236547 0.897307 -0.169262 -0.332017
1520617007.366930008 -1.396573 -11.411000 0.629906 -0.239490 0.896992 -0.176073 -0.327182
1520617007.416930914 -1.379748 -11.431465 0.626198 -0.242019 0.894925 -0.182055 -0.327708
1520617007.466932774 -1.373623 -11.448455 0.628386 -0.245764 0.891927 -0.187003 -0.330298
1520617007.516935110 -1.372362 -11.459189 0.629910 -0.249598 0.888162 -0.191960 -0.334694
1520617007.566936016 -1.377516 -11.472265 0.637656 -0.254020 0.885036 -0.193746 -0.338596
1520617007.616937876 -1.388790 -11.474794 0.645342 -0.256981 0.881956 -0.194338 -0.344015
1520617007.666939020 -1.412708 -11.478690 0.660683 -0.262165 0.877908 -0.192408 -0.351462
1520617007.716563463 -1.432533 -11.475889 0.675671 -0.266122 0.873512 -0.190980 -0.360115
1520617007.766564369 -1.457081 -11.471493 0.693487 -0.271231 0.867292 -0.191275 -0.371016
1520617007.816566467 -1.486148 -11.468304 0.712085 -0.275436 0.861556 -0.189241 -0.382158
1520617007.866568565 -1.507881 -11.460767 0.731504 -0.275765 0.857838 -0.180706 -0.394224
1520617007.916569471 -1.536203 -11.456523 0.756661 -0.274971 0.852387 -0.171992 -0.410178
1520617007.966571331 -1.565100 -11.458143 0.785039 -0.272960 0.845972 -0.164881 -0.427362
1520617008.016573429 -1.595780 -11.453218 0.815434 -0.271092 0.838678 -0.158522 -0.444972
1520617008.066574335 -1.625443 -11.451345 0.846915 -0.267314 0.831359 -0.150787 -0.463302
1520617008.116702557 -1.652191 -11.461371 0.891062 -0.263918 0.824561 -0.140699 -0.480261
1520617008.166703701 -1.668054 -11.470670 0.925959 -0.257193 0.817620 -0.137042 -0.496558
1520617008.216705561 -1.673849 -11.488563 0.960993 0.253976 -0.809152 0.137397 0.511753
1520617008.266706705 -1.666439 -11.514911 0.995709 0.261162 -0.797587 0.139574 0.525518
1520617008.316708803 -1.652635 -11.546324 1.024356 0.275760 -0.784437 0.149685 0.534986
1520617008.366709709 -1.646184 -11.574819 1.033006 0.293365 -0.773635 0.168873 0.535638
1520617008.416711807 -1.629760 -11.604402 1.035092 0.310084 -0.767616 0.186857 0.528865
1520617008.466712713 -1.622908 -11.627471 1.028684 0.327402 -0.764245 0.204262 0.516735
1520617008.517258883 -1.611946 -11.645067 0.987797 0.336613 -0.763366 0.215959 0.507273
1520617008.567260742 -1.590449 -11.657253 0.968789 -0.341573 0.766502 -0.219851 -0.497461
1520617008.617261648 -1.571498 -11.658968 0.946668 -0.341445 0.773017 -0.220358 -0.487138
1520617008.667280674 -1.581690 -11.651248 0.921321 -0.342715 0.782003 -0.220032 -0.471808
1520617008.717264652 -1.575373 -11.635172 0.904125 -0.337257 0.792786 -0.211836 -0.461383
1520617008.767266750 -1.579063 -11.613387 0.886015 -0.330678 0.804426 -0.200412 -0.450982
1520617008.817267895 -1.584804 -11.585982 0.866413 -0.323077 0.816053 -0.185738 -0.441792
1520617008.867269754 -1.589825 -11.555721 0.849707 -0.313413 0.827683 -0.169703 -0.433491
1520617008.917270660 -1.596359 -11.527671 0.831566 -0.304197 0.838167 -0.155465 -0.425172
1520617008.966611862 -1.602700 -11.489755 0.813242 -0.294517 0.847579 -0.144937 -0.416968
1520617009.016613007 -1.600466 -11.466873 0.795785 -0.284994 0.855283 -0.132622 -0.411924
1520617009.066614866 -1.604923 -11.434291 0.774061 -0.274882 0.862580 -0.121604 -0.406950
1520617009.116616726 -1.602583 -11.412050 0.760392 -0.263913 0.869234 -0.107888 -0.403909
1520617009.166617870 -1.583218 -11.394429 0.753500 -0.251524 0.875254 -0.093499 -0.402398
1520617009.216619968 -1.569940 -11.392709 0.741763 -0.248381 0.878725 -0.086386 -0.398355
1520617009.266621113 -1.562035 -11.395460 0.734939 -0.252959 0.879907 -0.088228 -0.392417
1520617009.316622972 -1.556469 -11.401076 0.723031 -0.261772 0.880369 -0.098110 -0.383145
1520617009.367223024 -1.541421 -11.417253 0.723377 -0.270211 0.879868 -0.108849 -0.375461
1520617009.417223930 -1.531575 -11.431666 0.721874 -0.277457 0.878880 -0.120167 -0.368981
1520617009.467226267 -1.527367 -11.438218 0.719049 -0.282187 0.876629 -0.130516 -0.367230
1520617009.517227173 -1.527485 -11.443660 0.724387 -0.284921 0.873916 -0.136191 -0.369517
1520617009.567229033 -1.534650 -11.447754 0.732036 -0.285496 0.871632 -0.138398 -0.373626
1520617009.617230177 -1.541156 -11.451728 0.742231 -0.284317 0.869159 -0.137674 -0.380490
1520617009.667233229 -1.552703 -11.451189 0.752636 -0.283006 0.866190 -0.136174 -0.388688
1520617009.717233181 -1.566048 -11.446753 0.762222 -0.282602 0.862497 -0.133906 -0.397875
1520617009.766969919 -1.575637 -11.444467 0.771542 -0.280033 0.859938 -0.130219 -0.406364
1520617009.816970825 -1.577345 -11.444383 0.779769 -0.274199 0.860299 -0.125703 -0.410974
1520617009.866972685 -1.585879 -11.447232 0.784011 -0.272308 0.858883 -0.126191 -0.415022
1520617009.916973829 -1.585190 -11.453891 0.789579 -0.271663 0.856568 -0.130326 -0.418934
1520617009.966975927 -1.581431 -11.463914 0.789460 -0.273801 0.854391 -0.139211 -0.419130
1520617010.016976833 -1.567215 -11.478132 0.788739 -0.278083 0.852984 -0.148161 -0.416097
1520617010.066979885 -1.562405 -11.487414 0.791452 -0.285999 0.851333 -0.156036 -0.411205
1520617010.116979837 -1.562888 -11.491549 0.792162 -0.294405 0.849736 -0.160581 -0.406802
1520617010.167055130 -1.563839 -11.490763 0.790436 -0.300015 0.849641 -0.158827 -0.403579
1520617010.217056274 -1.562087 -11.479989 0.789312 -0.300072 0.851409 -0.151985 -0.402443
1520617010.267058372 -1.562056 -11.468095 0.788150 -0.296565 0.853846 -0.142632 -0.403303
1520617010.317060232 -1.559027 -11.456280 0.786681 -0.291379 0.856822 -0.132984 -0.404066
1520617010.367061377 -1.562179 -11.444972 0.779429 -0.286902 0.859915 -0.128376 -0.402185
1520617010.417062283 -1.561334 -11.440838 0.774792 -0.283638 0.862632 -0.126735 -0.399191
1520617010.467064142 -1.554948 -11.438656 0.774322 -0.283314 0.863731 -0.126502 -0.397113
1520617010.517065287 -1.556303 -11.436521 0.777491 -0.285600 0.863703 -0.128557 -0.394871
1520617010.566926718 -1.555402 -11.436994 0.779929 -0.289002 0.862893 -0.130934 -0.393382
1520617010.616927862 -1.559509 -11.432780 0.783940 -0.291838 0.862357 -0.132812 -0.391831
1520617010.666929722 -1.561412 -11.432216 0.784927 -0.292456 0.862294 -0.132951 -0.391462
1520617010.716931820 -1.558588 -11.435369 0.786785 -0.291813 0.861817 -0.129441 -0.394160
1520617010.766932726 -1.561145 -11.436535 0.792319 -0.291011 0.861165 -0.125128 -0.397555
1520617010.816934824 -1.566536 -11.437495 0.788977 -0.289216 0.860585 -0.124016 -0.400459
1520617010.866935968 -1.573101 -11.438355 0.790188 -0.287944 0.859425 -0.125378 -0.403432
1520617010.916937828 -1.569270 -11.436734 0.792465 -0.286350 0.858362 -0.126860 -0.406356
1520617010.966973066 -1.567042 -11.432782 0.791352 -0.286054 0.856968 -0.129550 -0.408651
1520617011.016974926 -1.561128 -11.431031 0.792493 -0.285174 0.856391 -0.130175 -0.410275
1520617011.066977024 -1.567317 -11.431948 0.795978 -0.286063 0.856155 -0.131626 -0.409685
1520617011.116977930 -1.564826 -11.430831 0.798159 -0.286043 0.855739 -0.132294 -0.410352
1520617011.166980028 -1.562705 -11.429247 0.799130 -0.286403 0.855205 -0.132609 -0.411111
1520617011.216981173 -1.565337 -11.425408 0.799215 -0.286729 0.854925 -0.133627 -0.411137
1520617011.266983032 -1.566984 -11.426016 0.802088 -0.287812 0.854907 -0.134429 -0.410155
1520617011.316984892 -1.565628 -11.422684 0.800871 -0.290207 0.854149 -0.135876 -0.409569
1520617011.366986036 -1.564882 -11.416989 0.803710 -0.294863 0.851699 -0.140736 -0.409705
1520617011.417001724 -1.566416 -11.420164 0.803482 -0.298436 0.850270 -0.149702 -0.406899
1520617011.467003822 -1.571831 -11.416639 0.800661 -0.299121 0.850826 -0.159149 -0.401614
1520617011.517005682 -1.571015 -11.415253 0.802632 -0.298041 0.851781 -0.161758 -0.399345
1520617011.567006826 -1.568878 -11.413399 0.801646 -0.295601 0.851845 -0.161650 -0.401060
1520617011.617007732 -1.569536 -11.409434 0.797800 -0.290316 0.851814 -0.160906 -0.405264
1520617011.667009592 -1.565456 -11.407510 0.793512 -0.281023 0.854147 -0.156018 -0.408800
1520617011.717010736 -1.573747 -11.403920 0.793069 -0.274724 0.856347 -0.151475 -0.410185
1520617011.767012596 -1.568739 -11.406772 0.789147 -0.272294 0.855976 -0.149745 -0.413203
1520617011.816890717 -1.555835 -11.408059 0.789957 -0.273684 0.853680 -0.150530 -0.416735
1520617011.866893768 -1.562585 -11.410409 0.789324 -0.280481 0.849743 -0.157685 -0.417616
1520617011.916892767 -1.565486 -11.413691 0.790427 -0.288474 0.845815 -0.161079 -0.418848
1520617011.966894627 -1.569548 -11.413109 0.789325 -0.291366 0.844094 -0.163502 -0.419379
1520617012.016895771 -1.570691 -11.414682 0.789001 -0.289557 0.845385 -0.161383 -0.418852
1520617012.066897869 -1.572324 -11.410081 0.792624 -0.287479 0.846790 -0.153208 -0.420512
1520617012.116898537 -1.567678 -11.407877 0.796487 -0.284251 0.848556 -0.146077 -0.421682
1520617012.166900873 -1.565753 -11.407652 0.797285 -0.283791 0.848627 -0.145692 -0.421982
1520617012.216942787 -1.576926 -11.404228 0.798125 -0.287833 0.846453 -0.150307 -0.421993
1520617012.266944647 -1.568393 -11.404035 0.801192 -0.289104 0.845036 -0.153533 -0.422801
1520617012.316946507 -1.573920 -11.401660 0.802903 -0.291237 0.844954 -0.154707 -0.421070
1520617012.366947651 -1.574551 -11.398522 0.805961 -0.289275 0.848480 -0.149571 -0.417169
1520617012.416949511 -1.571035 -11.398822 0.806400 -0.286848 0.849784 -0.147146 -0.417054
1520617012.466950655 -1.572149 -11.399405 0.808957 -0.285322 0.850189 -0.147621 -0.417107
1520617012.516952753 -1.568900 -11.397975 0.805969 -0.284617 0.849731 -0.147300 -0.418632
1520617012.566953659 -1.572738 -11.394924 0.808000 -0.289185 0.847524 -0.145457 -0.420616
1520617012.616968870 -1.573603 -11.393516 0.805030 -0.290206 0.846468 -0.146236 -0.421767
1520617012.666970730 -1.579409 -11.393037 0.804355 -0.291399 0.844381 -0.147064 -0.424828
1520617012.716971874 -1.571883 -11.394079 0.801549 -0.289585 0.843757 -0.145178 -0.427947
1520617012.766973734 -1.574478 -11.392137 0.801228 -0.286767 0.844981 -0.143572 -0.427970
1520617012.816974640 -1.571741 -11.392026 0.799170 -0.282783 0.845889 -0.141332 -0.429571
1520617012.866976976 -1.576322 -11.388704 0.793276 -0.283738 0.843756 -0.140885 -0.433267
1520617012.916977644 -1.578461 -11.388696 0.792711 -0.285169 0.841666 -0.142968 -0.435702
1520617012.966979742 -1.577421 -11.388322 0.792234 -0.285328 0.840287 -0.146162 -0.437199
1520617013.017035723 -1.574953 -11.388088 0.791688 -0.285963 0.839450 -0.146392 -0.438314
1520617013.067037582 -1.575930 -11.388569 0.789308 -0.288274 0.839050 -0.145467 -0.437873
1520617013.117038488 -1.581607 -11.384578 0.790029 -0.290316 0.838945 -0.146584 -0.436351
1520617013.167040586 -1.588234 -11.380807 0.790313 -0.292338 0.839180 -0.148680 -0.433831
1520617013.217041492 -1.588774 -11.381897 0.793321 -0.292926 0.839549 -0.149335 -0.432494
1520617013.267043352 -1.586598 -11.384621 0.793990 -0.292194 0.839555 -0.148739 -0.433182
1520617013.317044497 -1.580553 -11.385352 0.790574 -0.291120 0.839248 -0.147327 -0.434978
1520617013.367046595 -1.579968 -11.385951 0.790782 -0.291014 0.839268 -0.147194 -0.435055
1520617013.417049646 -1.580132 -11.383118 0.789892 -0.292739 0.838194 -0.149364 -0.435231
1520617013.467054605 -1.578645 -11.385706 0.791605 -0.296336 0.837530 -0.151145 -0.433454
1520617013.517052650 -1.576909 -11.386128 0.790392 -0.299710 0.838356 -0.151554 -0.429377
1520617013.567054749 -1.569026 -11.389188 0.789343 -0.303269 0.840154 -0.150291 -0.423772
1520617013.617055893 -1.567756 -11.395095 0.791234 -0.307128 0.841270 -0.152582 -0.417918
1520617013.667143822 -1.566539 -11.396731 0.787183 -0.308241 0.842732 -0.156914 -0.412516
1520617013.717058659 -1.570845 -11.395376 0.786316 -0.308966 0.843655 -0.158758 -0.409368
1520617013.767060757 -1.559037 -11.397591 0.791869 -0.307275 0.845111 -0.155957 -0.408713
1520617013.817061663 -1.559552 -11.398714 0.792545 -0.309338 0.845652 -0.154828 -0.406462
1520617013.866967678 -1.555460 -11.402956 0.790268 -0.309761 0.847455 -0.152950 -0.403081
1520617013.916969538 -1.549095 -11.411588 0.793187 -0.309741 0.848438 -0.149221 -0.402426
1520617013.966970682 -1.550862 -11.413988 0.791582 -0.309131 0.849256 -0.148152 -0.401563
1520617014.016972542 -1.548001 -11.418407 0.791332 -0.309436 0.849345 -0.147191 -0.401494
1520617014.066973448 -1.544187 -11.418814 0.791379 -0.310384 0.849036 -0.147128 -0.401440
1520617014.116975784 -1.538536 -11.415517 0.789263 -0.312594 0.847960 -0.148227 -0.401594
1520617014.166976690 -1.534365 -11.411889 0.790858 -0.313768 0.847405 -0.148852 -0.401619
1520617014.216978550 -1.533925 -11.413589 0.791065 -0.314588 0.847095 -0.148016 -0.401940
1520617014.266916752 -1.536558 -11.415377 0.790668 -0.314799 0.847232 -0.145905 -0.402257
1520617014.316917658 -1.526903 -11.414007 0.792243 -0.312047 0.848522 -0.139895 -0.403815
1520617014.366919518 -1.525040 -11.409489 0.795261 -0.308658 0.850285 -0.135309 -0.404275
1520617014.416920662 -1.514995 -11.406729 0.795720 -0.304433 0.852266 -0.130744 -0.404807
