1520530731.400018454 0.0 0.0 0.0 0.0 0.0 0.0 1.0
1520530731.450020313 0.889503 -0.257964 -0.272990 -0.002131 -0.003542 0.002827 0.999987
1520530731.500021219 -0.021842 -0.171390 -0.508425 -0.005710 0.006576 0.006947 0.999938
1520530731.550009966 0.222257 -0.010349 -1.445051 -0.011171 0.009535 0.009096 0.999851
1520530731.600011110 0.624321 0.098037 -0.578318 -0.013764 0.012121 0.009900 0.999783
1520530731.650012016 -0.353977 0.160384 -0.481273 -0.012637 0.013494 0.012937 0.999745
1520530731.700013876 -0.987680 0.094659 0.279286 -0.009817 0.010224 0.014520 0.999794
1520530731.750015974 -1.633374 -0.443677 -0.174496 -0.006167 0.006335 0.014168 0.999861
1520530731.800016880 -2.361178 -0.477189 0.475956 -0.005952 0.005360 0.014121 0.999868
1520530731.850101948 -1.858897 -0.534080 1.310888 -0.007761 0.007787 0.012359 0.999863
1520530731.900019884 -1.495958 -0.565551 0.383894 -0.008899 0.014476 0.010356 0.999802
1520530731.950036049 -1.376023 -0.705338 1.369560 -0.008109 0.024289 0.009949 0.999623
1520530732.000037193 -1.764667 -0.706406 2.287610 -0.007503 0.026977 0.013776 0.999513
1520530732.050039053 -1.776495 -0.737038 1.309051 -0.011705 0.021135 0.016768 0.999567
1520530732.100039959 -1.412143 -0.459011 0.435047 -0.015998 0.018137 0.018620 0.999534
1520530732.150042057 -0.741816 0.014319 -0.126221 -0.016040 0.018155 0.018865 0.999529
1520530732.200043917 -0.310183 0.187195 -1.005006 -0.015811 0.017412 0.019610 0.999531
1520530732.250044823 -1.185858 0.581876 -0.867466 -0.013635 0.019799 0.016291 0.999578
1520530732.300047159 -1.735390 0.511278 -1.693613 -0.012817 0.016522 0.014887 0.999671
1520530732.350048065 -1.401420 0.454916 -2.577948 -0.015632 0.014231 0.014959 0.999665
1520530732.400058270 -2.284692 0.889663 -2.614540 -0.018128 0.017702 0.017207 0.999531
1520530732.450059175 -2.053057 0.048649 -2.125335 -0.021634 0.017700 0.019531 0.999418
1520530732.500061512 -1.583248 0.101625 -2.983672 -0.023701 0.017602 0.022035 0.999321
1520530732.550063372 -2.015684 -0.207083 -3.810608 -0.023368 0.016585 0.028013 0.999197
1520530732.600064278 -1.164198 0.031372 -3.356064 -0.022191 0.013450 0.032504 0.999135
1520530732.650066376 -1.087116 -0.121003 -4.325671 -0.022101 0.013435 0.032595 0.999134
1520530732.700067282 -1.181167 -0.304878 -5.293664 -0.022050 0.013440 0.032550 0.999136
1520530732.750069618 -0.912728 -1.262930 -5.457312 -0.025472 0.011997 0.028330 0.999202
1520530732.800092936 -1.575153 -1.353445 -4.728745 -0.024503 0.010139 0.026220 0.999304
1520530732.850094080 -1.054971 -1.223463 -3.907550 -0.024530 0.009884 0.022840 0.999389
1520530732.900095940 -1.129131 -0.993095 -2.987810 -0.025268 0.006894 0.023636 0.999377
1520530732.950096846 -0.887628 -0.024121 -3.031471 0.265261 0.964022 -0.017253 0.001218
1520530733.000099182 -1.560814 0.655490 -2.925187 0.264005 0.964352 -0.017697 0.003575
1520530733.050099850 -2.474770 0.564323 -3.280602 0.263731 0.964383 -0.019276 0.006298
1520530733.100101948 -2.226758 -0.079035 -2.551436 0.263785 0.964327 -0.020857 0.007474
1520530733.150104046 -1.474203 0.248962 -3.121957 0.549220 -0.130601 0.634815 -0.527552
1520530733.200103760 -1.044625 1.116712 -3.079790 0.547811 -0.129078 0.635369 -0.528724
1520530733.250105858 -0.488022 0.724999 -3.811630 0.546157 -0.128710 0.634467 -0.531599
1520530733.300106764 -0.968436 -0.143520 -3.706508 0.544652 -0.127335 0.635187 -0.532614
1520530733.350112677 -1.568307 -0.937972 -3.710022 0.543408 -0.128205 0.635383 -0.533442
1520530733.400109768 -2.322649 -1.158497 -4.266291 0.545368 -0.129954 0.634394 -0.532194
1520530733.450195789 -1.658224 -0.429184 -4.118613 0.549292 -0.132317 0.632902 -0.529345
1520530733.500113010 -2.205642 -0.365819 -4.881438 0.554567 -0.136806 0.631186 -0.524731
1520530733.550114870 -2.864425 -0.793654 -5.442333 0.561819 -0.138873 0.629464 -0.518506
1520530733.600102663 -2.762563 -0.086390 -6.037633 0.562010 -0.142240 0.631191 -0.515278
1520530733.650104523 -2.418383 0.830144 -5.877978 0.561400 -0.141396 0.631835 -0.515385
1520530733.700105429 -3.242531 0.609282 -6.294816 0.557216 -0.136729 0.631320 -0.521776
1520530733.750107765 -2.505199 0.734178 -5.630908 0.550251 -0.131925 0.633707 -0.527479
1520530733.800109625 -1.516512 0.864456 -5.523493 0.547028 -0.128541 0.633267 -0.532175
1520530733.850110531 -1.192596 1.669516 -5.991679 0.547127 -0.128768 0.633213 -0.532082
1520530733.900112629 -0.848803 1.020705 -6.654762 0.550158 -0.129526 0.634879 -0.526761
1520530733.950113535 -1.608549 0.410808 -6.789041 0.551740 -0.130968 0.635148 -0.524421
1520530734.000144958 -2.174229 0.442441 -7.603472 0.551733 -0.131153 0.635019 -0.524538
1520530734.050145864 -1.389648 1.000086 -7.510229 0.552735 -0.129934 0.633326 -0.525832
1520530734.100147724 -2.127977 0.556540 -8.011534 0.555564 -0.129007 0.630519 -0.526452
1520530734.150148869 -2.634022 0.808364 -8.825015 0.556197 -0.128540 0.629648 -0.526940
1520530734.200150728 -3.205015 0.622673 -9.618068 0.555462 -0.127129 0.629906 -0.527748
1520530734.250152588 -3.575875 -0.296629 -9.515828 0.556581 -0.126090 0.628956 -0.527952
1520530734.300153971 -4.124317 -1.090969 -9.307935 0.559159 -0.126374 0.628628 -0.525545
1520530734.350155830 -3.356910 -0.562340 -9.047850 0.561850 -0.127023 0.626828 -0.524668
1520530734.400153160 -2.944096 0.345290 -8.933979 0.562234 -0.126494 0.625935 -0.525450
1520530734.450154305 -2.200200 0.322006 -8.290546 0.562542 -0.123220 0.624813 -0.527231
1520530734.500156164 -1.985795 -0.489036 -7.770730 0.564670 -0.120836 0.622932 -0.527733
1520530734.550158024 -1.676497 0.438610 -7.820815 0.566494 -0.121366 0.622982 -0.525593
1520530734.600159168 -2.068795 -0.479254 -7.918242 0.568903 -0.121161 0.620755 -0.525673
1520530734.650161266 -2.581785 -1.307011 -7.679434 0.570596 -0.119632 0.619117 -0.526121
1520530734.700161934 -1.885274 -0.612938 -7.824201 0.572171 -0.118847 0.616885 -0.527209
1520530734.750163317 -2.301218 -1.499680 -7.607962 0.572131 -0.118712 0.617023 -0.527121
1520530734.800165176 -3.091490 -2.070701 -7.800680 0.572943 -0.117863 0.618704 -0.524451
1520530734.850171328 -2.680660 -2.632523 -8.502268 0.575935 -0.118448 0.620532 -0.518853
1520530734.900172472 -2.581399 -3.062070 -9.400188 -0.426135 -0.358877 0.699567 0.447462
1520530734.950177431 -3.470048 -3.131286 -9.726421 -0.428575 -0.361498 0.698217 0.445125
1520530735.000175714 -4.374760 -2.878637 -10.005103 -0.428666 -0.361493 0.698268 0.444960
1520530735.050265551 -3.771208 -2.144559 -9.729048 -0.428975 -0.359867 0.699616 0.443862
1520530735.100178480 -4.227059 -2.703419 -10.404379 -0.428517 -0.356103 0.702252 0.443177
1520530735.150180578 -4.546515 -3.100114 -11.266412 -0.426692 -0.354613 0.702796 0.445264
1520530735.200181484 -5.270891 -3.345002 -10.691540 -0.422270 -0.351625 0.705418 0.447698
1520530735.250203133 -5.698427 -4.049668 -10.125270 -0.419102 -0.347407 0.708115 0.449706
1520530735.300204039 -6.059604 -4.553610 -9.390760 -0.416860 -0.344489 0.708645 0.453186
1520530735.350206137 -6.573917 -5.273655 -8.901955 -0.417838 -0.343955 0.707919 0.453826
1520530735.400208235 -7.064165 -5.969493 -8.377223 -0.420455 -0.345760 0.706214 0.452692
1520530735.450209141 -7.379026 -6.415154 -7.547634 -0.422296 -0.346923 0.704205 0.453216
1520530735.500211239 -6.914956 -5.897933 -8.263198 -0.422860 -0.343409 0.705704 0.453037
1520530735.550212145 -6.103898 -5.529551 -8.715946 -0.420642 -0.339609 0.707522 0.455125
1520530735.600214005 -5.153936 -5.541417 -8.607079 -0.417775 -0.336601 0.708539 0.458406
1520530735.650176287 -4.419825 -5.785520 -7.978002 -0.418945 -0.337222 0.707256 0.458863
1520530735.700178146 -3.976970 -5.861852 -8.868936 -0.419791 -0.338256 0.706068 0.459157
1520530735.750179291 -4.419874 -6.719972 -8.987436 -0.420367 -0.342225 0.704715 0.457766
1520530735.800181150 -4.944324 -7.268724 -8.347167 -0.422917 -0.348247 0.702154 0.454803
1520530735.850183249 -5.390182 -7.825378 -7.651573 -0.426102 -0.352937 0.702116 0.448225
1520530735.900184393 -6.199234 -8.011081 -7.192287 -0.425532 -0.355780 0.706680 0.439257
1520530735.950186253 -6.662540 -8.657635 -6.603275 -0.423365 -0.354692 0.710360 0.436285
1520530736.000188351 -7.089744 -9.283335 -5.937997 -0.417979 -0.353087 0.715115 0.435010
1520530736.050192118 -7.510354 -9.749221 -5.143613 -0.412535 -0.352908 0.719872 0.432499
1520530736.100193024 -8.109709 -10.401456 -4.667986 -0.408260 -0.356236 0.722914 0.428736
1520530736.150193930 -8.662914 -10.666669 -3.852645 -0.405848 -0.363816 0.723382 0.423843
1520530736.200196028 -7.756924 -10.565574 -4.122931 -0.403761 -0.373947 0.723269 0.417160
1520530736.250198126 -6.962769 -9.939111 -4.301328 -0.401605 -0.383403 0.721242 0.414155
1520530736.300199270 -7.554411 -10.630827 -3.891695 -0.397161 -0.389184 0.721775 0.412116
1520530736.350200176 -8.001072 -11.205867 -3.205332 -0.389837 -0.392881 0.723450 0.412663
1520530736.400202036 -8.329781 -11.948405 -2.626566 -0.381741 -0.392514 0.726637 0.414976
1520530736.450247765 -8.939672 -12.546787 -2.137869 -0.370179 -0.389986 0.732981 0.416674
1520530736.500248909 -9.491165 -13.234008 -1.664445 -0.359809 -0.387966 0.738691 0.417559
1520530736.550254822 -9.682622 -13.954436 -1.015221 -0.352187 -0.392030 0.741508 0.415262
1520530736.600251675 -10.452377 -13.722629 -1.621164 -0.345774 -0.399945 0.743640 0.409248
1520530736.650343657 -10.900209 -14.233569 -0.888689 -0.339422 -0.408657 0.745427 0.402654
1520530736.700254679 -11.335523 -14.920793 -0.327944 -0.332995 -0.413669 0.748905 0.396401
1520530736.750256538 -11.866741 -15.648367 0.102348 -0.324895 -0.415029 0.754915 0.390252
1520530736.800257683 -12.394295 -16.012812 0.881119 -0.317008 -0.416814 0.759995 0.384941
1520530736.850259781 -11.708738 -16.349001 1.529730 -0.314954 -0.420514 0.761904 0.378780
1520530736.900250196 -12.232625 -17.061760 1.985991 -0.307065 -0.421508 0.767163 0.373500
1520530736.950252295 -12.667642 -17.773833 2.532486 -0.298867 -0.423438 0.772160 0.367624
1520530737.000254154 -12.750147 -18.661797 2.952259 -0.294208 -0.428051 0.775128 0.359709
1520530737.050255060 -13.106543 -19.330361 3.600651 -0.289092 -0.437649 0.774742 0.353079
1520530737.100257397 -13.560507 -20.048921 4.120824 -0.282619 -0.448275 0.773425 0.347835
1520530737.150258064 -14.136189 -20.724383 4.581949 -0.274860 -0.454790 0.773893 0.344541
1520530737.200260162 -13.924370 -20.841940 5.550649 -0.270979 -0.457334 0.774195 0.343568
1520530737.250261307 -14.454198 -20.352075 4.852300 -0.269858 -0.453086 0.777890 0.341727
1520530737.300258875 -15.037898 -21.082666 5.214362 -0.266574 -0.444564 0.784480 0.340430
1520530737.350260735 -15.218908 -21.932540 5.678981 -0.262091 -0.432505 0.792470 0.340938
1520530737.400261879 -15.512819 -22.880927 5.800303 -0.259019 -0.416165 0.802093 0.341120
1520530737.450263739 -16.065007 -23.543161 6.304327 -0.255993 -0.402878 0.810211 0.340170
1520530737.500264645 -15.369534 -22.888091 6.012362 -0.252989 -0.392285 0.814447 0.344653
1520530737.550266981 -15.702739 -23.170766 5.113201 -0.253228 -0.385582 0.817045 0.345890
1520530737.600268841 -15.312777 -22.576837 4.406196 -0.257826 -0.390346 0.813078 0.346496
1520530737.650269747 -15.358516 -21.690620 3.999246 -0.263292 -0.404957 0.807555 0.338441
1520530737.700183392 -14.684312 -21.020814 3.683892 -0.277544 -0.422344 0.796453 0.332050
1520530737.750184298 -14.217271 -20.281155 3.199144 -0.293622 -0.436417 0.785904 0.325087
1520530737.800186157 -14.805095 -19.629516 2.746674 -0.299582 -0.442400 0.782322 0.320165
1520530737.850187302 -14.512019 -18.764864 2.341923 -0.313100 -0.443046 0.776738 0.319931
1520530737.900189161 -13.699898 -18.217549 2.267293 -0.329570 -0.441683 0.767787 0.326806
1520530737.950191021 -13.181784 -17.456995 1.901626 -0.342295 -0.443701 0.758186 0.333342
1520530738.000192165 -12.927593 -16.730413 1.264543 -0.352902 -0.452525 0.748261 0.332848
1520530738.050194263 -12.429717 -15.951005 0.885899 -0.370056 -0.467166 0.730285 0.333914
1520530738.100307703 -11.632639 -15.655658 0.372551 -0.396203 -0.472535 0.709737 0.340599
1520530738.150314808 -10.813080 -15.115260 0.266093 -0.419409 -0.474882 0.688472 0.352972
1520530738.200310707 -10.346516 -14.477423 -0.342070 -0.435077 -0.468740 0.678381 0.361648
1520530738.250403643 -9.526824 -13.901572 -0.452129 -0.448572 -0.458862 0.670709 0.371992
1520530738.300313711 -10.383288 -13.819270 0.047041 -0.460565 -0.443109 0.668356 0.380572
1520530738.350315809 -11.221068 -13.797638 0.588556 -0.470440 -0.426311 0.666656 0.390530
1520530738.400316715 -12.098899 -13.948360 1.038271 -0.479579 -0.405046 0.664919 0.404753
1520530738.450318575 -12.962521 -14.306557 1.315298 -0.484799 -0.381746 0.663291 0.423420
1520530738.500566959 -13.824872 -13.932318 1.618478 -0.481713 -0.360521 0.667619 0.438478
1520530738.550567865 -14.717743 -13.746505 1.993106 -0.479280 -0.339096 0.668794 0.456092
1520530738.600570202 -14.647555 -12.822081 2.350646 -0.475290 -0.334237 0.667515 0.465627
1520530738.650571108 -14.976865 -12.000271 2.845879 -0.475343 -0.315780 0.670157 0.474576
1520530738.700572968 -14.103311 -11.664915 2.489285 -0.474932 -0.292329 0.668989 0.491363
1520530738.750574112 -14.973752 -11.632844 2.959002 -0.472409 -0.266681 0.668600 0.508611
1520530738.800575972 -15.825246 -11.656953 3.490236 -0.469934 -0.243018 0.666393 0.525381
1520530738.850576878 -16.666540 -11.189629 3.756022 -0.468331 -0.226120 0.662323 0.539318
1520530738.900221348 -17.510860 -10.766466 4.081286 -0.470687 -0.217515 0.654096 0.550727
1520530738.950223684 -18.171564 -10.291944 4.648731 -0.476171 -0.213947 0.647751 0.554894
1520530739.000224590 -18.146567 -9.490848 4.080405 -0.480957 -0.214014 0.645213 0.553695
1520530739.050226450 -18.997576 -9.227635 4.507529 -0.496652 -0.211766 0.634467 0.553122
1520530739.100227594 -18.046108 -9.071841 4.305618 -0.513114 -0.210706 0.622333 0.552285
1520530739.150229454 -17.212706 -9.560127 4.157095 -0.529051 -0.211193 0.611936 0.548668
1520530739.200231314 -16.245306 -9.562413 3.898946 -0.542449 -0.213001 0.606363 0.541021
1520530739.250232458 -15.490738 -9.130610 3.425234 -0.552026 -0.215267 0.602557 0.534652
1520530739.300234556 -14.859335 -9.561160 2.771781 -0.561083 -0.214300 0.597868 0.530863
1520530739.350118637 -13.894583 -9.637471 2.534584 -0.572352 -0.214893 0.593588 0.523342
1520530739.400120497 -12.991139 -9.968144 2.404034 0.585584 0.216871 -0.585321 -0.517163
1520530739.450122595 -12.569582 -9.788483 1.547802 0.587075 0.222758 -0.586055 -0.512115
1520530739.500123739 -11.811278 -9.748275 0.899161 0.592580 0.233112 -0.582896 -0.504718
1520530739.550125599 -10.984206 -10.032129 0.426722 0.599564 0.246422 -0.575176 -0.498971
1520530739.600126743 -10.046058 -10.325575 0.275426 0.607471 0.260927 -0.565278 -0.493312
1520530739.650128603 -9.375629 -11.001373 -0.029490 0.615962 0.270804 -0.557440 -0.486330
1520530739.700129509 -8.534219 -11.307906 -0.472823 0.623186 0.282468 -0.547658 -0.481582
1520530739.750310898 -7.621448 -11.249581 -0.858197 0.628860 0.291554 -0.540192 -0.477204
1520530739.800312996 -7.241798 -12.111918 -1.060079 0.633437 0.291655 -0.535014 -0.476922
1520530739.850406170 -6.505526 -12.551957 -1.432298 0.633509 0.284911 -0.533834 -0.482197
1520530739.900316000 -5.550641 -12.588489 -1.703049 0.626695 0.272331 -0.538941 -0.492577
1520530739.950318098 -4.788071 -13.022877 -2.037004 0.611911 0.254448 -0.547131 -0.511340
1520530740.000319004 -5.059982 -13.568672 -1.260537 0.593803 0.237778 -0.554522 -0.532320
1520530740.050321102 -5.481221 -13.776882 -0.413111 0.571459 0.224137 -0.562690 -0.553694
1520530740.100322008 -5.725842 -13.274448 0.420328 -0.548861 -0.213599 0.573552 0.569354
1520530740.150481224 -4.884752 -13.686626 0.079694 -0.529558 -0.209893 0.581701 0.580635
1520530740.200483322 -4.768641 -14.582051 0.471159 -0.518668 -0.203985 0.587388 0.586813
1520530740.250484228 -4.552557 -15.443425 0.058067 -0.503688 -0.197288 0.595217 0.594216
1520530740.300486088 -5.245676 -15.336346 0.763937 -0.486348 -0.197983 0.604606 0.598932
1520530740.350487232 -4.870473 -16.225427 1.042500 -0.481100 -0.194161 0.610871 0.598064
1520530740.400489330 -4.524550 -16.735093 0.273221 -0.473560 -0.203690 0.618655 0.592888
1520530740.450489998 -4.189902 -17.623991 0.552409 -0.480166 -0.221778 0.622130 0.577242
1520530740.500492334 -3.317031 -17.926755 0.119496 -0.482447 -0.255266 0.627266 0.555537
1520530740.550278187 -2.960868 -18.447266 -0.653555 -0.483418 -0.291085 0.625337 0.539009
1520530740.600280046 -2.707973 -19.407231 -0.632712 -0.490106 -0.318090 0.621236 0.522189
1520530740.650281906 -3.294955 -19.506718 0.139637 -0.483267 -0.349171 0.619425 0.510730
1520530740.700283051 -3.436216 -20.412045 -0.249223 -0.478542 -0.355582 0.621500 0.508229
1520530740.750285149 -4.106048 -20.992075 0.212325 -0.466920 -0.372346 0.627014 0.500198
1520530740.800287008 -3.258143 -21.420064 -0.099045 -0.453434 -0.391018 0.628870 0.496010
1520530740.850288153 -4.215830 -21.748238 0.002131 -0.441564 -0.413863 0.629217 0.487672
1520530740.900290012 -3.468481 -22.271826 -0.388425 -0.431530 -0.439594 0.626354 0.477723
1520530740.950431824 -4.072612 -22.997012 -0.020153 -0.418895 -0.466934 0.626914 0.462037
1520530741.000432730 -4.957627 -23.226895 0.376018 -0.401121 -0.491980 0.633713 0.442116
1520530741.050434589 -5.609441 -23.616437 1.024714 -0.377935 -0.514580 0.642493 0.423764
1520530741.100435734 -6.212808 -24.179602 1.571911 -0.352018 -0.531067 0.655405 0.405580
1520530741.150437593 -6.819568 -24.870350 1.964266 -0.325348 -0.538451 0.666862 0.399392
1520530741.200438499 -7.611613 -25.235927 2.435611 -0.298226 -0.536292 0.685297 0.392198
1520530741.250440598 -8.521589 -25.615630 2.596408 -0.268137 -0.525510 0.709415 0.385580
1520530741.300441504 -8.011117 -26.083074 3.303795 -0.272772 -0.519522 0.717123 0.376067
1520530741.350636959 -8.570143 -26.697590 3.866629 -0.252927 -0.507683 0.733908 0.373718
1520530741.400638103 -9.239500 -27.229436 4.365071 -0.240597 -0.497461 0.745033 0.373592
1520530741.450728178 -10.120161 -27.201320 4.821356 -0.229999 -0.494163 0.749783 0.375139
1520530741.500641108 -10.709925 -27.206035 5.613996 -0.223862 -0.495412 0.748632 0.379478
1520530741.550643206 -11.435658 -27.725434 6.045300 -0.221356 -0.488926 0.752276 0.382145
1520530741.600644112 -12.083955 -28.101841 6.711832 -0.219057 -0.479532 0.756816 0.386384
1520530741.650645971 -12.265135 -28.332864 7.674514 -0.220185 -0.465204 0.763960 0.389191
1520530741.700647116 -12.578916 -29.240573 7.889997 -0.220509 -0.439098 0.773416 0.400495
1520530741.750648975 -13.070381 -29.827915 8.536374 -0.218395 -0.418188 0.782475 0.406393
1520530741.800464153 -13.603053 -30.675283 8.664654 -0.221478 -0.399329 0.791119 0.406957
1520530741.850465298 -14.355766 -30.888059 9.298129 -0.229157 -0.397305 0.792631 0.401710
1520530741.900467157 -14.931015 -31.498068 9.826284 -0.246737 -0.405599 0.784036 0.399873
1520530741.950468063 -15.662822 -32.018242 10.277477 -0.262584 -0.421134 0.771792 0.397533
1520530742.000470161 -16.315764 -32.621207 10.732057 -0.276832 -0.436826 0.758033 0.397408
1520530742.050471067 -16.917222 -33.354314 11.030131 -0.286171 -0.450118 0.744176 0.402122
1520530742.100473166 -17.587363 -34.037675 11.288029 -0.295612 -0.462818 0.729255 0.408167
1520530742.150475264 -18.329130 -34.577740 11.668826 -0.306035 -0.475977 0.714073 0.412175
1520530742.200338125 -19.076351 -35.131774 12.025792 -0.316455 -0.492471 0.698598 0.411448
1520530742.250339985 -19.901533 -35.599655 12.341647 -0.325194 -0.511920 0.683126 0.406848
1520530742.300341129 -20.743186 -35.980621 12.712748 -0.332050 -0.529907 0.669652 0.400634
1520530742.350343227 -21.626720 -36.171994 13.142788 -0.336192 -0.544615 0.658087 0.396600
1520530742.400345087 -22.361936 -36.775678 13.429843 -0.338046 -0.552999 0.651025 0.395074
1520530742.450346231 -22.979291 -37.509353 13.726436 -0.340166 -0.558243 0.646589 0.393159
1520530742.500348091 -23.688472 -37.796029 14.377572 -0.344157 -0.561229 0.645328 0.387464
1520530742.550350189 -24.494115 -38.309513 14.655847 -0.347877 -0.552156 0.653757 0.383025
1520530742.600603819 -25.201567 -38.964700 14.907619 -0.348177 -0.532200 0.666924 0.388264
1520530742.650604725 -26.012299 -39.401522 15.292459 -0.343810 -0.502359 0.687379 0.396157
1520530742.700606823 -26.835828 -39.809045 15.675813 -0.340762 -0.463525 0.708106 0.409405
1520530742.750608921 -27.550221 -40.355702 16.093450 -0.341690 -0.419280 0.725199 0.426074
1520530742.800609827 -28.460790 -40.696070 16.303097 -0.338542 -0.373756 0.740871 0.443628
1520530742.850611687 -29.297870 -40.871304 16.815806 -0.335634 -0.334040 0.753232 0.456518
1520530742.900612831 -30.036949 -41.308754 17.302308 -0.333518 -0.293945 0.762517 0.470032
1520530742.950614691 -30.963524 -41.570636 17.591682 -0.328168 -0.262640 0.767271 0.484378
1520530743.000436783 -31.839225 -41.890094 17.952589 -0.327539 -0.241497 0.765316 0.498687
1520530743.050522566 -32.535978 -41.323394 17.597030 -0.320381 -0.232560 0.766453 0.505788
1520530743.100439548 -33.242023 -41.751873 18.175326 -0.331512 -0.229530 0.755882 0.515809
1520530743.150441647 -34.090358 -42.193898 18.448015 -0.347463 -0.231722 0.742257 0.524051
1520530743.200442553 -34.848808 -42.339903 19.087434 -0.371709 -0.240734 0.724316 0.528437
1520530743.250444889 -35.283540 -41.463379 18.891147 -0.388992 -0.257828 0.709293 0.528311
1520530743.300445795 -36.029366 -41.735287 19.533094 -0.419772 -0.270654 0.686562 0.528366
1520530743.350447655 -36.848044 -41.943188 20.054846 -0.454008 -0.285757 0.659549 0.526512
1520530743.400276661 -36.124215 -41.721190 19.404261 -0.487620 -0.300421 0.633340 0.520437
1520530743.450277805 -35.223495 -41.440911 19.135237 -0.514680 -0.321698 0.607247 0.512705
1520530743.500279903 -35.575939 -40.863721 18.398467 -0.523721 -0.338447 0.595539 0.506461
1520530743.550281048 -34.714083 -40.719469 17.948406 -0.547315 -0.350677 0.576799 0.494747
1520530743.600282907 -33.844250 -40.835218 17.554832 0.567576 0.359624 -0.561969 -0.482409
1520530743.650283813 -33.518460 -40.011483 17.176146 0.573812 0.372351 -0.555527 -0.472741
1520530743.700285912 -32.956906 -39.226793 16.991929 0.579909 0.378172 -0.551783 -0.465002
1520530743.750287771 -32.166119 -38.922243 16.474187 0.583383 0.373629 -0.553561 -0.462207
1520530743.800288677 -33.011270 -38.621413 16.901869 0.582521 0.362540 -0.560070 -0.464279
1520530743.851239920 -33.611739 -37.886452 16.838265 -0.571818 -0.349185 0.573789 0.471021
1520530743.901240826 -34.359557 -37.197432 16.901738 -0.561394 -0.332590 0.584753 0.481959
1520530743.951242685 -35.292405 -37.035000 17.205368 -0.552044 -0.309608 0.592039 0.498879
1520530744.001243830 -35.959237 -36.316104 17.184008 -0.536113 -0.285198 0.602068 0.518419
1520530744.051246881 -35.787935 -35.404194 17.570374 -0.524897 -0.266144 0.609230 0.531497
1520530744.101247787 -36.654299 -35.000457 17.766901 -0.519069 -0.235531 0.611224 0.549089
1520530744.151248932 -37.520569 -34.588022 18.100241 -0.523075 -0.210727 0.611509 0.555017
1520530744.201250792 -36.669816 -34.997627 17.877857 -0.534892 -0.190196 0.608621 0.554343
1520530744.251205206 -36.200584 -34.142302 17.735849 -0.542414 -0.183172 0.612783 0.544731
1520530744.301206112 -35.351267 -34.620681 17.594940 -0.557469 -0.163537 0.604576 0.544951
1520530744.351207972 -34.483104 -35.015580 17.260892 -0.573350 -0.147446 0.596656 0.541786
1520530744.401209116 -33.664519 -35.389780 16.833543 0.592132 0.137518 -0.585401 -0.536445
1520530744.451210022 -32.769902 -35.796994 16.603628 0.614098 0.138396 -0.567951 -0.530248
1520530744.501211882 -31.808944 -35.603946 16.367420 0.636517 0.153553 -0.547917 -0.520628
1520530744.551213980 -31.151812 -36.224263 15.936820 0.662040 0.168823 -0.518717 -0.513940
1520530744.601214886 -30.267916 -36.168709 15.455658 0.680234 0.199486 -0.485580 -0.511565
1520530744.651044369 -29.565218 -36.873928 15.329977 0.691539 0.228191 -0.440403 -0.525117
1520530744.700966120 -28.811960 -37.315059 14.819827 0.684568 0.256187 -0.399878 -0.553021
1520530744.750968218 -28.351479 -38.198485 14.780772 0.665439 0.280563 -0.360861 -0.590131
1520530744.800969124 -27.609124 -38.810642 14.778652 0.640309 0.304616 -0.321429 -0.627612
1520530744.850971222 -26.658001 -39.007797 14.614418 -0.614590 -0.329767 0.292583 0.654163
1520530744.900972366 -26.224396 -38.370957 14.031781 -0.581739 -0.359230 0.271506 0.677362
1520530744.950974226 -25.537285 -39.018928 13.672175 -0.554318 -0.389327 0.254311 0.690277
1520530745.000976086 -24.992244 -39.842028 13.667368 -0.530781 -0.421590 0.246559 0.692634
1520530745.051078081 -24.092697 -40.059242 13.305018 -0.507555 -0.456700 0.250440 0.686363
1520530745.101080179 -23.200199 -40.460645 13.211966 -0.489731 -0.488538 0.258611 0.674251
1520530745.151081324 -22.698918 -41.320683 13.189809 -0.475866 -0.511350 0.273787 0.661146
1520530745.201083183 -22.061784 -42.096741 13.168759 -0.456523 -0.530352 0.297761 0.649347
1520530745.251084089 -21.773491 -43.037522 13.324840 -0.437568 -0.541549 0.327964 0.638513
1520530745.301086187 -20.846469 -43.203941 13.060852 -0.409486 -0.554250 0.372690 0.621474
1520530745.351088047 -20.352374 -44.068585 12.951580 -0.385896 -0.565551 0.418063 0.597042
1520530745.401088953 -21.198055 -44.229669 13.433412 0.363616 0.572655 -0.464400 -0.569370
1520530745.451043129 -20.263423 -44.481627 13.178600 0.345340 0.570742 -0.509441 -0.543566
1520530745.501044035 -21.026034 -44.698954 13.764204 0.331236 0.558591 -0.552187 -0.522827
1520530745.551045895 -22.050042 -44.789421 13.754635 -0.319705 -0.539304 0.595751 0.502017
1520530745.601047993 -22.887965 -45.123413 14.191624 -0.312263 -0.514638 0.634046 0.485413
1520530745.651048899 -22.967368 -44.379052 13.617985 -0.310926 -0.484313 0.668657 0.470812
1520530745.701051235 -23.681583 -44.604178 14.231646 -0.321563 -0.449544 0.695029 0.459827
1520530745.751053095 -22.948854 -44.183366 13.695572 -0.341208 -0.412705 0.716846 0.446524
1520530745.801054001 -23.700928 -44.588800 14.203804 -0.371875 -0.375502 0.729314 0.434521
1520530745.850826025 -24.421137 -44.916325 14.835215 -0.407008 -0.338101 0.733621 0.426418
1520530745.900828123 -25.069830 -44.530202 15.477993 -0.441126 -0.298128 0.732925 0.423496
1520530745.950829983 -25.960707 -44.239383 15.822367 -0.477103 -0.254846 0.723494 0.428932
1520530746.000830889 -26.870581 -44.496444 16.149913 -0.516367 -0.206753 0.703622 0.442192
1520530746.050833225 -27.726603 -44.972235 16.308882 -0.554037 -0.155979 0.677787 0.457514
1520530746.100834131 -28.522610 -45.312181 16.809780 -0.590636 -0.104426 0.645400 0.472973
1520530746.150839090 -27.701180 -45.537251 16.278033 0.623718 0.058552 -0.606852 -0.489160
1520530746.200837135 -28.456922 -44.930184 16.449558 0.650570 0.026697 -0.562282 -0.509789
1520530746.250910282 -28.605977 -43.941414 16.432083 0.674443 0.010022 -0.512020 -0.531847
1520530746.300487280 -28.298390 -43.309092 15.745612 0.688324 0.008888 -0.462257 -0.558972
1520530746.350489140 -29.004757 -42.615071 15.925711 0.698898 0.016108 -0.406422 -0.588305
1520530746.400490284 -29.446384 -41.735483 16.056403 0.699930 0.030373 -0.356399 -0.618187
1520530746.450492144 -30.085976 -40.970104 16.157294 0.689479 0.049907 -0.307908 -0.653698
1520530746.500493288 -30.627438 -40.196696 16.203328 -0.669931 -0.072465 0.265412 0.689563
1520530746.550495148 -30.747110 -39.592383 16.966824 -0.648382 -0.103320 0.237690 0.715841
1520530746.600497246 -30.500501 -38.849552 16.359473 -0.628128 -0.142180 0.213250 0.734687
1520530746.650498390 -29.953123 -39.659681 16.170907 -0.610224 -0.186384 0.195032 0.744882
1520530746.700510263 -30.677238 -39.047157 16.386119 -0.595821 -0.232965 0.183457 0.746370
1520530746.750511408 -30.303390 -39.715892 15.817996 -0.576821 -0.284598 0.176354 0.745105
1520530746.800513268 -31.080048 -39.244671 16.199607 -0.555471 -0.333932 0.180707 0.739788
1520530746.850514174 -31.508411 -39.980937 16.731989 -0.537816 -0.382280 0.186331 0.727940
1520530746.900516272 -30.764309 -40.579918 16.344511 -0.508817 -0.435158 0.206214 0.713596
1520530746.950518370 -31.205814 -41.406358 16.667809 -0.491066 -0.474799 0.229307 0.693425
1520530747.000519276 -31.878825 -42.121466 16.790336 -0.471676 -0.504691 0.268092 0.671517
1520530747.050521374 -32.776059 -42.382847 17.163498 -0.449713 -0.533456 0.319117 0.641364
1520530747.100689173 -33.210500 -43.232275 17.470356 -0.438033 -0.551690 0.370811 0.605197
1520530747.150691271 -33.713924 -44.053194 17.192762 -0.432680 -0.548333 0.425766 0.575189
1520530747.200693130 -34.527715 -44.479978 17.557896 0.423808 0.555158 -0.482202 -0.528836
1520530747.250695229 -35.292493 -44.542995 18.200344 0.415816 0.560790 -0.529640 -0.481761
1520530747.300696373 -36.032211 -45.110335 18.570828 -0.415065 -0.556014 0.571628 0.437962
1520530747.350697279 -36.943440 -44.692112 18.716067 -0.415477 -0.545857 0.610124 0.396443
1520530747.400699139 -37.121353 -45.672672 18.645173 -0.439853 -0.510330 0.639547 0.370234
1520530747.450701237 -37.918816 -45.979155 19.167045 -0.460598 -0.485438 0.663811 0.333997
1520530747.501333475 -38.742879 -46.307777 19.653291 -0.484558 -0.450308 0.687732 0.299085
1520530747.551335335 -39.087270 -47.145627 20.036351 -0.519989 -0.398860 0.701731 0.279455
1520530747.601336479 -39.788344 -47.192899 20.771019 -0.554347 -0.345280 0.708298 0.267946
1520530747.651339531 -40.740336 -47.261862 21.057534 -0.585803 -0.283546 0.710221 0.268368
1520530747.701339483 -41.176983 -46.821196 21.852941 -0.614293 -0.219403 0.706018 0.275764
1520530747.751341581 -41.639724 -46.851205 22.751828 -0.640625 -0.151381 0.693091 0.293783
1520530747.801342487 -42.411234 -46.313643 23.090864 -0.663563 -0.085938 0.670309 0.320911
1520530747.851408482 -43.161990 -45.668195 22.978756 0.681752 0.025270 -0.641429 -0.350920
1520530747.901266336 -44.019883 -45.199934 23.176016 0.697932 -0.027946 -0.603624 -0.384381
1520530747.951268673 -43.581673 -44.387330 22.798835 0.706797 -0.059722 -0.568431 -0.416843
1520530748.001269579 -42.876717 -43.736736 22.698298 0.714307 -0.076311 -0.527103 -0.453987
1520530748.051271439 -43.167383 -42.788166 22.783228 0.715507 -0.094007 -0.475383 -0.503213
1520530748.101272583 -43.673131 -41.920379 22.831813 0.709131 -0.107216 -0.423589 -0.553362
1520530748.151274443 -44.202054 -41.135817 23.164692 0.697886 -0.115413 -0.369415 -0.602634
1520530748.201276302 -43.536235 -41.814381 23.215180 0.684740 -0.118542 -0.318314 -0.644791
1520530748.251277685 -43.679814 -40.860833 23.064546 -0.670495 0.111943 0.278803 0.678361
1520530748.300789595 -43.232499 -41.708724 22.853864 -0.660415 0.095579 0.244444 0.703536
1520530748.350790501 -43.154880 -42.369181 22.154337 -0.652213 0.066621 0.215574 0.723677
1520530748.400792360 -42.292237 -42.816290 22.175070 -0.649859 0.025781 0.193304 0.734610
1520530748.450793505 -41.761283 -43.650707 22.019984 -0.647508 -0.016963 0.174252 0.741675
1520530748.500795364 -41.347761 -44.288670 21.431250 -0.640797 -0.062195 0.163198 0.747581
1520530748.550797224 -40.897036 -45.158522 21.302654 -0.635118 -0.109861 0.156295 0.748417
1520530748.600798368 -40.650437 -46.128268 21.343087 -0.627352 -0.156353 0.153751 0.747224
1520530748.650800467 -40.340558 -47.055422 21.152388 -0.616228 -0.202642 0.163785 0.743219
1520530748.700801611 -40.001511 -47.984671 21.164711 -0.604600 -0.248585 0.182808 0.734334
1520530748.750571012 -39.248217 -48.533880 20.809674 -0.586474 -0.293327 0.214934 0.723748
1520530748.800571918 -38.368545 -48.747447 20.360947 -0.567966 -0.333996 0.253433 0.708261
1520530748.850573778 -38.606619 -49.676201 20.645512 -0.559838 -0.363610 0.289527 0.685961
1520530748.900576115 -38.230113 -50.600510 20.599276 -0.547306 -0.394479 0.333717 0.658388
1520530748.950576782 -37.357381 -50.763686 20.147930 -0.534228 -0.420638 0.384163 0.624566
1520530749.000578880 -38.250781 -51.152874 20.392194 -0.527345 -0.434675 0.435503 0.585920
1520530749.050580978 -38.196630 -50.175427 20.186353 -0.519370 -0.443934 0.484286 0.546485
1520530749.100584984 -37.342233 -50.465598 19.758568 -0.516950 -0.444425 0.527747 0.506687
1520530749.150922537 -38.123123 -50.445086 20.387385 -0.517580 -0.439134 0.566017 0.467864
1520530749.200923681 -39.006488 -50.721182 20.757525 -0.523273 -0.425682 0.602193 0.427018
1520530749.250924587 -39.966381 -50.609806 21.018116 -0.532658 -0.406714 0.632249 0.388743
1520530749.300926447 -40.881586 -50.702169 21.404392 -0.546313 -0.377341 0.661756 0.348188
1520530749.350927591 -41.706994 -51.042932 21.854009 -0.565493 -0.337208 0.684075 0.313926
1520530749.400929451 -42.431307 -50.901764 22.540443 -0.589310 -0.285873 0.697588 0.290452
1520530749.450988531 -42.529942 -50.127767 23.166058 -0.617258 -0.234211 0.694390 0.286288
1520530749.500932693 -43.443173 -49.892104 23.485439 -0.647553 -0.169160 0.676795 0.306608
1520530749.551299334 -44.380457 -49.857696 23.812533 0.676742 0.096282 -0.645213 -0.341249
1520530749.601300240 -45.284958 -49.577297 24.141887 0.700312 0.029000 -0.601148 -0.383853
1520530749.651302338 -46.229232 -49.381055 24.410917 0.719091 -0.027857 -0.541462 -0.434685
1520530749.701303244 -47.192302 -49.072674 24.446449 0.726203 -0.067560 -0.482026 -0.485505
1520530749.751305103 -47.419591 -48.102568 24.499117 0.724866 -0.080746 -0.433255 -0.529471
1520530749.801307440 -47.602616 -47.169859 24.206941 0.716606 -0.078469 -0.396769 -0.568237
1520530749.851308346 -47.411075 -46.188218 24.213867 0.708348 -0.064297 -0.365774 -0.600265
1520530749.901310205 -47.678257 -45.225590 24.179836 0.697095 -0.045600 -0.329995 -0.634888
1520530749.950998783 -47.583412 -44.259178 24.122144 0.682240 -0.013940 -0.298714 -0.667176
1520530750.001000643 -47.357548 -43.312602 24.357083 -0.662068 -0.025902 0.276102 0.696249
1520530750.051001787 -47.574669 -42.367201 24.055111 -0.635451 -0.062422 0.263840 0.722976
1520530750.101003885 -47.385409 -41.409879 24.284410 -0.609930 -0.103488 0.261070 0.741025
1520530750.151004553 -47.773190 -40.806821 24.946581 -0.589196 -0.139928 0.268413 0.749148
1520530750.201006889 -48.664671 -40.579149 25.351142 -0.565197 -0.174213 0.289066 0.752757
1520530750.251008749 -49.492524 -40.150050 25.662503 -0.540407 -0.206201 0.318765 0.750886
1520530750.301009893 -50.093457 -39.487413 26.123551 -0.515499 -0.234412 0.357952 0.742416
1520530750.350639105 -51.100520 -39.430904 26.226522 -0.493957 -0.253282 0.400432 0.729046
1520530750.400640965 -51.944091 -39.696548 26.670780 -0.478432 -0.266974 0.444791 0.708512
1520530750.450642109 -52.874916 -39.716144 27.046251 -0.470712 -0.275300 0.486768 0.682420
1520530750.500644207 -52.041040 -40.035785 26.598652 -0.472275 -0.276635 0.529522 0.648102
1520530750.550644875 -52.697503 -39.506291 27.121804 -0.479778 -0.272213 0.571440 0.607593
1520530750.600647211 -53.562153 -39.063969 27.338446 -0.493598 -0.258679 0.608144 0.565338
1520530750.650648117 -52.694385 -38.810488 26.914486 -0.509611 -0.240334 0.641295 0.520843
1520530750.700654030 -51.747969 -38.606056 26.657866 -0.528158 -0.218624 0.667743 0.476835
1520530750.750652075 -50.959138 -38.367795 26.120173 -0.548139 -0.191760 0.687414 0.436158
1520530750.800614834 -50.206315 -38.324023 25.463506 -0.572492 -0.159420 0.696578 0.402016
1520530750.850617170 -51.017173 -37.804282 25.725293 -0.604238 -0.124425 0.693598 0.371937
1520530750.900618076 -52.018496 -37.640271 25.633934 -0.643792 -0.088420 0.674853 0.349696
1520530750.950618982 -52.941367 -37.527897 25.994127 0.685279 0.045617 -0.647887 -0.329476
1520530751.000621080 -52.802361 -38.506437 26.158961 0.725306 0.001541 -0.610926 -0.317330
1520530751.050668955 -53.739228 -38.172310 26.361400 0.762895 -0.045990 -0.560321 -0.319243
1520530751.100623846 -54.524605 -37.634386 26.410778 0.793890 -0.090041 -0.498425 -0.336458
1520530751.150625944 -55.424763 -37.221639 26.582622 0.816494 -0.129877 -0.431313 -0.361164
1520530751.201260090 -56.117624 -36.645771 26.998950 0.829612 -0.167117 -0.361377 -0.391437
1520530751.251261950 -56.340904 -35.721554 26.651298 0.833326 -0.189193 -0.291942 -0.429585
1520530751.301262856 -55.898891 -34.927946 26.284195 0.836043 -0.187026 -0.224911 -0.464186
1520530751.351264954 -55.246418 -34.217945 25.979186 0.840408 -0.169501 -0.156656 -0.490349
1520530751.401267052 -54.785184 -33.384806 25.706646 0.841127 -0.146256 -0.092437 -0.512416
1520530751.451268196 -54.083967 -32.979317 25.155845 0.834773 -0.118742 -0.045327 -0.535724
1520530751.501270056 -53.523416 -32.301805 24.705158 0.824034 -0.088484 -0.009773 -0.559503
1520530751.551270962 -52.859038 -31.565994 24.661835 0.812796 -0.056037 0.012794 -0.579706
1520530751.601708174 -52.503329 -30.635406 24.775543 0.799870 -0.021269 0.029149 -0.599088
1520530751.651709080 -52.036321 -29.741343 24.700808 0.783540 0.013012 0.037631 -0.620064
1520530751.701711178 -52.260750 -28.771898 24.800635 0.769178 0.041785 0.033396 -0.636792
1520530751.751712322 -52.439643 -27.795072 24.838109 0.755355 0.072816 0.010499 -0.651173
1520530751.801714182 -52.092088 -26.918898 24.522050 0.740970 0.103240 -0.032162 -0.662775
1520530751.851716042 -52.477642 -26.018001 24.558997 0.729353 0.127444 -0.078742 -0.667534
1520530751.901717186 -52.790400 -25.108136 24.715681 0.716278 0.144935 -0.133307 -0.669455
1520530751.951719284 -53.414745 -24.369865 24.807293 0.701366 0.152423 -0.190354 -0.669789
1520530752.001096249 -53.547656 -25.342393 24.962907 0.689729 0.154942 -0.252833 -0.660563
1520530752.051097155 -54.303342 -24.762672 25.243218 0.684022 0.151302 -0.307935 -0.643738
1520530752.101099253 -54.341447 -23.801386 25.215496 0.682245 0.139128 -0.360037 -0.620933
1520530752.151101112 -55.262127 -23.500011 25.344459 0.684371 0.119131 -0.401702 -0.596724
1520530752.201102018 -55.989529 -23.002922 25.785099 0.687807 0.091870 -0.438542 -0.571106
1520530752.251103163 -56.682638 -22.290581 25.889983 0.692145 0.057855 -0.466550 -0.547649
1520530752.301105261 -57.335810 -21.802292 26.481981 0.700948 0.017268 -0.482168 -0.525250
1520530752.351107121 -57.993480 -21.068120 26.466247 0.714068 -0.027706 -0.483360 -0.505670
1520530752.401229382 -57.138522 -21.357680 26.023801 0.733162 -0.074541 -0.474777 -0.481148
1520530752.451231480 -57.930822 -20.759432 26.217628 0.756276 -0.119820 -0.452600 -0.456994
1520530752.501233339 -58.538716 -20.004194 26.379891 0.779238 -0.163732 -0.421547 -0.433910
1520530752.551233530 -58.016198 -19.451199 25.726176 0.797870 -0.191733 -0.388621 -0.419065
1520530752.601235390 -57.684809 -18.706367 25.192205 0.814113 -0.220906 -0.343790 -0.412588
1520530752.651273489 -58.624537 -18.391057 25.310742 0.826676 -0.253949 -0.280797 -0.416256
1520530752.701238632 -59.084326 -17.502882 25.346028 0.834423 -0.282558 -0.215458 -0.421280
1520530752.751240492 -58.926081 -16.544008 25.121373 0.839526 -0.303077 -0.148485 -0.425785
1520530752.801898479 -58.098960 -16.099634 24.763137 0.844061 -0.308514 -0.083497 -0.430590
1520530752.851900339 -57.588177 -15.416727 24.236057 0.844386 -0.309983 -0.023062 -0.436338
1520530752.901901484 -57.156735 -15.022810 23.427380 0.840767 -0.300694 0.031496 -0.449113
1520530752.951903582 -56.317379 -14.745352 22.973814 0.835368 -0.284708 0.075854 -0.464056
1520530753.001905441 -55.628141 -14.241462 22.475186 0.826584 -0.260521 0.116755 -0.485032
1520530753.051906586 -54.904987 -13.587237 22.277542 0.815453 -0.225459 0.150403 -0.511453
1520530753.101908445 -54.138126 -12.966940 22.160886 0.803079 -0.181085 0.172623 -0.540808
1520530753.151909351 -53.288896 -12.897751 21.629470 0.788043 -0.131516 0.180526 -0.573675
1520530753.201911449 -53.550495 -11.959538 21.863897 0.771858 -0.083206 0.175119 -0.605512
1520530753.251553535 -54.169602 -12.521891 22.360732 0.755181 -0.037494 0.152729 -0.636372
1520530753.301555634 -53.429495 -12.155679 21.809257 0.742152 0.002167 0.107568 -0.661540
1520530753.351556540 -54.316864 -12.321029 22.214266 0.734618 0.033738 0.051458 -0.675685
1520530753.401558638 -54.292986 -13.318800 22.263767 0.726097 0.063942 -0.018071 -0.684374
1520530753.451560736 -54.936411 -12.602358 22.569564 0.720079 0.089046 -0.093531 -0.681769
1520530753.501561642 -55.755562 -13.134973 22.582714 0.722113 0.099549 -0.157619 -0.666182
1520530753.551563501 -55.089084 -13.853561 22.437656 0.728154 0.118770 -0.227007 -0.635730
1520530753.601565599 -54.438422 -13.090855 22.368672 0.736303 0.133305 -0.279007 -0.601866
1520530753.651035309 -55.296401 -12.784407 22.816916 0.742861 0.146469 -0.319322 -0.569858
1520530753.701037407 -54.856125 -13.658347 22.853181 0.745858 0.156680 -0.348129 -0.545851
1520530753.751039505 -55.449895 -12.852376 22.906782 0.746679 0.162125 -0.367285 -0.530366
1520530753.801040411 -56.337828 -12.358255 22.682589 0.743627 0.165701 -0.382121 -0.523015
1520530753.851041555 -57.233575 -12.085996 23.038607 0.738138 0.169316 -0.392435 -0.521995
1520530753.901043415 -57.894740 -11.404676 23.365692 0.730780 0.173613 -0.398979 -0.525961
1520530753.951045275 -58.695712 -11.972622 23.312204 0.723356 0.167792 -0.399229 -0.537789
1520530754.001046419 -59.500550 -11.423464 23.438666 0.716238 0.171637 -0.400303 -0.545253
1520530754.051765203 -58.646758 -11.247194 22.960374 0.712085 0.175281 -0.398314 -0.550961
1520530754.101767063 -59.332954 -10.570016 23.024072 0.709235 0.183400 -0.400421 -0.550466
1520530754.151767969 -58.950153 -11.500438 23.019232 0.707973 0.188960 -0.402261 -0.548867
1520530754.201770306 -59.810719 -11.125894 23.273087 0.707791 0.190082 -0.404962 -0.546724
1520530754.251797199 -60.808864 -11.045675 23.405692 0.707133 0.186808 -0.407164 -0.547068
1520530754.301773310 -61.346856 -10.222446 23.359086 0.704063 0.186221 -0.411655 -0.547866
1520530754.351775169 -62.277674 -10.073830 23.637994 0.702641 0.186684 -0.412019 -0.549259
1520530754.401776075 -62.992329 -10.649355 24.027326 0.703310 0.185541 -0.411122 -0.549462
1520530754.451720476 -63.934213 -10.312386 24.027098 0.704093 0.185757 -0.409129 -0.549874
1520530754.501721382 -64.448564 -10.691999 24.767866 0.710153 0.187477 -0.403492 -0.545646
1520530754.551723242 -64.914966 -9.791509 24.703330 0.712221 0.194485 -0.400719 -0.542531
1520530754.601725340 -65.666368 -10.428367 24.786831 0.713358 0.198601 -0.393041 -0.545157
1520530754.651726246 -64.798358 -10.006289 24.510656 0.711171 0.207689 -0.388355 -0.547979
1520530754.701728344 -65.684946 -10.367969 24.517718 0.707603 0.209749 -0.388680 -0.551572
1520530754.751729488 -66.390006 -10.706728 25.122189 0.706077 0.218533 -0.392928 -0.547088
1520530754.801731348 -67.054197 -11.420058 25.145273 0.702642 0.227218 -0.395373 -0.546210
1520530754.851698637 -67.805407 -10.810397 25.386688 0.696793 0.244612 -0.400063 -0.542764
1520530754.901700974 -68.281427 -9.945251 25.598132 0.686862 0.264485 -0.404950 -0.542479
1520530754.951701641 -68.879307 -9.171575 25.745462 0.671486 0.283628 -0.412602 -0.546279
1520530755.001703739 -69.665743 -8.588237 25.763513 0.650827 0.296746 -0.424820 -0.554882
1520530755.051705837 -70.223678 -9.186340 26.332468 0.634832 0.305186 -0.435096 -0.560840
1520530755.101706743 -71.127154 -8.985526 26.706868 0.608548 0.322082 -0.459060 -0.561423
1520530755.151708603 -72.057737 -8.676194 26.704928 0.580551 0.339103 -0.491922 -0.553156
1520530755.201710939 -72.821071 -8.038919 26.716147 0.548773 0.361466 -0.524167 -0.541701
1520530755.251591444 -73.598466 -8.457393 27.109091 -0.522405 -0.379422 0.546643 0.533211
1520530755.301592350 -74.446064 -7.930369 27.070947 -0.487282 -0.400704 0.576556 0.519207
1520530755.351593256 -74.968970 -8.695310 27.422216 -0.464316 -0.416005 0.595605 0.506562
1520530755.401595354 -75.837880 -8.937413 27.841097 -0.438930 -0.435598 0.618496 0.484828
1520530755.451596260 -76.813713 -9.090059 28.027949 -0.413956 -0.454690 0.643970 0.455193
1520530755.501598358 -77.504586 -9.777760 28.198690 -0.396440 -0.473119 0.659054 0.429698
1520530755.551599264 -78.315746 -10.328039 28.432092 -0.380628 -0.493803 0.672938 0.398040
1520530755.601601362 -79.046680 -10.962653 28.611747 -0.366987 -0.515047 0.681653 0.367963
1520530755.651602507 -79.788126 -11.524761 28.970357 -0.353272 -0.539787 0.685095 0.338339
1520530755.701246500 -80.660685 -11.976303 29.148864 -0.334926 -0.562353 0.686788 0.316079
1520530755.751247644 -81.461538 -12.548613 29.213312 -0.310759 -0.577492 0.692460 0.300718
1520530755.801249504 -82.141123 -13.221583 29.511931 -0.286141 -0.587405 0.698335 0.292244
1520530755.851266623 -82.868783 -13.823405 29.854028 -0.263179 -0.591083 0.707848 0.283389
1520530755.901252508 -83.586127 -14.387393 30.272054 -0.243571 -0.595060 0.714775 0.275089
1520530755.951254606 -84.262914 -15.009367 30.669651 -0.225830 -0.601289 0.719158 0.265075
1520530756.001255512 -84.027542 -15.973548 30.815810 -0.219265 -0.606926 0.719142 0.257678
1520530756.051257610 -84.830580 -16.505848 31.077433 -0.196235 -0.619180 0.720829 0.241896
1520530756.101238966 -85.558987 -17.155157 31.281328 -0.172157 -0.627254 0.725754 0.224043
1520530756.151241302 -86.188975 -17.848627 31.627274 -0.147190 -0.634545 0.729741 0.207763
1520530756.201243162 -86.270463 -18.821325 31.830111 -0.127672 -0.639943 0.732655 0.193365
1520530756.251244068 -86.896201 -19.281696 32.467305 -0.100833 -0.650833 0.733915 0.166189
1520530756.301246166 -86.799590 -20.268163 32.615120 -0.085533 -0.657517 0.733972 0.147108
1520530756.351247072 -86.834590 -21.233626 32.789249 -0.070034 -0.663022 0.734180 0.128361
1520530756.401248932 -87.191825 -21.941835 33.394673 -0.034303 -0.675083 0.729040 0.107639
1520530756.451250076 -87.479271 -22.693689 33.984424 0.001491 -0.685877 0.722531 0.086714
1520530756.501374722 -87.694114 -23.483091 34.555741 0.037283 -0.695383 0.714665 0.065627
1520530756.551376820 -87.891499 -24.444048 34.695099 0.070786 -0.700170 0.708930 0.046571
1520530756.601377726 -87.831672 -25.393859 34.369618 0.099010 -0.698550 0.707762 0.036025
1520530756.651379824 -88.166877 -26.302845 34.587791 0.135267 -0.700120 0.700805 0.020184
1520530756.701380968 -87.577880 -27.092369 34.500691 0.155076 -0.697389 0.699537 0.015750
1520530756.751382828 -87.154671 -27.992586 34.460689 0.172818 -0.691314 0.701559 0.005802
1520530756.801383972 -87.439803 -28.924518 34.493453 0.197101 -0.686077 0.699996 -0.021330
1520530756.851385832 -86.732855 -29.576965 34.777996 0.205657 -0.683725 0.699579 -0.028542
1520530756.901524305 -85.830809 -30.015502 34.824924 0.219848 -0.676028 0.702327 -0.037283
1520530756.951526165 -85.147118 -30.174092 35.535302 0.239747 -0.672635 0.698913 -0.040060
1520530757.001527071 -84.595620 -30.989740 35.567626 0.260607 -0.670251 0.692644 -0.055604
1520530757.051529169 -84.335614 -31.933429 35.370962 0.285525 -0.663969 0.686834 -0.076678
1520530757.101530075 -83.929284 -32.839724 35.512422 0.310813 -0.661556 0.675078 -0.100046
1520530757.151530981 -83.060329 -33.319567 35.438893 0.329698 -0.662045 0.662413 -0.119182
1520530757.201533079 -82.096314 -33.588187 35.448179 -0.350787 0.661332 -0.649468 0.133340
1520530757.251533985 -81.204549 -34.032611 35.389633 -0.369295 0.661504 -0.634433 0.153389
1520530757.301300287 -80.261830 -34.358355 35.246905 -0.382536 0.662313 -0.619698 0.176018
1520530757.351301432 -79.540498 -35.031135 35.230279 -0.403109 0.656282 -0.606521 0.197305
1520530757.401303291 -78.635356 -35.438285 35.134790 -0.424664 0.645461 -0.597744 0.213874
1520530757.451311350 -77.679574 -35.629861 35.001203 -0.446571 0.630389 -0.590129 0.234374
1520530757.501306295 -76.717005 -35.835918 35.002616 -0.471338 0.616219 -0.576945 0.255440
1520530757.551308393 -75.736502 -36.031601 34.986282 -0.496375 0.603185 -0.561359 0.273232
1520530757.601309299 -74.851140 -36.494502 34.926240 -0.518439 0.592949 -0.542702 0.291729
1520530757.651311398 -73.865488 -36.592349 34.772878 -0.536215 0.585330 -0.526518 0.304371
1520530757.701312304 -72.979814 -37.012179 34.638617 -0.555001 0.575248 -0.510683 0.316649
1520530757.751027346 -72.081042 -37.394850 34.525762 0.573928 -0.562584 0.499259 -0.323799
1520530757.801029444 -71.114095 -37.553408 34.368118 0.587551 -0.553201 0.489931 -0.329727
1520530757.851030350 -70.144487 -37.728595 34.159643 0.598492 -0.547597 0.478368 -0.336316
1520530757.901032448 -69.171121 -37.907804 34.177681 0.611195 -0.542237 0.463708 -0.342631
1520530757.951033354 -68.235393 -38.097509 33.892234 0.624901 -0.530575 0.447907 -0.356888
1520530758.001035213 -67.410407 -37.526289 33.826651 0.639188 -0.517733 0.436628 -0.364344
1520530758.051036358 -66.483467 -37.619261 34.177004 0.658331 -0.501303 0.417276 -0.375734
1520530758.101038218 -66.610345 -38.601595 34.310594 0.683158 -0.465225 0.382175 -0.413283
1520530758.151144505 -66.436551 -37.626927 34.196451 0.686036 -0.461420 0.371408 -0.422496
1520530758.201146364 -65.626217 -37.083415 34.030033 0.696562 -0.449578 0.350530 -0.435671
1520530758.251148224 -64.991098 -36.328279 33.928875 0.709353 -0.437397 0.326816 -0.445750
1520530758.301149368 -64.041488 -36.585483 33.726117 0.727552 -0.414550 0.292299 -0.461928
1520530758.351151466 -63.319807 -35.959435 33.435846 0.737070 -0.398354 0.263978 -0.477869
1520530758.401153564 -62.620533 -35.307896 33.178887 0.740801 -0.380956 0.236188 -0.500302
1520530758.451154470 -62.336197 -34.376760 32.969779 0.743893 -0.363345 0.213496 -0.518675
1520530758.501156330 -61.719465 -34.293809 32.211437 0.744314 -0.332308 0.176390 -0.551773
1520530758.551586628 -61.559221 -33.308590 32.192953 0.748844 -0.309751 0.146926 -0.567186
1520530758.601588726 -61.475928 -32.334197 32.042081 0.754107 -0.283841 0.122590 -0.579421
1520530758.651589632 -61.410070 -31.343723 31.939985 0.760419 -0.256513 0.104487 -0.587406
1520530758.701591492 -61.008754 -30.467111 31.698167 0.763832 -0.231348 0.085416 -0.596441
1520530758.751592636 -61.028555 -29.497562 31.468501 0.766749 -0.212915 0.070751 -0.601463
1520530758.801594734 -61.210440 -28.537368 31.254845 0.773520 -0.199875 0.056784 -0.598742
1520530758.851596832 -60.948665 -27.612886 30.982233 0.781690 -0.194516 0.046327 -0.590744
1520530758.901597738 -60.876173 -26.646059 30.755477 0.788617 -0.195630 0.039264 -0.581610
1520530758.951488256 -60.898595 -25.653810 30.746950 0.791799 -0.201837 0.029976 -0.575688
1520530759.001489162 -61.281710 -24.799047 30.483904 0.787693 -0.204493 0.021294 -0.580748
1520530759.051491261 -61.089977 -23.867210 30.150398 0.782117 -0.196484 0.016963 -0.591100
1520530759.101492167 -60.743792 -22.943874 30.061064 0.776324 -0.183518 0.015906 -0.602818
1520530759.151494026 -61.026590 -22.539507 29.209087 0.764996 -0.177091 0.014250 -0.619045
1520530759.201495409 -60.908007 -21.552656 29.104119 0.762788 -0.168516 0.007463 -0.624261
1520530759.251497269 -61.225461 -20.708553 28.634407 0.758917 -0.162302 0.001328 -0.630635
1520530759.301498175 -61.165559 -19.740976 28.806110 0.758360 -0.155012 -0.007231 -0.633095
1520530759.351664305 -60.916434 -18.786911 28.640261 0.753769 -0.148648 -0.018364 -0.639843
1520530759.401666403 -60.524171 -17.846188 28.592917 0.747683 -0.143209 -0.029141 -0.647775
1520530759.451667547 -60.499823 -16.865194 28.413117 0.743093 -0.137103 -0.037031 -0.653945
1520530759.501669407 -60.274305 -15.911701 28.149257 0.741985 -0.126870 -0.049198 -0.656462
1520530759.551670313 -60.247899 -14.966736 27.859918 0.739804 -0.113877 -0.066835 -0.659739
1520530759.601672411 -60.373718 -13.978277 27.865305 0.738075 -0.098885 -0.085993 -0.661870
1520530759.651673317 -60.288571 -12.981546 27.891687 0.735930 -0.077871 -0.102364 -0.664729
1520530759.701675177 -60.195022 -12.007262 27.999671 0.733579 -0.054205 -0.112903 -0.667965
1520530759.751602173 -60.305377 -11.046078 28.212910 0.730680 -0.037024 -0.119414 -0.671175
1520530759.801604271 -60.475516 -10.130731 27.867129 0.723204 -0.022925 -0.121844 -0.679414
1520530759.851606369 -60.620606 -9.148889 27.893151 0.721168 -0.011261 -0.123985 -0.681482
1520530759.901607275 -60.512745 -8.152574 27.817599 0.720375 -0.002812 -0.125128 -0.682199
1520530759.951609373 -60.416916 -7.181296 27.601841 0.719512 0.000389 -0.129756 -0.682251
1520530760.001610279 -60.698624 -6.222038 27.659306 0.720992 0.000816 -0.133603 -0.679941
1520530760.051612139 -60.792341 -5.236458 27.561957 0.719293 0.006193 -0.137792 -0.680877
1520530760.101613283 -61.117985 -4.299594 27.644859 0.715665 0.016164 -0.139693 -0.684140
1520530760.151616335 -61.565997 -3.407181 27.697253 0.707271 0.027007 -0.138167 -0.692783
1520530760.201535225 -61.777772 -2.432574 27.698391 -0.696746 -0.037072 0.142436 0.702056
1520530760.251537085 -61.851012 -1.457696 27.901415 -0.689276 -0.052114 0.156874 0.705388
1520530760.301537991 -61.926105 -0.490833 27.639076 -0.679642 -0.063683 0.180079 0.708239
1520530760.351539135 -62.259071 0.450771 27.585718 -0.671943 -0.076225 0.200607 0.708829
1520530760.401541233 -62.457982 1.423052 27.481711 -0.663305 -0.093345 0.220661 0.708958
1520530760.451543093 -63.195813 2.090288 27.625727 -0.654646 -0.105613 0.234163 0.710952
1520530760.501544237 -63.854243 2.819255 27.671551 -0.645012 -0.116877 0.247613 0.713433
1520530760.551546097 -64.246800 3.689273 27.947051 -0.639930 -0.129780 0.259624 0.711507
1520530760.601489305 -64.764253 4.466557 28.286716 -0.636760 -0.145242 0.279832 0.703659
1520530760.651491642 -65.188664 5.366737 28.204877 -0.629071 -0.164701 0.307780 0.694561
1520530760.701492548 -66.087166 5.695012 27.980043 -0.620903 -0.183544 0.321134 0.691133
1520530760.751494408 -66.858054 6.290058 28.229661 -0.614059 -0.206260 0.338239 0.682629
1520530760.801495552 -67.222588 7.135418 27.844715 -0.598555 -0.228730 0.357384 0.679479
1520530760.851497412 -68.135676 7.502428 28.053285 -0.589976 -0.245269 0.364859 0.677237
1520530760.901498318 -69.079800 7.593850 27.766805 -0.577282 -0.255668 0.370927 0.681023
1520530760.951500654 -69.916233 7.974626 28.152484 -0.572068 -0.270540 0.372489 0.678821
1520530761.001376867 -70.814924 8.382772 28.301941 -0.569069 -0.282236 0.371656 0.677034
1520530761.051378012 -71.626511 8.863527 28.629941 -0.569300 -0.291522 0.376378 0.670262
1520530761.101379871 -72.587744 9.097547 28.719371 -0.568393 -0.298020 0.379279 0.666529
1520530761.151381016 -73.514861 9.421158 28.884631 -0.563489 -0.308365 0.385461 0.662428
1520530761.201382875 -74.124591 10.202891 28.859680 -0.548707 -0.322066 0.396634 0.661722
1520530761.251383781 -74.940979 10.515560 29.337654 -0.537771 -0.335603 0.404506 0.659202
1520530761.301385880 -75.934456 10.607306 29.354148 -0.522802 -0.346025 0.417149 0.657976
1520530761.351386786 -76.819949 10.607528 29.826151 -0.511988 -0.357629 0.431138 0.651222
1520530761.401249647 -77.806280 10.685707 30.025180 -0.497798 -0.369603 0.445044 0.646163
1520530761.451251507 -78.703662 10.779533 30.454510 -0.484728 -0.385611 0.460767 0.635638
1520530761.501252651 -79.515997 10.475247 30.940812 -0.474006 -0.399934 0.476926 0.622826
1520530761.551254511 -80.407301 10.547477 31.389572 -0.456797 -0.418893 0.494540 0.609340
1520530761.601256371 -81.368000 10.681370 31.597933 -0.435547 -0.434293 0.512126 0.599512
1520530761.651258707 -82.015564 10.183494 32.139951 -0.424727 -0.447057 0.525226 0.586416
1520530761.701259613 -82.978539 10.152141 32.381206 -0.409018 -0.463904 0.542939 0.568079
1520530761.751261711 -83.922021 10.235561 32.772817 -0.394641 -0.487275 0.555046 0.546576
1520530761.801129580 -84.624286 9.570555 32.995306 -0.382600 -0.508560 0.558289 0.532256
1520530761.851130486 -85.396015 9.055270 33.360345 -0.370192 -0.527282 0.563038 0.517610
1520530761.901133537 -86.138340 8.497855 33.108385 -0.353303 -0.537442 0.570220 0.511060
1520530761.951133490 -86.779475 7.843492 33.487890 -0.342888 -0.551339 0.572353 0.500864
1520530762.001135349 -87.597843 7.288824 33.677105 -0.332533 -0.565314 0.576100 0.487801
1520530762.051136494 -88.393707 6.737215 33.889626 0.324529 0.577451 -0.577245 -0.477513
1520530762.101138353 -89.352354 6.942699 34.092736 0.313854 0.590195 -0.580627 -0.464798
1520530762.151140451 -89.810262 6.058935 34.165540 0.314124 0.595923 -0.580915 -0.456880
1520530762.201313734 -90.546778 5.757869 34.751188 0.307006 0.609431 -0.583572 -0.440210
1520530762.251318693 -90.996997 4.875210 34.787589 0.299314 0.612610 -0.590142 -0.432264
1520530762.301316977 -91.453497 4.108446 35.213367 0.290228 0.617538 -0.594294 -0.425711
1520530762.351318836 -92.143668 3.418966 35.412487 0.275157 0.622811 -0.602597 -0.416260
1520530762.401319742 -92.815946 2.772921 35.776396 0.262159 0.632656 -0.610554 -0.397797
1520530762.451321840 -93.761329 2.634652 36.055435 0.241289 0.646250 -0.618607 -0.376120
1520530762.501322746 -94.339331 1.848038 36.032660 0.226063 0.654381 -0.623097 -0.363910
1520530762.551324606 -94.533313 0.932191 35.727756 0.211852 0.656441 -0.631100 -0.354848
1520530762.601326942 -94.918404 0.059138 35.999506 0.197460 0.662196 -0.638393 -0.339058
1520530762.651530981 -95.252886 -0.874260 36.081518 0.184866 0.663671 -0.649844 -0.321044
1520530762.701532841 -95.670078 -1.759952 36.160100 0.171095 0.669035 -0.656437 -0.303660
1520530762.751533985 -95.980411 -2.679952 36.379462 0.153976 0.680934 -0.660943 -0.275270
1520530762.801536083 -96.361115 -3.613231 36.502577 0.129268 0.692982 -0.665275 -0.245915
1520530762.851536989 -96.780246 -4.529751 36.534399 0.098928 0.702502 -0.668243 -0.223953
1520530762.901539087 -97.193313 -5.415737 36.619276 0.070039 0.709440 -0.670680 -0.204884
1520530762.951539993 -97.514139 -6.350698 36.719760 0.045036 0.714629 -0.672468 -0.187252
1520530763.001541853 -98.024112 -7.190117 36.882470 0.025640 0.718947 -0.674246 -0.166881
1520530763.051559210 -98.465355 -8.086178 36.982552 0.012214 0.725618 -0.671438 -0.150001
1520530763.101560116 -98.818317 -9.016782 37.088961 0.002990 0.735283 -0.663673 -0.137438
1520530763.151561975 -99.159754 -9.937901 37.209228 -0.003497 0.743744 -0.653911 -0.138682
1520530763.201564074 -99.475462 -10.873341 37.364462 -0.002078 0.749510 -0.647289 -0.138737
1520530763.251564980 -99.783599 -11.788916 37.613524 0.003875 0.754686 -0.642184 -0.134289
1520530763.301567078 -100.130062 -12.730855 37.634205 0.008994 0.754806 -0.643230 -0.128229
1520530763.351568222 -100.469628 -13.614295 37.957820 0.013840 0.756559 -0.641844 -0.124350
1520530763.401570082 -100.913972 -14.494825 38.087304 0.012739 0.756488 -0.641714 -0.125569
1520530763.451561451 -101.275653 -15.418069 38.154919 0.010695 0.754850 -0.644188 -0.122917
1520530763.501562357 -101.796601 -16.233415 38.395361 0.006596 0.752230 -0.648884 -0.114263
1520530763.551564455 -102.285652 -17.082907 38.228397 -0.001792 0.743104 -0.660609 -0.106717
1520530763.601565361 -102.823867 -17.932910 38.144752 -0.013560 0.738260 -0.667510 -0.096019
1520530763.651566267 -103.161346 -18.862416 38.092712 -0.025671 0.736132 -0.671228 -0.083093
1520530763.701569557 -103.516675 -19.800012 38.118617 -0.041154 0.735819 -0.672232 -0.070576
1520530763.751570463 -103.748515 -20.757328 38.254971 -0.055411 0.736302 -0.671725 -0.059792
1520530763.801571369 -103.545376 -21.728460 38.187670 -0.064387 0.735665 -0.672595 -0.047623
1520530763.851452351 -103.649760 -22.712852 38.218293 -0.077145 0.735614 -0.672413 -0.027934
1520530763.901453257 -103.886219 -23.652142 38.458368 -0.093088 0.737473 -0.668874 -0.008725
1520530763.951455116 -103.947406 -24.625446 38.672460 -0.110286 0.740301 -0.663149 0.004854
1520530764.001456499 -104.134325 -25.561323 38.959226 -0.131093 0.743349 -0.655714 0.016915
1520530764.051458359 -103.909086 -26.505970 39.169652 -0.144245 0.745009 -0.650842 0.023665
1520530764.101459265 -103.706378 -27.396829 38.796464 -0.155292 0.738318 -0.655721 0.028309
1520530764.151461363 -103.697697 -28.371580 38.551332 -0.167881 0.734510 -0.656347 0.038986
1520530764.201463223 -103.312848 -29.286193 38.434524 -0.174723 0.736798 -0.651934 0.039775
1520530764.251481295 -103.287144 -30.221253 38.086075 -0.183679 0.736213 -0.649976 0.042228
1520530764.301483154 -103.416166 -31.150709 37.718654 -0.193504 0.734271 -0.648949 0.047621
1520530764.351484060 -103.023623 -32.011277 38.043383 -0.200949 0.742555 -0.637105 0.048259
1520530764.401486397 -103.136241 -32.999805 38.095303 -0.214711 0.740517 -0.634533 0.053869
1520530764.451487303 -103.389682 -33.928545 37.797288 -0.226435 0.731510 -0.640282 0.060490
1520530764.501489162 -103.616466 -34.869565 37.516838 -0.238093 0.722286 -0.645843 0.067094
1520530764.551490307 -103.816222 -35.821764 37.254126 -0.249681 0.712849 -0.651213 0.073677
1520530764.601492167 -103.988614 -36.784024 37.009301 -0.261194 0.703201 -0.656390 0.080239
1520530764.651494026 -104.133336 -37.755218 36.782494 -0.272631 0.693345 -0.661374 0.086777
1520530764.701715469 -104.250116 -38.734206 36.573812 -0.283986 0.683284 -0.666162 0.093290
1520530764.751717329 -103.641106 -39.505695 36.393431 -0.302205 0.671517 -0.667869 0.108108
1520530764.801719189 -102.994344 -40.234814 36.206490 0.317950 -0.660135 0.669066 -0.124421
1520530764.851720333 -102.141012 -40.737194 36.070995 0.331325 -0.655643 0.664454 -0.137317
1520530764.901721239 -101.967207 -41.698398 36.256524 -0.367182 0.650458 -0.644668 0.162742
1520530764.951724291 -101.493768 -42.576231 36.270338 -0.396333 0.648063 -0.621579 0.191245
1520530765.001725435 -100.496926 -42.577173 36.191503 -0.413588 0.645122 -0.607836 0.208079
1520530765.051727295 -99.652438 -42.853522 35.771918 -0.432858 0.634844 -0.598347 0.227131
1520530765.101763248 -99.564037 -42.771041 34.804400 -0.434929 0.621002 -0.600945 0.253099
1520530765.151765347 -98.580711 -42.864242 34.710971 -0.453366 0.611647 -0.592834 0.262479
1520530765.201766253 -98.163867 -42.832877 33.811030 -0.460072 0.599808 -0.591400 0.280731
1520530765.251767397 -97.202134 -42.637372 34.010573 -0.474047 0.595932 -0.581080 0.287212
1520530765.301771164 -96.880249 -42.641870 33.070079 -0.480021 0.587448 -0.579306 0.298143
1520530765.351771116 -95.994234 -42.891865 33.458430 -0.492131 0.586052 -0.568829 0.301303
1520530765.401772261 -95.021538 -42.944884 33.661354 -0.499836 0.584433 -0.561508 0.305468
1520530765.451774120 -94.060830 -42.697370 33.570664 -0.501397 0.584767 -0.554912 0.314199
1520530765.501667500 -93.075319 -42.658757 33.500193 -0.505330 0.580930 -0.551982 0.320121
1520530765.551565647 -92.086707 -42.559564 33.464158 -0.511603 0.575490 -0.548256 0.326328
1520530765.601566553 -91.083510 -42.547754 33.439307 -0.521131 0.567904 -0.538690 0.340179
1520530765.651568651 -90.127394 -42.338636 33.347523 -0.529267 0.559452 -0.528563 0.357087
1520530765.701569557 -89.126679 -42.332866 33.298900 -0.541652 0.547964 -0.515254 0.375316
1520530765.751571417 -88.181614 -42.036672 33.162729 0.555823 -0.534426 0.504416 -0.388604
1520530765.801573515 -87.231009 -41.747395 33.023380 0.571840 -0.520738 0.489962 -0.402205
1520530765.851574421 -86.256433 -41.528995 33.060928 0.586834 -0.508088 0.472922 -0.416914
1520530765.901345491 -85.304415 -41.266290 32.919571 0.599714 -0.493650 0.459679 -0.430521
1520530765.951346397 -84.342179 -40.996132 32.746250 0.612753 -0.480520 0.442280 -0.444996
1520530766.001348495 -83.386729 -40.753887 32.596871 0.628150 -0.466284 0.415044 -0.464483
1520530766.051349401 -82.465270 -40.643313 32.257115 0.644740 -0.444799 0.384938 -0.488147
1520530766.101351500 -81.496056 -40.427436 32.290259 0.666340 -0.418554 0.356974 -0.503362
1520530766.151352644 -80.537925 -40.134093 32.338457 0.685540 -0.389940 0.335724 -0.515044
1520530766.201354504 -79.590414 -39.845989 32.421733 0.698660 -0.364144 0.316362 -0.528383
1520530766.251356363 -79.292091 -38.899252 32.415104 0.703028 -0.350249 0.307822 -0.536957
1520530766.301371336 -78.432844 -38.399836 32.449429 0.713464 -0.331232 0.291744 -0.544187
1520530766.351373672 -78.509762 -37.403732 32.399856 0.717054 -0.334902 0.292019 -0.537028
1520530766.401375532 -78.395553 -36.410552 32.371347 0.725351 -0.328438 0.280842 -0.535839
1520530766.451376438 -77.936663 -35.521104 32.338794 0.731866 -0.322339 0.270367 -0.536070
1520530766.501378536 -77.408037 -34.681561 32.194445 0.736847 -0.313263 0.258598 -0.540416
1520530766.551379442 -76.889897 -33.843240 32.104047 0.740140 -0.303653 0.249284 -0.545752
1520530766.601381302 -75.970856 -33.464601 32.193851 0.746377 -0.283433 0.235617 -0.554140
1520530766.651382446 -75.757246 -32.489309 32.107480 0.748357 -0.270772 0.227490 -0.561154
1520530766.701833963 -75.507566 -31.552249 31.910714 0.748701 -0.257667 0.214367 -0.571928
1520530766.751835823 -75.335735 -30.896126 31.199362 0.745818 -0.246576 0.194444 -0.587493
1520530766.801836967 -75.073667 -30.195517 30.551418 0.747321 -0.230376 0.172379 -0.598935
1520530766.851839066 -74.912760 -29.236074 30.311272 0.754560 -0.210460 0.152014 -0.602692
1520530766.901840925 -74.903105 -28.254666 30.091839 0.759532 -0.192364 0.133241 -0.606922
1520530766.951842070 -74.864610 -27.631628 29.313849 0.750443 -0.181736 0.111517 -0.625596
1520530767.001842976 -74.710982 -26.648549 29.231692 0.749384 -0.174520 0.095467 -0.631548
1520530767.051844835 -74.870781 -25.667515 29.402572 0.750944 -0.170952 0.071278 -0.633859
1520530767.101938009 -74.700357 -24.716522 29.634378 0.754403 -0.158821 0.039121 -0.635706
1520530767.151878357 -74.787633 -23.778896 29.931153 0.758265 -0.144351 0.013760 -0.635616
1520530767.201879263 -75.046921 -22.826620 30.077711 0.759233 -0.126889 -0.002610 -0.638324
1520530767.251881361 -75.238738 -21.847727 30.088807 0.758954 -0.106896 -0.011758 -0.642202
1520530767.301882267 -75.305532 -20.860522 29.943568 0.756482 -0.089638 -0.023316 -0.647423
1520530767.351884365 -75.261689 -19.864502 29.926891 0.754821 -0.077021 -0.040630 -0.650125
1520530767.401886463 -75.458183 -18.892190 29.788677 0.753821 -0.068160 -0.053846 -0.651313
1520530767.451887369 -75.830315 -18.369661 29.037729 0.750873 -0.064123 -0.060038 -0.654579
1520530767.501889467 -75.825032 -17.374142 28.939406 0.755059 -0.061531 -0.059950 -0.650004
1520530767.551857233 -75.609099 -16.417113 28.963182 0.758605 -0.060297 -0.061085 -0.645872
1520530767.601859331 -75.577159 -15.398402 28.755615 0.759831 -0.062004 -0.062193 -0.644161
1520530767.651860237 -75.715693 -14.422578 28.720909 0.758219 -0.064112 -0.060249 -0.646037
1520530767.701862097 -75.337231 -13.581563 28.468744 0.753007 -0.060440 -0.061447 -0.652343
1520530767.751863241 -75.266897 -12.623940 28.636692 0.750363 -0.060997 -0.063766 -0.655109
1520530767.801865101 -75.685900 -11.721448 28.642897 0.746408 -0.063492 -0.065997 -0.659157
1520530767.851867199 -75.748319 -10.906176 28.121591 0.738767 -0.057742 -0.070481 -0.667773
1520530767.901869297 -75.698020 -9.887960 28.290343 0.734338 -0.049083 -0.075416 -0.672794
1520530767.951935530 -76.174508 -9.014848 28.221145 0.727902 -0.041648 -0.083399 -0.679314
1520530768.001936674 -76.318969 -8.042197 28.216616 0.722487 -0.031795 -0.096132 -0.683929
1520530768.051939487 -76.826570 -7.286060 27.829982 0.716881 -0.027107 -0.100306 -0.689409
1520530768.101940393 -77.009098 -6.321207 27.906590 0.722369 -0.022637 -0.106614 -0.682864
1520530768.151941538 -77.437003 -5.429762 27.876936 0.727291 -0.014682 -0.119275 -0.675726
1520530768.201943636 -77.164188 -4.555923 28.325805 0.731059 0.000770 -0.130733 -0.669672
1520530768.251944542 -77.341019 -3.585351 28.492518 0.727951 0.016733 -0.136914 -0.671611
1520530768.301946640 -77.920830 -2.781551 28.466143 0.720592 0.030062 -0.140312 -0.678348
1520530768.351885796 -78.431958 -1.955902 28.239368 0.711956 0.044154 -0.140501 -0.686606
1520530768.401886702 -78.565033 -0.969953 28.329802 0.706960 0.060445 -0.140792 -0.690457
1520530768.451888561 -78.940960 -0.058171 28.160391 0.702162 0.070826 -0.145312 -0.693424
1520530768.501889706 -79.204547 0.903030 28.073931 0.700645 0.077476 -0.152393 -0.692727
1520530768.551891804 -79.434751 1.866971 27.936139 0.700630 0.081700 -0.152509 -0.692231
1520530768.601892948 -79.674948 2.835690 27.966685 0.702861 0.081849 -0.150422 -0.690406
1520530768.651894808 -80.056678 3.757347 27.952743 0.703580 0.082527 -0.152150 -0.689214
1520530768.701976776 -80.283822 4.671860 28.295090 0.704444 0.087475 -0.153537 -0.687410
1520530768.751810551 -80.601194 5.617278 28.346662 0.699749 0.094511 -0.146704 -0.692746
1520530768.801811695 -80.839477 6.586496 28.308916 -0.694047 -0.102223 0.145286 0.697669
1520530768.851813555 -81.248943 7.493236 28.387449 -0.691075 -0.107494 0.155066 0.697721
1520530768.901814461 -81.786211 8.304122 28.601175 -0.687930 -0.114829 0.169346 0.696340
1520530768.951816797 -82.210183 9.204345 28.581520 -0.680760 -0.128110 0.185282 0.697011
1520530769.001818657 -82.831521 9.976645 28.511983 -0.672539 -0.147114 0.196516 0.698162
1520530769.051819563 -83.303633 10.855957 28.481615 -0.665277 -0.168966 0.214454 0.694886
1520530769.101821661 -83.955516 11.613733 28.520438 -0.657395 -0.192713 0.237681 0.688623
1520530769.151822567 -84.603673 12.296184 28.850776 -0.649460 -0.215499 0.256721 0.682537
1520530769.201870441 -85.231657 13.002276 29.200070 -0.640548 -0.236338 0.275378 0.676764
1520530769.251871347 -86.050693 13.545699 29.024020 -0.628475 -0.250018 0.302607 0.671520
1520530769.301873207 -86.893255 14.060476 28.948741 -0.617055 -0.267885 0.324106 0.665159
1520530769.351875305 -87.829314 14.407366 28.878244 -0.605601 -0.288836 0.340132 0.658887
1520530769.401876211 -88.805042 14.535076 28.917766 -0.598312 -0.311720 0.350568 0.649581
1520530769.451878309 -89.724548 14.829130 28.655700 -0.585548 -0.334281 0.366918 0.640906
1520530769.501879215 -90.588909 15.287525 28.856279 -0.571282 -0.360559 0.381767 0.630783
1520530769.551881313 -91.548629 15.172292 29.142466 -0.559650 -0.379548 0.391396 0.624135
1520530769.601849556 -92.446619 15.479311 29.450959 -0.550455 -0.399392 0.399900 0.614463
1520530769.651851416 -93.432166 15.578973 29.336509 -0.543803 -0.411454 0.403035 0.610366
1520530769.701853752 -94.342604 15.868674 29.626492 -0.541260 -0.424713 0.404534 0.602502
1520530769.751854658 -95.255333 16.229993 29.816749 -0.539215 -0.435051 0.403069 0.597924
1520530769.801856756 -96.183957 16.451737 30.118260 -0.534055 -0.441084 0.400522 0.599844
1520530769.851858616 -97.145432 16.435186 30.398485 -0.525312 -0.441661 0.401445 0.606486
1520530769.901859522 -97.928243 16.999802 30.174217 -0.508918 -0.442978 0.416956 0.609032
1520530769.951861858 -98.816844 17.410954 29.978269 -0.494314 -0.447065 0.436072 0.604672
1520530770.001660585 -99.743002 17.495942 30.329062 -0.485268 -0.457940 0.448940 0.594356
1520530770.051661491 -100.572431 17.011994 30.613756 -0.478317 -0.468723 0.456797 0.585533
1520530770.101663589 -101.507287 16.658989 30.761985 -0.465349 -0.482979 0.467427 0.575928
1520530770.151665688 -102.347100 16.155671 30.916668 -0.449727 -0.494229 0.480498 0.567984
1520530770.201667547 -103.202964 15.699998 31.187122 -0.434250 -0.504749 0.495590 0.557716
1520530770.251668453 -104.098984 15.260750 31.366408 -0.423584 -0.513716 0.507257 0.547140
1520530770.301736593 -104.978623 15.344755 31.792360 -0.413627 -0.530317 0.515246 0.531223
1520530770.351671457 -105.900928 14.992647 31.784143 0.405129 0.542551 -0.530153 -0.510339
1520530770.401531935 -106.696024 14.567848 32.210958 0.392538 0.559348 -0.539844 -0.491541
1520530770.451533794 -107.436027 13.999909 32.572262 0.374886 0.576374 -0.546157 -0.478505
1520530770.501534939 -107.928320 13.186196 32.776677 0.359177 0.589728 -0.550908 -0.468736
1520530770.551536798 -108.875339 12.896811 32.925613 0.336742 0.605730 -0.558960 -0.455258
1520530770.601538897 -109.455232 12.140314 33.170666 0.320312 0.619154 -0.562049 -0.445139
1520530770.651540041 -110.017854 11.452094 33.622854 0.307598 0.634585 -0.563066 -0.430862
1520530770.701541901 -110.305794 10.604423 34.075328 0.301307 0.647662 -0.561474 -0.417725
1520530770.751542807 -111.258768 10.517959 34.321143 0.286947 0.663280 -0.561764 -0.402669
1520530770.801611423 -111.783024 9.688409 34.513933 0.285974 0.670910 -0.558979 -0.394514
1520530770.851612329 -112.013526 8.723335 34.519835 0.286042 0.675496 -0.557523 -0.388655
1520530770.901614666 -112.235996 7.795945 34.296329 0.283426 0.674305 -0.560511 -0.388343
1520530770.951616526 -112.489451 6.867985 34.545913 0.279702 0.672887 -0.562715 -0.390310
1520530771.001617432 -113.373163 6.602296 34.888694 0.267189 0.676754 -0.570950 -0.380302
1520530771.051619530 -113.597338 5.639483 35.060066 0.264047 0.679875 -0.579882 -0.363025
1520530771.101620436 -114.004564 4.741267 35.126610 0.255621 0.684743 -0.588397 -0.345795
1520530771.151622295 -114.464238 3.934269 34.749747 0.237087 0.686028 -0.599545 -0.337197
1520530771.201895714 -115.015839 3.110721 34.880131 0.215800 0.689912 -0.610781 -0.323106
1520530771.251897573 -115.686129 2.367793 34.869868 0.195238 0.692773 -0.622801 -0.306703
1520530771.301899672 -115.850989 1.376154 34.880293 0.182011 0.698938 -0.627604 -0.290640
1520530771.351901770 -116.180050 0.444486 34.930719 0.171294 0.706055 -0.629347 -0.275803
1520530771.401902676 -116.592335 -0.455653 35.086265 0.160916 0.715269 -0.629626 -0.257037
1520530771.451904774 -117.425115 -1.031476 35.083177 0.139126 0.723697 -0.637084 -0.225901
1520530771.501905680 -117.712824 -1.990534 35.207303 0.116925 0.731769 -0.641213 -0.199220
1520530771.551911592 -117.910137 -2.931305 35.487774 0.089396 0.739697 -0.642918 -0.177518
1520530771.601908684 -117.888102 -3.881015 35.224313 0.064963 0.737895 -0.651981 -0.161898
1520530771.651878119 -118.213775 -4.834257 35.162713 0.040776 0.738643 -0.658291 -0.139271
1520530771.701879978 -118.696073 -5.689052 35.213827 0.018538 0.741581 -0.659263 -0.122824
1520530771.751882315 -118.833198 -6.676463 35.188378 0.004657 0.746951 -0.655203 -0.112920
1520530771.801883221 -118.897607 -7.633343 34.888035 -0.003602 0.749155 -0.654211 -0.103739
1520530771.851885080 -118.871665 -8.651849 34.941201 -0.007442 0.753555 -0.650405 -0.095251
1520530771.901942015 -118.900417 -9.656421 34.953147 -0.006042 0.756349 -0.647433 -0.093439
1520530771.951888084 -119.070690 -10.624123 35.101598 -0.005544 0.760707 -0.643098 -0.087859
1520530772.001888990 -119.168554 -11.609041 35.127949 -0.008226 0.762691 -0.640943 -0.086177
1520530772.051866770 -119.281914 -12.582140 35.280027 -0.012705 0.761757 -0.642077 -0.085450
1520530772.101867676 -119.023473 -13.526825 35.057912 -0.016195 0.756451 -0.647711 -0.089388
1520530772.151869774 -119.056366 -14.518805 34.916791 -0.020535 0.752712 -0.653017 -0.081065
1520530772.201871872 -119.128588 -15.523735 34.974512 -0.026599 0.753958 -0.652825 -0.068261
1520530772.251872778 -119.226889 -16.513345 35.046527 -0.035412 0.756120 -0.651291 -0.053373
1520530772.301874638 -119.243292 -17.511192 34.860821 -0.046780 0.757042 -0.650569 -0.038186
1520530772.351875782 -119.301324 -18.513777 34.965032 -0.057913 0.758514 -0.648801 -0.018970
1520530772.401877642 -119.384996 -19.492646 34.850768 -0.067218 0.755676 -0.651469 -0.004832
1520530772.451787233 -119.338790 -20.496265 34.905676 -0.073539 0.757582 -0.648529 0.008402
1520530772.501789093 -119.431944 -21.494317 34.936001 -0.084473 0.762281 -0.641307 0.022726
1520530772.551790237 -119.619879 -22.478007 34.938211 -0.099684 0.765938 -0.633654 0.043410
1520530772.601792336 -119.760793 -23.469121 34.798524 -0.117463 0.764761 -0.630683 0.059855
1520530772.651794195 -119.749503 -24.460253 34.864628 -0.134998 0.761608 -0.629773 0.071521
1520530772.701795340 -119.780782 -25.447173 34.778552 -0.152429 0.756588 -0.630795 0.080232
1520530772.751797199 -119.652453 -26.428622 34.688391 -0.166148 0.753386 -0.630499 0.085291
1520530772.801798344 -119.434915 -27.415627 34.616882 -0.177393 0.753475 -0.626485 0.091239
1520530772.851710320 -119.450935 -28.414440 34.554317 -0.189587 0.754954 -0.619493 0.101636
1520530772.901712418 -119.094568 -29.351104 34.424359 -0.196129 0.758652 -0.611579 0.109328
1520530772.951713324 -118.535315 -30.191000 34.310656 -0.199827 0.762909 -0.604538 0.112126
1520530773.001715183 -118.084762 -31.053246 34.160818 -0.200473 0.766172 -0.600340 0.111276
1520530773.051716328 -118.049878 -32.018498 34.420269 -0.210557 0.771932 -0.588785 0.114536
1520530773.101718187 -118.109853 -33.019079 34.399515 -0.219786 0.770435 -0.585983 0.121438
1520530773.151720285 -118.235801 -34.008318 34.355359 -0.227933 0.762933 -0.591360 0.127561
1520530773.201721430 -118.178858 -34.946894 34.051263 -0.233279 0.749250 -0.605849 0.130968
1520530773.251870155 -117.490559 -35.563739 33.677912 -0.229993 0.737907 -0.619730 0.136127
1520530773.301871300 -117.411326 -36.511090 33.347510 -0.239437 0.724412 -0.627576 0.155066
1520530773.351878405 -117.259301 -37.450051 33.018025 -0.255755 0.710800 -0.631799 0.173729
1520530773.401874542 -116.711366 -38.137372 32.549288 -0.271398 0.696487 -0.637886 0.185337
1520530773.451876402 -116.132512 -38.812991 32.101154 -0.286872 0.681742 -0.643577 0.196829
1520530773.501919270 -115.523371 -39.475083 31.673440 -0.302167 0.666572 -0.648868 0.208199
1520530773.551879406 -114.884649 -40.121852 31.265910 0.317276 -0.650989 0.653756 -0.219440
1520530773.601880312 -114.217124 -40.751544 30.878281 0.332186 -0.635001 0.658237 -0.230544
1520530773.651882172 -113.521647 -41.362444 30.510219 0.346891 -0.618618 0.662309 -0.241505
1520530773.701948404 -113.090837 -42.254543 30.514713 0.379772 -0.600987 0.647429 -0.274632
1520530773.751950264 -112.276478 -42.768284 30.792130 0.408457 -0.594501 0.628073 -0.291986
1520530773.801952362 -111.283456 -42.682073 30.804057 0.430571 -0.584949 0.616083 -0.304770
1520530773.851953506 -110.313059 -42.794092 30.979832 0.453020 -0.575831 0.600863 -0.319617
1520530773.901955366 -109.327400 -42.996534 31.012674 0.471157 -0.562905 0.591849 -0.332962
1520530773.951956511 -108.418237 -42.734923 30.832966 0.484557 -0.552650 0.584478 -0.343754
1520530774.001958370 -107.437578 -42.672231 30.867058 0.499011 -0.544122 0.577000 -0.349272
1520530774.051959276 -107.329228 -42.469744 29.944205 0.498313 -0.540122 0.576410 -0.357357
1520530774.101984501 -106.358038 -42.275004 29.848276 0.500084 -0.542693 0.572660 -0.357016
1520530774.151986361 -105.845246 -42.057652 30.688396 0.502505 -0.552969 0.564156 -0.351343
1520530774.201987505 -104.915217 -42.408068 30.695885 -0.504574 0.559839 -0.555691 0.350988
1520530774.251989603 -104.187212 -42.246587 30.018207 -0.500687 0.561534 -0.558351 0.349625
1520530774.301991463 -103.174771 -42.140106 30.043837 -0.500191 0.566487 -0.550600 0.354599
1520530774.351992607 -102.234642 -41.818841 30.064115 -0.502315 0.567476 -0.538878 0.367778
1520530774.401993513 -101.251923 -41.630602 30.118019 -0.509636 0.565474 -0.524423 0.381431
1520530774.451995373 -100.303990 -41.341276 30.189643 -0.521363 0.561543 -0.509238 0.391824
1520530774.501791954 -99.357203 -41.163094 30.014749 -0.539716 0.550962 -0.491025 0.405021
1520530774.551794291 -98.434460 -40.776470 30.068574 0.561467 -0.539724 0.471284 -0.413938
1520530774.601794958 -97.468049 -40.562512 29.903385 0.579642 -0.526744 0.451768 -0.427156
1520530774.651797056 -96.498422 -40.311693 29.826528 0.596889 -0.513725 0.429410 -0.442061
1520530774.701798201 -95.549024 -40.017020 29.792710 0.612748 -0.497091 0.403855 -0.462970
1520530774.751800060 -94.643401 -39.616757 29.682940 0.627012 -0.474014 0.381243 -0.486643
1520530774.801800966 -93.729523 -39.241717 29.682220 0.643626 -0.447681 0.357511 -0.507457
1520530774.851803064 -92.749140 -39.031138 29.534993 0.664077 -0.417156 0.336784 -0.521113
1520530774.901629925 -91.859511 -38.578182 29.618707 0.683086 -0.391947 0.317798 -0.527992
1520530774.951631784 -90.979871 -38.127000 29.689400 0.700135 -0.371153 0.302787 -0.529506
1520530775.001632690 -91.171915 -37.145313 29.680749 0.708229 -0.363257 0.297519 -0.527198
1520530775.051635027 -90.231077 -36.813577 29.654856 0.717601 -0.351956 0.280819 -0.531335
1520530775.101664066 -89.445723 -36.505599 29.122706 0.723386 -0.340015 0.270949 -0.536366
1520530775.151637793 -88.597302 -36.046274 28.927480 0.728956 -0.334860 0.261265 -0.536873
1520530775.201638937 -87.709424 -35.586418 28.901945 0.735520 -0.328546 0.251229 -0.536612
1520530775.251640797 -87.117557 -35.264800 28.170846 0.729845 -0.316348 0.246807 -0.553477
1520530775.301808119 -86.227417 -34.833541 28.258719 0.732555 -0.304150 0.239661 -0.559838
1520530775.351809025 -85.572081 -35.587389 28.230354 0.743052 -0.264581 0.206693 -0.578921
1520530775.401811123 -85.059561 -36.447079 28.198920 0.751749 -0.221884 0.161527 -0.599625
1520530775.451812029 -85.220684 -35.467744 28.312642 0.752865 -0.205303 0.138491 -0.609808
1520530775.501814127 -84.557115 -36.211597 28.251647 0.759707 -0.160344 0.102745 -0.621754
1520530775.551815271 -83.857539 -35.516440 28.420537 0.765536 -0.127823 0.076139 -0.625954
1520530775.601817131 -83.119102 -34.870340 28.601935 0.769168 -0.097962 0.042480 -0.630064
1520530775.651818037 -83.221461 -33.877120 28.524588 0.770339 -0.083642 0.014519 -0.631958
1520530775.702431679 -83.334630 -32.890193 28.643450 0.777976 -0.073352 -0.014860 -0.623821
1520530775.752434015 -83.680969 -31.960523 28.751420 0.787071 -0.057397 -0.045908 -0.612468
1520530775.802434921 -83.820082 -30.967828 28.721026 0.790417 -0.032061 -0.081345 -0.606297
1520530775.852437019 -84.099043 -30.015437 28.837094 0.786341 0.000337 -0.111404 -0.607665
1520530775.902437925 -84.646517 -29.182613 28.888910 0.776247 0.033094 -0.134172 -0.615096
1520530775.952439785 -85.148470 -28.363718 29.178636 0.767251 0.062818 -0.157093 -0.618629
1520530776.002440929 -85.150387 -27.376354 29.110758 0.756466 0.095568 -0.179801 -0.621528
1520530776.052442789 -85.950529 -26.799486 29.022019 0.748665 0.112939 -0.191764 -0.624478
1520530776.102444887 -86.444117 -25.952196 29.186404 0.745601 0.122571 -0.205946 -0.621805
1520530776.152283430 -87.001323 -25.130785 29.236961 0.747381 0.122839 -0.215934 -0.616202
1520530776.202284575 -87.748500 -24.465631 29.235401 0.753322 0.117393 -0.220263 -0.608448
1520530776.252286434 -88.478781 -23.780252 29.200180 0.758846 0.109835 -0.219423 -0.603276
1520530776.302287340 -88.796331 -22.841814 29.261634 0.763614 0.103901 -0.221767 -0.597426
1520530776.352289438 -89.472163 -22.149463 29.490122 0.766764 0.099363 -0.220619 -0.594582
1520530776.402290344 -89.947208 -21.274807 29.387078 0.765058 0.102888 -0.216609 -0.597646
1520530776.452292442 -90.613325 -20.528642 29.383228 0.761914 0.106792 -0.221322 -0.599248
1520530776.502293587 -91.067610 -19.654886 29.219567 0.755826 0.113479 -0.233296 -0.601184
1520530776.552302361 -91.706819 -18.904645 29.365788 0.752457 0.121181 -0.240629 -0.601018
1520530776.602303505 -92.194324 -18.034314 29.313108 0.749514 0.129417 -0.250464 -0.598955
1520530776.652305365 -92.862682 -17.296987 29.230231 0.745267 0.135748 -0.262226 -0.597818
1520530776.702321291 -93.416494 -16.450681 29.373528 0.740398 0.142436 -0.275846 -0.596181
1520530776.752308369 -94.242904 -15.898943 29.481450 0.735130 0.148938 -0.287122 -0.595787
1520530776.802310467 -95.062636 -15.395571 29.177341 0.731332 0.156612 -0.299484 -0.592398
1520530776.852311611 -95.667398 -14.637647 29.133351 0.726651 0.168930 -0.319845 -0.584073
1520530776.902312517 -96.428445 -14.019126 29.287374 0.720551 0.179907 -0.335825 -0.579363
1520530776.952342272 -97.219855 -13.453955 29.522753 0.710564 0.191707 -0.344115 -0.583037
1520530777.002344131 -97.970861 -12.822701 29.727104 0.699483 0.200741 -0.347424 -0.591373
1520530777.052345037 -98.748270 -12.202353 29.825742 0.689256 0.209161 -0.346273 -0.601059
1520530777.102347374 -99.596980 -11.730875 29.697136 0.679847 0.214660 -0.341241 -0.612604
1520530777.152348042 -100.127713 -10.872981 29.766185 0.675491 0.220794 -0.339688 -0.616096
1520530777.202350140 -101.002714 -10.504967 29.453295 0.672644 0.221089 -0.337542 -0.620269
1520530777.252351284 -101.852613 -9.993193 29.299513 0.675511 0.220563 -0.335220 -0.618599
1520530777.302353144 -102.272847 -9.097603 29.239206 0.681752 0.223818 -0.328724 -0.614052
1520530777.352223158 -102.958518 -8.392390 29.078008 0.689083 0.225601 -0.315362 -0.612222
1520530777.402224064 -103.642206 -7.721497 29.303006 0.696454 0.227966 -0.303658 -0.608913
1520530777.452226162 -104.513281 -7.241086 29.265573 0.698460 0.221357 -0.289695 -0.615818
1520530777.502227306 -105.128575 -6.479854 29.427857 0.697517 0.215641 -0.278179 -0.624167
1520530777.552229166 -105.838473 -5.786484 29.572603 0.695124 0.206853 -0.274402 -0.631441
1520530777.602230310 -106.547140 -5.121107 29.793975 0.694482 0.201424 -0.275203 -0.633551
1520530777.652232170 -107.022752 -4.268529 29.944950 0.692281 0.205317 -0.281150 -0.632097
1520530777.702234030 -107.863751 -3.742596 29.846820 0.688976 0.212278 -0.285535 -0.631443
1520530777.752132177 -108.707200 -3.308687 29.565213 0.680992 0.222683 -0.295006 -0.632165
1520530777.802134275 -109.326253 -2.519645 29.634776 0.671912 0.238981 -0.311550 -0.627980
1520530777.852136135 -110.089638 -2.119540 29.164064 0.655742 0.252344 -0.327159 -0.631896
1520530777.902137041 -110.809733 -1.450055 29.349049 0.646595 0.268937 -0.336436 -0.629602
1520530777.952138186 -111.727439 -1.090105 29.525896 0.638755 0.282004 -0.355189 -0.621536
1520530778.002140045 -112.555765 -0.554909 29.500215 0.627845 0.300105 -0.377723 -0.610797
1520530778.052142143 -113.470648 -0.275027 29.791593 0.618537 0.322487 -0.389635 -0.601331
1520530778.102143288 -114.395707 0.072070 29.954894 0.605778 0.346806 -0.402769 -0.592060
1520530778.152195692 -115.337674 0.401019 29.974601 0.587660 0.371937 -0.415678 -0.586115
1520530778.202196598 -116.278846 0.726866 30.045474 -0.566377 -0.394674 0.428466 0.582981
1520530778.252198696 -117.221608 1.032842 29.998821 -0.546706 -0.412597 0.441807 0.579381
1520530778.302200556 -118.153302 1.392090 30.003576 -0.529413 -0.427846 0.454956 0.574181
1520530778.352201462 -119.076635 1.244978 29.694358 -0.518184 -0.434348 0.460960 0.574754
1520530778.402202606 -120.041445 1.344285 29.545305 -0.511780 -0.440625 0.466602 0.571151
1520530778.452204466 -121.003428 1.113804 29.521088 -0.509512 -0.444122 0.469405 0.568166
1520530778.502205372 -121.865332 0.730660 29.824713 -0.509044 -0.449158 0.470682 0.563551
1520530778.552207708 -122.853468 0.736492 29.915523 -0.502481 -0.453620 0.475916 0.561467
1520530778.602252245 -123.799371 0.509471 30.076124 -0.494096 -0.460099 0.481010 0.559292
1520530778.652253151 -124.538759 -0.096825 30.286983 -0.484845 -0.468158 0.490507 0.552409
1520530778.702255011 -125.436893 -0.226793 29.878171 -0.463635 -0.477063 0.511259 0.544121
1520530778.752256155 -126.359442 -0.500211 29.654262 -0.441362 -0.491630 0.524234 0.537287
1520530778.802258253 -127.231699 -0.977368 29.769694 -0.419457 -0.509771 0.536875 0.525313
1520530778.852259398 -128.098717 -1.456026 29.644616 -0.396049 -0.524335 0.551950 0.513390
1520530778.902261257 -128.985835 -1.835540 29.910868 -0.374332 -0.540081 0.563821 0.500294
1520530778.952263117 -129.685457 -2.503073 30.155133 -0.357052 -0.551490 0.572010 0.491098
1520530779.002046347 -130.286128 -3.279567 30.354207 -0.340408 -0.563521 0.584219 0.474610
1520530779.052048683 -130.882730 -4.027916 30.641595 -0.317727 -0.581174 0.599119 0.449826
1520530779.102049589 -131.512297 -4.761683 30.898470 -0.286771 -0.601294 0.611138 0.427456
1520530779.152051449 -132.259265 -5.422078 31.036005 0.249697 0.619977 -0.619340 -0.411943
1520530779.202052593 -132.135371 -6.405313 31.262625 0.220338 0.636882 -0.621246 -0.399857
1520530779.252054453 -132.647249 -7.231060 31.426769 0.191442 0.650972 -0.622583 -0.389842
1520530779.302056551 -133.385562 -7.806966 31.771885 0.164111 0.665784 -0.623660 -0.375297
1520530779.352058649 -133.887291 -8.639517 31.714082 0.144669 0.673830 -0.625356 -0.365996
1520530779.401859522 -134.092699 -9.614784 31.847965 0.133474 0.683701 -0.622814 -0.356147
1520530779.451860666 -134.024918 -10.616898 31.944262 0.128894 0.691306 -0.616650 -0.353870
1520530779.501862764 -134.363900 -11.561119 32.012976 0.129094 0.695345 -0.612409 -0.353248
1520530779.551863670 -135.027925 -12.252360 32.188323 0.129400 0.698257 -0.614467 -0.343690
1520530779.601868629 -135.251551 -13.225168 32.081827 0.133102 0.695719 -0.620741 -0.336065
1520530779.651867628 -135.194639 -14.235906 32.144290 0.133902 0.692921 -0.625008 -0.333609
1520530779.701868534 -135.261238 -15.228839 32.174819 0.129502 0.691571 -0.630703 -0.327373
1520530779.751869678 -135.274493 -16.207650 32.419810 0.119313 0.696575 -0.634675 -0.312627
1520530779.802151203 -135.234937 -17.197413 32.503105 0.106911 0.704883 -0.637541 -0.291978
1520530779.852153301 -135.714812 -18.071411 32.638005 0.083630 0.715090 -0.639359 -0.269950
1520530779.902155161 -136.622437 -18.318684 32.946961 0.048818 0.726773 -0.639900 -0.244836
1520530779.952156067 -136.517099 -19.286180 33.183579 0.025969 0.732187 -0.641922 -0.226195
1520530780.002157211 -136.832572 -20.175572 32.911860 -0.000558 0.728473 -0.654712 -0.201693
1520530780.052159309 -136.450164 -21.109352 32.798362 -0.018284 0.729418 -0.658951 -0.182752
1520530780.102160215 -136.077485 -22.035898 32.823550 -0.035996 0.735297 -0.657759 -0.159359
1520530780.152162313 -136.529145 -22.784265 33.282518 -0.069998 0.743302 -0.654047 -0.121759
1520530780.202292681 -136.148155 -23.704311 33.050116 -0.097726 0.741121 -0.657477 -0.094415
1520530780.252293587 -135.730002 -24.620000 33.081740 -0.127861 0.739682 -0.656438 -0.074908
1520530780.302295446 -135.341072 -25.540500 33.173621 -0.156357 0.738302 -0.653285 -0.060679
1520530780.352296591 -134.639420 -26.163712 33.523642 -0.172271 0.742476 -0.645820 -0.044366
1520530780.402298689 -134.469296 -27.139625 33.426471 -0.190747 0.740582 -0.643799 -0.026012
1520530780.452299833 -133.957425 -27.874479 33.009875 -0.201369 0.738665 -0.643131 -0.014390
1520530780.502301693 -133.585282 -28.790118 33.169055 -0.213417 0.743637 -0.633550 -0.008426
1520530780.552302599 -133.154065 -29.681542 33.009928 -0.222412 0.747576 -0.625771 -0.008551
1520530780.602304697 -132.749748 -30.615911 33.008948 -0.223658 0.752468 -0.619477 -0.004187
1520530780.652139425 -132.460039 -31.573414 33.075646 -0.223947 0.757602 -0.613086 -0.003544
1520530780.702140570 -132.248739 -32.538085 33.229814 -0.223500 0.761481 -0.608408 -0.005835
1520530780.752142668 -131.855435 -33.452401 33.381400 -0.219841 0.762111 -0.608939 -0.007063
1520530780.802143574 -131.621542 -34.394149 33.166330 -0.218581 0.757768 -0.614819 -0.002566
1520530780.852145672 -131.147235 -35.263371 33.163409 -0.217328 0.757557 -0.615384 0.013385
1520530780.902147532 -130.657886 -36.136323 33.198346 -0.222712 0.758234 -0.612062 0.029322
1520530780.952149391 -130.291080 -37.064822 32.963259 -0.233059 0.755980 -0.610013 0.045409
1520530781.002150774 -129.815094 -37.930621 33.035447 -0.245538 0.754044 -0.606093 0.061471
1520530781.052164555 -129.472860 -38.875699 33.052410 -0.257645 0.749432 -0.603883 0.085412
1520530781.102166414 -129.042395 -39.768438 32.981417 -0.266900 0.745345 -0.601913 0.104528
1520530781.152168512 -128.598129 -40.672456 32.903475 -0.275885 0.746605 -0.593502 0.119258
1520530781.202169657 -128.125247 -41.556106 32.821642 -0.285909 0.750930 -0.579874 0.134563
1520530781.252170563 -127.562645 -42.397175 32.885694 -0.300940 0.754580 -0.561887 0.155971
1520530781.302172422 -126.692775 -42.805147 32.620469 -0.314720 0.749020 -0.557574 0.170389
1520530781.352173567 -125.866483 -43.227040 32.237050 -0.331425 0.734816 -0.564381 0.177980
1520530781.402175426 -125.528103 -44.099612 31.910305 -0.353786 0.715623 -0.571239 0.190801
1520530781.452058554 -125.070493 -44.974144 31.731371 -0.371869 0.704540 -0.569976 0.201158
1520530781.502059460 -124.683652 -45.863838 31.540616 -0.387245 0.696204 -0.565006 0.214731
1520530781.552061796 -124.443942 -46.818962 31.421614 -0.401691 0.689325 -0.556513 0.231880
1520530781.602062702 -123.586205 -47.296185 31.204538 -0.407858 0.688230 -0.550404 0.238845
1520530781.652064562 -122.903976 -48.003346 31.012160 -0.416219 0.685245 -0.545873 0.243358
1520530781.702065706 -122.286800 -48.779601 30.895926 -0.424150 0.683211 -0.541545 0.245048
1520530781.752067566 -121.835383 -49.649228 30.683102 -0.433756 0.680180 -0.536842 0.247006
1520530781.802069426 -121.034490 -50.237713 30.535852 -0.438570 0.679514 -0.532761 0.249163
1520530781.852036953 -120.414969 -51.026936 30.576754 -0.442878 0.675913 -0.532147 0.252625
1520530781.902038813 -119.813999 -51.820450 30.468257 -0.444085 0.668971 -0.536387 0.259914
1520530781.952039719 -119.096990 -52.387931 30.077024 -0.441778 0.661793 -0.540582 0.273190
1520530782.002041817 -118.185611 -52.751013 29.857586 -0.443961 0.658724 -0.535824 0.286137
1520530782.052042723 -117.584611 -53.459437 29.522034 -0.454235 0.651245 -0.524645 0.307080
1520530782.102044582 -116.760105 -53.556962 28.969154 -0.463884 0.642336 -0.520457 0.318341
1520530782.152045727 -115.902556 -53.984891 29.228456 -0.484010 0.637071 -0.500193 0.331183
1520530782.202047825 -115.016969 -54.367957 29.462431 -0.503649 0.631163 -0.479424 0.343691
1520530782.252168655 -114.122152 -54.061612 29.122968 -0.509645 0.621626 -0.474371 0.358907
1520530782.302169561 -113.189331 -53.765930 28.933029 -0.514794 0.615432 -0.465239 0.373877
1520530782.352171421 -112.366874 -54.129044 28.528972 -0.527589 0.604484 -0.441353 0.401816
1520530782.402172565 -111.431541 -53.864410 28.311481 -0.539709 0.593387 -0.422676 0.421843
1520530782.452174664 -110.558076 -54.321692 28.159295 -0.563551 0.572189 -0.395210 0.445890
1520530782.502176523 -109.760008 -53.767163 27.885694 0.580352 -0.556783 0.381187 -0.455940
1520530782.552178621 -108.914847 -53.244420 27.941588 0.593963 -0.542267 0.370334 -0.464766
1520530782.602179527 -108.754941 -52.926480 27.019438 0.594470 -0.527434 0.366099 -0.484139
1520530782.652289391 -107.803206 -52.613670 27.142984 0.608317 -0.516323 0.354194 -0.487758
1520530782.702290058 -107.172747 -51.959172 27.578756 0.623013 -0.509035 0.344322 -0.483922
1520530782.752292395 -106.529939 -51.247082 27.761395 0.636427 -0.502360 0.338773 -0.477314
1520530782.802293301 -106.205117 -50.898097 26.892566 0.634694 -0.497088 0.338225 -0.485459
1520530782.852294207 -105.828556 -50.451103 26.101222 0.630200 -0.498510 0.334340 -0.492496
1520530782.902296305 -105.606917 -49.921097 26.914597 0.634868 -0.503161 0.330666 -0.484182
1520530782.952298164 -104.910569 -49.212644 27.003472 0.632394 -0.504055 0.332904 -0.484955
1520530783.002299070 -104.334802 -48.559112 26.498036 0.626456 -0.500080 0.340395 -0.491532
1520530783.052301407 -103.611296 -47.890116 26.349972 0.623784 -0.495465 0.337989 -0.501170
1520530783.102149963 -102.879668 -47.203570 26.275096 0.624428 -0.490740 0.325634 -0.513056
1520530783.152151823 -102.256213 -46.507932 26.646691 0.630022 -0.481337 0.315039 -0.521668
1520530783.202152729 -101.443807 -45.934937 26.524791 0.638514 -0.466826 0.302553 -0.531823
1520530783.252154827 -100.661781 -45.362001 26.398657 0.648152 -0.445009 0.287823 -0.546830
1520530783.302155733 -100.097091 -44.526725 26.432356 0.655509 -0.424732 0.272882 -0.561646
1520530783.352157593 -99.413935 -43.787772 26.409231 0.661807 -0.402520 0.258671 -0.577130
1520530783.402159929 -98.861448 -42.950835 26.358535 0.667051 -0.382332 0.244892 -0.590672
1520530783.452160835 -98.261271 -42.155482 26.486139 0.673547 -0.363722 0.221932 -0.603975
1520530783.501915693 -97.689403 -41.344915 26.374228 0.677158 -0.342951 0.201530 -0.619054
1520530783.551916599 -97.060676 -40.574449 26.528174 0.683580 -0.322517 0.177281 -0.630296
1520530783.601918697 -96.464644 -39.808901 26.743184 0.696454 -0.299017 0.156032 -0.633399
1520530783.651919603 -95.884584 -39.004925 26.861760 0.708183 -0.273959 0.136041 -0.636330
1520530783.701921463 -95.304468 -38.186950 26.797051 0.714598 -0.249082 0.120529 -0.642480
1520530783.751923800 -94.558856 -37.669678 27.242220 0.723403 -0.223684 0.103927 -0.644866
1520530783.801924706 -93.847272 -36.963772 27.274903 0.727281 -0.201093 0.087091 -0.650415
1520530783.851926804 -93.239361 -36.194342 27.272223 0.732016 -0.179428 0.071092 -0.653379
1520530783.901875496 -93.197373 -35.628374 26.446452 0.719340 -0.159347 0.071267 -0.672369
1520530783.951877356 -92.381223 -35.047258 26.550476 0.724183 -0.139361 0.054323 -0.673191
1520530784.001878500 -92.673742 -34.143626 26.868516 0.726277 -0.129582 0.049465 -0.673263
1520530784.051880360 -92.095159 -33.363050 27.064879 0.722987 -0.110010 0.038970 -0.680932
1520530784.101882458 -91.554706 -32.542862 27.239753 0.718354 -0.087590 0.024220 -0.689716
1520530784.151883602 -91.886104 -31.607306 27.369504 0.713515 -0.072636 0.005447 -0.696843
1520530784.201885462 -91.062114 -32.123841 27.140767 -0.701170 0.002320 0.066779 0.709857
1520530784.251886368 -91.342085 -31.221535 27.476796 0.704291 0.024635 -0.093829 -0.703252
1520530784.302434206 -90.822734 -30.366733 27.448492 0.702959 0.060758 -0.126033 -0.697333
1520530784.352436304 -91.223570 -29.461975 27.584424 0.701011 0.085939 -0.148193 -0.692270
1520530784.402437210 -91.752711 -28.679076 27.927750 0.696531 0.107010 -0.171534 -0.688455
1520530784.452439308 -92.464167 -28.039016 28.237727 0.690652 0.122939 -0.196483 -0.685041
1520530784.502440214 -93.311422 -27.634598 28.567879 0.686923 0.142247 -0.222449 -0.677066
1520530784.552441120 -94.164190 -27.138086 28.702986 0.679886 0.169221 -0.254512 -0.666591
1520530784.602443218 -94.916281 -26.622474 29.123755 0.668575 0.200212 -0.281175 -0.658683
1520530784.652445078 -95.767228 -26.236492 29.473737 -0.653631 -0.229879 0.298057 0.656570
1520530784.702521563 -96.629675 -25.932437 29.874419 -0.640962 -0.257680 0.314131 0.651222
1520530784.752617836 -97.554677 -25.565295 29.927049 -0.627841 -0.280963 0.329084 0.646977
1520530784.802524567 -98.548220 -25.667349 30.010565 -0.619283 -0.297781 0.339782 0.642155
1520530784.852526665 -99.414474 -25.175330 30.085434 -0.612236 -0.311537 0.353316 0.635044
1520530784.902527809 -100.400993 -25.285061 30.166875 -0.610803 -0.316448 0.360855 0.629733
1520530784.952529669 -101.252028 -24.815638 30.399302 -0.613588 -0.323943 0.359200 0.624136
1520530785.002531528 -102.221283 -24.571633 30.430770 -0.619103 -0.324353 0.349767 0.623835
1520530785.052532673 -102.988257 -23.953292 30.606801 0.622810 0.323555 -0.348423 -0.621306
1520530785.102534771 -103.602087 -23.242843 30.933935 0.624040 0.321981 -0.351184 -0.619332
1520530785.152404785 -104.370061 -22.631435 30.801909 -0.616307 -0.319617 0.353201 0.627104
1520530785.202406883 -105.186468 -22.215592 31.192425 -0.609915 -0.318585 0.356436 0.632029
1520530785.252407789 -105.927410 -21.807990 30.695327 -0.597749 -0.315377 0.369639 0.637653
1520530785.302409649 -106.695784 -21.218481 30.541407 -0.588790 -0.319998 0.381791 0.636524
1520530785.352410793 -107.671967 -21.060699 30.677604 -0.585651 -0.324677 0.387898 0.633350
1520530785.402412891 -108.627016 -20.791187 30.749151 -0.580751 -0.327714 0.396371 0.631048
1520530785.452414751 -109.566893 -20.574013 30.960826 -0.573880 -0.328163 0.409924 0.628437
1520530785.502415895 -110.516967 -20.362051 31.187683 -0.568327 -0.327145 0.423826 0.624782
1520530785.552469492 -111.373303 -19.942624 31.359441 -0.563291 -0.333423 0.432693 0.619927
1520530785.602470398 -112.276166 -19.752572 31.741146 -0.561711 -0.344590 0.443847 0.607238
1520530785.652472258 -113.246625 -19.532937 31.800136 -0.553110 -0.354881 0.454040 0.601644
1520530785.702474594 -114.192686 -19.323996 31.946832 -0.539963 -0.360837 0.465134 0.601570
1520530785.752476454 -115.149097 -19.166328 32.170875 -0.529762 -0.363966 0.474155 0.601713
1520530785.802477360 -115.917610 -18.755818 32.684075 -0.525095 -0.370210 0.476880 0.599838
1520530785.852478504 -116.723591 -18.341869 32.369083 -0.514872 -0.373991 0.482154 0.602134
1520530785.902480364 -117.672588 -18.099932 32.561889 -0.511096 -0.377196 0.479859 0.605178
1520530785.952437878 -118.655443 -18.164055 32.721439 -0.509369 -0.377196 0.475781 0.609834
1520530786.002438545 -119.447694 -17.608600 32.963459 -0.509176 -0.377946 0.476639 0.608861
1520530786.052440882 -120.422023 -17.447720 33.103589 -0.514792 -0.374564 0.472654 0.609335
1520530786.102442741 -121.259619 -17.106082 33.512565 -0.526165 -0.377724 0.464804 0.603682
1520530786.152446747 -122.088686 -16.584722 33.686911 -0.526964 -0.385356 0.462490 0.599927
1520530786.202444792 -123.002457 -16.308156 33.980126 -0.522970 -0.386500 0.456910 0.606921
1520530786.252446651 -123.827295 -15.890945 34.369599 -0.515478 -0.385067 0.451276 0.618349
1520530786.302447796 -124.804321 -15.777782 34.555234 -0.510593 -0.383226 0.451808 0.623139
1520530786.352428436 -125.766518 -15.585656 34.752700 -0.507994 -0.386476 0.456206 0.620044
1520530786.402352571 -126.754025 -15.460984 34.707659 -0.498654 -0.392986 0.463996 0.617749
1520530786.452354670 -127.712923 -15.222661 34.858244 -0.484551 -0.404533 0.472177 0.615315
1520530786.502355337 -128.553666 -15.022251 35.366047 -0.468904 -0.421801 0.481561 0.608533
1520530786.552357674 -129.480021 -15.059058 35.733930 -0.453930 -0.439141 0.493379 0.598064
1520530786.602359533 -130.445799 -15.265910 35.909616 -0.436753 -0.454500 0.506260 0.588539
1520530786.652360439 -131.286178 -15.069326 36.405654 -0.421781 -0.472577 0.515071 0.577472
1520530786.702362537 -132.231492 -15.367428 36.451060 -0.414038 -0.482939 0.522012 0.568196
1520530786.752382517 -133.075052 -15.478113 36.994989 -0.406014 -0.500060 0.533100 0.548540
1520530786.802384377 -133.878952 -15.978499 37.319894 -0.393134 -0.517123 0.542987 0.532160
1520530786.852385521 -134.798910 -16.350060 37.189800 -0.371724 -0.530885 0.559643 0.516510
1520530786.902387381 -135.478697 -17.059916 37.299722 -0.349101 -0.546590 0.568887 0.505703
1520530786.952388287 -136.266493 -17.667504 37.405245 -0.323577 -0.562164 0.578442 0.494646
1520530787.002390623 -137.175396 -18.067292 37.439391 -0.294956 -0.580380 0.586759 0.481532
1520530787.052392483 -138.004011 -18.634347 37.533046 -0.268478 -0.595251 0.595501 0.467947
1520530787.102393389 -138.812674 -19.217038 37.475092 0.248949 0.606729 -0.605053 -0.451459
1520530787.152462959 -139.714230 -19.624447 37.558091 0.237684 0.618653 -0.609540 -0.435013
1520530787.202464819 -140.557723 -20.144137 37.598351 0.230148 0.629373 -0.609256 -0.423944
1520530787.252465963 -141.129730 -20.942092 37.752566 0.225919 0.638170 -0.609960 -0.411884
1520530787.302467823 -141.821649 -21.650508 37.906512 0.211745 0.641874 -0.619083 -0.399873
1520530787.352468729 -142.214499 -22.432300 38.390385 0.193817 0.641562 -0.626200 -0.398381
1520530787.402470827 -142.380472 -23.271287 38.857288 0.176411 0.640229 -0.633690 -0.396765
1520530787.452471733 -142.764578 -24.132652 39.164513 -0.161599 -0.641099 0.644579 0.383922
1520530787.502474785 -143.406147 -24.892254 39.158081 -0.147577 -0.645718 0.652081 0.368863
1520530787.552475929 -143.771504 -25.813165 39.304214 0.136160 0.657641 -0.651777 -0.352356
1520530787.602204561 -144.018391 -26.769679 39.135486 0.124495 0.669227 -0.650394 -0.337082
1520530787.652206659 -144.333463 -27.715936 39.193527 0.111912 0.682672 -0.648444 -0.317733
1520530787.702207565 -144.811044 -28.585168 39.240230 0.099543 0.691592 -0.650115 -0.298567
1520530787.752209663 -144.701610 -29.555646 39.467564 0.088878 0.700274 -0.650406 -0.280516
1520530787.802210569 -145.051953 -30.505254 39.511676 0.072648 0.710327 -0.649741 -0.260757
1520530787.852212429 -144.993124 -31.474103 39.744024 0.056576 0.723543 -0.645265 -0.238577
1520530787.902213573 -145.115801 -32.451449 39.856063 0.033897 0.734388 -0.641793 -0.218235
1520530787.952274799 -145.296017 -33.425745 39.964761 0.005474 0.743010 -0.638133 -0.201724
1520530788.002069950 -145.203372 -34.406479 40.009333 -0.021105 0.748250 -0.636956 -0.184291
1520530788.052072048 -144.954656 -35.360887 40.123237 -0.042915 0.753362 -0.636121 -0.161101
1520530788.102072716 -144.601922 -36.301527 40.011294 -0.061235 0.755418 -0.637197 -0.139905
1520530788.152075052 -144.215224 -37.209682 39.829222 -0.077865 0.758098 -0.635411 -0.124406
1520530788.202076912 -143.761731 -38.094305 39.923224 -0.092851 0.764076 -0.627636 -0.116786
1520530788.252077818 -143.823150 -39.086889 39.854021 -0.107801 0.765822 -0.624625 -0.108348
1520530788.302079916 -143.779042 -40.076592 39.888440 -0.120477 0.767120 -0.622680 -0.096346
1520530788.352080822 -143.549708 -40.958737 39.497011 -0.133903 0.763737 -0.626618 -0.078274
1520530788.402166605 -142.979759 -41.777215 39.449176 -0.146138 0.761767 -0.627900 -0.064000
1520530788.452167749 -142.290496 -42.485557 39.416383 -0.156388 0.757400 -0.631813 -0.051959
1520530788.502169609 -141.827683 -43.365410 39.425641 -0.166508 0.752521 -0.635847 -0.041057
1520530788.552171469 -141.375500 -44.250039 39.380439 -0.177283 0.748932 -0.637950 -0.026301
1520530788.602172613 -140.854652 -45.043267 39.060220 -0.189766 0.744108 -0.640412 -0.012842
1520530788.652174473 -140.449654 -45.882417 38.700375 -0.203510 0.740122 -0.640885 0.008366
1520530788.702175379 -139.615999 -46.442677 38.653069 -0.213207 0.741535 -0.635599 0.026123
1520530788.752177715 -138.799743 -47.023423 38.632446 -0.220535 0.741867 -0.631861 0.041820
1520530788.802199125 -138.195711 -47.759302 38.397652 -0.230617 0.736689 -0.632794 0.060633
1520530788.852200985 -137.457144 -48.426494 38.434848 -0.238144 0.735275 -0.629960 0.076213
1520530788.902203083 -136.806424 -49.162875 38.303042 -0.248323 0.734516 -0.625470 0.087232
1520530788.952204943 -136.054699 -49.805142 38.156802 -0.259849 0.736435 -0.615940 0.103732
1520530789.002205849 -135.312291 -50.412480 37.853596 -0.272712 0.737065 -0.605880 0.123586
1520530789.052208185 -134.517741 -51.007793 37.702367 -0.283738 0.737571 -0.595957 0.142536
1520530789.102209091 -133.797404 -51.703368 37.764554 -0.293615 0.740070 -0.583440 0.160262
1520530789.152210951 -133.167392 -52.400254 37.427468 -0.304395 0.738918 -0.574875 0.175675
1520530789.202288151 -132.351398 -52.947057 37.327000 -0.313314 0.738510 -0.567216 0.186288
1520530789.252290010 -131.585842 -53.523760 37.113456 -0.323512 0.733751 -0.564717 0.195050
1520530789.302290916 -130.909926 -54.140367 36.800410 -0.334309 0.723712 -0.567243 0.206673
1520530789.352293015 -130.107980 -54.724369 36.739467 -0.342850 0.716931 -0.567388 0.215720
1520530789.402293921 -129.454456 -55.406818 36.397779 -0.351387 0.708398 -0.568202 0.227697
1520530789.452296019 -128.618997 -55.879508 36.136166 -0.358260 0.705854 -0.562640 0.238445
1520530789.502297163 -127.766287 -56.420818 36.021134 -0.367728 0.708322 -0.550200 0.245635
1520530789.552340031 -127.029083 -57.085062 35.994809 -0.376723 0.708759 -0.542456 0.247958
1520530789.602353811 -126.080397 -57.334437 35.779012 -0.376422 0.707523 -0.542627 0.251541
1520530789.652355909 -125.218876 -57.598770 35.375209 -0.378039 0.703458 -0.545190 0.254955
1520530789.702356815 -124.557870 -58.290521 35.055043 -0.390716 0.700544 -0.537053 0.261060
1520530789.752358913 -123.996138 -58.803802 34.407055 -0.397592 0.694032 -0.533958 0.274098
1520530789.802360773 -123.021291 -58.959860 34.235393 -0.400826 0.694395 -0.526865 0.282076
1520530789.852361679 -122.267553 -59.526124 33.973060 -0.406728 0.689795 -0.521641 0.294357
1520530789.902364016 -121.511856 -60.166522 33.864713 -0.415258 0.684345 -0.512758 0.310341
1520530789.952364683 -120.724464 -60.781522 33.835032 -0.425054 0.679018 -0.504725 0.321739
1520530790.002366781 -119.839633 -61.266122 33.717620 -0.437558 0.671879 -0.495810 0.333607
1520530790.052260160 -119.056594 -61.866573 33.555905 -0.455224 0.661542 -0.486498 0.344171
1520530790.102262020 -118.105251 -62.055584 33.297387 -0.466700 0.652746 -0.480260 0.354207
1520530790.152263165 -117.369922 -62.722379 33.145166 -0.478753 0.644046 -0.464155 0.374915
1520530790.202265024 -116.864552 -63.366818 32.598773 -0.489555 0.630092 -0.454658 0.395735
1520530790.252267122 -115.951110 -63.753797 32.468111 -0.498002 0.627905 -0.443280 0.401536
1520530790.302268267 -115.201503 -64.403413 32.380835 -0.510061 0.621128 -0.432794 0.408322
1520530790.352270126 -114.355102 -64.909944 32.248810 -0.522106 0.610880 -0.426176 0.415457
1520530790.402271986 -113.439333 -65.303830 32.281727 -0.534222 0.600871 -0.420174 0.420732
1520530790.452260494 -112.486211 -65.084767 32.055959 -0.540710 0.593947 -0.421799 0.420649
1520530790.502262592 -111.580463 -65.498509 31.942629 -0.550355 0.584075 -0.411253 0.432246
1520530790.552263498 -110.772420 -66.066464 31.757423 -0.558576 0.574160 -0.394906 0.449869
1520530790.602265596 -109.912856 -66.451238 31.413086 0.568314 -0.564363 0.380887 -0.461993
1520530790.652266502 -108.973803 -66.656853 31.152924 0.578165 -0.553890 0.375424 -0.466891
1520530790.702268362 -108.134861 -66.219087 31.510137 0.573766 -0.561384 0.371147 -0.466789
1520530790.752270699 -107.143266 -66.331156 31.456924 0.579133 -0.551947 0.363482 -0.477327
1520530790.802271605 -106.331378 -66.541440 30.925193 0.583162 -0.537079 0.350573 -0.498565
1520530790.852422714 -105.500017 -66.698367 30.405257 0.586692 -0.521753 0.337365 -0.519376
1520530790.902427673 -104.652085 -66.801351 29.898773 0.589720 -0.505980 0.323869 -0.539744
1520530790.952425718 -103.790543 -66.849991 29.407349 0.592244 -0.489775 0.310095 -0.559650
1520530791.002427578 -102.918394 -66.844070 28.932541 0.594262 -0.473151 0.296057 -0.579078
1520530791.052428484 -102.038682 -66.783561 28.475851 -0.595772 0.456123 -0.281765 0.598010
1520530791.102429628 -101.154475 -66.668620 28.038718 -0.596772 0.438705 -0.267233 0.616432
1520530791.152455568 -100.518617 -65.950433 27.797524 -0.606352 0.416687 -0.248820 0.629919
1520530791.202432871 -99.726663 -65.612434 27.287469 -0.617880 0.386527 -0.227866 0.645676
1520530791.252573013 -99.169544 -64.804984 27.474372 -0.629798 0.362323 -0.205608 0.655593
1520530791.302574158 -98.867845 -63.870666 27.658581 -0.635722 0.343945 -0.188169 0.664945
1520530791.352576017 -98.412732 -63.052700 27.283374 -0.637260 0.327255 -0.173686 0.675749
1520530791.402577877 -98.298564 -62.678663 28.205885 -0.648446 0.313457 -0.162364 0.674463
1520530791.452579021 -98.025538 -61.778627 28.502317 -0.653672 0.297165 -0.150275 0.679576
1520530791.502580881 -97.791048 -60.819395 28.625907 -0.657000 0.277732 -0.140672 0.686605
1520530791.552582026 -97.492075 -59.887696 28.843786 -0.662602 0.255083 -0.131900 0.691732
1520530791.602584124 -97.008602 -59.066847 29.126695 -0.667866 0.230924 -0.120242 0.697259
1520530791.652470827 -97.074182 -58.100009 29.377504 -0.667789 0.216776 -0.104326 0.704402
1520530791.702472687 -96.937028 -57.136155 29.598008 -0.667624 0.206004 -0.089371 0.709827
1520530791.752473593 -96.509590 -56.251073 29.792484 -0.668318 0.190467 -0.075287 0.715126
1520530791.802475691 -96.360505 -55.290785 30.029230 -0.665747 0.176579 -0.065499 0.722019
1520530791.852477789 -96.352331 -54.364151 30.386538 -0.660571 0.163537 -0.053828 0.730756
1520530791.902478695 -96.218168 -53.418252 30.577554 -0.655188 0.147429 -0.041341 0.739787
1520530791.952480793 -96.329824 -52.454570 30.800933 -0.654588 0.132195 -0.024158 0.743946
1520530792.002482653 -96.400083 -51.454738 30.872344 -0.655376 0.117465 -0.010091 0.746044
1520530792.052518368 -96.467598 -50.496509 31.096510 -0.653566 0.103045 0.003679 0.749813
1520530792.102171183 -96.114800 -49.574884 31.052402 -0.645698 0.082288 0.019911 0.758885
1520530792.152172089 -96.004574 -48.600359 31.256399 -0.639045 0.062943 0.035722 0.765757
1520530792.202174187 -96.083644 -47.669458 31.624591 -0.637026 0.041993 0.057424 0.767552
1520530792.252176046 -96.154932 -46.701587 31.854805 -0.639793 0.017196 0.076727 0.764514
1520530792.302176952 -96.134145 -45.782134 32.235992 -0.642999 -0.014054 0.094867 0.759839
1520530792.352179289 -96.324142 -44.813026 32.137063 -0.635838 -0.040786 0.113570 0.762331
1520530792.402180195 -96.161876 -43.948329 32.573543 -0.629834 -0.065716 0.131033 0.762772
1520530792.452182055 -95.993871 -42.986834 32.793301 -0.623295 -0.085688 0.148512 0.762958
1520530792.502040386 -95.996230 -42.111062 33.266542 -0.621415 -0.107173 0.161708 0.759083
1520530792.552041531 -96.011621 -41.180592 33.636966 -0.620962 -0.129712 0.173787 0.753246
1520530792.602042437 -95.852647 -40.255295 33.988366 -0.621737 -0.152811 0.185472 0.745448
1520530792.652044296 -95.902353 -39.325254 34.380335 -0.622498 -0.174296 0.195539 0.737483
1520530792.702045441 -96.125223 -38.338248 34.307840 -0.617261 -0.191264 0.212932 0.732849
1520530792.752052546 -97.105469 -38.429920 34.480595 -0.623258 -0.192140 0.216014 0.726615
1520530792.802048445 -96.187374 -38.043622 34.427339 -0.618200 -0.221637 0.232972 0.717237
1520530792.852050543 -97.136304 -37.924632 34.712519 -0.613374 -0.235539 0.238744 0.715049
1520530792.902247906 -97.232963 -36.954303 34.903329 -0.599973 -0.259160 0.248936 0.714772
1520530792.952249765 -97.228855 -36.021190 35.271790 -0.587566 -0.282401 0.265369 0.710348
1520530793.002252102 -98.059137 -35.624195 35.647044 -0.581452 -0.298795 0.281201 0.702539
1520530793.052253008 -98.934067 -35.245700 35.926570 -0.573778 -0.317002 0.301065 0.692567
1520530793.102254868 -99.410024 -34.753756 35.283101 -0.551520 -0.325694 0.334316 0.691362
1520530793.152256012 -100.385048 -34.776088 35.509670 -0.543455 -0.338265 0.344738 0.686577
1520530793.202257872 -101.369306 -34.681864 35.662752 -0.533997 -0.349885 0.357799 0.681475
1520530793.252259016 -101.460713 -34.139978 36.524707 -0.524553 -0.374873 0.370030 0.668873
1520530793.302666664 -102.445471 -34.159488 36.581607 -0.514649 -0.387543 0.388859 0.658587
1520530793.352667570 -103.435079 -34.147092 36.692840 -0.506604 -0.408576 0.401959 0.644086
1520530793.402669668 -104.372375 -34.419586 36.898144 -0.496363 -0.432086 0.412715 0.629755
1520530793.452671766 -105.351276 -34.563502 37.047030 -0.481892 -0.448486 0.426200 0.620479
1520530793.502672672 -106.266772 -34.834985 37.351343 -0.470050 -0.460552 0.437106 0.613093
1520530793.552674532 -107.223431 -35.080352 37.465842 -0.460312 -0.471249 0.443344 0.607851
1520530793.602675676 -108.195941 -35.277744 37.549722 -0.450976 -0.483812 0.446504 0.602645
1520530793.652677536 -109.174229 -35.278761 37.748282 -0.442528 -0.497939 0.449342 0.595246
1520530793.702589035 -110.154115 -35.146122 37.702082 -0.429163 -0.508805 0.451888 0.593914
1520530793.752591848 -111.112993 -35.376432 37.606640 -0.420578 -0.514846 0.454518 0.592842
1520530793.802592754 -112.072492 -35.600357 37.759713 -0.415282 -0.519887 0.458051 0.589447
1520530793.852594852 -112.992100 -35.528662 37.475532 -0.410712 -0.522553 0.465837 0.584166
1520530793.902595758 -113.990020 -35.492852 37.612404 -0.411509 -0.528164 0.465675 0.578662
1520530793.952597857 -114.933737 -35.587983 37.931978 -0.410300 -0.532114 0.464066 0.577193
1520530794.002599955 -115.853093 -35.704609 38.299154 -0.408705 -0.532367 0.468167 0.574774
1520530794.052604914 -116.816367 -35.838746 38.562314 -0.403591 -0.532607 0.474577 0.572906
1520530794.102647543 -117.798629 -35.773382 38.625294 -0.394933 -0.537218 0.479969 0.570135
1520530794.152649403 -118.760580 -35.989698 38.828042 -0.389532 -0.542934 0.482428 0.566348
1520530794.202650547 -119.730368 -35.997848 39.071282 -0.382418 -0.550778 0.486534 0.560076
1520530794.252652645 -120.642663 -36.382214 39.162763 0.374383 0.556644 -0.493223 -0.553820
1520530794.302653551 -121.397420 -36.440673 39.818179 0.366008 0.565599 -0.500070 -0.544119
1520530794.352655649 -122.312355 -36.728487 39.666347 0.354672 0.568402 -0.509760 -0.539697
1520530794.402656555 -123.261711 -36.922165 39.737121 0.347275 0.576041 -0.518682 -0.527775
1520530794.452658415 -124.108228 -37.284317 40.103998 0.341287 0.588703 -0.518880 -0.517412
1520530794.502659559 -124.943573 -37.823261 40.201587 0.330971 0.598299 -0.523433 -0.508443
1520530794.552675724 -125.716859 -38.273815 40.643210 0.320876 0.606037 -0.530415 -0.498415
1520530794.602677822 -126.568760 -38.741937 40.862934 0.313547 0.611892 -0.535846 -0.490047
1520530794.652678967 -127.437492 -39.148199 41.133097 0.307663 0.619646 -0.536320 -0.483470
1520530794.702680826 -128.205614 -39.736934 40.895594 0.298829 0.624667 -0.536628 -0.482206
1520530794.752681971 -129.098162 -40.187252 40.862695 0.290830 0.631001 -0.535144 -0.480497
1520530794.802683830 -129.941969 -40.722052 40.825327 0.285539 0.635308 -0.532653 -0.480761
1520530794.852684736 -130.823914 -41.185581 40.879065 0.282800 0.636756 -0.533934 -0.479042
1520530794.902687073 -131.699007 -41.662085 40.748151 0.282653 0.636852 -0.539459 -0.472769
1520530794.952672243 -132.546473 -42.190820 40.735332 0.285424 0.640373 -0.542663 -0.462573
1520530795.002674103 -133.410749 -42.672866 40.594595 0.284714 0.644215 -0.541227 -0.459346
1520530795.052676201 -134.383594 -42.731770 40.463007 0.275041 0.646780 -0.544207 -0.458112
1520530795.102677345 -135.035052 -43.466911 40.382105 0.268753 0.644679 -0.546730 -0.461787
1520530795.152679205 -135.731193 -44.162293 40.578359 0.257423 0.645576 -0.550697 -0.462274
1520530795.202680111 -136.668034 -44.447177 40.651258 0.241953 0.649836 -0.560824 -0.452380
1520530795.252682209 -137.562338 -44.903733 40.582675 0.228615 0.654777 -0.567862 -0.443321
1520530795.302684069 -138.197251 -45.669768 40.518579 0.219594 0.660858 -0.571310 -0.434339
1520530795.352701664 -139.069136 -46.155830 40.542499 0.206724 0.668044 -0.577242 -0.421632
1520530795.402703762 -139.626011 -46.996035 40.553669 0.192096 0.672833 -0.582624 -0.413454
1520530795.452705860 -140.328994 -47.700930 40.606430 0.176323 0.677791 -0.590989 -0.400302
1520530795.502706766 -141.217920 -48.083471 40.360595 0.157134 0.684533 -0.601554 -0.380600
1520530795.552708864 -141.925663 -48.778178 40.240035 0.136730 0.697020 -0.605514 -0.358916
1520530795.602709770 -142.548855 -49.495389 39.937695 0.110737 0.706151 -0.612764 -0.337060
1520530795.652710915 -143.065854 -50.275827 39.626260 0.086646 0.711674 -0.620008 -0.318751
1520530795.702712774 -143.195830 -51.254636 39.610853 0.072944 0.716301 -0.623145 -0.305422
1520530795.752690315 -143.201262 -52.243349 39.512734 0.062292 0.720177 -0.624423 -0.295906
1520530795.802692652 -143.647702 -53.125846 39.354064 0.045957 0.723878 -0.627896 -0.282197
1520530795.852694511 -144.202124 -53.814301 38.896025 0.028791 0.723851 -0.635030 -0.268232
1520530795.902695417 -144.274352 -54.815170 38.883847 0.011982 0.728292 -0.634660 -0.258173
1520530795.952699423 -144.584787 -55.740474 38.677323 -0.005665 0.733102 -0.633836 -0.246539
1520530796.002698421 -144.469775 -56.729689 38.658250 -0.016844 0.738865 -0.631944 -0.233327
1520530796.052700520 -144.510099 -57.725613 38.640049 -0.025436 0.747016 -0.627364 -0.218482
1520530796.102701664 -144.518915 -58.717326 38.547084 -0.037635 0.754473 -0.620659 -0.210089
1520530796.152534246 -144.577961 -59.697789 38.385785 -0.050987 0.755833 -0.620837 -0.201690
1520530796.202536345 -144.390472 -60.662873 38.564478 -0.065652 0.756402 -0.623635 -0.186080
1520530796.252537251 -144.095732 -61.605741 38.411342 -0.081416 0.756730 -0.626022 -0.169784
1520530796.302539349 -143.814459 -62.558986 38.387076 -0.101400 0.761019 -0.623646 -0.147084
1520530796.352540493 -144.174688 -63.469935 38.298895 -0.125362 0.765067 -0.619907 -0.121130
1520530796.402542353 -144.019449 -64.426011 38.102535 -0.145598 0.768023 -0.615565 -0.100108
1520530796.452543497 -144.047646 -65.284474 37.628474 -0.167192 0.763737 -0.619109 -0.073866
1520530796.502545357 -143.444013 -66.068506 37.550397 -0.185077 0.761676 -0.618858 -0.051102
1520530796.552486181 -143.033170 -66.964086 37.405667 -0.205904 0.758332 -0.617895 -0.027228
1520530796.602488041 -142.500388 -67.769655 37.116230 -0.226363 0.756090 -0.614022 -0.008047
1520530796.652489901 -141.748887 -68.401119 36.901455 -0.247532 0.757334 -0.604237 0.008447
1520530796.702491045 -141.149716 -69.185957 36.809376 -0.272980 0.760032 -0.588427 0.039833
1520530796.752493143 -140.677406 -70.052415 36.924559 -0.299977 0.761383 -0.570227 0.071769
1520530796.802494287 -140.238521 -70.923666 36.779416 -0.323438 0.758007 -0.556915 0.103239
1520530796.852496147 -139.616839 -71.659764 36.639571 -0.346368 0.751673 -0.546766 0.126742
1520530796.902498007 -139.031693 -72.463551 36.589607 -0.371144 0.743975 -0.536206 0.145728
1520530796.952499151 -138.142478 -72.847930 36.287923 -0.388867 0.736264 -0.530016 0.160564
1520530797.002631664 -137.685578 -73.718108 36.116905 -0.412070 0.723701 -0.524102 0.178248
1520530797.052633524 -136.708092 -73.920261 36.007737 -0.424669 0.715690 -0.521012 0.189714
1520530797.102634430 -135.715218 -73.952255 35.931691 -0.431652 0.711402 -0.515159 0.205415
1520530797.152636766 -134.759719 -74.187860 35.771003 -0.441252 0.711114 -0.502461 0.217130
1520530797.202637672 -133.763294 -74.214447 35.689086 -0.451860 0.710040 -0.494263 0.217646
1520530797.252638817 -132.994831 -74.645549 35.189639 -0.463518 0.697094 -0.497719 0.226905
1520530797.302641630 -132.048998 -74.821626 34.908630 -0.470876 0.682883 -0.503055 0.242657
1520530797.352642536 -131.095857 -75.086396 35.035171 -0.481756 0.671461 -0.498012 0.262744
1520530797.402760029 -130.130553 -75.097034 34.784377 -0.488026 0.660237 -0.494290 0.285648
1520530797.452760935 -129.134830 -75.093890 34.797444 -0.489264 0.653734 -0.485166 0.312835
1520530797.502762079 -128.210310 -74.976780 34.426534 -0.491711 0.642994 -0.482249 0.334986
1520530797.552763939 -127.345521 -75.391303 34.162071 -0.499254 0.630982 -0.477012 0.353647
1520530797.602865934 -126.362654 -75.283582 34.135591 -0.506578 0.624030 -0.472297 0.361801
1520530797.652766943 -125.360614 -75.267088 34.118533 -0.513740 0.615670 -0.463009 0.377682
1520530797.702767849 -124.443121 -74.911562 34.227355 -0.519186 0.607372 -0.452206 0.396302
1520530797.752769947 -123.465925 -74.871492 34.011028 -0.528405 0.589890 -0.445692 0.417344
1520530797.802643299 -122.478459 -74.695144 33.854843 -0.538031 0.571834 -0.436329 0.439484
1520530797.852644205 -121.615054 -75.025429 33.524193 0.551336 -0.547743 0.420991 -0.467732
1520530797.902646303 -120.620888 -74.839212 33.507277 0.560795 -0.530169 0.404407 -0.490799
1520530797.952647209 -119.643017 -74.627651 33.487183 0.564760 -0.516900 0.396095 -0.506921
1520530798.002649307 -118.679417 -74.399776 33.288953 0.569413 -0.507076 0.387075 -0.518474
1520530798.052650213 -117.706859 -74.143131 33.252185 0.577690 -0.501878 0.375440 -0.522912
1520530798.102652073 -116.745276 -73.975117 33.334225 0.583209 -0.500085 0.367653 -0.524035
1520530798.152653217 -115.747530 -73.844400 33.354662 0.587539 -0.494649 0.357616 -0.531254
1520530798.202504635 -114.786189 -73.819061 33.114627 0.593000 -0.481098 0.345873 -0.545222
1520530798.252506733 -113.965528 -73.269465 33.287479 0.596618 -0.471421 0.335952 -0.555828
1520530798.302507877 -112.966452 -73.273656 33.207923 0.599189 -0.459051 0.324636 -0.569961
1520530798.352509737 -111.974660 -73.329543 33.095903 0.603185 -0.452153 0.311180 -0.578698
1520530798.402510643 -110.996028 -73.143821 33.091142 0.606341 -0.451616 0.296548 -0.583483
1520530798.452512741 -110.011867 -72.974886 33.038188 0.608476 -0.450671 0.282054 -0.589150
1520530798.502513647 -109.078425 -72.629581 32.963689 0.610620 -0.446800 0.270644 -0.595201
1520530798.552515507 -108.165035 -72.255987 32.740841 0.613441 -0.439923 0.257470 -0.603213
1520530798.602414608 -107.199712 -72.018009 32.734015 0.616734 -0.431734 0.242224 -0.612023
1520530798.652416706 -106.405176 -71.610910 32.281480 -0.615184 0.424938 -0.234254 0.621370
1520530798.702417612 -105.417533 -71.473515 32.201075 -0.621426 0.419354 -0.223069 0.623067
1520530798.752419472 -104.690038 -70.785236 32.322005 0.628471 -0.418231 0.216589 -0.619028
1520530798.802420855 -103.747227 -70.822381 31.981229 0.638124 -0.403174 0.207617 -0.622208
1520530798.852422714 -103.289155 -69.978087 32.242886 0.648144 -0.394085 0.200215 -0.620097
1520530798.902424574 -102.346413 -69.801619 31.987295 0.656516 -0.371176 0.186156 -0.629731
1520530798.952425718 -101.379006 -69.577329 31.866780 0.657926 -0.351838 0.172496 -0.643108
1520530799.002338409 -100.414730 -69.365204 31.768094 -0.654081 0.333420 -0.155528 0.660924
1520530799.052339315 -99.525413 -68.930570 31.811849 -0.653528 0.320044 -0.139856 0.671501
1520530799.102340460 -98.854624 -68.197208 31.790178 -0.656515 0.308482 -0.129752 0.676012
1520530799.152342319 -98.446388 -67.392514 31.398405 -0.655906 0.298927 -0.129120 0.680998
1520530799.202422380 -98.032840 -66.525882 31.666364 -0.658617 0.292399 -0.122595 0.682420
1520530799.252345324 -97.580124 -65.656269 31.807350 -0.658313 0.284508 -0.113303 0.687634
1520530799.302346230 -97.334836 -64.795511 32.211025 -0.659925 0.276378 -0.101787 0.691197
1520530799.352348089 -96.723205 -64.005471 32.243975 -0.660506 0.266343 -0.086119 0.696690
1520530799.402350426 -96.396282 -63.058003 32.290109 -0.663395 0.262081 -0.072458 0.697116
1520530799.452410460 -96.072147 -62.180438 32.614167 -0.671261 0.258782 -0.065988 0.691438
1520530799.502412558 -95.466841 -61.391435 32.687043 0.683097 -0.253711 0.056915 -0.682474
1520530799.552413464 -94.766094 -60.695371 32.524651 0.687619 -0.241046 0.042413 -0.683577
1520530799.602415323 -94.083434 -60.009813 32.281884 -0.685213 0.224280 -0.026178 0.692457
1520530799.652416468 -93.386585 -59.297017 32.294190 -0.686885 0.211668 -0.005081 0.695241
1520530799.702418327 -92.670730 -58.639989 32.090443 -0.684804 0.195010 0.013224 0.702025
1520530799.752419233 -92.537703 -57.653835 32.033528 -0.682505 0.186927 0.020971 0.706261
1520530799.802421570 -91.910868 -56.881963 31.932432 -0.675817 0.161254 0.033226 0.718446
1520530799.852662325 -92.121890 -56.180993 32.613362 -0.673832 0.150831 0.040733 0.722178
1520530799.902663231 -92.827488 -55.613661 32.975507 -0.666166 0.140688 0.046814 0.730916
1520530799.952665329 -93.180441 -55.005365 33.686967 -0.659522 0.122228 0.056455 0.739529
1520530800.002666235 -92.892994 -54.032231 33.658244 -0.656576 0.099317 0.074819 0.743939
1520530800.052668095 -93.564162 -53.225512 33.738223 -0.658817 0.080572 0.085862 0.743032
1520530800.102669239 -93.764112 -52.492562 34.388628 -0.667012 0.061790 0.101612 0.735494
1520530800.152671337 -94.314829 -51.682545 34.532434 -0.669904 0.050232 0.119303 0.731076
1520530800.202673197 -94.653259 -51.126029 35.300179 -0.673329 0.038603 0.130280 0.726750
1520530800.252766132 -95.324691 -50.409902 35.472470 -0.664345 0.029475 0.144918 0.732650
1520530800.302767038 -95.441201 -49.646120 36.124605 -0.656033 0.015729 0.157211 0.738009
1520530800.352769136 -95.831211 -48.725432 36.291039 -0.650624 0.004155 0.164952 0.741257
1520530800.402770281 -96.357217 -47.980952 35.878874 -0.646520 -0.007649 0.176524 0.742154
1520530800.452771187 -96.704204 -47.064952 36.075218 -0.647380 -0.025394 0.194904 0.736388
1520530800.502774000 -97.148542 -46.198067 36.103379 -0.642437 -0.036818 0.216158 0.734299
1520530800.552775145 -97.832120 -45.499229 36.314095 -0.636433 -0.042860 0.234382 0.733608
1520530800.602776051 -98.393568 -44.696440 36.485017 -0.629754 -0.049715 0.240727 0.736878
1520530800.652460575 -99.049625 -43.936978 36.562323 -0.624195 -0.059397 0.247676 0.738586
1520530800.702461481 -99.647359 -43.213727 36.901726 -0.623690 -0.071667 0.255871 0.735122
1520530800.752463341 -100.317283 -42.494636 37.006904 -0.621082 -0.086291 0.265999 0.732158
1520530800.802521229 -101.037235 -41.794784 37.055475 -0.614143 -0.100540 0.283852 0.729485
1520530800.852466345 -101.500760 -40.945530 37.265628 -0.603926 -0.114890 0.303287 0.728074
1520530800.902468443 -102.212446 -40.250250 37.439692 -0.593048 -0.126185 0.325872 0.725382
1520530800.952469587 -102.454473 -39.319727 37.744595 -0.583565 -0.143031 0.347578 0.719850
1520530801.002471447 -103.191057 -38.663031 37.971271 -0.574256 -0.159061 0.369451 0.713046
1520530801.052102566 -103.863018 -39.373901 38.116300 -0.570493 -0.159373 0.371601 0.714878
1520530801.102104664 -104.524348 -38.651778 38.349225 -0.557110 -0.184142 0.395385 0.706676
1520530801.152105808 -105.081172 -37.856987 38.529415 -0.539408 -0.212765 0.411139 0.703374
1520530801.202107668 -105.700068 -37.130264 38.756406 -0.522945 -0.240487 0.427725 0.696955
1520530801.252108812 -106.674616 -36.963624 38.843163 -0.513622 -0.257357 0.445066 0.686933
1520530801.302110672 -107.658753 -37.087603 38.990344 -0.507117 -0.272028 0.460621 0.675767
1520530801.352112532 -108.645929 -36.981910 39.095354 -0.499724 -0.286582 0.475262 0.665036
1520530801.402113676 -109.351604 -37.675445 39.224730 -0.495499 -0.292434 0.482806 0.660198
1520530801.452115774 -110.229708 -37.242415 39.456500 -0.485049 -0.309266 0.495917 0.650498
1520530801.502018929 -111.186993 -37.328334 39.726220 -0.479812 -0.321152 0.503046 0.643108
1520530801.552020788 -112.092526 -37.663499 39.995475 -0.476554 -0.335273 0.507153 0.635046
1520530801.602021933 -113.074143 -37.740281 40.157775 -0.472332 -0.349149 0.511138 0.627483
1520530801.652023792 -113.776996 -38.177554 40.728775 -0.475777 -0.362875 0.516237 0.612746
1520530801.702024698 -114.766576 -38.035400 40.858473 -0.477584 -0.377528 0.517830 0.601031
1520530801.752027988 -115.713443 -37.944085 40.888309 -0.473158 -0.390702 0.524447 0.590279
1520530801.802028894 -116.690139 -37.759862 40.988171 -0.457575 -0.404268 0.533900 0.584931
1520530801.852030754 -117.702321 -37.776755 40.961108 -0.440476 -0.416087 0.543156 0.581235
1520530801.902304411 -118.713282 -37.833043 40.943279 -0.423143 -0.427686 0.552124 0.577229
1520530801.952305317 -119.579528 -37.366631 40.935870 -0.408180 -0.442272 0.570378 0.558976
1520530802.002306461 -120.573869 -37.269234 40.984751 -0.397508 -0.452666 0.583156 0.544986
1520530802.052308559 -121.552547 -37.181884 40.922146 -0.385824 -0.461663 0.596286 0.531460
1520530802.102309465 -122.549858 -37.041983 40.887922 -0.375118 -0.469659 0.607384 0.519414
1520530802.152311563 -123.322924 -37.663803 41.003627 -0.367155 -0.480024 0.612268 0.509805
1520530802.202313423 -124.111054 -38.267731 40.996937 -0.353221 -0.494551 0.617549 0.499288
1520530802.252314568 -124.823711 -38.960573 41.119221 -0.340842 -0.514947 0.617465 0.487230
1520530802.302571535 -125.696317 -39.420049 41.215389 -0.330971 -0.534004 0.616003 0.475224
1520530802.352573395 -126.311930 -40.205248 41.186369 -0.324782 -0.545826 0.619272 0.461620
1520530802.402609348 -127.267283 -40.496619 41.274969 -0.316285 -0.554654 0.627403 0.445746
1520530802.452576399 -128.064576 -41.098160 41.296545 -0.306936 -0.561357 0.633613 0.434975
1520530802.502577305 -128.939383 -41.572764 41.306150 -0.294975 -0.568639 0.636234 0.429937
1520530802.552579641 -129.705741 -42.210255 41.327140 -0.286470 -0.576189 0.635022 0.427420
1520530802.602581501 -130.289478 -43.017632 41.359994 -0.279490 -0.579325 0.637943 0.423434
1520530802.652582407 -130.869511 -43.832520 41.358297 -0.270228 -0.581073 0.646290 0.414295
1520530802.702605009 -131.514622 -44.334618 41.888333 -0.259468 -0.585382 0.655530 0.400357
1520530802.752606153 -132.223233 -45.036481 41.769049 -0.253141 -0.584124 0.665267 0.390050
1520530802.802608013 -132.927210 -45.708473 41.865500 -0.253426 -0.584354 0.668196 0.384472
1520530802.852608919 -133.602336 -46.359773 42.220054 -0.255885 -0.588471 0.666328 0.379777
1520530802.902611256 -134.368622 -46.953231 42.380810 -0.253182 -0.596641 0.662585 0.375365
1520530802.952613115 -135.264432 -47.393097 42.207045 -0.246750 -0.603411 0.660139 0.373130
1520530803.002614021 -136.036607 -47.957872 42.484430 -0.237720 -0.612291 0.656471 0.370992
1520530803.052616119 -136.734725 -48.657755 42.475686 -0.228775 -0.617526 0.657393 0.366275
1520530803.102764130 -137.493259 -49.258521 42.192029 -0.219231 -0.621804 0.661557 0.357267
1520530803.152766228 -138.161192 -50.002524 42.228770 -0.211587 -0.626308 0.664574 0.348296
1520530803.202767134 -138.801531 -50.719807 42.442144 -0.204185 -0.629048 0.669165 0.338857
1520530803.252768993 -139.552973 -51.323516 42.717865 -0.189436 -0.629782 0.676362 0.331698
1520530803.302770138 -140.220658 -52.061405 42.651133 -0.173163 -0.628675 0.683767 0.327483
1520530803.352771997 -140.964335 -52.725600 42.651632 -0.156884 -0.631929 0.686561 0.323555
1520530803.402774334 -141.507045 -53.460524 43.018812 -0.150041 -0.640464 0.682899 0.317716
1520530803.452775240 -142.483230 -53.673457 43.023166 -0.138973 -0.646844 0.685853 0.303124
1520530803.502920151 -143.009074 -54.496910 43.258065 -0.136941 -0.651739 0.685484 0.294269
1520530803.552922010 -143.558752 -55.323760 43.262223 -0.133468 -0.653312 0.686247 0.290577
1520530803.602922916 -143.819194 -56.258933 43.454440 -0.130757 -0.651814 0.687196 0.292921
1520530803.652925253 -144.411983 -57.062606 43.416197 -0.123831 -0.647524 0.692671 0.292548
1520530803.702926159 -144.992243 -57.874164 43.413448 -0.112968 -0.645088 0.698892 0.287488
1520530803.752928019 -145.601485 -58.666753 43.511077 -0.099692 -0.645518 0.705694 0.274524
1520530803.802930117 -145.962980 -59.594595 43.414520 -0.089913 -0.646615 0.711908 0.258828
1520530803.852931023 -146.540044 -60.407239 43.473450 -0.079704 -0.648468 0.714932 0.249016
1520530803.902932167 -146.667394 -61.354745 43.762463 -0.077242 -0.651561 0.712596 0.248411
1520530803.952781200 -146.953772 -62.286653 43.542237 -0.072224 -0.649920 0.715917 0.244644
1520530804.002792120 -147.343125 -63.189414 43.435743 -0.057500 -0.649354 0.720168 0.237468
1520530804.052784204 -147.444266 -64.174542 43.390587 -0.042756 -0.648182 0.724841 0.229430
1520530804.102786303 -147.876267 -65.068615 43.413816 -0.026535 -0.650781 0.728946 0.210755
1520530804.152787209 -148.195585 -66.012547 43.388182 -0.009861 -0.654201 0.731329 0.192565
1520530804.202789307 -148.190265 -66.919669 42.990088 0.006494 -0.655744 0.732820 0.181477
1520530804.252790213 -148.184794 -67.799866 42.528857 0.024180 -0.658500 0.732306 0.171820
1520530804.302792311 -148.381425 -68.772181 42.441546 0.046428 -0.666667 0.726816 0.158551
1520530804.352735758 -147.896171 -69.619198 42.297236 0.066472 -0.674394 0.720069 0.149249
1520530804.402737617 -147.560888 -70.495945 42.061495 0.093911 -0.683639 0.710508 0.137831
1520530804.452738762 -147.303961 -71.446152 41.885198 0.117018 -0.690818 0.703658 0.118081
1520530804.502740622 -146.693544 -72.104961 42.281589 -0.131257 0.700162 -0.695079 -0.097010
1520530804.552742004 -146.134441 -72.857548 42.011870 -0.142075 0.702179 -0.693573 -0.075605
1520530804.602743864 -145.307334 -73.428226 42.038495 -0.147515 0.703241 -0.693287 -0.055169
1520530804.652745724 -144.713960 -74.217026 42.136594 -0.158844 0.702264 -0.692901 -0.038496
1520530804.702746868 -144.642248 -75.204332 42.001288 -0.173755 0.696893 -0.695510 -0.020358
1520530804.752780199 -144.053814 -75.872150 41.575225 0.186086 -0.690696 0.698652 0.014012
1520530804.802782297 -143.399188 -76.616922 41.549971 0.201086 -0.690895 0.694361 0.009576
1520530804.852783442 -143.153696 -77.560634 41.349463 -0.226002 0.690890 -0.686727 0.000258
1520530804.902784348 -142.328552 -78.048052 41.079873 -0.245251 0.693875 -0.676977 0.009624
1520530804.952786207 -141.597261 -78.695828 40.879613 -0.258425 0.699231 -0.666156 0.022991
1520530805.002788305 -140.733591 -79.199201 40.793084 -0.263796 0.706811 -0.655375 0.036249
1520530805.052790165 -139.832274 -79.585420 40.628090 -0.269360 0.711429 -0.647099 0.050762
1520530805.102791071 -138.919240 -79.975409 40.521950 -0.279760 0.710812 -0.641491 0.070499
1520530805.152562380 -138.073485 -80.422244 40.202829 -0.294176 0.704292 -0.639377 0.092899
1520530805.202564240 -137.273245 -81.003553 40.231433 -0.309773 0.699300 -0.632937 0.120045
1520530805.252565622 -136.403003 -81.234185 39.859325 -0.319375 0.694128 -0.628993 0.143368
1520530805.302567482 -135.738231 -81.976423 39.763976 -0.336343 0.692570 -0.616335 0.165385
1520530805.352569342 -134.962369 -82.470382 39.419242 -0.352261 0.689938 -0.605885 0.181109
1520530805.402570486 -134.096086 -82.963287 39.400823 -0.372830 0.687219 -0.592291 0.194727
1520530805.452572346 -133.144943 -83.231198 39.269616 -0.398764 0.677037 -0.580359 0.213990
1520530805.502573490 -132.373695 -83.826089 39.443480 -0.434533 0.662364 -0.561701 0.238636
1520530805.552534580 -131.439670 -83.729340 39.143307 -0.459415 0.648164 -0.548316 0.261098
1520530805.602536678 -130.534699 -84.057500 38.874095 -0.479911 0.637424 -0.531377 0.284631
1520530805.652537584 -129.637745 -84.006632 38.500969 -0.491066 0.631386 -0.518938 0.301512
1520530805.702538729 -128.894379 -84.658979 38.386190 -0.507305 0.623997 -0.500793 0.320118
1520530805.752540588 -128.067125 -85.218816 38.315216 -0.523159 0.615571 -0.485421 0.334281
1520530805.802542686 -127.134345 -85.011427 37.999778 -0.530383 0.608952 -0.480560 0.341955
1520530805.852543831 -126.295342 -84.507043 37.880469 -0.533352 0.604003 -0.478056 0.349538
1520530805.902545691 -125.347987 -84.313696 37.621005 -0.537364 0.596446 -0.476090 0.358929
1520530805.952546597 -124.501842 -84.852140 37.563309 -0.549808 0.583604 -0.463586 0.377102
1520530806.002724409 -123.683431 -84.305164 37.391237 -0.553948 0.577041 -0.456172 0.389966
1520530806.052725315 -122.752184 -84.654216 37.278341 0.566098 -0.565964 0.442385 -0.404367
1520530806.102727175 -121.860612 -84.218689 37.160550 0.574373 -0.561884 0.437183 -0.404045
1520530806.152729273 -121.131353 -83.647070 36.784476 0.582257 -0.556208 0.431859 -0.406334
1520530806.202730179 -120.458914 -82.949992 36.463983 0.592011 -0.548202 0.422068 -0.413347
1520530806.252732277 -119.606293 -82.453153 36.364826 0.602348 -0.540533 0.406776 -0.423714
1520530806.302733421 -118.827846 -81.932631 35.969563 0.610778 -0.532033 0.390123 -0.437831
1520530806.352735281 -118.023759 -82.237741 35.453941 0.619765 -0.520372 0.364247 -0.460900
1520530806.402897358 -117.182725 -82.402175 34.973103 0.628488 -0.509194 0.343482 -0.477227
1520530806.452899694 -116.402252 -81.811393 34.779262 0.635383 -0.508045 0.327705 -0.480404
1520530806.502901554 -115.687602 -81.145770 34.560626 0.644085 -0.503631 0.312525 -0.483569
1520530806.552903414 -114.904160 -80.546305 34.412752 0.655299 -0.491975 0.289841 -0.494506
1520530806.602904558 -114.280327 -79.805677 34.176225 0.663966 -0.476695 0.265790 -0.511143
1520530806.652906418 -113.547453 -79.121047 34.191156 0.676503 -0.459464 0.235873 -0.524977
1520530806.702908516 -112.897208 -78.398968 33.981129 0.687442 -0.442521 0.214011 -0.534601
1520530806.752908468 -112.251382 -77.661690 33.834884 0.694863 -0.431990 0.194499 -0.541036
1520530806.803025723 -111.726475 -76.807562 33.755039 0.697834 -0.423466 0.179062 -0.549219
1520530806.853026867 -110.986658 -76.179197 33.478833 0.698247 -0.411012 0.171058 -0.560588
1520530806.903029680 -110.317466 -75.492323 33.237152 0.695432 -0.399960 0.170757 -0.572056
1520530806.953030586 -109.653425 -74.764150 33.092516 0.693668 -0.389611 0.171233 -0.581126
1520530807.003031731 -109.129441 -74.001040 32.723925 0.692860 -0.377699 0.174321 -0.588983
1520530807.053033829 -108.353579 -73.389860 32.567870 0.697371 -0.363179 0.164722 -0.595518
1520530807.103034973 -107.646219 -72.723400 32.295713 0.702360 -0.349996 0.151564 -0.601017
1520530807.153036833 -106.955338 -72.005988 32.135118 0.708816 -0.343003 0.140285 -0.600207
1520530807.202843189 -106.284765 -71.305924 31.886471 0.710948 -0.340950 0.133439 -0.600417
1520530807.252840996 -105.466808 -70.868643 31.524251 0.710826 -0.333767 0.121753 -0.607043
1520530807.302842140 -104.842609 -70.086156 31.457663 0.709865 -0.326065 0.114503 -0.613728
1520530807.352844000 -104.096806 -69.426108 31.379462 0.707892 -0.312560 0.104573 -0.624707
1520530807.402845860 -103.322682 -68.878533 31.078930 0.704366 -0.294639 0.091455 -0.639291
1520530807.452847004 -102.670857 -68.137787 30.938901 0.702277 -0.280058 0.076272 -0.650044
1520530807.502849102 -102.740828 -67.130935 30.912400 0.697916 -0.276992 0.059365 -0.657772
1520530807.552850008 -102.253248 -66.342399 30.545233 0.695488 -0.260644 0.045558 -0.668046
1520530807.602721453 -102.178462 -65.365744 30.624384 0.693039 -0.250121 0.038706 -0.675010
1520530807.652722597 -101.492099 -64.655745 30.478060 0.694908 -0.224774 0.027680 -0.682505
1520530807.702724695 -101.533749 -63.651930 30.486070 0.695364 -0.209346 0.017372 -0.687271
1520530807.752725840 -101.288688 -62.746385 30.143696 0.695028 -0.190199 -0.001324 -0.693367
1520530807.802727699 -101.619823 -61.798634 30.214844 0.695990 -0.181706 -0.020557 -0.694376
1520530807.852729559 -100.953861 -61.080880 30.018357 -0.693852 0.162639 0.047475 0.699903
1520530807.902730703 -101.420281 -60.243408 30.250554 -0.692106 0.156967 0.057379 0.702181
1520530807.952732563 -101.297908 -59.293676 30.538805 -0.693718 0.142222 0.066077 0.702967
1520530808.002812386 -101.209602 -58.341407 30.831103 -0.695125 0.127434 0.074754 0.703544
1520530808.052814245 -101.155465 -57.387739 31.127143 -0.696325 0.112609 0.083410 0.703913
1520530808.102815390 -101.135557 -56.433814 31.426617 -0.697319 0.097751 0.092041 0.704073
1520530808.152818441 -100.864433 -55.523281 31.731091 -0.697403 0.066957 0.106919 0.705488
1520530808.202819347 -101.070510 -54.624267 32.101648 -0.696548 0.050568 0.121883 0.705272
1520530808.252820492 -101.680780 -53.834017 32.140092 -0.693656 0.044564 0.128218 0.707401
1520530808.302822351 -102.039879 -52.919535 32.318316 -0.692591 0.033949 0.134769 0.707816
1520530808.352824211 -102.582136 -52.125495 32.582666 -0.690560 0.023878 0.146028 0.707978
1520530808.402826548 -103.241398 -51.412451 32.820203 -0.685848 0.011517 0.163456 0.709057
1520530808.452991009 -103.836179 -50.690363 33.155060 -0.680788 -0.005575 0.184451 0.708855
1520530808.502992153 -104.077146 -49.739091 33.304665 -0.675062 -0.029603 0.209776 0.706689
1520530808.552994013 -104.642635 -48.977334 33.604555 -0.671574 -0.048647 0.222328 0.705119
1520530808.602995157 -104.559611 -47.995223 33.713524 -0.665709 -0.075548 0.240794 0.702241
1520530808.652999163 -105.372872 -47.626653 34.147065 -0.664203 -0.082982 0.248281 0.700218
1520530808.702999115 -106.270221 -47.205731 34.204601 -0.656929 -0.090518 0.264691 0.700135
1520530808.753000259 -107.144007 -46.799642 34.468821 -0.648487 -0.105907 0.286134 0.697406
1520530808.803002119 -108.015981 -46.418274 34.758531 -0.640593 -0.127955 0.306927 0.692144
1520530808.852989435 -108.932588 -46.163804 35.039455 -0.636038 -0.154137 0.326034 0.682201
1520530808.902898550 -109.733534 -45.670900 35.315925 -0.632842 -0.179774 0.341979 0.671001
1520530808.952900410 -110.652279 -45.492731 35.677996 -0.632085 -0.194711 0.356295 0.660007
1520530809.002902269 -111.524713 -45.334439 36.094344 -0.629341 -0.207993 0.365470 0.653529
1520530809.052903414 -112.445633 -45.146955 36.415856 -0.621076 -0.222148 0.373424 0.652281
1520530809.102905273 -112.934870 -44.308945 36.606532 -0.603330 -0.246091 0.391679 0.649631
1520530809.152906179 -113.803873 -44.091637 37.016799 -0.590627 -0.258523 0.398168 0.652524
1520530809.202908516 -114.742894 -43.881746 37.295792 -0.576794 -0.271789 0.405926 0.654725
1520530809.252622604 -115.675397 -43.670569 37.582194 -0.563171 -0.285484 0.423377 0.649684
1520530809.302624464 -116.653997 -43.454731 37.589173 -0.551563 -0.300393 0.440718 0.641335
1520530809.352626324 -117.561958 -43.055168 37.792815 -0.544248 -0.317647 0.452317 0.631113
1520530809.402627468 -118.441813 -42.775532 38.177783 -0.538128 -0.333989 0.458990 0.623055
1520530809.452629566 -119.442481 -42.617746 38.182245 -0.526753 -0.344350 0.471572 0.617717
1520530809.502630711 -120.364613 -42.378267 38.320113 -0.506397 -0.354250 0.490578 0.614330
1520530809.552632570 -121.229247 -42.185057 38.791900 -0.483420 -0.369667 0.509895 0.607995
1520530809.602633476 -122.109033 -41.799350 39.032611 -0.460579 -0.388161 0.530310 0.596632
1520530809.652633905 -123.082375 -41.593726 39.187067 -0.442047 -0.408885 0.545169 0.583265
1520530809.702635765 -123.318351 -41.451458 40.146789 -0.434171 -0.433010 0.560694 0.556435
1520530809.752636671 -124.182103 -41.273586 40.621999 -0.415868 -0.455708 0.572571 0.539951
1520530809.802638769 -125.048807 -41.071239 41.068539 -0.391020 -0.473364 0.586087 0.528708
1520530809.852640867 -125.926918 -41.441737 41.368042 -0.361298 -0.485591 0.604240 0.518227
1520530809.902641773 -126.625465 -42.023409 41.770791 -0.330972 -0.496890 0.623672 0.504570
1520530809.952643871 -126.671931 -41.028406 41.723975 -0.285887 -0.526037 0.637659 0.484711
1520530810.002644777 -127.027085 -41.933371 41.973107 -0.258118 -0.544835 0.645361 0.469084
1520530810.053197622 -127.875336 -41.842426 42.490329 -0.221120 -0.570489 0.654500 0.444160
1520530810.103198528 -128.742836 -41.812829 42.951156 -0.190111 -0.594447 0.662201 0.414706
1520530810.153200626 -129.583629 -42.233312 43.373645 -0.169225 -0.614371 0.665307 0.388945
1520530810.203201532 -130.366485 -42.593018 42.869912 -0.151323 -0.619961 0.679699 0.361605
1520530810.253206491 -131.049554 -43.310477 42.915479 -0.135738 -0.628933 0.685242 0.341265
1520530810.303205729 -131.421092 -44.212317 42.906492 -0.120944 -0.630589 0.691792 0.330384
1520530810.353206635 -131.392243 -45.191885 43.077200 -0.103473 -0.634547 0.694787 0.322358
1520530810.403207779 -131.480061 -46.186289 43.147939 -0.084202 -0.639013 0.698285 0.311402
1520530810.453339100 -131.398917 -47.182525 43.150866 -0.070402 -0.646924 0.699656 0.294983
1520530810.503276348 -131.216221 -48.161918 43.241502 -0.063244 -0.661410 0.693183 0.279345
1520530810.553277254 -131.024310 -49.139738 43.139703 -0.058207 -0.674269 0.686668 0.265446
1520530810.603279114 -131.263757 -50.096120 43.234449 0.049856 0.687659 -0.681027 -0.246662
1520530810.653280258 -131.011818 -51.063652 43.263475 0.040644 0.694993 -0.680717 -0.227942
1520530810.703282118 -131.064076 -52.059559 43.234106 0.026306 0.694711 -0.686959 -0.211595
1520530810.753283262 -130.824739 -53.020825 43.215190 -0.010703 -0.690026 0.695415 0.200368
1520530810.803285360 -130.722314 -54.015069 43.190219 0.007077 -0.684964 0.703565 0.189131
1520530810.853286028 -130.643990 -55.013002 43.210543 0.022051 -0.680690 0.709752 0.180075
1520530810.903261662 -130.608397 -55.992534 42.952185 0.034118 -0.678018 0.714922 0.167376
1520530810.953263521 -130.376412 -56.962566 42.877135 0.048351 -0.682328 0.713812 0.150212
1520530811.003264666 -130.211762 -57.945457 42.952342 0.066419 -0.688954 0.708880 0.135724
1520530811.053266764 -129.923553 -58.876745 42.820355 0.084639 -0.692007 0.706558 0.121399
1520530811.103267670 -129.420611 -59.713116 42.575827 0.099447 -0.694312 0.704967 0.105179
1520530811.153269768 -129.193693 -60.679774 42.445050 0.116646 -0.697361 0.701957 0.085659
1520530811.203270674 -128.824643 -61.612901 42.592256 -0.133413 0.700147 -0.697799 -0.071213
1520530811.253272533 -128.773337 -62.612742 42.670608 -0.150230 0.702574 -0.692909 -0.060808
1520530811.303123474 -128.788129 -63.595992 42.728055 -0.167722 0.701751 -0.690398 -0.052585
1520530811.353125334 -128.649732 -64.577605 42.690178 -0.181525 0.697560 -0.691559 -0.046955
1520530811.403127193 -128.016439 -65.345308 42.662134 -0.186693 0.695012 -0.693010 -0.042901
1520530811.453129530 -127.616061 -66.262536 42.741127 -0.190079 0.694571 -0.693151 -0.031335
1520530811.503130436 -127.098490 -67.104190 42.684395 -0.192912 0.694836 -0.692435 -0.022861
1520530811.553132296 -126.949562 -68.085715 42.693677 -0.198082 0.694994 -0.690981 -0.017114
1520530811.603134394 -126.646729 -69.016767 42.924645 -0.198609 0.694818 -0.691093 -0.013164
1520530811.653135300 -126.487322 -69.986696 43.067778 -0.200838 0.694763 -0.690619 -0.003661
1520530811.703139067 -126.193994 -70.893121 43.362880 -0.207230 0.697779 -0.685667 0.004586
1520530811.753140926 -126.025962 -71.884258 43.364611 -0.217941 0.697690 -0.682293 0.014385
1520530811.803142071 -125.716897 -72.826424 43.235188 -0.232805 0.696672 -0.678044 0.026588
1520530811.853144169 -125.393765 -73.768805 43.173923 -0.249554 0.697187 -0.670638 0.043558
1520530811.903147936 -124.857080 -74.600774 43.037158 -0.266385 0.695458 -0.664743 0.059109
1520530811.953147173 -124.110929 -75.160570 42.714550 -0.276063 0.691635 -0.663819 0.069104
1520530812.003149033 -123.484759 -75.839270 42.356079 -0.281325 0.686412 -0.665698 0.080879
1520530812.053188086 -122.877011 -76.583011 42.090500 -0.290812 0.681063 -0.665110 0.095970
1520530812.103106022 -122.263374 -77.267462 41.705023 -0.304537 0.676303 -0.661428 0.111291
1520530812.153108120 -121.748426 -78.100620 41.502368 -0.322568 0.673124 -0.652246 0.132016
1520530812.203110218 -121.235513 -78.931211 41.299729 -0.341400 0.670689 -0.640339 0.153585
1520530812.253111124 -120.536544 -79.630531 41.158325 -0.359281 0.667891 -0.629350 0.169581
1520530812.303113222 -119.603802 -79.918059 41.032649 -0.373087 0.663135 -0.625739 0.171782
1520530812.353114128 -118.877248 -80.472532 40.667502 -0.386252 0.653172 -0.626951 0.176376
1520530812.403115988 -118.164349 -80.990142 40.205355 -0.397888 0.642674 -0.627783 0.185859
1520530812.453117132 -117.461826 -81.427396 39.662724 -0.406325 0.632863 -0.630333 0.192523
1520530812.503178358 -116.773216 -82.129454 39.464374 -0.417930 0.628270 -0.624642 0.201081
1520530812.553179026 -115.834073 -82.412938 39.306766 -0.430489 0.626954 -0.615275 0.207471
1520530812.603181124 -114.975846 -82.908047 39.253533 -0.446631 0.626533 -0.600648 0.217255
1520530812.653183222 -113.990454 -83.068851 39.278078 -0.459177 0.626487 -0.590079 0.220176
1520530812.703184128 -113.027046 -83.304617 39.250080 -0.466255 0.627036 -0.582701 0.223362
1520530812.753185987 -112.297546 -83.907993 38.936881 -0.472957 0.621705 -0.576973 0.238530
1520530812.803188324 -111.342857 -84.119057 38.734002 -0.480462 0.613898 -0.570206 0.259136
1520530812.853189230 -110.382882 -84.068856 38.484344 -0.488634 0.603979 -0.565005 0.277878
1520530812.903190374 -109.417218 -83.850865 38.384179 -0.496823 0.596327 -0.556798 0.295867
1520530812.953081369 -108.418660 -83.851678 38.306454 -0.509881 0.587688 -0.545516 0.311539
1520530813.003083229 -107.523324 -84.119042 37.953679 -0.522280 0.575975 -0.537031 0.327222
1520530813.053084373 -106.608464 -83.714014 37.930534 -0.531591 0.568593 -0.531252 0.334491
1520530813.103086233 -105.624017 -83.853051 37.902969 -0.543836 0.556684 -0.523225 0.347248
1520530813.153088331 -104.658610 -83.468864 37.714068 0.551855 -0.547023 0.513810 -0.363623
1520530813.203089476 -103.751764 -83.048681 37.716445 0.564346 -0.535296 0.500600 -0.379962
1520530813.253091335 -102.808798 -82.754481 37.576078 0.577779 -0.521279 0.483038 -0.401391
1520530813.303093195 -101.981069 -82.238443 37.360445 0.591069 -0.508585 0.463772 -0.420588
1520530813.352868557 -101.366235 -81.447240 37.471466 0.604060 -0.500187 0.447371 -0.429864
1520530813.402869463 -100.444286 -81.138756 37.256805 0.615233 -0.488212 0.430893 -0.444374
1520530813.452871561 -99.556261 -80.707875 37.287837 0.626873 -0.474931 0.416911 -0.455693
1520530813.502872467 -98.606448 -80.579831 36.942591 0.636549 -0.458041 0.402908 -0.471878
1520530813.552874565 -97.843771 -79.986534 36.691364 0.646381 -0.442257 0.390606 -0.483764
1520530813.602876663 -97.088581 -79.345671 36.638131 0.657203 -0.430035 0.380983 -0.487858
1520530813.652886629 -96.466018 -78.626154 36.280611 0.666209 -0.419102 0.370373 -0.493298
1520530813.702878475 -95.916250 -77.786929 36.197382 0.675081 -0.411569 0.356764 -0.497590
1520530813.752878428 -95.301306 -77.101146 35.745277 0.682116 -0.402277 0.342875 -0.505300
1520530813.802880287 -94.769257 -76.260763 35.744285 0.689765 -0.396604 0.333511 -0.505668
1520530813.852881432 -94.280254 -75.390265 35.748416 0.694787 -0.389371 0.323915 -0.510627
1520530813.902883291 -93.858801 -74.475759 35.672758 0.698823 -0.379146 0.309776 -0.521472
1520530813.952884197 -93.396127 -73.600317 35.707780 0.703779 -0.367620 0.290338 -0.534092
1520530814.002886295 -92.818181 -72.843335 35.402032 0.710014 -0.349602 0.272090 -0.547381
1520530814.052887201 -92.048475 -72.245374 35.171002 0.721248 -0.330058 0.249314 -0.555613
1520530814.102889299 -92.064116 -71.253188 34.998379 0.730765 -0.318074 0.233850 -0.556889
1520530814.153383255 -91.143618 -70.967229 34.755521 0.741885 -0.294737 0.206212 -0.565874
1520530814.203385115 -91.105687 -69.964707 34.799526 0.747247 -0.287682 0.186353 -0.569327
1520530814.253386974 -91.047557 -68.966523 34.806321 0.749116 -0.276271 0.164939 -0.579046
1520530814.303388119 -91.204468 -67.976267 34.878344 0.750426 -0.259965 0.143499 -0.590498
1520530814.353389978 -91.121037 -66.978009 34.865844 0.752133 -0.235265 0.120363 -0.603704
1520530814.403392076 -90.997003 -65.986089 34.766057 0.754488 -0.212093 0.097798 -0.613351
1520530814.453393221 -90.963605 -64.988079 34.810517 0.757475 -0.195871 0.075817 -0.618157
1520530814.503394127 -90.132021 -64.659223 34.387066 0.756153 -0.167536 0.035781 -0.631573
1520530814.553365469 -90.172142 -63.655710 34.322164 0.756841 -0.152468 0.016910 -0.635342
1520530814.603367329 -90.176007 -62.690798 34.116965 0.754982 -0.135646 0.005408 -0.641539
1520530814.653369427 -90.200103 -61.726399 33.810722 0.751374 -0.118303 -0.005992 -0.649158
1520530814.703370571 -90.214677 -60.743200 33.641093 0.749154 -0.103738 -0.020652 -0.653896
1520530814.753371477 -90.442526 -59.788010 33.465614 0.749685 -0.090333 -0.033080 -0.654766
1520530814.803373337 -90.548410 -58.792423 33.511750 0.754814 -0.076949 -0.054795 -0.649101
1520530814.853375435 -89.828718 -58.127710 33.704927 0.764567 -0.048259 -0.080146 -0.637719
1520530814.903376341 -90.138125 -57.216050 33.928078 0.770809 -0.040183 -0.089346 -0.629488
1520530814.953189135 -90.280417 -56.219237 33.876862 0.771797 -0.030943 -0.098991 -0.627353
1520530815.003187180 -90.390017 -55.239072 34.036230 0.769381 -0.021851 -0.112958 -0.628343
1520530815.053189039 -90.840667 -54.358448 33.922712 0.761092 -0.016398 -0.123533 -0.636561
1520530815.103190184 -91.043575 -53.422866 33.685229 0.749627 -0.006323 -0.138822 -0.647107
1520530815.153192282 -91.009825 -52.446085 33.517101 0.741111 0.010141 -0.153206 -0.653590
1520530815.203193426 -91.180477 -51.465883 33.577890 0.738175 0.023878 -0.162511 -0.654307
1520530815.253195286 -91.341858 -50.479184 33.621077 0.733975 0.036430 -0.174936 -0.655249
1520530815.303196192 -91.559834 -49.509895 33.717261 0.730821 0.047546 -0.185411 -0.655182
1520530815.353198290 -92.265733 -48.885748 34.056095 0.729656 0.051482 -0.202158 -0.651217
1520530815.403064489 -92.589913 -47.952783 34.142169 0.727930 0.064421 -0.220443 -0.646044
1520530815.453065395 -92.642747 -46.966415 33.961932 0.719303 0.082627 -0.251239 -0.642382
1520530815.503067732 -92.802532 -45.985441 34.067060 0.713478 0.100234 -0.275396 -0.636442
1520530815.553068638 -93.662955 -45.490020 34.173510 0.708670 0.106394 -0.281579 -0.638107
1520530815.603070498 -94.212907 -44.655458 34.243981 0.699231 0.119882 -0.291817 -0.641519
1520530815.653071642 -94.503092 -43.717216 34.438616 0.687305 0.137813 -0.304435 -0.644933
1520530815.703073502 -95.416985 -43.423049 34.714708 0.678583 0.140451 -0.310981 -0.650453
1520530815.753074646 -96.160478 -42.724335 34.785789 0.668808 0.156407 -0.321239 -0.651949
1520530815.803066015 -96.328147 -41.743599 34.675859 0.659996 0.180021 -0.334700 -0.648054
1520530815.853068113 -97.072357 -41.109425 34.778341 0.656793 0.199828 -0.343613 -0.640798
1520530815.903069258 -97.594210 -40.353804 35.166762 0.653776 0.224382 -0.359187 -0.627068
1520530815.953071117 -98.572938 -40.359251 35.243377 0.654547 0.234115 -0.357754 -0.623515
1520530816.003072262 -99.280009 -39.665484 35.349149 0.650127 0.247995 -0.362576 -0.619977
1520530816.053074121 -100.007742 -38.993271 35.453955 0.645546 0.261814 -0.367308 -0.616286
1520530816.103075027 -100.755496 -38.343187 35.557415 0.640805 0.275567 -0.371949 -0.612442
1520530816.153077364 -101.522612 -37.715786 35.659151 0.635905 0.289253 -0.376498 -0.608447
1520530816.203195095 -102.308410 -37.111598 35.758786 0.630847 0.302866 -0.380954 -0.604300
1520530816.253196239 -103.112195 -36.531133 35.855946 0.625633 0.316405 -0.385315 -0.600003
1520530816.303198099 -103.933250 -35.974874 35.950257 0.620263 0.329865 -0.389580 -0.595558
1520530816.353200197 -104.932870 -35.985498 35.996812 0.613014 0.342737 -0.401561 -0.587787
1520530816.403201342 -105.866572 -35.970550 36.340349 0.610256 0.354383 -0.413977 -0.574998
1520530816.453202248 -106.801895 -35.990001 36.679220 0.607218 0.365865 -0.426202 -0.561944
1520530816.503205061 -107.697008 -36.353203 36.943671 0.598701 0.377371 -0.445176 -0.548605
1520530816.553205252 -108.563800 -36.635932 37.347516 0.587097 0.395997 -0.462406 -0.533558
1520530816.603259802 -109.442960 -37.088324 37.495118 0.572499 0.410181 -0.482931 -0.520360
1520530816.653261900 -110.317815 -37.564954 37.606728 0.559157 0.424334 -0.499645 -0.507582
1520530816.703267813 -111.205912 -38.008277 37.542898 0.542190 0.438574 -0.513979 -0.499508
1520530816.753264904 -112.057160 -38.485367 37.757457 0.525374 0.456863 -0.523481 -0.491147
1520530816.803265810 -112.935195 -38.941797 37.905758 -0.507447 -0.472897 0.532597 0.484980
1520530816.853267670 -113.813467 -39.393513 38.017218 -0.491618 -0.485949 0.544677 0.474860
1520530816.903270006 -114.591918 -39.985066 38.223804 -0.480477 -0.498698 0.552525 0.463852
1520530816.953270674 -115.380566 -40.563569 38.400098 -0.470286 -0.511796 0.560399 0.450387
1520530817.002976418 -116.114562 -41.190144 38.682619 -0.461753 -0.528025 0.565887 0.433296
1520530817.052977562 -116.842459 -41.859028 38.825589 -0.449314 -0.544628 0.567401 0.423737
1520530817.102979660 -117.710202 -42.294250 39.064373 -0.433105 -0.559712 0.568932 0.418879
1520530817.152980566 -118.405878 -42.922620 39.406464 -0.420275 -0.565934 0.580332 0.407802
1520530817.202982664 -119.196201 -43.463367 39.694169 -0.401514 -0.570038 0.600136 0.392019
1520530817.252983570 -120.106012 -43.872527 39.742845 -0.377932 -0.573273 0.624607 0.372010
1520530817.302985430 -120.800839 -44.573104 39.555807 -0.350519 -0.577725 0.643989 0.358676
1520530817.352986574 -121.123997 -44.895691 38.668106 -0.305839 -0.546223 0.692427 0.358675
1520530817.402988434 -121.844856 -45.579170 38.760910 -0.277325 -0.559848 0.700096 0.345726
1520530817.452914715 -122.756101 -45.976693 38.847921 -0.249567 -0.573984 0.708170 0.326731
1520530817.502915621 -123.624731 -46.396198 39.096512 -0.223662 -0.587043 0.717309 0.301368
1520530817.552917719 -124.354599 -47.047636 39.318485 -0.196148 -0.601718 0.725567 0.270212
1520530817.602919579 -124.728301 -47.382921 38.451231 -0.156235 -0.612868 0.735288 0.243587
1520530817.652920485 -125.078236 -48.193143 38.919950 -0.119411 -0.631564 0.735538 0.214129
1520530817.702921629 -125.958131 -47.733152 39.018303 -0.069809 -0.645069 0.740761 0.174028
1520530817.752923727 -126.701579 -47.065765 38.965656 -0.032914 -0.649262 0.746873 0.139843
1520530817.802925587 -126.114325 -46.432581 38.461647 0.007532 -0.651630 0.749998 0.113241
1520530817.853491545 -126.773707 -47.142363 38.705437 0.045533 -0.649289 0.754267 0.086213
1520530817.903492689 -126.192474 -47.897893 38.424713 0.062908 -0.637757 0.763740 0.077523
1520530817.953494549 -125.658647 -48.721806 38.217253 0.079168 -0.631516 0.768605 0.064546
1520530818.003496408 -125.229026 -49.619908 38.290874 0.095979 -0.630750 0.768672 0.045669
1520530818.053497553 -124.727016 -50.460198 38.430732 0.113436 -0.631217 0.766562 0.032852
1520530818.103499413 -124.288606 -51.265989 38.754060 0.133558 -0.637776 0.758433 0.013524
1520530818.153500557 -124.401190 -52.243631 38.936491 0.164551 -0.634147 0.755500 -0.000385
1520530818.203501463 -123.615200 -52.841954 39.010683 0.182844 -0.632276 0.752854 -0.002478
1520530818.253752947 -122.684280 -53.198618 39.037273 0.200033 -0.630918 0.749594 -0.006203
1520530818.303755760 -121.875789 -53.727950 39.299112 0.217543 -0.630643 0.744703 -0.019546
1520530818.353755951 -121.054470 -54.295408 39.239215 0.232586 -0.625317 0.744043 -0.035799
1520530818.403757811 -120.273293 -54.898735 39.093810 0.244637 -0.619043 0.744420 -0.052705
1520530818.453758955 -119.491167 -55.512850 39.159500 0.257260 -0.620057 0.738393 -0.064210
1520530818.503833771 -118.696115 -56.101901 39.039161 0.270312 -0.616569 0.735783 -0.073466
1520530818.553761721 -117.883346 -56.686775 39.078791 0.281588 -0.616558 0.730073 -0.086937
1520530818.603764057 -117.020243 -57.190872 39.102193 0.295508 -0.614964 0.723828 -0.102799
1520530818.653602362 -116.076850 -57.523708 38.996458 0.314259 -0.612674 0.715290 -0.119302
1520530818.703604221 -115.221118 -58.038371 38.998282 0.337272 -0.609058 0.704502 -0.137740
1520530818.753605366 -114.384182 -58.584775 38.974704 0.357596 -0.608274 0.690707 -0.158278
1520530818.803607225 -113.495260 -58.862329 38.603816 0.369709 -0.607722 0.680586 -0.175479
1520530818.853608131 -112.584069 -59.162155 38.340099 0.379690 -0.606010 0.673839 -0.185820
1520530818.903610468 -111.626654 -59.337415 38.117100 0.388840 -0.601739 0.670938 -0.191196
1520530818.953611374 -110.715975 -59.670426 37.896790 0.399544 -0.593697 0.671105 -0.193668
1520530819.003613234 -109.830959 -60.176037 38.030124 0.409458 -0.585690 0.671279 -0.196710
1520530819.053454638 -109.059643 -60.820003 38.086348 0.417892 -0.582209 0.667478 -0.202167
1520530819.103455782 -108.189486 -61.275961 38.102491 0.427762 -0.579751 0.663027 -0.203234
1520530819.153457642 -107.675670 -62.046657 37.721755 0.438449 -0.573712 0.657241 -0.215987
1520530819.203458548 -106.698648 -62.066009 37.513399 0.444730 -0.576397 0.650541 -0.216284
1520530819.253460646 -105.732415 -62.165846 37.299193 0.447804 -0.579244 0.648051 -0.209708
1520530819.303462744 -104.877240 -62.586361 37.551325 0.449940 -0.583750 0.642122 -0.210878
1520530819.353463650 -103.908539 -62.829508 37.497700 0.447963 -0.584291 0.639017 -0.222688
1520530819.403465748 -102.910288 -62.731003 37.433813 0.451491 -0.578526 0.637153 -0.235584
1520530819.453362465 -101.951204 -62.843864 37.211539 0.458739 -0.567291 0.637601 -0.247395
1520530819.503363609 -101.007828 -62.929008 36.902001 0.469420 -0.556176 0.636250 -0.255928
1520530819.553365469 -100.061523 -63.173224 36.706965 0.483143 -0.547742 0.629755 -0.264500
1520530819.603366375 -99.160805 -63.558017 36.496794 0.498067 -0.540551 0.618183 -0.278539
1520530819.653368473 -98.257993 -63.923025 36.291851 0.512648 -0.531876 0.607622 -0.291711
1520530819.703369379 -97.340586 -63.967715 35.911253 0.524689 -0.524591 0.598597 -0.301974
1520530819.753374577 -96.361055 -63.801507 35.953095 0.540391 -0.520072 0.584634 -0.309363
1520530819.803372622 -95.434307 -63.456161 35.915389 0.556133 -0.514981 0.568802 -0.319334
1520530819.853374481 -94.528611 -63.253413 35.537890 0.569844 -0.508868 0.549787 -0.337736
1520530819.903324604 -93.761466 -63.375210 34.915108 0.581508 -0.498268 0.533333 -0.359351
1520530819.953331709 -92.797813 -63.213476 34.689907 0.595159 -0.488701 0.518210 -0.372042
1520530820.003327847 -91.847212 -62.908446 34.805473 0.607221 -0.477836 0.507912 -0.380763
1520530820.053329945 -90.989557 -62.472192 34.630577 0.615498 -0.467133 0.503622 -0.386412
1520530820.103371859 -90.088191 -62.372384 34.214853 0.623451 -0.456093 0.496175 -0.396357
1520530820.153332710 -89.249529 -61.934320 33.864081 0.629398 -0.449810 0.491795 -0.399585
1520530820.203334808 -88.352724 -61.550264 33.645803 0.636766 -0.446693 0.481302 -0.404157
1520530820.253335714 -87.407793 -61.315782 33.455018 0.649025 -0.443420 0.461976 -0.410759
1520530820.303466558 -86.503613 -60.907719 33.339135 0.663794 -0.437121 0.445318 -0.412304
1520530820.353467703 -85.589813 -60.493965 33.271272 0.676774 -0.426150 0.434629 -0.414090
1520530820.403469563 -84.918108 -59.753232 33.201796 0.682855 -0.417981 0.428711 -0.418577
1520530820.453470469 -84.325918 -59.001040 32.931534 0.684532 -0.408925 0.422351 -0.431064
1520530820.503472567 -83.571991 -58.463168 32.565428 0.687303 -0.397280 0.407655 -0.451220
1520530820.553473473 -82.921663 -57.747221 32.319246 0.695015 -0.383704 0.393372 -0.463664
1520530820.603475571 -82.291063 -56.983365 32.136383 0.709392 -0.369092 0.374110 -0.469654
1520530820.653477669 -81.695497 -56.266758 31.783711 0.726073 -0.355603 0.351925 -0.471713
1520530820.703377008 -81.243428 -55.429964 31.488273 0.740565 -0.343559 0.333159 -0.471738
1520530820.753378868 -80.824611 -54.768468 30.872137 0.748584 -0.327650 0.316754 -0.481596
1520530820.803379774 -80.397617 -53.868297 30.745215 0.757984 -0.308026 0.297213 -0.492184
1520530820.853381872 -80.119035 -52.956921 30.463799 0.763808 -0.284598 0.275990 -0.509344
1520530820.903382778 -80.388894 -51.996954 30.561885 0.770500 -0.266278 0.247082 -0.523809
1520530820.953384638 -80.102214 -51.040448 30.481535 0.779087 -0.245131 0.216730 -0.534753
1520530821.003386974 -79.819179 -50.086087 30.354347 0.787823 -0.227240 0.196422 -0.537694
1520530821.053388834 -79.609342 -49.118389 30.250949 0.794854 -0.211249 0.179927 -0.539636
1520530821.103219032 -79.083941 -48.287524 30.125000 0.800824 -0.194245 0.159132 -0.543715
1520530821.153219938 -79.128991 -47.370718 29.693474 0.800922 -0.180977 0.145957 -0.551786
1520530821.203221083 -79.331005 -46.406091 29.551253 0.803664 -0.169770 0.134965 -0.554153
1520530821.253222942 -78.943917 -45.554460 29.251858 0.809568 -0.154478 0.118662 -0.553765
1520530821.303223848 -79.239000 -44.606235 29.130829 0.817606 -0.144333 0.105123 -0.547392
1520530821.353225946 -79.088533 -43.648119 28.919603 0.825807 -0.123918 0.089302 -0.542875
1520530821.403227806 -78.858753 -42.678772 28.798480 0.831544 -0.102800 0.080301 -0.539924
1520530821.453228712 -78.791205 -41.698401 28.867843 0.832756 -0.088995 0.071980 -0.541680
1520530821.503483057 -78.939763 -40.756512 28.629383 0.827095 -0.084875 0.063342 -0.551994
1520530821.553485394 -79.177914 -39.957209 28.144293 0.817218 -0.081168 0.047259 -0.568624
1520530821.603487253 -79.358629 -38.981978 28.058749 0.812143 -0.072917 0.030155 -0.578098
1520530821.653488159 -79.414918 -37.979895 28.116889 0.811645 -0.058536 0.014647 -0.581026
1520530821.703495264 -78.846589 -37.231228 27.900994 0.811608 -0.029904 -0.011246 -0.583329
1520530821.753491163 -79.263827 -36.321841 27.790339 0.813794 -0.011250 -0.022737 -0.580599
1520530821.803493023 -78.830438 -35.405544 27.644265 0.815219 0.016073 -0.044336 -0.577229
1520530821.853494167 -79.596581 -34.765777 27.645503 0.816462 0.030472 -0.058377 -0.573632
1520530821.903496265 -79.822336 -33.808924 27.439152 0.814759 0.053073 -0.087122 -0.570754
1520530821.953847647 -80.110908 -32.901851 27.168327 0.809360 0.077184 -0.117692 -0.570199
1520530822.003849745 -80.739542 -32.132946 27.095028 0.802742 0.099258 -0.150267 -0.568483
1520530822.053850651 -81.583601 -31.705502 27.412956 0.799015 0.114882 -0.181966 -0.561486
1520530822.103852510 -82.436830 -31.192275 27.316383 0.791789 0.132295 -0.205972 -0.559593
1520530822.153853655 -83.294117 -30.700865 27.184554 0.783539 0.149069 -0.225794 -0.559340
1520530822.203855515 -84.085311 -30.080749 27.127045 0.774441 0.166688 -0.246031 -0.558503
1520530822.253857613 -84.933299 -29.624170 26.978308 0.763529 0.179862 -0.258865 -0.563615
1520530822.303858757 -85.782604 -29.131205 26.913532 0.754208 0.188174 -0.270545 -0.567950
1520530822.353642702 -86.712144 -28.734672 26.885317 0.747596 0.194517 -0.281670 -0.569145
1520530822.403643608 -87.679945 -28.524692 26.732865 0.741502 0.198442 -0.290452 -0.571343
1520530822.453645468 -88.523285 -27.969161 26.744792 0.736933 0.209160 -0.304389 -0.566153
1520530822.503646612 -89.415877 -27.552838 26.855563 0.732698 0.221952 -0.310835 -0.563270
1520530822.553648710 -89.430047 -26.584580 26.644683 0.718658 0.244966 -0.327711 -0.562253
1520530822.603650570 -90.339033 -26.236201 26.929889 0.712127 0.251265 -0.338899 -0.561149
1520530822.653652668 -91.230892 -25.801074 27.050461 0.702220 0.258406 -0.355669 -0.560012
1520530822.703653574 -92.086267 -25.283511 27.040832 0.690308 0.267896 -0.376992 -0.556403
1520530822.753499985 -93.057753 -25.082901 27.131317 0.683079 0.278713 -0.390984 -0.550321
1520530822.803502083 -93.986403 -24.701050 27.096290 0.677063 0.292323 -0.402508 -0.542328
1520530822.853503942 -94.942444 -24.579321 26.855637 0.668002 0.300227 -0.408229 -0.544963
1520530822.903504848 -95.824316 -24.105989 26.721584 0.658101 0.310978 -0.417298 -0.544113
1520530822.953507185 -96.781052 -23.838816 26.506527 0.646593 0.314497 -0.433057 -0.543573
1520530823.003507853 -97.615713 -23.312592 26.630233 0.633019 0.326642 -0.457191 -0.532511
1520530823.053509951 -98.438874 -22.822352 26.908965 0.620210 0.345814 -0.474930 -0.519801
1520530823.103511095 -99.336861 -22.391170 27.003836 0.604694 0.364407 -0.494815 -0.506666
1520530823.153322220 -100.144606 -21.832379 27.101207 0.590076 0.381164 -0.514757 -0.491477
1520530823.203323126 -101.115929 -21.924998 27.070290 0.582682 0.388976 -0.522399 -0.486085
1520530823.253325224 -101.982574 -21.439290 27.176475 0.573080 0.402648 -0.530343 -0.477693
1520530823.303327322 -102.831553 -20.970863 27.402326 0.561940 0.415811 -0.539317 -0.469533
1520530823.353328228 -103.748021 -20.596092 27.359259 -0.544661 -0.424442 0.552906 0.466357
1520530823.403330326 -104.668127 -20.224651 27.476452 -0.530668 -0.432961 0.565667 0.459301
1520530823.453331232 -105.640049 -20.049525 27.313062 -0.518415 -0.438585 0.576866 0.453999
1520530823.503333092 -106.578767 -19.701715 27.297303 -0.507040 -0.448527 0.585258 0.446326
1520530823.553307533 -107.456895 -19.246441 27.420183 -0.494343 -0.460857 0.590813 0.440653
1520530823.603309631 -108.391356 -18.929269 27.551426 -0.482510 -0.472449 0.591711 0.440289
1520530823.653310776 -109.321161 -18.540337 27.497650 -0.470183 -0.479625 0.594313 0.442357
1520530823.703312635 -110.186368 -18.062185 27.632058 -0.457916 -0.483663 0.601574 0.441013
1520530823.753313541 -111.144676 -18.219829 27.834844 -0.447535 -0.481578 0.610769 0.441312
1520530823.803315639 -112.020547 -17.984442 28.255794 -0.431264 -0.489930 0.621232 0.433647
1520530823.853317738 -112.865491 -18.521642 28.180879 -0.417944 -0.492482 0.631168 0.429432
1520530823.903318644 -113.615400 -19.168775 28.295616 -0.410030 -0.498634 0.635462 0.423588
1520530823.953421116 -114.349264 -19.834336 28.408660 -0.402054 -0.504710 0.639659 0.417680
1520530824.003422022 -115.066652 -20.517926 28.519871 -0.394016 -0.510709 0.643758 0.411708
1520530824.053424120 -115.767139 -21.219134 28.629110 -0.385917 -0.516629 0.647759 0.405673
1520530824.103425980 -116.450313 -21.937538 28.736239 -0.377760 -0.522471 0.651660 0.399575
1520530824.153426886 -117.012009 -22.740463 28.909572 -0.362701 -0.529539 0.661468 0.387940
1520530824.203429222 -117.465102 -23.499126 29.380116 -0.345513 -0.542247 0.669760 0.371498
1520530824.253430128 -117.881125 -24.351582 29.682660 -0.330844 -0.551222 0.679671 0.353191
1520530824.303431988 -118.327938 -25.229543 29.814449 -0.316789 -0.558450 0.687747 0.338796
1520530824.353433132 -118.503251 -26.158554 30.135730 -0.304134 -0.567686 0.688575 0.333315
1520530824.403522968 -118.924898 -27.057392 29.944867 -0.287060 -0.570701 0.694665 0.330661
1520530824.453525066 -119.127843 -27.991619 30.236980 -0.272116 -0.574352 0.698627 0.328622
1520530824.503526926 -119.683014 -28.771269 29.940895 -0.255339 -0.572264 0.709059 0.323343
1520530824.553528070 -120.173491 -29.568077 30.299275 -0.242125 -0.578123 0.712128 0.316265
1520530824.603528976 -120.390378 -30.523103 30.036756 -0.232094 -0.581013 0.716863 0.307675
1520530824.653530836 -120.626179 -31.387842 30.482279 -0.221188 -0.592815 0.715934 0.295099
1520530824.703531981 -120.803735 -32.297258 30.843330 -0.207479 -0.606454 0.711506 0.287967
1520530824.753535986 -120.926754 -33.170549 31.278800 -0.194637 -0.617147 0.706784 0.285837
1520530824.803378105 -120.944194 -34.103177 31.630594 -0.184523 -0.619109 0.710577 0.278810
1520530824.853379011 -120.785772 -35.023760 31.974155 -0.171538 -0.617398 0.720191 0.265931
1520530824.903381109 -120.919285 -35.975987 32.228222 -0.151483 -0.615223 0.733622 0.245668
1520530824.953473091 -120.841244 -36.895955 32.615883 -0.131229 -0.616593 0.741800 0.228746
1520530825.003384113 -120.898924 -37.826013 32.970264 -0.112042 -0.621195 0.746685 0.209822
1520530825.053385258 -120.828305 -38.765286 33.317070 -0.092628 -0.627441 0.748108 0.195122
1520530825.103387117 -120.786377 -39.735368 33.543801 -0.072471 -0.630462 0.750444 0.184659
1520530825.153388023 -120.688353 -40.696182 33.826182 -0.054628 -0.630833 0.754696 0.171753
1520530825.203181982 -120.591773 -41.616332 34.200267 -0.033482 -0.630507 0.759419 0.156915
1520530825.253183126 -120.701213 -42.571088 34.441091 -0.008546 -0.629956 0.765225 0.132337
1520530825.303185225 -120.805853 -43.466929 34.848755 0.021077 -0.630117 0.768540 0.108881
1520530825.353186131 -120.758797 -44.440871 35.060620 0.047699 -0.629057 0.771504 0.082424
1520530825.403188229 -120.475760 -45.334275 35.438327 0.073285 -0.629339 0.771306 0.060402
1520530825.453190088 -120.703049 -46.180820 35.901701 0.104864 -0.629336 0.768820 0.043078
1520530825.503190994 -120.920707 -46.750422 35.112711 0.145186 -0.596476 0.788729 0.032293
1520530825.553193331 -120.905765 -47.654936 35.527331 0.177881 -0.592538 0.785524 0.014467
1520530825.603213072 -120.865541 -48.560113 35.941930 0.209863 -0.589576 0.779968 -0.002635
1520530825.653214931 -120.731396 -49.430783 36.416439 0.241283 -0.589380 0.770696 -0.021042
1520530825.703216076 -120.557598 -50.289266 36.902760 0.273917 -0.590273 0.758173 -0.041486
1520530825.753217936 -120.118616 -51.084070 37.321974 0.308578 -0.590569 0.743074 -0.062041
1520530825.803220034 -121.031141 -51.390684 37.590434 0.354201 -0.586045 0.722877 -0.092422
1520530825.853221178 -122.008191 -51.533191 37.748151 0.393523 -0.576114 0.706006 -0.121603
1520530825.903223038 -121.833331 -52.388514 38.221908 0.422057 -0.568542 0.691410 -0.143455
1520530825.953224897 -120.840213 -52.432422 38.197959 0.439511 -0.563483 0.680315 -0.162756
1520530826.003935575 -120.219208 -53.193161 38.283526 0.470192 -0.550001 0.661194 -0.198094
1520530826.053935289 -119.288150 -53.273796 37.989146 0.486495 -0.542447 0.647476 -0.223268
1520530826.103938341 -118.342768 -53.101226 37.716734 0.505083 -0.538894 0.630267 -0.239265
1520530826.153939486 -117.493141 -52.938200 37.249362 0.523823 -0.529786 0.617761 -0.251611
1520530826.203940392 -116.553656 -52.684967 37.030050 0.543680 -0.521993 0.602606 -0.262300
1520530826.253942251 -115.597449 -52.487330 36.813035 0.559744 -0.511911 0.588255 -0.280339
1520530826.303944349 -114.933588 -53.230624 36.804888 0.595179 -0.484292 0.554372 -0.322327
1520530826.353945255 -114.075652 -52.753839 36.610840 0.611640 -0.471247 0.534940 -0.343021
1520530826.404023409 -113.195971 -52.378827 36.327084 0.627636 -0.457656 0.512885 -0.365476
1520530826.454024076 -112.450499 -51.744865 36.124372 0.642081 -0.449313 0.491478 -0.379866
1520530826.504024982 -111.650463 -51.228456 35.812246 0.655618 -0.436733 0.477434 -0.389212
1520530826.554083109 -110.877448 -50.732015 35.429227 0.666974 -0.421265 0.466814 -0.399708
1520530826.604029179 -110.136480 -50.136921 35.121309 0.678370 -0.404008 0.457168 -0.409376
1520530826.654030085 -109.346323 -49.654089 34.761659 0.687606 -0.387163 0.447341 -0.420938
1520530826.704032183 -108.435846 -49.505640 34.439033 0.696320 -0.371737 0.434121 -0.434154
1520530826.754033089 -107.528858 -49.174090 34.570329 0.706763 -0.361657 0.418854 -0.440740
1520530826.804035187 -106.667745 -48.808944 34.177723 0.714496 -0.355024 0.402054 -0.449229
1520530826.853658915 -106.105822 -48.105845 33.757065 0.724226 -0.348263 0.388347 -0.450993
1520530826.903660774 -105.577702 -47.303649 33.545398 0.735745 -0.341892 0.377424 -0.446475
1520530826.953661919 -104.813477 -46.703195 33.293535 0.742734 -0.336179 0.369239 -0.446086
1520530827.003663778 -104.184297 -46.017646 32.938491 0.745774 -0.333620 0.359622 -0.450768
1520530827.053666115 -103.413607 -45.459795 32.640054 0.748083 -0.328585 0.347469 -0.460075
1520530827.103667021 -103.052428 -44.710189 32.104213 0.747613 -0.321090 0.341841 -0.470236
1520530827.153668880 -102.148884 -44.418108 31.782086 0.750698 -0.310481 0.328224 -0.481998
1520530827.203670025 -101.394325 -43.802856 31.541126 0.754625 -0.297536 0.317935 -0.490847
1520530827.253637075 -100.857982 -43.126544 31.037303 0.758220 -0.284113 0.305195 -0.501237
1520530827.303637981 -100.284248 -42.314620 30.953857 0.764377 -0.271395 0.291797 -0.506879
1520530827.353640079 -99.883947 -41.509175 30.517376 0.766912 -0.258617 0.281383 -0.515546
1520530827.403642178 -99.478750 -40.601437 30.413683 0.771171 -0.245213 0.269759 -0.521916
1520530827.453643084 -98.872860 -39.822679 30.275394 0.777005 -0.230932 0.251182 -0.529000
1520530827.503645182 -98.273100 -39.102119 29.924044 0.781759 -0.219732 0.225131 -0.538411
1520530827.553647041 -98.207881 -38.093795 29.908851 0.787133 -0.211907 0.204827 -0.541814
1520530827.603647947 -97.820149 -37.207430 29.648414 0.790891 -0.198552 0.188467 -0.547310
1520530827.653593063 -97.356468 -36.326832 29.519947 0.793671 -0.182668 0.175751 -0.553019
1520530827.703594923 -96.836160 -35.576921 29.112020 0.793426 -0.163924 0.161923 -0.563369
1520530827.753596067 -96.784490 -34.592773 28.899637 0.792089 -0.149608 0.151550 -0.572053
1520530827.803598166 -96.794446 -33.984550 28.125914 0.785996 -0.135959 0.145707 -0.585230
1520530827.853599310 -96.493936 -33.059569 27.913678 0.786547 -0.124163 0.131912 -0.590361
1520530827.903600216 -96.496838 -32.063194 27.767638 0.785955 -0.116438 0.117242 -0.595794
1520530827.953602076 -96.854901 -31.190669 27.525082 0.784831 -0.112356 0.108881 -0.599634
1520530828.003604174 -96.919061 -30.176003 27.487380 0.785246 -0.104549 0.097311 -0.602485
1520530828.053573132 -96.943901 -29.213750 27.736732 0.785352 -0.099869 0.086135 -0.604838
1520530828.103574038 -97.169500 -28.277117 27.520790 0.783682 -0.091694 0.075258 -0.609730
1520530828.153593063 -97.471169 -27.372842 27.736689 0.784420 -0.083056 0.058628 -0.611841
1520530828.203577995 -97.717205 -26.409894 27.626150 0.784295 -0.070855 0.037195 -0.615205
1520530828.253578901 -97.970845 -25.457061 27.578760 0.784693 -0.059757 0.017855 -0.616740
1520530828.303580999 -97.673748 -24.608057 27.147989 0.782092 -0.044606 -0.008743 -0.621503
1520530828.353582144 -97.771827 -23.614212 27.123637 0.782188 -0.032023 -0.027518 -0.621610
1520530828.403584003 -98.021914 -22.756032 26.685304 0.775654 -0.022182 -0.039103 -0.629555
1520530828.453457832 -98.344487 -21.831845 26.510097 0.770346 -0.009961 -0.053828 -0.635272
1520530828.503459930 -99.026619 -21.089901 26.474266 0.766711 0.005042 -0.068771 -0.638279
1520530828.553461075 -99.765514 -20.643629 26.966084 0.768151 0.021052 -0.088943 -0.633711
1520530828.603462934 -100.244605 -19.756356 26.974299 0.766223 0.039461 -0.118824 -0.630259
1520530828.653464794 -101.072413 -19.191978 27.088532 0.764695 0.050596 -0.145743 -0.625653
1520530828.703465939 -101.216349 -18.223551 26.947457 0.762771 0.065418 -0.175415 -0.618976
1520530828.753467798 -101.916661 -17.501304 26.887604 0.759384 0.079036 -0.189416 -0.617423
1520530828.803468704 -102.572414 -16.767271 26.817020 0.752255 0.096702 -0.201334 -0.619860
1520530828.853471041 -103.462074 -16.329009 26.857076 0.745477 0.110915 -0.212695 -0.621870
1520530828.903293371 -104.424030 -16.147902 27.028650 0.743509 0.119691 -0.224165 -0.618562
1520530828.953294277 -105.260134 -15.719086 27.344984 0.744622 0.130802 -0.235741 -0.610619
1520530829.003296137 -106.048835 -15.101787 27.339041 0.742270 0.143885 -0.251644 -0.604158
1520530829.053297520 -106.587630 -14.279913 27.181535 0.737457 0.162460 -0.270296 -0.597247
1520530829.103299379 -107.369827 -13.699594 27.414378 0.735758 0.182916 -0.278896 -0.589423
1520530829.153301239 -108.132113 -13.060453 27.546153 0.731227 0.201057 -0.289214 -0.584156
1520530829.203302383 -108.896060 -12.439794 27.718171 0.723846 0.217337 -0.303143 -0.580444
1520530829.253304243 -109.550688 -11.678676 27.766593 0.710153 0.236806 -0.324461 -0.578213
1520530829.303629160 -110.506024 -11.552698 28.060003 0.699581 0.251256 -0.343830 -0.573792
1520530829.353631020 -111.489919 -11.337079 28.012683 0.686770 0.266291 -0.367761 -0.567615
1520530829.403632164 -112.391195 -10.919041 27.896882 0.673576 0.285433 -0.393969 -0.556427
1520530829.453637123 -113.380840 -10.978930 27.712198 0.661639 0.302198 -0.408560 -0.551352
1520530829.503634930 -114.326892 -10.702519 27.726822 0.646562 0.320373 -0.431531 -0.541386
1520530829.553637028 -115.301185 -10.589553 27.933882 0.632045 0.333945 -0.456440 -0.529776
1520530829.603639126 -116.217880 -10.214018 27.976155 0.605581 0.352047 -0.493488 -0.515562
1520530829.653640032 -116.935719 -10.701901 28.462119 0.588800 0.366049 -0.519600 -0.499338
1520530829.704049587 -117.816255 -11.050322 28.796789 0.566098 0.384372 -0.545510 -0.483952
1520530829.754051685 -118.771333 -11.287915 28.953050 -0.542370 -0.399830 0.569207 0.471142
1520530829.804053545 -119.606809 -11.798627 29.105679 -0.526093 -0.410593 0.586941 0.458410
1520530829.854054689 -120.372114 -12.416026 29.343441 -0.512762 -0.421241 0.601976 0.444136
1520530829.904056549 -120.999362 -13.173711 29.437731 -0.498565 -0.428027 0.614344 0.436816
1520530829.954057693 -121.772112 -13.807162 29.408247 -0.478968 -0.434475 0.627226 0.434061
1520530830.004059553 -122.530364 -14.404813 29.622009 -0.462168 -0.443501 0.635947 0.430440
1520530830.054060459 -123.394521 -14.863056 29.852462 -0.445228 -0.452453 0.645242 0.425113
1520530830.103815317 -124.256551 -15.359677 29.937895 -0.429418 -0.458744 0.655624 0.418703
1520530830.153816223 -125.120857 -15.833324 30.166915 -0.414540 -0.469518 0.665718 0.405622
1520530830.203818321 -125.866814 -16.445381 30.405179 -0.400523 -0.481266 0.669579 0.399534
1520530830.253820419 -126.673909 -16.773503 30.908652 -0.386715 -0.495010 0.670655 0.394511
1520530830.303821325 -127.408408 -17.301264 31.306877 -0.377013 -0.499767 0.674282 0.391712
1520530830.353823185 -128.160656 -17.712433 31.807546 -0.365653 -0.503942 0.683561 0.380900
1520530830.403824329 -128.919469 -18.283010 32.065991 -0.350336 -0.505236 0.695905 0.371104
1520530830.453826189 -129.704509 -18.742386 32.479359 -0.335480 -0.512812 0.705272 0.356465
1520530830.503615856 -130.423314 -19.409848 32.669128 -0.323839 -0.518380 0.713741 0.342030
1520530830.553617954 -131.180085 -20.000209 32.925095 -0.310441 -0.529349 0.717294 0.330009
1520530830.603619814 -131.952246 -20.617921 33.089693 -0.292725 -0.538610 0.721849 0.321162
1520530830.653620720 -132.776697 -21.209333 33.174652 -0.271300 -0.544178 0.730185 0.311604
1520530830.703622818 -133.548768 -21.695158 33.581342 -0.247201 -0.552002 0.740172 0.293821
1520530830.753624916 -134.251518 -22.370800 33.802829 -0.225874 -0.557342 0.749525 0.276702
1520530830.803626776 -134.979353 -22.846661 34.282925 -0.204759 -0.566915 0.757394 0.251069
1520530830.853627920 -135.089726 -23.806361 34.545300 -0.192379 -0.568068 0.765964 0.231491
1520530830.903462410 -135.706340 -24.567582 34.702892 -0.174251 -0.569707 0.773282 0.217039
1520530830.953464270 -136.362628 -25.231437 35.023830 -0.155117 -0.574183 0.776720 0.207264
1520530831.003466606 -136.410529 -26.116396 35.482365 -0.141356 -0.580023 0.776537 0.201449
1520530831.053467274 -137.043720 -26.807771 35.806763 -0.120379 -0.586584 0.777685 0.191399
1520530831.103468180 -137.288085 -27.721706 36.116404 -0.105754 -0.590633 0.778093 0.185848
1520530831.153470516 -137.577183 -28.626991 36.472546 -0.090732 -0.595661 0.777438 0.180406
1520530831.203472376 -137.592343 -29.597828 36.727053 -0.080397 -0.598471 0.776975 0.177983
1520530831.253473520 -137.914870 -30.323585 37.339320 -0.065903 -0.608350 0.772495 0.169762
1520530831.303475380 -138.559689 -31.037786 37.601378 -0.047761 -0.613062 0.772465 0.158659
1520530831.353523970 -138.258209 -31.885158 38.043196 -0.046528 -0.616928 0.769525 0.158323
1520530831.403623819 -138.708468 -32.682277 38.434566 -0.036263 -0.617233 0.771597 0.149489
1520530831.453526974 -139.296093 -33.489971 38.382906 -0.019239 -0.613493 0.778762 0.129563
1520530831.503529072 -139.839706 -34.328522 38.342156 -0.002199 -0.609291 0.785341 0.109540
1520530831.553530216 -140.337681 -35.195404 38.312491 0.014841 -0.604631 0.791330 0.089434
1520530831.603532076 -140.788531 -36.088005 38.294054 0.031871 -0.599516 0.796723 0.069261
1520530831.653533220 -141.190911 -37.003637 38.286955 0.048877 -0.593950 0.801517 0.049036
1520530831.703535080 -141.543622 -37.939542 38.291268 0.065846 -0.587938 0.805708 0.028774
1520530831.753732681 -141.845613 -38.892902 38.307034 0.082765 -0.581483 0.809293 0.008490
1520530831.803734541 -141.942370 -39.866527 38.500194 0.110516 -0.571860 0.812832 -0.008143
1520530831.853736639 -141.205797 -40.494709 38.724908 0.127716 -0.568878 0.812316 -0.014480
1520530831.903737545 -140.496344 -41.151176 38.988339 0.152511 -0.567862 0.808567 -0.022186
1520530831.953739405 -139.752059 -41.810099 39.117130 0.175509 -0.568829 0.802757 -0.034807
1520530832.003740788 -138.902806 -42.305899 39.283839 0.193879 -0.573281 0.794678 -0.047399
1520530832.053742647 -138.157693 -42.953154 39.270234 0.209386 -0.572740 0.790748 -0.053326
1520530832.103743792 -137.412291 -43.129184 38.663419 0.213438 -0.568937 0.791758 -0.062253
1520530832.153733492 -136.850077 -43.602552 38.008063 0.221197 -0.554521 0.798842 -0.073691
1520530832.203735352 -135.997101 -44.020702 38.258042 0.235828 -0.553086 0.794693 -0.083329
1520530832.253736258 -135.074886 -44.372763 38.418341 0.246962 -0.552341 0.791163 -0.089385
1520530832.303738356 -134.209253 -44.831136 38.618830 0.258813 -0.551644 0.786629 -0.099599
1520530832.353740215 -133.772483 -45.582661 38.175898 0.270133 -0.535265 0.790315 -0.126182
1520530832.403741121 -132.904385 -46.001206 38.430460 0.283933 -0.537160 0.783333 -0.131268
1520530832.453743458 -132.021912 -46.274644 38.827127 0.294862 -0.539510 0.777648 -0.131338
1520530832.503744364 -131.142277 -46.705268 39.032845 0.302000 -0.535301 0.777148 -0.135244
1520530832.553491354 -130.177995 -46.956717 39.135227 0.308879 -0.527303 0.777994 -0.145845
1520530832.603493690 -129.246062 -47.193733 39.409178 0.320992 -0.517727 0.776601 -0.160664
1520530832.653494596 -128.275147 -47.384112 39.462757 0.333440 -0.505735 0.775732 -0.176886
1520530832.703496456 -127.442405 -47.745406 39.868000 0.352562 -0.498603 0.767499 -0.195038
1520530832.753497601 -126.461728 -47.932514 39.936584 0.367887 -0.491800 0.760845 -0.209543
1520530832.803498507 -125.588085 -48.407972 40.036524 0.385022 -0.482455 0.753914 -0.224966
1520530832.853500366 -124.622274 -48.575937 40.222217 0.399335 -0.474591 0.747810 -0.236804
1520530832.903501511 -123.668895 -48.851298 40.355617 0.415835 -0.463950 0.741415 -0.249271
1520530832.953346491 -122.858742 -49.313617 40.561907 0.441013 -0.453633 0.726222 -0.268936
1520530833.003408432 -121.875846 -49.631380 40.545387 0.467368 -0.443772 0.709128 -0.285957
1520530833.053349495 -120.928176 -49.762407 40.841484 0.496487 -0.434513 0.687869 -0.302548
1520530833.103351593 -119.966825 -49.969135 41.049884 0.522107 -0.422855 0.668614 -0.318674
1520530833.153352499 -118.960484 -49.922891 41.062314 0.542360 -0.408242 0.653325 -0.335189
1520530833.203354359 -118.052218 -50.336502 41.192021 0.565584 -0.386058 0.637676 -0.352765
1520530833.253355503 -117.103830 -50.471323 41.470218 0.588666 -0.365756 0.620557 -0.366885
1520530833.303357363 -116.112847 -50.560763 41.427480 0.608109 -0.346830 0.604180 -0.380630
1520530833.353605747 -115.566903 -49.747240 41.214405 0.620005 -0.340829 0.589917 -0.389137
1520530833.403606415 -114.835712 -49.112562 40.965890 0.632468 -0.333829 0.576832 -0.394723
1520530833.453608513 -114.864807 -50.035459 41.348223 0.661403 -0.311534 0.545932 -0.409208
1520530833.503609657 -114.880094 -50.960359 41.728343 0.689606 -0.288582 0.515911 -0.418330
1520530833.553611517 -114.017257 -50.465240 41.796522 0.710336 -0.272378 0.497083 -0.417302
1520530833.603613377 -113.858264 -49.509987 41.993234 0.721395 -0.275091 0.483271 -0.412750
1520530833.653614521 -112.941117 -49.355055 42.356815 0.740341 -0.248403 0.456900 -0.425950
1520530833.703615427 -112.166125 -48.809089 42.011899 0.750383 -0.231836 0.425635 -0.449459
1520530833.753617525 -111.436523 -48.259830 41.588185 0.760034 -0.214701 0.393162 -0.470824
1520530833.804356098 -110.723085 -47.773843 41.113235 0.770284 -0.201741 0.355977 -0.489125
1520530833.854357243 -110.284946 -47.093844 40.555267 0.777793 -0.189762 0.333806 -0.497596
1520530833.904359102 -110.203503 -46.223110 40.064619 0.784660 -0.179766 0.317185 -0.501384
1520530833.954361200 -109.934001 -45.370320 39.625022 0.788652 -0.167677 0.297562 -0.511243
1520530834.004362345 -109.718164 -44.436821 39.329988 0.795034 -0.155533 0.270263 -0.520277
1520530834.054364204 -109.822401 -43.522562 38.932122 0.802630 -0.139245 0.245237 -0.525600
1520530834.104366064 -109.962731 -42.609014 38.562030 0.812157 -0.125637 0.215891 -0.527265
1520530834.154367208 -109.998492 -41.680063 38.196760 0.820186 -0.115090 0.182702 -0.529782
1520530834.204151869 -110.087507 -40.733881 37.886439 0.825218 -0.105419 0.156261 -0.532433
1520530834.254152775 -110.191486 -39.825225 37.488284 0.824731 -0.092549 0.140350 -0.539959
1520530834.304154634 -110.548163 -38.964279 37.135234 0.822069 -0.079689 0.126423 -0.549426
1520530834.354155779 -110.358668 -37.978217 37.082815 0.822096 -0.062666 0.108790 -0.555334
1520530834.404156685 -110.386131 -37.029132 36.771232 0.821566 -0.047594 0.095866 -0.559976
1520530834.454158783 -110.764740 -36.178804 36.411732 0.821897 -0.036398 0.088809 -0.561492
1520530834.504159689 -110.520916 -35.242779 36.179045 0.823242 -0.027839 0.075529 -0.561955
1520530834.554161549 -110.709619 -34.324642 35.831889 0.824829 -0.024220 0.064264 -0.561196
1520530834.603904486 -111.017206 -33.523112 35.332507 0.826723 -0.022201 0.055074 -0.559468
1520530834.653884411 -111.246407 -32.575608 35.115473 0.828924 -0.020670 0.053740 -0.556390
1520530834.703886271 -111.135500 -31.591647 35.096503 0.829506 -0.021939 0.051827 -0.555655
1520530834.753887415 -111.314478 -30.668944 34.769843 0.825157 -0.022055 0.051089 -0.562156
1520530834.803889513 -111.325315 -29.666716 34.629099 0.820300 -0.018201 0.049205 -0.569522
1520530834.853890419 -111.188120 -28.737021 34.251790 0.815564 -0.014013 0.041585 -0.577001
1520530834.903892517 -111.419035 -27.895711 33.762172 0.811876 -0.012666 0.033704 -0.582718
1520530834.953893423 -111.495904 -27.024031 33.277254 0.810480 -0.009377 0.020715 -0.585325
1520530835.003848076 -111.842921 -26.137577 32.992839 0.810037 -0.002507 0.006188 -0.586341
1520530835.053850174 -111.924581 -25.163275 32.846515 0.810329 0.006931 -0.014411 -0.585757
1520530835.103851318 -112.075031 -24.278769 32.425841 0.809532 0.017789 -0.033849 -0.585829
1520530835.153853178 -112.320568 -23.332390 32.278957 0.814060 0.028075 -0.045549 -0.578311
1520530835.203854322 -112.896613 -22.597249 31.940138 0.817960 0.031295 -0.057182 -0.571570
1520530835.253856182 -113.070949 -21.627240 31.853775 0.821991 0.036606 -0.081990 -0.562378
1520530835.303858280 -113.629289 -20.842772 31.588262 0.820569 0.046734 -0.098784 -0.561003
1520530835.353859425 -114.185934 -20.053922 31.336808 0.816465 0.060804 -0.105541 -0.564401
1520530835.403751373 -114.804655 -19.441798 30.850959 0.808905 0.074055 -0.110686 -0.572657
1520530835.453752518 -115.262940 -18.653402 30.452462 0.805679 0.082594 -0.119664 -0.574230
1520530835.503754377 -115.367062 -17.721596 30.116290 0.805571 0.089887 -0.132298 -0.570502
1520530835.553756475 -115.846186 -17.032403 29.578195 0.804505 0.093377 -0.138749 -0.569913
1520530835.603757620 -116.117999 -16.151723 29.188089 0.802096 0.103109 -0.151334 -0.568426
1520530835.653759480 -116.663854 -15.510376 28.652462 0.797217 0.116847 -0.162763 -0.569473
1520530835.703760386 -117.193393 -14.673577 28.659824 0.797854 0.135277 -0.168762 -0.562716
1520530835.753762484 -117.535212 -13.868893 28.181236 0.794853 0.148258 -0.177476 -0.561009
1520530835.803792238 -118.186823 -13.133285 28.296627 0.794797 0.153207 -0.185281 -0.557221
1520530835.853783607 -118.866337 -12.451174 28.026888 0.788196 0.155254 -0.203388 -0.559711
1520530835.903788567 -119.258909 -11.793404 27.369380 0.775158 0.161070 -0.227485 -0.566954
1520530835.953786373 -120.148245 -11.378693 27.273660 0.764868 0.167950 -0.240355 -0.573584
1520530836.003787518 -120.849382 -10.766504 26.912931 0.752571 0.176888 -0.261848 -0.577740
1520530836.053789377 -121.210572 -10.221074 26.161691 0.735807 0.189859 -0.285674 -0.583893
1520530836.103791475 -122.103871 -9.774801 26.084215 0.726240 0.202540 -0.304489 -0.582099
1520530836.153792620 -123.074014 -9.514325 26.134208 0.718033 0.212499 -0.322972 -0.578758
1520530836.203794479 -124.043952 -9.628287 26.235048 0.710991 0.220130 -0.339984 -0.574844
1520530836.253842592 -125.018266 -9.393063 26.320273 0.701310 0.235121 -0.367866 -0.563522
1520530836.303844690 -126.006314 -9.315179 26.448311 0.691383 0.251013 -0.395232 -0.550248
1520530836.353845835 -127.000177 -9.326500 26.581558 0.680978 0.268985 -0.420896 -0.535502
1520530836.403847694 -127.959721 -9.070555 26.648252 0.670839 0.287081 -0.442927 -0.520937
1520530836.453848600 -128.912821 -9.012201 26.946175 0.660320 0.305326 -0.456465 -0.512242
1520530836.503850698 -129.883114 -8.788836 27.022032 0.644412 0.322295 -0.473321 -0.506780
1520530836.553852558 -130.758888 -9.103466 27.367993 0.632969 0.333862 -0.484143 -0.503480
1520530836.603853464 -131.681028 -9.419935 27.615552 0.622463 0.343334 -0.496963 -0.497684
1520530836.653644085 -132.621217 -9.577495 27.930721 0.614581 0.354990 -0.506935 -0.489171
1520530836.703644991 -133.564268 -9.787766 28.172066 0.607851 0.366454 -0.516041 -0.479511
1520530836.753647089 -134.496734 -10.057131 28.413937 0.600595 0.381104 -0.523881 -0.468608
1520530836.803647995 -135.352552 -10.359788 28.853833 0.594134 0.399670 -0.529989 -0.454290
1520530836.853649855 -136.326815 -10.403817 29.076704 0.583444 0.416998 -0.537656 -0.443432
1520530836.903650999 -137.279534 -10.649157 29.215258 0.571637 0.423877 -0.549970 -0.437141
1520530836.953653097 -138.234931 -10.929721 29.343198 -0.555965 -0.427120 0.569608 0.428974
1520530837.003654957 -139.052595 -11.340771 29.739537 -0.536127 -0.434849 0.589857 0.418979
1520530837.053571224 -139.842110 -11.927325 29.724549 -0.514458 -0.441913 0.608114 0.412606
1520530837.103573322 -140.808791 -12.186036 29.756418 -0.493380 -0.456604 0.624490 0.397618
1520530837.153575182 -141.351371 -12.895535 30.178736 -0.482945 -0.469178 0.631399 0.384670
1520530837.203576326 -142.261503 -13.271195 30.373571 -0.467586 -0.479936 0.643012 0.370891
1520530837.253578186 -143.039422 -13.798691 30.655806 -0.453051 -0.486459 0.655881 0.357663
1520530837.303579092 -143.661105 -14.434729 31.065945 -0.438115 -0.493515 0.666659 0.346503
1520530837.353581429 -144.040704 -15.234617 31.508475 -0.423007 -0.503362 0.674182 0.336407
1520530837.403583288 -144.889374 -15.472773 31.985862 -0.396393 -0.520129 0.687079 0.316641
1520530837.453924179 -145.061488 -16.304076 32.512007 -0.377740 -0.531846 0.698859 0.293338
1520530837.503925085 -146.009877 -16.616852 32.665557 -0.348115 -0.544334 0.714075 0.269469
1520530837.553927183 -146.882279 -17.026347 32.910448 -0.317872 -0.556592 0.725053 0.251915
1520530837.603929043 -146.817107 -17.918770 33.376085 -0.296700 -0.564354 0.730338 0.245113
1520530837.653929949 -147.602606 -18.497553 33.558182 -0.265037 -0.570498 0.741294 0.234032
1520530837.703931093 -147.946624 -19.259190 34.109592 -0.247615 -0.577811 0.744986 0.223198
1520530837.753932953 -148.501525 -20.038575 34.411293 -0.230473 -0.584790 0.748488 0.211350
1520530837.803935051 -148.735499 -20.975135 34.621334 -0.218434 -0.589679 0.750957 0.201566
1520530837.854232311 -148.703853 -21.885266 35.015516 -0.206737 -0.598652 0.749653 0.192081
1520530837.904138327 -149.006160 -22.688986 35.525533 -0.187863 -0.611713 0.746475 0.182454
1520530837.954139471 -149.390520 -23.600296 35.711362 -0.170052 -0.614515 0.749230 0.179186
1520530838.004141331 -149.348562 -24.519031 36.096212 -0.161391 -0.610938 0.754667 0.176593
1520530838.054142237 -149.418878 -25.314691 36.686502 -0.149116 -0.606590 0.763496 0.163973
1520530838.104144335 -149.303773 -26.220385 37.109415 -0.132607 -0.599260 0.775257 0.149260
1520530838.154145241 -149.415064 -27.139892 37.492439 -0.112224 -0.594711 0.784909 0.132822
1520530838.204147100 -149.394463 -28.094212 37.731632 -0.096550 -0.592172 0.790322 0.124102
1520530838.254149437 -149.339688 -29.049282 37.991696 -0.085748 -0.592342 0.793009 0.113644
1520530838.304105282 -149.064540 -29.994039 38.116406 -0.080420 -0.590041 0.795917 0.109092
1520530838.354107141 -149.006457 -30.935966 38.425071 -0.073510 -0.588430 0.798879 0.100695
1520530838.404108286 -148.705816 -31.820039 38.783231 -0.063468 -0.588223 0.801714 0.084968
1520530838.454110146 -148.556969 -32.701186 39.202900 -0.045427 -0.591574 0.802113 0.067765
1520530838.504111052 -148.089008 -33.540547 39.469603 -0.025110 -0.593650 0.802680 0.051510
1520530838.554113388 -147.727974 -34.455706 39.455073 -0.008214 -0.586794 0.808793 0.038201
1520530838.604115248 -147.580929 -35.396996 39.777007 0.014036 -0.587739 0.808568 0.024161
1520530838.654116154 -147.186970 -36.230312 40.157755 0.031854 -0.588629 0.807613 0.016199
1520530838.703937292 -147.000913 -37.136179 40.531909 0.051735 -0.586070 0.808564 0.008339
1520530838.753938437 -146.813219 -38.101992 40.684794 0.069364 -0.579037 0.812344 0.001312
1520530838.803940296 -146.432906 -38.974847 40.977173 0.082625 -0.576771 0.812694 -0.005978
1520530838.853942156 -145.854533 -39.750168 41.230405 0.090792 -0.577492 0.811298 -0.007364
1520530838.903944492 -145.694030 -40.683679 41.533651 0.104194 -0.577850 0.809385 -0.011390
1520530838.953945398 -145.497020 -41.538469 41.997815 0.120041 -0.583176 0.803241 -0.017301
1520530839.003947258 -145.623205 -42.430979 42.414230 0.138594 -0.588324 0.796293 -0.024182
1520530839.053948402 -145.077489 -43.088302 42.945165 0.141977 -0.594099 0.791468 -0.021590
1520530839.103765249 -144.692049 -43.789338 43.548355 0.142851 -0.593769 0.791567 -0.021320
1520530839.153767109 -144.730544 -44.756965 43.788669 0.153431 -0.578128 0.800663 -0.034142
1520530839.203769445 -144.652455 -45.731234 44.042229 0.169756 -0.561455 0.808505 -0.047650
1520530839.253770351 -143.967463 -46.393146 44.323010 0.181574 -0.553750 0.810974 -0.052081
1520530839.303771496 -143.270135 -47.089714 44.487493 0.193158 -0.549130 0.810919 -0.059642
1520530839.353773355 -142.870440 -47.975573 44.763891 0.212792 -0.548211 0.805406 -0.074191
1520530839.403775215 -142.225924 -48.688207 45.011975 0.227008 -0.547651 0.800698 -0.086189
1520530839.453829288 -141.498606 -49.334338 45.221344 0.238654 -0.543232 0.798421 -0.102308
1520530839.503781796 -140.597685 -49.764585 45.319335 0.246547 -0.540901 0.796445 -0.110978
1520530839.553782940 -139.730365 -50.259010 45.429052 0.262965 -0.541940 0.789205 -0.119606
1520530839.603785038 -139.651623 -51.170410 45.842031 0.293330 -0.540073 0.775813 -0.142804
1520530839.653786182 -139.295924 -52.054692 46.142954 0.322602 -0.532278 0.763762 -0.171102
1520530839.703788042 -138.861773 -52.908639 46.428121 0.351273 -0.523490 0.750288 -0.199081
1520530839.753789902 -138.352305 -53.725672 46.696324 0.379289 -0.513728 0.735415 -0.226689
1520530839.803791046 -137.771215 -54.499486 46.946482 0.406598 -0.503007 0.719173 -0.253875
1520530839.853792906 -137.122733 -55.224100 47.177649 0.433150 -0.491350 0.701589 -0.280587
1520530839.903963327 -136.411589 -55.893898 47.389019 0.458894 -0.478777 0.682699 -0.306776
1520530839.953965425 -135.642981 -56.503673 47.579936 0.483783 -0.465311 0.662536 -0.332394
1520530840.003966570 -134.822537 -57.048666 47.749894 0.507770 -0.450978 0.641138 -0.357393
1520530840.053968430 -133.956267 -57.524600 47.898543 0.530811 -0.435805 0.618546 -0.381725
1520530840.103969574 -133.065667 -57.097190 48.041663 0.541208 -0.431456 0.609089 -0.387234
1520530840.153971434 -132.135878 -56.722086 48.067211 0.547889 -0.422509 0.606318 -0.392023
1520530840.203973293 -131.225709 -57.129983 48.135360 0.567348 -0.395352 0.597945 -0.405307
1520530840.253974438 -130.458646 -56.497353 48.110125 0.573028 -0.386724 0.591625 -0.414805
1520530840.304033995 -129.721085 -55.838190 47.969067 0.579710 -0.378888 0.576477 -0.433653
1520530840.354035139 -129.074073 -55.091245 47.813499 0.588258 -0.368539 0.560722 -0.451356
1520530840.404038191 -128.403261 -54.360498 47.706652 0.597800 -0.354065 0.546447 -0.467620
1520530840.454039097 -127.775094 -53.584593 47.716505 0.609283 -0.338040 0.531440 -0.481741
1520530840.504041195 -127.184319 -52.786973 47.601064 0.618293 -0.322727 0.517255 -0.495993
1520530840.554042101 -126.610553 -51.985910 47.442692 0.626476 -0.305911 0.502475 -0.511337
1520530840.604043245 -126.226631 -51.060165 47.378629 0.638959 -0.289232 0.484579 -0.522742
1520530840.654045105 -125.889578 -50.113358 47.369312 0.656039 -0.270981 0.460532 -0.533003
1520530840.704046011 -125.212383 -49.378773 47.274084 0.674531 -0.244433 0.429127 -0.548735
1520530840.753756762 -124.767825 -48.487154 47.179286 0.692618 -0.218214 0.401974 -0.557745
1520530840.803757906 -124.766946 -47.516792 46.965850 0.705560 -0.198856 0.381683 -0.562991
1520530840.853759766 -124.306251 -46.626996 46.956610 0.719423 -0.177255 0.350159 -0.573062
1520530840.903761864 -124.308615 -45.637052 46.840418 0.727671 -0.163548 0.320458 -0.583999
1520530840.953762770 -123.865092 -44.743149 46.786622 0.734686 -0.140129 0.293288 -0.595468
1520530841.003764629 -123.267110 -43.957210 46.570599 0.736705 -0.115872 0.267037 -0.610354
1520530841.053775787 -122.742436 -43.108470 46.535966 0.737579 -0.093473 0.239534 -0.624390
1520530841.103767872 -122.126778 -42.335445 46.652067 0.740924 -0.068947 0.204571 -0.635947
1520530841.153441191 -121.698232 -41.432912 46.636806 0.747233 -0.045865 0.168686 -0.641159
1520530841.203443289 -121.295358 -40.530670 46.576634 0.753806 -0.024434 0.131171 -0.643408
1520530841.253444433 -120.950715 -39.597861 46.535640 0.757156 -0.005895 0.096750 -0.646002
1520530841.303446293 -120.540136 -38.711194 46.336536 0.756881 0.015241 0.061810 -0.650445
1520530841.353448153 -120.666852 -38.556422 47.314819 0.769718 0.025103 0.015253 -0.637708
1520530841.403449297 -119.674596 -38.648614 47.375429 0.762864 0.064131 -0.044337 -0.641841
1520530841.453451157 -120.486358 -38.074831 47.277480 0.759552 0.076229 -0.070406 -0.642116
1520530841.503452301 -120.881539 -37.167761 47.132043 0.757888 0.094422 -0.102124 -0.637386
1520530841.553540707 -121.244814 -36.281579 46.834423 0.754892 0.112792 -0.134949 -0.631826
1520530841.603541613 -121.359082 -35.335560 46.558996 0.750010 0.133468 -0.163037 -0.626969
1520530841.653543711 -122.239841 -35.044839 46.241278 0.743664 0.143247 -0.179228 -0.627950
1520530841.703545570 -123.167746 -34.733998 46.436978 0.740020 0.157252 -0.199620 -0.622731
1520530841.753546476 -124.115633 -34.589220 46.713547 0.737457 0.172528 -0.221718 -0.614192
1520530841.803548574 -125.101725 -34.420670 46.756269 0.733446 0.190275 -0.250069 -0.602759
1520530841.853549480 -126.062234 -34.262661 47.002003 0.731301 0.208587 -0.281638 -0.585124
1520530841.903551579 -127.064744 -34.249756 47.021424 0.727402 0.222226 -0.310111 -0.570380
1520530841.953866005 -128.066063 -34.283133 47.108606 0.722605 0.233297 -0.332141 -0.559550
1520530842.003867865 -129.016420 -34.002890 46.972808 0.713118 0.242079 -0.350796 -0.556599
1520530842.053869724 -130.000676 -33.941850 46.916208 0.703535 0.249221 -0.363712 -0.557352
1520530842.103870869 -130.998854 -33.851202 46.943692 0.695298 0.257242 -0.372738 -0.558080
1520530842.153872967 -131.985571 -33.794794 46.901486 0.688506 0.261050 -0.377213 -0.561714
1520530842.203874111 -132.976900 -33.695755 46.973241 0.683127 0.266614 -0.385701 -0.559901
1520530842.253875971 -133.856738 -33.292303 46.958765 0.678607 0.273229 -0.400742 -0.551584
1520530842.303877831 -134.792111 -33.039879 46.847596 0.677856 0.278944 -0.411098 -0.541940
1520530842.353804350 -135.769710 -32.839500 46.877902 0.679744 0.284334 -0.413675 -0.534766
1520530842.403806210 -136.730484 -32.717453 46.617203 0.678421 0.285590 -0.417063 -0.533142
1520530842.453807116 -137.625191 -32.455308 46.986610 0.674651 0.290136 -0.423556 -0.530346
1520530842.503809214 -138.595879 -32.386331 47.223351 0.667999 0.295514 -0.433122 -0.528067
1520530842.553810120 -139.381906 -32.856179 46.908500 0.661197 0.297122 -0.442932 -0.527587
1520530842.603811979 -140.337755 -32.600599 46.754845 0.656328 0.309288 -0.454337 -0.516868
1520530842.653813362 -141.316378 -32.790791 46.748784 0.652538 0.320786 -0.463201 -0.506690
1520530842.703815222 -142.290224 -32.953967 46.622185 0.646224 0.328344 -0.475453 -0.498527
1520530842.753816366 -143.141794 -32.895034 46.138597 0.635312 0.328932 -0.490926 -0.497166
1520530842.803919315 -144.112725 -32.914755 45.965241 0.624471 0.330195 -0.504972 -0.495995
1520530842.853920460 -145.119593 -32.881053 46.001863 0.614960 0.335910 -0.514874 -0.493856
1520530842.903922319 -146.114761 -32.903999 46.025951 0.605384 0.348607 -0.524891 -0.486284
1520530842.953924417 -147.101324 -33.062470 45.982745 0.595258 0.362926 -0.538826 -0.472885
1520530843.003925562 -148.023429 -33.401972 46.195662 0.586497 0.379240 -0.545826 -0.462896
1520530843.053927422 -148.898551 -33.880508 46.127563 0.577727 0.391509 -0.551394 -0.457075
1520530843.103928328 -149.832535 -34.227499 46.065762 0.568751 0.398488 -0.559808 -0.452045
1520530843.153930426 -150.785625 -34.524051 46.028312 -0.557791 -0.404329 0.568471 0.449698
1520530843.203974724 -151.741462 -34.448369 46.311063 -0.548831 -0.412619 0.576107 0.443431
1520530843.253976583 -152.679646 -34.657847 46.050205 -0.538054 -0.414763 0.584713 0.443374
1520530843.303977728 -153.540578 -34.984862 46.434653 -0.530781 -0.420549 0.589509 0.440328
1520530843.353979588 -154.422928 -35.452260 46.438790 -0.520869 -0.423141 0.601557 0.433332
1520530843.403981686 -155.293623 -35.905030 46.619417 -0.512290 -0.429130 0.612098 0.422779
1520530843.453982830 -156.090715 -36.359693 46.189550 -0.502543 -0.432245 0.621669 0.417304
1520530843.503984690 -156.685429 -37.121408 46.245803 -0.494964 -0.436058 0.623490 0.419671
1520530843.553985834 -157.420853 -37.739624 46.519329 -0.481384 -0.436779 0.634766 0.417811
1520530843.603940248 -158.338905 -38.110725 46.642844 -0.461379 -0.436403 0.653355 0.412078
1520530843.653942585 -159.234325 -38.498411 46.851486 -0.441118 -0.438249 0.674276 0.398378
1520530843.703944445 -159.991257 -39.119582 47.040194 -0.423152 -0.443832 0.690925 0.382855
1520530843.753945351 -160.568498 -39.924651 47.063552 -0.405048 -0.449235 0.703286 0.373514
1520530843.803946495 -161.300386 -40.584043 47.245249 -0.382678 -0.457566 0.717867 0.358968
1520530843.853949547 -161.905242 -41.360162 47.439194 -0.360051 -0.463314 0.732605 0.344954
1520530843.903950691 -162.288161 -42.228694 47.524026 -0.337597 -0.470667 0.743877 0.333388
1520530843.953951597 -162.892740 -42.910634 47.119705 -0.308980 -0.474263 0.760897 0.317241
1520530844.003965139 -163.328534 -43.779537 47.358759 -0.282748 -0.485192 0.774611 0.290894
1520530844.053963184 -163.281177 -44.412082 48.131206 -0.257226 -0.503652 0.781643 0.263067
1520530844.103965282 -163.795021 -45.249390 48.323904 -0.229191 -0.518686 0.789460 0.234923
1520530844.153966427 -164.092429 -46.119952 48.701033 -0.202552 -0.530871 0.795060 0.212198
1520530844.203968287 -164.144975 -47.070269 48.999968 -0.181271 -0.536556 0.799797 0.198930
1520530844.253969431 -163.745143 -47.894321 49.401408 -0.163217 -0.538421 0.804269 0.191345
1520530844.304044247 -164.046397 -48.788501 49.768430 -0.139222 -0.539676 0.810457 0.180352
1520530844.353972197 -163.665197 -49.582839 50.242782 -0.124789 -0.543340 0.811508 0.175112
1520530844.403861761 -163.549817 -50.443869 50.738433 -0.109116 -0.551545 0.809902 0.167188
1520530844.453862906 -163.794197 -51.344050 51.144217 -0.088280 -0.562134 0.808094 0.152300
1520530844.503864765 -163.640717 -52.206884 51.628427 -0.071035 -0.574450 0.803230 0.140653
1520530844.553865910 -163.353697 -53.044001 52.049287 -0.058217 -0.583455 0.798775 0.134718
1520530844.603868008 -163.264834 -53.962392 52.415459 -0.045514 -0.586149 0.799081 0.125809
1520530844.653869867 -162.688435 -54.593654 52.916350 -0.037709 -0.586084 0.800864 0.117045
1520530844.703871012 -162.378562 -55.378669 53.443361 -0.020012 -0.582106 0.806599 0.100750
1520530844.753872871 -162.435929 -56.262730 53.871823 0.006909 -0.581388 0.809777 0.078750
1520530844.804014921 -162.252769 -57.215765 54.104695 0.030817 -0.583277 0.809421 0.060629
1520530844.854016781 -161.490827 -57.807040 54.393439 0.045388 -0.591946 0.803163 0.049686
1520530844.904017925 -160.772260 -58.509174 54.398690 0.061393 -0.594696 0.800565 0.040777
1520530844.954019785 -159.916682 -58.806777 54.803129 0.074281 -0.600508 0.795405 0.034701
1520530845.004021645 -159.156322 -59.447186 54.933434 0.093062 -0.598243 0.795553 0.023240
1520530845.054023027 -158.428898 -60.128363 54.996667 0.118082 -0.598127 0.792640 0.004666
1520530845.104024887 -158.298701 -61.065706 55.318683 0.157617 -0.604631 0.780419 -0.022900
1520530845.154025793 -158.249689 -62.008546 55.656563 0.204257 -0.609105 0.764536 -0.052480
1520530845.204027891 -157.488848 -62.622351 55.849302 0.241882 -0.609045 0.751581 -0.075393
1520530845.254548788 -157.126406 -63.477447 56.181366 0.285318 -0.601518 0.738789 -0.104687
1520530845.304550648 -156.702378 -64.350408 56.389865 0.322571 -0.588770 0.728311 -0.137334
1520530845.354551792 -155.871861 -64.901860 56.372817 0.346457 -0.574670 0.724084 -0.159451
1520530845.404552698 -154.890265 -65.127264 56.313106 0.366653 -0.564662 0.718192 -0.175849
1520530845.454554558 -154.050767 -65.639894 56.452730 0.390277 -0.555511 0.708805 -0.191539
1520530845.504555702 -153.077843 -65.853988 56.542884 0.408279 -0.552101 0.699170 -0.199133
1520530845.554557800 -152.116321 -65.702971 56.349251 0.419305 -0.550577 0.691079 -0.208465
1520530845.604559898 -151.128564 -65.669320 56.211173 0.433580 -0.546766 0.681402 -0.220786
1520530845.654413939 -150.133060 -65.648678 56.175136 0.445973 -0.544225 0.672344 -0.229956
1520530845.704415083 -149.140523 -65.749658 56.260542 0.456089 -0.542399 0.664751 -0.236415
1520530845.754415989 -148.137740 -65.789329 56.278659 0.464083 -0.539077 0.660312 -0.240856
1520530845.804417849 -147.163447 -65.657467 56.148581 0.470400 -0.534493 0.655180 -0.252545
1520530845.854418993 -146.225053 -66.005453 56.204781 0.486839 -0.525136 0.642953 -0.271721
1520530845.904448748 -145.292835 -65.955677 55.870311 0.501306 -0.514982 0.633870 -0.285823
1520530845.954421759 -144.375581 -65.908089 55.518870 0.511932 -0.508043 0.623245 -0.302297
1520530846.004423857 -143.426919 -66.032257 55.275455 0.528682 -0.501884 0.609562 -0.311515
1520530846.054295778 -142.609184 -65.884046 54.782402 0.537359 -0.493995 0.604697 -0.318678
1520530846.104297638 -141.610885 -65.723921 54.838603 0.550751 -0.489591 0.589152 -0.331471
1520530846.154298782 -140.619842 -65.729128 54.731599 0.560643 -0.481169 0.576903 -0.348337
1520530846.204300880 -139.631013 -65.767473 54.580107 0.571840 -0.471385 0.561162 -0.368636
1520530846.254302740 -138.632465 -65.691538 54.628168 0.589252 -0.464864 0.540389 -0.380345
1520530846.304303885 -137.661047 -65.492520 54.625054 0.608114 -0.460338 0.515666 -0.390353
1520530846.354305744 -136.724533 -65.214000 54.397140 0.625331 -0.453729 0.494443 -0.398268
1520530846.404306889 -135.723148 -65.227731 54.357701 0.641985 -0.442013 0.477277 -0.405816
1520530846.454087734 -134.772993 -64.988609 54.202565 0.653044 -0.428575 0.468629 -0.412606
1520530846.504088879 -133.779650 -64.973108 54.131878 0.664841 -0.411462 0.459187 -0.421703
1520530846.554090738 -132.863538 -64.870954 53.777482 0.673950 -0.394805 0.451362 -0.431500
1520530846.604092598 -131.926275 -65.222713 53.809116 0.688600 -0.380492 0.433750 -0.439223
1520530846.654093742 -131.021207 -64.828472 53.641235 0.696271 -0.376477 0.420237 -0.443703
1520530846.704095840 -130.034285 -64.731591 53.765402 0.704088 -0.375682 0.400365 -0.450368
1520530846.754096985 -129.037470 -64.683068 53.699934 0.707948 -0.375492 0.388230 -0.455075
1520530846.804098845 -128.233880 -65.157005 53.343563 0.711186 -0.361262 0.381716 -0.466902
1520530846.853992462 -127.249570 -65.087273 53.247071 0.711139 -0.354165 0.383366 -0.471041
1520530846.903994560 -126.268889 -65.101328 53.127403 0.712309 -0.343412 0.384451 -0.476321
1520530846.953995466 -125.555626 -64.452605 52.853231 0.712278 -0.336547 0.385291 -0.480569
1520530847.003997803 -124.885920 -63.779600 52.566359 0.715024 -0.330423 0.382639 -0.482855
1520530847.053999662 -123.897432 -63.641708 52.496392 0.726527 -0.321882 0.364978 -0.485119
1520530847.104000568 -123.361350 -62.811744 52.310142 0.731411 -0.323978 0.352433 -0.485663
1520530847.154001713 -122.364923 -62.715265 52.359005 0.741915 -0.316095 0.329776 -0.490809
1520530847.204005718 -122.009281 -61.782563 52.407399 0.744140 -0.321139 0.316179 -0.493108
1520530847.254088402 -121.041981 -61.566612 52.288557 0.750376 -0.307115 0.295633 -0.505190
1520530847.304090738 -120.089067 -61.297975 52.161211 0.756009 -0.292844 0.274849 -0.516866
1520530847.354091406 -119.153406 -60.977360 52.026412 0.761035 -0.278337 0.253844 -0.528127
1520530847.404093504 -118.237808 -60.605639 51.885236 0.765448 -0.263607 0.232635 -0.538963
1520530847.454094648 -117.345020 -60.183850 51.738777 0.769247 -0.248665 0.211240 -0.549366
1520530847.504096508 -117.314428 -59.196236 51.538723 0.778253 -0.229962 0.198101 -0.549723
1520530847.554097414 -117.296816 -58.199342 51.556403 0.786958 -0.210816 0.189211 -0.548137
1520530847.604099512 -117.187430 -57.272086 51.194877 0.789781 -0.192213 0.180677 -0.553765
1520530847.654100418 -117.285146 -56.315854 50.918539 0.791592 -0.175669 0.174337 -0.558685
1520530847.704269648 -117.634633 -55.471509 50.509159 0.791599 -0.162436 0.167715 -0.564674
1520530847.754270792 -117.756731 -54.524575 50.213598 0.792049 -0.148739 0.158148 -0.570547
1520530847.804272652 -118.106306 -53.588367 50.157629 0.793183 -0.138090 0.142782 -0.575678
1520530847.854274511 -118.415427 -52.648483 50.044505 0.794662 -0.129567 0.125351 -0.579665
1520530847.904275656 -118.662271 -51.698470 49.917098 0.798231 -0.119637 0.111836 -0.579661
1520530847.954277515 -119.074951 -50.804745 49.723717 0.798575 -0.110755 0.101152 -0.582907
1520530848.004278898 -118.520988 -50.029375 49.411435 0.796407 -0.088261 0.073238 -0.593786
1520530848.054280758 -118.932219 -49.141505 49.263187 0.791677 -0.069594 0.054899 -0.604475
1520530848.104164600 -119.254000 -48.231153 49.005532 0.788204 -0.048517 0.032163 -0.612655
1520530848.154166460 -119.780937 -47.388485 48.979460 0.790501 -0.031607 0.008994 -0.611579
1520530848.204168558 -120.308165 -46.585783 48.654269 0.793015 -0.017252 -0.017252 -0.608713
1520530848.254169703 -120.850527 -45.740928 48.653247 0.795824 -0.002133 -0.040428 -0.604174
1520530848.304171562 -121.145415 -44.788379 48.594177 0.793112 0.015166 -0.065687 -0.605333
1520530848.354172468 -121.671204 -43.905611 48.462021 0.786987 0.031922 -0.091307 -0.609340
1520530848.404174566 -122.140009 -43.020766 48.478983 0.780636 0.049902 -0.114841 -0.612314
1520530848.454176426 -122.808829 -42.271132 48.591212 0.776988 0.068618 -0.140670 -0.609749
1520530848.503816128 -123.708416 -41.838266 48.583618 0.773030 0.085468 -0.168385 -0.605613
1520530848.553818226 -123.981934 -40.889028 48.560591 0.767321 0.113247 -0.204292 -0.597209
1520530848.603819370 -124.488341 -40.056601 48.502315 0.759835 0.139269 -0.232365 -0.590984
1520530848.653821230 -125.035071 -39.224111 48.533194 0.751291 0.161043 -0.258979 -0.585284
1520530848.703822136 -125.601078 -38.418971 48.370190 0.739390 0.181168 -0.282325 -0.583758
1520530848.753824234 -126.575138 -38.290674 48.494305 0.733020 0.193051 -0.283451 -0.587425
1520530848.803826094 -126.816555 -37.330569 48.457994 0.716905 0.215802 -0.304405 -0.588909
1520530848.853827238 -127.275450 -36.444596 48.464972 0.701108 0.234717 -0.322791 -0.590899
1520530848.903765440 -127.860318 -35.642653 48.348056 0.683733 0.248437 -0.351115 -0.589497
1520530848.953767776 -128.856255 -35.561003 48.481362 0.670912 0.255422 -0.382909 -0.581392
1520530849.003768682 -129.532485 -34.833361 48.502880 0.656022 0.273381 -0.413623 -0.569046
1520530849.053775549 -130.319973 -34.234823 48.643771 0.640006 0.291850 -0.432351 -0.564170
1520530849.103771687 -131.121360 -33.659135 48.771205 0.619781 0.308063 -0.451744 -0.562935
1520530849.153861523 -131.967498 -34.150496 48.971180 0.604474 0.310990 -0.469021 -0.563840
1520530849.203774452 -132.895981 -34.406928 48.809668 0.577065 0.310975 -0.498333 -0.567410
1520530849.253775597 -133.836709 -34.756775 48.936470 -0.555331 -0.318937 0.522381 0.563032
1520530849.304012299 -134.501185 -35.420141 49.237101 -0.542758 -0.325953 0.542034 0.552600
1520530849.354014397 -135.496861 -35.362621 49.217657 -0.525702 -0.341028 0.566135 0.535563
1520530849.404015303 -136.156838 -36.004053 49.605141 -0.521579 -0.353204 0.581037 0.515363
1520530849.454017162 -136.852624 -36.698155 49.788282 -0.517118 -0.362480 0.590972 0.501945
1520530849.504018545 -137.755599 -37.095557 49.935873 -0.505736 -0.371386 0.603668 0.491822
1520530849.554020405 -138.721440 -37.200430 49.714507 -0.478607 -0.379269 0.632939 0.475898
1520530849.604021311 -139.334255 -37.930403 50.003318 -0.460543 -0.394305 0.642672 0.468397
1520530849.654023409 -139.987461 -38.631474 50.249438 -0.443902 -0.419453 0.645914 0.458046
1520530849.704024315 -140.662600 -39.334405 50.484305 -0.432085 -0.444652 0.649912 0.439548
1520530849.754075050 -141.227676 -40.154588 50.405997 -0.422674 -0.459369 0.657510 0.421908
1520530849.804077148 -142.027888 -40.705640 50.623246 -0.412159 -0.468967 0.663741 0.411878
1520530849.854078293 -142.641750 -41.476284 50.753319 -0.401387 -0.472260 0.669241 0.409847
1520530849.904080153 -143.323833 -42.198306 50.889335 -0.389865 -0.475104 0.674870 0.408450
1520530849.954081059 -143.953116 -42.937285 51.059747 -0.381426 -0.477800 0.679368 0.405808
1520530850.004083157 -144.702616 -43.575963 51.058795 -0.371307 -0.481905 0.685200 0.400499
1520530850.054084063 -145.337121 -44.312205 51.259877 -0.362809 -0.486977 0.690224 0.393464
1520530850.104087114 -145.862807 -45.118059 51.531412 -0.357099 -0.494448 0.692969 0.384442
1520530850.154247284 -146.464243 -45.616025 52.160851 -0.352373 -0.503645 0.691016 0.380357
1520530850.204247952 -146.991391 -46.421776 52.416006 -0.349004 -0.505660 0.689776 0.383031
1520530850.254250050 -147.762855 -47.021446 52.203794 -0.338686 -0.504195 0.697955 0.379391
1520530850.304252148 -148.431171 -47.729690 52.441828 -0.326399 -0.505010 0.705452 0.375189
1520530850.354254007 -149.122099 -48.428396 52.647478 -0.312183 -0.507275 0.714169 0.367664
1520530850.404256105 -149.891618 -48.984458 52.401914 -0.296893 -0.508789 0.727883 0.350962
1520530850.454256058 -150.166789 -49.939914 52.299036 -0.288670 -0.511893 0.734615 0.339080
1520530850.504258156 -150.702471 -50.684434 52.699766 -0.277672 -0.519569 0.739714 0.325223
1520530850.554295063 -151.390889 -51.391710 52.869060 -0.262404 -0.521432 0.749568 0.312092
1520530850.604296923 -151.751281 -52.242340 53.251805 -0.246565 -0.522568 0.758291 0.301868
1520530850.654297829 -152.395308 -52.917692 53.592714 -0.225061 -0.529225 0.766023 0.287190
1520530850.704299927 -152.548114 -53.779604 54.073181 -0.203083 -0.541811 0.767179 0.276829
1520530850.754339933 -153.158250 -54.561746 54.203572 -0.175322 -0.556249 0.770982 0.255804
1520530850.804302931 -153.494575 -55.473926 54.436223 -0.150542 -0.570765 0.771850 0.236246
1520530850.854304075 -153.981912 -56.243198 54.862855 -0.128567 -0.581962 0.773316 0.216273
1520530850.904305935 -154.272311 -57.194218 54.931213 -0.108623 -0.583598 0.778525 0.203748
1520530850.954236984 -154.159954 -58.090227 55.362909 -0.092441 -0.582516 0.782524 0.199462
1520530851.004238844 -154.429810 -59.051342 55.412817 -0.076026 -0.577497 0.789583 0.193071
1520530851.054240942 -154.467355 -59.986684 55.777199 -0.062508 -0.576245 0.793417 0.185807
1520530851.104241848 -154.591260 -60.928444 55.445300 -0.048799 -0.571211 0.800096 0.176589
1520530851.154244184 -154.864615 -61.848498 55.730394 -0.030642 -0.576034 0.800899 0.160645
1520530851.204245090 -154.782603 -62.818966 55.963051 -0.016158 -0.584911 0.797579 0.146582
1520530851.254246950 -155.056850 -63.724034 56.291098 0.000180 -0.592285 0.794374 0.134788
1520530851.304248095 -154.960297 -64.641550 56.678233 0.012592 -0.593707 0.794241 0.128584
1520530851.354319811 -154.357541 -65.209722 57.197978 0.022789 -0.591311 0.797097 0.120282
1520530851.404321909 -153.963430 -66.093191 57.492078 0.042964 -0.582769 0.805097 0.101751
1520530851.454323053 -153.453838 -66.852029 57.869693 0.061482 -0.579835 0.808628 0.078303
1520530851.504324913 -152.723928 -67.486079 58.050499 0.077504 -0.583234 0.806303 0.060881
1520530851.554325819 -152.299964 -68.373053 58.227236 0.101742 -0.590413 0.799572 0.041782
1520530851.604327917 -151.939151 -69.294019 58.092912 0.124621 -0.592253 0.795640 0.025769
1520530851.654328823 -151.231989 -69.984608 58.149065 0.141228 -0.590511 0.794398 0.016806
1520530851.704330683 -150.445596 -70.582979 58.227518 0.156215 -0.585411 0.795537 0.003427
1520530851.754292250 -150.051636 -71.480948 58.412241 0.184046 -0.579708 0.793253 -0.028556
1520530851.804294109 -149.209060 -71.952074 58.239175 0.211531 -0.576593 0.787458 -0.052013
1520530851.854296207 -148.349096 -72.438821 58.396361 0.247480 -0.578564 0.773622 -0.074347
1520530851.904297113 -147.585322 -73.081101 58.354961 0.283680 -0.579206 0.758509 -0.093329
1520530851.954298019 -146.634442 -73.327780 58.527547 0.314916 -0.577681 0.745839 -0.104102
1520530852.004300356 -145.718811 -73.652616 58.726304 0.341552 -0.567560 0.739551 -0.119504
1520530852.054301262 -144.849744 -74.128440 58.756504 0.365457 -0.550419 0.736433 -0.145418
1520530852.104303360 -143.859121 -74.238833 58.894486 0.387609 -0.533556 0.733441 -0.164748
1520530852.154304266 -143.053754 -74.799862 59.092037 0.414553 -0.520412 0.724021 -0.181964
1520530852.204151154 -142.077897 -74.923107 59.092132 0.436297 -0.513724 0.713809 -0.190288
1520530852.254152298 -141.086880 -74.947693 59.137982 0.460437 -0.510332 0.698417 -0.199434
1520530852.304154158 -140.242212 -75.465409 59.351874 0.488398 -0.504358 0.678673 -0.215623
1520530852.354155064 -139.248521 -75.361953 59.429540 0.510773 -0.500029 0.662602 -0.223699
1520530852.404157162 -138.312446 -75.631182 59.486643 0.535300 -0.489677 0.646241 -0.236734
1520530852.454158068 -137.392034 -75.241480 59.589997 0.553639 -0.479280 0.635327 -0.245222
1520530852.504159927 -136.409327 -75.370482 59.724319 0.576393 -0.461752 0.619664 -0.265654
1520530852.554161072 -135.453136 -75.641256 59.695546 0.598703 -0.444639 0.598410 -0.292842
1520530852.604380131 -134.499483 -75.364774 59.583525 0.619162 -0.435666 0.573087 -0.313695
1520530852.654381990 -133.578404 -75.000386 59.466525 0.639193 -0.433010 0.543808 -0.328950
1520530852.704382896 -132.604041 -74.826954 59.378766 0.660915 -0.423293 0.517148 -0.341427
1520530852.754385233 -131.793499 -74.281148 59.152921 0.675674 -0.412815 0.498546 -0.352846
1520530852.804386139 -131.073364 -73.591566 59.112872 0.687499 -0.402941 0.479898 -0.366991
1520530852.854387999 -130.587338 -72.769636 58.822820 0.696796 -0.388399 0.462481 -0.386953
1520530852.904389143 -130.019545 -72.057105 58.433807 0.708466 -0.370416 0.442907 -0.405834
1520530852.954391003 -129.054103 -72.041105 58.147195 0.728385 -0.346891 0.407174 -0.428172
1520530853.004533291 -128.501535 -71.260747 57.846958 0.744940 -0.333754 0.369080 -0.444355
1520530853.054534435 -128.112551 -70.350106 57.723233 0.759619 -0.324758 0.331800 -0.455433
1520530853.104536295 -127.666621 -69.474256 57.567775 0.771271 -0.314284 0.304438 -0.462260
1520530853.154537201 -127.320681 -68.543604 57.446211 0.777759 -0.304899 0.277799 -0.474295
1520530853.204539299 -127.043966 -67.692361 57.007648 0.781160 -0.291575 0.259705 -0.487161
1520530853.254540205 -126.660071 -66.885045 56.521541 0.784952 -0.275635 0.242424 -0.499106
1520530853.304543257 -126.286677 -66.039023 56.159484 0.790430 -0.257881 0.233031 -0.504395
1520530853.354544401 -125.662853 -65.251165 56.067196 0.796773 -0.241554 0.218501 -0.508981
1520530853.404341936 -125.119199 -64.444624 55.819475 0.801435 -0.227661 0.196609 -0.516931
1520530853.454342842 -124.617680 -63.671412 55.436414 0.805689 -0.215791 0.173869 -0.523516
1520530853.504344940 -124.145538 -62.828623 55.171152 0.811156 -0.204873 0.158806 -0.524246
1520530853.554346085 -123.628902 -62.056103 54.833498 0.813626 -0.195104 0.151349 -0.526347
1520530853.604347944 -122.998925 -61.461473 54.327367 0.810867 -0.184610 0.136074 -0.538422
1520530853.654348850 -122.290827 -60.786517 54.130947 0.808022 -0.173685 0.112420 -0.551630
1520530853.704349995 -122.203973 -59.870176 53.710516 0.804179 -0.166731 0.090194 -0.563349
1520530853.754352808 -121.681583 -59.076265 53.396326 0.806071 -0.156317 0.063463 -0.567263
1520530853.804126263 -121.220227 -58.514221 52.717403 0.806087 -0.142298 0.042453 -0.572864
1520530853.854123116 -120.787553 -57.629583 52.624678 0.810101 -0.130377 0.024332 -0.571092
1520530853.904125214 -120.300741 -56.773281 52.473460 0.811722 -0.118503 0.009272 -0.571820
1520530853.954126120 -119.788490 -56.061650 51.984300 0.807303 -0.105089 -0.007518 -0.580657
1520530854.004222155 -120.330221 -55.235852 51.731365 0.802975 -0.097154 -0.022040 -0.587628
1520530854.054129124 -119.976081 -54.461941 51.233494 0.797456 -0.077507 -0.043689 -0.596782
1520530854.104130983 -120.364928 -53.567913 50.929437 0.795657 -0.057612 -0.059484 -0.600060
1520530854.154132128 -120.721849 -52.652798 50.750567 0.796825 -0.040562 -0.078909 -0.597660
1520530854.204134226 -121.256195 -51.867363 50.475670 0.800086 -0.028941 -0.096532 -0.591360
1520530854.254028320 -121.131188 -50.932674 50.147918 0.803957 -0.015007 -0.121965 -0.581853
1520530854.304029465 -121.320734 -49.955615 50.242784 0.809027 -0.005916 -0.140832 -0.570620
1520530854.354031324 -121.559336 -48.986373 50.257267 0.810371 0.003473 -0.153707 -0.565385
1520530854.404032230 -121.848298 -48.031494 50.141085 0.807098 0.014841 -0.158734 -0.568486
1520530854.454034328 -121.785788 -47.034607 50.211749 0.803751 0.029268 -0.162437 -0.571614
1520530854.504035234 -122.083285 -46.077051 50.100344 0.799670 0.040456 -0.168301 -0.574949
1520530854.554037333 -122.121674 -45.157915 49.731508 0.792407 0.056569 -0.185442 -0.578362
1520530854.604039431 -122.209343 -44.230439 49.385481 0.791650 0.071667 -0.205785 -0.570795
1520530854.654197931 -122.782194 -43.426744 49.548736 0.798370 0.080421 -0.212948 -0.557487
1520530854.704200029 -122.821172 -42.454193 49.312032 0.799939 0.093902 -0.228102 -0.547037
1520530854.754200935 -123.338401 -41.639645 49.592683 0.802595 0.101269 -0.241608 -0.535922
1520530854.804203033 -123.399069 -40.670075 49.376963 0.795784 0.117732 -0.267666 -0.530304
1520530854.854204893 -124.263521 -40.191057 49.492578 0.791283 0.122079 -0.282331 -0.528448
1520530854.904206038 -125.232264 -40.043782 49.677071 0.786915 0.126860 -0.294328 -0.527297
1520530854.954207897 -125.936872 -39.573637 50.224822 0.782926 0.139441 -0.306006 -0.523395
1520530855.004209995 -126.681157 -38.950468 50.307875 0.775112 0.153878 -0.318556 -0.523493
1520530855.054454327 -127.316606 -38.873182 51.070131 0.770271 0.168007 -0.322239 -0.524040
1520530855.104456425 -128.126156 -38.634911 51.631919 0.763186 0.180267 -0.332828 -0.523713
1520530855.154457331 -128.733544 -38.860321 50.880997 0.744842 0.180160 -0.359014 -0.532787
1520530855.204459429 -129.700259 -38.655020 51.031504 0.729587 0.195635 -0.381121 -0.533082
1520530855.254460335 -130.679110 -38.678970 50.932713 0.711507 0.211367 -0.405886 -0.533234
1520530855.304462433 -131.658653 -38.555416 51.113369 0.697736 0.227841 -0.428912 -0.526581
1520530855.354463577 -132.654605 -38.482378 51.168707 0.687534 0.242134 -0.449168 -0.516640
1520530855.404465437 -133.600448 -38.215762 51.345052 0.680167 0.258679 -0.463228 -0.505843
1520530855.454261780 -134.624410 -38.257347 51.156788 0.673951 0.271973 -0.472370 -0.498685
1520530855.504263639 -135.563515 -37.945811 51.271922 0.666889 0.283062 -0.482525 -0.492246
1520530855.554264545 -136.515942 -37.709340 51.121856 0.656259 0.288583 -0.494204 -0.491738
1520530855.604308844 -137.469100 -37.436182 51.135789 0.644927 0.293120 -0.506969 -0.491052
1520530855.654267550 -138.470922 -37.454362 51.254961 0.634616 0.297712 -0.518128 -0.490075
1520530855.704269648 -139.417730 -37.186096 51.428831 0.625666 0.304153 -0.529469 -0.485485
1520530855.754270792 -140.381514 -37.105036 51.680938 0.620117 0.314017 -0.537462 -0.477476
1520530855.804272652 -141.359103 -36.855638 51.676986 0.612053 0.329784 -0.543235 -0.470670
1520530855.853945971 -142.318997 -36.638688 51.671041 0.598162 0.344708 -0.554360 -0.464826
1520530855.903946638 -143.267161 -36.622240 51.954815 0.580605 0.361090 -0.567322 -0.458975
1520530855.953948736 -144.280615 -36.637562 52.063957 -0.559309 -0.377959 0.583740 0.451185
1520530856.003949881 -145.194666 -36.279346 52.230687 -0.538884 -0.394612 0.603207 0.435920
1520530856.053951740 -146.169463 -36.022520 52.344566 -0.521605 -0.408823 0.619515 0.420706
1520530856.103952885 -147.155504 -35.958896 52.502961 -0.504528 -0.419363 0.636122 0.406123
1520530856.153954744 -148.105627 -36.168714 52.752830 -0.486014 -0.427357 0.652986 0.393402
1520530856.203956842 -148.949679 -35.988657 53.239570 -0.466564 -0.436738 0.668274 0.380773
1520530856.253995657 -149.897188 -35.906233 53.500133 -0.439402 -0.446780 0.688155 0.365727
1520530856.303997993 -150.785381 -36.125759 53.902619 -0.408336 -0.463686 0.705899 0.346358
1520530856.353999853 -151.778350 -36.087078 54.043979 -0.370563 -0.484710 0.722455 0.325265
1520530856.404000759 -151.568612 -36.992886 54.405795 -0.353233 -0.496498 0.728774 0.312418
1520530856.454001904 -151.809837 -37.833533 54.885418 -0.327996 -0.512719 0.735874 0.296694
1520530856.504003763 -152.257678 -38.659625 55.216445 -0.302234 -0.523061 0.744894 0.283186
1520530856.554005861 -152.927710 -39.319100 55.483071 -0.270582 -0.529549 0.758109 0.267644
1520530856.604007006 -152.860232 -40.228863 55.924852 -0.251420 -0.532962 0.766505 0.255363
1520530856.654008865 -152.763799 -40.862724 56.711105 -0.234799 -0.541529 0.770139 0.241872
1520530856.704353094 -153.602574 -40.894487 57.204008 -0.202739 -0.555486 0.774481 0.224749
1520530856.754354954 -153.593901 -41.868479 57.402179 -0.188700 -0.558821 0.777323 0.218814
1520530856.804356813 -153.527819 -42.772621 57.813774 -0.174484 -0.567038 0.777213 0.209673
1520530856.854357958 -153.972092 -43.609435 58.113215 -0.155591 -0.575372 0.777759 0.199570
1520530856.904358864 -153.749924 -44.382377 58.708550 -0.141623 -0.584980 0.774886 0.193114
1520530856.954360723 -153.629653 -45.275179 59.140615 -0.128807 -0.591858 0.774381 0.182884
1520530857.004363060 -153.515983 -46.195287 59.519568 -0.114177 -0.597475 0.775312 0.169937
1520530857.054363966 -153.405491 -47.142307 59.807458 -0.098314 -0.601264 0.777442 0.156205
1520530857.104498625 -153.630566 -48.058919 60.129398 -0.080768 -0.608033 0.777754 0.137374
1520530857.154500723 -153.674463 -49.047448 60.281147 -0.064777 -0.612040 0.777986 0.126293
1520530857.204501867 -153.519854 -49.910622 60.730136 -0.051442 -0.618408 0.775571 0.115821
1520530857.254502773 -153.510062 -50.864731 61.023934 -0.039950 -0.616249 0.779427 0.105522
1520530857.304504633 -153.324384 -51.818944 61.230671 -0.031306 -0.612619 0.784004 0.095157
1520530857.354506731 -153.101661 -52.715036 61.604323 -0.018842 -0.610995 0.787150 0.082001
1520530857.404507637 -153.159453 -53.577271 62.083021 0.002131 -0.614397 0.785830 0.070588
1520530857.454509497 -153.246739 -54.536820 62.308613 0.029959 -0.621557 0.780596 0.058644
1520530857.504649162 -152.832896 -55.360418 62.670783 0.053453 -0.631205 0.772453 0.045162
1520530857.554651022 -152.223508 -56.111801 62.736216 0.070929 -0.635350 0.768125 0.035818
1520530857.604651928 -152.120437 -57.057044 62.557168 0.087360 -0.630634 0.770770 0.024147
1520530857.654654264 -152.023920 -58.035515 62.443087 0.102367 -0.622270 0.775940 0.014765
1520530857.704655170 -151.507216 -58.871172 62.601910 0.113730 -0.613728 0.781236 0.008558
1520530857.754657030 -150.972729 -59.702207 62.670809 0.123007 -0.604000 0.787433 0.001654
1520530857.804659128 -150.364490 -60.475773 62.798274 0.128480 -0.597712 0.791337 -0.004419
1520530857.854660034 -149.837899 -61.328537 62.787485 0.133960 -0.593878 0.793228 -0.012383
1520530857.904691935 -149.509597 -62.215230 63.123997 0.143514 -0.596126 0.789618 -0.023250
1520530857.954693794 -149.187157 -63.081334 63.486264 0.151825 -0.602812 0.782702 -0.030745
1520530858.004694939 -148.644094 -63.895418 63.687810 0.154362 -0.604942 0.780565 -0.030597
1520530858.054695845 -148.207105 -64.787017 63.768588 0.156771 -0.601159 0.782711 -0.037329
1520530858.104697943 -147.693532 -65.619359 63.958441 0.163909 -0.592510 0.787249 -0.048005
1520530858.154700041 -147.184600 -66.461517 64.130274 0.175259 -0.583206 0.790920 -0.060009
1520530858.204701900 -146.669145 -67.312252 64.211942 0.189026 -0.574028 0.793395 -0.072708
1520530858.254702806 -145.991410 -68.006242 63.986590 0.201322 -0.566093 0.795383 -0.079837
1520530858.304575920 -145.355023 -68.754105 64.173046 0.218435 -0.564427 0.791024 -0.089382
1520530858.354578018 -144.672109 -69.479089 64.271842 0.236952 -0.562272 0.785460 -0.103713
1520530858.404578924 -143.960064 -70.170345 64.311519 0.251943 -0.558219 0.781719 -0.117607
1520530858.454581022 -143.382488 -70.943119 64.561269 0.271533 -0.555093 0.773495 -0.140878
1520530858.504582882 -142.772519 -71.698644 64.323949 0.294791 -0.545982 0.766105 -0.167585
1520530858.554583788 -142.000980 -72.320213 64.300165 0.323174 -0.538403 0.755896 -0.185210
1520530858.604585886 -141.164384 -72.349733 64.829623 0.346904 -0.539797 0.741900 -0.194579
1520530858.654592037 -140.280980 -72.500319 65.238900 0.367453 -0.542613 0.728191 -0.200718
1520530858.704606771 -139.334825 -72.832210 65.278476 0.386379 -0.538896 0.719880 -0.205122
1520530858.754607916 -138.532703 -73.424847 65.328693 0.404391 -0.531719 0.713057 -0.212821
1520530858.804609776 -137.610946 -73.790204 65.334137 0.418697 -0.522826 0.709870 -0.217784
1520530858.854706764 -136.972925 -74.547478 65.318081 0.433901 -0.512012 0.705603 -0.227371
1520530858.904612780 -136.104226 -74.892853 65.069260 0.445472 -0.501224 0.707903 -0.221820
1520530858.954613686 -135.173170 -75.248028 65.225117 0.461520 -0.491945 0.703175 -0.224798
1520530859.004615784 -134.189713 -75.085205 65.261625 0.477554 -0.489315 0.694282 -0.224689
1520530859.054617882 -133.234230 -75.114668 65.024797 0.493087 -0.489252 0.684155 -0.222329
1520530859.104618788 -132.293183 -75.165060 65.378649 0.507403 -0.490698 0.673447 -0.219607
1520530859.154594898 -131.531901 -75.811232 65.387316 0.519207 -0.483757 0.665729 -0.230667
1520530859.204596043 -130.536675 -75.924333 65.437344 0.531844 -0.472606 0.659066 -0.243758
1520530859.254597902 -129.582382 -75.710501 65.305389 0.543847 -0.461281 0.651709 -0.258313
1520530859.304598808 -128.585034 -75.654135 65.186883 0.560277 -0.449435 0.637181 -0.279462
1520530859.354600906 -127.587406 -75.685974 65.206459 0.578980 -0.438786 0.621826 -0.292542
1520530859.404602766 -126.662008 -75.338149 65.124017 0.595248 -0.430490 0.609162 -0.298797
1520530859.454603672 -125.749445 -74.956767 65.007906 0.612469 -0.422297 0.595109 -0.303960
1520530859.504606009 -124.908921 -74.452479 64.835602 0.627625 -0.415716 0.579657 -0.311874
1520530859.554533005 -124.055864 -73.964290 64.633891 0.644011 -0.406954 0.561139 -0.323668
1520530859.604535103 -123.256183 -73.407817 64.518147 0.664163 -0.396833 0.537259 -0.335804
1520530859.654536009 -122.418096 -72.911320 64.316966 0.687012 -0.382458 0.509883 -0.348940
1520530859.704538107 -121.558381 -72.433338 64.116469 0.709535 -0.361685 0.483802 -0.362876
1520530859.754539013 -120.658370 -72.153677 63.763712 0.729055 -0.338501 0.456097 -0.381930
1520530859.804542065 -119.991741 -71.442321 63.540005 0.745900 -0.318262 0.431984 -0.394630
1520530859.854543209 -119.962793 -70.476782 63.321132 0.758391 -0.304504 0.415610 -0.399234
1520530859.904544115 -119.077264 -70.074401 63.101035 0.774991 -0.283173 0.391259 -0.407576
1520530859.954867601 -118.655707 -69.349253 62.588306 0.785306 -0.266202 0.377826 -0.411921
1520530860.004869699 -118.172563 -68.554870 62.245232 0.793145 -0.255046 0.365893 -0.414722
1520530860.054871559 -117.733628 -67.697662 62.004251 0.798886 -0.245821 0.354863 -0.418838
1520530860.104873657 -117.427220 -66.772850 61.783267 0.804920 -0.239603 0.339541 -0.423563
1520530860.154873610 -116.538153 -66.311937 61.680053 0.817867 -0.225846 0.317896 -0.423118
1520530860.204875469 -116.352692 -65.345183 61.505346 0.826146 -0.215989 0.311770 -0.416690
1520530860.254876614 -116.053802 -64.459385 61.181952 0.829361 -0.202773 0.305567 -0.421513
1520530860.304878473 -115.608976 -63.615684 60.891254 0.831714 -0.187351 0.289278 -0.435282
1520530860.355013609 -115.592753 -62.682408 60.538768 0.834106 -0.174056 0.268212 -0.449483
1520530860.405015469 -114.990836 -62.249766 59.900623 0.836544 -0.151273 0.239226 -0.469129
1520530860.455060720 -114.896029 -61.334804 59.497546 0.844659 -0.136110 0.217542 -0.469788
1520530860.505018711 -114.865416 -60.513255 58.946313 0.851617 -0.119501 0.200241 -0.469437
1520530860.555019617 -115.000356 -59.568652 58.658684 0.858386 -0.107753 0.178580 -0.468691
1520530860.605021715 -115.354954 -58.686741 58.357504 0.861651 -0.097936 0.157857 -0.472279
1520530860.655023575 -115.604256 -57.872782 57.821686 0.863457 -0.084245 0.134695 -0.478750
1520530860.705024719 -115.661877 -56.926453 57.520159 0.869102 -0.067475 0.104366 -0.478765
1520530860.754849911 -115.900314 -56.026770 57.161125 0.874836 -0.047304 0.076680 -0.475967
1520530860.804851055 -116.307572 -55.207640 56.747854 0.878892 -0.025675 0.049962 -0.473702
1520530860.854852915 -116.849347 -54.421349 56.510904 0.880869 -0.009897 0.025280 -0.472580
1520530860.904853821 -116.941248 -53.451416 56.305002 0.880060 0.009452 0.001749 -0.474765
1520530860.954855919 -117.609517 -52.752951 56.154320 0.876846 0.020224 -0.011705 -0.480203
1520530861.004857779 -117.685608 -51.810848 55.814565 0.872722 0.036319 -0.032626 -0.485770
1520530861.054858685 -117.852731 -50.855119 55.553708 0.872256 0.050960 -0.052472 -0.483549
1520530861.104861021 -117.940521 -50.269858 54.744511 0.867093 0.066390 -0.067211 -0.489105
1520530861.154861927 -117.972424 -49.322533 54.411508 0.866071 0.079170 -0.087329 -0.485826
1520530861.204705715 -118.070391 -48.383423 54.081778 0.863938 0.092695 -0.101196 -0.484540
1520530861.254708052 -118.102533 -47.432045 53.750549 0.863045 0.105322 -0.119983 -0.479233
1520530861.304708958 -118.204501 -46.470238 53.556924 0.861195 0.119759 -0.139624 -0.473821
1520530861.354710102 -118.394177 -45.501816 53.424809 0.856561 0.132697 -0.152654 -0.474755
1520530861.404711962 -118.628031 -44.554782 53.168122 0.848704 0.143063 -0.165500 -0.481502
1520530861.454713821 -118.831452 -43.609174 52.899905 0.841434 0.154979 -0.184299 -0.483740
1520530861.504714966 -119.007409 -42.636386 52.761778 0.836223 0.169169 -0.209921 -0.477541
1520530861.554716825 -119.172213 -41.708213 52.432886 0.831387 0.183798 -0.233684 -0.469474
1520530861.604568005 -120.137644 -41.519108 52.261219 0.831155 0.191759 -0.241225 -0.462840
1520530861.654568911 -120.315639 -40.627399 51.835670 0.824542 0.205678 -0.260377 -0.458291
1520530861.704571247 -121.126840 -40.080587 51.588717 0.817533 0.217066 -0.273151 -0.458161
1520530861.754571915 -121.982930 -39.600421 51.365329 0.809620 0.227900 -0.284607 -0.459974
1520530861.804574013 -122.150100 -38.710992 50.945002 0.797473 0.246751 -0.307049 -0.457025
1520530861.854575157 -122.624848 -38.081590 50.325638 0.785009 0.266185 -0.331258 -0.450749
1520530861.904577017 -123.385902 -37.440859 50.370821 0.775272 0.290841 -0.352654 -0.435890
1520530861.954577923 -124.364018 -37.384469 50.173228 0.762301 0.307097 -0.374644 -0.429221
1520530862.004641056 -125.069799 -36.845931 49.727974 0.743915 0.324742 -0.399651 -0.425925
1520530862.054642200 -126.032924 -36.626244 49.698864 0.730086 0.338747 -0.416343 -0.422945
1520530862.104644060 -126.981941 -36.344618 49.613831 0.716100 0.352780 -0.432535 -0.419118
1520530862.154645205 -127.935555 -36.585375 49.668188 0.706366 0.363397 -0.444440 -0.414080
1520530862.204647064 -128.838480 -36.839960 49.981648 0.701184 0.375024 -0.449295 -0.407225
1520530862.254649162 -129.799935 -37.063545 50.157907 0.696723 0.384253 -0.454729 -0.400185
1520530862.304650307 -130.752288 -37.266732 50.350725 0.692294 0.388284 -0.462787 -0.394706
1520530862.354652166 -131.363355 -37.277876 51.128066 0.691345 0.394396 -0.467129 -0.385078
1520530862.404806614 -131.952662 -36.614647 50.839005 0.675366 0.409688 -0.483296 -0.377441
1520530862.454808474 -132.799497 -36.990187 51.187779 0.675609 0.415975 -0.482247 -0.371424
1520530862.504809618 -133.703131 -37.352952 51.437201 0.673835 0.419739 -0.481795 -0.370997
1520530862.554811716 -134.641723 -37.587104 51.667048 0.668321 0.421503 -0.486956 -0.372231
1520530862.604813576 -135.479411 -37.921654 52.067803 0.658967 0.424295 -0.492390 -0.378535
1520530862.654814720 -136.293704 -38.379199 52.387999 0.648954 0.420026 -0.502300 -0.387468
1520530862.704816580 -137.062487 -38.219415 51.759985 0.621871 0.408995 -0.531583 -0.404251
1520530862.754817486 -138.050288 -38.117917 51.854706 0.599318 0.400865 -0.550470 -0.420841
1520530862.804625988 -138.983888 -38.436059 52.044259 0.578180 0.389977 -0.568874 -0.435899
1520530862.854626894 -139.726096 -38.809622 52.551657 -0.560274 -0.381497 0.583537 0.447256
1520530862.904628754 -140.202382 -38.582757 53.382089 -0.540620 -0.379383 0.597732 0.454440
1520530862.954629898 -140.894189 -38.717634 54.099216 -0.511727 -0.369138 0.616465 0.471003
1520530863.004631758 -141.702435 -38.782256 54.676287 -0.477103 -0.354624 0.640756 0.485846
1520530863.054633617 -142.031695 -38.737920 55.622359 -0.445845 -0.353173 0.660986 0.489478
1520530863.104634762 -142.959398 -38.367273 55.626611 -0.403520 -0.351958 0.688714 0.488845
1520530863.154636860 -143.036802 -39.215485 56.073763 -0.387592 -0.345766 0.702444 0.486612
1520530863.204078913 -143.840522 -39.413348 56.634991 -0.355448 -0.352614 0.721466 0.478337
1520530863.254079819 -144.634211 -39.908521 57.046325 -0.323387 -0.362251 0.741253 0.463400
1520530863.304081678 -144.900646 -39.771900 58.000906 -0.300891 -0.374918 0.758654 0.439711
1520530863.354083776 -144.748981 -40.732658 58.135943 -0.283936 -0.385884 0.770680 0.420151
1520530863.404084682 -144.503180 -41.692132 58.253935 -0.276896 -0.401271 0.775981 0.400204
1520530863.454085588 -144.451862 -42.582095 57.776900 -0.268106 -0.419608 0.779256 0.380536
1520530863.504087925 -143.625797 -43.074200 57.833741 -0.260314 -0.452656 0.774614 0.356808
1520530863.554088593 -142.731795 -42.738645 57.528104 -0.251810 -0.487946 0.768703 0.328017
1520530863.604090691 -141.743768 -42.622381 57.520857 -0.246737 -0.524709 0.758723 0.296885
1520530863.653908968 -140.956407 -43.215550 57.662952 -0.252087 -0.557444 0.745490 0.264486
1520530863.704003811 -140.149815 -43.774307 57.833772 -0.256851 -0.588883 0.730524 0.231472
1520530863.753911734 -139.327818 -44.299089 58.036019 -0.261019 -0.618953 0.713859 0.197921
1520530863.803914070 -138.494384 -44.790648 58.272100 -0.264579 -0.647583 0.695534 0.163909
1520530863.853915930 -137.653586 -45.250049 58.544109 -0.267524 -0.674709 0.675592 0.129516
1520530863.903916836 -136.809568 -45.678653 58.853806 0.269847 0.700265 -0.654080 -0.094822
1520530863.953918934 -135.966504 -46.078106 59.202600 0.271543 0.724193 -0.631047 -0.059907
1520530864.003919840 -135.128556 -46.450328 59.591538 0.272607 0.746438 -0.606546 -0.024853
1520530864.054670811 -134.299841 -46.797490 60.021293 0.273037 0.766947 -0.580636 0.010259
1520530864.104672909 -134.820274 -47.504665 59.539110 0.239562 0.768488 -0.590705 0.055713
1520530864.154673815 -134.335637 -48.225088 60.033051 0.214887 0.764873 -0.601472 0.083810
1520530864.204676151 -133.922091 -48.660361 60.788896 0.201262 0.760255 -0.608015 0.108741
1520530864.254677057 -134.218131 -49.437370 60.219814 0.171488 0.731559 -0.644037 0.143633
1520530864.304678917 -134.122967 -50.075518 60.989677 0.158074 0.714097 -0.661170 0.167131
1520530864.354680061 -133.509390 -50.558441 61.605647 0.149168 0.693118 -0.682937 0.175882
1520530864.404681921 -133.409137 -51.511108 61.807055 -0.141528 -0.667321 0.702027 -0.204476
1520530864.455241680 -133.241559 -52.004258 62.655838 -0.139801 -0.642746 0.718165 -0.227095
1520530864.505243540 -133.270020 -52.599267 63.455587 -0.137868 -0.612878 0.737449 -0.248076
1520530864.555244446 -133.237614 -53.582121 63.536067 -0.133075 -0.571273 0.765101 -0.265627
1520530864.605246782 -132.971921 -54.540749 63.621614 -0.138011 -0.530270 0.791720 -0.270086
1520530864.655248642 -132.903769 -55.028136 64.522615 -0.146677 -0.495350 0.813703 -0.266462
1520530864.705250502 -132.727132 -56.011668 64.596667 -0.157412 -0.459563 0.834661 -0.259548
1520530864.755251646 -132.155955 -56.432891 65.328523 -0.172436 -0.433179 0.851520 -0.239865
1520530864.805252552 -131.745104 -57.181385 65.844114 -0.191322 -0.411390 0.863414 -0.220614
1520530864.854247332 -132.187066 -57.371595 66.674068 -0.205929 -0.403934 0.868658 -0.199660
1520530864.904249668 -132.632870 -57.792470 67.461440 -0.231204 -0.393396 0.870949 -0.182295
1520530864.954250574 -133.258167 -58.355793 68.002082 -0.257861 -0.389995 0.868180 -0.166356
1520530865.004252434 -132.644507 -58.898729 68.510248 -0.298506 -0.391749 0.856647 -0.153571
1520530865.054254532 -133.368583 -59.362933 67.990504 -0.327042 -0.396552 0.847206 -0.134282
1520530865.104255438 -134.103230 -58.721325 68.099660 -0.360267 -0.416322 0.826650 -0.116330
1520530865.154261589 -135.050830 -58.475538 67.901376 -0.385026 -0.432860 0.809200 -0.097887
1520530865.204258442 -135.513266 -58.619673 67.044149 -0.408302 -0.444189 0.794219 -0.072127
1520530865.253918886 -135.959764 -58.692719 66.169641 -0.430941 -0.454827 0.778000 -0.046255
1520530865.303959131 -136.386382 -58.694735 65.282256 -0.452909 -0.464755 0.760568 -0.020311
1520530865.353922844 -136.789303 -58.626222 64.386476 -0.474171 -0.473960 0.741952 0.005665
1520530865.403923988 -137.164856 -58.488120 63.486839 -0.494694 -0.482426 0.722179 0.031632
1520530865.453925848 -137.509543 -58.281805 62.587904 -0.514446 -0.490140 0.701282 0.057550
1520530865.503926992 -137.820056 -58.009076 61.694226 -0.533397 -0.497091 0.679291 0.083378
1520530865.553928852 -138.093302 -57.672145 60.810329 -0.551517 -0.503267 0.656242 0.109076
1520530865.603929758 -138.326419 -57.273626 59.940674 -0.568777 -0.508659 0.632171 0.134605
1520530865.653932095 -138.516794 -56.816515 59.089635 -0.585152 -0.513258 0.607115 0.159923
1520530865.704600573 -138.662082 -56.304174 58.261470 0.600614 0.517058 -0.581112 -0.184992
1520530865.754602671 -139.626654 -56.165716 57.948932 0.631597 0.520614 -0.540956 -0.193423
1520530865.804604769 -140.630937 -55.975630 57.853141 0.662558 0.521006 -0.498377 -0.202954
1520530865.854605675 -141.526801 -55.593764 57.935225 0.691573 0.517741 -0.453755 -0.218579
1520530865.904607773 -141.676186 -54.704632 57.536886 0.711342 0.511286 -0.424030 -0.229732
1520530865.954608679 -141.133728 -55.514376 57.785774 0.740421 0.492264 -0.386065 -0.245777
1520530866.004610538 -142.148011 -55.401383 57.642730 0.761654 0.476592 -0.344904 -0.271635
1520530866.054612637 -142.572296 -55.057213 58.482660 0.780494 0.464056 -0.305525 -0.286593
1520530866.105678082 -143.562119 -54.914362 58.437690 0.792598 0.442632 -0.280217 -0.312001
1520530866.155680180 -143.913070 -54.511301 57.648511 0.780842 0.423570 -0.282507 -0.362028
1520530866.205681086 -144.464843 -54.341799 56.800014 0.772116 0.400449 -0.271650 -0.411928
1520530866.255683422 -144.862015 -54.540620 55.908837 0.751322 0.372793 -0.271707 -0.471928
1520530866.305685282 -145.043361 -54.210126 56.819095 0.724752 0.356827 -0.275999 -0.520801
1520530866.355687141 -145.139965 -54.103546 57.772800 0.693074 0.357106 -0.273168 -0.563475
1520530866.405688286 -145.282287 -54.509436 58.665704 0.669650 0.353430 -0.255016 -0.601351
1520530866.455689192 -145.707482 -54.747482 59.533455 -0.627758 -0.350211 0.271116 0.640132
1520530866.504818439 -145.994993 -55.210815 60.352459 -0.595064 -0.343442 0.295243 0.663911
1520530866.554819345 -146.133897 -55.332554 61.324250 -0.552998 -0.340964 0.341956 0.678972
1520530866.604821205 -146.506542 -54.589709 60.826171 -0.497715 -0.330542 0.408210 0.690208
1520530866.654822350 -146.139457 -54.976495 59.980912 -0.437109 -0.315580 0.473071 0.696813
1520530866.704824209 -145.794803 -55.349039 59.118542 -0.373939 -0.287983 0.538252 0.698226
1520530866.754826307 -145.844821 -55.641787 58.163769 -0.256998 -0.217986 0.595008 0.729657
1520530866.804827452 -145.766641 -56.607189 58.420296 -0.228525 -0.224162 0.637799 0.700528
1520530866.854828358 -145.581184 -57.571817 58.580706 -0.215012 -0.236344 0.674064 0.665995
1520530866.903951168 -145.293982 -58.511631 58.738499 -0.200888 -0.247855 0.708416 0.629570
1520530866.953953266 -144.762922 -58.345781 57.906803 -0.178538 -0.296872 0.743391 0.572155
1520530867.003954172 -144.589208 -58.678374 56.978654 -0.171949 -0.348315 0.758042 0.523910
1520530867.053956032 -144.315456 -58.932027 56.049689 -0.164460 -0.397936 0.768728 0.472925
1520530867.103957176 -143.951375 -59.096466 55.131724 -0.156110 -0.445475 0.775391 0.419465
1520530867.153959274 -143.508560 -59.163280 54.236343 -0.146944 -0.490683 0.777997 0.363810
1520530867.203960419 -143.000255 -59.126100 53.374660 -0.137009 -0.533324 0.776533 0.306252
1520530867.253962278 -142.441068 -58.980728 52.557082 -0.126357 -0.573174 0.771006 0.247092
1520530867.304045200 -141.846675 -58.725230 51.793098 -0.115044 -0.610026 0.761445 0.186639
1520530867.354047298 -141.233485 -58.359972 51.091073 -0.103129 -0.643686 0.747901 0.125209
1520530867.404049158 -140.618300 -57.887615 50.458079 -0.090674 -0.673978 0.730443 0.063125
1520530867.454050303 -140.017965 -57.313057 49.899745 -0.077745 -0.700744 0.709163 0.000710
1520530867.504052162 -139.449014 -56.643334 49.420139 0.064410 0.723844 -0.684174 0.061709
1520530867.554054260 -140.112699 -57.370374 49.427784 0.023461 0.715221 -0.691139 0.101174
1520530867.604055405 -140.598256 -58.116959 48.938842 0.000956 -0.694774 0.707812 -0.127636
1520530867.654056311 -140.217046 -59.021105 48.789489 0.014866 -0.664985 0.731065 -0.152046
1520530867.705262184 -139.682002 -59.852464 48.742356 0.021935 -0.615878 0.768311 -0.172948
1520530867.755264282 -140.115310 -60.639684 48.274774 0.021953 -0.548479 0.815087 -0.185261
1520530867.805265188 -140.296282 -60.122015 49.128280 0.009462 -0.473842 0.859730 -0.190390
1520530867.855267048 -140.482072 -61.023109 49.516635 -0.007604 -0.394397 0.899319 -0.188726
1520530867.905269146 -140.991462 -60.554036 50.217872 -0.035024 -0.330649 0.926980 -0.173645
1520530867.955270052 -141.551174 -59.746068 50.228250 -0.070737 -0.276725 0.947164 -0.145944
1520530868.005272150 -140.903616 -59.522488 49.505524 -0.119130 -0.232639 0.959217 -0.107659
1520530868.055273294 -141.585584 -58.976848 49.949091 -0.154295 -0.225733 0.958896 -0.075869
1520530868.105275154 -142.408707 -58.468572 49.832256 -0.195522 -0.207915 0.957624 -0.038705
1520530868.154267550 -143.170239 -57.887084 49.654865 -0.236084 -0.189391 0.953097 -0.001409
1520530868.204268456 -142.847660 -58.084782 48.740256 -0.293665 -0.168675 0.940598 0.024187
1520530868.254269600 -143.692881 -57.572478 48.589294 -0.333215 -0.169152 0.925644 0.059479
1520530868.304271698 -144.456301 -56.992530 48.304943 -0.372768 -0.181667 0.905104 0.093953
1520530868.354272604 -145.033303 -56.224965 47.995265 -0.405837 -0.217209 0.879233 0.122743
1520530868.404274702 -145.635677 -55.687955 47.412771 -0.442868 -0.259028 0.845315 0.149047
1520530868.454276562 -145.941559 -54.894761 46.883464 -0.474068 -0.313263 0.807491 0.158379
1520530868.504277468 -146.671622 -55.573738 46.957297 -0.519707 -0.362036 0.753946 0.174357
1520530868.554019928 -147.416959 -56.232732 46.859041 -0.561405 -0.408062 0.694683 0.189012
1520530868.603940964 -148.154565 -56.852289 46.591573 -0.598845 -0.450994 0.630151 0.202234
1520530868.653942823 -148.861673 -57.414151 46.162896 0.631743 0.490506 -0.560840 -0.213922
1520530868.703943729 -149.516435 -57.901805 45.585894 0.659850 0.526298 -0.487276 -0.223987
1520530868.753945827 -150.098593 -58.300986 44.877939 0.682953 0.558098 -0.410016 -0.232354
1520530868.803946733 -150.590083 -58.600108 44.060371 0.700876 0.585665 -0.329647 -0.238959
1520530868.853948593 -150.975588 -58.790614 43.157849 0.713484 0.608791 -0.246777 -0.243751
1520530868.903949738 -151.243001 -58.867237 42.197603 0.720681 0.627300 -0.162036 -0.246695
1520530868.954710007 -151.383789 -58.828157 41.208611 0.722412 0.641051 -0.076066 -0.247768
1520530869.004712105 -150.901866 -59.635681 41.538761 0.734780 0.623094 -0.032916 -0.266024
1520530869.054713011 -150.369889 -60.400837 41.926963 0.738833 0.605090 0.000682 -0.296634
1520530869.104715109 -150.806531 -59.623710 41.434383 0.738152 0.586233 0.017067 -0.333424
1520530869.154716253 -151.542427 -59.597413 42.123081 0.730555 0.571230 0.027624 -0.373126
1520530869.204718113 -152.128016 -59.543577 42.934161 0.719339 0.560672 0.026864 -0.409238
1520530869.254719019 -153.081817 -59.567982 43.177648 0.697201 0.547918 0.005262 -0.462243
1520530869.304721117 -153.637099 -59.515805 44.003896 0.674272 0.568341 0.011294 -0.471400
1520530869.355246305 -154.185028 -60.169482 44.496141 0.643496 0.565041 -0.002634 -0.516366
1520530869.405247211 -154.861483 -60.145198 45.233520 0.609296 0.571371 -0.045271 -0.547945
1520530869.455249071 -155.567071 -60.538289 45.804511 -0.576194 -0.571234 0.095994 0.576609
1520530869.505250216 -155.454603 -61.499366 46.025824 -0.550573 -0.560424 0.172049 0.594301
1520530869.555252314 -156.202440 -61.471653 46.686709 -0.516788 -0.555947 0.244983 0.603188
1520530869.605253220 -156.684313 -61.440134 47.554943 -0.513289 -0.558820 0.300715 0.577775
1520530869.655255318 -156.992306 -61.313784 48.490214 0.506341 0.554227 -0.366850 -0.549429
1520530869.705257177 -157.167901 -62.229251 48.802113 0.502602 0.538932 -0.414823 -0.533729
1520530869.754108667 -156.416702 -62.204910 49.467587 0.501092 0.526278 -0.471997 -0.499156
1520530869.804110527 -156.361789 -63.049649 49.967445 0.509366 0.523718 -0.503476 -0.461278
1520530869.854111671 -156.056307 -63.985331 49.884819 -0.523155 -0.515006 0.529381 0.425245
1520530869.904113770 -155.685720 -64.831601 50.270295 -0.532996 -0.518196 0.547725 0.383909
1520530869.954115629 -155.169377 -65.681420 50.201527 -0.537462 -0.511920 0.567819 0.355885
1520530870.004116774 -155.079509 -66.663058 50.314493 -0.548405 -0.489155 0.586356 0.340831
1520530870.054117680 -154.788822 -67.567983 50.640967 -0.551336 -0.475724 0.607274 0.317702
1520530870.104119539 -154.478104 -68.464590 50.960958 -0.560067 -0.479693 0.612630 0.284435
1520530870.153995752 -154.203276 -69.350575 51.332715 -0.575233 -0.505643 0.596370 0.240365
1520530870.203977823 -153.913102 -70.215656 51.740315 0.588610 0.530020 -0.578255 -0.195547
1520530870.253979683 -153.612273 -71.058675 52.184751 0.600156 0.552748 -0.558342 -0.150121
1520530870.303980827 -153.305611 -71.878749 52.666561 0.609836 0.573758 -0.536692 -0.104228
1520530870.353982687 -152.998013 -72.675280 53.185815 0.617619 0.592984 -0.513374 -0.058011
1520530870.403983593 -152.694385 -73.447963 53.742119 0.623481 0.610365 -0.488458 -0.011614
1520530870.453985691 -152.399586 -74.196789 54.334619 0.627404 0.625848 -0.462024 0.034820
1520530870.503986597 -152.118363 -74.922045 54.962010 0.629376 0.639384 -0.434153 0.081145
1520530870.553988695 -151.855295 -75.624313 55.622554 0.629391 0.650932 -0.404931 0.127218
1520530870.604328632 -151.614737 -76.304459 56.314101 0.627449 0.660456 -0.374450 0.172895
1520530870.654329538 -152.152342 -76.352402 55.469821 0.629646 0.663386 -0.367597 0.168339
1520530870.704331636 -152.132026 -76.077212 56.440448 0.643378 0.641682 -0.388690 0.152409
1520530870.754332781 -151.570576 -76.072350 57.268643 0.658626 0.607165 -0.431740 0.105651
1520530870.804334641 -152.419173 -75.791108 56.889046 0.672752 0.560944 -0.480946 0.037911
1520530870.854335546 -153.262346 -75.520058 56.493936 0.683589 0.507975 -0.522322 -0.042970
1520530870.904337645 -154.075057 -76.109824 56.339246 0.694292 0.455553 -0.542109 -0.128637
1520530870.954338551 -154.785009 -76.102877 55.617652 0.704491 0.411007 -0.542073 -0.202294
1520530871.005245209 -154.092919 -76.196898 56.311302 0.717914 0.378924 -0.526047 -0.253555
1520530871.055247068 -154.826172 -76.875092 56.279657 0.737103 0.362207 -0.498135 -0.278113
1520530871.105249166 -155.252563 -76.724175 55.387768 0.756600 0.357593 -0.472105 -0.277129
1520530871.155250072 -154.710546 -76.900203 56.201532 0.771852 0.365711 -0.448589 -0.263188
1520530871.205252171 -154.296069 -77.096085 57.057520 0.780790 0.379035 -0.435118 -0.239526
1520530871.255253315 -154.311435 -76.742804 57.971763 0.780287 0.389227 -0.446621 -0.200461
1520530871.305255175 -153.904895 -76.172071 58.677095 0.763198 0.397555 -0.487737 -0.146942
1520530871.355257034 -153.333734 -75.525001 59.158773 0.731925 0.406110 -0.540061 -0.087719
1520530871.404156685 -152.674358 -75.552792 59.912888 0.694557 0.418645 -0.583946 -0.036528
1520530871.454157829 -151.975224 -75.438098 60.621617 0.652952 0.428627 -0.624269 0.014885
1520530871.504159689 -151.255436 -75.182322 61.270248 -0.607364 -0.435994 0.660784 -0.066208
1520530871.554161549 -150.534598 -74.790304 61.845534 -0.558071 -0.440701 0.693268 -0.117128
1520530871.604162931 -150.735936 -75.069462 62.767991 -0.507704 -0.437883 0.724829 -0.158486
1520530871.654163599 -150.109916 -74.860647 62.050448 -0.464944 -0.426602 0.750533 -0.196311
1520530871.704165936 -149.567017 -74.570482 61.298131 -0.432935 -0.416624 0.767676 -0.222856
1520530871.754167795 -149.221711 -74.136673 60.490959 -0.415726 -0.409990 0.774730 -0.242640
1520530871.804374456 -149.900007 -74.301971 61.173656 -0.422089 -0.412104 0.767670 -0.250389
1520530871.854376793 -150.229601 -74.925376 61.884190 -0.459726 -0.415679 0.747055 -0.240356
1520530871.904377699 -149.859686 -74.478910 61.074005 -0.513339 -0.423397 0.716707 -0.208686
1520530871.954379559 -149.441290 -74.210155 60.246112 -0.572877 -0.419642 0.684445 -0.165067
1520530872.004380703 -148.801887 -73.511660 60.543519 -0.633956 -0.413313 0.645276 -0.104363
1520530872.054382563 -149.006178 -72.538232 60.676413 0.682420 0.402270 -0.608567 0.046134
1520530872.104383469 -149.538148 -73.288635 60.233791 0.715798 0.388329 -0.579968 -0.021722
1520530872.154385567 -150.180053 -73.918573 59.822639 0.734783 0.375610 -0.558775 -0.082346
1520530872.204461336 -150.845135 -73.816595 59.079684 0.741834 0.357985 -0.552331 -0.128294
1520530872.254462242 -151.376703 -73.647604 58.263173 0.745088 0.335074 -0.550555 -0.171633
1520530872.304464102 -150.564801 -73.087097 58.410185 0.748809 0.305276 -0.548689 -0.212208
1520530872.354465246 -151.493052 -73.213268 58.779312 0.751189 0.286750 -0.542780 -0.242651
1520530872.404467106 -152.040051 -73.089186 57.982780 0.745617 0.295648 -0.532240 -0.270866
1520530872.454468012 -152.587823 -73.048348 57.170447 0.728072 0.333178 -0.519246 -0.298811
1520530872.504470348 -152.935144 -73.841364 57.671370 0.701184 0.388980 -0.503107 -0.322363
1520530872.554471254 -152.128043 -74.367213 57.393550 0.666274 0.445521 -0.495912 -0.334158
1520530872.604473114 -152.736542 -74.330732 56.613114 0.626430 0.503548 -0.490840 -0.336303
1520530872.654145956 -151.994018 -74.508441 57.234781 0.580325 0.558453 -0.486186 -0.339082
1520530872.704148054 -151.230154 -74.660673 57.837053 0.531220 0.610470 -0.479019 -0.340107
1520530872.754149199 -150.448053 -74.783563 58.422382 0.479369 0.659332 -0.469375 -0.339374
1520530872.804151058 -149.651194 -74.873853 58.993570 0.425039 0.704785 -0.457304 -0.336887
1520530872.854152203 -148.843358 -74.928956 59.553712 0.368512 0.746595 -0.442870 -0.332658
1520530872.904153109 -148.028557 -74.947013 60.106131 0.310081 0.784545 -0.426146 -0.326710
1520530872.954155922 -147.210943 -74.926929 60.654308 0.250046 0.818439 -0.407219 -0.319072
1520530873.004157066 -146.394730 -74.868398 61.201814 0.188718 0.848103 -0.386187 -0.309785
1520530873.054336071 -145.584098 -74.771908 61.752232 0.126415 0.873382 -0.363159 -0.298897
1520530873.104337931 -144.989985 -75.445182 61.255601 0.167565 0.865544 -0.395637 -0.257346
1520530873.154339075 -144.313110 -76.181855 61.229087 0.210124 0.856205 -0.420840 -0.213668
1520530873.204340935 -145.140987 -76.589386 61.571743 0.248811 0.846537 -0.439782 -0.167508
1520530873.254342079 -144.566171 -77.347887 61.423547 0.301945 0.826319 -0.456163 -0.133946
1520530873.304344177 -145.291094 -77.754508 60.882246 0.359337 0.800757 -0.469504 -0.096083
1520530873.354346037 -145.563758 -78.515304 61.467050 0.420197 0.769192 -0.477561 -0.060936
1520530873.404403925 -145.250611 -79.444516 61.487056 0.480836 0.729893 -0.484507 -0.036151
1520530873.454876423 -145.039197 -80.395348 61.601598 0.538645 0.686299 -0.488601 -0.011155
1520530873.504877329 -145.808938 -80.639655 61.010856 0.593428 0.642771 -0.484382 -0.007918
1520530873.554879189 -146.462704 -81.071330 60.414553 0.644514 0.600462 -0.472640 -0.025679
1520530873.604880333 -145.749075 -80.720376 61.014754 0.690881 0.559780 -0.454045 -0.056329
1520530873.654882193 -146.442930 -80.173084 60.560454 0.725102 0.526122 -0.434242 -0.094110
1520530873.704883337 -147.247231 -79.659212 60.268556 0.745440 0.506496 -0.407858 -0.146398
1520530873.754885435 -147.738782 -79.191101 59.562297 0.750874 0.493019 -0.387305 -0.207644
1520530873.804887295 -148.442658 -79.524538 58.949211 0.744229 0.487864 -0.357597 -0.283259
1520530873.854907036 -149.226345 -79.621506 58.345660 0.723660 0.488196 -0.332426 -0.357034
1520530873.904909372 -149.585906 -78.825295 57.918578 0.685873 0.499999 -0.323953 -0.417891
1520530873.954910278 -149.808976 -77.861261 57.905912 0.643591 0.513877 -0.318599 -0.469272
1520530874.004912138 -150.667546 -77.538156 57.611416 0.597390 0.526173 -0.317319 -0.515340
1520530874.054913282 -151.545226 -77.172249 57.329907 -0.549222 -0.537815 0.325555 0.550567
1520530874.104915142 -152.338328 -76.774161 56.875606 -0.501184 -0.547020 0.340399 0.577678
1520530874.154917002 -153.116760 -76.369999 56.406793 -0.457507 -0.558098 0.361459 0.590390
1520530874.204918385 -152.171935 -76.695677 56.622683 -0.420214 -0.565994 0.384225 0.596190
1520530874.254431486 -151.240869 -76.988714 56.649968 -0.385782 -0.574085 0.412355 0.592927
1520530874.304432392 -150.463557 -77.472926 57.042523 -0.368651 -0.579170 0.437090 0.581043
1520530874.354434252 -149.922919 -78.310188 57.125680 0.361170 0.583128 -0.449853 -0.571971
1520530874.404436588 -149.119592 -78.863051 57.321678 0.358163 0.590187 -0.455874 -0.561763
1520530874.454437494 -148.394724 -79.543679 57.415070 0.359079 0.600384 -0.457893 -0.548576
1520530874.504439354 -147.449896 -79.782864 57.247535 0.354779 0.617196 -0.461069 -0.529733
1520530874.554441452 -146.922906 -80.633877 57.319793 0.358273 0.631030 -0.466138 -0.506120
1520530874.604442358 -146.035816 -80.304708 57.561291 0.356661 0.651102 -0.473709 -0.473771
1520530874.654208660 -145.091816 -80.320020 57.870086 0.355911 0.667326 -0.474292 -0.450611
1520530874.704210758 -144.694688 -81.193529 58.151416 0.371708 0.672476 -0.469583 -0.434858
1520530874.754211903 -144.247920 -81.707215 57.438368 0.376423 0.675845 -0.468655 -0.426499
1520530874.804213762 -143.315386 -82.020978 57.492753 0.378553 0.682323 -0.464870 -0.418365
1520530874.854215622 -144.228898 -81.894889 57.874958 0.384411 0.687336 -0.465027 -0.404410
1520530874.904216766 -143.277477 -82.155172 57.763963 0.388189 0.695189 -0.462983 -0.389446
1520530874.954218864 -142.345596 -81.926272 57.521287 0.385883 0.703466 -0.461135 -0.378927
1520530875.004220009 -141.631403 -82.381525 58.071476 0.393920 0.701905 -0.463468 -0.370614
1520530875.054221869 -140.769588 -82.442105 57.571093 0.395899 0.699141 -0.464227 -0.372772
1520530875.104334593 -139.916888 -82.647181 57.091280 0.397251 0.694597 -0.465792 -0.377841
1520530875.154336691 -139.073337 -82.857937 56.559172 0.401046 0.687625 -0.470549 -0.380681
1520530875.204337597 -138.452736 -83.655613 56.378280 0.403997 0.685127 -0.471382 -0.381032
1520530875.254339695 -138.032641 -84.533479 56.203343 0.404517 0.683909 -0.472549 -0.381226
1520530875.304340839 -137.387125 -83.918535 55.749257 0.399709 0.686614 -0.477043 -0.375799
1520530875.354342699 -136.458924 -84.103173 55.449619 0.396685 0.691506 -0.477961 -0.368801
1520530875.404344559 -136.169959 -85.052212 55.302110 0.402002 0.697079 -0.472259 -0.359787
1520530875.454345703 -135.314977 -85.097607 54.774621 0.403910 0.708677 -0.463333 -0.346347
