1520530731.400018454 0.0 0.0 0.0 0.0 0.0 0.0 1.0
1520530731.450020313 0.000000 0.000000 0.000000 0.000000 0.000000 0.000000 1.000000
1520530731.500021219 0.000000 0.000000 0.000000 0.000000 0.000000 0.000000 1.000000
1520530731.550009966 0.000000 0.000000 0.000000 0.000000 0.000000 0.000000 1.000000
1520530731.600011110 0.000000 0.000000 0.000000 0.000000 0.000000 0.000000 1.000000
1520530731.650012016 0.000000 0.000000 0.000000 0.000000 0.000000 0.000000 1.000000
1520530731.700013876 0.000000 0.000000 0.000000 0.000000 0.000000 0.000000 1.000000
1520530731.750015974 0.000000 0.000000 0.000000 0.000000 0.000000 0.000000 1.000000
1520530731.800016880 0.000000 0.000000 0.000000 0.000000 0.000000 0.000000 1.000000
1520530731.850101948 0.000000 0.000000 0.000000 0.000000 0.000000 0.000000 1.000000
1520530731.900019884 0.000000 0.000000 0.000000 0.000000 0.000000 0.000000 1.000000
1520530731.950036049 0.000000 0.000000 0.000000 0.000000 0.000000 0.000000 1.000000
1520530732.000037193 0.000000 0.000000 0.000000 0.000000 0.000000 0.000000 1.000000
1520530732.050039053 0.000000 0.000000 0.000000 0.000000 0.000000 0.000000 1.000000
1520530732.100039959 0.000000 0.000000 0.000000 0.000000 0.000000 0.000000 1.000000
1520530732.150042057 0.000000 0.000000 0.000000 0.000000 0.000000 0.000000 1.000000
1520530732.200043917 0.000000 0.000000 0.000000 0.000000 0.000000 0.000000 1.000000
1520530732.250044823 0.000000 0.000000 0.000000 0.000000 0.000000 0.000000 1.000000
1520530732.300047159 0.000000 0.000000 0.000000 0.000000 0.000000 0.000000 1.000000
1520530732.350048065 0.000000 0.000000 0.000000 0.000000 0.000000 0.000000 1.000000
1520530732.400058270 0.000000 0.000000 0.000000 0.000000 0.000000 0.000000 1.000000
1520530732.450059175 0.000000 0.000000 0.000000 0.000000 0.000000 0.000000 1.000000
1520530732.500061512 0.000000 0.000000 0.000000 0.000000 0.000000 0.000000 1.000000
1520530732.550063372 0.000000 0.000000 0.000000 0.000000 0.000000 0.000000 1.000000
1520530732.600064278 0.000000 0.000000 0.000000 0.000000 0.000000 0.000000 1.000000
1520530732.650066376 0.000000 0.000000 0.000000 0.000000 0.000000 0.000000 1.000000
1520530732.700067282 0.000000 0.000000 0.000000 0.000000 0.000000 0.000000 1.000000
1520530732.750069618 0.000000 0.000000 0.000000 0.000000 0.000000 0.000000 1.000000
1520530732.800092936 0.000000 0.000000 0.000000 0.000000 0.000000 0.000000 1.000000
1520530732.850094080 0.000000 0.000000 0.000000 0.000000 0.000000 0.000000 1.000000
1520530732.900095940 0.000000 0.000000 0.000000 0.000000 0.000000 0.000000 1.000000
1520530732.950096846 0.000000 0.000000 0.000000 0.000000 0.000000 0.000000 1.000000
1520530733.000099182 0.000000 0.000000 0.000000 0.000000 0.000000 0.000000 1.000000
1520530733.050099850 0.000000 0.000000 0.000000 0.000000 0.000000 0.000000 1.000000
1520530733.100101948 0.000000 0.000000 0.000000 0.000000 0.000000 0.000000 1.000000
1520530733.150104046 0.000000 0.000000 0.000000 0.000000 0.000000 0.000000 1.000000
1520530733.200103760 0.000000 0.000000 0.000000 0.000000 0.000000 0.000000 1.000000
1520530733.250105858 0.000000 0.000000 0.000000 0.000000 0.000000 0.000000 1.000000
1520530733.300106764 0.000000 0.000000 0.000000 0.000000 0.000000 0.000000 1.000000
1520530733.350112677 0.000000 0.000000 0.000000 0.000000 0.000000 0.000000 1.000000
1520530733.400109768 0.000000 0.000000 0.000000 0.000000 0.000000 0.000000 1.000000
1520530733.450195789 0.000000 0.000000 0.000000 0.000000 0.000000 0.000000 1.000000
1520530733.500113010 0.000000 0.000000 0.000000 0.000000 0.000000 0.000000 1.000000
1520530733.550114870 -0.420673 -0.273702 -0.864940 -0.039006 -0.005292 0.012279 0.999150
1520530733.600102663 -0.198037 -0.137535 -0.385388 0.002949 0.004021 0.003321 0.999982
1520530733.650104523 -0.203119 -0.141360 -0.393782 0.001232 0.004021 0.003382 0.999985
1520530733.700105429 -0.199268 -0.146075 -0.388602 -0.006865 0.002832 0.001600 0.999971
1520530733.750107765 -0.199193 -0.153512 -0.389264 -0.016604 0.000426 0.000948 0.999862
1520530733.800109625 -0.198606 -0.153635 -0.386039 -0.021996 0.001123 -0.001457 0.999756
1520530733.850110531 -0.198917 -0.153616 -0.386390 -0.020784 0.001970 -0.001216 0.999781
1520530733.900112629 -0.200599 -0.149910 -0.388420 -0.015818 0.001783 0.001020 0.999873
1520530733.950113535 -0.199839 -0.148888 -0.390286 -0.012679 0.000646 0.002352 0.999917
1520530734.000144958 -0.201530 -0.147976 -0.391087 -0.012146 0.000555 0.000526 0.999926
1520530734.050145864 -0.204379 -0.146960 -0.387449 -0.012395 0.004266 -0.001827 0.999912
1520530734.100147724 -0.205968 -0.145359 -0.382504 -0.011370 0.007777 -0.002758 0.999901
1520530734.150148869 -0.207481 -0.145133 -0.380488 -0.011340 0.009729 -0.003367 0.999883
1520530734.200150728 -0.206445 -0.145953 -0.378211 -0.012560 0.009922 -0.002742 0.999868
1520530734.250152588 -0.207906 -0.146989 -0.377834 -0.012377 0.011284 -0.001536 0.999859
1520530734.300153971 -0.205196 -0.145438 -0.375703 -0.009917 0.011981 -0.000088 0.999879
1520530734.350155830 -0.207229 -0.143506 -0.373892 -0.007404 0.013113 -0.000079 0.999887
1520530734.400153160 -0.207324 -0.143537 -0.370997 -0.008118 0.014531 -0.001279 0.999861
1520530734.450154305 -0.208122 -0.145260 -0.368479 -0.011017 0.016265 -0.001469 0.999806
1520530734.500156164 -0.208221 -0.145694 -0.366743 -0.011767 0.017356 -0.001494 0.999779
1520530734.550158024 -0.211120 -0.145540 -0.365396 -0.010020 0.019309 -0.000391 0.999763
1520530734.600159168 -0.213791 -0.144246 -0.362995 -0.008252 0.022388 -0.000472 0.999715
1520530734.650161266 -0.215848 -0.144245 -0.360004 -0.008234 0.025413 -0.002194 0.999641
1520530734.700161934 -0.217101 -0.143945 -0.358460 -0.008675 0.026753 -0.002257 0.999602
1520530734.750163317 -0.217847 -0.145552 -0.360277 -0.009141 0.026256 -0.001081 0.999613
1520530734.800165176 -0.215576 -0.148281 -0.357116 -0.008200 0.025194 0.001847 0.999647
1520530734.850171328 -0.215176 -0.146742 -0.357830 -0.005141 0.025050 0.004048 0.999665
1520530734.900172472 -0.217665 -0.141523 -0.359873 -0.000423 0.025134 0.004420 0.999674
1520530734.950177431 -0.216200 -0.139207 -0.360402 0.002962 0.024275 0.004210 0.999692
1520530735.000175714 -0.216847 -0.138444 -0.361982 0.004322 0.024037 0.002800 0.999698
1520530735.050265551 -0.218194 -0.138786 -0.363165 0.003601 0.023946 0.000747 0.999706
1520530735.100178480 -0.218731 -0.140931 -0.364256 0.000671 0.023738 -0.001149 0.999717
1520530735.150180578 -0.217819 -0.141843 -0.364362 -0.003091 0.024138 -0.002056 0.999702
1520530735.200181484 -0.215758 -0.144915 -0.362813 -0.008855 0.024776 -0.001898 0.999652
1520530735.250203133 -0.218605 -0.149032 -0.363944 -0.015506 0.025716 -0.001716 0.999548
1520530735.300204039 -0.217731 -0.151817 -0.365290 -0.020223 0.025499 -0.001069 0.999470
1520530735.350206137 -0.215619 -0.151486 -0.365809 -0.020015 0.024187 -0.001069 0.999507
1520530735.400208235 -0.215937 -0.147780 -0.367624 -0.016278 0.022563 -0.001915 0.999611
1520530735.450209141 -0.214906 -0.148104 -0.369221 -0.014345 0.020674 -0.002024 0.999681
1520530735.500211239 -0.214544 -0.148634 -0.371644 -0.016618 0.020024 -0.003086 0.999657
1520530735.550212145 -0.213728 -0.151111 -0.370704 -0.021334 0.019779 -0.003826 0.999569
1520530735.600214005 -0.214306 -0.154296 -0.371668 -0.025922 0.019961 -0.002791 0.999461
1520530735.650176287 -0.217221 -0.156988 -0.372909 -0.027875 0.020639 -0.000786 0.999398
1520530735.700178146 -0.218028 -0.157478 -0.373772 -0.026966 0.021168 0.002293 0.999410
1520530735.750179291 -0.217747 -0.155999 -0.372495 -0.023101 0.022187 0.004114 0.999478
1520530735.800181150 -0.215949 -0.151226 -0.371465 -0.015859 0.023100 0.003611 0.999601
1520530735.850183249 -0.216641 -0.142750 -0.368488 -0.008431 0.025513 -0.001227 0.999638
1520530735.900184393 -0.218483 -0.140135 -0.365692 -0.004604 0.029838 -0.007797 0.999514
1520530735.950186253 -0.215155 -0.136533 -0.361280 -0.005483 0.033917 -0.011214 0.999347
1520530736.000188351 -0.220641 -0.141575 -0.362250 -0.010133 0.039815 -0.013146 0.999069
1520530736.050192118 -0.228399 -0.139311 -0.356788 -0.013048 0.047405 -0.015421 0.998671
1520530736.100193024 -0.236272 -0.133031 -0.356969 -0.011901 0.055018 -0.015897 0.998288
1520530736.150193930 -0.235932 -0.128630 -0.369162 -0.006169 0.062047 -0.016167 0.997923
1520530736.200196028 -0.234235 -0.129515 -0.395556 0.001659 0.068465 -0.014734 0.997543
1520530736.250198126 -0.229078 -0.122583 -0.426701 0.008480 0.075107 -0.011606 0.997072
1520530736.300199270 -0.222628 -0.124580 -0.443009 0.012504 0.081973 -0.012022 0.996484
1520530736.350200176 -0.230088 -0.123669 -0.455139 0.011132 0.091019 -0.008629 0.995750
1520530736.400202036 -0.224518 -0.126750 -0.471670 0.004329 0.098937 -0.005218 0.995071
1520530736.450247765 -0.225192 -0.137334 -0.507855 -0.005700 0.108798 -0.003896 0.994040
1520530736.500248909 -0.225833 -0.147645 -0.524738 -0.014547 0.118585 -0.003083 0.992833
1520530736.550254822 -0.234586 -0.151281 -0.541859 -0.016349 0.130060 -0.002542 0.991368
1520530736.600251675 -0.237144 -0.142827 -0.563505 -0.011865 0.141840 -0.003564 0.989812
1520530736.650343657 -0.244616 -0.133871 -0.578091 -0.006631 0.153189 -0.004652 0.988164
1520530736.700254679 -0.253908 -0.135157 -0.595298 -0.005252 0.164006 -0.006946 0.986421
1520530736.750256538 -0.266940 -0.143807 -0.615359 -0.006631 0.176461 -0.012290 0.984209
1520530736.800257683 -0.275922 -0.156715 -0.628979 -0.009533 0.187096 -0.016628 0.982155
1520530736.850259781 -0.290236 -0.148085 -0.636258 -0.010059 0.198244 -0.019074 0.979915
1520530736.900250196 -0.306190 -0.156065 -0.642435 -0.012070 0.208900 -0.022820 0.977596
1520530736.950252295 -0.319525 -0.163315 -0.651894 -0.012453 0.220722 -0.028711 0.974834
1520530737.000254154 -0.333382 -0.157846 -0.661822 -0.008557 0.233242 -0.032661 0.971832
1520530737.050255060 -0.337530 -0.152632 -0.672140 -0.001903 0.242668 -0.031461 0.969597
1520530737.100257397 -0.352409 -0.142968 -0.678862 0.004976 0.253508 -0.027087 0.966941
1520530737.150258064 -0.362605 -0.146340 -0.685462 0.007714 0.263286 -0.026579 0.964321
1520530737.200260162 -0.368234 -0.148425 -0.698705 0.004806 0.269820 -0.028749 0.962470
1520530737.250261307 -0.369551 -0.156954 -0.707551 -0.000945 0.273130 -0.036520 0.961283
1520530737.300258875 -0.364414 -0.176047 -0.730858 -0.010421 0.275561 -0.045645 0.960143
1520530737.350260735 -0.365555 -0.198780 -0.735170 -0.022423 0.277469 -0.056966 0.958782
1520530737.400261879 -0.366587 -0.212089 -0.737973 -0.036022 0.277854 -0.066807 0.957620
1520530737.450263739 -0.378453 -0.232294 -0.742754 -0.050606 0.277893 -0.073943 0.956424
1520530737.500264645 -0.369975 -0.258033 -0.742854 -0.062729 0.274766 -0.078698 0.956230
1520530737.550266981 -0.361093 -0.262827 -0.740336 -0.066489 0.271572 -0.078585 0.956897
1520530737.600268841 -0.361242 -0.248012 -0.729224 -0.059895 0.269317 -0.073537 0.958370
1520530737.650269747 -0.359953 -0.219605 -0.711652 -0.042312 0.266084 -0.070498 0.960437
1520530737.700183392 -0.362514 -0.168507 -0.677326 -0.017028 0.261801 -0.065395 0.962753
1520530737.750184298 -0.353816 -0.131877 -0.652386 0.007031 0.253219 -0.064614 0.965223
1520530737.800186157 -0.349715 -0.110745 -0.615206 0.022726 0.241805 -0.065700 0.967831
1520530737.850187302 -0.339315 -0.090752 -0.565644 0.031372 0.225626 -0.064017 0.971602
1520530737.900189161 -0.326383 -0.065197 -0.521035 0.035893 0.207908 -0.056384 0.975862
1520530737.950191021 -0.318106 -0.035900 -0.459793 0.042827 0.190862 -0.046154 0.979595
1520530738.000192165 -0.322325 -0.009390 -0.376645 0.061133 0.177165 -0.038175 0.981539
1520530738.050194263 -0.309133 0.020073 -0.290305 0.086081 0.156353 -0.025863 0.983603
1520530738.100307703 -0.310028 -0.026839 -0.241619 0.104162 0.133481 -0.025487 0.985233
1520530738.150314808 -0.308275 -0.041983 -0.188142 0.115585 0.105831 -0.019215 0.987457
1520530738.200310707 -0.315601 -0.057542 -0.135922 0.119442 0.082103 -0.016271 0.989307
1520530738.250403643 -0.331936 -0.054971 -0.086266 0.117427 0.061224 -0.015051 0.991078
1520530738.300313711 -0.333275 -0.084376 -0.064377 0.108621 0.044044 -0.020826 0.992889
1520530738.350315809 -0.308100 -0.078622 -0.070599 0.097858 0.024042 -0.022509 0.994655
1520530738.400316715 -0.342329 -0.088777 -0.044111 0.082226 0.005382 -0.024620 0.996295
1520530738.450318575 -0.334476 -0.085842 -0.041295 0.063896 -0.015360 -0.026474 0.997487
1520530738.500566959 -0.350734 -0.094256 -0.022267 0.039789 -0.030187 -0.027991 0.998360
1520530738.550567865 -0.361891 -0.090108 -0.005037 0.016892 -0.045964 -0.025207 0.998482
1520530738.600570202 -0.368851 -0.079436 0.001952 -0.005439 -0.063108 -0.020836 0.997774
1520530738.650571108 -0.379704 -0.066455 0.009565 -0.026171 -0.077802 -0.022604 0.996369
1520530738.700572968 -0.380752 -0.065834 0.007880 -0.050696 -0.093166 -0.015804 0.994233
1520530738.750574112 -0.387092 -0.055832 0.010405 -0.075827 -0.107990 -0.012145 0.991182
1520530738.800575972 -0.383768 -0.053785 0.009485 -0.100094 -0.124522 -0.004360 0.987146
1520530738.850576878 -0.375379 -0.057213 0.008832 -0.117886 -0.140546 0.003144 0.983026
1520530738.900221348 -0.374503 -0.061188 0.005726 -0.125837 -0.154042 0.007793 0.979987
1520530738.950223684 -0.375362 -0.066441 -0.001204 -0.126253 -0.162090 0.013662 0.978571
1520530739.000224590 -0.375041 -0.072753 -0.009761 -0.121469 -0.172326 0.018950 0.977338
1520530739.050226450 -0.377075 -0.075607 -0.019087 -0.114071 -0.185406 0.019292 0.975828
1520530739.100227594 -0.378724 -0.078151 -0.029596 -0.105051 -0.198291 0.018637 0.974319
1520530739.150229454 -0.380223 -0.077994 -0.038760 -0.093476 -0.207947 0.015154 0.973545
1520530739.200231314 -0.383931 -0.075343 -0.043664 -0.082810 -0.212198 0.008633 0.973673
1520530739.250232458 -0.387446 -0.070999 -0.046782 -0.072040 -0.216683 0.002637 0.973577
1520530739.300234556 -0.391982 -0.067513 -0.048549 -0.062521 -0.220298 -0.002614 0.973423
1520530739.350118637 -0.395830 -0.061756 -0.049588 -0.050746 -0.224688 -0.008774 0.973069
1520530739.400120497 -0.400387 -0.058103 -0.048816 -0.037588 -0.229725 -0.013330 0.972438
1520530739.450122595 -0.405699 -0.060833 -0.042725 -0.026506 -0.228101 -0.014695 0.973166
1520530739.500123739 -0.411290 -0.064569 -0.035658 -0.010574 -0.224139 -0.013508 0.974406
1520530739.550125599 -0.412821 -0.069653 -0.029487 0.007239 -0.223800 -0.012177 0.974532
1520530739.600126743 -0.416555 -0.078498 -0.023096 0.023673 -0.221486 -0.007420 0.974848
1520530739.650128603 -0.419025 -0.086726 -0.017400 0.041078 -0.219785 -0.003003 0.974678
1520530739.700129509 -0.420358 -0.094870 -0.014286 0.057731 -0.220078 0.001346 0.973771
1520530739.750310898 -0.421856 -0.098245 -0.013389 0.074614 -0.221844 0.004581 0.972212
1520530739.800312996 -0.422292 -0.098146 -0.012703 0.084156 -0.223608 0.006004 0.971021
1520530739.850406170 -0.424748 -0.098601 -0.010578 0.078734 -0.225387 0.007170 0.971056
1520530739.900316000 -0.424977 -0.092550 -0.008294 0.066717 -0.228359 0.009158 0.971245
1520530739.950318098 -0.423556 -0.082492 -0.003355 0.048050 -0.229595 0.013323 0.972008
1520530740.000319004 -0.420826 -0.075992 0.004172 0.022310 -0.227657 0.021464 0.973249
1520530740.050321102 -0.417460 -0.072138 0.013008 -0.002633 -0.223098 0.032368 0.974255
1520530740.100322008 -0.412194 -0.064838 0.022159 -0.021118 -0.217272 0.039418 0.975086
1520530740.150481224 -0.405878 -0.057746 0.029485 -0.032603 -0.212359 0.044318 0.975642
1520530740.200483322 -0.398382 -0.052841 0.036856 -0.041783 -0.207728 0.048543 0.976087
1520530740.250484228 -0.390340 -0.046526 0.045204 -0.050576 -0.202300 0.050930 0.976690
1520530740.300486088 -0.382682 -0.042128 0.054856 -0.062722 -0.196162 0.051942 0.977184
1520530740.350487232 -0.374130 -0.035081 0.061478 -0.070320 -0.192198 0.046858 0.977711
1520530740.400489330 -0.364909 -0.030615 0.069437 -0.068209 -0.187025 0.038154 0.979241
1520530740.450489998 -0.354173 -0.030891 0.081364 -0.051479 -0.176716 0.027853 0.982520
1520530740.500492334 -0.341808 -0.038730 0.095379 -0.024324 -0.161757 0.021386 0.986299
1520530740.550278187 -0.331984 -0.048834 0.109477 0.008534 -0.146275 0.017173 0.989058
1520530740.600280046 -0.318658 -0.064013 0.119015 0.032217 -0.132840 0.015057 0.990499
1520530740.650281906 -0.304950 -0.078791 0.128436 0.048372 -0.120193 0.016750 0.991430
1520530740.700283051 -0.290673 -0.090207 0.136546 0.055651 -0.107596 0.019551 0.992443
1520530740.750285149 -0.275641 -0.098590 0.145137 0.057138 -0.094857 0.021937 0.993608
1520530740.800287008 -0.260219 -0.108553 0.152056 0.059751 -0.082529 0.028630 0.994384
1520530740.850288153 -0.243376 -0.122296 0.156880 0.067425 -0.069786 0.037831 0.994562
1520530740.900290012 -0.223937 -0.135099 0.160669 0.081748 -0.054586 0.043460 0.994208
1520530740.950431824 -0.206239 -0.146380 0.164735 0.096916 -0.032231 0.047348 0.993643
1520530741.000432730 -0.184560 -0.154013 0.168845 0.107601 -0.010393 0.046361 0.993058
1520530741.050434589 -0.163571 -0.155123 0.173696 0.114762 0.018120 0.041718 0.992351
1520530741.100435734 -0.141397 -0.152504 0.179243 0.118191 0.047543 0.039442 0.991068
1520530741.150437593 -0.121818 -0.148923 0.182066 0.109749 0.069576 0.043038 0.990587
1520530741.200438499 -0.105381 -0.138029 0.185486 0.094155 0.086768 0.039608 0.990978
1520530741.250440598 -0.090517 -0.122613 0.189081 0.072762 0.104964 0.034191 0.991221
1520530741.300441504 -0.078388 -0.105518 0.191435 0.049753 0.122290 0.028115 0.990848
1520530741.350636959 -0.066184 -0.089705 0.189329 0.030717 0.131900 0.021850 0.990546
1520530741.400638103 -0.059266 -0.077035 0.184916 0.021131 0.136062 0.018493 0.990302
1520530741.450728178 -0.054067 -0.068073 0.177710 0.017556 0.134735 0.016983 0.990581
1520530741.500641108 -0.049371 -0.061682 0.169675 0.016109 0.128086 0.016314 0.991498
1520530741.550643206 -0.047166 -0.051634 0.162157 0.018533 0.121681 0.014160 0.992295
1520530741.600644112 -0.047004 -0.042446 0.155982 0.011960 0.115948 0.009933 0.993134
1520530741.650645971 -0.048042 -0.032619 0.150397 -0.003013 0.109865 0.005339 0.993928
1520530741.700647116 -0.046869 -0.022777 0.143637 -0.022355 0.100977 0.000073 0.994638
1520530741.750648975 -0.045652 -0.015688 0.136285 -0.044028 0.089621 -0.004892 0.994990
1520530741.800464153 -0.045568 -0.010481 0.130097 -0.056215 0.081039 -0.014504 0.995019
1520530741.850465298 -0.042957 -0.012609 0.122928 -0.057849 0.069302 -0.023911 0.995630
1520530741.900467157 -0.045053 -0.019022 0.117357 -0.045775 0.058824 -0.028999 0.996797
1520530741.950468063 -0.046088 -0.027399 0.110758 -0.025814 0.048185 -0.028510 0.998098
1520530742.000470161 -0.046247 -0.037822 0.104137 -0.010688 0.039005 -0.025354 0.998860
1520530742.050471067 -0.045239 -0.047261 0.097528 0.001041 0.030286 -0.018163 0.999376
1520530742.100473166 -0.044518 -0.057004 0.090862 0.010726 0.022394 -0.010322 0.999638
1520530742.150475264 -0.044008 -0.065812 0.082509 0.023666 0.012811 -0.001416 0.999637
1520530742.200338125 -0.041708 -0.075002 0.073617 0.039822 0.004832 0.005389 0.999181
1520530742.250339985 -0.040128 -0.084412 0.064402 0.057804 0.002824 0.009882 0.998275
1520530742.300341129 -0.037930 -0.091350 0.054746 0.075136 0.002854 0.013901 0.997072
1520530742.350343227 -0.037400 -0.096909 0.046445 0.086625 0.004581 0.018315 0.996062
1520530742.400345087 -0.035054 -0.099562 0.038235 0.094790 0.004444 0.023622 0.995207
1520530742.450346231 -0.034073 -0.098803 0.030302 0.101718 0.008132 0.022465 0.994526
1520530742.500348091 -0.034884 -0.095218 0.022181 0.107908 0.008956 0.018991 0.993939
1520530742.550350189 -0.037350 -0.090727 0.016670 0.104528 0.007618 0.008765 0.994454
1520530742.600603819 -0.039267 -0.081304 0.011188 0.091035 0.004542 -0.001369 0.995836
1520530742.650604725 -0.043415 -0.071441 0.008147 0.066296 0.001417 -0.011695 0.997730
1520530742.700606823 -0.047459 -0.060035 0.004617 0.037104 -0.008083 -0.021980 0.999037
1520530742.750608921 -0.051159 -0.049424 -0.001351 0.006191 -0.023224 -0.030659 0.999241
1520530742.800609827 -0.056230 -0.041428 -0.007133 -0.023787 -0.036516 -0.036394 0.998387
1520530742.850611687 -0.060251 -0.033187 -0.013404 -0.051111 -0.048293 -0.043730 0.996566
1520530742.900612831 -0.063713 -0.028758 -0.019827 -0.078626 -0.058353 -0.046569 0.994105
1520530742.950614691 -0.067949 -0.023771 -0.025902 -0.098362 -0.065320 -0.047953 0.991846
1520530743.000436783 -0.075914 -0.022895 -0.029543 -0.113332 -0.066468 -0.047624 0.990187
1520530743.050522566 -0.082170 -0.023735 -0.034219 -0.117175 -0.069638 -0.042072 0.989773
1520530743.100439548 -0.088341 -0.026180 -0.039135 -0.114173 -0.073698 -0.036396 0.990055
1520530743.150441647 -0.095479 -0.029391 -0.043600 -0.105976 -0.077629 -0.034079 0.990748
1520530743.200442553 -0.101561 -0.034586 -0.049103 -0.092220 -0.085358 -0.029655 0.991630
1520530743.250444889 -0.108098 -0.040337 -0.055258 -0.073402 -0.095063 -0.023123 0.992492
1520530743.300445795 -0.114095 -0.045782 -0.061567 -0.052094 -0.105578 -0.019292 0.992858
1520530743.350447655 -0.120035 -0.052518 -0.068201 -0.029185 -0.117324 -0.014928 0.992553
1520530743.400276661 -0.125508 -0.056498 -0.074350 -0.001429 -0.126540 -0.011257 0.991897
1520530743.450277805 -0.132536 -0.053867 -0.079019 0.034381 -0.130279 -0.009519 0.990835
1520530743.500279903 -0.138632 -0.054677 -0.082999 0.063932 -0.133805 -0.007266 0.988917
1520530743.550281048 -0.146974 -0.053902 -0.084338 0.089408 -0.133441 -0.010384 0.986961
1520530743.600282907 -0.154844 -0.054404 -0.085565 0.108708 -0.130844 -0.013054 0.985339
1520530743.650283813 -0.161999 -0.053729 -0.085915 0.124299 -0.127905 -0.014771 0.983856
1520530743.700285912 -0.169842 -0.051255 -0.085726 0.133798 -0.123471 -0.017793 0.983126
1520530743.750287771 -0.178395 -0.048426 -0.082948 0.137045 -0.115782 -0.020758 0.983556
1520530743.800288677 -0.186199 -0.044090 -0.079783 0.132609 -0.108222 -0.023125 0.984971
1520530743.851239920 -0.193936 -0.039699 -0.076530 0.128163 -0.100654 -0.025490 0.986303
1520530743.901240826 -0.193936 -0.039699 -0.076530 0.128163 -0.100654 -0.025490 0.986303
1520530743.951242685 -0.192389 -0.040577 -0.077181 0.128163 -0.100654 -0.025490 0.986303
1520530744.001243830 -0.191151 -0.041279 -0.077701 0.128163 -0.100654 -0.025490 0.986303
1520530744.051246881 -0.191151 -0.041279 -0.077701 0.128163 -0.100654 -0.025490 0.986303
1520530744.101247787 -0.190161 -0.041841 -0.078118 0.128163 -0.100654 -0.025490 0.986303
1520530744.151248932 -0.190161 -0.041841 -0.078118 0.128163 -0.100654 -0.025490 0.986303
1520530744.201250792 -0.189368 -0.042291 -0.078451 0.128163 -0.100654 -0.025490 0.986303
1520530744.251205206 -0.188734 -0.042651 -0.078717 0.128163 -0.100654 -0.025490 0.986303
1520530744.301206112 -0.188734 -0.042651 -0.078717 0.128163 -0.100654 -0.025490 0.986303
1520530744.351207972 -0.188227 -0.042939 -0.078931 0.128163 -0.100654 -0.025490 0.986303
1520530744.401209116 -0.187822 -0.043169 -0.079101 0.128163 -0.100654 -0.025490 0.986303
1520530744.451210022 -0.187822 -0.043169 -0.079101 0.128163 -0.100654 -0.025490 0.986303
1520530744.501211882 -0.187497 -0.043353 -0.079238 0.128163 -0.100654 -0.025490 0.986303
1520530744.551213980 -0.187497 -0.043353 -0.079238 0.128163 -0.100654 -0.025490 0.986303
1520530744.601214886 -0.187237 -0.043500 -0.079347 0.128163 -0.100654 -0.025490 0.986303
1520530744.651044369 -0.187237 -0.043500 -0.079347 0.128163 -0.100654 -0.025490 0.986303
1520530744.700966120 0.800482 0.104039 -0.590258 -0.000280 0.008469 -0.062227 0.998026
1520530744.750968218 0.389894 0.067828 -0.224629 -0.018295 -0.016338 0.054159 0.998231
1520530744.800969124 0.378647 0.090844 -0.199481 -0.040709 -0.024935 0.110685 0.992708
1520530744.850971222 0.349050 0.121101 -0.180464 -0.056701 -0.027728 0.163906 0.984455
1520530744.900972366 0.327580 0.148305 -0.166071 -0.066782 -0.026705 0.213374 0.974320
1520530744.950974226 0.302656 0.166772 -0.159489 -0.073650 -0.013616 0.257221 0.963446
1520530745.000976086 0.273917 0.180163 -0.155294 -0.073650 0.012089 0.291507 0.953653
1520530745.051078081 0.263748 0.186081 -0.152023 -0.068454 0.041944 0.314575 0.945832
1520530745.101080179 0.249851 0.186711 -0.154628 -0.062086 0.075682 0.330841 0.938596
1520530745.151081324 0.241822 0.188660 -0.153705 -0.056376 0.110369 0.338369 0.932817
1520530745.201083183 0.246248 0.186097 -0.157753 -0.058205 0.147426 0.337254 0.927975
1520530745.251084089 0.245361 0.183834 -0.167722 -0.066318 0.190453 0.328700 0.922652
1520530745.301086187 0.252870 0.177797 -0.184875 -0.074676 0.238844 0.312624 0.916321
1520530745.351088047 0.253278 0.170314 -0.202431 -0.075423 0.292401 0.289414 0.908324
1520530745.401088953 0.251110 0.162929 -0.219265 -0.072895 0.342517 0.259997 0.899872
1520530745.451043129 0.260483 0.153101 -0.236032 -0.074614 0.383016 0.225730 0.892624
1520530745.501044035 0.268551 0.138143 -0.253933 -0.080806 0.414934 0.185500 0.887068
1520530745.551045895 0.282119 0.127560 -0.269330 -0.087401 0.439891 0.143278 0.882229
1520530745.601047993 0.291701 0.094191 -0.288103 -0.099363 0.457337 0.098659 0.878201
1520530745.651048899 0.303070 0.059644 -0.301013 -0.109772 0.465115 0.052594 0.876842
1520530745.701051235 0.315400 0.026833 -0.305342 -0.117337 0.461954 0.005955 0.879088
1520530745.751053095 0.331239 -0.010912 -0.301774 -0.117743 0.449837 -0.040982 0.884366
1520530745.801054001 0.342028 -0.051032 -0.294191 -0.112793 0.428974 -0.084849 0.892222
1520530745.850826025 0.348644 -0.074486 -0.295022 -0.105045 0.399292 -0.122951 0.902449
1520530745.900828123 0.361314 -0.096304 -0.284292 -0.099306 0.362903 -0.161313 0.912369
1520530745.950829983 0.374567 -0.121808 -0.266597 -0.097813 0.316592 -0.192365 0.923687
1520530746.000830889 0.399482 -0.148131 -0.232288 -0.098291 0.258264 -0.218549 0.935882
1520530746.050833225 0.417052 -0.167359 -0.189334 -0.100284 0.195341 -0.240896 0.945386
1520530746.100834131 0.432713 -0.182546 -0.138914 -0.102978 0.127987 -0.257309 0.952264
1520530746.150839090 0.447490 -0.188675 -0.084213 -0.104498 0.059386 -0.266986 0.956176
1520530746.200837135 0.457354 -0.179686 -0.031570 -0.103809 -0.004816 -0.262702 0.959264
1520530746.250910282 0.463393 -0.157427 0.017646 -0.099523 -0.063392 -0.242290 0.963002
1520530746.300487280 0.474612 -0.114744 0.065371 -0.091530 -0.115173 -0.211436 0.966257
1520530746.350489140 0.483518 -0.067227 0.103543 -0.086887 -0.160625 -0.167356 0.968835
1520530746.400490284 0.483071 -0.012256 0.130853 -0.087393 -0.194596 -0.114774 0.970217
1520530746.450492144 0.476895 0.049120 0.148615 -0.096242 -0.221001 -0.056100 0.968891
1520530746.500493288 0.466066 0.108238 0.151955 -0.110511 -0.235646 0.000978 0.965535
1520530746.550495148 0.455371 0.160226 0.140545 -0.120691 -0.234501 0.053760 0.963095
1520530746.600497246 0.440648 0.207130 0.121495 -0.123161 -0.224629 0.105454 0.960860
1520530746.650498390 0.425701 0.248758 0.099432 -0.116252 -0.208460 0.153539 0.958883
1520530746.700510263 0.410061 0.282297 0.071693 -0.102743 -0.184037 0.195413 0.957804
1520530746.750511408 0.393889 0.313162 0.034098 -0.089036 -0.151067 0.233882 0.956321
1520530746.800513268 0.379332 0.334807 -0.004756 -0.078395 -0.111266 0.264553 0.954718
1520530746.850514174 0.361081 0.354643 -0.058653 -0.068935 -0.059281 0.292134 0.952046
1520530746.900516272 0.337211 0.366528 -0.115536 -0.058679 0.002941 0.313384 0.947807
1520530746.950518370 0.313882 0.364459 -0.174651 -0.052529 0.072023 0.320438 0.943066
1520530747.000519276 0.295943 0.347664 -0.235400 -0.050359 0.143718 0.310029 0.938452
1520530747.050521374 0.276801 0.320640 -0.292782 -0.048391 0.216653 0.285881 0.932197
1520530747.100689173 0.242706 0.302810 -0.337342 -0.040056 0.284347 0.270089 0.919018
1520530747.150691271 0.215423 0.275413 -0.377336 -0.028302 0.349330 0.236314 0.906269
1520530747.200693130 0.187155 0.251300 -0.408337 -0.011315 0.408028 0.199240 0.890892
1520530747.250695229 0.161671 0.224376 -0.432980 0.006685 0.459752 0.154440 0.874490
1520530747.300696373 0.139647 0.199927 -0.451621 0.025161 0.501325 0.107920 0.858134
1520530747.350697279 0.124021 0.176365 -0.466807 0.041907 0.530776 0.060581 0.844305
1520530747.400699139 0.119387 0.157433 -0.475476 0.061247 0.546347 0.015728 0.835169
1520530747.450701237 0.123791 0.137242 -0.481069 0.085933 0.552132 -0.035140 0.828571
1520530747.501333475 0.135042 0.106242 -0.486039 0.104482 0.547679 -0.091250 0.825109
1520530747.551335335 0.158114 0.070222 -0.486717 0.119631 0.527613 -0.146783 0.828111
1520530747.601336479 0.189690 0.025838 -0.480968 0.127007 0.493241 -0.199312 0.837172
1520530747.651339531 0.222236 -0.027660 -0.467536 0.124809 0.449808 -0.249928 0.848311
1520530747.701339483 0.254419 -0.088730 -0.443953 0.112406 0.398300 -0.297688 0.860293
1520530747.751341581 0.285589 -0.148897 -0.408427 0.092431 0.339556 -0.337689 0.872998
1520530747.801342487 0.319270 -0.203351 -0.357590 0.068523 0.271720 -0.367380 0.886851
1520530747.851408482 0.350118 -0.245937 -0.297606 0.044376 0.201762 -0.387003 0.898639
1520530747.901266336 0.378634 -0.273015 -0.232558 0.021120 0.132940 -0.394574 0.908951
1520530747.951268673 0.405727 -0.280013 -0.169015 -0.000574 0.069689 -0.387221 0.919349
1520530748.001269579 0.431027 -0.271083 -0.107700 -0.026276 0.011827 -0.366691 0.929896
1520530748.051271439 0.456369 -0.243416 -0.048501 -0.054435 -0.043434 -0.331741 0.940797
1520530748.101272583 0.475509 -0.206914 0.005278 -0.087921 -0.094150 -0.292111 0.947669
1520530748.151274443 0.490061 -0.159534 0.055484 -0.121106 -0.143620 -0.246570 0.950742
1520530748.201276302 0.496551 -0.111567 0.092741 -0.149340 -0.182787 -0.203536 0.950189
1520530748.251277685 0.500177 -0.064514 0.113545 -0.170389 -0.208632 -0.161698 0.949365
1520530748.300789595 0.502195 -0.020639 0.119856 -0.184460 -0.223064 -0.120258 0.949608
1520530748.350790501 0.503447 0.028430 0.115884 -0.185933 -0.228390 -0.073238 0.952840
1520530748.400792360 0.501316 0.073727 0.103731 -0.180372 -0.224154 -0.027774 0.957314
1520530748.450793505 0.496128 0.117815 0.087519 -0.168873 -0.213733 0.017425 0.962027
1520530748.500795364 0.489261 0.156666 0.065950 -0.155963 -0.196056 0.059019 0.966310
1520530748.550797224 0.480696 0.190743 0.042023 -0.144207 -0.173876 0.096859 0.969324
1520530748.600798368 0.470583 0.220635 0.013060 -0.134208 -0.145525 0.131798 0.971308
1520530748.650800467 0.461039 0.242327 -0.022478 -0.124235 -0.108264 0.159140 0.973406
1520530748.700801611 0.452260 0.254957 -0.063239 -0.117173 -0.064335 0.178544 0.974809
1520530748.750571012 0.443921 0.257694 -0.107281 -0.110510 -0.014681 0.187577 0.975903
1520530748.800571918 0.436337 0.253735 -0.151173 -0.104578 0.035454 0.188957 0.975757
1520530748.850573778 0.427183 0.242968 -0.196143 -0.095882 0.088904 0.182051 0.974557
1520530748.900576115 0.417391 0.226459 -0.239453 -0.084293 0.142491 0.167166 0.971929
1520530748.950576782 0.408149 0.202555 -0.279543 -0.070540 0.193537 0.142167 0.968171
1520530749.000578880 0.398920 0.174036 -0.315304 -0.053831 0.240105 0.108911 0.963115
1520530749.050580978 0.390878 0.140895 -0.345647 -0.038790 0.279039 0.069725 0.956959
1520530749.100584984 0.381570 0.106517 -0.371354 -0.022536 0.311982 0.026882 0.949440
1520530749.150922537 0.372446 0.071838 -0.392146 -0.006271 0.337799 -0.017331 0.941038
1520530749.200923681 0.364274 0.042289 -0.406225 0.015630 0.356412 -0.061361 0.932181
1520530749.250924587 0.358281 0.002958 -0.416789 0.032502 0.366897 -0.111267 0.923011
1520530749.300926447 0.351583 -0.038717 -0.422535 0.052424 0.370870 -0.165903 0.912241
1520530749.350927591 0.350141 -0.087227 -0.418701 0.068106 0.360605 -0.223413 0.903002
1520530749.400929451 0.351984 -0.140353 -0.403796 0.075623 0.336510 -0.278785 0.896282
1520530749.450988531 0.365399 -0.191539 -0.370235 0.074272 0.292962 -0.323287 0.896740
1520530749.500932693 0.388716 -0.239965 -0.314605 0.060873 0.229907 -0.355229 0.904019
1520530749.551299334 0.412864 -0.282241 -0.239552 0.038222 0.153740 -0.377415 0.912393
1520530749.601300240 0.440101 -0.302508 -0.147118 0.014443 0.067106 -0.382145 0.921549
1520530749.651302338 0.462361 -0.301099 -0.049426 -0.013802 -0.021197 -0.370380 0.928536
1520530749.701303244 0.478393 -0.276831 0.036205 -0.039566 -0.097322 -0.344685 0.932821
1520530749.751305103 0.491168 -0.235866 0.099531 -0.062378 -0.154450 -0.308144 0.936644
1520530749.801307440 0.501423 -0.189235 0.140202 -0.084074 -0.192949 -0.267462 0.940301
1520530749.851308346 0.509809 -0.141706 0.164219 -0.098491 -0.218799 -0.227097 0.943850
1520530749.901310205 0.517322 -0.081640 0.182139 -0.113575 -0.241762 -0.175307 0.947586
1520530749.950998783 0.520595 -0.021100 0.196007 -0.116924 -0.261543 -0.124320 0.949983
1520530750.001000643 0.524165 0.038485 0.184357 -0.127594 -0.261016 -0.071121 0.954218
1520530750.051001787 0.525234 0.093095 0.160955 -0.141721 -0.251448 -0.020178 0.957226
1520530750.101003885 0.525437 0.136601 0.128507 -0.152001 -0.232743 0.022644 0.960320
1520530750.151004553 0.526297 0.165101 0.086393 -0.162288 -0.203250 0.054665 0.964035
1520530750.201006889 0.528505 0.177771 0.034221 -0.169859 -0.161428 0.074222 0.969319
1520530750.251008749 0.529815 0.175687 -0.023962 -0.179573 -0.111893 0.082700 0.973855
1520530750.301009893 0.527480 0.163310 -0.084404 -0.190044 -0.058458 0.083702 0.976453
1520530750.350639105 0.522808 0.138368 -0.139411 -0.197087 -0.004909 0.071877 0.977735
1520530750.400640965 0.515352 0.104029 -0.188062 -0.199977 0.045105 0.050195 0.977474
1520530750.450642109 0.506092 0.068839 -0.225898 -0.197797 0.087380 0.024649 0.976029
1520530750.500644207 0.495182 0.025771 -0.257227 -0.187860 0.126429 -0.012794 0.973941
1520530750.550644875 0.483024 -0.020138 -0.280262 -0.172728 0.158667 -0.057338 0.970413
1520530750.600647211 0.469742 -0.067750 -0.294945 -0.155033 0.181851 -0.106856 0.965130
1520530750.650648117 0.454601 -0.115360 -0.304045 -0.135084 0.198556 -0.159284 0.957579
1520530750.700654030 0.437329 -0.160618 -0.308572 -0.113565 0.208976 -0.211956 0.947896
1520530750.750652075 0.420285 -0.203603 -0.306329 -0.093297 0.210658 -0.263292 0.936801
1520530750.800614834 0.408430 -0.240647 -0.295547 -0.070975 0.199154 -0.310778 0.926670
1520530750.850617170 0.402647 -0.273369 -0.274115 -0.047357 0.175646 -0.351939 0.918175
1520530750.900618076 0.404298 -0.303900 -0.239747 -0.015061 0.133760 -0.392270 0.909948
1520530750.950618982 0.405676 -0.330949 -0.197433 0.014069 0.084040 -0.424431 0.901442
1520530751.000621080 0.411115 -0.353884 -0.136915 0.037395 0.018185 -0.445559 0.894286
1520530751.050668955 0.415163 -0.370355 -0.061215 0.049669 -0.056934 -0.454028 0.887778
1520530751.100623846 0.415019 -0.374970 0.021115 0.056206 -0.136121 -0.450779 0.880404
1520530751.150625944 0.406740 -0.368351 0.109285 0.056424 -0.217050 -0.438203 0.870451
1520530751.201260090 0.385644 -0.355276 0.194551 0.056257 -0.296501 -0.422644 0.854573
1520530751.251261950 0.385644 -0.355276 0.194551 0.056257 -0.296501 -0.422644 0.854573
1520530751.301262856 0.389863 -0.357891 0.177498 0.056257 -0.296501 -0.422644 0.854573
1520530751.351264954 0.389863 -0.357891 0.177498 0.056257 -0.296501 -0.422644 0.854573
1520530751.401267052 0.393238 -0.359983 0.163855 0.056257 -0.296501 -0.422644 0.854573
1520530751.451268196 0.393238 -0.359983 0.163855 0.056257 -0.296501 -0.422644 0.854573
1520530751.501270056 0.395939 -0.361656 0.152941 0.056257 -0.296501 -0.422644 0.854573
1520530751.551270962 0.395939 -0.361656 0.152941 0.056257 -0.296501 -0.422644 0.854573
1520530751.601708174 0.200894 0.392778 0.897422 0.031145 -0.007680 -0.035683 0.998848
1520530751.651709080 0.041377 0.119485 0.204320 -0.033729 0.008253 0.035828 0.998754
1520530751.701711178 0.117244 0.161370 0.117372 -0.056394 0.026147 0.053958 0.996607
1520530751.751712322 0.139421 0.138924 0.020716 -0.079449 0.061690 0.068027 0.992600
1520530751.801714182 0.167691 0.116339 -0.078624 -0.096760 0.109776 0.066699 0.986984
1520530751.851716042 0.181872 0.094859 -0.153739 -0.108288 0.161131 0.057848 0.979267
1520530751.901717186 0.188797 0.057628 -0.222843 -0.119070 0.213305 0.038787 0.968927
1520530751.951719284 0.169213 0.017418 -0.287963 -0.127845 0.264143 0.011180 0.955907
1520530752.001096249 0.130544 0.025967 -0.359809 -0.126257 0.316691 -0.022124 0.939828
1520530752.051097155 0.160642 0.025975 -0.453862 -0.115486 0.357306 -0.059092 0.924934
1520530752.101099253 0.106616 -0.008383 -0.533462 -0.098521 0.389703 -0.099177 0.910269
1520530752.151101112 0.032000 -0.054247 -0.627085 -0.078218 0.414447 -0.140760 0.895713
1520530752.201102018 -0.037824 -0.039209 -0.728373 -0.056020 0.430404 -0.182126 0.882295
1520530752.251103163 -0.098006 -0.105720 -0.794441 -0.037793 0.434408 -0.225441 0.871228
1520530752.301105261 -0.175216 -0.129361 -0.896748 -0.018285 0.426713 -0.265478 0.864351
1520530752.351107121 -0.299383 -0.158749 -1.015515 0.002738 0.407636 -0.302854 0.861455
1520530752.401229382 -0.392581 -0.178413 -1.150790 0.028861 0.378978 -0.334920 0.862190
1520530752.451231480 -0.372937 -0.030525 -1.309670 0.063854 0.342086 -0.356330 0.867138
1520530752.501233339 -0.326756 0.130119 -1.452233 0.097889 0.300188 -0.369475 0.873952
1520530752.551233530 -0.315774 0.115508 -1.613850 0.117295 0.252909 -0.372889 0.885004
1520530752.601235390 -0.270140 0.130417 -1.781410 0.129704 0.200346 -0.368602 0.898427
1520530752.651273489 -0.224283 0.150493 -1.919104 0.132865 0.145768 -0.357175 0.912975
1520530752.701238632 -0.129443 0.146431 -2.053874 0.130452 0.087075 -0.339969 0.927265
1520530752.751240492 -0.051121 0.135823 -2.189569 0.126350 0.030220 -0.316825 0.939545
1520530752.801898479 0.090015 0.075186 -2.349853 0.121678 -0.026559 -0.287046 0.949786
1520530752.851900339 0.242511 -0.024018 -2.469642 0.113001 -0.076060 -0.255313 0.957215
1520530752.901901484 0.340843 -0.097659 -2.538575 0.100647 -0.112893 -0.221685 0.963318
1520530752.951903582 0.396961 -0.198231 -2.600758 0.081594 -0.139311 -0.185381 0.969314
1520530753.001905441 0.424825 -0.302452 -2.646279 0.056748 -0.155642 -0.146255 0.975277
1520530753.051906586 0.429888 -0.465058 -2.673736 0.025522 -0.161957 -0.101384 0.981244
1520530753.101908445 0.396596 -0.630970 -2.687889 -0.008988 -0.155750 -0.056463 0.986140
1520530753.151909351 0.317033 -0.827478 -2.678155 -0.047322 -0.136701 -0.015295 0.989363
1520530753.201911449 0.173507 -1.026017 -2.628848 -0.084887 -0.103481 0.019967 0.990801
1520530753.251553535 -0.010104 -1.200051 -2.560665 -0.118984 -0.061200 0.042428 0.990100
1520530753.301555634 -0.299983 -1.344976 -2.454677 -0.146315 -0.002477 0.048831 0.988029
1520530753.351556540 -0.643517 -1.427969 -2.325247 -0.164119 0.065030 0.043590 0.983329
1520530753.401558638 -1.017313 -1.460014 -2.155206 -0.175234 0.137003 0.029012 0.974516
1520530753.451560736 -1.400367 -1.395394 -1.961619 -0.172428 0.210811 0.007633 0.962169
1520530753.501561642 -1.750939 -1.238799 -1.762848 -0.154405 0.282645 -0.013871 0.946614
1520530753.551563501 -2.040301 -1.023657 -1.567707 -0.123894 0.347167 -0.033360 0.928985
1520530753.601565599 -2.260930 -0.784910 -1.384938 -0.086144 0.401456 -0.048727 0.910515
1520530753.651035309 -2.417825 -0.609919 -1.211402 -0.055669 0.444733 -0.055883 0.892183
1520530753.701037407 -2.498943 -0.502475 -1.095389 -0.035244 0.471001 -0.057630 0.879542
1520530753.751039505 -2.543057 -0.415504 -1.024947 -0.020623 0.486592 -0.063029 0.871109
1520530753.801040411 -2.575803 -0.375424 -0.956546 -0.015146 0.499676 -0.066206 0.863546
1520530753.851041555 -2.597794 -0.372600 -0.895206 -0.017503 0.509980 -0.068370 0.857286
1520530753.901043415 -2.612482 -0.377510 -0.848083 -0.023609 0.516814 -0.073451 0.852614
1520530753.951045275 -2.618181 -0.407571 -0.813597 -0.033174 0.521109 -0.075362 0.849509
1520530754.001046419 -2.615762 -0.451381 -0.797603 -0.044382 0.521872 -0.075995 0.848472
1520530754.051765203 -2.612822 -0.494841 -0.780761 -0.055585 0.522568 -0.076618 0.847327
1520530754.101767063 -2.612822 -0.494841 -0.780761 -0.055585 0.522568 -0.076618 0.847327
1520530754.151767969 -2.613410 -0.486149 -0.784129 -0.055585 0.522568 -0.076618 0.847327
1520530754.201770306 -2.613880 -0.479196 -0.786824 -0.055585 0.522568 -0.076618 0.847327
1520530754.251797199 -2.614256 -0.473633 -0.788980 -0.055585 0.522568 -0.076618 0.847327
1520530754.301773310 -2.614557 -0.469183 -0.790704 -0.055585 0.522568 -0.076618 0.847327
1520530754.351775169 -2.614798 -0.465622 -0.792084 -0.055585 0.522568 -0.076618 0.847327
1520530754.401776075 -2.614991 -0.462774 -0.793188 -0.055585 0.522568 -0.076618 0.847327
1520530754.451720476 -2.615145 -0.460496 -0.794071 -0.055585 0.522568 -0.076618 0.847327
1520530754.501721382 -2.615268 -0.458673 -0.794777 -0.055585 0.522568 -0.076618 0.847327
1520530754.551723242 -2.615367 -0.457215 -0.795342 -0.055585 0.522568 -0.076618 0.847327
1520530754.601725340 -2.615446 -0.456048 -0.795794 -0.055585 0.522568 -0.076618 0.847327
1520530754.651726246 -0.851548 0.109663 0.512680 -0.000477 0.026090 -0.014162 0.999559
1520530754.701728344 -0.078857 0.061466 -0.072445 0.004670 0.014471 0.005763 0.999868
1520530754.751729488 -0.261047 0.041279 0.029263 0.003316 0.036646 -0.001083 0.999322
1520530754.801731348 -0.315672 -0.012545 -0.017400 0.004443 0.055942 -0.001983 0.998422
1520530754.851698637 -0.275918 -0.050819 -0.143005 0.005993 0.071767 0.005002 0.997391
1520530754.901700974 -0.198806 -0.096472 -0.302640 0.003598 0.087700 0.012624 0.996060
1520530754.951701641 -0.165387 -0.081453 -0.388299 -0.002675 0.103636 0.023178 0.994342
1520530755.001703739 -0.185965 -0.111154 -0.470385 -0.018193 0.124382 0.029220 0.991637
1520530755.051705837 -0.187565 -0.150586 -0.559538 -0.036255 0.150901 0.030454 0.987414
1520530755.101706743 -0.236601 -0.223214 -0.672324 -0.053389 0.190857 0.025914 0.979822
1520530755.151708603 -0.292418 -0.299606 -0.770463 -0.065659 0.234666 0.018264 0.969684
1520530755.201710939 -0.401275 -0.364941 -0.840441 -0.075876 0.282946 0.009740 0.956080
1520530755.251591444 -0.531549 -0.374063 -0.890194 -0.084172 0.333855 0.009662 0.938809
1520530755.301592350 -0.637422 -0.406109 -0.916185 -0.094677 0.379557 0.012662 0.920224
1520530755.351593256 -0.772806 -0.419854 -0.919241 -0.100266 0.426939 0.016439 0.898554
1520530755.401595354 -0.879772 -0.448563 -0.931585 -0.101617 0.472234 0.011560 0.875520
1520530755.451596260 -1.032839 -0.446683 -0.915256 -0.096206 0.519986 0.007124 0.848710
1520530755.501598358 -1.168244 -0.446678 -0.897265 -0.086568 0.562818 0.001688 0.822034
1520530755.551599264 -1.280447 -0.436483 -0.870445 -0.072084 0.600940 -0.003402 0.796030
1520530755.601601362 -1.386842 -0.403329 -0.839968 -0.054154 0.636405 -0.001384 0.769450
1520530755.651602507 -1.507526 -0.373550 -0.792534 -0.038118 0.670089 0.005534 0.741281
1520530755.701246500 -1.556431 -0.409904 -0.781544 -0.033602 0.693714 0.014308 0.719324
1520530755.751247644 -1.594651 -0.420136 -0.765211 -0.033151 0.715183 0.025572 0.697682
1520530755.801249504 -1.589513 -0.434143 -0.755614 -0.038415 0.731116 0.028965 0.680555
1520530755.851266623 -1.621851 -0.449594 -0.748689 -0.046909 0.747577 0.028327 0.661910
1520530755.901252508 -1.616581 -0.461051 -0.760038 -0.053252 0.758137 0.026075 0.649394
1520530755.951254606 -1.604183 -0.467833 -0.784467 -0.056555 0.767508 0.027711 0.637938
1520530756.001255512 -1.617290 -0.498472 -0.787778 -0.059918 0.780536 0.032253 0.621396
1520530756.051257610 -1.650256 -0.503835 -0.784445 -0.059708 0.795104 0.038917 0.602271
1520530756.101238966 -1.668334 -0.541923 -0.782475 -0.063563 0.808807 0.040553 0.583221
1520530756.151241302 -1.694787 -0.575139 -0.765096 -0.069024 0.823360 0.040387 0.561856
1520530756.201243162 -1.728460 -0.590688 -0.733008 -0.071229 0.839576 0.038529 0.537172
1520530756.251244068 -1.763041 -0.582659 -0.694759 -0.068001 0.856084 0.038335 0.510908
1520530756.301246166 -1.796796 -0.562901 -0.660959 -0.062831 0.870762 0.042267 0.485838
1520530756.351247072 -1.809189 -0.557277 -0.637500 -0.059150 0.882981 0.047524 0.463236
1520530756.401248932 -1.816343 -0.567196 -0.595597 -0.060387 0.896293 0.054009 0.436000
1520530756.451250076 -1.833856 -0.591559 -0.533527 -0.064654 0.910441 0.059676 0.404173
1520530756.501374722 -1.847613 -0.606988 -0.482995 -0.069172 0.922629 0.070053 0.372912
1520530756.551376820 -1.846780 -0.643410 -0.439232 -0.074584 0.932391 0.078530 0.344845
1520530756.601377726 -1.848484 -0.681066 -0.400321 -0.079162 0.941154 0.084918 0.317413
1520530756.651379824 -1.832292 -0.733076 -0.379114 -0.089102 0.947338 0.091259 0.293739
1520530756.701380968 -1.822387 -0.777893 -0.362491 -0.098210 0.952855 0.093630 0.271397
1520530756.751382828 -1.824295 -0.801070 -0.348895 -0.104197 0.958179 0.091654 0.250270
1520530756.801383972 -1.829355 -0.806890 -0.349968 -0.106908 0.962758 0.087581 0.232375
1520530756.851385832 -1.823252 -0.809974 -0.357767 -0.108785 0.966254 0.084296 0.217744
1520530756.901524305 -1.828912 -0.805202 -0.341712 -0.111445 0.970904 0.082450 0.195262
1520530756.951526165 -1.815817 -0.825107 -0.321369 -0.118947 0.974537 0.079388 0.172706
1520530757.001527071 -1.792715 -0.861495 -0.295831 -0.128603 0.977165 0.077095 0.150550
1520530757.051529169 -1.786663 -0.872705 -0.260899 -0.132013 0.980408 0.079824 0.122474
1520530757.101530075 -1.779880 -0.877259 -0.214644 -0.128735 0.983784 0.082411 0.093829
1520530757.151530981 -1.777804 -0.875932 -0.168013 -0.124791 0.986320 0.087947 0.062171
1520530757.201533079 -1.759472 -0.892672 -0.135237 -0.124068 0.987293 0.093724 0.032789
1520530757.251533985 -1.751876 -0.895597 -0.101830 -0.118674 0.988056 0.098237 0.003420
1520530757.301300287 -1.727507 -0.855912 -0.056716 -0.113496 0.987668 0.105942 -0.020164
1520530757.351301432 -1.705233 -0.853494 -0.024253 -0.112583 0.986573 0.108793 -0.046505
1520530757.401303291 -1.678198 -0.877665 0.021671 -0.117418 0.984372 0.106882 -0.076167
1520530757.451311350 -1.639293 -0.889068 0.084268 -0.120895 0.981087 0.104044 -0.109670
1520530757.501306295 -1.593489 -0.905378 0.155571 -0.121940 0.976423 0.101245 -0.146558
1520530757.551308393 -1.555888 -0.906237 0.214657 -0.125145 0.969595 0.104902 -0.182263
1520530757.601309299 -1.515058 -0.921226 0.248427 -0.127902 0.962744 0.108652 -0.212037
1520530757.651311398 -1.492981 -0.930008 0.271541 -0.127332 0.955656 0.114048 -0.239796
1520530757.701312304 -1.468516 -0.952483 0.283424 -0.128463 0.948565 0.116724 -0.264759
1520530757.751027346 -1.429521 -0.974788 0.280267 -0.134241 0.941748 0.118577 -0.284658
1520530757.801029444 -1.407930 -0.997623 0.274970 -0.138131 0.935348 0.119046 -0.303104
1520530757.851030350 -1.379050 -1.004855 0.254474 -0.139920 0.930267 0.122107 -0.316412
1520530757.901032448 -1.356629 -0.996278 0.235801 -0.140901 0.924113 0.128710 -0.331051
1520530757.951033354 -1.327688 -0.989877 0.243908 -0.140838 0.915531 0.132838 -0.352594
1520530758.001035213 -1.286173 -0.991864 0.262332 -0.143779 0.904903 0.133276 -0.377777
1520530758.051036358 -1.236791 -1.000802 0.291011 -0.147081 0.893766 0.128485 -0.403783
1520530758.101038218 -1.197463 -0.996157 0.326927 -0.142945 0.881579 0.124390 -0.432334
1520530758.151144505 -1.154817 -0.983022 0.345754 -0.138938 0.868565 0.125163 -0.458939
1520530758.201146364 -1.115700 -0.976488 0.357853 -0.133598 0.855120 0.127858 -0.484327
1520530758.251148224 -1.067381 -0.983843 0.364865 -0.131159 0.839446 0.131661 -0.510679
1520530758.301149368 -1.017610 -0.988128 0.368943 -0.130114 0.820602 0.137359 -0.539272
1520530758.351151466 -0.971513 -0.977487 0.385131 -0.122749 0.801667 0.140975 -0.567793
1520530758.401153564 -0.935029 -0.948640 0.407673 -0.109306 0.782298 0.143781 -0.596145
1520530758.451154470 -0.887338 -0.926243 0.429806 -0.098245 0.761566 0.144715 -0.624037
1520530758.501156330 -0.831144 -0.909149 0.444208 -0.090877 0.737276 0.146316 -0.653267
1520530758.551586628 -0.782400 -0.886809 0.457134 -0.082655 0.707621 0.149323 -0.685670
1520530758.601588726 -0.709469 -0.882509 0.473476 0.080115 -0.680233 -0.148888 0.713230
1520530758.651589632 -0.645256 -0.891116 0.475343 0.081747 -0.654218 -0.143041 0.738143
1520530758.701591492 -0.589988 -0.891161 0.468879 0.082457 -0.632208 -0.137935 0.757950
1520530758.751592636 -0.549042 -0.897171 0.450044 0.082355 -0.611924 -0.136595 0.774667
1520530758.801594734 -0.523506 -0.911518 0.411526 0.085774 -0.594171 -0.140659 0.787286
1520530758.851596832 -0.510892 -0.923572 0.350328 0.094190 -0.584674 -0.148687 0.791945
1520530758.901597738 -0.506431 -0.923789 0.285902 0.102719 -0.580714 -0.157760 0.792043
1520530758.951488256 -0.518547 -0.899681 0.225433 0.103930 -0.575877 -0.171606 0.792538
1520530759.001489162 -0.514635 -0.882513 0.194477 0.098252 -0.569231 -0.176447 0.796988
1520530759.051491261 -0.503298 -0.866713 0.170154 0.091179 -0.561944 -0.171934 0.803955
1520530759.101492167 -0.488038 -0.861192 0.150999 0.083381 -0.555297 -0.162827 0.811283
1520530759.151494026 -0.471414 -0.851761 0.128415 0.078664 -0.548290 -0.153194 0.818365
1520530759.201495409 -0.461638 -0.844697 0.097611 0.074486 -0.539218 -0.150525 0.825251
1520530759.251497269 -0.461635 -0.839798 0.066550 0.069824 -0.529160 -0.151309 0.831998
1520530759.301498175 -0.457668 -0.837983 0.031334 0.064900 -0.519292 -0.150330 0.838764
1520530759.351664305 -0.453351 -0.844636 0.003413 0.055172 -0.511082 -0.148142 0.844870
1520530759.401666403 -0.459106 -0.837666 -0.022526 0.044702 -0.502429 -0.147674 0.850741
1520530759.451667547 -0.457657 -0.834798 -0.054293 0.038388 -0.493464 -0.146434 0.856491
1520530759.501669407 -0.450490 -0.826964 -0.090886 0.038382 -0.481843 -0.146357 0.863096
1520530759.551670313 -0.456288 -0.815647 -0.127886 0.036658 -0.463147 -0.150215 0.872689
1520530759.601672411 -0.454886 -0.808670 -0.150685 0.031965 -0.442126 -0.153068 0.883217
1520530759.651673317 -0.450883 -0.801367 -0.176522 0.030573 -0.419792 -0.149690 0.894669
1520530759.701675177 -0.439908 -0.809783 -0.201448 0.029619 -0.400803 -0.140541 0.904836
1520530759.751602173 -0.429708 -0.813798 -0.223833 0.026339 -0.385966 -0.131822 0.912666
1520530759.801604271 -0.421362 -0.831469 -0.252288 0.021463 -0.375345 -0.122693 0.918478
1520530759.851606369 -0.413864 -0.848209 -0.285640 0.018133 -0.367036 -0.115027 0.922889
1520530759.901607275 -0.409692 -0.848605 -0.332162 0.019736 -0.362575 -0.111226 0.925083
1520530759.951609373 -0.412474 -0.849386 -0.380309 0.020364 -0.360252 -0.112937 0.925770
1520530760.001610279 -0.424182 -0.832703 -0.429840 0.022810 -0.356610 -0.117648 0.926536
1520530760.051612139 -0.426011 -0.830760 -0.476154 0.022725 -0.350716 -0.116804 0.928891
1520530760.101613283 -0.425820 -0.829520 -0.508890 0.020597 -0.341955 -0.110207 0.933004
1520530760.151616335 -0.422344 -0.835663 -0.533379 0.013605 -0.334280 -0.098767 0.937186
1520530760.201535225 -0.414389 -0.841164 -0.554582 0.004718 -0.326872 -0.089045 0.940853
1520530760.251537085 -0.423941 -0.844908 -0.570160 -0.003098 -0.310998 -0.085450 0.946556
1520530760.301537991 -0.448115 -0.851796 -0.585972 -0.012525 -0.291978 -0.089054 0.952188
1520530760.351539135 -0.479727 -0.853023 -0.603618 -0.018918 -0.270953 -0.091983 0.958001
1520530760.401541233 -0.500382 -0.858787 -0.620798 -0.022939 -0.249366 -0.089482 0.963993
1520530760.451543093 -0.525958 -0.869178 -0.629916 -0.031875 -0.228517 -0.089082 0.968932
1520530760.501544237 -0.544341 -0.870822 -0.641347 -0.038856 -0.208497 -0.087753 0.973303
1520530760.551546097 -0.569309 -0.873586 -0.660735 -0.042565 -0.191685 -0.086026 0.976752
1520530760.601489305 -0.606190 -0.858868 -0.679050 -0.043284 -0.167147 -0.091515 0.980721
1520530760.651491642 -0.648458 -0.838956 -0.689171 -0.042069 -0.137250 -0.097746 0.984804
1520530760.701492548 -0.688717 -0.825052 -0.698308 -0.039082 -0.106441 -0.099728 0.988533
1520530760.751494408 -0.726200 -0.819998 -0.701942 -0.036879 -0.075456 -0.097491 0.991686
1520530760.801495552 -0.754113 -0.823003 -0.704082 -0.037709 -0.049160 -0.093996 0.993643
1520530760.851497412 -0.776035 -0.833517 -0.707857 -0.040222 -0.027566 -0.088104 0.994917
1520530760.901498318 -0.790627 -0.861095 -0.711588 -0.045623 -0.008691 -0.080217 0.995695
1520530760.951500654 -0.800925 -0.881369 -0.725947 -0.047784 0.006413 -0.071722 0.996259
1520530761.001376867 -0.809070 -0.892093 -0.752495 -0.046427 0.018393 -0.065826 0.996581
1520530761.051378012 -0.829908 -0.892720 -0.782123 -0.043987 0.029549 -0.065972 0.996413
1520530761.101379871 -0.846106 -0.877751 -0.814278 -0.038789 0.041381 -0.065436 0.996244
1520530761.151381016 -0.872500 -0.868258 -0.826251 -0.037028 0.058500 -0.063783 0.995559
1520530761.201382875 -0.888595 -0.866994 -0.835603 -0.040034 0.074132 -0.058388 0.994732
1520530761.251383781 -0.891262 -0.873025 -0.834042 -0.045644 0.088574 -0.053941 0.993560
1520530761.301385880 -0.921820 -0.885123 -0.818693 -0.053425 0.110206 -0.053000 0.991056
1520530761.351386786 -0.961224 -0.888252 -0.801603 -0.060691 0.133872 -0.053683 0.987681
1520530761.401249647 -0.999184 -0.898802 -0.777141 -0.068695 0.158959 -0.053215 0.983454
1520530761.451251507 -1.038501 -0.905098 -0.750738 -0.075106 0.185947 -0.054304 0.978179
1520530761.501252651 -1.080695 -0.889266 -0.723550 -0.076811 0.215619 -0.055401 0.971874
1520530761.551254511 -1.124137 -0.886928 -0.684141 -0.082533 0.247617 -0.055384 0.963746
1520530761.601256371 -1.154018 -0.907350 -0.643327 -0.092696 0.274403 -0.054830 0.955565
1520530761.651258707 -1.187689 -0.906203 -0.606707 -0.097688 0.302095 -0.053955 0.946723
1520530761.701259613 -1.225875 -0.887852 -0.566301 -0.096912 0.333402 -0.055955 0.936120
1520530761.751261711 -1.264257 -0.859439 -0.533623 -0.089207 0.365733 -0.051515 0.925001
1520530761.801129580 -1.281666 -0.861542 -0.508130 -0.084623 0.393585 -0.040746 0.914478
1520530761.851130486 -1.295082 -0.864739 -0.479770 -0.082674 0.418143 -0.033063 0.904007
1520530761.901133537 -1.302927 -0.872849 -0.454394 -0.083994 0.439585 -0.026506 0.893872
1520530761.951133490 -1.306207 -0.885713 -0.437344 -0.086059 0.458814 -0.019447 0.884141
1520530762.001135349 -1.321480 -0.886181 -0.424685 -0.083829 0.478394 -0.014769 0.874010
1520530762.051136494 -1.324942 -0.897459 -0.425699 -0.082997 0.492650 -0.009267 0.866211
1520530762.101138353 -1.332090 -0.898668 -0.437453 -0.080979 0.503565 -0.004690 0.860141
1520530762.151140451 -1.339687 -0.885607 -0.459791 -0.076541 0.513389 -0.003180 0.854730
1520530762.201313734 -1.361104 -0.857369 -0.462949 -0.070372 0.528562 -0.003328 0.845966
1520530762.251318693 -1.374691 -0.847693 -0.454333 -0.071575 0.543184 -0.003608 0.836549
1520530762.301316977 -1.374945 -0.849886 -0.443424 -0.077435 0.555089 -0.001943 0.828176
1520530762.351318836 -1.373139 -0.830965 -0.412146 -0.077571 0.568975 -0.002865 0.818683
1520530762.401319742 -1.396301 -0.827344 -0.374122 -0.079217 0.589351 -0.004421 0.803971
1520530762.451321840 -1.398480 -0.826322 -0.347761 -0.080249 0.606107 -0.001536 0.791323
1520530762.501322746 -1.404821 -0.829912 -0.316935 -0.081181 0.624449 0.000820 0.776835
1520530762.551324606 -1.398477 -0.841393 -0.288813 -0.085534 0.640125 0.003349 0.763487
1520530762.601326942 -1.407251 -0.840510 -0.246169 -0.089564 0.658613 0.000524 0.747133
1520530762.651530981 -1.412724 -0.827870 -0.207473 -0.091674 0.676002 -0.004370 0.731162
1520530762.701532841 -1.423205 -0.817476 -0.170629 -0.091416 0.694895 -0.004745 0.713261
1520530762.751533985 -1.425442 -0.792507 -0.116612 -0.084372 0.718283 -0.002621 0.690611
1520530762.801536083 -1.426915 -0.776673 -0.047075 -0.080054 0.744458 0.001498 0.662851
1520530762.851536989 -1.413804 -0.782291 0.021748 -0.082659 0.768394 0.007186 0.634576
1520530762.901539087 -1.391429 -0.800001 0.080615 -0.088846 0.788353 0.013697 0.608619
1520530762.951539993 -1.372951 -0.818658 0.129873 -0.094920 0.805528 0.016379 0.584676
1520530763.001541853 -1.362491 -0.822944 0.161743 -0.097308 0.819372 0.019013 0.564622
1520530763.051559210 -1.360354 -0.824427 0.180726 -0.095174 0.831251 0.021325 0.547274
1520530763.101560116 -1.352568 -0.835041 0.173666 -0.092405 0.838759 0.027236 0.535912
1520530763.151561975 -1.346023 -0.857689 0.139321 -0.092948 0.841152 0.039838 0.531260
1520530763.201564074 -1.342940 -0.863267 0.079193 -0.090598 0.838925 0.046864 0.534604
1520530763.251564980 -1.357309 -0.829806 0.027326 -0.080253 0.838693 0.048412 0.536479
1520530763.301567078 -1.379152 -0.805807 -0.009250 -0.073889 0.839990 0.043912 0.535750
1520530763.351568222 -1.385097 -0.778759 -0.058012 -0.068942 0.838272 0.042216 0.539226
1520530763.401570082 -1.396590 -0.764727 -0.095251 -0.067710 0.838482 0.043259 0.538974
1520530763.451561451 -1.401543 -0.748240 -0.125916 -0.066546 0.839208 0.041534 0.538123
1520530763.501562357 -1.415782 -0.728691 -0.139521 -0.066810 0.842644 0.034768 0.533178
1520530763.551564455 -1.416826 -0.733611 -0.150270 -0.072938 0.845178 0.025099 0.528889
1520530763.601565361 -1.420751 -0.740010 -0.151151 -0.078292 0.850022 0.018108 0.520581
1520530763.651566267 -1.429824 -0.736458 -0.138739 -0.079485 0.858174 0.015793 0.506923
1520530763.701569557 -1.436160 -0.744969 -0.126456 -0.083015 0.866245 0.014696 0.492454
1520530763.751570463 -1.433759 -0.752219 -0.119078 -0.086645 0.872798 0.015601 0.480076
1520530763.801571369 -1.437388 -0.750060 -0.105036 -0.086748 0.880946 0.015937 0.464924
1520530763.851452351 -1.450241 -0.725037 -0.082114 -0.081715 0.891116 0.016234 0.446062
1520530763.901453257 -1.450507 -0.712594 -0.063506 -0.079302 0.899457 0.016214 0.429447
1520530763.951455116 -1.443144 -0.716736 -0.055534 -0.080911 0.906214 0.021301 0.414458
1520530764.001456499 -1.435249 -0.736282 -0.046364 -0.086574 0.912496 0.027343 0.398883
1520530764.051458359 -1.430385 -0.750632 -0.036077 -0.091896 0.917999 0.029864 0.384631
1520530764.101459265 -1.421863 -0.765955 -0.035434 -0.098423 0.921839 0.029397 0.373714
1520530764.151461363 -1.415389 -0.781389 -0.037352 -0.102338 0.925410 0.027761 0.363830
1520530764.201463223 -1.415439 -0.798252 -0.056267 -0.105971 0.928035 0.033204 0.355554
1520530764.251481295 -1.414692 -0.810090 -0.086856 -0.107454 0.929524 0.040390 0.350439
1520530764.301483154 -1.419283 -0.807595 -0.117246 -0.104849 0.931511 0.047016 0.345086
1520530764.351484060 -1.412811 -0.811344 -0.150867 -0.105495 0.932423 0.055650 0.341118
1520530764.401486397 -1.412831 -0.813665 -0.176855 -0.108588 0.933810 0.061971 0.335213
1520530764.451487303 -1.405285 -0.821943 -0.206691 -0.114830 0.933751 0.062509 0.333191
1520530764.501489162 -1.406971 -0.817869 -0.229253 -0.116677 0.935076 0.062577 0.328792
1520530764.551490307 -1.420036 -0.794086 -0.238419 -0.110791 0.938692 0.062128 0.320505
1520530764.601492167 -1.431617 -0.775121 -0.236422 -0.104867 0.943390 0.060242 0.308851
1520530764.651494026 -1.432896 -0.776080 -0.218220 -0.104125 0.948556 0.055780 0.293749
1520530764.701715469 -1.433468 -0.785894 -0.178261 -0.108321 0.955039 0.052002 0.271040
1520530764.751717329 -1.428257 -0.801781 -0.133386 -0.113974 0.960965 0.045782 0.247913
1520530764.801719189 -1.424103 -0.809947 -0.091333 -0.117323 0.966342 0.041329 0.225190
1520530764.851720333 -1.421589 -0.812709 -0.057401 -0.117423 0.971422 0.042628 0.201828
1520530764.901721239 -1.414816 -0.812227 -0.025614 -0.115448 0.975779 0.050184 0.178909
1520530764.951724291 -1.406293 -0.804858 0.020686 -0.110858 0.980622 0.060182 0.149899
1520530765.001725435 -1.394012 -0.801258 0.072734 -0.107477 0.984794 0.065976 0.119486
1520530765.051727295 -1.373246 -0.808024 0.122796 -0.108162 0.987498 0.070371 0.090531
1520530765.101763248 -1.346708 -0.817023 0.161339 -0.110729 0.989005 0.075127 0.062959
1520530765.151765347 -1.318471 -0.834741 0.194679 -0.115712 0.989531 0.077338 0.038179
1520530765.201766253 -1.290226 -0.855003 0.224314 -0.119377 0.989711 0.077590 0.014197
1520530765.251767397 -1.264323 -0.867462 0.246167 -0.122857 0.989078 0.081233 -0.005682
1520530765.301771164 -1.245199 -0.879468 0.255260 -0.124791 0.988179 0.085692 -0.024222
1520530765.351771116 -1.226062 -0.887624 0.249696 -0.128176 0.987091 0.088717 -0.036767
1520530765.401772261 -1.218700 -0.881193 0.245675 -0.126227 0.986875 0.088725 -0.047671
1520530765.451774120 -1.199285 -0.873301 0.242038 -0.123283 0.986971 0.086563 -0.056530
1520530765.501667500 -1.142501 -0.846909 0.222649 -0.122663 0.987246 0.092915 -0.040813
1520530765.551565647 -1.124257 -0.847578 0.225701 -0.126980 0.986018 0.092595 -0.055419
1520530765.601566553 -1.109077 -0.835260 0.247143 -0.123140 0.985268 0.091825 -0.075175
1520530765.651568651 -1.087788 -0.823545 0.277008 -0.118079 0.983976 0.089351 -0.099321
1520530765.701569557 -1.064628 -0.822523 0.313364 -0.114476 0.981861 0.084540 -0.125287
1520530765.751571417 -1.027316 -0.831988 0.343721 -0.117326 0.978176 0.081667 -0.150784
1520530765.801573515 -0.991416 -0.840192 0.377858 -0.116973 0.973523 0.079526 -0.179570
1520530765.851574421 -0.955734 -0.842976 0.407329 -0.116008 0.968118 0.079274 -0.207375
1520530765.901345491 -0.920541 -0.848419 0.434611 -0.114822 0.962601 0.077395 -0.232864
1520530765.951346397 -0.890611 -0.845903 0.458665 -0.112500 0.955344 0.079164 -0.261523
1520530766.001348495 -0.852125 -0.833500 0.488791 -0.105329 0.945913 0.086482 -0.294406
1520530766.051349401 -0.808947 -0.825360 0.527313 -0.097246 0.933410 0.093107 -0.332595
1520530766.101351500 -0.746029 -0.838982 0.563826 -0.098216 0.918381 0.093707 -0.371683
1520530766.151352644 -0.676462 -0.847680 0.584485 -0.105131 0.903772 0.092290 -0.404506
1520530766.201354504 -0.617967 -0.846601 0.607072 -0.107083 0.890429 0.086029 -0.433900
1520530766.251356363 -0.567801 -0.846136 0.623459 -0.106124 0.878712 0.077513 -0.458907
1520530766.301371336 -0.518524 -0.852842 0.625456 -0.109343 0.866977 0.072671 -0.480743
1520530766.351373672 -0.475834 -0.862501 0.612714 -0.113556 0.856255 0.073608 -0.498512
1520530766.401375532 -0.445659 -0.867676 0.591474 -0.116731 0.845920 0.078027 -0.514494
1520530766.451376438 -0.422590 -0.869373 0.577328 -0.115359 0.837735 0.078162 -0.527998
1520530766.501378536 -0.398069 -0.866028 0.561221 -0.113751 0.829216 0.079760 -0.541387
1520530766.551379442 -0.371329 -0.858984 0.547448 -0.111518 0.820255 0.079143 -0.555412
1520530766.601381302 -0.337736 -0.850596 0.536698 -0.111987 0.811906 0.073448 -0.568219
1520530766.651382446 -0.305755 -0.844787 0.530514 -0.109349 0.800789 0.068571 -0.584874
1520530766.701833963 -0.274741 -0.839166 0.537589 -0.103953 0.789035 0.066803 -0.601792
1520530766.751835823 -0.244494 -0.833098 0.529834 -0.098087 0.775667 0.067648 -0.619794
1520530766.801836967 -0.207542 -0.833843 0.514906 -0.097208 0.758638 0.069940 -0.640412
1520530766.851839066 -0.163784 -0.839781 0.495775 -0.098824 0.738859 0.072168 -0.662656
1520530766.901840925 -0.123646 -0.842341 0.476124 -0.098662 0.719966 0.073055 -0.683065
1520530766.951842070 -0.098135 -0.837790 0.459186 -0.093624 0.705393 0.074453 -0.698650
1520530767.001842976 -0.085615 -0.829248 0.438291 0.087601 -0.693795 -0.078819 0.710467
1520530767.051844835 -0.075967 -0.823828 0.412993 0.079916 -0.678762 -0.089941 0.724435
1520530767.101938009 -0.066345 -0.817455 0.385343 0.071674 -0.657803 -0.104537 0.742449
1520530767.151878357 -0.041215 -0.813438 0.358153 0.067645 -0.636089 -0.110755 0.760623
1520530767.201879263 -0.008717 -0.808676 0.333127 0.068243 -0.615838 -0.108748 0.777342
1520530767.251881361 0.026841 -0.805479 0.310943 0.069315 -0.599063 -0.101902 0.791161
1520530767.301882267 0.050708 -0.799160 0.288485 0.067685 -0.582346 -0.097820 0.804191
1520530767.351884365 0.065477 -0.796437 0.263073 0.062391 -0.566268 -0.097859 0.816009
1520530767.401886463 0.074001 -0.797176 0.238106 0.059169 -0.552763 -0.099205 0.825294
1520530767.451887369 0.077585 -0.798776 0.204340 0.060856 -0.543940 -0.102278 0.830641
1520530767.501889467 0.084659 -0.798244 0.169912 0.067114 -0.542451 -0.102389 0.831119
1520530767.551857233 0.092021 -0.797132 0.141054 0.071519 -0.545502 -0.103703 0.828588
1520530767.601859331 0.089199 -0.794578 0.109287 0.073005 -0.545437 -0.108591 0.827875
1520530767.651860237 0.084222 -0.776216 0.084963 0.075234 -0.546075 -0.108971 0.827204
1520530767.701862097 0.083723 -0.773298 0.059492 0.071627 -0.548856 -0.104429 0.826269
1520530767.751863241 0.083473 -0.763575 0.041552 0.067266 -0.548956 -0.102725 0.826783
1520530767.801865101 0.079687 -0.758090 0.021398 0.061579 -0.546092 -0.102621 0.829132
1520530767.851867199 0.083193 -0.764101 0.001039 0.055983 -0.541373 -0.099324 0.833016
1520530767.901869297 0.083511 -0.770393 -0.023587 0.049588 -0.531896 -0.095273 0.839971
1520530767.951935530 0.081208 -0.761532 -0.042930 0.043412 -0.519198 -0.093017 0.848468
1520530768.001936674 0.079313 -0.758979 -0.065287 0.036189 -0.506522 -0.092124 0.856527
1520530768.051939487 0.078705 -0.758285 -0.095584 0.033814 -0.497795 -0.091521 0.861789
1520530768.101940393 0.075901 -0.751862 -0.136426 0.039676 -0.489426 -0.094956 0.865951
1520530768.151941538 0.069960 -0.740532 -0.184376 0.045987 -0.475831 -0.105012 0.872034
1520530768.201943636 0.063394 -0.732570 -0.227619 0.049912 -0.460286 -0.107517 0.879822
1520530768.251944542 0.063508 -0.726972 -0.257498 0.049909 -0.445711 -0.101651 0.887985
1520530768.301946640 0.066718 -0.725336 -0.279496 0.046123 -0.431206 -0.092547 0.896308
1520530768.351885796 0.077727 -0.725193 -0.298655 0.043749 -0.420211 -0.081038 0.902741
1520530768.401886702 0.084819 -0.726037 -0.325261 0.043072 -0.409421 -0.068609 0.908742
1520530768.451888561 0.085580 -0.733031 -0.352988 0.040942 -0.399432 -0.062771 0.913695
1520530768.501889706 0.082643 -0.733328 -0.383746 0.040882 -0.391442 -0.063076 0.917128
1520530768.551891804 0.082791 -0.730733 -0.417294 0.043822 -0.388788 -0.061898 0.918200
1520530768.601892948 0.086563 -0.732395 -0.451780 0.045812 -0.390711 -0.061560 0.917309
1520530768.651894808 0.083905 -0.725448 -0.490057 0.049069 -0.388583 -0.064629 0.917834
1520530768.701976776 0.089746 -0.713139 -0.521919 0.052578 -0.385320 -0.062519 0.919160
1520530768.751810551 0.105496 -0.706165 -0.544738 0.054132 -0.385117 -0.050589 0.919889
1520530768.801811695 0.110322 -0.702153 -0.567141 0.053531 -0.381494 -0.041687 0.921878
1520530768.851813555 0.101485 -0.699054 -0.594252 0.051194 -0.372232 -0.043905 0.925686
1520530768.901814461 0.082204 -0.697554 -0.618765 0.046861 -0.359027 -0.048261 0.930900
1520530768.951816797 0.060791 -0.707235 -0.640348 0.040238 -0.341373 -0.047382 0.937870
1520530769.001818657 0.045415 -0.716792 -0.662519 0.036012 -0.321221 -0.041942 0.945389
1520530769.051819563 0.017684 -0.721735 -0.689231 0.034666 -0.294796 -0.038967 0.954136
1520530769.101821661 -0.025010 -0.723767 -0.714946 0.032723 -0.263486 -0.040945 0.963238
1520530769.151822567 -0.058435 -0.728215 -0.734407 0.029292 -0.235110 -0.039484 0.970725
1520530769.201870441 -0.092215 -0.725006 -0.754418 0.028035 -0.208451 -0.038388 0.976877
1520530769.251871347 -0.141414 -0.716224 -0.768518 0.025219 -0.178657 -0.045834 0.982520
1520530769.301873207 -0.186055 -0.713639 -0.780630 0.022299 -0.149472 -0.049028 0.987298
1520530769.351875305 -0.224596 -0.704204 -0.794499 0.024629 -0.119959 -0.047853 0.991319
1520530769.401876211 -0.260768 -0.698518 -0.807235 0.028418 -0.089315 -0.045294 0.994567
1520530769.451878309 -0.296336 -0.691849 -0.818146 0.032394 -0.058134 -0.041241 0.996930
1520530769.501879215 -0.327974 -0.700158 -0.821509 0.031297 -0.029025 -0.034543 0.998491
1520530769.551881313 -0.357181 -0.709899 -0.824554 0.029047 -0.002475 -0.028396 0.999172
1520530769.601849556 -0.387004 -0.715472 -0.830773 0.028964 0.020602 -0.023897 0.999082
1520530769.651851416 -0.400445 -0.712850 -0.846725 0.032587 0.035586 -0.018890 0.998657
1520530769.701853752 -0.407373 -0.705245 -0.871495 0.038342 0.044323 -0.015878 0.998155
1520530769.751854658 -0.414594 -0.691454 -0.897091 0.045073 0.051578 -0.011355 0.997587
1520530769.801856756 -0.409171 -0.696700 -0.915419 0.043471 0.055457 -0.003674 0.997508
1520530769.851858616 -0.400947 -0.710849 -0.923221 0.034749 0.059098 0.003441 0.997641
1520530769.901859522 -0.416471 -0.719556 -0.922848 0.025187 0.069043 0.003255 0.997290
1520530769.951861858 -0.450034 -0.719617 -0.919492 0.018971 0.085287 -0.001659 0.996174
1520530770.001660585 -0.484937 -0.723426 -0.918379 0.015126 0.103785 -0.005015 0.994472
1520530770.051661491 -0.515792 -0.725050 -0.919076 0.013755 0.123709 -0.005009 0.992211
1520530770.101663589 -0.552850 -0.736781 -0.909710 0.009635 0.148279 -0.003034 0.988894
1520530770.151665688 -0.592462 -0.751966 -0.889227 0.001576 0.174950 -0.002191 0.984574
1520530770.201667547 -0.635340 -0.763753 -0.867602 -0.006650 0.200842 -0.005301 0.979587
1520530770.251668453 -0.668378 -0.760166 -0.857230 -0.008866 0.222076 -0.006888 0.974965
1520530770.301736593 -0.695116 -0.748259 -0.858377 -0.005135 0.240130 -0.008292 0.970692
1520530770.351671457 -0.745907 -0.725152 -0.847234 0.001595 0.266444 -0.014861 0.963734
1520530770.401531935 -0.786412 -0.711017 -0.828454 0.004631 0.293081 -0.016997 0.955925
1520530770.451533794 -0.814691 -0.714835 -0.806950 0.002929 0.318839 -0.011230 0.947738
1520530770.501534939 -0.838698 -0.727592 -0.782525 -0.000973 0.344213 -0.003839 0.938883
1520530770.551536798 -0.858919 -0.750287 -0.753579 -0.007413 0.368658 0.002836 0.929531
1520530770.601538897 -0.876741 -0.772341 -0.728961 -0.013295 0.391800 0.009963 0.919900
1520530770.651540041 -0.894722 -0.792163 -0.707674 -0.017395 0.412861 0.014991 0.910505
1520530770.701541901 -0.913069 -0.794961 -0.699991 -0.015668 0.430494 0.019991 0.902236
1520530770.751542807 -0.923292 -0.789777 -0.704279 -0.011222 0.443335 0.026687 0.895888
1520530770.801611423 -0.932956 -0.784014 -0.714807 -0.007477 0.452417 0.029066 0.891302
1520530770.851612329 -0.938207 -0.772338 -0.728532 -0.003213 0.459738 0.031202 0.887500
1520530770.901614666 -0.941393 -0.760760 -0.738487 -0.002252 0.465768 0.033113 0.884284
1520530770.951616526 -0.942318 -0.771905 -0.743469 -0.010184 0.471170 0.034008 0.881328
1520530771.001617432 -0.954974 -0.764240 -0.740733 -0.012744 0.479426 0.030637 0.876955
1520530771.051619530 -0.993778 -0.745656 -0.719445 -0.010471 0.497080 0.022166 0.867358
1520530771.101620436 -1.027515 -0.740019 -0.691459 -0.010631 0.516730 0.016435 0.855925
1520530771.151622295 -1.049226 -0.752362 -0.656888 -0.017452 0.535971 0.014493 0.843931
1520530771.201895714 -1.073622 -0.775492 -0.608556 -0.029433 0.557893 0.012127 0.829302
1520530771.251897573 -1.098941 -0.784948 -0.563490 -0.036638 0.579112 0.008261 0.814383
1520530771.301899672 -1.123454 -0.791651 -0.528478 -0.040020 0.599508 0.006165 0.799344
1520530771.351901770 -1.140750 -0.787605 -0.509825 -0.038262 0.616139 0.008795 0.786658
1520530771.401902676 -1.162337 -0.775023 -0.490102 -0.033462 0.633555 0.010707 0.772900
1520530771.451904774 -1.200327 -0.749388 -0.441996 -0.026452 0.658338 0.007767 0.752217
1520530771.501905680 -1.222940 -0.741757 -0.384187 -0.025648 0.683191 0.008099 0.729744
1520530771.551911592 -1.231878 -0.751257 -0.321220 -0.030932 0.706871 0.011541 0.706572
1520530771.601908684 -1.241527 -0.762899 -0.253992 -0.037722 0.730051 0.013276 0.682222
1520530771.651878119 -1.242736 -0.779451 -0.195741 -0.045613 0.748645 0.011020 0.661308
1520530771.701879978 -1.242434 -0.793621 -0.157521 -0.050424 0.763377 0.012791 0.643855
1520530771.751882315 -1.239861 -0.804268 -0.142113 -0.052277 0.774290 0.018588 0.630395
1520530771.801883221 -1.236001 -0.810236 -0.141011 -0.051500 0.781233 0.022125 0.621718
1520530771.851885080 -1.237902 -0.812572 -0.147997 -0.050456 0.786201 0.023932 0.615443
1520530771.901942015 -1.239550 -0.806336 -0.173707 -0.047452 0.786865 0.025446 0.614772
1520530771.951888084 -1.241180 -0.803794 -0.194749 -0.044718 0.788669 0.027286 0.612582
1520530772.001888990 -1.237059 -0.796378 -0.216137 -0.042866 0.789686 0.030544 0.611249
1520530772.051866770 -1.234476 -0.794755 -0.228955 -0.045096 0.791231 0.030253 0.609102
1520530772.101867676 -1.227878 -0.801731 -0.238615 -0.051358 0.792600 0.028063 0.606927
1520530772.151869774 -1.240393 -0.788911 -0.227797 -0.050561 0.799646 0.023067 0.597895
1520530772.201871872 -1.250486 -0.782284 -0.218098 -0.049842 0.807049 0.018829 0.588075
1520530772.251872778 -1.253840 -0.782596 -0.207134 -0.049724 0.814854 0.018125 0.577246
1520530772.301874638 -1.262919 -0.782684 -0.183301 -0.049470 0.825292 0.017441 0.562265
1520530772.351875782 -1.274523 -0.777567 -0.157777 -0.048573 0.835943 0.015103 0.546455
1520530772.401877642 -1.279645 -0.769303 -0.141582 -0.047748 0.843516 0.010016 0.534883
1520530772.451787233 -1.289453 -0.761208 -0.132672 -0.045659 0.850695 0.009164 0.523592
1520530772.501789093 -1.296933 -0.750173 -0.129681 -0.040100 0.858532 0.015317 0.510960
1520530772.551790237 -1.308578 -0.735982 -0.109691 -0.032978 0.869131 0.021362 0.493019
1520530772.601792336 -1.306604 -0.731333 -0.090654 -0.031374 0.877375 0.023998 0.478177
1520530772.651794195 -1.298797 -0.741774 -0.068971 -0.036771 0.884718 0.026246 0.463932
1520530772.701795340 -1.289514 -0.758521 -0.053936 -0.044172 0.890655 0.028458 0.451633
1520530772.751797199 -1.278649 -0.771930 -0.049299 -0.050072 0.894926 0.031067 0.442307
1520530772.801798344 -1.272734 -0.786308 -0.046845 -0.054529 0.898890 0.032974 0.433515
1520530772.851710320 -1.269397 -0.791689 -0.050701 -0.054813 0.902668 0.037219 0.425206
1520530772.901712418 -1.270923 -0.789701 -0.058861 -0.051553 0.906019 0.040933 0.418087
1520530772.951713324 -1.273231 -0.792983 -0.071164 -0.050570 0.908687 0.044290 0.412031
1520530773.001715183 -1.274755 -0.786075 -0.099466 -0.046954 0.909112 0.049241 0.410958
1520530773.051716328 -1.271251 -0.781099 -0.131635 -0.044467 0.909355 0.059125 0.409391
1520530773.101718187 -1.267222 -0.778131 -0.153698 -0.045090 0.909814 0.062049 0.407866
1520530773.151720285 -1.267290 -0.777792 -0.166885 -0.049816 0.910335 0.059614 0.406515
1520530773.201721430 -1.261348 -0.782481 -0.181007 -0.057197 0.909605 0.051620 0.408269
1520530773.251870155 -1.268143 -0.776908 -0.169692 -0.060224 0.912945 0.041630 0.401461
1520530773.301871300 -1.269746 -0.775297 -0.149317 -0.063046 0.917314 0.030750 0.391937
1520530773.351878405 -1.263702 -0.792538 -0.119488 -0.071759 0.922788 0.023951 0.377808
1520530773.401874542 -1.249930 -0.815557 -0.088891 -0.081627 0.928579 0.022561 0.361344
1520530773.451876402 -1.244410 -0.826276 -0.046153 -0.083882 0.936880 0.021536 0.338756
1520530773.501919270 -1.240090 -0.826147 -0.007729 -0.082669 0.944990 0.024514 0.315531
1520530773.551879406 -1.236181 -0.825556 0.027876 -0.082358 0.951664 0.024707 0.294861
1520530773.601880312 -1.235933 -0.813406 0.077340 -0.078694 0.959423 0.022225 0.269853
1520530773.651882172 -1.232743 -0.792465 0.142548 -0.072340 0.968078 0.020066 0.239144
1520530773.701948404 -1.213627 -0.789308 0.209393 -0.072265 0.975557 0.019856 0.206574
1520530773.751950264 -1.181623 -0.804276 0.268337 -0.077654 0.981276 0.024066 0.174611
1520530773.801952362 -1.145579 -0.816382 0.317601 -0.081497 0.985803 0.031168 0.143451
1520530773.851953506 -1.112284 -0.826149 0.370133 -0.084399 0.989496 0.033838 0.112382
1520530773.901955366 -1.079282 -0.834220 0.417021 -0.088154 0.991968 0.032244 0.084790
1520530773.951956511 -1.047118 -0.844589 0.457758 -0.092579 0.993493 0.029674 0.059326
1520530774.001958370 -1.015035 -0.859455 0.480592 -0.098721 0.993843 0.030586 0.039935
1520530774.051959276 -0.993825 -0.869110 0.485408 -0.102102 0.993859 0.032122 0.028061
1520530774.101984501 -0.990596 -0.866193 0.474266 -0.099549 0.994141 0.036322 0.021337
1520530774.151986361 -0.993457 -0.861425 0.449439 -0.095099 0.994382 0.041667 0.020598
1520530774.201987505 -0.991597 -0.862031 0.417275 -0.095045 0.994023 0.048473 0.023114
1520530774.251989603 -0.989535 -0.866080 0.393416 -0.094689 0.993971 0.049609 0.024386
1520530774.301991463 -0.991414 -0.854516 0.391093 -0.088635 0.994653 0.050453 0.016219
1520530774.351992607 -0.988573 -0.833807 0.407311 -0.078907 0.995536 0.051786 0.000805
1520530774.401993513 -0.977085 -0.820684 0.432302 -0.070518 0.995954 0.052102 -0.019688
1520530774.451995373 -0.950834 -0.823460 0.459266 -0.069532 0.995308 0.052675 -0.041867
1520530774.501791954 -0.908227 -0.839483 0.491523 -0.071096 0.993612 0.053400 -0.069484
1520530774.551794291 -0.861766 -0.858035 0.524585 -0.074070 0.990405 0.058074 -0.101189
1520530774.601794958 -0.815817 -0.867874 0.551370 -0.077364 0.986432 0.064037 -0.129871
1520530774.651797056 -0.774037 -0.869331 0.576557 -0.075970 0.981689 0.071280 -0.159480
1520530774.701798201 -0.735459 -0.856816 0.618667 -0.065888 0.974936 0.076432 -0.198283
1520530774.751800060 -0.683126 -0.842221 0.673956 -0.056967 0.965618 0.075794 -0.242059
1520530774.801800966 -0.606758 -0.841622 0.721126 -0.059687 0.954307 0.072397 -0.283714
1520530774.851803064 -0.529558 -0.851440 0.751966 -0.066144 0.941537 0.071553 -0.322509
1520530774.901629925 -0.453842 -0.867713 0.766395 -0.077658 0.928630 0.072683 -0.355434
1520530774.951631784 -0.391566 -0.879139 0.772011 -0.085959 0.916948 0.073273 -0.382687
1520530775.001632690 -0.340768 -0.886570 0.773974 -0.091914 0.905935 0.073733 -0.406692
1520530775.051635027 -0.307982 -0.890026 0.769449 -0.091860 0.897584 0.076357 -0.424352
1520530775.101664066 -0.282592 -0.897364 0.756301 -0.093835 0.890671 0.079891 -0.437627
1520530775.151637793 -0.267707 -0.904765 0.734984 -0.095931 0.885559 0.086493 -0.446207
1520530775.201638937 -0.249673 -0.907420 0.723179 -0.096984 0.879490 0.089603 -0.457234
1520530775.251640797 -0.230620 -0.903658 0.714647 -0.097540 0.874685 0.089704 -0.466224
1520530775.301808119 -0.204901 -0.895395 0.715177 -0.097950 0.868509 0.084709 -0.478458
1520530775.351809025 -0.170606 -0.886164 0.715439 -0.097173 0.858982 0.082629 -0.495863
1520530775.401811123 -0.134379 -0.875570 0.720948 -0.089032 0.845926 0.081958 -0.519390
1520530775.451812029 -0.087988 -0.868975 0.719906 -0.086169 0.830444 0.080588 -0.544467
1520530775.501814127 -0.031588 -0.862028 0.717193 -0.086174 0.813754 0.075507 -0.569805
1520530775.551815271 0.027042 -0.858150 0.701142 -0.089052 0.795677 0.074514 -0.594487
1520530775.601817131 0.074478 -0.853188 0.687681 -0.084004 0.775844 0.075668 -0.620712
1520530775.651818037 0.110517 -0.853704 0.668632 -0.076656 0.756249 0.081886 -0.644598
1520530775.702431679 0.135208 -0.867175 0.631389 -0.075429 0.737872 0.097657 -0.663565
1520530775.752434015 0.167367 -0.887715 0.581643 -0.078416 0.714102 0.117471 -0.685646
1520530775.802434921 0.215588 -0.896522 0.538812 0.080020 -0.684075 -0.128371 0.713554
1520530775.852437019 0.277005 -0.888633 0.509571 0.078697 -0.652022 -0.125982 0.743507
1520530775.902437925 0.341199 -0.871227 0.487443 0.076118 -0.621034 -0.115742 0.771445
1520530775.952439785 0.396587 -0.855066 0.460955 0.072905 -0.591076 -0.106875 0.796173
1520530776.002440929 0.442596 -0.841302 0.432451 0.071473 -0.564904 -0.098961 0.816077
1520530776.052442789 0.475949 -0.829919 0.406310 0.069880 -0.544569 -0.092674 0.830646
1520530776.102444887 0.489578 -0.827062 0.384680 0.065161 -0.529938 -0.092666 0.840436
1520530776.152283430 0.484778 -0.835309 0.360923 0.062172 -0.521601 -0.100337 0.844985
1520530776.202284575 0.473990 -0.847329 0.343623 0.063008 -0.521363 -0.109734 0.843901
1520530776.252286434 0.460363 -0.854530 0.324214 0.066852 -0.523505 -0.118279 0.841120
1520530776.302287340 0.448675 -0.861108 0.310725 0.067558 -0.525567 -0.125387 0.838745
1520530776.352289438 0.442205 -0.862803 0.297429 0.069124 -0.526345 -0.130071 0.837415
1520530776.402290344 0.445440 -0.858680 0.286694 0.071521 -0.526250 -0.129252 0.837401
1520530776.452292442 0.449619 -0.857127 0.274019 0.068938 -0.520194 -0.129458 0.841360
1520530776.502293587 0.454970 -0.857187 0.261334 0.063340 -0.511141 -0.130320 0.847195
1520530776.552302361 0.463328 -0.851160 0.239639 0.061883 -0.498734 -0.129150 0.854842
1520530776.602303505 0.472057 -0.849829 0.221872 0.058585 -0.487903 -0.127955 0.861479
1520530776.652305365 0.476189 -0.850032 0.201126 0.053345 -0.474683 -0.129085 0.869004
1520530776.702321291 0.476757 -0.850346 0.181229 0.048087 -0.461527 -0.132205 0.875901
1520530776.752308369 0.479211 -0.850778 0.160397 0.043769 -0.448754 -0.134858 0.882337
1520530776.802310467 0.482726 -0.851596 0.129615 0.043887 -0.433699 -0.137886 0.889363
1520530776.852311611 0.482522 -0.852709 0.091780 0.044236 -0.414015 -0.144691 0.897607
1520530776.902312517 0.484773 -0.851440 0.062203 0.041560 -0.395555 -0.147147 0.905625
1520530776.952342272 0.498058 -0.842009 0.047208 0.037136 -0.381798 -0.140351 0.912772
1520530777.002344131 0.515123 -0.830196 0.042662 0.030266 -0.372865 -0.128589 0.918434
1520530777.052345037 0.535387 -0.814234 0.039811 0.026080 -0.367237 -0.114507 0.922683
1520530777.102347374 0.553893 -0.800838 0.038893 0.022990 -0.364920 -0.101236 0.925233
1520530777.152348042 0.566876 -0.789092 0.030664 0.023630 -0.362151 -0.092232 0.927244
1520530777.202350140 0.572795 -0.786567 0.023116 0.023860 -0.362056 -0.089227 0.927569
1520530777.252351284 0.574234 -0.786609 0.009516 0.027557 -0.363341 -0.089991 0.926890
1520530777.302353144 0.579457 -0.782947 -0.005315 0.039047 -0.370989 -0.091571 0.923286
1520530777.352223158 0.586976 -0.773922 -0.026506 0.054497 -0.377236 -0.091239 0.919999
1520530777.402224064 0.594156 -0.764663 -0.040804 0.065492 -0.382855 -0.090063 0.917072
1520530777.452226162 0.605113 -0.753723 -0.034466 0.069788 -0.393540 -0.083104 0.912880
1520530777.502227306 0.614456 -0.744188 -0.017764 0.068755 -0.407004 -0.075257 0.907721
1520530777.552229166 0.612119 -0.744693 -0.005910 0.062037 -0.415030 -0.073540 0.904706
1520530777.602230310 0.606791 -0.747952 -0.005282 0.056645 -0.417986 -0.075479 0.903538
1520530777.652232170 0.606712 -0.748486 -0.015152 0.054199 -0.415167 -0.075498 0.904986
1520530777.702234030 0.611607 -0.745365 -0.037640 0.054478 -0.405811 -0.073495 0.909367
1520530777.752132177 0.618836 -0.741257 -0.064551 0.053858 -0.391975 -0.070271 0.915706
1520530777.802134275 0.621026 -0.738010 -0.100127 0.051721 -0.370582 -0.068820 0.924801
1520530777.852136135 0.625618 -0.733310 -0.130441 0.048073 -0.350338 -0.063949 0.933200
1520530777.902137041 0.632250 -0.722685 -0.160553 0.048474 -0.333420 -0.058070 0.939739
1520530777.952138186 0.621056 -0.721155 -0.203933 0.048512 -0.309300 -0.062406 0.947674
1520530778.002140045 0.609964 -0.719614 -0.248659 0.048815 -0.283663 -0.065836 0.955415
1520530778.052142143 0.608017 -0.707999 -0.295843 0.052949 -0.257742 -0.062171 0.962757
1520530778.102143288 0.604920 -0.693000 -0.344353 0.057308 -0.229321 -0.055933 0.970051
1520530778.152195692 0.603663 -0.677020 -0.387549 0.058094 -0.200235 -0.045288 0.976975
1520530778.202196598 0.600487 -0.668096 -0.419733 0.052463 -0.172938 -0.033177 0.982975
1520530778.252198696 0.592052 -0.657863 -0.454061 0.048845 -0.146221 -0.023348 0.987769
1520530778.302200556 0.583299 -0.654646 -0.481630 0.045066 -0.125150 -0.016958 0.990969
1520530778.352201462 0.572852 -0.651186 -0.509786 0.044372 -0.107791 -0.012891 0.993099
1520530778.402202606 0.568117 -0.647922 -0.530021 0.045109 -0.098340 -0.011305 0.994066
1520530778.452204466 0.561200 -0.640878 -0.553794 0.049346 -0.089650 -0.011932 0.994679
1520530778.502205372 0.547269 -0.640248 -0.577095 0.051179 -0.078686 -0.015187 0.995469
1520530778.552207708 0.539447 -0.637902 -0.595506 0.050697 -0.069116 -0.014250 0.996218
1520530778.602252245 0.529821 -0.635654 -0.614080 0.048569 -0.056093 -0.012043 0.997171
1520530778.652253151 0.501691 -0.638078 -0.642900 0.045514 -0.032374 -0.014432 0.998335
1520530778.702255011 0.471272 -0.641071 -0.672447 0.041541 -0.005540 -0.014630 0.999014
1520530778.752256155 0.438766 -0.643284 -0.701731 0.036614 0.024105 -0.011570 0.998972
1520530778.802258253 0.405406 -0.644654 -0.731249 0.031796 0.055924 -0.006326 0.997909
1520530778.852259398 0.365891 -0.649878 -0.758465 0.026953 0.087781 -0.004098 0.995767
1520530778.902261257 0.334749 -0.655272 -0.778408 0.021049 0.114391 -0.000788 0.993212
1520530778.952263117 0.303385 -0.657957 -0.796946 0.016531 0.139118 0.002155 0.990135
1520530779.002046347 0.251775 -0.657960 -0.821467 0.016297 0.170402 -0.000368 0.985240
1520530779.052048683 0.184294 -0.655743 -0.847098 0.017558 0.210088 -0.003824 0.977517
1520530779.102049589 0.119345 -0.657085 -0.864812 0.013493 0.253125 0.000893 0.967339
1520530779.152051449 0.071942 -0.663867 -0.873017 0.004493 0.291596 0.012751 0.956446
1520530779.202052593 0.033601 -0.664032 -0.881744 -0.001912 0.325765 0.027932 0.945036
1520530779.252054453 -0.002208 -0.664198 -0.888763 -0.006682 0.355751 0.040900 0.933662
1520530779.302056551 -0.031787 -0.669790 -0.892228 -0.012241 0.380367 0.050780 0.923359
1520530779.352058649 -0.062150 -0.672211 -0.896782 -0.014525 0.401577 0.057147 0.913925
1520530779.401859522 -0.090279 -0.656313 -0.910475 -0.007944 0.417907 0.062498 0.906303
1520530779.451860666 -0.098783 -0.643154 -0.923679 -0.003804 0.426183 0.070763 0.901857
1520530779.501862764 -0.100585 -0.631045 -0.938739 0.000964 0.427936 0.074458 0.900736
1520530779.551863670 -0.112875 -0.611188 -0.953910 0.011909 0.428929 0.069300 0.900597
1520530779.601868629 -0.130988 -0.607047 -0.961282 0.015855 0.432959 0.060414 0.899247
1520530779.651867628 -0.139927 -0.613709 -0.961820 0.012622 0.436983 0.056387 0.897612
1520530779.701868534 -0.153650 -0.620767 -0.959984 0.008713 0.444706 0.053938 0.894009
1520530779.751869678 -0.192260 -0.622335 -0.957327 0.009152 0.462044 0.049518 0.885426
1520530779.802151203 -0.242195 -0.615646 -0.954274 0.013745 0.484320 0.046217 0.873561
1520530779.852153301 -0.290706 -0.619611 -0.944631 0.012676 0.509160 0.047335 0.859276
1520530779.902155161 -0.332924 -0.622272 -0.932812 0.010289 0.533823 0.053059 0.843868
1520530779.952156067 -0.374957 -0.637740 -0.911175 0.002985 0.558022 0.054019 0.828061
1520530780.002157211 -0.424132 -0.656097 -0.881950 -0.004539 0.582943 0.049808 0.810972
1520530780.052159309 -0.469763 -0.663453 -0.857286 -0.007484 0.605225 0.046902 0.794636
1520530780.102160215 -0.523602 -0.661157 -0.831456 -0.005227 0.630207 0.045279 0.775088
1520530780.152162313 -0.587339 -0.657270 -0.793662 -0.002260 0.659272 0.041774 0.750740
1520530780.202292681 -0.644385 -0.666253 -0.743844 -0.006077 0.688666 0.038467 0.724032
1520530780.252293587 -0.677230 -0.685859 -0.697484 -0.015779 0.713029 0.042321 0.699679
1520530780.302295446 -0.701715 -0.696594 -0.661721 -0.021712 0.733163 0.048484 0.677975
1520530780.352296591 -0.722566 -0.705486 -0.630504 -0.026125 0.749867 0.053164 0.658931
1520530780.402298689 -0.746800 -0.714093 -0.598512 -0.029474 0.765070 0.052680 0.641112
1520530780.452299833 -0.768273 -0.721354 -0.572020 -0.031268 0.777355 0.049854 0.626303
1520530780.502301693 -0.774431 -0.726796 -0.563978 -0.032960 0.785320 0.057010 0.615578
1520530780.552302599 -0.773599 -0.729723 -0.568435 -0.033825 0.789546 0.066330 0.609158
1520530780.602304697 -0.772280 -0.723040 -0.582657 -0.030798 0.789610 0.071213 0.608684
1520530780.652139425 -0.774839 -0.711790 -0.598649 -0.025734 0.789609 0.076843 0.608236
1520530780.702140570 -0.775557 -0.704452 -0.613185 -0.023002 0.788778 0.080085 0.609004
1520530780.752142668 -0.769089 -0.705198 -0.625949 -0.024519 0.785713 0.078153 0.613144
1520530780.802143574 -0.778916 -0.698378 -0.624750 -0.021921 0.787142 0.072167 0.612143
1520530780.852145672 -0.806810 -0.683766 -0.608368 -0.014923 0.794812 0.064164 0.603269
1520530780.902147532 -0.832343 -0.675801 -0.586636 -0.010590 0.804216 0.058842 0.591322
1520530780.952149391 -0.851600 -0.677529 -0.561457 -0.010826 0.814451 0.057264 0.577299
1520530781.002150774 -0.872003 -0.684160 -0.526094 -0.013359 0.826035 0.052613 0.560998
1520530781.052164555 -0.895890 -0.687374 -0.485240 -0.014644 0.838017 0.044489 0.543630
1520530781.102166414 -0.918710 -0.682511 -0.452201 -0.012595 0.848166 0.037874 0.528224
1520530781.152168512 -0.934386 -0.674710 -0.435170 -0.008538 0.855525 0.037604 0.516324
1520530781.202169657 -0.951911 -0.660502 -0.422897 -0.000633 0.863779 0.044132 0.501935
1520530781.252170563 -0.978296 -0.640094 -0.393491 0.010214 0.875838 0.050294 0.479870
1520530781.302172422 -0.990892 -0.643997 -0.352256 0.008987 0.887701 0.053318 0.457234
1520530781.352173567 -0.987215 -0.672118 -0.307235 -0.004551 0.897725 0.052868 0.437349
1520530781.402175426 -0.978376 -0.702485 -0.266807 -0.019742 0.905573 0.050141 0.420754
1520530781.452058554 -0.971768 -0.721230 -0.239053 -0.029322 0.911863 0.051771 0.406160
1520530781.502059460 -0.971906 -0.732207 -0.211753 -0.034009 0.918230 0.052229 0.391113
1520530781.552061796 -0.977386 -0.734556 -0.186269 -0.034705 0.924268 0.050801 0.376754
1520530781.602062702 -0.981219 -0.735782 -0.168613 -0.034690 0.928709 0.049675 0.365826
1520530781.652064562 -0.979116 -0.740421 -0.163751 -0.036359 0.931177 0.052260 0.358964
1520530781.702065706 -0.975519 -0.746697 -0.165201 -0.039114 0.932750 0.056249 0.353955
1520530781.752067566 -0.974950 -0.745356 -0.175462 -0.037757 0.933821 0.064819 0.349788
1520530781.802069426 -0.975739 -0.743098 -0.180621 -0.036520 0.935096 0.069827 0.345524
1520530781.852036953 -0.974186 -0.741514 -0.187548 -0.037476 0.934740 0.068455 0.346656
1520530781.902038813 -0.974164 -0.741487 -0.187240 -0.039745 0.934508 0.060776 0.348456
1520530781.952039719 -0.984275 -0.730759 -0.172839 -0.036100 0.937116 0.052744 0.343116
1520530782.002041817 -0.996803 -0.718872 -0.150270 -0.030688 0.942061 0.050000 0.330273
1520530782.052042723 -1.003221 -0.713427 -0.127114 -0.027629 0.946864 0.049048 0.316669
1520530782.102044582 -1.006333 -0.715453 -0.091601 -0.027087 0.953484 0.050942 0.295871
1520530782.152045727 -1.006041 -0.720003 -0.048254 -0.027871 0.960495 0.051905 0.271991
1520530782.202047825 -1.005522 -0.720997 0.003362 -0.027958 0.967621 0.049975 0.245824
1520530782.252168655 -1.002807 -0.720662 0.052407 -0.028165 0.973462 0.044899 0.222628
1520530782.302169561 -1.002506 -0.714165 0.095230 -0.024511 0.978732 0.044705 0.198705
1520530782.352171421 -1.003275 -0.701079 0.141526 -0.016306 0.983979 0.046661 0.171297
1520530782.402172565 -0.995868 -0.693497 0.197127 -0.010412 0.989057 0.049836 0.138468
1520530782.452174664 -0.973636 -0.701906 0.253712 -0.012271 0.992987 0.053324 0.104802
1520530782.502176523 -0.942265 -0.719819 0.302622 -0.019124 0.995461 0.056832 0.073910
1520530782.552178621 -0.911255 -0.734649 0.348686 -0.026259 0.996980 0.056285 0.046629
1520530782.602179527 -0.883507 -0.745151 0.389682 -0.031674 0.997754 0.054777 0.021979
1520530782.652289391 -0.856655 -0.757723 0.417626 -0.036908 0.997720 0.056496 0.001281
1520530782.702290058 -0.831529 -0.774923 0.432685 -0.043052 0.997136 0.060488 -0.014386
1520530782.752292395 -0.808378 -0.793149 0.440089 -0.049503 0.996168 0.066421 -0.028057
1520530782.802293301 -0.795024 -0.805002 0.437129 -0.052819 0.995190 0.074028 -0.036431
1520530782.852294207 -0.792126 -0.806815 0.431349 -0.051415 0.994745 0.078680 -0.040587
1520530782.902296305 -0.790852 -0.803579 0.432678 -0.048465 0.994462 0.080867 -0.046448
1520530782.952298164 -0.785938 -0.799915 0.440201 -0.049574 0.994752 0.074750 -0.049229
1520530783.002299070 -0.780750 -0.794861 0.447448 -0.050982 0.995030 0.068612 -0.051068
1520530783.052301407 -0.775399 -0.782399 0.467995 -0.046146 0.994960 0.063808 -0.062077
1520530783.102149963 -0.760797 -0.778975 0.486361 -0.044721 0.993821 0.066404 -0.076877
1520530783.152151823 -0.743413 -0.772131 0.514156 -0.041034 0.992442 0.065112 -0.095582
1520530783.202152729 -0.711320 -0.774785 0.547511 -0.043255 0.989979 0.062901 -0.118799
1520530783.252154827 -0.664495 -0.784238 0.583629 -0.050661 0.986034 0.061032 -0.146440
1520530783.302155733 -0.615821 -0.785881 0.625821 -0.055007 0.981069 0.056391 -0.176910
1520530783.352157593 -0.566627 -0.782976 0.666889 -0.058175 0.975518 0.049680 -0.206187
1520530783.402159929 -0.521124 -0.779141 0.701276 -0.058792 0.969246 0.045790 -0.234538
1520530783.452160835 -0.476695 -0.773451 0.732033 -0.055001 0.961463 0.045972 -0.265426
1520530783.501915693 -0.430947 -0.770676 0.754518 -0.052947 0.953160 0.047787 -0.293937
1520530783.551916599 -0.382340 -0.770370 0.773718 -0.052228 0.943945 0.049362 -0.322184
1520530783.601918697 -0.328221 -0.781510 0.781368 -0.057188 0.933909 0.053937 -0.348762
1520530783.651919603 -0.272027 -0.794714 0.783742 -0.064655 0.923346 0.058233 -0.373979
1520530783.701921463 -0.219641 -0.796903 0.792413 -0.069315 0.913136 0.056594 -0.397713
1520530783.751923800 -0.172920 -0.791474 0.803929 -0.071922 0.904066 0.050959 -0.418204
1520530783.801924706 -0.128847 -0.787119 0.811500 -0.073756 0.894661 0.046957 -0.438105
1520530783.851926804 -0.085644 -0.789099 0.809800 -0.078288 0.885068 0.046357 -0.456484
1520530783.901875496 -0.052550 -0.792447 0.803791 -0.080874 0.876791 0.048291 -0.471555
1520530783.951877356 -0.024249 -0.795670 0.795840 -0.081979 0.868805 0.051681 -0.485579
1520530784.001878500 0.002374 -0.791250 0.794612 -0.081369 0.861744 0.050468 -0.498226
1520530784.051880360 0.031392 -0.778094 0.800478 -0.081148 0.855123 0.043219 -0.510208
1520530784.101882458 0.064896 -0.763200 0.807000 -0.078430 0.846123 0.036305 -0.525934
1520530784.151883602 0.104000 -0.752835 0.807441 -0.071624 0.832558 0.034694 -0.548191
1520530784.201885462 0.147255 -0.748758 0.799986 -0.065743 0.816674 0.036249 -0.572195
1520530784.251886368 0.194697 -0.749401 0.785475 -0.061183 0.798184 0.039832 -0.597974
1520530784.302434206 0.258060 -0.757413 0.756199 -0.064385 0.773570 0.045711 -0.628772
1520530784.352436304 0.308560 -0.752370 0.739282 -0.064102 0.755506 0.042993 -0.650579
1520530784.402437210 0.350400 -0.743646 0.726380 -0.057301 0.737489 0.040334 -0.671714
1520530784.452439308 0.386944 -0.745162 0.699948 -0.048279 0.715307 0.045880 -0.695629
1520530784.502440214 0.428905 -0.752487 0.661936 0.043778 -0.690009 -0.053511 0.720491
1520530784.552441120 0.480834 -0.760029 0.612147 0.041179 -0.658067 -0.060743 0.749375
1520530784.602443218 0.537560 -0.755082 0.564911 0.039057 -0.624907 -0.059548 0.777444
1520530784.652445078 0.597948 -0.734885 0.525763 0.041524 -0.596138 -0.048178 0.800359
1520530784.702521563 0.648512 -0.718908 0.481718 0.043148 -0.567553 -0.039906 0.821237
1520530784.752617836 0.687608 -0.708645 0.438274 0.044760 -0.542018 -0.034959 0.838445
1520530784.802524567 0.718658 -0.699090 0.399029 0.047722 -0.520784 -0.030436 0.851810
1520530784.852526665 0.735806 -0.697069 0.367076 0.046147 -0.503244 -0.029945 0.862392
1520530784.902527809 0.745881 -0.698079 0.340179 0.046359 -0.490710 -0.031168 0.869531
1520530784.952529669 0.755266 -0.694268 0.324679 0.052255 -0.487496 -0.029164 0.871072
1520530785.002531528 0.755478 -0.695171 0.316164 0.059863 -0.490763 -0.030697 0.868692
1520530785.052532673 0.749270 -0.704282 0.304244 0.064174 -0.491920 -0.037630 0.867456
1520530785.102534771 0.744887 -0.707159 0.301240 0.062624 -0.492602 -0.039884 0.867082
1520530785.152404785 0.745664 -0.700147 0.308394 0.058031 -0.494224 -0.035509 0.866669
1520530785.202406883 0.748506 -0.692237 0.317161 0.049428 -0.493638 -0.029896 0.867747
1520530785.252407789 0.749542 -0.691037 0.313637 0.041191 -0.488221 -0.028817 0.871271
1520530785.302409649 0.753725 -0.691469 0.298913 0.036927 -0.479744 -0.029264 0.876142
1520530785.352410793 0.756389 -0.695790 0.277524 0.034722 -0.469691 -0.032192 0.881560
1520530785.402412891 0.757371 -0.700176 0.260806 0.031048 -0.460894 -0.034837 0.886227
1520530785.452414751 0.753409 -0.707611 0.247810 0.020660 -0.450354 -0.038619 0.891775
1520530785.502415895 0.746419 -0.717995 0.234996 0.010373 -0.440433 -0.044257 0.896634
1520530785.552469492 0.745494 -0.724707 0.209724 0.010083 -0.429761 -0.049254 0.901542
1520530785.602470398 0.745682 -0.734028 0.166134 0.014046 -0.412385 -0.057278 0.909099
1520530785.652472258 0.750430 -0.734597 0.134135 0.014294 -0.396565 -0.058774 0.916012
1520530785.702474594 0.756960 -0.729482 0.116803 0.008180 -0.383028 -0.054877 0.922069
1520530785.752476454 0.760523 -0.726139 0.105546 0.000926 -0.372469 -0.051709 0.926602
1520530785.802477360 0.766456 -0.720312 0.091925 -0.000306 -0.364879 -0.047971 0.929818
1520530785.852478504 0.774809 -0.711658 0.078993 0.001797 -0.359958 -0.043192 0.931967
1520530785.902480364 0.781582 -0.704554 0.074127 0.002128 -0.358443 -0.038448 0.932757
1520530785.952437878 0.785400 -0.700279 0.074842 0.000012 -0.358785 -0.034603 0.932778
1520530786.002438545 0.786419 -0.698580 0.075028 -0.000072 -0.361061 -0.033447 0.931942
1520530786.052440882 0.781597 -0.703644 0.072344 0.002797 -0.365266 -0.037289 0.930152
1520530786.102442741 0.782444 -0.703802 0.064103 0.013154 -0.371377 -0.040429 0.927508
1520530786.152446747 0.787973 -0.697983 0.047056 0.023143 -0.370853 -0.040230 0.927531
1520530786.202444792 0.800388 -0.682038 0.051994 0.024219 -0.373985 -0.030781 0.926607
1520530786.252446651 0.812758 -0.664238 0.070306 0.019711 -0.379892 -0.018190 0.924642
1520530786.302447796 0.817000 -0.659294 0.074290 0.015790 -0.380517 -0.013786 0.924536
1520530786.352428436 0.817081 -0.660256 0.058622 0.016346 -0.374518 -0.015197 0.926951
1520530786.402352571 0.821964 -0.656416 0.038219 0.015390 -0.363757 -0.012792 0.931279
1520530786.452354670 0.830859 -0.647266 0.014004 0.011839 -0.348119 -0.005828 0.937358
1520530786.502355337 0.839565 -0.637548 -0.018743 0.009202 -0.328266 0.001066 0.944540
1520530786.552357674 0.841691 -0.633742 -0.063656 0.006176 -0.302130 0.004566 0.953236
1520530786.602359533 0.840489 -0.630853 -0.110351 0.003428 -0.275183 0.007524 0.961356
1520530786.652360439 0.839871 -0.626108 -0.147617 0.001790 -0.253990 0.011554 0.967136
1520530786.702362537 0.833776 -0.625798 -0.186708 0.005458 -0.236299 0.009732 0.971616
1520530786.752382517 0.818416 -0.630614 -0.237830 0.010829 -0.212998 0.003187 0.976987
1520530786.802384377 0.803690 -0.629041 -0.291846 0.014603 -0.185377 0.001233 0.982558
1520530786.852385521 0.786859 -0.624306 -0.346969 0.015381 -0.153401 0.002902 0.988040
1520530786.902387381 0.771609 -0.616314 -0.397142 0.013372 -0.121002 0.008960 0.992522
1520530786.952388287 0.756762 -0.605625 -0.444534 0.010147 -0.088342 0.018590 0.995865
1520530787.002390623 0.742479 -0.592525 -0.489381 0.007422 -0.056886 0.030184 0.997897
1520530787.052392483 0.722874 -0.583864 -0.532711 0.004302 -0.025781 0.039490 0.998878
1520530787.102393389 0.693272 -0.587085 -0.571965 0.002660 0.001897 0.039525 0.999213
1520530787.152462959 0.673371 -0.582334 -0.604374 0.006556 0.020382 0.040256 0.998960
1520530787.202464819 0.661619 -0.569581 -0.632558 0.015559 0.031330 0.041647 0.998520
1520530787.252465963 0.638261 -0.566168 -0.662363 0.022402 0.046054 0.037613 0.997979
1520530787.302467823 0.616796 -0.572354 -0.681025 0.018592 0.062476 0.036280 0.997214
1520530787.352468729 0.606007 -0.581632 -0.686143 0.004459 0.077916 0.042864 0.996028
1520530787.402470827 0.595731 -0.594078 -0.688186 -0.011490 0.093117 0.048678 0.994398
1520530787.452471733 0.564562 -0.613196 -0.701081 -0.021794 0.114057 0.044751 0.992226
1520530787.502474785 0.531913 -0.626512 -0.719631 -0.026307 0.134707 0.040727 0.989699
1520530787.552475929 0.497660 -0.623747 -0.750285 -0.022128 0.157121 0.040526 0.986499
1520530787.602204561 0.461043 -0.617162 -0.783579 -0.015899 0.180743 0.041459 0.982528
1520530787.652206659 0.419977 -0.611157 -0.815181 -0.009446 0.204851 0.040912 0.977892
1520530787.702207565 0.377384 -0.611603 -0.839272 -0.005954 0.227596 0.037666 0.973009
1520530787.752209663 0.332372 -0.614290 -0.860123 -0.004272 0.251393 0.034347 0.967266
1520530787.802210569 0.297856 -0.606637 -0.881174 -0.000456 0.272283 0.036722 0.961516
1520530787.852212429 0.246271 -0.591849 -0.909283 0.008050 0.300079 0.038537 0.953101
1520530787.902213573 0.194443 -0.581713 -0.931406 0.012008 0.329926 0.043715 0.942918
1520530787.952274799 0.148252 -0.572627 -0.948357 0.012743 0.359063 0.053325 0.931702
1520530788.002069950 0.098202 -0.570825 -0.958684 0.011181 0.388411 0.060142 0.919454
1520530788.052072048 0.040025 -0.573036 -0.964059 0.010248 0.418218 0.061443 0.906208
1520530788.102072716 -0.019213 -0.583365 -0.961922 0.007304 0.446458 0.058514 0.892859
1520530788.152075052 -0.063914 -0.586055 -0.962065 0.006260 0.469236 0.060445 0.880980
1520530788.202076912 -0.087564 -0.582624 -0.965890 0.005744 0.484552 0.068283 0.872074
1520530788.252077818 -0.105275 -0.582650 -0.967691 0.003822 0.496327 0.074381 0.864935
1520530788.302079916 -0.129171 -0.585907 -0.966396 0.002658 0.508233 0.074748 0.857966
1520530788.352080822 -0.170618 -0.591804 -0.959442 0.001569 0.526783 0.072053 0.846939
1520530788.402166605 -0.207970 -0.598597 -0.950197 -0.000608 0.544158 0.069787 0.836075
1520530788.452167749 -0.238765 -0.617480 -0.933776 -0.008934 0.560142 0.066414 0.825681
1520530788.502169609 -0.262412 -0.634358 -0.918902 -0.016679 0.572982 0.063586 0.816928
1520530788.552171469 -0.287976 -0.650315 -0.903059 -0.022951 0.585491 0.058681 0.808227
1520530788.602172613 -0.321978 -0.661105 -0.886606 -0.026884 0.601746 0.055780 0.796284
1520530788.652174473 -0.360662 -0.669449 -0.868672 -0.029131 0.619314 0.052480 0.782846
1520530788.702175379 -0.397803 -0.674794 -0.851170 -0.030243 0.636550 0.050757 0.768969
1520530788.752177715 -0.427609 -0.684324 -0.832861 -0.033724 0.651395 0.049025 0.756402
1520530788.802199125 -0.462879 -0.693485 -0.809331 -0.036180 0.666577 0.042824 0.743325
1520530788.852200985 -0.491286 -0.700787 -0.788987 -0.038801 0.680007 0.039702 0.731101
1520530788.902203083 -0.515487 -0.700557 -0.776520 -0.038235 0.692009 0.041116 0.719702
1520530788.952204943 -0.549868 -0.690792 -0.764277 -0.032573 0.707103 0.044050 0.704985
1520530789.002205849 -0.591327 -0.677430 -0.747732 -0.024923 0.724572 0.047330 0.687120
1520530789.052208185 -0.634113 -0.666269 -0.725556 -0.017835 0.741203 0.046101 0.669459
1520530789.102209091 -0.665770 -0.656031 -0.708832 -0.011580 0.753644 0.045673 0.655592
1520530789.152210951 -0.691885 -0.644723 -0.696106 -0.005745 0.765096 0.049925 0.641953
1520530789.202288151 -0.707909 -0.645683 -0.681895 -0.005330 0.773606 0.050748 0.631609
1520530789.252290010 -0.722831 -0.655757 -0.659625 -0.009479 0.783234 0.050399 0.619608
1520530789.302290916 -0.731521 -0.670541 -0.636955 -0.016371 0.791266 0.049035 0.609284
1520530789.352293015 -0.737066 -0.686703 -0.614820 -0.024175 0.797791 0.045734 0.600711
1520530789.402293921 -0.748062 -0.693830 -0.595313 -0.027446 0.804546 0.042506 0.591731
1520530789.452296019 -0.767274 -0.690860 -0.577129 -0.025169 0.813065 0.041394 0.580154
1520530789.502297163 -0.782548 -0.680149 -0.571640 -0.019306 0.819970 0.047239 0.570127
1520530789.552340031 -0.787484 -0.675713 -0.571618 -0.017139 0.823790 0.053645 0.564091
1520530789.602353811 -0.794146 -0.679647 -0.561434 -0.018812 0.827279 0.050466 0.559204
1520530789.652355909 -0.803446 -0.678806 -0.551521 -0.018117 0.831704 0.049531 0.552708
1520530789.702356815 -0.810781 -0.678860 -0.543997 -0.017551 0.837428 0.055694 0.543419
1520530789.752358913 -0.824093 -0.672972 -0.533949 -0.013916 0.843886 0.060167 0.532956
1520530789.802360773 -0.839181 -0.665750 -0.521597 -0.009566 0.849251 0.058379 0.524665
1520530789.852361679 -0.856084 -0.660821 -0.502530 -0.006454 0.855958 0.055757 0.513989
1520530789.902364016 -0.869933 -0.661784 -0.479825 -0.006194 0.862858 0.052659 0.502658
1520530789.952364683 -0.877647 -0.668331 -0.459240 -0.008973 0.869021 0.051768 0.491977
1520530790.002366781 -0.886540 -0.675545 -0.433275 -0.011868 0.876500 0.051407 0.478503
1520530790.052260160 -0.891420 -0.685743 -0.407985 -0.016064 0.884638 0.056925 0.462512
1520530790.102262020 -0.899326 -0.692368 -0.379744 -0.018475 0.892714 0.059378 0.446313
1520530790.152263165 -0.919020 -0.683901 -0.347906 -0.013236 0.901953 0.060718 0.427339
1520530790.202265024 -0.935724 -0.670908 -0.328668 -0.005798 0.907904 0.061301 0.414631
1520530790.252267122 -0.943486 -0.662840 -0.323707 -0.000909 0.911207 0.066402 0.406560
1520530790.302268267 -0.941833 -0.669275 -0.317304 -0.003323 0.913933 0.070833 0.399623
1520530790.352270126 -0.939248 -0.684161 -0.297367 -0.009913 0.918609 0.072704 0.388296
1520530790.402271986 -0.934627 -0.700692 -0.276170 -0.017658 0.922890 0.072625 0.377739
1520530790.452260494 -0.930836 -0.713491 -0.257915 -0.023741 0.926584 0.072568 0.368255
1520530790.502262592 -0.936470 -0.715438 -0.233110 -0.024150 0.931707 0.071529 0.355279
1520530790.552263498 -0.947730 -0.708036 -0.208849 -0.019621 0.936892 0.070300 0.341915
1520530790.602265596 -0.955176 -0.703184 -0.192251 -0.015782 0.941497 0.075747 0.328018
1520530790.652266502 -0.949801 -0.710436 -0.189819 -0.018484 0.943402 0.083573 0.320417
1520530790.702268362 -0.946808 -0.718652 -0.174193 -0.022563 0.946068 0.082410 0.312497
1520530790.752270699 -0.950236 -0.719013 -0.152285 -0.022773 0.949618 0.079167 0.302390
1520530790.802271605 -0.952244 -0.721583 -0.125551 -0.023166 0.954186 0.079528 0.287520
1520530790.852422714 -0.953819 -0.719991 -0.109227 -0.021489 0.957265 0.079882 0.277129
1520530790.902427673 -0.963972 -0.708969 -0.077083 -0.014487 0.962487 0.079740 0.258939
1520530790.952425718 -0.970819 -0.702456 -0.034741 -0.009356 0.968492 0.079467 0.235842
1520530791.002427578 -0.969925 -0.704753 0.018643 -0.008711 0.974841 0.076666 0.209120
1520530791.052428484 -0.962423 -0.711006 0.071033 -0.010877 0.980249 0.073481 0.183287
1520530791.102429628 -0.953599 -0.714081 0.117777 -0.010778 0.984698 0.075063 0.156907
1520530791.152455568 -0.938815 -0.720991 0.172256 -0.010566 0.989083 0.080228 0.123154
1520530791.202432871 -0.917632 -0.730563 0.229016 -0.010618 0.992448 0.086816 0.086005
1520530791.252573013 -0.891792 -0.738311 0.289594 -0.010884 0.994720 0.089678 0.048707
1520530791.302574158 -0.871127 -0.739707 0.337451 -0.008547 0.995542 0.092101 0.018441
1520530791.352576017 -0.853081 -0.742118 0.369401 -0.007273 0.995434 0.095101 -0.003773
1520530791.402577877 -0.835940 -0.741790 0.402131 -0.005442 0.995255 0.094153 -0.023922
1520530791.452579021 -0.810200 -0.749020 0.434379 -0.007730 0.994335 0.095300 -0.046432
1520530791.502580881 -0.780328 -0.756152 0.469770 -0.010620 0.992991 0.094534 -0.070139
1520530791.552582026 -0.743730 -0.766586 0.507357 -0.016397 0.991167 0.091606 -0.094488
1520530791.602584124 -0.702608 -0.778667 0.541652 -0.023650 0.988456 0.090000 -0.119562
1520530791.652470827 -0.673388 -0.773868 0.579620 -0.022129 0.985817 0.084896 -0.143067
1520530791.702472687 -0.654068 -0.765460 0.607752 -0.016569 0.983057 0.082949 -0.162615
1520530791.752473593 -0.631420 -0.761649 0.631732 -0.014196 0.980122 0.081130 -0.180493
1520530791.802475691 -0.606001 -0.754922 0.659890 -0.011969 0.976909 0.076557 -0.199108
1520530791.852477789 -0.581542 -0.741961 0.691406 -0.008298 0.973782 0.068568 -0.216746
1520530791.902478695 -0.552176 -0.729739 0.723704 -0.003653 0.969221 0.062339 -0.238140
1520530791.952480793 -0.517336 -0.726407 0.748385 -0.000358 0.963023 0.061991 -0.262192
1520530792.002482653 -0.484807 -0.730653 0.762592 -0.000629 0.957380 0.063984 -0.281654
1520530792.052518368 -0.456052 -0.738111 0.769678 -0.001992 0.952017 0.069101 -0.298135
1520530792.102171183 -0.427579 -0.726420 0.792203 0.000918 0.947503 0.061219 -0.313829
1520530792.152172089 -0.392166 -0.715069 0.816722 0.004767 0.940767 0.055174 -0.334500
1520530792.202174187 -0.352410 -0.709674 0.835945 0.009006 0.932143 0.053882 -0.357945
1520530792.252176046 -0.303920 -0.721813 0.841427 0.006850 0.921662 0.059580 -0.383330
1520530792.302176952 -0.243943 -0.737007 0.844628 0.000593 0.909263 0.064000 -0.411271
1520530792.352179289 -0.189407 -0.736611 0.855822 -0.000293 0.897370 0.061408 -0.436986
1520530792.402180195 -0.149363 -0.727759 0.867877 0.002219 0.888145 0.056215 -0.456106
1520530792.452182055 -0.115982 -0.723233 0.873522 0.005249 0.879176 0.054809 -0.473305
1520530792.502040386 -0.079955 -0.724088 0.874025 0.004429 0.870247 0.054039 -0.489623
1520530792.552041531 -0.041769 -0.727133 0.871420 0.001849 0.860932 0.053465 -0.505900
1520530792.602042437 -0.009227 -0.736926 0.860635 -0.002656 0.852516 0.056953 -0.519582
1520530792.652044296 0.022008 -0.745479 0.849828 -0.007342 0.844480 0.059463 -0.532226
1520530792.702045441 0.049716 -0.749086 0.842410 -0.006139 0.835105 0.062128 -0.546537
1520530792.752052546 0.076464 -0.755145 0.831634 -0.005399 0.825438 0.066279 -0.560562
1520530792.802048445 0.109409 -0.762522 0.817754 -0.009083 0.815392 0.069167 -0.574691
1520530792.852050543 0.149676 -0.759211 0.811465 -0.014465 0.805845 0.064141 -0.588465
1520530792.902247906 0.188075 -0.748085 0.811191 -0.018214 0.797506 0.055092 -0.600514
1520530792.952249765 0.220674 -0.740493 0.807267 -0.015419 0.786411 0.051709 -0.615342
1520530793.002252102 0.256365 -0.737925 0.796386 -0.011455 0.771974 0.051855 -0.633432
1520530793.052253008 0.291914 -0.740184 0.779366 -0.007138 0.755527 0.054967 -0.652769
1520530793.102254868 0.325689 -0.739131 0.764134 -0.004141 0.740798 0.055237 -0.669440
1520530793.152256012 0.357312 -0.734820 0.751723 -0.000450 0.727037 0.053365 -0.684522
1520530793.202257872 0.387981 -0.729025 0.739293 0.004258 0.712919 0.050964 -0.699379
1520530793.252259016 0.414322 -0.725535 0.726233 -0.010569 -0.698650 -0.050241 0.713619
1520530793.302666664 0.444971 -0.729427 0.700965 -0.015747 -0.679612 -0.053667 0.731437
1520530793.352667570 0.485518 -0.739090 0.660479 -0.013186 -0.657014 -0.058369 0.751500
1520530793.402669668 0.532561 -0.741811 0.616986 -0.008196 -0.632727 -0.058885 0.772089
1520530793.452671766 0.570987 -0.735975 0.585941 -0.009810 -0.610949 -0.055387 0.789669
1520530793.502672672 0.599163 -0.728292 0.564549 -0.013853 -0.593965 -0.050985 0.802754
1520530793.552674532 0.623945 -0.722092 0.542702 -0.014502 -0.579654 -0.047256 0.813362
1520530793.602675676 0.649862 -0.717123 0.515512 -0.011448 -0.565465 -0.043792 0.823529
1520530793.652677536 0.675554 -0.710168 0.488664 -0.007321 -0.552037 -0.039202 0.832866
1520530793.702589035 0.698157 -0.701148 0.466915 -0.004503 -0.540531 -0.033736 0.840636
1520530793.752591848 0.712455 -0.697544 0.447653 -0.004869 -0.530129 -0.031549 0.847316
1520530793.802592754 0.722434 -0.698157 0.426267 -0.006536 -0.518938 -0.031801 0.854195
1520530793.852594852 0.725652 -0.703129 0.409438 -0.007178 -0.511847 -0.034613 0.858349
1520530793.902595758 0.729150 -0.707197 0.391268 -0.002669 -0.507505 -0.037564 0.860825
1520530793.952597857 0.734972 -0.705050 0.380937 0.000678 -0.505205 -0.036685 0.862219
1520530794.002599955 0.738791 -0.700648 0.375732 -0.002630 -0.501281 -0.034556 0.864590
1520530794.052604914 0.741213 -0.698898 0.369608 -0.008474 -0.495415 -0.033545 0.867967
1520530794.102647543 0.749052 -0.695026 0.358440 -0.010165 -0.488793 -0.031280 0.871779
1520530794.152649403 0.758512 -0.692160 0.341435 -0.010321 -0.480343 -0.029463 0.876525
1520530794.202650547 0.769248 -0.687995 0.321177 -0.009908 -0.470394 -0.027145 0.881983
1520530794.252652645 0.777731 -0.686239 0.300573 -0.012738 -0.458534 -0.026055 0.888203
1520530794.302653551 0.786432 -0.683896 0.279636 -0.016732 -0.445412 -0.024287 0.894840
1520530794.352655649 0.793160 -0.682413 0.260255 -0.021328 -0.432992 -0.022801 0.900857
1520530794.402656555 0.797723 -0.686057 0.231492 -0.022809 -0.418359 -0.024742 0.907658
1520530794.452658415 0.808691 -0.682913 0.196706 -0.017170 -0.404424 -0.024015 0.914095
1520530794.502659559 0.818417 -0.678909 0.164407 -0.016482 -0.388163 -0.021858 0.921184
1520530794.552675724 0.821739 -0.680235 0.139979 -0.020758 -0.373555 -0.021706 0.927122
1520530794.602677822 0.824905 -0.679750 0.116946 -0.022203 -0.361380 -0.021244 0.931912
1520530794.652678967 0.831732 -0.674576 0.095072 -0.019927 -0.352028 -0.018683 0.935591
1520530794.702680826 0.842368 -0.663775 0.072828 -0.016847 -0.342448 -0.012660 0.939301
1520530794.752681971 0.853531 -0.651162 0.052157 -0.013045 -0.334059 -0.005933 0.942443
1520530794.802683830 0.863158 -0.639374 0.036908 -0.010079 -0.328428 0.000488 0.944475
1520530794.852684736 0.865327 -0.637298 0.028324 -0.011592 -0.324525 0.002541 0.945803
1520530794.902687073 0.857867 -0.647257 0.012314 -0.013169 -0.317922 -0.003145 0.948020
1520530794.952672243 0.849069 -0.658382 -0.010684 -0.010136 -0.310932 -0.011513 0.950308
1520530795.002674103 0.849815 -0.656375 -0.031817 -0.003293 -0.306186 -0.013064 0.951877
1520530795.052676201 0.856301 -0.646637 -0.042826 0.001443 -0.304314 -0.009501 0.952523
1520530795.102677345 0.860863 -0.640219 -0.048940 -0.001379 -0.299893 -0.004903 0.953959
1520530795.152679205 0.867807 -0.629728 -0.058304 -0.006534 -0.291363 0.003089 0.956585
1520530795.202680111 0.870091 -0.625295 -0.074729 -0.013275 -0.278642 0.008274 0.960268
1520530795.252682209 0.871077 -0.621114 -0.100160 -0.015827 -0.263966 0.011925 0.964328
1520530795.302684069 0.870885 -0.618370 -0.128911 -0.016155 -0.249162 0.014194 0.968223
1520530795.352701664 0.867240 -0.616193 -0.162715 -0.016374 -0.231477 0.015735 0.972575
1520530795.402703762 0.867370 -0.610253 -0.188858 -0.019831 -0.215368 0.021109 0.976103
1520530795.452705860 0.861455 -0.611482 -0.216534 -0.026234 -0.196454 0.023894 0.979871
1520530795.502706766 0.851834 -0.609719 -0.260114 -0.024761 -0.173674 0.024581 0.984185
1520530795.552708864 0.840608 -0.600330 -0.317236 -0.019570 -0.145027 0.028615 0.988820
1520530795.602709770 0.824634 -0.592105 -0.374041 -0.017918 -0.112968 0.033817 0.992861
1520530795.652710915 0.808089 -0.586671 -0.419194 -0.019544 -0.084816 0.038852 0.995447
1520530795.702712774 0.791756 -0.587001 -0.453265 -0.021881 -0.062873 0.041012 0.996938
1520530795.752690315 0.778380 -0.584401 -0.483466 -0.022055 -0.044744 0.043608 0.997803
1520530795.802692652 0.763856 -0.581772 -0.513053 -0.023222 -0.025876 0.047211 0.998280
1520530795.852694511 0.750110 -0.580085 -0.538730 -0.025683 -0.008178 0.051174 0.998326
1520530795.902695417 0.738025 -0.572751 -0.566424 -0.026741 0.009874 0.058104 0.997903
1520530795.952699423 0.724536 -0.564649 -0.595520 -0.026142 0.027868 0.064530 0.997184
1520530796.002698421 0.700978 -0.568219 -0.624338 -0.027194 0.047744 0.064923 0.996376
1520530796.052700520 0.678644 -0.562797 -0.656526 -0.021338 0.064760 0.064837 0.995564
1520530796.102701664 0.664220 -0.549735 -0.685582 -0.015640 0.079450 0.070097 0.994248
1520530796.152534246 0.649222 -0.541080 -0.708580 -0.014317 0.094418 0.075305 0.992577
1520530796.202536345 0.621252 -0.550127 -0.729097 -0.019362 0.114470 0.074629 0.990430
1520530796.252537251 0.588069 -0.556629 -0.754272 -0.023159 0.138261 0.075134 0.987270
1520530796.302539349 0.548222 -0.558639 -0.785821 -0.023253 0.165349 0.076095 0.983020
1520530796.352540493 0.503155 -0.558342 -0.819491 -0.021365 0.194097 0.077324 0.977697
1520530796.402542353 0.461788 -0.557186 -0.848065 -0.019741 0.220008 0.079245 0.972074
1520530796.452543497 0.418378 -0.564239 -0.869589 -0.022149 0.246029 0.079373 0.965753
1520530796.502545357 0.371026 -0.575951 -0.886610 -0.026572 0.273243 0.078080 0.958403
1520530796.552486181 0.320265 -0.580487 -0.905396 -0.028669 0.302208 0.079827 0.949461
1520530796.602488041 0.274358 -0.579853 -0.923525 -0.028718 0.328751 0.083794 0.940254
1520530796.652489901 0.228027 -0.566615 -0.946614 -0.023741 0.355548 0.092201 0.929796
1520530796.702491045 0.157977 -0.556025 -0.969642 -0.014986 0.389143 0.094072 0.916239
1520530796.752493143 0.086084 -0.550218 -0.984399 -0.007934 0.422100 0.093910 0.901637
1520530796.802494287 0.024208 -0.550742 -0.990171 -0.004948 0.450516 0.093109 0.887886
1520530796.852496147 -0.026544 -0.547044 -0.994094 -0.003052 0.475539 0.097637 0.874254
1520530796.902498007 -0.069258 -0.549707 -0.993338 -0.005087 0.498384 0.103691 0.860718
1520530796.952499151 -0.107381 -0.555199 -0.989194 -0.008524 0.519182 0.109276 0.847606
1520530797.002631664 -0.136375 -0.564794 -0.982656 -0.014828 0.537030 0.115739 0.835454
1520530797.052633524 -0.163644 -0.576512 -0.973786 -0.020685 0.552634 0.118427 0.824708
1520530797.102634430 -0.206322 -0.582545 -0.964356 -0.020486 0.570654 0.115369 0.812788
1520530797.152636766 -0.240005 -0.570767 -0.965388 -0.013576 0.584278 0.118399 0.802755
1520530797.202637672 -0.253628 -0.560340 -0.970038 -0.010952 0.592550 0.128046 0.795216
1520530797.252638817 -0.264373 -0.570856 -0.962957 -0.017854 0.601827 0.133383 0.787207
1520530797.302641630 -0.289924 -0.593936 -0.942807 -0.027054 0.615859 0.129160 0.776726
1520530797.352642536 -0.326580 -0.613812 -0.919181 -0.033527 0.633467 0.123757 0.763072
1520530797.402760029 -0.379732 -0.625243 -0.892500 -0.034272 0.655018 0.116105 0.745853
1520530797.452760935 -0.435672 -0.632963 -0.862569 -0.031635 0.674589 0.101642 0.730478
1520530797.502762079 -0.483362 -0.636334 -0.835551 -0.028842 0.691492 0.090613 0.716098
1520530797.552763939 -0.509885 -0.643049 -0.816223 -0.030213 0.703002 0.085991 0.705323
1520530797.602865934 -0.529814 -0.647047 -0.801463 -0.031705 0.713236 0.086386 0.694858
1520530797.652766943 -0.561087 -0.648129 -0.780012 -0.030386 0.726412 0.083414 0.681501
1520530797.702767849 -0.600734 -0.650621 -0.748720 -0.029366 0.743045 0.078630 0.663958
1520530797.752769947 -0.637789 -0.658256 -0.710677 -0.031361 0.760456 0.074569 0.644332
1520530797.802643299 -0.672210 -0.665973 -0.670456 -0.033979 0.778216 0.073073 0.622804
1520530797.852644205 -0.713374 -0.671551 -0.621554 -0.034352 0.797625 0.068006 0.598322
1520530797.902646303 -0.752854 -0.673794 -0.570893 -0.033618 0.816393 0.063489 0.573011
1520530797.952647209 -0.770341 -0.680803 -0.537644 -0.036476 0.826210 0.057405 0.559241
1520530798.002649307 -0.788999 -0.682224 -0.510080 -0.036341 0.835549 0.054285 0.545518
1520530798.052650213 -0.802164 -0.675620 -0.498852 -0.032323 0.841946 0.057739 0.535489
1520530798.102652073 -0.804657 -0.675073 -0.496871 -0.031685 0.844465 0.060841 0.531200
1520530798.152653217 -0.817805 -0.669290 -0.484432 -0.028302 0.850248 0.062137 0.521936
1520530798.202504635 -0.837739 -0.666095 -0.454956 -0.025865 0.860072 0.060998 0.505853
1520530798.252506733 -0.856011 -0.667080 -0.419555 -0.025750 0.870220 0.058385 0.488513
1520530798.302507877 -0.873600 -0.664375 -0.388173 -0.024136 0.878401 0.053124 0.474348
1520530798.352509737 -0.888374 -0.653218 -0.374087 -0.018141 0.883630 0.052783 0.464848
1520530798.402510643 -0.904083 -0.633343 -0.370365 -0.007708 0.886811 0.053560 0.458953
1520530798.452512741 -0.923400 -0.611360 -0.360696 0.003663 0.891247 0.054000 0.450277
1520530798.502513647 -0.937678 -0.599208 -0.346081 0.010111 0.895834 0.053061 0.441094
1520530798.552515507 -0.951651 -0.588295 -0.327799 0.016033 0.901109 0.052718 0.430078
1520530798.602414608 -0.969389 -0.576084 -0.300596 0.022675 0.907976 0.051601 0.415215
1520530798.652416706 -0.983142 -0.562237 -0.283801 0.029859 0.912331 0.050524 0.405225
1520530798.702417612 -0.990610 -0.554458 -0.276728 0.034551 0.915253 0.054022 0.397744
1520530798.752419472 -0.991869 -0.553539 -0.277082 0.036282 0.917153 0.062006 0.392007
1520530798.802420855 -0.992195 -0.561830 -0.263471 0.033883 0.921432 0.068842 0.380889
1520530798.852422714 -0.992097 -0.573000 -0.240832 0.030581 0.927292 0.076658 0.365128
1520530798.902424574 -0.995230 -0.582879 -0.202229 0.027846 0.935185 0.081095 0.343623
1520530798.952425718 -1.001148 -0.586422 -0.157807 0.026503 0.942361 0.075314 0.324932
1520530799.002338409 -1.011728 -0.578112 -0.109586 0.029626 0.949167 0.064681 0.306629
1520530799.052339315 -1.019311 -0.570390 -0.071950 0.032995 0.954378 0.057909 0.291067
1520530799.102340460 -1.018896 -0.573575 -0.049662 0.032280 0.957919 0.057972 0.279264
1520530799.152342319 -1.016780 -0.579186 -0.029609 0.030332 0.961038 0.058068 0.268540
1520530799.202422380 -1.015409 -0.583408 0.000019 0.028276 0.964923 0.054119 0.255332
1520530799.252345324 -1.016556 -0.580667 0.031823 0.029074 0.968650 0.048249 0.241960
1520530799.302346230 -1.015679 -0.579152 0.065036 0.029250 0.972379 0.043098 0.227523
1520530799.352348089 -1.017761 -0.570547 0.098087 0.033289 0.975891 0.038801 0.212185
1520530799.402350426 -1.020981 -0.559930 0.121265 0.040191 0.978634 0.041101 0.197412
1520530799.452410460 -1.021112 -0.558648 0.130402 0.043642 0.980102 0.046680 0.187929
1520530799.502412558 -1.013683 -0.571671 0.129473 0.040635 0.980990 0.057328 0.180889
1520530799.552413464 -1.008325 -0.575595 0.153700 0.040006 0.983397 0.057956 0.167244
1520530799.602415323 -1.002747 -0.575213 0.183097 0.040214 0.985896 0.055715 0.152601
1520530799.652416468 -1.001448 -0.565990 0.214120 0.044731 0.988072 0.051631 0.138014
1520530799.702418327 -1.000924 -0.556393 0.237417 0.050224 0.989548 0.050627 0.125336
1520530799.752419233 -0.995928 -0.553394 0.261099 0.051973 0.991030 0.048569 0.113133
1520530799.802421570 -0.985508 -0.553010 0.295795 0.051562 0.993005 0.044224 0.096574
1520530799.852662325 -0.971268 -0.554804 0.333288 0.049550 0.994893 0.040773 0.077917
1520530799.902663231 -0.954439 -0.550051 0.380916 0.049137 0.996669 0.033056 0.056067
1520530799.952665329 -0.932741 -0.544300 0.434140 0.049283 0.997997 0.025073 0.030729
1520530800.002666235 -0.902747 -0.552342 0.480485 0.045704 0.998632 0.025222 0.003058
1520530800.052668095 -0.871234 -0.569128 0.514256 0.040425 0.998467 0.030780 -0.021957
1520530800.102669239 -0.845718 -0.577431 0.544087 0.041499 0.997327 0.038057 -0.046559
1520530800.152671337 -0.827411 -0.576286 0.569418 0.048001 0.995447 0.045315 -0.068756
1520530800.202673197 -0.809119 -0.571056 0.597449 0.051955 0.993905 0.044000 -0.086709
1520530800.252766132 -0.782272 -0.559027 0.639322 0.056265 0.991571 0.037585 -0.110496
1520530800.302767038 -0.757664 -0.538692 0.682134 0.060817 0.989393 0.023669 -0.129776
1520530800.352769136 -0.732785 -0.535248 0.708673 0.060239 0.987300 0.018171 -0.145877
1520530800.402770281 -0.704038 -0.539250 0.732941 0.060107 0.984181 0.018442 -0.165633
1520530800.452771187 -0.674300 -0.542978 0.754893 0.062402 0.980154 0.022252 -0.186838
1520530800.502774000 -0.648431 -0.533530 0.781247 0.070802 0.975169 0.023096 -0.208566
1520530800.552775145 -0.622307 -0.522841 0.806468 0.079752 0.969496 0.024284 -0.230493
1520530800.602776051 -0.603634 -0.512721 0.824581 0.081200 0.967140 0.016681 -0.240350
1520530800.652460575 -0.597457 -0.520194 0.819799 0.076373 0.967865 0.017749 -0.238934
1520530800.702461481 -0.567513 -0.539963 0.824698 0.071702 0.963591 0.027451 -0.256119
1520530800.752463341 -0.538765 -0.550200 0.833284 0.070591 0.958977 0.032539 -0.272619
1520530800.802521229 -0.501327 -0.560009 0.846615 0.072318 0.951340 0.041046 -0.296710
1520530800.852466345 -0.460563 -0.525705 0.890669 0.085840 0.942479 0.024283 -0.322140
1520530800.902468443 -0.427116 -0.500689 0.918681 0.098662 0.933968 0.016098 -0.343088
1520530800.952469587 -0.392128 -0.486245 0.939640 0.106800 0.925605 0.011309 -0.362933
1520530801.002471447 -0.349288 -0.475245 0.959280 0.115654 0.914861 0.008807 -0.386750
1520530801.052102566 -0.302439 -0.449581 0.986924 0.127400 0.903294 -0.002352 -0.409663
1520530801.102104664 -0.236538 -0.436964 1.008555 0.133305 0.888097 -0.010338 -0.439781
1520530801.152105808 -0.171618 -0.427655 1.023728 0.132715 0.874743 -0.020758 -0.465597
1520530801.202107668 -0.108728 -0.418335 1.034470 0.132960 0.860668 -0.030280 -0.490566
1520530801.252108812 -0.058893 -0.425511 1.033383 0.134462 0.847332 -0.028091 -0.512990
1520530801.302110672 -0.005942 -0.432160 1.030149 0.139727 0.830877 -0.024530 -0.538069
1520530801.352112532 0.042830 -0.439529 1.024141 0.142652 0.815631 -0.022117 -0.560275
1520530801.402113676 0.091267 -0.438728 1.019184 0.144728 0.801075 -0.025117 -0.580259
1520530801.452115774 0.133253 -0.434332 1.014452 0.146020 0.788782 -0.030113 -0.596318
1520530801.502018929 0.172005 -0.440640 1.003658 0.145258 0.776563 -0.029763 -0.612343
1520530801.552020788 0.211386 -0.451140 0.989537 0.142448 0.764109 -0.028335 -0.628525
1520530801.602021933 0.251476 -0.460629 0.973458 0.139811 0.750882 -0.027446 -0.644884
1520530801.652023792 0.282061 -0.482978 0.952206 0.133057 0.740195 -0.020139 -0.658788
1520530801.702024698 0.307753 -0.506385 0.929806 0.124223 0.731578 -0.013019 -0.670218
1520530801.752027988 0.342654 -0.517715 0.908534 0.120437 0.718389 -0.011198 -0.685045
1520530801.802028894 0.380542 -0.515306 0.893690 0.117997 0.705697 -0.015468 -0.698448
1520530801.852030754 0.421055 -0.505040 0.880255 -0.118194 -0.691794 0.023274 0.711976
1520530801.902304411 0.450398 -0.508547 0.863013 -0.118714 -0.678847 0.023214 0.724248
1520530801.952305317 0.471081 -0.513375 0.849776 -0.120387 -0.668730 0.021642 0.733375
1520530802.002306461 0.489953 -0.519337 0.835068 -0.122381 -0.658734 0.019460 0.742101
1520530802.052308559 0.508445 -0.525516 0.819487 -0.123860 -0.648495 0.017216 0.750877
1520530802.102309465 0.525326 -0.527603 0.807909 -0.126426 -0.639596 0.016934 0.758055
1520530802.152311563 0.557154 -0.529417 0.783191 -0.123919 -0.625233 0.018962 0.770304
1520530802.202313423 0.591424 -0.533891 0.755656 -0.119843 -0.609699 0.020399 0.783255
1520530802.252314568 0.627830 -0.538743 0.724014 -0.110034 -0.595618 0.022535 0.795377
1520530802.302571535 0.663282 -0.541179 0.689378 -0.101419 -0.580132 0.025676 0.807776
1520530802.352573395 0.686124 -0.552480 0.656706 -0.098380 -0.564756 0.022256 0.819070
1520530802.402609348 0.701757 -0.563113 0.630442 -0.100439 -0.550505 0.018221 0.828568
1520530802.452576399 0.719591 -0.564962 0.607808 -0.101984 -0.537489 0.018787 0.836870
1520530802.502577305 0.738776 -0.559909 0.588740 -0.099135 -0.528333 0.023186 0.842911
1520530802.552579641 0.755664 -0.553082 0.572563 -0.094312 -0.522098 0.028265 0.847184
1520530802.602581501 0.768904 -0.548901 0.558164 -0.094782 -0.514221 0.031476 0.851823
1520530802.652582407 0.781715 -0.550375 0.537310 -0.100955 -0.500223 0.031774 0.859404
1520530802.702605009 0.792007 -0.552875 0.519213 -0.109999 -0.486146 0.031549 0.866353
1520530802.752606153 0.796859 -0.559712 0.502682 -0.117111 -0.474591 0.028788 0.871906
1520530802.802608013 0.793429 -0.567674 0.498141 -0.119158 -0.472778 0.024599 0.872741
1520530802.852608919 0.792733 -0.576772 0.487314 -0.116777 -0.470504 0.020263 0.874402
1520530802.902611256 0.799928 -0.579147 0.470999 -0.109050 -0.467650 0.019737 0.876939
1520530802.952613115 0.812008 -0.575993 0.451622 -0.100665 -0.463159 0.022456 0.880253
1520530803.002614021 0.827913 -0.568509 0.430028 -0.093000 -0.456387 0.027422 0.884483
1520530803.052616119 0.840782 -0.564460 0.408181 -0.089666 -0.447426 0.030608 0.889288
1520530803.102764130 0.850966 -0.566375 0.382769 -0.088708 -0.435787 0.031047 0.895129
1520530803.152766228 0.858656 -0.570937 0.356361 -0.087550 -0.424181 0.029658 0.900847
1520530803.202767134 0.866281 -0.569909 0.338371 -0.091583 -0.413005 0.031596 0.905561
1520530803.252768993 0.877345 -0.560940 0.324706 -0.098230 -0.401888 0.037960 0.909613
1520530803.302770138 0.892550 -0.547418 0.301121 -0.100425 -0.388209 0.046490 0.914903
1520530803.352771997 0.907235 -0.534948 0.276858 -0.097932 -0.377176 0.054029 0.919363
1520530803.402774334 0.918765 -0.527216 0.251899 -0.092866 -0.368081 0.058737 0.923278
1520530803.452775240 0.922171 -0.532232 0.226505 -0.088457 -0.359251 0.056518 0.927319
1520530803.502920151 0.922129 -0.539668 0.206910 -0.086926 -0.351887 0.053206 0.930478
1520530803.552922010 0.923890 -0.539157 0.199852 -0.088288 -0.348618 0.054230 0.931520
1520530803.602922916 0.929081 -0.531056 0.193659 -0.091288 -0.344364 0.059359 0.932500
1520530803.652925253 0.933951 -0.523547 0.190593 -0.097114 -0.339948 0.064828 0.933168
1520530803.702926159 0.938786 -0.518278 0.181485 -0.102590 -0.332759 0.069262 0.934853
1520530803.752928019 0.942777 -0.519806 0.155615 -0.107474 -0.317605 0.071081 0.939427
1520530803.802930117 0.942561 -0.529612 0.125958 -0.110611 -0.301746 0.068483 0.944470
1520530803.852931023 0.944559 -0.530697 0.104302 -0.109059 -0.292642 0.068615 0.947501
1520530803.902932167 0.947405 -0.527733 0.095108 -0.107478 -0.289927 0.070262 0.948396
1520530803.952781200 0.951011 -0.524057 0.083822 -0.107066 -0.285247 0.072634 0.949682
1520530804.002792120 0.957084 -0.516295 0.061888 -0.110134 -0.272628 0.079353 0.952495
1520530804.052784204 0.962709 -0.508931 0.030745 -0.110878 -0.256685 0.085422 0.956306
1520530804.102786303 0.963313 -0.510702 -0.003677 -0.113610 -0.238013 0.087901 0.960581
1520530804.152787209 0.961609 -0.514559 -0.041843 -0.114772 -0.218300 0.089153 0.965000
1520530804.202789307 0.960986 -0.512437 -0.083569 -0.112430 -0.198709 0.092679 0.969167
1520530804.252790213 0.961532 -0.504981 -0.127022 -0.108073 -0.179342 0.098652 0.972843
1520530804.302792311 0.962178 -0.490890 -0.177409 -0.100140 -0.158402 0.106959 0.976443
1520530804.352735758 0.958172 -0.473880 -0.241813 -0.089486 -0.131546 0.116229 0.980397
1520530804.402737617 0.948947 -0.456199 -0.309312 -0.076853 -0.103519 0.124434 0.983816
1520530804.452738762 0.931440 -0.445524 -0.375782 -0.066281 -0.074013 0.129420 0.986600
1520530804.502740622 0.907676 -0.450295 -0.430123 -0.060496 -0.047341 0.127446 0.988866
1520530804.552742004 0.877266 -0.465874 -0.477848 -0.056760 -0.022032 0.119466 0.990970
1520530804.602743864 0.849881 -0.483305 -0.512903 -0.057641 -0.000710 0.112231 0.992009
1520530804.652745724 0.827669 -0.498847 -0.537644 -0.062625 0.017887 0.108463 0.991965
1520530804.702746868 0.812198 -0.509709 -0.555392 -0.069625 0.033515 0.108439 0.991095
1520530804.752780199 0.798104 -0.510677 -0.578359 -0.072498 0.049232 0.111763 0.989863
1520530804.802782297 0.787277 -0.500200 -0.606004 -0.072426 0.065415 0.120763 0.987872
1520530804.852783442 0.769180 -0.485671 -0.644394 -0.069533 0.087069 0.131538 0.985029
1520530804.902784348 0.739022 -0.473116 -0.690867 -0.062366 0.112410 0.138623 0.981966
1520530804.952786207 0.705744 -0.465589 -0.732769 -0.052380 0.134106 0.139501 0.979700
1520530805.002788305 0.672558 -0.467662 -0.765201 -0.043195 0.151191 0.133753 0.978461
1520530805.052790165 0.636749 -0.473663 -0.794416 -0.037228 0.169867 0.127794 0.976436
1520530805.102791071 0.594902 -0.485795 -0.822132 -0.037122 0.193638 0.123368 0.972577
1520530805.152562380 0.549209 -0.498847 -0.848104 -0.038992 0.219993 0.120182 0.967284
1520530805.202564240 0.496557 -0.516422 -0.872465 -0.039387 0.246816 0.112197 0.961739
1520530805.252565622 0.447150 -0.526993 -0.895211 -0.037949 0.271662 0.106668 0.955710
1520530805.302567482 0.407824 -0.533033 -0.914077 -0.037157 0.292588 0.105164 0.949712
1520530805.352569342 0.374240 -0.524992 -0.936131 -0.032498 0.311404 0.109218 0.943421
1520530805.402570486 0.336888 -0.521056 -0.955610 -0.030341 0.332498 0.113686 0.935735
1520530805.452572346 0.281471 -0.522548 -0.975596 -0.030966 0.363084 0.119320 0.923566
1520530805.502573490 0.215035 -0.521239 -0.995552 -0.031507 0.399220 0.128546 0.907252
1520530805.552534580 0.147198 -0.522897 -1.009622 -0.032036 0.434267 0.136307 0.889835
1520530805.602536678 0.086495 -0.523467 -1.018857 -0.028993 0.462272 0.138760 0.875334
1520530805.652537584 0.035733 -0.516461 -1.028038 -0.021179 0.482765 0.138149 0.864526
1520530805.702538729 -0.010565 -0.512034 -1.034265 -0.014487 0.500771 0.136477 0.854630
1520530805.752540588 -0.044293 -0.509110 -1.037808 -0.011415 0.515303 0.138204 0.845714
1520530805.802542686 -0.069240 -0.517022 -1.035844 -0.013881 0.527492 0.138819 0.838027
1520530805.852543831 -0.088863 -0.532094 -1.030151 -0.019649 0.538085 0.137714 0.831333
1520530805.902545691 -0.111367 -0.549575 -1.022079 -0.025948 0.549719 0.135488 0.823880
1520530805.952546597 -0.142278 -0.564364 -1.013053 -0.030388 0.564235 0.133288 0.814217
1520530806.002724409 -0.175738 -0.571144 -1.006096 -0.030798 0.578542 0.131094 0.804460
1520530806.052725315 -0.206172 -0.577481 -0.999978 -0.031651 0.591979 0.130818 0.794636
1520530806.102727175 -0.215482 -0.574867 -1.001946 -0.031907 0.598240 0.137095 0.788857
1520530806.152729273 -0.230121 -0.566843 -1.005020 -0.029386 0.605777 0.144133 0.781918
1520530806.202730179 -0.264120 -0.564234 -1.000773 -0.026722 0.620201 0.148003 0.769891
1520530806.252732277 -0.306640 -0.564791 -0.990963 -0.023928 0.637429 0.149360 0.755515
1520530806.302733421 -0.355571 -0.561715 -0.979061 -0.017879 0.655250 0.147885 0.740579
1520530806.352735281 -0.399289 -0.554465 -0.969234 -0.010069 0.669909 0.145635 0.727950
1520530806.402897358 -0.431164 -0.543392 -0.965348 -0.002368 0.680345 0.146469 0.718103
1520530806.452899694 -0.453685 -0.529865 -0.964983 0.005476 0.687389 0.148693 0.710885
1520530806.502901554 -0.483286 -0.516228 -0.960177 0.013325 0.697336 0.152101 0.700293
1520530806.552903414 -0.536277 -0.508687 -0.938534 0.020781 0.716104 0.153001 0.680701
1520530806.602904558 -0.595482 -0.504480 -0.906145 0.027594 0.737639 0.152652 0.657134
1520530806.652906418 -0.659372 -0.495145 -0.867659 0.036703 0.760337 0.153815 0.629985
1520530806.702908516 -0.706386 -0.485507 -0.837066 0.044395 0.777339 0.157776 0.607355
1520530806.752908468 -0.740550 -0.473231 -0.815226 0.052564 0.788719 0.159204 0.591450
1520530806.803025723 -0.774774 -0.470203 -0.787576 0.057437 0.800537 0.156019 0.575761
1520530806.853026867 -0.793580 -0.478454 -0.765461 0.056217 0.808802 0.150859 0.565615
1520530806.903029680 -0.803829 -0.494016 -0.745843 0.050858 0.815337 0.145424 0.558113
1520530806.953030586 -0.810356 -0.516842 -0.725749 0.042411 0.821487 0.138442 0.551538
1520530807.003031731 -0.818940 -0.532503 -0.707160 0.036527 0.827966 0.136383 0.542714
1520530807.053033829 -0.831285 -0.541980 -0.687481 0.033537 0.835552 0.138216 0.530683
1520530807.103034973 -0.851189 -0.537683 -0.668882 0.036958 0.843437 0.142069 0.516782
1520530807.153036833 -0.862157 -0.525427 -0.666324 0.042744 0.846540 0.147830 0.509597
1520530807.202843189 -0.870151 -0.511971 -0.669366 0.049126 0.847238 0.148801 0.507575
1520530807.252840996 -0.882193 -0.500233 -0.664785 0.055271 0.849511 0.146786 0.503717
1520530807.302842140 -0.894591 -0.503284 -0.647983 0.055364 0.854667 0.142375 0.496193
1520530807.352844000 -0.906181 -0.516665 -0.622858 0.051347 0.861469 0.135131 0.486800
1520530807.402845860 -0.921477 -0.526514 -0.593654 0.048991 0.869272 0.129019 0.474679
1520530807.452847004 -0.939389 -0.529171 -0.564680 0.049881 0.876934 0.124068 0.461634
1520530807.502849102 -0.964433 -0.522000 -0.531052 0.055717 0.885383 0.118610 0.446010
1520530807.552850008 -0.984579 -0.518260 -0.499325 0.059678 0.893220 0.116055 0.430265
1520530807.602721453 -0.990850 -0.534263 -0.471519 0.054144 0.900247 0.116720 0.415934
1520530807.652722597 -0.993374 -0.555432 -0.441914 0.046309 0.907286 0.116928 0.401268
1520530807.702724695 -1.005616 -0.561038 -0.405791 0.046008 0.915239 0.117037 0.382784
1520530807.752725840 -1.027121 -0.547002 -0.368272 0.054953 0.922906 0.118196 0.362290
1520530807.802727699 -1.048280 -0.526578 -0.333983 0.066576 0.929112 0.118625 0.343869
1520530807.852729559 -1.062311 -0.513913 -0.304283 0.074077 0.934081 0.116933 0.329137
1520530807.902730703 -1.070031 -0.511346 -0.277385 0.076696 0.938560 0.114483 0.316413
1520530807.952732563 -1.068624 -0.523095 -0.255761 0.072445 0.942782 0.116383 0.303923
1520530808.002812386 -1.074422 -0.531127 -0.218343 0.070767 0.948756 0.113810 0.286184
1520530808.052814245 -1.070784 -0.551763 -0.183170 0.063220 0.954454 0.112085 0.269181
1520530808.102815390 -1.063257 -0.578022 -0.142507 0.053501 0.960631 0.112792 0.248202
1520530808.152818441 -1.054733 -0.597803 -0.105398 0.046204 0.965624 0.113312 0.229337
1520530808.202819347 -1.056109 -0.598987 -0.063891 0.047802 0.970362 0.111980 0.208743
1520530808.252820492 -1.053390 -0.602044 -0.047049 0.047719 0.972378 0.114536 0.197702
1520530808.302822351 -1.051738 -0.604417 -0.028185 0.048402 0.974470 0.117387 0.185164
1520530808.352824211 -1.052810 -0.601131 0.004193 0.052245 0.977386 0.118600 0.167095
1520530808.402826548 -1.052769 -0.595696 0.046449 0.056917 0.980634 0.116601 0.146702
1520530808.452991009 -1.052593 -0.585521 0.112756 0.064726 0.984914 0.110414 0.116467
1520530808.502992153 -1.044042 -0.584282 0.163623 0.067894 0.987576 0.108812 0.090801
1520530808.552994013 -1.030606 -0.591484 0.204022 0.066450 0.989617 0.106408 0.070137
1520530808.602995157 -1.017718 -0.599658 0.231394 0.063887 0.990885 0.104987 0.055158
1520530808.652999163 -1.008350 -0.598214 0.265366 0.066171 0.991790 0.102973 0.037024
1520530808.702999115 -1.000202 -0.588691 0.302818 0.072228 0.992123 0.100779 0.017872
1520530808.753000259 -0.985631 -0.575362 0.360637 0.080770 0.992065 0.095790 -0.010395
1520530808.803002119 -0.958527 -0.576464 0.417850 0.083860 0.991027 0.095039 -0.042433
1520530808.852989435 -0.924881 -0.589277 0.464631 0.083993 0.988362 0.101920 -0.075491
1520530808.902898550 -0.894660 -0.603527 0.497097 0.083839 0.984908 0.110704 -0.103308
1520530808.952900410 -0.872991 -0.608405 0.522214 0.086874 0.981479 0.116625 -0.124699
1520530809.002902269 -0.851906 -0.610119 0.547450 0.089170 0.978703 0.117510 -0.142763
1520530809.052903414 -0.823491 -0.615632 0.577804 0.086739 0.976645 0.112760 -0.161015
1520530809.102905273 -0.791768 -0.618404 0.612095 0.082760 0.975155 0.102442 -0.178125
1520530809.152906179 -0.755054 -0.620953 0.649964 0.076875 0.973452 0.088932 -0.196398
1520530809.202908516 -0.721299 -0.622084 0.680864 0.072262 0.971241 0.078613 -0.212810
1520530809.252622604 -0.681825 -0.628210 0.711125 0.070760 0.965449 0.079306 -0.237934
1520530809.302624464 -0.646480 -0.626683 0.740405 0.076152 0.957943 0.081680 -0.264337
1520530809.352626324 -0.609787 -0.639579 0.756187 0.074531 0.951009 0.087339 -0.287052
1520530809.402627468 -0.581064 -0.658888 0.757968 0.067643 0.946644 0.093570 -0.300888
1520530809.452629566 -0.554118 -0.660736 0.771625 0.067068 0.942143 0.092270 -0.315206
1520530809.502630711 -0.517613 -0.651884 0.799791 0.070570 0.935322 0.086060 -0.335838
1520530809.552632570 -0.470550 -0.638754 0.834810 0.075212 0.926265 0.076895 -0.361198
1520530809.602633476 -0.423338 -0.632758 0.859963 0.079483 0.915855 0.073498 -0.386641
1520530809.652633905 -0.380209 -0.632512 0.875993 0.081333 0.906521 0.071236 -0.408080
1520530809.702635765 -0.335154 -0.639501 0.885540 0.081242 0.896164 0.072356 -0.430179
1520530809.752636671 -0.291012 -0.641585 0.896063 0.082141 0.885787 0.071088 -0.451200
1520530809.802638769 -0.242281 -0.630853 0.914268 0.083420 0.875825 0.061096 -0.471423
1520530809.852640867 -0.185962 -0.610418 0.937320 0.087411 0.863902 0.047018 -0.493784
1520530809.902641773 -0.104784 -0.587037 0.961026 0.092703 0.844038 0.031230 -0.527286
1520530809.952643871 -0.020936 -0.562042 0.977392 0.098240 0.822739 0.014630 -0.559675
1520530810.002644777 0.060431 -0.550592 0.978860 0.099611 0.800742 0.004402 -0.590652
1520530810.053197622 0.150630 -0.542287 0.972256 0.096962 0.775576 -0.006958 -0.623724
1520530810.103198528 0.239825 -0.532907 0.957953 0.094132 0.748964 -0.018305 -0.655634
1520530810.153200626 0.239825 -0.532907 0.957953 0.094132 0.748964 -0.018305 -0.655634
1520530810.203201532 0.221986 -0.534783 0.960813 0.094132 0.748964 -0.018305 -0.655634
1520530810.253206491 -0.525852 0.085181 0.846300 -0.007182 -0.036074 0.003126 0.999318
1520530810.303205729 -0.212069 0.050087 0.374744 -0.003240 0.015133 0.001109 0.999880
1520530810.353206635 -0.177386 0.052816 0.358940 -0.014642 0.033068 0.007005 0.999321
1520530810.403207779 -0.149601 0.054486 0.338624 -0.019763 0.054987 0.009363 0.998248
1520530810.453339100 -0.111412 0.055606 0.324066 -0.017539 0.075898 0.008823 0.996922
1520530810.503276348 -0.086506 0.051499 0.302323 -0.006154 0.095444 0.005993 0.995398
1520530810.553277254 -0.058239 0.042330 0.282594 0.007053 0.111407 0.004484 0.993740
1520530810.603279114 -0.032491 0.040154 0.260580 0.018556 0.131369 0.000144 0.991160
1520530810.653280258 -0.007136 0.039664 0.232504 0.021503 0.153267 -0.005962 0.987933
1520530810.703282118 0.015375 0.043923 0.201308 0.016428 0.173875 -0.010584 0.984574
1520530810.753283262 0.035677 0.049933 0.166574 0.003981 0.193403 -0.011520 0.981044
1520530810.803285360 0.055770 0.055240 0.131311 -0.009682 0.211769 -0.010608 0.977214
1520530810.853286028 0.069999 0.059244 0.096860 -0.020190 0.226860 -0.009247 0.973674
1520530810.903261662 0.083622 0.059288 0.065677 -0.025605 0.243173 -0.011490 0.969577
1520530810.953263521 0.096762 0.070448 0.036764 -0.024004 0.264860 -0.011081 0.963924
1520530811.003264666 0.110509 0.073748 0.002943 -0.020775 0.287405 -0.007626 0.957553
1520530811.053266764 0.120797 0.076886 -0.026455 -0.018815 0.310285 -0.004378 0.950447
1520530811.103267670 0.130453 0.079284 -0.062726 -0.018243 0.332954 -0.003382 0.942761
1520530811.153269768 0.138454 0.080847 -0.098308 -0.017231 0.356719 -0.004159 0.934044
1520530811.203270674 0.142114 0.082950 -0.134744 -0.016717 0.377827 -0.001663 0.925724
1520530811.253272533 0.146380 0.082519 -0.169049 -0.019688 0.392955 0.004814 0.919334
1520530811.303123474 0.149273 0.077162 -0.206703 -0.025138 0.405223 0.010268 0.913814
1520530811.353125334 0.150519 0.082190 -0.245670 -0.031077 0.414260 0.015903 0.909489
1520530811.403127193 0.145286 0.088915 -0.281453 -0.034086 0.423777 0.015899 0.904985
1520530811.453129530 0.147959 0.091756 -0.315304 -0.034058 0.433066 0.011212 0.900649
1520530811.503130436 0.147435 0.095755 -0.351193 -0.032120 0.442867 0.007485 0.895981
1520530811.553132296 0.154082 0.101519 -0.380998 -0.032065 0.446059 0.008645 0.894387
1520530811.603134394 0.157348 0.109343 -0.411829 -0.031432 0.447598 0.006082 0.893662
1520530811.653135300 0.166786 0.118149 -0.439812 -0.030765 0.450102 0.002818 0.892443
1520530811.703139067 0.157944 0.121616 -0.474837 -0.029752 0.458975 0.002856 0.887946
1520530811.753140926 0.151853 0.120017 -0.506431 -0.030070 0.469679 0.004037 0.882316
1520530811.803142071 0.135936 0.122863 -0.541689 -0.029337 0.485950 0.007037 0.873466
1520530811.853144169 0.118882 0.117406 -0.574752 -0.028949 0.504579 0.007470 0.862848
1520530811.903147936 0.097528 0.124462 -0.608239 -0.027874 0.524282 0.008813 0.851043
1520530811.953147173 0.084226 0.118188 -0.642818 -0.030327 0.538943 0.007004 0.841767
1520530812.003149033 0.071752 0.115625 -0.675518 -0.032892 0.550485 0.003996 0.834188
1520530812.053188086 0.056411 0.110570 -0.707393 -0.035036 0.564436 0.000504 0.824733
1520530812.103106022 0.032727 0.119106 -0.736693 -0.034239 0.581789 0.001970 0.812616
1520530812.153108120 0.005435 0.128117 -0.762798 -0.031550 0.601951 0.004163 0.797898
1520530812.203110218 -0.023509 0.139963 -0.785826 -0.026800 0.622226 0.007431 0.782344
1520530812.253111124 -0.051350 0.144661 -0.808694 -0.025411 0.639713 0.011671 0.768105
1520530812.303113222 -0.068335 0.148510 -0.832621 -0.030072 0.650827 0.018721 0.758400
1520530812.353114128 -0.084577 0.137291 -0.859931 -0.039520 0.660123 0.022833 0.749769
1520530812.403115988 -0.109033 0.125593 -0.887133 -0.047798 0.671646 0.024260 0.738931
1520530812.453117132 -0.121901 0.113305 -0.916170 -0.054623 0.679610 0.026818 0.731046
1520530812.503178358 -0.141874 0.112774 -0.941398 -0.057322 0.688300 0.032420 0.722431
1520530812.553179026 -0.163462 0.120246 -0.962501 -0.055446 0.699817 0.037660 0.711171
1520530812.603181124 -0.187811 0.133181 -0.982587 -0.051516 0.711713 0.044505 0.699164
1520530812.653183222 -0.208990 0.150643 -1.001196 -0.048559 0.720795 0.052918 0.689417
1520530812.703184128 -0.223743 0.163042 -1.020377 -0.046605 0.727652 0.056872 0.681994
1520530812.753185987 -0.236731 0.166774 -1.040713 -0.045236 0.735655 0.054808 0.673618
1520530812.803188324 -0.261556 0.159077 -1.056949 -0.045558 0.748567 0.048004 0.659748
1520530812.853189230 -0.298148 0.148246 -1.071628 -0.047242 0.764322 0.040452 0.641828
1520530812.903190374 -0.340384 0.139256 -1.083421 -0.048559 0.780558 0.034674 0.622228
1520530812.953081369 -0.372957 0.135165 -1.095192 -0.050170 0.794009 0.033459 0.604907
1520530813.003083229 -0.403853 0.119526 -1.109709 -0.053813 0.805886 0.031910 0.588756
1520530813.053084373 -0.427846 0.107068 -1.124052 -0.058641 0.815663 0.030794 0.574723
1520530813.103086233 -0.451033 0.092651 -1.138734 -0.064621 0.824269 0.028795 0.561761
1520530813.153088331 -0.487763 0.076703 -1.145791 -0.065964 0.837026 0.023010 0.542684
1520530813.203089476 -0.530681 0.073737 -1.144906 -0.065808 0.851174 0.019500 0.520376
1520530813.253091335 -0.589787 0.068460 -1.133881 -0.065378 0.867605 0.016571 0.492658
1520530813.303093195 -0.646927 0.066911 -1.117845 -0.064707 0.883095 0.016232 0.464428
1520530813.352868557 -0.690898 0.069902 -1.105403 -0.063479 0.895314 0.017904 0.440525
1520530813.402869463 -0.727152 0.076041 -1.094958 -0.062850 0.905044 0.019972 0.420174
1520530813.452871561 -0.764580 0.069047 -1.085884 -0.065936 0.913866 0.019516 0.400151
1520530813.502872467 -0.800296 0.046130 -1.077028 -0.072235 0.922094 0.016737 0.379797
1520530813.552874565 -0.837587 0.019804 -1.067252 -0.078146 0.930125 0.013660 0.358573
1520530813.602876663 -0.869198 0.006612 -1.060084 -0.083772 0.936322 0.016695 0.340595
1520530813.652886629 -0.895232 0.005311 -1.052310 -0.085648 0.942059 0.021341 0.323626
1520530813.702878475 -0.921007 0.007264 -1.043651 -0.083840 0.948012 0.023723 0.306073
1520530813.752878428 -0.947647 0.015765 -1.033422 -0.082918 0.953434 0.029004 0.288525
1520530813.802880287 -0.958847 0.011234 -1.032205 -0.084793 0.956810 0.031641 0.276267
1520530813.852881432 -0.982282 0.018894 -1.024943 -0.085163 0.960976 0.034331 0.260946
1520530813.902883291 -1.013569 0.014752 -1.004149 -0.083440 0.966831 0.030403 0.239481
1520530813.952884197 -1.050893 0.012623 -0.975213 -0.080972 0.973084 0.026517 0.214123
1520530814.002886295 -1.090114 0.007462 -0.941309 -0.079927 0.978752 0.025336 0.187120
1520530814.052887201 -1.126906 0.009175 -0.909488 -0.080659 0.983028 0.030853 0.161859
1520530814.102889299 -1.153123 0.005623 -0.883648 -0.082248 0.986086 0.036683 0.139725
1520530814.153383255 -1.184923 0.020725 -0.853897 -0.080654 0.988836 0.045071 0.116906
1520530814.203385115 -1.210219 0.041714 -0.823624 -0.074830 0.991406 0.049629 0.095138
1520530814.253386974 -1.238213 0.052387 -0.781868 -0.069618 0.994003 0.048777 0.068792
1520530814.303388119 -1.269407 0.048512 -0.728458 -0.068079 0.995969 0.044673 0.037632
1520530814.353389978 -1.300775 0.036559 -0.665624 -0.070077 0.996672 0.041452 0.004010
1520530814.403392076 -1.325830 0.031612 -0.608200 -0.071492 0.996212 0.041641 -0.026779
1520530814.453393221 -1.337899 0.040078 -0.563989 -0.069372 0.995295 0.044067 -0.051309
1520530814.503394127 -1.351399 0.055811 -0.521942 -0.063422 0.994037 0.046132 -0.075767
1520530814.553365469 -1.356850 0.054692 -0.493930 -0.062004 0.992472 0.045690 -0.095220
1520530814.603367329 -1.359160 0.036345 -0.474270 -0.065342 0.990646 0.042529 -0.111992
1520530814.653369427 -1.359833 0.015600 -0.459749 -0.069212 0.988703 0.038393 -0.127285
1520530814.703370571 -1.362175 0.007012 -0.442178 -0.071033 0.986484 0.037919 -0.142711
1520530814.753371477 -1.364943 0.005084 -0.419919 -0.071999 0.983698 0.041473 -0.159479
1520530814.803373337 -1.367592 0.013778 -0.392923 -0.071685 0.980239 0.050823 -0.177228
1520530814.853375435 -1.369903 0.026256 -0.368393 -0.072483 0.976409 0.063259 -0.193315
1520530814.903376341 -1.362992 0.025955 -0.370313 -0.076762 0.974187 0.071459 -0.199900
1520530814.953189135 -1.362092 0.038267 -0.366843 -0.076694 0.971877 0.076969 -0.208923
1520530815.003187180 -1.366587 0.040958 -0.356159 -0.072967 0.969412 0.073155 -0.222631
1520530815.053189039 -1.361966 0.046588 -0.346684 -0.070332 0.967261 0.069019 -0.233870
1520530815.103190184 -1.358796 0.056005 -0.334854 -0.063507 0.964787 0.063908 -0.247123
1520530815.153192282 -1.358384 0.049055 -0.328029 -0.062484 0.961896 0.058411 -0.259691
1520530815.203193426 -1.357238 0.036419 -0.324348 -0.064086 0.958986 0.054021 -0.270777
1520530815.253195286 -1.354126 0.028727 -0.325368 -0.064938 0.956298 0.050921 -0.280509
1520530815.303196192 -1.348825 0.023328 -0.327652 -0.062722 0.954264 0.045666 -0.288724
1520530815.353198290 -1.345427 0.042761 -0.314335 -0.055939 0.950511 0.047346 -0.301925
1520530815.403064489 -1.342333 0.061079 -0.295090 -0.051304 0.945759 0.052599 -0.316452
1520530815.453065395 -1.346847 0.085610 -0.253464 -0.044608 0.938254 0.058892 -0.337966
1520530815.503067732 -1.340977 0.112461 -0.223782 -0.036874 0.931823 0.064334 -0.355256
1520530815.553068638 -1.338904 0.117198 -0.205635 -0.034461 0.926409 0.063658 -0.369495
1520530815.603070498 -1.341810 0.108085 -0.189698 -0.034954 0.920907 0.057244 -0.383969
1520530815.653071642 -1.337477 0.092349 -0.182107 -0.035751 0.916315 0.047152 -0.396061
1520530815.703073502 -1.344098 0.069092 -0.158739 -0.036982 0.908798 0.035451 -0.414078
1520530815.753074646 -1.346726 0.047566 -0.139369 -0.040520 0.901505 0.028639 -0.429915
1520530815.803066015 -1.337503 0.037311 -0.127197 -0.046053 0.895803 0.030394 -0.441013
1520530815.853068113 -1.339918 0.024159 -0.090501 -0.051988 0.885754 0.033417 -0.460023
1520530815.903069258 -1.342336 0.024683 -0.043992 -0.052729 0.873930 0.039012 -0.481605
1520530815.953071117 -1.341636 0.024682 -0.012445 -0.056870 0.864182 0.046562 -0.497782
1520530816.003072262 -1.342163 0.012309 0.000060 -0.064501 0.857791 0.048922 -0.507584
1520530816.053074121 -1.338731 0.015787 0.017740 -0.064577 0.851002 0.050107 -0.518762
1520530816.103075027 -1.334566 0.022173 0.059713 -0.059253 0.839555 0.047454 -0.537944
1520530816.153077364 -1.326467 0.025091 0.119566 -0.053880 0.823724 0.043482 -0.562747
1520530816.203195095 -1.305488 0.030288 0.169350 -0.058246 0.809062 0.049497 -0.582732
1520530816.253196239 -1.289139 0.017578 0.227188 -0.059330 0.791114 0.048048 -0.606886
1520530816.303198099 -1.269091 0.004275 0.278552 -0.063259 0.773650 0.048799 -0.628556
1520530816.353200197 -1.248900 0.000828 0.328932 -0.062290 0.755911 0.050669 -0.649732
1520530816.403201342 -1.226656 0.012867 0.371890 -0.057789 0.740076 0.055600 -0.667725
1520530816.453202248 -1.196259 0.034479 0.421223 -0.048502 0.722813 0.061126 -0.686624
1520530816.503205061 -1.159666 0.052001 0.481979 0.040418 -0.701013 -0.066697 0.708872
1520530816.553205252 -1.117988 0.053005 0.543798 0.039021 -0.677308 -0.068417 0.731471
1520530816.603259802 -1.072503 0.060705 0.599335 0.033814 -0.655313 -0.069791 0.751366
1520530816.653261900 -1.027918 0.064028 0.649293 0.031452 -0.633416 -0.072250 0.769789
1520530816.703267813 -0.986410 0.057591 0.688278 0.031145 -0.614393 -0.069139 0.785348
1520530816.753264904 -0.942582 0.044859 0.727804 0.032109 -0.593474 -0.061561 0.801853
1520530816.803265810 -0.900208 0.034699 0.760334 0.032086 -0.574094 -0.052816 0.816454
1520530816.853267670 -0.855448 0.035715 0.791888 0.027970 -0.553933 -0.048819 0.830658
1520530816.903270006 -0.816739 0.035763 0.812355 0.026062 -0.538391 -0.047655 0.840943
1520530816.953270674 -0.774747 0.031383 0.835334 0.026582 -0.520308 -0.048696 0.852174
1520530817.002976418 -0.727613 0.015906 0.861231 0.033817 -0.499033 -0.052833 0.864310
1520530817.052977562 -0.686803 -0.008512 0.879446 0.043956 -0.480715 -0.050219 0.874333
1520530817.102979660 -0.654773 -0.024930 0.889034 0.050491 -0.467466 -0.043837 0.881478
1520530817.152980566 -0.614969 -0.013735 0.904510 0.045445 -0.450663 -0.044549 0.890423
1520530817.202982664 -0.559507 0.017546 0.926783 0.030564 -0.426861 -0.048900 0.902477
1520530817.252983570 -0.500901 0.047410 0.945944 0.016051 -0.403066 -0.050367 0.913643
1520530817.302985430 -0.436699 0.071443 0.962134 0.002637 -0.376438 -0.049822 0.925097
1520530817.352986574 -0.371316 0.078171 0.976540 -0.002941 -0.347751 -0.043928 0.936553
1520530817.402988434 -0.312955 0.075872 0.983645 -0.004028 -0.323141 -0.036597 0.945634
1520530817.452914715 -0.254312 0.068784 0.991911 -0.001291 -0.297197 -0.035654 0.954150
1520530817.502915621 -0.196100 0.076666 0.990728 -0.008184 -0.273583 -0.039987 0.960982
1520530817.552917719 -0.123681 0.072436 0.992364 -0.008247 -0.242076 -0.047241 0.969071
1520530817.602919579 -0.040862 0.060146 0.990553 -0.004912 -0.204379 -0.052241 0.977485
1520530817.652920485 0.045972 0.048897 0.982649 -0.001473 -0.164507 -0.054076 0.984891
1520530817.702921629 0.128659 0.046605 0.967700 -0.002516 -0.126404 -0.055695 0.990411
1520530817.752923727 0.203954 0.054047 0.947585 -0.008578 -0.091585 -0.057497 0.994099
1520530817.802925587 0.267777 0.067671 0.923439 -0.016984 -0.061803 -0.055935 0.996375
1520530817.853491545 0.336177 0.095171 0.891191 -0.032092 -0.024392 -0.046545 0.998103
1520530817.903492689 0.336960 0.102281 0.880482 -0.033440 -0.038306 -0.044647 0.997708
1520530817.953494549 0.376366 0.113383 0.854254 -0.040880 -0.020291 -0.042818 0.998040
1520530818.003496408 0.419222 0.116972 0.825999 -0.047818 0.000424 -0.047860 0.997709
1520530818.053497553 0.460564 0.131334 0.796371 -0.061175 0.022370 -0.049140 0.996666
1520530818.103499413 0.505527 0.136076 0.760936 -0.069342 0.047557 -0.052216 0.995090
1520530818.153500557 0.543551 0.141035 0.727466 -0.075259 0.069278 -0.051109 0.993441
1520530818.203501463 0.571417 0.155113 0.696987 -0.081841 0.086634 -0.042951 0.991943
1520530818.253752947 0.604663 0.170282 0.655676 -0.094402 0.108426 -0.040350 0.988789
1520530818.303755760 0.639809 0.180860 0.613376 -0.104265 0.132861 -0.038974 0.984864
1520530818.353755951 0.672946 0.184731 0.573174 -0.111612 0.156742 -0.040630 0.980471
1520530818.403757811 0.699789 0.185027 0.538354 -0.118278 0.177043 -0.043448 0.976104
1520530818.453758955 0.721300 0.188620 0.505341 -0.122764 0.194907 -0.041683 0.972215
1520530818.503833771 0.739841 0.192299 0.475283 -0.127116 0.210992 -0.040007 0.968361
1520530818.553761721 0.758494 0.191187 0.444140 -0.130844 0.227514 -0.041049 0.964071
1520530818.603764057 0.780004 0.190318 0.405645 -0.131643 0.248921 -0.039634 0.958717
1520530818.653602362 0.802940 0.190244 0.358082 -0.132998 0.275206 -0.036079 0.951458
1520530818.703604221 0.825300 0.190336 0.304566 -0.132426 0.304347 -0.030852 0.942807
1520530818.753605366 0.845470 0.182098 0.251855 -0.129160 0.333204 -0.029631 0.933496
1520530818.803607225 0.860609 0.170443 0.209522 -0.124357 0.355791 -0.030910 0.925739
1520530818.853608131 0.869028 0.166964 0.179652 -0.122083 0.370343 -0.029535 0.920364
1520530818.903610468 0.873210 0.175109 0.153584 -0.124481 0.381411 -0.024066 0.915670
1520530818.953611374 0.874790 0.189384 0.130488 -0.130974 0.389673 -0.017380 0.911427
1520530819.003613234 0.875577 0.201932 0.106667 -0.138449 0.398061 -0.012162 0.906770
1520530819.053454638 0.876832 0.210495 0.086139 -0.144684 0.404745 -0.008566 0.902870
1520530819.103455782 0.876233 0.221046 0.069724 -0.146190 0.410777 -0.001738 0.899938
1520530819.153457642 0.879353 0.219186 0.047061 -0.142721 0.421191 0.000688 0.895672
1520530819.203458548 0.881380 0.218827 0.029623 -0.135232 0.429844 0.005338 0.892702
1520530819.253460646 0.880770 0.226375 0.026436 -0.129202 0.430774 0.012909 0.893070
1520530819.303462744 0.883099 0.223436 0.025728 -0.123885 0.430647 0.012906 0.893884
1520530819.353463650 0.888294 0.208482 0.006166 -0.123108 0.439032 0.004715 0.889985
1520530819.403465748 0.891992 0.199156 -0.025095 -0.128184 0.451813 -0.002152 0.882853
1520530819.453362465 0.891620 0.200018 -0.060028 -0.136923 0.465392 -0.003682 0.874442
1520530819.503363609 0.888038 0.208559 -0.096344 -0.145680 0.479168 -0.000057 0.865549
1520530819.553365469 0.882804 0.217714 -0.133579 -0.150286 0.494054 0.006224 0.856321
1520530819.603366375 0.877316 0.220509 -0.174467 -0.151596 0.511532 0.010615 0.845719
1520530819.653368473 0.870339 0.223288 -0.212687 -0.152152 0.527941 0.014968 0.835407
1520530819.703369379 0.862532 0.228501 -0.247029 -0.152824 0.542328 0.020372 0.825899
1520530819.753374577 0.851346 0.231253 -0.288293 -0.150470 0.560797 0.025757 0.813758
1520530819.803372622 0.837575 0.231847 -0.334103 -0.147589 0.581560 0.030400 0.799425
1520530819.853374481 0.821403 0.226594 -0.382941 -0.142636 0.604285 0.032334 0.783230
1520530819.903324604 0.804428 0.223744 -0.426519 -0.137467 0.624651 0.034837 0.767920
1520530819.953331709 0.785638 0.226910 -0.464656 -0.136930 0.641338 0.039280 0.753918
1520530820.003327847 0.768544 0.233961 -0.495652 -0.141695 0.653412 0.044416 0.742295
1520530820.053329945 0.751586 0.234598 -0.526341 -0.149342 0.664568 0.046091 0.730699
1520530820.103371859 0.737305 0.232922 -0.552560 -0.153277 0.674353 0.046920 0.720800
1520530820.153332710 0.726167 0.238930 -0.569930 -0.153679 0.680945 0.051398 0.714182
1520530820.203334808 0.712663 0.243127 -0.590413 -0.150165 0.690018 0.055763 0.705844
1520530820.253335714 0.691804 0.248702 -0.617587 -0.141683 0.703673 0.061955 0.693493
1520530820.303466558 0.667880 0.268510 -0.640526 -0.136988 0.714892 0.074883 0.681584
1520530820.353467703 0.647379 0.287948 -0.658063 -0.139245 0.722061 0.086493 0.672129
1520530820.403469563 0.630602 0.288251 -0.679038 -0.141236 0.730514 0.087840 0.662333
1520530820.453470469 0.610916 0.269433 -0.709436 -0.142329 0.743435 0.080009 0.648572
1520530820.503472567 0.584065 0.249328 -0.743685 -0.142672 0.758878 0.072171 0.631300
1520530820.553473473 0.550667 0.238066 -0.777065 -0.145095 0.773889 0.069831 0.612508
1520530820.603475571 0.511500 0.244526 -0.805848 -0.145688 0.787967 0.076928 0.593267
1520530820.653477669 0.467098 0.259831 -0.832132 -0.142821 0.802484 0.088748 0.572490
1520530820.703377008 0.427123 0.276735 -0.852537 -0.139148 0.814701 0.100789 0.553843
1520530820.753378868 0.383051 0.285333 -0.874785 -0.138598 0.827464 0.108871 0.533143
1520530820.803379774 0.329790 0.281743 -0.901342 -0.141285 0.842719 0.111941 0.507279
1520530820.853381872 0.268990 0.267575 -0.929872 -0.144623 0.859872 0.110555 0.476950
1520530820.903382778 0.193346 0.249576 -0.957143 -0.143353 0.880049 0.107832 0.439700
1520530820.953384638 0.125934 0.244355 -0.973186 -0.139864 0.895882 0.110048 0.407090
1520530821.003386974 0.077893 0.257248 -0.977950 -0.138992 0.904346 0.120102 0.385246
1520530821.053388834 0.036841 0.259679 -0.983164 -0.139491 0.911580 0.125187 0.365913
1520530821.103219032 -0.007887 0.256781 -0.987407 -0.140941 0.919096 0.128094 0.344951
1520530821.153219938 -0.047314 0.251717 -0.990463 -0.142346 0.925624 0.129444 0.325888
1520530821.203221083 -0.082994 0.249238 -0.991793 -0.142714 0.931176 0.131691 0.308547
1520530821.253222942 -0.112296 0.259651 -0.988866 -0.142922 0.934247 0.140136 0.295159
1520530821.303223848 -0.149318 0.277481 -0.981714 -0.141591 0.937512 0.152721 0.278746
1520530821.353225946 -0.192209 0.293430 -0.972449 -0.145654 0.939781 0.167216 0.260070
1520530821.403227806 -0.224564 0.296224 -0.967205 -0.153193 0.940935 0.175674 0.245584
1520530821.453228712 -0.246709 0.292868 -0.965546 -0.155611 0.943101 0.177129 0.234460
1520530821.503483057 -0.269595 0.277861 -0.966925 -0.151829 0.948312 0.169671 0.221053
1520530821.553485394 -0.296826 0.263893 -0.965516 -0.143521 0.954799 0.160827 0.204682
1520530821.603487253 -0.329742 0.249915 -0.961211 -0.138758 0.960384 0.154251 0.186053
1520530821.653488159 -0.363414 0.235487 -0.955266 -0.138634 0.964421 0.150272 0.167604
1520530821.703495264 -0.398094 0.229661 -0.945438 -0.140931 0.966703 0.152520 0.149538
1520530821.753491163 -0.437956 0.226843 -0.930971 -0.145049 0.968091 0.158310 0.129222
1520530821.803493023 -0.478789 0.223281 -0.913978 -0.148982 0.969144 0.164119 0.107838
1520530821.853494167 -0.522946 0.220051 -0.893146 -0.149926 0.970502 0.169134 0.083918
1520530821.903496265 -0.569907 0.219976 -0.865786 -0.147760 0.971777 0.174758 0.057237
1520530821.953847647 -0.626968 0.223357 -0.827132 -0.141596 0.972894 0.181283 0.023742
1520530822.003849745 -0.684494 0.221386 -0.782465 -0.134230 0.973557 0.184419 -0.012625
1520530822.053850651 -0.735441 0.223592 -0.735322 -0.125706 0.972919 0.188183 -0.047050
1520530822.103852510 -0.777012 0.222015 -0.692921 -0.119822 0.971285 0.190554 -0.077053
1520530822.153853655 -0.812923 0.215048 -0.654164 -0.117886 0.968704 0.192074 -0.104030
1520530822.203855515 -0.843556 0.200931 -0.619766 -0.117702 0.966197 0.189830 -0.128743
1520530822.253857613 -0.868003 0.187701 -0.590564 -0.116633 0.964047 0.185870 -0.149875
1520530822.303858757 -0.884156 0.175006 -0.570717 -0.113975 0.963032 0.179113 -0.165822
1520530822.353642702 -0.898116 0.165004 -0.553135 -0.112042 0.961690 0.174111 -0.179680
1520530822.403643608 -0.911654 0.163187 -0.531846 -0.110421 0.959204 0.174738 -0.192876
1520530822.453645468 -0.926050 0.166743 -0.505953 -0.107137 0.955849 0.178130 -0.207712
1520530822.503646612 -0.939957 0.160602 -0.482422 -0.110136 0.951764 0.181161 -0.221803
1520530822.553648710 -0.950398 0.153353 -0.464636 -0.112987 0.948608 0.181915 -0.232990
1520530822.603650570 -0.958821 0.149203 -0.448463 -0.109932 0.946871 0.178262 -0.244076
1520530822.653652668 -0.971864 0.147737 -0.419991 -0.102871 0.943930 0.173872 -0.261116
1520530822.703653574 -0.985352 0.151458 -0.384866 -0.095022 0.939523 0.172753 -0.280042
1520530822.753499985 -0.997755 0.151937 -0.350259 -0.090761 0.934178 0.173854 -0.298077
1520530822.803502083 -1.008182 0.150335 -0.319315 -0.089701 0.928481 0.176934 -0.313959
1520530822.853503942 -1.016034 0.141748 -0.295976 -0.092294 0.923545 0.178187 -0.326798
1520530822.903504848 -1.024317 0.133068 -0.272507 -0.093203 0.918862 0.176828 -0.340203
1520530822.953507185 -1.030378 0.136037 -0.246758 -0.085820 0.914821 0.173902 -0.354253
1520530823.003507853 -1.038546 0.145469 -0.200883 -0.075824 0.906817 0.174933 -0.375943
1520530823.053509951 -1.045587 0.147259 -0.151768 -0.071958 0.896863 0.178614 -0.398191
1520530823.103511095 -1.049699 0.151885 -0.099626 -0.066668 0.885872 0.183165 -0.420995
1520530823.153322220 -1.049449 0.164758 -0.051768 -0.059595 0.875270 0.191102 -0.440263
1520530823.203323126 -1.048831 0.169900 -0.016476 -0.057264 0.866471 0.198128 -0.454635
1520530823.253325224 -1.048375 0.166029 0.006806 -0.058406 0.860101 0.201127 -0.465148
1520530823.303327322 -1.048881 0.157743 0.037396 -0.057965 0.852323 0.198960 -0.480208
1520530823.353328228 -1.047677 0.153303 0.067816 -0.054891 0.844829 0.195159 -0.495140
1520530823.403330326 -1.045781 0.150382 0.095145 -0.052077 0.837776 0.192275 -0.508379
1520530823.453331232 -1.043261 0.149787 0.118788 -0.049758 0.831102 0.192510 -0.519359
1520530823.503333092 -1.041031 0.144524 0.140266 -0.050760 0.824426 0.193742 -0.529348
1520530823.553307533 -1.039409 0.132319 0.161377 -0.055532 0.817333 0.194674 -0.539430
1520530823.603309631 -1.039385 0.110808 0.177334 -0.064426 0.811167 0.193083 -0.548248
1520530823.653310776 -1.039522 0.097864 0.182088 -0.068647 0.808677 0.188994 -0.552820
1520530823.703312635 -1.038522 0.095913 0.185232 -0.067294 0.807467 0.184424 -0.556289
1520530823.753313541 -1.035036 0.098852 0.199617 -0.061447 0.803744 0.178317 -0.564290
1520530823.803315639 -1.028598 0.101198 0.225131 -0.055781 0.796528 0.174104 -0.576298
1520530823.853317738 -1.020001 0.102490 0.255324 -0.050883 0.787353 0.172156 -0.589786
1520530823.903318644 -1.010182 0.103163 0.284384 -0.048364 0.777754 0.174232 -0.601999
1520530823.953421116 -0.999460 0.101760 0.314159 -0.045940 0.767601 0.174469 -0.615011
1520530824.003422022 -0.986784 0.100209 0.348684 -0.041468 0.755948 0.171015 -0.630537
1520530824.053424120 -0.974221 0.108146 0.373223 -0.032235 0.747819 0.165717 -0.642079
1520530824.103425980 -0.954103 0.107158 0.417346 -0.028182 0.731549 0.164120 -0.661141
1520530824.153426886 -0.929014 0.108734 0.464783 -0.023595 0.713373 0.165871 -0.680463
1520530824.203429222 -0.897462 0.111277 0.516981 0.017664 -0.692317 -0.167592 0.701640
1520530824.253430128 -0.863757 0.117579 0.564487 0.011171 -0.671734 -0.172581 0.720322
1520530824.303431988 -0.833242 0.120971 0.602814 0.006336 -0.653782 -0.176942 0.735677
1520530824.353433132 -0.809916 0.110880 0.630297 0.006794 -0.639757 -0.172401 0.748961
1520530824.403522968 -0.787252 0.100179 0.656265 0.007924 -0.626102 -0.166388 0.761740
1520530824.453525066 -0.765847 0.097389 0.677580 0.005352 -0.614599 -0.158820 0.772668
1520530824.503526926 -0.744476 0.098088 0.696807 0.001456 -0.603512 -0.152022 0.782726
1520530824.553528070 -0.725714 0.093156 0.713442 0.001658 -0.593360 -0.148960 0.791032
1520530824.603528976 -0.702396 0.085422 0.733680 0.003493 -0.580539 -0.149178 0.800442
1520530824.653530836 -0.670488 0.074126 0.760469 0.006645 -0.562681 -0.153412 0.812287
1520530824.703531981 -0.643638 0.049161 0.781704 0.016514 -0.547013 -0.152954 0.822866
1520530824.753535986 -0.622270 0.028002 0.796270 0.024683 -0.534880 -0.146995 0.831677
1520530824.803378105 -0.595738 0.028259 0.812663 0.022641 -0.521657 -0.144032 0.840605
1520530824.853379011 -0.558771 0.049433 0.833343 0.009656 -0.505192 -0.144147 0.850829
1520530824.903381109 -0.510438 0.073356 0.858030 -0.005603 -0.483478 -0.144853 0.863270
1520530824.953473091 -0.464916 0.091396 0.877581 -0.018002 -0.463336 -0.142444 0.874474
1520530825.003384113 -0.419324 0.100527 0.895067 -0.025921 -0.442504 -0.142021 0.885070
1520530825.053385258 -0.374276 0.103174 0.910439 -0.030626 -0.421346 -0.140237 0.895468
1520530825.103387117 -0.337195 0.108721 0.919902 -0.035842 -0.404603 -0.135331 0.903713
1520530825.153388023 -0.298321 0.123953 0.927416 -0.046027 -0.387401 -0.130393 0.911482
1520530825.203181982 -0.223294 0.139410 0.944290 -0.059537 -0.350805 -0.131358 0.925276
1520530825.253183126 -0.159681 0.155703 0.951004 -0.071939 -0.321023 -0.127390 0.935703
1520530825.303185225 -0.092722 0.170968 0.953848 -0.084394 -0.289695 -0.125865 0.945046
1520530825.353186131 -0.022531 0.174660 0.955906 -0.090303 -0.255102 -0.123200 0.954772
1520530825.403188229 0.041121 0.179256 0.952280 -0.096521 -0.223621 -0.120318 0.962393
1520530825.453190088 0.103097 0.183587 0.945383 -0.100860 -0.191573 -0.111475 0.969897
1520530825.503190994 0.166173 0.197927 0.931304 -0.110442 -0.158936 -0.101556 0.975822
1520530825.553193331 0.230246 0.211071 0.912738 -0.119443 -0.125002 -0.092747 0.980564
1520530825.603213072 0.296472 0.221862 0.889479 -0.127048 -0.088550 -0.083234 0.984424
1520530825.653214931 0.363522 0.227752 0.862013 -0.133772 -0.050994 -0.078109 0.986612
1520530825.703216076 0.432095 0.228235 0.829269 -0.138738 -0.011579 -0.075468 0.987382
1520530825.753217936 0.511679 0.222160 0.784663 -0.140262 0.037201 -0.071862 0.986802
1520530825.803220034 0.568300 0.217838 0.746093 -0.139243 0.073309 -0.065732 0.985351
1520530825.853221178 0.619570 0.207179 0.708368 -0.137958 0.106449 -0.067834 0.982362
1520530825.903223038 0.674885 0.199170 0.655308 -0.141370 0.145751 -0.071752 0.976536
1520530825.953224897 0.730084 0.208296 0.583073 -0.153866 0.187770 -0.068697 0.967651
1520530826.003935575 0.778793 0.215745 0.506132 -0.166052 0.229412 -0.065504 0.956821
1520530826.053935289 0.778793 0.215745 0.506132 -0.166052 0.229412 -0.065504 0.956821
1520530826.103938341 -0.648751 0.083973 0.756354 0.000193 -0.029792 0.000887 0.999556
1520530826.153939486 -0.264020 0.043185 0.348605 0.004026 0.027921 0.005754 0.999585
1520530826.203940392 -0.219874 0.045930 0.329911 0.003572 0.054779 0.010772 0.998434
1520530826.253942251 -0.178022 0.050481 0.304205 -0.000772 0.083048 0.008626 0.996508
1520530826.303944349 -0.134821 0.057846 0.277356 -0.006567 0.114935 0.007551 0.993323
1520530826.353945255 -0.092248 0.067263 0.253193 -0.010566 0.149183 0.006706 0.988730
1520530826.404023409 -0.051495 0.078642 0.223208 -0.010139 0.185949 0.000886 0.982507
1520530826.454024076 -0.014783 0.088660 0.194342 -0.007176 0.215983 -0.001950 0.976369
1520530826.504024982 0.015010 0.097151 0.160041 -0.006689 0.239149 0.002277 0.970957
1520530826.554083109 0.042118 0.098575 0.122904 -0.011657 0.261540 0.007826 0.965091
1520530826.604029179 0.061237 0.101990 0.084705 -0.019898 0.283909 0.013379 0.958551
1520530826.654030085 0.080777 0.100324 0.041775 -0.028523 0.304333 0.017131 0.951984
1520530826.704032183 0.096052 0.103547 0.002465 -0.033259 0.321378 0.019310 0.946170
1520530826.754033089 0.111122 0.100750 -0.031661 -0.033606 0.336704 0.017177 0.940854
1520530826.804035187 0.126219 0.099355 -0.069818 -0.031205 0.354398 0.015957 0.934438
1520530826.853658915 0.137237 0.104541 -0.107297 -0.024464 0.371279 0.020191 0.927979
1520530826.903660774 0.143491 0.114842 -0.141078 -0.017678 0.384952 0.028327 0.922333
1520530826.953661919 0.154112 0.121817 -0.176034 -0.014074 0.393576 0.033388 0.918578
1520530827.003663778 0.164439 0.127940 -0.207359 -0.012006 0.402407 0.031822 0.914829
1520530827.053666115 0.169456 0.132873 -0.243792 -0.012625 0.414378 0.028416 0.909573
1520530827.103667021 0.175013 0.132051 -0.282615 -0.017038 0.426478 0.024854 0.903996
1520530827.153668880 0.175641 0.126852 -0.325551 -0.022656 0.440253 0.021287 0.897335
1520530827.203670025 0.176239 0.123552 -0.368541 -0.029103 0.454824 0.021409 0.889848
1520530827.253637075 0.171817 0.123873 -0.408943 -0.033740 0.472002 0.022858 0.880655
1520530827.303637981 0.168418 0.121641 -0.450365 -0.038796 0.488346 0.024273 0.871449
1520530827.353640079 0.163629 0.122206 -0.492214 -0.043458 0.503463 0.024316 0.862581
1520530827.403642178 0.155093 0.122984 -0.533015 -0.048005 0.519474 0.024595 0.852782
1520530827.453643084 0.142358 0.124219 -0.574120 -0.049822 0.537954 0.024243 0.841152
1520530827.503645182 0.125805 0.126212 -0.613697 -0.046846 0.559380 0.021234 0.827314
1520530827.553647041 0.111559 0.130352 -0.651672 -0.043698 0.578684 0.020530 0.814121
1520530827.603647947 0.097628 0.131940 -0.689018 -0.044561 0.593915 0.023209 0.802957
1520530827.653593063 0.084950 0.137457 -0.726493 -0.050223 0.607477 0.027550 0.792269
1520530827.703594923 0.071429 0.124207 -0.765178 -0.060262 0.620767 0.027387 0.781196
1520530827.753596067 0.051577 0.115767 -0.803704 -0.067942 0.635032 0.026902 0.769022
1520530827.803598166 0.040587 0.113592 -0.839865 -0.074588 0.645943 0.029653 0.759154
1520530827.853599310 0.028758 0.104229 -0.876509 -0.079434 0.656772 0.029614 0.749309
1520530827.903600216 0.012158 0.112637 -0.907997 -0.077758 0.669511 0.027737 0.738200
1520530827.953602076 -0.005372 0.113930 -0.940556 -0.075924 0.681597 0.026313 0.727303
1520530828.003604174 -0.012798 0.111608 -0.974223 -0.077210 0.690535 0.026891 0.718663
1520530828.053573132 -0.025059 0.122413 -1.004076 -0.078616 0.698911 0.027393 0.710347
1520530828.103574038 -0.035514 0.115089 -1.034827 -0.078847 0.709324 0.021573 0.700126
1520530828.153593063 -0.059241 0.104867 -1.065083 -0.078842 0.723054 0.016535 0.686078
1520530828.203577995 -0.089839 0.108287 -1.092170 -0.077140 0.738293 0.015196 0.669882
1520530828.253578901 -0.124883 0.101708 -1.118568 -0.077218 0.753332 0.013872 0.652944
1520530828.303580999 -0.152546 0.095422 -1.146849 -0.076517 0.766003 0.012338 0.638148
1520530828.353582144 -0.180152 0.092118 -1.174137 -0.075270 0.777935 0.009924 0.623742
1520530828.403584003 -0.198870 0.076049 -1.202798 -0.078915 0.786752 0.006692 0.612167
1520530828.453457832 -0.223672 0.060696 -1.228166 -0.083800 0.796259 0.003238 0.599115
1520530828.503459930 -0.264966 0.052422 -1.246492 -0.087983 0.809597 0.003349 0.580345
1520530828.553461075 -0.319257 0.053913 -1.256325 -0.089229 0.825505 0.006342 0.557261
1520530828.603462934 -0.382214 0.061704 -1.259812 -0.084590 0.843251 0.007044 0.530775
1520530828.653464794 -0.438949 0.082297 -1.261527 -0.074706 0.859295 0.007488 0.505940
1520530828.703465939 -0.480135 0.097808 -1.265699 -0.066326 0.871365 0.007742 0.486069
1520530828.753467798 -0.509909 0.096056 -1.273729 -0.067011 0.880168 0.009583 0.469810
1520530828.803468704 -0.544695 0.073216 -1.281241 -0.073998 0.888553 0.008955 0.452679
1520530828.853471041 -0.578660 0.047670 -1.285345 -0.079380 0.896934 0.005864 0.434941
1520530828.903293371 -0.617996 0.036133 -1.286951 -0.081111 0.905285 0.005636 0.416952
1520530828.953294277 -0.650967 0.034361 -1.289833 -0.078041 0.913003 0.005949 0.400375
1520530829.003296137 -0.694120 0.044634 -1.286902 -0.075533 0.921210 0.010095 0.381529
1520530829.053297520 -0.728464 0.045362 -1.284370 -0.075610 0.928187 0.014283 0.364073
1520530829.103299379 -0.762171 0.048691 -1.280350 -0.079122 0.934105 0.022674 0.347380
1520530829.153301239 -0.784181 0.049124 -1.278853 -0.083389 0.938570 0.028185 0.333673
1520530829.203302383 -0.816190 0.040849 -1.273765 -0.085506 0.944261 0.027698 0.316689
1520530829.253304243 -0.857025 0.028581 -1.259968 -0.088144 0.950937 0.025017 0.295505
1520530829.303629160 -0.905967 0.021344 -1.236162 -0.088367 0.958610 0.022023 0.269765
1520530829.353631020 -0.962843 0.018405 -1.204344 -0.086302 0.966368 0.020733 0.241363
1520530829.403632164 -1.010787 0.019450 -1.174500 -0.084573 0.972659 0.023122 0.215052
1520530829.453637123 -1.058524 0.014309 -1.144169 -0.085839 0.977810 0.027093 0.189168
1520530829.503634930 -1.103678 0.013865 -1.112577 -0.085526 0.982411 0.029330 0.163379
1520530829.553637028 -1.150327 0.011616 -1.072242 -0.081128 0.987218 0.024826 0.134917
1520530829.603639126 -1.204676 0.013552 -1.013590 -0.075067 0.991928 0.019233 0.100365
1520530829.653640032 -1.262113 0.014468 -0.940675 -0.071226 0.995399 0.016329 0.061977
1520530829.704049587 -1.319360 0.011455 -0.860355 -0.070454 0.997179 0.015130 0.021006
1520530829.754051685 -1.366197 0.026229 -0.784955 -0.066386 0.997513 0.017476 -0.016005
1520530829.804053545 -1.400708 0.047794 -0.720476 -0.061636 0.996737 0.022322 -0.047099
1520530829.854054689 -1.417480 0.052339 -0.672798 -0.058962 0.995368 0.024503 -0.071876
1520530829.904056549 -1.440415 0.051102 -0.620875 -0.059511 0.993036 0.026323 -0.098209
1520530829.954057693 -1.457318 0.029169 -0.576392 -0.063849 0.990117 0.024128 -0.122512
1520530830.004059553 -1.468657 0.001860 -0.540982 -0.070094 0.986944 0.021185 -0.143457
1520530830.054060459 -1.478872 -0.021170 -0.511201 -0.075580 0.983693 0.018772 -0.162119
1520530830.103815317 -1.488352 -0.018776 -0.480272 -0.073541 0.980432 0.018173 -0.181699
1520530830.153816223 -1.498020 -0.004307 -0.440141 -0.070222 0.976378 0.022467 -0.203101
1520530830.203818321 -1.503748 -0.009631 -0.408197 -0.075158 0.971852 0.028292 -0.221484
1520530830.253820419 -1.501933 -0.027547 -0.398015 -0.082962 0.968585 0.029862 -0.232527
1520530830.303821325 -1.498036 -0.033014 -0.393251 -0.085684 0.966147 0.029272 -0.241579
1520530830.353823185 -1.498680 -0.026992 -0.375615 -0.082507 0.962868 0.026820 -0.255653
1520530830.403824329 -1.496584 -0.023225 -0.351478 -0.078975 0.958953 0.023768 -0.271306
1520530830.453826189 -1.500444 -0.016345 -0.318667 -0.074745 0.953889 0.023301 -0.289770
1520530830.503615856 -1.501333 -0.012911 -0.290678 -0.073099 0.948670 0.026592 -0.306554
1520530830.553617954 -1.500876 -0.010137 -0.265915 -0.072343 0.943237 0.031190 -0.322642
1520530830.603619814 -1.503976 -0.017550 -0.232242 -0.074267 0.936488 0.033068 -0.341146
1520530830.653620720 -1.498083 -0.024096 -0.205701 -0.074704 0.930498 0.031609 -0.357203
1520530830.703622818 -1.499705 -0.019050 -0.156301 -0.071625 0.921462 0.031164 -0.380535
1520530830.753624916 -1.497086 0.001888 -0.107144 -0.068171 0.912092 0.036523 -0.402625
1520530830.803626776 -1.488627 0.036195 -0.055859 -0.059822 0.902303 0.043918 -0.424666
1520530830.853627920 -1.478056 0.065928 -0.006760 -0.050335 0.891990 0.048957 -0.446568
1520530830.903462410 -1.465210 0.076569 0.017234 -0.045649 0.884396 0.050196 -0.461779
1520530830.953464270 -1.455912 0.069957 0.030680 -0.046786 0.877678 0.048975 -0.474441
1520530831.003466606 -1.443520 0.052134 0.041704 -0.050390 0.871122 0.046207 -0.486284
1520530831.053467274 -1.432591 0.035526 0.054123 -0.054484 0.864007 0.044328 -0.498556
1520530831.103468180 -1.420536 0.016509 0.058299 -0.058245 0.857547 0.041063 -0.509445
1520530831.153470516 -1.408821 -0.002123 0.057246 -0.062787 0.852236 0.038034 -0.517981
1520530831.203472376 -1.395406 -0.018829 0.051514 -0.066720 0.847512 0.035485 -0.525370
1520530831.253473520 -1.383410 -0.025873 0.045317 -0.070149 0.842632 0.036619 -0.532644
1520530831.303475380 -1.371828 -0.024537 0.035142 -0.072934 0.838733 0.039971 -0.538154
1520530831.353523970 -1.364854 -0.018909 0.021504 -0.074106 0.835704 0.041657 -0.542561
1520530831.403623819 -1.355535 -0.006046 0.005053 -0.071677 0.833818 0.042423 -0.545721
1520530831.453526974 -1.346067 0.009560 0.001384 -0.068205 0.829371 0.044247 -0.552752
1520530831.503529072 -1.336877 0.014480 0.013875 -0.064247 0.821545 0.042973 -0.564880
1520530831.553530216 -1.325400 0.016412 0.026837 -0.061488 0.813046 0.040773 -0.577505
1520530831.603532076 -1.310316 0.021428 0.034704 -0.056238 0.805365 0.039459 -0.588784
1520530831.653533220 -1.294762 0.033736 0.045473 -0.049706 0.796740 0.040933 -0.600882
1520530831.703535080 -1.280947 0.035443 0.055738 -0.043720 0.787298 0.038609 -0.613808
1520530831.753732681 -1.266133 0.036004 0.059222 -0.040327 0.779845 0.034099 -0.623741
1520530831.803734541 -1.251303 0.029028 0.068731 -0.038651 0.770468 0.027276 -0.635721
1520530831.853736639 -1.233405 0.016240 0.092580 -0.040591 0.757404 0.021693 -0.651323
1520530831.903737545 -1.214805 -0.000967 0.130846 -0.044828 0.740068 0.017059 -0.670820
1520530831.953739405 -1.191775 -0.002913 0.175328 -0.047165 0.720287 0.019244 -0.691803
1520530832.003740788 -1.170530 -0.003558 0.212171 0.049813 -0.702406 -0.024032 0.709625
1520530832.053742647 -1.147651 -0.008623 0.229407 0.053839 -0.690122 -0.026063 0.721217
1520530832.103743792 -1.126512 -0.021420 0.237902 0.055928 -0.678974 -0.020740 0.731735
1520530832.153733492 -1.104006 -0.031424 0.249667 0.053474 -0.666764 -0.013874 0.743218
1520530832.203735352 -1.083729 -0.035905 0.264019 0.051791 -0.652821 -0.010208 0.755670
1520530832.253736258 -1.062597 -0.036525 0.271654 0.052207 -0.641355 -0.009034 0.765412
1520530832.303738356 -1.043635 -0.029776 0.281969 0.051727 -0.628544 -0.010246 0.775984
1520530832.353740215 -1.022508 -0.023596 0.293736 0.050583 -0.614044 -0.013700 0.787530
1520530832.403741121 -1.001960 -0.024108 0.300384 0.056338 -0.601278 -0.017417 0.796861
1520530832.453743458 -0.985302 -0.030017 0.297838 0.065433 -0.593544 -0.015383 0.801989
1520530832.503744364 -0.968138 -0.027201 0.291420 0.066334 -0.587027 -0.012540 0.806747
1520530832.553491354 -0.946847 -0.013901 0.295130 0.060967 -0.576922 -0.010545 0.814452
1520530832.603493690 -0.922037 0.000279 0.308343 0.052649 -0.562123 -0.006130 0.825353
1520530832.653494596 -0.895626 0.014593 0.326146 0.041712 -0.544087 -0.003550 0.837984
1520530832.703496456 -0.866065 0.026435 0.342794 0.032705 -0.524224 -0.003183 0.850946
1520530832.753497601 -0.837804 0.037110 0.356829 0.026955 -0.504744 -0.004757 0.862835
1520530832.803498507 -0.809941 0.042121 0.367543 0.020106 -0.486616 -0.003697 0.873376
1520530832.853500366 -0.783926 0.048712 0.374729 0.014691 -0.468913 -0.001553 0.883121
1520530832.903501511 -0.757941 0.055648 0.386154 0.009550 -0.446616 -0.000812 0.894675
1520530832.953346491 -0.723412 0.059419 0.405267 0.008330 -0.420574 -0.002354 0.907217
1520530833.003408432 -0.688765 0.062385 0.436182 0.012870 -0.386101 -0.004415 0.922356
1520530833.053349495 -0.642221 0.066445 0.460301 0.011432 -0.354125 -0.009580 0.935079
1520530833.103351593 -0.598402 0.074374 0.477294 0.011280 -0.325566 -0.012783 0.945366
1520530833.153352499 -0.559970 0.078309 0.488028 0.006354 -0.297947 -0.010118 0.954508
1520530833.203354359 -0.520545 0.082284 0.491191 -0.001341 -0.272831 -0.002362 0.962058
1520530833.253355503 -0.481312 0.086604 0.493958 -0.010670 -0.246099 0.003735 0.969179
1520530833.303357363 -0.443336 0.089868 0.494685 -0.015944 -0.218551 0.007451 0.975667
1520530833.353605747 -0.407189 0.090026 0.491182 -0.017835 -0.194081 0.009521 0.980777
1520530833.403606415 -0.371485 0.089503 0.486037 -0.018323 -0.169659 0.009699 0.985285
1520530833.453608513 -0.333978 0.085084 0.479749 -0.017547 -0.144902 0.012901 0.989206
1520530833.503609657 -0.297359 0.077987 0.473437 -0.011843 -0.120221 0.018828 0.992498
1520530833.553611517 -0.265125 0.075505 0.463989 -0.007330 -0.099273 0.024573 0.994730
1520530833.603613377 -0.235585 0.080637 0.451275 -0.009452 -0.080779 0.028115 0.996291
1520530833.653614521 -0.200810 0.092891 0.438864 -0.018971 -0.055123 0.026149 0.997957
1520530833.703615427 -0.160615 0.106610 0.426151 -0.032597 -0.022838 0.021539 0.998975
1520530833.753617525 -0.118833 0.116310 0.409531 -0.043622 0.009619 0.017014 0.998857
1520530833.804356098 -0.081010 0.118490 0.389366 -0.049672 0.049922 0.007487 0.997489
1520530833.854357243 -0.049943 0.115350 0.366298 -0.043509 0.085374 0.000028 0.995399
1520530833.904359102 -0.021238 0.112776 0.342947 -0.044826 0.114272 -0.002681 0.992434
1520530833.954361200 0.007186 0.114326 0.317484 -0.052261 0.142322 -0.007522 0.988411
1520530834.004362345 0.037121 0.117002 0.293745 -0.061263 0.173713 -0.009739 0.982841
1520530834.054364204 0.068169 0.114838 0.270400 -0.065907 0.206272 -0.015268 0.976153
1520530834.104366064 0.098484 0.113575 0.248460 -0.060714 0.241143 -0.017036 0.968439
1520530834.154367208 0.122376 0.103803 0.227804 -0.058175 0.276617 -0.024460 0.958906
1520530834.204151869 0.140367 0.102188 0.210327 -0.056157 0.303996 -0.028004 0.950604
1520530834.254152775 0.155418 0.102738 0.187535 -0.063752 0.324663 -0.030106 0.943199
1520530834.304154634 0.168934 0.107541 0.166969 -0.073659 0.344447 -0.030684 0.935408
1520530834.354155779 0.178686 0.109410 0.144743 -0.084497 0.365127 -0.030658 0.926608
1520530834.404156685 0.187852 0.110791 0.124746 -0.091419 0.381944 -0.027314 0.919247
1520530834.454158783 0.195291 0.111726 0.107725 -0.095423 0.394001 -0.023715 0.913836
1520530834.504159689 0.200596 0.113286 0.089552 -0.096819 0.405228 -0.022228 0.908803
1520530834.554161549 0.207029 0.112670 0.072774 -0.095031 0.416468 -0.023352 0.903868
1520530834.603904486 0.212424 0.110272 0.058449 -0.090294 0.425604 -0.023262 0.900093
1520530834.653884411 0.215866 0.111917 0.047627 -0.088107 0.427328 -0.020931 0.899550
1520530834.703886271 0.220532 0.110764 0.037187 -0.090818 0.424826 -0.023815 0.900393
1520530834.753887415 0.219710 0.117007 0.025300 -0.094442 0.426885 -0.024543 0.899026
1520530834.803889513 0.221372 0.118999 0.011157 -0.101952 0.429463 -0.027505 0.896889
1520530834.853890419 0.227296 0.119166 -0.001531 -0.108968 0.432571 -0.031107 0.894450
1520530834.903892517 0.232920 0.117840 -0.016090 -0.111911 0.438719 -0.035177 0.890934
1520530834.953893423 0.234295 0.115629 -0.032175 -0.111948 0.449757 -0.038237 0.885282
1520530835.003848076 0.236923 0.112085 -0.051700 -0.113639 0.464514 -0.040750 0.877299
1520530835.053850174 0.238668 0.110227 -0.072226 -0.114669 0.481902 -0.042826 0.867633
1520530835.103851318 0.238915 0.108678 -0.091571 -0.115089 0.498351 -0.042491 0.858251
1520530835.153853178 0.238844 0.113329 -0.106505 -0.110068 0.509882 -0.035345 0.852441
1520530835.203854322 0.240640 0.111167 -0.121087 -0.100908 0.522366 -0.034524 0.846026
1520530835.253856182 0.241854 0.108609 -0.138184 -0.091761 0.539709 -0.037923 0.835976
1520530835.303858280 0.241509 0.108635 -0.157534 -0.089718 0.555843 -0.037585 0.825577
1520530835.353859425 0.237077 0.112218 -0.175975 -0.097803 0.567233 -0.031609 0.817118
1520530835.403751373 0.233489 0.113431 -0.193387 -0.109409 0.576569 -0.026602 0.809253
1520530835.453752518 0.231560 0.112662 -0.208867 -0.114410 0.584753 -0.025221 0.802707
1520530835.503754377 0.229911 0.110683 -0.223135 -0.113778 0.592547 -0.024370 0.797088
1520530835.553756475 0.229358 0.110488 -0.236729 -0.112183 0.598660 -0.021980 0.792804
1520530835.603757620 0.225475 0.112040 -0.252159 -0.112911 0.607906 -0.018439 0.785723
1520530835.653759480 0.220261 0.114833 -0.268668 -0.115758 0.619527 -0.012047 0.776299
1520530835.703760386 0.214143 0.122409 -0.283120 -0.118187 0.628679 0.000398 0.768632
1520530835.753762484 0.210402 0.130474 -0.294550 -0.119330 0.634097 0.010782 0.763914
1520530835.803792238 0.207849 0.133294 -0.307897 -0.117496 0.642168 0.011683 0.757415
1520530835.853783607 0.204881 0.127603 -0.324270 -0.118818 0.653460 0.005179 0.747559
1520530835.903788567 0.198214 0.123141 -0.342294 -0.124132 0.666655 0.000850 0.734957
1520530835.953786373 0.189430 0.117265 -0.361873 -0.132804 0.679898 -0.003013 0.721175
1520530836.003787518 0.179428 0.110959 -0.381532 -0.138691 0.694474 -0.006425 0.705995
1520530836.053789377 0.167522 0.106902 -0.400050 -0.143059 0.709417 -0.006396 0.690087
1520530836.103791475 0.152924 0.106548 -0.417679 -0.145908 0.725049 -0.003734 0.673054
1520530836.153792620 0.139620 0.103557 -0.434361 -0.146375 0.740276 -0.004025 0.656163
1520530836.203794479 0.122010 0.100082 -0.451016 -0.143612 0.758662 -0.005120 0.635438
1520530836.253842592 0.100298 0.105164 -0.466611 -0.136938 0.779516 -0.000804 0.611230
1520530836.303844690 0.074581 0.106433 -0.481002 -0.131190 0.801213 0.003207 0.583812
1520530836.353845835 0.050163 0.110379 -0.492819 -0.124079 0.820809 0.008064 0.557506
1520530836.403847694 0.030296 0.112921 -0.502563 -0.119347 0.835670 0.012910 0.535953
1520530836.453848600 0.012446 0.113303 -0.512043 -0.120864 0.847230 0.018001 0.516981
1520530836.503850698 -0.006269 0.106859 -0.522363 -0.127534 0.858061 0.019559 0.497075
1520530836.553852558 -0.026519 0.100243 -0.531516 -0.132846 0.868846 0.019579 0.476525
1520530836.603853464 -0.042412 0.094882 -0.539266 -0.135152 0.878181 0.019047 0.458442
1520530836.653644085 -0.056412 0.098334 -0.545881 -0.134367 0.885990 0.023389 0.443194
1520530836.703644991 -0.071257 0.101806 -0.551526 -0.132690 0.893536 0.028942 0.427959
1520530836.753647089 -0.088966 0.110039 -0.556101 -0.130888 0.901382 0.038675 0.410954
1520530836.803647995 -0.107042 0.121041 -0.558182 -0.128580 0.908800 0.051212 0.393608
1520530836.853649855 -0.122790 0.128788 -0.561208 -0.129887 0.914320 0.061288 0.378671
1520530836.903650999 -0.133971 0.127936 -0.565621 -0.129499 0.919930 0.061537 0.364928
1520530836.953653097 -0.152284 0.121628 -0.569271 -0.125509 0.928861 0.055174 0.344124
1520530837.003654957 -0.176473 0.114616 -0.569958 -0.123790 0.938665 0.049756 0.317977
1520530837.053571224 -0.203848 0.110252 -0.567399 -0.125707 0.947208 0.050081 0.290667
1520530837.103573322 -0.231074 0.109700 -0.563327 -0.128684 0.953913 0.055702 0.265306
1520530837.153575182 -0.250663 0.114642 -0.559556 -0.126377 0.959349 0.062801 0.244404
1520530837.203576326 -0.270483 0.118262 -0.556214 -0.122260 0.964618 0.067017 0.223770
1520530837.253578186 -0.289494 0.118328 -0.552691 -0.117045 0.969948 0.066793 0.202582
1520530837.303579092 -0.311825 0.117714 -0.546695 -0.115081 0.974756 0.067767 0.178928
1520530837.353581429 -0.335685 0.116754 -0.538108 -0.115886 0.978646 0.071080 0.154175
1520530837.403583288 -0.364781 0.120579 -0.522911 -0.111695 0.983073 0.075981 0.123771
1520530837.453924179 -0.392599 0.125477 -0.505415 -0.105096 0.987001 0.080198 0.091388
1520530837.503925085 -0.419036 0.130424 -0.486375 -0.099862 0.989473 0.085452 0.060565
1520530837.553927183 -0.440338 0.128177 -0.471390 -0.101128 0.990311 0.088602 0.034741
1520530837.603929043 -0.462351 0.114866 -0.457996 -0.109474 0.990124 0.087120 0.008900
1520530837.653929949 -0.480426 0.095386 -0.447969 -0.118777 0.989517 0.080954 -0.013980
1520530837.703931093 -0.495157 0.085747 -0.437698 -0.121473 0.988914 0.078210 -0.034293
1520530837.753932953 -0.506404 0.082140 -0.429365 -0.122089 0.988035 0.079314 -0.050898
1520530837.803935051 -0.517945 0.082127 -0.420242 -0.121964 0.986750 0.083309 -0.067148
1520530837.854232311 -0.533122 0.083409 -0.407218 -0.124569 0.984231 0.090866 -0.086693
1520530837.904138327 -0.544719 0.086852 -0.393711 -0.129367 0.980932 0.101660 -0.103452
1520530837.954139471 -0.552910 0.086657 -0.386049 -0.134515 0.978194 0.107253 -0.116357
1520530838.004141331 -0.556737 0.083387 -0.383617 -0.134103 0.977453 0.103101 -0.126378
1520530838.054142237 -0.565485 0.080666 -0.374057 -0.127729 0.976754 0.094705 -0.143766
1520530838.104144335 -0.576589 0.077375 -0.358756 -0.119679 0.975112 0.085162 -0.166076
1520530838.154145241 -0.587323 0.072704 -0.342745 -0.114208 0.972386 0.077534 -0.188175
1520530838.204147100 -0.595962 0.070651 -0.329112 -0.110463 0.969234 0.074458 -0.206976
1520530838.254149437 -0.602556 0.070153 -0.319560 -0.107710 0.966304 0.074048 -0.221745
1520530838.304105282 -0.604666 0.069993 -0.316611 -0.106105 0.964307 0.073764 -0.231112
1520530838.354107141 -0.606254 0.075439 -0.313225 -0.099161 0.962750 0.073469 -0.240588
1520530838.404108286 -0.612626 0.081536 -0.299881 -0.091682 0.959065 0.074193 -0.257457
1520530838.454110146 -0.621378 0.086087 -0.278835 -0.086874 0.953109 0.077227 -0.279414
1520530838.504111052 -0.632111 0.090158 -0.250539 -0.084134 0.944834 0.082379 -0.305654
1520530838.554113388 -0.639955 0.092188 -0.224636 -0.081410 0.936530 0.086043 -0.329969
1520530838.604115248 -0.644321 0.092523 -0.205243 -0.080817 0.929383 0.089030 -0.348982
1520530838.654116154 -0.648893 0.089251 -0.188910 -0.083308 0.922424 0.090226 -0.366133
1520530838.703937292 -0.651446 0.076252 -0.179420 -0.087919 0.916915 0.084053 -0.380096
1520530838.753938437 -0.653169 0.066096 -0.170389 -0.090109 0.911677 0.077960 -0.393253
1520530838.803940296 -0.654923 0.065317 -0.159932 -0.087678 0.906247 0.076623 -0.406397
1520530838.853942156 -0.657745 0.059962 -0.153359 -0.088796 0.901365 0.074823 -0.417203
1520530838.903944492 -0.658342 0.054194 -0.149029 -0.092635 0.897127 0.074938 -0.425401
1520530838.953945398 -0.659777 0.050436 -0.140317 -0.098973 0.891113 0.080040 -0.435564
1520530839.003947258 -0.659702 0.050897 -0.135782 -0.106522 0.886618 0.089677 -0.441044
1520530839.053948402 -0.661521 0.048434 -0.135594 -0.111743 0.883469 0.092823 -0.445398
1520530839.103765249 -0.656975 0.050088 -0.149312 -0.111355 0.885901 0.090327 -0.441158
1520530839.153767109 -0.657686 0.051713 -0.148571 -0.104104 0.884269 0.082259 -0.447731
1520530839.203769445 -0.658169 0.048834 -0.143947 -0.096671 0.880841 0.070555 -0.458034
1520530839.253770351 -0.660185 0.049199 -0.130202 -0.091842 0.874005 0.065797 -0.472601
1520530839.303771496 -0.661082 0.046639 -0.118386 -0.090203 0.867113 0.063309 -0.485768
1520530839.353773355 -0.661676 0.046207 -0.104713 -0.088617 0.859304 0.064176 -0.499624
1520530839.403775215 -0.663567 0.048446 -0.086730 -0.085544 0.849650 0.066012 -0.516158
1520530839.453829288 -0.662993 0.051276 -0.071993 -0.083132 0.841095 0.068431 -0.530062
1520530839.503781796 -0.664986 0.045526 -0.052142 -0.087728 0.829467 0.070173 -0.547142
1520530839.553782940 -0.663827 0.043771 -0.031215 -0.092960 0.817446 0.077564 -0.563137
1520530839.603785038 -0.662024 0.050370 -0.001787 -0.092825 0.802045 0.088609 -0.583315
1520530839.653786182 -0.657721 0.057576 0.027408 -0.087404 0.786561 0.094501 -0.603948
1520530839.703788042 -0.652754 0.060059 0.050735 -0.083466 0.772922 0.095620 -0.621676
1520530839.753789902 -0.648311 0.055744 0.067398 -0.083975 0.761622 0.092392 -0.635880
1520530839.803791046 -0.643958 0.049021 0.080479 -0.083638 0.751591 0.086106 -0.648615
1520530839.853792906 -0.639722 0.042477 0.092986 -0.085408 0.741448 0.081556 -0.660537
1520530839.903963327 -0.635405 0.038050 0.094203 -0.083170 0.736976 0.075370 -0.666535
1520530839.953965425 -0.631974 0.035539 0.096111 -0.081722 0.731980 0.071051 -0.672665
1520530840.003966570 -0.627387 0.033739 0.100829 -0.079673 0.725633 0.065753 -0.680283
1520530840.053968430 -0.621627 0.033747 0.109043 -0.076674 0.717464 0.062573 -0.689530
1520530840.103969574 -0.614432 0.035645 0.120327 -0.075542 0.706946 0.064782 -0.700231
1520530840.153971434 -0.608191 0.031375 0.127279 0.077875 -0.698729 -0.061650 0.708458
1520530840.203973293 -0.603067 0.022683 0.131054 0.080612 -0.691712 -0.052667 0.715725
1520530840.253974438 -0.594386 0.027684 0.142427 0.073655 -0.681521 -0.050767 0.726310
1520530840.304033995 -0.580494 0.041806 0.162994 0.061426 -0.665145 -0.055541 0.742108
1520530840.354035139 -0.564868 0.055229 0.186635 0.047692 -0.645701 -0.058500 0.759851
1520530840.404038191 -0.548884 0.062960 0.208111 0.037031 -0.626251 -0.056413 0.776696
1520530840.454039097 -0.531218 0.069125 0.230411 0.026384 -0.604457 -0.052382 0.794476
1520530840.504041195 -0.512822 0.076568 0.250256 0.015731 -0.583508 -0.049327 0.810455
1520530840.554042101 -0.492606 0.084840 0.269558 0.004605 -0.561185 -0.046463 0.826373
1520530840.604043245 -0.470344 0.088752 0.291663 -0.002498 -0.535472 -0.042591 0.843474
1520530840.654045105 -0.442044 0.093204 0.318451 -0.007047 -0.504472 -0.043658 0.862295
1520530840.704046011 -0.406869 0.099535 0.349102 -0.012245 -0.466479 -0.048256 0.883130
1520530840.753756762 -0.373706 0.098336 0.376306 -0.013415 -0.429103 -0.045242 0.902022
1520530840.803757906 -0.340156 0.099230 0.398930 -0.015885 -0.392509 -0.045375 0.918491
1520530840.853759766 -0.305678 0.105347 0.416058 -0.021589 -0.360223 -0.050620 0.931242
1520530840.903761864 -0.271660 0.112825 0.429389 -0.028348 -0.329068 -0.055692 0.942236
1520530840.953762770 -0.240586 0.123212 0.436569 -0.041781 -0.301797 -0.054770 0.950880
1520530841.003764629 -0.210747 0.136445 0.440149 -0.058040 -0.274661 -0.053230 0.958310
1520530841.053775787 -0.180590 0.150654 0.441662 -0.074676 -0.247167 -0.052625 0.964657
1520530841.103767872 -0.147002 0.163056 0.442718 -0.089535 -0.217522 -0.055068 0.970379
1520530841.153441191 -0.109496 0.172195 0.442678 -0.102904 -0.183444 -0.059730 0.975803
1520530841.203443289 -0.074892 0.174657 0.442889 -0.108081 -0.150904 -0.063432 0.980573
1520530841.253444433 -0.045819 0.175495 0.441324 -0.110529 -0.124717 -0.067134 0.983729
1520530841.303446293 -0.015820 0.179831 0.436803 -0.117978 -0.096476 -0.069346 0.985883
1520530841.353448153 0.016240 0.186546 0.429120 -0.129143 -0.064383 -0.067363 0.987238
1520530841.403449297 0.050346 0.192577 0.418966 -0.140084 -0.028051 -0.064328 0.987650
1520530841.453451157 0.083439 0.195589 0.407425 -0.148330 0.006570 -0.065406 0.986751
1520530841.503452301 0.112120 0.195370 0.396205 -0.152871 0.036750 -0.065751 0.985371
1520530841.553540707 0.136515 0.194543 0.384126 -0.156516 0.061497 -0.066139 0.983538
1520530841.603541613 0.155727 0.193851 0.373146 -0.158477 0.082040 -0.063694 0.981885
1520530841.653543711 0.174634 0.194305 0.361412 -0.161747 0.101757 -0.061872 0.979620
1520530841.703545570 0.197398 0.195393 0.345811 -0.166887 0.127738 -0.060516 0.975792
1520530841.753546476 0.220735 0.195115 0.328922 -0.169523 0.155850 -0.057131 0.971447
1520530841.803548574 0.249112 0.189722 0.309428 -0.167412 0.191118 -0.056684 0.965523
1520530841.853549480 0.277222 0.181542 0.289866 -0.160645 0.227258 -0.056277 0.958843
1520530841.903551579 0.302883 0.172181 0.268072 -0.154714 0.261539 -0.058719 0.950901
1520530841.953866005 0.321800 0.167042 0.247460 -0.153927 0.288107 -0.060263 0.943223
1520530842.003867865 0.335052 0.166312 0.228958 -0.158021 0.307262 -0.061014 0.936427
1520530842.053869724 0.345381 0.168630 0.210592 -0.165380 0.323464 -0.060375 0.929718
1520530842.103870869 0.351745 0.172748 0.194968 -0.174320 0.334776 -0.058115 0.924208
1520530842.153872967 0.356055 0.176096 0.183100 -0.181111 0.341853 -0.056225 0.920421
1520530842.203874111 0.362451 0.176230 0.169376 -0.185328 0.352505 -0.056727 0.915520
1520530842.253875971 0.370787 0.172248 0.155750 -0.183968 0.366004 -0.058710 0.910357
1520530842.303877831 0.377310 0.166247 0.145723 -0.178376 0.376725 -0.059866 0.907015
1520530842.353804350 0.381278 0.163005 0.140959 -0.172148 0.381286 -0.057999 0.906434
1520530842.403806210 0.383691 0.162009 0.135619 -0.170193 0.384457 -0.056793 0.905539
1520530842.453807116 0.387607 0.161652 0.125078 -0.173070 0.391699 -0.057638 0.901830
1520530842.503809214 0.392541 0.161469 0.109701 -0.177042 0.403705 -0.057428 0.895757
1520530842.553810120 0.397677 0.160404 0.093651 -0.176903 0.418213 -0.054449 0.889291
1520530842.603811979 0.402244 0.158991 0.078153 -0.172233 0.433714 -0.048102 0.883128
1520530842.653813362 0.407148 0.155609 0.061398 -0.166732 0.450198 -0.043436 0.876148
1520530842.703815222 0.411776 0.152822 0.044152 -0.163525 0.466290 -0.041616 0.868390
1520530842.753816366 0.415582 0.149900 0.028944 -0.165224 0.477494 -0.044074 0.861834
1520530842.803919315 0.418552 0.147995 0.012645 -0.170367 0.487926 -0.046942 0.854810
1520530842.853920460 0.420148 0.148481 -0.003525 -0.173844 0.499048 -0.045401 0.847743
1520530842.903922319 0.420620 0.150839 -0.021625 -0.173319 0.513654 -0.038303 0.839437
1520530842.953924417 0.421073 0.151142 -0.043663 -0.168193 0.534014 -0.030577 0.828013
1520530843.003925562 0.419933 0.154891 -0.062281 -0.164171 0.550463 -0.019690 0.818322
1520530843.053927422 0.418126 0.159502 -0.078502 -0.161726 0.563636 -0.009961 0.809975
1520530843.103928328 0.416706 0.159780 -0.095464 -0.162450 0.575878 -0.006499 0.801207
1520530843.153930426 0.415297 0.161316 -0.111238 -0.166509 0.585546 -0.003450 0.793346
1520530843.203974724 0.413441 0.161664 -0.126652 -0.169780 0.595114 -0.001584 0.785501
1520530843.253976583 0.410204 0.165053 -0.140423 -0.173647 0.602888 0.002816 0.778694
1520530843.303977728 0.408399 0.165995 -0.153686 -0.177467 0.610346 0.004874 0.771984
1520530843.353979588 0.405940 0.163054 -0.171280 -0.176901 0.623156 0.004472 0.761815
1520530843.403981686 0.403660 0.162845 -0.186980 -0.172177 0.635770 0.007437 0.752394
1520530843.453982830 0.400461 0.166208 -0.198967 -0.170071 0.644480 0.013349 0.745348
1520530843.503984690 0.397624 0.170698 -0.209947 -0.172130 0.650810 0.018653 0.739236
1520530843.553985834 0.393190 0.171739 -0.225453 -0.177612 0.660396 0.019727 0.729344
1520530843.603940248 0.386132 0.167148 -0.247692 -0.184088 0.674980 0.016300 0.714316
1520530843.653942585 0.378280 0.157116 -0.272754 -0.187153 0.692812 0.009747 0.696341
1520530843.703944445 0.368987 0.151581 -0.295218 -0.185209 0.710433 0.008456 0.678904
1520530843.753945351 0.357125 0.151130 -0.316475 -0.184340 0.726769 0.012334 0.661569
1520530843.803946495 0.342499 0.149405 -0.339314 -0.185374 0.743996 0.015705 0.641764
1520530843.853949547 0.326748 0.145863 -0.361732 -0.186386 0.761212 0.017426 0.620897
1520530843.903950691 0.307887 0.142965 -0.384385 -0.184049 0.779959 0.019913 0.597824
1520530843.953951597 0.285636 0.141509 -0.406819 -0.180007 0.799497 0.024608 0.572535
1520530844.003965139 0.258354 0.145069 -0.428571 -0.171335 0.821007 0.034040 0.543538
1520530844.053963184 0.228451 0.149679 -0.448182 -0.162963 0.841648 0.044705 0.512907
1520530844.103965282 0.200792 0.155247 -0.463530 -0.153810 0.859276 0.055252 0.484701
1520530844.153966427 0.177378 0.159803 -0.475666 -0.148099 0.872794 0.063579 0.460712
1520530844.203968287 0.154916 0.158197 -0.487798 -0.147514 0.884230 0.066523 0.438124
1520530844.253969431 0.133819 0.154157 -0.498976 -0.151060 0.893730 0.066854 0.417082
1520530844.304044247 0.116710 0.147403 -0.509279 -0.154798 0.901556 0.064440 0.398851
1520530844.353972197 0.099500 0.145817 -0.517105 -0.159072 0.907781 0.066598 0.382354
1520530844.403861761 0.081881 0.147956 -0.522599 -0.158908 0.914003 0.072221 0.366240
1520530844.453862906 0.062077 0.155422 -0.526499 -0.154817 0.920836 0.081917 0.348399
1520530844.503864765 0.044844 0.165745 -0.528125 -0.150808 0.926064 0.093727 0.332984
1520530844.553865910 0.028521 0.173814 -0.529883 -0.149688 0.930147 0.103760 0.318831
1520530844.603868008 0.017710 0.174325 -0.533209 -0.149588 0.933519 0.106150 0.308055
1520530844.653869867 0.005155 0.170260 -0.537923 -0.147252 0.938625 0.103379 0.294299
1520530844.703871012 -0.014482 0.157993 -0.544707 -0.143474 0.946604 0.094418 0.272839
1520530844.753872871 -0.039289 0.153408 -0.547321 -0.140433 0.953853 0.093036 0.248571
1520530844.804014921 -0.063775 0.154076 -0.547798 -0.137028 0.959780 0.096849 0.225091
1520530844.854016781 -0.085591 0.160140 -0.545925 -0.135239 0.963591 0.105669 0.205028
1520530844.904017925 -0.106844 0.163845 -0.543892 -0.134223 0.966982 0.112463 0.185152
1520530844.954019785 -0.127536 0.163945 -0.542123 -0.134026 0.970259 0.115780 0.165012
1520530845.004021645 -0.151617 0.158711 -0.540223 -0.133574 0.974197 0.114863 0.141085
1520530845.054023027 -0.183162 0.161249 -0.531877 -0.129609 0.977943 0.120895 0.110518
1520530845.104024887 -0.219622 0.172922 -0.516194 -0.124563 0.979897 0.136117 0.075884
1520530845.154025793 -0.259302 0.182992 -0.495623 -0.121262 0.980227 0.151919 0.037038
1520530845.204027891 -0.299633 0.186130 -0.473476 -0.118099 0.979709 0.161870 -0.004675
1520530845.254548788 -0.333180 0.181782 -0.453264 -0.114889 0.978915 0.163478 -0.042443
1520530845.304550648 -0.368348 0.176259 -0.432870 -0.110056 0.977092 0.162088 -0.083106
1520530845.354551792 -0.394993 0.172562 -0.414192 -0.103276 0.974712 0.159627 -0.117426
1520530845.404552698 -0.423360 0.165131 -0.394118 -0.098894 0.970978 0.155658 -0.152291
1520530845.454554558 -0.440471 0.157691 -0.379944 -0.094894 0.967901 0.151043 -0.177055
1520530845.504555702 -0.459971 0.153193 -0.362230 -0.093863 0.962881 0.151511 -0.202715
1520530845.554557800 -0.474257 0.150414 -0.346130 -0.091530 0.958167 0.152199 -0.224440
1520530845.604559898 -0.486257 0.152193 -0.328244 -0.084636 0.953388 0.153735 -0.245466
1520530845.654413939 -0.496544 0.157785 -0.310159 -0.082183 0.947851 0.160379 -0.262873
1520530845.704415083 -0.502752 0.157537 -0.301059 -0.078466 0.944464 0.160011 -0.276094
1520530845.754415989 -0.507359 0.157819 -0.293670 -0.077997 0.941524 0.161160 -0.285440
1520530845.804417849 -0.514356 0.157371 -0.282289 -0.071606 0.937703 0.158334 -0.300859
1520530845.854418993 -0.523490 0.157998 -0.264229 -0.063382 0.931982 0.155872 -0.321086
1520530845.904448748 -0.532626 0.160178 -0.242627 -0.054921 0.924550 0.155708 -0.343432
1520530845.954421759 -0.540642 0.165923 -0.218488 -0.046922 0.915576 0.160226 -0.365851
1520530846.004423857 -0.546903 0.169128 -0.197494 -0.043171 0.906933 0.165438 -0.385018
1520530846.054295778 -0.551957 0.169887 -0.179281 -0.042056 0.899177 0.169381 -0.401275
1520530846.104297638 -0.555548 0.171945 -0.162697 -0.036024 0.891872 0.169850 -0.417634
1520530846.154298782 -0.557327 0.178644 -0.145335 -0.024516 0.884336 0.169472 -0.434313
1520530846.204300880 -0.558305 0.186045 -0.125709 -0.013153 0.875512 0.170208 -0.452034
1520530846.254302740 -0.560956 0.190387 -0.099487 -0.009204 0.863492 0.175893 -0.472608
1520530846.304303885 -0.562860 0.193360 -0.070416 -0.008475 0.849609 0.184743 -0.493926
1520530846.354305744 -0.563924 0.194889 -0.042672 -0.009288 0.835766 0.193746 -0.513684
1520530846.404306889 -0.565033 0.192249 -0.022131 -0.011236 0.824789 0.196765 -0.529982
1520530846.454087734 -0.568144 0.181809 -0.009907 -0.012463 0.816985 0.187925 -0.545037
1520530846.504088879 -0.570250 0.173038 0.003790 -0.013658 0.808670 0.180329 -0.559775
1520530846.554090738 -0.570662 0.167180 0.019151 -0.014580 0.799457 0.176505 -0.574022
1520530846.604092598 -0.570004 0.162641 0.031495 -0.015158 0.791469 0.174631 -0.585534
1520530846.654093742 -0.567298 0.165744 0.044658 -0.012229 0.782961 0.178683 -0.595731
1520530846.704095840 -0.562571 0.174538 0.053685 -0.005010 0.776393 0.184650 -0.602572
1520530846.754096985 -0.558677 0.182701 0.056458 -0.000019 0.773073 0.190735 -0.604961
1520530846.804098845 -0.557060 0.186071 0.051698 0.002015 0.773636 0.191823 -0.603893
1520530846.853992462 -0.557619 0.184764 0.042337 0.001711 0.776903 0.187978 -0.600901
1520530846.903994560 -0.558748 0.181953 0.037346 0.002429 0.777757 0.181605 -0.601753
1520530846.953995466 -0.560028 0.176686 0.040090 0.002519 0.774319 0.174778 -0.608175
1520530847.003997803 -0.560009 0.172095 0.046194 0.000604 0.769267 0.172375 -0.615235
1520530847.053999662 -0.557903 0.171419 0.057174 0.000665 0.761466 0.174686 -0.624223
1520530847.104000568 -0.555175 0.171219 0.067586 0.000043 0.753828 0.178699 -0.632305
1520530847.154001713 -0.551135 0.174024 0.080532 0.004218 0.744224 0.181698 -0.642728
1520530847.204005718 -0.545404 0.179816 0.092311 0.013209 0.734994 0.182047 -0.653046
1520530847.254088402 -0.540239 0.183961 0.108949 0.019936 0.722246 0.182079 -0.666942
1520530847.304090738 -0.534750 0.182872 0.125324 0.023467 0.709779 0.179158 -0.680856
1520530847.354091406 -0.530312 0.171533 0.149838 -0.017073 -0.692174 -0.175277 0.699915
1520530847.404093504 -0.523793 0.156758 0.177498 -0.008696 -0.671799 -0.170345 0.720828
1520530847.454094648 -0.514386 0.145077 0.204793 -0.002617 -0.650699 -0.167053 0.740727
1520530847.504096508 -0.503884 0.135996 0.229111 -0.000378 -0.630258 -0.162040 0.759288
1520530847.554097414 -0.494810 0.126912 0.246479 0.001810 -0.614349 -0.154133 0.773831
1520530847.604099512 -0.486004 0.119967 0.260379 0.000589 -0.600294 -0.143537 0.786793
1520530847.654100418 -0.475973 0.115285 0.274291 -0.002100 -0.585510 -0.133940 0.799521
1520530847.704269648 -0.466690 0.110494 0.288168 -0.002103 -0.571656 -0.127099 0.810587
1520530847.754270792 -0.455113 0.106909 0.303967 -0.002909 -0.554611 -0.120055 0.823398
1520530847.804272652 -0.438387 0.112675 0.318976 -0.012490 -0.536614 -0.118129 0.835425
1520530847.854274511 -0.422164 0.116480 0.333550 -0.017405 -0.519347 -0.119774 0.845949
1520530847.904275656 -0.408653 0.115276 0.344937 -0.017976 -0.504512 -0.119609 0.854891
1520530847.954277515 -0.396070 0.115959 0.354448 -0.020333 -0.491318 -0.118357 0.862661
1520530848.004278898 -0.380471 0.118722 0.366687 -0.025686 -0.474232 -0.113904 0.872622
1520530848.054280758 -0.357950 0.125676 0.382228 -0.037273 -0.450422 -0.106833 0.885617
1520530848.104164600 -0.338193 0.125822 0.397408 -0.040285 -0.429269 -0.099648 0.896758
1520530848.154166460 -0.312486 0.124015 0.415504 -0.040203 -0.401959 -0.100415 0.909247
1520530848.204168558 -0.285339 0.122222 0.431668 -0.039256 -0.375418 -0.108108 0.919692
1520530848.254169703 -0.259932 0.121063 0.444334 -0.040093 -0.350924 -0.111735 0.928849
1520530848.304171562 -0.233669 0.124230 0.454534 -0.045774 -0.326104 -0.111515 0.937617
1520530848.354172468 -0.205598 0.133224 0.462259 -0.057807 -0.300320 -0.109884 0.945723
1520530848.404174566 -0.176918 0.138871 0.469675 -0.066568 -0.271874 -0.104849 0.954285
1520530848.454176426 -0.145425 0.139809 0.477506 -0.070302 -0.241290 -0.103671 0.962335
1520530848.503816128 -0.103900 0.138660 0.486869 -0.073116 -0.200054 -0.104676 0.971429
1520530848.553818226 -0.060392 0.135154 0.493344 -0.073746 -0.157036 -0.105183 0.979203
1520530848.603819370 -0.025018 0.132623 0.494968 -0.074612 -0.122788 -0.102206 0.984332
1520530848.653821230 0.011147 0.132143 0.494020 -0.077488 -0.085938 -0.098294 0.988407
1520530848.703822136 0.044123 0.134815 0.490139 -0.082945 -0.052638 -0.093947 0.990719
1520530848.753824234 0.072873 0.140464 0.483464 -0.090290 -0.022521 -0.085171 0.992011
1520530848.803826094 0.098329 0.149113 0.475126 -0.100000 0.004330 -0.075696 0.992094
1520530848.853827238 0.118478 0.159290 0.465287 -0.110556 0.026077 -0.066480 0.991301
1520530848.903765440 0.144005 0.165593 0.454653 -0.118714 0.051137 -0.066042 0.989409
1520530848.953767776 0.177227 0.164719 0.441899 -0.121919 0.083204 -0.072370 0.986395
1520530849.003768682 0.207509 0.159403 0.430214 -0.119549 0.112875 -0.076438 0.983425
1520530849.053775549 0.224052 0.161798 0.419623 -0.121435 0.129758 -0.072033 0.981442
1520530849.103771687 0.239286 0.166711 0.408859 -0.125914 0.144981 -0.068178 0.979019
1520530849.153861523 0.261760 0.173799 0.390864 -0.136669 0.167462 -0.070119 0.973838
1520530849.203774452 0.289392 0.181199 0.366549 -0.148800 0.197984 -0.071209 0.966225
1520530849.253775597 0.315888 0.184762 0.342294 -0.158866 0.227824 -0.074277 0.957779
1520530849.304012299 0.338762 0.185106 0.318096 -0.165364 0.255530 -0.075628 0.949547
1520530849.354014397 0.358876 0.180551 0.297364 -0.163955 0.281409 -0.074655 0.942526
1520530849.404015303 0.377811 0.170116 0.278818 -0.156581 0.306167 -0.075259 0.935992
1520530849.454017162 0.392705 0.161380 0.262100 -0.149853 0.326841 -0.075398 0.930072
1520530849.504018545 0.406642 0.157626 0.241786 -0.149975 0.347131 -0.075690 0.922648
1520530849.554020405 0.420830 0.157947 0.215633 -0.154495 0.371088 -0.073090 0.912734
1520530849.604021311 0.432670 0.161708 0.187580 -0.157457 0.396805 -0.062927 0.902105
1520530849.654023409 0.442554 0.164112 0.162229 -0.152809 0.422809 -0.047874 0.891959
1520530849.704024315 0.453222 0.158763 0.137877 -0.139884 0.449562 -0.036740 0.881463
1520530849.754075050 0.462287 0.152818 0.116036 -0.127734 0.472519 -0.029790 0.871506
1520530849.804077148 0.468577 0.150200 0.097075 -0.123999 0.488675 -0.027315 0.863177
1520530849.854078293 0.471800 0.152809 0.082009 -0.128310 0.498674 -0.025308 0.856867
1520530849.904080153 0.473425 0.157788 0.067332 -0.134111 0.507817 -0.022014 0.850677
1520530849.954081059 0.475515 0.159553 0.053789 -0.137971 0.515962 -0.020244 0.845185
1520530850.004083157 0.477591 0.161274 0.041546 -0.137825 0.524334 -0.016518 0.840122
1520530850.054084063 0.480037 0.159711 0.024466 -0.137992 0.536384 -0.015413 0.832474
1520530850.104087114 0.482262 0.157678 0.009710 -0.133648 0.547982 -0.012865 0.825644
1520530850.154247284 0.483114 0.160553 0.002157 -0.132648 0.552636 -0.007702 0.822763
1520530850.204247952 0.482641 0.166394 -0.001668 -0.133650 0.553753 -0.001779 0.821883
1520530850.254250050 0.482508 0.169545 -0.013432 -0.137380 0.560179 0.000229 0.816901
1520530850.304252148 0.481788 0.173930 -0.030637 -0.143964 0.570238 0.002440 0.808762
1520530850.354254007 0.482144 0.173702 -0.050466 -0.146788 0.583346 0.002525 0.798846
1520530850.404256105 0.483553 0.168230 -0.070791 -0.143120 0.598690 0.001141 0.788090
1520530850.454256058 0.484339 0.163194 -0.089330 -0.136779 0.613024 0.001681 0.778132
1520530850.504258156 0.483819 0.158554 -0.109518 -0.133073 0.627632 0.001272 0.767052
1520530850.554295063 0.481796 0.155210 -0.130645 -0.133729 0.641572 -0.000439 0.755316
1520530850.604296923 0.478510 0.152255 -0.153398 -0.137881 0.655681 -0.003082 0.742335
1520530850.654297829 0.471296 0.152903 -0.179715 -0.141786 0.672816 -0.000737 0.726095
1520530850.704299927 0.461706 0.159631 -0.205118 -0.143008 0.690263 0.009299 0.709224
1520530850.754339933 0.448346 0.166558 -0.233630 -0.138665 0.711764 0.022074 0.688242
1520530850.804302931 0.434841 0.175023 -0.257524 -0.132316 0.730746 0.035744 0.668749
1520530850.854304075 0.422075 0.178953 -0.280138 -0.128752 0.747256 0.043617 0.650484
1520530850.904305935 0.411366 0.180379 -0.299388 -0.132014 0.759102 0.046572 0.635741
1520530850.954236984 0.400821 0.182261 -0.316440 -0.139951 0.768046 0.048103 0.623062
1520530851.004238844 0.391429 0.178883 -0.333771 -0.148373 0.776311 0.045353 0.610958
1520530851.054240942 0.382154 0.177693 -0.348832 -0.151957 0.784530 0.045286 0.599475
1520530851.104241848 0.372607 0.176996 -0.363397 -0.154090 0.792972 0.046516 0.587612
1520530851.154244184 0.359661 0.180408 -0.378710 -0.151004 0.803900 0.052496 0.572876
1520530851.204245090 0.345952 0.185364 -0.392254 -0.144565 0.814633 0.060838 0.558367
1520530851.254246950 0.336117 0.193923 -0.400787 -0.141546 0.820981 0.070583 0.548610
1520530851.304248095 0.328072 0.197992 -0.409291 -0.143032 0.825852 0.074946 0.540271
1520530851.354319811 0.315704 0.189381 -0.426725 -0.147727 0.835257 0.068674 0.525172
1520530851.404321909 0.297333 0.179109 -0.447425 -0.151074 0.848112 0.061705 0.504058
1520530851.454323053 0.273520 0.168058 -0.469429 -0.149372 0.863748 0.056025 0.478005
1520530851.504324913 0.246992 0.165486 -0.487566 -0.144318 0.878466 0.058451 0.451722
1520530851.554325819 0.222174 0.171234 -0.500826 -0.140579 0.889776 0.067592 0.428914
1520530851.604327917 0.197952 0.176736 -0.512157 -0.139785 0.899259 0.076042 0.407445
1520530851.654328823 0.181054 0.173489 -0.522266 -0.142221 0.906141 0.076128 0.391007
1520530851.704330683 0.160315 0.165421 -0.534565 -0.140641 0.915452 0.071590 0.370192
1520530851.754292250 0.131498 0.156163 -0.548121 -0.134630 0.927735 0.067072 0.341590
1520530851.804294109 0.091564 0.153085 -0.559613 -0.128428 0.941021 0.069051 0.305315
1520530851.854296207 0.046519 0.158960 -0.565822 -0.125633 0.952213 0.079666 0.266758
1520530851.904297113 0.002827 0.170903 -0.566367 -0.124843 0.960297 0.095428 0.230514
1520530851.954298019 -0.035927 0.177866 -0.565271 -0.125830 0.966225 0.106541 0.198053
1520530852.004300356 -0.067322 0.172295 -0.566020 -0.126809 0.971660 0.105601 0.169250
1520530852.054301262 -0.098497 0.155177 -0.568143 -0.126707 0.977636 0.094332 0.138832
1520530852.104303360 -0.131354 0.135861 -0.568295 -0.128041 0.982522 0.082078 0.107326
1520530852.154304266 -0.160584 0.123374 -0.565375 -0.132386 0.984972 0.076801 0.080032
1520530852.204151154 -0.191506 0.121036 -0.557895 -0.135989 0.985991 0.080912 0.052752
1520530852.254152298 -0.219300 0.124712 -0.548449 -0.134843 0.986582 0.088130 0.026597
1520530852.304154158 -0.244421 0.127591 -0.538901 -0.131707 0.986851 0.093675 0.001626
1520530852.354155064 -0.272725 0.129933 -0.526843 -0.131388 0.985923 0.100245 -0.025376
1520530852.404157162 -0.296666 0.128747 -0.515690 -0.133957 0.984277 0.104166 -0.049028
1520530852.454158068 -0.319396 0.123548 -0.504702 -0.134013 0.982900 0.102951 -0.073144
1520530852.504159927 -0.345918 0.113039 -0.490798 -0.129848 0.981515 0.095879 -0.102831
1520530852.554161072 -0.371480 0.106010 -0.474098 -0.124533 0.979082 0.091155 -0.132591
1520530852.604380131 -0.399861 0.107727 -0.451409 -0.114371 0.975037 0.092817 -0.166153
1520530852.654381990 -0.424987 0.116896 -0.426369 -0.104664 0.969462 0.101182 -0.197362
1520530852.704382896 -0.447431 0.125615 -0.401711 -0.101054 0.962614 0.111651 -0.225159
1520530852.754385233 -0.467268 0.122233 -0.380508 -0.099711 0.956162 0.111677 -0.251673
1520530852.804386139 -0.485823 0.118999 -0.358359 -0.094548 0.949475 0.108728 -0.278812
1520530852.854387999 -0.506332 0.115574 -0.330743 -0.085658 0.940828 0.103235 -0.311204
1520530852.904389143 -0.525913 0.111267 -0.299766 -0.080218 0.930293 0.099307 -0.343888
1520530852.954391003 -0.543934 0.110119 -0.264258 -0.076312 0.917397 0.100364 -0.377474
1520530853.004533291 -0.561564 0.119450 -0.218083 -0.067517 0.900150 0.109484 -0.416154
1520530853.054534435 -0.573247 0.127904 -0.176029 -0.060604 0.883280 0.118983 -0.449429
1520530853.104536295 -0.581988 0.133151 -0.139299 -0.056607 0.867441 0.126177 -0.477934
1520530853.154537201 -0.586967 0.137986 -0.107492 -0.048000 0.853072 0.127742 -0.503634
1520530853.204539299 -0.589933 0.139197 -0.081071 -0.040262 0.840305 0.125020 -0.525963
1520530853.254540205 -0.592878 0.137510 -0.055262 -0.036317 0.827231 0.121887 -0.547278
1520530853.304543257 -0.595777 0.127898 -0.035721 -0.038380 0.816341 0.115063 -0.564690
1520530853.354544401 -0.597867 0.119526 -0.017001 -0.041104 0.805626 0.109852 -0.580698
1520530853.404341936 -0.597483 0.120832 0.008966 -0.035550 0.791376 0.108635 -0.600549
1520530853.454342842 -0.595463 0.123020 0.035631 -0.034014 0.776516 0.112616 -0.619018
1520530853.504344940 -0.593766 0.121112 0.053567 -0.037164 0.765740 0.116340 -0.631448
1520530853.554346085 -0.593443 0.116514 0.066818 -0.040817 0.757167 0.116245 -0.641498
1520530853.604347944 -0.590407 0.119903 0.076046 -0.035133 0.750850 0.114201 -0.649575
1520530853.654348850 -0.584806 0.129822 0.095656 -0.022106 0.738319 0.112573 -0.664623
1520530853.704349995 -0.577286 0.140363 0.119722 -0.010890 0.723148 0.114876 -0.680986
1520530853.754352808 -0.569084 0.148160 0.143163 -0.004442 0.707799 0.120647 -0.696021
1520530853.804126263 -0.561762 0.150771 0.162512 0.002337 -0.694382 -0.125713 0.708536
1520530853.854123116 -0.556474 0.146040 0.180193 0.005811 -0.681920 -0.127040 0.720287
1520530853.904125214 -0.551299 0.144183 0.194889 0.006160 -0.670966 -0.127099 0.730488
1520530853.954126120 -0.544814 0.146681 0.207364 0.001585 -0.660790 -0.125289 0.740039
1520530854.004222155 -0.533641 0.151523 0.229107 -0.005981 -0.643911 -0.124449 0.754888
1520530854.054129124 -0.522297 0.148884 0.254112 -0.008375 -0.623909 -0.120076 0.772172
1520530854.104130983 -0.509528 0.143184 0.279617 -0.006536 -0.603477 -0.117374 0.788668
1520530854.154132128 -0.493468 0.138144 0.307421 -0.003685 -0.580516 -0.119823 0.805376
1520530854.204134226 -0.477314 0.131331 0.332513 0.003262 -0.559263 -0.127765 0.819079
1520530854.254028320 -0.460929 0.127243 0.353986 0.007848 -0.539874 -0.138195 0.830287
1520530854.304029465 -0.446766 0.123387 0.371019 0.012998 -0.523725 -0.149010 0.838653
1520530854.354031324 -0.436094 0.122241 0.379866 0.013556 -0.513327 -0.152306 0.844461
1520530854.404032230 -0.428951 0.119456 0.385623 0.011876 -0.504212 -0.144288 0.851358
1520530854.454034328 -0.426588 0.115380 0.386626 0.011570 -0.499865 -0.132291 0.855862
1520530854.504035234 -0.419241 0.114687 0.391327 0.008903 -0.491578 -0.125550 0.861690
1520530854.554037333 -0.403874 0.113657 0.404067 0.009146 -0.475513 -0.129215 0.870119
1520530854.604039431 -0.389650 0.108007 0.415963 0.014302 -0.460117 -0.137056 0.877099
1520530854.654197931 -0.379739 0.097740 0.424652 0.024294 -0.448624 -0.144475 0.881631
1520530854.704200029 -0.370295 0.090076 0.431733 0.031619 -0.438561 -0.150376 0.885467
1520530854.754200935 -0.357252 0.088434 0.439589 0.032134 -0.426827 -0.155540 0.890277
1520530854.804203033 -0.338281 0.091551 0.450795 0.026560 -0.409462 -0.159054 0.897963
1520530854.854204893 -0.319198 0.096893 0.460322 0.019254 -0.392595 -0.162033 0.905121
1520530854.904206038 -0.299732 0.100515 0.469521 0.013754 -0.375261 -0.166281 0.911779
1520530854.954207897 -0.280258 0.102010 0.478050 0.009617 -0.357855 -0.167607 0.918562
1520530855.004209995 -0.260423 0.102447 0.485804 0.005139 -0.339201 -0.163426 0.926395
1520530855.054454327 -0.242600 0.107855 0.489531 -0.005242 -0.324966 -0.159745 0.932122
1520530855.104456425 -0.224696 0.110213 0.495202 -0.010195 -0.308942 -0.154253 0.938433
1520530855.154457331 -0.198357 0.118367 0.501338 -0.022536 -0.286339 -0.149754 0.946085
1520530855.204459429 -0.166160 0.121422 0.510189 -0.028713 -0.256456 -0.143313 0.955441
1520530855.254460335 -0.129277 0.127745 0.516512 -0.039763 -0.223433 -0.137751 0.964117
1520530855.304462433 -0.094444 0.129049 0.521372 -0.045077 -0.192309 -0.137228 0.970646
1520530855.354463577 -0.063161 0.127706 0.523557 -0.048405 -0.164708 -0.139181 0.975273
1520530855.404465437 -0.036428 0.119776 0.525975 -0.043930 -0.138789 -0.137915 0.979687
1520530855.454261780 -0.018000 0.114245 0.525620 -0.041257 -0.121291 -0.134830 0.982551
1520530855.504263639 -0.001427 0.112184 0.523855 -0.040905 -0.105357 -0.130615 0.984970
1520530855.554264545 0.013145 0.115522 0.520337 -0.045792 -0.092584 -0.128824 0.986274
1520530855.604308844 0.026475 0.123563 0.515042 -0.055464 -0.081948 -0.126497 0.987019
1520530855.654267550 0.041979 0.130791 0.509375 -0.064551 -0.068640 -0.124857 0.987690
1520530855.704269648 0.057224 0.134919 0.504065 -0.070919 -0.055215 -0.124066 0.988195
1520530855.754270792 0.068528 0.132913 0.500420 -0.070283 -0.045019 -0.120266 0.989227
1520530855.804272652 0.081367 0.126691 0.498095 -0.064575 -0.031271 -0.114026 0.990884
1520530855.853945971 0.100170 0.124198 0.493203 -0.062794 -0.011129 -0.105727 0.992348
1520530855.903946638 0.129112 0.115509 0.487566 -0.051273 0.021550 -0.097111 0.993718
1520530855.953948736 0.154909 0.127811 0.473415 -0.068743 0.045524 -0.092976 0.992249
1520530856.003949881 0.182065 0.128865 0.461344 -0.073757 0.071706 -0.093532 0.990288
1520530856.053951740 0.206011 0.128868 0.448810 -0.078096 0.095068 -0.095340 0.987812
1520530856.103952885 0.226306 0.126825 0.438273 -0.079325 0.114150 -0.098450 0.985386
1520530856.153954744 0.246702 0.129348 0.424835 -0.086434 0.133700 -0.101358 0.982029
1520530856.203956842 0.265690 0.134427 0.409990 -0.095443 0.152957 -0.102640 0.978243
1520530856.253995657 0.289699 0.136853 0.391807 -0.101757 0.178878 -0.103042 0.973155
1520530856.303997993 0.318756 0.136726 0.368177 -0.105117 0.213537 -0.100217 0.966079
1520530856.353999853 0.348168 0.135711 0.341022 -0.105334 0.251819 -0.093175 0.957502
1520530856.404000759 0.374660 0.135369 0.311979 -0.105088 0.289140 -0.084764 0.947718
1520530856.454001904 0.397969 0.134205 0.281110 -0.104940 0.324808 -0.078438 0.936661
1520530856.504003763 0.415462 0.137276 0.253776 -0.109668 0.351799 -0.072945 0.926763
1520530856.554005861 0.430032 0.142292 0.225646 -0.118642 0.376275 -0.069608 0.916240
1520530856.604007006 0.442583 0.145787 0.198000 -0.127698 0.398131 -0.068723 0.905794
1520530856.654008865 0.452255 0.148418 0.173429 -0.135434 0.416647 -0.067721 0.896369
1520530856.704353094 0.459736 0.148010 0.153246 -0.135157 0.434983 -0.064802 0.887876
1520530856.754354954 0.466223 0.147676 0.134265 -0.136225 0.450881 -0.062067 0.879941
1520530856.804356813 0.472336 0.146757 0.115040 -0.133496 0.468105 -0.057143 0.871660
1520530856.854357958 0.476607 0.148892 0.096295 -0.131241 0.484519 -0.049016 0.863490
1520530856.904358864 0.479684 0.152472 0.079354 -0.130139 0.498504 -0.041256 0.856070
1520530856.954360723 0.483028 0.152668 0.061428 -0.127742 0.513753 -0.036751 0.847579
1520530857.004363060 0.487232 0.149579 0.039104 -0.126984 0.531270 -0.036563 0.836833
1520530857.054363966 0.490613 0.146433 0.014834 -0.126467 0.550197 -0.036800 0.824582
1520530857.104498625 0.491768 0.146359 -0.009461 -0.125272 0.569184 -0.032987 0.811941
1520530857.154500723 0.491750 0.147443 -0.029137 -0.123164 0.584242 -0.027800 0.801698
1520530857.204501867 0.491720 0.147373 -0.047379 -0.122343 0.597389 -0.025173 0.792165
1520530857.254502773 0.491513 0.145049 -0.066680 -0.124824 0.609689 -0.027178 0.782278
1520530857.304504633 0.491086 0.140795 -0.085118 -0.128722 0.620774 -0.032537 0.772665
1520530857.354506731 0.489455 0.136351 -0.106808 -0.130736 0.634901 -0.036231 0.760589
1520530857.404507637 0.484830 0.141113 -0.127121 -0.131116 0.649614 -0.028716 0.748322
1520530857.454509497 0.476348 0.150831 -0.151707 -0.129097 0.668277 -0.013913 0.732493
1520530857.504649162 0.466261 0.159409 -0.177617 -0.125975 0.688042 -0.000043 0.714653
1520530857.554651022 0.457284 0.164001 -0.200324 -0.125576 0.704036 0.007944 0.698928
1520530857.604651928 0.450406 0.167552 -0.217201 -0.128259 0.714622 0.012131 0.687544
1520530857.654654264 0.443083 0.169991 -0.233928 -0.135638 0.723315 0.013290 0.676936
1520530857.704655170 0.435186 0.170316 -0.251670 -0.143237 0.732574 0.012164 0.665335
1520530857.754657030 0.429309 0.166784 -0.267805 -0.150386 0.740309 0.007764 0.655184
1520530857.804659128 0.424511 0.162911 -0.281159 -0.154286 0.747058 0.004080 0.646594
1520530857.854660034 0.420844 0.158068 -0.293101 -0.154715 0.753530 0.000715 0.638948
1520530857.904691935 0.416090 0.157472 -0.304382 -0.149347 0.761668 0.002795 0.630516
1520530857.954693794 0.410979 0.162671 -0.311980 -0.142634 0.768010 0.010314 0.624268
1520530858.004694939 0.408966 0.166359 -0.316086 -0.140939 0.769941 0.014456 0.622188
1520530858.054695845 0.407778 0.165208 -0.321770 -0.139315 0.772901 0.013496 0.618897
1520530858.104697943 0.401917 0.160770 -0.334892 -0.142798 0.779544 0.009018 0.609786
1520530858.154700041 0.391930 0.156017 -0.351311 -0.149138 0.788275 0.004669 0.596958
1520530858.204701900 0.381219 0.149974 -0.368820 -0.155136 0.797517 0.000418 0.583008
1520530858.254702806 0.369338 0.149923 -0.384140 -0.158181 0.806505 0.002232 0.569669
1520530858.304575920 0.357172 0.149932 -0.399379 -0.160514 0.815484 0.005016 0.556054
1520530858.354578018 0.340879 0.149716 -0.416862 -0.159932 0.827318 0.008409 0.538420
1520530858.404578924 0.324489 0.148759 -0.433261 -0.159682 0.838338 0.010797 0.521129
1520530858.454581022 0.305416 0.145499 -0.451238 -0.155024 0.851819 0.011672 0.500236
1520530858.504582882 0.277353 0.141232 -0.473319 -0.151325 0.868523 0.013180 0.471799
1520530858.554583788 0.245979 0.145829 -0.491969 -0.153826 0.882650 0.021768 0.443613
1520530858.604585886 0.218216 0.154300 -0.505235 -0.155723 0.893451 0.033458 0.419971
1520530858.654592037 0.194402 0.164043 -0.514697 -0.156956 0.901640 0.045706 0.400401
1520530858.704606771 0.174306 0.171337 -0.522063 -0.159877 0.907610 0.055217 0.384233
1520530858.754607916 0.155627 0.172897 -0.530126 -0.165343 0.912666 0.059748 0.368962
1520530858.804609776 0.136802 0.171081 -0.538829 -0.171847 0.917597 0.061417 0.353145
1520530858.854706764 0.120511 0.167061 -0.546430 -0.180737 0.920984 0.061560 0.339606
1520530858.904612780 0.107164 0.167003 -0.551975 -0.191822 0.921971 0.064947 0.330084
1520530858.954613686 0.089137 0.167263 -0.557253 -0.201741 0.924187 0.069947 0.316680
1520530859.004615784 0.065409 0.175397 -0.560460 -0.205725 0.928210 0.081604 0.299071
1520530859.054617882 0.043726 0.190649 -0.560121 -0.208081 0.930510 0.099102 0.284662
1520530859.104618788 0.029043 0.200918 -0.559735 -0.209655 0.931724 0.111081 0.274948
1520530859.154594898 0.015964 0.201986 -0.562495 -0.210539 0.934271 0.114374 0.264064
1520530859.204596043 -0.001700 0.193359 -0.567969 -0.212412 0.938891 0.110784 0.247168
1520530859.254597902 -0.029795 0.185605 -0.572048 -0.210084 0.946078 0.108591 0.221379
1520530859.304598808 -0.060225 0.176291 -0.574692 -0.206052 0.953498 0.106024 0.192726
1520530859.354600906 -0.093762 0.170537 -0.574101 -0.205443 0.958801 0.108008 0.163792
1520530859.404602766 -0.119386 0.168412 -0.572045 -0.206813 0.961530 0.112329 0.141667
1520530859.454603672 -0.147890 0.170243 -0.566898 -0.207614 0.963632 0.120070 0.117865
1520530859.504606009 -0.174956 0.169733 -0.561381 -0.205829 0.966016 0.125132 0.093752
1520530859.554533005 -0.203292 0.168202 -0.554090 -0.202648 0.968342 0.129258 0.067378
1520530859.604535103 -0.238742 0.170659 -0.540766 -0.196239 0.970280 0.137310 0.034538
1520530859.654536009 -0.277027 0.175911 -0.522002 -0.192115 0.969987 0.149050 -0.001014
1520530859.704538107 -0.313978 0.173108 -0.502797 -0.190122 0.968737 0.154853 -0.037723
1520530859.754539013 -0.348672 0.166873 -0.482685 -0.188306 0.966607 0.157277 -0.074003
1520530859.804542065 -0.379550 0.160044 -0.462356 -0.187619 0.963305 0.159115 -0.107358
1520530859.854543209 -0.408043 0.155082 -0.440212 -0.188303 0.958469 0.163279 -0.138633
1520530859.904544115 -0.432535 0.148324 -0.419689 -0.191258 0.952849 0.166726 -0.166436
1520530859.954867601 -0.453326 0.149525 -0.398166 -0.192869 0.946390 0.175796 -0.190374
1520530860.004869699 -0.468062 0.144303 -0.384003 -0.195617 0.941492 0.178224 -0.208718
1520530860.054871559 -0.480671 0.141620 -0.371499 -0.194679 0.937477 0.179673 -0.225733
1520530860.104873657 -0.493006 0.142450 -0.355866 -0.190885 0.933164 0.183032 -0.243448
1520530860.154873610 -0.504542 0.145551 -0.338980 -0.192337 0.926819 0.192480 -0.258776
1520530860.204875469 -0.514465 0.139822 -0.327771 -0.201353 0.920362 0.197450 -0.270932
1520530860.254876614 -0.524603 0.132462 -0.315944 -0.204978 0.915238 0.196708 -0.285709
1520530860.304878473 -0.536140 0.125984 -0.299084 -0.199714 0.910633 0.191706 -0.306774
1520530860.355013609 -0.551464 0.123704 -0.272038 -0.189057 0.903221 0.189309 -0.335576
1520530860.405015469 -0.564879 0.120057 -0.244833 -0.183744 0.893929 0.189891 -0.362038
1520530860.455060720 -0.577330 0.115744 -0.216406 -0.182705 0.882327 0.194384 -0.387727
1520530860.505018711 -0.587089 0.112064 -0.188997 -0.183162 0.870507 0.200560 -0.410421
1520530860.555019617 -0.596174 0.109420 -0.159881 -0.180643 0.857994 0.205399 -0.434771
1520530860.605021715 -0.601420 0.107195 -0.135552 -0.175552 0.847888 0.206203 -0.455794
1520530860.655023575 -0.605767 0.109217 -0.105533 -0.166982 0.835616 0.209629 -0.479498
1520530860.705024719 -0.610280 0.110657 -0.065609 -0.160677 0.817704 0.217548 -0.508149
1520530860.754849911 -0.614770 0.104581 -0.021797 -0.161509 0.795053 0.225669 -0.539331
1520530860.804851055 -0.614885 0.098174 0.020915 -0.161159 0.772550 0.232513 -0.568447
1520530860.854852915 -0.612455 0.094338 0.062372 -0.156513 0.749870 0.236800 -0.597599
1520530860.904853821 -0.606341 0.092581 0.084985 -0.150266 0.737430 0.234843 -0.615196
1520530860.954855919 -0.602145 0.085719 0.108720 -0.144988 0.723104 0.227513 -0.635875
1520530861.004857779 -0.596573 0.081215 0.130928 -0.139101 0.709340 0.221586 -0.654513
1520530861.054858685 -0.590519 0.076747 0.151218 -0.136075 0.695623 0.219847 -0.670268
1520530861.104861021 -0.584426 0.072522 0.164680 -0.136069 0.685224 0.220462 -0.680698
1520530861.154861927 -0.578110 0.068730 0.181700 0.135126 -0.672216 -0.221239 0.693484
1520530861.204705715 -0.573091 0.060606 0.195947 0.137791 -0.660152 -0.220132 0.704809
1520530861.254708052 -0.566264 0.058625 0.209132 0.139677 -0.649270 -0.225395 0.712836
1520530861.304708958 -0.557286 0.054953 0.227568 0.139793 -0.634601 -0.228417 0.724959
1520530861.354710102 -0.551032 0.052578 0.238015 0.138241 -0.625569 -0.225560 0.733945
1520530861.404711962 -0.546313 0.053549 0.243027 0.133053 -0.620952 -0.219128 0.740742
1520530861.454713821 -0.537232 0.056539 0.257341 0.124706 -0.609748 -0.215899 0.752358
1520530861.504714966 -0.525035 0.058504 0.275429 0.119463 -0.594895 -0.218712 0.764195
1520530861.554716825 -0.512354 0.056896 0.293756 0.117033 -0.578490 -0.222314 0.776034
1520530861.604568005 -0.502382 0.055987 0.304021 0.113935 -0.567753 -0.223242 0.784116
1520530861.654568911 -0.492141 0.056407 0.314947 0.110575 -0.556260 -0.224819 0.792341
1520530861.704571247 -0.482016 0.056094 0.324455 0.105315 -0.545805 -0.220259 0.801556
1520530861.754571915 -0.470811 0.054573 0.335647 0.100493 -0.533395 -0.214272 0.812083
1520530861.804574013 -0.456913 0.053396 0.348833 0.097506 -0.519088 -0.213653 0.821823
1520530861.854575157 -0.437193 0.046273 0.369908 0.098753 -0.495536 -0.215368 0.835649
1520530861.904577017 -0.414716 0.036954 0.391158 0.101338 -0.470119 -0.216039 0.849733
1520530861.954577923 -0.389455 0.032223 0.412474 0.099138 -0.443553 -0.217017 0.863907
1520530862.004641056 -0.364364 0.029626 0.430650 0.094982 -0.417953 -0.215614 0.877385
1520530862.054642200 -0.343581 0.029697 0.442751 0.088667 -0.398694 -0.210955 0.888076
1520530862.104644060 -0.323546 0.028959 0.453521 0.083363 -0.379622 -0.204941 0.898297
1520530862.154645205 -0.304426 0.025273 0.462672 0.081985 -0.360997 -0.200735 0.907009
1520530862.204647064 -0.288423 0.017588 0.470115 0.085608 -0.344032 -0.197636 0.913922
1520530862.254649162 -0.275398 0.014449 0.473460 0.085652 -0.332565 -0.196508 0.918395
1520530862.304650307 -0.261600 0.014419 0.477986 0.084308 -0.319996 -0.199313 0.922371
1520530862.354652166 -0.249653 0.017667 0.480418 0.081000 -0.311013 -0.203324 0.924862
1520530862.404806614 -0.239957 0.014153 0.481932 0.084650 -0.303370 -0.205266 0.926643
1520530862.454808474 -0.233912 0.007121 0.481671 0.090798 -0.297064 -0.202563 0.928696
1520530862.504809618 -0.227859 0.004684 0.481181 0.092800 -0.291160 -0.200883 0.930731
1520530862.554811716 -0.217895 0.008081 0.482331 0.088989 -0.282829 -0.199666 0.933928
1520530862.604813576 -0.205624 0.015915 0.484053 0.079873 -0.272624 -0.194478 0.938869
1520530862.654814720 -0.192406 0.028460 0.485586 0.066854 -0.261642 -0.188405 0.944234
1520530862.704816580 -0.180944 0.049578 0.484288 0.045474 -0.254497 -0.180074 0.949071
1520530862.754817486 -0.170189 0.073500 0.481860 0.022428 -0.248694 -0.172947 0.952753
1520530862.804625988 -0.155188 0.100286 0.477977 -0.004996 -0.239920 -0.167136 0.956284
1520530862.854626894 -0.139256 0.125525 0.473347 -0.030718 -0.229491 -0.161080 0.959398
1520530862.904628754 -0.127656 0.152241 0.465929 -0.057090 -0.221471 -0.149043 0.962018
1520530862.954629898 -0.111329 0.185566 0.454433 -0.092893 -0.209569 -0.136831 0.963706
1520530863.004631758 -0.091672 0.219169 0.440830 -0.129984 -0.193927 -0.125290 0.964261
1520530863.054633617 -0.069213 0.246560 0.428251 -0.161162 -0.173127 -0.113316 0.964994
1520530863.104634762 -0.044896 0.264482 0.420511 -0.181274 -0.148932 -0.105870 0.966308
1520530863.154636860 -0.022682 0.277763 0.412069 -0.197633 -0.127874 -0.101024 0.966635
1520530863.204078913 0.004207 0.286021 0.406646 -0.208343 -0.102193 -0.100936 0.967451
1520530863.254079819 0.036043 0.290650 0.401428 -0.216279 -0.069086 -0.099248 0.968814
1520530863.304081678 0.067230 0.291936 0.395449 -0.222466 -0.037417 -0.100197 0.969056
1520530863.354083776 0.097362 0.287489 0.391737 -0.222350 -0.006282 -0.102462 0.969548
1520530863.404084682 0.124624 0.274418 0.393422 -0.211430 0.021777 -0.106341 0.971347
1520530863.454085588 0.149326 0.253550 0.399255 -0.190236 0.049111 -0.107697 0.974577
1520530863.504087925 0.172835 0.227218 0.406768 -0.163038 0.075451 -0.108467 0.977732
1520530863.554088593 0.195564 0.197744 0.413920 -0.131890 0.101651 -0.106696 0.980249
1520530863.604090691 0.221113 0.163223 0.419244 -0.095706 0.130555 -0.105669 0.981137
1520530863.653908968 0.253429 0.121280 0.416539 -0.053573 0.169003 -0.106837 0.978342
1520530863.704003811 0.288211 0.077395 0.406808 -0.011339 0.210430 -0.108635 0.971488
1520530863.753911734 0.320294 0.035003 0.392180 0.031355 0.250348 -0.107143 0.961698
1520530863.803914070 0.350191 0.002290 0.372557 0.065610 0.288383 -0.100926 0.949918
1520530863.853915930 0.378240 -0.020433 0.349873 0.091331 0.324381 -0.092852 0.936917
1520530863.903916836 0.407567 -0.035628 0.310956 0.112884 0.367803 -0.084611 0.919140
1520530863.953918934 0.433676 -0.046824 0.270800 0.131161 0.409550 -0.076840 0.899534
1520530864.003919840 0.457397 -0.054078 0.224295 0.145790 0.451904 -0.069631 0.877314
1520530864.054670811 0.476867 -0.059019 0.175566 0.160047 0.493105 -0.062245 0.852853
1520530864.104672909 0.476867 -0.059019 0.175566 0.160047 0.493105 -0.062245 0.852853
1520530864.154673815 0.472973 -0.058031 0.185311 0.160047 0.493105 -0.062245 0.852853
1520530864.204676151 0.472973 -0.058031 0.185311 0.160047 0.493105 -0.062245 0.852853
1520530864.254677057 0.469858 -0.057240 0.193108 0.160047 0.493105 -0.062245 0.852853
1520530864.304678917 0.469858 -0.057240 0.193108 0.160047 0.493105 -0.062245 0.852853
1520530864.354680061 0.467365 -0.056608 0.199345 0.160047 0.493105 -0.062245 0.852853
1520530864.404681921 0.467365 -0.056608 0.199345 0.160047 0.493105 -0.062245 0.852853
1520530864.455241680 0.465372 -0.056102 0.204335 0.160047 0.493105 -0.062245 0.852853
1520530864.505243540 0.465372 -0.056102 0.204335 0.160047 0.493105 -0.062245 0.852853
1520530864.555244446 0.463777 -0.055697 0.208327 0.160047 0.493105 -0.062245 0.852853
1520530864.605246782 0.463777 -0.055697 0.208327 0.160047 0.493105 -0.062245 0.852853
1520530864.655248642 0.462501 -0.055373 0.211521 0.160047 0.493105 -0.062245 0.852853
1520530864.705250502 0.462501 -0.055373 0.211521 0.160047 0.493105 -0.062245 0.852853
1520530864.755251646 0.461480 -0.055114 0.214075 0.160047 0.493105 -0.062245 0.852853
1520530864.805252552 0.461480 -0.055114 0.214075 0.160047 0.493105 -0.062245 0.852853
1520530864.854247332 0.460663 -0.054907 0.216119 0.160047 0.493105 -0.062245 0.852853
1520530864.904249668 0.460663 -0.054907 0.216119 0.160047 0.493105 -0.062245 0.852853
1520530864.954250574 0.460010 -0.054741 0.217754 0.160047 0.493105 -0.062245 0.852853
1520530865.004252434 0.460010 -0.054741 0.217754 0.160047 0.493105 -0.062245 0.852853
1520530865.054254532 0.459487 -0.054609 0.219062 0.160047 0.493105 -0.062245 0.852853
1520530865.104255438 0.459487 -0.054609 0.219062 0.160047 0.493105 -0.062245 0.852853
1520530865.154261589 0.459069 -0.054502 0.220109 0.160047 0.493105 -0.062245 0.852853
1520530865.204258442 0.459069 -0.054502 0.220109 0.160047 0.493105 -0.062245 0.852853
1520530865.253918886 0.458735 -0.054418 0.220946 0.160047 0.493105 -0.062245 0.852853
1520530865.303959131 0.458735 -0.054418 0.220946 0.160047 0.493105 -0.062245 0.852853
1520530865.353922844 0.458467 -0.054350 0.221616 0.160047 0.493105 -0.062245 0.852853
1520530865.403923988 0.458467 -0.054350 0.221616 0.160047 0.493105 -0.062245 0.852853
1520530865.453925848 0.458253 -0.054295 0.222151 0.160047 0.493105 -0.062245 0.852853
1520530865.503926992 0.458253 -0.054295 0.222151 0.160047 0.493105 -0.062245 0.852853
1520530865.553928852 0.458082 -0.054252 0.222580 0.160047 0.493105 -0.062245 0.852853
1520530865.603929758 0.458082 -0.054252 0.222580 0.160047 0.493105 -0.062245 0.852853
1520530865.653932095 0.457945 -0.054217 0.222923 0.160047 0.493105 -0.062245 0.852853
1520530865.704600573 0.457945 -0.054217 0.222923 0.160047 0.493105 -0.062245 0.852853
1520530865.754602671 0.457835 -0.054189 0.223197 0.160047 0.493105 -0.062245 0.852853
1520530865.804604769 0.457835 -0.054189 0.223197 0.160047 0.493105 -0.062245 0.852853
1520530865.854605675 0.457747 -0.054167 0.223417 0.160047 0.493105 -0.062245 0.852853
1520530865.904607773 0.457747 -0.054167 0.223417 0.160047 0.493105 -0.062245 0.852853
1520530865.954608679 0.457677 -0.054149 0.223592 0.160047 0.493105 -0.062245 0.852853
1520530866.004610538 0.457677 -0.054149 0.223592 0.160047 0.493105 -0.062245 0.852853
1520530866.054612637 0.457621 -0.054135 0.223733 0.160047 0.493105 -0.062245 0.852853
1520530866.105678082 0.457621 -0.054135 0.223733 0.160047 0.493105 -0.062245 0.852853
1520530866.155680180 0.457576 -0.054124 0.223845 0.160047 0.493105 -0.062245 0.852853
1520530866.205681086 0.457576 -0.054124 0.223845 0.160047 0.493105 -0.062245 0.852853
1520530866.255683422 0.457540 -0.054114 0.223935 0.160047 0.493105 -0.062245 0.852853
1520530866.305685282 0.457540 -0.054114 0.223935 0.160047 0.493105 -0.062245 0.852853
1520530866.355687141 0.457512 -0.054107 0.224007 0.160047 0.493105 -0.062245 0.852853
1520530866.405688286 0.457512 -0.054107 0.224007 0.160047 0.493105 -0.062245 0.852853
1520530866.455689192 0.457489 -0.054101 0.224064 0.160047 0.493105 -0.062245 0.852853
1520530866.504818439 0.457489 -0.054101 0.224064 0.160047 0.493105 -0.062245 0.852853
1520530866.554819345 0.457470 -0.054097 0.224110 0.160047 0.493105 -0.062245 0.852853
1520530866.604821205 0.457470 -0.054097 0.224110 0.160047 0.493105 -0.062245 0.852853
1520530866.654822350 0.457455 -0.054093 0.224147 0.160047 0.493105 -0.062245 0.852853
1520530866.704824209 0.457455 -0.054093 0.224147 0.160047 0.493105 -0.062245 0.852853
1520530866.754826307 0.457444 -0.054090 0.224177 0.160047 0.493105 -0.062245 0.852853
1520530866.804827452 0.457444 -0.054090 0.224177 0.160047 0.493105 -0.062245 0.852853
1520530866.854828358 0.457434 -0.054088 0.224200 0.160047 0.493105 -0.062245 0.852853
1520530866.903951168 0.457434 -0.054088 0.224200 0.160047 0.493105 -0.062245 0.852853
1520530866.953953266 0.457427 -0.054086 0.224219 0.160047 0.493105 -0.062245 0.852853
1520530867.003954172 0.457427 -0.054086 0.224219 0.160047 0.493105 -0.062245 0.852853
1520530867.053956032 0.457421 -0.054084 0.224234 0.160047 0.493105 -0.062245 0.852853
1520530867.103957176 0.457421 -0.054084 0.224234 0.160047 0.493105 -0.062245 0.852853
1520530867.153959274 0.457416 -0.054083 0.224246 0.160047 0.493105 -0.062245 0.852853
1520530867.203960419 0.457416 -0.054083 0.224246 0.160047 0.493105 -0.062245 0.852853
1520530867.253962278 0.457412 -0.054082 0.224256 0.160047 0.493105 -0.062245 0.852853
1520530867.304045200 0.457412 -0.054082 0.224256 0.160047 0.493105 -0.062245 0.852853
1520530867.354047298 0.457409 -0.054081 0.224264 0.160047 0.493105 -0.062245 0.852853
1520530867.404049158 0.457409 -0.054081 0.224264 0.160047 0.493105 -0.062245 0.852853
1520530867.454050303 0.457406 -0.054080 0.224270 0.160047 0.493105 -0.062245 0.852853
1520530867.504052162 0.457406 -0.054080 0.224270 0.160047 0.493105 -0.062245 0.852853
1520530867.554054260 0.457404 -0.054080 0.224275 0.160047 0.493105 -0.062245 0.852853
1520530867.604055405 0.457404 -0.054080 0.224275 0.160047 0.493105 -0.062245 0.852853
1520530867.654056311 0.457403 -0.054080 0.224279 0.160047 0.493105 -0.062245 0.852853
1520530867.705262184 0.457403 -0.054080 0.224279 0.160047 0.493105 -0.062245 0.852853
1520530867.755264282 0.457402 -0.054079 0.224282 0.160047 0.493105 -0.062245 0.852853
1520530867.805265188 0.457402 -0.054079 0.224282 0.160047 0.493105 -0.062245 0.852853
1520530867.855267048 0.457401 -0.054079 0.224284 0.160047 0.493105 -0.062245 0.852853
1520530867.905269146 0.457401 -0.054079 0.224284 0.160047 0.493105 -0.062245 0.852853
1520530867.955270052 0.457400 -0.054079 0.224286 0.160047 0.493105 -0.062245 0.852853
1520530868.005272150 0.457400 -0.054079 0.224286 0.160047 0.493105 -0.062245 0.852853
1520530868.055273294 0.457399 -0.054079 0.224288 0.160047 0.493105 -0.062245 0.852853
1520530868.105275154 0.457399 -0.054079 0.224288 0.160047 0.493105 -0.062245 0.852853
1520530868.154267550 0.457399 -0.054078 0.224289 0.160047 0.493105 -0.062245 0.852853
1520530868.204268456 0.457399 -0.054078 0.224289 0.160047 0.493105 -0.062245 0.852853
1520530868.254269600 0.457398 -0.054078 0.224290 0.160047 0.493105 -0.062245 0.852853
1520530868.304271698 0.457398 -0.054078 0.224290 0.160047 0.493105 -0.062245 0.852853
1520530868.354272604 0.457398 -0.054078 0.224291 0.160047 0.493105 -0.062245 0.852853
1520530868.404274702 0.457398 -0.054078 0.224291 0.160047 0.493105 -0.062245 0.852853
1520530868.454276562 0.457398 -0.054078 0.224292 0.160047 0.493105 -0.062245 0.852853
1520530868.504277468 0.457398 -0.054078 0.224292 0.160047 0.493105 -0.062245 0.852853
1520530868.554019928 0.457397 -0.054078 0.224292 0.160047 0.493105 -0.062245 0.852853
1520530868.603940964 0.457397 -0.054078 0.224292 0.160047 0.493105 -0.062245 0.852853
1520530868.653942823 0.457397 -0.054078 0.224293 0.160047 0.493105 -0.062245 0.852853
1520530868.703943729 0.457397 -0.054078 0.224293 0.160047 0.493105 -0.062245 0.852853
1520530868.753945827 0.457397 -0.054078 0.224293 0.160047 0.493105 -0.062245 0.852853
1520530868.803946733 0.457397 -0.054078 0.224293 0.160047 0.493105 -0.062245 0.852853
1520530868.853948593 0.457397 -0.054078 0.224294 0.160047 0.493105 -0.062245 0.852853
1520530868.903949738 0.457397 -0.054078 0.224294 0.160047 0.493105 -0.062245 0.852853
1520530868.954710007 0.457397 -0.054078 0.224294 0.160047 0.493105 -0.062245 0.852853
1520530869.004712105 0.457397 -0.054078 0.224294 0.160047 0.493105 -0.062245 0.852853
1520530869.054713011 0.457397 -0.054078 0.224294 0.160047 0.493105 -0.062245 0.852853
1520530869.104715109 0.457397 -0.054078 0.224294 0.160047 0.493105 -0.062245 0.852853
1520530869.154716253 0.457397 -0.054078 0.224294 0.160047 0.493105 -0.062245 0.852853
1520530869.204718113 0.457397 -0.054078 0.224294 0.160047 0.493105 -0.062245 0.852853
1520530869.254719019 0.457397 -0.054078 0.224294 0.160047 0.493105 -0.062245 0.852853
1520530869.304721117 0.457397 -0.054078 0.224294 0.160047 0.493105 -0.062245 0.852853
1520530869.355246305 0.457397 -0.054078 0.224294 0.160047 0.493105 -0.062245 0.852853
1520530869.405247211 0.457397 -0.054078 0.224294 0.160047 0.493105 -0.062245 0.852853
1520530869.455249071 0.457397 -0.054078 0.224294 0.160047 0.493105 -0.062245 0.852853
1520530869.505250216 0.457397 -0.054078 0.224294 0.160047 0.493105 -0.062245 0.852853
1520530869.555252314 0.457397 -0.054078 0.224294 0.160047 0.493105 -0.062245 0.852853
1520530869.605253220 0.457397 -0.054078 0.224294 0.160047 0.493105 -0.062245 0.852853
1520530869.655255318 0.457397 -0.054078 0.224294 0.160047 0.493105 -0.062245 0.852853
1520530869.705257177 0.457397 -0.054078 0.224294 0.160047 0.493105 -0.062245 0.852853
1520530869.754108667 0.457397 -0.054078 0.224294 0.160047 0.493105 -0.062245 0.852853
1520530869.804110527 0.457397 -0.054078 0.224294 0.160047 0.493105 -0.062245 0.852853
1520530869.854111671 0.457397 -0.054078 0.224294 0.160047 0.493105 -0.062245 0.852853
1520530869.904113770 0.457397 -0.054078 0.224294 0.160047 0.493105 -0.062245 0.852853
1520530869.954115629 0.457397 -0.054078 0.224294 0.160047 0.493105 -0.062245 0.852853
1520530870.004116774 0.457397 -0.054078 0.224294 0.160047 0.493105 -0.062245 0.852853
1520530870.054117680 0.457397 -0.054078 0.224295 0.160047 0.493105 -0.062245 0.852853
1520530870.104119539 0.457397 -0.054078 0.224295 0.160047 0.493105 -0.062245 0.852853
1520530870.153995752 0.457397 -0.054078 0.224295 0.160047 0.493105 -0.062245 0.852853
1520530870.203977823 0.457397 -0.054078 0.224295 0.160047 0.493105 -0.062245 0.852853
1520530870.253979683 0.457397 -0.054078 0.224295 0.160047 0.493105 -0.062245 0.852853
1520530870.303980827 0.457397 -0.054078 0.224295 0.160047 0.493105 -0.062245 0.852853
1520530870.353982687 0.457397 -0.054078 0.224295 0.160047 0.493105 -0.062245 0.852853
1520530870.403983593 0.457397 -0.054078 0.224295 0.160047 0.493105 -0.062245 0.852853
1520530870.453985691 0.457397 -0.054078 0.224295 0.160047 0.493105 -0.062245 0.852853
1520530870.503986597 0.457397 -0.054078 0.224295 0.160047 0.493105 -0.062245 0.852853
1520530870.553988695 0.457397 -0.054078 0.224295 0.160047 0.493105 -0.062245 0.852853
1520530870.604328632 0.457397 -0.054078 0.224295 0.160047 0.493105 -0.062245 0.852853
1520530870.654329538 0.457397 -0.054078 0.224295 0.160047 0.493105 -0.062245 0.852853
1520530870.704331636 0.457397 -0.054078 0.224295 0.160047 0.493105 -0.062245 0.852853
1520530870.754332781 0.457397 -0.054078 0.224295 0.160047 0.493105 -0.062245 0.852853
1520530870.804334641 0.457397 -0.054078 0.224295 0.160047 0.493105 -0.062245 0.852853
1520530870.854335546 0.457397 -0.054078 0.224295 0.160047 0.493105 -0.062245 0.852853
1520530870.904337645 0.457397 -0.054078 0.224295 0.160047 0.493105 -0.062245 0.852853
1520530870.954338551 0.457397 -0.054078 0.224295 0.160047 0.493105 -0.062245 0.852853
1520530871.005245209 0.457397 -0.054078 0.224295 0.160047 0.493105 -0.062245 0.852853
1520530871.055247068 0.457397 -0.054078 0.224295 0.160047 0.493105 -0.062245 0.852853
1520530871.105249166 0.457397 -0.054078 0.224295 0.160047 0.493105 -0.062245 0.852853
1520530871.155250072 0.457397 -0.054078 0.224295 0.160047 0.493105 -0.062245 0.852853
1520530871.205252171 0.457397 -0.054078 0.224295 0.160047 0.493105 -0.062245 0.852853
1520530871.255253315 0.457397 -0.054078 0.224295 0.160047 0.493105 -0.062245 0.852853
1520530871.305255175 0.457397 -0.054078 0.224295 0.160047 0.493105 -0.062245 0.852853
1520530871.355257034 0.457397 -0.054078 0.224295 0.160047 0.493105 -0.062245 0.852853
1520530871.404156685 0.457397 -0.054078 0.224295 0.160047 0.493105 -0.062245 0.852853
1520530871.454157829 0.457397 -0.054078 0.224295 0.160047 0.493105 -0.062245 0.852853
1520530871.504159689 0.457397 -0.054078 0.224295 0.160047 0.493105 -0.062245 0.852853
1520530871.554161549 0.457397 -0.054078 0.224295 0.160047 0.493105 -0.062245 0.852853
1520530871.604162931 0.457397 -0.054078 0.224295 0.160047 0.493105 -0.062245 0.852853
1520530871.654163599 0.457397 -0.054078 0.224295 0.160047 0.493105 -0.062245 0.852853
1520530871.704165936 0.457397 -0.054078 0.224295 0.160047 0.493105 -0.062245 0.852853
1520530871.754167795 0.457397 -0.054078 0.224295 0.160047 0.493105 -0.062245 0.852853
1520530871.804374456 0.457397 -0.054078 0.224295 0.160047 0.493105 -0.062245 0.852853
1520530871.854376793 0.457397 -0.054078 0.224295 0.160047 0.493105 -0.062245 0.852853
1520530871.904377699 0.457397 -0.054078 0.224295 0.160047 0.493105 -0.062245 0.852853
1520530871.954379559 0.457397 -0.054078 0.224295 0.160047 0.493105 -0.062245 0.852853
1520530872.004380703 0.457397 -0.054078 0.224295 0.160047 0.493105 -0.062245 0.852853
1520530872.054382563 0.457397 -0.054078 0.224295 0.160047 0.493105 -0.062245 0.852853
1520530872.104383469 0.457397 -0.054078 0.224295 0.160047 0.493105 -0.062245 0.852853
1520530872.154385567 0.457397 -0.054078 0.224295 0.160047 0.493105 -0.062245 0.852853
1520530872.204461336 0.457397 -0.054078 0.224295 0.160047 0.493105 -0.062245 0.852853
1520530872.254462242 0.457397 -0.054078 0.224295 0.160047 0.493105 -0.062245 0.852853
1520530872.304464102 0.457397 -0.054078 0.224295 0.160047 0.493105 -0.062245 0.852853
1520530872.354465246 0.457397 -0.054078 0.224295 0.160047 0.493105 -0.062245 0.852853
1520530872.404467106 0.457397 -0.054078 0.224295 0.160047 0.493105 -0.062245 0.852853
1520530872.454468012 0.457397 -0.054078 0.224295 0.160047 0.493105 -0.062245 0.852853
1520530872.504470348 0.457397 -0.054078 0.224295 0.160047 0.493105 -0.062245 0.852853
1520530872.554471254 0.457397 -0.054078 0.224295 0.160047 0.493105 -0.062245 0.852853
1520530872.604473114 0.457397 -0.054078 0.224295 0.160047 0.493105 -0.062245 0.852853
1520530872.654145956 0.457397 -0.054078 0.224295 0.160047 0.493105 -0.062245 0.852853
1520530872.704148054 0.457397 -0.054078 0.224295 0.160047 0.493105 -0.062245 0.852853
1520530872.754149199 0.457397 -0.054078 0.224295 0.160047 0.493105 -0.062245 0.852853
1520530872.804151058 0.457397 -0.054078 0.224295 0.160047 0.493105 -0.062245 0.852853
1520530872.854152203 0.457397 -0.054078 0.224295 0.160047 0.493105 -0.062245 0.852853
1520530872.904153109 0.457397 -0.054078 0.224295 0.160047 0.493105 -0.062245 0.852853
1520530872.954155922 0.457397 -0.054078 0.224295 0.160047 0.493105 -0.062245 0.852853
1520530873.004157066 0.457397 -0.054078 0.224295 0.160047 0.493105 -0.062245 0.852853
1520530873.054336071 0.457397 -0.054078 0.224295 0.160047 0.493105 -0.062245 0.852853
1520530873.104337931 0.457397 -0.054078 0.224295 0.160047 0.493105 -0.062245 0.852853
1520530873.154339075 0.457397 -0.054078 0.224295 0.160047 0.493105 -0.062245 0.852853
1520530873.204340935 0.457397 -0.054078 0.224295 0.160047 0.493105 -0.062245 0.852853
1520530873.254342079 0.457397 -0.054078 0.224295 0.160047 0.493105 -0.062245 0.852853
1520530873.304344177 0.457397 -0.054078 0.224295 0.160047 0.493105 -0.062245 0.852853
1520530873.354346037 0.457397 -0.054078 0.224295 0.160047 0.493105 -0.062245 0.852853
1520530873.404403925 0.457397 -0.054078 0.224295 0.160047 0.493105 -0.062245 0.852853
1520530873.454876423 0.457397 -0.054078 0.224295 0.160047 0.493105 -0.062245 0.852853
1520530873.504877329 0.457397 -0.054078 0.224295 0.160047 0.493105 -0.062245 0.852853
1520530873.554879189 0.457397 -0.054078 0.224295 0.160047 0.493105 -0.062245 0.852853
1520530873.604880333 0.457397 -0.054078 0.224295 0.160047 0.493105 -0.062245 0.852853
1520530873.654882193 0.270010 -0.021229 0.962623 0.033661 0.059754 0.020586 0.997433
1520530873.704883337 0.058067 0.038736 0.410144 -0.033231 -0.062798 0.001800 0.997471
1520530873.754885435 0.009707 0.076642 0.319420 -0.072679 -0.126103 0.023041 0.989083
1520530873.804887295 -0.029909 0.084825 0.234560 -0.112637 -0.182048 0.062962 0.974786
1520530873.854907036 -0.060196 0.085299 0.145045 -0.153218 -0.227803 0.112671 0.954953
1520530873.904909372 -0.069981 0.079861 0.070229 -0.192908 -0.259971 0.165683 0.931531
1520530873.954910278 -0.083466 0.074597 0.009842 -0.226193 -0.279538 0.223165 0.906031
1520530874.004912138 -0.088724 0.058069 -0.029818 -0.257124 -0.285434 0.276965 0.880741
1520530874.054913282 -0.091131 0.051315 -0.056656 -0.284076 -0.275674 0.325320 0.858762
1520530874.104915142 -0.090835 0.042265 -0.065943 -0.309075 -0.258055 0.368028 0.838114
1520530874.154917002 -0.095219 0.035009 -0.061146 -0.326475 -0.228192 0.402972 0.823988
1520530874.204918385 -0.093830 0.052431 -0.048303 -0.339885 -0.198947 0.427214 0.813871
1520530874.254431486 -0.064464 0.036915 -0.013876 -0.351796 -0.164460 0.445691 0.806568
1520530874.304432392 -0.023138 0.032584 0.022796 -0.359293 -0.132384 0.450679 0.806394
1520530874.354434252 0.020726 0.035747 0.056925 -0.360218 -0.111969 0.451567 0.808575
1520530874.404436588 0.071084 0.046937 0.087819 -0.354590 -0.101440 0.451708 0.812364
1520530874.454437494 0.138745 0.055827 0.119337 -0.342836 -0.093995 0.453554 0.817262
1520530874.504439354 0.203971 0.060270 0.142336 -0.324933 -0.083719 0.455957 0.824326
1520530874.554441452 0.269498 0.057317 0.161554 -0.305385 -0.066069 0.453067 0.834928
1520530874.604442358 0.342521 0.056516 0.183616 -0.282756 -0.050175 0.450354 0.845407
1520530874.654208660 0.423478 0.023545 0.193101 -0.265934 -0.041943 0.450594 0.851167
1520530874.704210758 0.498701 -0.005289 0.200860 -0.253593 -0.037782 0.442079 0.859552
1520530874.754211903 0.554678 -0.019311 0.211748 -0.239831 -0.035617 0.437405 0.865962
1520530874.804213762 0.620560 -0.033542 0.223741 -0.232157 -0.037422 0.435488 0.868938
1520530874.854215622 0.681509 -0.048587 0.233633 -0.221646 -0.034775 0.427268 0.875846
1520530874.904216766 0.750579 -0.063996 0.240778 -0.207137 -0.032484 0.422168 0.881937
1520530874.954218864 0.816843 -0.072981 0.250079 -0.196934 -0.031607 0.420278 0.885203
1520530875.004220009 0.861900 -0.079654 0.262714 -0.195299 -0.029856 0.410881 0.890025
1520530875.054221869 0.912698 -0.077357 0.280173 -0.197830 -0.035155 0.404497 0.892194
1520530875.104334593 0.947588 -0.060467 0.320279 -0.200814 -0.038384 0.399904 0.893464
1520530875.154336691 0.982149 -0.065218 0.345793 -0.207754 -0.039957 0.391328 0.895603
1520530875.204337597 1.008206 -0.061268 0.364964 -0.208070 -0.041735 0.387672 0.897037
1520530875.254339695 1.042919 -0.061159 0.378150 -0.208653 -0.041063 0.386948 0.897245
1520530875.304340839 1.083364 -0.058760 0.379135 -0.207001 -0.035416 0.386110 0.898229
1520530875.354342699 1.125609 -0.060542 0.373727 -0.201435 -0.030197 0.386633 0.899459
1520530875.404344559 1.171163 -0.077141 0.367486 -0.186969 -0.028074 0.385765 0.903017
1520530875.454345703 1.212677 -0.099389 0.349034 -0.168037 -0.027752 0.384852 0.907129
