1520439642.102074623 82
1520439642.502092123 74
1520439643.002140522 36
1520439643.202132463 228
1520439643.352137566 258
1520439643.502142429 216
1520439643.702167511 164
1520439643.852171421 169
1520439644.002180815 162
1520439644.152184725 231
1520439644.352191687 183
1520439644.502189636 222
1520439644.602192640 282
1520439644.702196598 285
1520439644.852233648 190
1520439645.252273321 127
1520439645.552282333 178
1520439645.652248621 147
1520439645.752251625 288
1520439645.852255821 351
1520439645.902256727 449
1520439645.952258825 465
1520439646.002280712 410
1520439646.052282572 472
1520439646.102283716 529
1520439646.152285814 550
1520439646.252288818 365
1520439646.302291632 578
1520439646.352291584 544
1520439646.402293682 580
1520439646.452177763 203
1520439646.552180767 361
1520439646.652183771 380
1520439646.752186775 401
1520439646.852160931 205
1520439646.952245235 407
1520439647.052164078 392
1520439647.152167082 412
1520439647.252142429 223
1520439647.352145433 306
1520439647.452149391 519
1520439647.552152395 538
1520439647.752151966 371
1520439648.002161264 356
1520439648.152159214 499
1520439648.502178192 361
1520439648.602182388 556
1520439648.702185392 563
1520439648.802188396 573
1520439648.902203083 518
1520439648.952204227 642
1520439649.052208185 577
1520439649.102209330 699
1520439649.152211189 750
1520439649.202212095 725
1520439649.252214193 767
1520439649.302214146 746
1520439649.352216244 814
1520439649.402217150 770
1520439649.452219248 764
1520439649.502221346 736
1520439649.552222252 788
1520439649.652225256 634
1520439649.752200127 392
1520439649.852203369 608
1520439649.952206135 612
1520439650.052209139 563
1520439650.152286530 418
1520439650.202244282 663
1520439650.252245426 643
1520439650.302247524 656
1520439650.352248669 661
1520439650.452251434 408
1520439650.602340937 457
1520439650.752345800 474
1520439650.902349710 496
1520439651.202391148 306
1520439651.402415514 468
1520439651.502417564 591
1520439651.652422667 584
1520439651.752386570 408
1520439651.852371454 632
1520439651.902373552 693
1520439652.002376556 634
1520439652.102379560 618
1520439652.152365685 743
1520439652.252369642 680
1520439652.302370548 774
1520439652.352372408 734
1520439652.402373552 789
1520439652.452375650 738
1520439652.502376795 739
1520439652.552312374 339
1520439652.652315378 650
1520439652.752318382 585
1520439652.852322340 610
1520439652.902324200 663
1520439653.002290964 389
1520439653.152295828 535
1520439653.302300215 500
1520439653.402418137 295
1520439653.702428102 399
1520439653.852501869 327
1520439653.952504873 548
1520439654.102509737 494
1520439654.202494860 418
1520439654.302499056 466
1520439654.452504158 457
1520439654.552507162 530
1520439654.752436161 434
1520439654.852439404 496
1520439654.952443123 493
1520439655.052365541 269
1520439655.152368546 581
1520439655.252371788 440
1520439655.352374554 538
1520439655.452307701 260
1520439655.552310467 564
1520439655.652313709 560
1520439655.752316713 636
1520439655.852339268 481
1520439655.902341127 768
1520439655.952342987 657
1520439656.002344131 699
1520439656.052346230 779
1520439656.102348089 760
1520439656.152349234 771
1520439656.252373695 526
1520439656.352376938 712
1520439656.402379751 801
1520439656.452379942 866
1520439656.502381802 887
1520439656.602487803 777
1520439656.752281666 638
1520439656.852284670 576
1520439656.952287674 516
1520439657.052304983 581
1520439657.202308893 550
1520439657.352313757 465
1520439657.452414989 210
1520439657.502416849 446
1520439657.552418709 522
1520439657.652421951 448
1520439657.702422857 563
1520439657.752424955 580
1520439657.802426815 624
1520439657.852427721 621
1520439658.002514839 481
1520439658.102517843 461
1520439658.202598810 448
1520439658.302571535 318
1520439658.402574539 511
1520439658.552578449 424
1520439658.652582645 552
1520439658.702483892 279
1520439658.752485991 653
1520439658.802487135 733
1520439658.852488995 651
1520439658.902489901 608
1520439658.952491999 751
1520439659.002492905 730
1520439659.102411509 266
1520439659.202414513 552
1520439659.352419615 491
1520439659.452423334 589
1520439659.552423000 566
1520439659.602424860 741
1520439659.652426004 731
1520439659.702427864 746
1520439659.752428770 728
1520439659.802479982 656
1520439659.852431774 650
1520439659.902486801 346
1520439659.952487946 638
1520439660.002489805 660
1520439660.102492809 585
1520439660.202496052 576
1520439660.302498817 543
1520439660.452443600 382
1520439660.552446604 433
1520439660.652449846 543
1520439660.752516508 281
1520439660.802517653 537
1520439660.852519751 557
1520439660.902520657 479
1520439660.952522755 520
1520439661.002524614 603
1520439661.052525520 595
1520439661.102527857 647
1520439661.152754068 224
1520439661.202756405 680
1520439661.252757311 714
1520439661.302758217 732
1520439661.352760315 684
1520439661.402784348 689
1520439661.452763081 685
1520439661.502765417 707
1520439661.553033113 180
1520439661.603035212 480
1520439661.653036356 496
1520439661.703038216 376
1520439661.753039122 426
1520439661.803041220 403
1520439661.853043318 377
1520439661.903043985 309
1520439662.002836943 282
1520439662.052839279 313
1520439662.102839947 369
1520439662.152842045 322
1520439662.202843189 363
1520439662.252845049 323
1520439662.302846909 306
1520439662.352627754 96
1520439662.402629614 476
1520439662.452631474 541
1520439662.502632618 599
1520439662.552633524 568
1520439662.602635860 511
1520439662.652637720 445
1520439662.702639580 426
1520439662.752640724 490
1520439662.802656174 574
1520439662.852657080 577
1520439662.902659416 544
1520439662.952660322 543
1520439663.002662182 470
1520439663.052663326 532
1520439663.102665186 505
1520439663.152666092 424
1520439663.202878237 134
1520439663.252879143 313
1520439663.302881241 316
1520439663.352882147 370
1520439663.402884007 269
1520439663.452886343 266
1520439663.502887249 297
1520439663.552889109 278
1520439663.652617455 248
1520439663.702619314 325
1520439663.752620459 375
1520439663.802622557 387
1520439663.852623463 442
1520439663.902625561 342
1520439663.952626467 337
1520439664.002437115 159
1520439664.052439213 408
1520439664.102440119 474
1520439664.152442217 501
1520439664.202444315 527
1520439664.252445221 491
1520439664.302446365 478
1520439664.352448225 468
1520439664.402601957 154
1520439664.452603817 417
1520439664.502606153 503
1520439664.552607059 473
1520439664.602612972 491
1520439664.652610064 534
1520439664.702611923 550
1520439664.752612829 534
1520439664.802614927 508
1520439664.902904034 280
1520439664.952905178 318
1520439665.002907038 335
1520439665.052909136 313
1520439665.102910280 339
1520439665.152912140 352
1520439665.202913046 434
1520439665.302644730 321
1520439665.352646589 387
1520439665.402647495 374
1520439665.452649832 397
1520439665.502651691 386
1520439665.552652597 391
1520439665.602654696 434
1520439665.652507305 217
1520439665.702508211 364
1520439665.752510309 540
1520439665.802512407 569
1520439665.852513313 513
1520439665.902514458 482
1520439665.952516317 428
1520439666.002518177 412
1520439666.052688122 107
1520439666.102689266 377
1520439666.152691126 525
1520439666.202693224 537
1520439666.252787113 451
1520439666.302696228 428
1520439666.352697372 562
1520439666.402699232 540
1520439666.502958298 415
1520439666.552959442 444
1520439666.602961302 495
1520439666.652963400 463
1520439666.702964544 461
1520439666.752966404 504
1520439666.802967548 416
1520439666.902800083 399
1520439666.952801943 462
1520439667.002803087 499
1520439667.052805185 451
1520439667.102807045 470
1520439667.152808189 594
1520439667.202810049 450
1520439667.252812147 414
1520439667.352627754 222
1520439667.402628660 332
1520439667.452630520 357
1520439667.502631664 371
1520439667.552633524 367
1520439667.602634430 370
1520439667.652636766 359
1520439667.753018379 397
1520439667.803019524 696
1520439667.853083372 843
1520439667.903023243 775
1520439667.953024626 704
1520439668.003026485 711
1520439668.053027391 566
1520439668.153580189 360
1520439668.203582287 373
1520439668.253584146 403
1520439668.303585291 392
1520439668.353587151 384
1520439668.403588295 406
1520439668.453590155 476
1520439668.552950382 133
1520439668.602951527 351
1520439668.652953386 501
1520439668.702955246 487
1520439668.752956390 378
1520439668.802958250 334
1520439668.852960348 262
1520439668.902746916 34
1520439668.952748775 295
1520439669.002750874 442
1520439669.052751780 467
1520439669.102752686 424
1520439669.152755022 483
1520439669.202756882 567
1520439669.252757788 562
1520439669.353330851 294
1520439669.403332949 411
1520439669.453362942 415
1520439669.503335953 391
1520439669.553336859 364
1520439669.603338957 284
1520439669.653339863 260
1520439669.703341961 247
1520439669.753461599 183
1520439669.803463459 275
1520439669.853465557 308
1520439669.903466463 334
1520439669.953468323 236
1520439670.003469467 313
1520439670.053471565 349
1520439670.103472471 271
1520439670.202926636 257
1520439670.252928495 337
1520439670.302930355 284
1520439670.352931499 190
1520439670.402933598 113
1520439670.452934504 143
1520439670.502936602 135
1520439670.552851439 43
1520439670.602853298 45
1520439670.652854443 69
1520439670.702856541 83
1520439670.752857685 99
1520439670.802859545 136
1520439670.852860451 173
1520439670.902862549 172
1520439670.953163624 55
1520439671.003165483 74
1520439671.053166628 87
1520439671.103168488 100
1520439671.153169394 177
1520439671.203171492 159
1520439671.253172398 146
1520439671.303174496 145
1520439671.353137493 116
1520439671.403139353 138
1520439671.453141212 100
1520439671.503142357 107
1520439671.553144217 152
1520439671.603145123 159
1520439671.653147459 172
1520439671.703148365 150
1520439671.753150225 162
1520439671.803214788 127
1520439671.853216887 131
1520439671.903218746 201
1520439671.953219891 213
1520439672.003221750 199
1520439672.053223848 224
1520439672.103224754 193
1520439672.153226852 214
1520439672.203030586 97
1520439672.253032684 120
1520439672.303034544 104
1520439672.353035450 109
1520439672.403037786 98
1520439672.453038692 124
1520439672.503040552 135
1520439672.553041697 132
1520439672.603290319 87
1520439672.653292179 91
1520439672.703294277 75
1520439672.753295422 60
1520439672.803297281 64
1520439672.853298187 70
1520439672.903300285 79
1520439672.953301191 115
1520439673.003087521 106
1520439673.053089619 155
1520439673.103090525 195
1520439673.153092623 207
1520439673.203093529 198
1520439673.253095388 167
1520439673.303096533 115
1520439673.353098392 113
1520439673.403125525 116
1520439673.453127623 111
1520439673.503129482 112
1520439673.553130388 142
1520439673.603132725 157
1520439673.653134584 151
1520439673.703135490 142
1520439673.753137589 142
1520439673.803146601 169
1520439673.853147507 193
1520439673.903149605 213
1520439673.953150511 241
1520439674.003154516 225
1520439674.053153515 263
1520439674.103154421 235
1520439674.153156281 252
1520439674.203157425 185
1520439674.253443003 137
1520439674.303521395 238
1520439674.353446245 272
1520439674.403448105 233
1520439674.453449249 224
1520439674.503451109 199
1520439674.553452253 200
1520439674.603454113 220
1520439674.653264046 120
1520439674.703264952 134
1520439674.753267288 154
1520439674.803268194 162
1520439674.853270054 224
1520439674.903271198 252
1520439674.953273058 261
1520439675.003274202 287
1520439675.053094387 112
1520439675.103096247 156
1520439675.153097391 237
1520439675.203099489 242
1520439675.253101349 243
1520439675.303102493 224
1520439675.353103399 245
1520439675.403105497 250
1520439675.453274012 125
1520439675.503276110 161
1520439675.553278208 202
1520439675.603279114 220
1520439675.653280020 208
1520439675.703281164 176
1520439675.753283024 150
1520439675.803284883 155
1520439675.853241205 125
1520439675.903279066 149
1520439675.953244209 160
1520439676.003246069 178
1520439676.053246975 184
1520439676.103249073 202
1520439676.153249979 207
1520439676.203252077 240
1520439676.253028631 128
1520439676.303029776 181
1520439676.353031635 217
1520439676.403032541 203
1520439676.453034639 228
1520439676.503035545 262
1520439676.553037643 251
1520439676.603038788 251
1520439676.653040648 267
1520439676.703011513 260
1520439676.753012419 295
1520439676.803014755 341
1520439676.853016615 324
1520439676.903017521 289
1520439676.953019619 294
1520439677.003021479 283
1520439677.053022385 282
1520439677.103258371 154
1520439677.153259277 222
1520439677.203260422 232
1520439677.253262281 212
1520439677.303263187 202
1520439677.353266478 185
1520439677.403267384 171
1520439677.453268290 203
1520439677.502998829 88
1520439677.552999735 198
1520439677.603001595 248
1520439677.653002739 265
1520439677.703004599 226
1520439677.753005505 263
1520439677.803007841 292
1520439677.853009701 285
1520439677.902889252 98
1520439677.952891350 274
1520439678.002892256 412
1520439678.052894115 417
1520439678.102895260 418
1520439678.152897358 341
1520439678.202899218 339
1520439678.252900362 304
1520439678.353373528 157
1520439678.403375387 175
1520439678.453377247 248
1520439678.503378391 239
1520439678.553380251 207
1520439678.603381157 178
1520439678.653383493 183
1520439678.752960920 164
1520439678.802961826 264
1520439678.852964163 304
1520439678.902966022 291
1520439678.952967882 268
1520439679.002969027 259
1520439679.052969933 204
1520439679.102971792 146
1520439679.202798605 13
1520439679.302801609 10
1520439679.402804852 11
1520439679.502807617 9
1520439679.603118420 21
1520439679.703121185 31
1520439679.803124189 26
1520439679.903128386 21
1520439680.003690243 49
1520439680.103694439 45
1520439680.203696489 49
1520439680.303700209 56
1520439680.403305531 38
1520439680.503309488 46
1520439680.603312492 60
1520439680.653313637 51
1520439680.703315496 423
1520439680.753290892 214
1520439680.803221941 514
1520439680.853222847 637
1520439680.903225183 589
1520439680.953226089 552
1520439681.003227949 534
1520439681.053230047 515
1520439681.103230953 518
1520439681.153232813 589
1520439681.253754616 394
1520439681.303755760 570
1520439681.353757620 602
1520439681.403759718 547
1520439681.453760862 502
1520439681.503762722 446
1520439681.553763866 477
1520439681.603623867 250
1520439681.653625965 429
1520439681.703626871 443
1520439681.753628016 467
1520439681.803630829 451
1520439681.853631735 490
1520439681.903633833 488
1520439681.953634739 443
1520439682.053240776 343
1520439682.103245735 416
1520439682.153243542 428
1520439682.203245878 407
1520439682.253246784 352
1520439682.303248644 364
1520439682.353278637 399
1520439682.403247595 475
1520439682.453248739 542
1520439682.503250599 556
1520439682.553251743 512
1520439682.603253841 557
1520439682.653255701 542
1520439682.703256845 510
1520439682.753258705 400
1520439682.853893995 239
1520439682.903895140 325
1520439682.953896999 286
1520439683.003898859 271
1520439683.053900003 332
1520439683.103901863 315
1520439683.153903008 274
1520439683.253387451 206
1520439683.303388596 234
1520439683.353390694 257
1520439683.403391600 239
1520439683.453393698 254
1520439683.503394604 204
1520439683.553396463 175
1520439683.603398561 148
1520439683.653144360 46
1520439683.703145266 93
1520439683.753147364 174
1520439683.803149223 162
1520439683.853150129 262
1520439683.903152466 395
1520439683.953153372 413
1520439684.053170204 406
1520439684.153172970 418
1520439684.203175068 427
1520439684.253177166 463
1520439684.303178072 402
1520439684.353180170 319
1520439684.403181076 246
1520439684.453234434 117
1520439684.503235340 142
1520439684.553237200 166
1520439684.603238344 207
1520439684.653240204 269
1520439684.753243446 243
1520439684.803245306 169
1520439684.853284836 98
1520439684.903286695 122
1520439684.953288794 109
1520439685.003289938 153
1520439685.053291798 147
1520439685.103292704 153
1520439685.153294802 213
1520439685.203296661 336
1520439685.253351688 162
1520439685.303353786 304
1520439685.353354692 463
1520439685.503359795 352
1520439685.553360701 326
1520439685.603461742 272
1520439685.653363705 248
1520439685.703517437 87
1520439685.753518581 116
1520439685.803520441 131
1520439685.853522539 127
1520439685.903523684 175
1520439685.953525543 205
1520439686.003526449 276
1520439686.053528547 324
1520439686.103464603 170
1520439686.203468800 171
1520439686.253469706 239
1520439686.303471565 319
1520439686.353472710 282
1520439686.403474569 229
1520439686.453475475 228
1520439686.503484488 220
1520439686.553486586 199
1520439686.603487492 237
1520439686.653489351 272
1520439686.703491688 288
1520439686.753492594 313
1520439686.803493261 361
1520439686.853495598 470
1520439686.953509331 484
1520439687.003510237 371
1520439687.053512335 282
1520439687.103514433 223
1520439687.153515339 177
1520439687.203573227 159
1520439687.253518343 204
1520439687.303589344 107
1520439687.353590250 209
1520439687.403592348 201
1520439687.453594446 217
1520439687.503595352 230
1520439687.553597450 325
1520439687.603598356 389
1520439687.703495741 169
1520439687.753497601 130
1520439687.803499699 145
1520439687.853500605 158
1520439687.903502703 189
1520439687.953503847 161
1520439688.003505707 205
1520439688.053506613 261
1520439688.103508711 287
1520439688.153562784 166
1520439688.203563690 188
1520439688.253565788 270
1520439688.303567886 264
1520439688.353568792 262
1520439688.453571796 344
1520439688.553676128 216
1520439688.603677988 247
1520439688.653679132 282
1520439688.703680992 305
1520439688.753681898 284
1520439688.803699017 276
1520439688.853684902 242
1520439688.903687000 276
1520439688.953597784 168
1520439689.003599644 215
1520439689.053601742 246
1520439689.103602648 293
1520439689.153604507 325
1520439689.203605652 393
1520439689.303608656 439
1520439689.353585720 319
1520439689.403586864 344
1520439689.453588724 328
1520439689.503590584 315
1520439689.553591728 258
1520439689.603593826 245
1520439689.653594971 185
1520439689.703596830 208
1520439689.753611803 187
1520439689.803613901 216
1520439689.853614807 291
1520439689.903616667 395
1520439689.953617811 452
1520439690.053620815 453
1520439690.103622913 465
1520439690.153643608 401
1520439690.203644753 392
1520439690.253646612 376
1520439690.303648472 358
1520439690.353649616 326
1520439690.403651476 270
1520439690.453652620 242
1520439690.503654718 265
1520439690.553655624 275
1520439690.603657484 324
1520439690.653659344 367
1520439690.703660250 422
1520439690.753662348 476
1520439690.803663254 498
1520439691.003714561 180
1520439691.053716421 163
1520439691.103718758 214
1520439691.153719664 214
1520439691.203721523 216
1520439691.253722668 250
1520439691.303724527 227
1520439691.353725433 269
1520439691.403645992 135
1520439691.453648090 156
1520439691.503649950 167
1520439691.553650856 231
1520439691.603653193 319
1520439691.653655052 420
1520439691.753657103 434
1520439691.803769350 218
1520439691.853771210 255
1520439691.903773069 348
1520439691.953775167 385
1520439692.003776312 341
1520439692.053866148 306
1520439692.103779316 318
1520439692.153781176 282
1520439692.203809738 220
1520439692.253811598 245
1520439692.303812504 268
1520439692.353814840 269
1520439692.403815746 262
1520439692.453817606 294
1520439692.503818750 280
1520439692.553820610 335
1520439692.603565216 129
1520439692.703569412 236
1520439692.753570318 318
1520439692.803572416 282
1520439692.853573322 294
1520439692.903575182 287
1520439692.953576565 260
1520439693.003579378 348
1520439693.053586483 419
1520439693.103587389 324
1520439693.153589487 311
1520439693.203591347 260
1520439693.253592253 219
1520439693.303596258 277
1520439693.353595495 278
1520439693.403596401 310
1520439693.453603268 298
1520439693.503605366 361
1520439693.703611135 284
1520439693.753612280 415
1520439693.803614140 360
1520439693.853642941 288
1520439693.903643847 229
1520439693.953646183 249
1520439694.003647089 230
1520439694.053648949 238
1520439694.103650093 204
1520439694.153651953 204
1520439694.203652859 199
1520439694.253728867 188
1520439694.303730726 242
1520439694.453734636 200
1520439694.503736734 209
1520439694.553737640 172
1520439694.603739738 186
1520439694.653847218 136
1520439694.703848362 179
1520439694.753850460 202
1520439694.803852320 225
1520439694.853853464 219
1520439694.903855324 326
1520439694.953857183 332
1520439695.003858328 371
1520439695.053712845 189
1520439695.153715849 413
1520439695.203716755 460
1520439695.253724813 445
1520439695.303719997 402
1520439695.353720903 333
1520439695.403723001 353
1520439695.453724861 325
1520439695.503716469 260
1520439695.553718328 243
1520439695.603719234 177
1520439695.653721333 154
1520439695.703722239 201
1520439695.753724098 290
1520439695.903893471 209
1520439695.953894377 323
1520439696.003896236 266
1520439696.053897381 352
1520439696.103899479 355
1520439696.153900385 335
1520439696.203903437 347
1520439696.253904343 331
1520439696.303915739 343
1520439696.353917599 336
1520439696.403919935 304
1520439696.453920841 326
1520439696.503922701 297
1520439696.553923845 356
1520439696.703899622 325
1520439696.753902674 356
1520439696.803902626 357
1520439696.853904724 314
1520439696.903905630 317
1520439696.953906775 250
1520439697.003908634 252
1520439697.053910494 209
1520439697.103821039 92
1520439697.153822899 118
1520439697.203824043 127
1520439697.253826141 119
1520439697.303827047 166
1520439697.453831911 168
1520439697.503834009 187
1520439697.553976297 130
1520439697.603978395 145
1520439697.653980494 263
1520439697.703981400 294
1520439697.753982544 397
1520439697.803984404 380
1520439697.853986263 450
1520439697.903988361 486
1520439697.953886986 229
1520439698.353796721 198
1520439698.503884792 259
1520439698.603803635 249
1520439698.703806639 291
1520439698.753866196 226
1520439698.803867102 278
1520439698.853869200 279
1520439698.903870106 241
1520439698.953872204 199
1520439699.003873348 263
1520439699.053875208 285
1520439699.103877068 280
1520439699.154026508 147
1520439699.204028368 217
1520439699.254029274 267
1520439699.304031372 305
1520439699.354032278 303
1520439699.404034376 273
1520439699.454036474 329
1520439699.504038334 359
1520439699.554153204 249
1520439699.654156208 231
1520439699.704158545 267
1520439699.754159451 265
1520439699.804160357 262
1520439699.854162455 277
1520439699.904164314 248
1520439699.954165220 234
1520439700.004231453 192
1520439700.054233313 203
1520439700.104276180 230
1520439700.154235363 233
1520439700.204237223 233
1520439700.254239321 194
1520439700.304240465 168
1520439700.354242325 155
1520439700.404344082 137
1520439700.454345942 157
1520439700.504346848 134
1520439700.554348946 116
1520439700.604349852 89
1520439700.654351950 99
1520439700.704354048 91
1520439700.754354954 93
1520439700.804762363 33
1520439700.854763269 81
1520439700.904765368 84
1520439700.954766273 90
1520439701.004768372 92
1520439701.054770470 96
1520439701.104771376 88
1520439701.154774189 93
1520439701.205379725 28
1520439701.255380630 72
1520439701.305382729 91
1520439701.355383873 101
1520439701.405385733 115
1520439701.455386639 122
1520439701.505388737 118
1520439701.555390835 112
1520439701.605720997 58
1520439701.655722141 138
1520439701.705724239 158
1520439701.755725145 175
1520439701.805727243 144
1520439701.855729103 134
1520439701.905730009 126
1520439701.955732107 129
1520439702.005733013 119
1520439702.106284857 92
1520439702.156286716 91
1520439702.206287622 88
1520439702.256289721 81
1520439702.306291819 52
1520439702.356292725 59
1520439702.406294823 64
1520439702.509560347 27
1520439702.609563351 32
1520439702.709566116 27
1520439702.809570312 26
1520439702.912723303 30
1520439703.012726307 27
1520439703.112729311 21
1520439703.212732315 23
1520439703.312735319 23
1520439703.412738323 28
1520439703.512741327 24
1520439703.612744331 28
1520439703.712747335 30
1520439703.862752199 34
1520439704.012757301 39
1520439704.212763309 33
1520439704.362768412 150
1520439704.512773275 185
1520439704.662780523 205
1520439704.762782097 244
1520439704.862784147 188
1520439704.962860346 266
1520439705.062790394 243
1520439705.112791300 353
1520439705.162793159 388
1520439705.212794304 391
1520439705.262796402 385
1520439705.311258078 59
1520439705.411261082 272
1520439705.461263180 399
1520439705.511265039 467
1520439705.561266184 442
1520439705.611268044 401
1520439705.661268950 377
1520439705.758702755 177
1520439705.858706951 222
1520439705.908708096 281
1520439705.958709955 308
1520439706.058713198 184
1520439706.256959915 30
1520439706.356963158 27
1520439706.456965923 30
1520439706.556198597 25
1520439706.656172752 23
1520439706.756175756 20
1520439706.856178761 24
1520439706.956939220 25
1520439707.056942225 19
1520439707.156945229 21
1520439707.256949186 23
1520439707.360548019 34
1520439707.610556841 37
1520439708.012882471 43
1520439708.262890339 31
1520439708.312891483 149
1520439708.362893343 213
1520439708.512897253 114
1520439708.612901449 207
1520439708.712904453 194
1520439708.812907219 230
1520439708.912910223 261
1520439709.012913465 265
1520439709.112916231 266
1520439709.162918329 406
1520439709.212920427 383
1520439709.262921333 345
1520439709.312923431 345
1520439709.362925291 309
1520439709.462415695 169
1520439709.562418461 238
1520439709.662422419 274
1520439709.762424469 260
1520439709.810653925 67
1520439709.910557032 219
1520439710.010560036 278
1520439710.110563040 274
1520439710.308743715 172
1520439710.358744621 333
1520439710.408746719 369
1520439710.458747625 312
1520439710.508749485 335
1520439710.558750629 323
1520439710.607288361 49
1520439710.707291365 173
1520439710.807295322 242
1520439710.857297421 348
1520439710.907298326 322
1520439711.106053829 122
1520439711.156054974 217
1520439711.206058979 257
1520439711.306060076 180
1520439711.405423641 58
1520439711.555370569 125
1520439711.655373573 186
1520439711.755376577 197
1520439711.855489492 176
1520439711.955492496 237
1520439712.055495501 242
1520439712.155498505 278
1520439712.256057501 89
1520439712.306058407 360
1520439712.356060743 413
1520439712.456063509 329
1520439712.556066513 375
1520439712.655855656 176
1520439712.755861759 294
1520439712.805860758 406
1520439712.855862856 487
1520439712.955865860 416
1520439713.005879879 566
1520439713.055298090 288
1520439713.105298996 398
1520439713.155301094 552
1520439713.205302000 565
1520439713.255303860 675
1520439713.305305004 605
1520439713.355307102 510
1520439713.454799652 220
1520439713.504801512 313
1520439713.554802418 334
1520439713.604804516 351
1520439713.704807520 286
1520439713.754808664 357
1520439713.804810524 397
1520439713.854812622 385
1520439713.904637098 353
1520439713.954639196 348
1520439714.004641056 335
1520439714.054642200 332
1520439714.104644060 451
1520439714.154645205 367
1520439714.204647064 336
1520439714.254647970 356
1520439714.304578066 332
1520439714.404581070 255
1520439714.504586220 270
1520439714.604587078 276
1520439714.704533815 225
1520439714.804536819 266
1520439714.904539824 202
1520439715.004542828 335
1520439715.104536057 176
1520439715.154536963 311
1520439715.204539061 241
1520439715.254539967 179
1520439715.354544163 159
1520439715.454546928 191
1520439715.604526281 175
1520439715.704529524 219
1520439715.804532290 232
1520439715.904535294 205
1520439716.004538298 156
1520439716.104541302 182
1520439716.204544306 150
1520439716.304547310 142
1520439716.404535770 134
1520439716.504538536 150
1520439716.604541779 191
1520439716.704545736 210
1520439716.804535866 211
1520439716.904538870 219
1520439717.004541874 213
1520439717.104544878 176
1520439717.204638481 153
1520439717.304641247 148
1520439717.404644251 117
1520439717.554682732 128
1520439717.654686689 127
1520439717.804690599 136
1520439717.954728842 150
1520439718.054731846 162
1520439718.154734850 160
1520439718.254737854 153
1520439718.354740620 165
1520439718.454753399 141
1520439718.554756403 164
1520439718.654760122 184
1520439718.754763365 178
1520439718.854775906 196
1520439718.954778910 227
1520439719.054781914 222
1520439719.154785872 214
1520439719.254797935 189
1520439719.354799986 168
1520439719.454803705 143
1520439719.604785919 160
1520439719.754791021 151
1520439719.904795885 172
1520439720.054788113 162
1520439720.154791117 163
1520439720.254795074 138
1520439720.354798079 126
1520439720.454798222 156
1520439720.604803324 151
1520439720.704806328 196
1520439720.804809570 202
1520439720.954818487 197
1520439721.154824495 179
1520439721.254807472 170
1520439721.354810715 188
1520439721.454813719 156
1520439721.604818583 185
1520439721.704855204 171
1520439721.854860306 160
1520439722.004865170 172
1520439722.104869843 144
1520439722.204872847 149
1520439722.304876089 140
1520439722.404879093 140
1520439722.504907846 125
1520439722.604910851 139
1520439722.704971790 142
1520439722.854925156 147
1520439723.004930019 165
1520439723.104933023 154
1520439723.204936028 159
1520439723.304846287 142
1520439723.454851389 120
1520439723.554854393 135
1520439723.704759359 142
1520439723.854764223 150
1520439723.954766273 154
1520439724.204722881 124
1520439724.304738998 128
1520439724.404729128 120
1520439724.554697752 122
1520439724.654700518 131
1520439724.754703522 149
1520439724.904677391 159
1520439725.004680395 157
1520439725.104683638 135
1520439725.204686642 152
1520439725.304683447 142
1520439725.404686689 130
1520439725.654693604 103
1520439725.754673481 129
1520439725.904678345 152
1520439726.004681587 141
1520439726.104684591 137
1520439726.204720497 132
1520439726.304724455 119
1520439726.404727221 111
1520439726.554780006 100
1520439726.704784870 107
1520439726.804787874 123
1520439726.954821110 132
1520439727.104825020 133
1520439727.204827785 140
1520439727.304831028 136
1520439727.404886484 133
1520439727.504889250 125
1520439727.604892492 135
1520439727.704895496 144
1520439727.804910660 154
1520439727.954915524 158
1520439728.104920626 138
1520439728.204864740 136
1520439728.304867744 110
1520439728.404871702 107
1520439728.554876566 83
1520439728.654812574 73
1520439728.754815817 103
1520439728.854819775 97
1520439728.954822540 80
1520439729.054788828 72
1520439729.154824734 85
1520439729.204792738 93
1520439729.304795742 90
1520439729.404724836 115
1520439729.504728794 154
1520439729.604731798 170
1520439729.654732704 197
1520439729.704735041 207
1520439729.804716587 209
1520439729.854718685 230
1520439729.904719591 239
1520439729.954721451 252
1520439730.054724693 214
1520439730.204729557 204
1520439730.354791641 164
1520439730.454794407 192
1520439730.554797649 178
1520439730.704851866 185
1520439730.804855108 192
1520439730.904858112 192
1520439731.004862070 212
1520439731.104889870 217
1520439731.204892874 200
1520439731.304895639 181
1520439731.404898882 139
1520439731.504922152 134
1520439731.604925156 160
1520439731.754931211 181
1520439731.954967260 153
1520439732.104972363 154
1520439732.204976082 163
1520439732.305040836 148
1520439732.405142784 145
1520439732.505046844 156
1520439732.605049849 184
1520439732.705078363 202
1520439732.855082273 195
1520439733.005087137 228
1520439733.155077934 197
1520439733.255080938 174
1520439733.355083942 144
1520439733.455087900 149
1520439733.605083466 121
1520439733.755088329 146
1520439733.905090809 149
1520439734.055095911 124
1520439734.155098915 64
1520439734.205099821 120
1520439734.305118799 132
1520439734.405121803 145
1520439734.505124807 126
1520439734.605127573 130
1520439734.705130816 110
1520439734.805194378 98
1520439734.955200434 91
1520439735.105204582 68
1520439735.205237865 66
1520439735.305240870 58
1520439735.405243874 75
1520439735.505246639 64
1520439735.605341196 86
1520439735.705336332 70
1520439735.805339336 96
1520439735.905343294 112
1520439736.005418539 99
1520439736.105421543 111
1520439736.205424547 154
1520439736.305427790 125
1520439736.405441046 89
1520439736.505444050 73
1520439736.605448008 75
1520439736.705451012 106
1520439736.805383205 110
1520439736.905385256 153
1520439737.055390120 113
1520439737.155393124 118
1520439737.205245256 90
1520439737.305247307 82
1520439737.405250072 119
1520439737.505254030 123
1520439737.605202198 140
1520439737.705205202 131
1520439737.855210304 114
1520439738.005164862 100
1520439738.105167866 113
1520439738.205170870 111
1520439738.305174828 95
1520439738.405155897 101
1520439738.555160761 82
1520439738.655163765 125
1520439738.755169868 136
1520439738.855208635 128
1520439738.955141544 118
1520439739.105146646 135
1520439739.255156279 144
1520439739.355159044 164
1520439739.505164146 147
1520439739.605168104 154
1520439739.705158949 119
1520439739.805161953 123
1520439739.905164957 178
1520439740.005167961 203
1520439740.105180502 210
1520439740.205184460 212
1520439740.305186510 211
1520439740.405189276 192
1520439740.505213499 121
1520439740.555215359 136
1520439740.605217457 137
1520439740.705220461 145
1520439740.905220747 195
1520439741.005223751 222
1520439741.155228615 251
1520439741.255188227 230
1520439741.355190992 235
1520439741.505196095 177
1520439741.705224037 153
1520439741.855228901 165
1520439742.005232811 155
1520439742.105233669 178
1520439742.205237865 175
1520439742.305240631 174
1520439742.405243635 159
1520439742.505289555 170
1520439742.605292559 174
1520439742.705295324 170
1520439742.855300426 154
1520439743.005317688 170
1520439743.105321646 189
1520439743.205324650 192
1520439743.305347681 169
1520439743.405350685 170
1520439743.605356693 113
1520439743.855404615 82
1520439744.005409479 83
1520439744.155457258 70
1520439744.255461454 107
1520439744.355464458 99
1520439744.505468369 108
1520439744.605520010 124
1520439744.705524206 112
1520439744.805526257 111
1520439744.905529022 105
1520439745.005561352 89
1520439745.105564356 92
1520439745.205567122 75
1520439745.305614233 99
1520439745.405600548 89
1520439745.505604506 78
1520439745.605607510 90
1520439745.855576038 66
1520439746.005579948 86
1520439746.105583191 108
1520439746.205503702 99
1520439746.305506706 100
1520439746.405509710 103
1520439746.505512714 133
1520439746.605426550 133
1520439746.705429554 130
1520439746.855434418 118
1520439747.005423069 135
1520439747.155426979 107
1520439747.255430222 123
1520439747.355432987 125
1520439747.455429792 135
1520439747.555433035 155
1520439747.655435801 153
1520439747.755438805 167
1520439747.955422401 156
1520439748.155428410 133
1520439748.255450010 143
1520439748.355453014 127
1520439748.455456018 132
1520439748.655475378 130
1520439748.805480480 154
1520439748.955484390 164
1520439749.055502415 206
1520439749.205507278 163
1520439749.305510044 174
1520439749.405512094 173
1520439749.505535126 153
1520439749.655539274 146
1520439749.755542278 179
1520439749.855530262 176
1520439750.005535126 184
1520439750.105538368 184
1520439750.205540180 189
1520439750.305502892 186
1520439750.405506134 170
1520439750.505509138 156
1520439750.655460119 149
1520439750.805464029 143
1520439750.955469131 150
1520439751.055472136 166
1520439751.205419064 149
1520439751.305422068 156
1520439751.405424833 153
1520439751.505396128 156
1520439751.605400324 139
1520439751.705403328 143
1520439751.805406094 133
1520439751.905382872 174
1520439752.005385637 170
1520439752.105388880 170
1520439752.255393744 170
1520439752.355423689 166
1520439752.505427599 160
1520439752.605430841 173
1520439752.705460310 190
1520439752.805463076 272
1520439752.905466080 283
1520439753.005469084 283
1520439753.055471182 319
1520439753.105448484 279
1520439753.205451488 287
1520439753.305455685 285
1520439753.405458450 320
1520439753.505461454 321
1520439753.555377960 373
1520439753.605379820 420
1520439753.655380726 415
1520439753.705382824 420
1520439753.755383730 557
1520439753.805385828 537
1520439753.855387926 478
1520439753.905388832 542
1520439753.955289125 520
1520439754.005290031 575
1520439754.055292130 508
1520439754.105293036 515
1520439754.205297232 466
1520439754.355243921 382
1520439754.505248070 464
1520439754.655252934 439
1520439754.755247355 464
1520439754.855250359 435
1520439754.955253601 480
1520439755.055256605 529
1520439755.155231953 484
1520439755.305237055 456
1520439755.405240059 485
1520439755.505243063 527
1520439755.605237722 563
1520439755.705240726 534
1520439755.855245829 516
1520439755.955250025 509
1520439756.055268764 593
1520439756.155272007 587
1520439756.205273867 627
1520439756.255275011 628
1520439756.305275917 666
1520439756.355278730 624
1520439756.405289888 651
1520439756.455291033 585
1520439756.505293131 586
1520439756.555294037 594
1520439756.605319262 620
1520439756.655297041 676
1520439756.705298901 700
1520439756.805320978 625
1520439756.855322123 695
1520439756.905323982 725
1520439756.955324888 702
1520439757.005326986 768
1520439757.105329990 619
1520439757.205347776 684
1520439757.305351019 609
1520439757.405354023 692
1520439757.505357981 720
1520439757.605377674 728
1520439757.905387878 431
1520439758.055401564 530
1520439758.205410480 580
1520439758.455414534 460
1520439758.605419636 535
1520439758.755424500 578
1520439758.855423212 611
1520439758.955426216 551
1520439759.105431318 529
1520439759.205434322 559
1520439759.355443716 593
1520439759.555450678 517
1520439759.755450964 490
1520439759.955455065 494
1520439760.055457592 526
1520439760.205462456 501
1520439760.305465698 548
1520439760.655490398 475
1520439760.805495262 464
1520439761.005493641 448
1520439761.105496883 489
1520439761.305505514 461
1520439761.405505419 477
1520439761.505508423 666
1520439761.555509567 642
1520439761.605511427 622
1520439761.755510807 411
1520439761.955517769 375
1520439762.105538607 398
1520439762.255543470 427
1520439762.455550671 440
1520439762.605543375 417
1520439762.805549383 443
1520439763.005529404 427
1520439763.105532408 503
1520439763.205535412 642
1520439763.355519533 529
1520439763.455523491 565
1520439763.555526733 560
1520439763.655529499 551
1520439763.755545616 549
1520439763.855548620 593
1520439764.055555820 550
1520439764.255557060 504
1520439764.405562162 437
1520439764.755565882 397
1520439764.855568886 487
1520439765.055582047 484
1520439765.305588961 430
1520439765.405590057 481
1520439765.555594921 475
1520439765.755602121 481
1520439766.005606890 421
1520439766.105611086 512
1520439766.255602598 489
1520439766.455608845 409
1520439766.605615616 451
1520439766.755620718 546
1520439766.905624866 522
1520439767.005627155 508
1520439767.155632019 474
1520439767.305637121 565
1520439767.605619669 490
1520439767.855606556 487
1520439767.955609560 576
1520439768.055612326 579
1520439768.305616140 535
1520439768.505622387 544
1520439768.605625391 601
1520439768.805644035 582
1520439768.905647039 626
1520439769.155654430 546
1520439769.555656195 462
1520439769.755662441 554
1520439769.855666161 615
1520439770.005669832 640
1520439770.405681610 486
1520439770.555686712 576
1520439770.755690336 574
1520439771.505702734 406
1520439771.755710602 555
1520439772.105726480 524
1520439772.255731344 574
1520439772.555729389 485
1520439772.705734491 476
1520439772.905744314 567
1520439773.205747366 528
1520439773.305750608 625
1520439773.455755472 618
1520439773.655742884 614
1520439773.755746126 595
1520439773.855749130 611
1520439774.005752802 580
1520439774.205760002 552
1520439774.355760813 558
1520439774.505776167 513
1520439774.605779171 464
1520439774.705782175 495
1520439775.055806875 456
1520439775.205799341 481
1520439775.305802584 477
1520439775.605823994 455
1520439775.755827904 451
1520439775.905833006 459
1520439776.005830050 533
1520439776.205836058 514
1520439776.405841589 487
1520439776.705851793 407
1520439776.805854797 485
1520439776.855865002 509
1520439776.955869198 518
1520439777.105873108 518
1520439777.305903912 463
1520439777.405910969 427
1520439777.505911112 444
1520439777.705909729 394
1520439777.805912733 411
1520439777.905915976 414
1520439778.005918980 402
1520439778.055913210 440
1520439778.105914354 452
1520439778.155916214 435
1520439778.455908298 215
1520439778.605912209 269
1520439778.705916166 348
1520439778.805919170 377
1520439778.905921221 333
1520439779.255931377 257
1520439779.355939627 254
1520439779.705956936 229
1520439779.855961800 234
1520439779.955965042 261
1520439780.205965996 252
1520439780.355970144 241
1520439780.555986166 268
1520439780.755992413 257
1520439780.855995178 286
1520439780.956005096 246
1520439781.106010199 235
1520439781.406019211 175
1520439781.506022215 190
1520439781.756057739 145
1520439781.856060982 151
1520439781.956063747 136
1520439782.106068850 105
1520439782.256112814 108
1520439782.506120920 116
1520439782.806137562 137
1520439782.956167936 141
1520439783.056170702 159
1520439783.206175804 136
1520439783.356249332 107
1520439783.456252337 101
1520439783.606257439 142
1520439783.756261349 125
1520439783.856328726 80
1520439783.956332445 61
1520439784.006333590 56
1520439784.106336594 53
1520439784.206451654 45
1520439784.306454420 42
1520439784.406457663 75
1520439784.506460667 67
1520439784.606683254 41
1520439784.706687212 44
1520439784.806690216 52
1520439784.906693459 48
1520439785.006939650 46
1520439785.106942654 81
1520439785.206946850 86
1520439785.306949615 97
1520439785.406993628 91
1520439785.506996393 91
1520439785.657001734 93
1520439785.707002640 103
1520439785.807005644 85
1520439785.956862211 47
1520439786.106866121 42
1520439786.206870317 63
1520439786.306697845 50
1520439786.456701756 47
1520439786.556704760 48
1520439786.656540632 45
1520439786.756544828 57
1520439786.856546640 59
1520439786.956549644 64
1520439787.056415081 54
1520439787.206419230 47
1520439787.306525946 54
1520439787.406424999 65
1520439787.506293535 49
1520439787.606296301 43
1520439787.706299305 53
1520439787.856161833 52
1520439788.056167841 102
1520439788.206172943 127
1520439788.306077242 64
1520439788.406080246 182
1520439788.506083012 214
1520439788.606086254 211
1520439788.706026554 86
1520439788.806029558 218
1520439788.906075478 306
1520439789.105996609 112
1520439789.306002378 207
1520439789.406005621 219
1520439789.505985737 147
1520439789.605988979 208
1520439789.705991745 225
1520439789.805994749 194
1520439789.955996275 177
1520439790.406007528 144
1520439790.506010294 176
1520439790.656015396 172
1520439790.806016207 154
1520439790.956021309 129
1520439791.156028986 128
1520439791.456038952 126
1520439791.556043863 125
1520439791.706047773 125
1520439791.856051683 126
1520439792.106060982 134
1520439792.206063986 164
1520439792.356071234 150
1520439792.456073999 162
1520439792.656080246 153
1520439792.756079912 148
1520439792.856082916 158
1520439792.956085682 143
1520439793.056089878 131
1520439793.156092882 122
1520439793.206090212 113
1520439793.256091356 139
1520439793.356094122 164
1520439793.506099224 150
1520439793.756111383 146
1520439793.856111288 146
1520439794.006113529 151
1520439794.206119776 147
1520439794.306123495 145
1520439794.406126022 135
1520439794.456126928 155
1520439794.506129265 145
1520439794.556129932 197
1520439794.606132030 228
1520439794.656134129 214
1520439794.706135035 200
1520439794.806143999 173
1520439794.856146097 191
1520439794.906146049 197
1520439794.956149101 204
1520439795.006150246 196
1520439795.056155205 184
1520439795.156154156 239
1520439795.256163359 198
1520439795.456169128 202
1520439795.556172371 188
1520439795.656183481 149
1520439795.706184387 149
1520439795.756186485 233
1520439795.856189489 234
1520439795.956192493 210
1520439796.056193590 178
1520439796.156196594 184
1520439796.356203556 169
1520439796.556207657 159
1520439796.656211615 163
1520439796.806215763 158
1520439797.006221533 145
1520439797.156226635 148
1520439797.256235600 139
1520439797.406239510 145
1520439797.606246471 134
1520439797.706250191 148
1520439797.856255293 166
1520439798.006260157 154
1520439798.156263351 151
1520439798.306267500 154
1520439798.456272364 165
1520439798.606279373 161
1520439798.706282377 159
1520439798.806285620 169
1520439798.956289291 165
1520439799.106294155 168
1520439799.206297159 174
1520439799.356301546 160
1520439799.456305742 161
1520439799.606310606 147
1520439799.706310034 166
1520439799.856314182 170
1520439800.006319046 155
1520439800.156321764 144
1520439800.356328726 158
1520439800.456331730 189
1520439800.606338024 194
1520439800.706341982 195
1520439800.806344986 211
1520439800.956346512 197
1520439801.256356716 181
1520439801.406360626 166
1520439801.556365490 165
1520439801.756374598 173
1520439801.906376362 177
1520439802.056381464 162
1520439802.206386089 163
1520439802.356391191 168
1520439802.456394196 170
1520439802.556397200 176
1520439802.706402302 179
1520439802.806405306 190
1520439802.906409502 181
1520439803.056413889 177
1520439803.156416655 187
1520439803.306421757 198
1520439803.406430006 289
1520439803.506433010 339
1520439803.606436014 311
1520439803.756441116 282
1520439803.906445265 263
1520439804.006448269 252
1520439804.106451511 251
1520439804.206453800 230
1520439804.356458664 220
1520439804.506462812 222
1520439804.656464577 202
1520439804.756468534 219
1520439804.856470585 215
1520439804.956474543 207
1520439805.056481600 197
1520439805.206486464 180
1520439805.356490850 174
1520439805.506498337 164
1520439805.606501341 173
1520439805.756505251 158
1520439805.856509209 169
1520439805.956511974 171
1520439806.056514978 167
1520439806.256520510 165
1520439806.356523514 179
1520439806.506528616 168
1520439806.656531572 165
1520439806.756534338 167
1520439806.856540442 165
1520439807.006541252 156
1520439807.106544495 144
1520439807.256548405 142
1520439807.456555367 150
1520439807.506569386 136
1520439807.606572390 208
1520439807.706575394 202
1520439807.806579351 209
1520439807.906584024 194
1520439808.056589127 175
1520439808.256595135 173
1520439808.406592846 150
1520439808.506615639 153
1520439808.606597662 144
1520439808.706599951 133
1520439808.806602955 129
1520439808.906606197 139
1520439809.056611061 151
1520439809.206614494 131
1520439809.356619596 138
1520439809.456622601 135
1520439809.556631804 131
1520439809.706636906 131
1520439809.856641769 147
1520439809.956649303 140
1520439810.056652308 147
1520439810.156690121 155
1520439810.306660414 166
1520439810.406661987 153
1520439810.556665897 149
1520439810.706670761 157
1520439810.856675148 165
1520439811.056680918 138
1520439811.206682920 119
1520439811.356687784 141
1520439811.456691027 125
1520439811.556696177 119
1520439811.656699181 109
1520439811.756701946 111
1520439811.906707287 103
1520439812.006707430 97
1520439812.106710434 116
1520439812.256715536 118
1520439812.406718016 114
1520439812.556723118 121
1520439812.656726122 175
1520439812.756729126 184
1520439812.906740189 171
1520439813.006744146 196
1520439813.056745291 191
1520439813.156748056 189
1520439813.256755352 198
1520439813.356758595 206
1520439813.456819534 192
1520439813.506763458 199
1520439813.556764364 219
1520439813.656771898 188
1520439813.806776762 182
1520439813.956781864 189
1520439814.056781530 198
1520439814.106782436 205
1520439814.156784296 213
1520439814.256787539 208
1520439814.356790543 200
1520439814.456801176 165
1520439814.556804419 178
1520439814.656807423 207
1520439814.756810427 221
1520439814.856810808 211
1520439815.006815672 261
1520439815.106880665 232
1520439815.206821918 256
1520439815.256824255 253
1520439815.356827497 243
1520439815.456831217 209
1520439815.556834221 200
1520439815.606835365 225
1520439815.706842184 194
1520439815.856847048 195
1520439816.006852150 187
1520439816.106848240 177
1520439816.206851244 164
1520439816.256853342 169
1520439816.306854248 184
1520439816.406858206 171
1520439816.506860733 164
1520439816.606863976 181
1520439816.706866980 186
1520439816.856870890 180
1520439816.956879854 176
1520439817.056883812 202
1520439817.156886816 169
1520439817.256889820 199
1520439817.406891823 175
1520439817.556896925 172
1520439817.706898928 171
1520439817.806901693 206
1520439817.956907034 230
1520439818.056909800 222
1520439818.156911612 223
1520439818.256914616 216
1520439818.356917858 211
1520439818.456920624 212
1520439818.556923151 198
1520439818.656927347 227
1520439818.756930113 220
1520439818.906934023 215
1520439819.056934118 191
1520439819.206939220 184
1520439819.356946707 188
1520439819.456949711 279
1520439819.556952715 277
1520439819.656955719 266
1520439819.756958961 242
1520439819.856961966 221
1520439819.956965208 241
1520439820.106970072 229
1520439820.206968307 213
1520439820.306971312 232
1520439820.406974316 231
1520439820.556977034 217
1520439820.706982136 191
1520439820.906988144 164
1520439821.006994009 169
1520439821.156998873 184
1520439821.357004881 170
1520439821.457007885 177
1520439821.557010889 172
1520439821.707056999 176
1520439821.857018948 169
1520439821.957021952 186
1520439822.107025862 163
1520439822.257027388 190
1520439822.357030392 266
1520439822.457033396 328
1520439822.607035398 223
1520439822.707038403 223
1520439822.857043505 192
1520439823.057047844 197
1520439823.257054806 190
1520439823.407058716 195
1520439823.507064581 217
1520439823.657069683 238
1520439823.807074547 199
1520439824.057082415 166
1520439824.257087469 149
1520439824.357090473 178
1520439824.457093716 209
1520439824.557097435 217
1520439824.707103729 175
1520439824.807106733 181
1520439824.907109737 205
1520439825.007112741 211
1520439825.157111883 139
1520439825.307115793 143
1520439825.357117653 167
1520439825.457112312 131
1520439825.557115316 167
1520439825.707120419 245
1520439825.807123184 231
1520439826.007126570 199
1520439826.207132339 249
1520439826.357146978 135
1520439826.457150936 219
1520439826.557152987 209
1520439826.657156944 245
1520439826.757170439 169
1520439826.857173443 176
1520439826.957176685 225
1520439827.107178450 238
1520439827.257182360 239
1520439827.407187462 232
1520439827.507188797 218
1520439827.607191801 193
1520439827.707195759 157
1520439827.807198763 185
1520439827.907198906 230
1520439828.007201910 255
1520439828.207207918 240
1520439828.307207108 317
1520439828.457212210 313
1520439828.607216120 266
1520439828.707220316 288
1520439828.857225657 224
1520439829.007230759 169
1520439829.157235622 186
1520439829.257238865 225
1520439829.407243729 224
1520439829.507246494 202
1520439829.557253838 192
1520439829.607256174 306
1520439829.707257748 321
1520439829.857262850 290
1520439829.957260132 216
1520439830.107264042 201
1520439830.257268906 213
1520439830.407275677 208
1520439830.507278681 222
1520439830.607281685 248
1520439830.707284689 285
1520439830.857294798 214
1520439830.957297802 472
1520439831.107302904 344
1520439831.257303476 207
1520439831.407307863 260
1520439831.507310629 256
1520439831.607320309 187
1520439831.707322359 230
1520439831.857327461 223
1520439832.007331371 211
1520439832.107334137 202
1520439832.207337141 210
1520439832.307340384 253
1520439832.407345057 222
1520439832.557350159 204
1520439832.657353163 216
1520439832.757357121 202
1520439832.857364655 187
1520439832.957367659 184
1520439833.107371807 170
1520439833.307376623 162
1520439833.457380533 166
1520439833.557383776 150
1520439833.657388449 139
1520439833.757391691 195
1520439833.957398415 169
1520439834.107396126 118
1520439834.257400990 101
1520439834.407406092 206
1520439834.507409573 205
1520439834.607413769 236
1520439834.707415581 230
1520439834.807419538 213
1520439834.957420588 199
1520439835.057423592 261
1520439835.207428694 241
1520439835.407434225 224
1520439835.507436991 184
1520439835.657442093 238
1520439835.807445049 177
1520439835.957448959 212
1520439836.107455492 155
1520439836.207458496 148
1520439836.357462645 260
1520439836.557472229 183
1520439836.707489252 207
1520439836.857477188 159
1520439837.057484865 149
1520439837.207488775 172
1520439837.357496023 215
1520439837.457498789 176
1520439837.607503891 129
1520439837.707507610 229
1520439837.807508707 207
1520439837.957512617 158
1520439838.107517719 87
1520439838.207522869 100
1520439838.307525635 138
1520439838.457529545 144
1520439838.607532978 172
1520439838.757538080 172
1520439838.957542419 154
1520439839.107547283 152
1520439839.307553291 161
1520439839.457562923 153
1520439839.607567787 285
1520439839.707570791 309
1520439839.807574987 292
1520439839.957578897 135
1520439840.107653856 395
1520439840.257588387 250
1520439840.407592535 183
1520439840.557597399 220
1520439840.657603979 409
1520439840.757607222 491
1520439840.907612085 358
1520439841.007617712 369
1520439841.107621908 436
1520439841.207624674 458
1520439841.307627678 439
1520439841.407631397 441
1520439841.507635117 449
1520439841.607638359 470
1520439841.757642269 351
1520439841.907639503 325
1520439842.057644606 469
1520439842.257651091 462
1520439842.407656193 488
1520439842.507658958 527
1520439842.657667398 457
1520439842.757670403 516
1520439842.857673407 415
1520439843.007678509 373
1520439843.107683182 426
1520439843.307689190 418
1520439843.407691956 479
1520439843.507800341 350
1520439843.607701302 450
1520439843.807707310 301
1520439843.907703876 259
1520439844.057708025 256
1520439844.207713127 361
1520439844.357720852 306
1520439844.507725716 241
1520439844.657728672 422
1520439844.807733774 438
1520439844.907737970 435
1520439845.107742786 321
1520439845.207745552 448
1520439845.407751799 372
1520439845.557758808 248
1520439845.707763672 348
1520439845.807766676 499
1520439845.907774925 433
1520439846.107780933 332
1520439846.257786989 366
1520439846.357788563 388
1520439846.457791567 357
1520439846.557794571 334
1520439846.707792044 278
1520439846.807795286 360
1520439846.907798290 332
1520439847.007802010 234
1520439847.157808542 259
1520439847.257811546 344
1520439847.407816410 317
1520439847.557824850 348
1520439847.707829714 392
1520439847.857833624 381
1520439848.007836580 268
1520439848.157841682 365
1520439848.257844687 336
1520439848.357849836 286
1520439848.507854939 297
1520439848.607959747 329
1520439848.757856369 264
1520439848.857859373 347
1520439848.957862377 335
1520439849.107867479 303
1520439849.207871675 272
1520439849.357876778 353
1520439849.507881641 352
1520439849.557878017 282
1520439849.707883120 281
1520439849.807887077 319
1520439850.007894754 300
1520439850.207901716 228
1520439850.357905626 333
1520439850.507914305 246
1520439850.607917309 273
1520439850.807922125 306
1520439850.907924891 382
1520439851.007928133 389
1520439851.107932091 332
1520439851.257937670 345
1520439851.507946491 289
1520439851.657953978 213
1520439851.757957220 159
1520439851.907962084 265
1520439852.008033991 287
1520439852.157968044 212
1520439852.307973146 578
1520439852.507978439 376
1520439852.607981682 487
1520439852.757986546 499
1520439852.857993364 548
1520439852.957996607 606
1520439853.108002663 491
1520439853.258000135 399
1520439853.358003139 559
1520439853.458005905 570
1520439853.608011007 468
1520439853.758011341 421
1520439853.908016443 537
1520439854.008019209 432
1520439854.108017206 458
1520439854.208020210 498
1520439854.358025312 535
1520439854.508038759 401
1520439854.708044529 431
1520439854.858049631 500
1520439855.008055210 481
1520439855.158059359 435
1520439855.308061600 436
1520439855.458066702 521
1520439855.608070850 486
1520439855.708075047 510
1520439855.858079910 518
1520439855.958083153 543
1520439856.108085394 399
1520439856.208088636 453
1520439856.358093500 532
1520439856.508101702 402
1520439856.658106565 340
1520439856.908114672 435
1520439857.008116245 440
1520439857.108119249 448
1520439857.258124352 376
1520439857.458128929 355
1520439857.558131933 404
1520439857.708137035 316
1520439857.858142614 373
1520439857.958145857 417
1520439858.058148623 401
1520439858.158150911 357
1520439858.258155107 372
1520439858.408159018 390
1520439858.558170319 303
1520439858.708174706 296
1520439858.858259439 301
1520439859.008189440 292
1520439859.108192444 331
1520439859.208195210 394
1520439859.358199358 333
1520439859.458199739 352
1520439859.658205748 463
1520439859.758208752 347
1520439859.858204365 237
1520439860.008209467 373
1520439860.108213186 376
1520439860.208225727 392
1520439860.358230829 324
1520439860.458233833 407
1520439860.558256865 485
1520439860.658247709 299
1520439860.758250475 486
1520439860.858253479 525
1520439860.958256721 425
1520439861.058257818 355
1520439861.108258963 480
1520439861.208261967 518
1520439861.358266830 299
1520439861.458257675 357
1520439861.608262539 373
1520439861.758267641 362
1520439861.858264208 342
1520439861.958267450 477
1520439862.058270216 416
1520439862.158273220 387
1520439862.258285999 338
1520439862.408291101 366
1520439862.508294106 399
1520439862.658297777 339
1520439862.808301926 294
1520439862.958306789 375
1520439863.058310747 443
1520439863.158313751 459
1520439863.258316755 421
1520439863.358320713 436
1520439863.458325148 412
1520439863.558328390 364
1520439863.708333254 318
1520439863.808336020 328
1520439863.908339500 255
1520439864.008342266 522
1520439864.108345270 499
1520439864.208348513 486
1520439864.308349371 369
1520439864.408352375 566
1520439864.508355379 430
1520439864.658360243 274
1520439864.808363199 273
1520439864.958367348 484
1520439865.058371305 399
1520439865.158372402 371
1520439865.258374453 498
1520439865.358377457 432
1520439865.458380222 361
1520439865.558378458 356
1520439865.658380508 437
1520439865.758409739 355
1520439865.858387709 292
1520439866.008387804 221
1520439866.108390808 411
1520439866.208394051 331
1520439866.308400631 568
1520439866.458401442 287
1520439866.558404446 443
1520439866.658408403 506
1520439866.808407784 305
1520439866.958411932 377
1520439867.008414030 432
1520439867.108417034 552
1520439867.258417368 373
1520439867.358420372 454
1520439867.458423615 518
1520439867.558425426 514
1520439867.658428431 454
1520439867.758431196 448
1520439867.858434200 430
1520439868.008437395 490
1520439868.108440638 503
1520439868.208443642 441
1520439868.308446646 442
1520439868.508449554 296
1520439868.708455563 281
1520439868.858457804 282
1520439868.958461761 278
1520439869.058464766 439
1520439869.158467770 412
1520439869.208477259 389
1520439869.258532047 292
1520439869.358481169 455
1520439869.508486032 347
1520439869.658491850 439
1520439869.808496952 391
1520439869.958501816 395
1520439870.058508635 497
1520439870.158511400 467
1520439870.258514404 310
1520439870.358518600 282
1520439870.458513498 238
1520439870.558515549 366
1520439870.708520412 208
1520439870.858523607 196
1520439871.008579493 272
1520439871.108531475 291
1520439871.208534479 278
1520439871.308541775 266
1520439871.458546638 226
1520439871.558549643 227
1520439871.658547401 163
1520439871.808552504 198
1520439871.958556414 263
1520439872.058557034 268
1520439872.108558178 238
1520439872.158560038 277
1520439872.258563042 326
1520439872.408568144 290
1520439872.508569717 286
1520439872.608571291 314
1520439872.708575487 296
1520439872.858577251 265
1520439872.958580256 223
1520439873.058583975 225
1520439873.108585119 269
1520439873.208588362 191
1520439873.358595133 154
1520439873.458598137 167
1520439873.558601141 147
1520439873.708601713 131
1520439873.808604717 139
1520439873.958609581 167
1520439874.058612823 200
1520439874.158614874 251
1520439874.258618832 311
1520439874.358620882 313
1520439874.508620501 216
1520439874.658625603 320
1520439874.808629513 341
1520439874.908635139 339
1520439875.008639336 340
1520439875.158643246 384
1520439875.258646250 305
1520439875.358654022 216
1520439875.508658886 248
1520439875.658663988 358
1520439875.808665037 273
1520439875.958669424 384
1520439876.108673811 434
1520439876.208678246 293
1520439876.308773279 266
1520439876.458686113 330
1520439876.608688831 399
1520439876.708692789 328
1520439876.808695793 355
1520439876.908698797 308
1520439877.008701801 324
1520439877.208707571 313
1520439877.308711767 330
1520439877.408715963 289
1520439877.508718729 267
1520439877.608721972 332
1520439877.708724976 460
1520439877.858723640 222
1520439878.008728504 232
1520439878.158733845 244
1520439878.308738708 376
1520439878.408741951 362
1520439878.558745861 300
1520439878.708752394 207
1520439878.858757257 287
1520439879.008759975 221
1520439879.158766031 230
1520439879.308771133 342
1520439879.408775091 200
1520439879.508776903 177
1520439879.608781099 227
1520439879.708783150 242
1520439879.808783054 299
1520439879.908787251 287
1520439880.108793020 247
1520439880.258793354 144
1520439880.358796358 356
1520439880.458799362 235
1520439880.558802366 170
1520439880.658802986 161
1520439880.758805990 181
1520439880.908811092 218
1520439881.058807135 151
1520439881.308814049 245
1520439881.458816290 172
1520439881.508818150 170
1520439881.558819294 162
1520439881.608829260 201
1520439881.708824396 194
1520439881.808827162 213
1520439881.958829403 152
1520439882.258839607 164
1520439882.408844471 129
1520439882.508847713 127
1520439882.658854485 148
1520439882.808858395 206
1520439883.158870935 106
1520439883.308876038 166
1520439883.508882761 209
1520439883.658887625 239
1520439883.808891535 185
1520439884.158901215 118
1520439884.258905172 171
1520439884.408912182 164
1520439884.608919144 188
1520439884.808921814 203
1520439884.958926916 204
1520439885.158933163 160
1520439885.258936405 183
1520439885.508941174 206
1520439885.608944178 217
1520439886.108960152 157
1520439886.258964300 141
1520439886.458971500 148
1520439886.608976364 172
1520439886.758979082 226
1520439886.908982992 237
1520439887.108990192 212
1520439887.308999062 130
1520439887.609009504 165
1520439887.859017134 177
1520439888.109025717 149
1520439888.309031963 185
1520439888.409035206 183
1520439888.609041214 171
1520439888.909046173 169
1520439889.309058189 231
1520439889.509065151 250
1520439889.609069347 236
1520439889.709072351 281
1520439890.059082747 206
1520439890.309090853 193
1520439890.509096384 216
1520439890.659101486 243
1520439890.909106493 250
1520439891.309119463 181
1520439891.409122229 242
1520439891.659132481 224
1520439891.759135485 297
1520439891.959140539 259
1520439892.109143734 198
1520439892.359172821 206
1520439892.659160614 217
1520439892.809165478 272
1520439893.009171009 256
1520439893.359183550 222
1520439893.759197474 110
1520439894.109207153 126
1520439894.309212923 170
1520439894.509219885 120
1520439894.659224749 119
1520439894.759227991 117
1520439894.959234238 111
1520439895.109239340 109
1520439895.409249544 77
1520439895.709259510 86
1520439895.809264421 196
1520439895.959292412 234
1520439896.109273434 314
1520439896.209276199 314
1520439896.409282207 259
1520439896.609286308 215
1520439896.809293509 226
1520439897.059301376 230
1520439897.359313011 125
1520439897.509316921 97
1520439897.659320831 128
1520439897.809324980 223
1520439897.959330082 216
1520439898.059332848 266
1520439898.259342194 186
1520439898.359345198 210
1520439898.459348202 209
1520439898.559350967 214
1520439898.759356976 220
1520439898.859359741 208
1520439899.009363413 210
1520439899.159367323 257
1520439899.309372425 217
1520439899.509379387 156
1520439899.709385157 152
1520439899.859390259 145
1520439900.059396029 112
1520439900.259402514 123
1520439900.409406662 153
1520439900.659414291 124
1520439900.859421492 117
1520439901.109428167 139
1520439901.559442520 70
1520439901.909455061 69
1520439902.159463167 62
1520439902.509474754 91
1520439902.609478951 93
1520439902.759484768 93
1520439902.909489632 102
1520439903.159507275 76
1520439903.409504175 69
1520439903.559513330 125
1520439903.659516335 207
1520439903.809520483 260
1520439903.909523964 280
1520439904.059527874 232
1520439904.159531116 238
1520439904.359542370 144
1520439904.559549332 146
1520439904.659551382 137
1520439904.859562159 95
1520439905.109569311 156
1520439905.259569883 134
1520439905.459575891 198
1520439905.609584570 154
1520439905.809590578 181
1520439905.909593582 241
1520439906.009596348 234
1520439906.159601450 202
1520439906.309605360 131
1520439906.409611464 164
1520439906.559616566 181
1520439906.709620476 149
1520439906.959626675 139
1520439907.109631777 139
1520439907.409642458 88
1520439907.559647560 184
1520439907.659656286 87
1520439907.759659290 141
1520439907.959666252 167
1520439908.109668016 197
1520439908.259673119 221
1520439908.509681463 156
1520439908.659686327 122
1520439908.859693766 112
1520439908.959697008 168
1520439909.059700727 236
1520439909.209702730 171
1520439909.409709454 187
1520439909.559713602 143
1520439909.709720612 163
1520439909.859725475 172
1520439910.059736729 107
1520439910.259742975 104
1520439910.459748030 125
1520439910.659755230 100
1520439910.759757996 121
1520439910.959763288 161
1520439911.159769297 167
1520439911.509784937 166
1520439911.709794521 174
1520439911.909800529 185
1520439912.009803534 237
1520439912.209827185 162
1520439912.409814119 209
1520439912.609818697 216
1520439912.759823561 238
1520439912.909825563 253
1520439913.009828568 223
1520439913.109831333 261
1520439913.259836435 248
1520439913.609843731 198
1520439913.759856701 190
1520439914.059865713 235
1520439914.259868383 230
1520439914.459874392 189
1520439914.559880495 170
1520439914.809888601 209
1520439914.909892321 159
1520439915.009896040 231
1520439915.109899044 239
1520439915.259903908 206
1520439915.359899998 249
1520439915.609907866 135
1520439915.759914637 145
1520439916.059923649 132
1520439916.209928513 170
1520439916.409934521 205
1520439916.559938192 224
1520439916.659941196 200
1520439916.759944201 215
1520439916.909949303 224
1520439917.159955502 161
1520439917.359961271 148
1520439917.509967804 169
1520439917.659993887 196
1520439917.809976816 227
1520439917.959981918 165
1520439918.109985828 171
1520439918.259990454 188
1520439918.660004854 115
1520439918.760007620 157
1520439918.910012722 116
1520439919.110017776 106
1520439919.260021687 103
1520439919.410026312 149
1520439919.560031176 184
1520439919.660033941 200
1520439919.760037184 232
1520439919.910043716 209
1520439920.060047626 183
1520439920.160050631 252
1520439920.310054541 219
1520439920.410057545 233
1520439920.610064745 198
1520439920.710070133 122
1520439920.860074997 126
1520439921.260084629 132
1520439921.360087872 193
1520439921.510094643 176
1520439921.760101557 197
1520439921.860107422 193
1520439921.960110426 160
1520439922.110114336 169
1520439922.210117340 204
1520439922.360120296 146
1520439922.510125399 202
1520439922.610128164 197
1520439922.760135174 182
1520439922.910141230 126
1520439923.110142708 169
1520439923.260146618 197
1520439923.360149860 191
1520439923.510154247 200
1520439923.710160017 152
1520439923.810164213 122
1520439924.060173035 117
1520439924.160177231 191
1520439924.260179996 193
1520439924.360182285 193
1520439924.460185289 181
1520439924.810191154 106
1520439924.960276127 139
1520439925.260207415 120
1520439925.460213184 112
1520439925.660219669 94
1520439925.760223389 162
1520439925.860226631 197
1520439925.960230589 211
1520439926.110235691 203
1520439926.210238695 302
1520439926.360239029 209
1520439926.510244131 219
1520439926.660248995 244
1520439926.760272503 312
1520439926.910259247 283
1520439927.060264111 189
1520439927.210265398 252
1520439927.360269308 237
1520439927.510274410 227
1520439927.710279942 255
1520439927.860285044 172
1520439928.210295916 188
1520439928.360300779 138
1520439928.560305119 93
1520439928.810317755 125
1520439928.910320759 122
1520439929.060325861 131
1520439929.210329056 136
1520439929.410335064 93
1520439929.660341501 112
1520439929.760344267 189
1520439929.910349369 196
1520439930.110352993 197
1520439930.260356903 198
1520439930.410377979 161
1520439930.510362148 180
1520439930.760370016 181
1520439931.010379076 130
1520439931.160383940 133
1520439931.260385513 247
1520439931.410390615 224
1520439931.610397339 156
1520439931.760402918 191
1520439931.910406828 230
1520439932.060411930 241
1520439932.160413742 286
1520439932.260492563 268
1520439932.410420418 266
1520439932.510423183 194
1520439932.610427380 214
1520439932.760431290 218
1520439932.910439730 181
1520439933.010442495 218
1520439933.160447598 249
1520439933.360453367 227
1520439933.510458469 209
1520439933.660462379 235
1520439933.810466290 176
1520439933.910468340 226
1520439934.110471010 217
1520439934.260475874 228
1520439934.510483742 195
1520439934.760490656 163
1520439934.910495758 149
1520439935.110504627 156
1520439935.310510635 287
1520439935.560520411 283
1520439935.810532093 250
1520439935.960531235 234
1520439936.110536098 234
1520439936.210539579 237
1520439936.410545588 247
1520439936.560549736 224
1520439936.710554600 273
1520439936.860558510 281
1520439937.060564280 269
1520439937.210569143 254
1520439937.410573244 291
1520439937.610580444 265
1520439937.760682583 344
1520439937.910590410 289
1520439938.060595512 302
1520439938.260601759 233
1520439938.410606861 201
1520439938.560610771 156
1520439938.710617304 210
1520439938.860622406 215
1520439939.010626554 197
1520439939.160631657 192
1520439939.410638571 165
1520439939.560644150 174
1520439939.860653400 110
1520439940.010658264 149
1520439940.110661268 122
1520439940.260664463 222
1520439940.560673475 206
1520439940.760680199 205
1520439940.910684109 197
1520439941.110691547 132
1520439941.260696650 144
1520439941.460702419 139
1520439941.610707760 159
1520439941.760711670 144
1520439941.910715580 143
1520439942.060720682 193
1520439942.160723686 240
1520439942.310726166 156
1520439942.460731030 155
1520439942.760745287 125
1520439942.910749197 149
1520439943.110756159 163
1520439943.260833025 125
1520439943.460767031 141
1520439943.560770512 195
1520439943.710774422 176
1520439943.910779238 128
1520439944.210788012 117
1520439944.360791206 119
1520439944.610799313 152
1520439944.760810852 130
1520439944.860810757 167
1520439944.960812807 200
1520439945.210817337 135
1520439945.410824537 136
1520439945.610832214 168
1520439945.810838223 173
1520439946.010846615 163
1520439946.110848427 184
1520439946.210852623 234
1520439946.560862780 166
1520439946.810870171 169
1520439947.010876417 114
1520439947.310884237 119
1520439947.710899115 73
1520439947.860904217 80
1520439948.110913754 73
1520439948.260918856 108
1520439948.660930872 60
1520439948.811031818 103
1520439949.010942698 158
1520439949.210948944 217
1520439949.360953093 141
1520439949.560959339 172
1520439949.810972214 74
1520439950.110980511 33
1520439950.210983753 161
1520439950.310990572 165
1520439950.410989523 173
1520439950.560998678 120
1520439950.661090851 159
1520439950.761004686 174
1520439950.861009359 141
1520439951.011014462 95
1520439951.161018372 84
1520439951.261021852 102
1520439951.411026955 97
1520439951.561031818 87
1520439951.661035061 84
1520439951.711041212 102
1520439951.861045361 97
1520439952.011050224 116
1520439952.111051798 107
1520439952.311058760 93
1520439952.461062908 93
1520439952.711070299 77
1520439952.861074209 99
1520439952.961073399 103
1520439953.061077595 104
1520439953.211081505 128
1520439953.411083221 86
1520439953.561089277 192
1520439953.761093855 183
1520439953.911098957 196
1520439954.061102867 183
1520439954.411113262 181
1520439954.611118555 124
1520439954.911127567 89
1520439955.111135721 102
1520439955.211138725 118
1520439955.361142159 131
1520439955.561149120 120
1520439955.661152363 126
1520439955.811157465 121
1520439955.961161375 131
1520439956.111166477 133
1520439956.211214781 80
1520439956.361168861 159
1520439956.511172771 208
1520439956.661178589 157
1520439956.761181593 232
1520439956.961187601 171
1520439957.111194611 136
1520439957.261199713 135
1520439957.461207628 118
1520439957.561210632 131
1520439957.711214542 128
1520439957.811219215 195
1520439957.961224079 219
1520439958.161230326 175
1520439958.261231184 132
1520439958.411236048 99
1520439958.561239958 102
1520439958.761251211 75
1520439958.911256313 155
1520439959.061260939 144
1520439959.211266756 147
1520439959.411273003 84
1520439959.611276150 152
1520439959.761280060 120
1520439959.911297321 152
1520439960.161293030 85
1520439960.261298656 104
1520439960.361301661 166
1520439960.461304903 181
1520439960.611308813 132
1520439960.811319828 89
1520439960.961323738 89
1520439961.161328316 135
1520439961.261331558 180
1520439961.411340237 123
1520439961.561342239 105
1520439961.711347103 145
1520439961.861352205 121
1520439961.961354494 102
1520439962.161360741 105
1520439962.311365843 108
1520439962.461369753 80
1520439962.711382627 88
1520439962.911389351 126
1520439963.061394453 122
1520439963.211399078 102
1520439963.361404181 134
1520439963.661409378 98
1520439963.811414242 154
1520439963.961420298 151
1520439964.111425161 176
1520439964.361431837 168
1520439964.711442947 119
1520439964.861444950 136
1520439965.011450768 167
1520439965.161454439 191
1520439965.261456490 174
1520439965.611467361 109
1520439965.761471272 145
1520439965.861475229 163
1520439965.961478472 166
1520439966.111482143 161
1520439966.261487007 168
1520439966.461494207 175
1520439966.711502314 151
1520439966.811504602 163
1520439966.961508512 159
1520439967.111513615 190
1520439967.311520100 200
1520439967.461524963 119
1520439967.761537790 94
1520439967.911542892 146
1520439968.061546803 135
1520439968.161550760 176
1520439968.261553764 208
1520439968.461556196 120
1520439968.611561298 110
1520439968.861564636 114
1520439969.011569738 109
1520439969.261581421 84
1520439969.411585569 54
1520439969.561590433 60
1520439969.711593390 99
1520439969.911599398 96
1520439970.011602402 129
1520439970.211609840 104
1520439970.311612844 106
1520439970.511619568 107
1520439970.611622572 121
1520439970.811628580 103
1520439970.911630630 126
1520439971.011633396 123
1520439971.161637545 96
1520439971.311640739 105
1520439971.411643982 109
1520439971.511646748 104
1520439971.661651611 100
1520439971.811653852 101
1520439971.961658955 104
1520439972.311667681 84
1520439972.511674643 85
1520439972.711680412 91
1520439972.961688042 94
1520439973.111693144 119
1520439973.311698914 116
1520439973.561706066 144
1520439973.761710405 116
1520439974.011719465 99
1520439974.161723137 75
1520439974.311728239 156
1520439974.411731243 184
1520439974.561735868 175
1520439974.661739826 151
1520439974.761742830 135
1520439975.011747599 172
1520439975.161751509 273
1520439975.261754513 276
1520439975.511762619 183
1520439975.711769819 174
1520439975.961775780 123
1520439976.111779928 321
1520439976.211785316 300
1520439976.311788321 343
1520439976.411791325 252
1520439976.611795664 146
1520439976.711799622 158
1520439976.911805630 155
1520439977.061806679 92
1520439977.261812449 139
1520439977.411822319 161
1520439977.761833191 230
1520439977.911834955 155
1520439978.061839819 165
1520439978.211844206 159
1520439978.361849070 175
1520439978.461853266 210
1520439978.611857176 181
1520439978.761862993 185
1520439978.911866903 198
1520439979.061868191 138
1520439979.461882353 96
1520439979.561885357 112
1520439979.661888361 108
1520439979.811893225 127
1520439979.961895466 141
1520439980.161901236 119
1520439980.361907959 101
1520439980.461910963 107
1520439980.611915112 117
1520439980.761920452 99
1520439981.061930418 97
1520439981.211934090 103
1520439981.361939192 99
1520439981.511945248 130
1520439981.661949158 155
1520439981.811954260 153
1520439982.011960030 131
1520439982.211966038 129
1520439982.361971617 159
1520439982.461974859 143
1520439982.561977625 141
1520439982.711983681 149
1520439982.811986685 133
1520439982.911989689 135
1520439983.061994791 122
1520439983.162002802 109
1520439983.312007666 238
1520439983.412010431 258
1520439983.512013674 215
1520439983.562026262 159
1520439983.662028074 189
1520439983.762032032 171
1520439983.862036228 144
1520439983.962049723 139
1520439984.062053919 174
1520439984.212056875 238
1520439984.312059641 301
1520439984.412071943 213
1520439984.512074947 253
1520439984.612079144 250
1520439984.712081909 265
1520439984.812095404 180
1520439984.912098408 177
1520439985.062103271 202
1520439985.162130117 159
1520439985.312134027 202
1520439985.412137032 265
1520439985.512142181 278
1520439985.612154961 203
1520439985.712157965 199
1520439985.812160969 193
1520439985.912163734 253
1520439986.012181044 217
1520439986.112184048 227
1520439986.212188244 250
1520439986.312191010 269
1520439986.412204504 222
1520439986.512207508 229
1520439986.612210751 258
1520439986.712213516 222
1520439986.812222958 253
1520439986.912225962 307
1520439987.012229204 340
1520439987.112233162 324
1520439987.212257862 294
1520439987.312260866 321
1520439987.412263870 335
1520439987.512266636 260
1520439987.612271309 336
1520439987.712278366 315
1520439987.862279415 245
1520439987.962282181 245
1520439988.062289715 220
1520439988.162292719 269
1520439988.262296915 278
1520439988.362299681 303
1520439988.462302685 304
1520439988.562305450 365
1520439988.662308693 294
1520439988.762311697 247
1520439988.862314463 248
1520439988.962318420 232
1520439989.112322569 193
1520439989.212325335 194
1520439989.262351274 296
1520439989.362355471 338
1520439989.462357521 342
1520439989.562360525 384
1520439989.662357569 350
1520439989.712362528 438
1520439989.812385559 397
1520439989.912365675 360
1520439990.012368679 383
1520439990.112377882 369
1520439990.212380886 342
1520439990.312385082 312
1520439990.412387848 294
1520439990.512414694 299
1520439990.612417698 313
1520439990.712420940 267
1520439990.812423706 263
1520439990.912428617 240
1520439991.012431622 236
1520439991.112434626 223
1520439991.212437868 225
1520439991.312445402 221
1520439991.412448406 191
1520439991.562454462 180
1520439991.662456274 205
1520439991.762451887 216
1520439991.862455130 222
1520439991.962457895 227
1520439992.062460899 233
1520439992.162468195 220
1520439992.262472153 226
1520439992.362474918 212
1520439992.462478161 224
1520439992.562470913 227
1520439992.662473917 269
1520439992.762477160 257
1520439992.862480879 242
1520439992.962468624 249
1520439993.062471628 249
1520439993.162474871 257
1520439993.262477636 271
1520439993.362477064 256
1520439993.512482166 268
1520439993.612573862 286
1520439993.712488174 275
1520439993.812487364 272
1520439993.962492466 265
1520439994.062495232 303
1520439994.162496567 320
1520439994.262499571 338
1520439994.362502575 330
1520439994.512507677 270
1520439994.612510204 342
1520439994.762516260 274
1520439994.862518311 269
1520439995.012525320 283
1520439995.162530422 334
1520439995.262534380 309
1520439995.362545729 270
1520439995.462549448 296
1520439995.562552691 335
1520439995.662555695 344
1520439995.762558699 353
1520439995.812543392 295
1520439995.912547588 328
1520439996.062551498 311
1520439996.212567806 211
1520439996.312570810 187
1520439996.412574053 224
1520439996.512577057 236
1520439996.612582922 219
1520439996.712585926 231
1520439996.862591028 244
1520439996.962597132 288
1520439997.062592030 258
1520439997.162598848 270
1520439997.262598038 261
1520439997.362612963 286
1520439997.512609005 297
1520439997.612612009 304
1520439997.712615252 312
1520439997.812618017 320
1520439997.862627506 290
1520439997.962630510 301
1520439998.062633514 274
1520439998.162636518 239
1520439998.262643814 240
1520439998.362646580 244
1520439998.512651443 235
1520439998.612654686 255
1520439998.712658405 285
1520439998.812661409 285
1520439998.912664413 317
1520439999.012667418 279
1520439999.112667561 311
1520439999.212670565 330
1520439999.362674475 263
1520439999.462689161 334
1520439999.612693310 274
1520439999.762698174 319
1520439999.862708807 322
1520439999.962711811 316
1520440000.112716913 299
1520440000.262721777 291
1520440000.362742424 299
1520440000.512747526 298
1520440000.662751436 233
1520440000.812757015 261
1520440000.912760019 256
1520440001.012764931 267
1520440001.112781286 280
1520440001.212784052 278
1520440001.312787294 287
1520440001.412790298 272
1520440001.512796640 238
1520440001.612799644 240
1520440001.762803793 174
1520440001.912814140 175
1520440002.062819004 167
1520440002.162821770 160
1520440002.312841415 137
1520440002.412844658 185
1520440002.512847424 213
1520440002.612850428 208
1520440002.712851286 205
1520440002.862856865 162
1520440002.962860107 162
1520440003.062949181 187
1520440003.162862301 191
1520440003.312867403 165
1520440003.412870169 204
1520440003.512873173 221
1520440003.562886000 234
1520440003.662889004 233
1520440003.762892008 214
1520440003.862894773 223
1520440003.962894440 240
1520440004.062897444 259
1520440004.162901163 242
1520440004.262904406 270
1520440004.362914324 224
1520440004.462918043 226
1520440004.562925339 262
1520440004.662923336 266
1520440004.762933254 262
1520440004.862936974 263
1520440004.962939024 224
1520440005.062943220 265
1520440005.162945986 271
1520440005.262953520 256
1520440005.412957430 213
1520440005.512961626 252
1520440005.612967730 253
1520440005.712970734 291
1520440005.812973499 265
1520440005.912976742 236
1520440006.012983799 243
1520440006.112986565 248
1520440006.212989807 247
1520440006.312992811 240
1520440006.412995100 245
1520440006.462996960 253
1520440006.562999964 257
1520440006.663003206 235
1520440006.763005972 256
1520440006.863005638 243
1520440006.913006544 259
1520440007.013010740 286
1520440007.113013506 271
1520440007.213003874 253
1520440007.363007784 245
1520440007.463011742 236
1520440007.563014984 273
1520440007.663011312 284
1520440007.813015461 264
1520440007.913019419 238
1520440008.013022423 241
1520440008.113030434 281
1520440008.263034582 240
1520440008.363037348 250
1520440008.513043165 245
1520440008.613045216 252
1520440008.763050318 234
1520440008.863059282 206
1520440008.963062286 233
1520440009.063066483 255
1520440009.163069487 232
1520440009.313077927 219
1520440009.413080931 226
1520440009.513084888 240
1520440009.613087893 266
1520440009.763092995 254
1520440009.863097191 278
1520440010.013102055 264
1520440010.113106012 243
1520440010.263109922 234
1520440010.413114786 201
1520440010.563134432 210
1520440010.663137436 231
1520440010.763140678 236
1520440010.913160563 222
1520440011.013164520 235
1520440011.163168430 256
1520440011.263171673 266
1520440011.363168478 245
1520440011.463172436 268
1520440011.563175440 282
1520440011.663178444 278
1520440011.813204527 282
1520440011.963208437 243
1520440012.063212633 292
1520440012.163209200 302
1520440012.263211966 302
1520440012.413216352 269
1520440012.563229084 260
1520440012.663232327 293
1520440012.763235092 312
1520440012.913239956 269
1520440013.063255548 231
1520440013.163258553 306
1520440013.263261795 325
1520440013.363262892 310
1520440013.513267994 268
1520440013.613270760 259
1520440013.713273764 262
1520440013.863309145 254
1520440014.013314009 262
1520440014.163331270 187
1520440014.263333321 221
1520440014.363336563 247
1520440014.463339329 231
1520440014.563371658 211
1520440014.663375854 228
1520440014.763378859 274
1520440014.863381863 271
1520440014.963384867 259
1520440015.113405943 232
1520440015.263409853 211
1520440015.363413095 250
1520440015.463423491 231
1520440015.613427401 211
1520440015.713431597 222
1520440015.813495398 214
1520440015.913498402 215
1520440016.013501406 253
1520440016.113504171 240
1520440016.263511181 189
1520440016.363514423 173
1520440016.463517189 143
1520440016.563520193 110
1520440016.663609505 128
1520440016.763612747 115
1520440016.863615513 98
1520440016.963618517 126
1520440017.063754797 84
1520440017.163757801 58
1520440017.263760805 60
1520440017.363763809 71
1520440017.464020729 55
1520440017.614024639 46
1520440017.714027405 40
1520440017.814035654 45
1520440017.914741278 172
1520440018.014744043 100
1520440018.114747047 233
1520440018.214751244 193
1520440018.265761614 98
1520440018.365764380 136
1520440018.465767384 158
1520440018.515769243 232
1520440018.666824341 83
1520440018.816828489 206
1520440018.916831493 252
1520440019.016835690 232
1520440019.117373705 191
1520440019.267377615 238
1520440019.417383671 176
1520440019.517493486 286
1520440019.617496490 232
1520440019.767501593 158
1520440019.917505503 176
1520440020.017508507 247
1520440020.117511749 221
1520440020.217514515 248
1520440020.316426516 113
1520440020.416429520 169
1520440020.566434622 201
1520440020.666437387 267
1520440020.765680552 160
1520440020.915685654 258
1520440021.015688419 315
1520440021.114933491 166
1520440021.214937687 317
1520440021.314940453 430
1520440021.364941597 567
1520440021.414943457 628
1520440021.514402151 245
1520440021.614405155 404
1520440021.714408159 458
1520440021.864413261 425
1520440021.964232445 325
1520440022.064222574 505
1520440022.164225578 510
1520440022.264228582 484
1520440022.364111662 333
1520440022.614119768 304
1520440022.764019251 346
1520440022.864022255 487
1520440022.964025021 516
1520440023.064029217 468
1520440023.163963318 389
1520440023.263967514 463
1520440023.363970518 406
1520440023.463973522 365
1520440023.563971996 436
1520440023.663975239 477
1520440023.763978004 497
1520440023.813979149 527
1520440023.864017248 547
1520440023.913982868 596
1520440023.964015245 607
1520440024.014017582 585
1520440024.064018488 609
1520440024.114020348 523
1520440024.164021492 536
1520440024.214023352 514
1520440024.264025450 529
1520440024.314026594 522
1520440024.414104223 421
1520440024.514107227 425
1520440024.614110231 486
1520440024.714114189 539
1520440024.764115095 645
1520440024.814150572 622
1520440024.864151478 552
1520440024.914153814 601
1520440024.964154720 627
1520440025.014156818 673
1520440025.064158678 538
1520440025.114160538 426
1520440025.164161682 480
1520440025.214170933 519
1520440025.264172077 600
1520440025.364174843 413
1520440025.514180183 437
1520440025.664158106 424
1520440025.814162493 368
1520440025.914165258 306
1520440026.014178514 396
1520440026.164183617 352
1520440026.264186621 469
1520440026.514206648 401
1520440026.714212894 377
1520440026.914208651 397
1520440027.064213753 373
1520440027.214218855 432
1520440027.364234209 498
1520440027.514239311 465
1520440027.664355993 395
1520440027.764264107 449
1520440027.914269209 441
1520440028.064293385 333
1520440028.214298487 354
1520440028.364303350 334
1520440028.464317083 372
1520440028.614322424 330
1520440028.764327526 314
1520440028.864315987 326
1520440029.064323187 263
1520440029.264366865 289
1520440029.414370775 271
1520440029.564375877 315
1520440029.714398623 311
1520440029.814401865 343
1520440029.964406729 329
1520440030.114437342 317
1520440030.314444542 296
1520440030.414447308 233
1520440030.564438820 310
1520440030.764445782 277
1520440030.864448786 311
1520440031.064476728 286
1520440031.164479733 318
1520440031.314552784 313
1520440031.414592743 338
1520440031.564557791 285
1520440031.664560556 329
1520440031.814668894 256
1520440031.914672852 327
1520440032.014675617 353
1520440032.164812803 261
1520440032.264816999 302
1520440032.364820004 320
1520440032.464822769 340
1520440032.664937735 237
1520440032.764940739 283
1520440032.864942789 263
1520440032.965075970 339
1520440033.215083838 219
1520440033.465198755 223
1520440033.565201998 282
1520440033.765280008 284
1520440033.915285110 325
1520440034.065289974 323
1520440034.165226698 325
1520440034.265229940 377
1520440034.465236664 337
1520440034.665020943 256
1520440034.815024853 319
1520440034.915027857 369
1520440035.064862490 309
1520440035.264868498 297
1520440035.364871502 345
1520440035.564784527 274
1520440035.864776850 238
1520440036.014781952 270
1520440036.114784956 292
1520440036.214774847 316
1520440036.364779711 288
1520440036.464782953 357
1520440036.664783716 316
1520440036.864790678 274
1520440037.014794827 308
1520440037.114893198 368
1520440037.214896441 285
1520440037.314899445 315
1520440037.464905500 230
1520440037.664911509 239
1520440037.814916611 281
1520440037.914958954 275
1520440038.014961958 347
1520440038.164966822 272
1520440038.265039444 224
1520440038.515047312 229
1520440038.715090752 289
1520440038.865095615 301
1520440038.965190649 360
1520440039.165085077 333
1520440039.365091085 285
1520440039.615103245 325
1520440039.915077925 268
1520440040.265089035 256
1520440040.415064335 322
1520440040.515068531 351
1520440040.765080690 274
1520440040.865083694 342
1520440040.965086460 323
1520440041.215114355 277
1520440041.315117121 331
1520440041.415121078 301
1520440041.565112114 337
1520440041.865122080 252
1520440042.015190840 286
1520440042.165194750 304
1520440042.365186930 313
1520440042.565192699 319
1520440042.715268850 335
1520440042.915159225 322
1520440043.015162468 326
1520440043.165166140 290
1520440043.315171003 296
1520440043.415173769 313
1520440043.565291882 325
1520440043.665294647 344
1520440043.815299511 328
1520440044.015323877 295
1520440044.115327835 274
1520440044.265331984 266
1520440044.415270090 286
1520440044.565275192 327
1520440044.665278196 354
1520440044.765281200 367
1520440044.915197611 345
1520440045.065202713 335
1520440045.165205717 269
1520440045.365106583 317
1520440045.565112591 306
1520440045.715021610 289
1520440046.064944983 266
1520440046.164948702 360
1520440046.414923191 320
1520440046.564927340 375
1520440046.664931297 381
1520440046.914924860 268
1520440047.114932060 331
1520440047.364911795 327
1520440047.514915943 378
1520440047.714887857 369
1520440047.914893866 367
1520440048.064880371 381
1520440048.164883375 436
1520440048.264886379 442
1520440048.414890289 437
1520440048.564884186 364
1520440048.814892054 321
1520440049.114911079 354
1520440049.264915943 368
1520440049.614940882 320
1520440049.764957666 361
1520440049.864960670 426
1520440049.964963913 412
1520440050.114999771 386
1520440050.265004873 336
1520440050.415009737 288
1520440050.564967394 228
1520440050.664971590 384
1520440050.814975500 350
1520440050.914964437 347
1520440051.064969540 330
1520440051.164972544 307
1520440051.314983845 291
1520440051.464988947 330
1520440051.614992857 332
1520440051.864989042 309
1520440052.064997196 324
1520440052.215024710 370
1520440052.315027714 356
1520440052.565007925 321
1520440052.665010929 394
1520440052.865017891 326
1520440053.014991522 356
1520440053.164996624 314
1520440053.264999628 365
1520440053.364994526 380
1520440053.464998722 378
1520440053.615004778 366
1520440053.715005636 362
1520440053.865007877 389
1520440054.015011787 358
1520440054.115015030 350
1520440054.265047550 368
1520440054.365050554 334
1520440054.515055656 316
1520440054.615009308 313
1520440054.715012312 350
1520440054.965020418 280
1520440055.165032148 341
1520440055.365038395 395
1520440055.515025139 416
1520440055.715032101 370
1520440055.915041685 340
1520440056.165048838 359
1520440056.315026760 367
1520440056.415029764 358
1520440056.715041399 269
1520440056.815044165 378
1520440057.165071249 243
1520440057.315076351 359
1520440057.415078402 327
1520440057.615052938 265
1520440057.965103626 322
1520440058.115107775 340
1520440058.415106297 320
1520440058.515109301 371
1520440058.765124559 342
1520440058.965130568 359
1520440059.165159464 364
1520440059.265163422 418
1520440059.415169477 395
1520440059.515173197 426
1520440059.665178061 390
1520440059.765181303 365
1520440059.865184307 380
1520440060.165207148 315
1520440060.315204382 380
1520440060.465209246 459
1520440060.565212488 444
1520440060.665216208 415
1520440060.965207338 266
1520440061.115212202 335
1520440061.515230179 268
1520440061.615219593 327
1520440061.865227699 326
1520440062.215249300 247
1520440062.415269136 308
1520440062.715279102 271
1520440062.915277481 308
1520440063.165280104 279
1520440063.265284061 318
1520440063.415287971 339
1520440063.515291214 369
1520440063.615323067 374
1520440063.765328169 426
1520440063.815329075 409
1520440063.915333033 415
1520440064.115330458 328
1520440064.265335560 319
1520440064.365338564 358
1520440064.615341663 290
1520440064.865343571 215
1520440065.015347481 281
1520440065.215367317 234
1520440065.315370560 267
1520440065.415373325 284
1520440065.515377522 306
1520440065.615404367 320
1520440065.715407372 308
1520440065.865412235 284
1520440066.065379381 265
1520440066.215384245 273
1520440066.365388393 293
1520440066.615389585 258
1520440066.715392828 285
1520440067.065426350 218
1520440067.265474319 239
1520440067.415479183 264
1520440067.615485191 269
1520440067.715505838 309
1520440067.815509081 283
1520440067.965513945 273
1520440068.165575266 235
1520440068.265578270 272
1520440068.415583134 266
1520440068.665649176 233
1520440068.765651941 274
1520440068.865675926 275
1520440068.965653181 305
1520440069.115658283 326
1520440069.265663147 299
1520440069.415679932 311
1520440069.765632868 191
1520440069.865636826 251
1520440069.965639830 282
1520440070.065642834 333
1520440070.165629387 342
1520440070.265632629 339
1520440070.365636349 303
1520440070.465638399 323
1520440070.765664339 245
1520440070.865667105 284
1520440070.965682745 313
1520440071.065685749 293
1520440071.215690851 292
1520440071.465728521 233
1520440071.815698624 230
1520440071.915701389 279
1520440072.265704632 233
1520440072.365709543 252
1520440072.465710640 285
1520440072.565703630 314
1520440072.865712643 256
1520440072.965715647 309
1520440073.265725613 261
1520440073.415740728 289
1520440073.565744638 320
1520440073.865727425 241
1520440073.965730190 303
1520440074.115735292 302
1520440074.465839863 243
1520440074.665722609 248
1520440074.915729761 238
1520440075.015734434 280
1520440075.115738630 308
1520440075.365745783 250
1520440075.665735960 217
1520440076.065726042 190
1520440076.315803289 205
1520440076.415716410 252
1520440076.715694427 215
1520440076.915700436 231
1520440077.015703440 229
1520440077.115708113 256
1520440077.215712070 279
1520440077.415718079 271
1520440077.515725851 269
1520440077.665730715 299
1520440077.915688515 247
1520440078.065693378 295
1520440078.165780544 280
1520440078.265699625 308
1520440078.365753412 312
1520440078.465756416 329
1520440078.565760612 283
1520440078.665763378 335
1520440078.865857601 290
1520440078.965860605 352
1520440079.065863371 355
1520440079.165786028 287
1520440079.515810966 265
1520440079.665816069 285
1520440079.765818834 307
1520440079.865821838 296
1520440080.115831614 263
1520440080.265836477 286
1520440080.465812922 296
1520440080.715821028 287
1520440080.815834284 318
1520440080.915837288 344
1520440081.015840292 383
1520440081.165841341 352
1520440081.315845490 329
1520440081.415848494 374
1520440081.515851259 386
1520440081.715833902 344
1520440081.915839672 322
1520440082.165823936 335
1520440082.265826702 352
1520440082.465801716 320
1520440082.565804482 361
1520440082.715809584 364
1520440082.865795612 349
1520440082.965799570 390
1520440083.215776920 338
1520440083.315780163 389
1520440083.565788269 327
1520440083.715865850 307
1520440083.865778923 360
1520440084.015810490 312
1520440084.215816736 309
1520440084.315819502 338
1520440084.665805340 261
1520440084.915822268 247
1520440085.065827370 306
1520440085.215832233 325
1520440085.315828323 282
1520440085.665876627 181
1520440085.965886831 255
1520440086.315943003 189
1520440086.615930080 228
1520440086.665932178 263
1520440086.815937281 227
1520440087.015976906 173
1520440087.115980864 188
1520440087.315993547 248
1520440087.415996790 250
1520440087.666004658 214
1520440087.765970469 266
1520440087.865973234 275
1520440088.065979481 242
1520440088.366018772 248
1520440088.516021729 254
1520440088.666027069 310
1520440088.766028881 364
1520440088.866035938 380
1520440088.965978622 366
1520440089.115982533 380
1520440089.215986490 418
1520440089.315925598 397
1520440089.415928602 417
1520440089.515932322 438
1520440089.615935564 458
1520440089.715938568 475
1520440089.865858316 421
1520440090.015862226 334
1520440090.165803432 420
1520440090.365810394 347
1520440090.465813398 330
1520440090.765787125 367
1520440091.015791893 362
1520440091.115795612 429
1520440091.315801859 388
1520440091.465821743 540
1520440091.615825891 408
1520440091.865806103 399
1520440092.115814209 380
1520440092.415817976 392
1520440092.615842581 465
1520440092.965852737 449
1520440093.115845203 524
1520440093.215848207 587
1520440093.415851831 541
1520440093.565856695 575
1520440093.915861845 369
1520440094.115868568 494
1520440094.215875626 562
1520440094.315878630 583
1520440094.465883732 588
1520440094.565886497 573
1520440094.665881395 550
1520440094.865887403 482
1520440095.165902376 437
1520440095.315907240 469
1520440095.515923500 489
1520440095.615926504 543
1520440095.865931273 462
1520440096.015936375 444
1520440096.165940523 448
1520440096.265958309 478
1520440096.465964317 460
1520440096.615968466 425
1520440096.715986013 452
1520440096.865989923 439
1520440097.065996885 445
1520440097.266010284 459
1520440097.416014433 461
1520440097.615995884 426
1520440097.715998888 508
1520440097.916004896 426
1520440098.016007900 462
1520440098.166013002 442
1520440098.466022253 405
1520440098.566025257 515
1520440098.666028976 549
1520440098.766026020 568
1520440099.016034126 452
1520440099.316034079 376
1520440099.716073990 330
1520440099.866077900 424
1520440100.116089582 443
1520440100.366090775 349
1520440100.566096783 414
1520440100.666099787 484
1520440100.766118050 514
1520440100.866121292 528
1520440101.116129398 414
1520440101.316114426 397
1520440101.416117430 407
1520440101.566145897 398
1520440101.716150761 320
1520440101.866155863 275
1520440102.166168690 306
1520440102.316173553 376
1520440102.816238642 275
1520440102.916241646 357
1520440103.016244411 374
1520440103.166249514 356
1520440103.266241550 362
1520440103.466247320 280
1520440103.666293859 288
1520440103.866299629 298
1520440104.066340446 285
1520440104.216345310 255
1520440104.316348314 279
1520440104.416351557 273
1520440104.516402006 242
1520440104.616405010 257
1520440104.666406870 335
1520440104.766409874 307
1520440104.866463184 234
1520440104.966467142 225
1520440105.166474342 181
1520440105.266488075 191
1520440105.366491079 223
1520440105.466493845 219
1520440105.566497087 234
1520440105.716565847 223
1520440105.816567898 199
1520440105.966572762 176
1520440106.066579342 203
1520440106.266585350 168
1520440106.366588354 189
1520440106.466591597 164
1520440106.616600752 159
1520440106.716603756 186
1520440106.816607714 190
1520440107.116701603 128
1520440107.266704559 149
1520440107.416753054 147
1520440107.616759062 138
1520440107.816796064 150
1520440107.966800213 130
1520440108.166814089 113
1520440108.316819191 148
1520440108.416821957 151
1520440108.516872883 140
1520440108.666877985 147
1520440108.866883993 133
1520440109.067011356 121
1520440109.217014313 133
1520440109.317018270 164
1520440109.467079401 156
1520440109.617084503 143
1520440109.767139673 146
1520440109.917144537 128
1520440110.017147541 120
1520440110.167176247 126
1520440110.367182016 122
1520440110.517187357 120
1520440110.667207241 123
1520440110.867213249 102
1520440111.017300844 96
1520440111.167305708 86
1520440111.317310810 121
1520440111.417448759 121
1520440111.567453623 135
1520440111.717457771 153
1520440111.817521334 155
1520440111.967526436 137
1520440112.167532206 101
1520440112.317574739 101
1520440112.417576790 89
1520440112.517579794 147
1520440112.617763758 150
1520440112.717767000 288
1520440112.817770004 304
1520440112.917772770 353
1520440113.067817688 253
1520440113.217821598 276
1520440113.367826700 285
1520440113.468071938 253
1520440113.568074942 293
1520440113.668078184 284
1520440113.768081188 295
1520440113.868452549 219
1520440113.968455791 261
1520440114.068458796 254
1520440114.168462515 228
1520440114.268774509 166
1520440114.368777514 214
1520440114.468780518 234
1520440114.568783283 226
1520440114.668956041 217
1520440114.768959284 196
1520440114.818961143 249
1520440114.918963194 245
1520440115.018966198 250
1520440115.119074583 224
1520440115.269078493 178
1520440115.369081497 197
1520440115.468996763 217
1520440115.518997908 238
1520440115.569000006 260
1520440115.619000912 292
1520440115.719003916 249
1520440115.819006920 259
1520440115.918808222 190
1520440116.018811464 211
1520440116.118814468 193
1520440116.218818188 202
1520440116.318733931 164
1520440116.418737888 165
1520440116.518739700 152
1520440116.568741798 185
1520440116.668757677 175
1520440116.768747807 145
1520440116.868750811 129
1520440116.968753815 122
1520440117.068757772 88
1520440117.168710470 93
1520440117.268713474 110
1520440117.368716478 107
1520440117.468719244 123
1520440117.568578005 122
1520440117.668581009 150
1520440117.768584967 143
1520440117.868587971 143
1520440117.968440771 112
1520440118.068443537 83
1520440118.168445587 98
1520440118.268448830 136
1520440118.367846251 74
1520440118.517953396 165
1520440118.667856216 132
1520440118.767589331 89
1520440118.867592335 128
1520440118.967595577 169
1520440119.067598343 252
1520440119.167418718 139
1520440119.267421722 172
1520440119.367424726 169
1520440119.467428923 172
1520440119.567213297 92
1520440119.667216063 105
1520440119.767219305 130
1520440119.867223263 134
1520440119.917224169 144
1520440119.967045307 66
1520440120.067048550 108
1520440120.167052507 125
1520440120.267055273 152
1520440120.516776085 277
1520440120.666781187 318
1520440120.816616297 44
1520440120.916619301 262
1520440121.066624165 243
1520440121.216578245 160
1520440121.416584492 285
1520440121.566590309 255
1520440121.616555214 231
1520440121.766559124 287
1520440121.916564226 299
1520440122.016541481 199
1520440122.216546535 226
1520440122.366551638 347
1520440122.466550589 246
1520440122.616555452 307
1520440122.716558695 277
1520440122.816553116 227
1520440122.966558218 198
1520440123.066561222 182
1520440123.166565418 175
1520440123.266555786 132
1520440123.466561794 189
1520440123.666555882 124
1520440123.866562128 222
1520440123.966565132 206
1520440124.166558266 114
1520440124.316563129 115
1520440124.466557980 129
1520440124.666563749 138
1520440124.816568851 208
1520440124.916560411 221
1520440125.066565275 164
1520440125.266570330 170
1520440125.416574240 135
1520440125.666582346 221
1520440125.816591263 192
1520440126.016597509 208
1520440126.166592836 209
1520440126.366598845 173
1520440126.566603661 265
1520440126.766609669 237
1520440126.916604757 197
1520440127.066608667 219
1520440127.166612625 231
1520440127.316609859 216
1520440127.416612864 205
1520440127.516615629 223
1520440127.616618633 226
1520440127.716609240 226
1520440127.916616440 215
1520440128.116622448 239
1520440128.216622829 231
1520440128.366627932 238
1520440128.516631842 223
1520440128.616635084 246
1520440128.816641092 256
1520440128.966646194 240
1520440129.066649437 264
1520440129.166652203 330
1520440129.316656113 327
1520440129.516660213 264
1520440129.716666460 296
1520440129.816676855 175
1520440130.016682863 208
1520440130.116686821 220
1520440130.266690493 284
1520440130.416695595 300
1520440130.566700459 284
1520440130.716704845 323
1520440130.866709709 285
1520440131.016718864 264
1520440131.116721869 288
1520440131.216795921 293
1520440131.316728115 316
1520440131.466732502 301
1520440131.566735506 312
1520440131.766741514 281
1520440131.866744041 315
1520440131.966747046 308
1520440132.066751242 357
1520440132.216748714 275
1520440132.316751719 259
1520440132.416755676 293
1520440132.516758680 335
1520440132.616764784 332
1520440132.816770554 326
1520440132.966774464 312
1520440133.116781473 316
1520440133.216784477 330
1520440133.316787481 350
1520440133.416790485 325
1520440133.466800213 348
1520440133.566803217 283
1520440133.666805983 250
1520440133.766808987 309
1520440133.916813135 223
1520440134.016816139 297
1520440134.116819143 314
1520440134.166821003 329
1520440134.216823101 309
1520440134.266832113 300
1520440134.316833973 330
1520440134.366833925 299
1520440134.416836023 313
1520440134.466836929 348
1520440134.516839027 534
1520440134.566840172 463
1520440134.616842031 337
1520440134.666842937 388
1520440134.766845942 392
1520440134.866947889 285
1520440134.966851950 248
1520440135.066854954 237
1520440135.166860819 248
1520440135.266863823 208
1520440135.366866589 283
1520440135.416868925 364
1520440135.516872883 421
1520440135.616875887 368
1520440135.716878891 312
1520440135.816881895 312
1520440135.916886330 362
1520440136.016889095 296
1520440136.166894197 277
1520440136.266897202 264
1520440136.366900206 403
1520440136.466903210 313
1520440136.566906214 255
1520440136.716911793 231
1520440136.816915035 281
1520440136.916917801 336
1520440137.016920805 364
1520440137.116930962 292
1520440137.216934204 349
1520440137.366939068 341
1520440137.416940212 364
1520440137.516933680 304
1520440137.666937590 243
1520440137.816942692 281
1520440137.916946411 284
1520440138.066950083 266
1520440138.166953325 237
1520440138.316958189 286
1520440138.416959286 300
1520440138.516962290 290
1520440138.666967392 232
1520440138.766972065 286
1520440138.866975307 291
1520440138.966978073 275
1520440139.066981077 322
1520440139.166981459 288
1520440139.316986322 307
1520440139.416989088 305
1520440139.566987753 219
1520440139.716992855 234
1520440139.866996765 305
1520440139.967002153 261
1520440140.067005157 314
1520440140.167010069 299
1520440140.267012119 344
1520440140.417009592 297
1520440140.517012835 304
1520440140.617015600 254
1520440140.767020464 295
1520440140.867027521 267
1520440141.067034483 243
1520440141.167037487 274
1520440141.267043591 284
1520440141.367046595 307
1520440141.467049837 341
1520440141.617054939 233
1520440141.717057943 273
1520440141.817060947 287
1520440141.967066050 283
1520440142.117086411 240
1520440142.217072487 279
1520440142.317075491 316
1520440142.467079878 304
1520440142.567083120 359
1520440142.717087984 294
1520440142.917090416 257
1520440143.117097139 309
1520440143.267101765 251
1520440143.467108727 270
1520440143.567111731 290
1520440143.667120218 272
1520440143.817125082 262
1520440144.017131090 269
1520440144.167136192 211
1520440144.267140388 265
1520440144.367143393 244
1520440144.517151594 310
1520440144.617155552 328
1520440144.717158556 307
1520440144.817161560 262
1520440144.917160273 262
1520440145.017163038 285
1520440145.167167902 300
1520440145.267171144 320
1520440145.367178202 271
1520440145.467180967 324
1520440145.617186069 282
1520440145.717190981 341
1520440145.817193747 315
1520440146.017199755 272
1520440146.167204380 323
1520440146.317209244 296
1520440146.417212486 272
1520440146.517211914 276
1520440146.617214918 269
1520440146.717217684 301
1520440146.817221880 288
1520440146.917230129 288
1520440147.067234278 251
1520440147.217239380 281
1520440147.267240286 272
1520440147.317242146 293
1520440147.367260218 300
1520440147.467260122 280
1520440147.617264032 279
1520440147.717267275 333
1520440147.767262697 324
1520440147.867265701 316
1520440147.967268944 307
1520440148.117273808 325
1520440148.267277479 241
1520440148.367280722 299
1520440148.517284632 235
1520440148.717290640 272
1520440148.817293882 266
1520440148.917296886 213
1520440149.067307949 187
1520440149.167311192 213
1520440149.317315102 187
1520440149.417377234 177
1520440149.517316341 188
1520440149.667320251 215
1520440149.767323017 285
1520440149.867327929 216
1520440149.967331171 211
1520440150.067333937 207
1520440150.217349529 174
1520440150.367353678 203
1520440150.467357397 176
1520440150.567360401 194
1520440150.667375803 206
1520440150.767379761 215
1520440150.867381811 206
1520440150.967385769 200
1520440151.017375231 220
1520440151.117377281 239
1520440151.217380047 239
1520440151.317383051 279
1520440151.417383194 261
1520440151.517385960 277
1520440151.617388964 290
1520440151.717392206 272
1520440151.817383766 260
1520440151.917387724 282
1520440152.067391634 220
1520440152.167395592 259
1520440152.267390490 249
1520440152.417395353 288
1520440152.517398596 274
1520440152.667402029 251
1520440152.817405939 267
1520440152.917408943 319
1520440153.017412186 363
1520440153.117411137 254
1520440153.267416000 243
1520440153.367419243 243
1520440153.467428207 259
1520440153.617433071 271
1520440153.717436075 278
1520440153.767438173 328
1520440153.817439318 352
1520440153.867429018 440
1520440153.967432261 350
1520440154.067435265 270
1520440154.167439222 283
1520440154.267437458 304
1520440154.417441607 360
1520440154.567445517 289
1520440154.717458010 360
1520440154.867461920 336
1520440154.967464924 369
1520440155.067467690 377
1520440155.217473269 359
1520440155.367477179 378
1520440155.467481375 386
1520440155.567496300 316
1520440155.667499304 310
1520440155.817503214 368
1520440155.917500019 303
1520440156.017503023 375
1520440156.117506027 388
1520440156.217510223 299
1520440156.317507982 319
1520440156.467513084 356
1520440156.517514944 544
1520440156.567516088 535
1520440156.667519093 427
1520440156.817527533 395
1520440156.917530298 438
1520440157.017533541 415
1520440157.167537689 335
1520440157.317541599 301
1520440157.417545795 443
1520440157.517548561 419
1520440157.617552757 373
1520440157.717555761 374
1520440157.817558765 370
1520440157.967548609 263
1520440158.067551851 359
1520440158.167554855 362
1520440158.317559719 386
1520440158.417564154 442
1520440158.517570257 454
1520440158.667572260 340
1520440158.817574978 319
1520440158.967579842 324
1520440159.067583084 389
1520440159.167592049 364
1520440159.317596912 314
1520440159.417599916 390
1520440159.567605019 402
1520440159.667607307 380
1520440159.817612171 348
1520440159.917616367 414
1520440160.017618179 396
1520440160.167625189 381
1520440160.317627430 350
1520440160.417625904 340
1520440160.517628670 536
1520440160.617631674 454
1520440160.717635870 459
1520440160.817634106 400
1520440160.967638016 413
1520440161.067642212 413
1520440161.167645216 465
1520440161.267641783 348
1520440161.417646885 267
1520440161.517649651 339
1520440161.617656469 361
1520440161.717659712 390
1520440161.867664576 392
1520440162.017669678 443
1520440162.117667437 365
1520440162.217744112 331
1520440162.317673206 387
1520440162.417676210 388
1520440162.517674685 330
1520440162.667679787 335
1520440162.767682791 416
1520440162.967689276 397
1520440163.067692041 413
1520440163.167695045 365
1520440163.317692041 294
1520440163.467697144 322
1520440163.567701340 396
1520440163.717706203 329
1520440163.867710114 403
1520440163.967713356 553
1520440164.117711306 344
1520440164.267716408 334
1520440164.367719173 360
1520440164.567718506 261
1520440164.667721272 420
1520440164.767724276 546
1520440164.867727280 405
1520440164.967732906 429
1520440165.167739868 256
1520440165.317738056 318
1520440165.417741060 393
1520440165.567746162 481
1520440165.717752695 269
1520440165.867800474 370
1520440165.967760563 370
1520440166.117766380 364
1520440166.217769384 528
1520440166.367774487 391
1520440166.567776442 220
1520440166.717780590 444
1520440166.867785692 350
1520440166.967788458 287
1520440167.117792606 442
1520440167.267797470 335
1520440167.417804956 300
1520440167.567810059 291
1520440167.717903137 359
1520440167.867818832 397
1520440168.017823696 318
1520440168.117826462 441
1520440168.217826843 398
1520440168.317829609 290
1520440168.467834711 372
1520440168.717835665 240
1520440168.817838907 404
1520440168.917841911 521
1520440169.017849922 441
1520440169.167853832 504
1520440169.267856598 352
1520440169.367859602 288
1520440169.467863321 279
1520440169.617868185 267
1520440169.817871809 206
1520440169.967876911 164
1520440170.117880821 282
1520440170.267887592 230
1520440170.367890358 252
1520440170.517895460 260
1520440170.667899847 252
1520440170.817904949 231
1520440170.967909813 290
1520440171.067907333 229
1520440171.217912436 347
1520440171.367928267 289
1520440171.467925549 211
1520440171.617929459 158
1520440171.717932463 187
1520440171.867934704 163
1520440172.017939806 190
1520440172.217945576 192
1520440172.317942858 137
1520440172.367944717 169
1520440172.467947721 200
1520440172.567951918 169
1520440172.667947292 134
1520440172.767951250 125
1520440172.867953300 132
1520440172.967956543 132
1520440173.117955685 118
1520440173.267958879 121
1520440173.367961645 203
1520440173.467965841 327
1520440173.617970943 382
1520440173.767974854 290
1520440173.867973566 182
1520440174.017977715 286
1520440174.217984438 178
1520440174.317983389 226
1520440174.417986631 228
1520440174.517989397 199
1520440174.617992401 166
1520440174.667994261 458
1520440174.767994404 322
1520440174.867997408 454
1520440175.168011665 248
1520440175.268014908 375
1520440175.368017673 407
1520440175.518020868 287
1520440175.718026638 174
1520440175.818030834 389
1520440175.968036652 360
1520440176.168043613 457
1520440176.268046618 425
1520440176.418050289 409
1520440176.518057585 433
1520440176.668057442 304
1520440176.768060446 335
1520440177.068070412 148
1520440177.218079805 321
1520440177.318082809 517
1520440177.468087912 468
1520440177.568089247 407
1520440177.818097353 277
1520440178.018100262 277
1520440178.518116951 269
1520440178.718122959 318
1520440178.918128967 277
1520440179.268142700 216
1520440179.368145704 299
1520440179.568152666 223
1520440179.768156767 241
1520440179.968162775 230
1520440180.218170404 265
1520440180.318173409 285
1520440180.418175459 286
1520440180.568180561 307
1520440180.668183327 261
1520440180.818188906 291
1520440180.918191671 281
1520440181.018194675 257
1520440181.318203688 167
1520440181.418206692 292
1520440181.668212891 176
1520440181.768216133 220
1520440182.068224430 154
1520440182.318232536 202
1520440182.468336344 211
1520440182.868250132 218
1520440183.018254042 149
1520440183.118257999 205
1520440183.268265724 194
1520440183.368268728 328
1520440183.518273830 379
1520440183.718278885 291
1520440183.868283987 318
1520440184.068289757 271
1520440184.418301105 149
1520440184.818313360 110
1520440184.918318510 199
1520440185.018321753 189
1520440185.118324518 215
1520440185.268329382 309
1520440185.368333578 309
1520440185.468337774 302
1520440185.618341684 205
1520440185.718343735 206
1520440185.818346739 231
1520440186.068354607 235
1520440186.168356419 265
1520440186.418364525 181
1520440186.518367529 205
1520440186.818378210 148
1520440186.918380976 211
1520440187.068384171 223
1520440187.218389273 316
1520440187.418400526 219
1520440187.518402576 344
1520440187.718408346 330
1520440187.868412256 327
1520440187.968424082 356
1520440188.118420124 311
1520440188.268422604 321
1520440188.418426514 348
1520440188.518429756 324
1520440188.568431616 371
1520440188.668433905 318
1520440188.818439245 272
1520440188.918442011 280
1520440189.018440485 132
1520440189.118444443 150
1520440189.218447447 148
1520440189.468463421 156
1520440189.568466187 178
1520440189.668469191 205
1520440189.818497419 185
1520440190.018482685 229
1520440190.168487787 280
1520440190.268488407 334
1520440190.418493509 266
1520440190.618498802 290
1520440190.718501806 317
1520440190.918508768 312
1520440191.018514395 259
1520440191.218521357 295
1520440191.368526220 368
1520440191.468537569 248
1520440191.618542671 293
1520440191.718544722 272
1520440191.868552923 211
1520440192.018558025 252
1520440192.118560791 249
1520440192.218563795 230
1520440192.368566513 211
1520440192.568572521 249
1520440192.668574810 242
1520440192.768578768 260
1520440192.968584776 226
1520440193.068584204 254
1520440193.218588114 323
1520440193.368593216 232
1520440193.618603230 244
1520440193.768607140 302
1520440193.868611336 292
1520440194.018617392 235
1520440194.118620157 312
1520440194.218624353 358
1520440194.368625641 192
1520440194.518630743 248
1520440194.618633747 244
1520440194.718640566 226
1520440194.868645668 287
1520440194.968651772 280
1520440195.168648720 125
1520440195.318654060 212
1520440195.418656826 282
1520440195.518659830 283
1520440195.768667936 238
1520440195.868670940 231
1520440195.968673468 217
1520440196.168679714 165
1520440196.268683434 173
1520440196.468695402 159
1520440196.618700266 168
1520440196.818709850 140
1520440196.968713999 224
1520440197.118718863 219
1520440197.268723249 178
1520440197.368726015 248
1520440197.518731117 244
1520440197.618732691 436
1520440197.668733835 442
1520440197.868740797 232
1520440197.968744278 177
1520440198.218751192 253
1520440198.318755150 289
1520440198.518761873 242
1520440198.668766975 226
1520440198.868774176 214
1520440199.018779039 284
1520440199.168783188 330
1520440199.268784046 319
1520440199.368787050 287
1520440199.568794012 204
1520440199.768801689 172
1520440199.968808651 139
1520440200.068817854 146
1520440200.168821812 191
1520440200.268824816 169
1520440200.368827820 254
1520440200.618837357 165
1520440200.768846035 154
1520440201.018845558 123
1520440201.118848562 166
1520440201.268853188 135
1520440201.418857098 160
1520440201.518861294 139
1520440201.718867540 118
1520440201.918873549 127
1520440202.068880558 154
1520440202.218885660 162
1520440202.468894482 153
1520440202.618899345 123
1520440202.818978310 133
1520440202.918910980 153
1520440203.118917942 218
1520440203.268921852 187
1520440203.368917704 145
1520440203.618926525 201
1520440203.718931913 155
1520440203.918938875 180
1520440204.018940926 236
1520440204.318952799 189
1520440204.418955564 179
1520440204.668987989 142
1520440204.768966913 219
1520440204.868969917 224
1520440205.068976402 237
1520440205.268982410 158
1520440205.418989658 173
1520440205.518993616 161
1520440205.618996620 203
1520440205.718999386 265
1520440206.019009829 228
1520440206.219017744 256
1520440206.319020748 232
1520440206.419023991 246
1520440206.469024658 247
1520440206.569133282 235
1520440206.669035196 225
1520440206.769038439 304
1520440206.869041204 264
1520440206.969043732 208
1520440207.119048595 216
1520440207.319054842 212
1520440207.419061899 197
1520440207.669070005 254
1520440207.769069195 236
1520440207.869072199 271
1520440207.969075203 245
1520440208.319086313 203
1520440208.419133425 209
1520440208.819103479 174
1520440209.269117355 250
1520440209.419118166 159
1520440209.569123983 164
1520440209.719128132 197
1520440209.869134903 230
1520440210.119143009 272
1520440210.419147015 162
1520440210.569150925 194
1520440210.769161701 162
1520440211.119180202 112
1520440211.469188690 127
1520440211.619193554 135
1520440211.769198895 143
1520440211.869208097 155
1520440212.019212961 185
1520440212.219219208 224
1520440212.319214821 140
1520440212.469219923 131
1520440212.569222927 153
1520440212.669223309 139
1520440212.819228411 111
1520440213.019234419 79
1520440213.119242668 122
1520440213.269247770 163
1520440213.419252634 156
1520440213.519260406 136
1520440213.619263411 128
1520440213.769268513 136
1520440213.869271278 230
1520440213.919280052 248
1520440213.969282150 242
1520440214.069385052 209
1520440214.219289064 163
1520440214.319284916 165
1520440214.419288158 179
1520440214.519291162 180
1520440214.619294167 167
1520440214.769297361 92
1520440214.869300127 165
1520440214.969303370 194
1520440215.069306374 213
1520440215.169307947 207
1520440215.219309092 251
1520440215.319311857 251
1520440215.419314861 269
1520440215.519307852 185
1520440215.619311810 168
1520440215.719314575 158
1520440215.869318724 174
1520440215.969334126 148
1520440216.119338989 213
1520440216.269344091 135
1520440216.369338989 157
1520440216.669348001 122
1520440216.819349527 129
1520440217.019356489 153
1520440217.119359493 189
1520440217.219361067 172
1520440217.319364071 190
1520440217.469367981 218
1520440217.669373989 172
1520440217.819461107 151
1520440217.919380903 209
1520440218.019389391 207
1520440218.169394493 218
1520440218.319399357 199
1520440218.469401836 277
1520440218.619406939 226
1520440218.719409943 198
1520440218.869405746 118
1520440218.969408512 197
1520440219.119413614 217
1520440219.269417763 226
1520440219.369420767 349
1520440219.469427824 356
1520440219.619434357 251
1520440219.769438267 304
1520440219.919443130 313
1520440220.019448757 369
1520440220.219454765 220
1520440220.419460773 122
1520440220.669464111 72
1520440220.869473219 318
1520440221.069479227 369
1520440221.169482231 391
1520440221.319483280 280
1520440221.469487429 301
1520440221.619492292 363
1520440221.719498634 351
1520440221.869503736 310
1520440222.069506645 259
1520440222.269512415 285
1520440222.419517517 288
1520440222.669524908 190
1520440222.869534731 155
1520440223.069540977 221
1520440223.219545841 218
1520440223.369549274 238
1520440223.519554377 230
1520440223.619557381 341
1520440223.819566488 325
1520440223.919569731 402
1520440224.019572496 384
1520440224.169575930 281
1520440224.269579887 352
1520440224.419584036 312
1520440224.519591331 372
1520440224.619594574 428
1520440224.769598484 338
1520440224.869602203 426
1520440225.019608974 355
1520440225.119612217 467
1520440225.219616175 352
1520440225.319623947 333
1520440225.469616890 348
1520440225.619621992 368
1520440225.719624996 432
1520440225.869633198 285
1520440226.019637346 424
1520440226.219639778 250
1520440226.369644880 311
1520440226.469647884 423
1520440226.569652319 392
1520440226.669655323 465
1520440226.769658089 344
1520440226.869661093 420
1520440227.019659281 229
1520440227.219716311 424
1520440227.369675159 346
1520440227.469679117 455
1520440227.569682121 429
1520440227.669685364 376
1520440227.769688129 412
1520440227.869688272 241
1520440228.019693375 279
1520440228.169697285 335
1520440228.269701481 341
1520440228.419706345 393
1520440228.569711447 447
1520440228.719716787 410
1520440228.869722128 411
1520440228.969723940 481
1520440229.069728851 358
1520440229.169731855 348
1520440229.269734859 373
1520440229.369737625 437
1520440229.469738007 359
1520440229.569741011 483
1520440229.719746113 374
1520440229.869745255 277
1520440230.069751263 261
1520440230.169754267 402
1520440230.269759417 486
1520440230.419764519 436
1520440230.519767523 455
1520440230.619771719 428
1520440230.719774961 437
1520440230.819777966 465
1520440230.969783783 363
1520440231.069792271 340
1520440231.169795275 454
1520440231.269798040 475
1520440231.369801283 416
1520440231.469804049 385
1520440231.569807053 370
1520440231.719810963 322
1520440231.819814205 370
1520440231.969817638 322
1520440232.069820642 372
1520440232.169824839 408
1520440232.269825697 338
1520440232.419830799 321
1520440232.519833803 323
1520440232.619837046 316
1520440232.719841719 304
1520440232.769843817 349
1520440232.869862556 469
1520440232.969848871 375
1520440233.069852591 399
1520440233.169851065 196
1520440233.269854307 190
1520440233.319855213 256
1520440233.369857073 286
1520440233.469860077 336
1520440233.619864225 326
1520440233.769868374 327
1520440233.869872332 358
1520440233.969878197 305
1520440234.069881439 307
1520440234.219886303 309
1520440234.319885969 327
1520440234.519891977 188
1520440234.669897318 166
1520440234.869902611 233
1520440235.069908381 244
1520440235.169918776 188
1520440235.269921780 239
1520440235.369924784 231
1520440235.519929886 289
1520440235.619926929 180
1520440235.769932032 186
1520440235.919937134 149
1520440236.069944859 175
1520440236.169947863 213
1520440236.269950628 204
1520440236.369954824 189
1520440236.469957590 230
1520440236.619962692 232
1520440236.719965696 259
1520440236.919966698 140
1520440237.069971800 223
1520440237.219979048 219
1520440237.319982052 227
1520440237.469987154 217
1520440237.669992208 231
1520440237.869999409 195
1520440237.970002174 180
1520440238.270008326 197
1520440238.370011330 279
1520440238.520010710 206
1520440238.620013714 396
1520440238.720016956 267
1520440238.820022821 240
1520440238.970027685 244
1520440239.070030928 253
1520440239.270043135 195
1520440239.470050097 200
1520440239.720056295 161
1520440239.820059299 225
1520440240.020066023 239
1520440240.170071125 269
1520440240.270074129 261
1520440240.370077133 283
1520440240.420091152 327
1520440240.620075464 143
1520440240.770080566 243
1520440240.870087624 270
1520440241.020092726 298
1520440241.270100117 226
1520440241.420104265 234
1520440241.620110989 120
1520440241.770121098 295
1520440241.870124102 399
1520440242.020131111 417
1520440242.120133162 451
1520440242.520141602 143
1520440242.620144606 316
1520440242.920155048 269
1520440243.020158052 331
1520440243.070160151 279
1520440243.170163155 311
1520440243.220165014 410
1520440243.320173264 330
1520440243.470178366 337
1520440243.570181370 285
1520440243.670184135 260
1520440243.870192051 235
1520440244.070198059 164
1520440244.270199537 122
1520440244.470205784 170
1520440244.570215464 228
1520440244.670218229 183
1520440244.770221233 355
1520440244.920226336 181
1520440245.020230293 275
1520440245.120233297 203
1520440245.220236301 204
1520440245.320240498 240
1520440245.420245409 256
1520440245.520249605 219
1520440245.670253515 254
1520440245.770253420 272
1520440245.970259428 146
1520440246.120263338 240
1520440246.220260620 208
1520440246.370265484 258
1520440246.470268488 218
1520440246.620277643 208
1520440246.720280647 359
1520440246.820284605 362
1520440246.970291376 272
1520440247.120296478 329
1520440247.220299482 361
1520440247.370301247 247
1520440247.520306110 335
1520440247.670310259 203
1520440247.820312738 173
1520440247.970321894 176
1520440248.170322895 155
1520440248.270318270 206
1520440248.670332432 156
1520440249.020343542 145
1520440249.270351648 205
1520440249.420362711 264
1520440249.520365715 301
1520440249.620368958 248
1520440249.720371962 267
1520440249.820371389 295
1520440250.070379257 230
1520440250.220383167 166
1520440250.420385599 140
1520440250.770398617 259
1520440250.870401621 368
1520440251.020406485 191
1520440251.270412207 186
1520440251.420416355 152
1520440251.670428514 160
1520440251.770497561 183
1520440251.870434999 236
1520440252.070441008 236
1520440252.170444012 268
1520440252.370457172 105
1520440252.470460176 116
1520440252.620465040 280
1520440252.820464849 144
1520440252.970469952 208
1520440253.120473385 255
1520440253.320480347 183
1520440253.420483351 233
1520440253.520489931 374
1520440253.720495939 112
1520440253.870500803 116
1520440254.020506144 165
1520440254.170511007 245
1520440254.270514011 311
1520440254.370514870 235
1520440254.470518112 223
1520440254.670524836 191
1520440254.770538330 131
1520440254.870541334 188
1520440255.020546198 217
1520440255.170544386 117
1520440255.320548296 131
1520440255.420551538 154
1520440255.520556211 167
1520440255.720560312 219
1520440255.820564508 210
1520440255.970570803 153
1520440256.120575666 106
1520440256.270580769 114
1520440256.570587873 173
1520440256.720593929 208
1520440256.820594788 188
1520440256.920597792 174
1520440257.020600796 180
1520440257.270612240 174
1520440257.420636177 140
1520440257.570621252 177
1520440257.770628214 180
1520440257.870632172 164
1520440258.020634651 102
1520440258.170639515 183
1520440258.270642757 191
1520440258.420649529 153
1520440258.570654392 303
1520440258.670657635 328
1520440258.770660639 274
1520440258.970668316 225
1520440259.270677567 142
1520440259.420682430 189
1520440259.520685673 262
1520440259.620688677 275
1520440259.720699549 197
1520440259.820702791 235
1520440259.970707655 178
1520440260.070701122 166
1520440260.170705080 214
1520440260.320709229 173
1520440260.470721006 188
1520440260.620725155 245
1520440260.720728159 208
1520440260.870733976 274
1520440261.070742130 180
1520440261.170744181 185
1520440261.270742893 169
1520440261.370745897 186
1520440261.570751667 158
1520440261.670753479 141
1520440261.770756721 235
1520440261.870760441 261
1520440261.970763445 274
1520440262.120771646 269
1520440262.320778608 209
1520440262.470783472 244
1520440262.570790291 183
1520440262.670793295 202
1520440262.770796299 315
1520440262.870799303 327
1520440263.020797968 176
1520440263.120877743 188
1520440263.320807934 221
1520440263.470813036 177
1520440263.620816946 170
1520440263.720819235 218
1520440263.970827341 169
1520440264.070830345 231
1520440264.170835257 217
1520440264.470845222 130
1520440264.620852709 226
1520440264.770856619 226
1520440264.920861721 147
1520440265.070866346 120
1520440265.170869589 151
1520440265.320873499 169
1520440265.470877647 147
1520440265.570880651 142
1520440265.720885754 152
1520440265.820886850 178
1520440265.920889854 210
1520440266.120896816 98
1520440266.220896482 82
1520440266.370901585 105
1520440266.470905304 125
1520440266.620906353 77
1520440266.720914125 132
1520440266.870917320 111
1520440267.070918322 110
1520440267.220923424 136
1520440267.370927334 118
1520440267.470929623 117
1520440267.570932388 166
1520440267.720936775 160
1520440267.870938301 125
1520440268.020943403 120
1520440268.170948267 146
1520440268.320953369 126
1520440268.520958185 118
1520440268.620966673 155
1520440268.770971537 183
1520440268.920975685 149
1520440269.070979834 161
1520440269.170982838 155
1520440269.270986080 275
1520440269.520991564 180
1520440269.670995474 136
1520440269.871001482 143
1520440270.071007729 117
1520440270.171011686 147
1520440270.271013021 132
1520440270.421018124 207
1520440270.571022987 286
1520440270.671027422 288
1520440270.771030426 307
1520440270.871033669 299
1520440271.021038532 252
1520440271.171040773 208
1520440271.321045876 167
1520440271.521049023 117
1520440271.671054125 158
1520440271.821058989 211
1520440271.971064329 224
1520440272.121068239 152
1520440272.221071005 168
1520440272.371075153 145
1520440272.521080017 129
1520440272.671083927 161
1520440272.871089458 149
1520440273.021094561 155
1520440273.171103716 130
1520440273.321107626 168
1520440273.421111822 236
1520440273.521116495 212
1520440273.621119261 219
1520440273.671120405 273
1520440273.721123219 254
1520440273.821125269 238
1520440273.921127796 237
1520440274.021131516 273
1520440274.221137762 227
1520440274.371137142 126
1520440274.571141958 86
1520440274.871153831 129
1520440274.971157074 200
1520440275.071159840 202
1520440275.271163940 160
1520440275.371166945 213
1520440275.471170902 210
1520440275.621174812 208
1520440275.771179676 161
1520440275.921183825 179
1520440275.971195698 167
1520440276.071198463 121
1520440276.121199608 176
1520440276.221202374 185
1520440276.321205616 208
1520440276.371200323 237
1520440276.471203327 235
1520440276.571206331 207
1520440276.721211433 184
1520440276.821220636 125
1520440276.971224546 142
1520440277.071228504 137
1520440277.171231508 132
1520440277.271234989 144
1520440277.421239138 151
1520440277.571244955 168
1520440277.671246290 160
1520440277.771249294 181
1520440277.971258402 183
1520440278.071259737 184
1520440278.171262503 188
1520440278.271265507 211
1520440278.371268511 221
1520440278.471266270 254
1520440278.571269274 291
1520440278.721274376 217
1520440278.821285009 236
1520440278.921288252 154
1520440279.021291256 162
1520440279.121295214 203
1520440279.221298695 213
1520440279.321301699 184
1520440279.421304941 236
1520440279.521307945 287
1520440279.621311665 256
1520440279.721308470 218
1520440279.771310568 265
1520440279.871312380 217
1520440279.971315384 244
1520440280.071320772 197
1520440280.171324968 207
1520440280.321328878 187
1520440280.421331882 188
1520440280.471331120 288
1520440280.571334124 259
1520440280.671337128 251
1520440280.771340370 282
1520440280.871346474 302
1520440280.971350193 238
1520440281.071353436 236
1520440281.171356440 224
1520440281.271354437 298
1520440281.371358395 300
1520440281.471361399 297
1520440281.571363211 259
1520440281.721367836 243
1520440281.871370792 203
1520440281.971373796 252
1520440282.071376562 226
1520440282.171390057 111
1520440282.321394920 106
1520440282.371395826 123
1520440282.471398830 134
1520440282.571396589 102
1520440282.671400785 184
1520440282.771403551 177
1520440282.921407223 188
1520440283.021410227 219
1520440283.171415329 198
1520440283.271419287 175
1520440283.371429443 110
1520440283.471432447 171
1520440283.621437550 187
1520440283.771437407 195
1520440283.921442270 165
1520440284.021445274 191
1520440284.121451616 212
1520440284.221449375 229
1520440284.321452618 246
1520440284.421455383 254
1520440284.521458387 320
1520440284.571451664 307
1520440284.671454430 317
1520440284.821459532 212
1520440284.871461630 297
1520440284.971468449 249
1520440285.071472645 235
1520440285.171475410 210
1520440285.271478415 206
1520440285.421481609 229
1520440285.521484852 315
1520440285.671489716 314
1520440285.871486425 100
1520440286.021490335 150
1520440286.171501398 146
1520440286.371507168 173
1520440286.471510172 164
1520440286.671516180 195
1520440286.821520090 178
1520440286.971525192 167
1520440287.071531057 203
1520440287.221534967 182
1520440287.371540070 170
1520440287.471542120 181
1520440287.621546984 182
1520440287.771550894 195
1520440287.871608496 169
1520440288.021553755 160
1520440288.121556520 172
1520440288.221563101 188
1520440288.321566105 200
1520440288.421569347 166
1520440288.721571445 100
1520440288.821574450 114
1520440288.971579313 125
1520440289.171589136 96
1520440289.321594000 125
1520440289.421597004 140
1520440289.771638632 131
1520440289.871610880 165
1520440289.971613646 220
1520440290.071616650 200
1520440290.171619892 226
1520440290.271626711 239
1520440290.471632957 287
1520440290.621637821 258
1520440290.771639824 219
1520440290.921644688 209
1520440291.171652079 187
1520440291.271655083 186
1520440291.421659231 210
1520440291.621667385 191
1520440291.871674299 190
1520440292.021675348 121
1520440292.171679258 167
1520440292.271683216 164
1520440292.321690559 126
1520440292.521696568 177
1520440292.621699572 180
1520440292.771699429 157
1520440292.871703625 168
1520440292.971706629 145
1520440293.021707535 206
1520440293.121711254 236
1520440293.171713352 203
1520440293.221715450 206
1520440293.321718216 224
1520440293.421721458 212
1520440293.571731806 126
1520440293.771737576 200
1520440293.971739054 111
1520440294.121743202 112
1520440294.221747160 139
1520440294.321750164 136
1520440294.371757269 126
1520440294.471760273 143
1520440294.621765375 146
1520440294.721769571 165
1520440294.821766615 160
1520440294.921769619 179
1520440295.021771431 159
1520440295.121775627 157
1520440295.221775770 159
1520440295.371780872 197
1520440295.471783876 194
1520440295.571794271 129
1520440295.671797276 125
1520440295.771800041 151
1520440295.871803045 144
1520440295.971797228 114
1520440296.071800232 153
1520440296.171803474 224
1520440296.321808338 226
1520440296.521816015 182
1520440296.671821117 202
1520440296.771824837 206
1520440296.971831560 168
1520440297.071834326 164
1520440297.221836329 145
1520440297.371841192 171
1520440297.471844435 184
1520440297.571847200 187
1520440297.671850920 200
1520440297.821856022 191
1520440298.021861792 187
1520440298.121865034 189
1520440298.271869898 183
1520440298.471874475 218
1520440298.621880531 220
1520440298.771884441 234
1520440298.871891022 240
1520440298.971893072 231
1520440299.121897936 250
1520440299.371904373 187
1520440299.471908331 252
1520440299.671915054 222
1520440299.821919918 208
1520440300.021926165 210
1520440300.171924591 114
1520440300.321929455 152
1520440300.421933413 192
1520440300.521941900 161
1520440300.671946049 216
1520440300.771950006 218
1520440301.071956396 177
1520440301.221960545 176
1520440301.371964693 317
1520440301.471967697 360
1520440301.671973705 265
1520440301.771983385 142
1520440301.921988249 105
1520440302.121987820 127
1520440302.221990585 138
1520440302.371996641 202
1520440302.522000074 187
1520440302.972012758 200
1520440303.172116995 245
1520440303.472030401 198
1520440303.722038031 211
1520440304.072049141 170
1520440304.172052622 277
1520440304.322058678 264
1520440304.422061920 320
1520440304.522064924 303
1520440304.722072601 228
1520440304.922078609 188
1520440305.072146416 139
1520440305.222082615 229
1520440305.372092009 193
1520440305.522096872 168
1520440305.622099876 213
1520440305.772105455 191
1520440306.022113323 175
1520440306.222110748 132
1520440306.322113752 146
1520440306.572121859 195
1520440306.722129345 180
1520440306.872134447 202
1520440307.022139072 208
1520440307.172144175 217
1520440307.322149038 273
1520440307.472155809 257
1520440307.622160196 279
1520440307.822167635 218
1520440307.922171354 236
1520440308.072176456 224
1520440308.322183609 264
1520440308.472187757 262
1520440308.672196627 256
1520440308.822197437 287
1520440308.972201824 234
1520440309.072205544 260
1520440309.172208548 278
1520440309.272211552 347
1520440309.372214556 393
1520440309.522220373 409
1520440309.622223377 342
1520440309.722226381 348
1520440309.872232676 273
1520440309.972235680 221
1520440310.122240782 197
1520440310.222243786 201
1520440310.322248459 237
1520440310.472253323 241
1520440310.572256565 268
1520440310.672259569 301
1520440310.822361708 273
1520440310.922266722 290
1520440311.022269726 276
1520440311.122275829 207
1520440311.222278833 263
1520440311.322282076 292
1520440311.422284842 267
1520440311.572288036 205
1520440311.672291040 314
1520440311.822294950 282
1520440311.922298670 313
1520440312.072303534 292
1520440312.172306538 233
1520440312.272309542 220
1520440312.422310114 199
1520440312.572316170 251
1520440312.672317028 333
1520440312.772324085 243
1520440312.872327089 289
1520440312.972330093 259
1520440313.072334051 283
1520440313.172339439 225
1520440313.272342443 336
1520440313.372345686 302
1520440313.522351027 366
1520440313.622354269 359
1520440313.722357273 282
1520440313.822360039 371
1520440313.922364235 468
1520440314.022367477 358
1520440314.072368383 607
1520440314.172371387 480
1520440314.322376490 416
1520440314.472378254 248
1520440314.572381496 231
1520440314.722385406 182
1520440314.822391510 254
1520440314.922394276 282
1520440315.022397518 313
1520440315.122401476 274
1520440315.222410440 193
1520440315.322413683 283
1520440315.422416449 310
1520440315.572422743 307
1520440315.672425747 356
1520440315.772429943 337
1520440315.872432709 291
1520440315.972439766 215
1520440316.072443724 261
1520440316.172445774 318
1520440316.272449732 291
1520440316.372452497 324
1520440316.472458124 288
1520440316.622462273 338
1520440316.722466230 405
1520440316.822466373 335
1520440316.872467279 302
1520440316.922469378 326
1520440316.972470284 320
1520440317.022472143 355
1520440317.122475147 248
1520440317.222476959 216
1520440317.322480202 187
1520440317.422484159 182
1520440317.522486925 222
1520440317.622498512 127
1520440317.772503614 133
1520440317.922507524 146
1520440318.022511721 137
1520440318.122514725 135
1520440318.222517729 121
1520440318.322520494 123
1520440318.472548246 122
1520440318.572530508 135
1520440318.722535372 130
1520440318.822538614 128
1520440318.922552824 122
1520440319.022555828 228
1520440319.122560024 204
1520440319.222563028 310
1520440319.322570086 292
1520440319.422572851 271
1520440319.572577715 238
1520440319.672583103 212
1520440319.822588205 195
1520440319.922591209 225
1520440320.022594213 317
1520440320.122598410 287
1520440320.222601414 277
1520440320.322604656 274
1520440320.422706366 334
1520440320.572610855 250
1520440320.722615719 212
1520440320.822618723 305
1520440320.972627640 220
1520440321.072631836 379
1520440321.172634840 470
1520440321.272637606 313
1520440321.372642756 311
1520440321.472645998 272
1520440321.572649002 402
1520440321.672652960 285
1520440321.772657633 531
1520440321.872660398 653
1520440322.022665501 564
1520440322.072666645 854
1520440322.172667027 536
1520440322.272670269 417
1520440322.372673273 514
1520440322.472676277 589
1520440322.572678328 637
1520440322.672682285 576
1520440322.772685289 520
1520440322.872688293 508
1520440322.972690105 393
1520440323.072693110 391
1520440323.172696114 445
1520440323.272699118 354
1520440323.322691917 244
1520440323.422694921 228
1520440323.522697687 495
1520440323.622701883 520
1520440323.722704887 499
1520440323.822714806 311
1520440323.922719002 452
1520440324.022721767 340
1520440324.122724771 245
1520440324.222728729 245
1520440324.322731733 201
1520440324.422734499 257
1520440324.522737741 165
1520440324.622739792 207
1520440324.772744656 483
1520440324.872747660 295
1520440324.922749758 272
1520440324.972758293 298
1520440325.072762251 637
1520440325.172765493 578
1520440325.322769403 565
1520440325.372760296 257
1520440325.472763300 450
1520440325.572766542 633
1520440325.722771406 578
1520440325.822780371 385
1520440325.922783375 488
1520440326.022786379 691
1520440326.122789383 687
1520440326.222791910 531
1520440326.272793055 719
1520440326.372796059 656
1520440326.472799063 578
1520440326.572802067 601
1520440326.622792959 473
1520440326.722795963 617
1520440326.872801065 469
1520440326.972804070 515
1520440327.022823095 276
1520440327.122826099 332
1520440327.222829103 347
1520440327.322833061 355
1520440327.372833967 465
1520440327.422826052 386
1520440327.522829056 586
1520440327.672832966 538
1520440327.822842121 533
1520440327.972846985 643
1520440328.022848368 713
1520440328.072872162 734
1520440328.222859859 356
1520440328.322862864 567
1520440328.422865868 484
1520440328.522869110 454
1520440328.622871876 317
1520440328.722870350 397
1520440328.822873354 556
1520440328.922876358 491
1520440329.022879124 651
1520440329.072891951 528
1520440329.222896814 477
1520440329.322900057 655
1520440329.422902822 587
1520440329.522899628 541
1520440329.622902632 611
1520440329.722905636 714
1520440329.822908640 655
1520440329.922915697 556
1520440330.023021460 554
1520440330.122921705 563
1520440330.172923565 555
1520440330.272934198 389
1520440330.372937202 513
1520440330.472940207 382
1520440330.522942305 595
1520440330.622945309 497
1520440330.722945213 551
1520440330.822948456 627
1520440330.922951221 294
1520440331.022955179 258
1520440331.122963905 166
1520440331.222967148 356
1520440331.372972012 259
1520440331.472975016 671
1520440331.622979403 439
1520440331.722981215 641
1520440331.822985172 631
1520440331.923033953 540
1520440332.022989750 444
1520440332.072990894 523
1520440332.172993898 471
1520440332.272997856 330
1520440332.373002052 437
1520440332.523005962 412
1520440332.623008966 633
1520440332.723006964 365
1520440332.823009729 427
1520440332.973015070 396
1520440333.073017836 395
1520440333.173023701 404
1520440333.273026705 345
1520440333.373029709 369
1520440333.473032713 343
1520440333.623038769 373
1520440333.723039389 338
1520440333.823042631 284
1520440333.973048687 296
1520440334.073051453 554
1520440334.173054457 489
1520440334.273057461 283
1520440334.373069048 419
1520440334.523074150 595
1520440334.673079014 530
1520440334.773083925 476
1520440334.873086929 641
1520440334.973089695 606
1520440335.073093891 616
1520440335.223098040 403
1520440335.323101282 596
1520440335.423104286 533
1520440335.523107052 633
1520440335.573117733 662
1520440335.673120737 641
1520440335.773190975 487
1520440335.873126984 465
1520440335.973129749 424
1520440336.073125124 574
1520440336.173128128 691
1520440336.323133230 508
1520440336.423133850 479
1520440336.523137808 534
1520440336.673141718 335
1520440336.773144722 422
1520440336.923149824 206
1520440337.023154020 361
1520440337.173158884 390
1520440337.273165226 314
1520440337.373168468 341
1520440337.473171473 465
1520440337.573175192 386
1520440337.723180294 315
1520440337.823183060 253
1520440337.973188162 177
1520440338.023182869 216
1520440338.073184967 431
1520440338.173187733 433
1520440338.323192835 327
1520440338.473195791 367
1520440338.623200655 351
1520440338.723203897 388
1520440338.823207855 356
1520440338.923219204 320
1520440339.073224306 356
1520440339.173226357 402
1520440339.273238420 266
1520440339.373241425 491
1520440339.473244429 453
1520440339.523245573 430
1520440339.623336554 399
1520440339.723244905 243
1520440339.823247910 575
1520440339.973252773 561
1520440340.023254871 888
1520440340.123257399 672
1520440340.223260403 689
1520440340.323263407 686
1520440340.423266411 568
1520440340.523263931 505
1520440340.623267174 614
1520440340.723271132 513
1520440340.823273897 549
1520440340.923279285 591
1520440341.023282290 587
1520440341.123286247 572
1520440341.223289251 509
1520440341.323286772 409
1520440341.523325920 324
1520440341.673296928 341
1520440341.823296070 362
1520440341.923299074 605
1520440342.123309851 370
1520440342.223312855 745
1520440342.323317051 716
1520440342.473320961 587
1520440342.623324871 621
1520440342.723327637 605
1520440342.873332739 484
1520440342.973330259 541
1520440343.123335123 596
1520440343.223338127 688
1520440343.323360682 400
1520440343.373362780 782
1520440343.573368788 452
1520440343.673371792 765
1520440343.773370743 593
1520440343.923375607 536
1520440344.073379517 584
1520440344.223387480 507
1520440344.323390484 718
1520440344.423393488 715
1520440344.573412180 500
1520440344.673414230 840
1520440344.823419094 546
1520440344.973425865 621
1520440345.123430967 670
1520440345.223438025 791
1520440345.373494625 562
1520440345.473444700 739
1520440345.573447466 744
1520440345.673450470 748
1520440345.773453474 804
1520440345.873464108 704
1520440346.023468018 593
1520440346.123470783 736
1520440346.223469973 635
1520440346.323473930 747
1520440346.423476934 530
1520440346.523480177 707
1520440346.623481512 686
1520440346.723484755 783
1520440346.823488712 825
1520440346.973492622 642
1520440347.073491096 726
1520440347.173494339 754
1520440347.323499203 643
1520440347.423499584 728
1520440347.523502350 557
1520440347.573504448 637
1520440347.673507214 449
1520440347.773510456 481
1520440347.873512506 699
1520440347.973515511 504
1520440348.123520613 410
1520440348.273520470 356
1520440348.423525333 392
1520440348.523528337 662
1520440348.623531580 618
1520440348.723529816 627
1520440348.823532581 679
1520440348.923535585 529
1520440349.073541164 478
1520440349.223619223 612
1520440349.373550415 557
1520440349.523561478 523
1520440349.623564243 685
1520440349.723567247 681
1520440349.823570490 636
1520440349.923589468 487
1520440350.023592472 720
1520440350.123596430 712
1520440350.223599434 625
1520440350.273621798 513
1520440350.423626661 587
1520440350.523629665 758
1520440350.623633623 630
1520440350.723633766 511
1520440350.823638678 590
1520440350.923640728 530
1520440351.073644876 509
1520440351.173661232 494
1520440351.323666334 461
1520440351.423669338 605
1520440351.523676157 586
1520440351.623679161 596
1520440351.723682404 609
1520440351.823686123 588
1520440351.923687696 535
1520440352.073692560 476
1520440352.173695803 466
1520440352.273698807 314
1520440352.373707056 548
1520440352.523711920 565
1520440352.673716068 597
1520440352.773720741 662
1520440352.873723984 592
1520440353.023728848 538
1520440353.173734665 463
1520440353.323738575 545
1520440353.473743677 486
1520440353.573752642 600
1520440353.773758650 400
1520440353.873762608 558
1520440353.973769188 446
1520440354.073771954 303
1520440354.173775196 337
1520440354.273778200 504
1520440354.373791456 431
1520440354.423792601 486
1520440354.523796558 337
1520440354.673800468 195
1520440354.823807716 367
1520440354.923810720 576
1520440355.073814869 475
1520440355.173829317 584
1520440355.273832560 744
1520440355.373835325 756
1520440355.473839283 740
1520440355.623854160 514
1520440355.773859024 610
1520440355.973865032 585
1520440356.073881626 630
1520440356.173884630 684
1520440356.273887396 802
1520440356.373890638 893
1520440356.473897934 810
1520440356.623903036 686
1520440356.723906040 671
1520440356.823914766 538
1520440356.973918676 632
1520440357.123923779 639
1520440357.223918438 641
1520440357.323921442 761
1520440357.423924446 778
1520440357.523928404 799
1520440357.623939753 675
1520440357.723942995 805
1520440357.823945999 536
1520440357.873947859 720
1520440357.973950863 674
1520440358.073954582 709
1520440358.223959446 618
1520440358.323962688 700
1520440358.423965693 766
1520440358.523971081 753
1520440358.673976183 738
1520440358.824042082 638
1520440359.024008036 372
1520440359.174013138 427
1520440359.324034214 532
1520440359.474039316 574
1520440359.574042082 620
1520440359.674071550 463
1520440359.774074554 708
1520440359.874077559 759
1520440360.024082422 490
1520440360.124089241 608
1520440360.224093199 594
1520440360.374097109 610
1520440360.474110126 539
1520440360.574113131 477
1520440360.674116135 517
1520440360.774119139 633
1520440360.874122143 538
1520440360.974130154 496
1520440361.074134350 571
1520440361.174137115 466
1520440361.274140120 337
1520440361.424149036 467
1520440361.574152946 552
1520440361.674155951 591
1520440361.774173737 637
1520440361.924179554 646
1520440362.074183702 673
1520440362.174199820 706
1520440362.274202585 693
1520440362.374206781 685
1520440362.474209785 724
1520440362.574229002 602
1520440362.724232912 564
1520440362.824235678 679
1520440362.974269390 305
1520440363.024270296 688
1520440363.124274492 721
1520440363.224277496 725
1520440363.324280262 641
1520440363.474278927 584
1520440363.574281693 585
1520440363.674284697 663
1520440363.774297714 756
1520440363.874299765 724
1520440364.024304628 555
1520440364.124308825 702
1520440364.224327326 720
1520440364.324330568 591
1520440364.424334526 649
1520440364.574347019 380
1520440364.674349785 567
1520440364.774352789 638
1520440364.924357891 465
1520440365.024383783 215
1520440365.074385881 529
1520440365.174388647 626
1520440365.274391890 647
1520440365.374403477 586
1520440365.524408579 547
1520440365.624411583 533
1520440365.724414349 628
1520440365.874408484 510
1520440366.024413347 530
1520440366.174417496 577
1520440366.324432611 583
1520440366.474437714 555
1520440366.624461174 532
1520440366.724463940 603
1520440366.824466944 591
1520440366.924469948 387
1520440367.024483442 487
1520440367.124487162 575
1520440367.224490166 603
1520440367.324493408 647
1520440367.424494505 715
1520440367.574499607 584
1520440367.674502611 621
1520440367.774505615 658
1520440367.924521446 613
1520440368.024525642 721
1520440368.124527693 629
1520440368.224530697 585
1520440368.374541044 511
1520440368.474544048 627
1520440368.624549150 538
1520440368.724559546 591
1520440368.824562788 586
1520440368.924565792 630
1520440369.024568796 606
1520440369.124608994 514
1520440369.224611998 650
1520440369.374617100 437
1520440369.524623632 508
1520440369.624626637 577
1520440369.724630594 597
1520440369.824632645 636
1520440369.924643755 636
1520440370.024646997 620
1520440370.124650717 577
1520440370.224653721 616
1520440370.374733210 479
1520440370.474666595 631
1520440370.624671459 537
1520440370.774677753 538
1520440370.874680758 678
1520440370.974684000 708
1520440371.074687004 704
1520440371.174707413 629
1520440371.274710417 652
1520440371.374713659 627
1520440371.524738550 567
1520440371.674742699 617
1520440371.774745703 680
1520440371.874748707 625
1520440371.924766064 819
1520440372.024769068 714
1520440372.124772072 736
1520440372.224774837 702
1520440372.374805212 574
1520440372.474808216 641
1520440372.624812365 622
1520440372.774847746 581
1520440372.924852848 548
1520440373.024855852 637
1520440373.174881935 638
1520440373.324886084 540
1520440373.424890041 614
1520440373.574944973 501
1520440373.674949169 693
1520440373.774952173 649
1520440373.924956083 586
1520440374.024984598 683
1520440374.124987364 697
1520440374.225070477 719
1520440374.324993610 741
1520440374.425101519 474
1520440374.525104284 710
1520440374.625107527 719
1520440374.725110531 751
1520440374.825123072 665
1520440374.975128174 554
1520440375.075131178 648
1520440375.175179482 611
1520440375.275183678 600
1520440375.325184584 691
1520440375.425188541 524
1520440375.525190353 605
1520440375.625290871 396
1520440375.725293875 637
1520440375.825296879 651
1520440375.925299644 677
1520440376.025371075 458
1520440376.175375223 419
1520440376.275379181 482
1520440376.375382185 492
1520440376.475578308 217
1520440376.575581551 414
1520440376.675584555 459
1520440376.775587559 407
1520440376.875838041 195
1520440376.975840807 325
1520440377.075844765 306
1520440377.175848007 309
1520440377.276203871 202
1520440377.426208973 215
1520440377.526211739 284
1520440377.626980066 100
1520440377.726983070 255
1520440377.826990128 262
1520440377.926989079 214
1520440377.976990938 275
1520440378.026993036 284
1520440378.077886105 100
1520440378.177797318 184
1520440378.277800083 199
1520440378.377803326 280
1520440378.628978252 261
1520440378.728981256 274
1520440378.879022837 281
1520440378.979025841 357
1520440379.079029083 333
1520440379.179032803 413
1520440379.278804302 255
1520440379.378807306 246
1520440379.478810310 196
1520440379.578813076 133
1520440379.678035736 141
1520440379.778037786 160
1520440379.878040791 215
1520440379.978074789 195
1520440380.077128649 94
1520440380.177132845 173
1520440380.227133751 190
1520440380.277135611 241
1520440380.377138615 391
1520440380.526206255 155
1520440380.676211119 475
1520440380.826216221 516
1520440380.925674200 260
1520440381.075679302 401
1520440381.275685310 335
1520440381.475534678 246
1520440381.925581932 153
1520440382.175502539 280
1520440382.425510645 229
1520440382.525484562 305
1520440382.775492430 328
1520440383.025508642 366
1520440383.275517702 341
1520440383.375523329 276
1520440383.525528431 327
1520440383.775543690 328
1520440383.875546932 439
1520440384.025551796 374
1520440384.125554800 405
1520440384.375549078 312
1520440384.525553226 353
1520440384.625590801 438
1520440384.875598907 296
1520440385.125621557 308
1520440385.425630569 305
1520440385.575634480 368
1520440385.675637484 357
1520440385.925640106 351
1520440386.125646114 363
1520440386.275634289 353
1520440386.425639153 366
1520440386.625674963 304
1520440386.725677729 410
1520440386.975685835 343
1520440387.125682831 393
1520440387.325688839 424
1520440387.525669575 356
1520440387.675743818 345
1520440387.775677681 431
1520440387.975706100 343
1520440388.225713968 243
1520440388.325693846 438
1520440388.475698948 407
1520440388.675695419 368
1520440388.775698423 447
1520440388.975705385 415
1520440389.125682116 379
1520440389.275686026 435
1520440389.575685740 362
1520440389.675665617 447
1520440389.775668621 443
1520440389.925653219 430
1520440390.125659227 308
1520440390.375639439 348
1520440390.575645685 328
1520440390.725612640 371
1520440390.825616598 399
1520440390.925619364 439
1520440391.175667763 312
1520440391.375672817 353
1520440391.575711250 373
1520440391.775717020 376
1520440391.825717926 507
1520440391.925705671 495
1520440392.025708914 520
1520440392.275716782 400
1520440392.475729465 396
1520440392.725738525 393
1520440392.825736046 462
1520440392.925739050 511
1520440393.125746012 506
1520440393.375763893 401
1520440393.475766897 498
1520440393.625751257 452
1520440393.875759125 417
1520440393.975746155 500
1520440394.275754929 405
1520440394.475812912 441
1520440394.625818968 453
1520440394.875828266 403
1520440394.975831985 479
1520440395.225874901 400
1520440395.375874758 437
1520440395.525879860 464
1520440395.675895452 458
1520440395.825899601 467
1520440395.925903559 522
1520440396.025965452 497
1520440396.325974464 349
1520440396.526053905 427
1520440396.676058769 435
1520440396.876057863 385
1520440397.026062965 429
1520440397.176066875 424
1520440397.326040745 478
1520440397.476045847 449
1520440397.576048851 502
1520440397.776055336 407
1520440397.976062536 419
1520440398.076121569 453
1520440398.226126671 402
1520440398.376130819 428
1520440398.476150513 451
1520440398.576153517 453
1520440398.726157665 387
1520440398.826161385 424
1520440398.926125050 400
1520440399.026128054 417
1520440399.126135111 367
1520440399.226134062 368
1520440399.326055050 350
1520440399.376055956 404
1520440399.426058054 408
1520440399.526061058 375
1520440399.626064062 295
1520440399.726027489 327
1520440399.826030493 297
1520440399.926034689 280
1520440400.026037455 274
1520440400.126072645 177
1520440400.226075411 242
1520440400.326078415 291
1520440400.426082611 269
1520440400.526068211 274
1520440400.626071215 234
1520440400.776075363 165
1520440400.926050186 186
1520440401.076135159 249
1520440401.176058292 267
1520440401.276061296 273
1520440401.376103163 248
1520440401.526108265 269
1520440401.626111269 244
1520440401.726116896 291
1520440401.876121759 230
1520440402.026126146 180
1520440402.076128006 364
1520440402.126144171 417
1520440402.226147413 310
1520440402.326151133 278
1520440402.426154137 290
1520440402.526157379 303
1520440402.626136303 264
1520440402.726139307 287
1520440402.876144409 233
1520440403.026126862 188
1520440403.126129866 246
1520440403.226133108 229
1520440403.376164198 217
1520440403.576171160 228
1520440403.676174164 239
1520440403.776189804 216
1520440403.876192808 193
1520440404.076199770 177
1520440404.226256132 132
1520440404.326259136 94
1520440404.426263094 140
1520440404.526265144 211
1520440404.576325893 256
1520440404.676328897 190
1520440404.776335955 218
1520440404.826334000 194
1520440404.926336765 186
1520440405.026256084 212
1520440405.076257944 223
1520440405.126259089 282
1520440405.226262093 283
1520440405.326265097 258
1520440405.426226139 262
1520440405.576231241 184
1520440405.676234245 246
1520440405.776237011 317
1520440405.926256180 224
1520440406.026260138 228
1520440406.126263142 243
1520440406.226256371 222
1520440406.326259375 166
1520440406.476263523 206
1520440406.626248360 184
1520440406.726251364 177
1520440406.826254368 147
1520440406.976259232 220
1520440407.126283169 205
1520440407.276287317 191
1520440407.376290321 181
1520440407.526303530 278
1520440407.626306295 246
1520440407.726309299 194
1520440407.826312542 251
1520440407.926291943 283
1520440408.026294947 307
1520440408.176300049 201
1520440408.276247263 189
1520440408.376250267 267
1520440408.526254416 273
1520440408.676285744 191
1520440408.776280642 252
1520440408.876283646 334
1520440408.976286650 283
1520440409.076290369 302
1520440409.226294279 192
1520440409.326297283 263
1520440409.426301241 151
1520440409.576276302 317
1520440409.776283503 281
1520440409.926267147 296
1520440410.026271343 278
1520440410.126274347 319
1520440410.226276159 290
1520440410.376273870 210
1520440410.576276064 303
1520440410.676278830 361
1520440410.826252222 339
1520440410.976257324 275
1520440411.126280785 237
1520440411.226283789 248
1520440411.326286793 219
1520440411.476291895 317
1520440411.576275349 352
1520440411.676278591 275
1520440411.776282549 296
1520440411.926260948 271
1520440412.076264858 298
1520440412.176268816 302
1520440412.276271820 311
1520440412.376249790 397
1520440412.526253939 336
1520440412.676258802 231
1520440412.776211977 375
1520440412.876214981 413
1520440413.076221943 383
1520440413.376227617 348
1520440413.476230621 490
1520440413.576242447 554
1520440413.826249361 438
1520440413.976243496 507
1520440414.076246262 455
1520440414.276252508 485
1520440414.576278210 461
1520440414.676281452 551
1520440414.826326370 550
1520440415.076334238 478
1520440415.226342440 467
1520440415.376346350 339
1520440415.426348209 328
1520440415.576353312 271
1520440415.726386786 397
1520440415.876390934 303
1520440415.976393700 359
1520440416.076440096 451
1520440416.176443100 470
1520440416.276447296 446
1520440416.426440001 376
1520440416.526443005 446
1520440416.626446009 359
1520440416.726449966 409
1520440416.826432705 308
1520440416.926435947 237
1520440417.026438713 276
1520440417.126441717 247
1520440417.226444721 261
1520440417.326442480 361
1520440417.476447582 322
1520440417.576451540 282
1520440417.676398754 363
1520440417.776406050 356
1520440417.976408005 273
1520440418.126348495 302
1520440418.276353598 316
1520440418.476356506 274
1520440418.676363468 352
1520440418.776366711 359
1520440418.876414776 380
1520440419.076420546 311
1520440419.276428699 305
1520440419.426433802 384
1520440419.576437712 421
1520440419.776454210 299
1520440419.876456976 451
1520440419.976462126 477
1520440420.176475048 427
1520440420.326479197 428
1520440420.476484060 377
1520440420.626510382 323
1520440420.726514339 383
1520440420.826517582 352
1520440420.926540136 343
1520440421.026542902 344
1520440421.126545906 323
1520440421.226548910 298
1520440421.326529264 393
1520440421.476534367 224
1520440421.626538277 204
1520440421.676539421 390
1520440421.726541281 392
1520440421.826544285 267
1520440421.976583481 262
1520440422.126553297 220
1520440422.226533175 290
1520440422.276535034 389
1520440422.326537132 348
1520440422.426540136 299
1520440422.576555252 241
1520440422.726560354 151
1520440422.826563358 304
1520440422.926566124 282
1520440423.026582956 204
1520440423.176587105 216
1520440423.326591969 234
1520440423.376582623 219
1520440423.476585388 227
1520440423.576588631 231
1520440423.726593494 215
1520440423.826583147 361
1520440423.926585913 307
1520440424.026588917 338
1520440424.126591921 355
1520440424.276590109 305
1520440424.376593113 307
1520440424.426594019 293
1520440424.476595879 326
1520440424.576599121 245
1520440424.726605892 249
1520440424.876609802 314
1520440424.976613998 346
1520440425.076614857 319
1520440425.176618099 381
1520440425.276622057 306
1520440425.376624107 328
1520440425.476628780 193
1520440425.576631784 311
1520440425.726636887 172
1520440425.926619291 189
1520440426.026622295 163
1520440426.126625299 286
1520440426.276620150 275
1520440426.376623154 244
1520440426.476625919 234
1520440426.576628923 302
1520440426.676607847 279
1520440426.826611757 258
1520440426.926615715 462
1520440427.026618719 411
1520440427.126592875 382
1520440427.226595879 483
1520440427.526570797 282
1520440427.626576900 492
1520440427.726576805 509
1520440427.876576424 548
1520440427.976579666 607
1520440428.076582670 658
1520440428.176585436 598
1520440428.276582241 557
1520440428.326583385 647
1520440428.426586390 554
1520440428.526589155 521
1520440428.626592159 536
1520440428.726588011 550
1520440428.826591015 516
1520440428.926594734 565
1520440429.026596785 555
1520440429.126581907 568
1520440429.226585150 648
1520440429.276587009 768
1520440429.326589108 716
1520440429.376590014 669
1520440429.426592112 717
1520440429.476593256 686
1520440429.526602030 560
1520440429.576603174 560
1520440429.626605034 600
1520440429.676605940 605
1520440429.726608038 587
1520440429.776608944 631
1520440429.826611042 673
1520440429.876613140 654
1520440429.976608753 463
1520440430.076611757 438
1520440430.126612663 576
1520440430.176614761 525
1520440430.226615906 558
1520440430.326586723 449
1520440430.376587868 604
1520440430.476590872 472
1520440430.576593637 490
1520440430.676597834 493
1520440430.726554155 463
1520440430.826556921 407
1520440430.926559925 501
1520440431.026563168 403
1520440431.176561356 408
1520440431.326566458 392
1520440431.476571321 382
1520440431.626590490 379
1520440431.776595354 420
1520440431.876598597 436
1520440431.976627350 427
1520440432.076630592 424
1520440432.176633358 444
1520440432.276637554 389
1520440432.376649618 410
1520440432.526654720 392
1520440432.626657724 385
1520440432.776681900 304
1520440432.876686096 397
1520440432.976689100 390
1520440433.126693010 331
1520440433.226738930 358
1520440433.326810837 408
1520440433.426744938 390
1520440433.576809645 250
1520440433.676812887 355
1520440433.776815891 366
1520440433.926820755 243
1520440434.026932240 249
1520440434.126936436 352
1520440434.226939440 334
1520440434.326942444 396
1520440434.426985264 322
1520440434.476986170 429
1520440434.576989174 351
1520440434.676992178 292
1520440434.776995420 342
1520440434.877100229 282
1520440434.977103472 377
1520440435.077106476 388
1520440435.177109480 335
1520440435.227293968 126
1520440435.327296734 198
1520440435.427299738 214
1520440435.477301836 258
1520440435.577304840 171
1520440435.627392769 110
1520440435.727395535 176
1520440435.827398539 185
1520440435.927402735 210
1520440436.027419806 219
1520440436.177423954 248
1520440436.277427673 352
1520440436.377430677 245
1520440436.477365255 182
1520440436.577369452 267
1520440436.677373409 245
1520440436.777375221 232
1520440436.877313614 190
1520440436.977316380 222
1520440437.077344418 225
1520440437.177322388 194
1520440437.277280807 194
1520440437.377283812 131
1520440437.427284718 134
1520440437.477286816 127
1520440437.527288914 128
1520440437.627291918 97
1520440437.677273035 87
1520440437.727274895 107
1520440437.777276993 102
1520440437.827278137 84
1520440437.877279997 90
1520440437.927280903 80
1520440438.027283907 68
1520440438.077263355 63
1520440438.277270317 55
1520440438.377272367 76
1520440438.528302193 17
1520440438.628308296 17
1520440438.728308916 20
1520440438.828310966 21
1520440438.929383755 25
1520440439.029386759 26
1520440439.129390478 24
1520440439.229393721 24
1520440439.328409195 17
1520440439.428412199 16
1520440439.528415203 14
1520440439.628417969 15
1520440439.728347301 13
1520440439.828350544 12
1520440439.928354263 10
1520440440.028357267 9
1520440440.129594088 9
1520440440.229597092 12
1520440440.329601288 12
1520440440.429603338 14
1520440440.534322977 73
1520440440.634328842 40
1520440440.734329939 127
1520440440.834333897 148
1520440440.884333849 188
1520440440.935785294 99
1520440441.035788298 116
1520440441.085790157 174
1520440441.185793161 160
1520440441.235794544 195
1520440441.385799408 159
1520440441.485802174 161
1520440441.585805416 158
1520440441.685808420 153
1520440441.785811186 131
1520440441.885815382 124
1520440441.985819340 123
1520440442.185824156 90
1520440442.285827398 138
1520440442.435832262 129
1520440442.535835505 151
1520440442.635838270 155
1520440442.735906363 181
1520440442.785843134 253
1520440442.835844278 241
1520440442.985849380 154
1520440443.085852385 170
1520440443.185855150 170
1520440443.285858393 188
1520440443.335860252 235
1520440443.385861397 246
1520440443.435863256 270
1520440443.535866261 214
1520440443.635869503 232
1520440443.735872269 250
1520440443.833973169 52
1520440443.933976412 238
1520440444.033979416 275
1520440444.133982182 253
1520440444.281060934 20
1520440444.381063700 23
1520440444.481066704 15
1520440444.581069708 17
1520440444.679346323 18
1520440444.779349566 17
1520440444.879352570 18
1520440444.979355574 16
1520440445.078713417 17
1520440445.178716421 14
1520440445.278719425 10
1520440445.378722191 7
1520440445.479225874 7
1520440445.579228878 7
1520440445.679232836 8
1520440445.779235840 10
1520440445.883121014 25
1520440445.983123779 22
1520440446.083126783 25
1520440446.183129787 22
1520440446.285953283 35
1520440446.635963440 43
1520440446.935972452 33
1520440447.035975456 151
1520440447.135979176 153
1520440447.235982418 158
1520440447.385986328 149
1520440447.485990286 190
1520440447.585993290 178
1520440447.685996294 214
1520440447.785999298 211
1520440447.886003256 167
1520440447.986005306 195
1520440448.136010170 127
1520440448.236013412 181
1520440448.336027384 183
1520440448.436019182 196
1520440448.536023378 185
1520440448.636025429 175
1520440448.686027288 281
1520440448.735256672 117
1520440448.835259676 234
1520440448.885260820 317
1520440448.985263586 311
1520440449.085267782 335
1520440449.132745743 74
1520440449.232748508 242
1520440449.282750607 277
1520440449.332751513 281
1520440449.382753611 291
1520440449.432755709 359
1520440449.482757568 385
1520440449.530884266 50
1520440449.580886364 256
1520440449.680889368 217
1520440449.730890274 318
1520440449.780892372 329
1520440449.830893278 373
1520440449.880895138 354
1520440449.929504395 113
1520440449.979506493 233
1520440450.029507399 315
1520440450.079509497 342
1520440450.129510403 362
1520440450.179512262 331
1520440450.229607344 304
1520440450.279515505 366
1520440450.378168106 206
1520440450.428169966 298
1520440450.478170872 287
1520440450.528172970 317
1520440450.578173876 348
1520440450.628175974 328
1520440450.678178072 373
1520440450.728389263 195
1520440450.777780771 99
1520440450.827781677 245
1520440450.877783537 254
1520440450.927784681 314
1520440450.977786541 348
1520440451.027787447 358
1520440451.077789783 372
1520440451.127791643 409
1520440451.227331877 305
1520440451.277332783 330
1520440451.327334881 364
1520440451.377336740 350
1520440451.427338839 382
1520440451.477339983 378
1520440451.527341843 376
1520440451.577256441 194
1520440451.627258539 271
1520440451.727260351 229
1520440451.827263594 236
1520440452.127647638 273
1520440452.227650881 383
1520440452.327653885 388
1520440452.377909184 123
1520440452.477911949 290
1520440452.577915192 434
1520440452.677918196 366
1520440452.777655125 65
1520440452.877657890 298
1520440452.977660894 291
1520440453.077665091 238
1520440453.177408457 81
1520440453.277411699 359
1520440453.377415419 406
1520440453.427416563 376
1520440453.477418423 312
1520440453.527419329 544
1520440453.577420473 583
1520440453.627163172 70
1520440453.677165031 259
1520440453.727167130 273
1520440453.777168036 249
1520440453.827169180 246
1520440453.877171278 269
1520440453.927178144 281
1520440453.977174282 207
1520440454.027219772 130
1520440454.077221632 214
1520440454.127222776 202
1520440454.177224636 191
1520440454.227226734 185
1520440454.277227879 163
1520440454.327229738 157
1520440454.377230644 103
1520440454.427368402 68
1520440454.477369308 120
1520440454.527371407 144
1520440454.577372313 169
1520440454.627374411 177
1520440454.677376509 166
1520440454.727377415 184
1520440454.777379274 206
1520440454.827217102 158
1520440454.877218008 210
1520440454.927219152 243
1520440454.977221012 249
1520440455.027221918 261
1520440455.077225208 262
1520440455.127226114 237
1520440455.177227020 250
1520440455.277091503 189
1520440455.327092648 209
1520440455.377094746 199
1520440455.427095652 238
1520440455.477097750 270
1520440455.527098656 276
1520440455.577100515 242
1520440455.677329063 217
1520440455.727331161 346
1520440455.777334929 362
1520440455.827333212 332
1520440455.877335072 261
1520440455.927337170 215
1520440455.977338076 208
1520440456.027339935 212
1520440456.077556372 56
1520440456.127558470 94
1520440456.177559376 120
1520440456.227561474 87
1520440456.277563334 91
1520440456.327564240 119
1520440456.377566576 141
1520440456.427567244 159
1520440456.477716208 112
1520440456.527717113 178
1520440456.577718973 229
1520440456.627720118 209
1520440456.677722216 182
1520440456.727724314 212
1520440456.777726173 260
1520440456.827727079 296
1520440456.877616405 168
1520440456.927618504 190
1520440456.977619410 204
1520440457.027621269 243
1520440457.077622414 318
1520440457.127624512 345
1520440457.177625418 335
1520440457.227627516 308
1520440457.327337027 287
1520440457.377338886 295
1520440457.427339792 228
1520440457.477342606 193
1520440457.527343988 183
1520440457.577344656 174
1520440457.627346992 167
1520440457.677718639 56
1520440457.727639437 79
1520440457.777641535 114
1520440457.827642679 108
1520440457.877644539 107
1520440457.927645683 114
1520440457.977647543 113
1520440458.027648449 120
1520440458.077650785 163
1520440458.127551556 123
1520440458.177553415 170
1520440458.227554560 205
1520440458.327558517 139
1520440458.377559662 221
1520440458.427561522 247
1520440458.477562666 234
1520440458.527375937 76
1520440458.577377796 133
1520440458.627378941 188
1520440458.677380800 189
1520440458.727381706 210
1520440458.777384043 225
1520440458.827385902 280
1520440458.877387047 292
1520440458.927430153 244
1520440458.977431059 284
1520440459.027433157 343
1520440459.077435255 357
1520440459.127435923 361
1520440459.177437067 316
1520440459.227442265 312
1520440459.277440310 340
1520440459.378138304 221
1520440459.428138256 219
1520440459.478140116 249
1520440459.528201103 242
1520440459.578143120 265
1520440459.628144503 199
1520440459.678146362 223
1520440459.727810860 168
1520440459.777812958 191
1520440459.827813864 205
1520440459.877815723 249
1520440459.927818060 290
1520440459.977818966 270
1520440460.027820826 257
1520440460.077821970 274
1520440460.177353382 137
1520440460.227355480 248
1520440460.277357578 318
1520440460.327358484 285
1520440460.377360344 294
1520440460.427362442 294
1520440460.477363348 276
1520440460.527364492 308
1520440460.627700567 280
1520440460.677701712 352
1520440460.727703571 377
1520440460.777705431 314
1520440460.827706575 260
1520440460.877708435 215
1520440460.927709341 238
1520440460.978045225 81
1520440461.028042078 196
1520440461.078045130 145
1520440461.128045082 152
1520440461.178046942 197
1520440461.228048086 203
1520440461.278053045 253
1520440461.328051090 245
1520440461.427464247 195
1520440461.477466106 253
1520440461.527467966 284
1520440461.577469110 288
1520440461.627471209 337
1520440461.677472353 449
1520440461.727474213 530
1520440461.777408600 194
1520440461.827410460 407
1520440461.877412319 455
1520440461.927413464 353
1520440461.977415323 366
1520440462.027416468 349
1520440462.077418566 349
1520440462.127419472 379
1520440462.227880239 246
1520440462.277882338 323
1520440462.327884197 352
1520440462.377885103 348
1520440462.427887440 394
1520440462.477889299 407
1520440462.527890205 348
1520440462.577840328 256
1520440462.627842188 389
1520440462.677843571 416
1520440462.727844238 361
1520440462.777847290 372
1520440462.827848434 323
1520440462.877849340 285
1520440462.927851200 268
1520440462.977852345 274
1520440463.027634144 137
1520440463.077636003 246
1520440463.127640009 288
1520440463.177639246 351
1520440463.227680922 371
1520440463.277642250 422
1520440463.327644110 413
1520440463.377645016 400
1520440463.427608490 259
1520440463.477610588 278
1520440463.527611494 293
1520440463.577613592 314
1520440463.627614498 289
1520440463.677616358 233
1520440463.727617502 243
1520440463.777619362 262
1520440463.827856302 97
1520440463.877857447 185
1520440463.927859545 256
1520440463.977860689 227
1520440464.027862549 271
1520440464.077863455 259
1520440464.127865553 289
1520440464.177866459 285
1520440464.228100777 131
1520440464.278102875 231
1520440464.328103781 313
1520440464.378105879 330
1520440464.428107738 322
1520440464.478109598 315
1520440464.528110743 333
1520440464.578111649 345
1520440464.628144503 315
1520440464.678145647 494
1520440464.728147507 459
1520440464.778149366 395
1520440464.828150511 447
1520440464.878152370 501
1520440464.928153515 475
1520440464.978157520 473
1520440465.027884245 194
1520440465.077928305 335
1520440465.127887249 369
1520440465.177889347 411
1520440465.227890253 466
1520440465.277892351 494
1520440465.327893257 453
1520440465.377895117 452
1520440465.427896261 381
1520440465.478389978 125
1520440465.528392076 349
1520440465.578392982 357
1520440465.628395081 391
1520440465.678396225 380
1520440465.728398085 373
1520440465.778398991 372
1520440465.828401089 400
1520440465.878471613 327
1520440465.928472757 370
1520440465.978474855 396
1520440466.028475761 395
1520440466.078477859 373
1520440466.128478765 343
1520440466.178481579 340
1520440466.228482723 336
1520440466.278416872 400
1520440466.328418970 411
1520440466.378419876 443
1520440466.428420782 456
1520440466.478423119 455
1520440466.528424025 500
1520440466.578425169 571
1520440466.628427029 561
1520440466.777718067 31
1520440466.877720833 36
1520440466.977723837 38
1520440467.077907562 36
1520440467.127909660 32
1520440467.177910566 191
1520440467.227912426 317
1520440467.277913570 295
1520440467.327915430 281
1520440467.377916336 266
1520440467.427918673 281
1520440467.477880001 195
1520440467.527881145 209
1520440467.577883244 202
1520440467.627884388 247
1520440467.677886248 280
1520440467.727888107 289
1520440467.777889252 335
1520440467.827890158 366
1520440467.877892017 357
1520440467.928093910 180
1520440467.978094816 332
1520440468.028096676 370
1520440468.078099012 361
1520440468.128100872 403
1520440468.178101778 439
1520440468.228103876 428
1520440468.278104782 411
1520440468.377773285 315
1520440468.427774191 510
1520440468.477778196 559
1520440468.527778387 503
1520440468.577779293 475
1520440468.627781153 406
1520440468.677782297 420
1520440468.728168964 157
1520440468.778236866 316
1520440468.828171730 368
1520440468.878172874 357
1520440468.928174734 362
1520440468.978175640 326
1520440469.028177977 320
1520440469.078179836 298
1520440469.128406048 130
1520440469.178407907 196
1520440469.228409052 233
1520440469.278410912 245
1520440469.328412056 220
1520440469.378414154 238
1520440469.428415060 263
1520440469.478417158 258
1520440469.528206348 174
1520440469.578207493 219
1520440469.628209352 260
1520440469.678210258 230
1520440469.728212595 283
1520440469.778213263 303
1520440469.828215361 375
1520440469.878217459 444
1520440469.928141117 280
1520440469.978142977 468
1520440470.028144121 528
1520440470.078145981 558
1520440470.128148079 483
1520440470.178149939 486
1520440470.228151083 477
1520440470.278155088 489
1520440470.328154087 407
1520440470.378063917 197
1520440470.428066015 284
1520440470.478067875 231
1520440470.528068781 227
1520440470.578069925 260
1520440470.628164768 263
1520440470.678074121 227
1520440470.728075027 220
1520440470.778129816 188
1520440470.828130722 182
1520440470.878133059 174
1520440470.928133965 208
1520440470.978135824 232
1520440471.028136969 226
1520440471.078138828 247
1520440471.128140688 267
1520440471.228534698 213
1520440471.278535604 308
1520440471.328537941 306
1520440471.378538847 276
1520440471.428540707 291
1520440471.478542805 244
1520440471.528543711 340
1520440471.578238487 140
1520440471.628239632 315
1520440471.678241491 443
1520440471.728243351 438
1520440471.778245687 530
1520440471.828246593 595
1520440471.878247499 702
1520440471.928249598 756
1520440471.978066444 201
1520440472.028068542 547
1520440472.078069448 450
1520440472.128071308 457
1520440472.178073645 380
1520440472.228074551 367
1520440472.278076649 334
1520440472.328077555 341
1520440472.378320694 167
1520440472.428322792 207
1520440472.478323698 265
1520440472.528324842 286
1520440472.578326702 296
1520440472.628327608 244
1520440472.678329945 225
1520440472.728331804 238
1520440472.778332710 247
1520440472.828459501 159
1520440472.878460407 216
1520440472.928462267 209
1520440472.978463411 248
1520440473.028465509 220
1520440473.078467369 239
1520440473.128468513 196
1520440473.178470373 152
1520440473.228546858 142
1520440473.278548002 250
1520440473.328548908 363
1520440473.378550768 376
1520440473.428551912 285
1520440473.478553772 258
1520440473.528555870 316
1520440473.578557968 295
1520440473.628015280 22
1520440473.678017616 71
1520440473.728018522 221
1520440473.778019667 290
1520440473.828021526 278
1520440473.878023386 274
1520440473.928024530 245
1520440473.978026390 196
1520440474.028238297 59
1520440474.078240156 135
1520440474.128242254 195
1520440474.178243399 175
1520440474.228245258 243
1520440474.278269291 241
1520440474.328248262 294
1520440474.378249168 240
1520440474.428346872 172
1520440474.478347778 228
1520440474.528349876 258
1520440474.578350782 289
1520440474.628352880 336
1520440474.678354979 411
1520440474.728355885 411
1520440474.778357744 375
1520440474.828358889 295
1520440474.878247738 153
1520440474.928248882 320
1520440474.978250742 517
1520440475.028252602 652
1520440475.078253746 633
1520440475.128255844 569
1520440475.178256989 506
1520440475.228258848 536
1520440475.277971506 148
1520440475.327973604 262
1520440475.377975464 326
1520440475.427976370 350
1520440475.477978706 356
1520440475.527980566 320
1520440475.577981472 362
1520440475.627983570 400
1520440475.678171635 204
1520440475.728173494 312
1520440475.778174400 392
1520440475.828177452 356
1520440475.878177643 352
1520440475.928179502 396
1520440475.978180647 404
1520440476.028182507 263
1520440476.078294992 182
1520440476.128367901 224
1520440476.178297758 260
1520440476.228300095 278
1520440476.278301954 199
1520440476.328302860 147
1520440476.378304958 122
1520440476.428305864 126
1520440476.478437424 97
1520440476.528438330 168
1520440476.578440189 157
1520440476.628442287 154
1520440476.678443193 163
1520440476.728445292 170
1520440476.778446436 193
1520440476.828448296 297
1520440476.927989483 86
1520440476.977990627 95
1520440477.027992487 222
1520440477.077994585 211
1520440477.127995729 248
1520440477.177997589 215
1520440477.227999449 185
1520440477.278000593 155
1520440477.328161001 80
1520440477.378163099 121
1520440477.428164005 158
1520440477.478166342 133
1520440477.528167248 94
1520440477.578168154 64
1520440477.628170252 146
1520440477.678172112 155
1520440477.727933884 75
1520440477.777934790 63
1520440477.827937126 119
1520440477.877938986 80
1520440477.927939892 55
1520440477.977941990 57
1520440478.027942896 118
1520440478.077944756 145
1520440478.127795458 58
1520440478.177797556 157
1520440478.227799654 211
1520440478.277800560 285
1520440478.327802658 307
1520440478.377803564 359
1520440478.427805424 376
1520440478.477806568 406
1520440478.528063297 94
1520440478.578064442 200
1520440478.628066301 457
1520440478.678068161 583
1520440478.728069305 752
1520440478.828072309 581
1520440478.878074408 584
1520440478.928264141 217
1520440478.978266478 433
1520440479.028268337 380
1520440479.078269243 381
1520440479.128271341 427
1520440479.178273201 345
1520440479.228274107 440
1520440479.278275251 432
1520440479.328081608 116
1520440479.378082514 294
1520440479.428084373 389
1520440479.478086710 398
1520440479.528087616 448
1520440479.628090620 328
1520440479.728094816 341
1520440479.827937365 303
1520440479.877939463 326
1520440479.927941322 322
1520440479.977942228 323
1520440480.027944565 304
1520440480.077945232 310
1520440480.127947330 293
1520440480.177873373 117
1520440480.227875233 209
1520440480.277877331 306
1520440480.327878475 325
1520440480.377880335 353
1520440480.427881241 365
1520440480.477883339 393
1520440480.527884245 384
1520440480.577943802 308
1520440480.627945662 522
1520440480.677946806 544
1520440480.727948904 509
1520440480.777950048 508
1520440480.827951908 490
1520440480.877953768 474
1520440480.927954912 372
1520440480.978168249 137
1520440481.028169155 328
1520440481.078171253 352
1520440481.128172398 377
1520440481.178174257 374
1520440481.228175163 351
1520440481.278177261 306
1520440481.328179121 281
1520440481.378155708 254
1520440481.428158045 302
1520440481.478158951 361
1520440481.528160810 353
1520440481.578162909 383
1520440481.628163815 409
1520440481.678164721 381
1520440481.728166819 349
1520440481.778111458 215
1520440481.828112364 335
1520440481.928115368 248
1520440482.028118610 252
1520440482.128121376 195
1520440482.228113413 219
1520440482.278114557 267
1520440482.328116417 282
1520440482.378117561 284
1520440482.428119659 306
1520440482.478120565 286
1520440482.528122663 328
1520440482.578123569 303
1520440482.628001451 124
1520440482.678003550 258
1520440482.728005409 285
1520440482.778006554 318
1520440482.828008413 292
1520440482.878009319 269
1520440482.928010464 249
1520440482.978013515 248
1520440483.027989149 235
1520440483.077990055 394
1520440483.127992392 400
1520440483.177994251 381
1520440483.227995157 411
1520440483.328002214 356
1520440483.478302479 379
1520440483.528303385 478
1520440483.578305244 387
1520440483.628306389 326
1520440483.678308249 369
1520440483.728309155 362
1520440483.778311491 245
1520440483.828347683 227
1520440483.878349543 269
1520440483.928351641 166
1520440483.978352547 172
1520440484.028354645 142
1520440484.128357649 78
1520440484.228292942 118
1520440484.328295946 121
1520440484.428298712 79
1520440484.478300810 100
1520440484.528302908 98
1520440484.578304768 99
1520440484.628305912 105
1520440484.678832054 30
1520440484.728834391 43
1520440484.778835297 45
1520440484.828837156 85
1520440484.878838301 232
1520440484.928840160 292
1520440484.978841066 307
1520440485.028847218 346
1520440485.128288746 32
1520440485.228292704 31
1520440485.478462219 51
1520440485.528464079 41
1520440485.578465223 345
1520440485.628467083 448
1520440485.678468466 319
1520440485.728470325 335
1520440485.778471231 272
1520440485.828473330 356
1520440485.878281355 144
1520440485.928282738 378
1520440485.978284597 404
1520440486.028285503 399
1520440486.078287601 348
1520440486.178290367 273
1520440486.278697491 116
1520440486.328700304 292
1520440486.378700256 349
1520440486.428703547 355
1520440486.478704453 332
1520440486.528705597 311
1520440486.578707457 463
1520440486.628709316 470
1520440486.678794384 291
1520440486.728796482 552
1520440486.778797388 594
1520440486.828799486 641
1520440486.878800392 713
1520440486.928805351 703
1520440486.978803396 744
1520440487.028804302 742
1520440487.078880548 782
1520440487.228483677 268
1520440487.278484821 311
1520440487.328486681 306
1520440487.378487825 294
1520440487.428489685 248
1520440487.478491545 224
1520440487.528507471 246
1520440487.578509569 296
1520440487.628510475 286
1520440487.678512335 314
1520440487.728513479 377
1520440487.778515339 369
1520440487.828516722 385
1520440487.928404570 199
1520440487.978405476 305
1520440488.028407574 268
1520440488.078408480 330
1520440488.128410339 364
1520440488.178412437 442
1520440488.228414536 480
1520440488.278415442 478
1520440488.328655720 178
1520440488.378656864 352
1520440488.428658724 334
1520440488.478659630 279
1520440488.528661728 230
1520440488.578662634 311
1520440488.628663540 356
1520440488.678665638 392
1520440488.728448868 91
1520440488.778449774 380
1520440488.828451633 426
1520440488.878482580 410
1520440488.928454638 351
1520440488.978455544 305
1520440489.028457642 253
1520440489.078459740 261
1520440489.128460646 221
1520440489.178612471 66
1520440489.228613377 166
1520440489.278615236 166
1520440489.328616381 186
1520440489.378618479 185
1520440489.428620338 162
1520440489.478621483 152
1520440489.528623343 277
1520440489.578450203 106
1520440489.728455067 179
1520440489.778455973 296
1520440489.828458309 286
1520440489.878460169 257
1520440489.928461075 145
1520440489.978696108 59
1520440490.028698206 201
1520440490.078699112 161
1520440490.128701210 160
1520440490.178702116 187
1520440490.228703976 170
1520440490.278706074 242
1520440490.328706980 277
1520440490.478327036 136
1520440490.528328180 199
1520440490.578330040 195
1520440490.628330946 166
1520440490.678333282 189
1520440490.728334188 152
1520440490.828475714 41
1520440490.878477573 160
1520440490.928478718 201
1520440490.978480577 157
1520440491.028481722 156
1520440491.078483820 204
1520440491.128485680 289
1520440491.178553820 120
1520440491.228555918 122
1520440491.278556824 155
1520440491.328558922 134
1520440491.378560066 115
1520440491.428561926 150
1520440491.478563786 194
1520440491.528564930 209
1520440491.578567028 123
1520440491.628468275 81
1520440491.678470135 170
1520440491.728471994 230
1520440491.778474331 258
1520440491.828475237 307
1520440491.878476143 300
1520440491.928478241 258
1520440491.978479147 203
1520440492.028407097 63
1520440492.078408957 90
1520440492.128409863 107
1520440492.178411961 112
1520440492.228412867 103
1520440492.278414965 178
1520440492.328416109 220
1520440492.378417969 207
1520440492.478899479 114
1520440492.528995514 177
1520440492.578902483 219
1520440492.628903389 227
1520440492.678905487 188
1520440492.728907585 130
1520440492.778908491 161
1520440492.878608227 74
1520440492.928610325 118
1520440492.978611231 113
1520440493.028613329 89
1520440493.078615189 110
1520440493.128616095 151
1520440493.178618431 179
1520440493.278390169 156
1520440493.328392267 168
1520440493.378393412 172
1520440493.428394318 205
1520440493.478396177 209
1520440493.528398275 191
1520440493.578400373 164
1520440493.628648996 43
1520440493.678650856 180
1520440493.728652000 232
1520440493.778653860 264
1520440493.828654766 321
1520440493.878657103 303
1520440493.928658009 259
1520440493.978659868 232
1520440494.028639793 164
1520440494.078781843 114
1520440494.128783941 153
1520440494.178785086 153
1520440494.228785992 135
1520440494.278788090 121
1520440494.328857183 92
1520440494.378790855 215
1520440494.428793192 244
1520440494.478845119 155
1520440494.528847456 147
1520440494.578848362 115
1520440494.628850222 136
1520440494.678852320 160
1520440494.728853226 241
1520440494.778855085 234
1520440494.828856230 227
1520440494.878907919 132
1520440494.928908825 161
1520440494.978910685 191
1520440495.028911829 179
1520440495.078913689 185
1520440495.128915787 158
1520440495.178916931 138
1520440495.228918791 149
1520440495.279306412 67
1520440495.329308748 111
1520440495.379310608 144
1520440495.429312468 212
1520440495.479313612 297
1520440495.529314518 277
1520440495.579316854 272
1520440495.629318714 234
1520440495.679306984 204
1520440495.729308128 202
1520440495.779309988 174
1520440495.829312086 205
1520440495.879314184 238
1520440495.929315090 212
1520440495.979315996 266
1520440496.029318094 255
1520440496.079486370 131
1520440496.129533768 251
1520440496.179489613 244
1520440496.229491472 235
1520440496.279493570 320
1520440496.329494476 293
1520440496.379496336 350
1520440496.429497719 300
1520440496.479499578 208
1520440496.529316187 96
1520440496.579318047 128
1520440496.629320145 139
1520440496.679321051 130
1520440496.729322910 115
1520440496.779324055 93
1520440496.829326153 128
1520440496.879327059 190
1520440496.929238558 115
1520440496.979239464 153
1520440497.029241323 217
1520440497.079243422 225
1520440497.129244328 309
1520440497.229248524 292
1520440497.279249430 249
1520440497.329405069 167
1520440497.379406452 152
1520440497.429408312 138
1520440497.479409218 116
1520440497.529411316 159
1520440497.579412222 186
1520440497.629414082 174
1520440497.679416418 198
1520440497.729273319 127
1520440497.779274225 231
1520440497.829276323 245
1520440497.879278421 254
1520440497.929308414 254
1520440497.979281425 321
1520440498.029282331 308
1520440498.079284191 258
1520440498.129187822 148
1520440498.179189682 156
1520440498.229190588 144
1520440498.279192924 159
1520440498.329194784 151
1520440498.379195690 144
1520440498.429197788 155
1520440498.479198694 139
1520440498.529223919 146
1520440498.579225063 148
1520440498.629226923 190
1520440498.679229259 244
1520440498.729230165 318
1520440498.779232025 364
1520440498.829233170 360
1520440498.879235029 330
1520440498.929235935 273
1520440498.979434252 138
1520440499.029436111 203
1520440499.079437256 182
1520440499.129439116 174
1520440499.179440022 145
1520440499.229442358 132
1520440499.279444218 136
1520440499.329445124 138
1520440499.379146099 53
1520440499.429148912 128
1520440499.479149818 229
1520440499.579152822 247
1520440499.629154921 327
1520440499.679156065 316
1520440499.729173899 264
1520440499.778891087 81
1520440499.828892946 130
1520440499.878893852 158
1520440499.928895950 200
1520440499.978896856 211
1520440500.028898716 229
1520440500.078899860 242
1520440500.128901958 237
1520440500.178720236 87
1520440500.228722095 158
1520440500.278724432 269
1520440500.328725338 311
1520440500.378727198 361
1520440500.428729296 414
1520440500.528731108 334
1520440500.578815937 186
1520440500.628817081 308
1520440500.678819180 259
1520440500.728821039 195
1520440500.778823137 145
1520440500.828824997 111
1520440500.878824949 112
1520440500.928827047 101
1520440500.978762388 75
1520440501.028764486 106
1520440501.078765392 131
1520440501.128766537 120
1520440501.178768396 194
1520440501.228770256 203
1520440501.278771400 204
1520440501.328773260 247
1520440501.378774166 226
1520440501.428753853 167
1520440501.478756189 177
1520440501.528769016 158
1520440501.578758955 162
1520440501.628761053 168
1520440501.678761959 205
1520440501.728763819 181
1520440501.778764963 152
1520440501.879117012 152
1520440501.929117918 198
1520440501.979119778 174
1520440502.029120922 173
1520440502.079123020 116
1520440502.129124165 102
1520440502.179126024 77
1520440502.328913450 35
1520440502.428916454 18
1520440502.528919458 19
1520440502.629141331 19
1520440502.729145288 19
1520440502.829148054 20
1520440502.929151297 19
1520440503.028837204 17
1520440503.128840923 20
1520440503.228843927 25
1520440503.328859091 45
1520440503.428849936 56
1520440503.528815508 49
1520440503.578817606 37
1520440503.628818750 327
1520440503.678820610 434
1520440503.728821516 432
1520440503.778823614 446
1520440503.828824520 435
1520440503.878899813 154
1520440503.928901672 384
1520440503.978902578 320
1520440504.028904676 284
1520440504.078906536 323
1520440504.128907442 336
1520440504.178908587 340
1520440504.228910685 337
1520440504.279155970 106
1520440504.329157114 311
1520440504.379158974 409
1520440504.429159880 379
1520440504.479163170 335
1520440504.529164076 321
1520440504.579165220 385
1520440504.629167080 417
1520440504.679333448 184
1520440504.729334354 343
1520440504.779335260 395
1520440504.829337358 360
1520440504.879338264 351
1520440504.929340124 337
1520440504.979342222 448
1520440505.029343128 452
1520440505.079535246 166
1520440505.129552364 358
1520440505.179538488 514
1520440505.229539394 618
1520440505.279541254 710
1520440505.329543352 753
1520440505.379544258 692
1520440505.429545403 554
1520440505.479471922 244
1520440505.529474020 339
1520440505.579474926 402
1520440505.629476786 435
1520440505.679477930 357
1520440505.729480028 345
1520440505.779480934 250
1520440505.829483032 274
1520440505.879533529 288
1520440505.929589748 277
1520440505.979591608 343
1520440506.029592752 328
1520440506.079594851 394
1520440506.129596710 376
1520440506.179598808 336
1520440506.229599714 294
1520440506.279600859 273
1520440506.329230785 131
1520440506.379231691 241
1520440506.429234028 333
1520440506.479235888 362
1520440506.529237747 342
1520440506.579240799 350
1520440506.629239798 420
1520440506.679241657 511
1520440506.729501247 113
1520440506.779503345 486
1520440506.829504251 591
1520440506.879506111 557
1520440506.929533243 514
1520440506.979509354 488
1520440507.029510260 445
1520440507.079512358 410
1520440507.129437685 198
1520440507.179438591 241
1520440507.229440689 291
1520440507.279441595 306
1520440507.329443693 299
1520440507.379444838 308
1520440507.429446697 372
1520440507.479448557 400
1520440507.529501200 243
1520440507.579503059 396
1520440507.629504204 395
1520440507.679506063 435
1520440507.729507446 371
1520440507.779509306 360
1520440507.829511166 332
1520440507.879512310 352
1520440507.929683447 148
1520440507.979684591 453
1520440508.029686451 592
1520440508.079688549 575
1520440508.129689693 547
1520440508.179691553 503
1520440508.229693413 586
1520440508.279694557 710
1520440508.379276752 392
1520440508.429279089 500
1520440508.479279757 487
1520440508.529281139 385
1520440508.579282999 341
1520440508.629283905 318
1520440508.679286003 316
1520440508.729332924 343
1520440508.779386282 238
1520440508.829388380 268
1520440508.879389524 252
1520440508.929391384 240
1520440508.979393244 318
1520440509.029394388 341
1520440509.079396248 337
1520440509.129397154 344
1520440509.179603815 133
1520440509.229604721 301
1520440509.279606581 308
1520440509.329607725 262
1520440509.379609585 231
1520440509.429610491 282
1520440509.479612589 209
1520440509.529614687 229
1520440509.579443216 156
1520440509.629445076 359
1520440509.679446220 506
1520440509.729448080 610
1520440509.779450178 644
1520440509.829451323 615
1520440509.879453182 593
1520440509.929454327 536
1520440510.029136419 213
1520440510.079137325 235
1520440510.129138470 207
1520440510.179140329 233
1520440510.229142189 144
1520440510.279143333 167
1520440510.329145432 193
1520440510.379073143 114
1520440510.429075241 249
1520440510.479077101 289
1520440510.529142380 303
1520440510.579079151 294
1520440510.629081011 309
1520440510.679083347 328
1520440510.729084253 299
1520440510.779086113 293
1520440510.829129457 231
1520440510.879131556 298
1520440510.929132462 357
1520440510.979134560 378
1520440511.029135704 431
1520440511.079137564 457
1520440511.129139423 525
1520440511.179140568 514
1520440511.229074955 295
1520440511.279075861 492
1520440511.329077721 496
1520440511.379078865 527
1520440511.429080725 481
1520440511.479083061 449
1520440511.529083967 419
1520440511.579085827 384
1520440511.629318237 129
1520440511.679320097 325
1520440511.729322195 293
1520440511.779324055 349
1520440511.829324961 326
1520440511.879326105 406
1520440511.929328203 375
1520440511.979329109 321
1520440512.029428959 119
1520440512.079429865 90
1520440512.129431725 117
1520440512.179432869 100
1520440512.229434967 165
1520440512.279436827 191
1520440512.329529762 196
1520440512.379439831 132
1520440512.429205179 51
1520440512.479207277 208
1520440512.529207945 238
1520440512.579210281 248
1520440512.629211187 247
1520440512.679213047 414
1520440512.779216051 259
1520440512.829197884 199
1520440512.879198790 182
1520440512.929200649 156
1520440512.979201794 158
1520440513.029203653 138
1520440513.079205513 161
1520440513.129206896 142
1520440513.179208755 143
1520440513.229209661 194
1520440513.279232740 158
1520440513.329233646 221
1520440513.379236698 254
1520440513.429237843 313
1520440513.479239702 348
1520440513.529240847 415
1520440513.679376841 136
1520440513.729377747 195
1520440513.779381752 209
1520440513.829381943 182
1520440513.879382849 139
1520440513.929383993 140
1520440513.979385853 83
1520440514.029386759 46
1520440514.079242706 56
1520440514.129243851 81
1520440514.179245710 86
1520440514.229247808 108
1520440514.279248953 116
1520440514.329250813 141
1520440514.379251719 256
1520440514.479090691 44
1520440514.529092550 145
1520440514.579093695 145
1520440514.629095793 97
1520440514.679097652 80
1520440514.729098797 70
1520440514.779100657 59
1520440514.829101562 56
1520440514.879135132 44
1520440514.929136276 64
1520440514.979138374 79
1520440515.029140234 102
1520440515.079141378 151
1520440515.129143238 172
1520440515.179145098 204
1520440515.229146481 244
1520440515.379371881 233
1520440515.429373980 237
1520440515.479374886 211
1520440515.529376745 168
1520440515.579377890 116
1520440515.629379749 86
1520440515.679380655 68
1520440515.729485989 53
1520440515.779488325 97
1520440515.829489231 127
1520440515.879512072 136
1520440515.929493189 103
1520440515.979494095 105
1520440516.029495955 104
1520440516.079497099 75
1520440516.179127455 78
1520440516.229129791 94
1520440516.279131651 128
1520440516.329132557 116
1520440516.379134655 88
1520440516.429135561 55
1520440516.479137421 64
1520440516.579327345 79
1520440516.629328489 89
1520440516.679330349 78
1520440516.729332447 109
1520440516.779333353 124
1520440516.829335213 108
1520440516.879336357 135
1520440516.929226160 83
1520440516.979228258 116
1520440517.029230118 156
1520440517.179234982 201
1520440517.229236126 232
1520440517.279237032 201
1520440517.379592180 151
1520440517.429593086 207
1520440517.479594946 161
1520440517.529597282 132
1520440517.579599142 85
1520440517.629600048 90
1520440517.679664135 105
1520440517.729599953 76
1520440517.779338837 29
1520440517.829340696 196
1520440517.879342794 300
1520440517.929343700 344
1520440517.979345560 373
1520440518.029346704 387
1520440518.079348803 356
1520440518.129349709 283
1520440518.179386377 173
1520440518.229387283 172
1520440518.279389381 166
1520440518.329391241 164
1520440518.379392147 124
1520440518.429394484 111
1520440518.479395390 95
1520440518.529397249 114
1520440518.579459190 94
1520440518.629461050 142
1520440518.679463148 143
1520440518.729465008 124
1520440518.779465914 127
1520440518.829468250 129
1520440518.879469156 136
1520440518.979646206 102
1520440519.029647112 177
1520440519.079648018 191
1520440519.129650116 185
1520440519.179651022 194
1520440519.229652882 186
1520440519.279655218 135
1520440519.329656124 112
1520440519.379776478 52
1520440519.429778576 62
1520440519.479780674 157
1520440519.529781580 136
1520440519.579783678 153
1520440519.629784584 128
1520440519.679786444 153
1520440519.729787588 178
1520440519.779672861 110
1520440519.829673767 224
1520440519.929677725 265
1520440519.979678631 238
1520440520.029680967 259
1520440520.079681873 267
1520440520.129683733 183
1520440520.179689169 141
1520440520.229690313 99
1520440520.279692173 110
1520440520.329693079 102
1520440520.379695415 81
1520440520.429697275 81
1520440520.479698181 95
1520440520.529700279 155
1520440520.579701185 227
1520440520.629572630 125
1520440520.679573536 225
1520440520.729575396 241
1520440520.879580498 235
1520440520.929581642 236
1520440520.979582548 148
1520440521.029853582 88
1520440521.079855680 201
1520440521.129856586 240
1520440521.179858685 178
1520440521.229880571 153
1520440521.279861450 139
1520440521.329862595 128
1520440521.379864693 137
1520440521.429711819 93
1520440521.479713678 111
1520440521.529715776 128
1520440521.579716921 151
1520440521.629718781 201
1520440521.679719687 215
1520440521.779723883 270
1520440521.829809189 170
1520440521.879811049 242
1520440521.929812193 237
1520440521.979814053 208
1520440522.029815197 171
1520440522.079817295 203
1520440522.129819155 197
1520440522.179820299 176
1520440522.229897738 134
1520440522.279899597 235
1520440522.429904699 250
1520440522.479905844 270
1520440522.529907703 285
1520440522.579909563 357
1520440522.829858065 187
1520440524.129912138 177
1520440524.279891491 239
1520440524.479897499 333
1520440524.629904747 338
1520440524.779829741 191
1520440524.929833651 245
1520440525.129647017 101
1520440525.329653263 199
1520440525.429656267 214
1520440525.529527664 82
1520440525.629530668 150
1520440525.729533672 177
1520440525.829537630 186
1520440525.929465532 86
1520440526.029469728 148
1520440526.129472494 154
1520440526.229475498 142
1520440526.329451323 124
1520440526.429454088 127
1520440526.529457092 164
1520440526.629460335 155
1520440526.729452133 164
1520440526.829454899 159
1520440526.929457903 143
1520440527.029462099 157
1520440527.129475594 174
1520440527.329481363 135
1520440527.429484606 130
1520440527.479486465 202
1520440527.529487610 307
1520440527.679491997 277
1520440527.929501295 267
1520440528.079575777 147
1520440528.229580879 308
1520440528.329583883 321
1520440528.429696083 130
1520440528.529699087 323
1520440528.629702091 349
1520440528.729706049 395
1520440528.879862309 151
1520440529.329940796 145
