1520439642.102074623 0.0000
1520439642.152076483 1.4068
1520439642.202077627 2.7693
1520439642.252079725 4.3719
1520439642.302081585 6.1179
1520439642.352087021 7.6845
1520439642.402089119 8.8934
1520439642.452090025 0.0000
1520439642.502092123 0.0000
1520439642.552093267 2.8622
1520439642.602095127 4.2526
1520439642.652096987 6.4963
1520439642.702098131 7.5670
1520439642.752133369 7.7152
1520439642.802134514 7.5461
1520439642.852136374 7.6278
1520439642.902137280 7.7356
1520439642.952139616 8.3475
1520439643.002140522 10.1985
1520439643.052142382 0.5307
1520439643.102144480 0.5116
1520439643.152131319 0.5164
1520439643.202132463 0.6202
1520439643.252134323 1.1766
1520439643.302135229 1.3927
1520439643.352137566 1.4713
1520439643.402138472 1.2494
1520439643.452140331 1.1819
1520439643.502142429 1.2180
1520439643.552162647 1.2780
1520439643.602163553 1.2604
1520439643.652165651 1.2160
1520439643.702167511 1.2188
1520439643.752168417 1.2289
1520439643.802170515 1.1812
1520439643.852171421 1.2740
1520439643.902173758 1.1761
1520439643.952174664 1.3460
1520439644.002180815 1.3272
1520439644.052181721 1.2791
1520439644.102183580 1.3246
1520439644.152184725 1.2507
1520439644.202186823 1.2981
1520439644.252188683 1.4015
1520439644.302189827 1.4319
1520439644.352191687 1.3805
1520439644.402186394 1.2985
1520439644.452188730 1.3554
1520439644.502189636 1.3034
1520439644.552191496 1.2372
1520439644.602192640 1.2685
1520439644.652194500 1.2535
1520439644.702196598 1.3044
1520439644.752197742 1.1160
1520439644.802232742 1.1572
1520439644.852233648 1.2682
1520439644.902235746 1.1564
1520439644.952237844 1.0934
1520439645.002238750 1.0954
1520439645.052240610 1.0363
1520439645.102242708 1.0065
1520439645.152245760 0.8886
1520439645.202271223 0.9451
1520439645.252273321 1.0286
1520439645.302275419 1.0505
1520439645.352376223 1.0808
1520439645.402278423 1.1102
1520439645.452279329 1.2445
1520439645.502281189 1.3070
1520439645.552282333 1.3913
1520439645.602247715 1.4280
1520439645.652248621 1.3551
1520439645.702250719 1.2058
1520439645.752251625 1.3006
1520439645.802253485 1.1896
1520439645.852255821 1.2565
1520439645.902256727 1.2014
1520439645.952258825 1.2730
1520439646.002280712 1.3545
1520439646.052282572 1.3209
1520439646.102283716 1.3003
1520439646.152285814 1.3781
1520439646.202287674 1.4803
1520439646.252288818 1.4760
1520439646.302291632 1.4634
1520439646.352291584 1.4169
1520439646.402293682 1.4505
1520439646.452177763 1.2205
1520439646.502178907 1.2925
1520439646.552180767 1.5142
1520439646.602181911 1.3591
1520439646.652183771 1.4349
1520439646.702184677 1.4432
1520439646.752186775 1.4986
1520439646.802188873 1.4496
1520439646.852160931 1.5183
1520439646.902159214 1.4211
1520439646.952245235 1.5156
1520439647.002163172 1.3574
1520439647.052164078 1.3685
1520439647.102165937 1.4773
1520439647.152167082 1.4611
1520439647.202169180 1.3873
1520439647.252142429 1.3945
1520439647.302144527 1.4826
1520439647.352145433 1.1051
1520439647.402147293 1.2964
1520439647.452149391 1.4165
1520439647.502150297 1.2209
1520439647.552152395 1.2883
1520439647.602154493 1.2863
1520439647.652148962 1.4250
1520439647.702150106 1.2934
1520439647.752151966 1.3767
1520439647.802154064 1.3614
1520439647.852155209 1.4108
1520439647.902157068 1.4509
1520439647.952158928 1.3961
1520439648.002161264 1.3540
1520439648.052156210 1.2646
1520439648.102158308 1.1679
1520439648.152159214 1.2183
1520439648.202161074 1.0282
1520439648.252162218 1.1267
1520439648.302163124 1.1609
1520439648.352166176 1.1761
1520439648.402167320 1.2160
1520439648.452177525 1.1442
1520439648.502178192 1.1456
1520439648.552243471 1.1550
1520439648.602182388 1.3316
1520439648.652183294 1.1875
1520439648.702185392 1.1906
1520439648.752186298 1.1169
1520439648.802188396 1.1607
1520439648.852189541 1.1299
1520439648.902203083 1.1713
1520439648.952204227 1.2304
1520439649.002206326 1.1872
1520439649.052208185 1.1497
1520439649.102209330 1.1651
1520439649.152211189 1.1819
1520439649.202212095 1.1983
1520439649.252214193 1.2479
1520439649.302214146 1.2416
1520439649.352216244 1.2760
1520439649.402217150 1.2344
1520439649.452219248 1.2749
1520439649.502221346 1.2689
1520439649.552222252 1.2605
1520439649.602224112 1.2596
1520439649.652225256 1.2833
1520439649.702198267 1.3598
1520439649.752200127 1.3512
1520439649.802202225 1.2693
1520439649.852203369 1.2380
1520439649.902204275 1.2131
1520439649.952206135 1.2885
1520439650.002207279 1.1313
1520439650.052209139 1.1407
1520439650.102240562 1.1003
1520439650.152286530 1.1591
1520439650.202244282 1.1484
1520439650.252245426 1.1082
1520439650.302247524 1.1195
1520439650.352248669 1.1117
1520439650.402250528 1.1840
1520439650.452251434 1.1167
1520439650.502337694 1.0718
1520439650.552339792 1.1185
1520439650.602340937 1.1180
1520439650.652342796 1.1700
1520439650.702343702 1.1105
1520439650.752345800 1.1669
1520439650.802346706 1.1192
1520439650.852348566 1.1766
1520439650.902349710 1.1191
1520439650.952383041 1.0713
1520439651.002384186 1.0755
1520439651.052386045 0.9842
1520439651.102387905 1.0264
1520439651.152390242 1.0039
1520439651.202391148 0.9458
1520439651.252393007 0.9317
1520439651.302394152 0.8728
1520439651.352413654 0.9763
1520439651.402415514 0.9315
1520439651.452416420 1.0389
1520439651.502417564 0.9730
1520439651.552419662 1.0422
1520439651.602421522 1.0646
1520439651.652422667 1.0530
1520439651.702423573 1.0086
1520439651.752386570 1.0490
1520439651.802370548 1.0185
1520439651.852371454 1.0090
1520439651.902373552 1.0796
1520439651.952374458 1.0340
1520439652.002376556 1.0591
1520439652.052377701 1.0355
1520439652.102379560 1.0155
1520439652.152365685 1.0737
1520439652.202367544 1.1043
1520439652.252369642 1.1510
1520439652.302370548 1.2142
1520439652.352372408 1.1755
1520439652.402373552 1.2152
1520439652.452375650 1.2102
1520439652.502376795 1.2256
1520439652.552312374 1.1423
1520439652.602313280 1.1005
1520439652.652315378 1.0579
1520439652.702318430 1.1244
1520439652.752318382 1.1546
1520439652.802320480 1.1484
1520439652.852322340 1.1540
1520439652.902324200 1.1549
1520439652.952290058 1.1776
1520439653.002290964 1.1860
1520439653.052293062 1.1559
1520439653.102293968 1.1481
1520439653.152295828 1.0935
1520439653.202298164 1.0773
1520439653.252299070 1.1169
1520439653.302300215 1.1012
1520439653.352302074 1.0490
1520439653.402418137 1.1254
1520439653.452420235 1.1015
1520439653.502422333 1.0761
1520439653.552423239 1.0736
1520439653.602425337 1.0067
1520439653.652426243 1.0435
1520439653.702428102 1.0488
1520439653.752429247 1.0166
1520439653.802499771 1.0929
1520439653.852501869 1.0542
1520439653.902502775 0.9909
1520439653.952504873 0.9546
1520439654.002505779 1.0376
1520439654.052507639 1.0169
1520439654.102509737 1.0600
1520439654.152510643 1.0543
1520439654.202494860 1.1498
1520439654.252497196 1.0975
1520439654.302499056 1.1165
1520439654.352500916 1.0978
1520439654.402502060 1.1459
1520439654.452504158 1.1509
1520439654.502505064 1.1134
1520439654.552507162 1.1338
1520439654.602432251 1.0962
1520439654.652433157 1.0746
1520439654.702434301 1.1252
1520439654.752436161 1.1177
1520439654.802437067 1.1703
1520439654.852439404 1.1538
1520439654.902441263 1.0854
1520439654.952443123 1.2030
1520439655.002363682 1.1472
1520439655.052365541 1.1952
1520439655.102367640 1.0885
1520439655.152368546 1.1446
1520439655.202370644 1.1500
1520439655.252371788 1.2044
1520439655.302373648 1.1342
1520439655.352374554 1.1935
1520439655.402376652 1.1970
1520439655.452307701 1.1579
1520439655.502308607 1.0568
1520439655.552310467 1.1629
1520439655.602311611 1.2038
1520439655.652313709 1.2475
1520439655.702314377 1.1690
1520439655.752316713 1.1856
1520439655.802317619 1.2154
1520439655.852339268 1.1763
1520439655.902341127 1.1695
1520439655.952342987 1.1542
1520439656.002344131 1.1308
1520439656.052346230 1.1126
1520439656.102348089 1.1260
1520439656.152349234 1.0812
1520439656.202351093 1.1437
1520439656.252373695 1.1462
1520439656.302374840 1.0656
1520439656.352376938 1.0736
1520439656.402379751 1.0795
1520439656.452379942 1.0852
1520439656.502381802 1.1028
1520439656.552382708 1.1930
1520439656.602487803 1.1003
1520439656.652278900 1.1587
1520439656.702280760 1.0829
1520439656.752281666 1.0865
1520439656.802283764 1.1158
1520439656.852284670 1.1214
1520439656.902286530 1.0666
1520439656.952287674 1.1341
1520439657.002289772 1.1093
1520439657.052304983 1.1862
1520439657.102305889 1.1605
1520439657.152307987 1.1910
1520439657.202308893 1.1844
1520439657.252310991 1.2214
1520439657.302311897 1.2180
1520439657.352313757 1.2009
1520439657.402314901 1.1441
1520439657.452414989 1.2254
1520439657.502416849 1.1528
1520439657.552418709 1.0958
1520439657.602419853 1.0530
1520439657.652421951 1.1753
1520439657.702422857 1.1324
1520439657.752424955 1.1000
1520439657.802426815 1.1543
1520439657.852427721 1.1097
1520439657.902511835 1.1341
1520439657.952513695 1.0981
1520439658.002514839 1.1221
1520439658.052516937 1.1000
1520439658.102517843 1.1287
1520439658.152519941 1.1183
1520439658.202598810 1.1302
1520439658.252522707 1.1278
1520439658.302571535 1.2137
1520439658.352572680 1.1308
1520439658.402574539 1.1667
1520439658.452575684 1.1701
1520439658.502577782 1.2046
1520439658.552578449 1.0571
1520439658.602580786 1.1315
1520439658.652582645 1.1221
1520439658.702483892 1.1072
1520439658.752485991 1.0961
1520439658.802487135 1.1898
1520439658.852488995 1.2382
1520439658.902489901 1.1504
1520439658.952491999 1.1861
1520439659.002492905 1.1538
1520439659.052494764 1.1913
1520439659.102411509 1.2390
1520439659.152413368 1.1443
1520439659.202414513 1.2207
1520439659.252416611 1.1853
1520439659.302417517 1.2854
1520439659.352419615 1.2955
1520439659.402420521 1.2404
1520439659.452423334 1.2532
1520439659.502420902 1.1905
1520439659.552423000 1.1748
1520439659.602424860 1.1635
1520439659.652426004 1.1248
1520439659.702427864 1.1482
1520439659.752428770 1.2074
1520439659.802479982 1.3013
1520439659.852431774 1.1809
1520439659.902486801 1.2358
1520439659.952487946 1.1792
1520439660.002489805 1.1616
1520439660.052490950 1.1410
1520439660.102492809 1.1538
1520439660.152493715 1.0596
1520439660.202496052 1.1155
1520439660.252497911 1.0782
1520439660.302498817 1.1172
1520439660.352440596 1.1019
1520439660.402441740 1.1128
1520439660.452443600 1.0125
1520439660.502445459 1.0407
1520439660.552446604 1.0880
1520439660.602447510 1.1592
1520439660.652449846 1.2150
1520439660.702451706 1.1508
1520439660.752516508 1.1946
1520439660.802517653 1.1382
1520439660.852519751 1.2139
1520439660.902520657 1.2632
1520439660.952522755 1.3499
1520439661.002524614 1.3045
1520439661.052525520 1.2169
1520439661.102527857 1.2714
1520439661.152754068 1.3934
1520439661.202756405 1.4119
1520439661.252757311 1.2551
1520439661.302758217 1.2523
1520439661.352760315 1.2342
1520439661.402784348 1.2945
1520439661.452763081 1.3957
1520439661.502765417 1.4266
1520439661.553033113 1.2966
1520439661.603035212 1.3024
1520439661.653036356 1.2720
1520439661.703038216 1.3110
1520439661.753039122 1.3833
1520439661.803041220 1.3686
1520439661.853043318 1.3798
1520439661.903043985 1.3106
1520439661.952836037 1.2193
1520439662.002836943 1.0741
1520439662.052839279 1.0370
1520439662.102839947 1.1068
1520439662.152842045 1.2139
1520439662.202843189 1.3735
1520439662.252845049 1.3554
1520439662.302846909 1.3541
1520439662.352627754 1.1984
1520439662.402629614 1.0847
1520439662.452631474 1.1146
1520439662.502632618 1.1076
1520439662.552633524 1.1863
1520439662.602635860 1.1997
1520439662.652637720 1.1880
1520439662.702639580 1.2388
1520439662.752640724 1.3332
1520439662.802656174 1.2227
1520439662.852657080 1.2404
1520439662.902659416 1.2954
1520439662.952660322 1.3188
1520439663.002662182 1.3096
1520439663.052663326 1.3148
1520439663.102665186 1.3356
1520439663.152666092 1.2828
1520439663.202878237 1.3921
1520439663.252879143 1.3439
1520439663.302881241 1.2181
1520439663.352882147 1.2112
1520439663.402884007 1.2712
1520439663.452886343 1.2706
1520439663.502887249 1.2261
1520439663.552889109 1.2197
1520439663.602615595 1.2560
1520439663.652617455 1.3152
1520439663.702619314 1.0091
1520439663.752620459 1.1236
1520439663.802622557 1.1954
1520439663.852623463 1.2611
1520439663.902625561 1.2254
1520439663.952626467 1.2590
1520439664.002437115 1.3336
1520439664.052439213 1.1500
1520439664.102440119 1.1048
1520439664.152442217 1.0408
1520439664.202444315 1.1476
1520439664.252445221 1.1330
1520439664.302446365 1.1546
1520439664.352448225 1.1644
1520439664.402601957 1.2368
1520439664.452603817 1.2614
1520439664.502606153 1.1111
1520439664.552607059 1.1621
1520439664.602612972 1.1768
1520439664.652610064 1.1736
1520439664.702611923 1.1636
1520439664.752612829 1.1591
1520439664.802614927 1.2989
1520439664.852902174 1.3487
1520439664.902904034 1.3276
1520439664.952905178 0.9248
1520439665.002907038 1.1671
1520439665.052909136 1.1290
1520439665.102910280 1.1775
1520439665.152912140 1.1632
1520439665.202913046 1.1433
1520439665.252643585 1.1345
1520439665.302644730 1.1269
1520439665.352646589 0.9460
1520439665.402647495 1.0771
1520439665.452649832 1.1943
1520439665.502651691 1.2263
1520439665.552652597 1.2143
1520439665.602654696 1.2699
1520439665.652507305 1.0996
1520439665.702508211 1.1022
1520439665.752510309 1.2241
1520439665.802512407 1.2925
1520439665.852513313 1.3684
1520439665.902514458 1.2659
1520439665.952516317 1.3042
1520439666.002518177 1.2049
1520439666.052688122 1.1430
1520439666.102689266 1.1563
1520439666.152691126 1.0546
1520439666.202693224 1.1003
1520439666.252787113 1.1224
1520439666.302696228 1.1087
1520439666.352697372 1.2419
1520439666.402699232 1.2585
1520439666.452956438 1.2570
1520439666.502958298 1.3870
1520439666.552959442 1.1358
1520439666.602961302 1.1611
1520439666.652963400 1.2293
1520439666.702964544 1.2937
1520439666.752966404 1.2533
1520439666.802967548 1.2426
1520439666.852799177 1.2336
1520439666.902800083 1.3542
1520439666.952801943 1.1629
1520439667.002803087 1.1242
1520439667.052805185 1.1967
1520439667.102807045 1.3271
1520439667.152808189 1.3209
1520439667.202810049 1.3789
1520439667.252812147 1.3596
1520439667.302625418 1.5187
1520439667.352627754 1.2855
1520439667.402628660 1.2718
1520439667.452630520 1.4059
1520439667.502631664 1.2701
1520439667.552633524 1.3301
1520439667.602634430 1.3781
1520439667.652636766 1.1914
1520439667.703016520 0.8478
1520439667.753018379 0.8377
1520439667.803019524 1.0364
1520439667.853083372 1.2608
1520439667.903023243 1.3065
1520439667.953024626 1.3683
1520439668.003026485 1.4170
1520439668.053027391 1.4407
1520439668.103579044 1.0377
1520439668.153580189 0.9973
1520439668.203582287 1.0804
1520439668.253584146 1.2073
1520439668.303585291 1.3739
1520439668.353587151 1.4041
1520439668.403588295 1.4620
1520439668.453590155 1.3845
1520439668.502948284 1.2542
1520439668.552950382 1.4735
1520439668.602951527 0.9025
1520439668.652953386 1.1440
1520439668.702955246 1.9186
1520439668.752956390 1.3423
1520439668.802958250 1.4062
1520439668.852960348 1.4075
1520439668.902746916 1.2566
1520439668.952748775 0.8807
1520439669.002750874 1.1231
1520439669.052751780 1.3282
1520439669.102752686 1.2580
1520439669.152755022 1.2968
1520439669.202756882 1.2662
1520439669.252757788 1.3770
1520439669.303329945 0.7928
1520439669.353330851 0.8910
1520439669.403332949 1.1016
1520439669.453362942 1.0917
1520439669.503335953 1.1896
1520439669.553336859 1.1713
1520439669.603338957 1.2989
1520439669.653339863 1.3066
1520439669.703341961 1.3723
1520439669.753461599 1.2476
1520439669.803463459 1.2943
1520439669.853465557 1.4564
1520439669.903466463 1.2626
1520439669.953468323 1.2208
1520439670.003469467 1.2828
1520439670.053471565 1.2692
1520439670.103472471 1.1889
1520439670.152925491 1.2149
1520439670.202926636 1.3108
1520439670.252928495 1.3628
1520439670.302930355 1.4710
1520439670.352931499 1.3993
1520439670.402933598 1.3508
1520439670.452934504 1.5842
1520439670.502936602 1.4269
1520439670.552851439 1.1698
1520439670.602853298 1.1076
1520439670.652854443 1.2675
1520439670.702856541 1.2963
1520439670.752857685 1.3980
1520439670.802859545 1.4107
1520439670.852860451 1.3782
1520439670.902862549 1.4195
1520439670.953163624 1.4647
1520439671.003165483 1.4457
1520439671.053166628 1.3651
1520439671.103168488 1.1592
1520439671.153169394 1.2300
1520439671.203171492 1.2757
1520439671.253172398 1.3218
1520439671.303174496 1.2805
1520439671.353137493 1.2531
1520439671.403139353 1.4723
1520439671.453141212 1.4603
1520439671.503142357 1.4842
1520439671.553144217 1.2980
1520439671.603145123 1.2982
1520439671.653147459 1.1373
1520439671.703148365 1.0787
1520439671.753150225 1.2024
1520439671.803214788 1.3027
1520439671.853216887 1.2116
1520439671.903218746 1.2889
1520439671.953219891 1.2944
1520439672.003221750 1.3333
1520439672.053223848 1.4476
1520439672.103224754 1.4370
1520439672.153226852 1.4203
1520439672.203030586 1.3286
1520439672.253032684 1.2962
1520439672.303034544 1.3108
1520439672.353035450 1.3099
1520439672.403037786 1.2061
1520439672.453038692 1.1953
1520439672.503040552 1.2631
1520439672.553041697 1.2408
1520439672.603290319 1.2795
1520439672.653292179 1.1719
1520439672.703294277 1.2277
1520439672.753295422 1.4039
1520439672.803297281 1.3513
1520439672.853298187 1.2345
1520439672.903300285 1.0026
1520439672.953301191 1.0673
1520439673.003087521 0.9202
1520439673.053089619 0.8852
1520439673.103090525 0.8280
1520439673.153092623 0.9628
1520439673.203093529 1.0518
1520439673.253095388 1.1511
1520439673.303096533 1.0917
1520439673.353098392 1.2228
1520439673.403125525 1.0409
1520439673.453127623 0.9982
1520439673.503129482 1.1151
1520439673.553130388 1.3361
1520439673.603132725 1.2570
1520439673.653134584 1.2260
1520439673.703135490 1.2703
1520439673.753137589 1.3735
1520439673.803146601 1.3548
1520439673.853147507 1.2022
1520439673.903149605 1.2420
1520439673.953150511 1.2414
1520439674.003154516 1.5038
1520439674.053153515 1.8556
1520439674.103154421 2.8269
1520439674.153156281 1.4567
1520439674.203157425 1.3749
1520439674.253443003 1.3942
1520439674.303521395 1.2794
1520439674.353446245 2.1829
1520439674.403448105 1.5087
1520439674.453449249 1.4710
1520439674.503451109 1.1946
1520439674.553452253 1.2429
1520439674.603454113 1.1148
1520439674.653264046 1.1615
1520439674.703264952 1.2005
1520439674.753267288 1.2871
1520439674.803268194 1.3009
1520439674.853270054 1.2383
1520439674.903271198 1.2562
1520439674.953273058 1.2318
1520439675.003274202 1.1851
1520439675.053094387 1.0939
1520439675.103096247 1.0627
1520439675.153097391 1.0504
1520439675.203099489 1.0534
1520439675.253101349 1.1356
1520439675.303102493 1.1883
1520439675.353103399 1.1625
1520439675.403105497 1.2761
1520439675.453274012 1.2260
1520439675.503276110 1.2453
1520439675.553278208 1.2157
1520439675.603279114 1.1506
1520439675.653280020 1.1929
1520439675.703281164 1.1940
1520439675.753283024 1.2027
1520439675.803284883 1.1959
1520439675.853241205 1.0466
1520439675.903279066 1.1489
1520439675.953244209 1.1375
1520439676.003246069 1.1156
1520439676.053246975 1.0349
1520439676.103249073 1.0549
1520439676.153249979 1.0000
1520439676.203252077 1.1036
1520439676.253028631 1.1848
1520439676.303029776 1.2028
1520439676.353031635 1.1753
1520439676.403032541 1.2064
1520439676.453034639 1.2429
1520439676.503035545 1.3057
1520439676.553037643 1.1699
1520439676.603038788 1.3111
1520439676.653040648 1.2342
1520439676.703011513 1.2371
1520439676.753012419 1.2609
1520439676.803014755 1.2309
1520439676.853016615 1.3091
1520439676.903017521 1.2958
1520439676.953019619 1.3233
1520439677.003021479 1.3183
1520439677.053022385 1.2197
1520439677.103258371 1.1768
1520439677.153259277 1.3040
1520439677.203260422 1.2270
1520439677.253262281 1.2629
1520439677.303263187 1.2016
1520439677.353266478 1.1651
1520439677.403267384 1.1687
1520439677.453268290 1.1883
1520439677.502998829 1.2176
1520439677.552999735 1.0708
1520439677.603001595 1.0782
1520439677.653002739 1.1184
1520439677.703004599 1.1513
1520439677.753005505 1.2986
1520439677.803007841 1.3978
1520439677.853009701 1.3846
1520439677.902889252 1.1405
1520439677.952891350 1.1336
1520439678.002892256 1.2327
1520439678.052894115 1.1813
1520439678.102895260 1.2611
1520439678.152897358 1.2915
1520439678.202899218 2.5748
1520439678.252900362 1.3866
1520439678.303372383 1.0322
1520439678.353373528 1.0254
1520439678.403375387 1.4144
1520439678.453377247 1.1837
1520439678.503378391 1.4232
1520439678.553380251 1.2991
1520439678.603381157 1.2877
1520439678.653383493 1.3431
1520439678.702959061 1.1039
1520439678.752960920 1.2544
1520439678.802961826 0.9999
1520439678.852964163 1.2036
1520439678.902966022 1.3557
1520439678.952967882 1.6629
1520439679.002969027 1.5795
1520439679.052969933 1.3141
1520439679.102971792 1.2025
1520439679.152796745 0.0000
1520439679.202798605 0.0000
1520439679.252799749 0.0000
1520439679.302801609 0.0000
1520439679.352802515 0.0000
1520439679.402804852 0.0000
1520439679.452806711 0.0000
1520439679.502807617 0.0000
1520439679.553117275 0.0000
1520439679.603118420 0.0000
1520439679.653120279 0.0000
1520439679.703121185 0.0000
1520439679.753123283 0.0000
1520439679.803124189 0.0000
1520439679.853126049 0.0000
1520439679.903128386 0.0000
1520439679.953688383 0.0000
1520439680.003690243 0.0000
1520439680.053692102 0.0000
1520439680.103694439 0.0000
1520439680.153695345 0.0000
1520439680.203696489 0.0000
1520439680.253698349 0.0000
1520439680.303700209 0.0000
1520439680.353304625 0.0000
1520439680.403305531 0.0000
1520439680.453308344 0.0000
1520439680.503309488 0.0000
1520439680.553312540 0.0000
1520439680.603312492 0.0000
1520439680.653313637 27.4544
1520439680.703315496 0.7965
1520439680.753290892 1.0713
1520439680.803221941 1.0588
1520439680.853222847 1.1860
1520439680.903225183 1.2570
1520439680.953226089 1.2525
1520439681.003227949 1.2824
1520439681.053230047 1.2522
1520439681.103230953 1.2958
1520439681.153232813 1.2030
1520439681.203752756 1.2706
1520439681.253754616 1.2848
1520439681.303755760 1.1006
1520439681.353757620 1.1213
1520439681.403759718 1.1788
1520439681.453760862 1.2420
1520439681.503762722 1.2231
1520439681.553763866 1.1819
1520439681.603623867 1.1552
1520439681.653625965 1.1375
1520439681.703626871 1.2633
1520439681.753628016 1.1521
1520439681.803630829 1.1336
1520439681.853631735 1.1680
1520439681.903633833 1.1738
1520439681.953634739 1.3255
1520439682.003238678 1.2860
1520439682.053240776 1.3970
1520439682.103245735 1.1422
1520439682.153243542 1.2090
1520439682.203245878 1.2774
1520439682.253246784 1.3552
1520439682.303248644 1.3297
1520439682.353278637 1.4850
1520439682.403247595 6.6964
1520439682.453248739 1.3361
1520439682.503250599 1.4198
1520439682.553251743 1.3523
1520439682.603253841 1.3029
1520439682.653255701 1.2984
1520439682.703256845 1.3245
1520439682.753258705 1.4405
1520439682.803891897 1.3682
1520439682.853893995 1.1439
1520439682.903895140 1.2359
1520439682.953896999 1.5915
1520439683.003898859 1.7027
1520439683.053900003 1.4048
1520439683.103901863 1.4253
1520439683.153903008 1.4450
1520439683.203385592 1.2167
1520439683.253387451 1.2849
1520439683.303388596 1.0886
1520439683.353390694 1.0735
1520439683.403391600 1.2442
1520439683.453393698 1.3826
1520439683.503394604 1.4031
1520439683.553396463 1.3892
1520439683.603398561 7.0502
1520439683.653144360 1.2464
1520439683.703145266 1.2345
1520439683.753147364 0.9188
1520439683.803149223 1.0666
1520439683.853150129 1.0552
1520439683.903152466 1.0921
1520439683.953153372 0.9889
1520439684.003155231 1.0166
1520439684.053170204 1.0282
1520439684.103172064 0.9903
1520439684.153172970 0.9746
1520439684.203175068 0.9668
1520439684.253177166 1.0550
1520439684.303178072 1.1057
1520439684.353180170 1.2443
1520439684.403181076 1.4140
1520439684.453234434 1.3018
1520439684.503235340 1.2352
1520439684.553237200 1.1805
1520439684.603238344 1.1364
1520439684.653240204 1.1426
1520439684.703242302 1.1083
1520439684.753243446 1.2043
1520439684.803245306 1.2510
1520439684.853284836 1.2789
1520439684.903286695 1.3612
1520439684.953288794 1.2354
1520439685.003289938 1.3584
1520439685.053291798 1.1514
1520439685.103292704 1.2629
1520439685.153294802 1.5985
1520439685.203296661 1.2336
1520439685.253351688 1.0983
1520439685.303353786 1.1947
1520439685.353354692 0.9427
1520439685.403357744 0.9364
1520439685.453357935 1.0269
1520439685.503359795 1.1999
1520439685.553360701 1.0864
1520439685.603461742 1.1381
1520439685.653363705 1.1802
1520439685.703517437 1.1190
1520439685.753518581 1.0751
1520439685.803520441 1.0702
1520439685.853522539 1.0815
1520439685.903523684 1.1328
1520439685.953525543 1.0403
1520439686.003526449 1.1475
1520439686.053528547 1.1587
1520439686.103464603 1.1529
1520439686.153466702 1.2198
1520439686.203468800 1.2517
1520439686.253469706 1.2101
1520439686.303471565 1.1983
1520439686.353472710 1.1773
1520439686.403474569 1.3583
1520439686.453475475 1.3443
1520439686.503484488 1.3830
1520439686.553486586 1.3533
1520439686.603487492 1.3347
1520439686.653489351 1.2766
1520439686.703491688 1.2049
1520439686.753492594 1.1755
1520439686.803493261 1.1146
1520439686.853495598 1.0727
1520439686.903508425 1.0007
1520439686.953509331 1.0884
1520439687.003510237 1.0547
1520439687.053512335 1.1832
1520439687.103514433 1.2435
1520439687.153515339 1.2470
1520439687.203573227 1.2022
1520439687.253518343 1.1582
1520439687.303589344 1.1830
1520439687.353590250 1.2518
1520439687.403592348 1.2302
1520439687.453594446 1.2273
1520439687.503595352 1.2287
1520439687.553597450 1.2361
1520439687.603598356 1.1557
1520439687.653600216 1.1127
1520439687.703495741 1.0697
1520439687.753497601 1.1083
1520439687.803499699 1.0508
1520439687.853500605 1.1125
1520439687.903502703 1.2394
1520439687.953503847 1.2732
1520439688.003505707 1.2079
1520439688.053506613 1.1715
1520439688.103508711 1.1855
1520439688.153562784 1.0983
1520439688.203563690 1.0621
1520439688.253565788 1.0894
1520439688.303567886 1.0549
1520439688.353568792 1.0517
1520439688.403570652 1.0224
1520439688.453571796 1.0470
1520439688.503572702 0.8098
1520439688.553676128 0.9310
1520439688.603677988 0.9094
1520439688.653679132 1.0088
1520439688.703680992 1.0688
1520439688.753681898 1.1357
1520439688.803699017 1.2560
1520439688.853684902 1.3248
1520439688.903687000 1.2566
1520439688.953597784 1.1344
1520439689.003599644 1.1219
1520439689.053601742 1.0708
1520439689.103602648 1.1414
1520439689.153604507 1.1836
1520439689.203605652 1.1358
1520439689.253607750 1.0909
1520439689.303608656 1.2438
1520439689.353585720 1.1841
1520439689.403586864 1.2937
1520439689.453588724 1.3078
1520439689.503590584 1.3402
1520439689.553591728 1.3233
1520439689.603593826 1.4224
1520439689.653594971 1.3002
1520439689.703596830 1.2758
1520439689.753611803 1.1818
1520439689.803613901 1.0956
1520439689.853614807 1.1842
1520439689.903616667 1.1183
1520439689.953617811 1.0850
1520439690.003619909 1.0953
1520439690.053620815 1.1845
1520439690.103622913 1.2662
1520439690.153643608 1.2993
1520439690.203644753 1.2507
1520439690.253646612 1.3347
1520439690.303648472 1.3525
1520439690.353649616 1.4343
1520439690.403651476 1.4194
1520439690.453652620 1.3310
1520439690.503654718 1.3379
1520439690.553655624 1.2839
1520439690.603657484 1.2204
1520439690.653659344 1.2607
1520439690.703660250 1.2359
1520439690.753662348 1.2140
1520439690.803663254 1.1143
1520439690.853665590 1.0910
1520439690.903666496 1.1550
1520439690.953668356 1.2988
1520439691.003714561 1.3722
1520439691.053716421 1.2602
1520439691.103718758 1.2664
1520439691.153719664 1.2162
1520439691.203721523 1.2150
1520439691.253722668 1.1746
1520439691.303724527 1.2893
1520439691.353725433 1.2052
1520439691.403645992 1.0302
1520439691.453648090 1.0090
1520439691.503649950 0.9739
1520439691.553650856 1.0014
1520439691.603653193 0.9496
1520439691.653655052 0.8757
1520439691.703655243 0.9031
1520439691.753657103 1.0101
1520439691.803769350 1.0324
1520439691.853771210 1.0113
1520439691.903773069 1.1321
1520439691.953775167 1.1445
1520439692.003776312 1.1245
1520439692.053866148 1.1851
1520439692.103779316 1.2070
1520439692.153781176 1.2558
1520439692.203809738 1.3596
1520439692.253811598 1.2919
1520439692.303812504 1.2503
1520439692.353814840 1.1761
1520439692.403815746 1.1108
1520439692.453817606 1.1520
1520439692.503818750 1.1029
1520439692.553820610 1.0611
1520439692.603565216 1.0196
1520439692.653567553 0.8618
1520439692.703569412 0.8478
1520439692.753570318 0.8037
1520439692.803572416 1.0302
1520439692.853573322 1.0964
1520439692.903575182 1.2498
1520439692.953576565 1.2425
1520439693.003579378 1.6838
1520439693.053586483 1.2221
1520439693.103587389 1.1728
1520439693.153589487 1.2582
1520439693.203591347 1.3001
1520439693.253592253 1.2273
1520439693.303596258 1.2420
1520439693.353595495 1.1275
1520439693.403596401 1.1083
1520439693.453603268 1.0955
1520439693.503605366 1.0476
1520439693.553606033 1.0013
1520439693.603608370 1.0448
1520439693.653657436 1.0820
1520439693.703611135 1.1088
1520439693.753612280 1.1785
1520439693.803614140 1.1827
1520439693.853642941 1.1469
1520439693.903643847 1.1776
1520439693.953646183 1.2546
1520439694.003647089 1.4159
1520439694.053648949 1.2548
1520439694.103650093 1.2592
1520439694.153651953 1.2683
1520439694.203652859 1.2382
1520439694.253728867 1.0831
1520439694.303730726 1.0103
1520439694.353731871 0.9468
1520439694.403733730 1.0149
1520439694.453734636 1.1864
1520439694.503736734 1.1917
1520439694.553737640 1.1377
1520439694.603739738 1.1726
1520439694.653847218 1.0822
1520439694.703848362 1.1418
1520439694.753850460 0.9826
1520439694.803852320 1.0612
1520439694.853853464 1.0792
1520439694.903855324 1.0718
1520439694.953857183 0.9469
1520439695.003858328 1.5381
1520439695.053712845 0.9351
1520439695.103713751 0.8518
1520439695.153715849 1.0109
1520439695.203716755 0.9806
1520439695.253724813 1.0586
1520439695.303719997 1.0713
1520439695.353720903 1.1159
1520439695.403723001 1.1745
1520439695.453724861 1.2328
1520439695.503716469 1.2453
1520439695.553718328 1.2492
1520439695.603719234 1.2688
1520439695.653721333 1.2269
1520439695.703722239 1.1763
1520439695.753724098 1.1294
1520439695.803725243 1.0490
1520439695.853727341 1.0698
1520439695.903893471 1.1224
1520439695.953894377 1.0946
1520439696.003896236 1.0995
1520439696.053897381 1.2045
1520439696.103899479 1.2302
1520439696.153900385 1.2833
1520439696.203903437 1.2456
1520439696.253904343 1.2871
1520439696.303915739 1.2525
1520439696.353917599 1.1721
1520439696.403919935 1.0972
1520439696.453920841 1.1074
1520439696.503922701 1.0863
1520439696.553923845 1.0578
1520439696.603925705 1.0196
1520439696.653926611 0.9670
1520439696.703899622 0.9327
1520439696.753902674 0.9215
1520439696.803902626 1.0367
1520439696.853904724 1.1222
1520439696.903905630 1.1062
1520439696.953906775 1.0449
1520439697.003908634 1.1878
1520439697.053910494 1.1770
1520439697.103821039 1.1146
1520439697.153822899 1.1390
1520439697.203824043 1.0374
1520439697.253826141 1.0959
1520439697.303827047 0.9344
1520439697.353829145 0.8174
1520439697.403830051 0.7965
1520439697.453831911 0.8089
1520439697.503834009 0.8044
1520439697.553976297 0.9556
1520439697.603978395 0.8865
1520439697.653980494 1.0068
1520439697.703981400 0.9386
1520439697.753982544 0.9826
1520439697.803984404 1.0644
1520439697.853986263 1.1573
1520439697.903988361 1.1419
1520439697.953886986 1.0186
1520439698.003888845 0.9602
1520439698.053889990 0.9883
1520439698.103890896 0.9278
1520439698.153892756 0.8751
1520439698.203895092 0.8655
1520439698.253895998 0.8672
1520439698.303898096 0.8543
1520439698.353796721 0.8678
1520439698.403798819 0.8136
1520439698.453798771 0.8845
1520439698.503884792 0.9423
1520439698.553801775 0.9719
1520439698.603803635 1.0186
1520439698.653805494 1.0165
1520439698.703806639 1.1588
1520439698.753866196 1.0804
1520439698.803867102 1.1583
1520439698.853869200 1.2141
1520439698.903870106 1.1692
1520439698.953872204 1.2132
1520439699.003873348 1.2664
1520439699.053875208 1.2906
1520439699.103877068 1.2838
1520439699.154026508 1.3770
1520439699.204028368 1.2193
1520439699.254029274 1.1427
1520439699.304031372 1.2700
1520439699.354032278 1.2792
1520439699.404034376 1.3028
1520439699.454036474 1.2873
1520439699.504038334 1.2118
1520439699.554153204 1.2493
1520439699.604155302 1.2309
1520439699.654156208 1.2987
1520439699.704158545 1.3516
1520439699.754159451 1.2422
1520439699.804160357 1.8451
1520439699.854162455 2.1481
1520439699.904164314 1.4783
1520439699.954165220 1.3360
1520439700.004231453 1.3026
1520439700.054233313 1.3330
1520439700.104276180 1.3611
1520439700.154235363 1.3056
1520439700.204237223 1.3106
1520439700.254239321 1.4303
1520439700.304240465 1.4764
1520439700.354242325 1.5318
1520439700.404344082 1.4042
1520439700.454345942 1.2934
1520439700.504346848 1.4166
1520439700.554348946 1.3652
1520439700.604349852 1.2319
1520439700.654351950 1.2177
1520439700.704354048 1.0251
1520439700.754354954 1.0923
1520439700.804762363 1.2858
1520439700.854763269 1.1697
1520439700.904765368 1.0540
1520439700.954766273 1.0648
1520439701.004768372 1.2428
1520439701.054770470 1.3252
1520439701.104771376 1.3322
1520439701.154774189 1.1552
1520439701.205379725 1.3152
1520439701.255380630 1.3791
1520439701.305382729 1.2757
1520439701.355383873 1.1266
1520439701.405385733 1.1037
1520439701.455386639 1.1187
1520439701.505388737 1.1211
1520439701.555390835 1.2177
1520439701.605720997 1.1535
1520439701.655722141 1.1981
1520439701.705724239 1.1135
1520439701.755725145 1.1460
1520439701.805727243 1.1778
1520439701.855729103 1.2242
1520439701.905730009 1.2417
1520439701.955732107 1.2281
1520439702.005733013 1.0841
1520439702.056283712 1.4040
1520439702.106284857 1.5281
1520439702.156286716 1.2126
1520439702.206287622 1.1459
1520439702.256289721 1.3645
1520439702.306291819 1.3310
1520439702.356292725 1.3438
1520439702.406294823 1.1947
1520439702.459558487 0.0000
1520439702.509560347 0.0000
1520439702.559562206 0.0000
1520439702.609563351 0.0000
1520439702.659565210 0.0000
1520439702.709566116 0.0000
1520439702.759569407 0.0000
1520439702.809570312 0.0000
1520439702.862722397 0.0000
1520439702.912723303 0.0000
1520439702.962725401 0.0000
1520439703.012726307 0.0000
1520439703.062727451 0.0000
1520439703.112729311 0.0000
1520439703.162730217 0.0000
1520439703.212732315 0.0000
1520439703.262734413 0.0000
1520439703.312735319 0.0000
1520439703.362736464 0.0000
1520439703.412738323 0.0000
1520439703.462740183 0.0000
1520439703.512741327 0.0000
1520439703.562743187 0.0000
1520439703.612744331 0.0000
1520439703.662746429 0.0000
1520439703.712747335 0.0000
1520439703.762749434 5.2295
1520439703.812750340 0.0000
1520439703.862752199 0.0000
1520439703.912754536 5.7994
1520439703.962755442 0.0000
1520439704.012757301 0.0000
1520439704.062758446 3.9926
1520439704.112760305 7.0576
1520439704.162761211 9.1759
1520439704.212763309 10.5782
1520439704.262765408 0.4975
1520439704.312767267 0.7826
1520439704.362768412 0.9276
1520439704.412770271 1.0426
1520439704.462771177 1.1067
1520439704.512773275 1.1421
1520439704.562775373 1.1864
1520439704.612776518 1.1447
1520439704.662780523 1.1508
1520439704.712779284 1.2535
1520439704.762782097 1.2980
1520439704.812782288 1.2542
1520439704.862784147 1.2625
1520439704.912785292 1.2954
1520439704.962860346 1.3636
1520439705.012788296 1.2345
1520439705.062790394 1.3409
1520439705.112791300 1.2781
1520439705.162793159 1.3191
1520439705.212794304 1.4191
1520439705.262796402 1.4434
1520439705.311258078 1.1725
1520439705.361259937 1.2960
1520439705.411261082 1.3592
1520439705.461263180 1.3072
1520439705.511265039 1.2577
1520439705.561266184 1.4409
1520439705.611268044 1.4215
1520439705.661268950 1.3945
1520439705.708701849 1.5434
1520439705.758702755 1.1336
1520439705.808705091 1.3849
1520439705.858706951 1.5108
1520439705.908708096 1.4147
1520439705.958709955 1.3799
1520439706.008712053 1.3656
1520439706.058713198 1.5623
1520439706.106956005 1.3891
1520439706.156957865 1.3909
1520439706.206958055 0.0000
1520439706.256959915 0.0000
1520439706.306964874 0.0000
1520439706.356963158 0.0000
1520439706.406965017 0.0000
1520439706.456965923 0.0000
1520439706.506167889 0.0000
1520439706.556198597 0.0000
1520439706.606170654 0.0000
1520439706.656172752 0.0000
1520439706.706173658 0.0000
1520439706.756175756 0.0000
1520439706.806176662 0.0000
1520439706.856178761 0.0000
1520439706.906179905 0.0000
1520439706.956939220 0.0000
1520439707.006941080 0.0000
1520439707.056942225 0.0000
1520439707.106944323 0.0000
1520439707.156945229 0.0000
1520439707.206947327 0.0000
1520439707.256949186 0.0000
1520439707.306950092 0.0000
1520439707.360548019 0.0000
1520439707.410550117 4.1049
1520439707.460551977 6.5457
1520439707.510553122 8.7090
1520439707.560554981 0.0000
1520439707.610556841 0.0000
1520439707.660557985 2.9188
1520439707.710560083 5.6513
1520439707.762874365 9.0328
1520439707.812876225 9.2850
1520439707.862877369 8.1047
1520439707.912879467 8.3219
1520439707.962880373 0.0000
1520439708.012882471 0.0000
1520439708.062883377 3.6882
1520439708.112885237 5.6781
1520439708.162887335 6.9552
1520439708.212888241 9.0976
1520439708.262890339 11.5793
1520439708.312891483 0.8286
1520439708.362893343 1.0842
1520439708.412894249 1.3068
1520439708.462896347 1.5540
1520439708.512897253 1.4591
1520439708.562899113 1.3905
1520439708.612901449 1.5320
1520439708.662902355 1.1571
1520439708.712904453 1.2883
1520439708.762905359 1.1987
1520439708.812907219 1.2112
1520439708.862908363 1.1720
1520439708.912910223 1.2452
1520439708.962911129 1.2544
1520439709.012913465 1.2561
1520439709.062915325 1.2515
1520439709.112916231 1.3922
1520439709.162918329 1.4565
1520439709.212920427 1.3196
1520439709.262921333 1.3502
1520439709.312923431 1.3834
1520439709.362925291 1.2958
1520439709.412414551 1.2337
1520439709.462415695 1.4191
1520439709.512417555 1.3473
1520439709.562418461 1.4800
1520439709.612424374 1.2723
1520439709.662422419 1.4560
1520439709.712423325 1.3275
1520439709.762424469 1.3935
1520439709.810653925 1.2190
1520439709.860556126 1.1562
1520439709.910557032 1.3025
1520439709.960558891 1.1498
1520439710.010560036 1.2467
1520439710.060561895 1.2704
1520439710.110563040 1.3498
1520439710.160564899 1.3836
1520439710.208740711 1.4668
1520439710.258741856 1.4066
1520439710.308743715 1.4318
1520439710.358744621 1.0990
1520439710.408746719 1.1092
1520439710.458747625 1.2724
1520439710.508749485 1.3717
1520439710.558750629 1.3515
1520439710.607288361 1.3037
1520439710.657290220 1.2500
1520439710.707291365 1.2744
1520439710.757294416 1.3555
1520439710.807295322 1.4261
1520439710.857297421 1.4139
1520439710.907298326 1.4494
1520439710.957299232 1.4984
1520439711.006050825 1.3772
1520439711.056051970 1.3339
1520439711.106053829 1.1640
1520439711.156054974 1.1590
1520439711.206058979 1.2675
1520439711.256057739 1.1436
1520439711.306060076 1.2286
1520439711.356060982 1.3660
1520439711.405423641 1.1667
1520439711.455367565 1.1522
1520439711.505368471 1.0525
1520439711.555370569 1.1177
1520439711.605371714 1.2023
1520439711.655373573 1.2359
1520439711.705374479 1.3004
1520439711.755376577 1.3541
1520439711.805377483 1.3500
1520439711.855489492 1.4710
1520439711.905491352 1.5631
1520439711.955492496 1.3425
1520439712.005494595 1.3026
1520439712.055495501 1.3815
1520439712.105497599 1.2454
1520439712.155498505 1.3271
1520439712.205500364 1.2252
1520439712.256057501 1.1205
1520439712.306058407 1.3187
1520439712.356060743 1.2873
1520439712.406062603 1.3120
1520439712.456063509 1.3992
1520439712.506065607 1.9478
1520439712.556066513 1.8659
1520439712.606068373 1.3280
1520439712.655855656 1.3104
1520439712.705857754 1.1400
1520439712.755861759 1.2696
1520439712.805860758 1.0944
1520439712.855862856 1.1332
1520439712.905863762 3.0289
1520439712.955865860 1.2309
1520439713.005879879 1.2672
1520439713.055298090 1.2275
1520439713.105298996 1.4135
1520439713.155301094 2.9265
1520439713.205302000 1.2331
1520439713.255303860 1.3369
1520439713.305305004 1.6378
1520439713.355307102 1.3849
1520439713.405308008 1.3142
1520439713.454799652 1.3630
1520439713.504801512 1.2664
1520439713.554802418 1.1401
1520439713.604804516 1.1496
1520439713.654805422 1.0578
1520439713.704807520 1.0951
1520439713.754808664 1.1118
1520439713.804810524 1.2592
1520439713.854812622 1.1281
1520439713.904637098 1.1620
1520439713.954639196 1.2296
1520439714.004641056 1.2881
1520439714.054642200 1.2742
1520439714.104644060 2.3535
1520439714.154645205 1.3758
1520439714.204647064 1.2758
1520439714.254647970 1.2546
1520439714.304578066 1.2495
1520439714.354580164 1.2615
1520439714.404581070 1.2520
1520439714.454581976 1.2043
1520439714.504586220 1.2941
1520439714.554586172 1.1024
1520439714.604587078 1.1648
1520439714.654589176 1.2898
1520439714.704533815 1.3298
1520439714.754535675 2.0670
1520439714.804536819 1.5120
1520439714.854538679 1.1669
1520439714.904539824 1.2959
1520439714.954541922 4.1877
1520439715.004542828 2.7305
1520439715.054544926 1.5655
1520439715.104536057 1.6995
1520439715.154536963 2.1733
1520439715.204539061 1.3902
1520439715.254539967 2.4692
1520439715.304542065 1.3659
1520439715.354544163 1.3859
1520439715.404545069 2.1865
1520439715.454546928 1.2746
1520439715.504522324 1.2385
1520439715.554524183 1.1797
1520439715.604526281 1.1285
1520439715.654527187 0.9564
1520439715.704529524 1.0775
1520439715.754530191 1.0000
1520439715.804532290 1.1537
1520439715.854534388 1.1738
1520439715.904535294 1.3009
1520439715.954536200 1.2994
1520439716.004538298 1.4029
1520439716.054540396 1.2242
1520439716.104541302 1.2585
1520439716.154543400 1.1852
1520439716.204544306 1.1984
1520439716.254629374 1.0690
1520439716.304547310 1.0941
1520439716.354534626 1.1980
1520439716.404535770 1.2962
1520439716.454537630 1.1373
1520439716.504538536 1.0975
1520439716.554540873 1.1213
1520439716.604541779 1.0723
1520439716.654543638 1.9552
1520439716.704545736 1.0373
1520439716.754534006 1.0954
1520439716.804535866 1.0423
1520439716.854537010 1.1401
1520439716.904538870 1.2181
1520439716.954539776 1.1927
1520439717.004541874 1.1089
1520439717.054543972 1.1618
1520439717.104544878 1.1828
1520439717.154636383 1.0887
1520439717.204638481 1.1528
1520439717.254639387 1.0703
1520439717.304641247 1.1711
1520439717.354643345 1.1018
1520439717.404644251 1.1048
1520439717.454646349 1.0744
1520439717.504647493 1.0710
1520439717.554682732 1.0822
1520439717.604684830 0.9473
1520439717.654686689 0.9014
1520439717.704692841 0.9510
1520439717.754688740 0.9877
1520439717.804690599 1.0014
1520439717.854729652 0.8178
1520439717.904693842 0.8785
1520439717.954728842 0.8430
1520439718.004729748 0.7982
1520439718.054731846 0.8314
1520439718.104732990 0.8316
1520439718.154734850 0.8395
1520439718.204735756 0.9128
1520439718.254737854 0.9761
1520439718.304739952 0.9013
1520439718.354740620 1.0150
1520439718.404752016 0.9797
1520439718.454753399 1.0225
1520439718.504755259 0.9635
1520439718.554756403 0.9702
1520439718.604758263 0.9156
1520439718.654760122 0.9582
1520439718.704761267 0.9240
1520439718.754763365 0.9187
1520439718.804775000 0.8631
1520439718.854775906 0.7944
1520439718.904777765 0.7710
1520439718.954778910 0.8876
1520439719.004780769 0.9431
1520439719.054781914 0.9022
1520439719.104783773 0.9445
1520439719.154785872 1.0318
1520439719.204795599 1.1113
1520439719.254797935 1.1543
1520439719.304798603 1.1266
1520439719.354799986 1.1722
1520439719.404801846 1.1276
1520439719.454803705 1.1034
1520439719.504804850 0.9283
1520439719.554806709 1.0101
1520439719.604785919 1.0016
1520439719.654788017 0.9562
1520439719.704788923 0.9843
1520439719.754791021 1.0172
1520439719.804792166 0.9930
1520439719.854794025 0.9781
1520439719.904795885 0.9713
1520439719.954797029 0.9347
1520439720.004787207 0.9857
1520439720.054788113 1.0678
1520439720.104789972 1.1142
1520439720.154791117 1.1720
1520439720.204792976 1.1300
1520439720.254795074 1.1129
1520439720.304796219 1.0766
1520439720.354798079 1.1158
1520439720.404796362 1.1192
1520439720.454798222 1.1620
1520439720.504800558 1.0911
1520439720.554802418 1.0811
1520439720.604803324 1.0851
1520439720.654805422 0.9987
1520439720.704806328 1.0330
1520439720.754807234 0.9731
1520439720.804809570 0.9915
1520439720.854815483 0.9361
1520439720.904817581 0.9263
1520439720.954818487 0.9788
1520439721.004819393 0.9842
1520439721.054821730 0.9989
1520439721.104924679 1.0634
1520439721.154824495 1.0455
1520439721.204825640 1.0359
1520439721.254807472 1.0467
1520439721.304808617 1.1168
1520439721.354810715 1.0730
1520439721.404811621 1.0790
1520439721.454813719 1.1152
1520439721.504815578 1.0584
1520439721.554816484 1.1329
1520439721.604818583 1.1951
1520439721.654853106 0.9977
1520439721.704855204 1.0628
1520439721.754856110 1.0114
1520439721.804858208 1.0325
1520439721.854860306 1.0607
1520439721.904861212 1.0766
1520439721.954863310 1.0587
1520439722.004865170 1.1727
1520439722.054867983 1.0907
1520439722.104869843 1.0596
1520439722.154872179 1.0199
1520439722.204872847 1.0778
1520439722.254874229 1.0808
1520439722.304876089 1.1356
1520439722.354876995 1.1139
1520439722.404879093 1.0843
1520439722.454906702 1.0571
1520439722.504907846 1.0578
1520439722.554908752 0.9957
1520439722.604910851 1.0340
1520439722.654912710 0.9680
1520439722.704971790 0.9851
1520439722.754915953 0.9945
1520439722.804916620 0.9996
1520439722.854925156 1.0811
1520439722.904926062 0.9941
1520439722.954928160 1.0714
1520439723.004930019 0.9891
1520439723.054930925 0.9459
1520439723.104933023 0.9507
1520439723.154933929 0.9378
1520439723.204936028 0.9465
1520439723.254937172 0.9481
1520439723.304846287 1.0811
1520439723.354847193 1.2733
1520439723.404849291 1.1085
1520439723.454851389 1.1597
1520439723.504852295 1.0341
1520439723.554854393 1.1653
1520439723.604855299 0.9716
1520439723.654858351 1.0328
1520439723.704759359 1.0268
1520439723.754760504 1.0178
1520439723.804762363 1.0234
1520439723.854764223 1.0492
1520439723.904766560 0.9973
1520439723.954766273 0.9974
1520439724.004768372 0.9230
1520439724.054769516 1.0379
1520439724.104720116 0.9940
1520439724.154721975 0.9694
1520439724.204722881 1.0356
1520439724.254725218 1.0141
1520439724.304738998 1.0146
1520439724.354727983 1.1044
1520439724.404729128 1.0620
1520439724.454730988 0.9886
1520439724.504695654 1.0158
1520439724.554697752 1.0476
1520439724.604698658 0.9198
1520439724.654700518 0.9357
1520439724.704702616 0.9470
1520439724.754703522 0.9839
1520439724.804705620 0.9639
1520439724.854706764 0.9142
1520439724.904677391 1.0223
1520439724.954678535 0.9920
1520439725.004680395 1.0763
1520439725.054682255 1.0401
1520439725.104683638 0.9597
1520439725.154685497 0.9239
1520439725.204686642 1.0250
1520439725.254688501 0.9522
1520439725.304683447 1.0364
1520439725.354684591 1.0599
1520439725.404686689 1.1015
1520439725.454687595 1.1828
1520439725.504689693 1.1356
1520439725.554690599 1.1434
1520439725.604692459 1.0292
1520439725.654693604 1.0656
1520439725.704695463 1.0159
1520439725.754673481 1.0467
1520439725.804675341 0.9365
1520439725.854677439 0.9386
1520439725.904678345 0.9327
1520439725.954680204 0.9717
1520439726.004681587 1.0237
1520439726.054683447 1.0634
1520439726.104684591 1.0056
1520439726.154719114 0.9815
1520439726.204720497 1.1192
1520439726.254722357 1.0839
1520439726.304724455 1.1111
1520439726.354725361 1.1229
1520439726.404727221 1.0953
1520439726.454728365 1.0603
1520439726.504730463 1.1583
1520439726.554780006 1.1617
1520439726.604781866 1.0818
1520439726.654783964 1.1199
1520439726.704784870 1.0226
1520439726.754786730 0.9806
1520439726.804787874 0.9732
1520439726.854789972 0.8779
1520439726.904791832 0.9097
1520439726.954821110 0.9296
1520439727.004822016 1.0168
1520439727.054823875 0.9904
1520439727.104825020 0.9696
1520439727.154827118 1.0060
1520439727.204827785 1.0849
1520439727.254830122 1.1313
1520439727.304831028 1.0811
1520439727.354885340 1.1521
1520439727.404886484 1.1425
1520439727.454888344 1.1421
1520439727.504889250 1.1289
1520439727.554969311 1.0382
1520439727.604892492 1.0480
1520439727.654894352 1.0572
1520439727.704895496 1.0098
1520439727.754897356 0.8889
1520439727.804910660 0.9033
1520439727.854912519 0.9176
1520439727.904914379 0.9154
1520439727.954915524 1.0229
1520439728.004917622 1.0070
1520439728.054918289 1.0569
1520439728.104920626 1.0137
1520439728.154921532 1.0023
1520439728.204864740 1.0713
1520439728.254866600 0.9957
1520439728.304867744 1.0580
1520439728.354869843 1.1328
1520439728.404871702 1.1296
1520439728.454872847 1.1149
1520439728.504874706 1.1973
1520439728.554876566 1.1973
1520439728.604811668 1.1035
1520439728.654812574 1.1695
1520439728.704814911 0.9169
1520439728.754815817 1.0116
1520439728.804817677 0.8933
1520439728.854819775 0.9878
1520439728.904820681 1.1249
1520439728.954822540 1.1176
1520439729.004786730 1.0199
1520439729.054788828 1.1325
1520439729.104789734 1.1055
1520439729.154824734 1.0944
1520439729.204792738 0.8553
1520439729.254794836 0.8368
1520439729.304795742 0.9770
1520439729.354797840 1.0423
1520439729.404724836 1.1929
1520439729.454726934 0.9195
1520439729.504728794 0.9671
1520439729.554729700 0.8986
1520439729.604731798 0.9835
1520439729.654732704 0.8685
1520439729.704735041 0.8926
1520439729.754735947 0.9519
1520439729.804716587 0.9405
1520439729.854718685 0.9245
1520439729.904719591 0.9414
1520439729.954721451 0.9706
1520439730.004722595 1.0598
1520439730.054724693 1.0540
1520439730.104726791 1.0478
1520439730.154728651 1.0990
1520439730.204729557 1.1745
1520439730.254789591 1.1689
1520439730.304790497 1.1827
1520439730.354791641 1.2364
1520439730.404793501 1.0993
1520439730.454794407 1.2237
1520439730.504796743 1.1463
1520439730.554797649 1.1532
1520439730.604799747 1.0403
1520439730.654850960 1.0381
1520439730.704851866 1.0356
1520439730.754854202 0.9634
1520439730.804855108 1.0388
1520439730.854856968 0.9708
1520439730.904858112 1.0128
1520439730.954859972 1.0034
1520439731.004862070 1.0491
1520439731.054888010 1.0103
1520439731.104889870 1.0132
1520439731.154890776 0.9725
1520439731.204892874 1.0279
1520439731.254893780 1.1158
1520439731.304895639 1.1491
1520439731.354896784 1.1819
1520439731.404898882 1.2366
1520439731.454921007 1.1888
1520439731.504922152 1.2268
1520439731.554924011 1.1958
1520439731.604925156 1.2261
1520439731.654927015 1.0915
1520439731.704929113 1.2369
1520439731.754931211 1.1991
1520439731.804932117 1.1957
1520439731.854964256 1.0683
1520439731.904966116 1.0993
1520439731.954967260 1.1150
1520439732.004969120 1.1349
1520439732.054971218 1.0673
1520439732.104972363 1.1322
1520439732.154973269 1.0388
1520439732.204976082 1.0249
1520439732.255039692 1.0426
1520439732.305040836 1.1803
1520439732.355042934 1.0343
1520439732.405142784 1.0847
1520439732.455045938 1.0300
1520439732.505046844 0.9099
1520439732.555048943 0.9064
1520439732.605049849 0.8565
1520439732.655051708 0.9679
1520439732.705078363 1.0275
1520439732.755079508 0.8960
1520439732.805081367 0.9860
1520439732.855082273 0.9176
1520439732.905084372 0.8776
1520439732.955085278 0.8999
1520439733.005087137 1.0461
1520439733.055089474 0.9965
1520439733.105076075 0.9165
1520439733.155077934 0.9328
1520439733.205079079 0.9472
1520439733.255080938 1.0359
1520439733.305082798 0.9434
1520439733.355083942 0.9854
1520439733.405086040 0.9433
1520439733.455087900 0.9696
1520439733.505080223 2.5760
1520439733.555081129 1.1068
1520439733.605083466 1.0861
1520439733.655085325 1.0061
1520439733.705086231 0.9897
1520439733.755088329 0.8872
1520439733.805090189 0.8064
1520439733.855091095 0.8109
1520439733.905090809 0.8323
1520439733.955092669 0.8762
1520439734.005144835 0.9328
1520439734.055095911 0.9917
1520439734.105096817 1.0820
1520439734.155098915 1.1192
1520439734.205099821 1.1347
1520439734.255101919 0.9387
1520439734.305118799 1.1017
1520439734.355119944 1.1093
1520439734.405121803 1.3039
1520439734.455122709 1.0984
1520439734.505124807 1.1650
1520439734.555125713 1.0850
1520439734.605127573 1.1372
1520439734.655129910 1.0891
1520439734.705130816 0.9353
1520439734.755193710 0.9102
1520439734.805194378 1.0130
1520439734.855196476 0.9108
1520439734.905197620 0.9444
1520439734.955200434 1.0322
1520439735.005201340 1.0441
1520439735.055202484 1.0064
1520439735.105204582 0.9979
1520439735.155236959 0.8618
1520439735.205237865 0.9516
1520439735.255239010 0.9722
1520439735.305240870 0.8559
1520439735.355241776 0.9303
1520439735.405243874 1.0208
1520439735.455245733 0.8944
1520439735.505246639 0.9632
1520439735.555332422 0.8596
1520439735.605341196 0.9319
1520439735.655335426 0.7846
1520439735.705336332 0.9315
1520439735.755338192 0.9638
1520439735.805339336 1.0420
1520439735.855341196 0.9925
1520439735.905343294 1.0726
1520439735.955416679 1.1195
1520439736.005418539 1.0190
1520439736.055419683 0.9516
1520439736.105421543 1.0366
1520439736.155422449 1.0216
1520439736.205424547 1.1521
1520439736.255426645 1.1573
1520439736.305427790 1.0706
1520439736.355439901 1.0780
1520439736.405441046 1.1391
1520439736.455442905 1.0751
1520439736.505444050 1.1330
1520439736.555445910 1.1107
1520439736.605448008 1.0327
1520439736.655449152 1.0246
1520439736.705451012 1.0766
1520439736.755381107 0.8448
1520439736.805383205 0.8585
1520439736.855384111 0.8152
1520439736.905385256 0.8268
1520439736.955387115 0.9445
1520439737.005388021 0.8165
1520439737.055390120 0.9820
1520439737.105391026 0.9218
1520439737.155393124 1.0235
1520439737.205245256 0.9511
1520439737.255246162 1.0533
1520439737.305247307 1.0106
1520439737.355249166 0.8015
1520439737.405250072 0.8526
1520439737.455252171 1.0146
1520439737.505254030 1.2509
1520439737.555254936 1.0901
1520439737.605202198 1.2065
1520439737.655203342 1.0514
1520439737.705205202 1.1061
1520439737.755206108 0.9163
1520439737.805208206 0.8770
1520439737.855210304 0.8933
1520439737.905211449 0.9399
1520439737.955213308 1.0502
1520439738.005164862 1.4974
1520439738.055166960 0.9104
1520439738.105167866 0.9824
1520439738.155169725 0.9491
1520439738.205170870 1.0895
1520439738.255172968 1.0519
1520439738.305174828 0.9535
1520439738.355175972 1.1061
1520439738.405155897 1.1310
1520439738.455157757 1.0422
1520439738.505158663 1.1380
1520439738.555160761 1.0461
1520439738.605162859 0.9480
1520439738.655163765 0.9937
1520439738.705164909 0.9062
1520439738.755169868 0.9177
1520439738.805137634 0.8782
1520439738.855208635 0.9754
1520439738.905139685 0.9882
1520439738.955141544 1.1673
1520439739.005143881 1.1085
1520439739.055144787 1.1654
1520439739.105146646 1.1481
1520439739.155147791 1.0161
1520439739.205155134 1.0300
1520439739.255156279 1.0447
1520439739.305158138 0.8777
1520439739.355159044 0.8813
1520439739.405161142 0.8699
1520439739.455163240 0.9524
1520439739.505164146 0.9925
1520439739.555166245 1.0630
1520439739.605168104 1.1862
1520439739.655157089 0.9316
1520439739.705158949 0.9897
1520439739.755160093 0.9189
1520439739.805161953 0.9402
1520439739.855162859 1.2625
1520439739.905164957 0.9627
1520439739.955165863 0.9741
1520439740.005167961 0.9860
1520439740.055179596 0.9887
1520439740.105180502 0.9750
1520439740.155182600 0.9791
1520439740.205184460 1.0378
1520439740.255185366 0.9850
1520439740.305186510 1.1102
1520439740.355188370 0.9560
1520439740.405189276 1.0171
1520439740.455236435 1.0105
1520439740.505213499 1.1262
1520439740.555215359 0.9178
1520439740.605217457 0.8859
1520439740.655218363 0.8991
1520439740.705220461 0.9379
1520439740.755221605 0.9183
1520439740.805223465 0.9817
1520439740.855218649 1.0382
1520439740.905220747 1.1458
1520439740.955221653 1.0646
1520439741.005223751 1.0979
1520439741.055225849 1.0485
1520439741.105226755 1.1061
1520439741.155228615 1.1429
1520439741.205229759 1.0779
1520439741.255188227 1.1085
1520439741.305189133 1.0597
1520439741.355190992 1.1512
1520439741.405193329 1.1197
1520439741.455193996 1.0885
1520439741.505196095 1.1012
1520439741.555198193 1.0324
1520439741.605200052 1.0516
1520439741.655222893 1.0716
1520439741.705224037 1.1013
1520439741.755225897 1.0544
1520439741.805227757 1.0603
1520439741.855228901 1.1236
1520439741.905229807 1.0690
1520439741.955231667 1.1249
1520439742.005232811 1.1440
1520439742.055234909 1.0967
1520439742.105233669 1.2320
1520439742.155235529 1.1340
1520439742.205237865 1.2611
1520439742.255238771 1.1075
1520439742.305240631 1.1471
1520439742.355241776 0.9964
1520439742.405243635 1.1135
1520439742.455244541 1.1438
1520439742.505289555 1.2205
1520439742.555290461 1.0351
1520439742.605292559 1.1034
1520439742.655294418 1.1783
1520439742.705295324 1.1677
1520439742.755297422 1.0080
1520439742.805298328 1.1367
1520439742.855300426 1.2214
1520439742.905314445 1.1041
1520439742.955316782 1.1620
1520439743.005317688 1.2251
1520439743.055320501 1.1383
1520439743.105321646 1.0608
1520439743.155323744 1.0629
1520439743.205324650 1.1807
1520439743.255326748 1.1083
1520439743.305347681 1.1408
1520439743.355349779 1.0864
1520439743.405350685 1.0058
1520439743.455352783 1.0661
1520439743.505353689 1.1712
1520439743.555355549 1.4039
1520439743.605356693 1.1544
1520439743.655358791 1.0196
1520439743.705489397 1.2693
1520439743.755401373 1.0807
1520439743.805403471 1.1023
1520439743.855404615 1.0170
1520439743.905406475 0.9362
1520439743.955407381 0.9984
1520439744.005409479 1.0852
1520439744.055410385 1.0081
1520439744.105412245 0.9139
1520439744.155457258 0.9649
1520439744.205459356 0.9944
1520439744.255461454 0.9006
1520439744.305462360 0.9680
1520439744.355464458 0.8712
1520439744.405465364 0.9297
1520439744.455467224 1.0292
1520439744.505468369 1.0676
1520439744.555518150 1.0878
1520439744.605520010 1.1464
1520439744.655522108 1.0004
1520439744.705524206 1.0673
1520439744.755525112 1.0849
1520439744.805526257 1.0946
1520439744.855528116 0.9674
1520439744.905529022 1.0148
1520439744.955559492 1.1216
1520439745.005561352 1.1414
1520439745.055563211 1.0585
1520439745.105564356 1.1240
1520439745.155566454 1.0957
1520439745.205567122 1.1958
1520439745.255569458 1.0668
1520439745.305614233 1.1724
1520439745.355599642 1.0820
1520439745.405600548 1.1080
1520439745.455602407 1.1871
1520439745.505604506 1.2174
1520439745.555605412 1.0577
1520439745.605607510 1.0933
1520439745.655608654 1.0228
1520439745.705610514 1.1115
1520439745.755572081 1.0959
1520439745.805573940 1.0880
1520439745.855576038 1.0027
1520439745.905576944 0.9785
1520439745.955578804 0.9676
1520439746.005579948 1.0197
1520439746.055582047 0.9759
1520439746.105583191 0.9866
1520439746.155501604 1.0731
1520439746.205503702 1.0042
1520439746.255505562 1.0414
1520439746.305506706 1.1760
1520439746.355507612 1.1218
1520439746.405509710 1.1400
1520439746.455511808 1.1367
1520439746.505512714 1.2299
1520439746.555513620 0.9791
1520439746.605426550 1.0727
1520439746.655428648 1.0287
1520439746.705429554 1.0420
1520439746.755431414 1.0398
1520439746.805432558 1.0957
1520439746.855434418 1.0446
1520439746.905435324 0.9766
1520439746.955437660 1.0549
1520439747.005423069 1.0809
1520439747.055423975 1.1463
1520439747.105426073 1.0602
1520439747.155426979 1.0245
1520439747.205429077 1.0812
1520439747.255430222 1.1653
1520439747.305432081 1.0567
1520439747.355432987 1.0426
1520439747.405427933 0.9936
1520439747.455429792 1.0212
1520439747.505430698 1.0177
1520439747.555433035 1.0931
1520439747.605433941 0.9929
1520439747.655435801 1.0185
1520439747.705436945 1.0204
1520439747.755438805 1.0689
1520439747.805417299 0.9758
1520439747.855418444 1.0487
1520439747.905420303 1.1066
1520439747.955422401 1.0439
1520439748.005423307 1.0432
1520439748.055425167 1.1146
1520439748.105427504 1.0868
1520439748.155428410 1.1468
1520439748.205447912 1.0517
1520439748.255450010 1.1060
1520439748.305450916 1.1474
1520439748.355453014 1.1224
1520439748.405454159 1.0603
1520439748.455456018 1.0914
1520439748.505456924 1.0622
1520439748.555459023 1.6071
1520439748.605459929 1.8957
1520439748.655475378 1.1442
1520439748.705477476 1.7031
1520439748.755478621 3.9441
1520439748.805480480 1.0637
1520439748.855481386 0.9566
1520439748.905483484 0.9612
1520439748.955484390 1.6017
1520439749.005486250 1.0285
1520439749.055502415 1.0429
1520439749.105503321 1.0700
1520439749.155505180 1.1298
1520439749.205507278 1.9090
1520439749.255508184 1.1042
1520439749.305510044 1.1061
1520439749.355511189 1.1436
1520439749.405512094 1.2139
1520439749.455532312 1.1610
1520439749.505535126 1.0919
1520439749.555535078 1.0644
1520439749.605538368 1.1189
1520439749.655539274 1.0723
1520439749.705541134 0.9930
1520439749.755542278 0.9548
1520439749.805543184 0.9628
1520439749.855530262 0.9400
1520439749.905531168 0.8527
1520439749.955533981 0.9022
1520439750.005535126 0.9669
1520439750.055536032 1.3931
1520439750.105538368 0.9448
1520439750.155598164 0.9777
1520439750.205540180 1.0920
1520439750.255501032 1.0743
1520439750.305502892 1.1463
1520439750.355504036 1.0982
1520439750.405506134 1.1812
1520439750.455507040 1.0580
1520439750.505509138 1.1308
1520439750.555510044 1.0341
1520439750.605511904 1.0394
1520439750.655460119 1.1167
1520439750.705461025 1.6591
1520439750.755463123 1.1180
1520439750.805464029 1.0992
1520439750.855465889 0.9989
1520439750.905468225 1.0268
1520439750.955469131 1.0947
1520439751.005470276 1.0645
1520439751.055472136 1.1214
1520439751.105415821 1.0553
1520439751.155418158 1.0143
1520439751.205419064 1.0958
1520439751.255420923 1.0143
1520439751.305422068 1.1312
1520439751.355423927 0.9886
1520439751.405424833 1.0397
1520439751.455427170 1.1071
1520439751.505396128 1.1865
1520439751.555398226 1.2075
1520439751.605400324 1.1347
1520439751.655401230 1.0425
1520439751.705403328 1.0361
1520439751.755417347 0.9886
1520439751.805406094 1.0919
1520439751.855407476 0.9426
1520439751.905382872 0.9906
1520439751.955383778 0.9222
1520439752.005385637 0.9574
1520439752.055386782 0.9617
1520439752.105388880 0.9939
1520439752.155389786 0.9824
1520439752.205391884 1.0420
1520439752.255393744 1.0370
1520439752.305421591 1.4623
1520439752.355423689 1.0277
1520439752.405425549 0.9207
1520439752.455426931 0.9605
1520439752.505427599 1.0032
1520439752.555429697 0.9432
1520439752.605430841 1.0300
1520439752.655432701 1.0000
1520439752.705460310 0.9593
1520439752.755462170 0.9880
1520439752.805463076 1.1861
1520439752.855465174 1.0640
1520439752.905466080 1.0891
1520439752.955468178 1.0951
1520439753.005469084 1.1519
1520439753.055471182 1.1087
1520439753.105448484 1.0202
1520439753.155450583 1.0774
1520439753.205451488 1.1176
1520439753.255453348 1.0164
1520439753.305455685 1.0206
1520439753.355459690 0.9956
1520439753.405458450 1.0455
1520439753.455459595 1.1606
1520439753.505461454 1.1074
1520439753.555377960 1.0725
1520439753.605379820 1.0803
1520439753.655380726 1.6973
1520439753.705382824 1.5086
1520439753.755383730 1.2055
1520439753.805385828 1.1519
1520439753.855387926 1.3766
1520439753.905388832 1.2149
1520439753.955289125 1.2355
1520439754.005290031 1.2572
1520439754.055292130 1.1520
1520439754.105293036 1.2235
1520439754.155294895 1.9174
1520439754.205297232 1.2575
1520439754.255298138 1.2466
1520439754.305299997 1.1950
1520439754.355243921 1.2285
1520439754.405244827 1.0898
1520439754.455247164 1.1124
1520439754.505248070 1.3040
1520439754.555249929 1.0661
1520439754.605252028 1.2280
1520439754.655252934 1.4112
1520439754.705254793 1.0305
1520439754.755247355 1.1011
1520439754.805249453 1.0802
1520439754.855250359 1.6415
1520439754.905251503 1.0188
1520439754.955253601 1.0858
1520439755.005326271 1.0187
1520439755.055256605 1.0872
1520439755.105258465 1.0384
1520439755.155231953 1.0089
1520439755.205234289 1.0294
1520439755.255234957 1.0175
1520439755.305237055 1.0818
1520439755.355238199 0.9557
1520439755.405240059 1.0210
1520439755.455241919 0.9989
1520439755.505243063 1.0033
1520439755.555250168 1.0075
1520439755.605237722 1.0743
1520439755.655239820 1.0211
1520439755.705240726 1.0732
1520439755.755243063 1.0212
1520439755.805244923 1.0524
1520439755.855245829 1.0740
1520439755.905247927 1.0847
1520439755.955250025 1.0457
1520439756.005266905 0.9981
1520439756.055268764 1.0714
1520439756.105269909 0.9983
1520439756.155272007 1.0615
1520439756.205273867 1.0595
1520439756.255275011 1.0547
1520439756.305275917 1.0847
1520439756.355278730 1.0103
1520439756.405289888 1.0851
1520439756.455291033 1.1077
1520439756.505293131 1.1393
1520439756.555294037 1.1379
1520439756.605319262 1.1075
1520439756.655297041 1.1071
1520439756.705298901 1.0714
1520439756.755300045 0.9686
1520439756.805320978 1.0842
1520439756.855322123 1.0885
1520439756.905323982 1.1487
1520439756.955324888 1.1876
1520439757.005326986 1.5546
1520439757.055329084 1.1570
1520439757.105329990 1.6361
1520439757.155332088 1.2944
1520439757.205347776 1.2821
1520439757.255350113 1.3211
1520439757.305351019 1.1647
1520439757.355352879 1.0868
1520439757.405354023 1.1123
1520439757.455355883 1.0592
1520439757.505357981 1.0836
1520439757.555358887 1.0511
1520439757.605377674 1.1121
1520439757.655380011 1.0867
1520439757.705380917 1.1383
1520439757.755382776 1.1719
1520439757.805384874 1.1166
1520439757.855385780 1.1248
1520439757.905387878 1.1125
1520439757.955389023 1.0469
1520439758.005386591 1.0837
1520439758.055401564 1.1125
1520439758.105403423 0.9600
1520439758.155404568 0.9687
1520439758.205410480 1.0275
1520439758.255407333 0.9889
1520439758.305409431 1.0443
1520439758.355410337 1.0480
1520439758.405412674 1.0183
1520439758.455414534 1.0170
1520439758.505416393 1.0343
1520439758.555417538 1.0222
1520439758.605419636 1.0085
1520439758.655421495 0.9393
1520439758.705422640 0.9668
1520439758.755424500 0.9872
1520439758.805425406 0.9448
1520439758.855423212 0.9647
1520439758.905424118 0.9518
1520439758.955426216 0.9408
1520439759.005427122 0.9251
1520439759.055429459 0.9771
1520439759.105431318 0.9748
1520439759.155432224 0.9592
1520439759.205434322 1.0238
1520439759.255441666 0.9778
1520439759.305442572 1.0407
1520439759.355443716 1.0584
1520439759.405445576 0.9399
1520439759.455447435 0.9644
1520439759.505448818 0.9857
1520439759.555450678 1.0044
1520439759.605451584 0.9745
1520439759.655446053 1.0442
1520439759.705446959 1.0786
1520439759.755450964 1.0695
1520439759.805450916 1.0067
1520439759.855536938 1.0682
1520439759.905453920 1.1212
1520439759.955455065 1.1992
1520439760.005456924 1.0888
1520439760.055457592 1.0804
1520439760.105459690 1.0174
1520439760.155460596 0.9881
1520439760.205462456 1.0060
1520439760.255464792 0.9554
1520439760.305465698 0.9671
1520439760.355467558 0.9410
1520439760.405468702 0.9875
1520439760.455470562 1.0367
1520439760.505485296 1.0791
1520439760.555487156 1.0926
1520439760.605488300 1.1083
1520439760.655490398 1.1491
1520439760.705492258 1.0776
1520439760.755493402 1.1245
1520439760.805495262 1.1120
1520439760.855497122 0.9631
1520439760.905490637 1.0433
1520439760.955491781 1.0181
1520439761.005493641 0.9995
1520439761.055495739 0.8748
1520439761.105496883 0.9281
1520439761.155498743 0.8953
1520439761.205500603 0.9522
1520439761.255501747 1.0020
1520439761.305505514 1.0299
1520439761.355503321 0.9754
1520439761.405505419 1.0151
1520439761.455544233 1.0089
1520439761.505508423 1.6562
1520439761.555509567 1.8022
1520439761.605511427 2.2263
1520439761.655512333 1.3031
1520439761.705509901 1.2286
1520439761.755510807 1.2470
1520439761.805512667 1.3969
1520439761.855514765 1.1066
1520439761.905515671 1.1631
1520439761.955517769 1.1599
1520439762.005518913 1.0027
1520439762.055520773 0.9889
1520439762.105538607 0.9493
1520439762.155540705 0.8706
1520439762.205542564 0.9129
1520439762.255543470 0.9047
1520439762.305545807 0.8438
1520439762.355546713 0.8876
1520439762.405548573 0.9326
1520439762.455550671 0.9633
1520439762.505540371 0.9057
1520439762.555542231 0.9117
1520439762.605543375 0.9377
1520439762.655545235 0.9320
1520439762.705546141 0.9753
1520439762.755548477 0.9953
1520439762.805549383 1.0373
1520439762.855551243 0.9550
1520439762.905553341 0.9573
1520439762.955527306 0.9676
1520439763.005529404 1.0084
1520439763.055530548 0.9590
1520439763.105532408 0.9629
1520439763.155533314 1.0798
1520439763.205535412 1.2076
1520439763.255536318 1.3758
1520439763.305538416 1.0545
1520439763.355519533 1.1569
1520439763.405521393 1.1068
1520439763.455523491 1.1873
1520439763.505524397 1.0930
1520439763.555526733 1.0962
1520439763.605527639 1.0309
1520439763.655529499 1.0733
1520439763.705530643 1.0088
1520439763.755545616 1.3538
1520439763.805546761 1.0098
1520439763.855548620 1.0515
1520439763.905550957 1.0114
1520439763.955551863 1.0387
1520439764.005553722 1.0834
1520439764.055555820 1.1015
1520439764.105556726 1.1247
1520439764.155554056 1.1271
1520439764.205555916 1.1996
1520439764.255557060 1.0970
1520439764.305557966 0.9870
1520439764.355559826 0.9984
1520439764.405562162 0.9818
1520439764.455563068 0.9507
1520439764.505568027 1.0139
1520439764.555559874 1.0509
1520439764.605561972 1.0686
1520439764.655563116 1.1005
1520439764.705668926 1.1334
1520439764.755565882 1.1187
1520439764.805567980 1.0384
1520439764.855568886 1.0237
1520439764.905570745 0.9084
1520439764.955571890 0.9544
1520439765.005579710 0.9555
1520439765.055582047 0.9769
1520439765.105582952 1.5471
1520439765.155584812 0.9924
1520439765.205585957 1.0521
1520439765.255587816 1.1215
1520439765.305588961 1.1175
1520439765.355590820 1.0548
1520439765.405590057 1.0752
1520439765.455591917 1.0546
1520439765.505594015 1.1001
1520439765.555594921 1.1546
1520439765.605597258 1.0804
1520439765.655599117 1.1029
1520439765.705600023 1.1288
1520439765.755602121 1.1502
1520439765.805602074 1.0762
1520439765.855602980 1.0092
1520439765.905604124 1.0606
1520439765.955605984 1.1138
1520439766.005606890 1.1415
1520439766.055608988 1.0824
1520439766.105611086 1.0828
1520439766.155611992 0.9289
1520439766.205601692 0.9829
1520439766.255602598 1.0308
1520439766.305664778 0.9871
1520439766.355605841 1.0217
1520439766.405607939 1.0171
1520439766.455608845 1.0965
1520439766.505610704 1.2297
1520439766.555611849 0.9705
1520439766.605615616 1.1592
1520439766.655617714 0.9626
1520439766.705618620 1.1010
1520439766.755620718 1.2578
1520439766.805621862 1.0214
1520439766.855623722 1.0673
1520439766.905624866 1.1379
1520439766.955626726 1.0336
1520439767.005627155 1.0418
1520439767.055629253 1.0150
1520439767.105631113 1.0382
1520439767.155632019 1.0171
1520439767.205634356 0.9327
1520439767.255636215 0.9641
1520439767.305637121 1.0028
1520439767.355638266 0.8750
1520439767.405641317 0.9440
1520439767.455615759 0.9758
1520439767.505616903 0.9567
1520439767.555618763 1.0223
1520439767.605619669 0.9789
1520439767.655622005 0.9091
1520439767.705623865 0.9617
1520439767.755625010 0.9465
1520439767.805625916 0.9789
1520439767.855606556 1.0195
1520439767.905620575 0.9140
1520439767.955609560 0.9202
1520439768.005611420 0.8735
1520439768.055612326 0.8572
1520439768.105614662 0.8297
1520439768.155615568 0.9331
1520439768.205617428 0.9709
1520439768.255615234 1.0147
1520439768.305616140 1.0386
1520439768.355618238 1.0079
1520439768.405619144 0.9804
1520439768.455621004 1.0260
1520439768.505622387 1.0150
1520439768.555624247 0.9428
1520439768.605625391 1.0059
1520439768.655638933 0.9239
1520439768.705641270 0.9108
1520439768.755642176 0.8976
1520439768.805644035 0.9511
1520439768.855646133 0.9289
1520439768.905647039 0.9588
1520439768.955649137 0.9584
1520439769.005650282 0.9138
1520439769.055651426 0.9534
1520439769.105652571 0.9966
1520439769.155654430 0.9738
1520439769.205655336 0.9476
1520439769.255657434 0.9578
1520439769.305658340 1.0224
1520439769.355660200 1.0381
1520439769.405661345 1.0786
1520439769.455653429 1.0806
1520439769.505655289 1.1077
1520439769.555656195 1.0667
1520439769.605658293 0.9759
1520439769.655659199 1.0214
1520439769.705661297 1.0404
1520439769.755662441 1.0618
1520439769.805664301 0.9438
1520439769.855666161 0.9743
1520439769.905666828 0.8854
1520439769.955668688 0.9159
1520439770.005669832 0.9547
1520439770.055671692 0.9594
1520439770.105672598 0.9656
1520439770.155674934 1.0015
1520439770.205675840 0.9942
1520439770.255677700 1.0539
1520439770.305678606 1.0718
1520439770.355679750 1.1155
1520439770.405681610 1.1489
1520439770.455682516 1.0693
1520439770.505684853 1.0487
1520439770.555686712 1.0679
1520439770.605687618 0.9129
1520439770.655689716 0.9489
1520439770.705688238 0.9462
1520439770.755690336 0.9719
1520439770.805692196 0.9711
1520439770.855693340 0.9668
1520439770.905695200 0.9577
1520439770.955696344 0.9909
1520439771.005698204 0.9861
1520439771.055699110 1.0073
1520439771.105696201 1.0427
1520439771.155778408 1.0699
1520439771.205699444 1.0607
1520439771.255700111 1.0700
1520439771.305702209 1.0772
1520439771.355703354 1.0400
1520439771.405705214 1.0419
1520439771.455707073 1.0750
1520439771.505702734 1.0912
1520439771.555704594 1.0058
1520439771.605705738 1.0313
1520439771.655707598 1.0337
1520439771.705708504 1.0671
1520439771.755710602 1.0881
1520439771.805711508 0.8716
1520439771.855713606 0.8978
1520439771.905714035 0.9263
1520439771.955721378 0.9427
1520439772.005723476 0.9563
1520439772.055724621 0.9628
1520439772.105726480 0.9678
1520439772.155727625 0.9394
1520439772.205730677 0.9588
1520439772.255731344 1.0060
1520439772.305733681 0.9510
1520439772.355723619 0.9771
1520439772.405727386 0.9285
1520439772.455726385 0.9209
1520439772.505728483 0.9255
1520439772.555729389 0.9479
1520439772.605731249 0.8706
1520439772.655732393 0.8927
1520439772.705734491 0.9354
1520439772.755777597 0.9409
1520439772.805741310 0.9524
1520439772.855742455 0.9280
1520439772.905744314 0.9134
1520439772.955745459 0.8452
1520439773.005747557 0.8851
1520439773.055749416 0.9279
1520439773.105750561 0.9285
1520439773.155746460 0.9466
1520439773.205747366 0.9579
1520439773.255749464 0.8961
1520439773.305750608 0.9333
1520439773.355752468 0.8487
1520439773.405753374 0.9557
1520439773.455755472 0.9486
1520439773.505757332 0.9320
1520439773.555739164 0.9401
1520439773.605741024 0.9787
1520439773.655742884 0.9835
1520439773.705744028 0.9699
1520439773.755746126 1.0349
1520439773.805747986 1.0420
1520439773.855749130 1.0631
1520439773.905750990 0.9905
1520439773.955751896 0.9660
1520439774.005752802 1.0006
1520439774.055754900 0.9567
1520439774.105756998 0.9833
1520439774.155757904 1.0234
1520439774.205760002 1.0588
1520439774.255760908 1.0322
1520439774.305762768 1.0155
1520439774.355760813 0.9928
1520439774.405773163 0.9445
1520439774.455774307 0.9719
1520439774.505776167 1.0082
1520439774.555777311 1.0434
1520439774.605779171 1.0795
1520439774.655781031 1.0162
1520439774.705782175 1.0138
1520439774.755784273 0.9654
1520439774.805799246 0.9825
1520439774.855801105 1.0325
1520439774.905802011 1.0483
1520439774.955804110 1.0522
1520439775.005805016 1.0561
1520439775.055806875 1.0885
1520439775.105809212 0.9577
1520439775.155810118 0.9745
1520439775.205799341 0.9974
1520439775.255801678 0.9371
1520439775.305802584 0.9679
1520439775.355804443 0.9201
1520439775.405806541 0.9747
1520439775.455807447 1.0051
1520439775.505809307 1.0233
1520439775.555810452 1.0553
1520439775.605823994 1.0815
1520439775.655824900 0.9706
1520439775.705825806 0.9528
1520439775.755827904 1.0246
1520439775.805830002 0.9431
1520439775.855830669 0.8760
1520439775.905833006 0.9001
1520439775.955833912 0.8640
1520439776.005830050 0.8801
1520439776.055830956 0.8887
1520439776.105833054 0.9242
1520439776.155834198 0.9385
1520439776.205836058 0.9576
1520439776.255837917 0.9676
1520439776.305839062 0.9925
1520439776.355840921 1.0174
1520439776.405841589 1.0383
1520439776.455843925 1.0043
1520439776.505844831 1.0182
1520439776.555846691 1.0408
1520439776.605848789 1.0910
1520439776.655849695 1.0698
1520439776.705851793 1.0933
1520439776.755852699 1.0499
1520439776.805854797 1.0403
1520439776.855865002 0.9098
1520439776.905868053 0.9084
1520439776.955869198 0.9125
1520439777.005870104 0.8982
1520439777.055871964 0.9197
1520439777.105873108 0.9758
1520439777.155874968 0.9583
1520439777.205877066 1.0181
1520439777.255903006 1.0818
1520439777.305903912 1.0894
1520439777.355906010 1.0416
1520439777.405910969 1.0127
1520439777.455908775 0.9872
1520439777.505911112 1.0612
1520439777.555912018 1.0139
1520439777.605976820 1.0287
1520439777.655907869 1.0392
1520439777.705909729 1.0632
1520439777.755910873 1.0302
1520439777.805912733 1.0778
1520439777.855914831 1.0677
1520439777.905915976 1.1227
1520439777.955917835 1.1485
1520439778.005918980 1.1993
1520439778.055913210 1.1642
1520439778.105914354 1.1315
1520439778.155916214 1.1825
1520439778.205917120 1.1222
1520439778.255919456 1.1398
1520439778.305921316 1.0928
1520439778.355922222 1.1207
1520439778.405924320 1.1953
1520439778.455908298 1.1306
1520439778.505909204 1.1171
1520439778.555911064 1.1735
1520439778.605912209 1.1588
1520439778.655914307 1.0530
1520439778.705916166 1.0844
1520439778.755917311 0.9032
1520439778.805919170 1.0227
1520439778.855919361 1.0073
1520439778.905921221 1.0577
1520439778.955923319 1.0299
1520439779.005923271 1.0822
1520439779.055925131 1.0937
1520439779.105927229 1.0667
1520439779.155928373 1.0648
1520439779.205951214 1.1149
1520439779.255931377 1.1102
1520439779.305938721 1.0306
1520439779.355939627 1.0880
1520439779.405941486 1.0731
1520439779.455943584 1.0648
1520439779.505944490 1.0723
1520439779.555946589 1.1017
1520439779.605947733 1.0857
1520439779.655949593 1.0673
1520439779.705956936 1.0995
1520439779.755959034 0.9980
1520439779.805959940 1.0439
1520439779.855961800 1.0339
1520439779.905964136 0.9926
1520439779.955965042 0.9965
1520439780.005966902 0.9086
1520439780.055968046 0.9492
1520439780.105962276 0.9756
1520439780.155964136 0.9651
1520439780.205965996 1.0558
1520439780.255967140 1.0369
1520439780.305969238 1.0098
1520439780.355970144 1.1350
1520439780.405972242 1.0115
1520439780.455973148 0.9633
1520439780.505987406 0.9905
1520439780.555986166 1.0093
1520439780.605987310 0.9290
1520439780.655989170 0.9683
1520439780.705991268 0.9874
1520439780.755992413 1.0310
1520439780.805994272 0.9967
1520439780.855995178 1.0270
1520439780.906004190 1.1018
1520439780.956005096 1.0859
1520439781.006007195 1.0721
1520439781.056009293 1.1178
1520439781.106010199 1.0216
1520439781.156012297 0.9329
1520439781.206013203 0.9345
1520439781.256015062 0.9890
1520439781.306016207 1.0817
1520439781.356017113 1.0888
1520439781.406019211 1.1257
1520439781.456020117 1.1576
1520439781.506022215 1.2090
1520439781.556023359 1.1234
1520439781.606025219 1.0441
1520439781.656027079 1.0572
1520439781.706028223 1.0627
1520439781.756057739 1.1661
1520439781.806059837 1.1100
1520439781.856060982 1.1726
1520439781.906062841 1.1561
1520439781.956063747 1.2487
1520439782.006065845 1.0541
1520439782.056066751 1.1453
1520439782.106068850 1.0991
1520439782.156109810 1.0319
1520439782.206111670 0.9656
1520439782.256112814 0.9714
1520439782.306114912 0.9116
1520439782.356116056 0.9233
1520439782.406117916 0.9689
1520439782.456207991 1.1080
1520439782.506120920 1.0976
1520439782.556129456 0.9453
1520439782.606131554 0.9998
1520439782.656133652 1.0326
1520439782.706134558 1.0984
1520439782.756136417 1.1641
1520439782.806137562 1.1391
1520439782.856139421 1.0019
1520439782.906140566 1.0089
1520439782.956167936 1.0037
1520439783.006168842 0.9887
1520439783.056170702 1.1240
1520439783.106173038 0.9785
1520439783.156173706 1.1003
1520439783.206175804 1.0697
1520439783.256177902 1.0155
1520439783.306178808 0.9481
1520439783.356249332 0.9794
1520439783.406251431 0.9187
1520439783.456252337 1.2896
1520439783.506253242 0.9657
1520439783.556255579 1.0732
1520439783.606257439 1.1036
1520439783.656258345 1.0449
1520439783.706260443 0.9878
1520439783.756261349 1.0263
1520439783.806327581 1.2343
1520439783.856328726 1.2712
1520439783.906330585 1.2873
1520439783.956332445 1.2547
1520439784.006333590 1.2200
1520439784.056380749 1.0570
1520439784.106336594 1.2794
1520439784.156337738 1.0264
1520439784.206451654 1.3172
1520439784.256453514 1.3026
1520439784.306454420 1.4131
1520439784.356456757 0.9105
1520439784.406457663 1.0448
1520439784.456459522 1.0426
1520439784.506460667 1.1659
1520439784.556462526 1.2728
1520439784.606683254 1.1505
1520439784.656685352 1.1363
1520439784.706687212 0.9647
1520439784.756688118 1.0959
1520439784.806690216 1.1463
1520439784.856692314 1.1583
1520439784.906693459 1.1697
1520439784.956694365 1.1296
1520439785.006939650 1.3162
1520439785.056941509 1.1971
1520439785.106942654 1.2716
1520439785.156944752 1.0840
1520439785.206946850 1.0873
1520439785.256947756 1.1127
1520439785.306949615 1.2217
1520439785.356950760 1.0725
1520439785.406993628 1.1203
1520439785.456994534 1.2286
1520439785.506996393 1.2932
1520439785.556997538 1.1549
1520439785.606999636 1.2133
1520439785.657001734 1.3340
1520439785.707002640 1.3309
1520439785.757003546 1.2740
1520439785.807005644 1.4654
1520439785.856859207 1.2488
1520439785.906860352 1.3389
1520439785.956862211 1.4462
1520439786.006863117 1.4084
1520439786.056865215 1.1512
1520439786.106866121 1.2274
1520439786.156867981 1.0584
1520439786.206870317 1.1899
1520439786.256695509 1.2720
1520439786.306697845 1.1414
1520439786.356698513 1.1499
1520439786.406700850 1.1040
1520439786.456701756 1.0660
1520439786.506703615 1.1328
1520439786.556704760 0.8231
1520439786.606706619 0.8878
1520439786.656540632 1.1350
1520439786.706541538 1.0870
1520439786.756544828 1.1244
1520439786.806545734 1.0341
1520439786.856546640 1.0433
1520439786.906548738 1.0559
1520439786.956549644 1.0874
1520439787.006550789 0.7586
1520439787.056415081 0.9108
1520439787.106418133 0.8742
1520439787.156418085 0.8438
1520439787.206419230 0.8261
1520439787.256420135 1.0243
1520439787.306525946 0.8335
1520439787.356423140 0.7503
1520439787.406424999 0.7942
1520439787.456292391 0.9987
1520439787.506293535 0.9980
1520439787.556295395 0.9011
1520439787.606296301 0.7759
1520439787.656298399 0.6416
1520439787.706299305 0.7098
1520439787.756301403 0.7290
1520439787.806302547 0.6864
1520439787.856161833 0.9411
1520439787.906163931 0.8980
1520439787.956164837 0.9945
1520439788.006166697 0.9848
1520439788.056167841 1.0294
1520439788.106169939 0.8019
1520439788.156171799 0.8248
1520439788.206172943 0.8995
1520439788.256174803 0.9314
1520439788.306077242 1.0982
1520439788.356078148 1.0058
1520439788.406080246 0.9985
1520439788.456081152 0.7635
1520439788.506083012 0.7446
1520439788.556086302 0.8296
1520439788.606086254 0.9585
1520439788.656086922 0.9250
1520439788.706026554 1.1398
1520439788.756027460 1.0934
1520439788.806029558 1.1071
1520439788.856031418 0.8929
1520439788.906075478 0.8811
1520439788.956033468 0.8420
1520439789.006035566 0.9807
1520439789.056037426 0.9355
1520439789.105996609 1.0977
1520439789.155998468 1.0587
1520439789.205999374 1.0179
1520439789.256001472 1.1016
1520439789.306002378 1.0156
1520439789.356004238 0.8514
1520439789.406005621 0.8595
1520439789.456007481 0.8458
1520439789.505985737 1.0948
1520439789.555986643 0.9509
1520439789.605988979 0.9927
1520439789.655990839 0.8995
1520439789.705991745 0.9371
1520439789.755992889 0.9655
1520439789.805994749 1.0118
1520439789.855996609 0.9945
1520439789.905994177 0.9635
1520439789.955996275 0.9286
1520439790.005998373 0.8961
1520439790.055999279 0.9322
1520439790.106001139 0.9030
1520439790.156002283 0.9041
1520439790.206003189 0.9323
1520439790.256005049 0.9330
1520439790.306004524 0.9657
1520439790.356005430 0.9099
1520439790.406007528 0.9345
1520439790.456008434 0.9071
1520439790.506010294 0.9837
1520439790.556011438 0.9198
1520439790.606013536 0.9959
1520439790.656015396 0.9510
1520439790.706016541 0.9193
1520439790.756015062 0.9204
1520439790.806016207 0.9111
1520439790.856018066 0.8316
1520439790.906018972 0.8311
1520439790.956021309 0.8043
1520439791.006022215 0.8088
1520439791.056024075 0.8336
1520439791.106026173 0.8175
1520439791.156028986 0.8284
1520439791.206030846 0.8131
1520439791.256031990 0.8232
1520439791.306033850 0.8422
1520439791.356035948 0.8327
1520439791.406037092 0.8771
1520439791.456038952 0.9100
1520439791.506040812 0.9008
1520439791.556043863 0.9033
1520439791.606044769 0.8949
1520439791.656045914 0.8923
1520439791.706047773 0.8887
1520439791.756049871 0.8149
1520439791.806050777 0.8737
1520439791.856051683 0.8787
1520439791.906053782 0.8628
1520439791.956056118 0.8839
1520439792.006057978 0.8765
1520439792.056059837 0.8967
1520439792.106060982 0.8618
1520439792.156116962 0.8112
1520439792.206063986 0.8030
1520439792.256066084 0.7699
1520439792.306066990 0.7259
1520439792.356071234 0.8001
1520439792.406072140 0.8211
1520439792.456073999 0.8897
1520439792.506075144 0.8016
1520439792.556077003 0.7742
1520439792.606078148 0.7603
1520439792.656080246 0.7825
1520439792.706082106 0.8535
1520439792.756079912 0.9062
1520439792.806081772 0.9579
1520439792.856082916 0.9674
1520439792.906084776 0.9040
1520439792.956085682 0.8943
1520439793.006088018 0.8559
1520439793.056089878 0.9335
1520439793.106090784 0.8382
1520439793.156092882 0.8539
1520439793.206090212 0.9875
1520439793.256091356 0.9058
1520439793.306093216 0.9084
1520439793.356094122 0.9280
1520439793.406096458 0.8664
1520439793.456102371 0.8191
1520439793.506099224 0.8428
1520439793.556101322 0.7565
1520439793.606103182 0.8662
1520439793.656104565 0.7511
1520439793.706106424 0.7214
1520439793.756111383 0.7552
1520439793.806109428 0.6785
1520439793.856111288 0.7217
1520439793.906112194 0.7449
1520439793.956114531 0.8086
1520439794.006113529 0.7947
1520439794.056115627 0.7892
1520439794.106116533 0.8012
1520439794.156118631 0.8089
1520439794.206119776 0.7089
1520439794.256121635 0.6849
1520439794.306123495 0.7792
1520439794.356124640 0.8422
1520439794.406126022 0.9267
1520439794.456126928 0.9881
1520439794.506129265 0.9181
1520439794.556129932 0.9660
1520439794.606132030 0.9194
1520439794.656134129 0.9337
1520439794.706135035 0.9680
1520439794.756136894 1.0293
1520439794.806143999 0.9773
1520439794.856146097 0.9742
1520439794.906146049 0.9959
1520439794.956149101 0.9812
1520439795.006150246 0.9219
1520439795.056155205 0.9557
1520439795.106153250 0.9689
1520439795.156154156 0.9319
1520439795.206161261 0.9219
1520439795.256163359 0.9432
1520439795.306164265 0.9692
1520439795.356165171 0.9674
1520439795.406200409 0.9159
1520439795.456169128 0.9440
1520439795.506170034 0.9464
1520439795.556172371 0.9318
1520439795.606173277 0.9232
1520439795.656183481 1.0558
1520439795.706184387 1.0637
1520439795.756186485 1.0200
1520439795.806187630 1.0452
1520439795.856189489 0.9984
1520439795.906191349 0.9040
1520439795.956192493 0.8987
1520439796.006194353 0.8709
1520439796.056193590 0.8682
1520439796.106195450 0.8734
1520439796.156196594 0.8639
1520439796.206198454 0.8291
1520439796.256200552 0.8380
1520439796.306201696 0.8527
1520439796.356203556 0.8699
1520439796.406205416 0.8666
1520439796.456204891 0.9173
1520439796.506206751 0.9371
1520439796.556207657 0.9368
1520439796.606209755 0.8814
1520439796.656211615 0.8974
1520439796.706212521 0.8767
1520439796.756213665 0.8556
1520439796.806215763 0.8541
1520439796.856217623 0.8637
1520439796.906218529 0.8608
1520439796.956220388 0.9034
1520439797.006221533 0.8927
1520439797.056313515 0.8462
1520439797.106224298 0.8905
1520439797.156226635 0.8966
1520439797.206227541 0.8611
1520439797.256235600 0.9161
1520439797.306236506 0.9031
1520439797.356238365 0.9450
1520439797.406239510 0.9384
1520439797.456241369 0.8523
1520439797.506243467 0.8386
1520439797.556244373 0.8922
1520439797.606246471 0.8767
1520439797.656248569 0.8588
1520439797.706250191 0.9410
1520439797.756251097 0.8624
1520439797.806253195 0.8855
1520439797.856255293 0.9114
1520439797.906256199 0.8047
1520439797.956258297 0.8201
1520439798.006260157 0.8463
1520439798.056262255 0.7591
1520439798.106261492 0.8078
1520439798.156263351 0.8441
1520439798.206264257 0.8130
1520439798.256265402 0.8616
1520439798.306267500 0.8118
1520439798.356268406 0.8038
1520439798.406270504 0.8478
1520439798.456272364 0.7965
1520439798.506276608 0.8643
1520439798.556278467 0.8298
1520439798.606279373 0.8417
1520439798.656281710 0.8656
1520439798.706282377 0.8937
1520439798.756284475 0.9595
1520439798.806285620 0.8865
1520439798.856287479 0.8830
1520439798.906287193 0.8077
1520439798.956289291 0.8414
1520439799.006290197 0.8122
1520439799.056292057 0.8522
1520439799.106294155 0.9054
1520439799.156295061 0.8730
1520439799.206297159 0.9144
1520439799.256298304 0.8865
1520439799.306300640 0.8605
1520439799.356301546 0.7957
1520439799.406303406 0.8040
1520439799.456305742 0.8004
1520439799.506306648 0.7982
1520439799.556308508 0.8303
1520439799.606310606 0.8348
1520439799.656311512 0.8684
1520439799.706310034 0.8364
1520439799.756312370 0.7553
1520439799.806313276 0.7409
1520439799.856314182 0.7670
1520439799.906316280 0.7524
1520439799.956317186 0.8243
1520439800.006319046 0.8158
1520439800.056320190 0.7905
1520439800.106322289 0.7643
1520439800.156321764 0.8170
1520439800.206323624 0.8175
1520439800.256325722 0.8136
1520439800.306367636 0.8150
1520439800.356328726 0.7927
1520439800.406329870 0.7370
1520439800.456331730 0.7578
1520439800.506332636 0.8102
1520439800.556336880 0.7298
1520439800.606338024 0.8091
1520439800.656339884 0.7419
1520439800.706341982 0.7804
1520439800.756343126 0.7951
1520439800.806344986 0.7957
1520439800.856345892 0.7533
1520439800.906347990 0.7719
1520439800.956346512 0.7378
1520439801.006348610 0.7464
1520439801.056350470 0.7575
1520439801.106351614 0.7335
1520439801.156353474 0.7410
1520439801.206354380 0.7403
1520439801.256356716 0.7782
1520439801.306358576 0.7301
1520439801.356359482 0.7284
1520439801.406360626 0.7509
1520439801.456361532 0.7336
1520439801.506363392 0.7760
1520439801.556365490 0.8439
1520439801.606366396 0.8427
1520439801.656368494 0.8134
1520439801.706369638 0.8271
1520439801.756374598 0.7779
1520439801.806373358 0.7874
1520439801.856381416 0.7934
1520439801.906376362 0.7571
1520439801.956460476 0.7726
1520439802.006379604 0.7584
1520439802.056381464 0.7750
1520439802.106382370 0.7293
1520439802.156385183 0.7449
1520439802.206386089 0.7633
1520439802.256388426 0.7887
1520439802.306390285 0.7776
1520439802.356391191 0.7775
1520439802.406393290 0.7583
1520439802.456394196 0.7891
1520439802.506396055 0.7131
1520439802.556397200 0.7854
1520439802.606399536 0.7751
1520439802.656401396 0.8199
1520439802.706402302 0.7608
1520439802.756404400 0.7265
1520439802.806405306 0.7310
1520439802.856407404 0.6883
1520439802.906409502 0.6987
1520439802.956411362 0.7170
1520439803.006412745 0.7420
1520439803.056413889 0.7144
1520439803.106416941 0.7466
1520439803.156416655 0.8223
1520439803.206418991 0.8125
1520439803.256421804 0.7558
1520439803.306421757 0.7478
1520439803.356423855 0.7082
1520439803.406430006 1.3558
1520439803.456432104 0.9206
1520439803.506433010 0.9413
1520439803.556434870 0.8597
1520439803.606436014 0.8610
1520439803.656438112 0.8989
1520439803.706439257 0.9362
1520439803.756441116 0.9602
1520439803.806441545 0.9796
1520439803.856443405 0.9152
1520439803.906445265 0.8866
1520439803.956446409 0.8678
1520439804.006448269 0.8831
1520439804.056449175 0.8492
1520439804.106451511 0.8646
1520439804.156452417 0.8292
1520439804.206453800 0.8689
1520439804.256455660 0.8565
1520439804.306456804 0.8561
1520439804.356458664 0.8876
1520439804.406459570 0.8666
1520439804.456461906 0.8919
1520439804.506462812 0.9474
1520439804.556465626 0.9367
1520439804.606463432 0.8781
1520439804.656464577 0.8628
1520439804.706466675 0.8469
1520439804.756468534 0.8512
1520439804.806469679 0.8133
1520439804.856470585 0.8097
1520439804.906472445 0.8111
1520439804.956474543 0.8276
1520439805.006475449 0.8245
1520439805.056481600 0.8904
1520439805.106482744 0.8966
1520439805.156484604 0.8692
1520439805.206486464 0.8576
1520439805.256487608 0.8108
1520439805.306488514 0.8515
1520439805.356490850 0.8398
1520439805.406491756 0.8125
1520439805.456496477 0.9725
1520439805.506498337 0.9153
1520439805.556499481 0.9237
1520439805.606501341 0.8496
1520439805.656502247 0.8825
1520439805.706504345 0.8553
1520439805.756505251 0.8607
1520439805.806507349 0.9097
1520439805.856509209 0.8860
1520439805.906510115 0.8759
1520439805.956511974 0.9118
1520439806.006513119 0.8749
1520439806.056514978 0.8656
1520439806.106515884 0.8999
1520439806.156518221 0.8980
1520439806.206520081 0.9280
1520439806.256520510 0.9465
1520439806.306522369 0.8948
1520439806.356523514 0.9306
1520439806.406526566 0.9026
1520439806.456527472 0.9196
1520439806.506528616 0.9153
1520439806.556529522 0.9155
1520439806.606531382 0.8220
1520439806.656531572 0.8751
1520439806.706533432 0.8199
1520439806.756534338 0.8425
1520439806.806536436 0.8386
1520439806.856540442 0.8310
1520439806.906538248 0.8652
1520439806.956540346 0.9580
1520439807.006541252 1.0138
1520439807.056543350 0.9423
1520439807.106544495 0.9342
1520439807.156545162 0.8880
1520439807.206547499 0.9181
1520439807.256548405 0.9297
1520439807.306550264 0.8644
1520439807.356551409 0.9686
1520439807.406553268 0.9693
1520439807.456555367 0.9290
1520439807.506569386 1.0379
1520439807.556571484 0.8781
1520439807.606572390 0.9363
1520439807.656574488 0.8473
1520439807.706575394 0.8531
1520439807.756577253 0.8596
1520439807.806579351 0.8306
1520439807.856580257 0.8132
1520439807.906584024 0.8816
1520439807.956585169 0.8990
1520439808.006587029 0.9293
1520439808.056589127 0.8875
1520439808.106591225 0.8298
1520439808.156596184 0.8759
1520439808.206593037 0.8926
1520439808.256595135 0.8939
1520439808.306588650 0.9738
1520439808.356590509 0.9561
1520439808.406592846 0.9047
1520439808.456593752 0.8686
1520439808.506615639 0.8161
1520439808.556596756 0.8330
1520439808.606597662 0.8394
1520439808.656599522 0.8714
1520439808.706599951 0.8518
1520439808.756601095 0.8335
1520439808.806602955 0.8489
1520439808.856604099 0.8849
1520439808.906606197 0.8703
1520439808.956606865 0.8265
1520439809.006609201 0.8288
1520439809.056611061 0.8384
1520439809.106611490 0.8118
1520439809.156613350 0.8591
1520439809.206614494 0.8224
1520439809.256616354 0.7991
1520439809.306617498 0.7671
1520439809.356619596 0.7963
1520439809.406620502 0.7974
1520439809.456622601 0.7938
1520439809.506624460 0.8069
1520439809.556631804 0.8500
1520439809.606633902 0.8511
1520439809.656636000 0.8311
1520439809.706636906 0.8420
1520439809.756639004 0.8082
1520439809.806639910 0.7517
1520439809.856641769 0.8132
1520439809.906642914 0.8230
1520439809.956649303 0.9183
1520439810.006651163 0.8786
1520439810.056652308 0.8823
1520439810.106653214 0.8508
1520439810.156690121 0.8150
1520439810.206656218 0.8193
1520439810.256658077 0.8449
1520439810.306660414 0.8496
1520439810.356659889 0.8415
1520439810.406661987 0.8410
1520439810.456663132 0.8510
1520439810.506664991 0.8522
1520439810.556665897 0.8183
1520439810.606667995 0.7451
1520439810.656669855 0.8245
1520439810.706670761 0.8520
1520439810.756671906 0.8025
1520439810.806672812 0.8398
1520439810.856675148 0.8901
1520439810.906676054 0.8628
1520439810.956677914 0.8984
1520439811.006679058 0.9035
1520439811.056680918 0.8599
1520439811.106682777 0.8170
1520439811.156681776 0.9926
1520439811.206682920 0.9409
1520439811.256684780 1.0002
1520439811.306685925 0.9230
1520439811.356687784 0.9645
1520439811.406688690 0.8075
1520439811.456691027 0.8392
1520439811.506692886 0.8688
1520439811.556696177 0.8770
1520439811.606696844 0.8231
1520439811.656699181 0.8349
1520439811.706701040 0.8779
1520439811.756701946 0.9483
1520439811.806751966 1.0022
1520439811.856704950 0.9240
1520439811.906707287 0.9150
1520439811.956708193 0.9011
1520439812.006707430 0.9688
1520439812.056708574 0.9420
1520439812.106710434 0.8598
1520439812.156711340 0.8202
1520439812.206713676 0.7774
1520439812.256715536 0.8500
1520439812.306716681 0.7702
1520439812.356718540 0.7981
1520439812.406718016 0.7811
1520439812.456720114 0.8642
1520439812.506721020 0.8161
1520439812.556723118 0.8944
1520439812.606724024 0.8341
1520439812.656726122 1.0535
1520439812.706728220 0.8144
1520439812.756729126 0.8891
1520439812.806737185 0.9686
1520439812.856739044 0.9647
1520439812.906740189 1.0772
1520439812.956742048 1.0046
1520439813.006744146 0.9870
1520439813.056745291 0.8233
1520439813.106747150 0.8657
1520439813.156748056 0.9215
1520439813.206754446 0.9842
1520439813.256755352 1.0064
1520439813.306757450 0.8650
1520439813.356758595 0.9097
1520439813.406760454 0.8761
1520439813.456819534 0.8935
1520439813.506763458 0.9431
1520439813.556764364 0.8935
1520439813.606770754 0.8864
1520439813.656771898 0.8998
1520439813.706773758 0.9216
1520439813.756774902 0.8754
1520439813.806776762 0.9011
1520439813.856778860 0.9096
1520439813.906780005 0.9428
1520439813.956781864 0.9408
1520439814.006784678 0.9736
1520439814.056781530 0.9924
1520439814.106782436 0.9405
1520439814.156784296 0.9450
1520439814.206786633 1.0170
1520439814.256787539 0.9982
1520439814.306789398 1.0210
1520439814.356790543 0.9531
1520439814.406792402 0.9144
1520439814.456801176 1.0220
1520439814.506802320 1.0110
1520439814.556804419 1.0658
1520439814.606806278 1.0697
1520439814.656807423 0.9101
1520439814.706809282 0.8906
1520439814.756810427 0.9360
1520439814.806812525 0.8346
1520439814.856810808 0.9747
1520439814.906812668 1.0412
1520439814.956813812 1.0632
1520439815.006815672 1.0117
1520439815.056816816 0.9171
1520439815.106880665 1.0088
1520439815.156819820 0.9830
1520439815.206821918 0.9617
1520439815.256824255 1.0653
1520439815.306826353 1.0152
1520439815.356827497 0.9959
1520439815.406829357 0.9931
1520439815.456831217 1.0064
1520439815.506832361 1.0244
1520439815.556834221 1.0685
1520439815.606835365 0.9438
1520439815.656841040 0.9119
1520439815.706842184 0.9366
1520439815.756844044 0.9699
1520439815.806844950 0.9097
1520439815.856847048 0.9086
1520439815.906848907 0.9026
1520439815.956849813 0.9631
1520439816.006852150 0.9819
1520439816.056847334 0.9991
1520439816.106848240 1.0521
1520439816.156849146 1.0484
1520439816.206851244 1.0195
1520439816.256853342 1.1133
1520439816.306854248 1.0657
1520439816.356856346 1.0625
1520439816.406858206 1.0473
1520439816.456858873 1.0703
1520439816.506860733 0.9904
1520439816.556861877 1.3990
1520439816.606863976 1.1944
1520439816.656865120 0.9599
1520439816.706866980 0.8910
1520439816.756932974 0.8094
1520439816.806869984 0.8934
1520439816.856870890 0.9422
1520439816.906878710 1.1612
1520439816.956879854 1.0657
1520439817.006881714 0.9773
1520439817.056883812 1.0668
1520439817.106884956 1.0637
1520439817.156886816 0.9713
1520439817.206887722 0.9661
1520439817.256889820 0.9495
1520439817.306889057 0.8989
1520439817.356890917 0.9106
1520439817.406891823 0.9187
1520439817.456893921 0.9644
1520439817.506895781 0.9483
1520439817.556896925 0.9753
1520439817.606899023 0.8570
1520439817.656899929 0.8577
1520439817.706898928 0.8393
1520439817.756900787 0.8385
1520439817.806901693 0.8193
1520439817.856904030 0.7570
1520439817.906904936 0.8021
1520439817.956907034 0.8444
1520439818.006908894 0.7738
1520439818.056909800 0.8158
1520439818.106910706 0.8324
1520439818.156911612 0.8726
1520439818.206913710 0.7981
1520439818.256914616 0.8118
1520439818.306919575 0.9459
1520439818.356917858 0.9475
1520439818.406982660 0.9826
1520439818.456920624 0.9691
1520439818.506922245 1.0010
1520439818.556923151 0.9972
1520439818.606925011 0.9616
1520439818.656927347 0.9731
1520439818.706928015 0.8971
1520439818.756930113 0.9410
1520439818.806931257 0.8613
1520439818.856933117 0.8868
1520439818.906934023 0.9052
1520439818.956931353 1.0640
1520439819.006933212 1.0837
1520439819.056934118 1.0128
1520439819.106936216 0.9434
1520439819.156937122 0.9597
1520439819.206939220 1.0054
1520439819.256940365 1.0103
1520439819.306942225 0.9933
1520439819.356946707 0.9200
1520439819.406947851 0.8870
1520439819.456949711 0.9335
1520439819.506951571 0.8066
1520439819.556952715 0.8046
1520439819.606954813 0.8055
1520439819.656955719 0.9084
1520439819.706957817 0.9132
1520439819.756958961 0.9510
1520439819.806960106 0.8820
1520439819.856961966 0.8682
1520439819.906964064 0.9024
1520439819.956965208 0.9014
1520439820.006967068 0.8091
1520439820.057024956 0.8636
1520439820.106970072 0.8183
1520439820.156966448 1.0335
1520439820.206968307 0.9669
1520439820.256970167 0.9390
1520439820.306971312 1.0150
1520439820.356973410 0.9877
1520439820.406974316 1.0118
1520439820.456976414 0.9113
1520439820.506977320 0.9096
1520439820.556977034 1.0532
1520439820.606977940 1.0151
1520439820.656980038 1.0455
1520439820.706982136 1.0052
1520439820.756983042 1.0004
1520439820.806984901 0.9879
1520439820.856986046 0.9785
1520439820.906988144 1.0177
1520439820.956991673 0.8279
1520439821.006994009 0.8508
1520439821.056995869 0.8439
1520439821.106997728 0.8539
1520439821.156998873 0.9474
1520439821.207000732 0.9203
1520439821.257001638 1.4422
1520439821.307003975 1.2712
1520439821.357004881 0.8900
1520439821.407006025 1.2323
1520439821.457007885 0.8807
1520439821.507009983 1.6814
1520439821.557010889 0.8253
1520439821.607012749 0.7772
1520439821.657015085 0.8628
1520439821.707056999 0.9234
1520439821.757016897 0.9092
1520439821.807016850 0.9181
1520439821.857018948 0.9555
1520439821.907020092 0.9549
1520439821.957021952 0.9833
1520439822.007022858 0.9023
1520439822.057024956 0.9476
1520439822.107025862 1.0339
1520439822.157027721 0.9614
1520439822.207025290 1.2038
1520439822.257027388 1.1546
1520439822.307029486 1.2359
1520439822.357030392 1.2819
1520439822.407032251 0.9423
1520439822.457033396 1.0103
1520439822.507035494 0.9920
1520439822.557036400 1.0671
1520439822.607035398 1.2075
1520439822.657037258 1.1841
1520439822.707038403 1.0798
1520439822.757040501 1.0144
1520439822.807041168 1.0158
1520439822.857043505 1.0030
1520439822.907045364 1.0125
1520439822.957046270 1.0313
1520439823.007045984 1.0697
1520439823.057047844 1.0577
1520439823.107049704 1.0662
1520439823.157050848 1.0269
1520439823.207055807 1.0342
1520439823.257054806 1.0460
1520439823.307055950 1.0229
1520439823.357080936 1.0354
1520439823.407058716 1.0453
1520439823.457063675 1.0434
1520439823.507064581 1.0495
1520439823.557066441 0.9570
1520439823.607067585 0.9397
1520439823.657069683 1.0028
1520439823.707070351 0.9579
1520439823.757072687 1.0091
1520439823.807074547 1.0134
1520439823.857076406 1.0727
1520439823.907078505 1.1078
1520439823.957079649 1.0764
1520439824.007081509 1.0676
1520439824.057082415 0.9967
1520439824.107084513 0.9619
1520439824.157085419 0.9617
1520439824.207087278 0.9213
1520439824.257087469 1.0940
1520439824.307088614 0.9952
1520439824.357090473 0.9792
1520439824.407092571 0.8782
1520439824.457093716 0.8679
1520439824.507095575 0.8193
1520439824.557097435 0.8950
1520439824.607098579 0.8852
1520439824.657101870 0.9465
1520439824.707103729 0.9423
1520439824.757105589 0.9167
1520439824.807106733 0.9216
1520439824.857107639 0.8679
1520439824.907109737 0.9762
1520439824.957110882 0.9172
1520439825.007112741 0.9540
1520439825.057108641 1.1308
1520439825.107109785 1.0997
1520439825.157111883 1.0834
1520439825.207112789 0.9901
1520439825.257114887 0.9098
1520439825.307115793 0.9937
1520439825.357117653 0.8469
1520439825.407119989 0.8484
1520439825.457112312 1.1659
1520439825.507114172 1.0143
1520439825.557115316 1.0012
1520439825.607117414 0.9044
1520439825.657118320 0.9700
1520439825.707120419 1.0223
1520439825.757121325 0.9166
1520439825.807123184 1.0188
1520439825.857125282 1.0078
1520439825.907122374 1.2867
1520439825.957124233 1.2145
1520439826.007126570 1.2507
1520439826.057127476 1.1566
1520439826.107129335 1.1336
1520439826.157130480 1.1883
1520439826.207132339 1.1672
1520439826.257133484 1.0092
1520439826.307146072 1.0291
1520439826.357146978 1.0788
1520439826.407149076 1.0592
1520439826.457150936 1.1239
1520439826.507151842 1.0253
1520439826.557152987 1.0613
1520439826.607154846 1.0108
1520439826.657156944 0.9903
1520439826.707168579 1.1490
1520439826.757170439 1.1403
1520439826.807171583 1.0336
1520439826.857173443 0.9940
1520439826.907174349 1.0471
1520439826.957176685 1.0154
1520439827.007178545 0.9188
1520439827.057179451 1.0203
1520439827.107178450 1.0603
1520439827.157179594 0.9539
1520439827.207181454 1.0681
1520439827.257182360 1.1164
1520439827.307184696 1.0768
1520439827.357186556 1.1451
1520439827.407187462 1.0838
1520439827.457189560 0.9854
1520439827.507188797 1.0230
1520439827.557190657 1.0612
1520439827.607191801 1.0387
1520439827.657193661 1.0002
1520439827.707195759 1.0038
1520439827.757196903 1.0619
1520439827.807198763 1.0787
1520439827.857200623 0.9897
1520439827.907198906 1.1831
1520439827.957201004 1.0004
1520439828.007201910 1.0609
1520439828.057204008 1.0024
1520439828.107204914 1.0967
1520439828.157206774 1.1797
1520439828.207207918 1.2045
1520439828.257215023 1.1211
1520439828.307207108 1.2561
1520439828.357286215 1.0755
1520439828.407210350 1.1422
1520439828.457212210 1.2894
1520439828.507213116 1.2172
1520439828.557215214 1.3331
1520439828.607216120 1.2060
1520439828.657217979 1.1202
1520439828.707220316 1.0958
1520439828.757222652 1.0008
1520439828.807224512 1.0462
1520439828.857225657 1.0767
1520439828.907227755 1.0435
1520439828.957228899 1.1967
1520439829.007230759 1.1675
1520439829.057232618 1.1162
1520439829.107233763 1.0744
1520439829.157235622 1.0946
1520439829.207236528 1.0012
1520439829.257238865 1.0593
1520439829.307239771 0.9045
1520439829.357241631 0.9489
1520439829.407243729 1.0586
1520439829.457245588 1.0212
1520439829.507246494 1.0081
1520439829.557253838 1.3028
1520439829.607256174 0.9839
1520439829.657255888 0.9030
1520439829.707257748 0.9873
1520439829.757258892 0.9363
1520439829.807260990 1.0457
1520439829.857262850 1.0042
1520439829.907263994 1.0427
1520439829.957260132 1.3136
1520439830.007294893 1.0551
1520439830.057262897 1.1193
1520439830.107264042 1.2351
1520439830.157265902 1.0997
1520439830.207266808 1.1367
1520439830.257268906 1.1218
1520439830.307271004 1.0199
1520439830.357273579 1.0103
1520439830.407275677 1.1431
1520439830.457276583 1.0521
1520439830.507278681 1.1619
1520439830.557279825 1.0813
1520439830.607281685 1.0602
1520439830.657283545 1.0560
1520439830.707284689 0.9897
1520439830.757286549 0.9887
1520439830.807292938 1.1651
1520439830.857294798 1.2031
1520439830.907295942 1.0525
1520439830.957297802 1.5520
1520439831.007299900 1.1490
1520439831.057301998 1.2011
1520439831.107302904 1.1910
1520439831.157304764 1.1216
1520439831.207301617 1.2964
1520439831.257303476 1.2934
1520439831.307304621 1.1592
1520439831.357305527 1.2304
1520439831.407307863 1.2079
1520439831.457309723 1.0278
1520439831.507310629 1.0092
1520439831.557312727 1.0253
1520439831.607320309 1.2159
1520439831.657321215 1.0264
1520439831.707322359 1.0156
1520439831.757324219 0.9147
1520439831.807325363 1.0431
1520439831.857327461 1.1171
1520439831.907329321 1.0654
1520439831.957330465 1.0876
1520439832.007331371 1.2465
1520439832.057332277 1.1622
1520439832.107334137 1.1769
1520439832.157335281 1.0664
1520439832.207337141 1.1038
1520439832.257339239 1.0452
1520439832.307340384 1.0829
1520439832.357342243 1.0290
1520439832.407345057 1.1484
1520439832.457347155 1.1476
1520439832.507349014 1.1958
1520439832.557350159 1.2231
1520439832.607351065 1.1670
1520439832.657353163 1.1454
1520439832.707355022 1.1030
1520439832.757357121 1.1320
1520439832.807362556 1.3566
1520439832.857364655 1.2757
1520439832.907365561 1.1370
1520439832.957367659 1.1584
1520439833.007369757 1.1295
1520439833.057370663 1.2458
1520439833.107371807 1.2457
1520439833.157373667 1.1138
1520439833.207375526 1.1551
1520439833.257377625 1.2160
1520439833.307376623 1.2230
1520439833.357434511 1.2144
1520439833.407378674 1.1193
1520439833.457380533 1.1102
1520439833.507382631 1.1316
1520439833.557383776 1.1520
1520439833.607385635 1.0385
1520439833.657388449 1.1103
1520439833.707390547 1.0396
1520439833.757391691 1.0142
1520439833.807393551 0.8711
1520439833.857395411 0.9480
1520439833.907396555 0.9469
1520439833.957398415 0.9039
1520439834.007399321 0.8471
1520439834.057395220 1.1725
1520439834.107396126 1.1201
1520439834.157397985 1.0263
1520439834.207399130 1.0303
1520439834.257400990 0.9375
1520439834.307403088 0.9393
1520439834.357405186 0.9627
1520439834.407406092 0.9770
1520439834.457407713 0.9022
1520439834.507409573 0.9817
1520439834.557411671 1.0667
1520439834.607413769 1.1144
1520439834.657414675 1.0243
1520439834.707415581 1.0114
1520439834.757417679 1.0219
1520439834.807419538 0.9942
1520439834.857417583 1.1201
1520439834.907419682 1.1747
1520439834.957420588 1.0273
1520439835.007421494 0.9734
1520439835.057423592 1.0205
1520439835.107425451 0.9104
1520439835.157426357 1.0352
1520439835.207428694 1.0731
1520439835.257429600 1.0756
1520439835.307431221 1.0565
1520439835.357432127 1.0394
1520439835.407434225 1.0749
1520439835.457436085 1.0217
1520439835.507436991 1.1382
1520439835.557439327 1.1764
1520439835.607440233 1.2815
1520439835.657442093 1.2228
1520439835.707440853 1.1142
1520439835.757443190 1.1453
1520439835.807445049 1.1844
1520439835.857445955 1.1535
1520439835.907448053 1.2036
1520439835.957448959 1.1231
1520439836.007450819 1.0397
1520439836.057453156 1.0823
1520439836.107455492 1.0227
1520439836.157456636 1.0604
1520439836.207458496 1.1584
1520439836.257459641 1.1235
1520439836.307460546 1.0536
1520439836.357462645 1.1163
1520439836.407464743 1.0408
1520439836.457465649 1.0977
1520439836.507467270 1.0760
1520439836.557472229 1.1069
1520439836.607470036 1.0460
1520439836.657471180 1.0968
1520439836.707489252 1.1546
1520439836.757473946 1.0179
1520439836.807476282 1.0699
1520439836.857477188 1.0954
1520439836.907479763 1.0120
1520439836.957480669 0.9300
1520439837.007482767 0.9535
1520439837.057484865 0.8106
1520439837.107485771 1.0858
1520439837.157487869 0.8639
1520439837.207488775 0.9678
1520439837.257490635 0.9318
1520439837.307493925 1.0710
1520439837.357496023 1.0519
1520439837.407497883 0.9855
1520439837.457498789 1.1171
1520439837.507501125 1.0730
1520439837.557502031 1.1391
1520439837.607503891 1.2182
1520439837.657505035 1.1784
1520439837.707507610 1.1481
1520439837.757506847 1.3777
1520439837.807508707 1.1842
1520439837.857509613 1.6845
1520439837.907511711 1.3566
1520439837.957512617 1.2959
1520439838.007514715 1.2319
1520439838.057515860 1.1882
1520439838.107517719 1.0916
1520439838.157520533 1.2241
1520439838.207522869 1.1125
1520439838.257523775 1.0107
1520439838.307525635 0.9218
1520439838.357526779 0.8482
1520439838.407576561 0.9524
1520439838.457529545 0.9359
1520439838.507531881 0.9601
1520439838.557530880 1.0657
1520439838.607532978 0.9324
1520439838.657535076 0.9051
1520439838.707535982 0.9214
1520439838.757538080 1.0825
1520439838.807538986 0.9292
1520439838.857540846 1.4584
1520439838.907541990 1.5886
1520439838.957542419 1.1944
1520439839.007543325 1.1341
1520439839.057545424 1.2928
1520439839.107547283 1.1391
1520439839.157548189 1.0750
1520439839.207550526 1.1219
1520439839.257551432 1.1503
1520439839.307553291 1.1180
1520439839.357558727 1.2351
1520439839.407560587 1.1289
1520439839.457562923 1.6328
1520439839.507563829 1.0094
1520439839.557565689 1.1164
1520439839.607567787 1.1041
1520439839.657568693 1.0827
1520439839.707570791 1.2774
1520439839.757572889 1.0960
1520439839.807574987 1.1845
1520439839.857575893 1.2247
1520439839.907578945 2.2499
1520439839.957578897 2.3572
1520439840.007584095 1.5250
1520439840.057582855 1.0594
1520439840.107653856 1.7492
1520439840.157584906 1.2605
1520439840.207586527 1.2457
1520439840.257588387 1.2183
1520439840.307589531 1.1166
1520439840.357591629 1.1196
1520439840.407592535 1.5029
1520439840.457594633 1.1455
1520439840.507595539 1.0534
1520439840.557597399 3.2294
1520439840.607603312 1.3604
1520439840.657603979 1.1541
1520439840.707606077 1.0969
1520439840.757607222 1.2208
1520439840.807609081 1.3645
1520439840.857610941 1.3913
1520439840.907612085 1.3406
1520439840.957612991 1.2289
1520439841.007617712 1.1951
1520439841.057619810 1.1091
1520439841.107621908 1.5144
1520439841.157622814 1.7587
1520439841.207624674 1.1289
1520439841.257625818 1.3978
1520439841.307627678 1.2783
1520439841.357630014 1.1266
1520439841.407631397 1.3474
1520439841.457633257 1.3496
1520439841.507635117 1.3997
1520439841.557636261 1.2216
1520439841.607638359 1.1867
1520439841.657640219 1.1296
1520439841.707641363 1.1713
1520439841.757642269 1.2167
1520439841.807723522 1.1206
1520439841.857638359 1.1124
1520439841.907639503 1.1473
1520439841.957641363 1.4264
1520439842.007642269 1.1120
1520439842.057644606 1.5147
1520439842.107645512 1.6272
1520439842.157647371 1.5614
1520439842.207648993 1.2976
1520439842.257651091 1.9702
1520439842.307653189 1.2075
1520439842.357654095 1.2552
1520439842.407656193 1.2645
1520439842.457657099 1.2913
1520439842.507658958 1.1442
1520439842.557660103 1.0441
1520439842.607661963 1.2822
1520439842.657667398 1.2045
1520439842.707668543 1.1163
1520439842.757670403 1.1571
1520439842.807672262 1.2030
1520439842.857673407 1.0633
1520439842.907675505 1.0300
1520439842.957676172 1.3306
1520439843.007678509 1.0377
1520439843.057682276 2.1018
1520439843.107683182 1.4547
1520439843.157684326 1.1701
1520439843.207686186 1.2230
1520439843.257687092 1.1950
1520439843.307689190 1.2629
1520439843.357691050 1.1069
1520439843.407691956 1.4344
1520439843.457697392 1.2264
1520439843.507800341 1.5237
1520439843.557700396 1.4876
1520439843.607701302 1.3534
1520439843.657703400 1.1940
1520439843.707704306 1.3069
1520439843.757706165 1.3874
1520439843.807707310 1.2532
1520439843.857701778 1.1600
1520439843.907703876 1.0821
1520439843.957705021 0.9956
1520439844.007706881 1.0041
1520439844.057708025 1.0643
1520439844.107709885 1.0277
1520439844.157710791 1.1386
1520439844.207713127 1.1315
1520439844.257717848 1.4898
1520439844.307718754 1.1684
1520439844.357720852 1.1742
1520439844.407721758 1.1108
1520439844.457723618 1.3162
1520439844.507725716 2.0055
1520439844.557726622 1.2206
1520439844.607728720 1.2460
1520439844.657728672 1.2893
1520439844.707730770 1.1344
1520439844.757732868 1.1406
1520439844.807733774 1.1952
1520439844.857735634 1.3943
1520439844.907737970 1.3774
1520439844.957738638 1.1776
1520439845.007739544 1.1603
1520439845.057741880 1.2206
1520439845.107742786 1.2110
1520439845.157745600 1.1513
1520439845.207745552 1.1962
1520439845.257747650 1.1082
1520439845.307748556 1.0988
1520439845.357750416 1.2344
1520439845.407751799 1.2278
1520439845.457753658 1.3220
1520439845.507757902 1.1746
1520439845.557758808 3.2989
1520439845.607760668 1.5471
1520439845.657761812 1.2099
1520439845.707763672 2.0400
1520439845.757764578 1.3571
1520439845.807766676 1.3760
1520439845.857768774 1.2704
1520439845.907774925 1.2285
1520439845.957776785 2.2965
1520439846.007777691 4.4596
1520439846.057780027 1.2879
1520439846.107780933 1.3569
1520439846.157782793 1.2463
1520439846.207784891 1.2307
1520439846.257786989 1.1371
1520439846.307787418 1.1091
1520439846.357788563 1.1630
1520439846.407789469 1.1282
1520439846.457791567 1.1406
1520439846.507792711 0.9780
1520439846.557794571 1.1612
1520439846.607795477 1.0200
1520439846.657797575 1.0081
1520439846.707792044 1.1410
1520439846.757794380 1.8626
1520439846.807795286 1.1079
1520439846.857797146 1.0511
1520439846.907798290 1.1883
1520439846.957800150 1.3255
1520439847.007802010 1.3127
1520439847.057803154 1.1801
1520439847.107804060 1.2560
1520439847.157808542 1.1563
1520439847.207810640 1.0506
1520439847.257811546 1.1879
1520439847.307813644 1.1054
1520439847.357814550 1.2161
1520439847.407816410 1.1298
1520439847.457818508 1.1268
1520439847.507819414 1.2626
1520439847.557824850 1.2431
1520439847.607825756 1.1495
1520439847.657827616 1.1124
1520439847.707829714 1.1482
1520439847.757830620 1.0879
1520439847.807832479 1.1705
1520439847.857833624 1.1968
1520439847.907835722 1.1815
1520439847.957834721 1.1049
1520439848.007836580 1.5545
1520439848.057838678 1.1671
1520439848.107839823 1.1740
1520439848.157841682 1.2703
1520439848.207842827 1.1736
1520439848.257844687 1.1967
1520439848.307845592 1.2481
1520439848.357849836 1.3139
1520439848.407850742 1.1793
1520439848.457852840 1.2618
1520439848.507854939 1.2415
1520439848.557855844 1.2345
1520439848.607959747 1.2874
1520439848.657858849 1.0096
1520439848.707860947 1.1764
1520439848.757856369 1.2790
1520439848.807858467 1.9628
1520439848.857859373 1.1907
1520439848.907861233 1.1147
1520439848.957862377 1.0986
1520439849.007864237 1.0946
1520439849.057866335 1.2495
1520439849.107867479 1.2723
1520439849.157870531 1.2177
1520439849.207871675 1.1755
1520439849.257873774 1.1599
1520439849.307874441 1.1536
1520439849.357876778 1.2002
1520439849.407877684 1.6654
1520439849.457879543 2.1641
1520439849.507881641 1.2277
1520439849.557878017 1.1303
1520439849.607879877 1.0841
1520439849.657882214 1.1390
1520439849.707883120 1.1588
1520439849.757884979 1.1447
1520439849.807887077 1.2454
1520439849.857887983 1.4110
1520439849.907889128 1.2511
1520439849.957890987 1.1859
1520439850.007894754 1.1842
1520439850.057896614 1.1399
1520439850.107897520 1.1899
1520439850.157899857 1.2086
1520439850.207901716 1.0715
1520439850.257902622 1.0393
1520439850.307993650 1.0879
1520439850.357905626 1.0677
1520439850.407911539 1.0507
1520439850.457912207 1.1220
1520439850.507914305 0.9585
1520439850.557915449 0.9558
1520439850.607917309 1.0008
1520439850.657919168 0.9947
1520439850.707920313 1.0364
1520439850.757922411 1.1116
1520439850.807922125 1.1327
1520439850.857923985 1.0378
1520439850.907924891 1.1272
1520439850.957927227 1.6236
1520439851.007928133 1.2938
1520439851.057929993 1.1397
1520439851.107932091 1.1239
1520439851.157932997 1.1042
1520439851.207936525 1.7239
1520439851.257937670 1.1137
1520439851.307939529 1.1548
1520439851.357941389 1.1595
1520439851.407942772 1.2682
1520439851.457944632 1.1679
1520439851.507946491 1.8746
1520439851.557948589 1.2638
1520439851.607952118 1.2190
1520439851.657953978 1.9523
1520439851.707956076 4.9708
1520439851.757957220 1.2113
1520439851.807959080 1.2096
1520439851.857959986 1.1894
1520439851.907962084 1.1693
1520439851.957962990 1.0269
1520439852.008033991 2.8418
1520439852.057965040 1.1840
1520439852.107967138 4.8584
1520439852.157968044 5.3982
1520439852.207970142 6.5913
1520439852.257972240 1.1335
1520439852.307973146 1.1554
1520439852.357975006 3.6324
1520439852.407976151 2.7325
1520439852.457977533 2.7440
1520439852.507978439 1.4372
1520439852.557980299 2.0653
1520439852.607981682 1.2499
1520439852.657983541 1.4836
1520439852.707985401 1.9964
1520439852.757986546 1.2762
1520439852.807988405 1.5884
1520439852.857993364 1.1608
1520439852.907995701 1.1258
1520439852.957996607 1.1470
1520439853.007998466 1.1569
1520439853.058000565 1.1747
1520439853.108002663 1.1336
1520439853.158003807 1.3434
1520439853.208005667 1.0921
1520439853.258000135 1.1204
1520439853.308001995 1.0867
1520439853.358003139 1.1626
1520439853.408004045 1.4451
1520439853.458005905 1.1834
1520439853.508008242 1.1820
1520439853.558009148 1.2162
1520439853.608011007 1.1766
1520439853.658009291 1.1874
1520439853.708058357 1.1335
1520439853.758011341 1.1048
1520439853.808013201 1.0760
1520439853.858015299 1.0675
1520439853.908016443 1.0884
1520439853.958018303 1.1744
1520439854.008019209 1.6078
1520439854.058016300 1.2054
1520439854.108017206 1.2340
1520439854.158019066 1.1483
1520439854.208020210 1.1957
1520439854.258022070 1.1787
1520439854.308024168 1.4418
1520439854.358025312 1.2773
1520439854.408027172 1.3915
1520439854.458028078 1.6129
1520439854.508038759 1.4672
1520439854.558039665 1.2040
1520439854.608041763 1.1748
1520439854.658043623 1.2589
1520439854.708044529 1.2446
1520439854.758046627 1.1416
1520439854.808048725 1.1997
1520439854.858049631 1.2051
1520439854.908052206 1.2228
1520439854.958053112 1.2527
1520439855.008055210 1.2034
1520439855.058056116 1.2602
1520439855.108059168 1.5125
1520439855.158059359 1.5360
1520439855.208061218 1.1751
1520439855.258063078 1.1522
1520439855.308061600 1.2146
1520439855.358062744 1.1900
1520439855.408082008 1.7347
1520439855.458066702 1.5657
1520439855.508067846 1.1729
1520439855.558069706 1.2366
1520439855.608070850 1.2664
1520439855.658072948 1.1703
1520439855.708075047 1.2280
1520439855.758077145 1.7432
1520439855.808079004 1.4179
1520439855.858079910 1.8981
1520439855.908082247 1.2597
1520439855.958083153 1.2690
1520439856.008085012 1.1806
1520439856.058086157 1.3105
1520439856.108085394 1.2326
1520439856.158087730 1.0500
1520439856.208088636 1.1396
1520439856.258090496 1.1449
1520439856.308091640 1.2813
1520439856.358093500 1.3463
1520439856.408095837 1.2526
1520439856.458097696 1.2329
1520439856.508101702 1.2623
1520439856.558103800 1.1911
1520439856.608105659 1.2200
1520439856.658106565 1.2207
1520439856.708108902 1.2239
1520439856.758109808 1.1791
1520439856.808111668 1.2204
1520439856.858115673 1.2027
1520439856.908114672 1.3197
1520439856.958115339 1.2310
1520439857.008116245 1.1925
1520439857.058118343 1.1927
1520439857.108119249 1.2235
1520439857.158121109 1.1257
1520439857.208122253 1.0561
1520439857.258124352 1.0789
1520439857.308125257 1.9723
1520439857.358126163 1.1319
1520439857.408127069 1.1842
1520439857.458128929 1.1897
1520439857.508131027 1.6880
1520439857.558131933 1.1012
1520439857.608133793 1.0265
1520439857.658134937 1.1842
1520439857.708137035 1.1407
1520439857.758138657 1.1555
1520439857.808140755 1.1793
1520439857.858142614 1.1634
1520439857.908143520 1.1489
1520439857.958145857 1.1590
1520439858.008146763 1.1694
1520439858.058148623 1.2013
1520439858.108149767 1.0727
1520439858.158150911 1.1492
1520439858.208152771 1.0841
1520439858.258155107 1.0924
1520439858.308156013 1.0597
1520439858.358156681 1.0575
1520439858.408159018 1.0967
1520439858.458160877 1.0046
1520439858.508161783 1.1624
1520439858.558170319 1.1099
1520439858.608171463 1.0209
1520439858.658173323 1.1214
1520439858.708174706 1.1172
1520439858.758176565 1.0518
1520439858.808178425 1.0809
1520439858.858259439 1.1542
1520439858.908180475 1.9970
1520439858.958187580 1.1699
1520439859.008189440 1.1103
1520439859.058190346 1.0476
1520439859.108192444 1.0189
1520439859.158193350 1.0236
1520439859.208195210 1.0489
1520439859.258196592 1.0772
1520439859.308198452 1.3141
1520439859.358199358 1.5039
1520439859.408197880 1.2220
1520439859.458199739 6.8715
1520439859.508200645 3.1555
1520439859.558202982 2.9082
1520439859.608203888 1.3552
1520439859.658205748 1.2179
1520439859.708206892 1.2820
1520439859.758208752 1.7451
1520439859.808202505 1.6179
1520439859.858204365 2.4736
1520439859.908206224 1.2687
1520439859.958208323 1.2139
1520439860.008209467 1.1888
1520439860.058211327 1.1111
1520439860.108213186 1.0920
1520439860.158214331 0.9727
1520439860.208225727 1.4848
1520439860.258227825 1.1973
1520439860.308228970 1.2445
1520439860.358230829 1.2255
1520439860.408232927 1.2360
1520439860.458233833 1.2798
1520439860.508235693 1.9562
1520439860.558256865 1.2234
1520439860.608245611 1.1966
1520439860.658247709 1.9949
1520439860.708249569 1.9716
1520439860.758250475 1.3206
1520439860.808252573 2.3773
1520439860.858253479 1.5707
1520439860.908255816 1.2539
1520439860.958256721 1.2843
1520439861.008255959 1.1645
1520439861.058257818 1.2075
1520439861.108258963 1.0592
1520439861.158261061 1.1029
1520439861.208261967 1.4467
1520439861.258264065 1.2488
1520439861.308264971 1.1768
1520439861.358266830 1.2723
1520439861.408255577 1.2526
1520439861.458257675 1.3951
1520439861.508259535 1.0739
1520439861.558260441 1.1464
1520439861.608262539 1.1907
1520439861.658264637 1.1124
1520439861.708265781 1.2303
1520439861.758267641 1.4805
1520439861.808268547 1.1908
1520439861.858264208 1.2094
1520439861.908265114 1.0790
1520439861.958267450 1.5177
1520439862.008269310 1.2068
1520439862.058270216 1.2082
1520439862.108272314 1.2300
1520439862.158273220 1.2618
1520439862.208274126 1.1672
1520439862.258285999 1.1154
1520439862.308375120 1.0627
1520439862.358289242 1.1109
1520439862.408291101 1.1350
1520439862.458292246 1.2215
1520439862.508294106 1.1752
1520439862.558295012 1.1428
1520439862.608297110 1.1317
1520439862.658297777 1.1008
1520439862.708298683 1.0979
1520439862.758300781 1.1474
1520439862.808301926 1.1267
1520439862.858303785 1.0945
1520439862.908304930 1.0870
1520439862.958306789 1.1143
1520439863.008308649 1.0955
1520439863.058310747 1.1494
1520439863.108312607 1.0733
1520439863.158313751 1.0775
1520439863.208315611 1.1081
1520439863.258316755 1.0818
1520439863.308318615 1.0575
1520439863.358320713 1.2957
1520439863.408321857 1.1071
1520439863.458325148 1.2177
1520439863.508327246 1.2042
1520439863.558328390 1.2001
1520439863.608330250 1.1176
1520439863.658331156 1.1831
1520439863.708333254 1.4005
1520439863.758335114 1.1172
1520439863.808336020 1.1889
1520439863.858337164 1.0914
1520439863.908339500 3.9744
1520439863.958340406 1.8265
1520439864.008342266 2.4866
1520439864.058343410 1.1312
1520439864.108345270 1.3198
1520439864.158346415 1.7090
1520439864.208348513 1.2424
1520439864.258350372 1.1708
1520439864.308349371 1.6964
1520439864.358351469 2.8896
1520439864.408352375 4.4385
1520439864.458354473 1.8217
1520439864.508355379 1.3121
1520439864.558357239 1.6067
1520439864.608358383 1.6459
1520439864.658360243 1.3923
1520439864.708360195 6.1115
1520439864.758361340 1.2988
1520439864.808363199 1.1314
1520439864.858364344 3.1922
1520439864.908366442 1.0783
1520439864.958367348 3.2044
1520439865.008369446 1.7190
1520439865.058371305 1.3440
1520439865.108370543 1.2259
1520439865.158372402 5.2634
1520439865.208373308 1.4500
1520439865.258374453 1.2241
1520439865.308376312 1.2009
1520439865.358377457 1.9483
1520439865.408379316 1.2105
1520439865.458380222 1.2240
1520439865.508376598 1.2019
1520439865.558378458 1.1344
1520439865.608379602 1.3011
1520439865.658380508 1.2418
1520439865.708382607 1.1563
1520439865.758409739 1.2347
1520439865.808385611 1.2005
1520439865.858387709 1.1828
1520439865.908384800 1.0897
1520439865.958386898 1.0517
1520439866.008387804 4.9208
1520439866.058389664 2.4800
1520439866.108390808 1.9644
1520439866.158392906 1.3650
1520439866.208394051 1.1167
1520439866.258395910 1.4542
1520439866.308400631 3.4212
1520439866.358398438 1.3752
1520439866.408400297 1.4488
1520439866.458401442 1.6758
1520439866.508403540 1.2654
1520439866.558404446 1.3173
1520439866.608406544 3.7515
1520439866.658408403 1.4451
1520439866.708409309 1.3628
1520439866.758405924 1.0845
1520439866.808407784 1.1229
1520439866.858408928 1.0240
1520439866.908410788 1.0791
1520439866.958411932 1.2167
1520439867.008414030 1.2453
1520439867.058414936 1.1641
1520439867.108417034 1.4010
1520439867.158413410 1.1381
1520439867.208415508 1.4429
1520439867.258417368 1.6996
1520439867.308418274 7.2332
1520439867.358420372 1.1782
1520439867.408421278 1.1799
1520439867.458423615 1.2552
1520439867.508467436 1.2264
1520439867.558425426 1.3326
1520439867.608426332 1.1869
1520439867.658428431 1.3291
1520439867.708429337 1.2653
1520439867.758431196 1.7981
1520439867.808432341 1.2952
1520439867.858434200 1.7299
1520439867.908436298 1.4080
1520439867.958435535 1.2734
1520439868.008437395 1.2790
1520439868.058438540 2.3920
1520439868.108440638 1.2291
1520439868.158441782 2.7573
1520439868.208443642 1.1422
1520439868.258445501 1.1278
1520439868.308446646 1.2400
1520439868.358444452 1.1379
1520439868.408445597 1.1552
1520439868.458447695 1.1520
1520439868.508449554 1.2174
1520439868.558451653 1.1915
1520439868.608452559 1.1810
1520439868.658454418 1.1720
1520439868.708455563 1.2211
1520439868.758455753 1.5024
1520439868.808456659 1.1515
1520439868.858457804 1.2679
1520439868.908461809 1.0433
1520439868.958461761 2.2470
1520439869.008462906 1.2460
1520439869.058464766 1.2142
1520439869.108465910 1.2187
1520439869.158467770 1.2596
1520439869.208477259 1.2257
1520439869.258532047 2.5711
1520439869.308479309 3.1420
1520439869.358481169 1.3069
1520439869.408482075 1.1532
1520439869.458484173 1.3285
1520439869.508486032 1.3463
1520439869.558486938 1.9025
1520439869.608490944 1.4853
1520439869.658491850 2.1503
1520439869.708494186 1.8573
1520439869.758495092 1.3632
1520439869.808496952 1.3628
1520439869.858499050 1.2307
1520439869.908499956 1.3068
1520439869.958501816 1.6693
1520439870.008506298 1.9112
1520439870.058508635 3.2727
1520439870.108509541 1.5169
1520439870.158511400 1.5807
1520439870.208513498 3.7833
1520439870.258514404 1.5092
1520439870.308517456 1.2435
1520439870.358518600 1.1331
1520439870.408511400 1.4953
1520439870.458513498 1.1761
1520439870.508514643 1.7857
1520439870.558515549 1.3084
1520439870.608517408 2.2449
1520439870.658524513 1.1974
1520439870.708520412 1.1933
1520439870.758522511 1.0340
1520439870.808522463 1.5534
1520439870.858523607 1.1074
1520439870.908525467 1.2827
1520439870.958526373 1.0231
1520439871.008579493 1.2159
1520439871.058529615 1.1605
1520439871.108531475 1.1456
1520439871.158532619 1.1256
1520439871.208534479 1.1583
1520439871.258539677 1.3530
1520439871.308541775 1.1143
1520439871.358542919 1.1565
1520439871.408544779 1.1858
1520439871.458546638 1.1727
1520439871.508547783 1.0667
1520439871.558549643 1.0587
1520439871.608551025 0.9826
1520439871.658547401 1.2167
1520439871.708549261 1.4840
1520439871.758550644 1.1042
1520439871.808552504 1.2073
1520439871.858553410 0.9688
1520439871.908555508 1.4450
1520439871.958556414 0.9708
1520439872.008558273 0.9127
1520439872.058557034 1.0245
1520439872.108558178 0.9722
1520439872.158560038 0.9848
1520439872.208560944 1.9041
1520439872.258563042 2.1501
1520439872.308563948 1.8950
1520439872.358565807 1.3562
1520439872.408568144 1.3409
1520439872.458567381 1.5027
1520439872.508569717 1.1650
1520439872.558570385 1.0581
1520439872.608571291 1.0721
1520439872.658573627 2.2104
1520439872.708575487 1.0100
1520439872.758609295 1.0311
1520439872.808578491 1.8109
1520439872.858577251 1.2617
1520439872.908579111 3.4307
1520439872.958580256 1.1368
1520439873.008582115 1.1225
1520439873.058583975 1.1130
1520439873.108585119 1.0817
1520439873.158587217 1.0414
1520439873.208588362 1.1610
1520439873.258592367 1.1850
1520439873.308593035 1.1319
1520439873.358595133 1.1942
1520439873.408596277 1.1920
1520439873.458598137 1.2207
1520439873.508599997 1.0448
1520439873.558601141 1.1045
1520439873.608603239 0.9593
1520439873.658604145 0.9595
1520439873.708601713 1.1397
1520439873.758602858 1.0156
1520439873.808604717 0.9622
1520439873.858606577 1.0069
1520439873.908607721 1.0072
1520439873.958609581 0.9994
1520439874.008611679 0.9279
1520439874.058612823 1.1661
1520439874.108613968 0.8492
1520439874.158614874 0.9703
1520439874.208616734 0.9975
1520439874.258618832 1.1653
1520439874.308619738 1.8779
1520439874.358620882 1.4296
1520439874.408622742 1.6335
1520439874.458623648 2.5632
1520439874.508620501 1.0994
1520439874.558621407 0.9860
1520439874.608623505 1.0658
1520439874.658625603 1.0957
1520439874.708626509 0.9591
1520439874.758628607 0.9481
1520439874.808629513 2.3310
1520439874.858631372 1.7811
1520439874.908635139 2.4524
1520439874.958637238 1.1429
1520439875.008639336 1.9618
1520439875.058640242 1.1884
1520439875.108642340 1.4465
1520439875.158643246 1.2703
1520439875.208645105 1.1256
1520439875.258646250 1.2124
1520439875.308653116 1.2541
1520439875.358654022 1.1564
1520439875.408656120 2.1882
1520439875.458657980 1.0874
1520439875.508658886 1.2028
1520439875.558661222 1.1037
1520439875.608663082 1.0848
1520439875.658663988 1.1330
1520439875.708662271 1.1700
1520439875.758663177 2.2606
1520439875.808665037 2.6850
1520439875.858666182 3.4658
1520439875.908668041 3.1158
1520439875.958669424 2.4340
1520439876.008671284 1.1688
1520439876.058673143 1.6952
1520439876.108673811 1.1149
1520439876.158677340 1.1633
1520439876.208678246 1.2197
1520439876.258680344 1.9361
1520439876.308773279 1.8495
1520439876.358683109 1.3241
1520439876.408684254 1.4411
1520439876.458686113 1.3866
1520439876.508687258 1.3266
1520439876.558687687 1.2633
1520439876.608688831 1.2399
1520439876.658690929 1.1701
1520439876.708692789 1.2010
1520439876.758693933 1.0769
1520439876.808695793 1.1276
1520439876.858696938 1.0496
1520439876.908698797 0.9849
1520439876.958699465 0.9710
1520439877.008701801 0.9959
1520439877.058703661 1.0322
1520439877.108704567 1.0727
1520439877.158706665 1.1006
1520439877.208707571 1.1034
1520439877.258709669 1.0570
1520439877.308711767 1.2473
1520439877.358714819 1.1496
1520439877.408715963 1.1765
1520439877.458716869 1.0808
1520439877.508718729 1.0302
1520439877.558721066 1.7588
1520439877.608721972 1.1552
1520439877.658723116 1.0460
1520439877.708724976 1.3831
1520439877.758720398 3.1479
1520439877.808721304 1.0339
1520439877.858723640 1.0601
1520439877.908724546 1.0765
1520439877.958726406 1.0663
1520439878.008728504 1.1092
1520439878.058755636 1.0696
1520439878.108730555 1.0786
1520439878.158733845 1.1273
1520439878.208734989 1.9958
1520439878.258736849 1.2100
1520439878.308738708 1.2045
1520439878.358739853 1.0510
1520439878.408741951 1.1369
1520439878.458743095 1.0970
1520439878.508744955 1.1834
1520439878.558745861 1.2641
1520439878.608749628 1.1379
1520439878.658751488 1.1607
1520439878.708752394 1.2093
1520439878.758754492 1.1349
1520439878.808755398 1.0293
1520439878.858757257 1.0910
1520439878.908758640 0.8960
1520439878.958760500 0.9764
1520439879.008759975 1.1630
1520439879.058762074 1.2184
1520439879.108764172 1.1963
1520439879.158766031 1.0954
1520439879.208767891 2.9071
1520439879.258769035 1.6530
1520439879.308771133 2.7198
1520439879.358772039 1.3055
1520439879.408775091 1.2570
1520439879.458780050 1.1183
1520439879.508776903 1.0771
1520439879.558779240 1.0519
1520439879.608781099 1.1971
1520439879.658782005 1.1986
1520439879.708783150 1.2566
1520439879.758785009 1.1807
1520439879.808783054 2.3414
1520439879.858876228 1.1467
1520439879.908787251 1.1336
1520439879.958788157 1.0317
1520439880.008790016 1.0424
1520439880.058791161 0.9868
1520439880.108793020 1.1005
1520439880.158793926 1.2313
1520439880.208791256 1.1711
1520439880.258793354 1.0256
1520439880.308794260 2.0311
1520439880.358796358 1.7091
1520439880.408797503 1.1735
1520439880.458799362 1.2785
1520439880.508800507 1.1330
1520439880.558802366 1.1773
1520439880.608801126 1.0337
1520439880.658802986 1.0148
1520439880.708805084 1.9655
1520439880.758805990 1.0302
1520439880.808807850 0.9922
1520439880.858810186 1.0839
1520439880.908811092 1.0879
1520439880.958812952 1.0986
1520439881.008814096 1.0482
1520439881.058807135 1.0380
1520439881.108808994 1.0233
1520439881.158810139 1.0427
1520439881.208811998 1.0725
1520439881.258812904 1.0033
1520439881.308814049 1.0415
1520439881.358815908 0.9305
1520439881.408818007 1.2158
1520439881.458816290 1.2563
1520439881.508818150 0.9866
1520439881.558819294 1.0553
1520439881.608829260 1.0443
1520439881.658822060 1.0097
1520439881.708824396 1.0990
1520439881.758826256 1.2509
1520439881.808827162 1.1325
1520439881.858826160 1.1317
1520439881.908827305 1.2025
1520439881.958829403 1.2534
1520439882.008830309 1.1857
1520439882.058832407 1.2157
1520439882.108833313 1.5898
1520439882.158835173 1.0923
1520439882.208836317 1.4247
1520439882.258839607 1.1652
1520439882.308841467 1.2081
1520439882.358842611 1.1432
1520439882.408844471 1.2405
1520439882.458845377 1.1528
1520439882.508847713 1.2060
1520439882.558848619 1.1593
1520439882.608850479 1.1438
1520439882.658854485 1.1719
1520439882.708856344 1.0642
1520439882.758857489 1.1244
1520439882.808858395 1.1955
1520439882.858860254 1.1747
1520439882.908862352 1.2169
1520439882.958864450 1.1031
1520439883.008865356 1.1021
1520439883.058868885 1.1177
1520439883.108870029 1.1261
1520439883.158870935 1.0953
1520439883.208873272 1.0243
1520439883.258874178 1.0095
1520439883.308876038 0.9615
1520439883.358878136 0.8521
1520439883.408941984 1.1277
1520439883.458881140 1.5576
1520439883.508882761 1.5255
1520439883.558884621 1.2133
1520439883.608885765 1.0821
1520439883.658887625 1.1133
1520439883.708888531 1.1055
1520439883.758890867 1.1288
1520439883.808891535 1.2582
1520439883.858893633 1.2070
1520439883.908894300 1.3193
1520439883.958895206 1.3010
1520439884.008897066 1.2773
1520439884.058898211 1.2098
1520439884.108900070 1.2500
1520439884.158901215 1.2257
1520439884.208903074 1.1325
1520439884.258905172 1.1332
1520439884.308908939 1.0811
1520439884.358911037 1.0522
1520439884.408912182 1.0869
1520439884.458914042 1.7317
1520439884.508915901 1.9654
1520439884.558917999 2.4234
1520439884.608919144 2.0844
1520439884.658921003 1.7117
1520439884.708919048 1.2038
1520439884.758919954 1.1441
1520439884.808921814 1.0527
1520439884.858924150 1.1244
1520439884.908924818 1.2566
1520439884.958926916 1.2023
1520439885.008929014 1.0139
1520439885.058929920 1.0616
1520439885.108931303 1.0147
1520439885.158933163 1.0286
1520439885.208934069 1.3669
1520439885.258936405 1.0748
1520439885.308937311 3.1355
1520439885.358939409 1.0446
1520439885.408940315 0.9813
1520439885.458942175 1.0267
1520439885.508941174 1.2207
1520439885.558942318 1.1096
1520439885.608944178 1.1995
1520439885.658945322 1.1166
1520439885.708947182 1.2073
1520439885.758948088 1.1804
1520439885.808950186 1.1317
1520439885.858952284 1.0829
1520439885.908953190 1.1736
1520439885.958955288 1.0707
1520439886.008956432 1.0467
1520439886.058958292 1.1331
1520439886.108960152 1.0935
1520439886.158961296 1.0021
1520439886.208963394 1.1383
1520439886.258964300 1.0883
1520439886.308966398 1.0506
1520439886.358967304 1.0586
1520439886.408969164 1.1723
1520439886.458971500 1.1522
1520439886.508972406 1.0805
1520439886.558974266 1.1246
1520439886.608976364 1.1423
1520439886.658977270 1.1144
1520439886.708978415 1.1483
1520439886.758979082 1.1370
1520439886.808981180 1.0540
1520439886.858982086 1.1774
1520439886.908982992 1.2123
1520439886.958985329 1.1844
1520439887.008985996 1.2272
1520439887.058988094 1.1808
1520439887.108990192 1.2011
1520439887.158994198 1.1850
1520439887.208996058 1.1257
1520439887.258997202 1.0890
1520439887.308999062 0.9933
1520439887.358999968 1.0447
1520439887.409002304 1.3829
1520439887.459004164 1.0155
1520439887.509005070 1.0308
1520439887.559008360 1.1176
1520439887.609009504 1.0665
1520439887.659011364 1.0491
1520439887.709013224 1.0897
1520439887.759014368 1.0651
1520439887.809015274 1.6485
1520439887.859017134 1.2776
1520439887.909019470 1.1520
1520439887.959020853 1.0419
1520439888.009022713 1.1177
1520439888.059024811 1.1504
1520439888.109025717 1.0981
1520439888.159027815 1.0534
1520439888.209029913 1.9564
1520439888.259030819 1.0554
1520439888.309031963 1.1233
1520439888.359033823 0.9667
1520439888.409035206 1.0710
1520439888.459036112 1.1208
1520439888.509037256 1.1070
1520439888.559039116 1.0732
1520439888.609041214 1.0786
1520439888.659042358 0.9824
1520439888.709044218 0.9534
1520439888.759054422 0.9939
1520439888.809043169 1.3361
1520439888.859044075 1.4644
1520439888.909046173 1.0944
1520439888.959047079 1.0659
1520439889.009049177 1.0888
1520439889.059051275 0.9829
1520439889.109052181 1.0199
1520439889.159054041 1.1139
1520439889.209055185 1.1158
1520439889.259057045 1.1045
1520439889.309058189 1.1670
1520439889.359060287 1.0466
1520439889.409062147 1.0609
1520439889.459063292 1.0478
1520439889.509065151 1.0967
1520439889.559066296 0.9862
1520439889.609069347 1.1688
1520439889.659070492 1.1561
1520439889.709072351 1.0558
1520439889.759073257 0.9496
1520439889.809075356 0.8982
1520439889.859077454 1.0479
1520439889.909079313 0.9916
1520439889.959081411 1.0323
1520439890.009081841 1.0657
1520439890.059082747 1.0384
1520439890.109084845 1.0377
1520439890.159085751 1.0731
1520439890.209086657 1.0607
1520439890.259088993 1.0981
1520439890.309090853 1.1673
1520439890.359091759 1.1073
1520439890.409093380 1.1831
1520439890.459094286 1.2350
1520439890.509096384 1.2717
1520439890.559114218 0.9741
1520439890.609099150 1.0239
1520439890.659101486 0.9932
1520439890.709102392 0.9125
1520439890.759104252 1.0555
1520439890.809105396 0.9327
1520439890.859105587 1.1875
1520439890.909106493 1.1630
1520439890.959108591 1.0173
1520439891.009109497 1.0558
1520439891.059111357 1.0069
1520439891.109113693 1.0264
1520439891.159114599 1.0463
1520439891.209116459 1.1077
1520439891.259117365 1.1238
1520439891.309119463 1.1935
1520439891.359120369 1.2183
1520439891.409122229 1.3725
1520439891.459124565 1.0845
1520439891.509125471 1.0608
1520439891.559127331 1.0425
1520439891.609129429 1.0781
1520439891.659132481 0.9708
1520439891.709133625 1.0605
1520439891.759135485 1.0283
1520439891.809136391 0.8427
1520439891.859138489 0.9662
1520439891.909139395 1.0713
1520439891.959140539 1.0045
1520439892.009146690 0.8026
1520439892.059142828 1.0062
1520439892.109143734 0.9700
1520439892.159144878 0.9861
1520439892.209146976 1.1270
1520439892.259148836 1.2234
1520439892.309149981 1.2122
1520439892.359172821 1.2639
1520439892.409152746 1.3068
1520439892.459154606 1.2880
1520439892.509155512 1.1977
1520439892.559157848 1.2241
1520439892.609158754 1.2451
1520439892.659160614 1.1574
1520439892.709162712 1.0616
1520439892.759163618 1.1391
1520439892.809165478 1.1321
1520439892.859165907 1.1197
1520439892.909167767 1.0315
1520439892.959168911 1.0262
1520439893.009171009 1.0756
1520439893.059172869 1.0496
1520439893.109174013 1.0236
1520439893.159175873 1.0779
1520439893.209177971 1.1414
1520439893.259179115 1.2151
1520439893.309181690 1.1787
1520439893.359183550 1.2659
1520439893.409184694 1.1358
1520439893.459187746 1.0950
1520439893.509188652 1.1080
1520439893.559189796 1.0355
1520439893.609192610 0.8599
1520439893.659192801 0.8654
1520439893.709195614 1.0467
1520439893.759197474 1.0117
1520439893.809198380 1.0006
1520439893.859200478 0.9866
1520439893.909201384 0.9538
1520439893.959203243 0.9491
1520439894.009205580 1.0087
1520439894.059206486 1.0265
1520439894.109207153 0.9254
1520439894.159229994 0.8558
1520439894.209209204 0.8672
1520439894.259211063 0.8874
1520439894.309212923 0.9643
1520439894.359214067 0.8957
1520439894.409215927 1.0562
1520439894.459217072 0.9022
1520439894.509219885 0.9157
1520439894.559220791 0.8647
1520439894.609222889 0.7405
1520439894.659224749 0.6979
1520439894.709225655 0.8695
1520439894.759227991 0.9042
1520439894.809228897 0.9340
1520439894.859230757 0.8752
1520439894.909232378 0.7785
1520439894.959234238 0.8107
1520439895.009235382 0.8259
1520439895.059237480 0.8778
1520439895.109239340 0.8986
1520439895.159240484 0.8624
1520439895.209242344 0.8932
1520439895.259244204 0.7823
1520439895.309246540 0.8876
1520439895.359248638 0.7679
1520439895.409249544 0.6767
1520439895.459251404 0.6465
1520439895.509252548 0.6622
1520439895.559254646 0.6800
1520439895.609260559 0.6878
1520439895.659257650 0.7048
1520439895.709259510 0.7460
1520439895.759262562 1.0830
1520439895.809264421 1.1217
1520439895.859265327 0.8969
1520439895.909267426 0.9339
1520439895.959292412 0.9709
1520439896.009270191 1.1496
1520439896.059271336 1.0384
1520439896.109273434 1.0953
1520439896.159274340 1.0386
1520439896.209276199 1.0597
1520439896.259278297 0.9760
1520439896.309279203 1.0333
1520439896.359281063 1.0687
1520439896.409282207 1.1130
1520439896.459284306 1.1769
1520439896.509285212 1.2156
1520439896.559285402 2.0269
1520439896.609286308 1.3370
1520439896.659288645 1.2078
1520439896.709290504 1.2076
1520439896.759291410 1.1604
1520439896.809293509 1.1547
1520439896.859294415 1.0403
1520439896.909296274 1.0903
1520439896.959297180 1.1815
1520439897.009299278 1.0974
1520439897.059301376 1.1575
1520439897.109303236 1.0147
1520439897.159304142 1.0366
1520439897.209306479 1.1653
1520439897.259307146 1.2966
1520439897.309309244 1.0774
1520439897.359313011 1.3050
1520439897.409314156 0.9191
1520439897.459316015 0.9736
1520439897.509316921 1.0704
1520439897.559319973 0.9990
1520439897.609319925 1.0174
1520439897.659320831 0.9469
1520439897.709322929 1.7217
1520439897.759347916 1.8140
1520439897.809324980 1.1728
1520439897.859327078 1.2185
1520439897.909327984 1.0583
1520439897.959330082 1.0570
1520439898.009330988 0.9783
1520439898.059332848 1.0042
1520439898.109333992 0.8585
1520439898.159335852 0.9176
1520439898.209340096 1.9960
1520439898.259342194 0.9108
1520439898.309344292 1.0347
1520439898.359345198 0.9858
1520439898.409347057 1.0531
1520439898.459348202 1.1055
1520439898.509350061 1.1618
1520439898.559350967 1.2230
1520439898.609351873 1.1771
1520439898.659353971 1.0739
1520439898.709354639 1.0659
1520439898.759356976 1.0518
1520439898.809358835 1.0367
1520439898.859359741 1.0211
1520439898.909361839 0.9809
1520439898.959362745 1.0772
1520439899.009363413 1.1842
1520439899.059364319 1.1144
1520439899.109366417 1.1626
1520439899.159367323 1.0982
1520439899.209371328 1.0863
1520439899.259370565 1.1119
1520439899.309372425 1.1358
1520439899.359374285 1.0319
1520439899.409376144 1.1086
1520439899.459378481 1.0502
1520439899.509379387 1.1419
1520439899.559402227 0.9905
1520439899.609382391 1.1068
1520439899.659384251 0.8802
1520439899.709385157 0.9168
1520439899.759387493 0.9430
1520439899.809388399 1.0867
1520439899.859390259 1.0170
1520439899.909392118 0.9958
1520439899.959393263 0.9030
1520439900.009395123 0.9527
1520439900.059396029 0.9780
1520439900.109398365 1.0077
1520439900.159399271 1.0179
1520439900.209401131 1.0346
1520439900.259402514 0.9794
1520439900.309403658 1.1057
1520439900.359405518 1.0478
1520439900.409406662 0.9333
1520439900.459408522 0.8745
1520439900.509409428 1.0556
1520439900.559411764 1.0652
1520439900.609413624 1.0262
1520439900.659414291 1.0854
1520439900.709417105 1.0549
1520439900.759418249 1.0697
1520439900.809419155 1.0322
1520439900.859421492 1.0558
1520439900.909422398 1.0022
1520439900.959424257 0.9284
1520439901.009428263 0.9271
1520439901.059427261 0.9624
1520439901.109428167 0.9670
1520439901.159430027 2.2805
1520439901.209431410 0.9653
1520439901.259433270 0.9560
1520439901.309434414 0.9884
1520439901.359453201 0.9871
1520439901.409437180 1.8051
1520439901.459439516 0.9694
1520439901.509441614 1.0514
1520439901.559442520 0.9309
1520439901.609444618 0.9357
1520439901.659445524 0.8627
1520439901.709447384 0.8671
1520439901.759448528 0.8774
1520439901.809450388 0.9198
1520439901.859454155 0.9540
1520439901.909455061 0.9936
1520439901.959457397 0.9541
1520439902.009458065 0.9445
1520439902.059460163 0.9694
1520439902.109461308 0.9429
1520439902.159463167 0.9218
1520439902.209465265 0.8782
1520439902.259466648 0.9678
1520439902.309468985 0.9352
1520439902.359469891 0.9304
1520439902.409471750 0.9458
1520439902.459473848 0.9605
1520439902.509474754 0.9747
1520439902.559476852 0.9348
1520439902.609478951 0.9857
1520439902.659481764 1.0479
1520439902.709482670 1.0321
1520439902.759484768 1.0092
1520439902.809486866 0.9327
1520439902.859487772 1.9130
1520439902.909489632 1.1907
1520439902.959490776 1.0646
1520439903.009492636 1.0326
1520439903.059493542 1.0723
1520439903.109495401 1.0656
1520439903.159507275 1.0090
1520439903.209498167 0.9069
1520439903.259499311 0.9168
1520439903.309501171 0.9458
1520439903.359502077 0.9970
1520439903.409504175 1.0215
1520439903.459506273 0.9751
1520439903.509511471 1.2160
1520439903.559513330 1.1549
1520439903.609514475 0.8764
1520439903.659516335 1.0100
1520439903.709517241 0.8757
1520439903.759519577 1.0047
1520439903.809520483 1.1296
1520439903.859522343 1.1081
1520439903.909523964 1.1937
1520439903.959524870 1.1056
1520439904.009526968 1.1583
1520439904.059527874 1.2128
1520439904.109529972 1.2036
1520439904.159531116 1.2464
1520439904.209532976 1.1245
1520439904.259534836 1.2348
1520439904.309541464 1.3618
1520439904.359542370 1.2872
1520439904.409544468 1.1403
1520439904.459545374 1.2078
1520439904.509547472 1.2974
1520439904.559549332 1.2155
1520439904.609550238 1.1020
1520439904.659551382 1.2339
1520439904.709557295 1.4536
1520439904.759561300 1.3298
1520439904.809560299 1.1049
1520439904.859562159 1.1014
1520439904.909563303 1.0569
1520439904.959565401 1.0535
1520439905.009566307 1.1288
1520439905.059568405 1.1388
1520439905.109569311 1.3750
1520439905.159566879 0.9565
1520439905.209568024 0.9820
1520439905.259569883 1.1059
1520439905.309570789 0.9737
1520439905.359572887 0.9725
1520439905.409573793 0.9873
1520439905.459575891 1.1540
1520439905.509577990 1.0896
1520439905.559582710 1.2779
1520439905.609584570 1.0960
1520439905.659586668 1.0284
1520439905.709587812 1.0986
1520439905.759588718 1.1389
1520439905.809590578 1.2063
1520439905.859592676 1.1749
1520439905.909593582 1.2360
1520439905.959594250 1.2558
1520439906.009596348 1.3315
1520439906.059598446 1.2113
1520439906.109599113 1.3274
1520439906.159601450 1.3249
1520439906.209602356 1.1094
1520439906.259604454 1.1398
1520439906.309605360 1.0843
1520439906.359610558 1.3336
1520439906.409611464 1.2605
1520439906.459615469 1.1208
1520439906.509614706 1.1942
1520439906.559616566 1.3353
1520439906.609618425 1.1455
1520439906.659619570 1.2027
1520439906.709620476 1.1250
1520439906.759624720 1.3111
1520439906.809621811 1.2069
1520439906.859623671 1.0699
1520439906.909624815 1.1398
1520439906.959626675 1.0516
1520439907.009628773 0.9152
1520439907.059629917 1.0133
1520439907.109631777 1.0417
1520439907.159634352 0.9954
1520439907.209636688 1.0466
1520439907.259637594 1.0169
1520439907.309639454 0.9849
1520439907.359640598 0.8294
1520439907.409642458 1.0277
1520439907.459644318 0.9429
1520439907.509645462 0.9184
1520439907.559647560 0.9865
1520439907.609654188 1.3478
1520439907.659656286 1.1897
1520439907.709657192 1.1480
1520439907.759659290 1.2113
1520439907.809660196 1.0395
1520439907.859662056 1.0841
1520439907.909664154 1.1536
1520439907.959666252 1.2550
1520439908.009665012 1.3007
1520439908.059667110 1.3072
1520439908.109668016 1.2463
1520439908.159670115 1.1425
1520439908.209671259 1.1493
1520439908.259673119 1.1839
1520439908.309674025 1.0984
1520439908.359676123 1.2156
1520439908.409678221 1.2775
1520439908.459680557 1.2617
1520439908.509681463 1.2811
1520439908.559683323 1.1890
1520439908.609767437 1.1751
1520439908.659686327 1.1125
1520439908.709688425 1.1197
1520439908.759689569 1.2139
1520439908.809692860 1.2344
1520439908.859693766 1.2730
1520439908.909695625 1.2699
1520439908.959697008 1.2297
1520439909.009698868 1.0184
1520439909.059700727 1.1261
1520439909.109701872 1.1583
1520439909.159703732 1.2479
1520439909.209702730 1.3318
1520439909.259704590 1.3619
1520439909.309705496 1.2126
1520439909.359707594 1.3011
1520439909.409709454 1.2864
1520439909.459710360 1.3302
1520439909.509712696 1.4813
1520439909.559713602 1.3098
1520439909.609717846 1.1832
1520439909.659719706 1.3301
1520439909.709720612 1.2404
1520439909.759722710 1.0931
1520439909.809723616 1.0482
1520439909.859725475 1.0737
1520439909.909727812 0.9701
1520439909.959729671 0.9952
1520439910.009730816 1.0362
1520439910.059736729 1.1374
1520439910.109737873 1.0909
1520439910.159740925 1.0559
1520439910.209741831 0.9815
1520439910.259742975 0.9729
1520439910.309744835 0.9831
1520439910.359746933 1.0553
1520439910.409800053 1.1334
1520439910.459748030 1.0794
1520439910.509750366 0.9583
1520439910.559751272 1.0200
1520439910.609753132 1.0276
1520439910.659755230 1.0764
1520439910.709756136 1.1484
1520439910.759757996 1.1371
1520439910.809759140 0.9437
1520439910.859760284 0.9314
1520439910.909761190 0.9153
1520439910.959763288 0.8369
1520439911.009764433 0.7716
1520439911.059766293 0.8174
1520439911.109768152 0.8438
1520439911.159769297 0.8727
1520439911.209771156 0.9649
1520439911.259775639 1.0763
1520439911.309777975 1.1058
1520439911.359778881 1.1413
1520439911.409780741 1.1208
1520439911.459782839 1.0777
1520439911.509784937 1.0087
1520439911.559786797 0.9701
1520439911.609787941 1.0450
1520439911.659792662 1.1002
1520439911.709794521 1.1238
1520439911.759796381 1.0400
1520439911.809796572 1.0806
1520439911.859802723 1.0953
1520439911.909800529 0.9697
1520439911.959801674 0.9690
1520439912.009803534 1.0607
1520439912.059802771 1.1646
1520439912.109805107 1.0014
1520439912.159806967 0.9909
1520439912.209827185 0.9942
1520439912.259809971 0.9434
1520439912.309810877 1.0798
1520439912.359812975 1.0481
1520439912.409814119 1.0685
1520439912.459815979 0.9963
1520439912.509815454 1.1903
1520439912.559817791 1.0647
1520439912.609818697 1.1042
1520439912.659820557 1.1455
1520439912.709822655 1.1236
1520439912.759823561 1.1241
1520439912.809825420 1.1009
1520439912.859826803 1.0824
1520439912.909825563 1.2007
1520439912.959826469 1.1472
1520439913.009828568 1.1311
1520439913.059830427 1.0638
1520439913.109831333 1.0879
1520439913.159833670 1.2082
1520439913.209834576 1.2864
1520439913.259836435 1.1201
1520439913.309833765 1.6066
1520439913.359835625 1.3915
1520439913.409837723 1.2568
1520439913.459838629 1.2338
1520439913.509840727 1.1400
1520439913.559842825 1.1108
1520439913.609843731 1.1396
1520439913.659844875 1.1007
1520439913.709854603 1.3224
1520439913.759856701 1.2253
1520439913.809857607 1.0329
1520439913.859859705 1.2204
1520439913.909860611 1.0931
1520439913.959862471 1.0577
1520439914.009863615 1.0550
1520439914.059865713 1.0878
1520439914.109863520 1.2905
1520439914.159865379 1.1642
1520439914.209866524 1.1014
1520439914.259868383 1.0876
1520439914.309870243 0.9454
1520439914.359871387 1.0125
1520439914.409873486 0.9747
1520439914.459874392 1.0411
1520439914.509879589 1.1640
1520439914.559880495 1.1898
1520439914.609882355 1.0789
1520439914.659884453 1.0877
1520439914.709885359 1.1680
1520439914.759887457 1.1923
1520439914.809888601 1.1246
1520439914.859890461 1.1166
1520439914.909892321 1.1563
1520439914.959893942 1.2975
1520439915.009896040 1.2995
1520439915.059896946 1.1046
1520439915.109899044 1.1353
1520439915.159899950 1.0083
1520439915.209902048 1.0813
1520439915.259903908 1.2187
1520439915.309904814 1.1845
1520439915.359899998 1.4319
1520439915.409901857 1.1673
1520439915.459903717 1.1577
1520439915.509904861 1.2680
1520439915.559906721 1.2013
1520439915.609907866 1.1592
1520439915.659909964 1.1474
1520439915.709910870 1.2029
1520439915.759914637 1.2362
1520439915.809916019 1.0687
1520439915.859989643 1.1015
1520439915.909919739 1.1395
1520439915.959920883 1.1036
1520439916.009922743 1.0641
1520439916.059923649 1.0376
1520439916.109925985 1.0353
1520439916.159926414 1.0794
1520439916.209928513 1.1315
1520439916.259930611 0.9988
1520439916.309931517 0.9734
1520439916.359933376 1.0497
1520439916.409934521 1.0984
1520439916.459936619 0.9694
1520439916.509937525 1.0410
1520439916.559938192 1.1157
1520439916.609939098 1.1390
1520439916.659941196 1.2215
1520439916.709943295 1.3374
1520439916.759944201 1.2837
1520439916.809946060 1.0788
1520439916.859947205 1.1034
1520439916.909949303 1.1056
1520439916.959949493 1.1736
1520439917.009950399 1.0794
1520439917.059952497 1.1608
1520439917.109954596 1.0549
1520439917.159955502 1.0710
1520439917.209957361 1.0321
1520439917.259958506 1.1263
1520439917.309960365 1.2280
1520439917.359961271 1.2941
1520439917.409964085 1.2718
1520439917.459969044 1.2159
1520439917.509967804 1.2664
1520439917.559968948 1.1016
1520439917.609971046 1.1559
1520439917.659993887 1.1471
1520439917.709974051 1.1066
1520439917.759974957 1.1967
1520439917.809976816 1.3019
1520439917.859978676 1.1316
1520439917.909979820 1.1414
1520439917.959981918 1.0260
1520439918.009983063 1.0443
1520439918.059984922 1.0947
1520439918.109985828 1.1371
1520439918.159987926 1.0349
1520439918.209988594 1.0649
1520439918.259990454 1.0839
1520439918.309992790 1.1372
1520439918.359993696 1.1449
1520439918.409995556 1.1385
1520439918.459996700 1.2216
1520439918.509998560 1.2172
1520439918.559999704 1.2402
1520439918.610002756 1.1354
1520439918.660004854 1.0750
1520439918.710005760 1.0941
1520439918.760007620 1.1775
1520439918.810009956 0.9673
1520439918.860010862 1.0048
1520439918.910012722 1.0585
1520439918.960013866 1.0412
1520439919.010014772 1.0399
1520439919.060016632 0.9876
1520439919.110017776 1.0993
1520439919.160019636 0.9983
1520439919.210020542 1.1073
1520439919.260021687 1.1980
1520439919.310023785 1.0546
1520439919.360025644 1.1232
1520439919.410026312 1.0871
1520439919.460031271 0.9428
1520439919.510029078 1.0854
1520439919.560031176 1.2878
1520439919.610032082 1.0993
1520439919.660033941 1.0437
1520439919.710035086 0.9294
1520439919.760037184 1.0167
1520439919.810038328 1.0497
1520439919.860041618 1.1240
1520439919.910043716 1.1931
1520439919.960044622 1.0862
1520439920.010046721 1.0643
1520439920.060047626 1.1583
1520439920.110049486 1.2196
1520439920.160050631 1.2310
1520439920.210052490 1.1045
1520439920.260053396 1.2171
1520439920.310054541 1.1267
1520439920.360056639 1.2161
1520439920.410057545 1.1470
1520439920.460059643 1.0332
1520439920.510060549 1.1540
1520439920.560062408 1.2428
1520439920.610064745 1.2436
1520439920.660068750 1.4034
1520439920.710070133 1.3361
1520439920.760071993 1.1757
1520439920.810072899 1.2375
1520439920.860074997 1.2742
1520439920.910075903 1.1623
1520439920.960077047 1.2892
1520439921.010078907 1.2377
1520439921.060078859 1.2152
1520439921.110079765 1.1287
1520439921.160081625 1.1578
1520439921.210083723 1.0236
1520439921.260084629 1.1190
1520439921.310142756 1.1306
1520439921.360087872 1.2141
1520439921.410089731 0.9785
1520439921.460092783 1.0903
1520439921.510094643 1.1458
1520439921.560095549 1.0248
1520439921.610097647 1.0406
1520439921.660098553 1.1022
1520439921.710100412 1.1757
1520439921.760101557 1.1441
1520439921.810103655 1.1705
1520439921.860107422 1.2588
1520439921.910108328 1.1798
1520439921.960110426 1.1971
1520439922.010111570 1.2420
1520439922.060113430 1.2775
1520439922.110114336 1.2632
1520439922.160116434 1.0871
1520439922.210117340 1.2185
1520439922.260119438 1.6076
1520439922.310119152 1.4189
1520439922.360120296 1.1996
1520439922.410122156 1.1261
1520439922.460124254 2.6998
1520439922.510125399 1.1630
1520439922.560127258 1.0317
1520439922.610128164 1.1114
1520439922.660130262 1.1678
1520439922.710133076 1.2144
1520439922.760135174 1.3103
1520439922.810136080 1.2403
1520439922.860137939 1.3593
1520439922.910141230 1.1383
1520439922.960140944 1.1214
1520439923.010143042 1.1028
1520439923.060144186 1.2088
1520439923.110142708 1.2568
1520439923.160143614 1.1897
1520439923.210145712 1.2078
1520439923.260146618 1.2173
1520439923.310148716 1.2258
1520439923.360149860 1.1653
1520439923.410151720 1.0384
1520439923.460153580 1.0627
1520439923.510154247 1.1425
1520439923.560156107 1.0017
1520439923.610157251 1.0370
1520439923.660159349 1.2313
1520439923.710160017 1.1908
1520439923.760162354 1.1108
1520439923.810164213 1.1235
1520439923.860165119 1.0286
1520439923.910169125 1.0516
1520439923.960170031 1.0739
1520439924.010172129 1.0951
1520439924.060173035 1.0999
1520439924.110174894 0.9847
1520439924.160177231 1.0009
1520439924.210178137 0.9970
1520439924.260179996 1.0222
1520439924.310180426 1.0654
1520439924.360182285 1.1181
1520439924.410184383 1.1243
1520439924.460185289 1.2036
1520439924.510187149 1.0682
1520439924.560188532 1.1817
1520439924.610190392 1.2470
1520439924.660191298 1.3254
1520439924.710193396 1.2599
1520439924.760190248 1.2163
1520439924.810191154 1.2441
1520439924.860192299 2.0086
1520439924.910194159 2.8857
1520439924.960276127 1.2052
1520439925.010197163 1.0772
1520439925.060199261 1.1267
1520439925.110200167 1.1575
1520439925.160204172 1.1311
1520439925.210205078 1.1305
1520439925.260207415 1.1534
1520439925.310208321 1.0932
1520439925.360210180 1.1141
1520439925.410211325 1.1201
1520439925.460213184 1.1079
1520439925.510215282 1.1203
1520439925.560216665 1.1337
1520439925.610218525 1.1945
1520439925.660219669 1.1416
1520439925.710221529 1.0849
1520439925.760223389 1.0675
1520439925.810224533 1.0572
1520439925.860226631 1.1272
1520439925.910227537 1.0764
1520439925.960230589 1.1499
1520439926.010231495 1.1149
1520439926.060233831 1.1753
1520439926.110235691 1.1493
1520439926.160237551 1.0039
1520439926.210238695 1.2530
1520439926.260239601 1.1014
1520439926.310241461 1.1347
1520439926.360239029 1.1887
1520439926.410241127 1.1268
1520439926.460242987 1.1265
1520439926.510244131 1.1762
1520439926.560246944 1.2028
1520439926.610246897 1.3095
1520439926.660248995 1.2800
1520439926.710249901 1.1485
1520439926.760272503 2.1883
1520439926.810256481 1.3106
1520439926.860258341 1.4982
1520439926.910259247 1.3130
1520439926.960261345 1.0605
1520439927.010262251 1.1002
1520439927.060264111 1.2111
1520439927.110266447 1.2322
1520439927.160267353 1.1938
1520439927.210265398 1.3917
1520439927.260266304 1.2068
1520439927.310268164 1.2836
1520439927.360269308 1.2315
1520439927.410271168 1.2220
1520439927.460273266 1.3326
1520439927.510274410 1.2918
1520439927.560276270 1.1903
1520439927.610275984 1.2218
1520439927.660278082 1.2649
1520439927.710279942 1.2862
1520439927.760281086 1.0573
1520439927.810282946 1.1480
1520439927.860285044 1.1745
1520439927.910286188 1.0530
1520439927.960287094 1.0584
1520439928.010289907 1.0309
1520439928.060290813 1.1058
1520439928.110292673 1.1556
1520439928.160295010 1.1376
1520439928.210295916 1.1344
1520439928.260297775 1.1911
1520439928.310298920 1.2185
1520439928.360300779 1.1783
1520439928.410301208 1.4867
1520439928.460302114 1.4569
1520439928.510303259 1.3788
1520439928.560305119 1.1573
1520439928.610395193 1.0590
1520439928.660308123 1.0765
1520439928.710310221 1.1862
1520439928.760311127 1.1688
1520439928.810317755 0.9581
1520439928.860318661 1.1381
1520439928.910320759 1.1051
1520439928.960321903 0.9870
1520439929.010323763 1.0921
1520439929.060325861 1.1140
1520439929.110326767 1.1304
1520439929.160328627 1.1866
1520439929.210329056 1.0624
1520439929.260330915 1.0272
1520439929.310332060 1.0612
1520439929.360334158 1.0771
1520439929.410335064 1.0890
1520439929.460337162 1.1173
1520439929.510339022 1.2485
1520439929.560339928 1.0333
1520439929.610342026 1.0181
1520439929.660341501 1.1338
1520439929.710342407 1.0569
1520439929.760344267 1.0783
1520439929.810346603 1.8626
1520439929.860347509 1.0516
1520439929.910349369 0.9815
1520439929.960350513 1.5729
1520439930.010352373 1.0529
1520439930.060350895 1.2216
1520439930.110352993 1.1335
1520439930.160353899 1.1020
1520439930.210355997 1.1054
1520439930.260356903 1.0425
1520439930.310358763 1.1133
1520439930.360359907 1.0062
1520439930.410377979 0.9892
1520439930.460360050 1.2192
1520439930.510362148 1.1153
1520439930.560363054 1.0539
1520439930.610364914 1.0375
1520439930.660367012 1.0574
1520439930.710367918 1.0899
1520439930.760370016 1.0961
1520439930.810371161 1.0188
1520439930.860374928 0.9194
1520439930.910375834 0.9197
1520439930.960377932 0.9788
1520439931.010379076 0.9856
1520439931.060380936 0.9755
1520439931.110382795 0.9844
1520439931.160383940 1.0056
1520439931.210386038 0.9560
1520439931.260385513 1.0333
1520439931.310387373 1.0477
1520439931.360388517 1.1350
1520439931.410390615 1.1762
1520439931.460392475 1.1615
1520439931.510394335 1.1746
1520439931.560395479 1.1847
1520439931.610397339 1.1588
1520439931.660398960 1.0796
1520439931.710401058 1.1098
1520439931.760402918 1.0944
1520439931.810404062 1.0419
1520439931.860404968 1.1425
1520439931.910406828 1.2090
1520439931.960409164 1.1406
1520439932.010410070 1.2426
1520439932.060411930 1.2084
1520439932.110411406 1.1157
1520439932.160413742 1.0558
1520439932.210414648 0.9347
1520439932.260492563 0.9618
1520439932.310417652 0.9554
1520439932.360419512 1.0043
1520439932.410420418 1.0543
1520439932.460422754 1.0380
1520439932.510423183 1.1420
1520439932.560425282 1.1056
1520439932.610427380 1.1197
1520439932.660428286 1.1095
1520439932.710430145 1.1307
1520439932.760431290 1.1572
1520439932.810433388 0.9606
1520439932.860434294 1.0110
1520439932.910439730 1.1463
1520439932.960440636 1.0230
1520439933.010442495 1.0747
1520439933.060444593 0.9999
1520439933.110445499 0.9103
1520439933.160447598 1.0199
1520439933.210448742 0.9535
1520439933.260450602 0.9727
1520439933.310452461 1.0347
1520439933.360453367 1.0915
1520439933.410455465 1.0541
1520439933.460456371 0.9967
1520439933.510458469 1.0574
1520439933.560460567 1.0615
1520439933.610461473 1.1042
1520439933.660462379 1.0600
1520439933.710462093 1.3570
1520439933.760464430 1.2650
1520439933.810466290 1.2495
1520439933.860467196 1.2443
1520439933.910468340 1.3152
1520439933.960470200 1.1447
1520439934.010472298 1.1692
1520439934.060473442 1.2177
1520439934.110471010 1.2658
1520439934.160472870 1.1551
1520439934.210474730 1.1042
1520439934.260475874 1.1853
1520439934.310477734 1.0712
1520439934.360478640 1.2642
1520439934.410480976 1.1509
1520439934.460481882 1.1538
1520439934.510483742 1.0626
1520439934.560483932 1.0971
1520439934.610485792 1.1251
1520439934.660487890 1.1620
1520439934.710488796 1.3084
1520439934.760490656 1.3520
1520439934.810491800 1.0780
1520439934.860493898 1.2618
1520439934.910495758 1.2565
1520439934.960499763 1.2122
1520439935.010500669 1.2293
1520439935.060502768 1.1641
1520439935.110504627 1.2071
1520439935.160506725 1.1073
1520439935.210507870 1.0208
1520439935.260509729 1.1197
1520439935.310510635 1.0655
1520439935.360514641 0.9799
1520439935.410516500 0.9760
1520439935.460517645 1.1062
1520439935.510519505 1.1624
1520439935.560520411 1.1816
1520439935.610522509 1.0820
1520439935.660523415 1.0585
1520439935.710525513 1.0788
1520439935.760524988 1.0738
1520439935.810532093 1.0662
1520439935.860528231 1.1626
1520439935.910579205 1.1657
1520439935.960531235 1.1341
1520439936.010533094 1.0499
1520439936.060534000 1.0666
1520439936.110536098 1.0528
1520439936.160537481 1.0229
1520439936.210539579 1.0318
1520439936.260541677 0.9671
1520439936.310542583 0.9920
1520439936.360544443 1.0161
1520439936.410545588 1.0367
1520439936.460547686 0.9893
1520439936.510548830 1.0633
1520439936.560549736 1.1234
1520439936.610551596 1.1369
1520439936.660552502 1.1648
1520439936.710554600 1.1877
1520439936.760555506 1.1424
1520439936.810557365 1.1622
1520439936.860558510 1.1191
1520439936.910560608 1.1039
1520439936.960561514 1.1760
1520439937.010561943 1.2443
1520439937.060564280 1.1638
1520439937.110566139 1.0733
1520439937.160567045 1.0288
1520439937.210569143 1.0974
1520439937.260570049 1.0802
1520439937.310572147 1.1209
1520439937.360574245 1.0234
1520439937.410573244 1.1634
1520439937.460576534 1.0779
1520439937.510577440 1.1050
1520439937.560578346 1.1067
1520439937.610580444 1.1226
1520439937.660581350 1.0865
1520439937.710583210 1.1391
1520439937.760682583 1.2239
1520439937.810587406 1.1083
1520439937.860589504 1.8023
1520439937.910590410 1.6207
1520439937.960592270 1.1896
1520439938.010593653 1.1571
1520439938.060595512 1.0562
1520439938.110596418 1.0298
1520439938.160598516 1.2254
1520439938.210599899 1.3534
1520439938.260601759 1.2158
1520439938.310603857 1.2290
1520439938.360605001 1.3511
1520439938.410606861 1.1907
1520439938.460607767 1.1606
1520439938.510609865 1.1485
1520439938.560610771 1.1802
1520439938.610614300 1.2501
1520439938.660616159 1.1911
1520439938.710617304 1.2416
1520439938.760619164 1.0527
1520439938.810621262 1.1991
1520439938.860622406 1.1125
1520439938.910624266 0.9751
1520439938.960625410 1.0373
1520439939.010626554 0.9430
1520439939.060627699 0.9898
1520439939.110629559 1.1751
1520439939.160631657 1.0186
1520439939.210633755 0.9658
1520439939.260634661 0.9391
1520439939.310635805 1.0110
1520439939.360637665 1.0889
1520439939.410638571 1.0989
1520439939.460639000 1.2632
1520439939.510640144 1.1906
1520439939.560644150 1.2157
1520439939.610642910 1.0442
1520439939.660645008 1.1064
1520439939.710645914 1.1582
1520439939.760648012 1.1333
1520439939.810649157 1.1265
1520439939.860653400 1.0655
1520439939.910655499 0.9590
1520439939.960656404 0.8647
1520439940.010658264 0.9638
1520439940.060659409 1.0546
1520439940.110661268 1.1481
1520439940.160662413 1.0537
1520439940.210664511 1.0411
1520439940.260664463 1.0204
1520439940.310665369 0.9687
1520439940.360667467 0.9844
1520439940.410668612 1.0486
1520439940.460670471 1.0582
1520439940.510671377 1.1098
1520439940.560673475 1.1197
1520439940.610675573 1.0755
1520439940.660676241 1.1524
1520439940.710678339 1.1148
1520439940.760680199 1.1821
1520439940.810681343 1.1214
1520439940.860683203 1.1343
1520439940.910684109 1.1564
1520439940.960685253 1.1876
1520439941.010687113 1.2931
1520439941.060690641 1.2699
1520439941.110691547 1.3699
1520439941.160693645 1.2775
1520439941.210694551 1.3189
1520439941.260696650 1.2541
1520439941.310698748 1.0853
1520439941.360699654 1.1536
1520439941.410744667 1.1677
1520439941.460702419 1.1788
1520439941.510704756 1.0124
1520439941.560705423 1.0599
1520439941.610707760 1.1614
1520439941.660708666 1.0923
1520439941.710710526 1.0938
1520439941.760711670 1.0884
1520439941.810713530 1.1869
1520439941.860715628 1.1088
1520439941.910715580 1.1260
1520439941.960717678 0.9661
1520439942.010718822 1.0612
1520439942.060720682 1.0357
1520439942.110721827 1.0626
1520439942.160723686 1.1304
1520439942.210724592 1.0321
1520439942.260726690 1.1775
1520439942.310726166 1.1797
1520439942.360727072 1.1553
1520439942.410729170 2.3710
1520439942.460731030 1.2506
1520439942.510731936 1.2042
1520439942.560734272 1.1815
1520439942.610735178 1.1629
1520439942.660737038 1.1568
1520439942.710744381 1.1414
1520439942.760745287 1.1798
1520439942.810747147 1.2252
1520439942.860748291 1.2496
1520439942.910749197 1.2504
1520439942.960751057 1.0972
1520439943.010753393 1.1144
1520439943.060754061 1.2225
1520439943.110756159 1.2599
1520439943.160757065 1.1525
1520439943.210759163 1.2088
1520439943.260833025 1.1301
1520439943.310761929 1.1168
1520439943.360764265 1.1211
1520439943.410765171 1.0975
1520439943.460767031 1.0897
1520439943.510768652 0.9870
1520439943.560770512 1.0404
1520439943.610771418 0.9155
1520439943.660773516 1.0084
1520439943.710774422 0.9792
1520439943.760776520 1.0492
1520439943.810778618 1.0345
1520439943.860779524 1.2425
1520439943.910779238 1.2844
1520439943.960780382 1.1885
1520439944.010782242 1.2679
1520439944.060783148 1.3118
1520439944.110785246 1.3652
1520439944.160786152 1.3153
1520439944.210788012 1.3118
1520439944.260790348 1.1687
1520439944.310791254 1.1843
1520439944.360791206 1.1688
1520439944.410793304 0.9329
1520439944.460794449 1.0070
1520439944.510796309 1.7417
1520439944.560798168 1.1238
1520439944.610799313 1.1680
1520439944.660800219 1.1753
1520439944.710802078 1.1314
1520439944.760810852 1.2262
1520439944.810808897 0.9451
1520439944.860810757 1.0685
1520439944.910811663 0.9989
1520439944.960812807 1.0718
1520439945.010814667 1.0946
1520439945.060816526 1.0822
1520439945.110908747 1.1567
1520439945.160816431 1.1463
1520439945.210817337 1.1583
1520439945.260819435 1.0883
1520439945.310820341 1.2005
1520439945.360822201 1.2373
1520439945.410824537 1.2913
1520439945.460825443 1.1158
1520439945.510827303 1.2481
1520439945.560830116 1.2615
1520439945.610832214 1.2570
1520439945.660833359 1.1137
1520439945.710835218 1.2350
1520439945.760836124 1.0923
1520439945.810838223 1.2259
1520439945.860840082 1.1267
1520439945.910840988 1.1692
1520439945.960844517 1.1231
1520439946.010846615 1.1051
1520439946.060847521 1.0876
1520439946.110848427 1.0522
1520439946.160850763 1.0631
1520439946.210852623 1.0807
1520439946.260853767 1.1784
1520439946.310855627 1.2616
1520439946.360855818 1.2004
1520439946.410857677 1.1056
1520439946.460859537 1.2039
1520439946.510860682 1.2269
1520439946.560862780 1.2928
1520439946.610863686 1.2496
1520439946.660865784 1.2167
1520439946.710866690 1.2530
1520439946.760868549 1.2624
1520439946.810870171 1.2509
1520439946.860871315 1.2504
1520439946.910872221 1.1729
1520439946.960969448 1.0621
1520439947.010876417 1.1045
1520439947.060877323 1.0032
1520439947.110879421 0.9601
1520439947.160880327 0.9994
1520439947.210881472 0.9927
1520439947.260882378 1.0591
1520439947.310884237 1.0835
1520439947.360885620 1.0073
1520439947.410887480 1.0929
1520439947.460889339 1.0749
1520439947.510890484 1.0276
1520439947.560892344 1.0144
1520439947.610896111 1.1414
1520439947.660898209 0.9588
1520439947.710899115 1.0176
1520439947.760901213 0.9737
1520439947.810902357 1.0684
1520439947.860904217 1.0028
1520439947.910906076 0.9937
1520439947.960907221 1.0506
1520439948.010910988 1.0028
1520439948.060911894 0.9992
1520439948.110913754 1.2095
1520439948.160915852 1.0508
1520439948.210916758 1.1316
1520439948.260918856 1.1435
1520439948.310920954 1.1226
1520439948.360921860 0.9592
1520439948.410923719 1.0112
1520439948.460924625 1.0483
1520439948.510925770 1.1155
1520439948.560927629 1.0492
1520439948.610929728 1.0389
1520439948.660930872 0.9421
1520439948.710932732 0.9439
1520439948.760933638 1.6188
1520439948.811031818 1.0530
1520439948.860937834 0.9187
1520439948.910939932 2.4980
1520439948.960940838 2.3331
1520439949.010942698 2.0716
1520439949.060944796 1.2434
1520439949.110945702 1.1033
1520439949.160947800 1.0368
1520439949.210948944 3.2019
1520439949.260950327 1.4059
1520439949.310951233 1.8782
1520439949.360953093 1.1280
1520439949.410954237 1.0208
1520439949.460956097 1.0419
1520439949.510958195 1.0904
1520439949.560959339 1.2319
1520439949.610961199 1.1627
1520439949.660967112 1.3349
1520439949.710968971 3.8913
1520439949.760970354 2.2428
1520439949.810972214 1.2491
1520439949.860974073 1.2193
1520439949.910975218 1.4071
1520439949.960977077 1.3574
1520439950.010979176 1.4216
1520439950.060978651 0.9125
1520439950.110980511 2.5721
1520439950.160982609 1.2780
1520439950.210983753 1.0570
1520439950.260984659 1.1991
1520439950.310990572 1.2562
1520439950.360987663 1.1757
1520439950.410989523 1.1876
1520439950.460995913 1.2211
1520439950.510996819 1.0652
1520439950.560998678 1.1822
1520439950.610999823 1.2146
1520439950.661090851 1.2162
1520439950.711002588 1.0630
1520439950.761004686 1.1839
1520439950.811005592 1.0715
1520439950.861009359 1.1539
1520439950.911010265 1.0567
1520439950.961012363 1.0419
1520439951.011014462 1.0061
1520439951.061015368 1.0223
1520439951.111017466 0.9665
1520439951.161018372 1.0786
1520439951.211020231 1.0833
1520439951.261021852 1.1188
1520439951.311024189 0.9881
1520439951.361025095 1.0355
1520439951.411026955 1.0788
1520439951.461029053 1.0643
1520439951.511029959 1.0455
1520439951.561031818 1.0708
1520439951.611033201 1.0828
1520439951.661035061 1.0414
1520439951.711041212 1.1957
1520439951.761042118 1.0096
1520439951.811043978 1.0217
1520439951.861045361 0.9686
1520439951.911048174 0.8770
1520439951.961048365 0.9508
1520439952.011050224 1.0944
1520439952.061052084 0.9353
1520439952.111051798 1.0292
1520439952.161053658 1.0239
1520439952.211054802 1.0424
1520439952.261056662 1.0180
1520439952.311058760 1.0877
1520439952.361059904 1.0552
1520439952.411060810 1.0819
1520439952.461062908 1.0342
1520439952.511141062 1.0819
1520439952.561065197 1.0222
1520439952.611067057 1.1232
1520439952.661068201 1.0829
1520439952.711070299 1.1118
1520439952.761071444 1.2242
1520439952.811073303 1.2618
1520439952.861074209 1.2915
1520439952.911072254 1.2147
1520439952.961073399 1.0219
1520439953.011075258 0.9798
1520439953.061077595 0.9904
1520439953.111078501 1.0114
1520439953.161080360 1.0879
1520439953.211081505 1.0715
1520439953.261083364 1.5003
1520439953.311080217 1.1241
1520439953.361082077 1.0328
1520439953.411083221 0.8586
1520439953.461085081 0.8389
1520439953.511087179 0.9527
1520439953.561089277 0.9441
1520439953.611090183 0.7891
1520439953.661092043 0.9558
1520439953.711091757 0.9643
1520439953.761093855 1.0005
1520439953.811095715 1.0815
1520439953.861096859 1.1009
1520439953.911098957 1.1481
1520439953.961099863 1.0762
1520439954.011101961 1.0938
1520439954.061102867 1.1652
1520439954.111104727 1.0632
1520439954.161105156 1.0144
1520439954.211107254 1.0362
1520439954.261108160 1.0909
1520439954.311110258 1.0448
1520439954.361176252 1.0927
1520439954.411113262 1.1724
1520439954.461114168 1.0631
1520439954.511116266 1.0897
1520439954.561116695 0.9222
1520439954.611118555 1.0108
1520439954.661120415 0.9447
1520439954.711121559 0.9795
1520439954.761123657 0.9516
1520439954.811124802 1.0108
1520439954.861126661 1.0079
1520439954.911127567 0.9657
1520439954.961130857 0.8728
1520439955.011131763 1.0031
1520439955.061133862 0.7910
1520439955.111135721 0.8344
1520439955.161137581 0.9373
1520439955.211138725 0.9411
1520439955.261139631 0.9542
1520439955.311141968 0.8668
1520439955.361142159 0.9297
1520439955.411145210 0.9771
1520439955.461146116 0.9736
1520439955.511148214 1.5267
1520439955.561149120 0.7878
1520439955.611150026 0.9227
1520439955.661152363 0.9859
1520439955.711154222 0.8860
1520439955.761155367 0.9281
1520439955.811157465 0.8904
1520439955.861158371 0.8553
1520439955.911164522 0.9511
1520439955.961161375 0.9724
1520439956.011163473 0.9311
1520439956.061164379 0.9514
1520439956.111166477 0.9713
1520439956.161161900 1.3105
1520439956.211214781 1.3691
1520439956.261165857 1.1599
1520439956.311167002 1.1688
1520439956.361168861 1.9533
1520439956.411169767 1.0751
1520439956.461171865 1.1406
1520439956.511172771 1.1923
1520439956.561174870 1.0864
1520439956.611176729 1.1852
1520439956.661178589 1.4081
1520439956.711180449 1.2043
1520439956.761181593 1.1458
1520439956.811183691 1.0069
1520439956.861184597 1.0338
1520439956.911186695 1.1746
1520439956.961187601 1.1186
1520439957.011191607 0.9980
1520439957.061193705 1.0583
1520439957.111194611 1.0522
1520439957.161196709 1.0338
1520439957.211197615 1.0293
1520439957.261199713 0.9395
1520439957.311201811 0.9283
1520439957.361202717 0.9860
1520439957.411205530 0.9528
1520439957.461207628 1.1163
1520439957.511208773 1.1254
1520439957.561210632 1.1683
1520439957.611211538 0.9739
1520439957.661213636 0.9898
1520439957.711214542 1.0479
1520439957.761216402 1.0214
1520439957.811219215 1.2235
1520439957.861221313 1.0534
1520439957.911222219 1.0989
1520439957.961224079 1.2054
1520439958.011225462 1.1156
1520439958.061258316 0.9650
1520439958.111228228 1.0268
1520439958.161230326 1.0395
1520439958.211229086 1.2247
1520439958.261231184 1.1664
1520439958.311233282 1.0915
1520439958.361234188 1.0968
1520439958.411236048 1.1259
1520439958.461237192 1.0432
1520439958.511239052 1.0312
1520439958.561239958 1.1006
1520439958.611238718 1.0031
1520439958.661248207 3.3086
1520439958.711249352 1.0460
1520439958.761251211 1.0565
1520439958.811253309 0.9718
1520439958.861254454 1.0290
1520439958.911256313 1.0494
1520439958.961257219 0.9102
1520439959.011258364 1.0608
1520439959.061260939 1.2375
1520439959.111263037 1.1246
1520439959.161263943 1.1457
1520439959.211266756 1.0607
1520439959.261267900 1.0158
1520439959.311268806 0.9649
1520439959.361271143 1.0504
1520439959.411273003 1.2389
1520439959.461271048 1.2633
1520439959.511271954 1.1684
1520439959.561274052 1.1592
1520439959.611276150 1.1945
1520439959.661277294 1.1202
1520439959.711280107 1.2059
1520439959.761280060 1.0275
1520439959.811282158 0.9352
1520439959.861284018 0.9502
1520439959.911297321 1.0793
1520439959.961287260 1.0424
1520439960.011289120 0.9708
1520439960.061290264 0.8812
1520439960.111292124 0.8701
1520439960.161293030 0.9812
1520439960.211295128 0.9611
1520439960.261298656 1.0580
1520439960.311299801 0.9377
1520439960.361301661 1.1280
1520439960.411302805 0.9980
1520439960.461304903 0.9997
1520439960.511305809 0.9958
1520439960.561307907 1.0290
1520439960.611308813 1.1250
1520439960.661314726 1.2023
1520439960.711316824 1.2376
1520439960.761317968 1.1377
1520439960.811319828 1.1587
1520439960.861320734 1.1075
1520439960.911322832 1.0291
1520439960.961323738 0.9994
1520439961.011326790 0.9558
1520439961.061325312 1.0351
1520439961.111327171 1.0268
1520439961.161328316 0.8918
1520439961.211330414 0.9774
1520439961.261331558 1.0441
1520439961.311333418 1.1074
1520439961.361334324 1.0350
1520439961.411340237 1.0166
1520439961.461337328 1.0579
1520439961.511341333 1.0925
1520439961.561342239 1.0303
1520439961.611344099 0.9611
1520439961.661345243 1.1018
1520439961.711347103 1.0481
1520439961.761349201 1.0145
1520439961.811350346 1.0798
1520439961.861352205 1.0920
1520439961.911352634 1.0345
1520439961.961354494 1.0515
1520439962.011355639 1.1918
1520439962.061357498 1.0642
1520439962.111358404 1.1210
1520439962.161360741 1.2248
1520439962.211361647 1.0529
1520439962.261363506 1.2188
1520439962.311365843 1.1396
1520439962.361366987 0.9345
1520439962.411368847 1.1141
1520439962.461369753 1.0195
1520439962.511372089 1.0781
1520439962.561372995 1.0416
1520439962.611374855 0.9711
1520439962.661376953 1.0447
1520439962.711382627 1.0855
1520439962.761384487 0.9559
1520439962.811385632 1.0110
1520439962.861387491 1.0464
1520439962.911389351 1.0779
1520439962.961391687 1.0162
1520439963.011392593 1.1718
1520439963.061394453 1.1034
1520439963.111396074 1.2394
1520439963.161398172 1.2123
1520439963.211399078 1.1190
1520439963.261399984 1.0499
1520439963.311402321 1.0962
1520439963.361404181 1.0625
1520439963.411405087 0.9883
1520439963.461407185 1.0506
1520439963.511404276 1.0497
1520439963.561406374 1.0983
1520439963.611408472 1.0863
1520439963.661409378 1.0330
1520439963.711410522 1.0442
1520439963.761412382 1.0626
1520439963.811414242 1.0071
1520439963.861415386 0.9801
1520439963.911417246 1.0517
1520439963.961420298 1.0766
1520439964.011422157 1.0769
1520439964.061423063 1.1782
1520439964.111425161 1.2085
1520439964.161426067 1.0672
1520439964.211428165 1.0961
1520439964.261430264 1.1456
1520439964.311431170 1.1038
1520439964.361431837 1.1323
1520439964.411433935 1.0425
1520439964.461434841 1.1690
1520439964.511436701 1.1409
1520439964.561437845 1.0578
1520439964.611438751 1.0780
1520439964.661441088 1.0709
1520439964.711442947 1.0602
1520439964.761443138 1.0863
1520439964.811444044 1.0893
1520439964.861444950 1.1020
1520439964.911447048 1.0288
1520439964.961448908 1.1733
1520439965.011450768 1.1773
1520439965.061452150 1.0671
1520439965.111452818 1.0949
1520439965.161454439 1.1441
1520439965.211454153 1.0456
1520439965.261456490 1.1649
1520439965.311457396 1.1991
1520439965.361459255 1.2127
1520439965.411460400 1.2448
1520439965.461462259 1.1141
1520439965.511548042 1.1789
1520439965.561465263 1.1771
1520439965.611467361 1.1557
1520439965.661468506 1.2419
1520439965.711470366 1.2492
1520439965.761471272 1.1751
1520439965.811473370 1.0323
1520439965.861475229 1.0523
1520439965.911476135 1.1461
1520439965.961478472 1.1029
1520439966.011479139 1.1529
1520439966.061480999 1.1841
1520439966.111482143 1.1262
1520439966.161484003 1.1365
1520439966.211485863 1.1520
1520439966.261487007 1.1776
1520439966.311489105 1.1234
1520439966.361490250 1.2908
1520439966.411493301 1.2505
1520439966.461494207 1.2963
1520439966.511496305 1.1254
1520439966.561498404 1.1076
1520439966.611499310 1.1459
1520439966.661501169 1.1141
1520439966.711502314 1.1379
1520439966.761504173 1.0919
1520439966.811504602 1.1422
1520439966.861505508 1.0664
1520439966.911507368 1.1157
1520439966.961508512 1.0913
1520439967.011510611 1.1711
1520439967.061512470 1.0300
1520439967.111513615 1.1583
1520439967.161515474 1.0360
1520439967.211517096 1.1566
1520439967.261519194 1.1055
1520439967.311520100 1.0698
1520439967.361582041 1.0370
1520439967.411523104 1.2600
1520439967.461524963 1.0828
1520439967.511526108 0.9922
1520439967.561527967 1.0667
1520439967.611532688 1.0980
1520439967.661534786 1.0718
1520439967.711535931 0.9963
1520439967.761537790 1.1111
1520439967.811539650 1.1730
1520439967.861540794 1.3190
1520439967.911542892 1.2484
1520439967.961543798 1.1562
1520439968.011545897 1.2770
1520439968.061546803 1.2218
1520439968.111548662 1.1291
1520439968.161550760 1.1471
1520439968.211551666 1.0872
1520439968.261553764 1.0855
1520439968.311554909 1.1544
1520439968.361556768 1.1911
1520439968.411555290 1.2724
1520439968.461556196 1.2230
1520439968.511558294 1.1809
1520439968.561559200 1.1580
1520439968.611561298 1.1869
1520439968.661562443 1.1585
1520439968.711565256 1.1996
1520439968.761565447 1.2462
1520439968.811571360 1.2725
1520439968.861564636 1.1460
1520439968.911566496 1.2306
1520439968.961568832 1.1376
1520439969.011569738 1.1786
1520439969.061571598 1.1296
1520439969.111577511 1.9622
1520439969.161574602 1.0746
1520439969.211615801 1.2790
1520439969.261581421 1.2636
1520439969.311582565 1.0799
1520439969.361584425 1.2202
1520439969.411585569 1.1870
1520439969.461587429 2.9661
1520439969.511589289 1.1109
1520439969.561590433 1.0441
1520439969.611592531 0.8822
1520439969.661591291 0.9662
1520439969.711593390 0.8682
1520439969.761594296 0.7920
1520439969.811596394 0.7974
1520439969.861598492 0.8532
1520439969.911599398 0.8519
1520439969.961601257 0.8808
1520439970.011602402 0.9583
1520439970.061604977 0.8229
1520439970.111605644 0.9260
1520439970.161607981 1.0684
1520439970.211609840 1.0746
1520439970.261610746 0.8353
1520439970.311612844 0.8329
1520439970.361614943 0.7717
1520439970.411615849 0.9703
1520439970.461617708 0.7808
1520439970.511619568 0.9717
1520439970.561621428 0.9466
1520439970.611622572 0.8390
1520439970.661624670 0.8570
1520439970.711626530 1.6659
1520439970.761627674 0.8681
1520439970.811628580 0.8277
1520439970.861628532 0.8848
1520439970.911630630 1.1555
1520439970.961631536 1.0058
1520439971.011633396 1.0028
1520439971.061653614 1.1235
1520439971.111636400 1.0692
1520439971.161637545 0.9215
1520439971.211639643 0.9458
1520439971.261640549 0.9466
1520439971.311640739 1.0408
1520439971.361641645 0.9789
1520439971.411643982 0.8900
1520439971.461645842 0.9242
1520439971.511646748 0.9863
1520439971.561648846 1.0398
1520439971.611649752 0.9779
1520439971.661651611 1.0494
1520439971.711650848 1.0364
1520439971.761652946 1.0606
1520439971.811653852 1.0553
1520439971.861655712 0.9899
1520439971.911658049 1.0525
1520439971.961658955 1.1088
1520439972.011660814 1.1125
1520439972.061661959 1.1353
1520439972.111661673 1.1751
1520439972.161662817 1.0164
1520439972.211664677 1.0880
1520439972.261666536 1.2413
1520439972.311667681 1.1209
1520439972.361669540 1.0986
1520439972.411671638 1.0136
1520439972.461672783 1.1977
1520439972.511674643 1.1437
1520439972.561675549 1.0321
1520439972.611676693 1.1233
1520439972.661678553 1.0800
1520439972.711680412 1.0691
1520439972.761681557 1.0879
1520439972.811683655 1.1988
1520439972.861684561 1.0411
1520439972.911687136 1.0278
1520439972.961688042 1.1223
1520439973.011689901 0.9708
1520439973.061692238 1.1593
1520439973.111693144 1.0143
1520439973.161695004 0.8882
1520439973.211696148 1.0407
1520439973.261698008 1.1051
1520439973.311698914 1.0731
1520439973.361699820 1.1006
1520439973.411700964 1.1017
1520439973.461702824 1.0984
1520439973.511704922 1.0980
1520439973.561706066 1.1268
1520439973.611707926 0.8709
1520439973.661708832 0.9105
1520439973.711710930 0.9104
1520439973.761710405 0.9285
1520439973.811712265 0.8758
1520439973.861714363 1.0293
1520439973.911715269 0.9893
1520439973.961717367 0.8611
1520439974.011719465 0.9513
1520439974.061720371 1.1312
1520439974.111722231 1.1724
1520439974.161723137 1.1488
1520439974.211724997 1.0626
1520439974.261726141 0.9382
1520439974.311728239 0.8593
1520439974.361729383 0.8171
1520439974.411731243 0.9700
1520439974.461733103 0.8932
1520439974.511734247 0.9944
1520439974.561735868 1.0473
1520439974.611737967 0.9765
1520439974.661739826 1.0629
1520439974.711740971 0.9727
1520439974.761742830 1.0315
1520439974.811842918 0.9796
1520439974.861745834 0.9828
1520439974.911746740 0.9431
1520439974.961745739 1.0165
1520439975.011747599 2.6145
1520439975.061748743 1.1199
1520439975.111750603 1.1685
1520439975.161751509 1.1248
1520439975.211753845 0.9851
1520439975.261754513 1.0908
1520439975.311756611 0.9639
1520439975.361757755 0.8940
1520439975.411759853 0.9460
1520439975.461761713 0.9448
1520439975.511762619 0.9544
1520439975.561764956 0.9932
1520439975.611765862 0.8855
1520439975.661767721 0.9113
1520439975.711769819 0.9236
1520439975.761773109 1.1905
1520439975.811769962 1.1209
1520439975.861771822 1.1063
1520439975.911773682 1.1768
1520439975.961775780 1.1151
1520439976.011777878 1.0837
1520439976.061778784 1.0451
1520439976.111779928 3.1599
1520439976.161780834 1.1429
1520439976.211785316 1.8338
1520439976.261787415 1.4649
1520439976.311788321 1.1655
1520439976.361790180 1.1017
1520439976.411791325 1.1905
1520439976.461793184 1.1730
1520439976.511795282 1.2226
1520439976.561796427 1.2322
1520439976.611795664 0.9447
1520439976.661859512 0.8657
1520439976.711799622 0.9041
1520439976.761800766 0.9156
1520439976.811802626 0.9527
1520439976.861803532 0.7707
1520439976.911805630 0.8275
1520439976.961806536 0.8159
1520439977.011804342 1.2995
1520439977.061806679 1.2064
1520439977.111807585 1.1385
1520439977.161809444 1.0275
1520439977.211810589 0.9622
1520439977.261812449 1.0758
1520439977.311813593 1.0174
1520439977.361815453 1.0968
1520439977.411822319 1.6613
1520439977.461823225 1.0471
1520439977.511825323 1.0344
1520439977.561826229 1.1225
1520439977.611828327 1.0631
1520439977.661829472 1.0862
1520439977.711831331 1.1242
1520439977.761833191 1.1384
1520439977.811832905 1.3813
1520439977.861833811 1.1001
1520439977.911834955 1.1598
1520439977.961836815 1.1812
1520439978.011838675 1.2396
1520439978.061839819 1.2276
1520439978.111840725 1.0814
1520439978.161842585 1.3739
1520439978.211844206 1.0529
1520439978.261847258 0.9834
1520439978.311848164 0.9239
1520439978.361849070 0.8918
1520439978.411851168 0.9157
1520439978.461853266 0.9336
1520439978.511868238 0.8875
1520439978.561856270 1.2760
1520439978.611857176 0.9948
1520439978.661859751 0.9700
1520439978.711860657 1.0104
1520439978.761862993 1.0685
1520439978.811863899 1.0248
1520439978.861865759 1.0322
1520439978.911866903 1.0030
1520439978.961868763 0.8871
1520439979.011869907 0.9655
1520439979.061868191 1.2747
1520439979.111870289 1.2486
1520439979.161871433 1.1827
1520439979.211873293 1.1406
1520439979.261874199 1.1019
1520439979.311876297 0.8929
1520439979.361877203 0.8565
1520439979.411879063 0.8892
1520439979.461882353 0.7920
1520439979.511883259 0.8894
1520439979.561885357 0.8398
1520439979.611887455 0.8371
1520439979.661888361 0.8622
1520439979.711890459 0.8538
1520439979.761892319 0.9098
1520439979.811893225 0.8865
1520439979.861893415 0.9649
1520439979.911894321 0.9780
1520439979.961895466 1.0955
1520439980.011897326 1.0875
1520439980.061898232 0.9826
1520439980.111900330 1.0410
1520439980.161901236 1.0945
1520439980.211904287 1.0024
1520439980.261904955 0.8940
1520439980.311905861 0.8787
1520439980.361907959 0.9157
1520439980.411988020 0.9304
1520439980.461910963 0.9495
1520439980.511911869 0.9453
1520439980.561913967 0.9442
1520439980.611915112 0.9728
1520439980.661916971 0.9080
1520439980.711919546 0.9384
1520439980.761920452 0.9992
1520439980.811922550 1.0161
1520439980.861923695 0.9406
1520439980.911925554 0.9728
1520439980.961926699 0.8999
1520439981.011928558 0.9584
1520439981.061930418 0.8804
1520439981.111931086 0.8444
1520439981.161932945 0.8781
1520439981.211934090 0.8542
1520439981.261936188 0.8059
1520439981.311938047 0.7880
1520439981.361939192 0.8114
1520439981.411940098 0.8182
1520439981.461941957 0.8535
1520439981.511945248 0.9232
1520439981.561946392 0.8054
1520439981.611948252 0.8183
1520439981.661949158 0.9247
1520439981.711951256 0.8505
1520439981.761953354 0.8751
1520439981.811954260 0.9362
1520439981.861956358 0.9135
1520439981.911957026 0.9078
1520439981.961958170 0.8766
1520439982.011960030 0.9921
1520439982.061960936 0.9607
1520439982.111962080 0.9818
1520439982.161963940 0.9699
1520439982.211966038 1.0093
1520439982.261967182 0.9778
1520439982.311970472 1.0003
1520439982.361971617 1.0398
1520439982.411973715 1.0223
1520439982.461974859 0.9789
1520439982.511976719 0.9706
1520439982.561977625 1.0308
1520439982.611979723 1.0095
1520439982.661981583 1.0036
1520439982.711983681 1.0452
1520439982.761985540 0.9599
1520439982.811986685 0.9703
1520439982.861988544 0.9927
1520439982.911989689 1.0575
1520439982.961991787 1.0369
1520439983.011992693 1.0852
1520439983.061994791 1.7716
1520439983.111996651 1.8651
1520439983.162002802 1.1721
1520439983.212004662 1.1311
1520439983.262005568 1.1615
1520439983.312007666 1.1710
1520439983.362009525 0.9425
1520439983.412010431 1.0780
1520439983.462012768 1.0482
1520439983.512013674 1.1004
1520439983.562026262 1.1072
1520439983.612027168 1.0302
1520439983.662028074 1.0586
1520439983.712030172 0.9915
1520439983.762032032 1.0554
1520439983.812032938 1.1406
1520439983.862036228 1.1397
1520439983.912036180 1.1146
1520439983.962049723 1.0409
1520439984.012050629 0.9138
1520439984.062053919 0.9517
1520439984.112053871 1.3048
1520439984.162090778 1.6654
1520439984.212056875 5.5720
1520439984.262058735 1.1064
1520439984.312059641 1.0672
1520439984.362071037 1.3420
1520439984.412071943 1.0854
1520439984.462074041 1.0064
1520439984.512074947 1.0774
1520439984.562077045 1.1484
1520439984.612079144 1.1564
1520439984.662080050 1.1086
1520439984.712081909 1.1415
1520439984.762093306 1.0157
1520439984.812095404 1.0584
1520439984.862096310 1.0883
1520439984.912098408 1.0626
1520439984.962099552 1.0766
1520439985.012101412 1.1955
1520439985.062103271 1.0817
1520439985.112104416 0.9875
1520439985.162130117 1.0868
1520439985.212131977 0.9854
1520439985.262132883 0.9775
1520439985.312134027 1.0424
1520439985.362136126 1.0816
1520439985.412137032 1.0818
1520439985.462140083 1.0460
1520439985.512142181 1.0960
1520439985.562154055 1.0672
1520439985.612154961 1.1061
1520439985.662157059 1.1488
1520439985.712157965 1.0779
1520439985.762159824 1.1365
1520439985.812160969 1.1943
1520439985.862162828 1.1543
1520439985.912163734 1.1171
1520439985.962166071 1.1119
1520439986.012181044 1.0799
1520439986.062258005 0.9975
1520439986.112184048 1.0451
1520439986.162185907 1.0062
1520439986.212188244 0.9964
1520439986.262189150 1.0390
1520439986.312191010 1.1292
1520439986.362192154 1.1353
1520439986.412204504 1.2016
1520439986.462205648 1.1859
1520439986.512207508 1.2447
1520439986.562208414 1.1012
1520439986.612210751 1.1621
1520439986.662212610 1.0512
1520439986.712213516 1.0788
1520439986.762215614 1.0273
1520439986.812222958 1.0424
1520439986.862225056 1.2539
1520439986.912225962 1.0898
1520439986.962228060 1.1522
1520439987.012229204 1.1135
1520439987.062231064 1.1111
1520439987.112233162 1.2364
1520439987.162234068 1.2139
1520439987.212257862 1.1007
1520439987.262259960 1.0485
1520439987.312260866 1.1179
1520439987.362262726 1.1315
1520439987.412263870 1.2467
1520439987.462265968 1.1633
1520439987.512266636 1.2444
1520439987.562268972 1.2152
1520439987.612271309 1.2383
1520439987.662273169 1.1598
1520439987.712278366 1.1580
1520439987.762276411 1.2050
1520439987.812277317 1.0909
1520439987.862279415 1.1244
1520439987.912281275 1.1719
1520439987.962282181 1.1678
1520439988.012284517 1.1288
1520439988.062289715 1.1651
1520439988.112291813 1.2132
1520439988.162292719 1.1566
1520439988.212294579 1.0106
1520439988.262296915 1.0952
1520439988.312297821 1.1142
1520439988.362299681 1.1168
1520439988.412300825 1.2097
1520439988.462302685 1.2854
1520439988.512303591 1.1482
1520439988.562305450 1.3017
1520439988.612306595 1.0862
1520439988.662308693 1.1248
1520439988.712310553 1.1341
1520439988.762311697 1.1475
1520439988.812313557 1.3093
1520439988.862314463 1.1066
1520439988.912316322 1.1439
1520439988.962318420 1.2386
1520439989.012319565 1.2566
1520439989.062321424 1.1939
1520439989.112322569 1.2613
1520439989.162324429 1.2541
1520439989.212325335 1.2320
1520439989.262351274 1.2248
1520439989.312353611 1.0985
1520439989.362355471 1.2012
1520439989.412356377 1.1335
1520439989.462357521 1.2350
1520439989.512359381 1.0749
1520439989.562360525 1.2377
1520439989.612362385 1.1355
1520439989.662357569 1.1533
1520439989.712362528 1.0658
1520439989.762361526 1.0598
1520439989.812385559 1.1381
1520439989.862364769 1.1614
1520439989.912365675 1.3096
1520439989.962367535 1.3156
1520439990.012368679 1.2824
1520439990.062376976 1.1428
1520439990.112377882 1.1838
1520439990.162379980 1.1949
1520439990.212380886 1.3254
1520439990.262382746 1.2896
1520439990.312385082 1.3172
1520439990.362385988 1.1895
1520439990.412387848 1.2778
1520439990.462388992 1.2240
1520439990.512414694 1.3949
1520439990.562415600 1.2398
1520439990.612417698 1.3135
1520439990.662419796 1.3020
1520439990.712420940 1.3575
1520439990.762422800 1.2139
1520439990.812423706 1.2642
1520439990.862425804 1.2074
1520439990.912428617 1.1528
1520439990.962430716 1.0445
1520439991.012431622 1.1273
1520439991.062433481 1.1409
1520439991.112434626 1.0695
1520439991.162436724 1.0627
1520439991.212437868 1.1443
1520439991.262439728 1.0332
1520439991.312445402 1.1191
1520439991.362447262 1.0783
1520439991.412448406 1.1318
1520439991.462450504 1.0932
1520439991.512451410 1.1256
1520439991.562454462 1.1323
1520439991.612455368 1.1113
1520439991.662456274 1.0327
1520439991.712509871 0.9932
1520439991.762451887 1.0198
1520439991.812452793 0.9952
1520439991.862455130 1.0568
1520439991.912456989 0.9748
1520439991.962457895 0.9776
1520439992.012459993 0.9809
1520439992.062460899 1.0201
1520439992.112467289 0.9867
1520439992.162468195 0.9656
1520439992.212470055 0.9621
1520439992.262472153 1.0808
1520439992.312473059 1.0491
1520439992.362474918 1.0730
1520439992.412476063 1.0434
1520439992.462478161 1.0616
1520439992.512469053 1.0157
1520439992.562470913 1.1236
1520439992.612472057 1.0776
1520439992.662473917 1.0886
1520439992.712476015 1.0801
1520439992.762477160 1.1373
1520439992.812479019 1.1255
1520439992.862480879 1.1197
1520439992.912482023 1.0498
1520439992.962468624 1.0743
1520439993.012470722 0.9969
1520439993.062471628 0.9802
1520439993.112472534 1.0316
1520439993.162474871 1.0555
1520439993.212476730 1.0294
1520439993.262477636 1.0539
1520439993.312479734 1.0175
1520439993.362477064 1.0843
1520439993.412478924 1.0235
1520439993.462480068 1.1219
1520439993.512482166 1.1253
1520439993.562483311 1.0959
1520439993.612573862 1.1465
1520439993.662486076 1.0421
1520439993.712488174 1.0194
1520439993.762485266 1.0455
1520439993.812487364 1.0845
1520439993.862489462 1.0023
1520439993.912490129 1.0239
1520439993.962492466 1.1373
1520439994.012493372 1.0840
1520439994.062495232 1.1141
1520439994.112496376 1.0982
1520439994.162496567 1.1621
1520439994.212497473 1.1137
1520439994.262499571 1.1263
1520439994.312501431 1.0730
1520439994.362502575 1.1936
1520439994.412504673 1.1588
1520439994.462505579 1.1328
1520439994.512507677 1.0361
1520439994.562508345 1.0091
1520439994.612510204 1.0491
1520439994.662512302 1.0574
1520439994.712513208 1.0652
1520439994.762516260 1.1126
1520439994.812517405 1.0384
1520439994.862518311 1.0392
1520439994.912520409 1.0299
1520439994.962525368 1.0463
1520439995.012525320 1.1669
1520439995.062527418 1.1500
1520439995.112529516 1.0993
1520439995.162530422 1.1675
1520439995.212532520 1.1818
1520439995.262534380 1.0865
1520439995.312535286 0.9773
1520439995.362545729 0.9622
1520439995.412547588 0.9513
1520439995.462549448 0.9868
1520439995.512550592 1.1621
1520439995.562552691 1.1245
1520439995.612553835 1.1167
1520439995.662555695 1.0885
1520439995.712556601 1.1777
1520439995.762558699 1.1663
1520439995.812543392 1.0434
1520439995.862545729 0.9991
1520439995.912547588 1.0307
1520439995.962548494 1.0922
1520439996.012550592 1.1637
1520439996.062551498 1.1358
1520439996.112553835 1.2038
1520439996.162554741 1.2734
1520439996.212567806 1.3004
1520439996.262569904 1.1584
1520439996.312570810 1.1275
1520439996.362572908 1.1054
1520439996.412574053 1.0858
1520439996.462575912 1.0289
1520439996.512577057 1.1516
1520439996.562578917 1.1322
1520439996.612582922 1.1208
1520439996.662584066 1.1028
1520439996.712585926 1.0925
1520439996.762587070 1.1085
1520439996.812589169 1.5466
1520439996.862591028 1.0985
1520439996.912592173 1.0806
1520439996.962597132 1.0371
1520439997.012590170 1.0247
1520439997.062592030 1.0242
1520439997.112593174 1.0567
1520439997.162598848 1.1052
1520439997.212596893 1.1180
1520439997.262598038 1.1281
1520439997.312598944 1.0995
1520439997.362612963 1.1593
1520439997.412604809 1.0771
1520439997.462607145 1.1866
1520439997.512609005 1.2009
1520439997.562609911 1.1406
1520439997.612612009 1.2215
1520439997.662612915 1.1703
1520439997.712615252 1.1448
1520439997.762616158 1.0750
1520439997.812618017 1.1180
1520439997.862627506 1.0735
1520439997.912628412 1.0276
1520439997.962630510 1.1218
1520439998.012631655 1.1027
1520439998.062633514 1.1358
1520439998.112634420 1.0807
1520439998.162636518 1.0846
1520439998.212638378 1.0740
1520439998.262643814 1.0794
1520439998.312645674 1.0335
1520439998.362646580 1.0712
1520439998.412648678 1.0522
1520439998.462649584 1.3797
1520439998.512651443 1.1107
1520439998.562653780 1.0656
1520439998.612654686 1.1082
1520439998.662657499 1.2958
1520439998.712658405 1.1089
1520439998.762660265 1.0408
1520439998.812661409 1.1034
1520439998.862662315 1.0629
1520439998.912664413 1.0702
1520439998.962666512 1.1491
1520439999.012667418 1.1027
1520439999.062665462 1.0828
1520439999.112667561 1.1225
1520439999.162672758 1.0531
1520439999.212670565 1.2183
1520439999.262708426 1.1569
1520439999.312673569 1.1628
1520439999.362674475 2.1904
1520439999.412676573 1.1644
1520439999.462689161 1.1751
1520439999.512690067 1.0818
1520439999.562692165 1.1851
1520439999.612693310 1.2767
1520439999.662695169 1.1821
1520439999.712696314 1.1613
1520439999.762698174 1.1439
1520439999.812699080 1.1047
1520439999.862708807 1.0206
1520439999.912710905 0.9853
1520439999.962711811 1.0059
1520440000.012713671 1.0710
1520440000.062714815 1.1126
1520440000.112716913 1.0984
1520440000.162718058 1.0935
1520440000.212719917 1.1450
1520440000.262721777 1.1612
1520440000.312740326 1.1623
1520440000.362742424 1.2066
1520440000.412744522 1.0668
1520440000.462745428 1.0954
1520440000.512747526 1.1136
1520440000.562749386 1.0998
1520440000.612750292 1.1542
1520440000.662751436 1.1672
1520440000.712754011 1.1796
1520440000.762755871 1.2052
1520440000.812757015 1.1552
1520440000.862757921 1.0671
1520440000.912760019 1.0927
1520440000.962761879 1.4185
1520440001.012764931 1.0761
1520440001.062765121 1.1604
1520440001.112781286 1.1608
1520440001.162845135 1.1174
1520440001.212784052 1.2028
1520440001.262786388 1.2050
1520440001.312787294 1.2618
1520440001.362789392 1.1572
1520440001.412790298 1.1959
1520440001.462792158 1.1423
1520440001.512796640 1.1124
1520440001.562797546 1.1672
1520440001.612799644 1.1627
1520440001.662800550 1.1655
1520440001.712802649 1.0949
1520440001.762803793 1.1414
1520440001.812805653 1.0842
1520440001.862807512 1.0221
1520440001.912814140 1.0341
1520440001.962816000 1.0133
1520440002.012816906 1.0600
1520440002.062819004 1.1192
1520440002.112821102 1.1235
1520440002.162821770 1.0630
1520440002.212823153 0.9939
1520440002.262825966 1.0668
1520440002.312841415 1.0011
1520440002.362843275 1.0151
1520440002.412844658 0.9775
1520440002.462846518 0.9341
1520440002.512847424 0.9564
1520440002.562849522 0.9282
1520440002.612850428 1.0022
1520440002.662852287 0.9296
1520440002.712851286 1.0299
1520440002.762854099 1.0217
1520440002.812855959 0.9812
1520440002.862856865 0.9358
1520440002.912859201 0.9232
1520440002.962860107 0.9726
1520440003.012861013 0.9343
1520440003.062949181 0.9677
1520440003.112864971 0.9799
1520440003.162862301 1.0365
1520440003.212864161 1.0037
1520440003.262865067 1.0623
1520440003.312867403 1.0545
1520440003.362868309 1.1794
1520440003.412870169 1.0814
1520440003.462872267 0.9471
1520440003.512873173 1.0441
1520440003.562886000 0.9981
1520440003.612887144 0.9712
1520440003.662889004 1.0377
1520440003.712889910 0.9889
1520440003.762892008 1.0023
1520440003.812893867 1.0547
1520440003.862894773 1.0836
1520440003.912897110 0.9739
1520440003.962894440 1.0922
1520440004.012896299 1.0291
1520440004.062897444 1.0488
1520440004.112899303 1.0374
1520440004.162901163 1.0779
1520440004.212903500 1.0418
1520440004.262904406 1.1233
1520440004.312906265 1.0812
1520440004.362914324 1.1155
1520440004.412916183 1.0831
1520440004.462918043 1.1200
1520440004.512919188 1.0731
1520440004.562925339 1.1311
1520440004.612922430 0.9499
1520440004.662923336 1.0668
1520440004.712925196 1.0337
1520440004.762933254 1.1152
1520440004.812935114 1.1062
1520440004.862936974 1.1766
1520440004.912938356 1.1854
1520440004.962939024 1.1740
1520440005.012941122 1.1610
1520440005.062943220 1.1766
1520440005.112944126 1.1259
1520440005.162945986 1.0410
1520440005.212951660 1.0788
1520440005.262953520 1.0849
1520440005.312954426 1.1272
1520440005.362956524 1.1403
1520440005.412957430 1.1214
1520440005.462959290 1.1138
1520440005.512961626 1.0816
1520440005.562962532 1.0252
1520440005.612967730 1.0539
1520440005.662968636 1.0396
1520440005.712970734 1.0329
1520440005.762972593 0.9610
1520440005.812973499 1.0305
1520440005.862975836 1.0441
1520440005.912976742 1.0732
1520440005.962978601 1.0334
1520440006.012983799 1.0725
1520440006.062984705 1.0174
1520440006.112986565 1.0778
1520440006.162987709 1.0527
1520440006.212989807 1.1197
1520440006.262990952 1.0666
1520440006.312992811 1.1365
1520440006.362994671 1.0881
1520440006.412995100 1.0911
1520440006.462996960 1.0636
1520440006.512998104 1.0609
1520440006.562999964 1.0505
1520440006.613002062 1.1330
1520440006.663003206 1.1040
1520440006.713004112 1.1222
1520440006.763005972 1.1722
1520440006.813003540 1.0554
1520440006.863005638 1.0709
1520440006.913006544 1.0696
1520440006.963008404 1.0906
1520440007.013010740 1.0965
1520440007.063011646 0.9844
1520440007.113013506 1.0093
1520440007.163014650 0.9894
1520440007.213003874 1.0816
1520440007.263005018 1.0365
1520440007.313006878 1.0693
1520440007.363007784 1.1445
1520440007.413009882 1.1277
1520440007.463011742 1.1445
1520440007.513012648 1.0924
1520440007.563014984 1.0623
1520440007.613016844 0.9707
1520440007.663011312 1.0335
1520440007.713012457 0.9936
1520440007.763014317 1.0448
1520440007.813015461 1.0359
1520440007.863017559 1.0737
1520440007.913019419 1.0478
1520440007.963021517 1.0661
1520440008.013022423 1.0644
1520440008.063028574 1.0826
1520440008.113030434 1.1375
1520440008.163031578 1.0370
1520440008.213033438 1.0711
1520440008.263034582 1.1128
1520440008.313035488 1.0880
1520440008.363037348 1.1076
1520440008.413038492 1.1275
1520440008.463041067 1.1159
1520440008.513043165 1.1471
1520440008.563044071 1.1237
1520440008.613045216 1.1406
1520440008.663047075 1.1360
1520440008.713065147 1.1471
1520440008.763050318 1.1451
1520440008.813052177 1.0712
1520440008.863059282 1.0887
1520440008.913061380 1.0822
1520440008.963062286 1.0240
1520440009.013064384 1.0557
1520440009.063066483 1.0941
1520440009.113067150 1.0266
1520440009.163069487 1.0466
1520440009.213070393 1.0745
1520440009.263076782 1.0761
1520440009.313077927 1.1756
1520440009.363080025 1.1644
1520440009.413080931 1.1673
1520440009.463083029 1.0595
1520440009.513084888 1.0887
1520440009.563086033 1.0215
1520440009.613087893 1.0306
1520440009.663090229 1.0083
1520440009.713092089 1.0077
1520440009.763092995 1.0768
1520440009.813095093 1.0673
1520440009.863097191 1.1120
1520440009.913099051 1.0539
1520440009.963101149 1.0375
1520440010.013102055 1.1293
1520440010.063102961 1.0502
1520440010.113106012 1.1356
1520440010.163107872 1.0821
1520440010.213108063 1.0758
1520440010.263109922 1.0691
1520440010.313112736 1.0295
1520440010.363112926 1.0764
1520440010.413114786 1.0480
1520440010.463115931 0.9863
1520440010.513132572 0.9707
1520440010.563134432 1.0109
1520440010.613168716 0.9669
1520440010.663137436 1.0068
1520440010.713138342 0.9339
1520440010.763140678 0.9532
1520440010.813141584 0.9427
1520440010.863143444 1.0121
1520440010.913160563 1.0048
1520440010.963162661 0.9567
1520440011.013164520 0.9684
1520440011.063165426 0.9731
1520440011.113167524 1.0339
1520440011.163168430 1.0915
1520440011.213170528 1.0237
1520440011.263171673 1.1104
1520440011.313167334 1.0383
1520440011.363168478 1.0816
1520440011.413170338 0.9769
1520440011.463172436 1.0408
1520440011.513173580 0.9868
1520440011.563175440 0.9925
1520440011.613176346 0.9665
1520440011.663178444 1.0113
1520440011.713201523 0.9448
1520440011.763203621 1.0204
1520440011.813204527 1.0845
1520440011.863205433 1.0335
1520440011.913207531 1.0688
1520440011.963208437 1.0590
1520440012.013210297 1.0906
1520440012.063212633 1.1237
1520440012.113207102 1.0279
1520440012.163209200 1.0611
1520440012.213210106 0.9901
1520440012.263211966 1.0553
1520440012.313213110 1.0586
1520440012.363215208 1.1036
1520440012.413216352 1.1641
1520440012.463218212 1.1148
1520440012.513275146 1.0925
1520440012.563229084 1.1919
1520440012.613229990 1.1200
1520440012.663232327 1.1548
1520440012.713234186 1.0371
1520440012.763235092 1.1148
1520440012.813237190 1.0594
1520440012.863238096 1.1429
1520440012.913239956 1.1145
1520440012.963251829 1.0408
1520440013.013253689 1.1126
1520440013.063255548 1.0944
1520440013.113256693 0.9640
1520440013.163258553 1.0238
1520440013.213260651 0.9317
1520440013.263261795 1.0227
1520440013.313263655 0.9362
1520440013.363262892 1.0250
1520440013.413263798 0.9841
1520440013.463265896 1.0285
1520440013.513267994 1.1467
1520440013.563268900 1.2033
1520440013.613270760 1.2552
1520440013.663272858 1.1879
1520440013.713273764 1.1647
1520440013.763305902 1.0256
1520440013.813308001 1.0208
1520440013.863309145 1.0702
1520440013.913311005 1.0614
1520440013.963312149 1.1587
1520440014.013314009 1.2445
1520440014.063318014 1.1982
1520440014.113317013 1.2010
1520440014.163331270 1.1898
1520440014.213332415 1.0490
1520440014.263333321 1.1117
1520440014.313335180 1.0142
1520440014.363336563 1.1679
1520440014.413409233 1.0903
1520440014.463339329 1.2230
1520440014.513341427 1.1726
1520440014.563371658 1.1805
1520440014.613373995 1.1894
1520440014.663375854 1.1903
1520440014.713376760 1.0308
1520440014.763378859 1.1294
1520440014.813379765 1.0468
1520440014.863381863 1.0536
1520440014.913383007 1.2089
1520440014.963384867 1.0518
1520440015.013402939 1.0965
1520440015.063404083 1.0959
1520440015.113405943 1.1776
1520440015.163406849 1.0693
1520440015.213408947 1.1333
1520440015.263409853 1.1327
1520440015.313411951 1.0793
1520440015.363413095 1.2300
1520440015.413421631 1.1106
1520440015.463423491 1.1334
1520440015.513425350 1.1752
1520440015.563427210 1.2019
1520440015.613427401 1.2926
1520440015.663429260 1.1171
1520440015.713431597 1.1307
1520440015.763433456 1.1085
1520440015.813495398 1.1640
1520440015.863496542 1.1014
1520440015.913498402 1.1874
1520440015.963499308 1.1111
1520440016.013501406 1.1906
1520440016.063503265 1.1247
1520440016.113504171 1.1577
1520440016.163506508 1.2040
1520440016.213509321 1.2525
1520440016.263511181 1.2436
1520440016.313604355 1.1663
1520440016.363514423 1.2442
1520440016.413515329 1.2117
1520440016.463517189 1.2349
1520440016.513518333 1.2476
1520440016.563520193 1.2740
1520440016.613608360 1.2621
1520440016.663609505 1.2874
1520440016.713611603 1.1706
1520440016.763612747 1.1514
1520440016.813614607 1.1475
1520440016.863615513 1.1976
1520440016.913617611 1.1623
1520440016.963618517 1.2489
1520440017.013752937 1.1645
1520440017.063754797 1.1936
1520440017.113755941 0.9389
1520440017.163757801 1.1186
1520440017.213758707 0.9766
1520440017.263760805 1.0583
1520440017.313761711 0.9285
1520440017.363763809 1.0959
1520440017.413765907 1.1287
1520440017.464020729 1.2434
1520440017.514022589 1.2475
1520440017.564022541 1.3729
1520440017.614024639 1.3894
1520440017.664026737 1.2526
1520440017.714027405 1.1736
1520440017.764029741 1.0776
1520440017.814035654 1.2240
1520440017.864740133 0.0000
1520440017.914741278 0.0000
1520440017.964743137 7.0445
1520440018.014744043 13.7330
1520440018.064746141 0.8146
1520440018.114747047 1.1509
1520440018.164753199 1.2333
1520440018.214751244 1.3475
1520440018.265761614 1.4082
1520440018.315763474 1.3067
1520440018.365764380 1.1996
1520440018.415766478 1.3920
1520440018.465767384 1.3273
1520440018.515769243 1.1719
1520440018.565770388 1.2252
1520440018.615772486 1.2304
1520440018.666824341 1.3043
1520440018.716825485 1.3553
1520440018.766827583 1.5230
1520440018.816828489 1.6139
1520440018.866830587 1.3425
1520440018.916831493 1.4814
1520440018.966833353 1.4228
1520440019.016835690 1.3164
1520440019.067371845 1.3465
1520440019.117373705 1.3254
1520440019.167374849 1.4666
1520440019.217376709 1.3697
1520440019.267377615 1.4945
1520440019.317379951 1.3879
1520440019.367381811 1.4753
1520440019.417383671 1.5523
1520440019.467491627 1.4456
1520440019.517493486 1.5457
1520440019.567495584 1.3532
1520440019.617496490 1.3681
1520440019.667497635 1.2974
1520440019.717499733 1.2637
1520440019.767501593 1.3657
1520440019.817501783 1.4294
1520440019.867503643 1.4902
1520440019.917505503 1.5665
1520440019.967506647 1.3933
1520440020.017508507 1.3947
1520440020.067510605 1.2595
1520440020.117511749 1.3018
1520440020.167513609 1.3150
1520440020.217514515 1.3614
1520440020.267516613 1.3559
1520440020.316426516 1.3472
1520440020.366428375 1.2757
1520440020.416429520 1.4188
1520440020.466431379 1.3533
1520440020.516432285 1.4287
1520440020.566434622 1.3255
1520440020.616435528 0.9993
1520440020.666437387 0.8801
1520440020.715679407 1.0134
1520440020.765680552 1.0186
1520440020.815682650 1.0468
1520440020.865683556 1.0094
1520440020.915685654 0.9281
1520440020.965686560 0.8945
1520440021.015688419 0.9341
1520440021.065690517 0.9226
1520440021.114933491 1.1787
1520440021.164935350 1.1123
1520440021.214937687 1.1001
1520440021.264938593 1.0062
1520440021.314940453 0.9560
1520440021.364941597 1.0148
1520440021.414943457 1.0998
1520440021.464945316 1.0583
1520440021.514402151 1.2678
1520440021.564403296 1.1835
1520440021.614405155 1.2174
1520440021.664407015 1.1264
1520440021.714408159 1.0828
1520440021.764414310 1.0631
1520440021.814410925 1.0565
1520440021.864413261 1.0756
1520440021.914217472 1.0221
1520440021.964232445 0.9723
1520440022.014220476 0.9481
1520440022.064222574 1.0282
1520440022.114223719 1.1894
1520440022.164225578 1.0868
1520440022.214226484 1.0938
1520440022.264228582 1.1257
1520440022.314230442 1.1282
1520440022.364111662 1.1190
1520440022.414113760 1.1253
1520440022.464114666 1.1732
1520440022.514116526 1.2249
1520440022.564117670 1.2215
1520440022.614119768 1.2042
1520440022.664121628 1.1189
1520440022.714122772 1.1700
1520440022.764019251 1.2071
1520440022.814020157 1.0439
1520440022.864022255 1.0825
1520440022.914023161 1.0708
1520440022.964025021 1.1093
1520440023.014026165 1.0705
1520440023.064029217 1.0553
1520440023.114031076 1.0624
1520440023.163963318 1.0271
1520440023.213965654 1.0023
1520440023.263967514 1.1837
1520440023.313968658 1.0366
1520440023.363970518 2.1209
1520440023.413972378 2.0272
1520440023.463973522 1.2141
1520440023.513974428 1.1248
1520440023.563971996 1.2104
1520440023.613974094 1.0598
1520440023.663975239 1.1273
1520440023.713977098 1.1200
1520440023.763978004 1.2228
1520440023.813979149 1.1656
1520440023.864017248 1.1533
1520440023.913982868 1.1860
1520440023.964015245 1.1779
1520440024.014017582 1.2144
1520440024.064018488 1.2212
1520440024.114020348 2.0887
1520440024.164021492 1.3487
1520440024.214023352 1.3515
1520440024.264025450 1.2891
1520440024.314026594 1.6870
1520440024.364103079 1.2967
1520440024.414104223 1.3444
1520440024.464106321 1.2046
1520440024.514107227 1.2123
1520440024.564109325 1.1433
1520440024.614110231 1.2086
1520440024.664112091 1.1312
1520440024.714114189 1.1662
1520440024.764115095 1.0694
1520440024.814150572 1.0903
1520440024.864151478 1.0898
1520440024.914153814 1.1191
1520440024.964154720 1.1228
1520440025.014156818 2.0968
1520440025.064158678 1.9682
1520440025.114160538 2.8026
1520440025.164161682 1.5676
1520440025.214170933 1.6303
1520440025.264172077 1.2754
1520440025.314173937 1.2152
1520440025.364174843 1.5767
1520440025.414176941 1.3301
1520440025.464177847 1.5590
1520440025.514180183 1.4872
1520440025.564182043 1.1912
1520440025.614159346 1.2246
1520440025.664158106 1.3143
1520440025.714159250 1.2317
1520440025.764223337 2.1851
1520440025.814162493 1.3388
1520440025.864164352 1.3624
1520440025.914165258 2.0538
1520440025.964167356 1.2982
1520440026.014178514 1.1823
1520440026.064180851 1.1280
1520440026.114181519 1.1466
1520440026.164183617 1.2366
1520440026.214184761 1.1061
1520440026.264186621 1.1890
1520440026.314188480 1.0573
1520440026.364189625 1.0827
1520440026.414203644 1.4393
1520440026.464204788 1.1434
1520440026.514206648 1.1602
1520440026.564207792 1.1330
1520440026.614209890 1.1591
1520440026.664211750 1.2127
1520440026.714212894 1.2429
1520440026.764214754 1.1971
1520440026.814207077 1.1732
1520440026.864207983 1.1626
1520440026.914208651 1.1576
1520440026.964210987 1.0325
1520440027.014212847 1.0498
1520440027.064213753 1.0002
1520440027.114215851 0.9568
1520440027.164217949 1.0776
1520440027.214218855 1.0523
1520440027.264232159 0.9718
1520440027.314233303 0.9997
1520440027.364234209 1.1079
1520440027.414236307 1.1127
1520440027.464238405 1.1695
1520440027.514239311 1.1002
1520440027.564241409 1.0918
1520440027.614242315 1.4613
1520440027.664355993 1.0468
1520440027.714262009 2.3451
1520440027.764264107 1.0126
1520440027.814266205 1.0105
1520440027.864267111 2.7326
1520440027.914269209 1.3233
1520440027.964270115 1.1242
1520440028.014271975 1.0974
1520440028.064293385 1.0809
1520440028.114295483 1.7218
1520440028.164296389 1.4688
1520440028.214298487 1.1577
1520440028.264300585 1.1337
1520440028.314301491 1.0836
1520440028.364303350 1.0987
1520440028.414304495 1.0330
1520440028.464317083 1.8947
1520440028.514318228 1.3708
1520440028.564320326 1.4154
1520440028.614322424 2.0582
1520440028.664323330 1.3020
1520440028.714325190 1.3896
1520440028.764327526 1.2940
1520440028.814328432 2.0736
1520440028.864315987 2.0655
1520440028.914318085 1.8819
1520440028.964318991 1.4496
1520440029.014321804 1.2719
1520440029.064323187 1.2857
1520440029.114323854 1.5675
1520440029.164325953 2.2753
1520440029.214328051 1.2597
1520440029.264366865 1.9518
1520440029.314368725 1.2145
1520440029.364369631 1.2582
1520440029.414370775 1.2328
1520440029.464372635 2.0829
1520440029.514374733 1.6229
1520440029.564375877 1.5314
1520440029.614377737 1.3177
1520440029.664378643 1.2604
1520440029.714398623 1.2084
1520440029.764399767 1.0243
1520440029.814401865 1.1932
1520440029.864403725 0.9997
1520440029.914404869 0.9960
1520440029.964406729 1.1138
1520440030.014407873 1.1110
1520440030.064409971 1.1309
1520440030.114437342 1.1557
1520440030.164439440 1.0010
1520440030.214441538 1.0596
1520440030.264442444 1.1132
1520440030.314444542 1.1537
1520440030.364446402 1.9590
1520440030.414447308 2.0989
1520440030.464448452 2.0350
1520440030.514437914 5.1759
1520440030.564438820 1.1352
1520440030.614440680 1.0445
1520440030.664442778 1.0937
1520440030.714444876 1.1594
1520440030.764445782 1.2769
1520440030.814447880 1.1528
1520440030.864448786 1.2348
1520440030.914472818 1.1094
1520440030.964473486 1.0949
1520440031.014475584 1.1647
1520440031.064476728 1.1950
1520440031.114479542 1.0863
1520440031.164479733 1.1473
1520440031.214481592 1.0633
1520440031.264482498 1.1463
1520440031.314552784 1.2140
1520440031.364551783 1.1271
1520440031.414592743 1.1673
1520440031.464554787 1.1029
1520440031.514555693 1.0584
1520440031.564557791 1.1812
1520440031.614558697 1.0281
1520440031.664560556 1.1232
1520440031.714665651 1.0846
1520440031.764667988 1.0805
1520440031.814668894 1.0561
1520440031.864670753 1.0013
1520440031.914672852 1.0632
1520440031.964673758 1.0835
1520440032.014675617 1.0462
1520440032.064676762 1.0269
1520440032.114678860 1.0592
1520440032.164812803 1.0445
1520440032.214814901 1.0591
1520440032.264816999 1.0781
1520440032.314817905 1.0765
1520440032.364820004 1.0339
1520440032.414820910 1.0592
1520440032.464822769 1.2035
1520440032.514824867 1.1369
1520440032.564933777 1.0946
1520440032.614935875 1.0822
1520440032.664937735 1.1514
1520440032.714938879 1.1472
1520440032.764940739 1.1970
1520440032.814941645 1.1645
1520440032.864942789 1.2956
1520440032.914944887 1.8002
1520440032.965075970 3.4938
1520440033.015076876 2.9933
1520440033.065078735 1.8245
1520440033.115079880 1.1997
1520440033.165081739 1.3197
1520440033.215083838 1.3144
1520440033.265084982 1.7268
1520440033.315166950 1.6133
1520440033.365195990 2.4690
1520440033.415197849 1.6832
1520440033.465198755 1.3934
1520440033.515201092 2.1041
1520440033.565201998 1.0783
1520440033.615203857 0.9622
1520440033.665205956 0.9249
1520440033.715206861 1.0628
1520440033.765280008 1.0539
1520440033.815282106 1.0802
1520440033.865284204 1.1052
1520440033.915285110 1.1060
1520440033.965287209 1.0553
1520440034.015288115 1.0319
1520440034.065289974 1.0885
1520440034.115291119 1.0504
1520440034.165226698 1.1730
1520440034.215228558 1.0620
1520440034.265229940 1.1752
1520440034.315231800 1.1249
1520440034.365232706 1.1406
1520440034.415234804 1.2212
1520440034.465236664 1.1720
1520440034.515237570 1.0688
1520440034.565239906 1.1012
1520440034.615019798 1.1700
1520440034.665020943 1.1550
1520440034.715022802 1.0859
1520440034.765023708 1.1492
1520440034.815024853 1.1646
1520440034.865026712 1.0513
1520440034.915027857 1.0966
1520440034.965029955 1.0275
1520440035.014861584 1.1563
1520440035.064862490 1.1268
1520440035.114864588 1.0863
1520440035.164866447 1.1294
1520440035.214867353 1.1332
1520440035.264868498 1.2073
1520440035.314870596 1.1082
1520440035.364871502 1.1926
1520440035.414779663 1.1427
1520440035.464781523 1.1888
1520440035.514782667 1.1108
1520440035.564784527 1.1299
1520440035.614785433 1.1466
1520440035.664787769 1.2097
1520440035.714788675 1.2189
1520440035.764790535 1.2529
1520440035.814774990 1.2046
1520440035.864776850 1.2074
1520440035.914778948 1.1041
1520440035.964780092 1.1597
1520440036.014781952 1.1775
1520440036.064782858 1.0397
1520440036.114784956 1.0977
1520440036.164785862 0.9740
1520440036.214774847 1.0684
1520440036.264776707 1.0838
1520440036.314777851 1.1449
1520440036.364779711 1.2221
1520440036.414781809 1.1230
1520440036.464782953 1.0858
1520440036.514784813 1.0289
1520440036.564786673 2.0627
1520440036.614782810 1.1306
1520440036.664783716 1.1122
1520440036.714785814 1.1140
1520440036.764787674 1.1161
1520440036.814788580 1.1016
1520440036.864790678 1.1126
1520440036.914791584 1.0386
1520440036.964796782 1.0797
1520440037.014794827 1.0556
1520440037.064933300 1.0264
1520440037.114893198 1.9119
1520440037.164895296 1.2706
1520440037.214896441 1.1203
1520440037.264898300 1.0502
1520440037.314899445 1.1885
1520440037.364901304 1.1405
1520440037.414902210 3.0937
1520440037.464905500 4.3604
1520440037.514907598 1.1766
1520440037.564908504 4.2703
1520440037.614910364 3.7838
1520440037.664911509 1.2672
1520440037.714913607 1.2296
1520440037.764914513 1.2414
1520440037.814916611 1.2341
1520440037.864958048 2.0324
1520440037.914958954 2.2423
1520440037.964960814 1.2194
1520440038.014961958 1.5624
1520440038.064963818 1.1708
1520440038.114964724 1.1311
1520440038.164966822 1.2043
1520440038.214968920 2.1441
1520440038.265039444 2.0897
1520440038.315041304 1.2341
1520440038.365042448 1.2482
1520440038.415044308 1.3125
1520440038.465046167 1.2954
1520440038.515047312 1.3305
1520440038.565049410 1.0987
1520440038.615050554 1.1344
1520440038.665089846 1.1730
1520440038.715090752 1.2348
1520440038.765092850 1.0929
1520440038.815094709 1.0988
1520440038.865095615 1.1407
1520440038.915096760 1.0241
1520440038.965190649 1.0996
1520440039.015100002 0.9428
1520440039.065082073 1.0429
1520440039.115083933 1.0446
1520440039.165085077 1.1273
1520440039.215087175 1.0524
1520440039.265088320 1.0692
1520440039.315090179 1.0121
1520440039.365091085 0.9833
1520440039.415093184 1.0142
1520440039.465095282 1.0920
1520440039.515100479 1.0742
1520440039.565102339 1.1419
1520440039.615103245 1.1614
1520440039.665105343 1.0100
1520440039.715106249 1.0922
1520440039.765108109 1.1223
1520440039.815109491 1.1443
1520440039.865111351 1.0474
1520440039.915077925 1.0808
1520440039.965079069 1.0417
1520440040.015080929 1.0666
1520440040.065082788 1.1218
1520440040.115083933 1.1961
1520440040.165084839 1.1946
1520440040.215087891 1.2113
1520440040.265089035 1.1920
1520440040.315061331 1.0400
1520440040.365063429 1.1972
1520440040.415064335 1.1708
1520440040.465066195 1.0456
1520440040.515068531 1.0510
1520440040.565069199 1.0250
1520440040.615071297 1.0167
1520440040.665072441 1.1029
1520440040.715079308 1.1733
1520440040.765080690 1.1481
1520440040.815096617 1.0246
1520440040.865083694 1.1170
1520440040.915085554 2.4197
1520440040.965086460 1.0537
1520440041.015088558 1.7958
1520440041.065090656 1.5026
1520440041.115111113 1.6065
1520440041.165112972 1.3557
1520440041.215114355 1.2253
1520440041.265116215 1.1736
1520440041.315117121 1.2675
1520440041.365119219 1.0856
1520440041.415121078 1.1477
1520440041.465121984 1.0300
1520440041.515111208 1.0604
1520440041.565112114 1.1143
1520440041.615113974 1.1144
1520440041.665115118 1.1171
1520440041.715116978 1.1689
1520440041.765117884 1.1210
1520440041.815120220 1.1163
1520440041.865122080 1.2368
1520440041.915122986 1.1223
1520440041.965188503 1.1218
1520440042.015190840 1.2087
1520440042.065192699 1.0734
1520440042.115193605 1.0960
1520440042.165194750 1.1325
1520440042.215196609 1.0094
1520440042.265197754 2.3337
1520440042.315199852 1.1408
1520440042.365186930 1.1150
1520440042.415188789 1.0408
1520440042.465190887 1.1272
1520440042.515191793 1.0967
1520440042.565192699 1.1218
1520440042.615194798 1.0814
1520440042.665196896 1.1029
1520440042.715268850 1.1207
1520440042.765155315 1.0692
1520440042.815156460 1.1168
1520440042.865158319 1.1177
1520440042.915159225 1.1489
1520440042.965161562 1.0354
1520440043.015162468 1.1238
1520440043.065164328 1.1039
1520440043.115166426 1.1440
1520440043.165166140 1.1317
1520440043.215167999 1.1627
1520440043.265168905 1.1957
1520440043.315171003 1.1358
1520440043.365171909 1.0295
1520440043.415173769 1.0544
1520440043.465176105 0.9970
1520440043.515177011 1.0081
1520440043.565291882 1.0692
1520440043.615292788 1.0363
1520440043.665294647 1.0729
1520440043.715295792 1.0503
1520440043.765297651 1.0353
1520440043.815299511 1.0715
1520440043.865300655 1.0194
1520440043.915303707 1.0520
1520440043.965322733 1.0765
1520440044.015323877 1.1082
1520440044.065325737 1.0518
1520440044.115327835 1.5363
1520440044.165327787 1.1031
1520440044.215329885 1.0079
1520440044.265331984 1.0565
1520440044.315332890 1.0633
1520440044.365334749 1.0396
1520440044.415270090 1.0184
1520440044.465272427 1.0149
1520440044.515274286 1.0016
1520440044.565275192 1.0522
1520440044.615276337 1.0120
1520440044.665278196 1.0990
1520440044.715280056 0.9630
1520440044.765281200 1.0077
1520440044.815194607 1.0322
1520440044.865195751 1.0563
1520440044.915197611 1.0415
1520440044.965198517 1.0924
1520440045.015200853 1.1615
1520440045.065202713 1.1351
1520440045.115203619 1.4645
1520440045.165205717 2.9578
1520440045.215101719 3.1011
1520440045.265103579 1.1287
1520440045.315104485 1.2103
1520440045.365106583 1.2005
1520440045.415107489 1.0655
1520440045.465109825 1.1712
1520440045.515111685 1.2157
1520440045.565112591 1.1959
1520440045.615018606 2.6754
1520440045.665020704 1.1095
1520440045.715021610 1.1668
1520440045.765023470 1.0288
1520440045.815024614 1.0181
1520440045.865026474 1.0533
1520440045.915028572 1.1172
1520440045.965029716 1.1422
1520440046.014943838 1.0383
1520440046.064944983 1.0618
1520440046.114945889 0.9145
1520440046.164948702 1.0253
1520440046.214949846 0.8915
1520440046.264950752 0.9783
1520440046.314953804 1.0839
1520440046.364953756 1.0326
1520440046.414923191 1.0964
1520440046.464984417 1.0224
1520440046.514926434 1.1017
1520440046.564927340 1.1775
1520440046.614929199 1.0597
1520440046.664931297 1.1673
1520440046.714932203 1.1002
1520440046.764934063 1.1458
1520440046.814935207 1.1580
1520440046.864923954 1.2029
1520440046.914924860 1.2584
1520440046.964926958 1.0621
1520440047.014927864 1.1500
1520440047.064929724 1.1496
1520440047.114932060 1.1865
1520440047.164932966 1.0199
1520440047.214934826 1.0562
1520440047.264908075 1.0743
1520440047.314909935 1.1434
1520440047.364911795 1.0828
1520440047.414912939 0.9222
1520440047.464915037 1.0313
1520440047.514915943 1.0423
1520440047.564918041 0.9859
1520440047.614919901 0.9995
1520440047.664885759 1.0774
1520440047.714887857 1.1152
1520440047.764888763 1.0341
1520440047.814890862 1.0411
1520440047.864892960 0.9788
1520440047.914893866 1.0506
1520440047.964895010 1.0146
1520440048.014896870 1.0265
1520440048.064880371 1.0716
1520440048.114881277 1.0119
1520440048.164883375 1.1069
1520440048.214884281 2.1785
1520440048.264886379 1.0733
1520440048.314889193 2.4522
1520440048.364889383 1.0765
1520440048.414890289 1.1538
1520440048.464881182 1.6846
1520440048.514882088 1.1489
1520440048.564884186 1.1846
1520440048.614885092 1.9446
1520440048.664886951 1.1078
1520440048.714889288 1.1678
1520440048.764890194 1.1980
1520440048.814892054 1.1827
1520440048.864903212 1.0806
1520440048.914905071 1.0723
1520440048.964905977 1.0799
1520440049.014908075 1.0562
1520440049.064910173 1.1736
1520440049.114911079 1.1367
1520440049.164913177 2.9492
1520440049.214914083 1.0493
1520440049.264915943 1.1168
1520440049.314930916 0.9542
1520440049.364933014 0.9974
1520440049.414935112 1.0871
1520440049.464936972 1.0618
1520440049.514938116 1.0505
1520440049.564939022 1.0657
1520440049.614940882 1.0783
1520440049.664943218 0.9990
1520440049.714955807 1.0124
1520440049.764957666 1.0300
1520440049.814958811 1.0121
1520440049.864960670 1.0111
1520440049.914961576 0.9753
1520440049.964963913 1.0351
1520440050.014964819 1.0123
1520440050.064969778 1.0678
1520440050.114999771 1.1374
1520440050.165001631 2.9993
1520440050.215066671 3.6931
1520440050.265004873 4.5038
1520440050.315006733 2.3246
1520440050.365007639 2.1499
1520440050.415009737 1.8243
1520440050.465010643 2.1158
1520440050.514966488 2.0999
1520440050.564967394 1.9072
1520440050.614969254 1.3245
1520440050.664971590 1.2239
1520440050.714972496 1.2094
1520440050.764974356 1.2448
1520440050.814975500 1.9029
1520440050.864977360 1.6429
1520440050.914964437 2.2229
1520440050.964966774 1.2993
1520440051.014967442 2.2752
1520440051.064969540 1.7236
1520440051.114971638 2.5330
1520440051.164972544 2.3604
1520440051.214974403 2.6368
1520440051.264975548 1.4700
1520440051.314983845 2.5582
1520440051.364985943 1.5296
1520440051.414987803 1.1661
1520440051.464988947 1.4070
1520440051.514989853 0.9941
1520440051.564991713 1.3737
1520440051.614992857 1.0717
1520440051.664994717 1.2565
1520440051.714997053 1.2141
1520440051.764986038 1.6064
1520440051.814988136 1.1596
1520440051.864989042 1.1794
1520440051.914991140 1.5956
1520440051.964992046 0.9045
1520440052.014993906 1.1530
1520440052.064997196 1.0833
1520440052.114996910 1.7024
1520440052.165022612 1.8339
1520440052.215024710 1.0977
1520440052.265026569 2.3123
1520440052.315027714 1.1967
1520440052.365029573 2.0373
1520440052.415030479 1.8157
1520440052.465032816 1.5571
1520440052.515033484 1.1254
1520440052.565007925 1.0684
1520440052.615009069 1.1941
1520440052.665010929 1.0281
1520440052.715012789 1.6784
1520440052.765013933 1.4406
1520440052.815016031 1.0036
1520440052.865017891 1.0132
1520440052.915019035 0.9179
1520440052.964989662 0.9993
1520440053.014991522 1.0336
1520440053.064993620 1.0110
1520440053.114994764 1.0147
1520440053.164996624 1.0294
1520440053.214998484 0.9867
1520440053.264999628 0.9877
1520440053.315001488 0.9035
1520440053.364994526 0.9857
1520440053.414996624 0.9838
1520440053.464998722 1.0119
1520440053.514999628 0.9950
1520440053.565000772 1.0622
1520440053.615004778 1.0116
1520440053.665004730 0.9706
1520440053.715005636 1.0020
1520440053.765004873 0.9984
1520440053.815005779 1.0554
1520440053.865007877 1.0895
1520440053.915008783 1.0246
1520440053.965088844 1.0615
1520440054.015011787 1.0380
1520440054.065013647 0.9838
1520440054.115015030 2.3670
1520440054.165016890 2.2897
1520440054.215045691 2.3827
1520440054.265047550 1.5846
1520440054.315049410 1.1624
1520440054.365050554 1.1761
1520440054.415052652 1.0626
1520440054.465053797 1.6671
1520440054.515055656 1.5573
1520440054.565056562 1.9176
1520440054.615009308 1.3691
1520440054.665011406 5.6421
1520440054.715012312 1.7428
1520440054.765014172 1.9216
1520440054.815015316 2.5237
1520440054.865017414 1.2754
1520440054.915018559 1.1738
1520440054.965020418 1.1604
1520440055.015027285 1.0115
1520440055.065028429 1.0313
1520440055.115030289 1.0316
1520440055.165032148 0.9497
1520440055.215033293 0.7949
1520440055.265035152 0.8797
1520440055.315037251 0.9435
1520440055.365038395 0.9483
1520440055.415025234 0.9413
1520440055.465024233 0.9943
1520440055.515025139 1.0053
1520440055.565026999 0.9996
1520440055.615029335 1.0059
1520440055.665030241 1.0711
1520440055.715032101 1.0225
1520440055.765033245 1.0690
1520440055.815061808 1.0356
1520440055.865039825 1.0913
1520440055.915041685 0.9866
1520440055.965042830 0.9241
1520440056.015044928 0.9484
1520440056.065045834 0.9410
1520440056.115047932 0.9460
1520440056.165048838 1.0650
1520440056.215050697 2.2672
1520440056.265025854 1.3589
1520440056.315026760 1.0339
1520440056.365028858 0.9693
1520440056.415029764 0.9370
1520440056.465031624 2.4744
1520440056.515032768 3.0786
1520440056.565034866 1.8821
1520440056.615035534 1.7588
1520440056.665039062 2.0459
1520440056.715041399 1.8188
1520440056.765042067 2.1535
1520440056.815044165 1.1608
1520440056.865045309 1.0245
1520440056.915047169 1.1131
1520440056.965049267 1.0971
1520440057.015051365 1.0785
1520440057.065068483 1.1392
1520440057.115069389 1.0764
1520440057.165071249 1.0044
1520440057.215073586 0.9691
1520440057.265074492 1.0231
1520440057.315076351 1.0957
1520440057.365078449 1.2764
1520440057.415078402 1.7108
1520440057.465048075 1.0948
1520440057.515055180 1.0419
1520440057.565051079 1.0984
1520440057.615052938 2.4345
1520440057.665058136 1.0694
1520440057.715056181 0.9696
1520440057.765057087 1.0056
1520440057.815059185 0.9729
1520440057.865100861 1.0212
1520440057.915101767 1.0437
1520440057.965103626 1.1231
1520440058.015104771 0.9551
1520440058.065106630 1.0191
1520440058.115107775 1.0882
1520440058.165109873 0.9429
1520440058.215110540 0.9549
1520440058.265101194 1.0056
1520440058.315103292 0.9917
1520440058.365104437 1.0371
1520440058.415106297 1.0634
1520440058.465107203 0.9607
1520440058.515109301 0.9600
1520440058.565110207 0.8743
1520440058.615112305 0.9169
1520440058.665114403 0.9781
1520440058.715122461 1.0334
1520440058.765124559 1.0388
1520440058.815126419 0.9614
1520440058.865127325 1.0020
1520440058.915128469 1.0623
1520440058.965130568 1.0486
1520440059.015132427 0.9681
1520440059.065134525 0.9495
1520440059.115158558 1.0341
1520440059.165159464 0.9996
1520440059.215161324 0.9286
1520440059.265163422 1.0453
1520440059.315164328 0.9853
1520440059.365166664 1.0338
1520440059.415169477 1.0207
1520440059.465169430 0.9968
1520440059.515173197 1.0792
1520440059.565236330 1.1104
1520440059.615176201 1.0314
1520440059.665178061 2.1833
1520440059.715179205 1.1141
1520440059.765181303 1.1055
1520440059.815181971 2.1206
1520440059.865184307 1.1309
1520440059.915200233 1.0205
1520440059.965201139 1.0386
1520440060.015202999 1.0635
1520440060.065204144 1.0739
1520440060.115206242 1.1174
1520440060.165207148 1.0770
1520440060.215209246 1.0587
1520440060.265211105 1.0548
1520440060.315204382 1.1299
1520440060.365206242 1.0359
1520440060.415207386 1.0553
1520440060.465209246 1.1341
1520440060.515210152 1.0238
1520440060.565212488 1.0733
1520440060.615213394 2.4809
1520440060.665216208 1.0928
1520440060.715200186 1.1077
1520440060.765202522 1.0812
1520440060.815203428 2.7479
1520440060.865205288 1.0516
1520440060.915206432 1.0243
1520440060.965207338 1.0466
1520440061.015209198 1.0634
1520440061.065211296 1.1009
1520440061.115212202 1.0403
1520440061.165219069 2.0876
1520440061.215221167 1.0634
1520440061.265222073 1.1424
1520440061.315224171 1.2367
1520440061.365225315 1.5351
1520440061.415246010 1.8880
1520440061.465228319 1.0940
1520440061.515230179 1.0793
1520440061.565217733 0.9508
1520440061.615219593 1.0153
1520440061.665220976 0.8161
1520440061.715222836 0.9504
1520440061.765223742 0.9867
1520440061.815225840 0.9768
1520440061.865227699 1.0979
1520440061.915228605 3.1615
1520440061.965241432 1.0598
1520440062.015242577 1.0090
1520440062.065244436 1.0163
1520440062.115245342 1.0657
1520440062.165247440 1.1034
1520440062.215249300 1.0936
1520440062.265250206 1.0067
1520440062.315252542 1.0701
1520440062.365267277 1.0633
1520440062.415269136 1.8338
1520440062.465270281 0.9377
1520440062.515272141 0.9462
1520440062.565274000 0.9616
1520440062.615276337 0.9930
1520440062.665277243 0.9573
1520440062.715279102 0.9704
1520440062.765273571 0.9769
1520440062.815275431 0.9710
1520440062.865276337 1.0202
1520440062.915277481 1.0474
1520440062.965279579 1.0420
1520440063.015281439 1.0135
1520440063.065285683 1.0549
1520440063.115284443 1.1115
1520440063.165280104 1.0588
1520440063.215282202 0.9706
1520440063.265284061 0.9473
1520440063.315284967 0.8865
1520440063.365286112 0.9079
1520440063.415287971 0.9941
1520440063.465290308 1.7721
1520440063.515291214 1.0389
1520440063.565293074 1.8990
1520440063.615323067 1.0520
1520440063.665325165 1.0083
1520440063.715326309 1.0954
1520440063.765328169 2.6508
1520440063.815329075 1.2029
1520440063.865331173 1.1600
1520440063.915333033 1.1739
1520440063.965333939 1.0469
1520440064.015327454 1.1055
1520440064.065329313 1.2015
1520440064.115330458 1.1269
1520440064.165331364 1.1319
1520440064.215333700 1.0876
1520440064.265335560 1.7807
1520440064.315336466 1.3923
1520440064.365338564 1.1713
1520440064.415335417 1.0928
1520440064.465337515 1.1690
1520440064.515338421 1.1234
1520440064.565340519 1.2038
1520440064.615341663 1.2061
1520440064.665342569 1.0773
1520440064.715345383 1.1146
1520440064.765345573 1.1622
1520440064.815341234 1.1602
1520440064.865343571 1.1625
1520440064.915344477 1.0492
1520440064.965346336 1.1331
1520440065.015347481 1.1581
1520440065.065349340 0.9377
1520440065.115350246 0.9873
1520440065.165431261 0.9469
1520440065.215367317 0.9827
1520440065.265369415 1.0539
1520440065.315370560 1.0004
1520440065.365372419 0.9733
1520440065.415373325 0.9922
1520440065.465375423 0.9365
1520440065.515377522 1.0327
1520440065.565378189 0.9088
1520440065.615404367 1.0404
1520440065.665405512 0.9903
1520440065.715407372 1.0199
1520440065.765408278 0.9821
1520440065.815410376 1.0310
1520440065.865412235 1.1050
1520440065.915413141 1.0926
1520440065.965415478 1.1120
1520440066.015416384 1.1250
1520440066.065379381 1.1924
1520440066.115380287 1.1108
1520440066.165382147 1.1566
1520440066.215384245 1.1469
1520440066.265385151 1.0770
1520440066.315387249 1.1621
1520440066.365388393 1.1596
1520440066.415390253 1.0841
1520440066.465385675 1.0727
1520440066.515387535 1.1696
1520440066.565387726 1.1082
1520440066.615389585 1.1800
1520440066.665391684 1.0847
1520440066.715392828 1.1180
1520440066.765394688 0.9881
1520440066.815395832 1.0035
1520440066.865420580 1.0227
1520440066.915421486 1.0817
1520440066.965423584 1.1674
1520440067.015473366 1.1437
1520440067.065426350 1.1795
1520440067.115428686 1.0344
1520440067.165429592 1.1049
1520440067.215431452 1.1482
1520440067.265474319 1.2379
1520440067.315476179 1.0616
1520440067.365477085 1.0744
1520440067.415479183 1.1667
1520440067.465481281 1.0347
1520440067.515482187 1.0662
1520440067.565484285 1.0905
1520440067.615485191 1.1138
1520440067.665504932 1.0349
1520440067.715505838 1.0607
1520440067.765507936 0.9947
1520440067.815509081 1.0192
1520440067.865510941 0.9373
1520440067.915512800 1.0737
1520440067.965513945 1.0691
1520440068.015515804 1.0606
1520440068.065571308 1.1029
1520440068.115573168 1.1141
1520440068.165575266 1.1883
1520440068.215577364 1.0284
1520440068.265578270 1.1064
1520440068.315579176 1.0353
1520440068.365581274 1.0607
1520440068.415583134 1.1401
1520440068.465584040 1.0767
1520440068.515645266 1.1867
1520440068.565646172 1.1496
1520440068.615647078 1.1669
1520440068.665649176 1.1699
1520440068.715651035 1.0386
1520440068.765651941 0.9976
1520440068.815654039 0.9820
1520440068.865675926 0.8899
1520440068.915652275 0.9440
1520440068.965653181 0.9797
1520440069.015655518 0.9778
1520440069.065657377 1.0518
1520440069.115658283 1.1034
1520440069.165660381 0.9763
1520440069.215661287 1.0339
1520440069.265663147 1.1194
1520440069.315677166 1.0294
1520440069.365679026 1.1170
1520440069.415679932 1.1653
1520440069.465682268 1.8351
1520440069.515684128 1.1634
1520440069.565685034 1.1150
1520440069.615687132 1.0722
1520440069.665688038 1.0990
1520440069.715631962 1.1254
1520440069.765632868 1.0875
1520440069.815634966 1.0424
1520440069.865636826 1.0786
1520440069.915637732 0.9937
1520440069.965639830 1.0312
1520440070.015641928 1.0604
1520440070.065642834 1.0453
1520440070.115628481 1.0079
1520440070.165629387 1.1495
1520440070.215631247 1.1148
1520440070.265632629 1.1705
1520440070.315634489 1.0664
1520440070.365636349 1.0747
1520440070.415637493 0.9811
1520440070.465638399 1.0648
1520440070.515656233 1.0749
1520440070.565657139 1.0915
1520440070.615659237 1.0896
1520440070.665661097 1.1313
1520440070.715663195 1.1483
1520440070.765664339 1.1164
1520440070.815665245 1.0370
1520440070.865667105 1.0523
1520440070.915668249 0.9420
1520440070.965682745 1.0179
1520440071.015683651 0.9506
1520440071.065685749 1.0030
1520440071.115687609 1.0573
1520440071.165688515 1.0399
1520440071.215690851 1.0760
1520440071.265691757 1.0783
1520440071.315693617 1.0555
1520440071.365724325 1.0935
1520440071.415726423 1.1157
1520440071.465728521 1.0469
1520440071.515729427 1.0311
1520440071.565731287 1.0658
1520440071.615732431 1.0555
1520440071.665734291 1.0863
1520440071.715735197 1.0950
1520440071.765696526 1.0869
1520440071.815698624 1.0170
1520440071.865699530 0.9523
1520440071.915701389 1.0030
1520440071.965703726 0.9426
1520440072.015704632 0.9742
1520440072.065706491 1.0320
1520440072.115707636 1.0117
1520440072.165701628 1.0001
1520440072.215702772 1.0777
1520440072.265704632 1.1224
1520440072.315705538 1.0211
1520440072.365709543 1.0192
1520440072.415708780 0.9127
1520440072.465710640 0.9683
1520440072.515711784 0.9228
1520440072.565703630 0.9870
1520440072.615704775 0.9949
1520440072.665706635 1.0643
1520440072.715708733 1.0855
1520440072.765709877 1.1347
1520440072.815711737 1.1038
1520440072.865712643 1.1675
1520440072.915714741 1.0622
1520440072.965715647 1.0660
1520440073.015717745 0.9784
1520440073.065719843 1.0474
1520440073.115720749 1.0272
1520440073.165722609 1.0692
1520440073.215723753 1.1217
1520440073.265725613 1.1404
1520440073.315726757 1.1082
1520440073.365728855 1.0959
1520440073.415740728 1.1053
1520440073.465741634 1.0050
1520440073.515743732 1.0298
1520440073.565744638 1.0654
1520440073.615746737 1.0268
1520440073.665748835 1.0371
1520440073.715749741 1.0250
1520440073.765751839 1.0639
1520440073.815726280 1.1253
1520440073.865727425 1.1006
1520440073.915729523 1.0359
1520440073.965730190 1.0847
1520440074.015732527 1.0077
1520440074.065733433 1.0425
1520440074.115735292 1.0431
1520440074.165736437 1.0168
1520440074.215733051 1.0681
1520440074.265733957 1.1014
1520440074.315736055 1.1266
1520440074.365737915 1.0763
1520440074.415742874 1.1404
1520440074.465839863 1.0618
1520440074.515742064 0.9848
1520440074.565743208 1.0567
1520440074.615720749 1.1004
1520440074.665722609 1.0126
1520440074.715723753 1.0014
1520440074.765725613 0.9356
1520440074.815726519 0.9667
1520440074.865728855 0.9871
1520440074.915729761 0.9825
1520440074.965731621 0.9303
1520440075.015734434 0.9044
1520440075.065736771 0.8001
1520440075.115738630 0.9259
1520440075.165739536 0.8506
1520440075.215741634 0.9047
1520440075.265742540 0.9889
1520440075.315744400 0.9864
1520440075.365745783 0.9471
1520440075.415747643 0.8983
1520440075.465729952 0.9332
1520440075.515732050 1.0403
1520440075.565733194 1.0430
1520440075.615735054 1.0916
1520440075.665735960 1.1665
1520440075.715738058 1.0556
1520440075.765739918 1.1174
1520440075.815739870 1.0610
1520440075.865719080 1.1224
1520440075.915720940 1.1009
1520440075.965722084 1.1684
1520440076.015723944 1.1877
1520440076.065726042 1.1375
1520440076.115727186 1.0096
1520440076.165728092 1.0665
1520440076.215729952 1.0719
1520440076.265712500 1.0394
1520440076.315803289 0.9950
1520440076.365715265 0.8821
1520440076.415716410 0.9202
1520440076.465718269 0.9011
1520440076.515719175 0.9715
1520440076.565721273 1.0209
1520440076.615722179 0.9782
1520440076.665692329 1.0568
1520440076.715694427 1.1197
1520440076.765695572 1.0850
1520440076.815697432 1.1757
1520440076.865698338 1.1570
1520440076.915700436 1.1393
1520440076.965701342 0.9868
1520440077.015703440 1.0405
1520440077.065706968 0.9699
1520440077.115708113 1.0065
1520440077.165709972 0.8777
1520440077.215712070 0.9485
1520440077.265713215 0.8845
1520440077.315714121 0.9184
1520440077.365715981 1.0031
1520440077.415718079 1.0250
1520440077.465723991 0.9758
1520440077.515725851 1.0121
1520440077.565726757 0.9178
1520440077.615728855 0.9702
1520440077.665730715 1.0397
1520440077.715731621 1.0168
1520440077.765733957 1.0591
1520440077.815734863 1.0493
1520440077.865754604 1.0656
1520440077.915688515 1.1156
1520440077.965690374 1.0197
1520440078.015691519 1.1059
1520440078.065693378 1.1552
1520440078.115694523 1.0036
1520440078.165780544 0.9858
1520440078.215697527 0.9880
1520440078.265699625 0.9997
1520440078.315752506 0.9974
1520440078.365753412 1.0148
1520440078.415755510 0.9541
1520440078.465756416 0.9945
1520440078.515758276 0.9890
1520440078.565760612 0.9417
1520440078.615761518 0.9112
1520440078.665763378 0.9862
1520440078.715852499 1.7769
1520440078.765854359 1.0288
1520440078.815855503 1.0736
1520440078.865857601 1.1158
1520440078.915858507 1.0914
1520440078.965860605 1.1311
1520440079.015861511 0.9800
1520440079.065863371 1.0100
1520440079.115784883 1.0846
1520440079.165786028 0.9928
1520440079.215788126 0.8977
1520440079.265789986 0.9896
1520440079.315791130 1.0836
1520440079.365792990 1.0865
1520440079.415794134 1.0818
1520440079.465795994 1.0439
1520440079.515810966 1.0362
1520440079.565813065 0.9574
1520440079.615814924 0.9237
1520440079.665816069 0.9710
1520440079.715817928 0.9546
1520440079.765818834 0.9708
1520440079.815819979 0.9551
1520440079.865821838 0.9805
1520440079.915825605 0.9174
1520440079.965826511 0.9594
1520440080.015911579 1.0304
1520440080.065829515 1.0267
1520440080.115831614 0.9918
1520440080.165832758 0.9409
1520440080.215834618 1.0121
1520440080.265836477 1.0220
1520440080.315837622 0.9429
1520440080.365809917 0.9506
1520440080.415811062 0.9687
1520440080.465812922 1.0466
1520440080.515814066 1.0260
1520440080.565816164 1.0361
1520440080.615818024 1.0894
1520440080.665819168 1.0711
1520440080.715821028 1.1100
1520440080.765832186 1.0315
1520440080.815834284 1.0684
1520440080.865835190 0.9627
1520440080.915837288 0.9847
1520440080.965838432 0.9231
1520440081.015840292 0.9734
1520440081.065842152 0.9906
1520440081.115844250 0.9893
1520440081.165841341 0.9802
1520440081.215842247 0.9810
1520440081.265843391 1.0071
1520440081.315845490 1.0282
1520440081.365846157 0.9844
1520440081.415848494 1.0377
1520440081.465849400 0.9737
1520440081.515851259 1.0522
1520440081.565828800 1.0210
1520440081.615830898 1.0198
1520440081.665832758 1.0801
1520440081.715833902 1.1461
1520440081.765835762 1.0764
1520440081.815836668 1.0946
1520440081.865923882 1.1170
1520440081.915839672 1.1400
1520440081.965817928 1.0238
1520440082.015819073 1.0768
1520440082.065820932 1.0403
1520440082.115821838 1.0808
1520440082.165823936 1.1329
1520440082.215824842 1.0268
1520440082.265826702 0.9949
1520440082.315829039 0.9718
1520440082.365798712 1.1071
1520440082.415800571 1.0855
1520440082.465801716 1.0124
1520440082.515803576 0.9817
1520440082.565804482 1.0974
1520440082.615806818 1.0191
1520440082.665808678 1.0256
1520440082.715809584 1.0319
1520440082.765811682 1.0114
1520440082.815793753 1.0262
1520440082.865795612 1.0133
1520440082.915797710 1.0185
1520440082.965799570 1.0298
1520440083.015800476 1.0072
1520440083.065801620 1.0432
1520440083.115803719 1.0801
1520440083.165805578 1.1246
1520440083.215776920 1.0863
1520440083.265779257 0.9797
1520440083.315780163 1.0551
1520440083.365785122 1.0116
1520440083.415783167 1.0412
1520440083.465785027 1.0628
1520440083.515786171 1.0562
1520440083.565788269 1.0866
1520440083.615772009 1.0405
1520440083.665772915 1.1250
1520440083.715865850 1.1541
1520440083.765775919 1.0701
1520440083.815777779 1.1061
1520440083.865778923 1.1572
1520440083.915780783 1.0285
1520440083.965781689 1.0435
1520440084.015810490 1.0540
1520440084.065811634 1.0765
1520440084.115813732 1.0831
1520440084.165814638 1.1044
1520440084.215816736 1.1545
1520440084.265818596 1.0822
1520440084.315819502 1.1343
1520440084.365821600 1.0516
1520440084.415797234 1.1250
1520440084.465799332 1.1540
1520440084.515800238 1.1201
1520440084.565802336 1.2002
1520440084.615803480 1.1720
1520440084.665805340 1.1813
1520440084.715807199 1.0456
1520440084.765808344 1.0932
1520440084.815819263 1.0787
1520440084.865821123 1.0609
1520440084.915822268 1.0754
1520440084.965824366 0.9390
1520440085.015826225 0.9558
1520440085.065827370 1.0096
1520440085.115828276 0.8786
1520440085.165830135 0.9128
1520440085.215832233 0.9932
1520440085.265826225 0.9904
1520440085.315828323 1.0915
1520440085.365829468 1.0555
1520440085.415830374 1.1197
1520440085.465832233 1.1123
1520440085.515839338 1.1189
1520440085.565937042 1.1229
1520440085.615837097 1.0364
1520440085.665876627 1.1726
1520440085.715878725 1.0828
1520440085.765879631 1.0945
1520440085.815881729 1.0665
1520440085.865883589 1.1581
1520440085.915884495 1.0846
1520440085.965886831 1.1280
1520440086.015887499 1.0036
1520440086.065934896 1.1263
1520440086.115936041 1.0876
1520440086.165937901 1.0698
1520440086.215938807 1.0285
1520440086.265940905 1.0312
1520440086.315943003 1.0545
1520440086.365943909 0.9320
1520440086.415946007 0.9971
1520440086.465925217 0.9720
1520440086.515927315 0.9982
1520440086.565928221 0.9763
1520440086.615930080 1.0394
1520440086.665932178 1.0437
1520440086.715934277 0.8915
1520440086.765935421 1.0154
1520440086.815937281 0.9589
1520440086.865972757 0.9218
1520440086.915974855 0.8959
1520440086.965976715 0.9939
1520440087.015976906 0.8914
1520440087.065979958 0.8098
1520440087.115980864 0.8028
1520440087.165982008 0.8052
1520440087.215987682 0.8253
1520440087.265992641 0.9882
1520440087.315993547 1.0333
1520440087.365994692 0.9907
1520440087.415996790 0.9346
1520440087.465998650 0.9239
1520440087.515999794 0.9384
1520440087.566001654 0.9691
1520440087.616002798 1.0957
1520440087.666004658 1.0649
1520440087.715968370 1.1463
1520440087.765970469 1.1245
1520440087.815971375 1.0448
1520440087.865973234 0.9959
1520440087.915975332 1.0243
1520440087.965976238 1.0241
1520440088.015978336 1.1103
1520440088.065979481 1.1307
1520440088.116010666 1.1065
1520440088.166011810 1.1162
1520440088.216013908 1.1545
1520440088.266015768 1.2062
1520440088.316016912 1.1757
1520440088.366018772 1.2023
1520440088.416019917 1.0319
1520440088.466021776 1.0145
1520440088.516021729 1.0231
1520440088.566022873 0.9259
1520440088.616024733 0.8850
1520440088.666027069 0.8843
1520440088.716027975 0.8224
1520440088.766028881 0.8972
1520440088.816030979 0.8726
1520440088.866035938 0.9242
1520440088.915976524 0.8838
1520440088.965978622 0.9200
1520440089.015980482 0.9064
1520440089.065981388 0.9328
1520440089.115982533 0.9315
1520440089.165984631 0.8898
1520440089.215986490 0.8971
1520440089.265987635 0.9066
1520440089.315925598 0.8805
1520440089.365927458 0.8825
1520440089.415928602 0.9386
1520440089.465930462 0.8875
1520440089.515932322 0.8832
1520440089.565933466 0.9120
1520440089.615935564 1.0101
1520440089.665936470 1.0713
1520440089.715938568 1.0195
1520440089.765854120 0.9874
1520440089.815856457 1.0301
1520440089.865858316 1.7613
1520440089.915859222 3.6390
1520440089.965861320 3.6191
1520440090.015862226 1.7301
1520440090.065864086 3.6372
1520440090.115865231 2.1888
1520440090.165803432 2.7317
1520440090.215805531 1.7198
1520440090.265806675 2.3708
1520440090.315808535 2.7171
1520440090.365810394 1.7831
1520440090.415811539 2.3283
1520440090.465813398 3.4265
1520440090.515814543 1.2281
1520440090.565781355 2.6849
1520440090.615783215 3.7582
1520440090.665784121 1.1828
1520440090.715785265 1.1702
1520440090.765787125 1.1934
1520440090.815788269 1.1590
1520440090.865791321 1.1444
1520440090.915791035 1.1104
1520440090.965791702 1.1272
1520440091.015791893 1.2018
1520440091.065816879 1.1042
1520440091.115795612 1.1754
1520440091.165796757 1.0664
1520440091.215798855 1.3635
1520440091.265799761 2.3259
1520440091.315801859 2.1802
1520440091.365817785 1.2296
1520440091.415819883 1.6612
1520440091.465821743 1.3302
1520440091.515822887 1.0730
1520440091.565824747 1.1810
1520440091.615825891 2.1658
1520440091.665827751 1.3755
1520440091.715828657 1.5297
1520440091.765803099 1.4961
1520440091.815804005 1.4118
1520440091.865806103 1.2176
1520440091.915807962 1.3110
1520440091.965809107 1.1094
1520440092.015810966 1.1365
1520440092.065811872 1.1629
1520440092.115814209 1.2555
1520440092.165819883 1.5936
1520440092.215811014 1.1056
1520440092.265812874 1.0306
1520440092.315814257 1.0504
1520440092.365817070 1.1094
1520440092.415817976 1.1486
1520440092.465819120 0.9687
1520440092.515820026 1.0426
1520440092.565823078 1.0196
1520440092.615842581 1.0342
1520440092.665843725 0.9088
1520440092.715845585 0.9351
1520440092.765847445 0.9537
1520440092.815848589 0.9633
1520440092.865850687 1.0169
1520440092.915903807 0.9824
1520440092.965852737 1.0311
1520440093.015841961 0.9788
1520440093.065844059 0.9753
1520440093.115845203 1.0147
1520440093.165847063 0.9203
1520440093.215848207 0.9618
1520440093.265850067 0.9726
1520440093.315850973 0.9973
1520440093.365853071 1.0020
1520440093.415851831 0.9969
1520440093.465853691 0.9523
1520440093.515855789 0.9980
1520440093.565856695 1.0302
1520440093.615858793 0.9923
1520440093.665859938 1.0426
1520440093.715861797 1.0589
1520440093.765862703 1.0928
1520440093.815858603 1.1049
1520440093.865860701 1.0660
1520440093.915861845 1.0877
1520440093.965863705 1.0651
1520440094.015865564 1.0580
1520440094.065866709 1.0501
1520440094.115868568 1.0530
1520440094.165870667 0.9066
1520440094.215875626 0.9524
1520440094.265876532 0.9148
1520440094.315878630 0.9113
1520440094.365879536 1.7672
1520440094.415881395 0.9165
1520440094.465883732 0.9770
1520440094.515884638 0.9930
1520440094.565886497 0.9838
1520440094.615891457 0.9764
1520440094.665881395 0.9938
1520440094.715882540 0.9687
1520440094.765970469 0.9582
1520440094.815885305 0.9580
1520440094.865887403 1.0476
1520440094.915888309 1.0680
1520440094.965890408 1.0928
1520440095.015891552 1.0605
1520440095.065899372 1.0752
1520440095.115901232 1.1049
1520440095.165902376 1.1199
1520440095.215904236 1.0421
1520440095.265905380 1.0579
1520440095.315907240 1.1305
1520440095.365908146 1.0093
1520440095.415910482 0.9688
1520440095.465922594 1.0180
1520440095.515923500 1.0254
1520440095.565925598 0.9754
1520440095.615926504 1.0415
1520440095.665928364 1.0221
1520440095.715929508 0.9988
1520440095.765931606 1.0555
1520440095.815933466 1.0757
1520440095.865931273 1.1370
1520440095.915933371 1.1551
1520440095.965934277 1.1118
1520440096.015936375 1.1256
1520440096.065938473 1.0268
1520440096.115940332 1.0286
1520440096.165940523 1.0738
1520440096.215942383 1.0025
1520440096.265958309 1.0022
1520440096.315959215 0.9592
1520440096.365961552 0.9938
1520440096.415963411 1.0217
1520440096.465964317 1.0186
1520440096.515966415 0.9512
1520440096.565967321 0.9336
1520440096.615968466 0.9736
1520440096.665983677 1.0031
1520440096.715986013 1.0177
1520440096.765986919 0.9644
1520440096.815988779 0.9406
1520440096.865989923 0.9653
1520440096.915991783 0.9770
1520440096.965993643 1.0210
1520440097.015994787 1.0213
1520440097.065996885 0.9677
1520440097.116005421 0.9311
1520440097.166007280 0.9368
1520440097.216008186 0.9553
1520440097.266010284 0.9810
1520440097.316011190 0.9894
1520440097.366013288 1.0328
1520440097.416014433 1.0310
1520440097.466016293 0.9937
1520440097.515992880 1.0307
1520440097.565994978 1.0515
1520440097.615995884 1.0287
1520440097.665997744 1.0003
1520440097.715998888 1.0082
1520440097.766000986 0.8811
1520440097.816002846 0.9237
1520440097.866003990 0.9436
1520440097.916004896 0.8968
1520440097.966006994 0.9383
1520440098.016007900 0.9729
1520440098.066009760 0.9397
1520440098.116010904 0.8997
1520440098.166013002 0.9589
1520440098.216014862 0.9468
1520440098.266016006 1.0176
1520440098.316020250 1.0321
1520440098.366020203 1.0809
1520440098.416051149 0.9777
1520440098.466022253 0.9844
1520440098.516024113 0.9536
1520440098.566025257 0.9643
1520440098.616027117 0.9092
1520440098.666028976 0.9394
1520440098.716024160 0.9239
1520440098.766026020 0.9399
1520440098.816026926 0.9649
1520440098.866029024 1.0004
1520440098.916029930 1.0195
1520440098.966031790 1.0574
1520440099.016034126 1.1330
1520440099.066035032 1.1342
1520440099.116028070 1.1277
1520440099.166028976 1.1149
1520440099.216031075 1.1565
1520440099.266032219 1.2154
1520440099.316034079 1.2152
1520440099.366034985 1.0955
1520440099.416037083 1.0822
1520440099.466038942 1.1297
1520440099.516041040 1.1242
1520440099.566068888 1.1226
1520440099.616070986 1.0994
1520440099.666071892 1.1129
1520440099.716073990 1.1254
1520440099.766074896 0.9147
1520440099.816076756 0.9694
1520440099.866077900 0.9842
1520440099.916079760 0.8461
1520440099.966084719 0.9125
1520440100.016086578 0.9622
1520440100.066088438 1.0094
1520440100.116089582 1.0184
1520440100.166090488 0.9953
1520440100.216092348 1.0186
1520440100.266173363 0.9664
1520440100.316095591 0.9927
1520440100.366090775 1.0219
1520440100.416091919 0.9450
1520440100.466093779 0.9586
1520440100.516094685 0.9747
1520440100.566096783 1.0192
1520440100.616097689 0.9010
1520440100.666099787 0.9730
1520440100.716101885 0.9109
1520440100.766118050 1.0240
1520440100.816120386 0.9592
1520440100.866121292 0.9735
1520440100.916123152 0.9649
1520440100.966124296 0.9743
1520440101.016126156 0.9738
1520440101.066128016 1.0275
1520440101.116129398 1.0333
1520440101.166109324 1.0064
1520440101.216110706 1.0627
1520440101.266112566 1.0433
1520440101.316114426 1.1347
1520440101.366115570 1.0401
1520440101.416117430 1.0749
1520440101.466118336 0.9457
1520440101.516120672 0.9653
1520440101.566145897 1.0586
1520440101.616147757 1.8306
1520440101.666149616 5.4292
1520440101.716150761 7.9927
1520440101.766152620 1.0263
1520440101.816153526 1.0841
1520440101.866155863 1.0816
1520440101.916156769 1.1129
1520440101.966158867 1.1091
1520440102.016164541 1.1237
1520440102.066165447 1.0961
1520440102.116166353 1.1376
1520440102.166168690 1.1102
1520440102.216170549 0.9595
1520440102.266171455 0.9249
1520440102.316173553 0.9977
1520440102.366174459 0.8934
1520440102.416195631 0.8981
1520440102.466196537 0.9855
1520440102.516198635 0.9922
1520440102.566200495 1.0035
1520440102.616201401 1.0244
1520440102.666203737 1.0717
1520440102.716204643 1.0632
1520440102.766206503 1.0799
1520440102.816238642 1.0788
1520440102.866240501 0.9958
1520440102.916241646 1.0497
1520440102.966243505 0.9311
1520440103.016244411 0.9142
1520440103.066246748 0.8955
1520440103.116248608 0.9514
1520440103.166249514 1.0113
1520440103.216239691 1.0130
1520440103.266241550 1.0503
1520440103.316243410 1.0048
1520440103.366244555 1.0163
1520440103.416246414 1.0255
1520440103.466247320 1.1199
1520440103.516252756 1.1154
1520440103.566250563 1.1789
1520440103.616292715 1.1888
1520440103.666293859 1.1826
1520440103.716294765 1.0793
1520440103.766296625 1.0443
1520440103.816303730 1.0286
1520440103.866299629 1.0971
1520440103.916350603 0.9832
1520440103.966302633 1.0170
1520440104.016304731 1.0747
1520440104.066340446 1.0996
1520440104.116342545 1.0188
1520440104.166343451 1.0027
1520440104.216345310 0.9936
1520440104.266347408 0.9688
1520440104.316348314 1.0418
1520440104.366350412 1.0472
1520440104.416351557 1.1016
1520440104.466400862 1.1216
1520440104.516402006 1.0919
1520440104.566403866 1.0189
1520440104.616405010 1.0713
1520440104.666406870 1.1143
1520440104.716408730 0.9374
1520440104.766409874 1.0275
1520440104.816411972 1.0326
1520440104.866463184 1.1126
1520440104.916465044 1.1267
1520440104.966467142 1.1080
1520440105.016468287 1.0899
1520440105.066470146 1.0788
1520440105.116471291 1.0968
1520440105.166474342 1.0522
1520440105.216474056 1.0304
1520440105.266488075 1.0850
1520440105.316489935 1.0270
1520440105.366491079 1.0668
1520440105.416492939 0.9935
1520440105.466493845 1.0048
1520440105.516496181 0.9409
1520440105.566497087 1.0728
1520440105.616498947 0.9895
1520440105.666562796 1.0762
1520440105.716565847 1.1198
1520440105.766565800 1.0997
1520440105.816567898 1.1410
1520440105.866569757 1.1010
1520440105.916570902 1.0707
1520440105.966572762 1.1704
1520440106.016573906 1.0245
1520440106.066579342 1.1387
1520440106.116580248 0.9995
1520440106.166582584 1.0832
1520440106.216583490 1.0019
1520440106.266585350 1.0983
1520440106.316587448 1.1274
1520440106.366588354 1.1606
1520440106.416590452 1.0538
1520440106.466591597 1.0780
1520440106.516597748 0.9416
1520440106.566598654 0.9667
1520440106.616600752 1.0471
1520440106.666602850 0.9668
1520440106.716603756 1.0275
1520440106.766605854 0.9848
1520440106.816607714 1.0255
1520440106.866609573 1.0283
1520440106.916694880 1.1090
1520440106.966695786 1.1155
1520440107.016697645 1.0745
1520440107.066698790 1.0956
1520440107.116701603 1.1388
1520440107.166702509 1.0449
1520440107.216703653 1.1362
1520440107.266704559 1.1781
1520440107.316750050 1.0288
1520440107.366751909 1.0458
1520440107.416753054 1.1426
1520440107.466755152 1.1887
1520440107.516756058 1.1808
1520440107.566795111 1.1606
1520440107.616759062 1.0913
1520440107.666760921 1.0491
1520440107.716792107 1.0259
1520440107.766793966 1.0538
1520440107.816796064 1.0160
1520440107.866796970 0.9226
1520440107.916799068 1.0322
1520440107.966800213 1.1341
1520440108.016802073 1.3864
1520440108.066802979 1.2952
1520440108.116812944 1.1089
1520440108.166814089 1.1416
1520440108.216816187 1.0495
1520440108.266818047 1.0181
1520440108.316819191 1.1292
1520440108.366821051 0.9810
1520440108.416821957 1.0949
1520440108.466824293 1.0747
1520440108.516872883 1.1154
1520440108.566874981 1.1577
1520440108.616877079 1.1847
1520440108.666877985 1.1150
1520440108.716880798 1.0276
1520440108.766881943 1.0525
1520440108.816884041 1.1480
1520440108.866883993 1.2261
1520440108.916886091 1.0797
1520440108.967007160 1.1522
1520440109.017008305 1.2412
1520440109.067011356 1.1590
1520440109.117011547 1.1059
1520440109.167013407 1.1152
1520440109.217014313 1.0737
1520440109.267016411 1.0359
1520440109.317018270 1.0569
1520440109.367079496 1.0238
1520440109.417181492 1.1330
1520440109.467079401 1.1766
1520440109.517081499 1.1732
1520440109.567082405 1.2128
1520440109.617084503 1.1864
1520440109.667085648 1.1683
1520440109.717087507 1.1858
1520440109.767139673 1.2022
1520440109.817141533 1.1761
1520440109.867143631 1.1952
1520440109.917144537 1.1775
1520440109.967146397 1.0811
1520440110.017147541 1.1411
1520440110.067149639 1.1110
1520440110.117150784 1.1284
1520440110.167176247 1.1506
1520440110.217177153 1.0865
1520440110.267179251 1.2276
1520440110.317181110 1.0709
1520440110.367182016 1.0948
1520440110.417184353 1.0039
1520440110.467186213 1.0095
1520440110.517187357 1.0676
1520440110.567203999 1.0167
1520440110.617205143 1.0544
1520440110.667207241 1.0812
1520440110.717209339 1.1443
1520440110.767210245 1.1428
1520440110.817212105 1.1601
1520440110.867213249 1.2040
1520440110.917215347 1.1235
1520440110.967300653 1.1776
1520440111.017300844 1.0948
1520440111.067302704 1.0553
1520440111.117304802 1.0331
1520440111.167305708 1.1034
1520440111.217349529 0.9704
1520440111.267308712 1.0876
1520440111.317310810 1.0590
1520440111.367311716 0.9466
1520440111.417448759 1.0027
1520440111.467450619 0.9994
1520440111.517451763 1.0316
1520440111.567453623 0.9924
1520440111.617454529 0.8619
1520440111.667456865 0.9771
1520440111.717457771 1.0692
1520440111.767459631 0.9916
1520440111.817521334 0.9697
1520440111.867523432 0.9611
1520440111.917525291 1.1166
1520440111.967526436 1.1736
1520440112.017528296 1.0998
1520440112.067529202 1.0791
1520440112.117531300 1.1489
1520440112.167532206 1.1612
1520440112.217570782 1.2070
1520440112.267572641 1.2399
1520440112.317574739 1.2627
1520440112.367575884 1.2402
1520440112.417576790 1.2644
1520440112.467578650 1.1733
1520440112.517579794 3.2027
1520440112.567582607 2.6329
1520440112.617763758 4.1626
1520440112.667764902 3.1583
1520440112.717767000 3.7710
1520440112.767768860 1.2484
1520440112.817770004 1.2304
1520440112.867771864 1.0776
1520440112.917772770 1.2523
1520440112.967773914 1.1486
1520440113.017815828 1.2814
1520440113.067817688 1.2775
1520440113.117818832 1.1879
1520440113.167820692 1.2813
1520440113.217821598 1.2628
1520440113.267823935 1.1712
1520440113.317824841 1.3124
1520440113.367826700 1.3382
1520440113.418071032 1.2736
1520440113.468071938 1.2052
1520440113.518074036 1.0435
1520440113.568074942 1.1870
1520440113.618077040 1.0995
1520440113.668078184 1.2106
1520440113.718080044 1.1036
1520440113.768081188 1.1986
1520440113.818083048 1.1472
1520440113.868452549 1.2784
1520440113.918453693 1.2143
1520440113.968455791 1.1846
1520440114.018456459 1.0505
1520440114.068458796 1.1321
1520440114.118460655 1.1728
1520440114.168462515 1.1432
1520440114.218463659 1.2700
1520440114.268774509 1.2499
1520440114.318776608 1.2118
1520440114.368777514 1.2307
1520440114.418779373 1.0337
1520440114.468780518 1.1452
1520440114.518781424 1.0994
1520440114.568783283 1.0894
1520440114.618784428 1.2125
1520440114.668956041 1.2027
1520440114.718956947 1.0872
1520440114.768959284 1.1562
1520440114.818961143 1.1408
1520440114.869024277 1.0627
1520440114.918963194 1.1640
1520440114.968965054 1.0561
1520440115.018966198 1.1993
1520440115.069072723 1.2085
1520440115.119074583 1.2363
1520440115.169075489 1.1989
1520440115.219077587 1.2308
1520440115.269078493 1.2196
1520440115.319080353 1.1832
1520440115.369081497 1.2551
1520440115.419083595 1.0889
1520440115.468996763 1.1487
1520440115.518997908 1.0753
1520440115.569000006 1.0937
1520440115.619000912 1.1079
1520440115.669003010 1.0758
1520440115.719003916 1.1787
1520440115.769005775 1.1493
1520440115.819006920 1.1991
1520440115.868806362 1.1929
1520440115.918808222 1.2039
1520440115.968809128 1.1823
1520440116.018811464 1.2241
1520440116.068813324 1.1593
1520440116.118814468 1.1502
1520440116.168816328 1.1246
1520440116.218818188 1.3055
1520440116.268819571 1.2760
1520440116.318733931 1.2629
1520440116.368735790 1.2490
1520440116.418737888 1.3496
1520440116.468738794 1.2444
1520440116.518739700 1.3516
1520440116.568741798 1.3393
1520440116.618743896 1.2184
1520440116.668757677 1.3698
1520440116.718746901 1.2398
1520440116.768747807 1.3574
1520440116.818749666 1.3145
1520440116.868750811 1.3104
1520440116.918752670 1.2526
1520440116.968753815 1.3145
1520440117.018755913 1.3904
1520440117.068757772 1.2494
1520440117.118708372 1.1666
1520440117.168710470 1.2349
1520440117.218711615 1.1619
1520440117.268713474 1.2170
1520440117.318714380 1.2255
1520440117.368716478 1.2559
1520440117.418717384 1.1174
1520440117.468719244 1.1275
1520440117.518576860 1.1810
1520440117.568578005 1.1756
1520440117.618579865 1.2082
1520440117.668581009 1.2339
1520440117.718583107 1.0815
1520440117.768584967 1.1607
1520440117.818586111 1.1165
1520440117.868587971 1.2515
1520440117.918438673 2.3601
1520440117.968440771 1.3635
1520440118.018441677 1.2165
1520440118.068443537 1.2506
1520440118.118444681 1.0006
1520440118.168445587 1.0507
1520440118.218447685 0.7726
1520440118.268448830 0.9902
1520440118.317845345 1.2213
1520440118.367846251 1.0113
1520440118.417848349 0.9901
1520440118.467849255 1.2321
1520440118.517953396 1.1263
1520440118.567852259 1.1617
1520440118.617854118 1.2338
1520440118.667856216 1.1210
1520440118.717857361 1.1836
1520440118.767589331 1.3753
1520440118.817590475 1.3031
1520440118.867592335 1.4921
1520440118.917593241 1.1248
1520440118.967595577 1.2084
1520440119.017596483 1.2275
1520440119.067598343 2.8740
1520440119.117600441 1.3438
1520440119.167418718 1.3284
1520440119.217420816 1.2270
1520440119.267421722 1.4040
1520440119.317423582 1.1715
1520440119.367424726 2.4578
1520440119.417426586 1.2850
1520440119.467428923 1.3338
1520440119.517429829 1.2480
1520440119.567213297 3.9005
1520440119.617215157 2.4907
1520440119.667216063 1.5853
1520440119.717218399 1.3852
1520440119.767219305 1.1375
1520440119.817221165 1.2473
1520440119.867223263 1.4294
1520440119.917224169 1.3003
1520440119.967045307 1.2930
1520440120.017047644 1.2981
1520440120.067048550 1.2701
1520440120.117050409 1.0891
1520440120.167052507 1.1640
1520440120.217053413 1.1995
1520440120.267055273 1.2996
1520440120.317116499 1.1905
1520440120.366772175 0.8334
1520440120.416773081 0.8304
1520440120.466775179 0.8114
1520440120.516776085 0.9538
1520440120.566778183 1.0169
1520440120.616779327 1.1669
1520440120.666781187 1.2750
1520440120.716783047 1.2370
1520440120.766784191 1.3732
1520440120.816616297 1.1678
1520440120.866617441 1.3218
1520440120.916619301 0.9989
1520440120.966620207 0.8539
1520440121.016622305 1.0017
1520440121.066624165 1.0491
1520440121.116625071 1.1436
1520440121.166627407 1.1876
1520440121.216578245 1.1604
1520440121.266580105 1.1666
1520440121.316581488 1.2262
1520440121.366584301 1.2305
1520440121.416584492 1.2696
1520440121.466587305 1.1299
1520440121.516588211 1.1392
1520440121.566590309 1.2582
1520440121.616555214 1.1691
1520440121.666557074 4.6928
1520440121.716558218 1.3344
1520440121.766559124 1.1980
1520440121.816561222 1.2795
1520440121.866563320 1.3177
1520440121.916564226 1.6478
1520440121.966566086 1.2695
1520440122.016541481 1.3760
1520440122.066542625 1.2305
1520440122.116563559 1.2630
1520440122.166545391 1.2842
1520440122.216546535 1.2900
1520440122.266548395 1.6724
1520440122.316550493 2.1477
1520440122.366551638 1.3149
1520440122.416549683 1.1634
1520440122.466550589 1.1526
1520440122.516552687 1.1403
1520440122.566553593 1.1943
1520440122.616555452 1.3006
1520440122.666557789 1.2802
1520440122.716558695 1.2150
1520440122.766560555 1.1764
1520440122.816553116 1.2989
1520440122.866555452 1.2018
1520440122.916556358 1.2860
1520440122.966558218 1.2674
1520440123.016559362 1.2897
1520440123.066561222 1.4999
1520440123.116563082 1.0897
1520440123.166565418 1.0954
1520440123.216566324 1.0180
1520440123.266555786 2.1466
1520440123.316556692 1.1122
1520440123.366558790 1.1210
1520440123.416560888 1.0377
1520440123.466561794 1.0373
1520440123.516563654 1.1244
1520440123.566564798 1.1031
1520440123.616565704 2.3662
1520440123.666555882 1.2931
1520440123.716557980 0.9768
1520440123.766558886 1.0398
1520440123.816561222 0.9959
1520440123.866562128 0.9639
1520440123.916563988 1.0833
1520440123.966565132 1.0623
1520440124.016566992 2.3571
1520440124.066555500 1.5387
1520440124.116557360 1.0483
1520440124.166558266 1.0720
1520440124.216560364 1.0706
1520440124.266562223 1.0919
1520440124.316563129 1.1914
1520440124.366565466 1.1562
1520440124.416566372 1.1377
1520440124.466557980 1.2943
1520440124.516558886 3.5880
1520440124.566560745 1.9532
1520440124.616562843 2.1657
1520440124.666563749 2.0492
1520440124.716565847 1.0780
1520440124.766566992 1.7087
1520440124.816568851 1.6050
1520440124.866558552 1.0797
1520440124.916560411 1.0499
1520440124.966561556 1.0847
1520440125.016563416 1.0747
1520440125.066565275 1.0308
1520440125.116566420 0.9581
1520440125.166568518 1.0037
1520440125.216570377 1.0652
1520440125.266570330 1.0234
1520440125.316572189 0.9139
1520440125.366573095 1.0273
1520440125.416574240 1.4930
1520440125.466577053 1.0220
1520440125.516577959 1.0887
1520440125.566580296 1.0627
1520440125.616581202 1.1551
1520440125.666582346 1.1294
1520440125.716588497 0.9742
1520440125.766666412 0.9708
1520440125.816591263 1.0401
1520440125.866593599 0.8711
1520440125.916594505 0.8693
1520440125.966596365 0.9010
1520440126.016597509 0.9844
1520440126.066599369 0.8956
1520440126.116590738 2.1815
1520440126.166592836 2.1733
1520440126.216594934 0.9841
1520440126.266595840 1.0409
1520440126.316597700 2.1094
1520440126.366598845 1.8284
1520440126.416600943 1.1159
1520440126.466601610 1.1222
1520440126.516601562 1.1271
1520440126.566603661 1.1798
1520440126.616604567 1.0727
1520440126.666606665 0.9944
1520440126.716607809 1.0154
1520440126.766609669 1.0505
1520440126.816611528 0.9397
1520440126.866612673 0.9432
1520440126.916604757 0.9369
1520440126.966605663 0.9481
1520440127.016607761 0.9945
1520440127.066608667 0.9958
1520440127.116610527 1.0316
1520440127.166612625 1.1133
1520440127.216613531 0.9992
1520440127.266615629 1.0417
1520440127.316609859 1.0794
1520440127.366611719 0.9887
1520440127.416612864 0.9700
1520440127.466617823 0.9418
1520440127.516615629 0.9579
1520440127.566650629 1.0593
1520440127.616618633 1.0299
1520440127.666620731 1.0306
1520440127.716609240 1.0516
1520440127.766611099 0.9494
1520440127.816612244 0.9915
1520440127.866614342 1.0586
1520440127.916616440 0.9751
1520440127.966617346 0.9158
1520440128.016619205 1.0203
1520440128.066620350 1.0701
1520440128.116622448 1.1336
1520440128.166620970 1.0204
1520440128.216622829 1.0081
1520440128.266624689 0.9634
1520440128.316625834 0.9662
1520440128.366627932 1.0307
1520440128.416629076 1.0418
1520440128.466630936 1.0379
1520440128.516631842 1.1018
1520440128.566632986 1.0042
1520440128.616635084 1.0127
1520440128.666635990 0.9385
1520440128.716637850 0.9719
1520440128.766638994 0.9856
1520440128.816641092 1.0185
1520440128.866642952 1.0422
1520440128.916644096 1.0266
1520440128.966646194 1.0442
1520440129.016647100 0.9937
1520440129.066649437 1.0036
1520440129.116650343 0.9960
1520440129.166652203 2.5355
1520440129.216654301 1.0563
1520440129.266655207 1.0414
1520440129.316656113 1.0654
1520440129.366655350 1.7323
1520440129.416656494 3.5102
1520440129.466658354 4.4523
1520440129.516660213 2.8436
1520440129.566661358 3.1342
1520440129.616663218 3.8610
1520440129.666664124 1.2070
1520440129.716666460 1.2555
1520440129.766674995 2.6505
1520440129.816676855 1.7642
1520440129.866678715 1.9679
1520440129.916679859 1.2105
1520440129.966681957 1.1901
1520440130.016682863 1.2521
1520440130.066684961 1.0997
1520440130.116686821 1.0767
1520440130.166687727 0.9544
1520440130.216688633 1.0828
1520440130.266690493 1.1610
1520440130.316692829 0.9637
1520440130.366693735 1.0468
1520440130.416695595 1.0820
1520440130.466697693 0.9883
1520440130.516699553 1.0564
1520440130.566700459 1.1117
1520440130.616701603 0.9960
1520440130.666703701 1.0123
1520440130.716704845 1.0234
1520440130.766706705 1.0411
1520440130.816708565 1.0768
1520440130.866709709 1.0338
1520440130.916711569 0.9471
1520440130.966712475 0.9243
1520440131.016718864 1.0081
1520440131.066720009 1.8344
1520440131.116721869 0.9009
1520440131.166722775 0.8952
1520440131.216795921 0.9308
1520440131.266725779 0.9702
1520440131.316728115 1.0003
1520440131.366729021 0.9413
1520440131.416730642 0.9976
1520440131.466732502 0.9856
1520440131.516733646 0.9938
1520440131.566735506 1.0249
1520440131.616736412 1.0010
1520440131.666738749 1.0421
1520440131.716739655 1.0289
1520440131.766741514 1.0381
1520440131.816743135 1.0030
1520440131.866744041 1.0759
1520440131.916746140 1.5467
1520440131.966747046 1.0493
1520440132.016749144 0.9747
1520440132.066751242 0.9669
1520440132.116752148 0.9551
1520440132.166753292 0.9462
1520440132.216748714 1.0044
1520440132.266750813 1.0155
1520440132.316751719 0.9909
1520440132.366753817 0.9377
1520440132.416755676 0.9524
1520440132.466756582 0.8891
1520440132.516758680 0.9395
1520440132.566760778 0.9017
1520440132.616764784 0.9023
1520440132.666770697 0.9389
1520440132.716767550 0.9862
1520440132.766769648 1.0488
1520440132.816770554 1.0509
1520440132.866772413 1.0214
1520440132.916773558 1.0564
1520440132.966774464 1.0478
1520440133.016793489 1.0241
1520440133.066780329 0.9428
1520440133.116781473 1.0071
1520440133.166783571 0.9615
1520440133.216784477 1.0149
1520440133.266786575 1.0155
1520440133.316787481 1.0166
1520440133.366789341 2.3316
1520440133.416790485 1.0535
1520440133.466800213 1.0352
1520440133.516802073 2.3355
1520440133.566803217 1.8474
1520440133.616805077 5.7043
1520440133.666805983 1.2246
1520440133.716808081 1.1871
1520440133.766808987 1.1425
1520440133.816811085 1.0752
1520440133.866812229 1.0654
1520440133.916813135 1.0586
1520440133.966815233 1.0038
1520440134.016816139 1.0967
1520440134.066817999 1.0401
1520440134.116819143 1.1012
1520440134.166821003 1.0783
1520440134.216823101 0.9765
1520440134.266832113 1.0054
1520440134.316833973 1.0355
1520440134.366833925 1.0033
1520440134.416836023 1.0741
1520440134.466836929 1.0307
1520440134.516839027 3.0000
1520440134.566840172 1.5284
1520440134.616842031 1.2420
1520440134.666842937 1.2481
1520440134.716843843 1.0906
1520440134.766845942 1.2375
1520440134.816848993 1.2366
1520440134.866947889 1.2966
1520440134.916849852 1.1295
1520440134.966851950 1.0674
1520440135.016853094 1.0531
1520440135.066854954 1.0880
1520440135.116859913 1.0484
1520440135.166860819 1.0325
1520440135.216862679 0.9857
1520440135.266863823 1.1118
1520440135.316865683 1.0641
1520440135.366866589 1.0796
1520440135.416868925 1.1118
1520440135.466870785 1.0627
1520440135.516872883 2.3000
1520440135.566874981 1.0747
1520440135.616875887 1.1158
1520440135.666877985 1.1435
1520440135.716878891 1.2636
1520440135.766880989 1.2190
1520440135.816881895 1.2014
1520440135.866883755 1.0929
1520440135.916886330 1.1753
1520440135.966888189 1.1090
1520440136.016889095 1.1827
1520440136.066891193 1.1788
1520440136.116892099 1.1875
1520440136.166894197 1.0885
1520440136.216895342 1.0312
1520440136.266897202 1.9281
1520440136.316898346 1.5046
1520440136.366900206 2.8867
1520440136.416902065 1.2725
1520440136.466903210 1.2701
1520440136.516904116 1.2777
1520440136.566906214 1.2738
1520440136.616908312 1.0837
1520440136.666952133 1.1518
1520440136.716911793 1.1882
1520440136.766912699 1.0667
1520440136.816915035 1.1664
1520440136.866915941 1.0228
1520440136.916917801 1.1202
1520440136.966918945 1.0696
1520440137.016920805 1.1038
1520440137.066922903 1.0352
1520440137.116930962 1.0033
1520440137.166933298 0.9584
1520440137.216934204 0.9830
1520440137.266936064 1.0720
1520440137.316937208 1.1016
1520440137.366939068 1.0606
1520440137.416940212 1.1404
1520440137.466942310 1.0957
1520440137.516933680 1.1321
1520440137.566934586 1.0653
1520440137.616936445 1.1039
1520440137.666937590 1.1443
1520440137.716939449 1.0412
1520440137.766941547 1.0496
1520440137.816942692 1.0221
1520440137.866944551 1.1024
1520440137.916946411 1.0641
1520440137.966947079 1.0523
1520440138.016948938 1.1131
1520440138.066950083 1.1363
1520440138.116950989 1.1013
1520440138.166953325 1.0952
1520440138.216955185 1.0670
1520440138.266956091 1.0212
1520440138.316958189 1.0812
1520440138.366958380 1.0893
1520440138.416959286 1.1282
1520440138.466961384 1.0357
1520440138.516962290 1.0995
1520440138.566964149 1.1301
1520440138.616965294 1.0024
1520440138.666967392 0.9874
1520440138.716968536 0.9193
1520440138.766972065 1.0047
1520440138.816972971 1.0431
1520440138.866975307 1.0581
1520440138.916976213 1.0595
1520440138.966978073 1.0550
1520440139.016980171 1.0175
1520440139.066981077 1.0453
1520440139.116982937 1.0525
1520440139.166981459 1.0738
1520440139.216983318 1.0883
1520440139.266984224 1.1251
1520440139.316986322 1.1038
1520440139.366987228 1.0990
1520440139.416989088 1.1697
1520440139.466991425 1.1074
1520440139.516992331 1.0365
1520440139.566987753 1.0202
1520440139.616989851 0.9585
1520440139.666990757 0.9399
1520440139.716992855 1.0307
1520440139.766994953 1.0640
1520440139.816995859 1.1119
1520440139.866996765 1.0496
1520440139.916998863 1.0421
1520440139.967002153 1.0721
1520440140.017004013 0.9877
1520440140.067005157 1.0345
1520440140.117008209 1.2582
1520440140.167010069 1.0806
1520440140.217010260 1.1113
1520440140.267012119 1.1085
1520440140.317087173 0.9578
1520440140.367015123 1.0608
1520440140.417009592 1.1107
1520440140.467011690 1.0603
1520440140.517012835 1.1444
1520440140.567014694 1.1798
1520440140.617015600 1.0431
1520440140.667017698 0.9788
1520440140.717019558 1.1256
1520440140.767020464 1.1239
1520440140.817026377 1.0601
1520440140.867027521 1.1247
1520440140.917029381 1.0613
1520440140.967030525 1.1248
1520440141.017032385 1.1624
1520440141.067034483 1.1233
1520440141.117035627 1.1699
1520440141.167037487 1.2080
1520440141.217041731 1.0945
1520440141.267043591 1.1514
1520440141.317044735 1.0646
1520440141.367046595 1.1010
1520440141.417048931 1.0701
1520440141.467049837 1.1098
1520440141.517051697 1.0711
1520440141.567053795 1.1054
1520440141.617054939 1.1604
1520440141.667056799 1.1221
1520440141.717057943 1.1443
1520440141.767058849 1.0979
1520440141.817060947 1.1150
1520440141.867063046 1.0159
1520440141.917064905 1.1411
1520440141.967066050 1.1331
1520440142.017066479 2.0190
1520440142.067067385 1.1235
1520440142.117086411 1.1289
1520440142.167070389 0.9793
1520440142.217072487 1.0303
1520440142.267073631 1.0667
1520440142.317075491 1.0537
1520440142.367076397 0.9646
1520440142.417078495 1.0518
1520440142.467079878 1.1402
1520440142.517082214 1.0957
1520440142.567083120 1.1949
1520440142.617084980 0.9981
1520440142.667087078 1.0140
1520440142.717087984 1.1188
1520440142.767089844 1.1010
1520440142.817090988 1.1322
1520440142.867089033 1.0795
1520440142.917090416 1.1515
1520440142.967092276 1.1693
1520440143.017093182 1.2304
1520440143.067095280 1.2710
1520440143.117097139 1.2788
1520440143.167098045 1.1526
1520440143.217100382 1.1050
1520440143.267101765 1.0771
1520440143.317103624 1.0421
1520440143.367104769 1.0480
1520440143.417106628 1.0461
1520440143.467108727 1.0884
1520440143.517110825 1.0468
1520440143.567111731 0.9807
1520440143.617113590 0.9428
1520440143.667120218 0.9449
1520440143.717121124 0.9745
1520440143.767122984 0.9965
1520440143.817125082 1.0116
1520440143.867125988 1.0975
1520440143.917127848 2.2974
1520440143.967231989 1.1161
1520440144.017131090 1.0144
1520440144.067133188 1.1818
1520440144.117135286 1.1458
1520440144.167136192 1.1351
1520440144.217138529 0.9882
1520440144.267140388 1.1066
1520440144.317141294 2.3523
1520440144.367143393 3.3312
1520440144.417144299 2.0877
1520440144.467150688 1.1645
1520440144.517151594 1.1253
1520440144.567153692 1.1270
1520440144.617155552 1.2768
1520440144.667156458 1.1963
1520440144.717158556 1.2098
1520440144.767159462 1.2199
1520440144.817161560 1.1291
1520440144.867163658 0.9988
1520440144.917160273 1.0117
1520440144.967161179 0.9230
1520440145.017163038 0.9768
1520440145.067165136 1.0673
1520440145.117166996 1.1385
1520440145.167167902 1.0938
1520440145.217170238 1.1348
1520440145.267171144 1.1983
1520440145.317176104 1.1630
1520440145.367178202 1.1741
1520440145.417179108 1.1248
1520440145.467180967 1.1291
1520440145.517183304 1.0975
1520440145.567184210 1.1357
1520440145.617186069 1.1387
1520440145.667193174 1.1454
1520440145.717190981 1.1558
1520440145.767240047 1.0968
1520440145.817193747 1.1201
1520440145.867195845 1.0588
1520440145.917196751 1.0019
1520440145.967199087 1.0782
1520440146.017199755 1.1161
1520440146.067201853 1.0657
1520440146.117202282 1.1168
1520440146.167204380 1.1644
1520440146.217205286 1.0678
1520440146.267207146 1.1113
1520440146.317209244 1.1687
1520440146.367210150 1.0366
1520440146.417212486 1.1417
1520440146.467213392 1.0896
1520440146.517211914 1.0960
1520440146.567212820 1.0109
1520440146.617214918 1.0681
1520440146.667216778 1.0473
1520440146.717217684 1.1426
1520440146.767220020 1.0690
1520440146.817221880 1.1439
1520440146.867223024 1.1307
1520440146.917230129 1.1294
1520440146.967231274 1.0965
1520440147.017233133 1.1403
1520440147.067234278 1.1713
1520440147.117237329 1.1402
1520440147.167237043 2.2547
1520440147.217239380 1.1352
1520440147.267240286 1.0810
1520440147.317242146 1.0318
1520440147.367260218 0.9474
1520440147.417258263 1.0187
1520440147.467260122 1.0269
1520440147.517261267 0.9552
1520440147.567263126 1.0658
1520440147.617264032 1.0637
1520440147.667266369 1.0763
1520440147.717267275 1.0760
1520440147.767262697 1.0103
1520440147.817263842 1.0033
1520440147.867265701 1.0453
1520440147.917267799 1.0327
1520440147.967268944 1.1403
1520440148.017270803 1.1357
1520440148.067271709 1.1397
1520440148.117273808 1.2085
1520440148.167273760 1.2061
1520440148.217275620 1.2548
1520440148.267277479 1.1948
1520440148.317278624 1.1831
1520440148.367280722 1.1411
1520440148.417281628 1.1562
1520440148.467283726 1.1662
1520440148.517284632 1.1731
1520440148.567285776 1.1112
1520440148.617286921 1.1415
1520440148.667288780 1.0483
1520440148.717290640 1.1141
1520440148.767292023 1.1118
1520440148.817293882 1.1411
1520440148.867295742 1.0735
1520440148.917296886 1.0545
1520440148.967303991 1.0251
1520440149.017306089 1.0304
1520440149.067307949 1.0407
1520440149.117310047 0.9708
1520440149.167311192 1.0511
1520440149.217313051 1.0009
1520440149.267314196 1.0756
1520440149.317315102 1.0617
1520440149.367311478 1.0469
1520440149.417377234 1.1589
1520440149.467314243 1.0255
1520440149.517316341 1.0584
1520440149.567317247 1.0139
1520440149.617319107 1.0145
1520440149.667320251 1.1547
1520440149.717322350 2.4444
1520440149.767323017 1.1506
1520440149.817326069 1.1788
1520440149.867327929 1.0616
1520440149.917328835 1.1052
1520440149.967331171 1.1153
1520440150.017332077 1.0927
1520440150.067333937 1.0607
1520440150.117335081 1.0465
1520440150.167336941 1.0961
1520440150.217349529 1.1897
1520440150.267350435 1.1651
1520440150.317352533 1.1922
1520440150.367353678 1.2272
1520440150.417355537 1.1907
1520440150.467357397 1.1196
1520440150.517358541 0.9963
1520440150.567360401 1.0263
1520440150.617374659 0.8952
1520440150.667375803 1.0569
1520440150.717377901 1.0235
1520440150.767379761 1.0431
1520440150.817380905 1.0055
1520440150.867381811 1.0817
1520440150.917383909 1.1213
1520440150.967385769 1.1123
1520440151.017375231 1.0343
1520440151.067375183 0.9640
1520440151.117377281 1.0667
1520440151.167378187 1.0147
1520440151.217380047 1.1869
1520440151.267381191 3.5675
1520440151.317383051 1.1307
1520440151.367383957 1.1487
1520440151.417383194 1.1113
1520440151.467385054 1.0793
1520440151.517385960 1.0418
1520440151.567388058 1.0537
1520440151.617388964 1.1003
1520440151.667391062 1.0321
1520440151.717392206 1.1318
1520440151.767394066 1.0498
1520440151.817383766 1.0017
1520440151.867385626 0.9818
1520440151.917387724 1.0510
1520440151.967388630 0.9712
1520440152.017390490 1.0088
1520440152.067391634 0.9681
1520440152.117393732 1.0109
1520440152.167395592 1.0022
1520440152.217396736 1.0183
1520440152.267390490 1.0571
1520440152.317392588 0.9987
1520440152.367393494 1.0313
1520440152.417395353 1.0415
1520440152.467396498 1.1122
1520440152.517398596 1.0485
1520440152.567400455 1.0183
1520440152.617401600 0.9966
1520440152.667402029 1.0700
1520440152.717403173 1.0517
1520440152.767404079 1.0817
1520440152.817405939 1.1022
1520440152.867408037 1.0965
1520440152.917408943 1.1642
1520440152.967409849 1.0511
1520440153.017412186 1.4298
1520440153.067464113 1.0979
1520440153.117411137 1.0786
1520440153.167412996 1.2074
1520440153.217414141 1.1667
1520440153.267416000 1.1409
1520440153.317417145 1.1315
1520440153.367419243 1.1500
1520440153.417420149 1.0757
1520440153.467428207 1.1904
1520440153.517430305 1.1011
1520440153.567431211 1.0963
1520440153.617433071 1.0947
1520440153.667434216 1.0514
1520440153.717436075 1.0806
1520440153.767438173 1.1395
1520440153.817439318 1.0670
1520440153.867429018 3.3119
1520440153.917430162 2.6475
1520440153.967432261 2.4532
1520440154.017433405 1.3049
1520440154.067435265 1.3330
1520440154.117437124 1.2751
1520440154.167439222 1.2588
1520440154.217440367 1.1136
1520440154.267437458 1.1967
1520440154.317438364 1.1053
1520440154.367439508 1.1305
1520440154.417441607 1.2935
1520440154.467443466 1.0782
1520440154.517444611 2.1685
1520440154.567445517 3.1553
1520440154.617447376 1.2413
1520440154.667449713 2.1902
1520440154.717458010 4.3724
1520440154.767458916 1.3573
1520440154.817459822 1.3478
1520440154.867461920 1.2840
1520440154.917463779 2.3401
1520440154.967464924 1.2284
1520440155.017465830 1.0245
1520440155.067467690 1.0499
1520440155.117470264 0.9458
1520440155.167471409 1.0648
1520440155.217473269 1.1438
1520440155.267474174 1.0476
1520440155.317476273 1.0912
1520440155.367477179 1.1533
1520440155.417479277 1.1312
1520440155.467481375 1.1861
1520440155.517494202 1.0251
1520440155.567496300 1.1107
1520440155.617497444 1.2101
1520440155.667499304 1.0605
1520440155.717500210 1.0960
1520440155.767502308 1.0887
1520440155.817503214 1.0884
1520440155.867505074 1.0885
1520440155.917500019 1.0238
1520440155.967501163 1.0433
1520440156.017503023 1.9719
1520440156.067505121 1.2472
1520440156.117506027 1.2624
1520440156.167507887 1.1722
1520440156.217510223 1.1612
1520440156.267511129 1.1484
1520440156.317507982 1.1973
1520440156.367510080 1.9433
1520440156.417511225 1.7513
1520440156.467513084 2.2515
1520440156.517514944 1.2273
1520440156.567516088 1.2616
1520440156.617518187 1.1517
1520440156.667519093 1.2277
1520440156.717567444 1.1472
1520440156.767525434 1.2485
1520440156.817527533 1.2036
1520440156.867528439 1.1537
1520440156.917530298 1.1037
1520440156.967531443 1.1229
1520440157.017533541 1.1627
1520440157.067535400 1.2211
1520440157.117536545 1.3036
1520440157.167537689 1.1335
1520440157.217538595 1.0957
1520440157.267540693 1.0297
1520440157.317541599 1.0813
1520440157.367543459 1.0903
1520440157.417545795 1.0836
1520440157.467546701 1.1210
1520440157.517548561 1.1607
1520440157.567550659 1.1781
1520440157.617552757 1.0737
1520440157.667553902 1.1442
1520440157.717555761 1.2270
1520440157.767557621 1.1515
1520440157.817558765 1.1589
1520440157.867560625 1.1086
1520440157.917562723 1.0476
1520440157.967548609 1.1321
1520440158.017550945 1.1224
1520440158.067551851 1.1315
1520440158.117553711 1.0737
1520440158.167554855 0.9960
1520440158.217559814 1.0179
1520440158.267557621 1.0624
1520440158.317559719 1.0219
1520440158.367562294 1.0650
1520440158.417564154 1.1261
1520440158.467566013 1.1388
1520440158.517570257 1.1254
1520440158.567669153 1.1125
1520440158.617570400 1.1806
1520440158.667572260 1.1700
1520440158.717573166 2.1535
1520440158.767574072 1.1961
1520440158.817574978 1.4674
1520440158.867576838 1.1630
1520440158.917577982 1.2113
1520440158.967579842 1.1294
1520440159.017580986 1.0708
1520440159.067583084 1.1601
1520440159.117584944 1.1155
1520440159.167592049 1.1285
1520440159.217593908 1.0834
1520440159.267595053 1.4644
1520440159.317596912 1.2976
1520440159.367598057 2.4599
1520440159.417599916 1.2714
1520440159.467602015 3.7447
1520440159.517603159 1.4430
1520440159.567605019 1.7481
1520440159.617606163 1.2323
1520440159.667607307 1.2578
1520440159.717609167 1.8205
1520440159.767610312 1.6617
1520440159.817612171 1.2514
1520440159.867614269 1.1698
1520440159.917616367 1.2173
1520440159.967616320 1.2076
1520440160.017618179 1.1328
1520440160.067620277 1.0968
1520440160.117621183 1.7128
1520440160.167625189 1.1724
1520440160.217624426 1.1979
1520440160.267626286 1.1060
1520440160.317627430 1.1251
1520440160.367647171 1.0971
1520440160.417625904 1.0209
1520440160.467627764 1.9503
1520440160.517628670 3.2277
1520440160.567630768 1.2242
1520440160.617631674 1.1881
1520440160.667633772 1.2636
1520440160.717635870 1.2964
1520440160.767636776 1.2137
1520440160.817634106 1.8258
1520440160.867635250 1.2912
1520440160.917637110 1.4903
1520440160.967638016 2.3285
1520440161.017640114 1.8940
1520440161.067642212 1.4192
1520440161.117643118 1.9053
1520440161.167645216 1.6176
1520440161.217640638 1.2848
1520440161.267641783 1.3483
1520440161.317642689 1.2383
1520440161.367644787 1.2608
1520440161.417646885 1.2372
1520440161.467648745 1.1625
1520440161.517649651 1.2535
1520440161.567650795 1.0915
1520440161.617656469 1.1366
1520440161.667658567 1.0575
1520440161.717659712 1.1029
1520440161.767661572 1.0563
1520440161.817662716 1.1046
1520440161.867664576 1.1180
1520440161.917667627 1.1239
1520440161.967667818 1.1905
1520440162.017669678 1.1590
1520440162.067665100 1.0680
1520440162.117667437 1.0736
1520440162.167668343 1.0597
1520440162.217744112 1.0774
1520440162.267671347 1.1088
1520440162.317673206 1.1653
1520440162.367674112 1.0982
1520440162.417676210 1.1150
1520440162.467672825 2.0574
1520440162.517674685 2.2762
1520440162.567676783 1.7713
1520440162.617677927 1.3190
1520440162.667679787 1.1791
1520440162.717680693 1.6429
1520440162.767682791 1.2091
1520440162.817683697 1.1149
1520440162.867686033 1.9006
1520440162.917686939 1.8205
1520440162.967689276 1.1110
1520440163.017690182 1.1528
1520440163.067692041 1.1634
1520440163.117694139 0.9706
1520440163.167695045 1.0425
1520440163.217696905 1.0454
1520440163.267691374 1.2539
1520440163.317692041 1.0075
1520440163.367694378 1.0110
1520440163.417696238 1.0437
1520440163.467697144 1.1668
1520440163.517698288 1.0516
1520440163.567701340 1.1186
1520440163.617701054 1.1305
1520440163.667704344 1.1864
1520440163.717706203 1.1271
1520440163.767707109 1.7582
1520440163.817709208 2.4772
1520440163.867710114 1.9839
1520440163.917712212 1.3352
1520440163.967713356 1.3552
1520440164.017715216 1.1444
1520440164.067709208 2.3154
1520440164.117711306 1.1608
1520440164.167712212 1.0906
1520440164.217714071 1.1252
1520440164.267716408 1.1813
1520440164.317717314 0.9929
1520440164.367719173 1.0550
1520440164.417720318 1.7152
1520440164.467722178 1.1128
1520440164.517716169 1.7401
1520440164.567718506 1.6132
1520440164.617719412 2.6799
1520440164.667721272 2.0667
1520440164.717723370 1.1916
1520440164.767724276 1.1784
1520440164.817726135 1.1592
1520440164.867727280 1.6125
1520440164.917731762 2.5487
1520440164.967732906 2.5894
1520440165.017735004 2.1225
1520440165.067736864 2.2182
1520440165.117738008 1.2532
1520440165.167739868 1.6261
1520440165.217741728 1.2376
1520440165.267742872 1.2127
1520440165.317738056 1.1779
1520440165.367739916 1.0659
1520440165.417741060 2.3119
1520440165.467741966 1.1754
1520440165.517744064 1.1889
1520440165.567746162 2.0036
1520440165.617746830 1.9705
1520440165.667749166 1.2126
1520440165.717752695 1.3608
1520440165.767753839 1.1556
1520440165.817755699 1.0752
1520440165.867800474 1.0204
1520440165.917758703 1.1738
1520440165.967760563 1.3125
1520440166.017761707 1.1052
1520440166.067763805 1.1053
1520440166.117766380 1.1249
1520440166.167768240 1.1850
1520440166.217769384 2.0856
1520440166.267771482 2.1728
1520440166.317773342 1.2820
1520440166.367774487 1.1883
1520440166.417776346 2.1333
1520440166.467777252 1.6648
1520440166.517774582 1.8988
1520440166.567776442 1.2564
1520440166.617777586 2.1436
1520440166.667779684 1.1893
1520440166.717780590 2.1885
1520440166.767782688 3.3341
1520440166.817783594 1.2682
1520440166.867785692 1.4748
1520440166.917787552 1.2138
1520440166.967788458 1.1850
1520440167.017789364 1.1272
1520440167.067791700 1.2667
1520440167.117792606 1.7970
1520440167.167794466 1.2750
1520440167.217795610 1.2357
1520440167.267797470 1.3020
1520440167.317798615 1.2484
1520440167.367804050 1.3241
1520440167.417804956 1.2574
1520440167.467807055 1.1729
1520440167.517808199 1.1948
1520440167.567810059 1.0582
1520440167.617810965 1.0510
1520440167.667813063 1.0751
1520440167.717903137 1.0717
1520440167.767815590 0.9647
1520440167.817816496 1.0681
1520440167.867818832 1.1274
1520440167.917820692 1.0698
1520440167.967821598 1.1695
1520440168.017823696 1.1411
1520440168.067824602 1.0714
1520440168.117826462 2.4589
1520440168.167824745 1.2920
1520440168.217826843 1.3526
1520440168.267828703 1.2916
1520440168.317829609 1.7585
1520440168.367831707 1.1765
1520440168.417833805 1.1437
1520440168.467834711 1.1151
1520440168.517835855 3.1352
1520440168.567830801 1.1590
1520440168.617831945 1.2874
1520440168.667833805 1.2368
1520440168.717835665 1.7145
1520440168.767837763 1.1459
1520440168.817838907 1.0955
1520440168.867840767 1.0484
1520440168.917841911 2.5814
1520440168.967847586 1.5805
1520440169.017849922 2.4701
1520440169.067850828 1.2068
1520440169.117851734 1.9326
1520440169.167853832 1.5363
1520440169.217855692 1.3219
1520440169.267856598 1.2590
1520440169.317859888 1.7661
1520440169.367859602 1.2089
1520440169.417861223 1.8520
1520440169.467863321 1.1243
1520440169.517865181 1.7924
1520440169.567866087 1.0374
1520440169.617868185 0.9338
1520440169.667869091 0.9810
1520440169.717871428 1.1717
1520440169.767872334 1.2129
1520440169.817871809 1.8147
1520440169.867873907 2.8701
1520440169.917874575 1.1500
1520440169.967876911 1.3687
1520440170.017877817 1.1420
1520440170.067879677 1.1534
1520440170.117880821 1.1793
1520440170.167882681 1.6327
1520440170.217886448 1.0468
1520440170.267887592 1.0238
1520440170.317889452 1.0904
1520440170.367890358 0.9918
1520440170.417892694 0.9808
1520440170.467893600 1.0816
1520440170.517895460 1.1544
1520440170.567896605 1.0387
1520440170.617898941 1.0330
1520440170.667899847 1.0170
1520440170.717900753 0.9896
1520440170.767903090 1.0197
1520440170.817904949 1.0031
1520440170.867906809 0.9813
1520440170.917907953 1.0214
1520440170.967909813 0.9149
1520440171.017905474 1.0925
1520440171.067907333 1.1784
1520440171.117909431 1.0413
1520440171.167911530 1.3171
1520440171.217912436 1.0826
1520440171.267913580 0.9771
1520440171.317915440 1.0907
1520440171.367928267 1.1270
1520440171.417918444 1.0746
1520440171.467925549 1.2125
1520440171.517926455 1.1120
1520440171.567928553 1.0832
1520440171.617929459 0.9927
1520440171.667931318 0.9571
1520440171.717932463 1.0098
1520440171.767934561 0.9211
1520440171.817936420 0.9692
1520440171.867934704 1.1104
1520440171.917936563 1.0635
1520440171.967937469 1.0397
1520440172.017939806 1.0429
1520440172.067940712 0.8985
1520440172.117942810 0.9273
1520440172.167944670 0.9779
1520440172.217945576 0.9322
1520440172.267941952 1.0372
1520440172.317942858 1.1320
1520440172.367944717 1.1025
1520440172.417945862 1.0051
1520440172.467947721 1.0190
1520440172.517949581 0.9494
1520440172.567951918 0.9972
1520440172.617952824 1.1093
1520440172.667947292 1.1462
1520440172.717949390 1.0667
1520440172.767951250 0.9969
1520440172.817952156 1.0132
1520440172.867953300 1.0572
1520440172.917955399 1.0173
1520440172.967956543 1.0665
1520440173.017962456 0.9993
1520440173.067952633 1.0648
1520440173.117955685 1.0816
1520440173.167955637 0.9955
1520440173.217982769 1.0089
1520440173.267958879 0.9780
1520440173.317959785 0.9848
1520440173.367961645 1.1032
1520440173.417962790 0.9923
1520440173.467965841 2.3198
1520440173.517967939 1.1288
1520440173.567969084 1.1734
1520440173.617970943 1.2046
1520440173.667971849 1.0683
1520440173.717973948 1.1640
1520440173.767974854 1.1910
1520440173.817976713 1.2357
1520440173.867973566 1.2578
1520440173.917974472 1.1878
1520440173.967976332 1.1432
1520440174.017977715 1.1903
1520440174.067979574 0.9447
1520440174.117980480 0.9476
1520440174.167982578 1.0192
1520440174.217984438 1.1032
1520440174.267985344 1.0627
1520440174.317983389 1.2929
1520440174.367985487 1.2123
1520440174.417986631 1.3065
1520440174.467988491 1.2286
1520440174.517989397 1.3284
1520440174.567991495 1.2783
1520440174.617992401 1.2080
1520440174.667994261 3.1182
1520440174.717992544 1.2586
1520440174.767994404 1.1676
1520440174.817995548 1.2407
1520440174.867997408 1.3104
1520440174.917998314 1.2261
1520440174.968000412 1.3668
1520440175.018002510 1.3209
1520440175.068038464 1.3920
1520440175.118010998 1.4088
1520440175.168011665 1.3018
1520440175.218013763 1.1807
1520440175.268014908 1.1885
1520440175.318016768 1.0204
1520440175.368017673 1.1032
1520440175.418019772 1.0696
1520440175.468021870 1.1892
1520440175.518020868 1.3270
1520440175.568022728 1.9340
1520440175.618023634 1.2987
1520440175.668025970 1.2165
1520440175.718026638 2.2840
1520440175.768028736 2.3363
1520440175.818030834 1.2602
1520440175.868031740 2.4723
1520440175.918035507 3.0854
1520440175.968036652 1.4087
1520440176.018038511 2.0493
1520440176.068039417 2.4736
1520440176.118041515 1.1505
1520440176.168043613 1.2126
1520440176.218044519 1.8828
1520440176.268046618 1.2235
1520440176.318046570 1.8770
1520440176.368048429 1.2657
1520440176.418050289 1.0928
1520440176.468051434 0.9978
1520440176.518057585 1.1785
1520440176.568054438 1.7709
1520440176.618056536 1.8806
1520440176.668057442 1.3208
1520440176.718059540 1.9560
1520440176.768060446 3.2816
1520440176.818062305 2.2711
1520440176.868064165 2.7455
1520440176.918112278 1.2682
1520440176.968066216 1.1460
1520440177.018068552 1.1355
1520440177.068070412 1.3677
1520440177.118071318 1.0131
1520440177.168078661 1.1496
1520440177.218079805 1.0861
1520440177.268081665 0.9656
1520440177.318082809 1.0516
1520440177.368084669 1.0269
1520440177.418085575 1.1128
1520440177.468087912 1.1539
1520440177.518089771 1.1349
1520440177.568089247 1.1904
1520440177.618091345 1.2043
1520440177.668093443 1.2986
1520440177.718094349 1.1246
1520440177.768095255 1.1927
1520440177.818097353 1.2208
1520440177.868099213 1.1942
1520440177.918100595 1.1883
1520440177.968098164 1.7021
1520440178.018100262 1.4084
1520440178.068101168 2.1890
1520440178.118103027 2.0182
1520440178.168104172 2.0126
1520440178.218106031 1.6849
1520440178.268108130 1.7111
1520440178.318109274 1.2932
1520440178.368112803 1.3254
1520440178.418113708 1.3057
1520440178.468116045 1.2998
1520440178.518116951 1.3274
1520440178.568118095 1.1564
1520440178.618119955 1.2125
1520440178.668121815 1.1143
1520440178.718122959 1.1031
1520440178.768188000 1.0529
1520440178.818125725 1.1132
1520440178.868128061 1.1985
1520440178.918128967 1.2751
1520440178.968130827 1.1884
1520440179.018131971 1.1422
1520440179.068133831 1.1148
1520440179.118135691 1.1086
1520440179.168137074 1.1261
1520440179.218141794 1.1274
1520440179.268142700 0.9748
1520440179.318144560 1.0941
1520440179.368145704 1.1258
1520440179.418147564 1.0318
1520440179.468149662 1.0695
1520440179.518150568 1.0904
1520440179.568152666 1.1694
1520440179.618151665 1.1581
1520440179.668153763 1.1908
1520440179.718154669 1.0790
1520440179.768156767 1.1062
1520440179.818157911 1.0840
1520440179.868160725 1.0565
1520440179.918161631 0.9987
1520440179.968162775 1.1593
1520440180.018164396 0.9305
1520440180.068166494 1.0295
1520440180.118167400 1.0497
1520440180.168169498 0.9812
1520440180.218170404 0.9597
1520440180.268172264 0.9796
1520440180.318173409 1.1009
1520440180.368175268 1.0491
1520440180.418175459 1.0961
1520440180.468177319 1.1437
1520440180.518179417 1.1295
1520440180.568180561 1.1469
1520440180.618262529 1.1933
1520440180.668183327 1.2957
1520440180.718185425 1.2102
1520440180.768186331 1.1786
1520440180.818188906 1.2473
1520440180.868189812 1.1988
1520440180.918191671 1.1983
1520440180.968192816 1.1075
1520440181.018194675 1.1419
1520440181.068196535 1.1368
1520440181.118197680 1.1317
1520440181.168199778 1.1099
1520440181.218200207 1.0430
1520440181.268202782 0.9572
1520440181.318203688 1.0287
1520440181.368205547 1.0150
1520440181.418206692 1.1286
1520440181.468208551 1.0479
1520440181.518210888 1.0969
1520440181.568211794 1.0190
1520440181.618213654 1.0775
1520440181.668212891 1.1896
1520440181.718214989 1.0254
1520440181.768216133 1.0037
1520440181.818218946 0.8870
1520440181.868219852 0.9034
1520440181.918221712 0.9251
1520440181.968223095 0.9596
1520440182.018224955 0.9245
1520440182.068224430 1.2285
1520440182.118225336 1.0096
1520440182.168227673 1.0326
1520440182.218229532 0.9638
1520440182.268230438 0.9521
1520440182.318232536 0.9495
1520440182.368233442 0.9231
1520440182.418236494 1.0178
1520440182.468336344 1.1246
1520440182.518237352 0.9335
1520440182.568238258 1.0215
1520440182.618240356 1.1026
1520440182.668242455 1.2809
1520440182.718243361 1.2191
1520440182.768245220 1.2590
1520440182.818246365 1.3055
1520440182.868250132 1.2045
1520440182.918251038 1.1219
1520440182.968252897 1.1624
1520440183.018254042 1.1735
1520440183.068255901 1.0557
1520440183.118257999 1.0761
1520440183.168259144 0.9899
1520440183.218261003 0.9619
1520440183.268265724 1.0148
1520440183.318267584 0.9178
1520440183.368268728 1.0015
1520440183.418270826 1.0565
1520440183.468272686 1.1346
1520440183.518273830 1.3611
1520440183.568275690 1.1206
1520440183.618276596 1.0622
1520440183.668277979 1.0550
1520440183.718278885 1.0560
1520440183.768281937 1.0744
1520440183.818283081 1.0778
1520440183.868283987 1.0677
1520440183.918285847 0.9989
1520440183.968286991 0.9464
1520440184.018288851 0.9327
1520440184.068289757 1.0265
1520440184.118297100 1.0118
1520440184.168293238 1.0077
1520440184.218295097 1.0502
1520440184.268297195 1.0797
1520440184.318298101 1.1787
1520440184.368299961 1.0699
1520440184.418301105 0.9693
1520440184.468303204 1.0348
1520440184.518303394 1.1207
1520440184.568305492 1.0813
1520440184.618306398 1.0031
1520440184.668308496 1.0209
1520440184.718310356 0.9974
1520440184.768311262 0.9483
1520440184.818313360 0.9798
1520440184.868314266 0.9729
1520440184.918318510 0.9034
1520440184.968319416 0.9270
1520440185.018321753 0.9712
1520440185.068323612 0.8642
1520440185.118324518 0.8283
1520440185.168326616 0.8763
1520440185.218327522 0.9110
1520440185.268329382 1.0409
1520440185.318331718 1.1025
1520440185.368333578 1.1810
1520440185.418335676 1.1422
1520440185.468337774 1.1968
1520440185.518338442 1.1015
1520440185.568339825 1.1186
1520440185.618341684 1.1583
1520440185.668343544 1.1792
1520440185.718343735 1.0816
1520440185.768349648 0.9987
1520440185.818346739 0.9682
1520440185.868348598 0.9367
1520440185.918349504 0.9328
1520440185.968351841 0.9319
1520440186.018353701 1.0460
1520440186.068354607 1.0430
1520440186.118354321 1.1016
1520440186.168356419 1.1025
1520440186.218357563 1.0042
1520440186.268359423 1.0775
1520440186.318361282 1.1413
1520440186.368362427 1.2120
1520440186.418364525 1.0796
1520440186.468365431 1.1756
1520440186.518367529 1.2311
1520440186.568370104 0.9758
1520440186.618372202 0.9671
1520440186.668374300 1.0332
1520440186.718375206 1.0164
1520440186.768377066 0.9341
1520440186.818378210 0.8389
1520440186.868380070 0.9945
1520440186.918380976 1.0272
1520440186.968381166 1.0562
1520440187.018382311 0.9657
1520440187.068384171 1.0267
1520440187.118386269 0.9748
1520440187.168387413 1.0710
1520440187.218389273 1.1140
1520440187.268391132 0.9440
1520440187.318392277 0.9829
1520440187.368398428 1.1425
1520440187.418400526 1.1108
1520440187.468401432 1.0960
1520440187.518402576 1.1561
1520440187.568404436 1.0183
1520440187.618406296 1.0181
1520440187.668407440 1.1052
1520440187.718408346 1.1696
1520440187.768409014 0.9525
1520440187.818410158 0.9953
1520440187.868412256 1.0977
1520440187.918414116 1.0004
1520440187.968424082 1.1141
1520440188.018417120 1.0541
1520440188.068418264 1.0291
1520440188.118420124 1.0576
1520440188.168418646 1.2177
1520440188.218420744 1.1235
1520440188.268422604 1.0615
1520440188.318423510 1.0174
1520440188.368425846 1.1691
1520440188.418426514 1.2548
1520440188.468428850 1.1393
1520440188.518429756 1.2124
1520440188.568431616 1.1969
1520440188.618432999 1.1399
1520440188.668433905 1.1568
1520440188.718436003 1.0933
1520440188.768436909 1.0942
1520440188.818439245 1.0737
1520440188.868440151 1.1289
1520440188.918442011 1.0310
1520440188.968443155 1.1140
1520440189.018440485 1.2633
1520440189.068442345 0.9930
1520440189.118444443 1.1334
1520440189.168446541 2.9788
1520440189.218447447 1.1045
1520440189.268449545 1.0834
1520440189.318450451 1.0382
1520440189.368451595 1.0895
1520440189.418462276 1.0268
1520440189.468463421 1.0358
1520440189.518465281 0.9983
1520440189.568466187 0.9899
1520440189.618469477 0.9540
1520440189.668469191 0.9493
1520440189.718471050 0.9371
1520440189.768472433 1.0242
1520440189.818497419 0.9977
1520440189.868478775 0.9729
1520440189.918479681 1.0158
1520440189.968481541 1.1001
1520440190.018482685 1.1065
1520440190.068484545 1.0123
1520440190.118485689 1.0964
1520440190.168487787 1.0323
1520440190.218487263 1.9919
1520440190.268488407 1.1598
1520440190.318490267 1.0562
1520440190.368491411 1.1486
1520440190.418493509 1.0546
1520440190.468494415 1.1528
1520440190.518496513 1.2266
1520440190.568497419 1.2700
1520440190.618498802 1.3245
1520440190.668500900 1.6064
1520440190.718501806 1.2052
1520440190.768503904 0.9928
1520440190.818505049 1.0469
1520440190.868506908 1.0756
1520440190.918508768 1.1247
1520440190.968510866 1.1601
1520440191.018514395 1.2280
1520440191.068516254 1.0860
1520440191.118519306 1.0746
1520440191.168520451 1.0126
1520440191.218521357 0.9988
1520440191.268522263 0.9914
1520440191.318524361 1.0480
1520440191.368526220 1.1960
1520440191.418527126 1.1326
1520440191.468537569 1.3838
1520440191.518538475 1.1908
1520440191.568543434 1.2312
1520440191.618542671 1.2470
1520440191.668573380 1.0756
1520440191.718544722 1.1722
1520440191.768546581 1.2035
1520440191.818548441 1.9737
1520440191.868552923 1.1895
1520440191.918554783 1.1087
1520440191.968555689 1.1575
1520440192.018558025 1.1551
1520440192.068558931 1.0338
1520440192.118560791 1.1189
1520440192.168561935 1.1119
1520440192.218563795 1.1230
1520440192.268563509 1.3439
1520440192.318564415 1.2370
1520440192.368566513 1.1743
1520440192.418568373 1.0692
1520440192.468569279 1.1305
1520440192.518570423 1.1924
1520440192.568572521 1.2872
1520440192.618573666 1.1112
1520440192.668574810 1.1939
1520440192.718576670 1.1685
1520440192.768578768 1.2241
1520440192.818579674 1.1360
1520440192.868581533 1.1257
1520440192.918582678 1.2011
1520440192.968584776 1.1008
1520440193.018586636 1.0190
1520440193.068584204 1.2650
1520440193.118586063 1.1221
1520440193.168586969 1.2056
1520440193.218588114 1.2771
1520440193.268589973 1.0163
1520440193.318592072 1.1745
1520440193.368593216 1.2582
1520440193.418594122 1.2118
1520440193.468598366 1.0533
1520440193.518634319 1.1253
1520440193.568601370 1.1872
1520440193.618603230 1.2959
1520440193.668604136 1.1705
1520440193.718606234 1.1946
1520440193.768607140 1.2343
1520440193.818609238 1.1527
1520440193.868611336 1.1021
1520440193.918614388 1.1096
1520440193.968616247 1.1513
1520440194.018617392 1.1063
1520440194.068619251 0.9905
1520440194.118620157 0.9613
1520440194.168622255 0.9561
1520440194.218624353 1.0183
1520440194.268625259 0.9370
1520440194.318624735 1.3773
1520440194.368625641 1.0101
1520440194.418627739 1.0401
1520440194.468628645 1.0432
1520440194.518630743 1.0736
1520440194.568631887 0.9954
1520440194.618633747 1.1466
1520440194.668635607 1.1483
1520440194.718640566 1.3577
1520440194.768643856 1.0649
1520440194.818644762 1.1489
1520440194.868645668 1.2475
1520440194.918647766 1.0911
1520440194.968651772 1.1822
1520440195.018650532 1.0799
1520440195.068651676 1.1710
1520440195.118647814 1.2750
1520440195.168648720 1.2116
1520440195.218650818 1.1300
1520440195.268652916 1.2107
1520440195.318654060 1.1369
1520440195.368690014 0.9651
1520440195.418656826 1.0480
1520440195.468658924 1.0400
1520440195.518659830 1.1295
1520440195.568661928 1.0445
1520440195.618662834 1.1095
1520440195.668664932 1.1220
1520440195.718666077 1.1631
1520440195.768667936 1.1648
1520440195.818668842 1.1338
1520440195.868670940 1.0296
1520440195.918672800 1.0521
1520440195.968673468 1.0613
1520440196.018675804 1.1174
1520440196.068676710 1.0283
1520440196.118678570 1.0624
1520440196.168679714 1.1838
1520440196.218681574 1.1467
1520440196.268683434 1.1249
1520440196.318684578 1.1001
1520440196.368692160 1.2436
1520440196.418693066 1.1029
1520440196.468695402 1.1238
1520440196.518697262 1.1126
1520440196.568699121 1.1057
1520440196.618700266 1.2100
1520440196.668701172 0.9414
1520440196.718703270 1.1293
1520440196.768708944 1.1999
1520440196.818709850 1.1085
1520440196.868711948 1.0043
1520440196.918712854 1.1137
1520440196.968713999 1.2119
1520440197.018718004 0.9775
1520440197.068717718 1.1223
1520440197.118718863 1.1583
1520440197.168720245 1.0423
1520440197.218743086 1.2810
1520440197.268723249 1.3622
1520440197.318724155 1.1692
1520440197.368726015 1.1542
1520440197.418727160 1.5322
1520440197.468729019 1.9814
1520440197.518731117 2.7480
1520440197.568730831 1.3991
1520440197.618732691 1.3837
1520440197.668733835 1.3235
1520440197.718735933 1.2645
1520440197.768736839 1.3276
1520440197.818738937 1.3699
1520440197.868740797 1.3909
1520440197.918741703 1.3121
1520440197.968744278 1.7664
1520440198.018745184 1.1532
1520440198.068747044 1.1664
1520440198.118748188 1.1637
1520440198.168750048 1.2166
1520440198.218751192 1.4777
1520440198.268753052 1.8031
1520440198.318755150 1.1771
1520440198.368757010 1.1177
1520440198.418759823 1.1223
1520440198.468760729 1.2508
1520440198.518761873 1.3950
1520440198.568763971 1.2409
1520440198.618764877 1.3042
1520440198.668766975 1.3612
1520440198.718767881 1.2046
1520440198.768769741 1.3234
1520440198.818773270 1.3157
1520440198.868774176 1.2540
1520440198.918776035 1.1659
1520440198.968777180 1.2228
1520440199.018779039 1.3074
1520440199.068782091 1.1573
1520440199.118782282 1.2227
1520440199.168783188 1.1848
1520440199.218782902 1.3036
1520440199.268784046 1.3420
1520440199.318786144 1.2280
1520440199.368787050 1.2527
1520440199.418789148 1.1373
1520440199.468791008 1.1297
1520440199.518791914 1.1945
1520440199.568794012 1.2205
1520440199.618796825 1.1357
1520440199.668798685 1.2096
1520440199.718799591 1.0667
1520440199.768801689 1.0783
1520440199.818803787 1.0417
1520440199.868804693 0.9804
1520440199.918806791 1.1007
1520440199.968808651 1.0947
1520440200.018816710 1.3586
1520440200.068817854 1.2439
1520440200.118819952 1.0264
1520440200.168821812 1.1957
1520440200.218823910 1.1133
1520440200.268824816 1.2025
1520440200.318825722 1.2436
1520440200.368827820 1.2860
1520440200.418832064 1.0603
1520440200.468832970 1.0508
1520440200.518835306 1.1175
1520440200.568837166 1.3270
1520440200.618837357 1.1503
1520440200.668839216 1.0225
1520440200.718841076 1.0490
1520440200.768846035 1.1765
1520440200.818839550 1.1647
1520440200.868841410 1.0201
1520440200.918846369 0.9967
1520440200.968843460 0.9712
1520440201.018845558 0.9954
1520440201.068847656 1.5240
1520440201.118848562 1.1535
1520440201.168850422 1.0074
1520440201.218851566 1.1666
1520440201.268853188 1.1573
1520440201.318854332 1.0299
1520440201.368856430 1.0094
1520440201.418857098 0.9321
1520440201.468859434 0.9687
1520440201.518861294 0.9652
1520440201.568862200 1.0794
1520440201.618864298 1.0181
1520440201.668865442 0.9780
1520440201.718867540 0.9817
1520440201.768869638 0.9114
1520440201.818870544 0.9331
1520440201.868872404 0.9588
1520440201.918873549 0.9590
1520440201.968875408 0.8955
1520440202.018877506 0.8136
1520440202.068880558 0.9033
1520440202.118882656 0.9184
1520440202.168884516 1.0261
1520440202.218885660 0.9444
1520440202.268887520 2.5022
1520440202.318889380 1.0826
1520440202.368889570 1.0702
1520440202.418891430 1.0399
1520440202.468894482 1.0888
1520440202.518896341 0.9761
1520440202.568898201 0.9951
1520440202.618899345 0.9786
1520440202.668901443 0.9800
1520440202.718902349 1.0133
1520440202.768904448 0.9548
1520440202.818978310 0.9843
1520440202.868909836 1.1755
1520440202.918910980 1.1884
1520440202.968912840 1.0533
1520440203.018913746 0.9949
1520440203.068916082 1.1164
1520440203.118917942 1.1429
1520440203.168918848 1.0462
1520440203.218920946 1.1477
1520440203.268921852 1.2449
1520440203.318916559 2.8089
1520440203.368917704 2.7576
1520440203.418919563 1.0016
1520440203.468921661 0.9945
1520440203.518922806 1.1042
1520440203.568924665 2.3920
1520440203.618926525 1.1797
1520440203.668927670 1.1292
1520440203.718931913 0.9651
1520440203.768932819 0.9737
1520440203.818935156 1.0273
1520440203.868935823 0.9980
1520440203.918938875 1.0813
1520440203.968940020 1.1259
1520440204.018940926 1.1724
1520440204.068943024 1.1019
1520440204.118945599 1.1057
1520440204.168947697 1.1574
1520440204.218949556 1.1907
1520440204.268954515 1.1237
1520440204.318952799 1.1326
1520440204.368953705 1.0744
1520440204.418955564 1.1453
1520440204.468956709 1.0310
1520440204.518958807 1.0303
1520440204.568961859 1.0311
1520440204.618961811 1.0101
1520440204.668987989 1.0268
1520440204.718965769 1.0996
1520440204.768966913 1.1867
1520440204.818968773 1.0898
1520440204.868969917 1.0362
1520440204.918971300 1.0083
1520440204.968972445 1.0751
1520440205.018974543 1.1703
1520440205.068976402 1.1667
1520440205.118977547 1.0675
1520440205.168979406 1.1706
1520440205.218980312 1.1532
1520440205.268982410 1.1601
1520440205.318986654 1.1075
1520440205.368988752 1.1730
1520440205.418989658 1.0547
1520440205.468991756 0.8709
1520440205.518993616 0.9807
1520440205.568994522 0.9731
1520440205.618996620 1.0356
1520440205.668997526 0.9311
1520440205.718999386 1.0003
1520440205.769001722 0.9775
1520440205.819002867 7.2965
1520440205.869004726 1.1029
1520440205.919006824 1.0878
1520440205.969008923 1.1084
1520440206.019009829 1.1142
1520440206.069011688 1.1486
1520440206.119012833 1.1275
1520440206.169015884 1.0473
1520440206.219017744 1.1401
1520440206.269018888 1.0919
1520440206.319020748 1.1401
1520440206.369021893 1.1327
1520440206.419023991 1.1424
1520440206.469024658 1.1564
1520440206.519026995 1.0823
1520440206.569133282 1.2614
1520440206.619033337 1.0603
1520440206.669035196 1.1248
1520440206.719036102 0.9853
1520440206.769038439 1.0166
1520440206.819039345 0.9861
1520440206.869041204 1.0441
1520440206.919042349 1.0563
1520440206.969043732 0.9898
1520440207.019044876 0.9597
1520440207.069046736 1.0447
1520440207.119048595 1.1269
1520440207.169049740 1.0767
1520440207.219051838 1.0974
1520440207.269052744 1.1721
1520440207.319054842 1.1720
1520440207.369061232 1.2038
1520440207.419061899 1.0621
1520440207.469064236 0.9918
1520440207.519065142 0.9716
1520440207.569067001 0.9848
1520440207.619068146 1.0142
1520440207.669070005 1.0080
1520440207.719072104 1.0097
1520440207.769069195 1.2995
1520440207.819070101 1.1947
1520440207.869072199 1.2879
1520440207.919073343 1.1660
1520440207.969075203 1.1324
1520440208.019076347 1.0551
1520440208.069078207 1.0402
1520440208.119079113 1.1638
1520440208.169081450 1.1795
1520440208.219083548 1.1558
1520440208.269085407 1.1631
1520440208.319086313 1.1972
1520440208.369088411 1.2442
1520440208.419133425 1.1994
1520440208.469091415 1.0187
1520440208.519092560 1.0975
1520440208.569094419 1.0229
1520440208.619096518 0.9870
1520440208.669098377 0.9223
1520440208.719100714 0.9543
1520440208.769101620 0.9209
1520440208.819103479 0.9339
1520440208.869104624 0.9209
1520440208.919106483 0.9976
1520440208.969107389 0.9780
1520440209.019109488 0.9356
1520440209.069111586 0.9389
1520440209.119112492 0.9411
1520440209.169114351 0.9687
1520440209.219115496 1.6433
1520440209.269117355 1.0716
1520440209.319118500 1.0672
1520440209.369120598 1.1131
1520440209.419118166 1.4400
1520440209.469120026 1.2326
1520440209.519121885 1.1357
1520440209.569123983 1.2050
1520440209.619124889 1.0229
1520440209.669127226 1.0610
1520440209.719128132 1.0635
1520440209.769129992 0.9079
1520440209.819133043 1.9967
1520440209.869134903 2.0808
1520440209.919136047 2.8181
1520440209.969137907 1.8640
1520440210.019139767 2.4188
1520440210.069143057 1.0957
1520440210.119143009 1.2380
1520440210.169144154 1.0897
1520440210.219141006 1.5204
1520440210.269141912 1.4910
1520440210.319144011 1.3822
1520440210.369145155 1.1898
1520440210.419147015 1.3793
1520440210.469147921 1.2773
1520440210.519150019 1.2705
1520440210.569150925 1.2954
1520440210.619153261 1.0452
1520440210.669158697 1.1099
1520440210.719159603 1.0251
1520440210.769161701 1.1238
1520440210.819162607 0.9647
1520440210.869164467 1.9394
1520440210.919165611 2.4337
1520440210.969167709 2.3432
1520440211.019168615 2.4486
1520440211.069178104 1.1277
1520440211.119180202 1.0395
1520440211.169181108 0.9897
1520440211.219183207 0.9732
1520440211.269184351 0.9418
1520440211.319186211 0.9847
1520440211.369188070 0.9737
1520440211.419189215 0.9101
1520440211.469188690 0.9808
1520440211.519189835 0.9551
1520440211.569191694 1.1005
1520440211.619193554 1.2347
1520440211.669194698 1.2272
1520440211.719196558 1.1055
1520440211.769198895 1.0820
1520440211.819199800 1.0091
1520440211.869208097 1.3690
1520440211.919209957 1.1137
1520440211.969211102 1.0152
1520440212.019212961 1.0312
1520440212.069218159 0.9622
1520440212.119216204 0.9031
1520440212.169257164 1.0086
1520440212.219219208 1.0027
1520440212.269213915 0.9359
1520440212.319214821 0.9467
1520440212.369216681 0.9711
1520440212.419217825 0.9740
1520440212.469219923 1.0164
1520440212.519221067 1.0487
1520440212.569222927 1.0598
1520440212.619223833 1.0741
1520440212.669223309 1.1425
1520440212.719225407 1.1706
1520440212.769226313 1.1722
1520440212.819228411 1.1379
1520440212.869229317 1.1721
1520440212.919231176 1.1205
1520440212.969232321 1.1483
1520440213.019234419 1.1508
1520440213.069233418 1.3429
1520440213.119242668 1.2271
1520440213.169245005 1.0529
1520440213.219245911 1.0560
1520440213.269247770 1.0943
1520440213.319249868 0.9883
1520440213.369251728 1.0992
1520440213.419252634 1.0876
1520440213.469254971 1.2053
1520440213.519260406 1.0275
1520440213.569262266 1.0917
1520440213.619263411 1.1480
1520440213.669264317 1.1821
1520440213.719266415 1.3497
1520440213.769268513 1.2098
1520440213.819269419 0.9855
1520440213.869271278 2.4741
1520440213.919280052 0.9517
1520440213.969282150 0.9930
1520440214.019287109 1.0337
1520440214.069385052 1.0425
1520440214.119286060 1.0036
1520440214.169287920 1.0107
1520440214.219289064 1.0565
1520440214.269290924 1.0537
1520440214.319284916 1.1668
1520440214.369286060 1.0707
1520440214.419288158 1.1002
1520440214.469289303 1.0540
1520440214.519291162 1.1422
1520440214.569292068 1.1217
1520440214.619294167 2.6961
1520440214.669296026 3.7495
1520440214.719295263 1.2469
1520440214.769297361 1.2473
1520440214.819299221 1.2339
1520440214.869300127 1.1843
1520440214.919301271 0.9243
1520440214.969303370 1.0513
1520440215.019304514 0.9545
1520440215.069306374 0.9317
1520440215.119306087 1.0283
1520440215.169307947 1.0601
1520440215.219309092 0.9872
1520440215.269309998 0.9845
1520440215.319311857 0.9600
1520440215.369313955 1.0265
1520440215.419314861 1.1991
1520440215.469316959 1.2217
1520440215.519307852 1.0319
1520440215.569309711 1.0560
1520440215.619311810 1.1086
1520440215.669312716 1.1020
1520440215.719314575 1.1805
1520440215.769315958 1.0623
1520440215.819317818 1.1956
1520440215.869318724 1.1667
1520440215.919345617 1.0213
1520440215.969334126 1.0904
1520440216.019335985 1.0522
1520440216.069337130 1.0501
1520440216.119338989 1.0839
1520440216.169339895 1.0915
1520440216.219341993 1.1172
1520440216.269344091 1.0382
1520440216.319344997 1.0304
1520440216.369338989 1.0547
1520440216.419340134 0.9289
1520440216.469341993 0.9919
1520440216.519343138 1.0148
1520440216.569344997 1.0283
1520440216.619345903 1.0213
1520440216.669348001 1.1014
1520440216.719350100 1.1237
1520440216.769347668 1.1623
1520440216.819349527 1.1342
1520440216.869351387 1.0486
1520440216.919352531 1.0484
1520440216.969353437 1.1132
1520440217.019356489 1.1086
1520440217.069357634 1.1007
1520440217.119359493 1.1100
1520440217.169359207 1.1280
1520440217.219361067 1.0851
1520440217.269362211 1.0510
1520440217.319364071 1.1217
1520440217.369365215 1.0857
1520440217.419367075 1.1105
1520440217.469367981 1.1746
1520440217.519370317 1.2038
1520440217.569370031 1.2689
1520440217.619372129 1.2531
1520440217.669373989 1.2606
1520440217.719375134 1.0948
1520440217.769376040 1.2215
1520440217.819461107 1.2144
1520440217.869379997 1.1671
1520440217.919380903 1.1717
1520440217.969383001 1.0470
1520440218.019389391 1.2553
1520440218.069391727 1.0498
1520440218.119392395 1.1400
1520440218.169394493 1.1837
1520440218.219395638 1.0323
1520440218.269397497 1.1920
1520440218.319399357 1.0946
1520440218.369400501 0.9460
1520440218.419400930 1.0792
1520440218.469401836 1.1600
1520440218.519403934 1.1348
1520440218.569404840 1.2469
1520440218.619406939 1.1438
1520440218.669409037 1.1693
1520440218.719409943 1.1614
1520440218.769411802 1.1605
1520440218.819403410 1.1376
1520440218.869405746 1.1244
1520440218.919407606 1.1678
1520440218.969408512 1.1968
1520440219.019410610 0.9878
1520440219.069411516 1.0842
1520440219.119413614 1.0722
1520440219.169414759 1.0644
1520440219.219415903 1.1492
1520440219.269417763 1.2537
1520440219.319418907 1.0806
1520440219.369420767 2.8957
1520440219.419421673 1.2081
1520440219.469427824 1.2061
1520440219.519424677 1.2887
1520440219.569426775 1.3227
1520440219.619434357 4.2616
1520440219.669437170 1.2724
1520440219.719436407 1.3650
1520440219.769438267 2.7059
1520440219.819439173 1.3089
1520440219.869441271 1.2830
1520440219.919443130 1.6007
1520440219.969444036 3.0938
1520440220.019448757 2.2312
1520440220.069449663 1.3338
1520440220.119452000 1.6177
1520440220.169452906 1.3221
1520440220.219454765 1.4090
1520440220.269456863 1.2577
1520440220.319457769 1.2573
1520440220.369459629 1.3082
1520440220.419460773 1.4675
1520440220.469457865 1.5651
1520440220.519458771 1.5033
1520440220.569461107 1.4766
1520440220.619462967 1.4170
1520440220.669464111 1.4479
1520440220.719465971 1.1938
1520440220.769466877 1.2061
1520440220.819468975 1.2694
1520440220.869473219 1.2244
1520440220.919474125 1.0709
1520440220.969475985 1.1215
1520440221.019478321 1.1450
1520440221.069479227 1.1015
1520440221.119481087 0.9376
1520440221.169482231 1.1480
1520440221.219484091 1.0891
1520440221.269485474 1.1358
1520440221.319483280 1.2331
1520440221.369484663 1.1497
1520440221.419486523 1.2035
1520440221.469487429 1.1270
1520440221.519489527 0.9566
1520440221.569540262 0.9660
1520440221.619492292 0.9992
1520440221.669496775 1.2959
1520440221.719498634 1.2133
1520440221.769499540 1.3912
1520440221.819501877 1.1191
1520440221.869503736 2.4935
1520440221.919504642 2.6408
1520440221.969506741 3.5695
1520440222.019507647 1.8984
1520440222.069506645 5.3595
1520440222.119507551 3.6317
1520440222.169509649 3.8915
1520440222.219510555 1.7479
1520440222.269512415 1.0469
1520440222.319514513 3.4749
1520440222.369515419 2.0103
1520440222.419517517 1.8535
1520440222.469518185 2.5253
1520440222.519520044 3.7684
1520440222.569521904 3.4296
1520440222.619523048 2.3691
1520440222.669524908 2.5818
1520440222.719526052 3.4958
1520440222.769528151 3.0515
1520440222.819530010 2.6440
1520440222.869534731 1.9971
1520440222.919536829 1.1499
1520440222.969538927 2.7410
1520440223.019539595 2.1763
1520440223.069540977 4.0794
1520440223.119542837 3.0437
1520440223.169543982 2.5333
1520440223.219545841 3.1119
1520440223.269546747 7.1993
1520440223.319548368 3.1568
1520440223.369549274 2.4255
1520440223.419551134 1.2223
1520440223.469654322 1.1665
1520440223.519554377 1.6515
1520440223.569556236 2.2341
1520440223.619557381 1.4092
1520440223.669559240 1.5629
1520440223.719562531 1.3993
1520440223.769564629 1.3327
1520440223.819566488 1.2497
1520440223.869567394 2.7929
1520440223.919569731 5.9680
1520440223.969570637 1.2918
1520440224.019572496 1.3275
1520440224.069573641 2.4016
1520440224.119574785 1.3553
1520440224.169575930 1.4545
1520440224.219577789 3.2018
1520440224.269579887 1.2909
1520440224.319581032 1.2810
1520440224.369582891 1.2270
1520440224.419584036 1.9236
1520440224.469585896 5.0430
1520440224.519591331 1.8044
1520440224.569593430 1.2280
1520440224.619594574 1.2571
1520440224.669595480 1.7736
1520440224.719597340 1.4312
1520440224.769598484 1.4038
1520440224.819600344 1.6855
1520440224.869602203 1.5244
1520440224.919606209 2.1214
1520440224.969607115 1.9501
1520440225.019608974 1.3947
1520440225.069611311 2.5167
1520440225.119612217 1.5495
1520440225.169614077 1.2581
1520440225.219616175 1.2939
1520440225.269617081 4.2071
1520440225.319623947 1.4961
1520440225.369613886 1.3284
1520440225.419615984 1.2332
1520440225.469616890 1.3545
1520440225.519618750 1.1951
1520440225.569619894 3.2063
1520440225.619621992 1.1233
1520440225.669622898 1.3699
1520440225.719624996 1.3885
1520440225.769629240 2.9581
1520440225.819631100 3.2711
1520440225.869633198 1.8153
1520440225.919634104 1.1937
1520440225.969636202 1.2987
1520440226.019637346 1.2235
1520440226.069639206 1.1292
1520440226.119640112 1.2285
1520440226.169638634 1.3468
1520440226.219639778 2.0109
1520440226.269641638 1.1983
1520440226.319643736 1.3187
1520440226.369644880 1.1463
1520440226.419646740 1.2080
1520440226.469647884 1.0904
1520440226.519649744 1.8495
1520440226.569652319 2.1905
1520440226.619654179 1.2386
1520440226.669655323 1.3519
1520440226.719657183 1.3042
1520440226.769658089 1.4013
1520440226.819660187 1.4350
1520440226.869661093 1.4010
1520440226.919663429 4.1047
1520440226.969657421 2.0803
1520440227.019659281 1.7855
1520440227.069660425 1.3215
1520440227.119662285 1.0993
1520440227.169663191 1.1281
1520440227.219716311 1.1857
1520440227.269666195 1.0674
1520440227.319668531 1.1060
1520440227.369675159 1.1869
1520440227.419677258 1.1957
1520440227.469679117 1.1341
1520440227.519680262 1.1223
1520440227.569682121 1.2045
1520440227.619683027 1.2585
1520440227.669685364 1.2272
1520440227.719686031 1.6692
1520440227.769688129 1.8960
1520440227.819686413 1.2829
1520440227.869688272 1.2082
1520440227.919690132 1.1704
1520440227.969691277 1.6751
1520440228.019693375 1.8796
1520440228.069694281 1.2612
1520440228.119696379 1.2869
1520440228.169697285 1.2728
1520440228.219699383 2.8424
1520440228.269701481 2.2639
1520440228.319702387 1.1549
1520440228.369704485 1.1842
1520440228.419706345 1.1765
1520440228.469707251 1.5797
1520440228.519709349 1.2323
1520440228.569711447 1.3284
1520440228.619714022 1.0677
1520440228.669714928 1.1291
1520440228.719716787 1.1285
1520440228.769717932 1.0981
1520440228.819720030 1.2526
1520440228.869722128 1.3271
1520440228.919723034 1.8067
1520440228.969723940 1.1436
1520440229.019726753 1.1806
1520440229.069728851 1.6235
1520440229.119816780 2.1162
1520440229.169731855 1.2111
1520440229.219732761 1.2008
1520440229.269734859 1.3082
1520440229.319735765 1.2660
1520440229.369737625 1.5949
1520440229.419736147 1.9571
1520440229.469738007 1.2616
1520440229.519740105 2.6914
1520440229.569741011 2.9259
1520440229.619742870 1.2837
1520440229.669744015 1.3444
1520440229.719746113 1.2108
1520440229.769747257 1.1731
1520440229.819743156 1.2428
1520440229.869745255 1.1677
1520440229.919746399 1.0508
1520440229.969748259 1.1374
1520440230.019749403 1.0953
1520440230.069751263 1.1039
1520440230.119752169 1.1640
1520440230.169754267 1.5555
1520440230.219758511 1.2820
1520440230.269759417 1.1688
1520440230.319761753 1.0890
1520440230.369763613 1.1315
1520440230.419764519 1.3253
1520440230.469765663 1.6662
1520440230.519767523 1.2032
1520440230.569768667 1.9462
1520440230.619771719 1.5051
1520440230.669773817 1.3235
1520440230.719774961 2.8678
1520440230.769776821 1.2482
1520440230.819777966 1.2140
1520440230.869780064 1.2896
1520440230.919780970 1.3800
1520440230.969783783 1.3482
1520440231.019784927 2.3354
1520440231.069792271 4.1078
1520440231.119794130 1.2973
1520440231.169795275 1.1176
1520440231.219797134 1.1800
1520440231.269798040 1.3438
1520440231.319800377 1.2481
1520440231.369801283 1.5874
1520440231.419803143 2.0264
1520440231.469804049 1.3158
1520440231.519804955 1.2212
1520440231.569807053 1.2383
1520440231.619807959 1.0965
1520440231.669809818 1.1060
1520440231.719810963 1.2342
1520440231.769813061 1.1048
1520440231.819814205 1.1868
1520440231.869814873 1.3300
1520440231.919816732 1.5961
1520440231.969817638 1.3766
1520440232.019819736 1.7307
1520440232.069820642 1.4528
1520440232.119822502 1.1895
1520440232.169824839 1.9072
1520440232.219825745 1.2947
1520440232.269825697 1.2935
1520440232.319828033 1.2704
1520440232.369828939 1.2762
1520440232.419830799 1.2637
1520440232.469831944 1.7136
1520440232.519833803 1.1268
1520440232.569834948 1.0476
1520440232.619837046 1.1148
1520440232.669839621 1.1620
1520440232.719841719 1.1721
1520440232.769843817 1.0765
1520440232.819844723 1.0359
1520440232.869862556 1.0744
1520440232.919847727 1.1309
1520440232.969848871 1.1887
1520440233.019850731 1.0735
1520440233.069852591 1.1219
1520440233.119849205 3.9695
1520440233.169851065 0.9487
1520440233.219851971 0.8781
1520440233.269854307 0.9104
1520440233.319855213 0.9739
1520440233.369857073 0.9655
1520440233.419858217 0.9349
1520440233.469860077 1.0442
1520440233.519861221 1.1498
1520440233.569862366 1.1264
1520440233.619864225 1.1823
1520440233.669866323 2.6127
1520440233.719867468 1.2555
1520440233.769868374 1.2986
1520440233.819870234 2.7816
1520440233.869872332 1.2233
1520440233.919876337 2.7494
1520440233.969878197 1.2531
1520440234.019880533 1.1870
1520440234.069881439 1.1604
1520440234.119882584 1.0399
1520440234.169884443 1.1178
1520440234.219886303 2.0481
1520440234.269887447 1.1694
1520440234.319885969 2.4743
1520440234.369886875 1.2674
1520440234.419889212 1.2690
1520440234.469890118 1.3038
1520440234.519891977 1.2673
1520440234.569893122 1.3189
1520440234.619894981 1.2077
1520440234.669897318 1.1942
1520440234.719897509 1.1207
1520440234.769946575 1.1661
1520440234.819900751 1.1808
1520440234.869902611 1.2464
1520440234.919903517 1.1883
1520440234.969905615 1.2052
1520440235.019907475 1.2307
1520440235.069908381 1.2254
1520440235.119910717 1.1748
1520440235.169918776 1.0394
1520440235.219920874 1.0014
1520440235.269921780 1.0413
1520440235.319923639 1.0008
1520440235.369924784 1.1074
1520440235.419926882 1.0746
1520440235.469928980 1.0728
1520440235.519929886 1.0920
1520440235.569926262 2.4006
1520440235.619926929 1.1372
1520440235.669929028 0.9265
1520440235.719930172 1.0138
1520440235.769932032 1.0936
1520440235.819933176 1.0608
1520440235.869935036 1.0098
1520440235.919937134 1.0324
1520440235.969940662 1.0407
1520440236.019942999 1.0383
1520440236.069944859 1.0800
1520440236.119945765 0.9939
1520440236.169947863 1.0944
1520440236.219948769 1.0896
1520440236.269950628 1.1245
1520440236.319951773 1.1787
1520440236.369954824 1.2266
1520440236.419956684 1.1898
1520440236.469957590 1.2245
1520440236.519958735 1.0034
1520440236.569960594 1.2208
1520440236.619962692 1.1763
1520440236.670042515 1.0519
1520440236.719965696 1.0886
1520440236.769961834 2.4012
1520440236.819963694 1.0722
1520440236.869964838 1.0131
1520440236.919966698 0.9722
1520440236.969967604 0.9665
1520440237.019969702 1.0132
1520440237.069971800 1.0710
1520440237.119972944 1.0462
1520440237.169978142 3.7844
1520440237.219979048 1.1416
1520440237.269980907 3.6568
1520440237.319982052 1.1784
1520440237.369983912 1.1318
1520440237.419985056 1.1501
1520440237.469987154 1.1050
1520440237.519989014 2.0469
1520440237.569990873 1.1097
1520440237.619991302 1.2131
1520440237.669992208 1.1384
1520440237.719994307 1.0671
1520440237.769996405 1.1202
1520440237.819998264 1.1514
1520440237.869999409 1.1605
1520440237.920000315 1.0099
1520440237.970002174 1.0863
1520440238.020001173 1.1575
1520440238.070003271 1.1005
1520440238.120003223 1.1153
1520440238.170009375 1.0886
1520440238.220006466 1.0843
1520440238.270008326 1.1275
1520440238.320013285 1.1795
1520440238.370011330 1.2780
1520440238.420007944 0.8936
1520440238.470008850 1.0639
1520440238.520010710 1.1112
1520440238.570013046 1.0240
1520440238.620013714 2.5685
1520440238.670015812 1.2713
1520440238.720016956 1.5574
1520440238.770018816 1.2981
1520440238.820022821 1.1997
1520440238.870024681 1.0940
1520440238.920025587 1.2021
1520440238.970027685 1.2035
1520440239.020028591 1.0299
1520440239.070030928 1.1398
1520440239.120032787 1.0574
1520440239.170033693 1.1325
1520440239.220042229 1.2402
1520440239.270043135 1.1394
1520440239.320044994 1.0737
1520440239.370046139 1.0394
1520440239.420048237 1.1504
1520440239.470050097 1.1301
1520440239.520051241 1.1729
1520440239.570053101 1.2002
1520440239.620053530 1.2525
1520440239.670054436 1.3076
1520440239.720056295 1.1976
1520440239.770058393 1.0714
1520440239.820059299 0.9659
1520440239.870060444 0.9834
1520440239.920062542 1.1449
1520440239.970063448 1.1136
1520440240.020066023 1.1347
1520440240.070066929 1.4817
1520440240.120069027 1.1307
1520440240.170071125 1.1073
1520440240.220074892 1.8114
1520440240.270074129 1.1687
1520440240.320075035 1.0727
1520440240.370077133 1.4903
1520440240.420091152 3.9860
1520440240.470071554 1.2177
1520440240.520072699 2.4789
1520440240.570074558 1.8131
1520440240.620075464 2.3242
1520440240.670077801 1.3139
1520440240.720079660 1.2599
1520440240.770080566 1.4777
1520440240.820082664 1.2453
1520440240.870087624 1.2104
1520440240.920089483 1.0338
1520440240.970090389 1.1130
1520440241.020092726 1.0512
1520440241.070094585 1.0752
1520440241.120095491 1.1639
1520440241.170097589 1.0804
1520440241.220098495 1.0639
1520440241.270100117 2.2093
1520440241.320101023 2.7375
1520440241.370103359 6.8173
1520440241.420104265 6.7715
1520440241.470106125 1.5095
1520440241.520108223 1.5274
1520440241.570110321 2.0319
1520440241.620110989 1.3615
1520440241.670118093 1.4069
1520440241.720119953 1.2551
1520440241.770121098 1.2064
1520440241.820122004 0.9255
1520440241.870124102 1.0107
1520440241.920125246 0.9653
1520440241.970127106 0.9358
1520440242.020131111 1.0620
1520440242.070132017 1.4489
1520440242.120133162 2.0053
1520440242.170135021 1.2448
1520440242.220135927 1.2863
1520440242.270138025 3.0573
1520440242.320182085 2.8793
1520440242.370141029 3.0916
1520440242.420143127 1.2674
1520440242.470144033 1.7384
1520440242.520141602 1.2530
1520440242.570142508 1.2559
1520440242.620144606 1.1928
1520440242.670146465 1.0005
1520440242.720147371 1.1232
1520440242.770149708 1.3450
1520440242.820150614 1.2086
1520440242.870152473 1.1384
1520440242.920155048 1.1369
1520440242.970157146 1.0442
1520440243.020158052 1.1780
1520440243.070160151 1.1001
1520440243.120162010 1.0897
1520440243.170163155 1.1663
1520440243.220165014 1.1159
1520440243.270165920 1.1058
1520440243.320173264 1.3207
1520440243.370174170 2.2075
1520440243.420177221 2.3213
1520440243.470178366 1.2136
1520440243.520180225 1.3556
1520440243.570181370 1.4007
1520440243.620183229 1.9059
1520440243.670184135 1.2929
1520440243.720187187 1.7762
1520440243.770189047 1.9706
1520440243.820190191 3.8409
1520440243.870192051 2.3449
1520440243.920194149 1.2357
1520440243.970195293 1.3100
1520440244.020197153 3.5840
1520440244.070198059 2.1052
1520440244.120194674 2.0805
1520440244.170196772 1.5231
1520440244.220274687 1.8481
1520440244.270199537 3.0834
1520440244.320200682 1.7073
1520440244.370202541 1.0353
1520440244.420203447 1.0942
1520440244.470205784 1.0211
1520440244.520213366 2.1557
1520440244.570215464 1.6653
1520440244.620216370 2.0064
1520440244.670218229 2.3906
1520440244.720220327 1.7524
1520440244.770221233 1.4788
1520440244.820223331 1.3446
1520440244.870224476 1.4409
1520440244.920226336 2.0828
1520440244.970228195 2.0152
1520440245.020230293 1.3666
1520440245.070232391 1.3852
1520440245.120233297 1.5128
1520440245.170235395 1.2716
1520440245.220236301 1.4865
1520440245.270238400 2.0162
1520440245.320240498 2.9213
1520440245.370244503 1.4498
1520440245.420245409 1.3966
1520440245.470246553 1.2744
1520440245.520249605 2.3199
1520440245.570250511 1.3025
1520440245.620251656 1.2118
1520440245.670253515 1.2224
1520440245.720254421 1.2281
1520440245.770253420 2.3956
1520440245.820254564 1.3841
1520440245.870256424 1.4008
1520440245.920262337 1.6786
1520440245.970259428 1.7359
1520440246.020260334 3.0918
1520440246.070264339 2.0991
1520440246.120263338 2.6033
1520440246.170259476 2.5295
1520440246.220260620 2.3715
1520440246.270262480 1.5323
1520440246.320264339 1.4545
1520440246.370265484 1.6131
1520440246.420267582 1.3107
1520440246.470268488 5.4641
1520440246.520270586 12.8309
1520440246.570275545 1.4159
1520440246.620277643 1.5651
1520440246.670279741 1.3952
1520440246.720280647 2.7389
1520440246.770282745 1.2681
1520440246.820284605 1.3656
1520440246.870285511 1.1655
1520440246.920286655 2.3607
1520440246.970291376 1.1966
1520440247.020292521 1.1866
1520440247.070294619 1.2460
1520440247.120296478 1.3079
1520440247.170297623 1.1125
1520440247.220299482 2.3700
1520440247.270301342 2.7305
1520440247.320303679 2.6489
1520440247.370301247 3.0524
1520440247.420303106 1.5270
1520440247.470304012 1.4593
1520440247.520306110 1.1763
1520440247.570307016 1.9547
1520440247.620308161 1.4543
1520440247.670310259 1.3530
1520440247.720312119 2.7750
1520440247.770314217 1.2763
1520440247.820312738 1.6842
1520440247.870313883 2.4950
1520440247.920315981 1.4941
1520440247.970321894 1.2266
1520440248.020318985 1.8528
1520440248.070319891 3.1181
1520440248.120321989 2.0907
1520440248.170322895 1.6444
1520440248.220316172 1.4449
1520440248.270318270 1.6446
1520440248.320319176 1.1713
1520440248.370321035 1.2699
1520440248.420322418 2.8789
1520440248.470324278 1.1041
1520440248.520325184 1.2365
1520440248.570327282 1.1826
1520440248.620330572 0.9848
1520440248.670332432 0.9636
1520440248.720334530 1.4372
1520440248.770335436 1.1724
1520440248.820337296 5.9386
1520440248.870338678 3.7974
1520440248.920340538 0.9918
1520440248.970341444 1.1409
1520440249.020343542 1.0511
1520440249.070345402 1.0740
1520440249.120347738 1.0405
1520440249.170349598 1.2097
1520440249.220350504 1.0924
1520440249.270351648 1.0466
1520440249.320353508 1.0044
1520440249.370355368 0.9747
1520440249.420362711 1.0145
1520440249.470363855 1.0179
1520440249.520365715 1.0664
1520440249.570370913 1.1934
1520440249.620368958 1.2604
1520440249.670369864 1.1486
1520440249.720371962 1.1609
1520440249.770375967 1.0484
1520440249.820371389 1.4848
1520440249.870409489 1.1773
1520440249.920374155 1.1140
1520440249.970376492 1.1023
1520440250.020377398 1.0080
1520440250.070379257 1.1029
1520440250.120380402 1.0550
1520440250.170382261 1.0775
1520440250.220383167 1.1501
1520440250.270380497 1.0430
1520440250.320382357 1.0355
1520440250.370383263 1.0217
1520440250.420385599 1.0532
1520440250.470386505 1.0326
1520440250.520388365 1.0452
1520440250.570389509 1.0662
1520440250.620391369 1.0133
1520440250.670395613 1.0329
1520440250.720396519 1.0988
1520440250.770398617 1.1207
1520440250.820399523 1.6921
1520440250.870401621 1.1689
1520440250.920402765 0.9446
1520440250.970405579 1.0063
1520440251.020406485 1.3314
1520440251.070405483 2.0532
1520440251.120407343 1.9014
1520440251.170409441 1.4888
1520440251.220410347 1.9042
1520440251.270412207 1.1020
1520440251.320413351 1.5003
1520440251.370415449 1.0966
1520440251.420416355 1.5880
1520440251.470422506 1.1902
1520440251.520424366 1.1256
1520440251.570425510 1.1158
1520440251.620427608 1.1466
1520440251.670428514 1.1097
1520440251.720430613 2.4687
1520440251.770497561 0.9832
1520440251.820433378 0.9619
1520440251.870434999 1.0154
1520440251.920437098 1.0508
1520440251.970438004 1.2308
1520440252.020440102 1.2560
1520440252.070441008 1.2050
1520440252.120442867 1.7088
1520440252.170444012 0.9816
1520440252.220445871 1.8221
1520440252.270448208 1.0889
1520440252.320455074 2.7527
1520440252.370457172 3.2438
1520440252.420458317 1.1639
1520440252.470460176 1.1856
1520440252.520461082 1.7070
1520440252.570463181 1.2359
1520440252.620465040 1.3568
1520440252.670466423 1.0219
1520440252.720462084 1.2590
1520440252.770462990 1.3343
1520440252.820464849 1.0791
1520440252.870467186 1.0893
1520440252.920467854 1.0889
1520440252.970469952 1.0489
1520440253.020471096 2.6671
1520440253.070472956 1.1191
1520440253.120473385 1.2635
1520440253.170475245 1.0590
1520440253.220477343 0.9683
1520440253.270478249 0.9838
1520440253.320480347 0.9941
1520440253.370481491 2.3449
1520440253.420483351 1.8310
1520440253.470485449 2.4932
1520440253.520489931 1.9854
1520440253.570490837 2.0103
1520440253.620494843 2.0365
1520440253.670592070 1.3385
1520440253.720495939 1.1690
1520440253.770496845 1.1304
1520440253.820498943 1.2169
1520440253.870500803 1.1787
1520440253.920503139 1.2395
1520440253.970504999 1.2352
1520440254.020506144 1.1800
1520440254.070508003 0.9455
1520440254.120508909 1.0407
1520440254.170511007 2.4806
1520440254.220513105 1.2158
1520440254.270514011 1.2518
1520440254.320513964 1.4475
1520440254.370514870 2.1781
1520440254.420517206 1.2504
1520440254.470518112 1.2998
1520440254.520519972 1.2540
1520440254.570521116 1.2334
1520440254.620522976 1.3424
1520440254.670524836 1.3495
1520440254.720536232 1.1854
1520440254.770538330 1.1260
1520440254.820540428 1.0026
1520440254.870541334 1.0794
1520440254.920543194 1.1418
1520440254.970544338 1.1130
1520440255.020546198 1.2596
1520440255.070547104 1.1809
1520440255.120549440 1.1926
1520440255.170544386 1.0019
1520440255.220545292 0.9321
1520440255.270546436 0.9389
1520440255.320548296 0.9448
1520440255.370549202 0.9745
1520440255.420551538 1.0182
1520440255.470553398 0.9446
1520440255.520556211 1.0472
1520440255.570556402 1.0235
1520440255.620557308 2.8745
1520440255.670559406 1.4894
1520440255.720560312 1.1962
1520440255.770562410 2.5113
1520440255.820564508 1.2036
1520440255.870565414 1.2200
1520440255.920567274 2.7775
1520440255.970570803 1.2651
1520440256.020572662 1.2990
1520440256.070573807 1.4490
1520440256.120575666 1.3960
1520440256.170576811 5.2124
1520440256.220578909 6.0384
1520440256.270580769 1.6288
1520440256.320581913 1.0783
1520440256.370581865 3.4762
1520440256.420583010 1.1627
1520440256.470584869 1.1227
1520440256.520585775 1.1331
1520440256.570587873 1.1114
1520440256.620589733 1.0323
1520440256.670590639 1.1100
1520440256.720593929 1.1040
1520440256.770593882 1.0593
1520440256.820594788 1.0360
1520440256.870596647 1.0534
1520440256.920597792 1.1496
1520440256.970599651 1.1203
1520440257.020600796 1.1252
1520440257.070602655 1.0180
1520440257.120603561 1.1535
1520440257.170609474 1.1423
1520440257.220610380 0.9405
1520440257.270612240 1.0444
1520440257.320613384 1.1910
1520440257.370615244 1.3213
1520440257.420636177 1.4224
1520440257.470618486 1.1293
1520440257.520620346 1.2640
1520440257.570621252 1.3066
1520440257.620624065 1.1349
1520440257.670624971 1.1870
1520440257.720627308 1.2287
1520440257.770628214 1.2355
1520440257.820630074 1.2240
1520440257.870632172 1.3309
1520440257.920633078 1.2471
1520440257.970634937 1.3302
1520440258.020634651 2.2413
1520440258.070636749 1.2588
1520440258.120637655 1.1652
1520440258.170639515 1.1212
1520440258.220641851 1.2181
1520440258.270642757 1.4485
1520440258.320644617 1.2767
1520440258.370645761 1.2427
1520440258.420649529 1.2419
1520440258.470650434 3.0996
1520440258.520652533 4.0573
1520440258.570654392 4.6689
1520440258.620656490 1.3133
1520440258.670657635 1.2904
1520440258.720658541 1.3230
1520440258.770660639 1.4089
1520440258.820664406 1.1725
1520440258.870665312 1.1322
1520440258.920666456 1.1412
1520440258.970668316 1.2760
1520440259.020670176 1.2320
1520440259.070671320 1.1575
1520440259.120673180 1.2062
1520440259.170674324 1.1689
1520440259.220681429 2.3037
1520440259.270677567 1.5253
1520440259.320718527 1.0487
1520440259.370680571 1.0505
1520440259.420682430 1.0531
1520440259.470684528 0.9278
1520440259.520685673 0.9673
1520440259.570687532 0.9962
1520440259.620688677 1.1259
1520440259.670698643 1.0421
1520440259.720699549 1.0694
1520440259.770701647 1.0824
1520440259.820702791 1.0604
1520440259.870704651 1.0570
1520440259.920706511 1.5700
1520440259.970707655 1.1670
1520440260.020709515 1.1038
1520440260.070701122 1.1452
1520440260.120702982 1.0881
1520440260.170705080 1.1463
1520440260.220705986 1.0946
1520440260.270708084 1.4112
1520440260.320709229 1.3243
1520440260.370711088 1.0358
1520440260.420712948 1.5233
1520440260.470721006 1.1696
1520440260.520722151 1.0696
1520440260.570724010 1.1596
1520440260.620725155 1.2294
1520440260.670727253 1.1773
1520440260.720728159 1.2667
1520440260.770730257 1.0219
1520440260.820731163 1.1849
1520440260.870733976 1.1975
1520440260.920736074 1.1599
1520440260.970737934 1.2435
1520440261.020739079 1.3247
1520440261.070742130 1.2061
1520440261.120742083 2.2866
1520440261.170744181 1.2390
1520440261.220804214 1.0489
1520440261.270742893 1.1299
1520440261.320744038 1.0690
1520440261.370745897 1.1716
1520440261.420746803 1.0379
1520440261.470748901 1.0534
1520440261.520750761 0.9938
1520440261.570751667 1.0165
1520440261.620754004 0.9159
1520440261.670753479 2.0241
1520440261.720755339 1.0690
1520440261.770756721 1.0089
1520440261.820758581 1.0716
1520440261.870760441 1.0664
1520440261.920761585 1.0864
1520440261.970763445 2.0274
1520440262.020764589 1.2358
1520440262.070770502 1.1910
1520440262.120771646 1.2164
1520440262.170773506 1.2932
1520440262.220775366 1.4375
1520440262.270776510 1.3491
1520440262.320778608 1.2296
1520440262.370779276 1.2458
1520440262.420782566 1.0054
1520440262.470783472 1.0737
1520440262.520788193 1.2351
1520440262.570790291 1.1321
1520440262.620792389 1.4760
1520440262.670793295 0.9522
1520440262.720794439 2.2868
1520440262.770796299 2.1639
1520440262.820798159 1.3343
1520440262.870799303 1.2711
1520440262.920794964 1.2583
1520440262.970795870 1.3700
1520440263.020797968 1.3387
1520440263.070798874 1.2168
1520440263.120877743 1.3211
1520440263.170801878 1.1462
1520440263.220803738 0.9931
1520440263.270804882 1.0242
1520440263.320807934 1.0184
1520440263.370808840 1.0987
1520440263.420810699 1.1199
1520440263.470813036 1.1131
1520440263.520813942 1.2343
1520440263.570815802 1.1593
1520440263.620816946 1.2322
1520440263.670818806 1.1506
1520440263.720819235 1.1225
1520440263.770821333 1.0682
1520440263.820822239 1.1158
1520440263.870824337 1.2032
1520440263.920826435 1.8637
1520440263.970827341 1.6144
1520440264.020829439 1.2236
1520440264.070830345 1.3757
1520440264.120834351 1.2625
1520440264.170835257 1.6578
1520440264.220837355 1.2758
1520440264.270839214 1.3039
1520440264.320840120 1.3530
1520440264.370842457 1.2804
1520440264.420843363 1.2431
1520440264.470845222 1.2515
1520440264.520848751 3.5544
1520440264.570850849 2.6752
1520440264.620852709 1.1980
1520440264.670853615 3.1443
1520440264.720855713 1.1414
1520440264.770856619 1.2894
1520440264.820858717 1.1239
1520440264.870859861 1.2152
1520440264.920861721 1.4395
1520440264.970863342 1.2887
1520440265.020950317 1.3669
1520440265.070866346 1.3477
1520440265.120867252 1.3211
1520440265.170869589 1.4286
1520440265.220870495 1.3548
1520440265.270872355 1.4825
1520440265.320873499 1.2201
1520440265.370874882 1.2732
1520440265.420875788 1.2436
1520440265.470877647 1.3105
1520440265.520879984 1.0338
1520440265.570880651 1.0759
1520440265.620882750 1.0141
1520440265.670883894 1.1356
1520440265.720885754 1.1018
1520440265.770884752 1.1534
1520440265.820886850 1.2365
1520440265.870888710 1.2322
1520440265.920889854 1.3434
1520440265.970891714 1.2782
1520440266.020892620 1.3065
1520440266.070894957 1.2129
1520440266.120896816 1.2748
1520440266.170896292 1.2127
1520440266.220896482 1.2165
1520440266.270898342 1.1394
1520440266.320900440 1.1145
1520440266.370901585 1.1384
1520440266.420903444 1.0219
1520440266.470905304 1.1388
1520440266.520906448 1.0342
1520440266.570905447 1.3911
1520440266.620906353 1.2277
1520440266.670908213 1.3401
1520440266.720914125 1.3049
1520440266.770911217 0.9488
1520440266.820912123 0.8487
1520440266.870917320 0.9362
1520440266.921013355 0.9122
1520440266.970917463 0.8927
1520440267.020917416 0.9304
1520440267.070918322 0.9180
1520440267.120920420 0.9219
1520440267.170921564 1.0181
1520440267.220923424 1.0350
1520440267.270924568 0.9423
1520440267.320926428 0.9795
1520440267.370927334 0.9481
1520440267.420927525 1.0327
1520440267.470929623 0.9177
1520440267.520930529 0.8479
1520440267.570932388 0.8788
1520440267.620933533 0.7972
1520440267.670935631 0.8888
1520440267.720936775 0.8895
1520440267.770938635 0.8248
1520440267.820936441 1.0663
1520440267.870938301 1.0263
1520440267.920940399 1.0370
1520440267.970941544 1.0522
1520440268.020943403 1.1232
1520440268.070944309 1.0851
1520440268.120946407 1.1528
1520440268.170948267 1.2694
1520440268.220950365 1.2194
1520440268.270951271 1.2412
1520440268.320953369 1.1866
1520440268.370954275 1.1188
1520440268.420958281 1.1208
1520440268.470957279 1.1780
1520440268.520958185 1.1609
1520440268.570960045 1.1102
1520440268.620966673 1.1282
1520440268.670967817 0.9721
1520440268.720969677 1.1327
1520440268.770971537 1.2380
1520440268.821077824 0.9467
1520440268.870973587 1.0120
1520440268.920975685 1.0686
1520440268.970976830 1.1005
1520440269.020977974 1.1333
1520440269.070979834 1.2971
1520440269.120980978 1.2439
1520440269.170982838 1.2474
1520440269.220983982 1.1058
1520440269.270986080 1.1565
1520440269.320986986 1.1021
1520440269.370989084 1.1630
1520440269.420993805 1.3234
1520440269.470989227 1.2671
1520440269.520991564 1.2356
1520440269.570992470 1.1499
1520440269.620994329 1.1217
1520440269.670995474 1.1261
1520440269.720997334 1.0091
1520440269.770999670 1.0151
1520440269.821000338 1.0445
1520440269.871001482 0.9818
1520440269.921003819 0.8990
1520440269.971004725 1.0226
1520440270.021006584 1.0215
1520440270.071007729 1.0531
1520440270.121009588 0.9596
1520440270.171011686 1.0014
1520440270.221012831 0.8891
1520440270.271013021 1.1558
1520440270.321015120 1.0788
1520440270.371017218 0.9795
1520440270.421018124 1.0035
1520440270.471022129 0.9254
1520440270.521021128 0.9325
1520440270.571022987 0.9108
1520440270.621023893 0.8854
1520440270.671027422 1.0103
1520440270.721028566 0.9895
1520440270.771030426 1.0264
1520440270.821031570 0.9983
1520440270.871033669 1.1080
1520440270.921034575 1.1256
1520440270.971036673 1.1424
1520440271.021038532 1.1474
1520440271.071037769 1.1636
1520440271.121039867 1.1861
1520440271.171040773 1.2567
1520440271.221042633 1.2654
1520440271.271043777 1.4186
1520440271.321045876 1.4117
1520440271.371047020 1.3557
1520440271.421048880 1.3646
1520440271.471048117 1.4183
1520440271.521049023 1.2661
1520440271.571051359 1.0717
1520440271.621052265 1.0877
1520440271.671054125 1.0835
1520440271.721055269 0.9414
1520440271.771057129 0.9553
1520440271.821058989 1.0056
1520440271.871060133 1.0204
1520440271.921062231 2.0222
1520440271.971064329 1.2636
1520440272.021066189 0.9258
1520440272.071067095 2.0549
1520440272.121068239 0.9268
1520440272.171070099 1.0224
1520440272.221071005 1.0424
1520440272.271073341 0.8754
1520440272.321073055 0.9534
1520440272.371075153 0.9910
1520440272.421077013 1.0061
1520440272.471078157 1.0613
1520440272.521080017 1.0485
1520440272.571081161 0.9213
1520440272.621083021 0.9408
1520440272.671083927 1.0194
1520440272.721085548 0.9376
1520440272.771086693 0.8829
1520440272.821088552 0.9528
1520440272.871089458 1.0972
1520440272.921091557 1.0571
1520440272.971092463 0.9897
1520440273.021094561 0.9354
1520440273.071096659 0.8672
1520440273.121101856 1.1062
1520440273.171103716 0.9285
1520440273.221104860 0.9783
1520440273.271106720 0.9162
1520440273.321107626 0.9103
1520440273.371109962 1.0398
1520440273.421111822 1.1363
1520440273.471112728 1.0044
1520440273.521116495 0.9555
1520440273.571117401 0.9039
1520440273.621119261 1.0305
1520440273.671120405 1.1056
1520440273.721123219 1.2329
1520440273.771124363 1.1790
1520440273.821125269 1.2258
1520440273.871127367 1.1544
1520440273.921127796 1.0396
1520440273.971129656 1.0289
1520440274.021131516 1.0480
1520440274.071132660 1.0667
1520440274.121134520 1.0968
1520440274.171135426 1.2418
1520440274.221137762 1.3763
1520440274.271138668 1.2987
1520440274.321138859 1.3396
1520440274.371137142 1.3908
1520440274.421137810 1.3715
1520440274.471141815 1.3605
1520440274.521239758 1.2198
1520440274.571141958 1.2745
1520440274.621143818 1.3556
1520440274.671145916 2.1666
1520440274.721146822 1.1535
1520440274.771150827 1.0933
1520440274.821151733 1.0590
1520440274.871153831 1.1463
1520440274.921154737 1.0150
1520440274.971157074 1.0230
1520440275.021158934 0.9895
1520440275.071159840 1.1115
1520440275.121161938 1.0883
1520440275.171160936 1.0869
1520440275.221163034 0.8734
1520440275.271163940 0.8199
1520440275.321165800 0.8584
1520440275.371166945 0.9815
1520440275.421168804 1.0353
1520440275.471170902 1.0757
1520440275.521172047 1.0684
1520440275.571172953 1.1882
1520440275.621174812 1.1834
1520440275.671175957 0.7672
1520440275.721177816 0.8184
1520440275.771179676 0.8644
1520440275.821180820 0.8890
1520440275.871182919 0.8771
1520440275.921183825 0.9020
1520440275.971195698 1.2342
1520440276.021196604 1.1842
1520440276.071198463 1.1177
1520440276.121199608 1.0270
1520440276.171201468 0.9043
1520440276.221202374 1.0095
1520440276.271204710 1.1354
1520440276.321205616 1.0248
1520440276.371200323 1.2452
1520440276.421288490 1.2153
1520440276.471203327 1.3338
1520440276.521204472 1.2165
1520440276.571206331 1.2172
1520440276.621207237 1.1363
1520440276.671209574 1.1207
1520440276.721211433 0.8953
1520440276.771211863 0.8065
1520440276.821220636 0.8944
1520440276.871221542 0.8673
1520440276.921223402 0.8633
1520440276.971224546 0.8532
1520440277.021226406 0.8924
1520440277.071228504 1.0252
1520440277.121229649 0.9380
1520440277.171231508 0.9837
1520440277.221233130 1.0726
1520440277.271234989 1.0825
1520440277.321237087 0.8930
1520440277.371238232 0.9265
1520440277.421239138 0.8986
1520440277.471240997 0.9018
1520440277.521243095 0.8997
1520440277.571244955 0.8819
1520440277.621244431 0.8810
1520440277.671246290 0.8976
1520440277.721248627 0.8921
1520440277.771249294 0.8913
1520440277.821250200 0.8465
1520440277.871252537 0.8703
1520440277.921253443 0.9348
1520440277.971258402 0.9121
1520440278.021257401 0.9366
1520440278.071259737 0.9377
1520440278.121261597 0.9875
1520440278.171262503 1.1041
1520440278.221263647 0.9475
1520440278.271265507 1.0074
1520440278.321328640 0.9433
1520440278.371268511 1.0250
1520440278.421265364 1.3120
1520440278.471266270 1.2009
1520440278.521268368 1.2101
1520440278.571269274 1.3814
1520440278.621271610 1.2055
1520440278.671273470 1.1768
1520440278.721274376 0.9998
1520440278.771276474 0.8932
1520440278.821285009 1.3811
1520440278.871287107 1.2660
1520440278.921288252 1.1911
1520440278.971290112 1.0149
1520440279.021291256 1.0252
1520440279.071293116 0.9733
1520440279.121295214 0.9917
1520440279.171296358 0.9077
1520440279.221298695 1.1068
1520440279.271299839 1.1302
1520440279.321301699 1.0362
1520440279.371302605 1.0649
1520440279.421304941 1.0336
1520440279.471306801 0.9613
1520440279.521307945 1.1341
1520440279.571310759 1.1208
1520440279.621311665 1.1589
1520440279.671306610 1.3602
1520440279.721308470 1.1302
1520440279.771310568 1.0095
1520440279.821311474 2.7272
1520440279.871312380 1.0620
1520440279.921318293 2.0462
1520440279.971315384 1.1113
1520440280.021317482 0.9313
1520440280.071320772 1.0318
1520440280.121327877 1.0218
1520440280.171324968 1.1121
1520440280.221362829 1.0759
1520440280.271327972 1.0577
1520440280.321328878 1.2938
1520440280.371330738 1.0738
1520440280.421331882 0.9152
1520440280.471331120 1.0370
1520440280.521332264 0.9539
1520440280.571334124 1.1032
1520440280.621335268 1.0934
1520440280.671337128 0.9818
1520440280.721339226 0.9801
1520440280.771340370 0.9859
1520440280.821342230 0.8187
1520440280.871346474 1.1218
1520440280.921348333 1.0513
1520440280.971350193 1.0955
1520440281.021351337 1.1296
1520440281.071353436 1.0633
1520440281.121354342 1.0560
1520440281.171356440 1.0588
1520440281.221358299 1.0774
1520440281.271354437 1.1282
1520440281.321356297 1.0343
1520440281.371358395 1.0711
1520440281.421359301 1.0643
1520440281.471361399 1.1251
1520440281.521362543 1.0449
1520440281.571363211 1.2006
1520440281.621366262 1.2602
1520440281.671364784 1.3198
1520440281.721367836 1.2599
1520440281.771367788 1.0941
1520440281.821368933 1.0626
1520440281.871370792 1.0300
1520440281.921371698 0.9777
1520440281.971373796 0.9715
1520440282.021374702 0.9394
1520440282.071376562 1.0240
1520440282.121396065 1.1673
1520440282.171390057 1.1342
1520440282.221390963 1.0386
1520440282.271392822 1.1278
1520440282.321394920 1.1148
1520440282.371395826 1.0998
1520440282.421397686 0.9597
1520440282.471398830 1.0592
1520440282.521395683 1.1264
1520440282.571396589 1.0951
1520440282.621398449 1.0858
1520440282.671400785 1.1355
1520440282.721401691 1.0153
1520440282.771403551 1.0308
1520440282.821404696 1.0475
1520440282.871406555 1.0433
1520440282.921407223 0.9675
1520440282.971409321 0.9321
1520440283.021410227 1.0287
1520440283.071412325 0.8506
1520440283.121414423 0.9611
1520440283.171415329 0.9981
1520440283.221417189 0.9861
1520440283.271419287 0.9652
1520440283.321427345 1.1260
1520440283.371429443 1.0290
1520440283.421430588 0.9842
1520440283.471432447 1.0261
1520440283.521433592 0.7544
1520440283.571435452 0.8503
1520440283.621437550 0.8633
1520440283.671438694 0.8978
1520440283.721435308 1.2370
1520440283.771437407 1.0568
1520440283.821439505 0.9636
1520440283.871440411 0.9812
1520440283.921442270 0.8689
1520440283.971443415 0.8137
1520440284.021445274 0.8670
1520440284.071446419 0.8788
1520440284.121451616 1.0636
1520440284.171447515 1.6445
1520440284.221449375 0.8769
1520440284.271451473 0.9365
1520440284.321452618 1.0242
1520440284.371454477 1.0518
1520440284.421455383 0.9545
1520440284.471457481 0.9456
1520440284.521458387 1.0323
1520440284.571451664 1.5018
1520440284.621452570 1.3633
1520440284.671454430 1.3680
1520440284.721456528 1.2807
1520440284.771457434 1.2458
1520440284.821459532 1.1913
1520440284.871461630 1.1245
1520440284.921462536 1.0058
1520440284.971468449 1.3062
1520440285.021470547 1.2068
1520440285.071472645 1.1301
1520440285.121473551 1.0402
1520440285.171475410 1.1590
1520440285.221477747 1.1575
1520440285.271478415 1.1823
1520440285.321480513 1.1189
1520440285.371480942 1.0732
1520440285.421481609 1.0409
1520440285.471482992 0.9633
1520440285.521484852 0.9902
1520440285.571485996 0.9357
1520440285.621487856 0.9269
1520440285.671489716 1.1378
1520440285.721490860 1.2214
1520440285.771482706 1.1176
1520440285.821484566 1.0336
1520440285.871486425 0.9080
1520440285.921487570 0.8917
1520440285.971573591 0.8632
1520440286.021490335 0.8583
1520440286.071492672 2.9189
1520440286.121493578 2.8775
1520440286.171501398 0.9834
1520440286.221503258 0.9167
1520440286.271504402 0.9430
1520440286.321506262 0.9911
1520440286.371507168 1.0295
1520440286.421509266 0.9017
1520440286.471510172 0.9082
1520440286.521512508 0.8924
1520440286.571511984 0.9318
1520440286.621514320 0.9565
1520440286.671516180 0.9469
1520440286.721517086 0.9804
1520440286.771519184 1.0824
1520440286.821520090 1.1165
1520440286.871521950 1.1019
1520440286.921523094 1.1046
1520440286.971525192 0.9861
1520440287.021528006 1.0101
1520440287.071531057 0.9975
1520440287.121531963 0.8868
1520440287.171533108 0.8491
1520440287.221534967 0.9012
1520440287.271536827 0.9193
1520440287.321537971 0.9525
1520440287.371540070 0.9362
1520440287.421540022 0.9124
1520440287.471542120 0.9203
1520440287.521544933 0.9059
1520440287.571545124 0.9010
1520440287.621546984 0.9451
1520440287.671548128 0.8633
1520440287.721549034 0.8706
1520440287.771550894 1.3786
1520440287.821547508 1.1235
1520440287.871608496 1.1568
1520440287.921550512 1.1068
1520440287.971551418 1.1367
1520440288.021553755 1.0916
1520440288.071554661 1.0010
1520440288.121556520 1.0237
1520440288.171557665 0.9521
1520440288.221563101 1.1232
1520440288.271565199 1.0321
1520440288.321566105 1.0867
1520440288.371568203 1.0916
1520440288.421569347 1.0329
1520440288.471571207 1.0460
1520440288.521572113 1.0623
1520440288.571574211 0.9809
1520440288.621568441 1.1953
1520440288.671569347 1.0650
1520440288.721571445 1.0386
1520440288.771572590 2.1004
1520440288.821574450 1.1160
1520440288.871575594 0.9992
1520440288.921577454 1.0077
1520440288.971579313 1.0858
1520440289.021584034 0.9594
1520440289.071586132 0.9806
1520440289.121587992 0.9377
1520440289.171589136 0.9394
1520440289.221590996 0.8506
1520440289.271591902 0.9051
1520440289.321594000 0.9157
1520440289.371594906 0.7888
1520440289.421597004 0.8393
1520440289.471597672 0.7541
1520440289.521599531 0.8124
1520440289.571600437 0.8235
1520440289.621602535 0.8162
1520440289.671605587 0.8410
1520440289.721605301 0.8504
1520440289.771638632 0.8947
1520440289.821608543 0.9566
1520440289.871610880 1.0107
1520440289.921611786 0.9210
1520440289.971613646 0.9355
1520440290.021614790 0.9462
1520440290.071616650 0.9791
1520440290.121618032 0.9246
1520440290.171619892 0.9368
1520440290.221621752 0.8709
1520440290.271626711 1.1978
1520440290.321628809 1.0675
1520440290.371629715 1.0203
1520440290.421631813 1.0792
1520440290.471632957 1.1142
1520440290.521634817 1.0244
1520440290.571636915 1.0761
1520440290.621637821 1.1321
1520440290.671636820 1.0383
1520440290.721637964 1.0610
1520440290.771639824 1.0154
1520440290.821640968 1.0601
1520440290.871642828 1.0845
1520440290.921644688 1.0354
1520440290.971646070 0.9367
1520440291.021647930 0.9960
1520440291.071649075 1.0282
1520440291.121650219 0.9976
1520440291.171652079 0.9200
1520440291.221653223 0.8696
1520440291.271655083 0.8343
1520440291.321655989 0.8511
1520440291.371658325 0.8428
1520440291.421659231 0.8090
1520440291.471663475 0.8952
1520440291.521663427 0.9400
1520440291.571665525 0.9276
1520440291.621667385 0.9392
1520440291.671673298 0.9238
1520440291.721669436 0.9241
1520440291.771671295 0.9061
1520440291.821673393 0.9175
1520440291.871674299 0.9437
1520440291.921672344 1.1137
1520440291.971673250 1.0984
1520440292.021675348 1.0079
1520440292.071676493 0.9429
1520440292.121678352 1.0248
1520440292.171679258 0.9573
1520440292.221681356 0.8714
1520440292.271683216 0.8944
1520440292.321690559 1.0208
1520440292.371692657 1.0731
1520440292.421693325 0.9775
1520440292.471695662 1.0389
1520440292.521696568 1.0218
1520440292.571698427 0.9571
1520440292.621699572 1.0071
1520440292.671701431 0.9524
1520440292.721698523 1.0316
1520440292.771699429 1.0730
1520440292.821701527 0.9867
1520440292.871703625 0.9929
1520440292.921704531 1.0717
1520440292.971706629 1.1411
1520440293.021707535 2.8894
1520440293.071709394 1.3356
1520440293.121711254 1.1959
1520440293.171713352 1.1604
1520440293.221715450 1.1895
1520440293.271716356 1.6236
1520440293.321718216 0.9807
1520440293.371719360 0.9311
1520440293.421721458 0.9216
1520440293.471722603 0.9634
1520440293.521730900 1.2700
1520440293.571731806 1.1309
1520440293.621733665 1.0763
1520440293.671734810 1.0760
1520440293.721736670 0.9951
1520440293.771737576 1.0324
1520440293.821739674 0.9284
1520440293.871741772 0.9944
1520440293.921737194 1.0740
1520440293.971739054 1.1415
1520440294.021739960 1.1471
1520440294.071742296 1.1355
1520440294.121743202 1.0155
1520440294.171745062 0.9520
1520440294.221747160 0.9534
1520440294.271748066 0.9006
1520440294.321750164 0.9411
1520440294.371757269 1.0759
1520440294.421759605 1.0577
1520440294.471760273 1.0534
1520440294.521762371 0.9326
1520440294.571764469 0.9662
1520440294.621765375 0.9747
1520440294.671767235 0.9277
1520440294.721769571 1.0055
1520440294.771764755 1.0529
1520440294.821766615 1.0502
1520440294.871767521 1.0394
1520440294.921769619 1.1710
1520440294.971771717 1.1153
1520440295.021771431 1.1203
1520440295.071773767 1.1260
1520440295.121775627 1.1931
1520440295.171773911 2.1303
1520440295.221775770 1.2342
1520440295.271776915 1.1323
1520440295.321779013 1.1034
1520440295.371780872 1.0845
1520440295.421782017 0.9687
1520440295.471783876 1.0340
1520440295.521867990 1.0780
1520440295.571794271 1.1479
1520440295.621795177 1.0522
1520440295.671797276 1.0476
1520440295.721798182 1.0971
1520440295.771800041 1.0837
1520440295.821801186 0.9629
1520440295.871803045 0.9624
1520440295.921805143 0.9677
1520440295.971797228 1.0235
1520440296.021799088 0.9343
1520440296.071800232 2.5426
1520440296.121802330 1.2032
1520440296.171803474 1.0441
1520440296.221805334 0.9002
1520440296.271807194 1.0099
1520440296.321808338 0.9930
1520440296.371812105 0.9955
1520440296.421813011 0.9396
1520440296.471814871 0.9137
1520440296.521816015 0.9744
1520440296.571817875 0.9279
1520440296.621819973 1.0134
1520440296.671821117 0.9383
1520440296.721822977 0.9708
1520440296.771824837 0.9549
1520440296.821825504 0.8744
1520440296.871827364 0.8507
1520440296.921829462 0.8296
1520440296.971831560 0.8888
1520440297.021832466 0.9507
1520440297.071834326 0.9331
1520440297.121834517 1.0202
1520440297.171836376 0.9082
1520440297.221836329 0.9647
1520440297.271841288 0.9093
1520440297.321839333 0.8839
1520440297.371841192 0.8723
1520440297.421898127 0.8135
1520440297.471844435 0.8233
1520440297.521846294 0.8367
1520440297.571847200 0.8612
1520440297.621850014 0.7966
1520440297.671850920 0.8640
1520440297.721853018 0.8919
1520440297.771854162 0.9004
1520440297.821856022 0.8332
1520440297.871857882 0.8168
1520440297.921859026 0.8491
1520440297.971860886 0.8194
1520440298.021861792 0.8592
1520440298.071863890 0.7854
1520440298.121865034 0.8371
1520440298.171866894 0.7650
1520440298.221868753 0.7517
1520440298.271869898 0.8067
1520440298.321871758 0.7981
1520440298.371873140 0.7294
1520440298.421873569 0.8513
1520440298.471874475 0.8881
1520440298.521876574 0.8587
1520440298.571878672 1.2805
1520440298.621880531 1.2739
1520440298.671881437 0.8728
1520440298.721882582 0.8268
1520440298.771884441 0.8435
1520440298.821888924 0.8711
1520440298.871891022 0.8414
1520440298.921890974 0.8931
1520440298.971893072 0.9074
1520440299.021895170 0.9577
1520440299.071896076 1.0226
1520440299.121897936 1.0987
1520440299.171899080 1.0541
1520440299.221900940 1.0645
1520440299.271902323 1.0525
1520440299.321931362 1.0842
1520440299.371904373 1.0306
1520440299.421906233 0.9434
1520440299.471908331 0.9744
1520440299.521909237 2.2192
1520440299.571911097 0.9059
1520440299.621912241 0.9655
1520440299.671915054 1.0018
1520440299.721916199 0.9715
1520440299.771918058 0.9275
1520440299.821919918 0.9413
1520440299.871921062 0.9261
1520440299.921923161 0.9034
1520440299.971924067 0.8934
1520440300.021926165 0.8775
1520440300.071921349 4.0928
1520440300.121923447 1.9332
1520440300.171924591 1.0872
1520440300.221926451 1.0910
1520440300.271928310 1.1599
1520440300.321929455 1.0529
1520440300.371931314 0.8830
1520440300.421933413 0.8851
1520440300.471941233 1.0287
1520440300.521941900 0.9544
1520440300.571943998 0.9359
1520440300.621945143 0.9516
1520440300.671946049 0.8962
1520440300.721948147 0.8239
1520440300.771950006 0.9181
1520440300.821954012 0.9086
1520440300.871950388 0.9119
1520440300.921951532 0.8987
1520440300.971953392 0.9612
1520440301.021955252 1.0724
1520440301.071956396 1.0089
1520440301.121957302 0.9886
1520440301.171959400 1.0203
1520440301.221960545 1.0346
1520440301.271961689 2.5998
1520440301.321962833 1.8167
1520440301.371964693 2.3642
1520440301.421966553 1.1564
1520440301.471967697 1.1668
1520440301.521969557 1.0256
1520440301.571970463 1.1111
1520440301.621972799 1.0634
1520440301.671973705 1.0881
1520440301.721982479 1.0988
1520440301.771983385 1.0704
1520440301.821985245 0.9880
1520440301.871987343 0.9372
1520440301.921988249 0.9430
1520440301.971990347 0.9297
1520440302.021992445 0.9616
1520440302.071993351 0.8669
1520440302.121987820 1.0017
1520440302.171989679 0.9102
1520440302.221990585 0.8481
1520440302.271992922 0.8253
1520440302.321994781 0.8322
1520440302.371996641 0.8474
1520440302.421997786 0.7783
1520440302.471999645 0.8013
1520440302.522000074 0.8137
1520440302.572001934 0.7791
1520440302.622004032 0.8105
1520440302.672005177 0.8038
1520440302.722006083 0.8235
1520440302.772007942 0.8626
1520440302.822010040 0.7975
1520440302.872010946 0.8364
1520440302.922010899 0.8612
1520440302.972012758 0.9334
1520440303.022015095 0.9373
1520440303.072015762 0.8152
1520440303.122022867 0.9144
1520440303.172116995 1.0695
1520440303.222020864 0.9360
1520440303.272022009 0.9261
1520440303.322025537 0.9615
1520440303.372026443 0.9962
1520440303.422028542 0.9331
1520440303.472030401 0.9276
1520440303.522031307 0.9592
1520440303.572033644 1.0245
1520440303.622034550 0.9945
1520440303.672036409 0.9881
1520440303.722038031 1.0127
1520440303.772040129 0.7966
1520440303.822041035 0.8717
1520440303.872042894 0.8575
1520440303.922045231 0.8730
1520440303.972046137 1.1303
1520440304.022047997 0.8315
1520440304.072049141 0.8265
1520440304.122051001 0.8007
1520440304.172052622 0.9351
1520440304.222054958 0.9440
1520440304.272056818 1.7406
1520440304.322058678 1.4875
1520440304.372059822 0.9890
1520440304.422061920 1.2911
1520440304.472062826 4.2379
1520440304.522064924 1.3450
1520440304.572068691 1.2134
1520440304.622069597 1.0970
1520440304.672070742 1.0868
1520440304.722072601 1.0384
1520440304.772073746 1.0068
1520440304.822075605 1.0726
1520440304.872076511 1.0709
1520440304.922078609 1.0512
1520440304.972074509 1.1736
1520440305.022076368 1.2381
1520440305.072146416 1.1000
1520440305.122079372 0.9878
1520440305.172081470 0.9617
1520440305.222082615 1.0790
1520440305.272084475 1.0277
1520440305.322085381 1.0989
1520440305.372092009 1.1115
1520440305.422093153 1.0263
1520440305.472095013 1.0354
1520440305.522096872 1.0142
1520440305.572098017 0.9406
1520440305.622099876 1.0897
1520440305.672100782 0.9862
1520440305.722103119 0.9514
1520440305.772105455 0.9910
1520440305.822107315 0.9847
1520440305.872109413 1.0435
1520440305.922110558 0.9592
1520440305.972112417 0.9947
1520440306.022113323 1.0079
1520440306.072115421 0.9166
1520440306.122116327 1.0049
1520440306.172108889 1.0909
1520440306.222110748 1.1427
1520440306.272111893 0.8744
1520440306.322113752 0.9003
1520440306.372115612 0.9290
1520440306.422116756 0.9783
1520440306.472118855 0.9480
1520440306.522119761 0.9650
1520440306.572121859 0.8978
1520440306.622126341 1.1608
1520440306.672131300 0.9926
1520440306.722129345 0.8736
1520440306.772131443 0.8840
1520440306.822133303 0.8514
1520440306.872134447 0.8435
1520440306.922135353 0.8352
1520440306.972173214 0.9682
1520440307.022139072 0.9465
1520440307.072141171 0.9353
1520440307.122143030 0.9273
1520440307.172144175 0.9521
1520440307.222146034 0.9031
1520440307.272146940 0.9401
1520440307.322149038 0.9929
1520440307.372149944 0.9856
1520440307.422153950 1.0706
1520440307.472155809 1.0009
1520440307.522156954 0.8635
1520440307.572159052 0.9495
1520440307.622160196 0.9974
1520440307.672162056 0.9380
1520440307.722163916 0.9651
1520440307.772165060 0.9289
1520440307.822167635 1.0793
1520440307.872169495 1.0610
1520440307.922171354 1.0814
1520440307.972172499 1.0358
1520440308.022174358 1.0721
1520440308.072176456 1.0801
1520440308.122178555 1.0248
1520440308.172179461 1.1075
1520440308.222180605 1.0863
1520440308.272181749 1.0304
1520440308.322183609 1.1244
1520440308.372185707 0.9928
1520440308.422186852 0.9816
1520440308.472187757 1.0549
1520440308.522188902 1.0109
1520440308.572190762 1.0236
1520440308.622191668 1.0545
1520440308.672196627 1.0253
1520440308.722194672 1.0129
1520440308.772195578 1.0012
1520440308.822197437 1.0069
1520440308.872205496 0.8781
1520440308.922200680 0.9719
1520440308.972201824 1.0191
1520440309.022203684 1.0245
1520440309.072205544 0.9759
1520440309.122206450 0.9367
1520440309.172208548 0.9546
1520440309.222209454 0.9777
1520440309.272211552 1.0025
1520440309.322212696 1.0314
1520440309.372214556 2.3677
1520440309.422215462 1.1570
1520440309.472218275 1.0426
1520440309.522220373 0.9908
1520440309.572221279 1.0242
1520440309.622223377 1.0637
1520440309.672224283 1.0416
1520440309.722226381 1.1401
1520440309.772227287 1.1132
1520440309.822229147 1.1136
1520440309.872232676 1.1145
1520440309.922233820 1.1021
1520440309.972235680 1.0849
1520440310.022237778 1.0998
1520440310.072238922 1.0888
1520440310.122240782 1.1069
1520440310.172242641 1.0275
1520440310.222243786 0.9891
1520440310.272247314 1.0265
1520440310.322248459 0.9766
1520440310.372250319 0.9735
1520440310.422251463 1.6084
1520440310.472253323 0.8764
1520440310.522254229 0.8883
1520440310.572256565 0.8419
1520440310.622257471 0.8375
1520440310.672259569 0.9016
1520440310.722260714 0.9423
1520440310.772264719 0.9664
1520440310.822361708 1.0042
1520440310.872265816 1.0283
1520440310.922266722 1.0939
1520440310.972268820 1.1811
1520440311.022269726 1.0604
1520440311.072273970 1.2497
1520440311.122275829 1.1681
1520440311.172276974 1.0284
1520440311.222278833 1.0531
1520440311.272279739 0.9261
1520440311.322282076 0.9320
1520440311.372282982 0.9190
1520440311.422284842 1.5442
1520440311.472286940 1.0283
1520440311.522286177 2.0553
1520440311.572288036 1.4757
1520440311.622289181 0.9759
1520440311.672291040 0.9217
1520440311.722291946 0.9002
1520440311.772294044 2.3683
1520440311.822294950 2.8703
1520440311.872297049 2.2877
1520440311.922298670 2.2066
1520440311.972300529 1.0505
1520440312.022301435 1.0802
1520440312.072303534 1.0100
1520440312.122304440 1.0739
1520440312.172306538 1.1453
1520440312.222308636 1.0337
1520440312.272309542 1.0620
1520440312.322306156 1.1464
1520440312.372308016 1.1567
1520440312.422310114 1.1508
1520440312.472311020 1.0405
1520440312.522312880 1.0225
1520440312.572316170 0.9779
1520440312.622316122 0.9109
1520440312.672317028 0.9666
1520440312.722375870 1.1139
1520440312.772324085 1.0391
1520440312.822325945 1.0181
1520440312.872327089 1.0665
1520440312.922329187 1.0223
1520440312.972330093 1.0480
1520440313.022332191 1.0373
1520440313.072334051 1.1036
1520440313.122337580 1.2087
1520440313.172339439 1.1572
1520440313.222340584 1.1293
1520440313.272342443 1.0532
1520440313.322343588 0.9104
1520440313.372345686 1.3601
1520440313.422346592 1.4813
1520440313.472348690 1.0300
1520440313.522351027 0.9837
1520440313.572352171 0.9354
1520440313.622354269 1.2986
1520440313.672355175 2.1126
1520440313.722357273 1.1156
1520440313.772358179 2.5862
1520440313.822360039 3.3470
1520440313.872362137 1.0906
1520440313.922364235 1.0658
1520440313.972366571 1.4875
1520440314.022367477 1.4247
1520440314.072368383 2.1007
1520440314.122370481 1.1415
1520440314.172371387 1.1895
1520440314.222373486 1.0524
1520440314.272374630 1.1450
1520440314.322376490 1.3433
1520440314.372375488 1.2778
1520440314.422376394 1.2139
1520440314.472378254 1.1797
1520440314.522379637 1.1391
1520440314.572381496 1.1358
1520440314.622384310 1.0889
1520440314.672384501 1.1104
1520440314.722385406 1.0754
1520440314.772390366 1.0117
1520440314.822391510 1.0425
1520440314.872393370 0.9031
1520440314.922394276 0.9814
1520440314.972396612 0.8885
1520440315.022397518 0.9196
1520440315.072399378 0.9610
1520440315.122401476 1.1015
1520440315.172408342 1.1569
1520440315.222410440 0.9225
1520440315.272411346 0.8179
1520440315.322413683 0.8171
1520440315.372415543 1.9757
1520440315.422416449 0.8094
1520440315.472418547 0.8296
1520440315.522419453 1.0213
1520440315.572422743 1.0756
1520440315.622423887 1.0593
1520440315.672425747 1.0370
1520440315.722426653 1.0424
1520440315.772429943 1.0882
1520440315.822430611 1.0842
1520440315.872432709 1.0725
1520440315.922433853 1.0942
1520440315.972439766 1.2106
1520440316.022441626 1.1281
1520440316.072443724 1.2362
1520440316.122444868 1.0958
1520440316.172445774 1.0933
1520440316.222448587 0.9843
1520440316.272449732 1.0541
1520440316.322450638 1.0224
1520440316.372452497 1.1042
1520440316.422456264 1.1806
1520440316.472458124 1.1207
1520440316.522459507 1.0031
1520440316.572536230 1.3069
1520440316.622462273 1.4969
1520440316.672464371 1.0648
1520440316.722466230 1.0831
1520440316.772467136 1.1110
1520440316.822466373 1.2778
1520440316.872467279 1.0897
1520440316.922469378 1.1562
1520440316.972470284 1.1534
1520440317.022472143 1.5536
1520440317.072474480 1.2194
1520440317.122475147 1.2417
1520440317.172477245 1.1909
1520440317.222476959 1.1142
1520440317.272479296 1.0558
1520440317.322480202 1.0923
1520440317.372482061 1.0426
1520440317.422484159 0.9424
1520440317.472485065 0.9247
1520440317.522486925 0.9053
1520440317.572488308 0.8000
1520440317.622498512 1.1746
1520440317.672500849 1.0260
1520440317.722501516 0.9825
1520440317.772503614 0.9683
1520440317.822505713 0.9475
1520440317.872506618 0.9372
1520440317.922507524 0.9657
1520440317.972509623 0.9200
1520440318.022511721 0.9685
1520440318.072512627 0.9354
1520440318.122514725 0.9798
1520440318.172515631 1.0145
1520440318.222517729 0.9751
1520440318.272518635 0.9896
1520440318.322520494 1.0374
1520440318.372521639 1.1141
1520440318.422526360 1.0997
1520440318.472548246 1.0335
1520440318.522529602 1.0160
1520440318.572530508 1.0004
1520440318.622532368 0.9241
1520440318.672534466 0.9881
1520440318.722535372 1.0121
1520440318.772537231 0.9266
1520440318.822538614 0.9197
1520440318.872551918 1.0357
1520440318.922552824 1.0019
1520440318.972554922 1.9272
1520440319.022555828 1.6387
1520440319.072558165 1.0382
1520440319.122560024 2.0414
1520440319.172560930 1.1633
1520440319.222563028 1.1469
1520440319.272567749 2.3096
1520440319.322570086 1.8963
1520440319.372570992 1.1353
1520440319.422572851 1.1589
1520440319.472574949 1.0428
1520440319.522575855 1.0182
1520440319.572577715 1.0446
1520440319.622580051 0.9871
1520440319.672583103 1.5122
1520440319.722585440 1.6043
1520440319.772587299 1.3612
1520440319.822588205 1.0043
1520440319.872590303 1.3227
1520440319.922591209 1.6094
1520440319.972592354 1.8741
1520440320.022594213 1.0820
1520440320.072597504 3.1916
1520440320.122598410 1.9579
1520440320.172601461 2.6914
1520440320.222601414 2.5095
1520440320.272603273 1.1228
1520440320.322604656 1.1384
1520440320.372606516 1.1686
1520440320.422706366 1.1904
1520440320.472607851 3.0587
1520440320.522608757 3.5611
1520440320.572610855 3.6629
1520440320.622611761 1.8056
1520440320.672613621 2.4911
1520440320.722615719 1.7296
1520440320.772616625 1.6227
1520440320.822618723 1.6198
1520440320.872624636 1.8531
1520440320.922626734 2.8708
1520440320.972627640 1.5757
1520440321.022629976 2.6189
1520440321.072631836 2.3494
1520440321.122632742 1.6325
1520440321.172634840 2.5261
1520440321.222635746 1.4335
1520440321.272637606 1.4329
1520440321.322640896 4.3328
1520440321.372642756 1.1755
1520440321.422643900 1.4778
1520440321.472645998 1.0961
1520440321.522648096 5.9641
1520440321.572649002 5.7532
1520440321.622651815 1.9201
1520440321.672652960 1.2029
1520440321.722655535 4.8945
1520440321.772657633 10.0240
1520440321.822658539 1.2829
1520440321.872660398 1.2085
1520440321.922662735 1.2184
1520440321.972663641 1.6816
1520440322.022665501 1.3026
1520440322.072666645 1.3991
1520440322.122666359 1.5896
1520440322.172667027 1.8902
1520440322.222669363 1.2078
1520440322.272670269 1.2337
1520440322.322722197 1.2770
1520440322.372673273 1.3623
1520440322.422675133 1.2641
1520440322.472676277 1.7867
1520440322.522677183 1.6334
1520440322.572678328 1.2856
1520440322.622680426 1.4268
1520440322.672682285 1.2338
1520440322.722683430 1.8571
1520440322.772685289 1.3807
1520440322.822686195 2.3351
1520440322.872688293 1.9905
1520440322.922688007 1.6526
1520440322.972690105 6.1823
1520440323.022691011 8.1283
1520440323.072693110 3.1555
1520440323.122695208 1.2466
1520440323.172696114 1.4741
1520440323.222697973 1.5118
1520440323.272699118 1.4467
1520440323.322691917 1.9273
1520440323.372692823 1.4653
1520440323.422694921 1.5405
1520440323.472696781 3.0635
1520440323.522697687 2.0028
1520440323.572699785 1.9477
1520440323.622701883 1.7742
1520440323.672703743 1.5068
1520440323.722704887 1.4335
1520440323.772714853 2.3153
1520440323.822714806 1.1725
1520440323.872717857 2.1800
1520440323.922719002 2.5487
1520440323.972719908 2.2024
1520440324.022721767 4.0920
1520440324.072722912 2.2922
1520440324.122724771 1.7089
1520440324.172726870 1.5573
1520440324.222728729 1.2119
1520440324.272730589 1.7246
1520440324.322731733 1.5195
1520440324.372733593 1.5139
1520440324.422734499 1.9218
1520440324.472736835 1.1631
1520440324.522737741 1.3059
1520440324.572738886 2.9334
1520440324.622739792 2.8016
1520440324.672741652 3.6273
1520440324.722743750 1.8201
1520440324.772744656 2.7470
1520440324.822746515 1.1955
1520440324.872747660 1.2763
1520440324.922749758 1.4678
1520440324.972758293 2.7910
1520440325.022760391 1.6598
1520440325.072762251 1.7614
1520440325.122763157 2.1638
1520440325.172765493 2.7599
1520440325.222766399 1.6212
1520440325.272768259 1.3503
1520440325.322769403 2.9565
1520440325.372760296 1.3043
1520440325.422761440 1.2151
1520440325.472763300 1.2134
1520440325.522765398 1.2608
1520440325.572766542 1.2368
1520440325.622768402 1.6408
1520440325.672769547 1.6027
1520440325.722771406 1.8233
1520440325.772779465 2.7600
1520440325.822780371 1.4373
1520440325.872782230 1.5386
1520440325.922783375 1.3390
1520440325.972785473 1.2283
1520440326.022786379 1.2325
1520440326.072788477 1.3217
1520440326.122789383 1.4098
1520440326.172865868 2.1112
1520440326.222791910 1.6019
1520440326.272793055 1.8452
1520440326.322794914 1.4826
1520440326.372796059 1.2943
1520440326.422798157 3.1199
1520440326.472799063 2.1183
1520440326.522801161 1.6297
1520440326.572802067 1.3625
1520440326.622792959 1.3768
1520440326.672795057 1.4018
1520440326.722795963 1.6107
1520440326.772798061 3.0852
1520440326.822799206 1.4015
1520440326.872801065 1.4005
1520440326.922801971 3.0430
1520440326.972804070 2.0604
1520440327.022823095 1.6488
1520440327.072824001 2.3108
1520440327.122826099 3.1710
1520440327.172827244 2.3080
1520440327.222829103 1.4233
1520440327.272830963 1.5234
1520440327.322833061 1.1327
1520440327.372833967 5.4062
1520440327.422826052 1.3802
1520440327.472826958 1.3445
1520440327.522829056 1.8127
1520440327.572829962 1.2422
1520440327.622831821 1.2675
1520440327.672832966 2.4720
1520440327.722834826 1.3968
1520440327.772836208 2.1790
1520440327.822842121 1.6292
1520440327.872843027 2.0285
1520440327.922845125 2.4204
1520440327.972846985 1.3714
1520440328.022848368 2.1363
1520440328.072872162 3.0187
1520440328.122851133 1.3077
1520440328.172852278 1.2691
1520440328.222859859 1.2493
1520440328.272861958 2.1196
1520440328.322862864 1.4909
1520440328.372864723 1.8966
1520440328.422865868 1.2187
1520440328.472867727 1.3017
1520440328.522869110 1.1823
1520440328.572870970 1.4784
1520440328.622871876 1.4333
1520440328.672868252 1.8341
1520440328.722870350 1.4255
1520440328.772871494 1.3773
1520440328.822873354 1.6043
1520440328.872874260 1.2537
1520440328.922876358 1.3787
1520440328.972878218 1.2891
1520440329.022879124 1.2565
1520440329.072891951 1.2777
1520440329.122892857 1.8019
1520440329.172894955 1.3384
1520440329.222896814 1.3335
1520440329.272897720 1.1428
1520440329.322900057 1.1462
1520440329.372901917 1.7599
1520440329.422902822 2.5015
1520440329.472898483 1.2470
1520440329.522899628 1.2375
1520440329.572901726 1.7037
1520440329.622902632 1.1526
1520440329.672904730 1.1352
1520440329.722905636 1.1800
1520440329.772908449 1.7444
1520440329.822908640 1.1809
1520440329.872914791 3.1221
1520440329.922915697 2.9879
1520440329.972918510 3.8211
1520440330.023021460 1.7808
1520440330.072920561 2.5899
1520440330.122921705 1.8874
1520440330.172923565 4.6008
1520440330.222924471 1.5822
1520440330.272934198 1.4079
1520440330.322936296 2.4539
1520440330.372937202 2.3537
1520440330.422939301 2.1317
1520440330.472940207 2.2429
1520440330.522942305 1.1041
1520440330.572943449 1.2473
1520440330.622945309 1.3065
1520440330.672944069 2.2795
1520440330.722945213 1.8079
1520440330.772947311 9.4520
1520440330.822948456 3.5225
1520440330.872950315 2.3198
1520440330.922951221 1.4102
1520440330.972953320 2.9107
1520440331.022955179 1.4407
1520440331.072956085 27.2614
1520440331.122963905 5.2171
1520440331.172966242 3.6086
1520440331.222967148 9.0135
1520440331.272969007 1.9820
1520440331.322970152 1.5513
1520440331.372972012 1.4514
1520440331.422973871 2.1208
1520440331.472975016 1.7119
1520440331.522975206 2.4266
1520440331.572977066 2.1991
1520440331.622979403 3.1868
1520440331.672980309 1.8498
1520440331.722981215 1.5495
1520440331.772983313 2.2237
1520440331.822985172 2.9141
1520440331.872986078 3.8720
1520440331.923033953 3.4936
1520440331.972987890 3.0800
1520440332.022989750 1.9797
1520440332.072990894 2.1114
1520440332.122992992 1.7285
1520440332.172993898 1.7992
1520440332.222995996 1.9234
1520440332.272997856 1.2865
1520440332.322999954 1.5133
1520440332.373002052 1.2674
1520440332.423003197 2.4194
1520440332.473005056 1.4577
1520440332.523005962 1.1477
1520440332.573008060 2.7544
1520440332.623008966 2.2542
1520440332.673010826 1.2285
1520440332.723006964 2.8936
1520440332.773007870 2.2490
1520440332.823009729 2.3262
1520440332.873010874 1.2221
1520440332.923012972 1.1857
1520440332.973015070 1.1581
1520440333.023016930 1.1566
1520440333.073017836 1.1567
1520440333.123021841 2.0416
1520440333.173023701 1.4833
1520440333.223025560 1.1637
1520440333.273026705 1.1572
1520440333.323028803 1.8098
1520440333.373029709 1.2770
1520440333.423031807 2.1760
1520440333.473032713 1.7105
1520440333.523034573 1.3734
1520440333.573034525 1.3337
1520440333.623038769 1.6308
1520440333.673037529 1.3782
1520440333.723039389 1.3033
1520440333.773040533 6.3504
1520440333.823042631 5.0320
1520440333.873044491 1.1903
1520440333.923045635 1.4721
1520440333.973048687 1.3661
1520440334.023049355 1.9819
1520440334.073051453 1.0866
1520440334.123052597 1.2673
1520440334.173054457 2.3051
1520440334.223055601 1.3334
1520440334.273057461 2.0079
1520440334.323059559 1.3876
1520440334.373069048 2.4412
1520440334.423071146 1.2504
1520440334.473072052 1.3346
1520440334.523074150 1.2995
1520440334.573075294 3.2480
1520440334.623077154 3.5263
1520440334.673079014 2.1980
1520440334.723080158 1.9376
1520440334.773083925 3.4216
1520440334.823084831 1.5492
1520440334.873086929 1.3099
1520440334.923087835 2.7016
1520440334.973089695 2.0087
1520440335.023092031 2.5720
1520440335.073093891 2.1370
1520440335.123094797 3.0816
1520440335.173097134 1.4315
1520440335.223098040 1.8240
1520440335.273100376 2.2475
1520440335.323101282 1.3884
1520440335.373102188 1.1864
1520440335.423104286 1.1662
1520440335.473106146 1.2025
1520440335.523107052 1.1684
1520440335.573117733 2.8130
1520440335.623119831 3.0666
1520440335.673120737 1.8612
1520440335.723122597 2.8963
1520440335.773190975 1.4154
1520440335.823124647 1.6555
1520440335.873126984 1.3546
1520440335.923128843 1.3870
1520440335.973129749 1.4033
1520440336.023124218 3.1727
1520440336.073125124 3.0499
1520440336.123126984 1.2611
1520440336.173128128 1.2493
1520440336.223130226 2.7375
1520440336.273132324 2.0857
1520440336.323133230 2.7860
1520440336.373135090 1.2481
1520440336.423133850 1.7189
1520440336.473135948 1.6458
1520440336.523137808 1.1424
1520440336.573138952 1.9201
1520440336.623140812 1.7434
1520440336.673141718 1.2738
1520440336.723144054 1.1977
1520440336.773144722 2.0074
1520440336.823147058 1.8825
1520440336.873147964 1.3264
1520440336.923149824 1.2564
1520440336.973151922 2.9199
1520440337.023154020 1.3278
1520440337.073154926 3.6673
1520440337.123157024 2.5134
1520440337.173158884 1.1952
1520440337.223164320 1.3550
1520440337.273165226 1.1068
1520440337.323167562 2.1061
1520440337.373168468 1.0738
1520440337.423170328 2.9874
1520440337.473171473 3.0973
1520440337.523173332 1.1654
1520440337.573175192 2.0457
1520440337.623177290 1.3327
1520440337.673190117 1.2443
1520440337.723180294 1.2834
1520440337.773181200 2.2554
1520440337.823183060 1.7281
1520440337.873185396 3.5324
1520440337.923186064 1.2749
1520440337.973188162 2.8313
1520440338.023182869 5.0985
1520440338.073184967 1.2708
1520440338.123185873 1.2445
1520440338.173187733 1.3249
1520440338.223188877 1.6796
1520440338.273190975 2.1571
1520440338.323192835 1.1792
1520440338.373193979 1.2497
1520440338.423195839 1.2438
1520440338.473195791 1.4925
1520440338.523197651 2.5412
1520440338.573198795 1.2759
1520440338.623200655 1.3078
1520440338.673202753 1.0958
1520440338.723203897 1.1427
1520440338.773205757 1.1569
1520440338.823207855 1.0571
1520440338.873217344 1.0756
1520440338.923219204 2.8123
1520440338.973221302 2.7392
1520440339.023221254 1.5064
1520440339.073224306 1.1662
1520440339.123225451 2.7932
1520440339.173226357 1.2267
1520440339.223233223 1.1823
1520440339.273238420 2.9770
1520440339.323239326 1.9920
1520440339.373241425 1.8884
1520440339.423244476 3.6197
1520440339.473244429 4.1705
1520440339.523245573 2.7214
1520440339.573247433 2.7437
1520440339.623336554 3.1342
1520440339.673243999 1.3112
1520440339.723244905 1.2410
1520440339.773246765 2.7434
1520440339.823247910 2.0561
1520440339.873249769 1.0818
1520440339.923251629 1.0599
1520440339.973252773 1.1812
1520440340.023254871 2.0467
1520440340.073255539 1.6423
1520440340.123257399 1.2878
1520440340.173258543 1.6920
1520440340.223260403 1.3186
1520440340.273262262 1.8377
1520440340.323263407 1.4229
1520440340.373265505 1.6960
1520440340.423266411 1.4807
1520440340.473263025 2.3890
1520440340.523263931 2.8451
1520440340.573266268 3.1036
1520440340.623267174 3.1827
1520440340.673269033 2.9787
1520440340.723271132 2.8965
1520440340.773272991 1.4721
1520440340.823273897 1.5415
1520440340.873274803 1.3720
1520440340.923279285 1.9868
1520440340.973281384 2.6340
1520440341.023282290 2.5789
1520440341.073284388 1.3532
1520440341.123286247 1.9408
1520440341.173287153 1.7549
1520440341.223289251 1.4121
1520440341.273290157 2.5812
1520440341.323286772 14.2890
1520440341.373287916 8.3695
1520440341.423291922 1.9959
1520440341.473290682 1.7484
1520440341.523325920 1.4622
1520440341.573293924 1.1572
1520440341.623295784 1.1255
1520440341.673296928 1.6113
1520440341.723293066 5.0100
1520440341.773293972 6.0715
1520440341.823296070 4.9569
1520440341.873298168 1.4204
1520440341.923299074 1.4358
1520440341.973300934 1.3179
1520440342.023302078 2.1143
1520440342.073304176 1.3113
1520440342.123309851 1.3385
1520440342.173311949 1.2231
1520440342.223312855 1.2911
1520440342.273314714 1.0774
1520440342.323317051 1.5129
1520440342.373317957 1.3384
1520440342.423319817 1.3041
1520440342.473320961 1.3286
1520440342.523321867 1.5260
1520440342.573322773 1.6489
1520440342.623324871 1.3556
1520440342.673326731 2.4207
1520440342.723327637 2.7761
1520440342.773329973 1.9031
1520440342.823331833 1.3478
1520440342.873332739 1.3170
1520440342.923329353 2.6088
1520440342.973330259 1.9483
1520440343.023332119 1.6265
1520440343.073333263 1.2235
1520440343.123335123 1.2803
1520440343.173336267 3.1787
1520440343.223338127 2.8311
1520440343.273339033 1.2631
1520440343.323360682 1.2754
1520440343.373362780 1.2130
1520440343.423363924 1.0849
1520440343.473365784 1.1915
1520440343.523366928 2.2646
1520440343.573368788 2.4713
1520440343.623369694 1.2706
1520440343.673371792 1.5884
1520440343.723372698 2.3194
1520440343.773370743 2.2377
1520440343.823371410 1.3736
1520440343.873373508 1.3007
1520440343.923375607 1.4121
1520440343.973376513 3.8445
1520440344.023378372 1.7412
1520440344.073379517 1.3215
1520440344.123381615 4.0457
1520440344.173385382 3.6871
1520440344.223387480 1.6864
1520440344.273389578 3.1724
1520440344.323390484 2.0645
1520440344.373392344 1.5875
1520440344.423393488 1.9136
1520440344.473395348 2.4916
1520440344.523396254 2.0408
1520440344.573412180 2.6485
1520440344.623413086 1.2114
1520440344.673414230 1.2835
1520440344.723416090 1.2063
1520440344.773417950 1.2601
1520440344.823419094 2.8530
1520440344.873420954 4.7466
1520440344.923422098 1.6684
1520440344.973425865 1.3042
1520440345.023428917 1.2435
1520440345.073430061 1.3257
1520440345.123430967 1.3141
1520440345.173433065 1.1818
1520440345.223438025 1.6236
1520440345.273435831 1.2736
1520440345.323436975 1.2146
1520440345.373494625 2.7143
1520440345.423442364 1.4100
1520440345.473444700 1.4370
1520440345.523446560 2.5608
1520440345.573447466 1.4240
1520440345.623449564 2.8496
1520440345.673450470 1.1948
1520440345.723452330 2.0164
1520440345.773453474 1.2137
1520440345.823461771 1.2109
1520440345.873464108 2.2948
1520440345.923465014 2.5674
1520440345.973466873 2.1004
1520440346.023468018 1.9757
1520440346.073469877 2.2310
1520440346.123470783 2.2660
1520440346.173473120 4.1911
1520440346.223469973 1.2167
1520440346.273472071 2.6647
1520440346.323473930 1.2720
1520440346.373475075 1.4055
1520440346.423476934 3.7194
1520440346.473478079 2.7491
1520440346.523480177 1.2268
1520440346.573482037 1.2739
1520440346.623481512 1.5543
1520440346.673483849 1.1490
1520440346.723484755 1.2188
1520440346.773486614 2.7051
1520440346.823488712 1.6622
1520440346.873492718 3.7139
1520440346.923490763 1.1940
1520440346.973492622 1.1765
1520440347.023489237 1.2381
1520440347.073491096 1.8750
1520440347.123493195 1.8795
1520440347.173494339 1.5686
1520440347.223496199 1.1977
1520440347.273497105 2.0130
1520440347.323499203 1.4285
1520440347.373500109 2.3102
1520440347.423499584 3.1478
1520440347.473501444 2.1809
1520440347.523502350 2.7402
1520440347.573504448 1.4637
1520440347.623505354 4.7115
1520440347.673507214 7.0472
1520440347.723508596 1.2014
1520440347.773510456 1.2265
1520440347.823510647 5.2608
1520440347.873512506 1.7674
1520440347.923514366 3.3484
1520440347.973515511 2.4408
1520440348.023517370 1.4166
1520440348.073518515 1.2721
1520440348.123520613 1.1685
1520440348.173521519 1.2483
1520440348.223527670 1.1420
1520440348.273520470 1.1123
1520440348.323521614 1.1911
1520440348.373523474 3.0697
1520440348.423525333 1.6463
1520440348.473526478 1.5975
1520440348.523528337 1.6154
1520440348.573529243 3.0501
1520440348.623531580 2.7438
1520440348.673528671 1.2646
1520440348.723529816 1.3465
1520440348.773530722 1.2739
1520440348.823532581 1.3066
1520440348.873533726 3.6843
1520440348.923535585 2.4556
1520440348.973537445 5.1284
1520440349.023538589 2.1366
1520440349.073541164 1.3113
1520440349.123542309 2.9829
1520440349.173544168 2.2694
1520440349.223619223 2.9392
1520440349.273547173 2.2936
1520440349.323548079 1.5288
1520440349.373550415 1.9831
1520440349.423551321 1.9426
1520440349.473559380 2.4474
1520440349.523561478 1.3105
1520440349.573562384 1.2070
1520440349.623564243 1.2786
1520440349.673565388 2.4472
1520440349.723567247 1.2371
1520440349.773568630 1.1766
1520440349.823570490 1.8986
1520440349.873588562 3.2954
1520440349.923589468 1.1111
1520440349.973591566 1.1584
1520440350.023592472 1.2232
1520440350.073594332 2.9212
1520440350.123596430 1.1847
1520440350.173597336 1.1783
1520440350.223599434 2.6973
1520440350.273621798 1.2956
1520440350.323623657 1.3164
1520440350.373624563 1.6449
1520440350.423626661 1.3378
1520440350.473628759 2.5194
1520440350.523629665 1.4527
1520440350.573631763 1.2300
1520440350.623633623 2.0944
1520440350.673632860 7.3426
1520440350.723633766 1.2727
1520440350.773635864 1.2300
1520440350.823638678 1.3371
1520440350.873638630 1.6113
1520440350.923640728 2.3381
1520440350.973641634 1.3098
1520440351.023647785 1.2024
1520440351.073644876 1.9690
1520440351.123682261 5.1292
1520440351.173661232 2.5475
1520440351.223663330 1.1806
1520440351.273664236 2.4862
1520440351.323666334 2.5029
1520440351.373667240 2.6735
1520440351.423669338 1.3517
1520440351.473671436 2.7613
1520440351.523676157 1.2903
1520440351.573678255 1.2154
1520440351.623679161 2.6944
1520440351.673681259 1.3947
1520440351.723682404 1.3904
1520440351.773684263 1.4899
1520440351.823686123 1.5744
1520440351.873687267 2.3183
1520440351.923687696 1.3075
1520440351.973688602 2.2940
1520440352.023690701 2.7997
1520440352.073692560 2.2456
1520440352.123693466 1.7726
1520440352.173695803 3.6605
1520440352.223696709 1.4884
1520440352.273698807 2.6261
1520440352.323705196 1.3512
1520440352.373707056 1.2260
1520440352.423709154 1.2573
1520440352.473710060 1.2596
1520440352.523711920 1.5339
1520440352.573714256 1.2257
1520440352.623715162 1.2298
1520440352.673716068 1.2398
1520440352.723719597 1.9173
1520440352.773720741 1.1571
1520440352.823722839 1.1724
1520440352.873723984 1.2035
1520440352.923725843 1.1620
1520440352.973727703 2.0017
1520440353.023728848 2.2504
1520440353.073831797 1.2802
1520440353.123731613 1.2691
1520440353.173734665 1.2399
1520440353.223735571 1.1485
1520440353.273737669 1.7118
1520440353.323738575 1.2118
1520440353.373740435 1.3331
1520440353.423741579 1.2083
1520440353.473743677 1.2306
1520440353.523745537 1.1404
1520440353.573752642 2.4584
1520440353.623754740 1.2867
1520440353.673755646 1.2489
1520440353.723757505 1.4967
1520440353.773758650 1.2635
1520440353.823760748 2.7665
1520440353.873762608 1.2968
1520440353.923763752 2.8617
1520440353.973769188 3.6726
1520440354.023770094 4.1246
1520440354.073771954 3.8509
1520440354.123774290 3.6288
1520440354.173775196 2.8802
1520440354.223776102 6.1685
1520440354.273778200 2.9460
1520440354.323780060 1.2506
1520440354.373791456 1.2761
1520440354.423792601 3.4942
1520440354.473794460 1.3969
1520440354.523796558 3.4524
1520440354.573797703 2.8401
1520440354.623798609 1.2749
1520440354.673800468 2.1830
1520440354.723801613 1.8365
1520440354.773805857 2.3289
1520440354.823807716 1.1685
1520440354.873808861 1.2167
1520440354.923810720 1.2241
1520440354.973859787 1.1598
1520440355.023813963 1.2342
1520440355.073814869 1.7734
1520440355.123816729 1.3102
1520440355.173829317 1.3239
1520440355.223831415 1.0371
1520440355.273832560 1.1555
1520440355.323834419 1.1313
1520440355.373835325 1.2267
1520440355.423837423 1.1435
1520440355.473839283 1.2478
1520440355.523840189 1.1836
1520440355.573837996 1.7781
1520440355.623854160 1.7613
1520440355.673856020 1.9595
1520440355.723857164 1.1260
1520440355.773859024 1.2393
1520440355.823859930 1.1052
1520440355.873862028 1.1362
1520440355.923864126 1.2378
1520440355.973865032 1.1970
1520440356.023879528 1.1641
1520440356.073881626 1.1912
1520440356.123882532 1.0986
1520440356.173884630 1.1669
1520440356.223886490 1.1214
1520440356.273887396 1.1983
1520440356.323889732 0.9981
1520440356.373890638 1.0946
1520440356.423897028 1.0832
1520440356.473897934 1.1190
1520440356.523899794 1.1246
1520440356.573900938 1.1927
1520440356.623903036 1.2385
1520440356.673907042 2.1691
1520440356.723906040 1.2660
1520440356.773906946 1.1712
1520440356.823914766 1.1743
1520440356.873917580 1.1374
1520440356.923917532 1.1821
1520440356.973918676 1.2560
1520440357.023920536 1.1477
1520440357.073922634 1.2121
1520440357.123923779 1.2663
1520440357.173925638 1.0916
1520440357.223918438 1.2231
1520440357.273920298 1.1081
1520440357.323921442 1.1938
1520440357.373923302 2.1098
1520440357.423924446 1.1950
1520440357.473926306 1.2203
1520440357.523928404 1.2067
1520440357.573929548 1.2484
1520440357.623939753 1.1649
1520440357.673940897 1.1478
1520440357.723942995 1.1811
1520440357.773944139 1.1782
1520440357.823945999 1.1979
1520440357.873947859 1.2092
1520440357.923949003 1.1934
1520440357.973950863 1.2223
1520440358.023953676 1.1142
1520440358.073954582 1.1684
1520440358.123956442 1.1637
1520440358.173957586 1.1909
1520440358.223959446 1.2964
1520440358.273961544 1.1686
1520440358.323962688 1.1810
1520440358.373964548 1.1485
1520440358.423965693 1.1945
1520440358.473969936 1.0563
1520440358.523971081 1.0754
1520440358.573972940 1.0126
1520440358.623973846 1.0763
1520440358.673976183 1.1274
1520440358.723976851 1.1427
1520440358.773978949 1.3337
1520440358.824042082 2.3490
1520440358.874003887 1.3105
1520440358.924005032 1.2215
1520440358.974007130 1.4266
1520440359.024008036 1.9797
1520440359.074010134 1.3105
1520440359.124011993 2.8294
1520440359.174013138 1.7338
1520440359.224014997 1.1238
1520440359.274032116 1.1126
1520440359.324034214 1.1281
1520440359.374035120 1.2157
1520440359.424037218 1.3347
1520440359.474039316 1.4445
1520440359.524040222 2.1811
1520440359.574042082 1.1819
1520440359.624044180 1.1198
1520440359.674071550 1.2183
1520440359.724072456 2.0310
1520440359.774074554 1.1578
1520440359.824076653 1.0912
1520440359.874077559 3.0712
1520440359.924079657 1.3857
1520440359.974081516 1.4555
1520440360.024082422 1.5283
1520440360.074088097 1.2330
1520440360.124089241 2.1470
1520440360.174091339 1.2181
1520440360.224093199 1.8417
1520440360.274094343 1.1307
1520440360.324096203 1.1455
1520440360.374097109 1.2306
1520440360.424099445 3.8902
1520440360.474110126 3.1731
1520440360.524112225 1.2908
1520440360.574113131 2.6932
1520440360.624115229 1.4386
1520440360.674116135 1.8820
1520440360.724117994 1.2339
1520440360.774119139 1.3031
1520440360.824120998 2.7332
1520440360.874122143 3.2080
1520440360.924129248 1.3473
1520440360.974130154 1.3170
1520440361.024132013 1.8175
1520440361.074134350 1.4011
1520440361.124135256 1.2180
1520440361.174137115 4.5209
1520440361.224138260 1.4638
1520440361.274140120 1.4067
1520440361.324145079 1.3030
1520440361.374147177 1.8344
1520440361.424149036 1.5017
1520440361.474150181 1.3123
1520440361.524152040 1.3007
1520440361.574152946 1.3559
1520440361.624155045 1.1296
1520440361.674155951 1.1516
1520440361.724172592 4.0126
1520440361.774173737 1.1487
1520440361.824175596 1.0679
1520440361.874177456 1.1743
1520440361.924179554 1.1427
1520440361.974181652 1.1137
1520440362.024182558 1.1784
1520440362.074183702 1.2489
1520440362.124198675 1.1791
1520440362.174199820 1.2480
1520440362.224201679 1.1615
1520440362.274202585 1.1940
1520440362.324204683 1.1674
1520440362.374206781 1.2590
1520440362.424207687 1.2430
1520440362.474209785 1.2074
1520440362.524226904 1.1461
1520440362.574229002 1.1529
1520440362.624229908 1.1696
1520440362.674294710 1.2268
1520440362.724232912 1.1988
1520440362.774234772 1.1155
1520440362.824235678 1.1775
1520440362.874238014 1.1266
1520440362.924204588 1.2704
1520440362.974269390 1.1805
1520440363.024270296 1.1950
1520440363.074272394 1.0351
1520440363.124274492 1.1605
1520440363.174275398 1.1241
1520440363.224277496 1.2241
1520440363.274278402 1.1518
1520440363.324280262 1.2237
1520440363.374274731 1.1816
1520440363.424276829 1.2281
1520440363.474278927 2.7010
1520440363.524279833 1.1900
1520440363.574281693 1.2203
1520440363.624283791 1.1530
1520440363.674284697 1.1428
1520440363.724285603 1.0975
1520440363.774297714 1.1053
1520440363.824298859 1.0383
1520440363.874299765 1.1141
1520440363.924301863 1.1350
1520440363.974303722 1.1364
1520440364.024304628 1.2151
1520440364.074306726 1.2316
1520440364.124308825 1.2874
1520440364.174326420 1.1875
1520440364.224327326 1.2128
1520440364.274329662 1.1815
1520440364.324330568 1.1635
1520440364.374332666 1.1425
1520440364.424334526 2.5516
1520440364.474335432 1.3117
1520440364.524336576 4.3806
1520440364.574347019 2.7610
1520440364.624348879 3.0980
1520440364.674349785 2.5242
1520440364.724351883 4.6171
1520440364.774352789 5.0983
1520440364.824354887 2.4128
1520440364.874356031 5.4965
1520440364.924357891 2.8730
1520440364.974381924 4.6242
1520440365.024383783 6.0987
1520440365.074385881 3.6843
1520440365.124386787 1.2699
1520440365.174388647 1.4344
1520440365.224389791 1.1064
1520440365.274391890 1.6865
1520440365.324393034 1.1905
1520440365.374403477 1.2854
1520440365.424404383 1.6896
1520440365.474406719 2.6788
1520440365.524408579 1.5577
1520440365.574410439 1.3302
1520440365.624411583 2.8901
1520440365.674412489 1.7903
1520440365.724414349 1.2711
1520440365.774416685 1.2071
1520440365.824407339 1.1885
1520440365.874408484 1.5618
1520440365.924410343 1.6805
1520440365.974411249 1.3167
1520440366.024413347 1.3170
1520440366.074414253 1.1897
1520440366.124415159 1.2643
1520440366.174417496 1.8941
1520440366.224429846 1.9989
1520440366.274430752 1.8090
1520440366.324432611 1.8149
1520440366.374433756 1.2729
1520440366.424435616 1.2849
1520440366.474437714 1.2870
1520440366.524502754 1.1908
1520440366.574439764 1.2542
1520440366.624461174 2.3623
1520440366.674463034 1.3131
1520440366.724463940 2.2543
1520440366.774466038 1.2504
1520440366.824466944 2.6744
1520440366.874468803 4.3284
1520440366.924469948 5.1663
1520440366.974472046 2.4570
1520440367.024483442 2.0297
1520440367.074485302 3.1984
1520440367.124487162 1.4372
1520440367.174488306 1.6129
1520440367.224490166 1.3983
1520440367.274491072 1.2161
1520440367.324493408 1.2728
1520440367.374495268 2.0374
1520440367.424494505 1.1588
1520440367.474496603 1.1233
1520440367.524497747 1.1685
1520440367.574499607 1.2914
1520440367.624501705 2.3161
1520440367.674502611 1.2082
1520440367.724504471 1.1923
1520440367.774505615 1.2612
1520440367.824518681 1.2009
1520440367.874520540 1.2344
1520440367.924521446 1.2551
1520440367.974522591 1.2047
1520440368.024525642 1.2576
1520440368.074525595 1.1297
1520440368.124527693 1.2278
1520440368.174529552 1.2031
1520440368.224530697 1.2268
1520440368.274538040 2.3799
1520440368.324539185 1.1522
1520440368.374541044 1.2612
1520440368.424542904 1.1437
1520440368.474544048 1.1525
1520440368.524544954 1.1329
1520440368.574547052 1.2321
1520440368.624549150 1.2380
1520440368.674557686 1.2508
1520440368.724559546 1.2338
1520440368.774560690 1.1825
1520440368.824562788 1.2378
1520440368.874563694 3.2977
1520440368.924565792 1.2029
1520440368.974566698 2.1891
1520440369.024568796 1.8379
1520440369.074608088 1.3148
1520440369.124608994 1.3729
1520440369.174611092 1.2335
1520440369.224611998 1.3341
1520440369.274614096 1.1627
1520440369.324615240 1.2054
1520440369.374617100 1.2603
1520440369.424618244 1.1424
1520440369.474621773 1.1432
1520440369.524623632 1.1818
1520440369.574625492 1.1079
1520440369.624626637 1.1822
1520440369.674628496 1.0846
1520440369.724630594 1.1279
1520440369.774631739 1.1200
1520440369.824632645 1.1899
1520440369.874642849 1.1420
1520440369.924643755 1.1668
1520440369.974645853 1.1403
1520440370.024646997 1.2015
1520440370.074648857 1.1369
1520440370.124650717 1.2115
1520440370.174651861 1.1870
1520440370.224653721 1.2194
1520440370.274660349 1.1966
1520440370.324662447 2.3814
1520440370.374733210 1.2069
1520440370.424665451 1.2107
1520440370.474666595 1.2457
1520440370.524668455 1.1018
1520440370.574669361 1.0896
1520440370.624671459 1.1190
1520440370.674673319 1.1126
1520440370.724675894 1.1768
1520440370.774677753 1.2025
1520440370.824678898 1.1560
1520440370.874680758 1.1640
1520440370.924681902 1.1008
1520440370.974684000 1.1722
1520440371.024685860 1.1172
1520440371.074687004 1.9237
1520440371.124706507 1.3194
1520440371.174707413 1.2899
1520440371.224709749 1.2524
1520440371.274710417 1.2463
1520440371.324712515 1.2108
1520440371.374713659 1.2332
1520440371.424715519 1.1833
1520440371.474717617 1.1788
1520440371.524738550 1.2275
1520440371.574739695 1.1397
1520440371.624740601 1.1818
1520440371.674742699 1.1944
1520440371.724744797 1.1711
1520440371.774745703 1.2171
1520440371.824747801 1.1477
1520440371.874748707 1.2275
1520440371.924766064 1.2529
1520440371.974767208 1.1531
1520440372.024769068 1.2598
1520440372.074770927 1.2378
1520440372.124772072 1.2475
1520440372.174773932 1.2138
1520440372.224774837 1.2640
1520440372.274785995 1.1928
1520440372.324803352 1.2634
1520440372.374805212 1.2407
1520440372.424806356 1.2201
1520440372.474808216 1.2360
1520440372.524809361 1.0941
1520440372.574811459 1.1967
1520440372.624812365 1.2573
1520440372.674814463 1.1734
1520440372.724846840 1.2796
1520440372.774847746 1.2865
1520440372.824849606 1.2132
1520440372.874850750 1.1519
1520440372.924852848 1.2306
1520440372.974853516 1.1748
1520440373.024855852 1.1905
1520440373.074857712 1.0859
1520440373.124858618 1.1698
1520440373.174881935 1.2454
1520440373.224883318 1.1340
1520440373.274885178 1.2661
1520440373.324886084 1.3288
1520440373.374888182 1.2523
1520440373.424890041 1.3043
1520440373.474892139 1.1600
1520440373.524893284 1.1860
1520440373.574944973 1.1882
1520440373.624947309 1.1614
1520440373.674949169 1.1992
1520440373.724950075 1.0566
1520440373.774952173 1.2072
1520440373.824953079 1.1600
1520440373.874954939 1.1910
1520440373.924956083 1.1668
1520440373.974982500 1.1425
1520440374.024984598 1.2028
1520440374.074985504 1.1142
1520440374.124987364 1.0950
1520440374.174988508 1.1276
1520440374.225070477 1.1518
1520440374.274991512 1.1371
1520440374.324993610 1.2096
1520440374.375099421 1.1825
1520440374.425101519 1.2064
1520440374.475102425 1.2311
1520440374.525104284 1.2091
1520440374.575105429 1.1161
1520440374.625107527 1.1414
1520440374.675109386 1.1149
1520440374.725110531 1.1838
1520440374.775121927 1.0967
1520440374.825123072 1.2059
1520440374.875124931 1.2035
1520440374.925126076 1.1728
1520440374.975128174 1.2157
1520440375.025128841 1.1469
1520440375.075131178 1.9815
1520440375.125133038 1.3272
1520440375.175179482 1.2977
1520440375.225181341 1.3539
1520440375.275183678 1.3999
1520440375.325184584 1.3143
1520440375.375186443 1.2277
1520440375.425188541 1.2753
1520440375.475189447 1.2281
1520440375.525190353 1.2626
1520440375.575192690 1.1705
1520440375.625290871 1.2332
1520440375.675292730 1.1509
1520440375.725293875 1.1494
1520440375.775295734 1.1240
1520440375.825296879 1.2148
1520440375.875297785 1.2182
1520440375.925299644 1.2777
1520440375.975300789 1.2465
1520440376.025371075 1.3329
1520440376.075373411 1.3260
1520440376.125397205 1.3946
1520440376.175375223 1.2921
1520440376.225377321 1.1659
1520440376.275379181 1.2677
1520440376.325380087 1.1662
1520440376.375382185 1.2674
1520440376.425576448 1.3281
1520440376.475578308 1.6464
1520440376.525579453 1.2972
1520440376.575581551 1.6705
1520440376.625582695 1.1804
1520440376.675584555 1.2097
1520440376.725586414 1.1831
1520440376.775587559 1.3052
1520440376.825836897 1.3671
1520440376.875838041 1.3997
1520440376.925839901 1.4010
1520440376.975840807 1.3909
1520440377.025842905 1.1582
1520440377.075844765 1.2768
1520440377.125845671 8.9810
1520440377.175848007 1.3220
1520440377.226202965 1.2817
1520440377.276203871 1.3081
1520440377.326205969 1.2757
1520440377.376206875 1.3530
1520440377.426208973 2.3257
1520440377.476209879 1.3685
1520440377.526211739 1.4216
1520440377.576212883 1.3337
1520440377.626980066 1.3819
1520440377.676986217 1.3310
1520440377.726983070 1.3712
1520440377.776985168 1.3388
1520440377.826990128 1.2637
1520440377.876991987 1.2161
1520440377.926989079 1.2754
1520440377.976990938 1.1101
1520440378.026993036 3.5400
1520440378.077886105 1.2113
1520440378.127795219 1.2095
1520440378.177797318 2.1357
1520440378.227798223 1.4073
1520440378.277800083 1.4953
1520440378.327802420 1.3064
1520440378.377803326 5.1229
1520440378.427805185 3.8334
1520440378.478973150 1.4611
1520440378.528975248 1.5433
1520440378.578976154 1.1462
1520440378.628978252 1.2397
1520440378.678980350 1.2215
1520440378.728981256 1.3317
1520440378.778983116 1.3388
1520440378.828984261 1.3993
1520440378.879022837 1.3763
1520440378.929024935 1.3213
1520440378.979025841 1.3656
1520440379.029026985 1.1799
1520440379.079029083 1.2980
1520440379.129030943 1.2322
1520440379.179032803 1.2958
1520440379.229033947 1.2496
1520440379.278804302 2.6565
1520440379.328805447 2.6362
1520440379.378807306 4.0453
1520440379.428809166 5.4910
1520440379.478810310 4.3152
1520440379.528811216 1.8189
1520440379.578813076 1.3164
1520440379.628815413 3.2811
1520440379.678035736 1.3234
1520440379.728036880 3.5925
1520440379.778037786 11.5657
1520440379.828039646 8.2551
1520440379.878040791 2.4792
1520440379.928042650 1.1423
1520440379.978074789 1.0721
1520440380.028045893 1.4254
1520440380.077128649 1.0373
1520440380.127130508 1.0438
1520440380.177132845 1.0442
1520440380.227133751 2.1417
1520440380.277135611 2.2537
1520440380.327136755 1.0953
1520440380.377138615 1.1773
1520440380.427139759 1.7177
1520440380.477141857 1.1930
1520440380.526206255 1.0205
1520440380.576208115 1.0265
1520440380.626209259 1.1971
1520440380.676211119 1.2261
1520440380.726213217 0.9624
1520440380.776214361 1.1484
1520440380.826216221 1.2095
1520440380.876217127 1.1141
1520440380.925674200 1.1280
1520440380.975675106 1.9295
1520440381.025677204 1.1631
1520440381.075679302 1.1896
1520440381.125681162 2.5948
1520440381.175682306 3.3858
1520440381.225684166 4.4321
1520440381.275685310 4.4278
1520440381.325530529 2.5338
1520440381.375532866 2.4379
1520440381.425533772 1.3535
1520440381.475534678 1.2986
1520440381.525536776 1.1626
1520440381.575538635 6.0052
1520440381.625539541 5.9567
1520440381.675541878 1.9434
1520440381.725473881 3.7459
1520440381.775475025 4.3560
1520440381.825476885 4.8499
1520440381.875479698 3.1141
1520440381.925581932 3.9144
1520440381.975481749 1.3998
1520440382.025482893 1.2523
1520440382.075484991 1.2367
1520440382.125500679 1.3142
1520440382.175502539 1.2877
1520440382.225504875 1.0971
1520440382.275505781 1.2190
1520440382.325507641 1.2556
1520440382.375508785 1.2571
1520440382.425510645 2.5319
1520440382.475511551 1.1484
1520440382.525484562 1.1569
1520440382.575485468 1.1641
1520440382.625487328 1.1756
1520440382.675489426 1.1156
1520440382.725490332 1.0722
1520440382.775492430 1.1151
1520440382.825493574 1.7510
1520440382.875495434 2.4374
1520440382.925496578 2.5595
1520440382.975507736 1.1027
1520440383.025508642 1.1471
1520440383.075511694 1.9872
1520440383.125512600 2.3102
1520440383.175514698 2.4541
1520440383.225515842 2.8219
1520440383.275517702 3.0783
1520440383.325518847 2.8573
1520440383.375523329 2.9841
1520440383.425524235 2.5875
1520440383.475526333 2.6053
1520440383.525528431 1.5990
1520440383.575529099 1.1176
1520440383.625530481 1.1364
1520440383.675532341 1.2133
1520440383.725533485 1.2320
1520440383.775543690 1.2123
1520440383.825587749 1.1629
1520440383.875546932 1.2065
1520440383.925548792 1.2574
1520440383.975549698 1.0662
1520440384.025551796 0.9760
1520440384.075552702 2.3379
1520440384.125554800 2.3153
1520440384.175542355 1.1578
1520440384.225544214 1.1713
1520440384.275546074 1.1634
1520440384.325547218 1.2123
1520440384.375549078 1.1249
1520440384.425549984 1.1562
1520440384.475552320 1.1689
1520440384.525553226 1.1793
1520440384.575589895 2.8216
1520440384.625590801 1.3661
1520440384.675592899 1.4430
1520440384.725594997 1.2386
1520440384.775595665 1.2339
1520440384.825598001 1.1158
1520440384.875598907 1.1357
1520440384.925600767 1.0406
1520440384.975615501 1.0828
1520440385.025617599 1.5068
1520440385.075619698 1.4018
1520440385.125621557 1.1278
1520440385.175622702 2.4776
1520440385.225624561 1.3623
1520440385.275625467 1.8993
1520440385.325627565 2.5483
1520440385.375628471 1.5521
1520440385.425630569 1.0382
1520440385.475631714 3.1833
1520440385.525633574 1.8632
1520440385.575634480 1.9944
1520440385.625636578 1.1877
1520440385.675637484 1.1157
1520440385.725641489 1.0670
1520440385.775640488 1.1455
1520440385.825637102 1.1053
1520440385.875638962 1.1639
1520440385.925640106 1.1413
1520440385.975642204 1.0494
1520440386.025643110 1.0524
1520440386.075645208 1.0819
1520440386.125646114 1.0585
1520440386.175647974 4.9588
1520440386.225632906 1.8285
1520440386.275634289 1.8539
1520440386.325636148 3.3310
1520440386.375637054 1.1902
1520440386.425639153 1.1899
1520440386.475640059 3.5302
1520440386.525641918 2.1140
1520440386.575643063 1.9864
1520440386.625674963 1.2070
1520440386.675676823 2.9434
1520440386.725677729 1.3462
1520440386.775680065 2.3258
1520440386.825680971 1.1038
1520440386.875682831 1.1857
1520440386.925684929 1.2132
1520440386.975685835 1.1695
1520440387.025678873 1.5517
1520440387.075680733 1.5227
1520440387.125682831 1.0541
1520440387.175684929 1.6665
1520440387.225685835 1.8873
1520440387.275687933 1.5732
1520440387.325688839 1.8311
1520440387.375689745 1.7161
1520440387.425666571 1.2917
1520440387.475668669 1.1872
1520440387.525669575 1.1297
1520440387.575671434 2.4875
1520440387.625672817 2.7055
1520440387.675743818 2.2360
1520440387.725675821 2.2732
1520440387.775677681 2.0478
1520440387.825679541 5.4803
1520440387.875703096 10.6649
1520440387.925704956 4.2517
1520440387.975706100 3.8560
1520440388.025707960 2.0079
1520440388.075708866 1.2946
1520440388.125711203 1.5014
1520440388.175712109 1.2637
1520440388.225713968 1.1103
1520440388.275692940 1.0647
1520440388.325693846 1.1370
1520440388.375696182 1.0256
1520440388.425698042 1.0758
1520440388.475698948 1.0745
1520440388.525700092 0.9667
1520440388.575701952 1.0197
1520440388.625702858 1.0551
1520440388.675695419 1.0235
1520440388.725697517 1.0063
1520440388.775698423 0.9973
1520440388.825700283 1.4319
1520440388.875702620 1.3821
1520440388.925703526 1.0075
1520440388.975705385 1.1108
1520440389.025707483 1.1087
1520440389.075680017 1.0934
1520440389.125682116 1.0366
1520440389.175683022 1.0333
1520440389.225684881 1.0380
1520440389.275686026 1.0834
1520440389.325686932 1.0448
1520440389.375689030 1.0705
1520440389.425691128 1.0950
1520440389.475663662 1.1033
1520440389.525661707 1.1428
1520440389.575685740 1.1234
1520440389.625664711 1.0519
1520440389.675665617 1.1224
1520440389.725667477 1.7779
1520440389.775668621 2.0373
1520440389.825670719 2.3466
1520440389.875652075 2.3668
1520440389.925653219 2.4580
1520440389.975655079 1.3723
1520440390.025655985 1.2988
1520440390.075658321 1.2502
1520440390.125659227 1.0817
1520440390.175661087 1.4947
1520440390.225662231 1.1171
1520440390.275664091 2.5551
1520440390.325638771 1.1978
1520440390.375639439 1.2469
1520440390.425641537 1.0773
1520440390.475642681 1.0874
1520440390.525644541 1.1269
1520440390.575645685 1.1092
1520440390.625647545 2.5412
1520440390.675649643 1.9016
1520440390.725612640 1.1022
1520440390.775614500 1.7004
1520440390.825616598 1.1817
1520440390.875617504 2.0200
1520440390.925619364 1.5028
1520440390.975620508 2.4704
1520440391.025622606 1.9624
1520440391.075623512 1.4954
1520440391.125665903 1.1592
1520440391.175667763 1.2227
1520440391.225668907 1.1279
1520440391.275673866 1.1764
1520440391.325671673 1.1940
1520440391.375672817 1.1537
1520440391.425674677 1.0762
1520440391.475676775 1.0887
1520440391.525709152 1.1156
1520440391.575711250 1.1452
1520440391.625712156 1.0527
1520440391.675714016 1.0550
1520440391.725715160 1.0954
1520440391.775717020 1.0571
1520440391.825717926 0.9597
1520440391.875720263 0.9161
1520440391.925705671 1.0267
1520440391.975706816 1.0339
1520440392.025708914 1.0385
1520440392.075709581 1.0379
1520440392.125711918 1.0229
1520440392.175712824 0.9959
1520440392.225714684 0.9773
1520440392.275716782 0.9662
1520440392.325724363 0.9829
1520440392.375726700 1.0318
1520440392.425727606 1.1129
1520440392.475729465 1.1352
1520440392.525730610 1.0879
1520440392.575732470 1.1293
1520440392.625734329 1.1039
1520440392.675735474 1.0516
1520440392.725738525 1.0926
1520440392.775735140 1.0204
1520440392.825736046 1.0541
1520440392.875738144 0.9617
1520440392.925739050 1.0226
1520440392.975740910 1.0479
1520440393.025742054 1.1448
1520440393.075743914 1.1361
1520440393.125746012 1.1537
1520440393.175757885 1.1408
1520440393.225759029 1.1995
1520440393.275760889 1.1922
1520440393.325761795 1.1318
1520440393.375763893 1.1282
1520440393.425834894 1.0819
1520440393.475766897 1.1277
1520440393.525768995 0.9941
1520440393.575749159 1.0529
1520440393.625751257 1.1403
1520440393.675752163 1.0967
1520440393.725754023 1.1538
1520440393.775755167 1.1557
1520440393.825757265 1.1963
1520440393.875759125 1.1470
1520440393.925760269 1.0760
1520440393.975746155 1.0643
1520440394.025747299 0.9094
1520440394.075749159 0.9448
1520440394.125750065 0.9831
1520440394.175752163 1.0082
1520440394.225753069 1.0258
1520440394.275754929 1.0132
1520440394.325757265 1.0413
1520440394.375809908 1.0290
1520440394.425811768 1.1172
1520440394.475812912 1.1111
1520440394.525814772 0.9465
1520440394.575816631 1.0460
1520440394.625818968 1.0624
1520440394.675819874 1.0277
1520440394.725821972 1.0464
1520440394.775825262 1.0819
1520440394.825827122 1.0618
1520440394.875828266 1.1149
1520440394.925830126 1.0446
1520440394.975831985 1.0812
1520440395.025832176 1.0363
1520440395.075834036 1.0664
1520440395.125836134 1.1019
1520440395.175837278 1.0699
1520440395.225874901 1.1481
1520440395.275871754 1.0689
1520440395.325908899 1.1329
1520440395.375874758 1.1051
1520440395.425877094 0.9646
1520440395.475878954 1.0719
1520440395.525879860 1.1001
1520440395.575881958 1.0830
1520440395.625893593 1.1140
1520440395.675895452 1.1262
1520440395.725896358 1.1000
1520440395.775898695 1.1766
1520440395.825899601 1.1101
1520440395.875901461 1.0795
1520440395.925903559 1.1088
1520440395.975904465 1.0290
1520440396.025965452 1.0860
1520440396.075966358 1.0147
1520440396.125968456 1.0584
1520440396.175969601 1.0987
1520440396.225971460 1.1335
1520440396.275973320 1.1043
1520440396.325974464 1.0874
1520440396.375976562 1.0046
1520440396.426049709 1.0808
1520440396.476051807 1.1384
1520440396.526053905 1.1060
1520440396.576055765 1.0412
1520440396.626056671 1.0865
1520440396.676058769 1.0967
1520440396.726059675 1.0579
1520440396.776060581 1.0932
1520440396.826056004 1.1508
1520440396.876057863 1.1760
1520440396.926058769 1.1336
1520440396.976059914 1.0811
1520440397.026062965 1.0716
1520440397.076063633 0.9297
1520440397.126064777 0.9507
1520440397.176066875 0.9699
1520440397.226040840 1.0053
1520440397.276039600 1.0557
1520440397.326040745 1.0952
1520440397.376042843 1.0124
1520440397.426044703 1.0223
1520440397.476045847 1.0210
1520440397.526047707 0.9929
1520440397.576048851 1.0137
1520440397.626050711 0.9595
1520440397.676052332 1.0591
1520440397.726054430 1.0970
1520440397.776055336 1.0511
1520440397.826057196 1.0440
1520440397.876059294 1.1441
1520440397.926060200 1.1120
1520440397.976062536 1.2002
1520440398.026063442 1.0698
1520440398.076121569 1.1516
1520440398.126122713 0.9894
1520440398.176124573 1.0349
1520440398.226126671 1.0267
1520440398.276127815 1.0420
1520440398.326129675 1.1151
1520440398.376130819 1.0284
1520440398.426132679 1.0041
1520440398.476150513 1.0116
1520440398.526151419 0.9693
1520440398.576153517 1.0166
1520440398.626155615 1.0256
1520440398.676156521 1.0761
1520440398.726157665 1.1023
1520440398.776159525 1.0316
1520440398.826161385 1.1065
1520440398.876123190 1.0008
1520440398.926125050 1.0476
1520440398.976125956 0.9739
1520440399.026128054 1.0327
1520440399.076128960 0.9589
1520440399.126135111 1.8133
1520440399.176132202 2.0589
1520440399.226134062 1.0410
1520440399.276052952 1.0527
1520440399.326055050 1.0855
1520440399.376055956 1.0425
1520440399.426058054 1.0368
1520440399.476060152 1.0728
1520440399.526061058 1.0800
1520440399.576062918 1.0230
1520440399.626064062 1.8121
1520440399.676026583 1.8193
1520440399.726027489 1.6356
1520440399.776029587 1.1171
1520440399.826030493 1.7591
1520440399.876032591 1.6526
1520440399.926034689 1.7268
1520440399.976036549 1.2676
1520440400.026037455 1.8278
1520440400.076038599 1.5571
1520440400.126072645 1.1459
1520440400.176073551 1.2764
1520440400.226075411 1.4352
1520440400.276077509 2.5269
1520440400.326078415 3.6160
1520440400.376080275 1.1610
1520440400.426082611 2.3158
1520440400.476083517 1.2327
1520440400.526068211 1.3261
1520440400.576070070 1.1861
1520440400.626071215 1.2494
1520440400.676072121 2.3013
1520440400.726074219 1.1129
1520440400.776075363 1.1553
1520440400.826077223 1.1120
1520440400.876079321 1.8239
1520440400.926050186 2.1105
1520440400.976052284 1.0692
1520440401.026053429 1.0883
1520440401.076135159 1.1221
1520440401.126056194 2.0868
1520440401.176058292 2.2106
1520440401.226059198 1.1090
1520440401.276061296 1.0695
1520440401.326101303 1.0974
1520440401.376103163 1.0602
1520440401.426104307 1.1035
1520440401.476106167 5.2490
1520440401.526108265 1.1344
1520440401.576109409 1.0803
1520440401.626111269 3.3805
1520440401.676112175 3.2120
1520440401.726116896 2.7602
1520440401.776118040 7.0127
1520440401.826119900 2.4465
1520440401.876121759 1.2890
1520440401.926122904 1.2559
1520440401.976125002 1.1867
1520440402.026126146 1.0536
1520440402.076128006 2.4411
1520440402.126144171 1.3238
1520440402.176146269 4.4463
1520440402.226147413 2.0346
1520440402.276150227 4.1146
1520440402.326151133 1.4078
1520440402.376152277 1.1857
1520440402.426154137 1.1322
1520440402.476156235 1.0912
1520440402.526157379 1.1335
1520440402.576134443 1.0643
1520440402.626136303 1.0111
1520440402.676138163 1.0634
1520440402.726139307 1.0541
1520440402.776141405 1.0210
1520440402.826142311 0.9867
1520440402.876144409 1.0115
1520440402.926146269 1.0201
1520440402.976181984 1.0068
1520440403.026126862 0.9878
1520440403.076128006 0.9676
1520440403.126129866 0.9643
1520440403.176130772 0.8746
1520440403.226133108 0.9176
1520440403.276133776 0.9650
1520440403.326136112 0.9744
1520440403.376164198 0.8602
1520440403.426166296 1.1347
1520440403.476168156 5.9285
1520440403.526169062 1.5934
1520440403.576171160 3.5229
1520440403.626172066 2.5559
1520440403.676174164 2.8185
1520440403.726176262 2.1117
1520440403.776189804 1.2288
1520440403.826190710 2.4115
1520440403.876192808 1.9168
1520440403.926194668 2.4846
1520440403.976195574 3.1911
1520440404.026197672 4.1282
1520440404.076199770 1.1524
1520440404.126200676 1.0853
1520440404.176254272 4.1379
1520440404.226256132 3.7034
1520440404.276257992 1.5015
1520440404.326259136 3.5000
1520440404.376261234 1.0614
1520440404.426263094 1.1289
1520440404.476264238 1.2481
1520440404.526265144 1.1770
1520440404.576325893 1.2249
1520440404.626327753 1.1351
1520440404.676328897 1.1412
1520440404.726330996 1.1278
1520440404.776335955 1.2495
1520440404.826334000 1.1202
1520440404.876371861 1.4510
1520440404.926336765 1.1788
1520440404.976337910 1.2096
1520440405.026256084 7.0093
1520440405.076257944 1.1542
1520440405.126259089 3.3226
1520440405.176261187 1.3491
1520440405.226262093 1.1700
1520440405.276264191 1.4229
1520440405.326265097 1.2582
1520440405.376266956 1.2490
1520440405.426226139 1.3115
1520440405.476227999 3.3500
1520440405.526230097 2.1346
1520440405.576231241 3.2926
1520440405.626233101 1.3447
1520440405.676234245 1.0297
1520440405.726236105 1.1590
1520440405.776237011 1.5627
1520440405.826252937 3.3740
1520440405.876255274 1.8909
1520440405.926256180 5.0052
1520440405.976258039 1.2194
1520440406.026260138 1.0863
1520440406.076261044 1.1547
1520440406.126263142 1.0638
1520440406.176264286 1.1410
1520440406.226256371 1.0709
1520440406.276258230 9.8094
1520440406.326259375 5.8378
1520440406.376260281 5.0685
1520440406.426262617 3.4411
1520440406.476263523 0.9785
1520440406.526265383 3.9846
1520440406.576266527 4.8785
1520440406.626248360 1.8900
1520440406.676250458 1.0917
1520440406.726251364 1.9317
1520440406.776273489 3.3278
1520440406.826254368 4.6673
1520440406.876256227 2.4040
1520440406.926257372 1.1287
1520440406.976259232 1.1742
1520440407.026279449 1.2722
1520440407.076281309 1.2382
1520440407.126283169 1.1830
1520440407.176284313 7.7694
1520440407.226286411 3.9485
1520440407.276287317 5.3331
1520440407.326289415 1.2391
1520440407.376290321 1.1295
1520440407.426292419 1.5277
1520440407.476302385 1.1058
1520440407.526303530 1.0630
1520440407.576305389 0.9699
1520440407.626306295 0.8648
1520440407.676308393 0.9704
1520440407.726309299 1.3410
1520440407.776311636 1.0331
1520440407.826312542 0.8690
1520440407.876290083 0.9649
1520440407.926291943 0.9319
1520440407.976293802 5.6585
1520440408.026294947 1.6807
1520440408.076297045 4.1329
1520440408.126297951 1.6676
1520440408.176300049 0.9916
1520440408.226301908 2.4914
1520440408.276247263 1.0288
1520440408.326248407 2.4769
1520440408.376250267 0.9363
1520440408.426252365 5.9536
1520440408.476258278 5.5051
1520440408.526254416 2.5100
1520440408.576256275 1.7154
1520440408.626257420 1.0000
1520440408.676285744 1.0047
1520440408.726279736 2.9773
1520440408.776280642 2.1034
1520440408.826282501 1.1719
1520440408.876283646 1.5821
1520440408.926285505 2.1391
1520440408.976286650 1.1294
1520440409.026288748 1.0870
1520440409.076290369 3.7670
1520440409.126291275 1.1723
1520440409.176293373 1.3498
1520440409.226294279 1.1105
1520440409.276296139 2.4719
1520440409.326297283 3.4699
1520440409.376299381 1.1144
1520440409.426301241 1.0809
1520440409.476273060 4.3876
1520440409.526275396 2.0476
1520440409.576276302 0.9512
1520440409.626278162 3.7416
1520440409.676280260 1.0419
1520440409.726281166 0.9575
1520440409.776283503 1.5306
1520440409.826285362 3.9328
1520440409.876286268 4.0080
1520440409.926267147 1.0753
1520440409.976269245 5.4109
1520440410.026271343 0.9982
1520440410.076273203 6.3809
1520440410.126274347 1.0385
1520440410.176275253 3.9452
1520440410.226276159 12.0546
1520440410.276278257 1.0515
1520440410.326267958 1.0086
1520440410.376273870 0.8898
1520440410.426270962 0.9550
1520440410.476272821 0.9869
1520440410.526273727 1.0592
1520440410.576276064 0.9641
1520440410.626276970 1.4241
1520440410.676278830 1.1041
1520440410.726249218 7.0516
1520440410.776251316 8.5468
1520440410.826252222 1.1107
1520440410.876254320 7.9721
1520440410.926255465 8.9622
1520440410.976257324 3.1499
1520440411.026258469 1.0786
1520440411.076260328 4.0750
1520440411.126280785 3.4230
1520440411.176281929 3.5397
1520440411.226283789 2.6562
1520440411.276284695 1.1250
1520440411.326286793 0.9839
1520440411.376287699 0.9556
1520440411.426289558 0.9621
1520440411.476291895 0.9678
1520440411.526273489 3.2797
1520440411.576275349 1.6194
1520440411.626277685 2.5268
1520440411.676278591 1.0083
1520440411.726280451 5.8142
1520440411.776282549 1.1577
1520440411.826283455 3.2192
1520440411.876285553 4.3870
1520440411.926260948 1.5534
1520440411.976262808 2.3571
1520440412.026264906 2.6197
1520440412.076264858 1.0278
1520440412.126266956 3.2169
1520440412.176268816 1.0488
1520440412.226269960 4.6290
1520440412.276271820 2.3151
1520440412.326272726 2.0090
1520440412.376249790 1.9919
1520440412.426250696 3.3074
1520440412.476253033 4.8602
1520440412.526253939 3.0912
1520440412.576255798 1.2806
1520440412.626257896 1.0755
1520440412.676258802 1.0586
1520440412.726260662 1.0496
1520440412.776211977 1.0746
1520440412.826213837 1.3876
1520440412.876214981 1.3443
1520440412.926217079 2.9159
1520440412.976218224 1.7199
1520440413.026220083 1.6257
1520440413.076221943 1.1581
1520440413.126223087 1.0929
1520440413.176221609 1.0460
1520440413.226222515 1.1218
1520440413.276224852 1.0818
1520440413.326225758 1.0906
1520440413.376227617 1.0883
1520440413.426228762 1.1000
1520440413.476230621 1.0364
1520440413.526232481 1.0273
1520440413.576242447 1.0387
1520440413.626243353 1.1242
1520440413.676245451 1.0294
1520440413.726246357 1.0712
1520440413.776248217 1.0651
1520440413.826249361 1.4021
1520440413.876251459 1.0863
1520440413.926252365 1.0797
1520440413.976243496 1.1644
1520440414.026244402 1.5773
1520440414.076246262 1.5398
1520440414.126247406 1.2393
1520440414.176249266 1.2040
1520440414.226250410 1.0477
1520440414.276252508 1.0763
1520440414.326254368 1.8543
1520440414.376271248 1.9062
1520440414.426273346 1.6996
1520440414.476274490 1.7102
1520440414.526276350 1.6359
1520440414.576278210 1.1060
1520440414.626279354 1.0584
1520440414.676281452 1.4254
1520440414.726282358 1.0050
1520440414.776284456 1.0562
1520440414.826326370 1.0032
1520440414.876328230 1.0171
1520440414.926329374 1.0312
1520440414.976331234 1.0495
1520440415.026332378 1.0563
1520440415.076334238 1.0685
1520440415.126336336 1.4681
1520440415.176337481 1.9192
1520440415.226342440 2.0319
1520440415.276343346 2.9570
1520440415.326345205 1.1845
1520440415.376346350 2.5014
1520440415.426348209 3.2142
1520440415.476350307 2.9157
1520440415.526352406 2.1483
1520440415.576353312 1.4327
1520440415.626383781 2.4148
1520440415.676384687 1.2257
1520440415.726386786 1.2792
1520440415.776388884 4.4249
1520440415.826389790 1.3208
1520440415.876390934 1.4894
1520440415.926392794 1.2135
1520440415.976393700 1.2523
1520440416.026439190 1.2737
1520440416.076440096 1.3812
1520440416.126442194 1.2237
1520440416.176443100 1.2104
1520440416.226444960 1.1989
1520440416.276447296 1.1730
1520440416.326448202 1.8083
1520440416.376450300 1.1375
1520440416.426440001 1.2565
1520440416.476442099 1.6795
1520440416.526443005 1.1845
1520440416.576444864 2.5582
1520440416.626446009 1.1245
1520440416.676448107 2.0971
1520440416.726449966 1.1865
1520440416.776451111 3.3345
1520440416.826432705 6.5709
1520440416.876433611 1.2324
1520440416.926435947 4.0309
1520440416.976436853 1.5840
1520440417.026438713 1.1573
1520440417.076440811 1.3466
1520440417.126441717 3.5236
1520440417.176443577 3.0070
1520440417.226444721 3.6629
1520440417.276441574 1.1310
1520440417.326442480 1.1952
1520440417.376444340 1.2121
1520440417.426446676 1.3471
1520440417.476447582 1.2601
1520440417.526449442 1.1615
1520440417.576451540 1.1513
1520440417.626452446 1.0144
1520440417.676398754 1.0112
1520440417.726399899 6.0685
1520440417.776406050 3.1506
1520440417.826403141 1.2088
1520440417.876405001 1.1421
1520440417.926406860 1.1304
1520440417.976408005 1.0704
1520440418.026410103 4.7672
1520440418.076347589 2.5689
1520440418.126348495 1.0263
1520440418.176356554 2.2552
1520440418.226352692 3.2377
1520440418.276353598 2.1120
1520440418.326355696 1.1256
1520440418.376356602 1.6673
1520440418.426358461 1.0726
1520440418.476356506 1.0433
1520440418.526358604 2.3004
1520440418.576359510 2.1496
1520440418.626361609 1.0471
1520440418.676363468 2.7753
1520440418.726364374 4.3059
1520440418.776366711 4.4926
1520440418.826367378 1.3998
1520440418.876414776 2.0216
1520440418.926415682 1.2594
1520440418.976417542 1.2042
1520440419.026418686 1.1543
1520440419.076420546 1.2252
1520440419.126422644 1.1628
1520440419.176423788 1.1926
1520440419.226425648 1.1799
1520440419.276428699 1.0557
1520440419.326429605 2.9878
1520440419.376431704 2.6469
1520440419.426433802 1.0154
1520440419.476434708 2.6275
1520440419.526435614 0.9809
1520440419.576437712 1.0797
1520440419.626439571 1.1676
1520440419.676444769 1.4679
1520440419.726451874 1.1236
1520440419.776454210 1.0092
1520440419.826456070 1.0594
1520440419.876456976 1.0634
1520440419.926459074 1.7552
1520440419.976462126 1.0491
1520440420.026461840 1.1513
1520440420.076481104 1.1362
1520440420.126473188 1.1688
1520440420.176475048 1.0922
1520440420.226476192 2.8868
1520440420.276478291 3.7108
1520440420.326479197 3.2169
1520440420.376481295 1.2662
1520440420.426482201 1.2198
1520440420.476484060 1.2539
1520440420.526507616 1.6705
1520440420.576509476 1.3337
1520440420.626510382 1.1793
1520440420.676512480 1.5198
1520440420.726514339 1.8986
1520440420.776515484 1.4470
1520440420.826517582 1.1721
1520440420.876518488 1.5317
1520440420.926540136 1.3463
1520440420.976541042 1.7385
1520440421.026542902 1.4015
1520440421.076545000 2.0248
1520440421.126545906 1.1727
1520440421.176548004 1.1467
1520440421.226548910 1.1549
1520440421.276551008 1.1498
1520440421.326529264 1.1175
1520440421.376531124 3.2643
1520440421.426531315 3.0021
1520440421.476534367 3.8886
1520440421.526535511 1.3122
1520440421.576536417 2.0344
1520440421.626538277 0.9376
1520440421.676539421 1.0075
1520440421.726541281 1.1830
1520440421.776543140 1.0943
1520440421.826544285 2.2298
1520440421.876546383 1.1024
1520440421.926547289 4.1067
1520440421.976583481 1.7162
1520440422.026550293 1.2006
1520440422.076552391 1.2096
1520440422.126553297 1.0945
1520440422.176532030 1.0652
1520440422.226533175 1.0021
1520440422.276535034 1.1431
1520440422.326537132 2.6133
1520440422.376538038 1.1301
1520440422.426540136 1.1338
1520440422.476541281 1.2106
1520440422.526543140 1.2172
1520440422.576555252 5.5047
1520440422.626557112 4.6906
1520440422.676559448 1.1752
1520440422.726560354 1.0979
1520440422.776562214 2.1797
1520440422.826563358 3.2615
1520440422.876565218 2.1468
1520440422.926566124 1.0194
1520440422.976580858 3.7436
1520440423.026582956 4.1380
1520440423.076585054 5.2993
1520440423.126585960 5.8625
1520440423.176587105 1.0200
1520440423.226588964 1.1492
1520440423.276590824 1.0842
1520440423.326591969 1.1118
1520440423.376582623 4.4622
1520440423.426584482 3.3892
1520440423.476585388 5.4977
1520440423.526586533 3.0571
1520440423.576588631 2.7277
1520440423.626589775 1.2744
1520440423.676591635 1.1578
1520440423.726593494 1.1039
1520440423.776580811 0.9374
1520440423.826583147 0.9283
1520440423.876634836 1.0943
1520440423.926585913 0.9679
1520440423.976587057 0.9745
1520440424.026588917 0.9673
1520440424.076590061 0.9631
1520440424.126591921 0.9934
1520440424.176592827 1.0599
1520440424.226588011 1.6756
1520440424.276590109 1.1103
1520440424.326591015 3.0366
1520440424.376593113 3.6213
1520440424.426594019 1.1353
1520440424.476595879 1.1492
1520440424.526597023 2.2144
1520440424.576599121 3.1198
1520440424.626602650 1.1018
1520440424.676603794 2.5436
1520440424.726605892 1.8489
1520440424.776606798 3.2536
1520440424.826608896 1.1272
1520440424.876609802 1.0983
1520440424.926611662 2.0258
1520440424.976613998 1.1755
1520440425.026613951 1.1346
1520440425.076614857 0.9766
1520440425.126616001 1.0454
1520440425.176618099 1.0977
1520440425.226619959 1.1167
1520440425.276622057 2.8019
1520440425.326622009 1.6924
1520440425.376624107 3.3986
1520440425.426627874 3.9107
1520440425.476628780 1.1738
1520440425.526630640 4.9129
1520440425.576631784 4.2168
1520440425.626633644 1.1561
1520440425.676634789 2.2718
1520440425.726636887 2.3853
1520440425.776709795 1.1634
1520440425.826616287 1.0376
1520440425.876618147 1.1473
1520440425.926619291 4.9975
1520440425.976621389 1.2094
1520440426.026622295 1.2246
1520440426.076624393 1.2649
1520440426.126625299 2.3623
1520440426.176627159 1.4330
1520440426.226618052 1.1664
1520440426.276620150 1.4976
1520440426.326622009 6.8673
1520440426.376623154 1.9309
1520440426.426625013 2.6881
1520440426.476625919 3.4571
1520440426.526628017 5.0687
1520440426.576628923 4.8192
1520440426.626605511 3.7792
1520440426.676607847 6.8804
1520440426.726608753 1.2594
1520440426.776610851 1.2959
1520440426.826611757 1.1823
1520440426.876614571 1.6332
1520440426.926615715 2.1219
1520440426.976616621 1.2558
1520440427.026618719 1.1667
1520440427.076591969 1.2467
1520440427.126592875 1.0871
1520440427.176594019 1.0171
1520440427.226595879 1.0303
1520440427.276596785 1.2970
1520440427.326598883 1.1119
1520440427.376600742 1.0961
1520440427.426602840 1.1003
1520440427.476574659 1.1427
1520440427.526570797 1.0804
1520440427.576572895 1.4355
1520440427.626576900 1.1824
1520440427.676675797 1.1016
1520440427.726576805 1.4899
1520440427.776578903 1.4175
1520440427.826580763 1.4990
1520440427.876576424 1.4516
1520440427.926578522 1.1380
1520440427.976579666 1.1293
1520440428.026581526 1.0322
1520440428.076582670 1.0855
1520440428.126584530 1.0837
1520440428.176585436 1.6432
1520440428.226587534 1.6133
1520440428.276582241 1.1636
1520440428.326583385 1.2202
1520440428.376585245 1.3384
1520440428.426586390 1.6342
1520440428.476588249 2.0785
1520440428.526589155 1.2538
1520440428.576591253 2.5334
1520440428.626592159 2.3864
1520440428.676585913 1.9616
1520440428.726588011 1.6309
1520440428.776589870 2.4322
1520440428.826591015 1.1948
1520440428.876592875 1.1026
1520440428.926594734 1.1564
1520440428.976594925 1.1499
1520440429.026596785 1.1341
1520440429.076581001 1.1370
1520440429.126581907 1.0729
1520440429.176584244 1.0399
1520440429.226585150 1.1172
1520440429.276587009 1.1361
1520440429.326589108 2.0276
1520440429.376590014 1.2148
1520440429.426592112 1.2216
1520440429.476593256 1.3311
1520440429.526602030 2.0258
1520440429.576603174 1.4458
1520440429.626605034 2.1938
1520440429.676605940 1.4364
1520440429.726608038 3.1433
1520440429.776608944 1.3693
1520440429.826611042 1.3244
1520440429.876613140 1.4222
1520440429.926606894 1.3721
1520440429.976608753 1.3354
1520440430.026609659 1.2860
1520440430.076611757 1.2826
1520440430.126612663 1.3233
1520440430.176614761 1.4624
1520440430.226615906 1.3076
1520440430.276617765 1.3540
1520440430.326586723 1.3297
1520440430.376587868 1.2839
1520440430.426589727 1.8505
1520440430.476590872 1.3151
1520440430.526592731 1.3346
1520440430.576593637 1.2799
1520440430.626595736 1.2905
1520440430.676597834 1.9083
1520440430.726554155 1.2976
1520440430.776555061 2.4572
1520440430.826556921 1.4206
1520440430.876558065 2.9189
1520440430.926559925 1.4813
1520440430.976562023 1.4602
1520440431.026563168 1.2944
1520440431.076564074 2.3194
1520440431.126560211 2.5328
1520440431.176561356 1.1993
1520440431.226563215 1.1846
1520440431.276565552 1.2247
1520440431.326566458 1.2302
1520440431.376568317 1.2444
1520440431.426600456 1.2195
1520440431.476571321 1.2336
1520440431.526572227 1.2087
1520440431.576589584 1.3008
1520440431.626590490 1.3348
1520440431.676592588 1.2353
1520440431.726593494 1.1863
1520440431.776595354 1.1701
1520440431.826596498 1.4164
1520440431.876598597 1.4295
1520440431.926600456 1.2274
1520440431.976627350 1.2567
1520440432.026629448 1.2185
1520440432.076630592 1.3290
1520440432.126632452 1.2843
1520440432.176633358 1.3228
1520440432.226635456 1.2983
1520440432.276637554 1.3236
1520440432.326638222 1.3135
1520440432.376649618 1.3518
1520440432.426650763 1.3148
1520440432.476652861 1.2846
1520440432.526654720 1.3349
1520440432.576655865 1.4284
1520440432.626657724 1.4239
1520440432.676658869 1.2601
1520440432.726660967 1.3707
1520440432.776681900 1.3598
1520440432.826684237 1.2787
1520440432.876686096 1.3805
1520440432.926687002 1.2463
1520440432.976689100 1.2253
1520440433.026690960 1.1325
1520440433.076691866 1.2099
1520440433.126693010 1.2334
1520440433.176736832 1.2212
1520440433.226738930 1.2663
1520440433.276739836 1.1697
1520440433.326810837 1.3230
1520440433.376742840 1.3823
1520440433.426744938 1.3768
1520440433.476746082 1.2815
1520440433.526747942 1.3779
1520440433.576809645 1.5107
1520440433.626811981 1.4189
1520440433.676812887 1.4611
1520440433.726814985 1.1922
1520440433.776815891 1.2263
1520440433.826817751 1.2083
1520440433.876819849 1.3518
1520440433.926820755 1.3908
1520440433.976822853 1.2589
1520440434.026932240 1.3225
1520440434.076934338 1.2104
1520440434.126936436 1.3484
1520440434.176937103 1.2627
1520440434.226939440 1.4444
1520440434.276940346 1.2848
1520440434.326942444 1.3172
1520440434.376943350 1.2861
1520440434.426985264 1.5361
1520440434.476986170 1.4100
1520440434.526987314 1.3881
1520440434.576989174 1.4605
1520440434.626990318 1.3337
1520440434.676992178 1.4667
1520440434.726994276 1.3459
1520440434.776995420 1.4488
1520440434.827101469 1.2670
1520440434.877100229 1.3534
1520440434.927102566 1.3605
1520440434.977103472 1.3796
1520440435.027105331 1.3170
1520440435.077106476 1.3361
1520440435.127108335 1.3606
1520440435.177109480 1.4478
1520440435.227293968 1.3159
1520440435.277294874 2.3337
1520440435.327296734 1.2848
1520440435.377297878 1.1630
1520440435.427299738 1.2248
1520440435.477301836 1.3951
1520440435.527302980 1.3520
1520440435.577304840 1.3879
1520440435.627392769 1.3320
1520440435.677394629 1.4107
1520440435.727395535 1.3652
1520440435.777397871 1.1687
1520440435.827398539 1.3585
1520440435.877400637 1.4055
1520440435.927402735 1.4966
1520440435.977403641 1.2676
1520440436.027419806 1.3672
1520440436.077420712 1.2268
1520440436.127422810 1.2030
1520440436.177423954 1.2911
1520440436.227425814 1.3065
1520440436.277427673 1.3845
1520440436.327428818 1.3327
1520440436.377430677 1.3282
1520440436.427433014 1.3869
1520440436.477365255 1.4262
1520440436.527367353 1.3259
1520440436.577369452 1.3795
1520440436.627370358 1.3909
1520440436.677373409 1.3841
1520440436.727373362 1.4662
1520440436.777375221 1.5255
1520440436.827376366 1.4165
1520440436.877313614 1.4845
1520440436.927314520 1.3162
1520440436.977316380 1.3328
1520440437.027317524 1.2832
1520440437.077344418 1.3349
1520440437.127320290 1.2778
1520440437.177322388 1.2832
1520440437.227323294 1.2583
1520440437.277280807 1.4373
1520440437.327281952 1.3272
1520440437.377283812 1.3126
1520440437.427284718 1.3019
1520440437.477286816 1.2501
1520440437.527288914 1.1841
1520440437.577289820 1.2402
1520440437.627291918 1.2930
1520440437.677273035 1.3178
1520440437.727274895 1.3129
1520440437.777276993 1.1634
1520440437.827278137 1.1982
1520440437.877279997 1.4189
1520440437.927280903 1.2799
1520440437.977283001 1.3188
1520440438.027283907 1.1895
1520440438.077263355 1.2008
1520440438.127264261 1.1625
1520440438.177266121 1.1276
1520440438.227268457 1.2633
1520440438.277270317 1.4045
1520440438.327271223 1.2421
1520440438.377272367 1.1618
1520440438.427274227 1.0985
1520440438.478301287 0.0000
1520440438.528302193 0.0000
1520440438.578303337 0.0000
1520440438.628308296 0.0000
1520440438.678307056 0.0000
1520440438.728308916 0.0000
1520440438.778310061 0.0000
1520440438.828310966 0.0000
1520440438.878313303 0.0000
1520440438.929383755 0.0000
1520440438.979460716 0.0000
1520440439.029386759 0.0000
1520440439.079388618 0.0000
1520440439.129390478 0.0000
1520440439.179391861 0.0000
1520440439.229393721 0.0000
1520440439.279394627 0.0000
1520440439.328409195 0.0000
1520440439.378410339 0.0000
1520440439.428412199 0.0000
1520440439.478414059 0.0000
1520440439.528415203 0.0000
1520440439.578417063 0.0000
1520440439.628417969 0.0000
1520440439.678420305 0.0000
1520440439.728347301 0.0000
1520440439.778349400 0.0000
1520440439.828350544 0.0000
1520440439.878352404 0.0000
1520440439.928354263 0.0000
1520440439.978355408 0.0000
1520440440.028357267 0.0000
1520440440.078359365 0.0000
1520440440.129594088 0.0000
1520440440.179596186 0.0000
1520440440.229597092 0.0000
1520440440.279599190 0.0000
1520440440.329601288 0.0000
1520440440.379602194 0.0000
1520440440.429603338 0.0000
1520440440.479605198 0.0000
1520440440.534322977 0.0000
1520440440.584325790 8.4139
1520440440.634328842 15.7345
1520440440.684327841 0.8288
1520440440.734329939 0.8262
1520440440.784330845 0.8674
1520440440.834333897 0.9525
1520440440.884333849 1.0007
1520440440.935785294 1.0422
1520440440.985786438 0.9460
1520440441.035788298 1.0764
1520440441.085790157 1.0147
1520440441.135791302 1.0431
1520440441.185793161 1.1367
1520440441.235794544 1.1572
1520440441.285796404 1.1296
1520440441.335797310 1.2367
1520440441.385799408 1.3481
1520440441.435800314 1.2303
1520440441.485802174 1.2265
1520440441.535804510 1.0669
1520440441.585805416 1.2074
1520440441.635807276 1.1085
1520440441.685808420 1.2941
1520440441.735810280 1.2330
1520440441.785811186 1.4062
1520440441.835813284 1.3784
1520440441.885815382 1.4006
1520440441.935816526 1.2066
1520440441.985819340 1.2398
1520440442.035820246 1.2097
1520440442.085821390 1.4197
1520440442.135823250 1.3921
1520440442.185824156 1.4120
1520440442.235825300 1.2929
1520440442.285827398 1.4190
1520440442.335829258 1.2213
1520440442.385830402 1.3170
1520440442.435832262 1.3773
1520440442.485833168 1.1853
1520440442.535835505 1.2876
1520440442.585840464 1.2242
1520440442.635838270 1.2320
1520440442.685840368 1.3260
1520440442.735906363 1.4283
1520440442.785843134 1.2830
1520440442.835844278 1.2556
1520440442.885846376 1.2774
1520440442.935847521 1.4181
1520440442.985849380 1.4821
1520440443.035850286 1.2741
1520440443.085852385 1.3777
1520440443.135854244 1.2999
1520440443.185855150 1.4625
1520440443.235857487 1.4468
1520440443.285858393 1.3907
1520440443.335860252 1.3344
1520440443.385861397 1.1864
1520440443.435863256 1.3603
1520440443.485865116 1.3729
1520440443.535866261 1.4149
1520440443.585868359 1.2879
1520440443.635869503 1.4168
1520440443.685871363 1.2633
1520440443.735872269 1.3961
1520440443.785874367 1.3557
1520440443.833973169 1.6045
1520440443.883974314 1.3755
1520440443.933976412 1.2938
1520440443.983978271 1.2637
1520440444.033979416 1.4722
1520440444.083981276 1.2792
1520440444.133982182 1.3619
1520440444.183984280 1.4118
1520440444.231058598 0.0000
1520440444.281060934 0.0000
1520440444.331061840 0.0000
1520440444.381063700 0.0000
1520440444.431065798 0.0000
1520440444.481066704 0.0000
1520440444.531067848 0.0000
1520440444.581069708 0.0000
1520440444.629344463 0.0000
1520440444.679346323 0.0000
1520440444.729348660 0.0000
1520440444.779349566 0.0000
1520440444.829351425 0.0000
1520440444.879352570 0.0000
1520440444.929354429 0.0000
1520440444.979355574 0.0000
1520440445.028711319 0.0000
1520440445.078713417 0.0000
1520440445.128714561 0.0000
1520440445.178716421 0.0000
1520440445.228717327 0.0000
1520440445.278719425 0.0000
1520440445.328720331 0.0000
1520440445.378722191 0.0000
1520440445.429224968 0.0000
1520440445.479225874 0.0000
1520440445.529227734 0.0000
1520440445.579228878 0.0000
1520440445.629230738 0.0000
1520440445.679232836 0.0000
1520440445.729234934 0.0000
1520440445.779235840 0.0000
1520440445.833118677 0.0000
1520440445.883121014 0.0000
1520440445.933121681 0.0000
1520440445.983123779 0.0000
1520440446.033125877 0.0000
1520440446.083126783 0.0000
1520440446.133128643 0.0000
1520440446.183129787 0.0000
1520440446.233130693 0.0000
1520440446.285953283 0.0000
1520440446.335954428 1.6397
1520440446.385956287 3.5175
1520440446.435957193 6.1464
1520440446.486028194 5.6531
1520440446.535960436 6.6937
1520440446.585961103 0.0000
1520440446.635963440 0.0000
1520440446.685965300 2.2103
1520440446.735966206 3.3306
1520440446.785968304 3.7014
1520440446.835969210 5.6744
1520440446.885971308 8.4957
1520440446.935972452 10.6994
1520440446.985974312 0.8049
1520440447.035975456 0.9723
1520440447.085977316 1.0423
1520440447.135979176 1.2165
1520440447.185980320 0.9961
1520440447.235982418 1.2153
1520440447.285983324 1.2675
1520440447.335985422 1.3046
1520440447.385986328 1.0737
1520440447.435988188 1.0904
1520440447.485990286 1.1008
1520440447.535991192 1.2438
1520440447.585993290 1.2723
1520440447.635995388 1.2151
1520440447.685996294 1.1730
1520440447.735998154 1.2116
1520440447.785999298 1.2517
1520440447.836001396 1.2442
1520440447.886003256 1.2066
1520440447.936004400 1.3206
1520440447.986005306 1.2200
1520440448.036007404 1.2067
1520440448.086008310 1.1982
1520440448.136010170 1.1605
1520440448.186012506 1.1620
1520440448.236013412 1.3884
1520440448.286015272 1.2811
1520440448.336027384 1.2051
1520440448.386018276 1.1811
1520440448.436019182 1.3068
1520440448.486021280 1.3080
1520440448.536023378 1.2289
1520440448.586024523 1.2576
1520440448.636025429 1.3277
1520440448.686027288 1.2929
1520440448.735256672 1.0525
1520440448.785257816 1.1651
1520440448.835259676 1.2454
1520440448.885260820 1.2063
1520440448.935262680 1.3122
1520440448.985263586 1.2958
1520440449.035265684 1.1646
1520440449.085267782 1.3673
1520440449.132745743 1.3592
1520440449.182747602 1.2759
1520440449.232748508 1.3432
1520440449.282750607 1.1160
1520440449.332751513 1.0590
1520440449.382753611 1.2067
1520440449.432755709 1.2069
1520440449.482757568 1.2621
1520440449.530884266 1.5273
1520440449.580886364 1.7830
1520440449.630887508 1.5013
1520440449.680889368 1.4518
1520440449.730890274 1.3464
1520440449.780892372 1.2449
1520440449.830893278 1.2768
1520440449.880895138 1.2359
1520440449.929504395 1.2602
1520440449.979506493 1.1698
1520440450.029507399 1.0849
1520440450.079509497 1.1432
1520440450.129510403 1.1727
1520440450.179512262 1.2109
1520440450.229607344 1.3169
1520440450.279515505 1.2652
1520440450.328166962 1.3057
1520440450.378168106 1.2791
1520440450.428169966 1.1208
1520440450.478170872 1.2275
1520440450.528172970 1.2683
1520440450.578173876 1.3269
1520440450.628175974 1.3698
1520440450.678178072 1.2720
1520440450.728389263 1.4801
1520440450.777780771 1.4690
1520440450.827781677 1.4112
1520440450.877783537 1.2128
1520440450.927784681 1.2164
1520440450.977786541 1.2920
1520440451.027787447 1.2247
1520440451.077789783 1.2259
1520440451.127791643 1.2344
1520440451.177330017 1.2947
1520440451.227331877 1.3326
1520440451.277332783 1.0668
1520440451.327334881 1.2067
1520440451.377336740 1.2513
1520440451.427338839 1.2791
1520440451.477339983 1.2182
1520440451.527341843 1.2738
1520440451.577256441 1.2590
1520440451.627258539 1.3464
1520440451.677259445 1.2345
1520440451.727260351 1.2709
1520440451.777263641 1.2247
1520440451.827263594 1.2765
1520440451.877265453 1.4347
1520440451.927267551 1.3164
1520440451.977642775 1.2843
1520440452.027644873 1.3340
1520440452.077692986 1.2679
1520440452.127647638 1.3235
1520440452.177648783 1.1160
1520440452.227650881 1.1735
1520440452.277652740 1.0746
1520440452.327653885 1.2086
1520440452.377909184 1.2902
1520440452.427910089 1.1768
1520440452.477911949 1.2714
1520440452.527913332 1.2075
1520440452.577915192 1.2150
1520440452.627916098 1.1717
1520440452.677918196 1.2833
1520440452.727920055 1.3322
1520440452.777655125 1.4943
1520440452.827656984 1.2939
1520440452.877657890 1.3260
1520440452.927659988 1.1733
1520440452.977660894 1.3033
1520440453.027662754 1.2780
1520440453.077665091 1.2816
1520440453.127665997 1.2178
1520440453.177408457 1.3496
1520440453.227410316 1.1355
1520440453.277411699 1.2190
1520440453.327413559 1.2801
1520440453.377415419 1.3435
1520440453.427416563 1.2653
1520440453.477418423 1.8262
1520440453.527419329 1.4078
1520440453.577420473 1.3352
1520440453.627163172 1.3903
1520440453.677165031 1.2750
1520440453.727167130 1.2011
1520440453.777168036 1.3113
1520440453.827169180 1.2329
1520440453.877171278 1.2862
1520440453.927178144 1.2662
1520440453.977174282 1.6321
1520440454.027219772 1.3846
1520440454.077221632 1.8619
1520440454.127222776 1.5977
1520440454.177224636 3.5120
1520440454.227226734 1.4000
1520440454.277227879 1.4747
1520440454.327229738 3.0683
1520440454.377230644 1.5374
1520440454.427368402 1.2230
1520440454.477369308 1.3662
1520440454.527371407 1.2745
1520440454.577372313 1.3131
1520440454.627374411 1.2723
1520440454.677376509 1.3375
1520440454.727377415 1.2821
1520440454.777379274 1.2804
1520440454.827217102 1.0327
1520440454.877218008 1.2174
1520440454.927219152 1.1860
1520440454.977221012 1.2951
1520440455.027221918 1.3420
1520440455.077225208 1.2601
1520440455.127226114 1.2917
1520440455.177227020 1.1685
1520440455.227089643 1.2272
1520440455.277091503 1.3573
1520440455.327092648 1.2637
1520440455.377094746 1.2216
1520440455.427095652 1.2421
1520440455.477097750 1.2087
1520440455.527098656 1.2634
1520440455.577100515 1.2602
1520440455.627331018 1.0504
1520440455.677329063 1.1691
1520440455.727331161 0.9949
1520440455.777334929 1.0504
1520440455.827333212 1.8149
1520440455.877335072 1.3017
1520440455.927337170 1.8369
1520440455.977338076 1.3173
1520440456.027339935 5.4407
1520440456.077556372 1.3545
1520440456.127558470 1.1813
1520440456.177559376 1.1875
1520440456.227561474 1.2434
1520440456.277563334 1.3160
1520440456.327564240 1.2222
1520440456.377566576 1.1035
1520440456.427567244 1.2006
1520440456.477716208 1.1204
1520440456.527717113 1.0705
1520440456.577718973 1.1128
1520440456.627720118 1.0383
1520440456.677722216 0.9827
1520440456.727724314 1.0706
1520440456.777726173 1.1625
1520440456.827727079 1.2671
1520440456.877616405 1.2516
1520440456.927618504 1.3922
1520440456.977619410 1.3237
1520440457.027621269 1.3008
1520440457.077622414 1.2860
1520440457.127624512 2.1006
1520440457.177625418 1.3794
1520440457.227627516 1.2864
1520440457.277335882 1.2544
1520440457.327337027 1.2142
1520440457.377338886 1.2710
1520440457.427339792 1.3773
1520440457.477342606 1.4579
1520440457.527343988 1.3546
1520440457.577344656 1.2137
1520440457.627346992 2.7716
1520440457.677718639 1.2439
1520440457.727639437 1.2006
1520440457.777641535 1.1010
1520440457.827642679 1.2166
1520440457.877644539 1.0763
1520440457.927645683 1.1869
1520440457.977647543 1.2140
1520440458.027648449 1.2893
1520440458.077650785 1.3633
1520440458.127551556 1.2298
1520440458.177553415 1.2373
1520440458.227554560 1.3136
1520440458.277556419 1.3865
1520440458.327558517 1.3609
1520440458.377559662 1.2254
1520440458.427561522 1.2610
1520440458.477562666 1.2924
1520440458.527375937 1.3474
1520440458.577377796 1.3284
1520440458.627378941 1.2904
1520440458.677380800 1.2941
1520440458.727381706 1.2138
1520440458.777384043 1.2822
1520440458.827385902 1.2061
1520440458.877387047 1.1974
1520440458.927430153 1.8002
1520440458.977431059 1.4024
1520440459.027433157 1.2618
1520440459.077435255 1.2008
1520440459.127435923 1.2749
1520440459.177437067 1.2028
1520440459.227442265 1.2418
1520440459.277440310 1.2583
1520440459.328135252 1.3833
1520440459.378138304 1.0706
1520440459.428138256 1.1541
1520440459.478140116 1.2288
1520440459.528201103 1.3021
1520440459.578143120 1.2005
1520440459.628144503 1.1482
1520440459.678146362 1.2250
1520440459.727810860 1.1124
1520440459.777812958 1.2081
1520440459.827813864 1.2853
1520440459.877815723 1.3257
1520440459.927818060 1.2440
1520440459.977818966 1.2135
1520440460.027820826 1.2918
1520440460.077821970 1.2816
1520440460.127352476 1.4111
1520440460.177353382 1.4051
1520440460.227355480 1.2017
1520440460.277357578 1.2168
1520440460.327358484 1.2944
1520440460.377360344 1.3545
1520440460.427362442 1.3673
1520440460.477363348 1.3119
1520440460.527364492 1.2608
1520440460.577698469 1.2346
1520440460.627700567 1.2454
1520440460.677701712 1.1794
1520440460.727703571 1.2597
1520440460.777705431 1.3133
1520440460.827706575 1.5805
1520440460.877708435 1.4921
1520440460.927709341 1.3170
1520440460.978045225 1.3119
1520440461.028042078 1.5318
1520440461.078045130 1.3460
1520440461.128045082 1.3088
1520440461.178046942 1.2506
1520440461.228048086 1.1635
1520440461.278053045 1.4097
1520440461.328051090 1.3385
1520440461.377510071 1.4158
1520440461.427464247 1.4678
1520440461.477466106 1.0312
1520440461.527467966 1.0855
1520440461.577469110 1.1710
1520440461.627471209 1.1410
1520440461.677472353 1.2051
1520440461.727474213 1.2688
1520440461.777408600 1.3230
1520440461.827410460 1.2743
1520440461.877412319 1.2176
1520440461.927413464 1.1513
1520440461.977415323 1.1942
1520440462.027416468 1.2304
1520440462.077418566 1.3252
1520440462.127419472 1.3150
1520440462.177879333 1.3632
1520440462.227880239 1.4373
1520440462.277882338 1.2064
1520440462.327884197 1.2729
1520440462.377885103 1.2840
1520440462.427887440 1.3291
1520440462.477889299 1.3797
1520440462.527890205 1.2551
1520440462.577840328 1.3395
1520440462.627842188 1.3614
1520440462.677843571 1.2703
1520440462.727844238 1.2090
1520440462.777847290 1.2895
1520440462.827848434 1.2768
1520440462.877849340 1.4399
1520440462.927851200 1.3444
1520440462.977852345 1.3095
1520440463.027634144 1.3681
1520440463.077636003 1.2871
1520440463.127640009 1.2307
1520440463.177639246 1.2484
1520440463.227680922 1.1744
1520440463.277642250 1.1939
1520440463.327644110 1.2237
1520440463.377645016 1.2260
1520440463.427608490 1.2850
1520440463.477610588 1.2500
1520440463.527611494 1.3335
1520440463.577613592 1.2752
1520440463.627614498 1.3283
1520440463.677616358 1.3496
1520440463.727617502 1.3361
1520440463.777619362 1.4051
1520440463.827856302 1.3085
1520440463.877857447 1.3082
1520440463.927859545 1.2169
1520440463.977860689 1.1802
1520440464.027862549 1.2885
1520440464.077863455 1.2056
1520440464.127865553 1.2566
1520440464.177866459 1.1700
1520440464.228100777 1.1201
1520440464.278102875 1.2184
1520440464.328103781 1.2033
1520440464.378105879 1.2435
1520440464.428107738 1.2870
1520440464.478109598 1.3443
1520440464.528110743 1.3549
1520440464.578111649 1.3230
1520440464.628144503 1.3114
1520440464.678145647 1.3177
1520440464.728147507 1.2620
1520440464.778149366 2.9905
1520440464.828150511 1.4548
1520440464.878152370 1.4492
1520440464.928153515 1.3595
1520440464.978157520 1.3024
1520440465.027884245 1.2366
1520440465.077928305 1.2132
1520440465.127887249 1.2465
1520440465.177889347 1.2973
1520440465.227890253 1.3420
1520440465.277892351 1.2992
1520440465.327893257 1.3523
1520440465.377895117 1.3712
1520440465.427896261 1.3791
1520440465.478389978 1.4484
1520440465.528392076 1.4043
1520440465.578392982 1.1391
1520440465.628395081 1.2517
1520440465.678396225 1.2814
1520440465.728398085 1.2992
1520440465.778398991 1.2982
1520440465.828401089 1.2566
1520440465.878471613 1.2728
1520440465.928472757 1.2629
1520440465.978474855 1.2216
1520440466.028475761 1.2791
1520440466.078477859 1.2670
1520440466.128478765 1.3089
1520440466.178481579 1.2469
1520440466.228482723 1.2178
1520440466.278416872 1.2278
1520440466.328418970 1.2765
1520440466.378419876 1.2854
1520440466.428420782 1.2923
1520440466.478423119 1.3215
1520440466.528424025 1.3206
1520440466.578425169 1.2682
1520440466.628427029 1.2768
1520440466.677715063 1.3408
1520440466.727715731 0.0000
1520440466.777718067 0.0000
1520440466.827719927 0.0000
1520440466.877720833 0.0000
1520440466.927771807 0.0000
1520440466.977723837 0.0000
1520440467.027724981 0.0000
1520440467.077907562 0.0000
1520440467.127909660 19.2765
1520440467.177910566 0.5060
1520440467.227912426 1.0367
1520440467.277913570 1.0640
1520440467.327915430 1.2137
1520440467.377916336 1.3107
1520440467.427918673 1.3010
1520440467.477880001 1.4120
1520440467.527881145 1.4651
1520440467.577883244 1.2655
1520440467.627884388 1.2152
1520440467.677886248 1.2254
1520440467.727888107 1.2525
1520440467.777889252 1.2031
1520440467.827890158 1.1696
1520440467.877892017 1.1198
1520440467.928093910 1.3177
1520440467.978094816 1.3238
1520440468.028096676 1.3214
1520440468.078099012 1.3849
1520440468.128100872 1.3511
1520440468.178101778 1.2331
1520440468.228103876 1.2309
1520440468.278104782 1.2485
1520440468.327771187 1.2878
1520440468.377773285 1.2899
1520440468.427774191 1.0844
1520440468.477778196 1.1446
1520440468.527778387 1.2064
1520440468.577779293 1.2293
1520440468.627781153 1.2694
1520440468.677782297 1.2104
1520440468.728168964 1.3640
1520440468.778236866 1.3086
1520440468.828171730 1.1344
1520440468.878172874 1.1852
1520440468.928174734 1.2374
1520440468.978175640 1.3123
1520440469.028177977 1.2967
1520440469.078179836 1.2639
1520440469.128406048 1.2429
1520440469.178407907 1.0816
1520440469.228409052 1.1850
1520440469.278410912 1.1923
1520440469.328412056 1.1865
1520440469.378414154 1.2482
1520440469.428415060 1.2993
1520440469.478417158 1.3015
1520440469.528206348 1.3694
1520440469.578207493 1.1834
1520440469.628209352 1.1727
1520440469.678210258 1.1810
1520440469.728212595 1.2183
1520440469.778213263 1.1774
1520440469.828215361 1.2138
1520440469.878217459 1.2621
1520440469.928141117 1.3575
1520440469.978142977 1.3976
1520440470.028144121 1.3050
1520440470.078145981 1.2777
1520440470.128148079 1.2199
1520440470.178149939 1.2101
1520440470.228151083 1.3043
1520440470.278155088 1.2520
1520440470.328154087 1.3047
1520440470.378063917 1.3210
1520440470.428066015 1.3833
1520440470.478067875 1.4035
1520440470.528068781 1.2702
1520440470.578069925 1.3329
1520440470.628164768 1.4233
1520440470.678074121 1.3398
1520440470.728075027 1.3486
1520440470.778129816 1.4819
1520440470.828130722 1.4631
1520440470.878133059 1.4798
1520440470.928133965 1.3045
1520440470.978135824 1.4637
1520440471.028136969 1.2595
1520440471.078138828 1.2431
1520440471.128140688 1.3463
1520440471.178532839 1.1319
1520440471.228534698 1.1924
1520440471.278535604 1.2525
1520440471.328537941 1.3237
1520440471.378538847 1.3875
1520440471.428540707 1.3784
1520440471.478542805 1.4666
1520440471.528543711 1.4304
1520440471.578238487 1.5092
1520440471.628239632 1.3186
1520440471.678241491 1.1809
1520440471.728243351 1.2825
1520440471.778245687 1.3262
1520440471.828246593 1.2593
1520440471.878247499 1.1993
1520440471.928249598 1.2599
1520440471.978066444 1.1518
1520440472.028068542 1.2018
1520440472.078069448 1.1370
1520440472.128071308 1.2503
1520440472.178073645 1.2359
1520440472.228074551 1.3618
1520440472.278076649 1.3116
1520440472.328077555 1.2914
1520440472.378320694 1.4290
1520440472.428322792 1.5235
1520440472.478323698 1.3026
1520440472.528324842 1.3010
1520440472.578326702 1.3037
1520440472.628327608 1.3437
1520440472.678329945 1.3686
1520440472.728331804 1.3089
1520440472.778332710 1.3103
1520440472.828459501 1.3789
1520440472.878460407 1.3638
1520440472.928462267 1.2649
1520440472.978463411 1.3013
1520440473.028465509 1.3185
1520440473.078467369 1.4416
1520440473.128468513 1.4457
1520440473.178470373 1.5236
1520440473.228546858 1.5060
1520440473.278548002 1.4430
1520440473.328548908 1.2679
1520440473.378550768 1.3771
1520440473.428551912 1.3494
1520440473.478553772 1.3793
1520440473.528555870 1.4253
1520440473.578557968 1.4541
1520440473.628015280 1.0792
1520440473.678017616 1.1074
1520440473.728018522 1.3492
1520440473.778019667 1.3426
1520440473.828021526 1.2942
1520440473.878023386 1.3766
1520440473.928024530 1.4083
1520440473.978026390 1.4121
1520440474.028238297 1.3917
1520440474.078240156 1.4021
1520440474.128242254 1.3473
1520440474.178243399 1.2605
1520440474.228245258 1.1810
1520440474.278269291 1.3297
1520440474.328248262 1.3306
1520440474.378249168 1.4051
1520440474.428346872 1.3495
1520440474.478347778 1.2601
1520440474.528349876 1.2455
1520440474.578350782 1.1952
1520440474.628352880 1.2779
1520440474.678354979 1.4228
1520440474.728355885 1.3686
1520440474.778357744 1.3537
1520440474.828358889 1.3982
1520440474.878247738 1.3184
1520440474.928248882 1.2541
1520440474.978250742 1.2996
1520440475.028252602 1.1611
1520440475.078253746 1.2449
1520440475.128255844 1.3214
1520440475.178256989 1.3082
1520440475.228258848 1.4044
1520440475.277971506 1.4142
1520440475.327973604 1.3306
1520440475.377975464 1.2071
1520440475.427976370 1.2487
1520440475.477978706 1.2617
1520440475.527980566 1.2878
1520440475.577981472 1.3068
1520440475.627983570 1.2831
1520440475.678171635 1.2996
1520440475.728173494 1.3704
1520440475.778174400 1.2346
1520440475.828177452 1.2797
1520440475.878177643 1.2305
1520440475.928179502 1.3096
1520440475.978180647 1.3742
1520440476.028182507 1.3682
1520440476.078294992 1.3644
1520440476.128367901 1.3963
1520440476.178297758 1.4784
1520440476.228300095 1.3796
1520440476.278301954 1.3970
1520440476.328302860 6.8719
1520440476.378304958 1.7711
1520440476.428305864 1.7635
1520440476.478437424 1.8826
1520440476.528438330 1.2914
1520440476.578440189 5.8005
1520440476.628442287 1.5771
1520440476.678443193 1.5539
1520440476.728445292 1.5211
1520440476.778446436 1.2307
1520440476.828448296 2.0282
1520440476.877988577 1.0017
1520440476.927989483 1.1436
1520440476.977990627 1.1317
1520440477.027992487 1.3244
1520440477.077994585 1.1996
1520440477.127995729 1.2037
1520440477.177997589 1.2248
1520440477.227999449 1.2867
1520440477.278000593 1.3196
1520440477.328161001 1.3855
1520440477.378163099 1.3891
1520440477.428164005 1.2060
1520440477.478166342 1.3449
1520440477.528167248 1.3254
1520440477.578168154 2.6975
1520440477.628170252 1.3705
1520440477.678172112 1.4134
1520440477.727933884 1.3396
1520440477.777934790 1.2235
1520440477.827937126 1.2576
1520440477.877938986 1.2441
1520440477.927939892 1.2673
1520440477.977941990 1.2886
1520440478.027942896 2.8345
1520440478.077944756 1.3566
1520440478.127795458 2.9148
1520440478.177797556 1.4275
1520440478.227799654 1.3000
1520440478.277800560 1.8136
1520440478.327802658 1.6181
1520440478.377803564 3.0225
1520440478.427805424 1.4673
1520440478.477806568 2.3156
1520440478.528063297 1.5700
1520440478.578064442 1.9928
1520440478.628066301 4.1500
1520440478.678068161 1.2714
1520440478.728069305 1.2045
1520440478.778071404 1.1962
1520440478.828072309 1.3020
1520440478.878074408 1.3140
1520440478.928264141 1.3328
1520440478.978266478 1.3235
1520440479.028268337 1.1657
1520440479.078269243 1.1783
1520440479.128271341 1.2297
1520440479.178273201 1.2596
1520440479.228274107 1.3159
1520440479.278275251 1.2438
1520440479.328081608 1.1050
1520440479.378082514 1.1641
1520440479.428084373 1.2024
1520440479.478086710 1.1608
1520440479.528087616 1.2037
1520440479.578089714 1.2330
1520440479.628090620 1.2510
1520440479.678092480 1.2845
1520440479.728094816 1.2697
1520440479.777980328 1.2340
1520440479.827937365 1.2754
1520440479.877939463 1.2289
1520440479.927941322 1.2650
1520440479.977942228 1.2274
1520440480.027944565 1.2759
1520440480.077945232 1.3209
1520440480.127947330 1.8502
1520440480.177873373 1.4441
1520440480.227875233 1.3553
1520440480.277877331 1.2515
1520440480.327878475 1.2048
1520440480.377880335 1.2286
1520440480.427881241 1.3077
1520440480.477883339 1.2956
1520440480.527884245 1.2525
1520440480.577943802 1.3616
1520440480.627945662 1.2990
1520440480.677946806 1.3139
1520440480.727948904 1.2869
1520440480.777950048 1.3114
1520440480.827951908 1.3188
1520440480.877953768 1.3920
1520440480.927954912 1.3621
1520440480.978168249 1.4121
1520440481.028169155 1.3437
1520440481.078171253 1.2953
1520440481.128172398 1.2824
1520440481.178174257 1.2773
1520440481.228175163 1.3068
1520440481.278177261 1.2763
1520440481.328179121 1.3790
1520440481.378155708 1.3862
1520440481.428158045 1.4719
1520440481.478158951 1.3137
1520440481.528160810 1.3263
1520440481.578162909 1.3466
1520440481.628163815 1.2937
1520440481.678164721 1.3048
1520440481.728166819 1.2726
1520440481.778111458 1.2009
1520440481.828112364 1.2336
1520440481.878114462 1.1344
1520440481.928115368 1.2263
1520440481.978117466 1.1927
1520440482.028118610 1.2707
1520440482.078120470 1.2523
1520440482.128121376 1.2656
1520440482.178123474 1.2020
1520440482.228113413 2.2487
1520440482.278114557 1.5271
1520440482.328116417 1.2177
1520440482.378117561 1.1855
1520440482.428119659 1.2598
1520440482.478120565 1.2770
1520440482.528122663 1.3505
1520440482.578123569 1.3521
1520440482.628001451 1.3228
1520440482.678003550 1.2706
1520440482.728005409 1.1271
1520440482.778006554 1.2539
1520440482.828008413 1.2815
1520440482.878009319 1.2845
1520440482.928010464 1.4237
1520440482.978013515 1.4492
1520440483.027989149 1.4839
1520440483.077990055 1.3302
1520440483.127992392 1.2570
1520440483.177994251 1.2042
1520440483.227995157 1.1880
1520440483.277996302 1.1331
1520440483.328002214 1.1697
1520440483.378000021 1.0994
1520440483.428346395 1.1959
1520440483.478302479 1.1605
1520440483.528303385 1.0183
1520440483.578305244 1.2830
1520440483.628306389 1.3372
1520440483.678308249 1.3295
1520440483.728309155 1.3113
1520440483.778311491 3.5711
1520440483.828347683 2.2605
1520440483.878349543 1.4053
1520440483.928351641 1.4469
1520440483.978352547 1.5760
1520440484.028354645 1.6408
1520440484.078355789 1.2351
1520440484.128357649 1.3563
1520440484.178358555 1.3673
1520440484.228292942 1.0136
1520440484.278294802 1.6057
1520440484.328295946 1.2519
1520440484.378297806 1.3267
1520440484.428298712 1.3010
1520440484.478300810 1.1944
1520440484.528302908 1.0018
1520440484.578304768 0.9827
1520440484.628305912 1.0684
1520440484.678832054 0.9933
1520440484.728834391 0.9393
1520440484.778835297 0.7801
1520440484.828837156 2.8371
1520440484.878838301 3.7942
1520440484.928840160 1.5345
1520440484.978841066 1.4776
1520440485.028847218 1.7025
1520440485.078292847 0.0000
1520440485.128288746 0.0000
1520440485.178290606 0.0000
1520440485.228292704 0.0000
1520440485.278293848 3.0925
1520440485.328294754 3.2801
1520440485.378296852 9.8872
1520440485.428297758 0.0000
1520440485.478462219 0.0000
1520440485.528464079 22.6397
1520440485.578465223 0.5617
1520440485.628467083 1.0646
1520440485.678468466 1.0777
1520440485.728470325 1.1930
1520440485.778471231 1.3809
1520440485.828473330 1.3115
1520440485.878281355 1.3030
1520440485.928282738 1.3027
1520440485.978284597 1.1703
1520440486.028285503 1.2702
1520440486.078287601 1.1225
1520440486.128289461 1.1798
1520440486.178290367 1.1788
1520440486.228292704 1.1094
1520440486.278697491 1.1746
1520440486.328700304 1.1346
1520440486.378700256 1.0903
1520440486.428703547 1.0517
1520440486.478704453 1.1996
1520440486.528705597 1.2223
1520440486.578707457 1.2949
1520440486.628709316 1.3228
1520440486.678794384 1.2609
1520440486.728796482 1.2715
1520440486.778797388 1.2748
1520440486.828799486 1.2775
1520440486.878800392 1.2065
1520440486.928805351 1.2350
1520440486.978803396 1.2685
1520440487.028804302 1.2203
1520440487.078880548 1.1680
1520440487.128480673 1.2671
1520440487.178481579 1.2856
1520440487.228483677 1.1985
1520440487.278484821 1.2642
1520440487.328486681 1.3227
1520440487.378487825 1.3610
1520440487.428489685 1.3606
1520440487.478491545 1.3299
1520440487.528507471 1.2996
1520440487.578509569 1.3485
1520440487.628510475 1.2509
1520440487.678512335 1.3231
1520440487.728513479 1.1839
1520440487.778515339 1.1941
1520440487.828516722 1.2427
1520440487.878518581 1.2293
1520440487.928404570 1.4134
1520440487.978405476 1.3703
1520440488.028407574 1.3273
1520440488.078408480 1.3057
1520440488.128410339 1.3568
1520440488.178412437 1.4368
1520440488.228414536 1.3589
1520440488.278415442 1.3685
1520440488.328655720 1.4371
1520440488.378656864 1.3471
1520440488.428658724 1.2435
1520440488.478659630 1.4019
1520440488.528661728 1.3682
1520440488.578662634 1.3518
1520440488.628663540 1.2241
1520440488.678665638 1.2926
1520440488.728448868 1.4823
1520440488.778449774 1.3405
1520440488.828451633 1.1408
1520440488.878482580 1.3028
1520440488.928454638 1.3845
1520440488.978455544 1.3833
1520440489.028457642 1.3919
1520440489.078459740 1.6664
1520440489.128460646 1.4995
1520440489.178612471 2.6784
1520440489.228613377 1.7758
1520440489.278615236 1.5055
1520440489.328616381 1.4001
1520440489.378618479 1.3549
1520440489.428620338 1.4725
1520440489.478621483 6.8208
1520440489.528623343 1.5406
1520440489.578450203 1.2141
1520440489.628452063 1.2387
1520440489.678453207 1.3901
1520440489.728455067 2.2264
1520440489.778455973 1.1248
1520440489.828458309 1.1715
1520440489.878460169 1.1672
1520440489.928461075 1.2441
1520440489.978696108 2.4587
1520440490.028698206 1.9516
1520440490.078699112 1.6539
1520440490.128701210 1.3392
1520440490.178702116 1.3436
1520440490.228703976 1.3063
1520440490.278706074 1.2574
1520440490.328706980 1.2963
1520440490.378323317 0.9700
1520440490.428325176 1.0335
1520440490.478327036 1.0199
1520440490.528328180 1.2860
1520440490.578330040 1.2991
1520440490.628330946 1.4663
1520440490.678333282 1.5167
1520440490.728334188 1.4843
1520440490.778474808 1.4020
1520440490.828475714 2.7144
1520440490.878477573 1.2366
1520440490.928478718 1.2829
1520440490.978480577 1.3718
1520440491.028481722 1.2073
1520440491.078483820 1.1622
1520440491.128485680 1.0466
1520440491.178553820 0.8628
1520440491.228555918 0.9785
1520440491.278556824 1.0611
1520440491.328558922 1.1641
1520440491.378560066 1.2350
1520440491.428561926 3.8009
1520440491.478563786 1.3911
1520440491.528564930 1.8270
1520440491.578567028 1.3199
1520440491.628468275 1.1040
1520440491.678470135 1.0727
1520440491.728471994 1.1964
1520440491.778474331 1.2692
1520440491.828475237 1.2640
1520440491.878476143 1.3265
1520440491.928478241 1.3938
1520440491.978479147 1.3366
1520440492.028407097 1.5641
1520440492.078408957 1.4383
1520440492.128409863 1.0494
1520440492.178411961 1.1682
1520440492.228412867 1.3528
1520440492.278414965 3.9363
1520440492.328416109 1.3264
1520440492.378417969 2.6684
1520440492.428897619 0.9334
1520440492.478899479 0.9196
1520440492.528995514 0.8361
1520440492.578902483 0.8634
1520440492.628903389 1.0148
1520440492.678905487 1.1249
1520440492.728907585 1.0597
1520440492.778908491 1.3149
1520440492.828607321 1.0085
1520440492.878608227 1.1223
1520440492.928610325 1.0634
1520440492.978611231 1.0367
1520440493.028613329 1.0527
1520440493.078615189 1.0663
1520440493.128616095 1.0742
1520440493.178618431 1.0376
1520440493.228388309 0.9495
1520440493.278390169 1.0463
1520440493.328392267 1.1098
1520440493.378393412 1.1355
1520440493.428394318 1.3360
1520440493.478396177 1.3259
1520440493.528398275 1.4482
1520440493.578400373 1.3826
1520440493.628648996 1.1949
1520440493.678650856 1.1978
1520440493.728652000 1.0923
1520440493.778653860 1.1521
1520440493.828654766 1.2374
1520440493.878657103 1.1776
1520440493.928658009 1.2412
1520440493.978659868 1.3879
1520440494.028639793 1.1912
1520440494.078781843 2.2005
1520440494.128783941 1.2426
1520440494.178785086 1.2001
1520440494.228785992 1.2215
1520440494.278788090 1.3270
1520440494.328857183 1.3361
1520440494.378790855 1.3645
1520440494.428793192 1.1268
1520440494.478845119 1.2112
1520440494.528847456 1.1654
1520440494.578848362 1.2641
1520440494.628850222 1.1840
1520440494.678852320 1.0449
1520440494.728853226 1.9529
1520440494.778855085 1.1864
1520440494.828856230 1.2275
1520440494.878907919 1.4324
1520440494.928908825 1.3339
1520440494.978910685 1.2548
1520440495.028911829 1.1468
1520440495.078913689 1.2023
1520440495.128915787 1.2146
1520440495.178916931 1.3462
1520440495.228918791 1.2755
1520440495.279306412 1.1239
1520440495.329308748 1.2006
1520440495.379310608 1.2440
1520440495.429312468 1.1967
1520440495.479313612 1.3517
1520440495.529314518 1.2696
1520440495.579316854 1.3852
1520440495.629318714 1.3757
1520440495.679306984 1.3195
1520440495.729308128 2.0682
1520440495.779309988 1.4620
1520440495.829312086 1.3737
1520440495.879314184 1.3083
1520440495.929315090 1.2796
1520440495.979315996 1.3631
1520440496.029318094 1.1840
1520440496.079486370 1.2181
1520440496.129533768 1.1254
1520440496.179489613 1.1264
1520440496.229491472 1.1513
1520440496.279493570 1.2496
1520440496.329494476 1.1180
1520440496.379496336 1.2500
1520440496.429497719 1.2248
1520440496.479499578 1.2336
1520440496.529316187 1.3740
1520440496.579318047 1.1744
1520440496.629320145 1.3772
1520440496.679321051 1.2509
1520440496.729322910 1.2726
1520440496.779324055 1.3713
1520440496.829326153 1.4196
1520440496.879327059 1.1293
1520440496.929238558 1.1011
1520440496.979239464 1.2342
1520440497.029241323 1.2372
1520440497.079243422 1.1830
1520440497.129244328 1.1596
1520440497.179246426 1.1098
1520440497.229248524 1.1714
1520440497.279249430 1.2122
1520440497.329405069 1.1910
1520440497.379406452 1.2504
1520440497.429408312 1.3390
1520440497.479409218 1.3190
1520440497.529411316 1.4419
1520440497.579412222 4.3170
1520440497.629414082 1.5231
1520440497.679416418 1.3567
1520440497.729273319 1.3591
1520440497.779274225 1.3304
1520440497.829276323 1.1514
1520440497.879278421 1.1450
1520440497.929308414 1.2176
1520440497.979281425 1.1838
1520440498.029282331 1.1864
1520440498.079284191 1.2022
1520440498.129187822 1.2621
1520440498.179189682 1.2963
1520440498.229190588 1.2782
1520440498.279192924 1.2841
1520440498.329194784 1.2236
1520440498.379195690 1.2365
1520440498.429197788 1.1648
1520440498.479198694 1.0554
1520440498.529223919 1.1944
1520440498.579225063 1.0444
1520440498.629226923 1.0495
1520440498.679229259 0.9948
1520440498.729230165 1.0208
1520440498.779232025 1.0879
1520440498.829233170 1.1437
1520440498.879235029 1.2588
1520440498.929235935 1.3448
1520440498.979434252 1.4631
1520440499.029436111 1.4959
1520440499.079437256 1.3269
1520440499.129439116 1.4236
1520440499.179440022 1.3906
1520440499.229442358 1.3437
1520440499.279444218 1.4100
1520440499.329445124 1.2207
1520440499.379146099 1.3036
1520440499.429148912 1.4003
1520440499.479149818 1.1660
1520440499.529150963 1.0541
1520440499.579152822 1.1689
1520440499.629154921 1.1238
1520440499.679156065 1.1073
1520440499.729173899 1.1736
1520440499.778891087 1.3851
1520440499.828892946 1.3003
1520440499.878893852 2.2574
1520440499.928895950 1.3487
1520440499.978896856 1.2536
1520440500.028898716 1.3864
1520440500.078899860 1.3138
1520440500.128901958 1.4176
1520440500.178720236 1.4033
1520440500.228722095 1.2890
1520440500.278724432 1.2559
1520440500.328725338 1.1487
1520440500.378727198 1.1711
1520440500.428729296 1.2192
1520440500.478730202 1.1933
1520440500.528731108 1.2881
1520440500.578815937 1.2754
1520440500.628817081 1.1588
1520440500.678819180 1.2285
1520440500.728821039 1.2758
1520440500.778823137 1.4670
1520440500.828824997 1.3821
1520440500.878824949 1.3068
1520440500.928827047 1.2761
1520440500.978762388 1.2629
1520440501.028764486 1.4415
1520440501.078765392 1.4717
1520440501.128766537 3.6201
1520440501.178768396 2.5408
1520440501.228770256 1.2712
1520440501.278771400 1.3816
1520440501.328773260 1.3094
1520440501.378774166 1.3266
1520440501.428753853 1.3792
1520440501.478756189 1.3765
1520440501.528769016 1.3106
1520440501.578758955 1.4388
1520440501.628761053 1.2515
1520440501.678761959 1.2289
1520440501.728763819 1.1901
1520440501.778764963 1.3276
1520440501.829114914 1.1875
1520440501.879117012 4.9229
1520440501.929117918 1.2620
1520440501.979119778 1.2640
1520440502.029120922 1.2364
1520440502.079123020 1.2764
1520440502.129124165 1.1417
1520440502.179126024 1.1112
1520440502.228909492 1.0302
1520440502.278911591 0.0000
1520440502.328913450 0.0000
1520440502.378914595 0.0000
1520440502.428916454 0.0000
1520440502.478917360 0.0000
1520440502.528919458 0.0000
1520440502.578921556 0.0000
1520440502.629141331 0.0000
1520440502.679143190 0.0000
1520440502.729145288 0.0000
1520440502.779146194 0.0000
1520440502.829148054 0.0000
1520440502.879149199 0.0000
1520440502.929151297 0.0000
1520440502.979152203 0.0000
1520440503.028837204 0.0000
1520440503.078839064 0.0000
1520440503.128840923 0.0000
1520440503.178842068 0.0000
1520440503.228843927 0.0000
1520440503.278844833 0.0000
1520440503.328859091 0.0000
1520440503.378849030 0.0000
1520440503.428849936 0.0000
1520440503.478814363 0.0000
1520440503.528815508 0.0000
1520440503.578817606 19.0290
1520440503.628818750 0.5225
1520440503.678820610 1.1392
1520440503.728821516 1.1954
1520440503.778823614 1.2042
1520440503.828824520 1.2414
1520440503.878899813 1.3691
1520440503.928901672 1.3300
1520440503.978902578 1.2195
1520440504.028904676 1.2544
1520440504.078906536 1.3535
1520440504.128907442 1.4104
1520440504.178908587 1.3656
1520440504.228910685 1.3567
1520440504.279155970 1.3810
1520440504.329157114 1.1970
1520440504.379158974 1.1371
1520440504.429159880 1.2176
1520440504.479163170 1.1831
1520440504.529164076 1.1983
1520440504.579165220 1.2120
1520440504.629167080 1.2300
1520440504.679333448 1.1319
1520440504.729334354 1.1492
1520440504.779335260 1.1878
1520440504.829337358 1.2140
1520440504.879338264 1.3768
1520440504.929340124 1.2948
1520440504.979342222 1.2852
1520440505.029343128 1.2604
1520440505.079535246 1.2501
1520440505.129552364 1.2962
1520440505.179538488 1.2272
1520440505.229539394 1.1999
1520440505.279541254 1.2041
1520440505.329543352 1.2261
1520440505.379544258 1.2313
1520440505.429545403 1.2863
1520440505.479471922 1.2791
1520440505.529474020 1.3748
1520440505.579474926 1.3219
1520440505.629476786 1.2879
1520440505.679477930 1.2824
1520440505.729480028 1.3440
1520440505.779480934 1.3954
1520440505.829483032 1.3958
1520440505.879533529 1.3696
1520440505.929589748 1.2859
1520440505.979591608 1.2009
1520440506.029592752 1.2731
1520440506.079594851 1.2263
1520440506.129596710 1.1969
1520440506.179598808 1.1303
1520440506.229599714 1.1406
1520440506.279600859 1.2929
1520440506.329230785 1.2110
1520440506.379231691 1.2978
1520440506.429234028 1.2739
1520440506.479235888 1.3176
1520440506.529237747 1.2960
1520440506.579240799 1.3936
1520440506.629239798 1.3010
1520440506.679241657 1.3113
1520440506.729501247 1.3385
1520440506.779503345 1.2210
1520440506.829504251 1.0969
1520440506.879506111 1.1344
1520440506.929533243 1.2006
1520440506.979509354 1.2882
1520440507.029510260 1.3347
1520440507.079512358 1.3156
1520440507.129437685 1.3045
1520440507.179438591 1.2957
1520440507.229440689 1.3493
1520440507.279441595 1.3923
1520440507.329443693 1.2679
1520440507.379444838 1.2859
1520440507.429446697 1.3708
1520440507.479448557 1.3408
1520440507.529501200 1.2900
1520440507.579503059 1.2734
1520440507.629504204 1.2156
1520440507.679506063 1.1655
1520440507.729507446 1.2838
1520440507.779509306 1.3204
1520440507.829511166 1.3683
1520440507.879512310 1.4624
1520440507.929683447 1.2449
1520440507.979684591 1.3106
1520440508.029686451 1.2625
1520440508.079688549 1.1918
1520440508.129689693 1.2704
1520440508.179691553 1.3188
1520440508.229693413 1.2927
1520440508.279694557 1.1974
1520440508.329274893 1.2888
1520440508.379276752 1.3312
1520440508.429279089 1.1040
1520440508.479279757 1.1947
1520440508.529281139 1.2986
1520440508.579282999 1.2752
1520440508.629283905 1.2833
1520440508.679286003 1.2828
1520440508.729332924 1.2920
1520440508.779386282 1.3227
1520440508.829388380 1.4066
1520440508.879389524 1.3133
1520440508.929391384 1.3901
1520440508.979393244 1.4136
1520440509.029394388 1.2614
1520440509.079396248 1.3075
1520440509.129397154 1.2046
1520440509.179603815 1.1265
1520440509.229604721 1.1121
1520440509.279606581 1.2796
1520440509.329607725 1.3209
1520440509.379609585 1.2735
1520440509.429610491 1.3223
1520440509.479612589 1.3055
1520440509.529614687 1.2880
1520440509.579443216 1.2784
1520440509.629445076 1.2724
1520440509.679446220 1.2709
1520440509.729448080 1.1372
1520440509.779450178 1.1089
1520440509.829451323 1.2519
1520440509.879453182 1.2684
1520440509.929454327 1.2740
1520440509.979135275 1.4273
1520440510.029136419 1.3804
1520440510.079137325 1.3424
1520440510.129138470 1.5107
1520440510.179140329 1.5318
1520440510.229142189 1.6024
1520440510.279143333 1.5110
1520440510.329145432 1.3489
1520440510.379073143 1.3363
1520440510.429075241 1.3636
1520440510.479077101 1.2972
1520440510.529142380 1.2687
1520440510.579079151 1.3589
1520440510.629081011 1.3498
1520440510.679083347 1.2834
1520440510.729084253 1.3126
1520440510.779086113 1.3545
1520440510.829129457 1.3427
1520440510.879131556 1.2926
1520440510.929132462 1.2820
1520440510.979134560 1.2921
1520440511.029135704 1.2788
1520440511.079137564 1.3149
1520440511.129139423 1.3899
1520440511.179140568 1.3907
1520440511.229074955 1.5304
1520440511.279075861 1.2932
1520440511.329077721 1.1186
1520440511.379078865 1.1464
1520440511.429080725 1.2342
1520440511.479083061 1.3277
1520440511.529083967 1.4042
1520440511.579085827 1.4535
1520440511.629318237 1.4185
1520440511.679320097 1.5102
1520440511.729322195 17.7683
1520440511.779324055 1.8951
1520440511.829324961 1.3680
1520440511.879326105 6.4440
1520440511.929328203 2.9149
1520440511.979329109 1.3896
1520440512.029428959 1.3004
1520440512.079429865 2.7840
1520440512.129431725 6.6514
1520440512.179432869 3.1440
1520440512.229434967 1.3564
1520440512.279436827 2.2953
1520440512.329529762 2.1474
1520440512.379439831 1.4505
1520440512.429205179 1.5410
1520440512.479207277 1.5717
1520440512.529207945 1.5355
1520440512.579210281 1.8359
1520440512.629211187 2.6886
1520440512.679213047 1.3019
1520440512.729215145 1.1568
1520440512.779216051 1.3370
1520440512.829197884 1.2892
1520440512.879198790 1.2762
1520440512.929200649 1.2441
1520440512.979201794 1.4369
1520440513.029203653 1.3783
1520440513.079205513 1.3275
1520440513.129206896 1.3532
1520440513.179208755 1.3437
1520440513.229209661 1.3311
1520440513.279232740 1.2585
1520440513.329233646 1.3422
1520440513.379236698 1.1552
1520440513.429237843 1.1465
1520440513.479239702 1.1276
1520440513.529240847 1.1375
1520440513.579242706 1.0949
1520440513.629243612 1.0726
1520440513.679376841 1.2777
1520440513.729377747 1.3017
1520440513.779381752 1.2213
1520440513.829381943 1.1300
1520440513.879382849 1.3033
1520440513.929383993 1.5794
1520440513.979385853 1.3022
1520440514.029386759 1.0917
1520440514.079242706 1.3024
1520440514.129243851 1.1991
1520440514.179245710 1.2132
1520440514.229247808 1.2342
1520440514.279248953 1.3321
1520440514.329250813 1.3026
1520440514.379251719 1.1473
1520440514.429253817 1.0786
1520440514.479090691 1.1656
1520440514.529092550 1.0676
1520440514.579093695 1.1745
1520440514.629095793 1.3656
1520440514.679097652 1.6501
1520440514.729098797 1.3082
1520440514.779100657 1.3752
1520440514.829101562 1.2489
1520440514.879135132 1.1802
1520440514.929136276 1.2392
1520440514.979138374 1.3137
1520440515.029140234 1.2815
1520440515.079141378 1.0647
1520440515.129143238 1.0781
1520440515.179145098 1.1744
1520440515.229146481 1.1504
1520440515.279368639 1.1807
1520440515.329369783 1.2392
1520440515.379371881 1.2404
1520440515.429373980 1.0083
1520440515.479374886 1.1017
1520440515.529376745 1.0867
1520440515.579377890 1.1127
1520440515.629379749 1.1207
1520440515.679380655 1.1665
1520440515.729485989 1.0657
1520440515.779488325 0.9113
1520440515.829489231 1.0939
1520440515.879512072 1.1202
1520440515.929493189 1.1733
1520440515.979494095 1.3800
1520440516.029495955 1.1952
1520440516.079497099 1.1007
1520440516.129126549 0.7611
1520440516.179127455 0.7620
1520440516.229129791 0.8124
1520440516.279131651 0.9675
1520440516.329132557 0.9922
1520440516.379134655 1.2894
1520440516.429135561 1.1319
1520440516.479137421 1.2211
1520440516.529325247 1.1181
1520440516.579327345 1.1737
1520440516.629328489 1.0494
1520440516.679330349 1.1284
1520440516.729332447 1.1054
1520440516.779333353 1.0725
1520440516.829335213 1.1432
1520440516.879336357 1.1380
1520440516.929226160 0.9103
1520440516.979228258 0.9516
1520440517.029230118 0.9894
1520440517.079231262 1.0151
1520440517.129232168 1.1151
1520440517.179234982 1.2890
1520440517.229236126 1.1076
1520440517.279237032 1.2849
1520440517.329590082 1.1100
1520440517.379592180 1.8612
1520440517.429593086 1.2652
1520440517.479594946 1.3758
1520440517.529597282 1.3524
1520440517.579599142 1.3545
1520440517.629600048 1.1978
1520440517.679664135 1.2743
1520440517.729599953 1.0479
1520440517.779338837 0.9647
1520440517.829340696 0.8944
1520440517.879342794 1.0587
1520440517.929343700 1.2127
1520440517.979345560 1.1520
1520440518.029346704 1.1202
1520440518.079348803 1.1030
1520440518.129349709 1.1976
1520440518.179386377 1.4217
1520440518.229387283 1.4381
1520440518.279389381 1.3715
1520440518.329391241 1.3044
1520440518.379392147 1.1736
1520440518.429394484 1.2509
1520440518.479395390 1.2749
1520440518.529397249 1.1662
1520440518.579459190 1.0978
1520440518.629461050 1.1068
1520440518.679463148 1.0665
1520440518.729465008 1.1442
1520440518.779465914 1.2462
1520440518.829468250 1.2647
1520440518.879469156 1.1833
1520440518.929471016 1.3992
1520440518.979646206 1.9214
1520440519.029647112 1.2437
1520440519.079648018 1.1920
1520440519.129650116 1.2388
1520440519.179651022 1.3892
1520440519.229652882 1.3826
1520440519.279655218 1.4558
1520440519.329656124 1.4483
1520440519.379776478 1.2610
1520440519.429778576 1.2444
1520440519.479780674 1.0952
1520440519.529781580 0.9891
1520440519.579783678 1.2092
1520440519.629784584 1.1846
1520440519.679786444 1.3977
1520440519.729787588 1.2460
1520440519.779672861 1.2608
1520440519.829673767 1.0972
1520440519.879675865 1.0108
1520440519.929677725 1.1532
1520440519.979678631 1.1530
1520440520.029680967 1.2475
1520440520.079681873 1.2074
1520440520.129683733 1.2563
1520440520.179689169 1.3138
1520440520.229690313 1.2941
1520440520.279692173 1.1455
1520440520.329693079 2.2422
1520440520.379695415 1.2673
1520440520.429697275 1.0270
1520440520.479698181 1.0931
1520440520.529700279 1.3227
1520440520.579701185 1.0433
1520440520.629572630 1.1205
1520440520.679573536 1.1962
1520440520.729575396 1.2283
1520440520.779576540 1.1601
1520440520.829578400 1.3298
1520440520.879580498 1.4330
1520440520.929581642 1.2438
1520440520.979582548 1.3221
1520440521.029853582 1.4238
1520440521.079855680 1.4154
1520440521.129856586 1.2679
1520440521.179858685 1.2746
1520440521.229880571 1.3210
1520440521.279861450 1.3284
1520440521.329862595 1.1928
1520440521.379864693 1.2607
1520440521.429711819 1.2191
1520440521.479713678 1.2346
1520440521.529715776 1.3006
1520440521.579716921 1.1997
1520440521.629718781 1.2023
1520440521.679719687 1.0417
1520440521.729721785 1.0338
1520440521.779723883 1.1929
1520440521.829809189 1.1272
1520440521.879811049 1.1581
1520440521.929812193 1.1384
1520440521.979814053 1.2241
1520440522.029815197 1.2473
1520440522.079817295 1.2793
1520440522.129819155 1.1980
1520440522.179820299 1.1727
1520440522.229897738 1.1671
1520440522.279899597 1.1127
1520440522.329902887 1.0497
1520440522.379903793 1.1897
1520440522.429904699 1.2737
1520440522.479905844 1.0995
1520440522.529907703 1.0901
1520440522.579909563 1.1055
1520440522.629852057 1.1518
1520440522.679852962 1.0175
1520440522.729854107 1.0571
1520440522.779856205 1.0303
1520440522.829858065 1.0438
1520440522.879859209 1.0262
1520440522.929860115 0.9930
1520440522.979862213 0.9486
1520440523.029939175 0.9336
1520440523.079908609 0.9466
1520440523.129910469 0.8981
1520440523.179911613 0.8670
1520440523.229913712 0.8359
1520440523.279914379 0.8142
1520440523.329916716 0.8083
1520440523.379917622 0.8274
1520440523.429919481 0.8396
1520440523.479905605 0.8511
1520440523.529906750 0.8452
1520440523.579908609 0.8583
1520440523.629909515 0.7758
1520440523.679911613 0.7857
1520440523.729912519 0.7600
1520440523.779914379 0.7650
1520440523.829916716 0.7433
1520440523.879904270 0.7686
1520440523.929906130 0.7885
1520440523.979907036 0.8017
1520440524.029909134 0.8031
1520440524.079911232 0.8526
1520440524.129912138 0.8430
1520440524.179914236 0.8184
1520440524.229915142 0.8433
1520440524.279891491 0.8813
1520440524.329892635 0.8084
1520440524.379894495 0.8540
1520440524.429895401 0.9587
1520440524.479897499 1.0171
1520440524.529899597 0.9728
1520440524.579900503 1.0784
1520440524.629904747 1.1291
1520440524.679826021 1.1887
1520440524.729827881 1.2047
1520440524.779829741 1.2388
1520440524.829830885 1.1069
1520440524.879831791 1.1341
1520440524.929833651 1.1906
1520440524.979834795 1.1045
1520440525.029836893 1.1160
1520440525.079838753 1.1767
1520440525.129647017 1.2059
1520440525.179649353 1.1221
1520440525.229650259 1.1590
1520440525.279652119 1.2900
1520440525.329653263 1.3591
1520440525.379655123 1.0547
1520440525.429656267 1.1690
1520440525.479658127 1.1194
1520440525.529527664 1.2364
1520440525.579528332 1.0321
1520440525.629530668 1.1729
1520440525.679531574 1.0458
1520440525.729533672 1.0494
1520440525.779535532 0.9091
1520440525.829537630 1.0561
1520440525.879538774 1.0616
1520440525.929465532 1.1125
1520440525.979467630 1.0507
1520440526.029469728 1.1352
1520440526.079470634 1.0874
1520440526.129472494 1.0819
1520440526.179474592 1.1013
1520440526.229475498 1.1169
1520440526.279476404 1.1278
1520440526.329451323 1.1750
1520440526.379452229 0.9845
1520440526.429454088 0.9482
1520440526.479460001 1.0185
1520440526.529457092 1.0517
1520440526.579517126 0.9866
1520440526.629460335 1.0791
1520440526.679462194 1.0116
1520440526.729452133 1.0525
1520440526.779453993 1.1025
1520440526.829454899 1.2203
1520440526.879456997 1.1667
1520440526.929457903 1.1656
1520440526.979459763 1.1481
1520440527.029462099 1.1501
1520440527.079463005 1.1070
1520440527.129475594 1.1462
1520440527.179476500 1.1460
1520440527.229478598 1.2428
1520440527.279479504 1.1048
1520440527.329481363 1.1082
1520440527.379482508 1.0808
1520440527.429484606 1.1168
1520440527.479486465 1.1175
1520440527.529487610 1.0520
1520440527.579489231 1.0941
1520440527.629491091 1.1148
1520440527.679491997 1.1474
1520440527.729494333 1.1274
1520440527.779496193 1.1436
1520440527.829497099 1.2243
1520440527.879498243 1.1940
1520440527.929501295 1.1791
1520440527.979572773 1.1812
1520440528.029574633 1.0936
1520440528.079575777 1.0412
1520440528.129578829 1.0760
1520440528.179578781 1.0842
1520440528.229580879 1.1543
1520440528.279582739 1.0447
1520440528.329583883 1.0603
1520440528.379695177 1.1036
1520440528.429696083 1.0921
1520440528.479697943 1.0513
1520440528.529699087 1.1817
1520440528.579700947 1.0614
1520440528.629702091 1.0804
1520440528.679703951 1.0944
1520440528.729706049 1.0941
1520440528.779859304 1.1970
1520440528.829861164 1.1872
1520440528.879862309 1.0824
1520440528.929864168 0.9457
1520440528.979865074 0.9567
1520440529.029867172 0.9588
1520440529.079869270 0.9104
1520440529.129870176 0.9060
1520440529.179936886 0.8939
1520440529.229938030 0.8350
1520440529.279939890 0.9086
1520440529.329940796 0.8634
1520440529.379942894 0.9251
